run_id,frame_uid,frame_index,mode,active_raw_fragment_shell_count,shell_region_edge_count,q95_region_count_full_fan,negative_optical_time
R01ZF,R01ZF_SARF000000,0,CAUSAL_REPLAY,2,19,46,False
R01ZF,R01ZF_SARF000000,0,FIXED_LAG_100MS,2,22,46,False
R01ZF,R01ZF_SARF000000,0,FULL_CONTEXT_OFFLINE,2,31,46,False
R01ZF,R01ZF_SARF000001,1,CAUSAL_REPLAY,2,21,53,False
R01ZF,R01ZF_SARF000001,1,FIXED_LAG_100MS,2,28,53,False
R01ZF,R01ZF_SARF000001,1,FULL_CONTEXT_OFFLINE,2,38,53,False
R01ZF,R01ZF_SARF000002,2,CAUSAL_REPLAY,2,22,53,False
R01ZF,R01ZF_SARF000002,2,FIXED_LAG_100MS,2,27,53,False
R01ZF,R01ZF_SARF000002,2,FULL_CONTEXT_OFFLINE,2,32,53,False
R01ZF,R01ZF_SARF000003,3,CAUSAL_REPLAY,2,20,49,False
R01ZF,R01ZF_SARF000003,3,FIXED_LAG_100MS,2,26,49,False
R01ZF,R01ZF_SARF000003,3,FULL_CONTEXT_OFFLINE,2,35,49,False
R01ZF,R01ZF_SARF000004,4,CAUSAL_REPLAY,2,20,44,False
R01ZF,R01ZF_SARF000004,4,FIXED_LAG_100MS,2,24,44,False
R01ZF,R01ZF_SARF000004,4,FULL_CONTEXT_OFFLINE,2,28,44,False
R01ZF,R01ZF_SARF000005,5,CAUSAL_REPLAY,2,28,46,False
R01ZF,R01ZF_SARF000005,5,FIXED_LAG_100MS,2,31,46,False
R01ZF,R01ZF_SARF000005,5,FULL_CONTEXT_OFFLINE,2,34,46,False
R01ZF,R01ZF_SARF000006,6,CAUSAL_REPLAY,2,24,48,False
R01ZF,R01ZF_SARF000006,6,FIXED_LAG_100MS,2,28,48,False
R01ZF,R01ZF_SARF000006,6,FULL_CONTEXT_OFFLINE,2,33,48,False
R01ZF,R01ZF_SARF000007,7,CAUSAL_REPLAY,2,26,46,False
R01ZF,R01ZF_SARF000007,7,FIXED_LAG_100MS,2,31,46,False
R01ZF,R01ZF_SARF000007,7,FULL_CONTEXT_OFFLINE,2,34,46,False
R01ZF,R01ZF_SARF000008,8,CAUSAL_REPLAY,2,28,47,False
R01ZF,R01ZF_SARF000008,8,FIXED_LAG_100MS,2,34,47,False
R01ZF,R01ZF_SARF000008,8,FULL_CONTEXT_OFFLINE,2,40,47,False
R01ZF,R01ZF_SARF000009,9,CAUSAL_REPLAY,2,36,61,False
R01ZF,R01ZF_SARF000009,9,FIXED_LAG_100MS,2,43,61,False
R01ZF,R01ZF_SARF000009,9,FULL_CONTEXT_OFFLINE,2,45,61,False
R01ZF,R01ZF_SARF000010,10,CAUSAL_REPLAY,2,33,50,False
R01ZF,R01ZF_SARF000010,10,FIXED_LAG_100MS,2,35,50,False
R01ZF,R01ZF_SARF000010,10,FULL_CONTEXT_OFFLINE,3,46,50,False
R01ZF,R01ZF_SARF000011,11,CAUSAL_REPLAY,2,39,61,False
R01ZF,R01ZF_SARF000011,11,FIXED_LAG_100MS,2,44,61,False
R01ZF,R01ZF_SARF000011,11,FULL_CONTEXT_OFFLINE,3,63,61,False
R01ZF,R01ZF_SARF000012,12,CAUSAL_REPLAY,2,49,64,False
R01ZF,R01ZF_SARF000012,12,FIXED_LAG_100MS,2,54,64,False
R01ZF,R01ZF_SARF000012,12,FULL_CONTEXT_OFFLINE,3,67,64,False
R01ZF,R01ZF_SARF000013,13,CAUSAL_REPLAY,2,39,64,False
R01ZF,R01ZF_SARF000013,13,FIXED_LAG_100MS,2,45,64,False
R01ZF,R01ZF_SARF000013,13,FULL_CONTEXT_OFFLINE,3,64,64,False
R01ZF,R01ZF_SARF000014,14,CAUSAL_REPLAY,2,48,62,False
R01ZF,R01ZF_SARF000014,14,FIXED_LAG_100MS,3,59,62,False
R01ZF,R01ZF_SARF000014,14,FULL_CONTEXT_OFFLINE,3,67,62,False
R01ZF,R01ZF_SARF000015,15,CAUSAL_REPLAY,2,45,61,False
R01ZF,R01ZF_SARF000015,15,FIXED_LAG_100MS,3,53,61,False
R01ZF,R01ZF_SARF000015,15,FULL_CONTEXT_OFFLINE,3,61,61,False
R01ZF,R01ZF_SARF000016,16,CAUSAL_REPLAY,2,38,55,False
R01ZF,R01ZF_SARF000016,16,FIXED_LAG_100MS,3,53,55,False
R01ZF,R01ZF_SARF000016,16,FULL_CONTEXT_OFFLINE,3,60,55,False
R01ZF,R01ZF_SARF000017,17,CAUSAL_REPLAY,3,51,60,False
R01ZF,R01ZF_SARF000017,17,FIXED_LAG_100MS,3,59,60,False
R01ZF,R01ZF_SARF000017,17,FULL_CONTEXT_OFFLINE,3,65,60,False
R01ZF,R01ZF_SARF000018,18,CAUSAL_REPLAY,3,47,51,False
R01ZF,R01ZF_SARF000018,18,FIXED_LAG_100MS,3,51,51,False
R01ZF,R01ZF_SARF000018,18,FULL_CONTEXT_OFFLINE,3,56,51,False
R01ZF,R01ZF_SARF000019,19,CAUSAL_REPLAY,3,52,56,False
R01ZF,R01ZF_SARF000019,19,FIXED_LAG_100MS,3,57,56,False
R01ZF,R01ZF_SARF000019,19,FULL_CONTEXT_OFFLINE,3,61,56,False
R01ZF,R01ZF_SARF000020,20,CAUSAL_REPLAY,3,49,53,False
R01ZF,R01ZF_SARF000020,20,FIXED_LAG_100MS,3,52,53,False
R01ZF,R01ZF_SARF000020,20,FULL_CONTEXT_OFFLINE,3,60,53,False
R01ZF,R01ZF_SARF000021,21,CAUSAL_REPLAY,3,40,50,False
R01ZF,R01ZF_SARF000021,21,FIXED_LAG_100MS,3,44,50,False
R01ZF,R01ZF_SARF000021,21,FULL_CONTEXT_OFFLINE,3,56,50,False
R01ZF,R01ZF_SARF000022,22,CAUSAL_REPLAY,3,48,51,False
R01ZF,R01ZF_SARF000022,22,FIXED_LAG_100MS,3,52,51,False
R01ZF,R01ZF_SARF000022,22,FULL_CONTEXT_OFFLINE,3,58,51,False
R01ZF,R01ZF_SARF000023,23,CAUSAL_REPLAY,3,50,57,False
R01ZF,R01ZF_SARF000023,23,FIXED_LAG_100MS,3,55,57,False
R01ZF,R01ZF_SARF000023,23,FULL_CONTEXT_OFFLINE,3,65,57,False
R01ZF,R01ZF_SARF000024,24,CAUSAL_REPLAY,3,57,57,False
R01ZF,R01ZF_SARF000024,24,FIXED_LAG_100MS,3,61,57,False
R01ZF,R01ZF_SARF000024,24,FULL_CONTEXT_OFFLINE,3,70,57,False
R01ZF,R01ZF_SARF000025,25,CAUSAL_REPLAY,3,56,58,False
R01ZF,R01ZF_SARF000025,25,FIXED_LAG_100MS,3,59,58,False
R01ZF,R01ZF_SARF000025,25,FULL_CONTEXT_OFFLINE,3,69,58,False
R01ZF,R01ZF_SARF000026,26,CAUSAL_REPLAY,3,47,52,False
R01ZF,R01ZF_SARF000026,26,FIXED_LAG_100MS,3,51,52,False
R01ZF,R01ZF_SARF000026,26,FULL_CONTEXT_OFFLINE,3,62,52,False
R01ZF,R01ZF_SARF000027,27,CAUSAL_REPLAY,3,52,49,False
R01ZF,R01ZF_SARF000027,27,FIXED_LAG_100MS,3,57,49,False
R01ZF,R01ZF_SARF000027,27,FULL_CONTEXT_OFFLINE,3,61,49,False
R01ZF,R01ZF_SARF000028,28,CAUSAL_REPLAY,3,50,52,False
R01ZF,R01ZF_SARF000028,28,FIXED_LAG_100MS,3,56,52,False
R01ZF,R01ZF_SARF000028,28,FULL_CONTEXT_OFFLINE,3,64,52,False
R01ZF,R01ZF_SARF000029,29,CAUSAL_REPLAY,3,55,52,False
R01ZF,R01ZF_SARF000029,29,FIXED_LAG_100MS,3,60,52,False
R01ZF,R01ZF_SARF000029,29,FULL_CONTEXT_OFFLINE,3,69,52,False
R01ZF,R01ZF_SARF000030,30,CAUSAL_REPLAY,3,55,58,False
R01ZF,R01ZF_SARF000030,30,FIXED_LAG_100MS,3,58,58,False
R01ZF,R01ZF_SARF000030,30,FULL_CONTEXT_OFFLINE,3,67,58,False
R01ZF,R01ZF_SARF000031,31,CAUSAL_REPLAY,3,56,58,False
R01ZF,R01ZF_SARF000031,31,FIXED_LAG_100MS,3,64,58,False
R01ZF,R01ZF_SARF000031,31,FULL_CONTEXT_OFFLINE,3,73,58,False
R01ZF,R01ZF_SARF000032,32,CAUSAL_REPLAY,3,62,64,False
R01ZF,R01ZF_SARF000032,32,FIXED_LAG_100MS,3,70,64,False
R01ZF,R01ZF_SARF000032,32,FULL_CONTEXT_OFFLINE,3,75,64,False
R01ZF,R01ZF_SARF000033,33,CAUSAL_REPLAY,3,58,60,False
R01ZF,R01ZF_SARF000033,33,FIXED_LAG_100MS,3,64,60,False
R01ZF,R01ZF_SARF000033,33,FULL_CONTEXT_OFFLINE,3,73,60,False
R01ZF,R01ZF_SARF000034,34,CAUSAL_REPLAY,3,56,56,False
R01ZF,R01ZF_SARF000034,34,FIXED_LAG_100MS,3,60,56,False
R01ZF,R01ZF_SARF000034,34,FULL_CONTEXT_OFFLINE,3,67,56,False
R01ZF,R01ZF_SARF000035,35,CAUSAL_REPLAY,3,53,56,False
R01ZF,R01ZF_SARF000035,35,FIXED_LAG_100MS,3,56,56,False
R01ZF,R01ZF_SARF000035,35,FULL_CONTEXT_OFFLINE,3,67,56,False
R01ZF,R01ZF_SARF000036,36,CAUSAL_REPLAY,3,47,51,False
R01ZF,R01ZF_SARF000036,36,FIXED_LAG_100MS,3,54,51,False
R01ZF,R01ZF_SARF000036,36,FULL_CONTEXT_OFFLINE,3,61,51,False
R01ZF,R01ZF_SARF000037,37,CAUSAL_REPLAY,3,51,50,False
R01ZF,R01ZF_SARF000037,37,FIXED_LAG_100MS,3,59,50,False
R01ZF,R01ZF_SARF000037,37,FULL_CONTEXT_OFFLINE,3,62,50,False
R01ZF,R01ZF_SARF000038,38,CAUSAL_REPLAY,3,50,55,False
R01ZF,R01ZF_SARF000038,38,FIXED_LAG_100MS,3,55,55,False
R01ZF,R01ZF_SARF000038,38,FULL_CONTEXT_OFFLINE,3,63,55,False
R01ZF,R01ZF_SARF000039,39,CAUSAL_REPLAY,3,51,55,False
R01ZF,R01ZF_SARF000039,39,FIXED_LAG_100MS,3,58,55,False
R01ZF,R01ZF_SARF000039,39,FULL_CONTEXT_OFFLINE,3,60,55,False
R01ZF,R01ZF_SARF000040,40,CAUSAL_REPLAY,3,32,43,False
R01ZF,R01ZF_SARF000040,40,FIXED_LAG_100MS,3,34,43,False
R01ZF,R01ZF_SARF000040,40,FULL_CONTEXT_OFFLINE,3,39,43,False
R01ZF,R01ZF_SARF000041,41,CAUSAL_REPLAY,3,39,51,False
R01ZF,R01ZF_SARF000041,41,FIXED_LAG_100MS,3,44,51,False
R01ZF,R01ZF_SARF000041,41,FULL_CONTEXT_OFFLINE,3,47,51,False
R01ZF,R01ZF_SARF000042,42,CAUSAL_REPLAY,3,50,55,False
R01ZF,R01ZF_SARF000042,42,FIXED_LAG_100MS,3,55,55,False
R01ZF,R01ZF_SARF000042,42,FULL_CONTEXT_OFFLINE,3,60,55,False
R01ZF,R01ZF_SARF000043,43,CAUSAL_REPLAY,3,50,52,False
R01ZF,R01ZF_SARF000043,43,FIXED_LAG_100MS,3,54,52,False
R01ZF,R01ZF_SARF000043,43,FULL_CONTEXT_OFFLINE,3,61,52,False
R01ZF,R01ZF_SARF000044,44,CAUSAL_REPLAY,3,61,58,False
R01ZF,R01ZF_SARF000044,44,FIXED_LAG_100MS,3,67,58,False
R01ZF,R01ZF_SARF000044,44,FULL_CONTEXT_OFFLINE,3,72,58,False
R01ZF,R01ZF_SARF000045,45,CAUSAL_REPLAY,3,53,55,False
R01ZF,R01ZF_SARF000045,45,FIXED_LAG_100MS,3,54,55,False
R01ZF,R01ZF_SARF000045,45,FULL_CONTEXT_OFFLINE,3,68,55,False
R01ZF,R01ZF_SARF000046,46,CAUSAL_REPLAY,3,50,53,False
R01ZF,R01ZF_SARF000046,46,FIXED_LAG_100MS,3,54,53,False
R01ZF,R01ZF_SARF000046,46,FULL_CONTEXT_OFFLINE,3,63,53,False
R01ZF,R01ZF_SARF000047,47,CAUSAL_REPLAY,3,51,55,False
R01ZF,R01ZF_SARF000047,47,FIXED_LAG_100MS,3,58,55,False
R01ZF,R01ZF_SARF000047,47,FULL_CONTEXT_OFFLINE,3,65,55,False
R01ZF,R01ZF_SARF000048,48,CAUSAL_REPLAY,3,51,59,False
R01ZF,R01ZF_SARF000048,48,FIXED_LAG_100MS,3,58,59,False
R01ZF,R01ZF_SARF000048,48,FULL_CONTEXT_OFFLINE,3,66,59,False
R01ZF,R01ZF_SARF000049,49,CAUSAL_REPLAY,3,49,47,False
R01ZF,R01ZF_SARF000049,49,FIXED_LAG_100MS,3,56,47,False
R01ZF,R01ZF_SARF000049,49,FULL_CONTEXT_OFFLINE,3,59,47,False
R01ZF,R01ZF_SARF000050,50,CAUSAL_REPLAY,3,44,52,False
R01ZF,R01ZF_SARF000050,50,FIXED_LAG_100MS,3,49,52,False
R01ZF,R01ZF_SARF000050,50,FULL_CONTEXT_OFFLINE,3,58,52,False
R01ZF,R01ZF_SARF000051,51,CAUSAL_REPLAY,3,43,50,False
R01ZF,R01ZF_SARF000051,51,FIXED_LAG_100MS,3,50,50,False
R01ZF,R01ZF_SARF000051,51,FULL_CONTEXT_OFFLINE,3,56,50,False
R01ZF,R01ZF_SARF000052,52,CAUSAL_REPLAY,3,48,51,False
R01ZF,R01ZF_SARF000052,52,FIXED_LAG_100MS,3,53,51,False
R01ZF,R01ZF_SARF000052,52,FULL_CONTEXT_OFFLINE,3,57,51,False
R01ZF,R01ZF_SARF000053,53,CAUSAL_REPLAY,3,45,49,False
R01ZF,R01ZF_SARF000053,53,FIXED_LAG_100MS,3,47,49,False
R01ZF,R01ZF_SARF000053,53,FULL_CONTEXT_OFFLINE,3,54,49,False
R01ZF,R01ZF_SARF000054,54,CAUSAL_REPLAY,3,43,49,False
R01ZF,R01ZF_SARF000054,54,FIXED_LAG_100MS,3,47,49,False
R01ZF,R01ZF_SARF000054,54,FULL_CONTEXT_OFFLINE,3,50,49,False
R01ZF,R01ZF_SARF000055,55,CAUSAL_REPLAY,3,43,43,False
R01ZF,R01ZF_SARF000055,55,FIXED_LAG_100MS,3,44,43,False
R01ZF,R01ZF_SARF000055,55,FULL_CONTEXT_OFFLINE,3,50,43,False
R01ZF,R01ZF_SARF000056,56,CAUSAL_REPLAY,3,38,54,False
R01ZF,R01ZF_SARF000056,56,FIXED_LAG_100MS,3,42,54,False
R01ZF,R01ZF_SARF000056,56,FULL_CONTEXT_OFFLINE,3,47,54,False
R01ZF,R01ZF_SARF000057,57,CAUSAL_REPLAY,3,38,44,False
R01ZF,R01ZF_SARF000057,57,FIXED_LAG_100MS,3,42,44,False
R01ZF,R01ZF_SARF000057,57,FULL_CONTEXT_OFFLINE,3,47,44,False
R01ZF,R01ZF_SARF000058,58,CAUSAL_REPLAY,3,40,51,False
R01ZF,R01ZF_SARF000058,58,FIXED_LAG_100MS,3,44,51,False
R01ZF,R01ZF_SARF000058,58,FULL_CONTEXT_OFFLINE,3,49,51,False
R01ZF,R01ZF_SARF000059,59,CAUSAL_REPLAY,3,44,49,False
R01ZF,R01ZF_SARF000059,59,FIXED_LAG_100MS,3,48,49,False
R01ZF,R01ZF_SARF000059,59,FULL_CONTEXT_OFFLINE,3,53,49,False
R01ZF,R01ZF_SARF000060,60,CAUSAL_REPLAY,3,47,52,False
R01ZF,R01ZF_SARF000060,60,FIXED_LAG_100MS,3,49,52,False
R01ZF,R01ZF_SARF000060,60,FULL_CONTEXT_OFFLINE,3,56,52,False
R01ZF,R01ZF_SARF000061,61,CAUSAL_REPLAY,3,58,61,False
R01ZF,R01ZF_SARF000061,61,FIXED_LAG_100MS,3,63,61,False
R01ZF,R01ZF_SARF000061,61,FULL_CONTEXT_OFFLINE,3,71,61,False
R01ZF,R01ZF_SARF000062,62,CAUSAL_REPLAY,3,55,58,False
R01ZF,R01ZF_SARF000062,62,FIXED_LAG_100MS,3,59,58,False
R01ZF,R01ZF_SARF000062,62,FULL_CONTEXT_OFFLINE,3,62,58,False
R01ZF,R01ZF_SARF000063,63,CAUSAL_REPLAY,3,53,56,False
R01ZF,R01ZF_SARF000063,63,FIXED_LAG_100MS,3,54,56,False
R01ZF,R01ZF_SARF000063,63,FULL_CONTEXT_OFFLINE,3,63,56,False
R01ZF,R01ZF_SARF000064,64,CAUSAL_REPLAY,3,52,56,False
R01ZF,R01ZF_SARF000064,64,FIXED_LAG_100MS,3,56,56,False
R01ZF,R01ZF_SARF000064,64,FULL_CONTEXT_OFFLINE,3,61,56,False
R01ZF,R01ZF_SARF000065,65,CAUSAL_REPLAY,3,49,56,False
R01ZF,R01ZF_SARF000065,65,FIXED_LAG_100MS,3,50,56,False
R01ZF,R01ZF_SARF000065,65,FULL_CONTEXT_OFFLINE,3,58,56,False
R01ZF,R01ZF_SARF000066,66,CAUSAL_REPLAY,3,40,49,False
R01ZF,R01ZF_SARF000066,66,FIXED_LAG_100MS,3,43,49,False
R01ZF,R01ZF_SARF000066,66,FULL_CONTEXT_OFFLINE,3,48,49,False
R01ZF,R01ZF_SARF000067,67,CAUSAL_REPLAY,3,58,61,False
R01ZF,R01ZF_SARF000067,67,FIXED_LAG_100MS,3,61,61,False
R01ZF,R01ZF_SARF000067,67,FULL_CONTEXT_OFFLINE,3,66,61,False
R01ZF,R01ZF_SARF000068,68,CAUSAL_REPLAY,3,43,53,False
R01ZF,R01ZF_SARF000068,68,FIXED_LAG_100MS,3,46,53,False
R01ZF,R01ZF_SARF000068,68,FULL_CONTEXT_OFFLINE,3,53,53,False
R01ZF,R01ZF_SARF000069,69,CAUSAL_REPLAY,3,57,61,False
R01ZF,R01ZF_SARF000069,69,FIXED_LAG_100MS,3,63,61,False
R01ZF,R01ZF_SARF000069,69,FULL_CONTEXT_OFFLINE,3,67,61,False
R01ZF,R01ZF_SARF000070,70,CAUSAL_REPLAY,3,46,52,False
R01ZF,R01ZF_SARF000070,70,FIXED_LAG_100MS,3,49,52,False
R01ZF,R01ZF_SARF000070,70,FULL_CONTEXT_OFFLINE,3,55,52,False
R01ZF,R01ZF_SARF000071,71,CAUSAL_REPLAY,3,41,51,False
R01ZF,R01ZF_SARF000071,71,FIXED_LAG_100MS,3,46,51,False
R01ZF,R01ZF_SARF000071,71,FULL_CONTEXT_OFFLINE,3,51,51,False
R01ZF,R01ZF_SARF000072,72,CAUSAL_REPLAY,3,52,55,False
R01ZF,R01ZF_SARF000072,72,FIXED_LAG_100MS,3,56,55,False
R01ZF,R01ZF_SARF000072,72,FULL_CONTEXT_OFFLINE,3,59,55,False
R01ZF,R01ZF_SARF000073,73,CAUSAL_REPLAY,3,48,53,False
R01ZF,R01ZF_SARF000073,73,FIXED_LAG_100MS,3,52,53,False
R01ZF,R01ZF_SARF000073,73,FULL_CONTEXT_OFFLINE,3,56,53,False
R01ZF,R01ZF_SARF000074,74,CAUSAL_REPLAY,3,45,47,False
R01ZF,R01ZF_SARF000074,74,FIXED_LAG_100MS,3,46,47,False
R01ZF,R01ZF_SARF000074,74,FULL_CONTEXT_OFFLINE,3,49,47,False
R01ZF,R01ZF_SARF000075,75,CAUSAL_REPLAY,3,44,47,False
R01ZF,R01ZF_SARF000075,75,FIXED_LAG_100MS,3,45,47,False
R01ZF,R01ZF_SARF000075,75,FULL_CONTEXT_OFFLINE,3,47,47,False
R01ZF,R01ZF_SARF000076,76,CAUSAL_REPLAY,3,51,51,False
R01ZF,R01ZF_SARF000076,76,FIXED_LAG_100MS,3,52,51,False
R01ZF,R01ZF_SARF000076,76,FULL_CONTEXT_OFFLINE,3,55,51,False
R01ZF,R01ZF_SARF000077,77,CAUSAL_REPLAY,3,52,53,False
R01ZF,R01ZF_SARF000077,77,FIXED_LAG_100MS,3,53,53,False
R01ZF,R01ZF_SARF000077,77,FULL_CONTEXT_OFFLINE,3,56,53,False
R01ZF,R01ZF_SARF000078,78,CAUSAL_REPLAY,3,44,53,False
R01ZF,R01ZF_SARF000078,78,FIXED_LAG_100MS,3,45,53,False
R01ZF,R01ZF_SARF000078,78,FULL_CONTEXT_OFFLINE,3,48,53,False
R01ZF,R01ZF_SARF000079,79,CAUSAL_REPLAY,3,50,56,False
R01ZF,R01ZF_SARF000079,79,FIXED_LAG_100MS,3,52,56,False
R01ZF,R01ZF_SARF000079,79,FULL_CONTEXT_OFFLINE,3,54,56,False
R01ZF,R01ZF_SARF000080,80,CAUSAL_REPLAY,3,46,54,False
R01ZF,R01ZF_SARF000080,80,FIXED_LAG_100MS,3,47,54,False
R01ZF,R01ZF_SARF000080,80,FULL_CONTEXT_OFFLINE,3,50,54,False
R01ZF,R01ZF_SARF000081,81,CAUSAL_REPLAY,3,39,52,False
R01ZF,R01ZF_SARF000081,81,FIXED_LAG_100MS,3,42,52,False
R01ZF,R01ZF_SARF000081,81,FULL_CONTEXT_OFFLINE,3,45,52,False
R01ZF,R01ZF_SARF000082,82,CAUSAL_REPLAY,3,43,55,False
R01ZF,R01ZF_SARF000082,82,FIXED_LAG_100MS,3,46,55,False
R01ZF,R01ZF_SARF000082,82,FULL_CONTEXT_OFFLINE,3,50,55,False
R01ZF,R01ZF_SARF000083,83,CAUSAL_REPLAY,3,39,57,False
R01ZF,R01ZF_SARF000083,83,FIXED_LAG_100MS,3,41,57,False
R01ZF,R01ZF_SARF000083,83,FULL_CONTEXT_OFFLINE,3,44,57,False
R01ZF,R01ZF_SARF000084,84,CAUSAL_REPLAY,3,35,48,False
R01ZF,R01ZF_SARF000084,84,FIXED_LAG_100MS,3,38,48,False
R01ZF,R01ZF_SARF000084,84,FULL_CONTEXT_OFFLINE,3,40,48,False
R01ZF,R01ZF_SARF000085,85,CAUSAL_REPLAY,3,32,49,False
R01ZF,R01ZF_SARF000085,85,FIXED_LAG_100MS,3,33,49,False
R01ZF,R01ZF_SARF000085,85,FULL_CONTEXT_OFFLINE,3,36,49,False
R01ZF,R01ZF_SARF000086,86,CAUSAL_REPLAY,3,30,54,False
R01ZF,R01ZF_SARF000086,86,FIXED_LAG_100MS,3,34,54,False
R01ZF,R01ZF_SARF000086,86,FULL_CONTEXT_OFFLINE,3,36,54,False
R01ZF,R01ZF_SARF000087,87,CAUSAL_REPLAY,3,34,50,False
R01ZF,R01ZF_SARF000087,87,FIXED_LAG_100MS,3,35,50,False
R01ZF,R01ZF_SARF000087,87,FULL_CONTEXT_OFFLINE,3,36,50,False
R01ZF,R01ZF_SARF000088,88,CAUSAL_REPLAY,3,31,49,False
R01ZF,R01ZF_SARF000088,88,FIXED_LAG_100MS,3,32,49,False
R01ZF,R01ZF_SARF000088,88,FULL_CONTEXT_OFFLINE,3,34,49,False
R01ZF,R01ZF_SARF000089,89,CAUSAL_REPLAY,3,29,48,False
R01ZF,R01ZF_SARF000089,89,FIXED_LAG_100MS,3,32,48,False
R01ZF,R01ZF_SARF000089,89,FULL_CONTEXT_OFFLINE,3,32,48,False
R01ZF,R01ZF_SARF000090,90,CAUSAL_REPLAY,3,33,49,False
R01ZF,R01ZF_SARF000090,90,FIXED_LAG_100MS,3,35,49,False
R01ZF,R01ZF_SARF000090,90,FULL_CONTEXT_OFFLINE,3,36,49,False
R01ZF,R01ZF_SARF000091,91,CAUSAL_REPLAY,3,31,53,False
R01ZF,R01ZF_SARF000091,91,FIXED_LAG_100MS,3,33,53,False
R01ZF,R01ZF_SARF000091,91,FULL_CONTEXT_OFFLINE,3,35,53,False
R01ZF,R01ZF_SARF000092,92,CAUSAL_REPLAY,3,32,50,False
R01ZF,R01ZF_SARF000092,92,FIXED_LAG_100MS,3,32,50,False
R01ZF,R01ZF_SARF000092,92,FULL_CONTEXT_OFFLINE,3,33,50,False
R01ZF,R01ZF_SARF000093,93,CAUSAL_REPLAY,3,27,53,False
R01ZF,R01ZF_SARF000093,93,FIXED_LAG_100MS,3,30,53,False
R01ZF,R01ZF_SARF000093,93,FULL_CONTEXT_OFFLINE,3,31,53,False
R01ZF,R01ZF_SARF000094,94,CAUSAL_REPLAY,3,27,50,False
R01ZF,R01ZF_SARF000094,94,FIXED_LAG_100MS,3,27,50,False
R01ZF,R01ZF_SARF000094,94,FULL_CONTEXT_OFFLINE,3,28,50,False
R01ZF,R01ZF_SARF000095,95,CAUSAL_REPLAY,3,27,53,False
R01ZF,R01ZF_SARF000095,95,FIXED_LAG_100MS,3,27,53,False
R01ZF,R01ZF_SARF000095,95,FULL_CONTEXT_OFFLINE,3,29,53,False
R01ZF,R01ZF_SARF000096,96,CAUSAL_REPLAY,3,27,52,False
R01ZF,R01ZF_SARF000096,96,FIXED_LAG_100MS,3,28,52,False
R01ZF,R01ZF_SARF000096,96,FULL_CONTEXT_OFFLINE,3,31,52,False
R01ZF,R01ZF_SARF000097,97,CAUSAL_REPLAY,3,25,48,False
R01ZF,R01ZF_SARF000097,97,FIXED_LAG_100MS,3,26,48,False
R01ZF,R01ZF_SARF000097,97,FULL_CONTEXT_OFFLINE,3,27,48,False
R01ZF,R01ZF_SARF000098,98,CAUSAL_REPLAY,2,22,52,False
R01ZF,R01ZF_SARF000098,98,FIXED_LAG_100MS,2,23,52,False
R01ZF,R01ZF_SARF000098,98,FULL_CONTEXT_OFFLINE,2,25,52,False
R01ZF,R01ZF_SARF000099,99,CAUSAL_REPLAY,2,23,59,False
R01ZF,R01ZF_SARF000099,99,FIXED_LAG_100MS,2,24,59,False
R01ZF,R01ZF_SARF000099,99,FULL_CONTEXT_OFFLINE,2,25,59,False
R01ZF,R01ZF_SARF000100,100,CAUSAL_REPLAY,2,25,55,False
R01ZF,R01ZF_SARF000100,100,FIXED_LAG_100MS,2,25,55,False
R01ZF,R01ZF_SARF000100,100,FULL_CONTEXT_OFFLINE,2,28,55,False
R01ZF,R01ZF_SARF000101,101,CAUSAL_REPLAY,1,16,56,False
R01ZF,R01ZF_SARF000101,101,FIXED_LAG_100MS,1,17,56,False
R01ZF,R01ZF_SARF000101,101,FULL_CONTEXT_OFFLINE,1,19,56,False
R01ZF,R01ZF_SARF000102,102,CAUSAL_REPLAY,1,18,54,False
R01ZF,R01ZF_SARF000102,102,FIXED_LAG_100MS,1,19,54,False
R01ZF,R01ZF_SARF000102,102,FULL_CONTEXT_OFFLINE,1,20,54,False
R01ZF,R01ZF_SARF000103,103,CAUSAL_REPLAY,1,14,48,False
R01ZF,R01ZF_SARF000103,103,FIXED_LAG_100MS,1,15,48,False
R01ZF,R01ZF_SARF000103,103,FULL_CONTEXT_OFFLINE,1,17,48,False
R01ZF,R01ZF_SARF000104,104,CAUSAL_REPLAY,1,15,50,False
R01ZF,R01ZF_SARF000104,104,FIXED_LAG_100MS,1,17,50,False
R01ZF,R01ZF_SARF000104,104,FULL_CONTEXT_OFFLINE,1,17,50,False
R01ZF,R01ZF_SARF000105,105,CAUSAL_REPLAY,1,15,49,False
R01ZF,R01ZF_SARF000105,105,FIXED_LAG_100MS,1,15,49,False
R01ZF,R01ZF_SARF000105,105,FULL_CONTEXT_OFFLINE,1,17,49,False
R01ZF,R01ZF_SARF000106,106,CAUSAL_REPLAY,1,14,48,False
R01ZF,R01ZF_SARF000106,106,FIXED_LAG_100MS,1,17,48,False
R01ZF,R01ZF_SARF000106,106,FULL_CONTEXT_OFFLINE,1,17,48,False
R01ZF,R01ZF_SARF000107,107,CAUSAL_REPLAY,1,15,52,False
R01ZF,R01ZF_SARF000107,107,FIXED_LAG_100MS,1,17,52,False
R01ZF,R01ZF_SARF000107,107,FULL_CONTEXT_OFFLINE,1,17,52,False
R01ZF,R01ZF_SARF000108,108,CAUSAL_REPLAY,1,14,52,False
R01ZF,R01ZF_SARF000108,108,FIXED_LAG_100MS,1,16,52,False
R01ZF,R01ZF_SARF000108,108,FULL_CONTEXT_OFFLINE,1,16,52,False
R01ZF,R01ZF_SARF000109,109,CAUSAL_REPLAY,1,15,48,False
R01ZF,R01ZF_SARF000109,109,FIXED_LAG_100MS,1,16,48,False
R01ZF,R01ZF_SARF000109,109,FULL_CONTEXT_OFFLINE,1,16,48,False
R01ZF,R01ZF_SARF000110,110,CAUSAL_REPLAY,1,14,48,False
R01ZF,R01ZF_SARF000110,110,FIXED_LAG_100MS,1,14,48,False
R01ZF,R01ZF_SARF000110,110,FULL_CONTEXT_OFFLINE,1,14,48,False
R01ZF,R01ZF_SARF000111,111,CAUSAL_REPLAY,1,16,49,False
R01ZF,R01ZF_SARF000111,111,FIXED_LAG_100MS,1,16,49,False
R01ZF,R01ZF_SARF000111,111,FULL_CONTEXT_OFFLINE,1,16,49,False
R01ZF,R01ZF_SARF000112,112,CAUSAL_REPLAY,1,14,46,False
R01ZF,R01ZF_SARF000112,112,FIXED_LAG_100MS,1,14,46,False
R01ZF,R01ZF_SARF000112,112,FULL_CONTEXT_OFFLINE,1,14,46,False
R01ZF,R01ZF_SARF000113,113,CAUSAL_REPLAY,1,15,51,False
R01ZF,R01ZF_SARF000113,113,FIXED_LAG_100MS,1,15,51,False
R01ZF,R01ZF_SARF000113,113,FULL_CONTEXT_OFFLINE,1,15,51,False
R01ZF,R01ZF_SARF000114,114,CAUSAL_REPLAY,1,14,51,False
R01ZF,R01ZF_SARF000114,114,FIXED_LAG_100MS,1,14,51,False
R01ZF,R01ZF_SARF000114,114,FULL_CONTEXT_OFFLINE,1,14,51,False
R01ZF,R01ZF_SARF000115,115,CAUSAL_REPLAY,1,14,49,False
R01ZF,R01ZF_SARF000115,115,FIXED_LAG_100MS,1,14,49,False
R01ZF,R01ZF_SARF000115,115,FULL_CONTEXT_OFFLINE,1,14,49,False
R01ZF,R01ZF_SARF000116,116,CAUSAL_REPLAY,1,16,55,False
R01ZF,R01ZF_SARF000116,116,FIXED_LAG_100MS,1,16,55,False
R01ZF,R01ZF_SARF000116,116,FULL_CONTEXT_OFFLINE,3,30,55,False
R01ZF,R01ZF_SARF000117,117,CAUSAL_REPLAY,1,15,55,False
R01ZF,R01ZF_SARF000117,117,FIXED_LAG_100MS,1,15,55,False
R01ZF,R01ZF_SARF000117,117,FULL_CONTEXT_OFFLINE,3,29,55,False
R01ZF,R01ZF_SARF000118,118,CAUSAL_REPLAY,1,13,44,False
R01ZF,R01ZF_SARF000118,118,FIXED_LAG_100MS,1,13,44,False
R01ZF,R01ZF_SARF000118,118,FULL_CONTEXT_OFFLINE,3,27,44,False
R01ZF,R01ZF_SARF000119,119,CAUSAL_REPLAY,1,10,46,False
R01ZF,R01ZF_SARF000119,119,FIXED_LAG_100MS,1,10,46,False
R01ZF,R01ZF_SARF000119,119,FULL_CONTEXT_OFFLINE,3,22,46,False
R01ZF,R01ZF_SARF000120,120,CAUSAL_REPLAY,1,10,48,False
R01ZF,R01ZF_SARF000120,120,FIXED_LAG_100MS,1,10,48,False
R01ZF,R01ZF_SARF000120,120,FULL_CONTEXT_OFFLINE,3,20,48,False
R01ZF,R01ZF_SARF000121,121,CAUSAL_REPLAY,1,7,48,False
R01ZF,R01ZF_SARF000121,121,FIXED_LAG_100MS,3,17,48,False
R01ZF,R01ZF_SARF000121,121,FULL_CONTEXT_OFFLINE,3,17,48,False
R01ZF,R01ZF_SARF000122,122,CAUSAL_REPLAY,1,8,47,False
R01ZF,R01ZF_SARF000122,122,FIXED_LAG_100MS,3,20,47,False
R01ZF,R01ZF_SARF000122,122,FULL_CONTEXT_OFFLINE,3,20,47,False
R01ZF,R01ZF_SARF000123,123,CAUSAL_REPLAY,1,8,50,False
R01ZF,R01ZF_SARF000123,123,FIXED_LAG_100MS,3,20,50,False
R01ZF,R01ZF_SARF000123,123,FULL_CONTEXT_OFFLINE,3,20,50,False
R01ZF,R01ZF_SARF000124,124,CAUSAL_REPLAY,3,15,53,False
R01ZF,R01ZF_SARF000124,124,FIXED_LAG_100MS,3,15,53,False
R01ZF,R01ZF_SARF000124,124,FULL_CONTEXT_OFFLINE,3,15,53,False
R01ZF,R01ZF_SARF000125,125,CAUSAL_REPLAY,3,16,52,False
R01ZF,R01ZF_SARF000125,125,FIXED_LAG_100MS,3,16,52,False
R01ZF,R01ZF_SARF000125,125,FULL_CONTEXT_OFFLINE,3,16,52,False
R01ZF,R01ZF_SARF000126,126,CAUSAL_REPLAY,3,16,52,False
R01ZF,R01ZF_SARF000126,126,FIXED_LAG_100MS,3,16,52,False
R01ZF,R01ZF_SARF000126,126,FULL_CONTEXT_OFFLINE,3,16,52,False
R01ZF,R01ZF_SARF000127,127,CAUSAL_REPLAY,3,16,55,False
R01ZF,R01ZF_SARF000127,127,FIXED_LAG_100MS,3,16,55,False
R01ZF,R01ZF_SARF000127,127,FULL_CONTEXT_OFFLINE,3,16,55,False
R01ZF,R01ZF_SARF000128,128,CAUSAL_REPLAY,3,21,50,False
R01ZF,R01ZF_SARF000128,128,FIXED_LAG_100MS,3,21,50,False
R01ZF,R01ZF_SARF000128,128,FULL_CONTEXT_OFFLINE,3,21,50,False
R01ZF,R01ZF_SARF000129,129,CAUSAL_REPLAY,3,15,45,False
R01ZF,R01ZF_SARF000129,129,FIXED_LAG_100MS,3,15,45,False
R01ZF,R01ZF_SARF000129,129,FULL_CONTEXT_OFFLINE,3,15,45,False
R01ZF,R01ZF_SARF000130,130,CAUSAL_REPLAY,2,10,54,False
R01ZF,R01ZF_SARF000130,130,FIXED_LAG_100MS,2,10,54,False
R01ZF,R01ZF_SARF000130,130,FULL_CONTEXT_OFFLINE,2,10,54,False
R01ZF,R01ZF_SARF000131,131,CAUSAL_REPLAY,0,0,46,True
R01ZF,R01ZF_SARF000131,131,FIXED_LAG_100MS,0,0,46,True
R01ZF,R01ZF_SARF000131,131,FULL_CONTEXT_OFFLINE,0,0,46,True
R01ZF,R01ZF_SARF000132,132,CAUSAL_REPLAY,0,0,52,True
R01ZF,R01ZF_SARF000132,132,FIXED_LAG_100MS,0,0,52,True
R01ZF,R01ZF_SARF000132,132,FULL_CONTEXT_OFFLINE,0,0,52,True
R01ZF,R01ZF_SARF000133,133,CAUSAL_REPLAY,0,0,50,True
R01ZF,R01ZF_SARF000133,133,FIXED_LAG_100MS,0,0,50,True
R01ZF,R01ZF_SARF000133,133,FULL_CONTEXT_OFFLINE,0,0,50,True
R01ZF,R01ZF_SARF000134,134,CAUSAL_REPLAY,0,0,52,True
R01ZF,R01ZF_SARF000134,134,FIXED_LAG_100MS,0,0,52,True
R01ZF,R01ZF_SARF000134,134,FULL_CONTEXT_OFFLINE,0,0,52,True
R01ZF,R01ZF_SARF000135,135,CAUSAL_REPLAY,0,0,63,True
R01ZF,R01ZF_SARF000135,135,FIXED_LAG_100MS,0,0,63,True
R01ZF,R01ZF_SARF000135,135,FULL_CONTEXT_OFFLINE,0,0,63,True
R01ZF,R01ZF_SARF000136,136,CAUSAL_REPLAY,0,0,46,True
R01ZF,R01ZF_SARF000136,136,FIXED_LAG_100MS,0,0,46,True
R01ZF,R01ZF_SARF000136,136,FULL_CONTEXT_OFFLINE,0,0,46,True
R01ZF,R01ZF_SARF000137,137,CAUSAL_REPLAY,0,0,52,True
R01ZF,R01ZF_SARF000137,137,FIXED_LAG_100MS,0,0,52,True
R01ZF,R01ZF_SARF000137,137,FULL_CONTEXT_OFFLINE,0,0,52,True
R01ZF,R01ZF_SARF000138,138,CAUSAL_REPLAY,0,0,46,True
R01ZF,R01ZF_SARF000138,138,FIXED_LAG_100MS,0,0,46,True
R01ZF,R01ZF_SARF000138,138,FULL_CONTEXT_OFFLINE,0,0,46,True
R01ZF,R01ZF_SARF000139,139,CAUSAL_REPLAY,0,0,51,True
R01ZF,R01ZF_SARF000139,139,FIXED_LAG_100MS,0,0,51,True
R01ZF,R01ZF_SARF000139,139,FULL_CONTEXT_OFFLINE,0,0,51,True
R01ZF,R01ZF_SARF000140,140,CAUSAL_REPLAY,0,0,49,True
R01ZF,R01ZF_SARF000140,140,FIXED_LAG_100MS,0,0,49,True
R01ZF,R01ZF_SARF000140,140,FULL_CONTEXT_OFFLINE,0,0,49,True
R01ZF,R01ZF_SARF000141,141,CAUSAL_REPLAY,0,0,47,True
R01ZF,R01ZF_SARF000141,141,FIXED_LAG_100MS,0,0,47,True
R01ZF,R01ZF_SARF000141,141,FULL_CONTEXT_OFFLINE,0,0,47,True
R01ZF,R01ZF_SARF000142,142,CAUSAL_REPLAY,0,0,46,True
R01ZF,R01ZF_SARF000142,142,FIXED_LAG_100MS,0,0,46,True
R01ZF,R01ZF_SARF000142,142,FULL_CONTEXT_OFFLINE,0,0,46,True
R01ZF,R01ZF_SARF000143,143,CAUSAL_REPLAY,0,0,38,True
R01ZF,R01ZF_SARF000143,143,FIXED_LAG_100MS,0,0,38,True
R01ZF,R01ZF_SARF000143,143,FULL_CONTEXT_OFFLINE,0,0,38,True
R01ZF,R01ZF_SARF000144,144,CAUSAL_REPLAY,0,0,42,True
R01ZF,R01ZF_SARF000144,144,FIXED_LAG_100MS,0,0,42,True
R01ZF,R01ZF_SARF000144,144,FULL_CONTEXT_OFFLINE,0,0,42,True
R01ZF,R01ZF_SARF000145,145,CAUSAL_REPLAY,0,0,50,True
R01ZF,R01ZF_SARF000145,145,FIXED_LAG_100MS,0,0,50,True
R01ZF,R01ZF_SARF000145,145,FULL_CONTEXT_OFFLINE,0,0,50,True
R01ZF,R01ZF_SARF000146,146,CAUSAL_REPLAY,0,0,53,True
R01ZF,R01ZF_SARF000146,146,FIXED_LAG_100MS,0,0,53,True
R01ZF,R01ZF_SARF000146,146,FULL_CONTEXT_OFFLINE,0,0,53,True
R01ZF,R01ZF_SARF000147,147,CAUSAL_REPLAY,0,0,44,True
R01ZF,R01ZF_SARF000147,147,FIXED_LAG_100MS,0,0,44,True
R01ZF,R01ZF_SARF000147,147,FULL_CONTEXT_OFFLINE,0,0,44,True
R01ZF,R01ZF_SARF000148,148,CAUSAL_REPLAY,0,0,53,True
R01ZF,R01ZF_SARF000148,148,FIXED_LAG_100MS,0,0,53,True
R01ZF,R01ZF_SARF000148,148,FULL_CONTEXT_OFFLINE,0,0,53,True
R01ZF,R01ZF_SARF000149,149,CAUSAL_REPLAY,0,0,52,True
R01ZF,R01ZF_SARF000149,149,FIXED_LAG_100MS,0,0,52,True
R01ZF,R01ZF_SARF000149,149,FULL_CONTEXT_OFFLINE,0,0,52,True
R01ZF,R01ZF_SARF000150,150,CAUSAL_REPLAY,0,0,48,True
R01ZF,R01ZF_SARF000150,150,FIXED_LAG_100MS,0,0,48,True
R01ZF,R01ZF_SARF000150,150,FULL_CONTEXT_OFFLINE,0,0,48,True
R01ZF,R01ZF_SARF000151,151,CAUSAL_REPLAY,0,0,45,True
R01ZF,R01ZF_SARF000151,151,FIXED_LAG_100MS,0,0,45,True
R01ZF,R01ZF_SARF000151,151,FULL_CONTEXT_OFFLINE,0,0,45,True
R01ZF,R01ZF_SARF000152,152,CAUSAL_REPLAY,0,0,48,True
R01ZF,R01ZF_SARF000152,152,FIXED_LAG_100MS,0,0,48,True
R01ZF,R01ZF_SARF000152,152,FULL_CONTEXT_OFFLINE,0,0,48,True
R01ZF,R01ZF_SARF000153,153,CAUSAL_REPLAY,0,0,56,True
R01ZF,R01ZF_SARF000153,153,FIXED_LAG_100MS,0,0,56,True
R01ZF,R01ZF_SARF000153,153,FULL_CONTEXT_OFFLINE,0,0,56,True
R01ZF,R01ZF_SARF000154,154,CAUSAL_REPLAY,0,0,50,True
R01ZF,R01ZF_SARF000154,154,FIXED_LAG_100MS,0,0,50,True
R01ZF,R01ZF_SARF000154,154,FULL_CONTEXT_OFFLINE,0,0,50,True
R01ZF,R01ZF_SARF000155,155,CAUSAL_REPLAY,0,0,48,True
R01ZF,R01ZF_SARF000155,155,FIXED_LAG_100MS,0,0,48,True
R01ZF,R01ZF_SARF000155,155,FULL_CONTEXT_OFFLINE,0,0,48,True
R01ZF,R01ZF_SARF000156,156,CAUSAL_REPLAY,0,0,44,True
R01ZF,R01ZF_SARF000156,156,FIXED_LAG_100MS,0,0,44,True
R01ZF,R01ZF_SARF000156,156,FULL_CONTEXT_OFFLINE,0,0,44,True
R01ZF,R01ZF_SARF000157,157,CAUSAL_REPLAY,0,0,48,True
R01ZF,R01ZF_SARF000157,157,FIXED_LAG_100MS,0,0,48,True
R01ZF,R01ZF_SARF000157,157,FULL_CONTEXT_OFFLINE,0,0,48,True
R01ZF,R01ZF_SARF000158,158,CAUSAL_REPLAY,0,0,46,True
R01ZF,R01ZF_SARF000158,158,FIXED_LAG_100MS,0,0,46,True
R01ZF,R01ZF_SARF000158,158,FULL_CONTEXT_OFFLINE,0,0,46,True
R01ZF,R01ZF_SARF000159,159,CAUSAL_REPLAY,0,0,44,True
R01ZF,R01ZF_SARF000159,159,FIXED_LAG_100MS,0,0,44,True
R01ZF,R01ZF_SARF000159,159,FULL_CONTEXT_OFFLINE,0,0,44,True
R01ZF,R01ZF_SARF000160,160,CAUSAL_REPLAY,0,0,44,True
R01ZF,R01ZF_SARF000160,160,FIXED_LAG_100MS,0,0,44,True
R01ZF,R01ZF_SARF000160,160,FULL_CONTEXT_OFFLINE,0,0,44,True
R01ZF,R01ZF_SARF000161,161,CAUSAL_REPLAY,0,0,45,True
R01ZF,R01ZF_SARF000161,161,FIXED_LAG_100MS,0,0,45,True
R01ZF,R01ZF_SARF000161,161,FULL_CONTEXT_OFFLINE,0,0,45,True
R01ZF,R01ZF_SARF000162,162,CAUSAL_REPLAY,0,0,44,True
R01ZF,R01ZF_SARF000162,162,FIXED_LAG_100MS,0,0,44,True
R01ZF,R01ZF_SARF000162,162,FULL_CONTEXT_OFFLINE,0,0,44,True
R01ZF,R01ZF_SARF000163,163,CAUSAL_REPLAY,0,0,54,True
R01ZF,R01ZF_SARF000163,163,FIXED_LAG_100MS,0,0,54,True
R01ZF,R01ZF_SARF000163,163,FULL_CONTEXT_OFFLINE,0,0,54,True
R01ZF,R01ZF_SARF000164,164,CAUSAL_REPLAY,0,0,50,True
R01ZF,R01ZF_SARF000164,164,FIXED_LAG_100MS,0,0,50,True
R01ZF,R01ZF_SARF000164,164,FULL_CONTEXT_OFFLINE,0,0,50,True
R01ZF,R01ZF_SARF000165,165,CAUSAL_REPLAY,0,0,48,True
R01ZF,R01ZF_SARF000165,165,FIXED_LAG_100MS,0,0,48,True
R01ZF,R01ZF_SARF000165,165,FULL_CONTEXT_OFFLINE,0,0,48,True
R01ZF,R01ZF_SARF000166,166,CAUSAL_REPLAY,0,0,48,True
R01ZF,R01ZF_SARF000166,166,FIXED_LAG_100MS,0,0,48,True
R01ZF,R01ZF_SARF000166,166,FULL_CONTEXT_OFFLINE,0,0,48,True
R01ZF,R01ZF_SARF000167,167,CAUSAL_REPLAY,0,0,40,True
R01ZF,R01ZF_SARF000167,167,FIXED_LAG_100MS,0,0,40,True
R01ZF,R01ZF_SARF000167,167,FULL_CONTEXT_OFFLINE,0,0,40,True
R01ZF,R01ZF_SARF000168,168,CAUSAL_REPLAY,0,0,50,True
R01ZF,R01ZF_SARF000168,168,FIXED_LAG_100MS,0,0,50,True
R01ZF,R01ZF_SARF000168,168,FULL_CONTEXT_OFFLINE,0,0,50,True
R01ZF,R01ZF_SARF000169,169,CAUSAL_REPLAY,0,0,52,True
R01ZF,R01ZF_SARF000169,169,FIXED_LAG_100MS,0,0,52,True
R01ZF,R01ZF_SARF000169,169,FULL_CONTEXT_OFFLINE,0,0,52,True
R01ZF,R01ZF_SARF000170,170,CAUSAL_REPLAY,0,0,53,True
R01ZF,R01ZF_SARF000170,170,FIXED_LAG_100MS,0,0,53,True
R01ZF,R01ZF_SARF000170,170,FULL_CONTEXT_OFFLINE,0,0,53,True
R01ZF,R01ZF_SARF000171,171,CAUSAL_REPLAY,0,0,40,True
R01ZF,R01ZF_SARF000171,171,FIXED_LAG_100MS,0,0,40,True
R01ZF,R01ZF_SARF000171,171,FULL_CONTEXT_OFFLINE,0,0,40,True
R01ZF,R01ZF_SARF000172,172,CAUSAL_REPLAY,0,0,46,True
R01ZF,R01ZF_SARF000172,172,FIXED_LAG_100MS,0,0,46,True
R01ZF,R01ZF_SARF000172,172,FULL_CONTEXT_OFFLINE,0,0,46,True
R01ZF,R01ZF_SARF000173,173,CAUSAL_REPLAY,0,0,45,True
R01ZF,R01ZF_SARF000173,173,FIXED_LAG_100MS,0,0,45,True
R01ZF,R01ZF_SARF000173,173,FULL_CONTEXT_OFFLINE,0,0,45,True
R01ZF,R01ZF_SARF000174,174,CAUSAL_REPLAY,0,0,50,True
R01ZF,R01ZF_SARF000174,174,FIXED_LAG_100MS,0,0,50,True
R01ZF,R01ZF_SARF000174,174,FULL_CONTEXT_OFFLINE,0,0,50,True
R01ZF,R01ZF_SARF000175,175,CAUSAL_REPLAY,0,0,47,True
R01ZF,R01ZF_SARF000175,175,FIXED_LAG_100MS,0,0,47,True
R01ZF,R01ZF_SARF000175,175,FULL_CONTEXT_OFFLINE,0,0,47,True
R01ZF,R01ZF_SARF000176,176,CAUSAL_REPLAY,0,0,47,True
R01ZF,R01ZF_SARF000176,176,FIXED_LAG_100MS,0,0,47,True
R01ZF,R01ZF_SARF000176,176,FULL_CONTEXT_OFFLINE,0,0,47,True
R01ZF,R01ZF_SARF000177,177,CAUSAL_REPLAY,0,0,53,True
R01ZF,R01ZF_SARF000177,177,FIXED_LAG_100MS,0,0,53,True
R01ZF,R01ZF_SARF000177,177,FULL_CONTEXT_OFFLINE,0,0,53,True
R01ZF,R01ZF_SARF000178,178,CAUSAL_REPLAY,0,0,48,True
R01ZF,R01ZF_SARF000178,178,FIXED_LAG_100MS,0,0,48,True
R01ZF,R01ZF_SARF000178,178,FULL_CONTEXT_OFFLINE,0,0,48,True
R01ZF,R01ZF_SARF000179,179,CAUSAL_REPLAY,0,0,51,True
R01ZF,R01ZF_SARF000179,179,FIXED_LAG_100MS,0,0,51,True
R01ZF,R01ZF_SARF000179,179,FULL_CONTEXT_OFFLINE,0,0,51,True
R01ZF,R01ZF_SARF000180,180,CAUSAL_REPLAY,0,0,50,True
R01ZF,R01ZF_SARF000180,180,FIXED_LAG_100MS,0,0,50,True
R01ZF,R01ZF_SARF000180,180,FULL_CONTEXT_OFFLINE,0,0,50,True
R01ZF,R01ZF_SARF000181,181,CAUSAL_REPLAY,0,0,57,True
R01ZF,R01ZF_SARF000181,181,FIXED_LAG_100MS,0,0,57,True
R01ZF,R01ZF_SARF000181,181,FULL_CONTEXT_OFFLINE,0,0,57,True
R01ZF,R01ZF_SARF000182,182,CAUSAL_REPLAY,0,0,49,True
R01ZF,R01ZF_SARF000182,182,FIXED_LAG_100MS,0,0,49,True
R01ZF,R01ZF_SARF000182,182,FULL_CONTEXT_OFFLINE,0,0,49,True
R01ZF,R01ZF_SARF000183,183,CAUSAL_REPLAY,0,0,48,True
R01ZF,R01ZF_SARF000183,183,FIXED_LAG_100MS,0,0,48,True
R01ZF,R01ZF_SARF000183,183,FULL_CONTEXT_OFFLINE,0,0,48,True
R01ZF,R01ZF_SARF000184,184,CAUSAL_REPLAY,0,0,50,True
R01ZF,R01ZF_SARF000184,184,FIXED_LAG_100MS,0,0,50,True
R01ZF,R01ZF_SARF000184,184,FULL_CONTEXT_OFFLINE,0,0,50,True
R01ZF,R01ZF_SARF000185,185,CAUSAL_REPLAY,0,0,55,True
R01ZF,R01ZF_SARF000185,185,FIXED_LAG_100MS,0,0,55,True
R01ZF,R01ZF_SARF000185,185,FULL_CONTEXT_OFFLINE,0,0,55,True
R01ZF,R01ZF_SARF000186,186,CAUSAL_REPLAY,0,0,51,True
R01ZF,R01ZF_SARF000186,186,FIXED_LAG_100MS,0,0,51,True
R01ZF,R01ZF_SARF000186,186,FULL_CONTEXT_OFFLINE,0,0,51,True
R01ZF,R01ZF_SARF000187,187,CAUSAL_REPLAY,0,0,53,True
R01ZF,R01ZF_SARF000187,187,FIXED_LAG_100MS,0,0,53,True
R01ZF,R01ZF_SARF000187,187,FULL_CONTEXT_OFFLINE,0,0,53,True
R01ZF,R01ZF_SARF000188,188,CAUSAL_REPLAY,0,0,52,True
R01ZF,R01ZF_SARF000188,188,FIXED_LAG_100MS,0,0,52,True
R01ZF,R01ZF_SARF000188,188,FULL_CONTEXT_OFFLINE,0,0,52,True
R01ZF,R01ZF_SARF000189,189,CAUSAL_REPLAY,0,0,53,True
R01ZF,R01ZF_SARF000189,189,FIXED_LAG_100MS,0,0,53,True
R01ZF,R01ZF_SARF000189,189,FULL_CONTEXT_OFFLINE,0,0,53,True
R01ZF,R01ZF_SARF000190,190,CAUSAL_REPLAY,0,0,54,True
R01ZF,R01ZF_SARF000190,190,FIXED_LAG_100MS,0,0,54,True
R01ZF,R01ZF_SARF000190,190,FULL_CONTEXT_OFFLINE,0,0,54,True
R01ZF,R01ZF_SARF000191,191,CAUSAL_REPLAY,0,0,53,True
R01ZF,R01ZF_SARF000191,191,FIXED_LAG_100MS,0,0,53,True
R01ZF,R01ZF_SARF000191,191,FULL_CONTEXT_OFFLINE,0,0,53,True
R01ZF,R01ZF_SARF000192,192,CAUSAL_REPLAY,0,0,52,True
R01ZF,R01ZF_SARF000192,192,FIXED_LAG_100MS,0,0,52,True
R01ZF,R01ZF_SARF000192,192,FULL_CONTEXT_OFFLINE,0,0,52,True
R01ZF,R01ZF_SARF000193,193,CAUSAL_REPLAY,0,0,54,True
R01ZF,R01ZF_SARF000193,193,FIXED_LAG_100MS,0,0,54,True
R01ZF,R01ZF_SARF000193,193,FULL_CONTEXT_OFFLINE,0,0,54,True
R01ZF,R01ZF_SARF000194,194,CAUSAL_REPLAY,0,0,44,True
R01ZF,R01ZF_SARF000194,194,FIXED_LAG_100MS,0,0,44,True
R01ZF,R01ZF_SARF000194,194,FULL_CONTEXT_OFFLINE,0,0,44,True
R01ZF,R01ZF_SARF000195,195,CAUSAL_REPLAY,0,0,44,True
R01ZF,R01ZF_SARF000195,195,FIXED_LAG_100MS,0,0,44,True
R01ZF,R01ZF_SARF000195,195,FULL_CONTEXT_OFFLINE,0,0,44,True
R01ZF,R01ZF_SARF000196,196,CAUSAL_REPLAY,0,0,49,True
R01ZF,R01ZF_SARF000196,196,FIXED_LAG_100MS,0,0,49,True
R01ZF,R01ZF_SARF000196,196,FULL_CONTEXT_OFFLINE,0,0,49,True
R01ZF,R01ZF_SARF000197,197,CAUSAL_REPLAY,0,0,56,True
R01ZF,R01ZF_SARF000197,197,FIXED_LAG_100MS,0,0,56,True
R01ZF,R01ZF_SARF000197,197,FULL_CONTEXT_OFFLINE,0,0,56,True
R01ZF,R01ZF_SARF000198,198,CAUSAL_REPLAY,0,0,46,True
R01ZF,R01ZF_SARF000198,198,FIXED_LAG_100MS,0,0,46,True
R01ZF,R01ZF_SARF000198,198,FULL_CONTEXT_OFFLINE,0,0,46,True
R01ZF,R01ZF_SARF000199,199,CAUSAL_REPLAY,0,0,57,True
R01ZF,R01ZF_SARF000199,199,FIXED_LAG_100MS,0,0,57,True
R01ZF,R01ZF_SARF000199,199,FULL_CONTEXT_OFFLINE,0,0,57,True
R01ZF,R01ZF_SARF000200,200,CAUSAL_REPLAY,0,0,49,True
R01ZF,R01ZF_SARF000200,200,FIXED_LAG_100MS,0,0,49,True
R01ZF,R01ZF_SARF000200,200,FULL_CONTEXT_OFFLINE,0,0,49,True
R01ZF,R01ZF_SARF000201,201,CAUSAL_REPLAY,0,0,51,True
R01ZF,R01ZF_SARF000201,201,FIXED_LAG_100MS,0,0,51,True
R01ZF,R01ZF_SARF000201,201,FULL_CONTEXT_OFFLINE,0,0,51,True
R01ZF,R01ZF_SARF000202,202,CAUSAL_REPLAY,0,0,46,True
R01ZF,R01ZF_SARF000202,202,FIXED_LAG_100MS,0,0,46,True
R01ZF,R01ZF_SARF000202,202,FULL_CONTEXT_OFFLINE,0,0,46,True
R01ZF,R01ZF_SARF000203,203,CAUSAL_REPLAY,0,0,65,True
R01ZF,R01ZF_SARF000203,203,FIXED_LAG_100MS,0,0,65,True
R01ZF,R01ZF_SARF000203,203,FULL_CONTEXT_OFFLINE,0,0,65,True
R01ZF,R01ZF_SARF000204,204,CAUSAL_REPLAY,0,0,50,True
R01ZF,R01ZF_SARF000204,204,FIXED_LAG_100MS,0,0,50,True
R01ZF,R01ZF_SARF000204,204,FULL_CONTEXT_OFFLINE,0,0,50,True
R01ZF,R01ZF_SARF000205,205,CAUSAL_REPLAY,0,0,48,True
R01ZF,R01ZF_SARF000205,205,FIXED_LAG_100MS,0,0,48,True
R01ZF,R01ZF_SARF000205,205,FULL_CONTEXT_OFFLINE,0,0,48,True
R01ZF,R01ZF_SARF000206,206,CAUSAL_REPLAY,0,0,55,True
R01ZF,R01ZF_SARF000206,206,FIXED_LAG_100MS,0,0,55,True
R01ZF,R01ZF_SARF000206,206,FULL_CONTEXT_OFFLINE,0,0,55,True
R01ZF,R01ZF_SARF000207,207,CAUSAL_REPLAY,0,0,53,True
R01ZF,R01ZF_SARF000207,207,FIXED_LAG_100MS,0,0,53,True
R01ZF,R01ZF_SARF000207,207,FULL_CONTEXT_OFFLINE,0,0,53,True
R01ZF,R01ZF_SARF000208,208,CAUSAL_REPLAY,0,0,46,True
R01ZF,R01ZF_SARF000208,208,FIXED_LAG_100MS,0,0,46,True
R01ZF,R01ZF_SARF000208,208,FULL_CONTEXT_OFFLINE,0,0,46,True
R01ZF,R01ZF_SARF000209,209,CAUSAL_REPLAY,0,0,46,True
R01ZF,R01ZF_SARF000209,209,FIXED_LAG_100MS,0,0,46,True
R01ZF,R01ZF_SARF000209,209,FULL_CONTEXT_OFFLINE,0,0,46,True
R01ZF,R01ZF_SARF000210,210,CAUSAL_REPLAY,0,0,49,True
R01ZF,R01ZF_SARF000210,210,FIXED_LAG_100MS,0,0,49,True
R01ZF,R01ZF_SARF000210,210,FULL_CONTEXT_OFFLINE,0,0,49,True
R01ZF,R01ZF_SARF000211,211,CAUSAL_REPLAY,0,0,41,True
R01ZF,R01ZF_SARF000211,211,FIXED_LAG_100MS,0,0,41,True
R01ZF,R01ZF_SARF000211,211,FULL_CONTEXT_OFFLINE,0,0,41,True
R01ZF,R01ZF_SARF000212,212,CAUSAL_REPLAY,0,0,44,True
R01ZF,R01ZF_SARF000212,212,FIXED_LAG_100MS,0,0,44,True
R01ZF,R01ZF_SARF000212,212,FULL_CONTEXT_OFFLINE,0,0,44,True
R01ZF,R01ZF_SARF000213,213,CAUSAL_REPLAY,0,0,51,True
R01ZF,R01ZF_SARF000213,213,FIXED_LAG_100MS,0,0,51,True
R01ZF,R01ZF_SARF000213,213,FULL_CONTEXT_OFFLINE,0,0,51,True
R01ZF,R01ZF_SARF000214,214,CAUSAL_REPLAY,0,0,49,True
R01ZF,R01ZF_SARF000214,214,FIXED_LAG_100MS,0,0,49,True
R01ZF,R01ZF_SARF000214,214,FULL_CONTEXT_OFFLINE,0,0,49,True
R01ZF,R01ZF_SARF000215,215,CAUSAL_REPLAY,0,0,52,True
R01ZF,R01ZF_SARF000215,215,FIXED_LAG_100MS,0,0,52,True
R01ZF,R01ZF_SARF000215,215,FULL_CONTEXT_OFFLINE,0,0,52,True
R01ZF,R01ZF_SARF000216,216,CAUSAL_REPLAY,0,0,39,True
R01ZF,R01ZF_SARF000216,216,FIXED_LAG_100MS,0,0,39,True
R01ZF,R01ZF_SARF000216,216,FULL_CONTEXT_OFFLINE,0,0,39,True
R01ZF,R01ZF_SARF000217,217,CAUSAL_REPLAY,0,0,48,True
R01ZF,R01ZF_SARF000217,217,FIXED_LAG_100MS,0,0,48,True
R01ZF,R01ZF_SARF000217,217,FULL_CONTEXT_OFFLINE,0,0,48,True
R01ZF,R01ZF_SARF000218,218,CAUSAL_REPLAY,0,0,43,True
R01ZF,R01ZF_SARF000218,218,FIXED_LAG_100MS,0,0,43,True
R01ZF,R01ZF_SARF000218,218,FULL_CONTEXT_OFFLINE,0,0,43,True
R01ZF,R01ZF_SARF000219,219,CAUSAL_REPLAY,0,0,44,True
R01ZF,R01ZF_SARF000219,219,FIXED_LAG_100MS,0,0,44,True
R01ZF,R01ZF_SARF000219,219,FULL_CONTEXT_OFFLINE,0,0,44,True
R01ZF,R01ZF_SARF000220,220,CAUSAL_REPLAY,0,0,42,True
R01ZF,R01ZF_SARF000220,220,FIXED_LAG_100MS,0,0,42,True
R01ZF,R01ZF_SARF000220,220,FULL_CONTEXT_OFFLINE,0,0,42,True
R01ZF,R01ZF_SARF000221,221,CAUSAL_REPLAY,0,0,49,True
R01ZF,R01ZF_SARF000221,221,FIXED_LAG_100MS,0,0,49,True
R01ZF,R01ZF_SARF000221,221,FULL_CONTEXT_OFFLINE,0,0,49,True
R01ZF,R01ZF_SARF000222,222,CAUSAL_REPLAY,0,0,42,True
R01ZF,R01ZF_SARF000222,222,FIXED_LAG_100MS,0,0,42,True
R01ZF,R01ZF_SARF000222,222,FULL_CONTEXT_OFFLINE,0,0,42,True
R01ZF,R01ZF_SARF000223,223,CAUSAL_REPLAY,0,0,42,True
R01ZF,R01ZF_SARF000223,223,FIXED_LAG_100MS,0,0,42,True
R01ZF,R01ZF_SARF000223,223,FULL_CONTEXT_OFFLINE,0,0,42,True
R01ZF,R01ZF_SARF000224,224,CAUSAL_REPLAY,0,0,46,True
R01ZF,R01ZF_SARF000224,224,FIXED_LAG_100MS,0,0,46,True
R01ZF,R01ZF_SARF000224,224,FULL_CONTEXT_OFFLINE,0,0,46,True
R01ZF,R01ZF_SARF000225,225,CAUSAL_REPLAY,0,0,42,True
R01ZF,R01ZF_SARF000225,225,FIXED_LAG_100MS,0,0,42,True
R01ZF,R01ZF_SARF000225,225,FULL_CONTEXT_OFFLINE,0,0,42,True
R01ZF,R01ZF_SARF000226,226,CAUSAL_REPLAY,0,0,46,True
R01ZF,R01ZF_SARF000226,226,FIXED_LAG_100MS,0,0,46,True
R01ZF,R01ZF_SARF000226,226,FULL_CONTEXT_OFFLINE,0,0,46,True
R01ZF,R01ZF_SARF000227,227,CAUSAL_REPLAY,0,0,45,True
R01ZF,R01ZF_SARF000227,227,FIXED_LAG_100MS,0,0,45,True
R01ZF,R01ZF_SARF000227,227,FULL_CONTEXT_OFFLINE,0,0,45,True
R01ZF,R01ZF_SARF000228,228,CAUSAL_REPLAY,0,0,41,True
R01ZF,R01ZF_SARF000228,228,FIXED_LAG_100MS,0,0,41,True
R01ZF,R01ZF_SARF000228,228,FULL_CONTEXT_OFFLINE,0,0,41,True
R01ZF,R01ZF_SARF000229,229,CAUSAL_REPLAY,0,0,42,True
R01ZF,R01ZF_SARF000229,229,FIXED_LAG_100MS,0,0,42,True
R01ZF,R01ZF_SARF000229,229,FULL_CONTEXT_OFFLINE,0,0,42,True
R01ZF,R01ZF_SARF000230,230,CAUSAL_REPLAY,0,0,47,True
R01ZF,R01ZF_SARF000230,230,FIXED_LAG_100MS,0,0,47,True
R01ZF,R01ZF_SARF000230,230,FULL_CONTEXT_OFFLINE,0,0,47,True
R01ZF,R01ZF_SARF000231,231,CAUSAL_REPLAY,0,0,51,True
R01ZF,R01ZF_SARF000231,231,FIXED_LAG_100MS,0,0,51,True
R01ZF,R01ZF_SARF000231,231,FULL_CONTEXT_OFFLINE,0,0,51,True
R01ZF,R01ZF_SARF000232,232,CAUSAL_REPLAY,0,0,51,True
R01ZF,R01ZF_SARF000232,232,FIXED_LAG_100MS,0,0,51,True
R01ZF,R01ZF_SARF000232,232,FULL_CONTEXT_OFFLINE,0,0,51,True
R01ZF,R01ZF_SARF000233,233,CAUSAL_REPLAY,0,0,44,True
R01ZF,R01ZF_SARF000233,233,FIXED_LAG_100MS,0,0,44,True
R01ZF,R01ZF_SARF000233,233,FULL_CONTEXT_OFFLINE,0,0,44,True
R01ZF,R01ZF_SARF000234,234,CAUSAL_REPLAY,0,0,50,True
R01ZF,R01ZF_SARF000234,234,FIXED_LAG_100MS,0,0,50,True
R01ZF,R01ZF_SARF000234,234,FULL_CONTEXT_OFFLINE,0,0,50,True
R01ZF,R01ZF_SARF000235,235,CAUSAL_REPLAY,0,0,44,True
R01ZF,R01ZF_SARF000235,235,FIXED_LAG_100MS,0,0,44,True
R01ZF,R01ZF_SARF000235,235,FULL_CONTEXT_OFFLINE,0,0,44,True
R01ZF,R01ZF_SARF000236,236,CAUSAL_REPLAY,0,0,47,True
R01ZF,R01ZF_SARF000236,236,FIXED_LAG_100MS,0,0,47,True
R01ZF,R01ZF_SARF000236,236,FULL_CONTEXT_OFFLINE,0,0,47,True
R01ZF,R01ZF_SARF000237,237,CAUSAL_REPLAY,0,0,54,True
R01ZF,R01ZF_SARF000237,237,FIXED_LAG_100MS,0,0,54,True
R01ZF,R01ZF_SARF000237,237,FULL_CONTEXT_OFFLINE,0,0,54,True
R01ZF,R01ZF_SARF000238,238,CAUSAL_REPLAY,0,0,52,True
R01ZF,R01ZF_SARF000238,238,FIXED_LAG_100MS,0,0,52,True
R01ZF,R01ZF_SARF000238,238,FULL_CONTEXT_OFFLINE,0,0,52,True
R01ZF,R01ZF_SARF000239,239,CAUSAL_REPLAY,0,0,48,True
R01ZF,R01ZF_SARF000239,239,FIXED_LAG_100MS,0,0,48,True
R01ZF,R01ZF_SARF000239,239,FULL_CONTEXT_OFFLINE,0,0,48,True
R01ZF,R01ZF_SARF000240,240,CAUSAL_REPLAY,0,0,54,True
R01ZF,R01ZF_SARF000240,240,FIXED_LAG_100MS,0,0,54,True
R01ZF,R01ZF_SARF000240,240,FULL_CONTEXT_OFFLINE,0,0,54,True
R01ZF,R01ZF_SARF000241,241,CAUSAL_REPLAY,0,0,47,True
R01ZF,R01ZF_SARF000241,241,FIXED_LAG_100MS,0,0,47,True
R01ZF,R01ZF_SARF000241,241,FULL_CONTEXT_OFFLINE,0,0,47,True
R01ZF,R01ZF_SARF000242,242,CAUSAL_REPLAY,0,0,50,True
R01ZF,R01ZF_SARF000242,242,FIXED_LAG_100MS,0,0,50,True
R01ZF,R01ZF_SARF000242,242,FULL_CONTEXT_OFFLINE,0,0,50,True
R01ZF,R01ZF_SARF000243,243,CAUSAL_REPLAY,0,0,47,True
R01ZF,R01ZF_SARF000243,243,FIXED_LAG_100MS,0,0,47,True
R01ZF,R01ZF_SARF000243,243,FULL_CONTEXT_OFFLINE,0,0,47,True
R01ZF,R01ZF_SARF000244,244,CAUSAL_REPLAY,0,0,45,True
R01ZF,R01ZF_SARF000244,244,FIXED_LAG_100MS,0,0,45,True
R01ZF,R01ZF_SARF000244,244,FULL_CONTEXT_OFFLINE,0,0,45,True
R01ZF,R01ZF_SARF000245,245,CAUSAL_REPLAY,0,0,44,True
R01ZF,R01ZF_SARF000245,245,FIXED_LAG_100MS,0,0,44,True
R01ZF,R01ZF_SARF000245,245,FULL_CONTEXT_OFFLINE,0,0,44,True
R01ZF,R01ZF_SARF000246,246,CAUSAL_REPLAY,0,0,52,True
R01ZF,R01ZF_SARF000246,246,FIXED_LAG_100MS,0,0,52,True
R01ZF,R01ZF_SARF000246,246,FULL_CONTEXT_OFFLINE,0,0,52,True
R01ZF,R01ZF_SARF000247,247,CAUSAL_REPLAY,0,0,52,True
R01ZF,R01ZF_SARF000247,247,FIXED_LAG_100MS,0,0,52,True
R01ZF,R01ZF_SARF000247,247,FULL_CONTEXT_OFFLINE,0,0,52,True
R01ZF,R01ZF_SARF000248,248,CAUSAL_REPLAY,0,0,46,True
R01ZF,R01ZF_SARF000248,248,FIXED_LAG_100MS,0,0,46,True
R01ZF,R01ZF_SARF000248,248,FULL_CONTEXT_OFFLINE,0,0,46,True
R01ZF,R01ZF_SARF000249,249,CAUSAL_REPLAY,0,0,48,True
R01ZF,R01ZF_SARF000249,249,FIXED_LAG_100MS,0,0,48,True
R01ZF,R01ZF_SARF000249,249,FULL_CONTEXT_OFFLINE,0,0,48,True
R01ZF,R01ZF_SARF000250,250,CAUSAL_REPLAY,0,0,49,True
R01ZF,R01ZF_SARF000250,250,FIXED_LAG_100MS,0,0,49,True
R01ZF,R01ZF_SARF000250,250,FULL_CONTEXT_OFFLINE,0,0,49,True
R01ZF,R01ZF_SARF000251,251,CAUSAL_REPLAY,0,0,50,True
R01ZF,R01ZF_SARF000251,251,FIXED_LAG_100MS,0,0,50,True
R01ZF,R01ZF_SARF000251,251,FULL_CONTEXT_OFFLINE,2,33,50,False
R01ZF,R01ZF_SARF000252,252,CAUSAL_REPLAY,0,0,48,True
R01ZF,R01ZF_SARF000252,252,FIXED_LAG_100MS,0,0,48,True
R01ZF,R01ZF_SARF000252,252,FULL_CONTEXT_OFFLINE,2,27,48,False
R01ZF,R01ZF_SARF000253,253,CAUSAL_REPLAY,0,0,58,True
R01ZF,R01ZF_SARF000253,253,FIXED_LAG_100MS,0,0,58,True
R01ZF,R01ZF_SARF000253,253,FULL_CONTEXT_OFFLINE,3,38,58,False
R01ZF,R01ZF_SARF000254,254,CAUSAL_REPLAY,0,0,53,True
R01ZF,R01ZF_SARF000254,254,FIXED_LAG_100MS,0,0,53,True
R01ZF,R01ZF_SARF000254,254,FULL_CONTEXT_OFFLINE,3,32,53,False
R01ZF,R01ZF_SARF000255,255,CAUSAL_REPLAY,0,0,45,True
R01ZF,R01ZF_SARF000255,255,FIXED_LAG_100MS,0,0,45,True
R01ZF,R01ZF_SARF000255,255,FULL_CONTEXT_OFFLINE,3,29,45,False
R01ZF,R01ZF_SARF000256,256,CAUSAL_REPLAY,0,0,55,True
R01ZF,R01ZF_SARF000256,256,FIXED_LAG_100MS,2,26,55,False
R01ZF,R01ZF_SARF000256,256,FULL_CONTEXT_OFFLINE,3,40,55,False
R01ZF,R01ZF_SARF000257,257,CAUSAL_REPLAY,0,0,43,True
R01ZF,R01ZF_SARF000257,257,FIXED_LAG_100MS,3,44,43,False
R01ZF,R01ZF_SARF000257,257,FULL_CONTEXT_OFFLINE,3,44,43,False
R01ZF,R01ZF_SARF000258,258,CAUSAL_REPLAY,0,0,52,True
R01ZF,R01ZF_SARF000258,258,FIXED_LAG_100MS,3,51,52,False
R01ZF,R01ZF_SARF000258,258,FULL_CONTEXT_OFFLINE,3,51,52,False
R01ZF,R01ZF_SARF000259,259,CAUSAL_REPLAY,2,40,55,False
R01ZF,R01ZF_SARF000259,259,FIXED_LAG_100MS,3,61,55,False
R01ZF,R01ZF_SARF000259,259,FULL_CONTEXT_OFFLINE,3,61,55,False
R01ZF,R01ZF_SARF000260,260,CAUSAL_REPLAY,3,43,52,False
R01ZF,R01ZF_SARF000260,260,FIXED_LAG_100MS,3,43,52,False
R01ZF,R01ZF_SARF000260,260,FULL_CONTEXT_OFFLINE,3,43,52,False
R01ZF,R01ZF_SARF000261,261,CAUSAL_REPLAY,3,40,51,False
R01ZF,R01ZF_SARF000261,261,FIXED_LAG_100MS,3,40,51,False
R01ZF,R01ZF_SARF000261,261,FULL_CONTEXT_OFFLINE,3,40,51,False
R01ZF,R01ZF_SARF000262,262,CAUSAL_REPLAY,3,43,55,False
R01ZF,R01ZF_SARF000262,262,FIXED_LAG_100MS,3,43,55,False
R01ZF,R01ZF_SARF000262,262,FULL_CONTEXT_OFFLINE,3,43,55,False
R01ZF,R01ZF_SARF000263,263,CAUSAL_REPLAY,3,55,55,False
R01ZF,R01ZF_SARF000263,263,FIXED_LAG_100MS,3,55,55,False
R01ZF,R01ZF_SARF000263,263,FULL_CONTEXT_OFFLINE,3,55,55,False
R01ZF,R01ZF_SARF000264,264,CAUSAL_REPLAY,3,36,48,False
R01ZF,R01ZF_SARF000264,264,FIXED_LAG_100MS,3,36,48,False
R01ZF,R01ZF_SARF000264,264,FULL_CONTEXT_OFFLINE,3,36,48,False
R01ZF,R01ZF_SARF000265,265,CAUSAL_REPLAY,3,45,52,False
R01ZF,R01ZF_SARF000265,265,FIXED_LAG_100MS,3,45,52,False
R01ZF,R01ZF_SARF000265,265,FULL_CONTEXT_OFFLINE,3,45,52,False
R01ZF,R01ZF_SARF000266,266,CAUSAL_REPLAY,1,17,53,False
R01ZF,R01ZF_SARF000266,266,FIXED_LAG_100MS,1,17,53,False
R01ZF,R01ZF_SARF000266,266,FULL_CONTEXT_OFFLINE,1,17,53,False
R01ZF,R01ZF_SARF000267,267,CAUSAL_REPLAY,1,15,49,False
R01ZF,R01ZF_SARF000267,267,FIXED_LAG_100MS,1,15,49,False
R01ZF,R01ZF_SARF000267,267,FULL_CONTEXT_OFFLINE,1,15,49,False
R01ZF,R01ZF_SARF000268,268,CAUSAL_REPLAY,0,0,50,True
R01ZF,R01ZF_SARF000268,268,FIXED_LAG_100MS,0,0,50,True
R01ZF,R01ZF_SARF000268,268,FULL_CONTEXT_OFFLINE,0,0,50,True
R01ZF,R01ZF_SARF000269,269,CAUSAL_REPLAY,0,0,43,True
R01ZF,R01ZF_SARF000269,269,FIXED_LAG_100MS,0,0,43,True
R01ZF,R01ZF_SARF000269,269,FULL_CONTEXT_OFFLINE,0,0,43,True
R01ZF,R01ZF_SARF000270,270,CAUSAL_REPLAY,0,0,48,True
R01ZF,R01ZF_SARF000270,270,FIXED_LAG_100MS,0,0,48,True
R01ZF,R01ZF_SARF000270,270,FULL_CONTEXT_OFFLINE,0,0,48,True
R01ZF,R01ZF_SARF000271,271,CAUSAL_REPLAY,0,0,45,True
R01ZF,R01ZF_SARF000271,271,FIXED_LAG_100MS,0,0,45,True
R01ZF,R01ZF_SARF000271,271,FULL_CONTEXT_OFFLINE,0,0,45,True
R01ZF,R01ZF_SARF000272,272,CAUSAL_REPLAY,0,0,47,True
R01ZF,R01ZF_SARF000272,272,FIXED_LAG_100MS,0,0,47,True
R01ZF,R01ZF_SARF000272,272,FULL_CONTEXT_OFFLINE,0,0,47,True
R01ZF,R01ZF_SARF000273,273,CAUSAL_REPLAY,0,0,50,True
R01ZF,R01ZF_SARF000273,273,FIXED_LAG_100MS,0,0,50,True
R01ZF,R01ZF_SARF000273,273,FULL_CONTEXT_OFFLINE,0,0,50,True
R01ZF,R01ZF_SARF000274,274,CAUSAL_REPLAY,0,0,47,True
R01ZF,R01ZF_SARF000274,274,FIXED_LAG_100MS,0,0,47,True
R01ZF,R01ZF_SARF000274,274,FULL_CONTEXT_OFFLINE,0,0,47,True
R01ZF,R01ZF_SARF000275,275,CAUSAL_REPLAY,0,0,53,True
R01ZF,R01ZF_SARF000275,275,FIXED_LAG_100MS,0,0,53,True
R01ZF,R01ZF_SARF000275,275,FULL_CONTEXT_OFFLINE,0,0,53,True
R01ZF,R01ZF_SARF000276,276,CAUSAL_REPLAY,0,0,54,True
R01ZF,R01ZF_SARF000276,276,FIXED_LAG_100MS,0,0,54,True
R01ZF,R01ZF_SARF000276,276,FULL_CONTEXT_OFFLINE,0,0,54,True
R01ZF,R01ZF_SARF000277,277,CAUSAL_REPLAY,0,0,48,True
R01ZF,R01ZF_SARF000277,277,FIXED_LAG_100MS,0,0,48,True
R01ZF,R01ZF_SARF000277,277,FULL_CONTEXT_OFFLINE,0,0,48,True
R01ZF,R01ZF_SARF000278,278,CAUSAL_REPLAY,0,0,49,True
R01ZF,R01ZF_SARF000278,278,FIXED_LAG_100MS,0,0,49,True
R01ZF,R01ZF_SARF000278,278,FULL_CONTEXT_OFFLINE,0,0,49,True
R01ZF,R01ZF_SARF000279,279,CAUSAL_REPLAY,0,0,53,True
R01ZF,R01ZF_SARF000279,279,FIXED_LAG_100MS,0,0,53,True
R01ZF,R01ZF_SARF000279,279,FULL_CONTEXT_OFFLINE,0,0,53,True
R01ZF,R01ZF_SARF000280,280,CAUSAL_REPLAY,0,0,45,True
R01ZF,R01ZF_SARF000280,280,FIXED_LAG_100MS,0,0,45,True
R01ZF,R01ZF_SARF000280,280,FULL_CONTEXT_OFFLINE,0,0,45,True
R01ZF,R01ZF_SARF000281,281,CAUSAL_REPLAY,0,0,53,True
R01ZF,R01ZF_SARF000281,281,FIXED_LAG_100MS,0,0,53,True
R01ZF,R01ZF_SARF000281,281,FULL_CONTEXT_OFFLINE,0,0,53,True
R01ZF,R01ZF_SARF000282,282,CAUSAL_REPLAY,0,0,48,True
R01ZF,R01ZF_SARF000282,282,FIXED_LAG_100MS,0,0,48,True
R01ZF,R01ZF_SARF000282,282,FULL_CONTEXT_OFFLINE,0,0,48,True
R01ZF,R01ZF_SARF000283,283,CAUSAL_REPLAY,0,0,49,True
R01ZF,R01ZF_SARF000283,283,FIXED_LAG_100MS,0,0,49,True
R01ZF,R01ZF_SARF000283,283,FULL_CONTEXT_OFFLINE,0,0,49,True
R01ZF,R01ZF_SARF000284,284,CAUSAL_REPLAY,0,0,47,True
R01ZF,R01ZF_SARF000284,284,FIXED_LAG_100MS,0,0,47,True
R01ZF,R01ZF_SARF000284,284,FULL_CONTEXT_OFFLINE,0,0,47,True
R01ZF,R01ZF_SARF000285,285,CAUSAL_REPLAY,0,0,47,True
R01ZF,R01ZF_SARF000285,285,FIXED_LAG_100MS,0,0,47,True
R01ZF,R01ZF_SARF000285,285,FULL_CONTEXT_OFFLINE,0,0,47,True
R01ZF,R01ZF_SARF000286,286,CAUSAL_REPLAY,0,0,47,True
R01ZF,R01ZF_SARF000286,286,FIXED_LAG_100MS,0,0,47,True
R01ZF,R01ZF_SARF000286,286,FULL_CONTEXT_OFFLINE,0,0,47,True
R01ZF,R01ZF_SARF000287,287,CAUSAL_REPLAY,0,0,46,True
R01ZF,R01ZF_SARF000287,287,FIXED_LAG_100MS,0,0,46,True
R01ZF,R01ZF_SARF000287,287,FULL_CONTEXT_OFFLINE,0,0,46,True
R01ZF,R01ZF_SARF000288,288,CAUSAL_REPLAY,0,0,42,True
R01ZF,R01ZF_SARF000288,288,FIXED_LAG_100MS,0,0,42,True
R01ZF,R01ZF_SARF000288,288,FULL_CONTEXT_OFFLINE,0,0,42,True
R01ZF,R01ZF_SARF000289,289,CAUSAL_REPLAY,0,0,47,True
R01ZF,R01ZF_SARF000289,289,FIXED_LAG_100MS,0,0,47,True
R01ZF,R01ZF_SARF000289,289,FULL_CONTEXT_OFFLINE,0,0,47,True
R01ZF,R01ZF_SARF000290,290,CAUSAL_REPLAY,0,0,46,True
R01ZF,R01ZF_SARF000290,290,FIXED_LAG_100MS,0,0,46,True
R01ZF,R01ZF_SARF000290,290,FULL_CONTEXT_OFFLINE,0,0,46,True
R01ZF,R01ZF_SARF000291,291,CAUSAL_REPLAY,0,0,35,True
R01ZF,R01ZF_SARF000291,291,FIXED_LAG_100MS,0,0,35,True
R01ZF,R01ZF_SARF000291,291,FULL_CONTEXT_OFFLINE,0,0,35,True
R01ZF,R01ZF_SARF000292,292,CAUSAL_REPLAY,0,0,35,True
R01ZF,R01ZF_SARF000292,292,FIXED_LAG_100MS,0,0,35,True
R01ZF,R01ZF_SARF000292,292,FULL_CONTEXT_OFFLINE,0,0,35,True
R01ZF,R01ZF_SARF000293,293,CAUSAL_REPLAY,0,0,35,True
R01ZF,R01ZF_SARF000293,293,FIXED_LAG_100MS,0,0,35,True
R01ZF,R01ZF_SARF000293,293,FULL_CONTEXT_OFFLINE,0,0,35,True
R01ZF,R01ZF_SARF000294,294,CAUSAL_REPLAY,0,0,36,True
R01ZF,R01ZF_SARF000294,294,FIXED_LAG_100MS,0,0,36,True
R01ZF,R01ZF_SARF000294,294,FULL_CONTEXT_OFFLINE,0,0,36,True
R01ZF,R01ZF_SARF000295,295,CAUSAL_REPLAY,0,0,37,True
R01ZF,R01ZF_SARF000295,295,FIXED_LAG_100MS,0,0,37,True
R01ZF,R01ZF_SARF000295,295,FULL_CONTEXT_OFFLINE,0,0,37,True
R01ZF,R01ZF_SARF000296,296,CAUSAL_REPLAY,0,0,33,True
R01ZF,R01ZF_SARF000296,296,FIXED_LAG_100MS,0,0,33,True
R01ZF,R01ZF_SARF000296,296,FULL_CONTEXT_OFFLINE,0,0,33,True
R01ZF,R01ZF_SARF000297,297,CAUSAL_REPLAY,0,0,34,True
R01ZF,R01ZF_SARF000297,297,FIXED_LAG_100MS,0,0,34,True
R01ZF,R01ZF_SARF000297,297,FULL_CONTEXT_OFFLINE,0,0,34,True
R01ZF,R01ZF_SARF000298,298,CAUSAL_REPLAY,0,0,36,True
R01ZF,R01ZF_SARF000298,298,FIXED_LAG_100MS,0,0,36,True
R01ZF,R01ZF_SARF000298,298,FULL_CONTEXT_OFFLINE,0,0,36,True
R01ZF,R01ZF_SARF000299,299,CAUSAL_REPLAY,0,0,34,True
R01ZF,R01ZF_SARF000299,299,FIXED_LAG_100MS,0,0,34,True
R01ZF,R01ZF_SARF000299,299,FULL_CONTEXT_OFFLINE,0,0,34,True
R01ZF,R01ZF_SARF000300,300,CAUSAL_REPLAY,0,0,42,True
R01ZF,R01ZF_SARF000300,300,FIXED_LAG_100MS,0,0,42,True
R01ZF,R01ZF_SARF000300,300,FULL_CONTEXT_OFFLINE,0,0,42,True
R01ZF,R01ZF_SARF000301,301,CAUSAL_REPLAY,0,0,42,True
R01ZF,R01ZF_SARF000301,301,FIXED_LAG_100MS,0,0,42,True
R01ZF,R01ZF_SARF000301,301,FULL_CONTEXT_OFFLINE,0,0,42,True
R01ZF,R01ZF_SARF000302,302,CAUSAL_REPLAY,0,0,40,True
R01ZF,R01ZF_SARF000302,302,FIXED_LAG_100MS,0,0,40,True
R01ZF,R01ZF_SARF000302,302,FULL_CONTEXT_OFFLINE,0,0,40,True
R01ZF,R01ZF_SARF000303,303,CAUSAL_REPLAY,0,0,43,True
R01ZF,R01ZF_SARF000303,303,FIXED_LAG_100MS,0,0,43,True
R01ZF,R01ZF_SARF000303,303,FULL_CONTEXT_OFFLINE,0,0,43,True
R01ZF,R01ZF_SARF000304,304,CAUSAL_REPLAY,0,0,36,True
R01ZF,R01ZF_SARF000304,304,FIXED_LAG_100MS,0,0,36,True
R01ZF,R01ZF_SARF000304,304,FULL_CONTEXT_OFFLINE,0,0,36,True
R01ZF,R01ZF_SARF000305,305,CAUSAL_REPLAY,0,0,35,True
R01ZF,R01ZF_SARF000305,305,FIXED_LAG_100MS,0,0,35,True
R01ZF,R01ZF_SARF000305,305,FULL_CONTEXT_OFFLINE,0,0,35,True
R01ZF,R01ZF_SARF000306,306,CAUSAL_REPLAY,0,0,36,True
R01ZF,R01ZF_SARF000306,306,FIXED_LAG_100MS,0,0,36,True
R01ZF,R01ZF_SARF000306,306,FULL_CONTEXT_OFFLINE,0,0,36,True
R01ZF,R01ZF_SARF000307,307,CAUSAL_REPLAY,0,0,38,True
R01ZF,R01ZF_SARF000307,307,FIXED_LAG_100MS,0,0,38,True
R01ZF,R01ZF_SARF000307,307,FULL_CONTEXT_OFFLINE,0,0,38,True
R01ZF,R01ZF_SARF000308,308,CAUSAL_REPLAY,0,0,42,True
R01ZF,R01ZF_SARF000308,308,FIXED_LAG_100MS,0,0,42,True
R01ZF,R01ZF_SARF000308,308,FULL_CONTEXT_OFFLINE,0,0,42,True
R01ZF,R01ZF_SARF000309,309,CAUSAL_REPLAY,0,0,32,True
R01ZF,R01ZF_SARF000309,309,FIXED_LAG_100MS,0,0,32,True
R01ZF,R01ZF_SARF000309,309,FULL_CONTEXT_OFFLINE,0,0,32,True
R01ZF,R01ZF_SARF000310,310,CAUSAL_REPLAY,0,0,32,True
R01ZF,R01ZF_SARF000310,310,FIXED_LAG_100MS,0,0,32,True
R01ZF,R01ZF_SARF000310,310,FULL_CONTEXT_OFFLINE,0,0,32,True
R01ZF,R01ZF_SARF000311,311,CAUSAL_REPLAY,0,0,30,True
R01ZF,R01ZF_SARF000311,311,FIXED_LAG_100MS,0,0,30,True
R01ZF,R01ZF_SARF000311,311,FULL_CONTEXT_OFFLINE,0,0,30,True
R01ZF,R01ZF_SARF000312,312,CAUSAL_REPLAY,0,0,42,True
R01ZF,R01ZF_SARF000312,312,FIXED_LAG_100MS,0,0,42,True
R01ZF,R01ZF_SARF000312,312,FULL_CONTEXT_OFFLINE,0,0,42,True
R01ZF,R01ZF_SARF000313,313,CAUSAL_REPLAY,0,0,43,True
R01ZF,R01ZF_SARF000313,313,FIXED_LAG_100MS,0,0,43,True
R01ZF,R01ZF_SARF000313,313,FULL_CONTEXT_OFFLINE,0,0,43,True
R01ZF,R01ZF_SARF000314,314,CAUSAL_REPLAY,0,0,47,True
R01ZF,R01ZF_SARF000314,314,FIXED_LAG_100MS,0,0,47,True
R01ZF,R01ZF_SARF000314,314,FULL_CONTEXT_OFFLINE,0,0,47,True
R01ZF,R01ZF_SARF000315,315,CAUSAL_REPLAY,0,0,34,True
R01ZF,R01ZF_SARF000315,315,FIXED_LAG_100MS,0,0,34,True
R01ZF,R01ZF_SARF000315,315,FULL_CONTEXT_OFFLINE,0,0,34,True
R01ZF,R01ZF_SARF000316,316,CAUSAL_REPLAY,0,0,35,True
R01ZF,R01ZF_SARF000316,316,FIXED_LAG_100MS,0,0,35,True
R01ZF,R01ZF_SARF000316,316,FULL_CONTEXT_OFFLINE,0,0,35,True
R01ZF,R01ZF_SARF000317,317,CAUSAL_REPLAY,0,0,42,True
R01ZF,R01ZF_SARF000317,317,FIXED_LAG_100MS,0,0,42,True
R01ZF,R01ZF_SARF000317,317,FULL_CONTEXT_OFFLINE,0,0,42,True
R01ZF,R01ZF_SARF000318,318,CAUSAL_REPLAY,0,0,41,True
R01ZF,R01ZF_SARF000318,318,FIXED_LAG_100MS,0,0,41,True
R01ZF,R01ZF_SARF000318,318,FULL_CONTEXT_OFFLINE,0,0,41,True
R01ZF,R01ZF_SARF000319,319,CAUSAL_REPLAY,0,0,38,True
R01ZF,R01ZF_SARF000319,319,FIXED_LAG_100MS,0,0,38,True
R01ZF,R01ZF_SARF000319,319,FULL_CONTEXT_OFFLINE,0,0,38,True
R01ZF,R01ZF_SARF000320,320,CAUSAL_REPLAY,0,0,40,True
R01ZF,R01ZF_SARF000320,320,FIXED_LAG_100MS,0,0,40,True
R01ZF,R01ZF_SARF000320,320,FULL_CONTEXT_OFFLINE,0,0,40,True
R01ZF,R01ZF_SARF000321,321,CAUSAL_REPLAY,0,0,46,True
R01ZF,R01ZF_SARF000321,321,FIXED_LAG_100MS,0,0,46,True
R01ZF,R01ZF_SARF000321,321,FULL_CONTEXT_OFFLINE,0,0,46,True
R01ZF,R01ZF_SARF000322,322,CAUSAL_REPLAY,0,0,39,True
R01ZF,R01ZF_SARF000322,322,FIXED_LAG_100MS,0,0,39,True
R01ZF,R01ZF_SARF000322,322,FULL_CONTEXT_OFFLINE,0,0,39,True
R01ZF,R01ZF_SARF000323,323,CAUSAL_REPLAY,0,0,47,True
R01ZF,R01ZF_SARF000323,323,FIXED_LAG_100MS,0,0,47,True
R01ZF,R01ZF_SARF000323,323,FULL_CONTEXT_OFFLINE,0,0,47,True
R01ZF,R01ZF_SARF000324,324,CAUSAL_REPLAY,0,0,41,True
R01ZF,R01ZF_SARF000324,324,FIXED_LAG_100MS,0,0,41,True
R01ZF,R01ZF_SARF000324,324,FULL_CONTEXT_OFFLINE,0,0,41,True
R01ZF,R01ZF_SARF000325,325,CAUSAL_REPLAY,0,0,40,True
R01ZF,R01ZF_SARF000325,325,FIXED_LAG_100MS,0,0,40,True
R01ZF,R01ZF_SARF000325,325,FULL_CONTEXT_OFFLINE,0,0,40,True
R01ZF,R01ZF_SARF000326,326,CAUSAL_REPLAY,0,0,40,True
R01ZF,R01ZF_SARF000326,326,FIXED_LAG_100MS,0,0,40,True
R01ZF,R01ZF_SARF000326,326,FULL_CONTEXT_OFFLINE,0,0,40,True
R01ZF,R01ZF_SARF000327,327,CAUSAL_REPLAY,0,0,40,True
R01ZF,R01ZF_SARF000327,327,FIXED_LAG_100MS,0,0,40,True
R01ZF,R01ZF_SARF000327,327,FULL_CONTEXT_OFFLINE,0,0,40,True
R01ZF,R01ZF_SARF000328,328,CAUSAL_REPLAY,0,0,37,True
R01ZF,R01ZF_SARF000328,328,FIXED_LAG_100MS,0,0,37,True
R01ZF,R01ZF_SARF000328,328,FULL_CONTEXT_OFFLINE,0,0,37,True
R01ZF,R01ZF_SARF000329,329,CAUSAL_REPLAY,0,0,33,True
R01ZF,R01ZF_SARF000329,329,FIXED_LAG_100MS,0,0,33,True
R01ZF,R01ZF_SARF000329,329,FULL_CONTEXT_OFFLINE,0,0,33,True
R01ZF,R01ZF_SARF000330,330,CAUSAL_REPLAY,0,0,36,True
R01ZF,R01ZF_SARF000330,330,FIXED_LAG_100MS,0,0,36,True
R01ZF,R01ZF_SARF000330,330,FULL_CONTEXT_OFFLINE,0,0,36,True
R01ZF,R01ZF_SARF000331,331,CAUSAL_REPLAY,0,0,30,True
R01ZF,R01ZF_SARF000331,331,FIXED_LAG_100MS,0,0,30,True
R01ZF,R01ZF_SARF000331,331,FULL_CONTEXT_OFFLINE,0,0,30,True
R01ZF,R01ZF_SARF000332,332,CAUSAL_REPLAY,0,0,39,True
R01ZF,R01ZF_SARF000332,332,FIXED_LAG_100MS,0,0,39,True
R01ZF,R01ZF_SARF000332,332,FULL_CONTEXT_OFFLINE,0,0,39,True
R01ZF,R01ZF_SARF000333,333,CAUSAL_REPLAY,0,0,42,True
R01ZF,R01ZF_SARF000333,333,FIXED_LAG_100MS,0,0,42,True
R01ZF,R01ZF_SARF000333,333,FULL_CONTEXT_OFFLINE,0,0,42,True
R01ZF,R01ZF_SARF000334,334,CAUSAL_REPLAY,0,0,42,True
R01ZF,R01ZF_SARF000334,334,FIXED_LAG_100MS,0,0,42,True
R01ZF,R01ZF_SARF000334,334,FULL_CONTEXT_OFFLINE,0,0,42,True
R01ZF,R01ZF_SARF000335,335,CAUSAL_REPLAY,0,0,35,True
R01ZF,R01ZF_SARF000335,335,FIXED_LAG_100MS,0,0,35,True
R01ZF,R01ZF_SARF000335,335,FULL_CONTEXT_OFFLINE,0,0,35,True
R01ZF,R01ZF_SARF000336,336,CAUSAL_REPLAY,0,0,33,True
R01ZF,R01ZF_SARF000336,336,FIXED_LAG_100MS,0,0,33,True
R01ZF,R01ZF_SARF000336,336,FULL_CONTEXT_OFFLINE,0,0,33,True
R01ZF,R01ZF_SARF000337,337,CAUSAL_REPLAY,0,0,42,True
R01ZF,R01ZF_SARF000337,337,FIXED_LAG_100MS,0,0,42,True
R01ZF,R01ZF_SARF000337,337,FULL_CONTEXT_OFFLINE,0,0,42,True
R01ZF,R01ZF_SARF000338,338,CAUSAL_REPLAY,0,0,39,True
R01ZF,R01ZF_SARF000338,338,FIXED_LAG_100MS,0,0,39,True
R01ZF,R01ZF_SARF000338,338,FULL_CONTEXT_OFFLINE,0,0,39,True
R01ZF,R01ZF_SARF000339,339,CAUSAL_REPLAY,0,0,43,True
R01ZF,R01ZF_SARF000339,339,FIXED_LAG_100MS,0,0,43,True
R01ZF,R01ZF_SARF000339,339,FULL_CONTEXT_OFFLINE,0,0,43,True
R01ZF,R01ZF_SARF000340,340,CAUSAL_REPLAY,0,0,44,True
R01ZF,R01ZF_SARF000340,340,FIXED_LAG_100MS,0,0,44,True
R01ZF,R01ZF_SARF000340,340,FULL_CONTEXT_OFFLINE,0,0,44,True
R01ZF,R01ZF_SARF000341,341,CAUSAL_REPLAY,0,0,46,True
R01ZF,R01ZF_SARF000341,341,FIXED_LAG_100MS,0,0,46,True
R01ZF,R01ZF_SARF000341,341,FULL_CONTEXT_OFFLINE,0,0,46,True
R01ZF,R01ZF_SARF000342,342,CAUSAL_REPLAY,0,0,39,True
R01ZF,R01ZF_SARF000342,342,FIXED_LAG_100MS,0,0,39,True
R01ZF,R01ZF_SARF000342,342,FULL_CONTEXT_OFFLINE,0,0,39,True
R01ZF,R01ZF_SARF000343,343,CAUSAL_REPLAY,0,0,40,True
R01ZF,R01ZF_SARF000343,343,FIXED_LAG_100MS,0,0,40,True
R01ZF,R01ZF_SARF000343,343,FULL_CONTEXT_OFFLINE,0,0,40,True
R01ZF,R01ZF_SARF000344,344,CAUSAL_REPLAY,0,0,42,True
R01ZF,R01ZF_SARF000344,344,FIXED_LAG_100MS,0,0,42,True
R01ZF,R01ZF_SARF000344,344,FULL_CONTEXT_OFFLINE,0,0,42,True
R01ZF,R01ZF_SARF000345,345,CAUSAL_REPLAY,0,0,36,True
R01ZF,R01ZF_SARF000345,345,FIXED_LAG_100MS,0,0,36,True
R01ZF,R01ZF_SARF000345,345,FULL_CONTEXT_OFFLINE,0,0,36,True
R01ZF,R01ZF_SARF000346,346,CAUSAL_REPLAY,0,0,40,True
R01ZF,R01ZF_SARF000346,346,FIXED_LAG_100MS,0,0,40,True
R01ZF,R01ZF_SARF000346,346,FULL_CONTEXT_OFFLINE,0,0,40,True
R01ZF,R01ZF_SARF000347,347,CAUSAL_REPLAY,0,0,36,True
R01ZF,R01ZF_SARF000347,347,FIXED_LAG_100MS,0,0,36,True
R01ZF,R01ZF_SARF000347,347,FULL_CONTEXT_OFFLINE,0,0,36,True
R01ZF,R01ZF_SARF000348,348,CAUSAL_REPLAY,0,0,38,True
R01ZF,R01ZF_SARF000348,348,FIXED_LAG_100MS,0,0,38,True
R01ZF,R01ZF_SARF000348,348,FULL_CONTEXT_OFFLINE,0,0,38,True
R01ZF,R01ZF_SARF000349,349,CAUSAL_REPLAY,0,0,39,True
R01ZF,R01ZF_SARF000349,349,FIXED_LAG_100MS,0,0,39,True
R01ZF,R01ZF_SARF000349,349,FULL_CONTEXT_OFFLINE,0,0,39,True
R01ZF,R01ZF_SARF000350,350,CAUSAL_REPLAY,0,0,34,True
R01ZF,R01ZF_SARF000350,350,FIXED_LAG_100MS,0,0,34,True
R01ZF,R01ZF_SARF000350,350,FULL_CONTEXT_OFFLINE,0,0,34,True
R01ZF,R01ZF_SARF000351,351,CAUSAL_REPLAY,0,0,40,True
R01ZF,R01ZF_SARF000351,351,FIXED_LAG_100MS,0,0,40,True
R01ZF,R01ZF_SARF000351,351,FULL_CONTEXT_OFFLINE,0,0,40,True
R01ZF,R01ZF_SARF000352,352,CAUSAL_REPLAY,0,0,40,True
R01ZF,R01ZF_SARF000352,352,FIXED_LAG_100MS,0,0,40,True
R01ZF,R01ZF_SARF000352,352,FULL_CONTEXT_OFFLINE,0,0,40,True
R01ZF,R01ZF_SARF000353,353,CAUSAL_REPLAY,0,0,35,True
R01ZF,R01ZF_SARF000353,353,FIXED_LAG_100MS,0,0,35,True
R01ZF,R01ZF_SARF000353,353,FULL_CONTEXT_OFFLINE,0,0,35,True
R01ZF,R01ZF_SARF000354,354,CAUSAL_REPLAY,0,0,36,True
R01ZF,R01ZF_SARF000354,354,FIXED_LAG_100MS,0,0,36,True
R01ZF,R01ZF_SARF000354,354,FULL_CONTEXT_OFFLINE,0,0,36,True
R01ZF,R01ZF_SARF000355,355,CAUSAL_REPLAY,0,0,40,True
R01ZF,R01ZF_SARF000355,355,FIXED_LAG_100MS,0,0,40,True
R01ZF,R01ZF_SARF000355,355,FULL_CONTEXT_OFFLINE,0,0,40,True
R01ZF,R01ZF_SARF000356,356,CAUSAL_REPLAY,0,0,43,True
R01ZF,R01ZF_SARF000356,356,FIXED_LAG_100MS,0,0,43,True
R01ZF,R01ZF_SARF000356,356,FULL_CONTEXT_OFFLINE,0,0,43,True
R01ZF,R01ZF_SARF000357,357,CAUSAL_REPLAY,0,0,45,True
R01ZF,R01ZF_SARF000357,357,FIXED_LAG_100MS,0,0,45,True
R01ZF,R01ZF_SARF000357,357,FULL_CONTEXT_OFFLINE,0,0,45,True
R01ZF,R01ZF_SARF000358,358,CAUSAL_REPLAY,0,0,40,True
R01ZF,R01ZF_SARF000358,358,FIXED_LAG_100MS,0,0,40,True
R01ZF,R01ZF_SARF000358,358,FULL_CONTEXT_OFFLINE,0,0,40,True
R01ZF,R01ZF_SARF000359,359,CAUSAL_REPLAY,0,0,41,True
R01ZF,R01ZF_SARF000359,359,FIXED_LAG_100MS,0,0,41,True
R01ZF,R01ZF_SARF000359,359,FULL_CONTEXT_OFFLINE,0,0,41,True
R01ZF,R01ZF_SARF000360,360,CAUSAL_REPLAY,0,0,37,True
R01ZF,R01ZF_SARF000360,360,FIXED_LAG_100MS,0,0,37,True
R01ZF,R01ZF_SARF000360,360,FULL_CONTEXT_OFFLINE,0,0,37,True
R01ZF,R01ZF_SARF000361,361,CAUSAL_REPLAY,0,0,38,True
R01ZF,R01ZF_SARF000361,361,FIXED_LAG_100MS,0,0,38,True
R01ZF,R01ZF_SARF000361,361,FULL_CONTEXT_OFFLINE,0,0,38,True
R01ZF,R01ZF_SARF000362,362,CAUSAL_REPLAY,0,0,38,True
R01ZF,R01ZF_SARF000362,362,FIXED_LAG_100MS,0,0,38,True
R01ZF,R01ZF_SARF000362,362,FULL_CONTEXT_OFFLINE,0,0,38,True
R01ZF,R01ZF_SARF000363,363,CAUSAL_REPLAY,0,0,43,True
R01ZF,R01ZF_SARF000363,363,FIXED_LAG_100MS,0,0,43,True
R01ZF,R01ZF_SARF000363,363,FULL_CONTEXT_OFFLINE,0,0,43,True
R01ZF,R01ZF_SARF000364,364,CAUSAL_REPLAY,0,0,47,True
R01ZF,R01ZF_SARF000364,364,FIXED_LAG_100MS,0,0,47,True
R01ZF,R01ZF_SARF000364,364,FULL_CONTEXT_OFFLINE,0,0,47,True
R01ZF,R01ZF_SARF000365,365,CAUSAL_REPLAY,0,0,46,True
R01ZF,R01ZF_SARF000365,365,FIXED_LAG_100MS,0,0,46,True
R01ZF,R01ZF_SARF000365,365,FULL_CONTEXT_OFFLINE,0,0,46,True
R01ZF,R01ZF_SARF000366,366,CAUSAL_REPLAY,0,0,38,True
R01ZF,R01ZF_SARF000366,366,FIXED_LAG_100MS,0,0,38,True
R01ZF,R01ZF_SARF000366,366,FULL_CONTEXT_OFFLINE,0,0,38,True
R01ZF,R01ZF_SARF000367,367,CAUSAL_REPLAY,0,0,43,True
R01ZF,R01ZF_SARF000367,367,FIXED_LAG_100MS,0,0,43,True
R01ZF,R01ZF_SARF000367,367,FULL_CONTEXT_OFFLINE,0,0,43,True
R01ZF,R01ZF_SARF000368,368,CAUSAL_REPLAY,0,0,40,True
R01ZF,R01ZF_SARF000368,368,FIXED_LAG_100MS,0,0,40,True
R01ZF,R01ZF_SARF000368,368,FULL_CONTEXT_OFFLINE,0,0,40,True
R01ZF,R01ZF_SARF000369,369,CAUSAL_REPLAY,0,0,44,True
R01ZF,R01ZF_SARF000369,369,FIXED_LAG_100MS,0,0,44,True
R01ZF,R01ZF_SARF000369,369,FULL_CONTEXT_OFFLINE,0,0,44,True
R01ZF,R01ZF_SARF000370,370,CAUSAL_REPLAY,0,0,37,True
R01ZF,R01ZF_SARF000370,370,FIXED_LAG_100MS,0,0,37,True
R01ZF,R01ZF_SARF000370,370,FULL_CONTEXT_OFFLINE,0,0,37,True
R01ZF,R01ZF_SARF000371,371,CAUSAL_REPLAY,0,0,39,True
R01ZF,R01ZF_SARF000371,371,FIXED_LAG_100MS,0,0,39,True
R01ZF,R01ZF_SARF000371,371,FULL_CONTEXT_OFFLINE,0,0,39,True
R01ZF,R01ZF_SARF000372,372,CAUSAL_REPLAY,0,0,35,True
R01ZF,R01ZF_SARF000372,372,FIXED_LAG_100MS,0,0,35,True
R01ZF,R01ZF_SARF000372,372,FULL_CONTEXT_OFFLINE,0,0,35,True
R01ZF,R01ZF_SARF000373,373,CAUSAL_REPLAY,0,0,41,True
R01ZF,R01ZF_SARF000373,373,FIXED_LAG_100MS,0,0,41,True
R01ZF,R01ZF_SARF000373,373,FULL_CONTEXT_OFFLINE,0,0,41,True
R01ZF,R01ZF_SARF000374,374,CAUSAL_REPLAY,0,0,40,True
R01ZF,R01ZF_SARF000374,374,FIXED_LAG_100MS,0,0,40,True
R01ZF,R01ZF_SARF000374,374,FULL_CONTEXT_OFFLINE,0,0,40,True
R01ZF,R01ZF_SARF000375,375,CAUSAL_REPLAY,0,0,38,True
R01ZF,R01ZF_SARF000375,375,FIXED_LAG_100MS,0,0,38,True
R01ZF,R01ZF_SARF000375,375,FULL_CONTEXT_OFFLINE,0,0,38,True
R01ZF,R01ZF_SARF000376,376,CAUSAL_REPLAY,0,0,47,True
R01ZF,R01ZF_SARF000376,376,FIXED_LAG_100MS,0,0,47,True
R01ZF,R01ZF_SARF000376,376,FULL_CONTEXT_OFFLINE,0,0,47,True
R01ZF,R01ZF_SARF000377,377,CAUSAL_REPLAY,0,0,45,True
R01ZF,R01ZF_SARF000377,377,FIXED_LAG_100MS,0,0,45,True
R01ZF,R01ZF_SARF000377,377,FULL_CONTEXT_OFFLINE,0,0,45,True
R01ZF,R01ZF_SARF000378,378,CAUSAL_REPLAY,0,0,34,True
R01ZF,R01ZF_SARF000378,378,FIXED_LAG_100MS,0,0,34,True
R01ZF,R01ZF_SARF000378,378,FULL_CONTEXT_OFFLINE,0,0,34,True
R01ZF,R01ZF_SARF000379,379,CAUSAL_REPLAY,0,0,33,True
R01ZF,R01ZF_SARF000379,379,FIXED_LAG_100MS,0,0,33,True
R01ZF,R01ZF_SARF000379,379,FULL_CONTEXT_OFFLINE,0,0,33,True
R01ZF,R01ZF_SARF000380,380,CAUSAL_REPLAY,0,0,36,True
R01ZF,R01ZF_SARF000380,380,FIXED_LAG_100MS,0,0,36,True
R01ZF,R01ZF_SARF000380,380,FULL_CONTEXT_OFFLINE,0,0,36,True
R01ZF,R01ZF_SARF000381,381,CAUSAL_REPLAY,0,0,38,True
R01ZF,R01ZF_SARF000381,381,FIXED_LAG_100MS,0,0,38,True
R01ZF,R01ZF_SARF000381,381,FULL_CONTEXT_OFFLINE,0,0,38,True
R01ZF,R01ZF_SARF000382,382,CAUSAL_REPLAY,0,0,37,True
R01ZF,R01ZF_SARF000382,382,FIXED_LAG_100MS,0,0,37,True
R01ZF,R01ZF_SARF000382,382,FULL_CONTEXT_OFFLINE,0,0,37,True
R01ZF,R01ZF_SARF000383,383,CAUSAL_REPLAY,0,0,44,True
R01ZF,R01ZF_SARF000383,383,FIXED_LAG_100MS,0,0,44,True
R01ZF,R01ZF_SARF000383,383,FULL_CONTEXT_OFFLINE,0,0,44,True
R01ZF,R01ZF_SARF000384,384,CAUSAL_REPLAY,0,0,45,True
R01ZF,R01ZF_SARF000384,384,FIXED_LAG_100MS,0,0,45,True
R01ZF,R01ZF_SARF000384,384,FULL_CONTEXT_OFFLINE,0,0,45,True
R01ZF,R01ZF_SARF000385,385,CAUSAL_REPLAY,0,0,44,True
R01ZF,R01ZF_SARF000385,385,FIXED_LAG_100MS,0,0,44,True
R01ZF,R01ZF_SARF000385,385,FULL_CONTEXT_OFFLINE,0,0,44,True
R01ZF,R01ZF_SARF000386,386,CAUSAL_REPLAY,0,0,45,True
R01ZF,R01ZF_SARF000386,386,FIXED_LAG_100MS,0,0,45,True
R01ZF,R01ZF_SARF000386,386,FULL_CONTEXT_OFFLINE,0,0,45,True
R01ZF,R01ZF_SARF000387,387,CAUSAL_REPLAY,0,0,51,True
R01ZF,R01ZF_SARF000387,387,FIXED_LAG_100MS,0,0,51,True
R01ZF,R01ZF_SARF000387,387,FULL_CONTEXT_OFFLINE,0,0,51,True
R01ZF,R01ZF_SARF000388,388,CAUSAL_REPLAY,0,0,43,True
R01ZF,R01ZF_SARF000388,388,FIXED_LAG_100MS,0,0,43,True
R01ZF,R01ZF_SARF000388,388,FULL_CONTEXT_OFFLINE,0,0,43,True
R01ZF,R01ZF_SARF000389,389,CAUSAL_REPLAY,0,0,39,True
R01ZF,R01ZF_SARF000389,389,FIXED_LAG_100MS,0,0,39,True
R01ZF,R01ZF_SARF000389,389,FULL_CONTEXT_OFFLINE,0,0,39,True
R01ZF,R01ZF_SARF000390,390,CAUSAL_REPLAY,0,0,42,True
R01ZF,R01ZF_SARF000390,390,FIXED_LAG_100MS,0,0,42,True
R01ZF,R01ZF_SARF000390,390,FULL_CONTEXT_OFFLINE,0,0,42,True
R01ZF,R01ZF_SARF000391,391,CAUSAL_REPLAY,0,0,51,True
R01ZF,R01ZF_SARF000391,391,FIXED_LAG_100MS,0,0,51,True
R01ZF,R01ZF_SARF000391,391,FULL_CONTEXT_OFFLINE,0,0,51,True
R01ZF,R01ZF_SARF000392,392,CAUSAL_REPLAY,0,0,41,True
R01ZF,R01ZF_SARF000392,392,FIXED_LAG_100MS,0,0,41,True
R01ZF,R01ZF_SARF000392,392,FULL_CONTEXT_OFFLINE,0,0,41,True
R01ZF,R01ZF_SARF000393,393,CAUSAL_REPLAY,0,0,44,True
R01ZF,R01ZF_SARF000393,393,FIXED_LAG_100MS,0,0,44,True
R01ZF,R01ZF_SARF000393,393,FULL_CONTEXT_OFFLINE,0,0,44,True
R01ZF,R01ZF_SARF000394,394,CAUSAL_REPLAY,0,0,40,True
R01ZF,R01ZF_SARF000394,394,FIXED_LAG_100MS,0,0,40,True
R01ZF,R01ZF_SARF000394,394,FULL_CONTEXT_OFFLINE,0,0,40,True
R01ZF,R01ZF_SARF000395,395,CAUSAL_REPLAY,0,0,46,True
R01ZF,R01ZF_SARF000395,395,FIXED_LAG_100MS,0,0,46,True
R01ZF,R01ZF_SARF000395,395,FULL_CONTEXT_OFFLINE,0,0,46,True
R01ZF,R01ZF_SARF000396,396,CAUSAL_REPLAY,0,0,49,True
R01ZF,R01ZF_SARF000396,396,FIXED_LAG_100MS,0,0,49,True
R01ZF,R01ZF_SARF000396,396,FULL_CONTEXT_OFFLINE,0,0,49,True
R01ZF,R01ZF_SARF000397,397,CAUSAL_REPLAY,0,0,71,True
R01ZF,R01ZF_SARF000397,397,FIXED_LAG_100MS,0,0,71,True
R01ZF,R01ZF_SARF000397,397,FULL_CONTEXT_OFFLINE,0,0,71,True
R01ZF,R01ZF_SARF000398,398,CAUSAL_REPLAY,0,0,63,True
R01ZF,R01ZF_SARF000398,398,FIXED_LAG_100MS,0,0,63,True
R01ZF,R01ZF_SARF000398,398,FULL_CONTEXT_OFFLINE,0,0,63,True
R01ZF,R01ZF_SARF000399,399,CAUSAL_REPLAY,0,0,68,True
R01ZF,R01ZF_SARF000399,399,FIXED_LAG_100MS,0,0,68,True
R01ZF,R01ZF_SARF000399,399,FULL_CONTEXT_OFFLINE,0,0,68,True
R01ZF,R01ZF_SARF000400,400,CAUSAL_REPLAY,0,0,42,True
R01ZF,R01ZF_SARF000400,400,FIXED_LAG_100MS,0,0,42,True
R01ZF,R01ZF_SARF000400,400,FULL_CONTEXT_OFFLINE,0,0,42,True
R01ZF,R01ZF_SARF000401,401,CAUSAL_REPLAY,0,0,41,True
R01ZF,R01ZF_SARF000401,401,FIXED_LAG_100MS,0,0,41,True
R01ZF,R01ZF_SARF000401,401,FULL_CONTEXT_OFFLINE,0,0,41,True
R01ZF,R01ZF_SARF000402,402,CAUSAL_REPLAY,0,0,39,True
R01ZF,R01ZF_SARF000402,402,FIXED_LAG_100MS,0,0,39,True
R01ZF,R01ZF_SARF000402,402,FULL_CONTEXT_OFFLINE,0,0,39,True
R01ZF,R01ZF_SARF000403,403,CAUSAL_REPLAY,0,0,47,True
R01ZF,R01ZF_SARF000403,403,FIXED_LAG_100MS,0,0,47,True
R01ZF,R01ZF_SARF000403,403,FULL_CONTEXT_OFFLINE,0,0,47,True
R01ZF,R01ZF_SARF000404,404,CAUSAL_REPLAY,0,0,37,True
R01ZF,R01ZF_SARF000404,404,FIXED_LAG_100MS,0,0,37,True
R01ZF,R01ZF_SARF000404,404,FULL_CONTEXT_OFFLINE,0,0,37,True
R01ZF,R01ZF_SARF000405,405,CAUSAL_REPLAY,0,0,37,True
R01ZF,R01ZF_SARF000405,405,FIXED_LAG_100MS,0,0,37,True
R01ZF,R01ZF_SARF000405,405,FULL_CONTEXT_OFFLINE,0,0,37,True
R01ZF,R01ZF_SARF000406,406,CAUSAL_REPLAY,0,0,32,True
R01ZF,R01ZF_SARF000406,406,FIXED_LAG_100MS,0,0,32,True
R01ZF,R01ZF_SARF000406,406,FULL_CONTEXT_OFFLINE,0,0,32,True
R01ZF,R01ZF_SARF000407,407,CAUSAL_REPLAY,0,0,35,True
R01ZF,R01ZF_SARF000407,407,FIXED_LAG_100MS,0,0,35,True
R01ZF,R01ZF_SARF000407,407,FULL_CONTEXT_OFFLINE,0,0,35,True
R01ZF,R01ZF_SARF000408,408,CAUSAL_REPLAY,0,0,33,True
R01ZF,R01ZF_SARF000408,408,FIXED_LAG_100MS,0,0,33,True
R01ZF,R01ZF_SARF000408,408,FULL_CONTEXT_OFFLINE,0,0,33,True
R01ZF,R01ZF_SARF000409,409,CAUSAL_REPLAY,0,0,37,True
R01ZF,R01ZF_SARF000409,409,FIXED_LAG_100MS,0,0,37,True
R01ZF,R01ZF_SARF000409,409,FULL_CONTEXT_OFFLINE,0,0,37,True
R01ZF,R01ZF_SARF000410,410,CAUSAL_REPLAY,0,0,44,True
R01ZF,R01ZF_SARF000410,410,FIXED_LAG_100MS,0,0,44,True
R01ZF,R01ZF_SARF000410,410,FULL_CONTEXT_OFFLINE,0,0,44,True
R01ZF,R01ZF_SARF000411,411,CAUSAL_REPLAY,0,0,39,True
R01ZF,R01ZF_SARF000411,411,FIXED_LAG_100MS,0,0,39,True
R01ZF,R01ZF_SARF000411,411,FULL_CONTEXT_OFFLINE,0,0,39,True
R01ZF,R01ZF_SARF000412,412,CAUSAL_REPLAY,0,0,46,True
R01ZF,R01ZF_SARF000412,412,FIXED_LAG_100MS,0,0,46,True
R01ZF,R01ZF_SARF000412,412,FULL_CONTEXT_OFFLINE,0,0,46,True
R01ZF,R01ZF_SARF000413,413,CAUSAL_REPLAY,0,0,36,True
R01ZF,R01ZF_SARF000413,413,FIXED_LAG_100MS,0,0,36,True
R01ZF,R01ZF_SARF000413,413,FULL_CONTEXT_OFFLINE,0,0,36,True
R01ZF,R01ZF_SARF000414,414,CAUSAL_REPLAY,0,0,36,True
R01ZF,R01ZF_SARF000414,414,FIXED_LAG_100MS,0,0,36,True
R01ZF,R01ZF_SARF000414,414,FULL_CONTEXT_OFFLINE,0,0,36,True
R01ZF,R01ZF_SARF000415,415,CAUSAL_REPLAY,0,0,38,True
R01ZF,R01ZF_SARF000415,415,FIXED_LAG_100MS,0,0,38,True
R01ZF,R01ZF_SARF000415,415,FULL_CONTEXT_OFFLINE,0,0,38,True
R01ZF,R01ZF_SARF000416,416,CAUSAL_REPLAY,0,0,35,True
R01ZF,R01ZF_SARF000416,416,FIXED_LAG_100MS,0,0,35,True
R01ZF,R01ZF_SARF000416,416,FULL_CONTEXT_OFFLINE,0,0,35,True
R01ZF,R01ZF_SARF000417,417,CAUSAL_REPLAY,0,0,39,True
R01ZF,R01ZF_SARF000417,417,FIXED_LAG_100MS,0,0,39,True
R01ZF,R01ZF_SARF000417,417,FULL_CONTEXT_OFFLINE,0,0,39,True
R01ZF,R01ZF_SARF000418,418,CAUSAL_REPLAY,0,0,43,True
R01ZF,R01ZF_SARF000418,418,FIXED_LAG_100MS,0,0,43,True
R01ZF,R01ZF_SARF000418,418,FULL_CONTEXT_OFFLINE,0,0,43,True
R01ZF,R01ZF_SARF000419,419,CAUSAL_REPLAY,0,0,43,True
R01ZF,R01ZF_SARF000419,419,FIXED_LAG_100MS,0,0,43,True
R01ZF,R01ZF_SARF000419,419,FULL_CONTEXT_OFFLINE,0,0,43,True
R01ZF,R01ZF_SARF000420,420,CAUSAL_REPLAY,0,0,48,True
R01ZF,R01ZF_SARF000420,420,FIXED_LAG_100MS,0,0,48,True
R01ZF,R01ZF_SARF000420,420,FULL_CONTEXT_OFFLINE,0,0,48,True
R01ZF,R01ZF_SARF000421,421,CAUSAL_REPLAY,0,0,63,True
R01ZF,R01ZF_SARF000421,421,FIXED_LAG_100MS,0,0,63,True
R01ZF,R01ZF_SARF000421,421,FULL_CONTEXT_OFFLINE,0,0,63,True
R01ZF,R01ZF_SARF000422,422,CAUSAL_REPLAY,0,0,63,True
R01ZF,R01ZF_SARF000422,422,FIXED_LAG_100MS,0,0,63,True
R01ZF,R01ZF_SARF000422,422,FULL_CONTEXT_OFFLINE,0,0,63,True
R01ZF,R01ZF_SARF000423,423,CAUSAL_REPLAY,0,0,62,True
R01ZF,R01ZF_SARF000423,423,FIXED_LAG_100MS,0,0,62,True
R01ZF,R01ZF_SARF000423,423,FULL_CONTEXT_OFFLINE,0,0,62,True
R01ZF,R01ZF_SARF000424,424,CAUSAL_REPLAY,0,0,70,True
R01ZF,R01ZF_SARF000424,424,FIXED_LAG_100MS,0,0,70,True
R01ZF,R01ZF_SARF000424,424,FULL_CONTEXT_OFFLINE,0,0,70,True
R01ZF,R01ZF_SARF000425,425,CAUSAL_REPLAY,0,0,60,True
R01ZF,R01ZF_SARF000425,425,FIXED_LAG_100MS,0,0,60,True
R01ZF,R01ZF_SARF000425,425,FULL_CONTEXT_OFFLINE,0,0,60,True
R01ZF,R01ZF_SARF000426,426,CAUSAL_REPLAY,0,0,45,True
R01ZF,R01ZF_SARF000426,426,FIXED_LAG_100MS,0,0,45,True
R01ZF,R01ZF_SARF000426,426,FULL_CONTEXT_OFFLINE,0,0,45,True
R01ZF,R01ZF_SARF000427,427,CAUSAL_REPLAY,0,0,43,True
R01ZF,R01ZF_SARF000427,427,FIXED_LAG_100MS,0,0,43,True
R01ZF,R01ZF_SARF000427,427,FULL_CONTEXT_OFFLINE,0,0,43,True
R01ZF,R01ZF_SARF000428,428,CAUSAL_REPLAY,0,0,66,True
R01ZF,R01ZF_SARF000428,428,FIXED_LAG_100MS,0,0,66,True
R01ZF,R01ZF_SARF000428,428,FULL_CONTEXT_OFFLINE,0,0,66,True
R01ZF,R01ZF_SARF000429,429,CAUSAL_REPLAY,0,0,55,True
R01ZF,R01ZF_SARF000429,429,FIXED_LAG_100MS,0,0,55,True
R01ZF,R01ZF_SARF000429,429,FULL_CONTEXT_OFFLINE,0,0,55,True
R01ZF,R01ZF_SARF000430,430,CAUSAL_REPLAY,0,0,62,True
R01ZF,R01ZF_SARF000430,430,FIXED_LAG_100MS,0,0,62,True
R01ZF,R01ZF_SARF000430,430,FULL_CONTEXT_OFFLINE,0,0,62,True
R01ZF,R01ZF_SARF000431,431,CAUSAL_REPLAY,0,0,66,True
R01ZF,R01ZF_SARF000431,431,FIXED_LAG_100MS,0,0,66,True
R01ZF,R01ZF_SARF000431,431,FULL_CONTEXT_OFFLINE,0,0,66,True
R01ZF,R01ZF_SARF000432,432,CAUSAL_REPLAY,0,0,33,True
R01ZF,R01ZF_SARF000432,432,FIXED_LAG_100MS,0,0,33,True
R01ZF,R01ZF_SARF000432,432,FULL_CONTEXT_OFFLINE,0,0,33,True
R01ZF,R01ZF_SARF000433,433,CAUSAL_REPLAY,0,0,40,True
R01ZF,R01ZF_SARF000433,433,FIXED_LAG_100MS,0,0,40,True
R01ZF,R01ZF_SARF000433,433,FULL_CONTEXT_OFFLINE,0,0,40,True
R01ZF,R01ZF_SARF000434,434,CAUSAL_REPLAY,0,0,38,True
R01ZF,R01ZF_SARF000434,434,FIXED_LAG_100MS,0,0,38,True
R01ZF,R01ZF_SARF000434,434,FULL_CONTEXT_OFFLINE,0,0,38,True
R01ZF,R01ZF_SARF000435,435,CAUSAL_REPLAY,0,0,39,True
R01ZF,R01ZF_SARF000435,435,FIXED_LAG_100MS,0,0,39,True
R01ZF,R01ZF_SARF000435,435,FULL_CONTEXT_OFFLINE,0,0,39,True
R01ZF,R01ZF_SARF000436,436,CAUSAL_REPLAY,0,0,40,True
R01ZF,R01ZF_SARF000436,436,FIXED_LAG_100MS,0,0,40,True
R01ZF,R01ZF_SARF000436,436,FULL_CONTEXT_OFFLINE,0,0,40,True
R01ZF,R01ZF_SARF000437,437,CAUSAL_REPLAY,0,0,36,True
R01ZF,R01ZF_SARF000437,437,FIXED_LAG_100MS,0,0,36,True
R01ZF,R01ZF_SARF000437,437,FULL_CONTEXT_OFFLINE,0,0,36,True
R01ZF,R01ZF_SARF000438,438,CAUSAL_REPLAY,0,0,38,True
R01ZF,R01ZF_SARF000438,438,FIXED_LAG_100MS,0,0,38,True
R01ZF,R01ZF_SARF000438,438,FULL_CONTEXT_OFFLINE,0,0,38,True
R01ZF,R01ZF_SARF000439,439,CAUSAL_REPLAY,0,0,46,True
R01ZF,R01ZF_SARF000439,439,FIXED_LAG_100MS,0,0,46,True
R01ZF,R01ZF_SARF000439,439,FULL_CONTEXT_OFFLINE,0,0,46,True
R01ZF,R01ZF_SARF000440,440,CAUSAL_REPLAY,0,0,61,True
R01ZF,R01ZF_SARF000440,440,FIXED_LAG_100MS,0,0,61,True
R01ZF,R01ZF_SARF000440,440,FULL_CONTEXT_OFFLINE,0,0,61,True
R01ZF,R01ZF_SARF000441,441,CAUSAL_REPLAY,0,0,28,True
R01ZF,R01ZF_SARF000441,441,FIXED_LAG_100MS,0,0,28,True
R01ZF,R01ZF_SARF000441,441,FULL_CONTEXT_OFFLINE,0,0,28,True
R01ZF,R01ZF_SARF000442,442,CAUSAL_REPLAY,0,0,21,True
R01ZF,R01ZF_SARF000442,442,FIXED_LAG_100MS,0,0,21,True
R01ZF,R01ZF_SARF000442,442,FULL_CONTEXT_OFFLINE,0,0,21,True
R01ZF,R01ZF_SARF000443,443,CAUSAL_REPLAY,0,0,23,True
R01ZF,R01ZF_SARF000443,443,FIXED_LAG_100MS,0,0,23,True
R01ZF,R01ZF_SARF000443,443,FULL_CONTEXT_OFFLINE,0,0,23,True
R01ZF,R01ZF_SARF000444,444,CAUSAL_REPLAY,0,0,33,True
R01ZF,R01ZF_SARF000444,444,FIXED_LAG_100MS,0,0,33,True
R01ZF,R01ZF_SARF000444,444,FULL_CONTEXT_OFFLINE,0,0,33,True
R01ZF,R01ZF_SARF000445,445,CAUSAL_REPLAY,0,0,27,True
R01ZF,R01ZF_SARF000445,445,FIXED_LAG_100MS,0,0,27,True
R01ZF,R01ZF_SARF000445,445,FULL_CONTEXT_OFFLINE,0,0,27,True
R01ZF,R01ZF_SARF000446,446,CAUSAL_REPLAY,0,0,28,True
R01ZF,R01ZF_SARF000446,446,FIXED_LAG_100MS,0,0,28,True
R01ZF,R01ZF_SARF000446,446,FULL_CONTEXT_OFFLINE,0,0,28,True
R01ZF,R01ZF_SARF000447,447,CAUSAL_REPLAY,0,0,41,True
R01ZF,R01ZF_SARF000447,447,FIXED_LAG_100MS,0,0,41,True
R01ZF,R01ZF_SARF000447,447,FULL_CONTEXT_OFFLINE,0,0,41,True
R01ZF,R01ZF_SARF000448,448,CAUSAL_REPLAY,0,0,35,True
R01ZF,R01ZF_SARF000448,448,FIXED_LAG_100MS,0,0,35,True
R01ZF,R01ZF_SARF000448,448,FULL_CONTEXT_OFFLINE,0,0,35,True
R01ZF,R01ZF_SARF000449,449,CAUSAL_REPLAY,0,0,28,True
R01ZF,R01ZF_SARF000449,449,FIXED_LAG_100MS,0,0,28,True
R01ZF,R01ZF_SARF000449,449,FULL_CONTEXT_OFFLINE,0,0,28,True
R01ZF,R01ZF_SARF000450,450,CAUSAL_REPLAY,0,0,31,True
R01ZF,R01ZF_SARF000450,450,FIXED_LAG_100MS,0,0,31,True
R01ZF,R01ZF_SARF000450,450,FULL_CONTEXT_OFFLINE,1,0,31,False
R01ZF,R01ZF_SARF000451,451,CAUSAL_REPLAY,0,0,28,True
R01ZF,R01ZF_SARF000451,451,FIXED_LAG_100MS,0,0,28,True
R01ZF,R01ZF_SARF000451,451,FULL_CONTEXT_OFFLINE,3,1,28,False
R01ZF,R01ZF_SARF000452,452,CAUSAL_REPLAY,0,0,32,True
R01ZF,R01ZF_SARF000452,452,FIXED_LAG_100MS,0,0,32,True
R01ZF,R01ZF_SARF000452,452,FULL_CONTEXT_OFFLINE,3,1,32,False
R01ZF,R01ZF_SARF000453,453,CAUSAL_REPLAY,0,0,26,True
R01ZF,R01ZF_SARF000453,453,FIXED_LAG_100MS,0,0,26,True
R01ZF,R01ZF_SARF000453,453,FULL_CONTEXT_OFFLINE,4,1,26,False
R01ZF,R01ZF_SARF000454,454,CAUSAL_REPLAY,0,0,31,True
R01ZF,R01ZF_SARF000454,454,FIXED_LAG_100MS,1,0,31,False
R01ZF,R01ZF_SARF000454,454,FULL_CONTEXT_OFFLINE,4,3,31,False
R01ZF,R01ZF_SARF000455,455,CAUSAL_REPLAY,0,0,34,True
R01ZF,R01ZF_SARF000455,455,FIXED_LAG_100MS,1,0,34,False
R01ZF,R01ZF_SARF000455,455,FULL_CONTEXT_OFFLINE,4,2,34,False
R01ZF,R01ZF_SARF000456,456,CAUSAL_REPLAY,0,0,33,True
R01ZF,R01ZF_SARF000456,456,FIXED_LAG_100MS,3,1,33,False
R01ZF,R01ZF_SARF000456,456,FULL_CONTEXT_OFFLINE,4,1,33,False
R01ZF,R01ZF_SARF000457,457,CAUSAL_REPLAY,1,0,28,False
R01ZF,R01ZF_SARF000457,457,FIXED_LAG_100MS,4,1,28,False
R01ZF,R01ZF_SARF000457,457,FULL_CONTEXT_OFFLINE,4,1,28,False
R01ZF,R01ZF_SARF000458,458,CAUSAL_REPLAY,1,1,39,False
R01ZF,R01ZF_SARF000458,458,FIXED_LAG_100MS,4,8,39,False
R01ZF,R01ZF_SARF000458,458,FULL_CONTEXT_OFFLINE,4,8,39,False
R01ZF,R01ZF_SARF000459,459,CAUSAL_REPLAY,3,7,45,False
R01ZF,R01ZF_SARF000459,459,FIXED_LAG_100MS,4,8,45,False
R01ZF,R01ZF_SARF000459,459,FULL_CONTEXT_OFFLINE,4,9,45,False
R01ZF,R01ZF_SARF000460,460,CAUSAL_REPLAY,4,2,30,False
R01ZF,R01ZF_SARF000460,460,FIXED_LAG_100MS,4,2,30,False
R01ZF,R01ZF_SARF000460,460,FULL_CONTEXT_OFFLINE,4,2,30,False
R01ZF,R01ZF_SARF000461,461,CAUSAL_REPLAY,4,28,47,False
R01ZF,R01ZF_SARF000461,461,FIXED_LAG_100MS,4,30,47,False
R01ZF,R01ZF_SARF000461,461,FULL_CONTEXT_OFFLINE,4,30,47,False
R01ZF,R01ZF_SARF000462,462,CAUSAL_REPLAY,4,48,62,False
R01ZF,R01ZF_SARF000462,462,FIXED_LAG_100MS,4,48,62,False
R01ZF,R01ZF_SARF000462,462,FULL_CONTEXT_OFFLINE,4,48,62,False
R01ZF,R01ZF_SARF000463,463,CAUSAL_REPLAY,4,4,39,False
R01ZF,R01ZF_SARF000463,463,FIXED_LAG_100MS,4,4,39,False
R01ZF,R01ZF_SARF000463,463,FULL_CONTEXT_OFFLINE,4,4,39,False
R01ZF,R01ZF_SARF000464,464,CAUSAL_REPLAY,4,2,28,False
R01ZF,R01ZF_SARF000464,464,FIXED_LAG_100MS,4,2,28,False
R01ZF,R01ZF_SARF000464,464,FULL_CONTEXT_OFFLINE,4,2,28,False
R01ZF,R01ZF_SARF000465,465,CAUSAL_REPLAY,3,8,38,False
R01ZF,R01ZF_SARF000465,465,FIXED_LAG_100MS,3,8,38,False
R01ZF,R01ZF_SARF000465,465,FULL_CONTEXT_OFFLINE,3,8,38,False
R01ZF,R01ZF_SARF000466,466,CAUSAL_REPLAY,1,0,30,False
R01ZF,R01ZF_SARF000466,466,FIXED_LAG_100MS,1,0,30,False
R01ZF,R01ZF_SARF000466,466,FULL_CONTEXT_OFFLINE,1,0,30,False
R01ZF,R01ZF_SARF000467,467,CAUSAL_REPLAY,1,2,30,False
R01ZF,R01ZF_SARF000467,467,FIXED_LAG_100MS,1,2,30,False
R01ZF,R01ZF_SARF000467,467,FULL_CONTEXT_OFFLINE,1,2,30,False
R01ZF,R01ZF_SARF000468,468,CAUSAL_REPLAY,1,1,30,False
R01ZF,R01ZF_SARF000468,468,FIXED_LAG_100MS,1,1,30,False
R01ZF,R01ZF_SARF000468,468,FULL_CONTEXT_OFFLINE,1,1,30,False
R01ZF,R01ZF_SARF000469,469,CAUSAL_REPLAY,1,2,30,False
R01ZF,R01ZF_SARF000469,469,FIXED_LAG_100MS,1,2,30,False
R01ZF,R01ZF_SARF000469,469,FULL_CONTEXT_OFFLINE,1,2,30,False
R01ZF,R01ZF_SARF000470,470,CAUSAL_REPLAY,1,0,27,False
R01ZF,R01ZF_SARF000470,470,FIXED_LAG_100MS,1,0,27,False
R01ZF,R01ZF_SARF000470,470,FULL_CONTEXT_OFFLINE,1,0,27,False
R01ZF,R01ZF_SARF000471,471,CAUSAL_REPLAY,1,2,27,False
R01ZF,R01ZF_SARF000471,471,FIXED_LAG_100MS,1,2,27,False
R01ZF,R01ZF_SARF000471,471,FULL_CONTEXT_OFFLINE,1,3,27,False
R01ZF,R01ZF_SARF000472,472,CAUSAL_REPLAY,1,5,36,False
R01ZF,R01ZF_SARF000472,472,FIXED_LAG_100MS,1,5,36,False
R01ZF,R01ZF_SARF000472,472,FULL_CONTEXT_OFFLINE,1,5,36,False
R01ZF,R01ZF_SARF000473,473,CAUSAL_REPLAY,1,4,40,False
R01ZF,R01ZF_SARF000473,473,FIXED_LAG_100MS,1,4,40,False
R01ZF,R01ZF_SARF000473,473,FULL_CONTEXT_OFFLINE,1,4,40,False
R01ZF,R01ZF_SARF000474,474,CAUSAL_REPLAY,1,1,32,False
R01ZF,R01ZF_SARF000474,474,FIXED_LAG_100MS,1,1,32,False
R01ZF,R01ZF_SARF000474,474,FULL_CONTEXT_OFFLINE,1,1,32,False
R01ZF,R01ZF_SARF000475,475,CAUSAL_REPLAY,1,6,35,False
R01ZF,R01ZF_SARF000475,475,FIXED_LAG_100MS,1,6,35,False
R01ZF,R01ZF_SARF000475,475,FULL_CONTEXT_OFFLINE,1,6,35,False
R01ZF,R01ZF_SARF000476,476,CAUSAL_REPLAY,1,4,39,False
R01ZF,R01ZF_SARF000476,476,FIXED_LAG_100MS,1,4,39,False
R01ZF,R01ZF_SARF000476,476,FULL_CONTEXT_OFFLINE,1,4,39,False
R01ZF,R01ZF_SARF000477,477,CAUSAL_REPLAY,1,4,36,False
R01ZF,R01ZF_SARF000477,477,FIXED_LAG_100MS,1,4,36,False
R01ZF,R01ZF_SARF000477,477,FULL_CONTEXT_OFFLINE,1,4,36,False
R01ZF,R01ZF_SARF000478,478,CAUSAL_REPLAY,1,11,65,False
R01ZF,R01ZF_SARF000478,478,FIXED_LAG_100MS,1,12,65,False
R01ZF,R01ZF_SARF000478,478,FULL_CONTEXT_OFFLINE,1,13,65,False
R01ZF,R01ZF_SARF000479,479,CAUSAL_REPLAY,1,7,47,False
R01ZF,R01ZF_SARF000479,479,FIXED_LAG_100MS,1,7,47,False
R01ZF,R01ZF_SARF000479,479,FULL_CONTEXT_OFFLINE,1,8,47,False
R01ZF,R01ZF_SARF000480,480,CAUSAL_REPLAY,1,1,30,False
R01ZF,R01ZF_SARF000480,480,FIXED_LAG_100MS,1,1,30,False
R01ZF,R01ZF_SARF000480,480,FULL_CONTEXT_OFFLINE,1,1,30,False
R01ZF,R01ZF_SARF000481,481,CAUSAL_REPLAY,1,1,28,False
R01ZF,R01ZF_SARF000481,481,FIXED_LAG_100MS,1,1,28,False
R01ZF,R01ZF_SARF000481,481,FULL_CONTEXT_OFFLINE,1,1,28,False
R01ZF,R01ZF_SARF000482,482,CAUSAL_REPLAY,1,1,37,False
R01ZF,R01ZF_SARF000482,482,FIXED_LAG_100MS,1,1,37,False
R01ZF,R01ZF_SARF000482,482,FULL_CONTEXT_OFFLINE,1,1,37,False
R01ZF,R01ZF_SARF000483,483,CAUSAL_REPLAY,1,2,43,False
R01ZF,R01ZF_SARF000483,483,FIXED_LAG_100MS,1,3,43,False
R01ZF,R01ZF_SARF000483,483,FULL_CONTEXT_OFFLINE,1,4,43,False
R01ZF,R01ZF_SARF000484,484,CAUSAL_REPLAY,1,1,39,False
R01ZF,R01ZF_SARF000484,484,FIXED_LAG_100MS,1,2,39,False
R01ZF,R01ZF_SARF000484,484,FULL_CONTEXT_OFFLINE,1,2,39,False
R01ZF,R01ZF_SARF000485,485,CAUSAL_REPLAY,1,0,33,False
R01ZF,R01ZF_SARF000485,485,FIXED_LAG_100MS,1,0,33,False
R01ZF,R01ZF_SARF000485,485,FULL_CONTEXT_OFFLINE,1,1,33,False
R01ZF,R01ZF_SARF000486,486,CAUSAL_REPLAY,1,0,29,False
R01ZF,R01ZF_SARF000486,486,FIXED_LAG_100MS,1,0,29,False
R01ZF,R01ZF_SARF000486,486,FULL_CONTEXT_OFFLINE,1,0,29,False
R01ZF,R01ZF_SARF000487,487,CAUSAL_REPLAY,1,0,40,False
R01ZF,R01ZF_SARF000487,487,FIXED_LAG_100MS,1,0,40,False
R01ZF,R01ZF_SARF000487,487,FULL_CONTEXT_OFFLINE,1,0,40,False
R01ZF,R01ZF_SARF000488,488,CAUSAL_REPLAY,1,0,33,False
R01ZF,R01ZF_SARF000488,488,FIXED_LAG_100MS,1,0,33,False
R01ZF,R01ZF_SARF000488,488,FULL_CONTEXT_OFFLINE,1,1,33,False
R01ZF,R01ZF_SARF000489,489,CAUSAL_REPLAY,1,2,25,False
R01ZF,R01ZF_SARF000489,489,FIXED_LAG_100MS,1,2,25,False
R01ZF,R01ZF_SARF000489,489,FULL_CONTEXT_OFFLINE,1,2,25,False
R01ZF,R01ZF_SARF000490,490,CAUSAL_REPLAY,1,1,27,False
R01ZF,R01ZF_SARF000490,490,FIXED_LAG_100MS,1,1,27,False
R01ZF,R01ZF_SARF000490,490,FULL_CONTEXT_OFFLINE,1,1,27,False
R01ZF,R01ZF_SARF000491,491,CAUSAL_REPLAY,1,0,28,False
R01ZF,R01ZF_SARF000491,491,FIXED_LAG_100MS,1,0,28,False
R01ZF,R01ZF_SARF000491,491,FULL_CONTEXT_OFFLINE,1,0,28,False
R01ZF,R01ZF_SARF000492,492,CAUSAL_REPLAY,1,1,33,False
R01ZF,R01ZF_SARF000492,492,FIXED_LAG_100MS,1,1,33,False
R01ZF,R01ZF_SARF000492,492,FULL_CONTEXT_OFFLINE,1,1,33,False
R01ZF,R01ZF_SARF000493,493,CAUSAL_REPLAY,1,2,42,False
R01ZF,R01ZF_SARF000493,493,FIXED_LAG_100MS,1,2,42,False
R01ZF,R01ZF_SARF000493,493,FULL_CONTEXT_OFFLINE,1,2,42,False
R01ZF,R01ZF_SARF000494,494,CAUSAL_REPLAY,1,5,39,False
R01ZF,R01ZF_SARF000494,494,FIXED_LAG_100MS,1,5,39,False
R01ZF,R01ZF_SARF000494,494,FULL_CONTEXT_OFFLINE,1,5,39,False
R02ZF,R02ZF_SARF000000,0,CAUSAL_REPLAY,0,0,90,True
R02ZF,R02ZF_SARF000000,0,FIXED_LAG_100MS,0,0,90,True
R02ZF,R02ZF_SARF000000,0,FULL_CONTEXT_OFFLINE,0,0,90,True
R02ZF,R02ZF_SARF000001,1,CAUSAL_REPLAY,0,0,80,True
R02ZF,R02ZF_SARF000001,1,FIXED_LAG_100MS,0,0,80,True
R02ZF,R02ZF_SARF000001,1,FULL_CONTEXT_OFFLINE,0,0,80,True
R02ZF,R02ZF_SARF000002,2,CAUSAL_REPLAY,0,0,75,True
R02ZF,R02ZF_SARF000002,2,FIXED_LAG_100MS,0,0,75,True
R02ZF,R02ZF_SARF000002,2,FULL_CONTEXT_OFFLINE,0,0,75,True
R02ZF,R02ZF_SARF000003,3,CAUSAL_REPLAY,0,0,81,True
R02ZF,R02ZF_SARF000003,3,FIXED_LAG_100MS,0,0,81,True
R02ZF,R02ZF_SARF000003,3,FULL_CONTEXT_OFFLINE,0,0,81,True
R02ZF,R02ZF_SARF000004,4,CAUSAL_REPLAY,0,0,69,True
R02ZF,R02ZF_SARF000004,4,FIXED_LAG_100MS,0,0,69,True
R02ZF,R02ZF_SARF000004,4,FULL_CONTEXT_OFFLINE,0,0,69,True
R02ZF,R02ZF_SARF000005,5,CAUSAL_REPLAY,0,0,74,True
R02ZF,R02ZF_SARF000005,5,FIXED_LAG_100MS,0,0,74,True
R02ZF,R02ZF_SARF000005,5,FULL_CONTEXT_OFFLINE,0,0,74,True
R02ZF,R02ZF_SARF000006,6,CAUSAL_REPLAY,0,0,72,True
R02ZF,R02ZF_SARF000006,6,FIXED_LAG_100MS,0,0,72,True
R02ZF,R02ZF_SARF000006,6,FULL_CONTEXT_OFFLINE,0,0,72,True
R02ZF,R02ZF_SARF000007,7,CAUSAL_REPLAY,0,0,77,True
R02ZF,R02ZF_SARF000007,7,FIXED_LAG_100MS,0,0,77,True
R02ZF,R02ZF_SARF000007,7,FULL_CONTEXT_OFFLINE,0,0,77,True
R02ZF,R02ZF_SARF000008,8,CAUSAL_REPLAY,0,0,69,True
R02ZF,R02ZF_SARF000008,8,FIXED_LAG_100MS,0,0,69,True
R02ZF,R02ZF_SARF000008,8,FULL_CONTEXT_OFFLINE,0,0,69,True
R02ZF,R02ZF_SARF000009,9,CAUSAL_REPLAY,0,0,76,True
R02ZF,R02ZF_SARF000009,9,FIXED_LAG_100MS,0,0,76,True
R02ZF,R02ZF_SARF000009,9,FULL_CONTEXT_OFFLINE,0,0,76,True
R02ZF,R02ZF_SARF000010,10,CAUSAL_REPLAY,0,0,68,True
R02ZF,R02ZF_SARF000010,10,FIXED_LAG_100MS,0,0,68,True
R02ZF,R02ZF_SARF000010,10,FULL_CONTEXT_OFFLINE,0,0,68,True
R02ZF,R02ZF_SARF000011,11,CAUSAL_REPLAY,0,0,71,True
R02ZF,R02ZF_SARF000011,11,FIXED_LAG_100MS,0,0,71,True
R02ZF,R02ZF_SARF000011,11,FULL_CONTEXT_OFFLINE,0,0,71,True
R02ZF,R02ZF_SARF000012,12,CAUSAL_REPLAY,0,0,70,True
R02ZF,R02ZF_SARF000012,12,FIXED_LAG_100MS,0,0,70,True
R02ZF,R02ZF_SARF000012,12,FULL_CONTEXT_OFFLINE,0,0,70,True
R02ZF,R02ZF_SARF000013,13,CAUSAL_REPLAY,0,0,53,True
R02ZF,R02ZF_SARF000013,13,FIXED_LAG_100MS,0,0,53,True
R02ZF,R02ZF_SARF000013,13,FULL_CONTEXT_OFFLINE,0,0,53,True
R02ZF,R02ZF_SARF000014,14,CAUSAL_REPLAY,0,0,63,True
R02ZF,R02ZF_SARF000014,14,FIXED_LAG_100MS,0,0,63,True
R02ZF,R02ZF_SARF000014,14,FULL_CONTEXT_OFFLINE,0,0,63,True
R02ZF,R02ZF_SARF000015,15,CAUSAL_REPLAY,0,0,59,True
R02ZF,R02ZF_SARF000015,15,FIXED_LAG_100MS,0,0,59,True
R02ZF,R02ZF_SARF000015,15,FULL_CONTEXT_OFFLINE,0,0,59,True
R02ZF,R02ZF_SARF000016,16,CAUSAL_REPLAY,0,0,67,True
R02ZF,R02ZF_SARF000016,16,FIXED_LAG_100MS,0,0,67,True
R02ZF,R02ZF_SARF000016,16,FULL_CONTEXT_OFFLINE,0,0,67,True
R02ZF,R02ZF_SARF000017,17,CAUSAL_REPLAY,0,0,73,True
R02ZF,R02ZF_SARF000017,17,FIXED_LAG_100MS,0,0,73,True
R02ZF,R02ZF_SARF000017,17,FULL_CONTEXT_OFFLINE,0,0,73,True
R02ZF,R02ZF_SARF000018,18,CAUSAL_REPLAY,0,0,53,True
R02ZF,R02ZF_SARF000018,18,FIXED_LAG_100MS,0,0,53,True
R02ZF,R02ZF_SARF000018,18,FULL_CONTEXT_OFFLINE,0,0,53,True
R02ZF,R02ZF_SARF000019,19,CAUSAL_REPLAY,0,0,68,True
R02ZF,R02ZF_SARF000019,19,FIXED_LAG_100MS,0,0,68,True
R02ZF,R02ZF_SARF000019,19,FULL_CONTEXT_OFFLINE,0,0,68,True
R02ZF,R02ZF_SARF000020,20,CAUSAL_REPLAY,0,0,64,True
R02ZF,R02ZF_SARF000020,20,FIXED_LAG_100MS,0,0,64,True
R02ZF,R02ZF_SARF000020,20,FULL_CONTEXT_OFFLINE,0,0,64,True
R02ZF,R02ZF_SARF000021,21,CAUSAL_REPLAY,0,0,65,True
R02ZF,R02ZF_SARF000021,21,FIXED_LAG_100MS,0,0,65,True
R02ZF,R02ZF_SARF000021,21,FULL_CONTEXT_OFFLINE,0,0,65,True
R02ZF,R02ZF_SARF000022,22,CAUSAL_REPLAY,0,0,57,True
R02ZF,R02ZF_SARF000022,22,FIXED_LAG_100MS,0,0,57,True
R02ZF,R02ZF_SARF000022,22,FULL_CONTEXT_OFFLINE,0,0,57,True
R02ZF,R02ZF_SARF000023,23,CAUSAL_REPLAY,0,0,77,True
R02ZF,R02ZF_SARF000023,23,FIXED_LAG_100MS,0,0,77,True
R02ZF,R02ZF_SARF000023,23,FULL_CONTEXT_OFFLINE,0,0,77,True
R02ZF,R02ZF_SARF000024,24,CAUSAL_REPLAY,0,0,50,True
R02ZF,R02ZF_SARF000024,24,FIXED_LAG_100MS,0,0,50,True
R02ZF,R02ZF_SARF000024,24,FULL_CONTEXT_OFFLINE,0,0,50,True
R02ZF,R02ZF_SARF000025,25,CAUSAL_REPLAY,0,0,65,True
R02ZF,R02ZF_SARF000025,25,FIXED_LAG_100MS,0,0,65,True
R02ZF,R02ZF_SARF000025,25,FULL_CONTEXT_OFFLINE,0,0,65,True
R02ZF,R02ZF_SARF000026,26,CAUSAL_REPLAY,0,0,68,True
R02ZF,R02ZF_SARF000026,26,FIXED_LAG_100MS,0,0,68,True
R02ZF,R02ZF_SARF000026,26,FULL_CONTEXT_OFFLINE,0,0,68,True
R02ZF,R02ZF_SARF000027,27,CAUSAL_REPLAY,0,0,75,True
R02ZF,R02ZF_SARF000027,27,FIXED_LAG_100MS,0,0,75,True
R02ZF,R02ZF_SARF000027,27,FULL_CONTEXT_OFFLINE,0,0,75,True
R02ZF,R02ZF_SARF000028,28,CAUSAL_REPLAY,0,0,72,True
R02ZF,R02ZF_SARF000028,28,FIXED_LAG_100MS,0,0,72,True
R02ZF,R02ZF_SARF000028,28,FULL_CONTEXT_OFFLINE,0,0,72,True
R02ZF,R02ZF_SARF000029,29,CAUSAL_REPLAY,0,0,52,True
R02ZF,R02ZF_SARF000029,29,FIXED_LAG_100MS,0,0,52,True
R02ZF,R02ZF_SARF000029,29,FULL_CONTEXT_OFFLINE,0,0,52,True
R02ZF,R02ZF_SARF000030,30,CAUSAL_REPLAY,0,0,47,True
R02ZF,R02ZF_SARF000030,30,FIXED_LAG_100MS,0,0,47,True
R02ZF,R02ZF_SARF000030,30,FULL_CONTEXT_OFFLINE,0,0,47,True
R02ZF,R02ZF_SARF000031,31,CAUSAL_REPLAY,0,0,55,True
R02ZF,R02ZF_SARF000031,31,FIXED_LAG_100MS,0,0,55,True
R02ZF,R02ZF_SARF000031,31,FULL_CONTEXT_OFFLINE,0,0,55,True
R02ZF,R02ZF_SARF000032,32,CAUSAL_REPLAY,0,0,56,True
R02ZF,R02ZF_SARF000032,32,FIXED_LAG_100MS,0,0,56,True
R02ZF,R02ZF_SARF000032,32,FULL_CONTEXT_OFFLINE,0,0,56,True
R02ZF,R02ZF_SARF000033,33,CAUSAL_REPLAY,0,0,67,True
R02ZF,R02ZF_SARF000033,33,FIXED_LAG_100MS,0,0,67,True
R02ZF,R02ZF_SARF000033,33,FULL_CONTEXT_OFFLINE,0,0,67,True
R02ZF,R02ZF_SARF000034,34,CAUSAL_REPLAY,0,0,45,True
R02ZF,R02ZF_SARF000034,34,FIXED_LAG_100MS,0,0,45,True
R02ZF,R02ZF_SARF000034,34,FULL_CONTEXT_OFFLINE,0,0,45,True
R02ZF,R02ZF_SARF000035,35,CAUSAL_REPLAY,0,0,60,True
R02ZF,R02ZF_SARF000035,35,FIXED_LAG_100MS,0,0,60,True
R02ZF,R02ZF_SARF000035,35,FULL_CONTEXT_OFFLINE,0,0,60,True
R02ZF,R02ZF_SARF000036,36,CAUSAL_REPLAY,0,0,51,True
R02ZF,R02ZF_SARF000036,36,FIXED_LAG_100MS,0,0,51,True
R02ZF,R02ZF_SARF000036,36,FULL_CONTEXT_OFFLINE,0,0,51,True
R02ZF,R02ZF_SARF000037,37,CAUSAL_REPLAY,0,0,75,True
R02ZF,R02ZF_SARF000037,37,FIXED_LAG_100MS,0,0,75,True
R02ZF,R02ZF_SARF000037,37,FULL_CONTEXT_OFFLINE,0,0,75,True
R02ZF,R02ZF_SARF000038,38,CAUSAL_REPLAY,0,0,67,True
R02ZF,R02ZF_SARF000038,38,FIXED_LAG_100MS,0,0,67,True
R02ZF,R02ZF_SARF000038,38,FULL_CONTEXT_OFFLINE,0,0,67,True
R02ZF,R02ZF_SARF000039,39,CAUSAL_REPLAY,0,0,75,True
R02ZF,R02ZF_SARF000039,39,FIXED_LAG_100MS,0,0,75,True
R02ZF,R02ZF_SARF000039,39,FULL_CONTEXT_OFFLINE,0,0,75,True
R02ZF,R02ZF_SARF000040,40,CAUSAL_REPLAY,0,0,61,True
R02ZF,R02ZF_SARF000040,40,FIXED_LAG_100MS,0,0,61,True
R02ZF,R02ZF_SARF000040,40,FULL_CONTEXT_OFFLINE,0,0,61,True
R02ZF,R02ZF_SARF000041,41,CAUSAL_REPLAY,0,0,73,True
R02ZF,R02ZF_SARF000041,41,FIXED_LAG_100MS,0,0,73,True
R02ZF,R02ZF_SARF000041,41,FULL_CONTEXT_OFFLINE,0,0,73,True
R02ZF,R02ZF_SARF000042,42,CAUSAL_REPLAY,0,0,71,True
R02ZF,R02ZF_SARF000042,42,FIXED_LAG_100MS,0,0,71,True
R02ZF,R02ZF_SARF000042,42,FULL_CONTEXT_OFFLINE,0,0,71,True
R02ZF,R02ZF_SARF000043,43,CAUSAL_REPLAY,0,0,66,True
R02ZF,R02ZF_SARF000043,43,FIXED_LAG_100MS,0,0,66,True
R02ZF,R02ZF_SARF000043,43,FULL_CONTEXT_OFFLINE,0,0,66,True
R02ZF,R02ZF_SARF000044,44,CAUSAL_REPLAY,0,0,63,True
R02ZF,R02ZF_SARF000044,44,FIXED_LAG_100MS,0,0,63,True
R02ZF,R02ZF_SARF000044,44,FULL_CONTEXT_OFFLINE,0,0,63,True
R02ZF,R02ZF_SARF000045,45,CAUSAL_REPLAY,0,0,70,True
R02ZF,R02ZF_SARF000045,45,FIXED_LAG_100MS,0,0,70,True
R02ZF,R02ZF_SARF000045,45,FULL_CONTEXT_OFFLINE,0,0,70,True
R02ZF,R02ZF_SARF000046,46,CAUSAL_REPLAY,0,0,77,True
R02ZF,R02ZF_SARF000046,46,FIXED_LAG_100MS,0,0,77,True
R02ZF,R02ZF_SARF000046,46,FULL_CONTEXT_OFFLINE,0,0,77,True
R02ZF,R02ZF_SARF000047,47,CAUSAL_REPLAY,0,0,86,True
R02ZF,R02ZF_SARF000047,47,FIXED_LAG_100MS,0,0,86,True
R02ZF,R02ZF_SARF000047,47,FULL_CONTEXT_OFFLINE,0,0,86,True
R02ZF,R02ZF_SARF000048,48,CAUSAL_REPLAY,0,0,82,True
R02ZF,R02ZF_SARF000048,48,FIXED_LAG_100MS,0,0,82,True
R02ZF,R02ZF_SARF000048,48,FULL_CONTEXT_OFFLINE,0,0,82,True
R02ZF,R02ZF_SARF000049,49,CAUSAL_REPLAY,0,0,71,True
R02ZF,R02ZF_SARF000049,49,FIXED_LAG_100MS,0,0,71,True
R02ZF,R02ZF_SARF000049,49,FULL_CONTEXT_OFFLINE,0,0,71,True
R02ZF,R02ZF_SARF000050,50,CAUSAL_REPLAY,0,0,68,True
R02ZF,R02ZF_SARF000050,50,FIXED_LAG_100MS,0,0,68,True
R02ZF,R02ZF_SARF000050,50,FULL_CONTEXT_OFFLINE,0,0,68,True
R02ZF,R02ZF_SARF000051,51,CAUSAL_REPLAY,0,0,74,True
R02ZF,R02ZF_SARF000051,51,FIXED_LAG_100MS,0,0,74,True
R02ZF,R02ZF_SARF000051,51,FULL_CONTEXT_OFFLINE,0,0,74,True
R02ZF,R02ZF_SARF000052,52,CAUSAL_REPLAY,0,0,74,True
R02ZF,R02ZF_SARF000052,52,FIXED_LAG_100MS,0,0,74,True
R02ZF,R02ZF_SARF000052,52,FULL_CONTEXT_OFFLINE,0,0,74,True
R02ZF,R02ZF_SARF000053,53,CAUSAL_REPLAY,0,0,72,True
R02ZF,R02ZF_SARF000053,53,FIXED_LAG_100MS,0,0,72,True
R02ZF,R02ZF_SARF000053,53,FULL_CONTEXT_OFFLINE,0,0,72,True
R02ZF,R02ZF_SARF000054,54,CAUSAL_REPLAY,0,0,81,True
R02ZF,R02ZF_SARF000054,54,FIXED_LAG_100MS,0,0,81,True
R02ZF,R02ZF_SARF000054,54,FULL_CONTEXT_OFFLINE,0,0,81,True
R02ZF,R02ZF_SARF000055,55,CAUSAL_REPLAY,0,0,85,True
R02ZF,R02ZF_SARF000055,55,FIXED_LAG_100MS,0,0,85,True
R02ZF,R02ZF_SARF000055,55,FULL_CONTEXT_OFFLINE,0,0,85,True
R02ZF,R02ZF_SARF000056,56,CAUSAL_REPLAY,0,0,77,True
R02ZF,R02ZF_SARF000056,56,FIXED_LAG_100MS,0,0,77,True
R02ZF,R02ZF_SARF000056,56,FULL_CONTEXT_OFFLINE,0,0,77,True
R02ZF,R02ZF_SARF000057,57,CAUSAL_REPLAY,0,0,75,True
R02ZF,R02ZF_SARF000057,57,FIXED_LAG_100MS,0,0,75,True
R02ZF,R02ZF_SARF000057,57,FULL_CONTEXT_OFFLINE,0,0,75,True
R02ZF,R02ZF_SARF000058,58,CAUSAL_REPLAY,0,0,83,True
R02ZF,R02ZF_SARF000058,58,FIXED_LAG_100MS,0,0,83,True
R02ZF,R02ZF_SARF000058,58,FULL_CONTEXT_OFFLINE,0,0,83,True
R02ZF,R02ZF_SARF000059,59,CAUSAL_REPLAY,0,0,82,True
R02ZF,R02ZF_SARF000059,59,FIXED_LAG_100MS,0,0,82,True
R02ZF,R02ZF_SARF000059,59,FULL_CONTEXT_OFFLINE,0,0,82,True
R02ZF,R02ZF_SARF000060,60,CAUSAL_REPLAY,0,0,72,True
R02ZF,R02ZF_SARF000060,60,FIXED_LAG_100MS,0,0,72,True
R02ZF,R02ZF_SARF000060,60,FULL_CONTEXT_OFFLINE,0,0,72,True
R02ZF,R02ZF_SARF000061,61,CAUSAL_REPLAY,0,0,82,True
R02ZF,R02ZF_SARF000061,61,FIXED_LAG_100MS,0,0,82,True
R02ZF,R02ZF_SARF000061,61,FULL_CONTEXT_OFFLINE,0,0,82,True
R02ZF,R02ZF_SARF000062,62,CAUSAL_REPLAY,0,0,77,True
R02ZF,R02ZF_SARF000062,62,FIXED_LAG_100MS,0,0,77,True
R02ZF,R02ZF_SARF000062,62,FULL_CONTEXT_OFFLINE,0,0,77,True
R02ZF,R02ZF_SARF000063,63,CAUSAL_REPLAY,0,0,90,True
R02ZF,R02ZF_SARF000063,63,FIXED_LAG_100MS,0,0,90,True
R02ZF,R02ZF_SARF000063,63,FULL_CONTEXT_OFFLINE,0,0,90,True
R02ZF,R02ZF_SARF000064,64,CAUSAL_REPLAY,0,0,92,True
R02ZF,R02ZF_SARF000064,64,FIXED_LAG_100MS,0,0,92,True
R02ZF,R02ZF_SARF000064,64,FULL_CONTEXT_OFFLINE,0,0,92,True
R02ZF,R02ZF_SARF000065,65,CAUSAL_REPLAY,0,0,80,True
R02ZF,R02ZF_SARF000065,65,FIXED_LAG_100MS,0,0,80,True
R02ZF,R02ZF_SARF000065,65,FULL_CONTEXT_OFFLINE,0,0,80,True
R02ZF,R02ZF_SARF000066,66,CAUSAL_REPLAY,0,0,87,True
R02ZF,R02ZF_SARF000066,66,FIXED_LAG_100MS,0,0,87,True
R02ZF,R02ZF_SARF000066,66,FULL_CONTEXT_OFFLINE,0,0,87,True
R02ZF,R02ZF_SARF000067,67,CAUSAL_REPLAY,0,0,77,True
R02ZF,R02ZF_SARF000067,67,FIXED_LAG_100MS,0,0,77,True
R02ZF,R02ZF_SARF000067,67,FULL_CONTEXT_OFFLINE,0,0,77,True
R02ZF,R02ZF_SARF000068,68,CAUSAL_REPLAY,0,0,75,True
R02ZF,R02ZF_SARF000068,68,FIXED_LAG_100MS,0,0,75,True
R02ZF,R02ZF_SARF000068,68,FULL_CONTEXT_OFFLINE,0,0,75,True
R02ZF,R02ZF_SARF000069,69,CAUSAL_REPLAY,0,0,79,True
R02ZF,R02ZF_SARF000069,69,FIXED_LAG_100MS,0,0,79,True
R02ZF,R02ZF_SARF000069,69,FULL_CONTEXT_OFFLINE,0,0,79,True
R02ZF,R02ZF_SARF000070,70,CAUSAL_REPLAY,0,0,72,True
R02ZF,R02ZF_SARF000070,70,FIXED_LAG_100MS,0,0,72,True
R02ZF,R02ZF_SARF000070,70,FULL_CONTEXT_OFFLINE,0,0,72,True
R02ZF,R02ZF_SARF000071,71,CAUSAL_REPLAY,0,0,81,True
R02ZF,R02ZF_SARF000071,71,FIXED_LAG_100MS,0,0,81,True
R02ZF,R02ZF_SARF000071,71,FULL_CONTEXT_OFFLINE,0,0,81,True
R02ZF,R02ZF_SARF000072,72,CAUSAL_REPLAY,0,0,77,True
R02ZF,R02ZF_SARF000072,72,FIXED_LAG_100MS,0,0,77,True
R02ZF,R02ZF_SARF000072,72,FULL_CONTEXT_OFFLINE,0,0,77,True
R02ZF,R02ZF_SARF000073,73,CAUSAL_REPLAY,0,0,72,True
R02ZF,R02ZF_SARF000073,73,FIXED_LAG_100MS,0,0,72,True
R02ZF,R02ZF_SARF000073,73,FULL_CONTEXT_OFFLINE,0,0,72,True
R02ZF,R02ZF_SARF000074,74,CAUSAL_REPLAY,0,0,64,True
R02ZF,R02ZF_SARF000074,74,FIXED_LAG_100MS,0,0,64,True
R02ZF,R02ZF_SARF000074,74,FULL_CONTEXT_OFFLINE,0,0,64,True
R02ZF,R02ZF_SARF000075,75,CAUSAL_REPLAY,0,0,67,True
R02ZF,R02ZF_SARF000075,75,FIXED_LAG_100MS,0,0,67,True
R02ZF,R02ZF_SARF000075,75,FULL_CONTEXT_OFFLINE,0,0,67,True
R02ZF,R02ZF_SARF000076,76,CAUSAL_REPLAY,0,0,63,True
R02ZF,R02ZF_SARF000076,76,FIXED_LAG_100MS,0,0,63,True
R02ZF,R02ZF_SARF000076,76,FULL_CONTEXT_OFFLINE,0,0,63,True
R02ZF,R02ZF_SARF000077,77,CAUSAL_REPLAY,0,0,68,True
R02ZF,R02ZF_SARF000077,77,FIXED_LAG_100MS,0,0,68,True
R02ZF,R02ZF_SARF000077,77,FULL_CONTEXT_OFFLINE,0,0,68,True
R02ZF,R02ZF_SARF000078,78,CAUSAL_REPLAY,0,0,71,True
R02ZF,R02ZF_SARF000078,78,FIXED_LAG_100MS,0,0,71,True
R02ZF,R02ZF_SARF000078,78,FULL_CONTEXT_OFFLINE,0,0,71,True
R02ZF,R02ZF_SARF000079,79,CAUSAL_REPLAY,0,0,80,True
R02ZF,R02ZF_SARF000079,79,FIXED_LAG_100MS,0,0,80,True
R02ZF,R02ZF_SARF000079,79,FULL_CONTEXT_OFFLINE,0,0,80,True
R02ZF,R02ZF_SARF000080,80,CAUSAL_REPLAY,0,0,67,True
R02ZF,R02ZF_SARF000080,80,FIXED_LAG_100MS,0,0,67,True
R02ZF,R02ZF_SARF000080,80,FULL_CONTEXT_OFFLINE,0,0,67,True
R02ZF,R02ZF_SARF000081,81,CAUSAL_REPLAY,0,0,69,True
R02ZF,R02ZF_SARF000081,81,FIXED_LAG_100MS,0,0,69,True
R02ZF,R02ZF_SARF000081,81,FULL_CONTEXT_OFFLINE,0,0,69,True
R02ZF,R02ZF_SARF000082,82,CAUSAL_REPLAY,0,0,64,True
R02ZF,R02ZF_SARF000082,82,FIXED_LAG_100MS,0,0,64,True
R02ZF,R02ZF_SARF000082,82,FULL_CONTEXT_OFFLINE,0,0,64,True
R02ZF,R02ZF_SARF000083,83,CAUSAL_REPLAY,0,0,81,True
R02ZF,R02ZF_SARF000083,83,FIXED_LAG_100MS,0,0,81,True
R02ZF,R02ZF_SARF000083,83,FULL_CONTEXT_OFFLINE,0,0,81,True
R02ZF,R02ZF_SARF000084,84,CAUSAL_REPLAY,0,0,71,True
R02ZF,R02ZF_SARF000084,84,FIXED_LAG_100MS,0,0,71,True
R02ZF,R02ZF_SARF000084,84,FULL_CONTEXT_OFFLINE,0,0,71,True
R02ZF,R02ZF_SARF000085,85,CAUSAL_REPLAY,0,0,72,True
R02ZF,R02ZF_SARF000085,85,FIXED_LAG_100MS,0,0,72,True
R02ZF,R02ZF_SARF000085,85,FULL_CONTEXT_OFFLINE,0,0,72,True
R02ZF,R02ZF_SARF000086,86,CAUSAL_REPLAY,0,0,62,True
R02ZF,R02ZF_SARF000086,86,FIXED_LAG_100MS,0,0,62,True
R02ZF,R02ZF_SARF000086,86,FULL_CONTEXT_OFFLINE,1,9,62,False
R02ZF,R02ZF_SARF000087,87,CAUSAL_REPLAY,0,0,56,True
R02ZF,R02ZF_SARF000087,87,FIXED_LAG_100MS,0,0,56,True
R02ZF,R02ZF_SARF000087,87,FULL_CONTEXT_OFFLINE,1,8,56,False
R02ZF,R02ZF_SARF000088,88,CAUSAL_REPLAY,0,0,48,True
R02ZF,R02ZF_SARF000088,88,FIXED_LAG_100MS,0,0,48,True
R02ZF,R02ZF_SARF000088,88,FULL_CONTEXT_OFFLINE,1,10,48,False
R02ZF,R02ZF_SARF000089,89,CAUSAL_REPLAY,0,0,53,True
R02ZF,R02ZF_SARF000089,89,FIXED_LAG_100MS,0,0,53,True
R02ZF,R02ZF_SARF000089,89,FULL_CONTEXT_OFFLINE,1,13,53,False
R02ZF,R02ZF_SARF000090,90,CAUSAL_REPLAY,0,0,47,True
R02ZF,R02ZF_SARF000090,90,FIXED_LAG_100MS,0,0,47,True
R02ZF,R02ZF_SARF000090,90,FULL_CONTEXT_OFFLINE,1,8,47,False
R02ZF,R02ZF_SARF000091,91,CAUSAL_REPLAY,0,0,64,True
R02ZF,R02ZF_SARF000091,91,FIXED_LAG_100MS,1,10,64,False
R02ZF,R02ZF_SARF000091,91,FULL_CONTEXT_OFFLINE,1,10,64,False
R02ZF,R02ZF_SARF000092,92,CAUSAL_REPLAY,0,0,69,True
R02ZF,R02ZF_SARF000092,92,FIXED_LAG_100MS,1,13,69,False
R02ZF,R02ZF_SARF000092,92,FULL_CONTEXT_OFFLINE,1,13,69,False
R02ZF,R02ZF_SARF000093,93,CAUSAL_REPLAY,0,0,85,True
R02ZF,R02ZF_SARF000093,93,FIXED_LAG_100MS,1,8,85,False
R02ZF,R02ZF_SARF000093,93,FULL_CONTEXT_OFFLINE,1,8,85,False
R02ZF,R02ZF_SARF000094,94,CAUSAL_REPLAY,1,7,57,False
R02ZF,R02ZF_SARF000094,94,FIXED_LAG_100MS,1,7,57,False
R02ZF,R02ZF_SARF000094,94,FULL_CONTEXT_OFFLINE,1,7,57,False
R02ZF,R02ZF_SARF000095,95,CAUSAL_REPLAY,1,6,57,False
R02ZF,R02ZF_SARF000095,95,FIXED_LAG_100MS,1,6,57,False
R02ZF,R02ZF_SARF000095,95,FULL_CONTEXT_OFFLINE,1,6,57,False
R02ZF,R02ZF_SARF000096,96,CAUSAL_REPLAY,1,12,62,False
R02ZF,R02ZF_SARF000096,96,FIXED_LAG_100MS,1,12,62,False
R02ZF,R02ZF_SARF000096,96,FULL_CONTEXT_OFFLINE,1,12,62,False
R02ZF,R02ZF_SARF000097,97,CAUSAL_REPLAY,1,6,60,False
R02ZF,R02ZF_SARF000097,97,FIXED_LAG_100MS,1,6,60,False
R02ZF,R02ZF_SARF000097,97,FULL_CONTEXT_OFFLINE,1,6,60,False
R02ZF,R02ZF_SARF000098,98,CAUSAL_REPLAY,1,9,58,False
R02ZF,R02ZF_SARF000098,98,FIXED_LAG_100MS,1,9,58,False
R02ZF,R02ZF_SARF000098,98,FULL_CONTEXT_OFFLINE,1,9,58,False
R02ZF,R02ZF_SARF000099,99,CAUSAL_REPLAY,1,10,66,False
R02ZF,R02ZF_SARF000099,99,FIXED_LAG_100MS,1,10,66,False
R02ZF,R02ZF_SARF000099,99,FULL_CONTEXT_OFFLINE,1,10,66,False
R02ZF,R02ZF_SARF000100,100,CAUSAL_REPLAY,1,9,54,False
R02ZF,R02ZF_SARF000100,100,FIXED_LAG_100MS,1,9,54,False
R02ZF,R02ZF_SARF000100,100,FULL_CONTEXT_OFFLINE,2,18,54,False
R02ZF,R02ZF_SARF000101,101,CAUSAL_REPLAY,0,0,50,True
R02ZF,R02ZF_SARF000101,101,FIXED_LAG_100MS,0,0,50,True
R02ZF,R02ZF_SARF000101,101,FULL_CONTEXT_OFFLINE,3,29,50,False
R02ZF,R02ZF_SARF000102,102,CAUSAL_REPLAY,0,0,46,True
R02ZF,R02ZF_SARF000102,102,FIXED_LAG_100MS,0,0,46,True
R02ZF,R02ZF_SARF000102,102,FULL_CONTEXT_OFFLINE,3,25,46,False
R02ZF,R02ZF_SARF000103,103,CAUSAL_REPLAY,0,0,51,True
R02ZF,R02ZF_SARF000103,103,FIXED_LAG_100MS,0,0,51,True
R02ZF,R02ZF_SARF000103,103,FULL_CONTEXT_OFFLINE,3,26,51,False
R02ZF,R02ZF_SARF000104,104,CAUSAL_REPLAY,0,0,51,True
R02ZF,R02ZF_SARF000104,104,FIXED_LAG_100MS,1,8,51,False
R02ZF,R02ZF_SARF000104,104,FULL_CONTEXT_OFFLINE,3,24,51,False
R02ZF,R02ZF_SARF000105,105,CAUSAL_REPLAY,0,0,68,True
R02ZF,R02ZF_SARF000105,105,FIXED_LAG_100MS,1,12,68,False
R02ZF,R02ZF_SARF000105,105,FULL_CONTEXT_OFFLINE,3,35,68,False
R02ZF,R02ZF_SARF000106,106,CAUSAL_REPLAY,0,0,49,True
R02ZF,R02ZF_SARF000106,106,FIXED_LAG_100MS,3,36,49,False
R02ZF,R02ZF_SARF000106,106,FULL_CONTEXT_OFFLINE,4,40,49,False
R02ZF,R02ZF_SARF000107,107,CAUSAL_REPLAY,1,10,60,False
R02ZF,R02ZF_SARF000107,107,FIXED_LAG_100MS,3,33,60,False
R02ZF,R02ZF_SARF000107,107,FULL_CONTEXT_OFFLINE,4,38,60,False
R02ZF,R02ZF_SARF000108,108,CAUSAL_REPLAY,1,12,53,False
R02ZF,R02ZF_SARF000108,108,FIXED_LAG_100MS,3,37,53,False
R02ZF,R02ZF_SARF000108,108,FULL_CONTEXT_OFFLINE,4,41,53,False
R02ZF,R02ZF_SARF000109,109,CAUSAL_REPLAY,3,31,62,False
R02ZF,R02ZF_SARF000109,109,FIXED_LAG_100MS,3,31,62,False
R02ZF,R02ZF_SARF000109,109,FULL_CONTEXT_OFFLINE,4,39,62,False
R02ZF,R02ZF_SARF000110,110,CAUSAL_REPLAY,3,30,56,False
R02ZF,R02ZF_SARF000110,110,FIXED_LAG_100MS,3,30,56,False
R02ZF,R02ZF_SARF000110,110,FULL_CONTEXT_OFFLINE,4,36,56,False
R02ZF,R02ZF_SARF000111,111,CAUSAL_REPLAY,3,35,49,False
R02ZF,R02ZF_SARF000111,111,FIXED_LAG_100MS,4,40,49,False
R02ZF,R02ZF_SARF000111,111,FULL_CONTEXT_OFFLINE,4,40,49,False
R02ZF,R02ZF_SARF000112,112,CAUSAL_REPLAY,3,35,51,False
R02ZF,R02ZF_SARF000112,112,FIXED_LAG_100MS,4,41,51,False
R02ZF,R02ZF_SARF000112,112,FULL_CONTEXT_OFFLINE,4,41,51,False
R02ZF,R02ZF_SARF000113,113,CAUSAL_REPLAY,3,41,49,False
R02ZF,R02ZF_SARF000113,113,FIXED_LAG_100MS,4,48,49,False
R02ZF,R02ZF_SARF000113,113,FULL_CONTEXT_OFFLINE,4,48,49,False
R02ZF,R02ZF_SARF000114,114,CAUSAL_REPLAY,4,47,52,False
R02ZF,R02ZF_SARF000114,114,FIXED_LAG_100MS,4,47,52,False
R02ZF,R02ZF_SARF000114,114,FULL_CONTEXT_OFFLINE,4,47,52,False
R02ZF,R02ZF_SARF000115,115,CAUSAL_REPLAY,3,31,53,False
R02ZF,R02ZF_SARF000115,115,FIXED_LAG_100MS,3,31,53,False
R02ZF,R02ZF_SARF000115,115,FULL_CONTEXT_OFFLINE,4,43,53,False
R02ZF,R02ZF_SARF000116,116,CAUSAL_REPLAY,1,4,51,False
R02ZF,R02ZF_SARF000116,116,FIXED_LAG_100MS,1,4,51,False
R02ZF,R02ZF_SARF000116,116,FULL_CONTEXT_OFFLINE,2,17,51,False
R02ZF,R02ZF_SARF000117,117,CAUSAL_REPLAY,1,3,56,False
R02ZF,R02ZF_SARF000117,117,FIXED_LAG_100MS,1,3,56,False
R02ZF,R02ZF_SARF000117,117,FULL_CONTEXT_OFFLINE,2,16,56,False
R02ZF,R02ZF_SARF000118,118,CAUSAL_REPLAY,1,3,52,False
R02ZF,R02ZF_SARF000118,118,FIXED_LAG_100MS,1,3,52,False
R02ZF,R02ZF_SARF000118,118,FULL_CONTEXT_OFFLINE,2,18,52,False
R02ZF,R02ZF_SARF000119,119,CAUSAL_REPLAY,1,5,53,False
R02ZF,R02ZF_SARF000119,119,FIXED_LAG_100MS,2,17,53,False
R02ZF,R02ZF_SARF000119,119,FULL_CONTEXT_OFFLINE,2,17,53,False
R02ZF,R02ZF_SARF000120,120,CAUSAL_REPLAY,1,2,58,False
R02ZF,R02ZF_SARF000120,120,FIXED_LAG_100MS,2,20,58,False
R02ZF,R02ZF_SARF000120,120,FULL_CONTEXT_OFFLINE,2,20,58,False
R02ZF,R02ZF_SARF000121,121,CAUSAL_REPLAY,0,0,54,True
R02ZF,R02ZF_SARF000121,121,FIXED_LAG_100MS,1,15,54,False
R02ZF,R02ZF_SARF000121,121,FULL_CONTEXT_OFFLINE,1,15,54,False
R02ZF,R02ZF_SARF000122,122,CAUSAL_REPLAY,1,16,50,False
R02ZF,R02ZF_SARF000122,122,FIXED_LAG_100MS,1,16,50,False
R02ZF,R02ZF_SARF000122,122,FULL_CONTEXT_OFFLINE,1,16,50,False
R02ZF,R02ZF_SARF000123,123,CAUSAL_REPLAY,1,14,51,False
R02ZF,R02ZF_SARF000123,123,FIXED_LAG_100MS,1,14,51,False
R02ZF,R02ZF_SARF000123,123,FULL_CONTEXT_OFFLINE,1,14,51,False
R02ZF,R02ZF_SARF000124,124,CAUSAL_REPLAY,1,16,54,False
R02ZF,R02ZF_SARF000124,124,FIXED_LAG_100MS,1,16,54,False
R02ZF,R02ZF_SARF000124,124,FULL_CONTEXT_OFFLINE,1,16,54,False
R02ZF,R02ZF_SARF000125,125,CAUSAL_REPLAY,1,12,42,False
R02ZF,R02ZF_SARF000125,125,FIXED_LAG_100MS,1,12,42,False
R02ZF,R02ZF_SARF000125,125,FULL_CONTEXT_OFFLINE,1,12,42,False
R02ZF,R02ZF_SARF000126,126,CAUSAL_REPLAY,1,14,50,False
R02ZF,R02ZF_SARF000126,126,FIXED_LAG_100MS,1,14,50,False
R02ZF,R02ZF_SARF000126,126,FULL_CONTEXT_OFFLINE,1,14,50,False
R02ZF,R02ZF_SARF000127,127,CAUSAL_REPLAY,1,14,68,False
R02ZF,R02ZF_SARF000127,127,FIXED_LAG_100MS,1,14,68,False
R02ZF,R02ZF_SARF000127,127,FULL_CONTEXT_OFFLINE,1,14,68,False
R02ZF,R02ZF_SARF000128,128,CAUSAL_REPLAY,1,13,54,False
R02ZF,R02ZF_SARF000128,128,FIXED_LAG_100MS,1,13,54,False
R02ZF,R02ZF_SARF000128,128,FULL_CONTEXT_OFFLINE,1,13,54,False
R02ZF,R02ZF_SARF000129,129,CAUSAL_REPLAY,1,12,60,False
R02ZF,R02ZF_SARF000129,129,FIXED_LAG_100MS,1,12,60,False
R02ZF,R02ZF_SARF000129,129,FULL_CONTEXT_OFFLINE,1,12,60,False
R02ZF,R02ZF_SARF000130,130,CAUSAL_REPLAY,0,0,55,True
R02ZF,R02ZF_SARF000130,130,FIXED_LAG_100MS,0,0,55,True
R02ZF,R02ZF_SARF000130,130,FULL_CONTEXT_OFFLINE,0,0,55,True
R02ZF,R02ZF_SARF000131,131,CAUSAL_REPLAY,0,0,49,True
R02ZF,R02ZF_SARF000131,131,FIXED_LAG_100MS,0,0,49,True
R02ZF,R02ZF_SARF000131,131,FULL_CONTEXT_OFFLINE,0,0,49,True
R02ZF,R02ZF_SARF000132,132,CAUSAL_REPLAY,0,0,46,True
R02ZF,R02ZF_SARF000132,132,FIXED_LAG_100MS,0,0,46,True
R02ZF,R02ZF_SARF000132,132,FULL_CONTEXT_OFFLINE,0,0,46,True
R02ZF,R02ZF_SARF000133,133,CAUSAL_REPLAY,0,0,71,True
R02ZF,R02ZF_SARF000133,133,FIXED_LAG_100MS,0,0,71,True
R02ZF,R02ZF_SARF000133,133,FULL_CONTEXT_OFFLINE,0,0,71,True
R02ZF,R02ZF_SARF000134,134,CAUSAL_REPLAY,0,0,57,True
R02ZF,R02ZF_SARF000134,134,FIXED_LAG_100MS,0,0,57,True
R02ZF,R02ZF_SARF000134,134,FULL_CONTEXT_OFFLINE,0,0,57,True
R02ZF,R02ZF_SARF000135,135,CAUSAL_REPLAY,0,0,62,True
R02ZF,R02ZF_SARF000135,135,FIXED_LAG_100MS,0,0,62,True
R02ZF,R02ZF_SARF000135,135,FULL_CONTEXT_OFFLINE,0,0,62,True
R02ZF,R02ZF_SARF000136,136,CAUSAL_REPLAY,0,0,36,True
R02ZF,R02ZF_SARF000136,136,FIXED_LAG_100MS,0,0,36,True
R02ZF,R02ZF_SARF000136,136,FULL_CONTEXT_OFFLINE,0,0,36,True
R02ZF,R02ZF_SARF000137,137,CAUSAL_REPLAY,0,0,52,True
R02ZF,R02ZF_SARF000137,137,FIXED_LAG_100MS,0,0,52,True
R02ZF,R02ZF_SARF000137,137,FULL_CONTEXT_OFFLINE,0,0,52,True
R02ZF,R02ZF_SARF000138,138,CAUSAL_REPLAY,0,0,49,True
R02ZF,R02ZF_SARF000138,138,FIXED_LAG_100MS,0,0,49,True
R02ZF,R02ZF_SARF000138,138,FULL_CONTEXT_OFFLINE,0,0,49,True
R02ZF,R02ZF_SARF000139,139,CAUSAL_REPLAY,0,0,57,True
R02ZF,R02ZF_SARF000139,139,FIXED_LAG_100MS,0,0,57,True
R02ZF,R02ZF_SARF000139,139,FULL_CONTEXT_OFFLINE,0,0,57,True
R02ZF,R02ZF_SARF000140,140,CAUSAL_REPLAY,0,0,52,True
R02ZF,R02ZF_SARF000140,140,FIXED_LAG_100MS,0,0,52,True
R02ZF,R02ZF_SARF000140,140,FULL_CONTEXT_OFFLINE,0,0,52,True
R02ZF,R02ZF_SARF000141,141,CAUSAL_REPLAY,0,0,67,True
R02ZF,R02ZF_SARF000141,141,FIXED_LAG_100MS,0,0,67,True
R02ZF,R02ZF_SARF000141,141,FULL_CONTEXT_OFFLINE,0,0,67,True
R02ZF,R02ZF_SARF000142,142,CAUSAL_REPLAY,0,0,63,True
R02ZF,R02ZF_SARF000142,142,FIXED_LAG_100MS,0,0,63,True
R02ZF,R02ZF_SARF000142,142,FULL_CONTEXT_OFFLINE,0,0,63,True
R02ZF,R02ZF_SARF000143,143,CAUSAL_REPLAY,0,0,51,True
R02ZF,R02ZF_SARF000143,143,FIXED_LAG_100MS,0,0,51,True
R02ZF,R02ZF_SARF000143,143,FULL_CONTEXT_OFFLINE,0,0,51,True
R02ZF,R02ZF_SARF000144,144,CAUSAL_REPLAY,0,0,53,True
R02ZF,R02ZF_SARF000144,144,FIXED_LAG_100MS,0,0,53,True
R02ZF,R02ZF_SARF000144,144,FULL_CONTEXT_OFFLINE,0,0,53,True
R02ZF,R02ZF_SARF000145,145,CAUSAL_REPLAY,0,0,65,True
R02ZF,R02ZF_SARF000145,145,FIXED_LAG_100MS,0,0,65,True
R02ZF,R02ZF_SARF000145,145,FULL_CONTEXT_OFFLINE,0,0,65,True
R02ZF,R02ZF_SARF000146,146,CAUSAL_REPLAY,0,0,55,True
R02ZF,R02ZF_SARF000146,146,FIXED_LAG_100MS,0,0,55,True
R02ZF,R02ZF_SARF000146,146,FULL_CONTEXT_OFFLINE,0,0,55,True
R02ZF,R02ZF_SARF000147,147,CAUSAL_REPLAY,0,0,70,True
R02ZF,R02ZF_SARF000147,147,FIXED_LAG_100MS,0,0,70,True
R02ZF,R02ZF_SARF000147,147,FULL_CONTEXT_OFFLINE,0,0,70,True
R02ZF,R02ZF_SARF000148,148,CAUSAL_REPLAY,0,0,50,True
R02ZF,R02ZF_SARF000148,148,FIXED_LAG_100MS,0,0,50,True
R02ZF,R02ZF_SARF000148,148,FULL_CONTEXT_OFFLINE,0,0,50,True
R02ZF,R02ZF_SARF000149,149,CAUSAL_REPLAY,0,0,55,True
R02ZF,R02ZF_SARF000149,149,FIXED_LAG_100MS,0,0,55,True
R02ZF,R02ZF_SARF000149,149,FULL_CONTEXT_OFFLINE,0,0,55,True
R02ZF,R02ZF_SARF000150,150,CAUSAL_REPLAY,0,0,45,True
R02ZF,R02ZF_SARF000150,150,FIXED_LAG_100MS,0,0,45,True
R02ZF,R02ZF_SARF000150,150,FULL_CONTEXT_OFFLINE,0,0,45,True
R02ZF,R02ZF_SARF000151,151,CAUSAL_REPLAY,0,0,58,True
R02ZF,R02ZF_SARF000151,151,FIXED_LAG_100MS,0,0,58,True
R02ZF,R02ZF_SARF000151,151,FULL_CONTEXT_OFFLINE,0,0,58,True
R02ZF,R02ZF_SARF000152,152,CAUSAL_REPLAY,0,0,51,True
R02ZF,R02ZF_SARF000152,152,FIXED_LAG_100MS,0,0,51,True
R02ZF,R02ZF_SARF000152,152,FULL_CONTEXT_OFFLINE,0,0,51,True
R02ZF,R02ZF_SARF000153,153,CAUSAL_REPLAY,0,0,60,True
R02ZF,R02ZF_SARF000153,153,FIXED_LAG_100MS,0,0,60,True
R02ZF,R02ZF_SARF000153,153,FULL_CONTEXT_OFFLINE,0,0,60,True
R02ZF,R02ZF_SARF000154,154,CAUSAL_REPLAY,0,0,47,True
R02ZF,R02ZF_SARF000154,154,FIXED_LAG_100MS,0,0,47,True
R02ZF,R02ZF_SARF000154,154,FULL_CONTEXT_OFFLINE,0,0,47,True
R02ZF,R02ZF_SARF000155,155,CAUSAL_REPLAY,0,0,58,True
R02ZF,R02ZF_SARF000155,155,FIXED_LAG_100MS,0,0,58,True
R02ZF,R02ZF_SARF000155,155,FULL_CONTEXT_OFFLINE,0,0,58,True
R02ZF,R02ZF_SARF000156,156,CAUSAL_REPLAY,0,0,53,True
R02ZF,R02ZF_SARF000156,156,FIXED_LAG_100MS,0,0,53,True
R02ZF,R02ZF_SARF000156,156,FULL_CONTEXT_OFFLINE,0,0,53,True
R02ZF,R02ZF_SARF000157,157,CAUSAL_REPLAY,0,0,54,True
R02ZF,R02ZF_SARF000157,157,FIXED_LAG_100MS,0,0,54,True
R02ZF,R02ZF_SARF000157,157,FULL_CONTEXT_OFFLINE,0,0,54,True
R02ZF,R02ZF_SARF000158,158,CAUSAL_REPLAY,0,0,52,True
R02ZF,R02ZF_SARF000158,158,FIXED_LAG_100MS,0,0,52,True
R02ZF,R02ZF_SARF000158,158,FULL_CONTEXT_OFFLINE,0,0,52,True
R02ZF,R02ZF_SARF000159,159,CAUSAL_REPLAY,0,0,56,True
R02ZF,R02ZF_SARF000159,159,FIXED_LAG_100MS,0,0,56,True
R02ZF,R02ZF_SARF000159,159,FULL_CONTEXT_OFFLINE,0,0,56,True
R02ZF,R02ZF_SARF000160,160,CAUSAL_REPLAY,0,0,49,True
R02ZF,R02ZF_SARF000160,160,FIXED_LAG_100MS,0,0,49,True
R02ZF,R02ZF_SARF000160,160,FULL_CONTEXT_OFFLINE,0,0,49,True
R02ZF,R02ZF_SARF000161,161,CAUSAL_REPLAY,0,0,60,True
R02ZF,R02ZF_SARF000161,161,FIXED_LAG_100MS,0,0,60,True
R02ZF,R02ZF_SARF000161,161,FULL_CONTEXT_OFFLINE,1,11,60,False
R02ZF,R02ZF_SARF000162,162,CAUSAL_REPLAY,0,0,56,True
R02ZF,R02ZF_SARF000162,162,FIXED_LAG_100MS,0,0,56,True
R02ZF,R02ZF_SARF000162,162,FULL_CONTEXT_OFFLINE,1,8,56,False
R02ZF,R02ZF_SARF000163,163,CAUSAL_REPLAY,0,0,61,True
R02ZF,R02ZF_SARF000163,163,FIXED_LAG_100MS,0,0,61,True
R02ZF,R02ZF_SARF000163,163,FULL_CONTEXT_OFFLINE,1,11,61,False
R02ZF,R02ZF_SARF000164,164,CAUSAL_REPLAY,0,0,54,True
R02ZF,R02ZF_SARF000164,164,FIXED_LAG_100MS,0,0,54,True
R02ZF,R02ZF_SARF000164,164,FULL_CONTEXT_OFFLINE,1,9,54,False
R02ZF,R02ZF_SARF000165,165,CAUSAL_REPLAY,0,0,50,True
R02ZF,R02ZF_SARF000165,165,FIXED_LAG_100MS,0,0,50,True
R02ZF,R02ZF_SARF000165,165,FULL_CONTEXT_OFFLINE,1,7,50,False
R02ZF,R02ZF_SARF000166,166,CAUSAL_REPLAY,0,0,49,True
R02ZF,R02ZF_SARF000166,166,FIXED_LAG_100MS,1,8,49,False
R02ZF,R02ZF_SARF000166,166,FULL_CONTEXT_OFFLINE,1,8,49,False
R02ZF,R02ZF_SARF000167,167,CAUSAL_REPLAY,0,0,62,True
R02ZF,R02ZF_SARF000167,167,FIXED_LAG_100MS,1,10,62,False
R02ZF,R02ZF_SARF000167,167,FULL_CONTEXT_OFFLINE,1,10,62,False
R02ZF,R02ZF_SARF000168,168,CAUSAL_REPLAY,0,0,51,True
R02ZF,R02ZF_SARF000168,168,FIXED_LAG_100MS,1,8,51,False
R02ZF,R02ZF_SARF000168,168,FULL_CONTEXT_OFFLINE,1,8,51,False
R02ZF,R02ZF_SARF000169,169,CAUSAL_REPLAY,1,11,58,False
R02ZF,R02ZF_SARF000169,169,FIXED_LAG_100MS,1,11,58,False
R02ZF,R02ZF_SARF000169,169,FULL_CONTEXT_OFFLINE,1,11,58,False
R02ZF,R02ZF_SARF000170,170,CAUSAL_REPLAY,1,7,56,False
R02ZF,R02ZF_SARF000170,170,FIXED_LAG_100MS,1,7,56,False
R02ZF,R02ZF_SARF000170,170,FULL_CONTEXT_OFFLINE,1,7,56,False
R02ZF,R02ZF_SARF000171,171,CAUSAL_REPLAY,1,9,57,False
R02ZF,R02ZF_SARF000171,171,FIXED_LAG_100MS,1,9,57,False
R02ZF,R02ZF_SARF000171,171,FULL_CONTEXT_OFFLINE,1,9,57,False
R02ZF,R02ZF_SARF000172,172,CAUSAL_REPLAY,1,7,66,False
R02ZF,R02ZF_SARF000172,172,FIXED_LAG_100MS,1,7,66,False
R02ZF,R02ZF_SARF000172,172,FULL_CONTEXT_OFFLINE,1,7,66,False
R02ZF,R02ZF_SARF000173,173,CAUSAL_REPLAY,1,6,66,False
R02ZF,R02ZF_SARF000173,173,FIXED_LAG_100MS,1,6,66,False
R02ZF,R02ZF_SARF000173,173,FULL_CONTEXT_OFFLINE,1,6,66,False
R02ZF,R02ZF_SARF000174,174,CAUSAL_REPLAY,1,7,53,False
R02ZF,R02ZF_SARF000174,174,FIXED_LAG_100MS,1,7,53,False
R02ZF,R02ZF_SARF000174,174,FULL_CONTEXT_OFFLINE,1,7,53,False
R02ZF,R02ZF_SARF000175,175,CAUSAL_REPLAY,1,9,61,False
R02ZF,R02ZF_SARF000175,175,FIXED_LAG_100MS,1,9,61,False
R02ZF,R02ZF_SARF000175,175,FULL_CONTEXT_OFFLINE,1,9,61,False
R02ZF,R02ZF_SARF000176,176,CAUSAL_REPLAY,0,0,60,True
R02ZF,R02ZF_SARF000176,176,FIXED_LAG_100MS,0,0,60,True
R02ZF,R02ZF_SARF000176,176,FULL_CONTEXT_OFFLINE,0,0,60,True
R02ZF,R02ZF_SARF000177,177,CAUSAL_REPLAY,0,0,62,True
R02ZF,R02ZF_SARF000177,177,FIXED_LAG_100MS,0,0,62,True
R02ZF,R02ZF_SARF000177,177,FULL_CONTEXT_OFFLINE,0,0,62,True
R02ZF,R02ZF_SARF000178,178,CAUSAL_REPLAY,0,0,52,True
R02ZF,R02ZF_SARF000178,178,FIXED_LAG_100MS,0,0,52,True
R02ZF,R02ZF_SARF000178,178,FULL_CONTEXT_OFFLINE,0,0,52,True
R02ZF,R02ZF_SARF000179,179,CAUSAL_REPLAY,0,0,52,True
R02ZF,R02ZF_SARF000179,179,FIXED_LAG_100MS,0,0,52,True
R02ZF,R02ZF_SARF000179,179,FULL_CONTEXT_OFFLINE,0,0,52,True
R02ZF,R02ZF_SARF000180,180,CAUSAL_REPLAY,0,0,54,True
R02ZF,R02ZF_SARF000180,180,FIXED_LAG_100MS,0,0,54,True
R02ZF,R02ZF_SARF000180,180,FULL_CONTEXT_OFFLINE,0,0,54,True
R02ZF,R02ZF_SARF000181,181,CAUSAL_REPLAY,0,0,59,True
R02ZF,R02ZF_SARF000181,181,FIXED_LAG_100MS,0,0,59,True
R02ZF,R02ZF_SARF000181,181,FULL_CONTEXT_OFFLINE,0,0,59,True
R02ZF,R02ZF_SARF000182,182,CAUSAL_REPLAY,0,0,58,True
R02ZF,R02ZF_SARF000182,182,FIXED_LAG_100MS,0,0,58,True
R02ZF,R02ZF_SARF000182,182,FULL_CONTEXT_OFFLINE,0,0,58,True
R02ZF,R02ZF_SARF000183,183,CAUSAL_REPLAY,0,0,53,True
R02ZF,R02ZF_SARF000183,183,FIXED_LAG_100MS,0,0,53,True
R02ZF,R02ZF_SARF000183,183,FULL_CONTEXT_OFFLINE,0,0,53,True
R02ZF,R02ZF_SARF000184,184,CAUSAL_REPLAY,0,0,55,True
R02ZF,R02ZF_SARF000184,184,FIXED_LAG_100MS,0,0,55,True
R02ZF,R02ZF_SARF000184,184,FULL_CONTEXT_OFFLINE,0,0,55,True
R02ZF,R02ZF_SARF000185,185,CAUSAL_REPLAY,0,0,56,True
R02ZF,R02ZF_SARF000185,185,FIXED_LAG_100MS,0,0,56,True
R02ZF,R02ZF_SARF000185,185,FULL_CONTEXT_OFFLINE,0,0,56,True
R02ZF,R02ZF_SARF000186,186,CAUSAL_REPLAY,0,0,62,True
R02ZF,R02ZF_SARF000186,186,FIXED_LAG_100MS,0,0,62,True
R02ZF,R02ZF_SARF000186,186,FULL_CONTEXT_OFFLINE,0,0,62,True
R02ZF,R02ZF_SARF000187,187,CAUSAL_REPLAY,0,0,62,True
R02ZF,R02ZF_SARF000187,187,FIXED_LAG_100MS,0,0,62,True
R02ZF,R02ZF_SARF000187,187,FULL_CONTEXT_OFFLINE,0,0,62,True
R02ZF,R02ZF_SARF000188,188,CAUSAL_REPLAY,0,0,72,True
R02ZF,R02ZF_SARF000188,188,FIXED_LAG_100MS,0,0,72,True
R02ZF,R02ZF_SARF000188,188,FULL_CONTEXT_OFFLINE,0,0,72,True
R02ZF,R02ZF_SARF000189,189,CAUSAL_REPLAY,0,0,67,True
R02ZF,R02ZF_SARF000189,189,FIXED_LAG_100MS,0,0,67,True
R02ZF,R02ZF_SARF000189,189,FULL_CONTEXT_OFFLINE,0,0,67,True
R02ZF,R02ZF_SARF000190,190,CAUSAL_REPLAY,0,0,65,True
R02ZF,R02ZF_SARF000190,190,FIXED_LAG_100MS,0,0,65,True
R02ZF,R02ZF_SARF000190,190,FULL_CONTEXT_OFFLINE,0,0,65,True
R02ZF,R02ZF_SARF000191,191,CAUSAL_REPLAY,0,0,68,True
R02ZF,R02ZF_SARF000191,191,FIXED_LAG_100MS,0,0,68,True
R02ZF,R02ZF_SARF000191,191,FULL_CONTEXT_OFFLINE,0,0,68,True
R02ZF,R02ZF_SARF000192,192,CAUSAL_REPLAY,0,0,63,True
R02ZF,R02ZF_SARF000192,192,FIXED_LAG_100MS,0,0,63,True
R02ZF,R02ZF_SARF000192,192,FULL_CONTEXT_OFFLINE,0,0,63,True
R02ZF,R02ZF_SARF000193,193,CAUSAL_REPLAY,0,0,68,True
R02ZF,R02ZF_SARF000193,193,FIXED_LAG_100MS,0,0,68,True
R02ZF,R02ZF_SARF000193,193,FULL_CONTEXT_OFFLINE,0,0,68,True
R02ZF,R02ZF_SARF000194,194,CAUSAL_REPLAY,0,0,67,True
R02ZF,R02ZF_SARF000194,194,FIXED_LAG_100MS,0,0,67,True
R02ZF,R02ZF_SARF000194,194,FULL_CONTEXT_OFFLINE,0,0,67,True
R02ZF,R02ZF_SARF000195,195,CAUSAL_REPLAY,0,0,64,True
R02ZF,R02ZF_SARF000195,195,FIXED_LAG_100MS,0,0,64,True
R02ZF,R02ZF_SARF000195,195,FULL_CONTEXT_OFFLINE,0,0,64,True
R02ZF,R02ZF_SARF000196,196,CAUSAL_REPLAY,0,0,63,True
R02ZF,R02ZF_SARF000196,196,FIXED_LAG_100MS,0,0,63,True
R02ZF,R02ZF_SARF000196,196,FULL_CONTEXT_OFFLINE,0,0,63,True
R02ZF,R02ZF_SARF000197,197,CAUSAL_REPLAY,0,0,70,True
R02ZF,R02ZF_SARF000197,197,FIXED_LAG_100MS,0,0,70,True
R02ZF,R02ZF_SARF000197,197,FULL_CONTEXT_OFFLINE,0,0,70,True
R02ZF,R02ZF_SARF000198,198,CAUSAL_REPLAY,0,0,66,True
R02ZF,R02ZF_SARF000198,198,FIXED_LAG_100MS,0,0,66,True
R02ZF,R02ZF_SARF000198,198,FULL_CONTEXT_OFFLINE,0,0,66,True
R02ZF,R02ZF_SARF000199,199,CAUSAL_REPLAY,0,0,58,True
R02ZF,R02ZF_SARF000199,199,FIXED_LAG_100MS,0,0,58,True
R02ZF,R02ZF_SARF000199,199,FULL_CONTEXT_OFFLINE,0,0,58,True
R02ZF,R02ZF_SARF000200,200,CAUSAL_REPLAY,0,0,62,True
R02ZF,R02ZF_SARF000200,200,FIXED_LAG_100MS,0,0,62,True
R02ZF,R02ZF_SARF000200,200,FULL_CONTEXT_OFFLINE,0,0,62,True
R02ZF,R02ZF_SARF000201,201,CAUSAL_REPLAY,0,0,60,True
R02ZF,R02ZF_SARF000201,201,FIXED_LAG_100MS,0,0,60,True
R02ZF,R02ZF_SARF000201,201,FULL_CONTEXT_OFFLINE,0,0,60,True
R02ZF,R02ZF_SARF000202,202,CAUSAL_REPLAY,0,0,57,True
R02ZF,R02ZF_SARF000202,202,FIXED_LAG_100MS,0,0,57,True
R02ZF,R02ZF_SARF000202,202,FULL_CONTEXT_OFFLINE,0,0,57,True
R02ZF,R02ZF_SARF000203,203,CAUSAL_REPLAY,0,0,55,True
R02ZF,R02ZF_SARF000203,203,FIXED_LAG_100MS,0,0,55,True
R02ZF,R02ZF_SARF000203,203,FULL_CONTEXT_OFFLINE,0,0,55,True
R02ZF,R02ZF_SARF000204,204,CAUSAL_REPLAY,0,0,61,True
R02ZF,R02ZF_SARF000204,204,FIXED_LAG_100MS,0,0,61,True
R02ZF,R02ZF_SARF000204,204,FULL_CONTEXT_OFFLINE,0,0,61,True
R02ZF,R02ZF_SARF000205,205,CAUSAL_REPLAY,0,0,67,True
R02ZF,R02ZF_SARF000205,205,FIXED_LAG_100MS,0,0,67,True
R02ZF,R02ZF_SARF000205,205,FULL_CONTEXT_OFFLINE,0,0,67,True
R02ZF,R02ZF_SARF000206,206,CAUSAL_REPLAY,0,0,53,True
R02ZF,R02ZF_SARF000206,206,FIXED_LAG_100MS,0,0,53,True
R02ZF,R02ZF_SARF000206,206,FULL_CONTEXT_OFFLINE,0,0,53,True
R02ZF,R02ZF_SARF000207,207,CAUSAL_REPLAY,0,0,57,True
R02ZF,R02ZF_SARF000207,207,FIXED_LAG_100MS,0,0,57,True
R02ZF,R02ZF_SARF000207,207,FULL_CONTEXT_OFFLINE,0,0,57,True
R02ZF,R02ZF_SARF000208,208,CAUSAL_REPLAY,0,0,61,True
R02ZF,R02ZF_SARF000208,208,FIXED_LAG_100MS,0,0,61,True
R02ZF,R02ZF_SARF000208,208,FULL_CONTEXT_OFFLINE,0,0,61,True
R02ZF,R02ZF_SARF000209,209,CAUSAL_REPLAY,0,0,53,True
R02ZF,R02ZF_SARF000209,209,FIXED_LAG_100MS,0,0,53,True
R02ZF,R02ZF_SARF000209,209,FULL_CONTEXT_OFFLINE,0,0,53,True
R02ZF,R02ZF_SARF000210,210,CAUSAL_REPLAY,0,0,55,True
R02ZF,R02ZF_SARF000210,210,FIXED_LAG_100MS,0,0,55,True
R02ZF,R02ZF_SARF000210,210,FULL_CONTEXT_OFFLINE,0,0,55,True
R02ZF,R02ZF_SARF000211,211,CAUSAL_REPLAY,0,0,55,True
R02ZF,R02ZF_SARF000211,211,FIXED_LAG_100MS,0,0,55,True
R02ZF,R02ZF_SARF000211,211,FULL_CONTEXT_OFFLINE,0,0,55,True
R02ZF,R02ZF_SARF000212,212,CAUSAL_REPLAY,0,0,52,True
R02ZF,R02ZF_SARF000212,212,FIXED_LAG_100MS,0,0,52,True
R02ZF,R02ZF_SARF000212,212,FULL_CONTEXT_OFFLINE,0,0,52,True
R02ZF,R02ZF_SARF000213,213,CAUSAL_REPLAY,0,0,56,True
R02ZF,R02ZF_SARF000213,213,FIXED_LAG_100MS,0,0,56,True
R02ZF,R02ZF_SARF000213,213,FULL_CONTEXT_OFFLINE,0,0,56,True
R02ZF,R02ZF_SARF000214,214,CAUSAL_REPLAY,0,0,59,True
R02ZF,R02ZF_SARF000214,214,FIXED_LAG_100MS,0,0,59,True
R02ZF,R02ZF_SARF000214,214,FULL_CONTEXT_OFFLINE,0,0,59,True
R02ZF,R02ZF_SARF000215,215,CAUSAL_REPLAY,0,0,54,True
R02ZF,R02ZF_SARF000215,215,FIXED_LAG_100MS,0,0,54,True
R02ZF,R02ZF_SARF000215,215,FULL_CONTEXT_OFFLINE,0,0,54,True
R02ZF,R02ZF_SARF000216,216,CAUSAL_REPLAY,0,0,64,True
R02ZF,R02ZF_SARF000216,216,FIXED_LAG_100MS,0,0,64,True
R02ZF,R02ZF_SARF000216,216,FULL_CONTEXT_OFFLINE,0,0,64,True
R02ZF,R02ZF_SARF000217,217,CAUSAL_REPLAY,0,0,70,True
R02ZF,R02ZF_SARF000217,217,FIXED_LAG_100MS,0,0,70,True
R02ZF,R02ZF_SARF000217,217,FULL_CONTEXT_OFFLINE,0,0,70,True
R02ZF,R02ZF_SARF000218,218,CAUSAL_REPLAY,0,0,51,True
R02ZF,R02ZF_SARF000218,218,FIXED_LAG_100MS,0,0,51,True
R02ZF,R02ZF_SARF000218,218,FULL_CONTEXT_OFFLINE,0,0,51,True
R02ZF,R02ZF_SARF000219,219,CAUSAL_REPLAY,0,0,61,True
R02ZF,R02ZF_SARF000219,219,FIXED_LAG_100MS,0,0,61,True
R02ZF,R02ZF_SARF000219,219,FULL_CONTEXT_OFFLINE,0,0,61,True
R02ZF,R02ZF_SARF000220,220,CAUSAL_REPLAY,0,0,59,True
R02ZF,R02ZF_SARF000220,220,FIXED_LAG_100MS,0,0,59,True
R02ZF,R02ZF_SARF000220,220,FULL_CONTEXT_OFFLINE,0,0,59,True
R02ZF,R02ZF_SARF000221,221,CAUSAL_REPLAY,0,0,64,True
R02ZF,R02ZF_SARF000221,221,FIXED_LAG_100MS,0,0,64,True
R02ZF,R02ZF_SARF000221,221,FULL_CONTEXT_OFFLINE,0,0,64,True
R02ZF,R02ZF_SARF000222,222,CAUSAL_REPLAY,0,0,57,True
R02ZF,R02ZF_SARF000222,222,FIXED_LAG_100MS,0,0,57,True
R02ZF,R02ZF_SARF000222,222,FULL_CONTEXT_OFFLINE,0,0,57,True
R02ZF,R02ZF_SARF000223,223,CAUSAL_REPLAY,0,0,75,True
R02ZF,R02ZF_SARF000223,223,FIXED_LAG_100MS,0,0,75,True
R02ZF,R02ZF_SARF000223,223,FULL_CONTEXT_OFFLINE,0,0,75,True
R02ZF,R02ZF_SARF000224,224,CAUSAL_REPLAY,0,0,63,True
R02ZF,R02ZF_SARF000224,224,FIXED_LAG_100MS,0,0,63,True
R02ZF,R02ZF_SARF000224,224,FULL_CONTEXT_OFFLINE,0,0,63,True
R02ZF,R02ZF_SARF000225,225,CAUSAL_REPLAY,0,0,63,True
R02ZF,R02ZF_SARF000225,225,FIXED_LAG_100MS,0,0,63,True
R02ZF,R02ZF_SARF000225,225,FULL_CONTEXT_OFFLINE,0,0,63,True
R02ZF,R02ZF_SARF000226,226,CAUSAL_REPLAY,0,0,46,True
R02ZF,R02ZF_SARF000226,226,FIXED_LAG_100MS,0,0,46,True
R02ZF,R02ZF_SARF000226,226,FULL_CONTEXT_OFFLINE,0,0,46,True
R02ZF,R02ZF_SARF000227,227,CAUSAL_REPLAY,0,0,53,True
R02ZF,R02ZF_SARF000227,227,FIXED_LAG_100MS,0,0,53,True
R02ZF,R02ZF_SARF000227,227,FULL_CONTEXT_OFFLINE,0,0,53,True
R02ZF,R02ZF_SARF000228,228,CAUSAL_REPLAY,0,0,52,True
R02ZF,R02ZF_SARF000228,228,FIXED_LAG_100MS,0,0,52,True
R02ZF,R02ZF_SARF000228,228,FULL_CONTEXT_OFFLINE,0,0,52,True
R02ZF,R02ZF_SARF000229,229,CAUSAL_REPLAY,0,0,50,True
R02ZF,R02ZF_SARF000229,229,FIXED_LAG_100MS,0,0,50,True
R02ZF,R02ZF_SARF000229,229,FULL_CONTEXT_OFFLINE,0,0,50,True
R02ZF,R02ZF_SARF000230,230,CAUSAL_REPLAY,0,0,51,True
R02ZF,R02ZF_SARF000230,230,FIXED_LAG_100MS,0,0,51,True
R02ZF,R02ZF_SARF000230,230,FULL_CONTEXT_OFFLINE,0,0,51,True
R02ZF,R02ZF_SARF000231,231,CAUSAL_REPLAY,0,0,55,True
R02ZF,R02ZF_SARF000231,231,FIXED_LAG_100MS,0,0,55,True
R02ZF,R02ZF_SARF000231,231,FULL_CONTEXT_OFFLINE,0,0,55,True
R02ZF,R02ZF_SARF000232,232,CAUSAL_REPLAY,0,0,49,True
R02ZF,R02ZF_SARF000232,232,FIXED_LAG_100MS,0,0,49,True
R02ZF,R02ZF_SARF000232,232,FULL_CONTEXT_OFFLINE,0,0,49,True
R02ZF,R02ZF_SARF000233,233,CAUSAL_REPLAY,0,0,58,True
R02ZF,R02ZF_SARF000233,233,FIXED_LAG_100MS,0,0,58,True
R02ZF,R02ZF_SARF000233,233,FULL_CONTEXT_OFFLINE,0,0,58,True
R02ZF,R02ZF_SARF000234,234,CAUSAL_REPLAY,0,0,50,True
R02ZF,R02ZF_SARF000234,234,FIXED_LAG_100MS,0,0,50,True
R02ZF,R02ZF_SARF000234,234,FULL_CONTEXT_OFFLINE,0,0,50,True
R02ZF,R02ZF_SARF000235,235,CAUSAL_REPLAY,0,0,54,True
R02ZF,R02ZF_SARF000235,235,FIXED_LAG_100MS,0,0,54,True
R02ZF,R02ZF_SARF000235,235,FULL_CONTEXT_OFFLINE,0,0,54,True
R02ZF,R02ZF_SARF000236,236,CAUSAL_REPLAY,0,0,53,True
R02ZF,R02ZF_SARF000236,236,FIXED_LAG_100MS,0,0,53,True
R02ZF,R02ZF_SARF000236,236,FULL_CONTEXT_OFFLINE,0,0,53,True
R02ZF,R02ZF_SARF000237,237,CAUSAL_REPLAY,0,0,55,True
R02ZF,R02ZF_SARF000237,237,FIXED_LAG_100MS,0,0,55,True
R02ZF,R02ZF_SARF000237,237,FULL_CONTEXT_OFFLINE,0,0,55,True
R02ZF,R02ZF_SARF000238,238,CAUSAL_REPLAY,0,0,52,True
R02ZF,R02ZF_SARF000238,238,FIXED_LAG_100MS,0,0,52,True
R02ZF,R02ZF_SARF000238,238,FULL_CONTEXT_OFFLINE,0,0,52,True
R02ZF,R02ZF_SARF000239,239,CAUSAL_REPLAY,0,0,50,True
R02ZF,R02ZF_SARF000239,239,FIXED_LAG_100MS,0,0,50,True
R02ZF,R02ZF_SARF000239,239,FULL_CONTEXT_OFFLINE,0,0,50,True
R02ZF,R02ZF_SARF000240,240,CAUSAL_REPLAY,0,0,62,True
R02ZF,R02ZF_SARF000240,240,FIXED_LAG_100MS,0,0,62,True
R02ZF,R02ZF_SARF000240,240,FULL_CONTEXT_OFFLINE,0,0,62,True
R02ZF,R02ZF_SARF000241,241,CAUSAL_REPLAY,0,0,70,True
R02ZF,R02ZF_SARF000241,241,FIXED_LAG_100MS,0,0,70,True
R02ZF,R02ZF_SARF000241,241,FULL_CONTEXT_OFFLINE,0,0,70,True
R02ZF,R02ZF_SARF000242,242,CAUSAL_REPLAY,0,0,61,True
R02ZF,R02ZF_SARF000242,242,FIXED_LAG_100MS,0,0,61,True
R02ZF,R02ZF_SARF000242,242,FULL_CONTEXT_OFFLINE,0,0,61,True
R02ZF,R02ZF_SARF000243,243,CAUSAL_REPLAY,0,0,75,True
R02ZF,R02ZF_SARF000243,243,FIXED_LAG_100MS,0,0,75,True
R02ZF,R02ZF_SARF000243,243,FULL_CONTEXT_OFFLINE,0,0,75,True
R02ZF,R02ZF_SARF000244,244,CAUSAL_REPLAY,0,0,63,True
R02ZF,R02ZF_SARF000244,244,FIXED_LAG_100MS,0,0,63,True
R02ZF,R02ZF_SARF000244,244,FULL_CONTEXT_OFFLINE,0,0,63,True
R02ZF,R02ZF_SARF000245,245,CAUSAL_REPLAY,0,0,70,True
R02ZF,R02ZF_SARF000245,245,FIXED_LAG_100MS,0,0,70,True
R02ZF,R02ZF_SARF000245,245,FULL_CONTEXT_OFFLINE,0,0,70,True
R02ZF,R02ZF_SARF000246,246,CAUSAL_REPLAY,0,0,57,True
R02ZF,R02ZF_SARF000246,246,FIXED_LAG_100MS,0,0,57,True
R02ZF,R02ZF_SARF000246,246,FULL_CONTEXT_OFFLINE,0,0,57,True
R02ZF,R02ZF_SARF000247,247,CAUSAL_REPLAY,0,0,58,True
R02ZF,R02ZF_SARF000247,247,FIXED_LAG_100MS,0,0,58,True
R02ZF,R02ZF_SARF000247,247,FULL_CONTEXT_OFFLINE,0,0,58,True
R02ZF,R02ZF_SARF000248,248,CAUSAL_REPLAY,0,0,55,True
R02ZF,R02ZF_SARF000248,248,FIXED_LAG_100MS,0,0,55,True
R02ZF,R02ZF_SARF000248,248,FULL_CONTEXT_OFFLINE,0,0,55,True
R02ZF,R02ZF_SARF000249,249,CAUSAL_REPLAY,0,0,51,True
R02ZF,R02ZF_SARF000249,249,FIXED_LAG_100MS,0,0,51,True
R02ZF,R02ZF_SARF000249,249,FULL_CONTEXT_OFFLINE,0,0,51,True
R02ZF,R02ZF_SARF000250,250,CAUSAL_REPLAY,0,0,56,True
R02ZF,R02ZF_SARF000250,250,FIXED_LAG_100MS,0,0,56,True
R02ZF,R02ZF_SARF000250,250,FULL_CONTEXT_OFFLINE,0,0,56,True
R02ZF,R02ZF_SARF000251,251,CAUSAL_REPLAY,0,0,53,True
R02ZF,R02ZF_SARF000251,251,FIXED_LAG_100MS,0,0,53,True
R02ZF,R02ZF_SARF000251,251,FULL_CONTEXT_OFFLINE,0,0,53,True
R02ZF,R02ZF_SARF000252,252,CAUSAL_REPLAY,0,0,51,True
R02ZF,R02ZF_SARF000252,252,FIXED_LAG_100MS,0,0,51,True
R02ZF,R02ZF_SARF000252,252,FULL_CONTEXT_OFFLINE,0,0,51,True
R02ZF,R02ZF_SARF000253,253,CAUSAL_REPLAY,0,0,58,True
R02ZF,R02ZF_SARF000253,253,FIXED_LAG_100MS,0,0,58,True
R02ZF,R02ZF_SARF000253,253,FULL_CONTEXT_OFFLINE,0,0,58,True
R02ZF,R02ZF_SARF000254,254,CAUSAL_REPLAY,0,0,53,True
R02ZF,R02ZF_SARF000254,254,FIXED_LAG_100MS,0,0,53,True
R02ZF,R02ZF_SARF000254,254,FULL_CONTEXT_OFFLINE,0,0,53,True
R02ZF,R02ZF_SARF000255,255,CAUSAL_REPLAY,0,0,56,True
R02ZF,R02ZF_SARF000255,255,FIXED_LAG_100MS,0,0,56,True
R02ZF,R02ZF_SARF000255,255,FULL_CONTEXT_OFFLINE,0,0,56,True
R02ZF,R02ZF_SARF000256,256,CAUSAL_REPLAY,0,0,63,True
R02ZF,R02ZF_SARF000256,256,FIXED_LAG_100MS,0,0,63,True
R02ZF,R02ZF_SARF000256,256,FULL_CONTEXT_OFFLINE,1,12,63,False
R02ZF,R02ZF_SARF000257,257,CAUSAL_REPLAY,0,0,55,True
R02ZF,R02ZF_SARF000257,257,FIXED_LAG_100MS,0,0,55,True
R02ZF,R02ZF_SARF000257,257,FULL_CONTEXT_OFFLINE,1,15,55,False
R02ZF,R02ZF_SARF000258,258,CAUSAL_REPLAY,0,0,47,True
R02ZF,R02ZF_SARF000258,258,FIXED_LAG_100MS,0,0,47,True
R02ZF,R02ZF_SARF000258,258,FULL_CONTEXT_OFFLINE,1,10,47,False
R02ZF,R02ZF_SARF000259,259,CAUSAL_REPLAY,0,0,52,True
R02ZF,R02ZF_SARF000259,259,FIXED_LAG_100MS,0,0,52,True
R02ZF,R02ZF_SARF000259,259,FULL_CONTEXT_OFFLINE,1,10,52,False
R02ZF,R02ZF_SARF000260,260,CAUSAL_REPLAY,0,0,58,True
R02ZF,R02ZF_SARF000260,260,FIXED_LAG_100MS,0,0,58,True
R02ZF,R02ZF_SARF000260,260,FULL_CONTEXT_OFFLINE,1,9,58,False
R02ZF,R02ZF_SARF000261,261,CAUSAL_REPLAY,0,0,54,True
R02ZF,R02ZF_SARF000261,261,FIXED_LAG_100MS,1,12,54,False
R02ZF,R02ZF_SARF000261,261,FULL_CONTEXT_OFFLINE,1,12,54,False
R02ZF,R02ZF_SARF000262,262,CAUSAL_REPLAY,0,0,55,True
R02ZF,R02ZF_SARF000262,262,FIXED_LAG_100MS,1,9,55,False
R02ZF,R02ZF_SARF000262,262,FULL_CONTEXT_OFFLINE,1,9,55,False
R02ZF,R02ZF_SARF000263,263,CAUSAL_REPLAY,0,0,52,True
R02ZF,R02ZF_SARF000263,263,FIXED_LAG_100MS,1,12,52,False
R02ZF,R02ZF_SARF000263,263,FULL_CONTEXT_OFFLINE,1,12,52,False
R02ZF,R02ZF_SARF000264,264,CAUSAL_REPLAY,1,12,51,False
R02ZF,R02ZF_SARF000264,264,FIXED_LAG_100MS,1,12,51,False
R02ZF,R02ZF_SARF000264,264,FULL_CONTEXT_OFFLINE,1,12,51,False
R02ZF,R02ZF_SARF000265,265,CAUSAL_REPLAY,1,14,58,False
R02ZF,R02ZF_SARF000265,265,FIXED_LAG_100MS,1,14,58,False
R02ZF,R02ZF_SARF000265,265,FULL_CONTEXT_OFFLINE,1,14,58,False
R02ZF,R02ZF_SARF000266,266,CAUSAL_REPLAY,1,13,53,False
R02ZF,R02ZF_SARF000266,266,FIXED_LAG_100MS,1,13,53,False
R02ZF,R02ZF_SARF000266,266,FULL_CONTEXT_OFFLINE,1,13,53,False
R02ZF,R02ZF_SARF000267,267,CAUSAL_REPLAY,1,13,62,False
R02ZF,R02ZF_SARF000267,267,FIXED_LAG_100MS,1,13,62,False
R02ZF,R02ZF_SARF000267,267,FULL_CONTEXT_OFFLINE,1,13,62,False
R02ZF,R02ZF_SARF000268,268,CAUSAL_REPLAY,1,13,58,False
R02ZF,R02ZF_SARF000268,268,FIXED_LAG_100MS,1,13,58,False
R02ZF,R02ZF_SARF000268,268,FULL_CONTEXT_OFFLINE,1,13,58,False
R02ZF,R02ZF_SARF000269,269,CAUSAL_REPLAY,1,12,56,False
R02ZF,R02ZF_SARF000269,269,FIXED_LAG_100MS,1,12,56,False
R02ZF,R02ZF_SARF000269,269,FULL_CONTEXT_OFFLINE,1,12,56,False
R02ZF,R02ZF_SARF000270,270,CAUSAL_REPLAY,1,14,60,False
R02ZF,R02ZF_SARF000270,270,FIXED_LAG_100MS,1,14,60,False
R02ZF,R02ZF_SARF000270,270,FULL_CONTEXT_OFFLINE,1,14,60,False
R02ZF,R02ZF_SARF000271,271,CAUSAL_REPLAY,0,0,64,True
R02ZF,R02ZF_SARF000271,271,FIXED_LAG_100MS,0,0,64,True
R02ZF,R02ZF_SARF000271,271,FULL_CONTEXT_OFFLINE,0,0,64,True
R02ZF,R02ZF_SARF000272,272,CAUSAL_REPLAY,0,0,60,True
R02ZF,R02ZF_SARF000272,272,FIXED_LAG_100MS,0,0,60,True
R02ZF,R02ZF_SARF000272,272,FULL_CONTEXT_OFFLINE,0,0,60,True
R02ZF,R02ZF_SARF000273,273,CAUSAL_REPLAY,0,0,62,True
R02ZF,R02ZF_SARF000273,273,FIXED_LAG_100MS,0,0,62,True
R02ZF,R02ZF_SARF000273,273,FULL_CONTEXT_OFFLINE,0,0,62,True
R02ZF,R02ZF_SARF000274,274,CAUSAL_REPLAY,0,0,59,True
R02ZF,R02ZF_SARF000274,274,FIXED_LAG_100MS,0,0,59,True
R02ZF,R02ZF_SARF000274,274,FULL_CONTEXT_OFFLINE,0,0,59,True
R02ZF,R02ZF_SARF000275,275,CAUSAL_REPLAY,0,0,59,True
R02ZF,R02ZF_SARF000275,275,FIXED_LAG_100MS,0,0,59,True
R02ZF,R02ZF_SARF000275,275,FULL_CONTEXT_OFFLINE,0,0,59,True
R02ZF,R02ZF_SARF000276,276,CAUSAL_REPLAY,0,0,59,True
R02ZF,R02ZF_SARF000276,276,FIXED_LAG_100MS,0,0,59,True
R02ZF,R02ZF_SARF000276,276,FULL_CONTEXT_OFFLINE,0,0,59,True
R02ZF,R02ZF_SARF000277,277,CAUSAL_REPLAY,0,0,67,True
R02ZF,R02ZF_SARF000277,277,FIXED_LAG_100MS,0,0,67,True
R02ZF,R02ZF_SARF000277,277,FULL_CONTEXT_OFFLINE,0,0,67,True
R02ZF,R02ZF_SARF000278,278,CAUSAL_REPLAY,0,0,60,True
R02ZF,R02ZF_SARF000278,278,FIXED_LAG_100MS,0,0,60,True
R02ZF,R02ZF_SARF000278,278,FULL_CONTEXT_OFFLINE,0,0,60,True
R02ZF,R02ZF_SARF000279,279,CAUSAL_REPLAY,0,0,67,True
R02ZF,R02ZF_SARF000279,279,FIXED_LAG_100MS,0,0,67,True
R02ZF,R02ZF_SARF000279,279,FULL_CONTEXT_OFFLINE,0,0,67,True
R02ZF,R02ZF_SARF000280,280,CAUSAL_REPLAY,0,0,61,True
R02ZF,R02ZF_SARF000280,280,FIXED_LAG_100MS,0,0,61,True
R02ZF,R02ZF_SARF000280,280,FULL_CONTEXT_OFFLINE,0,0,61,True
R02ZF,R02ZF_SARF000281,281,CAUSAL_REPLAY,0,0,62,True
R02ZF,R02ZF_SARF000281,281,FIXED_LAG_100MS,0,0,62,True
R02ZF,R02ZF_SARF000281,281,FULL_CONTEXT_OFFLINE,0,0,62,True
R02ZF,R02ZF_SARF000282,282,CAUSAL_REPLAY,0,0,52,True
R02ZF,R02ZF_SARF000282,282,FIXED_LAG_100MS,0,0,52,True
R02ZF,R02ZF_SARF000282,282,FULL_CONTEXT_OFFLINE,0,0,52,True
R02ZF,R02ZF_SARF000283,283,CAUSAL_REPLAY,0,0,53,True
R02ZF,R02ZF_SARF000283,283,FIXED_LAG_100MS,0,0,53,True
R02ZF,R02ZF_SARF000283,283,FULL_CONTEXT_OFFLINE,0,0,53,True
R02ZF,R02ZF_SARF000284,284,CAUSAL_REPLAY,0,0,50,True
R02ZF,R02ZF_SARF000284,284,FIXED_LAG_100MS,0,0,50,True
R02ZF,R02ZF_SARF000284,284,FULL_CONTEXT_OFFLINE,0,0,50,True
R02ZF,R02ZF_SARF000285,285,CAUSAL_REPLAY,0,0,51,True
R02ZF,R02ZF_SARF000285,285,FIXED_LAG_100MS,0,0,51,True
R02ZF,R02ZF_SARF000285,285,FULL_CONTEXT_OFFLINE,0,0,51,True
R02ZF,R02ZF_SARF000286,286,CAUSAL_REPLAY,0,0,43,True
R02ZF,R02ZF_SARF000286,286,FIXED_LAG_100MS,0,0,43,True
R02ZF,R02ZF_SARF000286,286,FULL_CONTEXT_OFFLINE,0,0,43,True
R02ZF,R02ZF_SARF000287,287,CAUSAL_REPLAY,0,0,51,True
R02ZF,R02ZF_SARF000287,287,FIXED_LAG_100MS,0,0,51,True
R02ZF,R02ZF_SARF000287,287,FULL_CONTEXT_OFFLINE,0,0,51,True
R02ZF,R02ZF_SARF000288,288,CAUSAL_REPLAY,0,0,43,True
R02ZF,R02ZF_SARF000288,288,FIXED_LAG_100MS,0,0,43,True
R02ZF,R02ZF_SARF000288,288,FULL_CONTEXT_OFFLINE,0,0,43,True
R02ZF,R02ZF_SARF000289,289,CAUSAL_REPLAY,0,0,51,True
R02ZF,R02ZF_SARF000289,289,FIXED_LAG_100MS,0,0,51,True
R02ZF,R02ZF_SARF000289,289,FULL_CONTEXT_OFFLINE,0,0,51,True
R02ZF,R02ZF_SARF000290,290,CAUSAL_REPLAY,0,0,45,True
R02ZF,R02ZF_SARF000290,290,FIXED_LAG_100MS,0,0,45,True
R02ZF,R02ZF_SARF000290,290,FULL_CONTEXT_OFFLINE,0,0,45,True
R02ZF,R02ZF_SARF000291,291,CAUSAL_REPLAY,0,0,47,True
R02ZF,R02ZF_SARF000291,291,FIXED_LAG_100MS,0,0,47,True
R02ZF,R02ZF_SARF000291,291,FULL_CONTEXT_OFFLINE,0,0,47,True
R02ZF,R02ZF_SARF000292,292,CAUSAL_REPLAY,0,0,44,True
R02ZF,R02ZF_SARF000292,292,FIXED_LAG_100MS,0,0,44,True
R02ZF,R02ZF_SARF000292,292,FULL_CONTEXT_OFFLINE,0,0,44,True
R02ZF,R02ZF_SARF000293,293,CAUSAL_REPLAY,0,0,64,True
R02ZF,R02ZF_SARF000293,293,FIXED_LAG_100MS,0,0,64,True
R02ZF,R02ZF_SARF000293,293,FULL_CONTEXT_OFFLINE,0,0,64,True
R02ZF,R02ZF_SARF000294,294,CAUSAL_REPLAY,0,0,49,True
R02ZF,R02ZF_SARF000294,294,FIXED_LAG_100MS,0,0,49,True
R02ZF,R02ZF_SARF000294,294,FULL_CONTEXT_OFFLINE,0,0,49,True
R02ZF,R02ZF_SARF000295,295,CAUSAL_REPLAY,0,0,53,True
R02ZF,R02ZF_SARF000295,295,FIXED_LAG_100MS,0,0,53,True
R02ZF,R02ZF_SARF000295,295,FULL_CONTEXT_OFFLINE,0,0,53,True
R02ZF,R02ZF_SARF000296,296,CAUSAL_REPLAY,0,0,50,True
R02ZF,R02ZF_SARF000296,296,FIXED_LAG_100MS,0,0,50,True
R02ZF,R02ZF_SARF000296,296,FULL_CONTEXT_OFFLINE,0,0,50,True
R02ZF,R02ZF_SARF000297,297,CAUSAL_REPLAY,0,0,52,True
R02ZF,R02ZF_SARF000297,297,FIXED_LAG_100MS,0,0,52,True
R02ZF,R02ZF_SARF000297,297,FULL_CONTEXT_OFFLINE,0,0,52,True
R02ZF,R02ZF_SARF000298,298,CAUSAL_REPLAY,0,0,49,True
R02ZF,R02ZF_SARF000298,298,FIXED_LAG_100MS,0,0,49,True
R02ZF,R02ZF_SARF000298,298,FULL_CONTEXT_OFFLINE,0,0,49,True
R02ZF,R02ZF_SARF000299,299,CAUSAL_REPLAY,0,0,58,True
R02ZF,R02ZF_SARF000299,299,FIXED_LAG_100MS,0,0,58,True
R02ZF,R02ZF_SARF000299,299,FULL_CONTEXT_OFFLINE,0,0,58,True
R02ZF,R02ZF_SARF000300,300,CAUSAL_REPLAY,0,0,50,True
R02ZF,R02ZF_SARF000300,300,FIXED_LAG_100MS,0,0,50,True
R02ZF,R02ZF_SARF000300,300,FULL_CONTEXT_OFFLINE,0,0,50,True
R02ZF,R02ZF_SARF000301,301,CAUSAL_REPLAY,0,0,56,True
R02ZF,R02ZF_SARF000301,301,FIXED_LAG_100MS,0,0,56,True
R02ZF,R02ZF_SARF000301,301,FULL_CONTEXT_OFFLINE,0,0,56,True
R02ZF,R02ZF_SARF000302,302,CAUSAL_REPLAY,0,0,51,True
R02ZF,R02ZF_SARF000302,302,FIXED_LAG_100MS,0,0,51,True
R02ZF,R02ZF_SARF000302,302,FULL_CONTEXT_OFFLINE,0,0,51,True
R02ZF,R02ZF_SARF000303,303,CAUSAL_REPLAY,0,0,50,True
R02ZF,R02ZF_SARF000303,303,FIXED_LAG_100MS,0,0,50,True
R02ZF,R02ZF_SARF000303,303,FULL_CONTEXT_OFFLINE,0,0,50,True
R02ZF,R02ZF_SARF000304,304,CAUSAL_REPLAY,0,0,57,True
R02ZF,R02ZF_SARF000304,304,FIXED_LAG_100MS,0,0,57,True
R02ZF,R02ZF_SARF000304,304,FULL_CONTEXT_OFFLINE,0,0,57,True
R02ZF,R02ZF_SARF000305,305,CAUSAL_REPLAY,0,0,51,True
R02ZF,R02ZF_SARF000305,305,FIXED_LAG_100MS,0,0,51,True
R02ZF,R02ZF_SARF000305,305,FULL_CONTEXT_OFFLINE,0,0,51,True
R02ZF,R02ZF_SARF000306,306,CAUSAL_REPLAY,0,0,61,True
R02ZF,R02ZF_SARF000306,306,FIXED_LAG_100MS,0,0,61,True
R02ZF,R02ZF_SARF000306,306,FULL_CONTEXT_OFFLINE,0,0,61,True
R02ZF,R02ZF_SARF000307,307,CAUSAL_REPLAY,0,0,55,True
R02ZF,R02ZF_SARF000307,307,FIXED_LAG_100MS,0,0,55,True
R02ZF,R02ZF_SARF000307,307,FULL_CONTEXT_OFFLINE,0,0,55,True
R02ZF,R02ZF_SARF000308,308,CAUSAL_REPLAY,0,0,54,True
R02ZF,R02ZF_SARF000308,308,FIXED_LAG_100MS,0,0,54,True
R02ZF,R02ZF_SARF000308,308,FULL_CONTEXT_OFFLINE,0,0,54,True
R02ZF,R02ZF_SARF000309,309,CAUSAL_REPLAY,0,0,53,True
R02ZF,R02ZF_SARF000309,309,FIXED_LAG_100MS,0,0,53,True
R02ZF,R02ZF_SARF000309,309,FULL_CONTEXT_OFFLINE,0,0,53,True
R02ZF,R02ZF_SARF000310,310,CAUSAL_REPLAY,0,0,52,True
R02ZF,R02ZF_SARF000310,310,FIXED_LAG_100MS,0,0,52,True
R02ZF,R02ZF_SARF000310,310,FULL_CONTEXT_OFFLINE,0,0,52,True
R02ZF,R02ZF_SARF000311,311,CAUSAL_REPLAY,0,0,54,True
R02ZF,R02ZF_SARF000311,311,FIXED_LAG_100MS,0,0,54,True
R02ZF,R02ZF_SARF000311,311,FULL_CONTEXT_OFFLINE,0,0,54,True
R02ZF,R02ZF_SARF000312,312,CAUSAL_REPLAY,0,0,57,True
R02ZF,R02ZF_SARF000312,312,FIXED_LAG_100MS,0,0,57,True
R02ZF,R02ZF_SARF000312,312,FULL_CONTEXT_OFFLINE,0,0,57,True
R02ZF,R02ZF_SARF000313,313,CAUSAL_REPLAY,0,0,58,True
R02ZF,R02ZF_SARF000313,313,FIXED_LAG_100MS,0,0,58,True
R02ZF,R02ZF_SARF000313,313,FULL_CONTEXT_OFFLINE,0,0,58,True
R02ZF,R02ZF_SARF000314,314,CAUSAL_REPLAY,0,0,60,True
R02ZF,R02ZF_SARF000314,314,FIXED_LAG_100MS,0,0,60,True
R02ZF,R02ZF_SARF000314,314,FULL_CONTEXT_OFFLINE,0,0,60,True
R02ZF,R02ZF_SARF000315,315,CAUSAL_REPLAY,0,0,53,True
R02ZF,R02ZF_SARF000315,315,FIXED_LAG_100MS,0,0,53,True
R02ZF,R02ZF_SARF000315,315,FULL_CONTEXT_OFFLINE,0,0,53,True
R02ZF,R02ZF_SARF000316,316,CAUSAL_REPLAY,0,0,46,True
R02ZF,R02ZF_SARF000316,316,FIXED_LAG_100MS,0,0,46,True
R02ZF,R02ZF_SARF000316,316,FULL_CONTEXT_OFFLINE,0,0,46,True
R02ZF,R02ZF_SARF000317,317,CAUSAL_REPLAY,0,0,62,True
R02ZF,R02ZF_SARF000317,317,FIXED_LAG_100MS,0,0,62,True
R02ZF,R02ZF_SARF000317,317,FULL_CONTEXT_OFFLINE,0,0,62,True
R02ZF,R02ZF_SARF000318,318,CAUSAL_REPLAY,0,0,64,True
R02ZF,R02ZF_SARF000318,318,FIXED_LAG_100MS,0,0,64,True
R02ZF,R02ZF_SARF000318,318,FULL_CONTEXT_OFFLINE,0,0,64,True
R02ZF,R02ZF_SARF000319,319,CAUSAL_REPLAY,0,0,60,True
R02ZF,R02ZF_SARF000319,319,FIXED_LAG_100MS,0,0,60,True
R02ZF,R02ZF_SARF000319,319,FULL_CONTEXT_OFFLINE,0,0,60,True
R02ZF,R02ZF_SARF000320,320,CAUSAL_REPLAY,0,0,44,True
R02ZF,R02ZF_SARF000320,320,FIXED_LAG_100MS,0,0,44,True
R02ZF,R02ZF_SARF000320,320,FULL_CONTEXT_OFFLINE,0,0,44,True
R02ZF,R02ZF_SARF000321,321,CAUSAL_REPLAY,0,0,41,True
R02ZF,R02ZF_SARF000321,321,FIXED_LAG_100MS,0,0,41,True
R02ZF,R02ZF_SARF000321,321,FULL_CONTEXT_OFFLINE,0,0,41,True
R02ZF,R02ZF_SARF000322,322,CAUSAL_REPLAY,0,0,39,True
R02ZF,R02ZF_SARF000322,322,FIXED_LAG_100MS,0,0,39,True
R02ZF,R02ZF_SARF000322,322,FULL_CONTEXT_OFFLINE,0,0,39,True
R02ZF,R02ZF_SARF000323,323,CAUSAL_REPLAY,0,0,44,True
R02ZF,R02ZF_SARF000323,323,FIXED_LAG_100MS,0,0,44,True
R02ZF,R02ZF_SARF000323,323,FULL_CONTEXT_OFFLINE,0,0,44,True
R02ZF,R02ZF_SARF000324,324,CAUSAL_REPLAY,0,0,43,True
R02ZF,R02ZF_SARF000324,324,FIXED_LAG_100MS,0,0,43,True
R02ZF,R02ZF_SARF000324,324,FULL_CONTEXT_OFFLINE,0,0,43,True
R02ZF,R02ZF_SARF000325,325,CAUSAL_REPLAY,0,0,60,True
R02ZF,R02ZF_SARF000325,325,FIXED_LAG_100MS,0,0,60,True
R02ZF,R02ZF_SARF000325,325,FULL_CONTEXT_OFFLINE,0,0,60,True
R02ZF,R02ZF_SARF000326,326,CAUSAL_REPLAY,0,0,49,True
R02ZF,R02ZF_SARF000326,326,FIXED_LAG_100MS,0,0,49,True
R02ZF,R02ZF_SARF000326,326,FULL_CONTEXT_OFFLINE,0,0,49,True
R02ZF,R02ZF_SARF000327,327,CAUSAL_REPLAY,0,0,44,True
R02ZF,R02ZF_SARF000327,327,FIXED_LAG_100MS,0,0,44,True
R02ZF,R02ZF_SARF000327,327,FULL_CONTEXT_OFFLINE,0,0,44,True
R02ZF,R02ZF_SARF000328,328,CAUSAL_REPLAY,0,0,51,True
R02ZF,R02ZF_SARF000328,328,FIXED_LAG_100MS,0,0,51,True
R02ZF,R02ZF_SARF000328,328,FULL_CONTEXT_OFFLINE,0,0,51,True
R02ZF,R02ZF_SARF000329,329,CAUSAL_REPLAY,0,0,49,True
R02ZF,R02ZF_SARF000329,329,FIXED_LAG_100MS,0,0,49,True
R02ZF,R02ZF_SARF000329,329,FULL_CONTEXT_OFFLINE,0,0,49,True
R02ZF,R02ZF_SARF000330,330,CAUSAL_REPLAY,0,0,46,True
R02ZF,R02ZF_SARF000330,330,FIXED_LAG_100MS,0,0,46,True
R02ZF,R02ZF_SARF000330,330,FULL_CONTEXT_OFFLINE,0,0,46,True
R02ZF,R02ZF_SARF000331,331,CAUSAL_REPLAY,0,0,60,True
R02ZF,R02ZF_SARF000331,331,FIXED_LAG_100MS,0,0,60,True
R02ZF,R02ZF_SARF000331,331,FULL_CONTEXT_OFFLINE,0,0,60,True
R02ZF,R02ZF_SARF000332,332,CAUSAL_REPLAY,0,0,44,True
R02ZF,R02ZF_SARF000332,332,FIXED_LAG_100MS,0,0,44,True
R02ZF,R02ZF_SARF000332,332,FULL_CONTEXT_OFFLINE,0,0,44,True
R02ZF,R02ZF_SARF000333,333,CAUSAL_REPLAY,0,0,50,True
R02ZF,R02ZF_SARF000333,333,FIXED_LAG_100MS,0,0,50,True
R02ZF,R02ZF_SARF000333,333,FULL_CONTEXT_OFFLINE,0,0,50,True
R02ZF,R02ZF_SARF000334,334,CAUSAL_REPLAY,0,0,48,True
R02ZF,R02ZF_SARF000334,334,FIXED_LAG_100MS,0,0,48,True
R02ZF,R02ZF_SARF000334,334,FULL_CONTEXT_OFFLINE,0,0,48,True
R02ZF,R02ZF_SARF000335,335,CAUSAL_REPLAY,0,0,59,True
R02ZF,R02ZF_SARF000335,335,FIXED_LAG_100MS,0,0,59,True
R02ZF,R02ZF_SARF000335,335,FULL_CONTEXT_OFFLINE,0,0,59,True
R02ZF,R02ZF_SARF000336,336,CAUSAL_REPLAY,0,0,43,True
R02ZF,R02ZF_SARF000336,336,FIXED_LAG_100MS,0,0,43,True
R02ZF,R02ZF_SARF000336,336,FULL_CONTEXT_OFFLINE,0,0,43,True
R02ZF,R02ZF_SARF000337,337,CAUSAL_REPLAY,0,0,52,True
R02ZF,R02ZF_SARF000337,337,FIXED_LAG_100MS,0,0,52,True
R02ZF,R02ZF_SARF000337,337,FULL_CONTEXT_OFFLINE,0,0,52,True
R02ZF,R02ZF_SARF000338,338,CAUSAL_REPLAY,0,0,52,True
R02ZF,R02ZF_SARF000338,338,FIXED_LAG_100MS,0,0,52,True
R02ZF,R02ZF_SARF000338,338,FULL_CONTEXT_OFFLINE,0,0,52,True
R02ZF,R02ZF_SARF000339,339,CAUSAL_REPLAY,0,0,54,True
R02ZF,R02ZF_SARF000339,339,FIXED_LAG_100MS,0,0,54,True
R02ZF,R02ZF_SARF000339,339,FULL_CONTEXT_OFFLINE,0,0,54,True
R02ZF,R02ZF_SARF000340,340,CAUSAL_REPLAY,0,0,47,True
R02ZF,R02ZF_SARF000340,340,FIXED_LAG_100MS,0,0,47,True
R02ZF,R02ZF_SARF000340,340,FULL_CONTEXT_OFFLINE,0,0,47,True
R02ZF,R02ZF_SARF000341,341,CAUSAL_REPLAY,0,0,47,True
R02ZF,R02ZF_SARF000341,341,FIXED_LAG_100MS,0,0,47,True
R02ZF,R02ZF_SARF000341,341,FULL_CONTEXT_OFFLINE,0,0,47,True
R02ZF,R02ZF_SARF000342,342,CAUSAL_REPLAY,0,0,48,True
R02ZF,R02ZF_SARF000342,342,FIXED_LAG_100MS,0,0,48,True
R02ZF,R02ZF_SARF000342,342,FULL_CONTEXT_OFFLINE,0,0,48,True
R02ZF,R02ZF_SARF000343,343,CAUSAL_REPLAY,0,0,47,True
R02ZF,R02ZF_SARF000343,343,FIXED_LAG_100MS,0,0,47,True
R02ZF,R02ZF_SARF000343,343,FULL_CONTEXT_OFFLINE,0,0,47,True
R02ZF,R02ZF_SARF000344,344,CAUSAL_REPLAY,0,0,46,True
R02ZF,R02ZF_SARF000344,344,FIXED_LAG_100MS,0,0,46,True
R02ZF,R02ZF_SARF000344,344,FULL_CONTEXT_OFFLINE,0,0,46,True
R02ZF,R02ZF_SARF000345,345,CAUSAL_REPLAY,0,0,48,True
R02ZF,R02ZF_SARF000345,345,FIXED_LAG_100MS,0,0,48,True
R02ZF,R02ZF_SARF000345,345,FULL_CONTEXT_OFFLINE,0,0,48,True
R02ZF,R02ZF_SARF000346,346,CAUSAL_REPLAY,0,0,50,True
R02ZF,R02ZF_SARF000346,346,FIXED_LAG_100MS,0,0,50,True
R02ZF,R02ZF_SARF000346,346,FULL_CONTEXT_OFFLINE,0,0,50,True
R02ZF,R02ZF_SARF000347,347,CAUSAL_REPLAY,0,0,45,True
R02ZF,R02ZF_SARF000347,347,FIXED_LAG_100MS,0,0,45,True
R02ZF,R02ZF_SARF000347,347,FULL_CONTEXT_OFFLINE,0,0,45,True
R02ZF,R02ZF_SARF000348,348,CAUSAL_REPLAY,0,0,48,True
R02ZF,R02ZF_SARF000348,348,FIXED_LAG_100MS,0,0,48,True
R02ZF,R02ZF_SARF000348,348,FULL_CONTEXT_OFFLINE,0,0,48,True
R02ZF,R02ZF_SARF000349,349,CAUSAL_REPLAY,0,0,56,True
R02ZF,R02ZF_SARF000349,349,FIXED_LAG_100MS,0,0,56,True
R02ZF,R02ZF_SARF000349,349,FULL_CONTEXT_OFFLINE,0,0,56,True
R02ZF,R02ZF_SARF000350,350,CAUSAL_REPLAY,0,0,51,True
R02ZF,R02ZF_SARF000350,350,FIXED_LAG_100MS,0,0,51,True
R02ZF,R02ZF_SARF000350,350,FULL_CONTEXT_OFFLINE,0,0,51,True
R02ZF,R02ZF_SARF000351,351,CAUSAL_REPLAY,0,0,61,True
R02ZF,R02ZF_SARF000351,351,FIXED_LAG_100MS,0,0,61,True
R02ZF,R02ZF_SARF000351,351,FULL_CONTEXT_OFFLINE,0,0,61,True
R02ZF,R02ZF_SARF000352,352,CAUSAL_REPLAY,0,0,55,True
R02ZF,R02ZF_SARF000352,352,FIXED_LAG_100MS,0,0,55,True
R02ZF,R02ZF_SARF000352,352,FULL_CONTEXT_OFFLINE,0,0,55,True
R02ZF,R02ZF_SARF000353,353,CAUSAL_REPLAY,0,0,65,True
R02ZF,R02ZF_SARF000353,353,FIXED_LAG_100MS,0,0,65,True
R02ZF,R02ZF_SARF000353,353,FULL_CONTEXT_OFFLINE,0,0,65,True
R02ZF,R02ZF_SARF000354,354,CAUSAL_REPLAY,0,0,53,True
R02ZF,R02ZF_SARF000354,354,FIXED_LAG_100MS,0,0,53,True
R02ZF,R02ZF_SARF000354,354,FULL_CONTEXT_OFFLINE,0,0,53,True
R02ZF,R02ZF_SARF000355,355,CAUSAL_REPLAY,0,0,65,True
R02ZF,R02ZF_SARF000355,355,FIXED_LAG_100MS,0,0,65,True
R02ZF,R02ZF_SARF000355,355,FULL_CONTEXT_OFFLINE,0,0,65,True
R02ZF,R02ZF_SARF000356,356,CAUSAL_REPLAY,0,0,59,True
R02ZF,R02ZF_SARF000356,356,FIXED_LAG_100MS,0,0,59,True
R02ZF,R02ZF_SARF000356,356,FULL_CONTEXT_OFFLINE,0,0,59,True
R02ZF,R02ZF_SARF000357,357,CAUSAL_REPLAY,0,0,65,True
R02ZF,R02ZF_SARF000357,357,FIXED_LAG_100MS,0,0,65,True
R02ZF,R02ZF_SARF000357,357,FULL_CONTEXT_OFFLINE,0,0,65,True
R02ZF,R02ZF_SARF000358,358,CAUSAL_REPLAY,0,0,53,True
R02ZF,R02ZF_SARF000358,358,FIXED_LAG_100MS,0,0,53,True
R02ZF,R02ZF_SARF000358,358,FULL_CONTEXT_OFFLINE,0,0,53,True
R02ZF,R02ZF_SARF000359,359,CAUSAL_REPLAY,0,0,58,True
R02ZF,R02ZF_SARF000359,359,FIXED_LAG_100MS,0,0,58,True
R02ZF,R02ZF_SARF000359,359,FULL_CONTEXT_OFFLINE,0,0,58,True
R02ZF,R02ZF_SARF000360,360,CAUSAL_REPLAY,0,0,48,True
R02ZF,R02ZF_SARF000360,360,FIXED_LAG_100MS,0,0,48,True
R02ZF,R02ZF_SARF000360,360,FULL_CONTEXT_OFFLINE,0,0,48,True
R02ZF,R02ZF_SARF000361,361,CAUSAL_REPLAY,0,0,63,True
R02ZF,R02ZF_SARF000361,361,FIXED_LAG_100MS,0,0,63,True
R02ZF,R02ZF_SARF000361,361,FULL_CONTEXT_OFFLINE,0,0,63,True
R02ZF,R02ZF_SARF000362,362,CAUSAL_REPLAY,0,0,57,True
R02ZF,R02ZF_SARF000362,362,FIXED_LAG_100MS,0,0,57,True
R02ZF,R02ZF_SARF000362,362,FULL_CONTEXT_OFFLINE,0,0,57,True
R02ZF,R02ZF_SARF000363,363,CAUSAL_REPLAY,0,0,59,True
R02ZF,R02ZF_SARF000363,363,FIXED_LAG_100MS,0,0,59,True
R02ZF,R02ZF_SARF000363,363,FULL_CONTEXT_OFFLINE,0,0,59,True
R02ZF,R02ZF_SARF000364,364,CAUSAL_REPLAY,0,0,56,True
R02ZF,R02ZF_SARF000364,364,FIXED_LAG_100MS,0,0,56,True
R02ZF,R02ZF_SARF000364,364,FULL_CONTEXT_OFFLINE,0,0,56,True
R02ZF,R02ZF_SARF000365,365,CAUSAL_REPLAY,0,0,59,True
R02ZF,R02ZF_SARF000365,365,FIXED_LAG_100MS,0,0,59,True
R02ZF,R02ZF_SARF000365,365,FULL_CONTEXT_OFFLINE,0,0,59,True
R02ZF,R02ZF_SARF000366,366,CAUSAL_REPLAY,0,0,56,True
R02ZF,R02ZF_SARF000366,366,FIXED_LAG_100MS,0,0,56,True
R02ZF,R02ZF_SARF000366,366,FULL_CONTEXT_OFFLINE,0,0,56,True
R02ZF,R02ZF_SARF000367,367,CAUSAL_REPLAY,0,0,69,True
R02ZF,R02ZF_SARF000367,367,FIXED_LAG_100MS,0,0,69,True
R02ZF,R02ZF_SARF000367,367,FULL_CONTEXT_OFFLINE,0,0,69,True
R02ZF,R02ZF_SARF000368,368,CAUSAL_REPLAY,0,0,63,True
R02ZF,R02ZF_SARF000368,368,FIXED_LAG_100MS,0,0,63,True
R02ZF,R02ZF_SARF000368,368,FULL_CONTEXT_OFFLINE,0,0,63,True
R02ZF,R02ZF_SARF000369,369,CAUSAL_REPLAY,0,0,69,True
R02ZF,R02ZF_SARF000369,369,FIXED_LAG_100MS,0,0,69,True
R02ZF,R02ZF_SARF000369,369,FULL_CONTEXT_OFFLINE,0,0,69,True
R02ZF,R02ZF_SARF000370,370,CAUSAL_REPLAY,0,0,56,True
R02ZF,R02ZF_SARF000370,370,FIXED_LAG_100MS,0,0,56,True
R02ZF,R02ZF_SARF000370,370,FULL_CONTEXT_OFFLINE,0,0,56,True
R02ZF,R02ZF_SARF000371,371,CAUSAL_REPLAY,0,0,62,True
R02ZF,R02ZF_SARF000371,371,FIXED_LAG_100MS,0,0,62,True
R02ZF,R02ZF_SARF000371,371,FULL_CONTEXT_OFFLINE,0,0,62,True
R02ZF,R02ZF_SARF000372,372,CAUSAL_REPLAY,0,0,52,True
R02ZF,R02ZF_SARF000372,372,FIXED_LAG_100MS,0,0,52,True
R02ZF,R02ZF_SARF000372,372,FULL_CONTEXT_OFFLINE,0,0,52,True
R02ZF,R02ZF_SARF000373,373,CAUSAL_REPLAY,0,0,74,True
R02ZF,R02ZF_SARF000373,373,FIXED_LAG_100MS,0,0,74,True
R02ZF,R02ZF_SARF000373,373,FULL_CONTEXT_OFFLINE,0,0,74,True
R02ZF,R02ZF_SARF000374,374,CAUSAL_REPLAY,0,0,60,True
R02ZF,R02ZF_SARF000374,374,FIXED_LAG_100MS,0,0,60,True
R02ZF,R02ZF_SARF000374,374,FULL_CONTEXT_OFFLINE,0,0,60,True
R02ZF,R02ZF_SARF000375,375,CAUSAL_REPLAY,0,0,59,True
R02ZF,R02ZF_SARF000375,375,FIXED_LAG_100MS,0,0,59,True
R02ZF,R02ZF_SARF000375,375,FULL_CONTEXT_OFFLINE,1,10,59,False
R02ZF,R02ZF_SARF000376,376,CAUSAL_REPLAY,0,0,49,True
R02ZF,R02ZF_SARF000376,376,FIXED_LAG_100MS,0,0,49,True
R02ZF,R02ZF_SARF000376,376,FULL_CONTEXT_OFFLINE,1,7,49,False
R02ZF,R02ZF_SARF000377,377,CAUSAL_REPLAY,0,0,63,True
R02ZF,R02ZF_SARF000377,377,FIXED_LAG_100MS,0,0,63,True
R02ZF,R02ZF_SARF000377,377,FULL_CONTEXT_OFFLINE,1,13,63,False
R02ZF,R02ZF_SARF000378,378,CAUSAL_REPLAY,0,0,52,True
R02ZF,R02ZF_SARF000378,378,FIXED_LAG_100MS,0,0,52,True
R02ZF,R02ZF_SARF000378,378,FULL_CONTEXT_OFFLINE,2,26,52,False
R02ZF,R02ZF_SARF000379,379,CAUSAL_REPLAY,0,0,54,True
R02ZF,R02ZF_SARF000379,379,FIXED_LAG_100MS,1,10,54,False
R02ZF,R02ZF_SARF000379,379,FULL_CONTEXT_OFFLINE,2,24,54,False
R02ZF,R02ZF_SARF000380,380,CAUSAL_REPLAY,0,0,46,True
R02ZF,R02ZF_SARF000380,380,FIXED_LAG_100MS,1,9,46,False
R02ZF,R02ZF_SARF000380,380,FULL_CONTEXT_OFFLINE,4,46,46,False
R02ZF,R02ZF_SARF000381,381,CAUSAL_REPLAY,0,0,44,True
R02ZF,R02ZF_SARF000381,381,FIXED_LAG_100MS,1,9,44,False
R02ZF,R02ZF_SARF000381,381,FULL_CONTEXT_OFFLINE,4,38,44,False
R02ZF,R02ZF_SARF000382,382,CAUSAL_REPLAY,1,9,42,False
R02ZF,R02ZF_SARF000382,382,FIXED_LAG_100MS,2,19,42,False
R02ZF,R02ZF_SARF000382,382,FULL_CONTEXT_OFFLINE,4,43,42,False
R02ZF,R02ZF_SARF000383,383,CAUSAL_REPLAY,1,10,41,False
R02ZF,R02ZF_SARF000383,383,FIXED_LAG_100MS,2,19,41,False
R02ZF,R02ZF_SARF000383,383,FULL_CONTEXT_OFFLINE,4,43,41,False
R02ZF,R02ZF_SARF000384,384,CAUSAL_REPLAY,1,8,44,False
R02ZF,R02ZF_SARF000384,384,FIXED_LAG_100MS,4,50,44,False
R02ZF,R02ZF_SARF000384,384,FULL_CONTEXT_OFFLINE,4,50,44,False
R02ZF,R02ZF_SARF000385,385,CAUSAL_REPLAY,2,23,63,False
R02ZF,R02ZF_SARF000385,385,FIXED_LAG_100MS,4,53,63,False
R02ZF,R02ZF_SARF000385,385,FULL_CONTEXT_OFFLINE,4,53,63,False
R02ZF,R02ZF_SARF000386,386,CAUSAL_REPLAY,2,18,53,False
R02ZF,R02ZF_SARF000386,386,FIXED_LAG_100MS,4,42,53,False
R02ZF,R02ZF_SARF000386,386,FULL_CONTEXT_OFFLINE,4,42,53,False
R02ZF,R02ZF_SARF000387,387,CAUSAL_REPLAY,4,36,47,False
R02ZF,R02ZF_SARF000387,387,FIXED_LAG_100MS,4,36,47,False
R02ZF,R02ZF_SARF000387,387,FULL_CONTEXT_OFFLINE,4,36,47,False
R02ZF,R02ZF_SARF000388,388,CAUSAL_REPLAY,4,38,45,False
R02ZF,R02ZF_SARF000388,388,FIXED_LAG_100MS,4,38,45,False
R02ZF,R02ZF_SARF000388,388,FULL_CONTEXT_OFFLINE,4,38,45,False
R02ZF,R02ZF_SARF000389,389,CAUSAL_REPLAY,4,37,49,False
R02ZF,R02ZF_SARF000389,389,FIXED_LAG_100MS,4,37,49,False
R02ZF,R02ZF_SARF000389,389,FULL_CONTEXT_OFFLINE,4,37,49,False
R02ZF,R02ZF_SARF000390,390,CAUSAL_REPLAY,3,36,55,False
R02ZF,R02ZF_SARF000390,390,FIXED_LAG_100MS,3,36,55,False
R02ZF,R02ZF_SARF000390,390,FULL_CONTEXT_OFFLINE,3,36,55,False
R02ZF,R02ZF_SARF000391,391,CAUSAL_REPLAY,3,34,62,False
R02ZF,R02ZF_SARF000391,391,FIXED_LAG_100MS,3,34,62,False
R02ZF,R02ZF_SARF000391,391,FULL_CONTEXT_OFFLINE,3,34,62,False
R02ZF,R02ZF_SARF000392,392,CAUSAL_REPLAY,3,48,59,False
R02ZF,R02ZF_SARF000392,392,FIXED_LAG_100MS,3,48,59,False
R02ZF,R02ZF_SARF000392,392,FULL_CONTEXT_OFFLINE,3,48,59,False
R02ZF,R02ZF_SARF000393,393,CAUSAL_REPLAY,2,26,58,False
R02ZF,R02ZF_SARF000393,393,FIXED_LAG_100MS,2,26,58,False
R02ZF,R02ZF_SARF000393,393,FULL_CONTEXT_OFFLINE,3,34,58,False
R02ZF,R02ZF_SARF000394,394,CAUSAL_REPLAY,2,22,48,False
R02ZF,R02ZF_SARF000394,394,FIXED_LAG_100MS,2,22,48,False
R02ZF,R02ZF_SARF000394,394,FULL_CONTEXT_OFFLINE,3,30,48,False
R02ZF,R02ZF_SARF000395,395,CAUSAL_REPLAY,0,0,45,True
R02ZF,R02ZF_SARF000395,395,FIXED_LAG_100MS,0,0,45,True
R02ZF,R02ZF_SARF000395,395,FULL_CONTEXT_OFFLINE,1,9,45,False
R02ZF,R02ZF_SARF000396,396,CAUSAL_REPLAY,0,0,49,True
R02ZF,R02ZF_SARF000396,396,FIXED_LAG_100MS,0,0,49,True
R02ZF,R02ZF_SARF000396,396,FULL_CONTEXT_OFFLINE,1,12,49,False
R02ZF,R02ZF_SARF000397,397,CAUSAL_REPLAY,0,0,51,True
R02ZF,R02ZF_SARF000397,397,FIXED_LAG_100MS,1,12,51,False
R02ZF,R02ZF_SARF000397,397,FULL_CONTEXT_OFFLINE,1,12,51,False
R02ZF,R02ZF_SARF000398,398,CAUSAL_REPLAY,0,0,57,True
R02ZF,R02ZF_SARF000398,398,FIXED_LAG_100MS,1,15,57,False
R02ZF,R02ZF_SARF000398,398,FULL_CONTEXT_OFFLINE,1,15,57,False
R02ZF,R02ZF_SARF000399,399,CAUSAL_REPLAY,0,0,59,True
R02ZF,R02ZF_SARF000399,399,FIXED_LAG_100MS,1,16,59,False
R02ZF,R02ZF_SARF000399,399,FULL_CONTEXT_OFFLINE,1,16,59,False
R02ZF,R02ZF_SARF000400,400,CAUSAL_REPLAY,1,16,54,False
R02ZF,R02ZF_SARF000400,400,FIXED_LAG_100MS,1,16,54,False
R02ZF,R02ZF_SARF000400,400,FULL_CONTEXT_OFFLINE,1,16,54,False
R02ZF,R02ZF_SARF000401,401,CAUSAL_REPLAY,1,12,37,False
R02ZF,R02ZF_SARF000401,401,FIXED_LAG_100MS,1,12,37,False
R02ZF,R02ZF_SARF000401,401,FULL_CONTEXT_OFFLINE,1,12,37,False
R02ZF,R02ZF_SARF000402,402,CAUSAL_REPLAY,1,10,69,False
R02ZF,R02ZF_SARF000402,402,FIXED_LAG_100MS,1,10,69,False
R02ZF,R02ZF_SARF000402,402,FULL_CONTEXT_OFFLINE,1,10,69,False
R02ZF,R02ZF_SARF000403,403,CAUSAL_REPLAY,1,16,56,False
R02ZF,R02ZF_SARF000403,403,FIXED_LAG_100MS,1,16,56,False
R02ZF,R02ZF_SARF000403,403,FULL_CONTEXT_OFFLINE,1,16,56,False
R02ZF,R02ZF_SARF000404,404,CAUSAL_REPLAY,1,12,46,False
R02ZF,R02ZF_SARF000404,404,FIXED_LAG_100MS,1,12,46,False
R02ZF,R02ZF_SARF000404,404,FULL_CONTEXT_OFFLINE,1,12,46,False
R02ZF,R02ZF_SARF000405,405,CAUSAL_REPLAY,1,12,50,False
R02ZF,R02ZF_SARF000405,405,FIXED_LAG_100MS,1,12,50,False
R02ZF,R02ZF_SARF000405,405,FULL_CONTEXT_OFFLINE,1,12,50,False
R02ZF,R02ZF_SARF000406,406,CAUSAL_REPLAY,1,10,46,False
R02ZF,R02ZF_SARF000406,406,FIXED_LAG_100MS,1,10,46,False
R02ZF,R02ZF_SARF000406,406,FULL_CONTEXT_OFFLINE,1,10,46,False
R02ZF,R02ZF_SARF000407,407,CAUSAL_REPLAY,1,13,57,False
R02ZF,R02ZF_SARF000407,407,FIXED_LAG_100MS,1,13,57,False
R02ZF,R02ZF_SARF000407,407,FULL_CONTEXT_OFFLINE,1,13,57,False
R02ZF,R02ZF_SARF000408,408,CAUSAL_REPLAY,0,0,60,True
R02ZF,R02ZF_SARF000408,408,FIXED_LAG_100MS,0,0,60,True
R02ZF,R02ZF_SARF000408,408,FULL_CONTEXT_OFFLINE,0,0,60,True
R02ZF,R02ZF_SARF000409,409,CAUSAL_REPLAY,0,0,76,True
R02ZF,R02ZF_SARF000409,409,FIXED_LAG_100MS,0,0,76,True
R02ZF,R02ZF_SARF000409,409,FULL_CONTEXT_OFFLINE,0,0,76,True
R02ZF,R02ZF_SARF000410,410,CAUSAL_REPLAY,0,0,56,True
R02ZF,R02ZF_SARF000410,410,FIXED_LAG_100MS,0,0,56,True
R02ZF,R02ZF_SARF000410,410,FULL_CONTEXT_OFFLINE,0,0,56,True
R02ZF,R02ZF_SARF000411,411,CAUSAL_REPLAY,0,0,67,True
R02ZF,R02ZF_SARF000411,411,FIXED_LAG_100MS,0,0,67,True
R02ZF,R02ZF_SARF000411,411,FULL_CONTEXT_OFFLINE,1,18,67,False
R02ZF,R02ZF_SARF000412,412,CAUSAL_REPLAY,0,0,62,True
R02ZF,R02ZF_SARF000412,412,FIXED_LAG_100MS,0,0,62,True
R02ZF,R02ZF_SARF000412,412,FULL_CONTEXT_OFFLINE,1,18,62,False
R02ZF,R02ZF_SARF000413,413,CAUSAL_REPLAY,0,0,64,True
R02ZF,R02ZF_SARF000413,413,FIXED_LAG_100MS,0,0,64,True
R02ZF,R02ZF_SARF000413,413,FULL_CONTEXT_OFFLINE,2,33,64,False
R02ZF,R02ZF_SARF000414,414,CAUSAL_REPLAY,0,0,58,True
R02ZF,R02ZF_SARF000414,414,FIXED_LAG_100MS,0,0,58,True
R02ZF,R02ZF_SARF000414,414,FULL_CONTEXT_OFFLINE,2,31,58,False
R02ZF,R02ZF_SARF000415,415,CAUSAL_REPLAY,0,0,59,True
R02ZF,R02ZF_SARF000415,415,FIXED_LAG_100MS,0,0,59,True
R02ZF,R02ZF_SARF000415,415,FULL_CONTEXT_OFFLINE,2,26,59,False
R02ZF,R02ZF_SARF000416,416,CAUSAL_REPLAY,0,0,59,True
R02ZF,R02ZF_SARF000416,416,FIXED_LAG_100MS,1,15,59,False
R02ZF,R02ZF_SARF000416,416,FULL_CONTEXT_OFFLINE,2,29,59,False
R02ZF,R02ZF_SARF000417,417,CAUSAL_REPLAY,0,0,68,True
R02ZF,R02ZF_SARF000417,417,FIXED_LAG_100MS,2,30,68,False
R02ZF,R02ZF_SARF000417,417,FULL_CONTEXT_OFFLINE,2,30,68,False
R02ZF,R02ZF_SARF000418,418,CAUSAL_REPLAY,0,0,64,True
R02ZF,R02ZF_SARF000418,418,FIXED_LAG_100MS,2,27,64,False
R02ZF,R02ZF_SARF000418,418,FULL_CONTEXT_OFFLINE,3,41,64,False
R02ZF,R02ZF_SARF000419,419,CAUSAL_REPLAY,1,16,59,False
R02ZF,R02ZF_SARF000419,419,FIXED_LAG_100MS,2,31,59,False
R02ZF,R02ZF_SARF000419,419,FULL_CONTEXT_OFFLINE,3,45,59,False
R02ZF,R02ZF_SARF000420,420,CAUSAL_REPLAY,2,26,59,False
R02ZF,R02ZF_SARF000420,420,FIXED_LAG_100MS,2,26,59,False
R02ZF,R02ZF_SARF000420,420,FULL_CONTEXT_OFFLINE,4,51,59,False
R02ZF,R02ZF_SARF000421,421,CAUSAL_REPLAY,2,34,66,False
R02ZF,R02ZF_SARF000421,421,FIXED_LAG_100MS,2,34,66,False
R02ZF,R02ZF_SARF000421,421,FULL_CONTEXT_OFFLINE,4,68,66,False
R02ZF,R02ZF_SARF000422,422,CAUSAL_REPLAY,2,34,66,False
R02ZF,R02ZF_SARF000422,422,FIXED_LAG_100MS,3,50,66,False
R02ZF,R02ZF_SARF000422,422,FULL_CONTEXT_OFFLINE,4,67,66,False
R02ZF,R02ZF_SARF000423,423,CAUSAL_REPLAY,2,33,66,False
R02ZF,R02ZF_SARF000423,423,FIXED_LAG_100MS,3,50,66,False
R02ZF,R02ZF_SARF000423,423,FULL_CONTEXT_OFFLINE,5,87,66,False
R02ZF,R02ZF_SARF000424,424,CAUSAL_REPLAY,2,25,53,False
R02ZF,R02ZF_SARF000424,424,FIXED_LAG_100MS,4,50,53,False
R02ZF,R02ZF_SARF000424,424,FULL_CONTEXT_OFFLINE,5,63,53,False
R02ZF,R02ZF_SARF000425,425,CAUSAL_REPLAY,3,47,72,False
R02ZF,R02ZF_SARF000425,425,FIXED_LAG_100MS,4,64,72,False
R02ZF,R02ZF_SARF000425,425,FULL_CONTEXT_OFFLINE,6,96,72,False
R02ZF,R02ZF_SARF000426,426,CAUSAL_REPLAY,2,28,63,False
R02ZF,R02ZF_SARF000426,426,FIXED_LAG_100MS,3,43,63,False
R02ZF,R02ZF_SARF000426,426,FULL_CONTEXT_OFFLINE,5,73,63,False
R02ZF,R02ZF_SARF000427,427,CAUSAL_REPLAY,3,40,70,False
R02ZF,R02ZF_SARF000427,427,FIXED_LAG_100MS,4,54,70,False
R02ZF,R02ZF_SARF000427,427,FULL_CONTEXT_OFFLINE,5,68,70,False
R02ZF,R02ZF_SARF000428,428,CAUSAL_REPLAY,2,29,60,False
R02ZF,R02ZF_SARF000428,428,FIXED_LAG_100MS,3,44,60,False
R02ZF,R02ZF_SARF000428,428,FULL_CONTEXT_OFFLINE,5,75,60,False
R02ZF,R02ZF_SARF000429,429,CAUSAL_REPLAY,2,26,64,False
R02ZF,R02ZF_SARF000429,429,FIXED_LAG_100MS,4,50,64,False
R02ZF,R02ZF_SARF000429,429,FULL_CONTEXT_OFFLINE,5,62,64,False
R02ZF,R02ZF_SARF000430,430,CAUSAL_REPLAY,3,39,57,False
R02ZF,R02ZF_SARF000430,430,FIXED_LAG_100MS,4,51,57,False
R02ZF,R02ZF_SARF000430,430,FULL_CONTEXT_OFFLINE,5,63,57,False
R02ZF,R02ZF_SARF000431,431,CAUSAL_REPLAY,3,54,63,False
R02ZF,R02ZF_SARF000431,431,FIXED_LAG_100MS,4,71,63,False
R02ZF,R02ZF_SARF000431,431,FULL_CONTEXT_OFFLINE,5,89,63,False
R02ZF,R02ZF_SARF000432,432,CAUSAL_REPLAY,4,57,56,False
R02ZF,R02ZF_SARF000432,432,FIXED_LAG_100MS,5,71,56,False
R02ZF,R02ZF_SARF000432,432,FULL_CONTEXT_OFFLINE,5,71,56,False
R02ZF,R02ZF_SARF000433,433,CAUSAL_REPLAY,3,38,70,False
R02ZF,R02ZF_SARF000433,433,FIXED_LAG_100MS,4,51,70,False
R02ZF,R02ZF_SARF000433,433,FULL_CONTEXT_OFFLINE,4,51,70,False
R02ZF,R02ZF_SARF000434,434,CAUSAL_REPLAY,3,31,63,False
R02ZF,R02ZF_SARF000434,434,FIXED_LAG_100MS,4,42,63,False
R02ZF,R02ZF_SARF000434,434,FULL_CONTEXT_OFFLINE,4,42,63,False
R02ZF,R02ZF_SARF000435,435,CAUSAL_REPLAY,4,42,65,False
R02ZF,R02ZF_SARF000435,435,FIXED_LAG_100MS,4,42,65,False
R02ZF,R02ZF_SARF000435,435,FULL_CONTEXT_OFFLINE,4,42,65,False
R02ZF,R02ZF_SARF000436,436,CAUSAL_REPLAY,3,27,57,False
R02ZF,R02ZF_SARF000436,436,FIXED_LAG_100MS,3,27,57,False
R02ZF,R02ZF_SARF000436,436,FULL_CONTEXT_OFFLINE,4,31,57,False
R02ZF,R02ZF_SARF000437,437,CAUSAL_REPLAY,3,34,55,False
R02ZF,R02ZF_SARF000437,437,FIXED_LAG_100MS,3,34,55,False
R02ZF,R02ZF_SARF000437,437,FULL_CONTEXT_OFFLINE,4,40,55,False
R02ZF,R02ZF_SARF000438,438,CAUSAL_REPLAY,2,28,57,False
R02ZF,R02ZF_SARF000438,438,FIXED_LAG_100MS,2,28,57,False
R02ZF,R02ZF_SARF000438,438,FULL_CONTEXT_OFFLINE,3,31,57,False
R02ZF,R02ZF_SARF000439,439,CAUSAL_REPLAY,2,27,65,False
R02ZF,R02ZF_SARF000439,439,FIXED_LAG_100MS,2,27,65,False
R02ZF,R02ZF_SARF000439,439,FULL_CONTEXT_OFFLINE,3,33,65,False
R02ZF,R02ZF_SARF000440,440,CAUSAL_REPLAY,1,9,46,False
R02ZF,R02ZF_SARF000440,440,FIXED_LAG_100MS,1,9,46,False
R02ZF,R02ZF_SARF000440,440,FULL_CONTEXT_OFFLINE,3,22,46,False
R02ZF,R02ZF_SARF000441,441,CAUSAL_REPLAY,1,9,54,False
R02ZF,R02ZF_SARF000441,441,FIXED_LAG_100MS,2,13,54,False
R02ZF,R02ZF_SARF000441,441,FULL_CONTEXT_OFFLINE,4,34,54,False
R02ZF,R02ZF_SARF000442,442,CAUSAL_REPLAY,1,13,56,False
R02ZF,R02ZF_SARF000442,442,FIXED_LAG_100MS,2,17,56,False
R02ZF,R02ZF_SARF000442,442,FULL_CONTEXT_OFFLINE,4,45,56,False
R02ZF,R02ZF_SARF000443,443,CAUSAL_REPLAY,0,0,56,True
R02ZF,R02ZF_SARF000443,443,FIXED_LAG_100MS,1,5,56,False
R02ZF,R02ZF_SARF000443,443,FULL_CONTEXT_OFFLINE,5,41,56,False
R02ZF,R02ZF_SARF000444,444,CAUSAL_REPLAY,1,4,51,False
R02ZF,R02ZF_SARF000444,444,FIXED_LAG_100MS,2,15,51,False
R02ZF,R02ZF_SARF000444,444,FULL_CONTEXT_OFFLINE,5,35,51,False
R02ZF,R02ZF_SARF000445,445,CAUSAL_REPLAY,1,4,54,False
R02ZF,R02ZF_SARF000445,445,FIXED_LAG_100MS,2,16,54,False
R02ZF,R02ZF_SARF000445,445,FULL_CONTEXT_OFFLINE,8,51,54,False
R02ZF,R02ZF_SARF000446,446,CAUSAL_REPLAY,1,3,44,False
R02ZF,R02ZF_SARF000446,446,FIXED_LAG_100MS,3,26,44,False
R02ZF,R02ZF_SARF000446,446,FULL_CONTEXT_OFFLINE,10,51,44,False
R02ZF,R02ZF_SARF000447,447,CAUSAL_REPLAY,2,15,49,False
R02ZF,R02ZF_SARF000447,447,FIXED_LAG_100MS,5,37,49,False
R02ZF,R02ZF_SARF000447,447,FULL_CONTEXT_OFFLINE,10,74,49,False
R02ZF,R02ZF_SARF000448,448,CAUSAL_REPLAY,2,16,53,False
R02ZF,R02ZF_SARF000448,448,FIXED_LAG_100MS,5,36,53,False
R02ZF,R02ZF_SARF000448,448,FULL_CONTEXT_OFFLINE,10,65,53,False
R02ZF,R02ZF_SARF000449,449,CAUSAL_REPLAY,3,30,52,False
R02ZF,R02ZF_SARF000449,449,FIXED_LAG_100MS,8,60,52,False
R02ZF,R02ZF_SARF000449,449,FULL_CONTEXT_OFFLINE,10,74,52,False
R02ZF,R02ZF_SARF000450,450,CAUSAL_REPLAY,5,39,45,False
R02ZF,R02ZF_SARF000450,450,FIXED_LAG_100MS,8,58,45,False
R02ZF,R02ZF_SARF000450,450,FULL_CONTEXT_OFFLINE,10,71,45,False
R02ZF,R02ZF_SARF000451,451,CAUSAL_REPLAY,4,43,67,False
R02ZF,R02ZF_SARF000451,451,FIXED_LAG_100MS,9,80,67,False
R02ZF,R02ZF_SARF000451,451,FULL_CONTEXT_OFFLINE,9,82,67,False
R02ZF,R02ZF_SARF000452,452,CAUSAL_REPLAY,7,49,46,False
R02ZF,R02ZF_SARF000452,452,FIXED_LAG_100MS,9,58,46,False
R02ZF,R02ZF_SARF000452,452,FULL_CONTEXT_OFFLINE,9,59,46,False
R02ZF,R02ZF_SARF000453,453,CAUSAL_REPLAY,7,57,58,False
R02ZF,R02ZF_SARF000453,453,FIXED_LAG_100MS,9,71,58,False
R02ZF,R02ZF_SARF000453,453,FULL_CONTEXT_OFFLINE,9,72,58,False
R02ZF,R02ZF_SARF000454,454,CAUSAL_REPLAY,9,51,44,False
R02ZF,R02ZF_SARF000454,454,FIXED_LAG_100MS,9,51,44,False
R02ZF,R02ZF_SARF000454,454,FULL_CONTEXT_OFFLINE,9,52,44,False
R02ZF,R02ZF_SARF000455,455,CAUSAL_REPLAY,8,44,49,False
R02ZF,R02ZF_SARF000455,455,FIXED_LAG_100MS,8,44,49,False
R02ZF,R02ZF_SARF000455,455,FULL_CONTEXT_OFFLINE,8,45,49,False
R02ZF,R02ZF_SARF000456,456,CAUSAL_REPLAY,7,32,46,False
R02ZF,R02ZF_SARF000456,456,FIXED_LAG_100MS,7,33,46,False
R02ZF,R02ZF_SARF000456,456,FULL_CONTEXT_OFFLINE,7,33,46,False
R02ZF,R02ZF_SARF000457,457,CAUSAL_REPLAY,7,39,46,False
R02ZF,R02ZF_SARF000457,457,FIXED_LAG_100MS,7,40,46,False
R02ZF,R02ZF_SARF000457,457,FULL_CONTEXT_OFFLINE,7,40,46,False
R02ZF,R02ZF_SARF000458,458,CAUSAL_REPLAY,5,28,45,False
R02ZF,R02ZF_SARF000458,458,FIXED_LAG_100MS,5,29,45,False
R02ZF,R02ZF_SARF000458,458,FULL_CONTEXT_OFFLINE,5,29,45,False
R02ZF,R02ZF_SARF000459,459,CAUSAL_REPLAY,5,31,46,False
R02ZF,R02ZF_SARF000459,459,FIXED_LAG_100MS,5,32,46,False
R02ZF,R02ZF_SARF000459,459,FULL_CONTEXT_OFFLINE,5,32,46,False
R02ZF,R02ZF_SARF000460,460,CAUSAL_REPLAY,2,9,49,False
R02ZF,R02ZF_SARF000460,460,FIXED_LAG_100MS,2,9,49,False
R02ZF,R02ZF_SARF000460,460,FULL_CONTEXT_OFFLINE,2,10,49,False
R02ZF,R02ZF_SARF000461,461,CAUSAL_REPLAY,2,9,43,False
R02ZF,R02ZF_SARF000461,461,FIXED_LAG_100MS,2,10,43,False
R02ZF,R02ZF_SARF000461,461,FULL_CONTEXT_OFFLINE,2,10,43,False
R02ZF,R02ZF_SARF000462,462,CAUSAL_REPLAY,2,13,47,False
R02ZF,R02ZF_SARF000462,462,FIXED_LAG_100MS,2,15,47,False
R02ZF,R02ZF_SARF000462,462,FULL_CONTEXT_OFFLINE,2,15,47,False
R02ZF,R02ZF_SARF000463,463,CAUSAL_REPLAY,2,18,55,False
R02ZF,R02ZF_SARF000463,463,FIXED_LAG_100MS,2,18,55,False
R02ZF,R02ZF_SARF000463,463,FULL_CONTEXT_OFFLINE,2,23,55,False
R02ZF,R02ZF_SARF000464,464,CAUSAL_REPLAY,2,18,57,False
R02ZF,R02ZF_SARF000464,464,FIXED_LAG_100MS,2,19,57,False
R02ZF,R02ZF_SARF000464,464,FULL_CONTEXT_OFFLINE,2,21,57,False
R02ZF,R02ZF_SARF000465,465,CAUSAL_REPLAY,2,29,70,False
R02ZF,R02ZF_SARF000465,465,FIXED_LAG_100MS,2,32,70,False
R02ZF,R02ZF_SARF000465,465,FULL_CONTEXT_OFFLINE,2,35,70,False
R02ZF,R02ZF_SARF000466,466,CAUSAL_REPLAY,2,18,55,False
R02ZF,R02ZF_SARF000466,466,FIXED_LAG_100MS,2,19,55,False
R02ZF,R02ZF_SARF000466,466,FULL_CONTEXT_OFFLINE,2,22,55,False
R02ZF,R02ZF_SARF000467,467,CAUSAL_REPLAY,2,15,55,False
R02ZF,R02ZF_SARF000467,467,FIXED_LAG_100MS,2,17,55,False
R02ZF,R02ZF_SARF000467,467,FULL_CONTEXT_OFFLINE,2,20,55,False
R02ZF,R02ZF_SARF000468,468,CAUSAL_REPLAY,2,14,59,False
R02ZF,R02ZF_SARF000468,468,FIXED_LAG_100MS,2,17,59,False
R02ZF,R02ZF_SARF000468,468,FULL_CONTEXT_OFFLINE,2,21,59,False
R02ZF,R02ZF_SARF000469,469,CAUSAL_REPLAY,2,16,48,False
R02ZF,R02ZF_SARF000469,469,FIXED_LAG_100MS,2,17,48,False
R02ZF,R02ZF_SARF000469,469,FULL_CONTEXT_OFFLINE,2,19,48,False
R02ZF,R02ZF_SARF000470,470,CAUSAL_REPLAY,2,14,50,False
R02ZF,R02ZF_SARF000470,470,FIXED_LAG_100MS,2,16,50,False
R02ZF,R02ZF_SARF000470,470,FULL_CONTEXT_OFFLINE,2,16,50,False
R02ZF,R02ZF_SARF000471,471,CAUSAL_REPLAY,2,16,50,False
R02ZF,R02ZF_SARF000471,471,FIXED_LAG_100MS,2,19,50,False
R02ZF,R02ZF_SARF000471,471,FULL_CONTEXT_OFFLINE,2,22,50,False
R02ZF,R02ZF_SARF000472,472,CAUSAL_REPLAY,2,15,59,False
R02ZF,R02ZF_SARF000472,472,FIXED_LAG_100MS,2,17,59,False
R02ZF,R02ZF_SARF000472,472,FULL_CONTEXT_OFFLINE,2,18,59,False
R02ZF,R02ZF_SARF000473,473,CAUSAL_REPLAY,2,20,60,False
R02ZF,R02ZF_SARF000473,473,FIXED_LAG_100MS,2,22,60,False
R02ZF,R02ZF_SARF000473,473,FULL_CONTEXT_OFFLINE,2,22,60,False
R02ZF,R02ZF_SARF000474,474,CAUSAL_REPLAY,2,11,43,False
R02ZF,R02ZF_SARF000474,474,FIXED_LAG_100MS,2,11,43,False
R02ZF,R02ZF_SARF000474,474,FULL_CONTEXT_OFFLINE,2,11,43,False
R02ZF,R02ZF_SARF000475,475,CAUSAL_REPLAY,2,12,46,False
R02ZF,R02ZF_SARF000475,475,FIXED_LAG_100MS,2,13,46,False
R02ZF,R02ZF_SARF000475,475,FULL_CONTEXT_OFFLINE,3,19,46,False
R02ZF,R02ZF_SARF000476,476,CAUSAL_REPLAY,2,9,43,False
R02ZF,R02ZF_SARF000476,476,FIXED_LAG_100MS,2,9,43,False
R02ZF,R02ZF_SARF000476,476,FULL_CONTEXT_OFFLINE,3,14,43,False
R02ZF,R02ZF_SARF000477,477,CAUSAL_REPLAY,2,14,38,False
R02ZF,R02ZF_SARF000477,477,FIXED_LAG_100MS,2,15,38,False
R02ZF,R02ZF_SARF000477,477,FULL_CONTEXT_OFFLINE,3,21,38,False
R02ZF,R02ZF_SARF000478,478,CAUSAL_REPLAY,2,15,54,False
R02ZF,R02ZF_SARF000478,478,FIXED_LAG_100MS,2,16,54,False
R02ZF,R02ZF_SARF000478,478,FULL_CONTEXT_OFFLINE,3,27,54,False
R02ZF,R02ZF_SARF000479,479,CAUSAL_REPLAY,2,16,57,False
R02ZF,R02ZF_SARF000479,479,FIXED_LAG_100MS,3,21,57,False
R02ZF,R02ZF_SARF000479,479,FULL_CONTEXT_OFFLINE,3,27,57,False
R02ZF,R02ZF_SARF000480,480,CAUSAL_REPLAY,2,16,44,False
R02ZF,R02ZF_SARF000480,480,FIXED_LAG_100MS,3,20,44,False
R02ZF,R02ZF_SARF000480,480,FULL_CONTEXT_OFFLINE,4,28,44,False
R02ZF,R02ZF_SARF000481,481,CAUSAL_REPLAY,2,12,41,False
R02ZF,R02ZF_SARF000481,481,FIXED_LAG_100MS,3,17,41,False
R02ZF,R02ZF_SARF000481,481,FULL_CONTEXT_OFFLINE,5,27,41,False
R02ZF,R02ZF_SARF000482,482,CAUSAL_REPLAY,3,20,43,False
R02ZF,R02ZF_SARF000482,482,FIXED_LAG_100MS,3,24,43,False
R02ZF,R02ZF_SARF000482,482,FULL_CONTEXT_OFFLINE,5,31,43,False
R02ZF,R02ZF_SARF000483,483,CAUSAL_REPLAY,3,22,50,False
R02ZF,R02ZF_SARF000483,483,FIXED_LAG_100MS,3,25,50,False
R02ZF,R02ZF_SARF000483,483,FULL_CONTEXT_OFFLINE,5,35,50,False
R02ZF,R02ZF_SARF000484,484,CAUSAL_REPLAY,3,27,46,False
R02ZF,R02ZF_SARF000484,484,FIXED_LAG_100MS,4,36,46,False
R02ZF,R02ZF_SARF000484,484,FULL_CONTEXT_OFFLINE,5,44,46,False
R02ZF,R02ZF_SARF000485,485,CAUSAL_REPLAY,3,25,41,False
R02ZF,R02ZF_SARF000485,485,FIXED_LAG_100MS,4,31,41,False
R02ZF,R02ZF_SARF000485,485,FULL_CONTEXT_OFFLINE,5,41,41,False
R02ZF,R02ZF_SARF000486,486,CAUSAL_REPLAY,3,23,44,False
R02ZF,R02ZF_SARF000486,486,FIXED_LAG_100MS,5,31,44,False
R02ZF,R02ZF_SARF000486,486,FULL_CONTEXT_OFFLINE,5,38,44,False
R02ZF,R02ZF_SARF000487,487,CAUSAL_REPLAY,4,33,50,False
R02ZF,R02ZF_SARF000487,487,FIXED_LAG_100MS,5,42,50,False
R02ZF,R02ZF_SARF000487,487,FULL_CONTEXT_OFFLINE,5,49,50,False
R02ZF,R02ZF_SARF000488,488,CAUSAL_REPLAY,4,35,40,False
R02ZF,R02ZF_SARF000488,488,FIXED_LAG_100MS,5,41,40,False
R02ZF,R02ZF_SARF000488,488,FULL_CONTEXT_OFFLINE,5,49,40,False
R02ZF,R02ZF_SARF000489,489,CAUSAL_REPLAY,5,29,47,False
R02ZF,R02ZF_SARF000489,489,FIXED_LAG_100MS,5,34,47,False
R02ZF,R02ZF_SARF000489,489,FULL_CONTEXT_OFFLINE,5,36,47,False
R02ZF,R02ZF_SARF000490,490,CAUSAL_REPLAY,5,42,51,False
R02ZF,R02ZF_SARF000490,490,FIXED_LAG_100MS,5,46,51,False
R02ZF,R02ZF_SARF000490,490,FULL_CONTEXT_OFFLINE,5,50,51,False
R02ZF,R02ZF_SARF000491,491,CAUSAL_REPLAY,5,47,59,False
R02ZF,R02ZF_SARF000491,491,FIXED_LAG_100MS,5,55,59,False
R02ZF,R02ZF_SARF000491,491,FULL_CONTEXT_OFFLINE,5,57,59,False
R02ZF,R02ZF_SARF000492,492,CAUSAL_REPLAY,5,46,53,False
R02ZF,R02ZF_SARF000492,492,FIXED_LAG_100MS,5,54,53,False
R02ZF,R02ZF_SARF000492,492,FULL_CONTEXT_OFFLINE,5,54,53,False
R02ZF,R02ZF_SARF000493,493,CAUSAL_REPLAY,5,50,55,False
R02ZF,R02ZF_SARF000493,493,FIXED_LAG_100MS,5,59,55,False
R02ZF,R02ZF_SARF000493,493,FULL_CONTEXT_OFFLINE,5,59,55,False
R02ZF,R02ZF_SARF000494,494,CAUSAL_REPLAY,5,45,53,False
R02ZF,R02ZF_SARF000494,494,FIXED_LAG_100MS,5,50,53,False
R02ZF,R02ZF_SARF000494,494,FULL_CONTEXT_OFFLINE,5,50,53,False
R03ZF,R03ZF_SARF000000,0,CAUSAL_REPLAY,0,0,60,True
R03ZF,R03ZF_SARF000000,0,FIXED_LAG_100MS,0,0,60,True
R03ZF,R03ZF_SARF000000,0,FULL_CONTEXT_OFFLINE,0,0,60,True
R03ZF,R03ZF_SARF000001,1,CAUSAL_REPLAY,0,0,59,True
R03ZF,R03ZF_SARF000001,1,FIXED_LAG_100MS,0,0,59,True
R03ZF,R03ZF_SARF000001,1,FULL_CONTEXT_OFFLINE,0,0,59,True
R03ZF,R03ZF_SARF000002,2,CAUSAL_REPLAY,0,0,59,True
R03ZF,R03ZF_SARF000002,2,FIXED_LAG_100MS,0,0,59,True
R03ZF,R03ZF_SARF000002,2,FULL_CONTEXT_OFFLINE,0,0,59,True
R03ZF,R03ZF_SARF000003,3,CAUSAL_REPLAY,0,0,64,True
R03ZF,R03ZF_SARF000003,3,FIXED_LAG_100MS,0,0,64,True
R03ZF,R03ZF_SARF000003,3,FULL_CONTEXT_OFFLINE,0,0,64,True
R03ZF,R03ZF_SARF000004,4,CAUSAL_REPLAY,0,0,59,True
R03ZF,R03ZF_SARF000004,4,FIXED_LAG_100MS,0,0,59,True
R03ZF,R03ZF_SARF000004,4,FULL_CONTEXT_OFFLINE,0,0,59,True
R03ZF,R03ZF_SARF000005,5,CAUSAL_REPLAY,0,0,59,True
R03ZF,R03ZF_SARF000005,5,FIXED_LAG_100MS,0,0,59,True
R03ZF,R03ZF_SARF000005,5,FULL_CONTEXT_OFFLINE,0,0,59,True
R03ZF,R03ZF_SARF000006,6,CAUSAL_REPLAY,0,0,56,True
R03ZF,R03ZF_SARF000006,6,FIXED_LAG_100MS,0,0,56,True
R03ZF,R03ZF_SARF000006,6,FULL_CONTEXT_OFFLINE,0,0,56,True
R03ZF,R03ZF_SARF000007,7,CAUSAL_REPLAY,0,0,55,True
R03ZF,R03ZF_SARF000007,7,FIXED_LAG_100MS,0,0,55,True
R03ZF,R03ZF_SARF000007,7,FULL_CONTEXT_OFFLINE,0,0,55,True
R03ZF,R03ZF_SARF000008,8,CAUSAL_REPLAY,0,0,48,True
R03ZF,R03ZF_SARF000008,8,FIXED_LAG_100MS,0,0,48,True
R03ZF,R03ZF_SARF000008,8,FULL_CONTEXT_OFFLINE,0,0,48,True
R03ZF,R03ZF_SARF000009,9,CAUSAL_REPLAY,0,0,57,True
R03ZF,R03ZF_SARF000009,9,FIXED_LAG_100MS,0,0,57,True
R03ZF,R03ZF_SARF000009,9,FULL_CONTEXT_OFFLINE,0,0,57,True
R03ZF,R03ZF_SARF000010,10,CAUSAL_REPLAY,0,0,60,True
R03ZF,R03ZF_SARF000010,10,FIXED_LAG_100MS,0,0,60,True
R03ZF,R03ZF_SARF000010,10,FULL_CONTEXT_OFFLINE,0,0,60,True
R03ZF,R03ZF_SARF000011,11,CAUSAL_REPLAY,0,0,57,True
R03ZF,R03ZF_SARF000011,11,FIXED_LAG_100MS,0,0,57,True
R03ZF,R03ZF_SARF000011,11,FULL_CONTEXT_OFFLINE,0,0,57,True
R03ZF,R03ZF_SARF000012,12,CAUSAL_REPLAY,0,0,54,True
R03ZF,R03ZF_SARF000012,12,FIXED_LAG_100MS,0,0,54,True
R03ZF,R03ZF_SARF000012,12,FULL_CONTEXT_OFFLINE,0,0,54,True
R03ZF,R03ZF_SARF000013,13,CAUSAL_REPLAY,0,0,49,True
R03ZF,R03ZF_SARF000013,13,FIXED_LAG_100MS,0,0,49,True
R03ZF,R03ZF_SARF000013,13,FULL_CONTEXT_OFFLINE,0,0,49,True
R03ZF,R03ZF_SARF000014,14,CAUSAL_REPLAY,0,0,50,True
R03ZF,R03ZF_SARF000014,14,FIXED_LAG_100MS,0,0,50,True
R03ZF,R03ZF_SARF000014,14,FULL_CONTEXT_OFFLINE,0,0,50,True
R03ZF,R03ZF_SARF000015,15,CAUSAL_REPLAY,0,0,46,True
R03ZF,R03ZF_SARF000015,15,FIXED_LAG_100MS,0,0,46,True
R03ZF,R03ZF_SARF000015,15,FULL_CONTEXT_OFFLINE,0,0,46,True
R03ZF,R03ZF_SARF000016,16,CAUSAL_REPLAY,0,0,50,True
R03ZF,R03ZF_SARF000016,16,FIXED_LAG_100MS,0,0,50,True
R03ZF,R03ZF_SARF000016,16,FULL_CONTEXT_OFFLINE,0,0,50,True
R03ZF,R03ZF_SARF000017,17,CAUSAL_REPLAY,0,0,45,True
R03ZF,R03ZF_SARF000017,17,FIXED_LAG_100MS,0,0,45,True
R03ZF,R03ZF_SARF000017,17,FULL_CONTEXT_OFFLINE,0,0,45,True
R03ZF,R03ZF_SARF000018,18,CAUSAL_REPLAY,0,0,55,True
R03ZF,R03ZF_SARF000018,18,FIXED_LAG_100MS,0,0,55,True
R03ZF,R03ZF_SARF000018,18,FULL_CONTEXT_OFFLINE,0,0,55,True
R03ZF,R03ZF_SARF000019,19,CAUSAL_REPLAY,0,0,56,True
R03ZF,R03ZF_SARF000019,19,FIXED_LAG_100MS,0,0,56,True
R03ZF,R03ZF_SARF000019,19,FULL_CONTEXT_OFFLINE,0,0,56,True
R03ZF,R03ZF_SARF000020,20,CAUSAL_REPLAY,0,0,47,True
R03ZF,R03ZF_SARF000020,20,FIXED_LAG_100MS,0,0,47,True
R03ZF,R03ZF_SARF000020,20,FULL_CONTEXT_OFFLINE,0,0,47,True
R03ZF,R03ZF_SARF000021,21,CAUSAL_REPLAY,0,0,48,True
R03ZF,R03ZF_SARF000021,21,FIXED_LAG_100MS,0,0,48,True
R03ZF,R03ZF_SARF000021,21,FULL_CONTEXT_OFFLINE,0,0,48,True
R03ZF,R03ZF_SARF000022,22,CAUSAL_REPLAY,0,0,50,True
R03ZF,R03ZF_SARF000022,22,FIXED_LAG_100MS,0,0,50,True
R03ZF,R03ZF_SARF000022,22,FULL_CONTEXT_OFFLINE,0,0,50,True
R03ZF,R03ZF_SARF000023,23,CAUSAL_REPLAY,0,0,58,True
R03ZF,R03ZF_SARF000023,23,FIXED_LAG_100MS,0,0,58,True
R03ZF,R03ZF_SARF000023,23,FULL_CONTEXT_OFFLINE,0,0,58,True
R03ZF,R03ZF_SARF000024,24,CAUSAL_REPLAY,0,0,50,True
R03ZF,R03ZF_SARF000024,24,FIXED_LAG_100MS,0,0,50,True
R03ZF,R03ZF_SARF000024,24,FULL_CONTEXT_OFFLINE,0,0,50,True
R03ZF,R03ZF_SARF000025,25,CAUSAL_REPLAY,0,0,50,True
R03ZF,R03ZF_SARF000025,25,FIXED_LAG_100MS,0,0,50,True
R03ZF,R03ZF_SARF000025,25,FULL_CONTEXT_OFFLINE,0,0,50,True
R03ZF,R03ZF_SARF000026,26,CAUSAL_REPLAY,0,0,56,True
R03ZF,R03ZF_SARF000026,26,FIXED_LAG_100MS,0,0,56,True
R03ZF,R03ZF_SARF000026,26,FULL_CONTEXT_OFFLINE,0,0,56,True
R03ZF,R03ZF_SARF000027,27,CAUSAL_REPLAY,0,0,49,True
R03ZF,R03ZF_SARF000027,27,FIXED_LAG_100MS,0,0,49,True
R03ZF,R03ZF_SARF000027,27,FULL_CONTEXT_OFFLINE,0,0,49,True
R03ZF,R03ZF_SARF000028,28,CAUSAL_REPLAY,0,0,52,True
R03ZF,R03ZF_SARF000028,28,FIXED_LAG_100MS,0,0,52,True
R03ZF,R03ZF_SARF000028,28,FULL_CONTEXT_OFFLINE,0,0,52,True
R03ZF,R03ZF_SARF000029,29,CAUSAL_REPLAY,0,0,47,True
R03ZF,R03ZF_SARF000029,29,FIXED_LAG_100MS,0,0,47,True
R03ZF,R03ZF_SARF000029,29,FULL_CONTEXT_OFFLINE,0,0,47,True
R03ZF,R03ZF_SARF000030,30,CAUSAL_REPLAY,0,0,53,True
R03ZF,R03ZF_SARF000030,30,FIXED_LAG_100MS,0,0,53,True
R03ZF,R03ZF_SARF000030,30,FULL_CONTEXT_OFFLINE,0,0,53,True
R03ZF,R03ZF_SARF000031,31,CAUSAL_REPLAY,0,0,54,True
R03ZF,R03ZF_SARF000031,31,FIXED_LAG_100MS,0,0,54,True
R03ZF,R03ZF_SARF000031,31,FULL_CONTEXT_OFFLINE,0,0,54,True
R03ZF,R03ZF_SARF000032,32,CAUSAL_REPLAY,0,0,50,True
R03ZF,R03ZF_SARF000032,32,FIXED_LAG_100MS,0,0,50,True
R03ZF,R03ZF_SARF000032,32,FULL_CONTEXT_OFFLINE,0,0,50,True
R03ZF,R03ZF_SARF000033,33,CAUSAL_REPLAY,0,0,55,True
R03ZF,R03ZF_SARF000033,33,FIXED_LAG_100MS,0,0,55,True
R03ZF,R03ZF_SARF000033,33,FULL_CONTEXT_OFFLINE,0,0,55,True
R03ZF,R03ZF_SARF000034,34,CAUSAL_REPLAY,0,0,52,True
R03ZF,R03ZF_SARF000034,34,FIXED_LAG_100MS,0,0,52,True
R03ZF,R03ZF_SARF000034,34,FULL_CONTEXT_OFFLINE,0,0,52,True
R03ZF,R03ZF_SARF000035,35,CAUSAL_REPLAY,0,0,54,True
R03ZF,R03ZF_SARF000035,35,FIXED_LAG_100MS,0,0,54,True
R03ZF,R03ZF_SARF000035,35,FULL_CONTEXT_OFFLINE,0,0,54,True
R03ZF,R03ZF_SARF000036,36,CAUSAL_REPLAY,0,0,47,True
R03ZF,R03ZF_SARF000036,36,FIXED_LAG_100MS,0,0,47,True
R03ZF,R03ZF_SARF000036,36,FULL_CONTEXT_OFFLINE,0,0,47,True
R03ZF,R03ZF_SARF000037,37,CAUSAL_REPLAY,0,0,46,True
R03ZF,R03ZF_SARF000037,37,FIXED_LAG_100MS,0,0,46,True
R03ZF,R03ZF_SARF000037,37,FULL_CONTEXT_OFFLINE,0,0,46,True
R03ZF,R03ZF_SARF000038,38,CAUSAL_REPLAY,0,0,49,True
R03ZF,R03ZF_SARF000038,38,FIXED_LAG_100MS,0,0,49,True
R03ZF,R03ZF_SARF000038,38,FULL_CONTEXT_OFFLINE,0,0,49,True
R03ZF,R03ZF_SARF000039,39,CAUSAL_REPLAY,0,0,54,True
R03ZF,R03ZF_SARF000039,39,FIXED_LAG_100MS,0,0,54,True
R03ZF,R03ZF_SARF000039,39,FULL_CONTEXT_OFFLINE,0,0,54,True
R03ZF,R03ZF_SARF000040,40,CAUSAL_REPLAY,0,0,55,True
R03ZF,R03ZF_SARF000040,40,FIXED_LAG_100MS,0,0,55,True
R03ZF,R03ZF_SARF000040,40,FULL_CONTEXT_OFFLINE,0,0,55,True
R03ZF,R03ZF_SARF000041,41,CAUSAL_REPLAY,0,0,49,True
R03ZF,R03ZF_SARF000041,41,FIXED_LAG_100MS,0,0,49,True
R03ZF,R03ZF_SARF000041,41,FULL_CONTEXT_OFFLINE,0,0,49,True
R03ZF,R03ZF_SARF000042,42,CAUSAL_REPLAY,0,0,54,True
R03ZF,R03ZF_SARF000042,42,FIXED_LAG_100MS,0,0,54,True
R03ZF,R03ZF_SARF000042,42,FULL_CONTEXT_OFFLINE,0,0,54,True
R03ZF,R03ZF_SARF000043,43,CAUSAL_REPLAY,0,0,49,True
R03ZF,R03ZF_SARF000043,43,FIXED_LAG_100MS,0,0,49,True
R03ZF,R03ZF_SARF000043,43,FULL_CONTEXT_OFFLINE,0,0,49,True
R03ZF,R03ZF_SARF000044,44,CAUSAL_REPLAY,0,0,49,True
R03ZF,R03ZF_SARF000044,44,FIXED_LAG_100MS,0,0,49,True
R03ZF,R03ZF_SARF000044,44,FULL_CONTEXT_OFFLINE,0,0,49,True
R03ZF,R03ZF_SARF000045,45,CAUSAL_REPLAY,0,0,55,True
R03ZF,R03ZF_SARF000045,45,FIXED_LAG_100MS,0,0,55,True
R03ZF,R03ZF_SARF000045,45,FULL_CONTEXT_OFFLINE,0,0,55,True
R03ZF,R03ZF_SARF000046,46,CAUSAL_REPLAY,0,0,47,True
R03ZF,R03ZF_SARF000046,46,FIXED_LAG_100MS,0,0,47,True
R03ZF,R03ZF_SARF000046,46,FULL_CONTEXT_OFFLINE,0,0,47,True
R03ZF,R03ZF_SARF000047,47,CAUSAL_REPLAY,0,0,55,True
R03ZF,R03ZF_SARF000047,47,FIXED_LAG_100MS,0,0,55,True
R03ZF,R03ZF_SARF000047,47,FULL_CONTEXT_OFFLINE,0,0,55,True
R03ZF,R03ZF_SARF000048,48,CAUSAL_REPLAY,0,0,54,True
R03ZF,R03ZF_SARF000048,48,FIXED_LAG_100MS,0,0,54,True
R03ZF,R03ZF_SARF000048,48,FULL_CONTEXT_OFFLINE,0,0,54,True
R03ZF,R03ZF_SARF000049,49,CAUSAL_REPLAY,0,0,59,True
R03ZF,R03ZF_SARF000049,49,FIXED_LAG_100MS,0,0,59,True
R03ZF,R03ZF_SARF000049,49,FULL_CONTEXT_OFFLINE,0,0,59,True
R03ZF,R03ZF_SARF000050,50,CAUSAL_REPLAY,0,0,57,True
R03ZF,R03ZF_SARF000050,50,FIXED_LAG_100MS,0,0,57,True
R03ZF,R03ZF_SARF000050,50,FULL_CONTEXT_OFFLINE,0,0,57,True
R03ZF,R03ZF_SARF000051,51,CAUSAL_REPLAY,0,0,51,True
R03ZF,R03ZF_SARF000051,51,FIXED_LAG_100MS,0,0,51,True
R03ZF,R03ZF_SARF000051,51,FULL_CONTEXT_OFFLINE,0,0,51,True
R03ZF,R03ZF_SARF000052,52,CAUSAL_REPLAY,0,0,58,True
R03ZF,R03ZF_SARF000052,52,FIXED_LAG_100MS,0,0,58,True
R03ZF,R03ZF_SARF000052,52,FULL_CONTEXT_OFFLINE,0,0,58,True
R03ZF,R03ZF_SARF000053,53,CAUSAL_REPLAY,0,0,47,True
R03ZF,R03ZF_SARF000053,53,FIXED_LAG_100MS,0,0,47,True
R03ZF,R03ZF_SARF000053,53,FULL_CONTEXT_OFFLINE,0,0,47,True
R03ZF,R03ZF_SARF000054,54,CAUSAL_REPLAY,0,0,51,True
R03ZF,R03ZF_SARF000054,54,FIXED_LAG_100MS,0,0,51,True
R03ZF,R03ZF_SARF000054,54,FULL_CONTEXT_OFFLINE,0,0,51,True
R03ZF,R03ZF_SARF000055,55,CAUSAL_REPLAY,0,0,49,True
R03ZF,R03ZF_SARF000055,55,FIXED_LAG_100MS,0,0,49,True
R03ZF,R03ZF_SARF000055,55,FULL_CONTEXT_OFFLINE,0,0,49,True
R03ZF,R03ZF_SARF000056,56,CAUSAL_REPLAY,0,0,53,True
R03ZF,R03ZF_SARF000056,56,FIXED_LAG_100MS,0,0,53,True
R03ZF,R03ZF_SARF000056,56,FULL_CONTEXT_OFFLINE,0,0,53,True
R03ZF,R03ZF_SARF000057,57,CAUSAL_REPLAY,0,0,54,True
R03ZF,R03ZF_SARF000057,57,FIXED_LAG_100MS,0,0,54,True
R03ZF,R03ZF_SARF000057,57,FULL_CONTEXT_OFFLINE,0,0,54,True
R03ZF,R03ZF_SARF000058,58,CAUSAL_REPLAY,0,0,54,True
R03ZF,R03ZF_SARF000058,58,FIXED_LAG_100MS,0,0,54,True
R03ZF,R03ZF_SARF000058,58,FULL_CONTEXT_OFFLINE,0,0,54,True
R03ZF,R03ZF_SARF000059,59,CAUSAL_REPLAY,0,0,51,True
R03ZF,R03ZF_SARF000059,59,FIXED_LAG_100MS,0,0,51,True
R03ZF,R03ZF_SARF000059,59,FULL_CONTEXT_OFFLINE,0,0,51,True
R03ZF,R03ZF_SARF000060,60,CAUSAL_REPLAY,0,0,46,True
R03ZF,R03ZF_SARF000060,60,FIXED_LAG_100MS,0,0,46,True
R03ZF,R03ZF_SARF000060,60,FULL_CONTEXT_OFFLINE,0,0,46,True
R03ZF,R03ZF_SARF000061,61,CAUSAL_REPLAY,0,0,52,True
R03ZF,R03ZF_SARF000061,61,FIXED_LAG_100MS,0,0,52,True
R03ZF,R03ZF_SARF000061,61,FULL_CONTEXT_OFFLINE,0,0,52,True
R03ZF,R03ZF_SARF000062,62,CAUSAL_REPLAY,0,0,49,True
R03ZF,R03ZF_SARF000062,62,FIXED_LAG_100MS,0,0,49,True
R03ZF,R03ZF_SARF000062,62,FULL_CONTEXT_OFFLINE,0,0,49,True
R03ZF,R03ZF_SARF000063,63,CAUSAL_REPLAY,0,0,59,True
R03ZF,R03ZF_SARF000063,63,FIXED_LAG_100MS,0,0,59,True
R03ZF,R03ZF_SARF000063,63,FULL_CONTEXT_OFFLINE,0,0,59,True
R03ZF,R03ZF_SARF000064,64,CAUSAL_REPLAY,0,0,58,True
R03ZF,R03ZF_SARF000064,64,FIXED_LAG_100MS,0,0,58,True
R03ZF,R03ZF_SARF000064,64,FULL_CONTEXT_OFFLINE,0,0,58,True
R03ZF,R03ZF_SARF000065,65,CAUSAL_REPLAY,0,0,50,True
R03ZF,R03ZF_SARF000065,65,FIXED_LAG_100MS,0,0,50,True
R03ZF,R03ZF_SARF000065,65,FULL_CONTEXT_OFFLINE,0,0,50,True
R03ZF,R03ZF_SARF000066,66,CAUSAL_REPLAY,0,0,53,True
R03ZF,R03ZF_SARF000066,66,FIXED_LAG_100MS,0,0,53,True
R03ZF,R03ZF_SARF000066,66,FULL_CONTEXT_OFFLINE,0,0,53,True
R03ZF,R03ZF_SARF000067,67,CAUSAL_REPLAY,0,0,52,True
R03ZF,R03ZF_SARF000067,67,FIXED_LAG_100MS,0,0,52,True
R03ZF,R03ZF_SARF000067,67,FULL_CONTEXT_OFFLINE,0,0,52,True
R03ZF,R03ZF_SARF000068,68,CAUSAL_REPLAY,0,0,50,True
R03ZF,R03ZF_SARF000068,68,FIXED_LAG_100MS,0,0,50,True
R03ZF,R03ZF_SARF000068,68,FULL_CONTEXT_OFFLINE,0,0,50,True
R03ZF,R03ZF_SARF000069,69,CAUSAL_REPLAY,0,0,50,True
R03ZF,R03ZF_SARF000069,69,FIXED_LAG_100MS,0,0,50,True
R03ZF,R03ZF_SARF000069,69,FULL_CONTEXT_OFFLINE,0,0,50,True
R03ZF,R03ZF_SARF000070,70,CAUSAL_REPLAY,0,0,47,True
R03ZF,R03ZF_SARF000070,70,FIXED_LAG_100MS,0,0,47,True
R03ZF,R03ZF_SARF000070,70,FULL_CONTEXT_OFFLINE,0,0,47,True
R03ZF,R03ZF_SARF000071,71,CAUSAL_REPLAY,0,0,48,True
R03ZF,R03ZF_SARF000071,71,FIXED_LAG_100MS,0,0,48,True
R03ZF,R03ZF_SARF000071,71,FULL_CONTEXT_OFFLINE,0,0,48,True
R03ZF,R03ZF_SARF000072,72,CAUSAL_REPLAY,0,0,40,True
R03ZF,R03ZF_SARF000072,72,FIXED_LAG_100MS,0,0,40,True
R03ZF,R03ZF_SARF000072,72,FULL_CONTEXT_OFFLINE,0,0,40,True
R03ZF,R03ZF_SARF000073,73,CAUSAL_REPLAY,0,0,47,True
R03ZF,R03ZF_SARF000073,73,FIXED_LAG_100MS,0,0,47,True
R03ZF,R03ZF_SARF000073,73,FULL_CONTEXT_OFFLINE,0,0,47,True
R03ZF,R03ZF_SARF000074,74,CAUSAL_REPLAY,0,0,47,True
R03ZF,R03ZF_SARF000074,74,FIXED_LAG_100MS,0,0,47,True
R03ZF,R03ZF_SARF000074,74,FULL_CONTEXT_OFFLINE,0,0,47,True
R03ZF,R03ZF_SARF000075,75,CAUSAL_REPLAY,0,0,52,True
R03ZF,R03ZF_SARF000075,75,FIXED_LAG_100MS,0,0,52,True
R03ZF,R03ZF_SARF000075,75,FULL_CONTEXT_OFFLINE,0,0,52,True
R03ZF,R03ZF_SARF000076,76,CAUSAL_REPLAY,0,0,49,True
R03ZF,R03ZF_SARF000076,76,FIXED_LAG_100MS,0,0,49,True
R03ZF,R03ZF_SARF000076,76,FULL_CONTEXT_OFFLINE,0,0,49,True
R03ZF,R03ZF_SARF000077,77,CAUSAL_REPLAY,0,0,56,True
R03ZF,R03ZF_SARF000077,77,FIXED_LAG_100MS,0,0,56,True
R03ZF,R03ZF_SARF000077,77,FULL_CONTEXT_OFFLINE,0,0,56,True
R03ZF,R03ZF_SARF000078,78,CAUSAL_REPLAY,0,0,55,True
R03ZF,R03ZF_SARF000078,78,FIXED_LAG_100MS,0,0,55,True
R03ZF,R03ZF_SARF000078,78,FULL_CONTEXT_OFFLINE,0,0,55,True
R03ZF,R03ZF_SARF000079,79,CAUSAL_REPLAY,0,0,57,True
R03ZF,R03ZF_SARF000079,79,FIXED_LAG_100MS,0,0,57,True
R03ZF,R03ZF_SARF000079,79,FULL_CONTEXT_OFFLINE,0,0,57,True
R03ZF,R03ZF_SARF000080,80,CAUSAL_REPLAY,0,0,52,True
R03ZF,R03ZF_SARF000080,80,FIXED_LAG_100MS,0,0,52,True
R03ZF,R03ZF_SARF000080,80,FULL_CONTEXT_OFFLINE,0,0,52,True
R03ZF,R03ZF_SARF000081,81,CAUSAL_REPLAY,0,0,54,True
R03ZF,R03ZF_SARF000081,81,FIXED_LAG_100MS,0,0,54,True
R03ZF,R03ZF_SARF000081,81,FULL_CONTEXT_OFFLINE,0,0,54,True
R03ZF,R03ZF_SARF000082,82,CAUSAL_REPLAY,0,0,43,True
R03ZF,R03ZF_SARF000082,82,FIXED_LAG_100MS,0,0,43,True
R03ZF,R03ZF_SARF000082,82,FULL_CONTEXT_OFFLINE,0,0,43,True
R03ZF,R03ZF_SARF000083,83,CAUSAL_REPLAY,0,0,49,True
R03ZF,R03ZF_SARF000083,83,FIXED_LAG_100MS,0,0,49,True
R03ZF,R03ZF_SARF000083,83,FULL_CONTEXT_OFFLINE,0,0,49,True
R03ZF,R03ZF_SARF000084,84,CAUSAL_REPLAY,0,0,49,True
R03ZF,R03ZF_SARF000084,84,FIXED_LAG_100MS,0,0,49,True
R03ZF,R03ZF_SARF000084,84,FULL_CONTEXT_OFFLINE,0,0,49,True
R03ZF,R03ZF_SARF000085,85,CAUSAL_REPLAY,0,0,52,True
R03ZF,R03ZF_SARF000085,85,FIXED_LAG_100MS,0,0,52,True
R03ZF,R03ZF_SARF000085,85,FULL_CONTEXT_OFFLINE,0,0,52,True
R03ZF,R03ZF_SARF000086,86,CAUSAL_REPLAY,0,0,47,True
R03ZF,R03ZF_SARF000086,86,FIXED_LAG_100MS,0,0,47,True
R03ZF,R03ZF_SARF000086,86,FULL_CONTEXT_OFFLINE,0,0,47,True
R03ZF,R03ZF_SARF000087,87,CAUSAL_REPLAY,0,0,49,True
R03ZF,R03ZF_SARF000087,87,FIXED_LAG_100MS,0,0,49,True
R03ZF,R03ZF_SARF000087,87,FULL_CONTEXT_OFFLINE,0,0,49,True
R03ZF,R03ZF_SARF000088,88,CAUSAL_REPLAY,0,0,42,True
R03ZF,R03ZF_SARF000088,88,FIXED_LAG_100MS,0,0,42,True
R03ZF,R03ZF_SARF000088,88,FULL_CONTEXT_OFFLINE,0,0,42,True
R03ZF,R03ZF_SARF000089,89,CAUSAL_REPLAY,0,0,58,True
R03ZF,R03ZF_SARF000089,89,FIXED_LAG_100MS,0,0,58,True
R03ZF,R03ZF_SARF000089,89,FULL_CONTEXT_OFFLINE,0,0,58,True
R03ZF,R03ZF_SARF000090,90,CAUSAL_REPLAY,0,0,55,True
R03ZF,R03ZF_SARF000090,90,FIXED_LAG_100MS,0,0,55,True
R03ZF,R03ZF_SARF000090,90,FULL_CONTEXT_OFFLINE,0,0,55,True
R03ZF,R03ZF_SARF000091,91,CAUSAL_REPLAY,0,0,55,True
R03ZF,R03ZF_SARF000091,91,FIXED_LAG_100MS,0,0,55,True
R03ZF,R03ZF_SARF000091,91,FULL_CONTEXT_OFFLINE,0,0,55,True
R03ZF,R03ZF_SARF000092,92,CAUSAL_REPLAY,0,0,49,True
R03ZF,R03ZF_SARF000092,92,FIXED_LAG_100MS,0,0,49,True
R03ZF,R03ZF_SARF000092,92,FULL_CONTEXT_OFFLINE,0,0,49,True
R03ZF,R03ZF_SARF000093,93,CAUSAL_REPLAY,0,0,50,True
R03ZF,R03ZF_SARF000093,93,FIXED_LAG_100MS,0,0,50,True
R03ZF,R03ZF_SARF000093,93,FULL_CONTEXT_OFFLINE,0,0,50,True
R03ZF,R03ZF_SARF000094,94,CAUSAL_REPLAY,0,0,46,True
R03ZF,R03ZF_SARF000094,94,FIXED_LAG_100MS,0,0,46,True
R03ZF,R03ZF_SARF000094,94,FULL_CONTEXT_OFFLINE,0,0,46,True
R03ZF,R03ZF_SARF000095,95,CAUSAL_REPLAY,0,0,45,True
R03ZF,R03ZF_SARF000095,95,FIXED_LAG_100MS,0,0,45,True
R03ZF,R03ZF_SARF000095,95,FULL_CONTEXT_OFFLINE,0,0,45,True
R03ZF,R03ZF_SARF000096,96,CAUSAL_REPLAY,0,0,46,True
R03ZF,R03ZF_SARF000096,96,FIXED_LAG_100MS,0,0,46,True
R03ZF,R03ZF_SARF000096,96,FULL_CONTEXT_OFFLINE,0,0,46,True
R03ZF,R03ZF_SARF000097,97,CAUSAL_REPLAY,0,0,55,True
R03ZF,R03ZF_SARF000097,97,FIXED_LAG_100MS,0,0,55,True
R03ZF,R03ZF_SARF000097,97,FULL_CONTEXT_OFFLINE,0,0,55,True
R03ZF,R03ZF_SARF000098,98,CAUSAL_REPLAY,0,0,50,True
R03ZF,R03ZF_SARF000098,98,FIXED_LAG_100MS,0,0,50,True
R03ZF,R03ZF_SARF000098,98,FULL_CONTEXT_OFFLINE,0,0,50,True
R03ZF,R03ZF_SARF000099,99,CAUSAL_REPLAY,0,0,52,True
R03ZF,R03ZF_SARF000099,99,FIXED_LAG_100MS,0,0,52,True
R03ZF,R03ZF_SARF000099,99,FULL_CONTEXT_OFFLINE,0,0,52,True
R03ZF,R03ZF_SARF000100,100,CAUSAL_REPLAY,0,0,49,True
R03ZF,R03ZF_SARF000100,100,FIXED_LAG_100MS,0,0,49,True
R03ZF,R03ZF_SARF000100,100,FULL_CONTEXT_OFFLINE,0,0,49,True
R03ZF,R03ZF_SARF000101,101,CAUSAL_REPLAY,0,0,44,True
R03ZF,R03ZF_SARF000101,101,FIXED_LAG_100MS,0,0,44,True
R03ZF,R03ZF_SARF000101,101,FULL_CONTEXT_OFFLINE,0,0,44,True
R03ZF,R03ZF_SARF000102,102,CAUSAL_REPLAY,0,0,46,True
R03ZF,R03ZF_SARF000102,102,FIXED_LAG_100MS,0,0,46,True
R03ZF,R03ZF_SARF000102,102,FULL_CONTEXT_OFFLINE,0,0,46,True
R03ZF,R03ZF_SARF000103,103,CAUSAL_REPLAY,0,0,48,True
R03ZF,R03ZF_SARF000103,103,FIXED_LAG_100MS,0,0,48,True
R03ZF,R03ZF_SARF000103,103,FULL_CONTEXT_OFFLINE,0,0,48,True
R03ZF,R03ZF_SARF000104,104,CAUSAL_REPLAY,0,0,47,True
R03ZF,R03ZF_SARF000104,104,FIXED_LAG_100MS,0,0,47,True
R03ZF,R03ZF_SARF000104,104,FULL_CONTEXT_OFFLINE,0,0,47,True
R03ZF,R03ZF_SARF000105,105,CAUSAL_REPLAY,0,0,52,True
R03ZF,R03ZF_SARF000105,105,FIXED_LAG_100MS,0,0,52,True
R03ZF,R03ZF_SARF000105,105,FULL_CONTEXT_OFFLINE,0,0,52,True
R03ZF,R03ZF_SARF000106,106,CAUSAL_REPLAY,0,0,44,True
R03ZF,R03ZF_SARF000106,106,FIXED_LAG_100MS,0,0,44,True
R03ZF,R03ZF_SARF000106,106,FULL_CONTEXT_OFFLINE,0,0,44,True
R03ZF,R03ZF_SARF000107,107,CAUSAL_REPLAY,0,0,49,True
R03ZF,R03ZF_SARF000107,107,FIXED_LAG_100MS,0,0,49,True
R03ZF,R03ZF_SARF000107,107,FULL_CONTEXT_OFFLINE,0,0,49,True
R03ZF,R03ZF_SARF000108,108,CAUSAL_REPLAY,0,0,51,True
R03ZF,R03ZF_SARF000108,108,FIXED_LAG_100MS,0,0,51,True
R03ZF,R03ZF_SARF000108,108,FULL_CONTEXT_OFFLINE,0,0,51,True
R03ZF,R03ZF_SARF000109,109,CAUSAL_REPLAY,0,0,55,True
R03ZF,R03ZF_SARF000109,109,FIXED_LAG_100MS,0,0,55,True
R03ZF,R03ZF_SARF000109,109,FULL_CONTEXT_OFFLINE,0,0,55,True
R03ZF,R03ZF_SARF000110,110,CAUSAL_REPLAY,0,0,50,True
R03ZF,R03ZF_SARF000110,110,FIXED_LAG_100MS,0,0,50,True
R03ZF,R03ZF_SARF000110,110,FULL_CONTEXT_OFFLINE,0,0,50,True
R03ZF,R03ZF_SARF000111,111,CAUSAL_REPLAY,0,0,57,True
R03ZF,R03ZF_SARF000111,111,FIXED_LAG_100MS,0,0,57,True
R03ZF,R03ZF_SARF000111,111,FULL_CONTEXT_OFFLINE,0,0,57,True
R03ZF,R03ZF_SARF000112,112,CAUSAL_REPLAY,0,0,54,True
R03ZF,R03ZF_SARF000112,112,FIXED_LAG_100MS,0,0,54,True
R03ZF,R03ZF_SARF000112,112,FULL_CONTEXT_OFFLINE,0,0,54,True
R03ZF,R03ZF_SARF000113,113,CAUSAL_REPLAY,0,0,57,True
R03ZF,R03ZF_SARF000113,113,FIXED_LAG_100MS,0,0,57,True
R03ZF,R03ZF_SARF000113,113,FULL_CONTEXT_OFFLINE,0,0,57,True
R03ZF,R03ZF_SARF000114,114,CAUSAL_REPLAY,0,0,50,True
R03ZF,R03ZF_SARF000114,114,FIXED_LAG_100MS,0,0,50,True
R03ZF,R03ZF_SARF000114,114,FULL_CONTEXT_OFFLINE,0,0,50,True
R03ZF,R03ZF_SARF000115,115,CAUSAL_REPLAY,0,0,47,True
R03ZF,R03ZF_SARF000115,115,FIXED_LAG_100MS,0,0,47,True
R03ZF,R03ZF_SARF000115,115,FULL_CONTEXT_OFFLINE,0,0,47,True
R03ZF,R03ZF_SARF000116,116,CAUSAL_REPLAY,0,0,62,True
R03ZF,R03ZF_SARF000116,116,FIXED_LAG_100MS,0,0,62,True
R03ZF,R03ZF_SARF000116,116,FULL_CONTEXT_OFFLINE,0,0,62,True
R03ZF,R03ZF_SARF000117,117,CAUSAL_REPLAY,0,0,49,True
R03ZF,R03ZF_SARF000117,117,FIXED_LAG_100MS,0,0,49,True
R03ZF,R03ZF_SARF000117,117,FULL_CONTEXT_OFFLINE,0,0,49,True
R03ZF,R03ZF_SARF000118,118,CAUSAL_REPLAY,0,0,58,True
R03ZF,R03ZF_SARF000118,118,FIXED_LAG_100MS,0,0,58,True
R03ZF,R03ZF_SARF000118,118,FULL_CONTEXT_OFFLINE,0,0,58,True
R03ZF,R03ZF_SARF000119,119,CAUSAL_REPLAY,0,0,48,True
R03ZF,R03ZF_SARF000119,119,FIXED_LAG_100MS,0,0,48,True
R03ZF,R03ZF_SARF000119,119,FULL_CONTEXT_OFFLINE,0,0,48,True
R03ZF,R03ZF_SARF000120,120,CAUSAL_REPLAY,0,0,53,True
R03ZF,R03ZF_SARF000120,120,FIXED_LAG_100MS,0,0,53,True
R03ZF,R03ZF_SARF000120,120,FULL_CONTEXT_OFFLINE,0,0,53,True
R03ZF,R03ZF_SARF000121,121,CAUSAL_REPLAY,0,0,49,True
R03ZF,R03ZF_SARF000121,121,FIXED_LAG_100MS,0,0,49,True
R03ZF,R03ZF_SARF000121,121,FULL_CONTEXT_OFFLINE,0,0,49,True
R03ZF,R03ZF_SARF000122,122,CAUSAL_REPLAY,0,0,50,True
R03ZF,R03ZF_SARF000122,122,FIXED_LAG_100MS,0,0,50,True
R03ZF,R03ZF_SARF000122,122,FULL_CONTEXT_OFFLINE,0,0,50,True
R03ZF,R03ZF_SARF000123,123,CAUSAL_REPLAY,0,0,51,True
R03ZF,R03ZF_SARF000123,123,FIXED_LAG_100MS,0,0,51,True
R03ZF,R03ZF_SARF000123,123,FULL_CONTEXT_OFFLINE,0,0,51,True
R03ZF,R03ZF_SARF000124,124,CAUSAL_REPLAY,0,0,51,True
R03ZF,R03ZF_SARF000124,124,FIXED_LAG_100MS,0,0,51,True
R03ZF,R03ZF_SARF000124,124,FULL_CONTEXT_OFFLINE,0,0,51,True
R03ZF,R03ZF_SARF000125,125,CAUSAL_REPLAY,0,0,50,True
R03ZF,R03ZF_SARF000125,125,FIXED_LAG_100MS,0,0,50,True
R03ZF,R03ZF_SARF000125,125,FULL_CONTEXT_OFFLINE,0,0,50,True
R03ZF,R03ZF_SARF000126,126,CAUSAL_REPLAY,0,0,53,True
R03ZF,R03ZF_SARF000126,126,FIXED_LAG_100MS,0,0,53,True
R03ZF,R03ZF_SARF000126,126,FULL_CONTEXT_OFFLINE,0,0,53,True
R03ZF,R03ZF_SARF000127,127,CAUSAL_REPLAY,0,0,50,True
R03ZF,R03ZF_SARF000127,127,FIXED_LAG_100MS,0,0,50,True
R03ZF,R03ZF_SARF000127,127,FULL_CONTEXT_OFFLINE,0,0,50,True
R03ZF,R03ZF_SARF000128,128,CAUSAL_REPLAY,0,0,52,True
R03ZF,R03ZF_SARF000128,128,FIXED_LAG_100MS,0,0,52,True
R03ZF,R03ZF_SARF000128,128,FULL_CONTEXT_OFFLINE,0,0,52,True
R03ZF,R03ZF_SARF000129,129,CAUSAL_REPLAY,0,0,45,True
R03ZF,R03ZF_SARF000129,129,FIXED_LAG_100MS,0,0,45,True
R03ZF,R03ZF_SARF000129,129,FULL_CONTEXT_OFFLINE,0,0,45,True
R03ZF,R03ZF_SARF000130,130,CAUSAL_REPLAY,0,0,53,True
R03ZF,R03ZF_SARF000130,130,FIXED_LAG_100MS,0,0,53,True
R03ZF,R03ZF_SARF000130,130,FULL_CONTEXT_OFFLINE,0,0,53,True
R03ZF,R03ZF_SARF000131,131,CAUSAL_REPLAY,0,0,54,True
R03ZF,R03ZF_SARF000131,131,FIXED_LAG_100MS,0,0,54,True
R03ZF,R03ZF_SARF000131,131,FULL_CONTEXT_OFFLINE,0,0,54,True
R03ZF,R03ZF_SARF000132,132,CAUSAL_REPLAY,0,0,45,True
R03ZF,R03ZF_SARF000132,132,FIXED_LAG_100MS,0,0,45,True
R03ZF,R03ZF_SARF000132,132,FULL_CONTEXT_OFFLINE,0,0,45,True
R03ZF,R03ZF_SARF000133,133,CAUSAL_REPLAY,0,0,49,True
R03ZF,R03ZF_SARF000133,133,FIXED_LAG_100MS,0,0,49,True
R03ZF,R03ZF_SARF000133,133,FULL_CONTEXT_OFFLINE,0,0,49,True
R03ZF,R03ZF_SARF000134,134,CAUSAL_REPLAY,0,0,64,True
R03ZF,R03ZF_SARF000134,134,FIXED_LAG_100MS,0,0,64,True
R03ZF,R03ZF_SARF000134,134,FULL_CONTEXT_OFFLINE,0,0,64,True
R03ZF,R03ZF_SARF000135,135,CAUSAL_REPLAY,0,0,54,True
R03ZF,R03ZF_SARF000135,135,FIXED_LAG_100MS,0,0,54,True
R03ZF,R03ZF_SARF000135,135,FULL_CONTEXT_OFFLINE,0,0,54,True
R03ZF,R03ZF_SARF000136,136,CAUSAL_REPLAY,0,0,48,True
R03ZF,R03ZF_SARF000136,136,FIXED_LAG_100MS,0,0,48,True
R03ZF,R03ZF_SARF000136,136,FULL_CONTEXT_OFFLINE,0,0,48,True
R03ZF,R03ZF_SARF000137,137,CAUSAL_REPLAY,0,0,49,True
R03ZF,R03ZF_SARF000137,137,FIXED_LAG_100MS,0,0,49,True
R03ZF,R03ZF_SARF000137,137,FULL_CONTEXT_OFFLINE,0,0,49,True
R03ZF,R03ZF_SARF000138,138,CAUSAL_REPLAY,0,0,50,True
R03ZF,R03ZF_SARF000138,138,FIXED_LAG_100MS,0,0,50,True
R03ZF,R03ZF_SARF000138,138,FULL_CONTEXT_OFFLINE,0,0,50,True
R03ZF,R03ZF_SARF000139,139,CAUSAL_REPLAY,0,0,55,True
R03ZF,R03ZF_SARF000139,139,FIXED_LAG_100MS,0,0,55,True
R03ZF,R03ZF_SARF000139,139,FULL_CONTEXT_OFFLINE,0,0,55,True
R03ZF,R03ZF_SARF000140,140,CAUSAL_REPLAY,0,0,53,True
R03ZF,R03ZF_SARF000140,140,FIXED_LAG_100MS,0,0,53,True
R03ZF,R03ZF_SARF000140,140,FULL_CONTEXT_OFFLINE,0,0,53,True
R03ZF,R03ZF_SARF000141,141,CAUSAL_REPLAY,0,0,47,True
R03ZF,R03ZF_SARF000141,141,FIXED_LAG_100MS,0,0,47,True
R03ZF,R03ZF_SARF000141,141,FULL_CONTEXT_OFFLINE,0,0,47,True
R03ZF,R03ZF_SARF000142,142,CAUSAL_REPLAY,0,0,43,True
R03ZF,R03ZF_SARF000142,142,FIXED_LAG_100MS,0,0,43,True
R03ZF,R03ZF_SARF000142,142,FULL_CONTEXT_OFFLINE,0,0,43,True
R03ZF,R03ZF_SARF000143,143,CAUSAL_REPLAY,0,0,49,True
R03ZF,R03ZF_SARF000143,143,FIXED_LAG_100MS,0,0,49,True
R03ZF,R03ZF_SARF000143,143,FULL_CONTEXT_OFFLINE,0,0,49,True
R03ZF,R03ZF_SARF000144,144,CAUSAL_REPLAY,0,0,49,True
R03ZF,R03ZF_SARF000144,144,FIXED_LAG_100MS,0,0,49,True
R03ZF,R03ZF_SARF000144,144,FULL_CONTEXT_OFFLINE,0,0,49,True
R03ZF,R03ZF_SARF000145,145,CAUSAL_REPLAY,0,0,56,True
R03ZF,R03ZF_SARF000145,145,FIXED_LAG_100MS,0,0,56,True
R03ZF,R03ZF_SARF000145,145,FULL_CONTEXT_OFFLINE,0,0,56,True
R03ZF,R03ZF_SARF000146,146,CAUSAL_REPLAY,0,0,52,True
R03ZF,R03ZF_SARF000146,146,FIXED_LAG_100MS,0,0,52,True
R03ZF,R03ZF_SARF000146,146,FULL_CONTEXT_OFFLINE,0,0,52,True
R03ZF,R03ZF_SARF000147,147,CAUSAL_REPLAY,0,0,55,True
R03ZF,R03ZF_SARF000147,147,FIXED_LAG_100MS,0,0,55,True
R03ZF,R03ZF_SARF000147,147,FULL_CONTEXT_OFFLINE,0,0,55,True
R03ZF,R03ZF_SARF000148,148,CAUSAL_REPLAY,0,0,51,True
R03ZF,R03ZF_SARF000148,148,FIXED_LAG_100MS,0,0,51,True
R03ZF,R03ZF_SARF000148,148,FULL_CONTEXT_OFFLINE,0,0,51,True
R03ZF,R03ZF_SARF000149,149,CAUSAL_REPLAY,0,0,49,True
R03ZF,R03ZF_SARF000149,149,FIXED_LAG_100MS,0,0,49,True
R03ZF,R03ZF_SARF000149,149,FULL_CONTEXT_OFFLINE,0,0,49,True
R03ZF,R03ZF_SARF000150,150,CAUSAL_REPLAY,0,0,49,True
R03ZF,R03ZF_SARF000150,150,FIXED_LAG_100MS,0,0,49,True
R03ZF,R03ZF_SARF000150,150,FULL_CONTEXT_OFFLINE,0,0,49,True
R03ZF,R03ZF_SARF000151,151,CAUSAL_REPLAY,0,0,51,True
R03ZF,R03ZF_SARF000151,151,FIXED_LAG_100MS,0,0,51,True
R03ZF,R03ZF_SARF000151,151,FULL_CONTEXT_OFFLINE,0,0,51,True
R03ZF,R03ZF_SARF000152,152,CAUSAL_REPLAY,0,0,56,True
R03ZF,R03ZF_SARF000152,152,FIXED_LAG_100MS,0,0,56,True
R03ZF,R03ZF_SARF000152,152,FULL_CONTEXT_OFFLINE,0,0,56,True
R03ZF,R03ZF_SARF000153,153,CAUSAL_REPLAY,0,0,66,True
R03ZF,R03ZF_SARF000153,153,FIXED_LAG_100MS,0,0,66,True
R03ZF,R03ZF_SARF000153,153,FULL_CONTEXT_OFFLINE,0,0,66,True
R03ZF,R03ZF_SARF000154,154,CAUSAL_REPLAY,0,0,55,True
R03ZF,R03ZF_SARF000154,154,FIXED_LAG_100MS,0,0,55,True
R03ZF,R03ZF_SARF000154,154,FULL_CONTEXT_OFFLINE,0,0,55,True
R03ZF,R03ZF_SARF000155,155,CAUSAL_REPLAY,0,0,51,True
R03ZF,R03ZF_SARF000155,155,FIXED_LAG_100MS,0,0,51,True
R03ZF,R03ZF_SARF000155,155,FULL_CONTEXT_OFFLINE,0,0,51,True
R03ZF,R03ZF_SARF000156,156,CAUSAL_REPLAY,0,0,47,True
R03ZF,R03ZF_SARF000156,156,FIXED_LAG_100MS,0,0,47,True
R03ZF,R03ZF_SARF000156,156,FULL_CONTEXT_OFFLINE,0,0,47,True
R03ZF,R03ZF_SARF000157,157,CAUSAL_REPLAY,0,0,53,True
R03ZF,R03ZF_SARF000157,157,FIXED_LAG_100MS,0,0,53,True
R03ZF,R03ZF_SARF000157,157,FULL_CONTEXT_OFFLINE,0,0,53,True
R03ZF,R03ZF_SARF000158,158,CAUSAL_REPLAY,0,0,52,True
R03ZF,R03ZF_SARF000158,158,FIXED_LAG_100MS,0,0,52,True
R03ZF,R03ZF_SARF000158,158,FULL_CONTEXT_OFFLINE,0,0,52,True
R03ZF,R03ZF_SARF000159,159,CAUSAL_REPLAY,0,0,50,True
R03ZF,R03ZF_SARF000159,159,FIXED_LAG_100MS,0,0,50,True
R03ZF,R03ZF_SARF000159,159,FULL_CONTEXT_OFFLINE,0,0,50,True
R03ZF,R03ZF_SARF000160,160,CAUSAL_REPLAY,0,0,46,True
R03ZF,R03ZF_SARF000160,160,FIXED_LAG_100MS,0,0,46,True
R03ZF,R03ZF_SARF000160,160,FULL_CONTEXT_OFFLINE,0,0,46,True
R03ZF,R03ZF_SARF000161,161,CAUSAL_REPLAY,0,0,55,True
R03ZF,R03ZF_SARF000161,161,FIXED_LAG_100MS,0,0,55,True
R03ZF,R03ZF_SARF000161,161,FULL_CONTEXT_OFFLINE,0,0,55,True
R03ZF,R03ZF_SARF000162,162,CAUSAL_REPLAY,0,0,54,True
R03ZF,R03ZF_SARF000162,162,FIXED_LAG_100MS,0,0,54,True
R03ZF,R03ZF_SARF000162,162,FULL_CONTEXT_OFFLINE,0,0,54,True
R03ZF,R03ZF_SARF000163,163,CAUSAL_REPLAY,0,0,54,True
R03ZF,R03ZF_SARF000163,163,FIXED_LAG_100MS,0,0,54,True
R03ZF,R03ZF_SARF000163,163,FULL_CONTEXT_OFFLINE,0,0,54,True
R03ZF,R03ZF_SARF000164,164,CAUSAL_REPLAY,0,0,53,True
R03ZF,R03ZF_SARF000164,164,FIXED_LAG_100MS,0,0,53,True
R03ZF,R03ZF_SARF000164,164,FULL_CONTEXT_OFFLINE,0,0,53,True
R03ZF,R03ZF_SARF000165,165,CAUSAL_REPLAY,0,0,55,True
R03ZF,R03ZF_SARF000165,165,FIXED_LAG_100MS,0,0,55,True
R03ZF,R03ZF_SARF000165,165,FULL_CONTEXT_OFFLINE,0,0,55,True
R03ZF,R03ZF_SARF000166,166,CAUSAL_REPLAY,0,0,47,True
R03ZF,R03ZF_SARF000166,166,FIXED_LAG_100MS,0,0,47,True
R03ZF,R03ZF_SARF000166,166,FULL_CONTEXT_OFFLINE,0,0,47,True
R03ZF,R03ZF_SARF000167,167,CAUSAL_REPLAY,0,0,47,True
R03ZF,R03ZF_SARF000167,167,FIXED_LAG_100MS,0,0,47,True
R03ZF,R03ZF_SARF000167,167,FULL_CONTEXT_OFFLINE,0,0,47,True
R03ZF,R03ZF_SARF000168,168,CAUSAL_REPLAY,0,0,45,True
R03ZF,R03ZF_SARF000168,168,FIXED_LAG_100MS,0,0,45,True
R03ZF,R03ZF_SARF000168,168,FULL_CONTEXT_OFFLINE,0,0,45,True
R03ZF,R03ZF_SARF000169,169,CAUSAL_REPLAY,0,0,47,True
R03ZF,R03ZF_SARF000169,169,FIXED_LAG_100MS,0,0,47,True
R03ZF,R03ZF_SARF000169,169,FULL_CONTEXT_OFFLINE,0,0,47,True
R03ZF,R03ZF_SARF000170,170,CAUSAL_REPLAY,0,0,44,True
R03ZF,R03ZF_SARF000170,170,FIXED_LAG_100MS,0,0,44,True
R03ZF,R03ZF_SARF000170,170,FULL_CONTEXT_OFFLINE,0,0,44,True
R03ZF,R03ZF_SARF000171,171,CAUSAL_REPLAY,0,0,39,True
R03ZF,R03ZF_SARF000171,171,FIXED_LAG_100MS,0,0,39,True
R03ZF,R03ZF_SARF000171,171,FULL_CONTEXT_OFFLINE,0,0,39,True
R03ZF,R03ZF_SARF000172,172,CAUSAL_REPLAY,0,0,49,True
R03ZF,R03ZF_SARF000172,172,FIXED_LAG_100MS,0,0,49,True
R03ZF,R03ZF_SARF000172,172,FULL_CONTEXT_OFFLINE,0,0,49,True
R03ZF,R03ZF_SARF000173,173,CAUSAL_REPLAY,0,0,47,True
R03ZF,R03ZF_SARF000173,173,FIXED_LAG_100MS,0,0,47,True
R03ZF,R03ZF_SARF000173,173,FULL_CONTEXT_OFFLINE,0,0,47,True
R03ZF,R03ZF_SARF000174,174,CAUSAL_REPLAY,0,0,50,True
R03ZF,R03ZF_SARF000174,174,FIXED_LAG_100MS,0,0,50,True
R03ZF,R03ZF_SARF000174,174,FULL_CONTEXT_OFFLINE,0,0,50,True
R03ZF,R03ZF_SARF000175,175,CAUSAL_REPLAY,0,0,45,True
R03ZF,R03ZF_SARF000175,175,FIXED_LAG_100MS,0,0,45,True
R03ZF,R03ZF_SARF000175,175,FULL_CONTEXT_OFFLINE,0,0,45,True
R03ZF,R03ZF_SARF000176,176,CAUSAL_REPLAY,0,0,47,True
R03ZF,R03ZF_SARF000176,176,FIXED_LAG_100MS,0,0,47,True
R03ZF,R03ZF_SARF000176,176,FULL_CONTEXT_OFFLINE,0,0,47,True
R03ZF,R03ZF_SARF000177,177,CAUSAL_REPLAY,0,0,51,True
R03ZF,R03ZF_SARF000177,177,FIXED_LAG_100MS,0,0,51,True
R03ZF,R03ZF_SARF000177,177,FULL_CONTEXT_OFFLINE,0,0,51,True
R03ZF,R03ZF_SARF000178,178,CAUSAL_REPLAY,0,0,47,True
R03ZF,R03ZF_SARF000178,178,FIXED_LAG_100MS,0,0,47,True
R03ZF,R03ZF_SARF000178,178,FULL_CONTEXT_OFFLINE,0,0,47,True
R03ZF,R03ZF_SARF000179,179,CAUSAL_REPLAY,0,0,52,True
R03ZF,R03ZF_SARF000179,179,FIXED_LAG_100MS,0,0,52,True
R03ZF,R03ZF_SARF000179,179,FULL_CONTEXT_OFFLINE,0,0,52,True
R03ZF,R03ZF_SARF000180,180,CAUSAL_REPLAY,0,0,46,True
R03ZF,R03ZF_SARF000180,180,FIXED_LAG_100MS,0,0,46,True
R03ZF,R03ZF_SARF000180,180,FULL_CONTEXT_OFFLINE,0,0,46,True
R03ZF,R03ZF_SARF000181,181,CAUSAL_REPLAY,0,0,48,True
R03ZF,R03ZF_SARF000181,181,FIXED_LAG_100MS,0,0,48,True
R03ZF,R03ZF_SARF000181,181,FULL_CONTEXT_OFFLINE,0,0,48,True
R03ZF,R03ZF_SARF000182,182,CAUSAL_REPLAY,0,0,44,True
R03ZF,R03ZF_SARF000182,182,FIXED_LAG_100MS,0,0,44,True
R03ZF,R03ZF_SARF000182,182,FULL_CONTEXT_OFFLINE,0,0,44,True
R03ZF,R03ZF_SARF000183,183,CAUSAL_REPLAY,0,0,49,True
R03ZF,R03ZF_SARF000183,183,FIXED_LAG_100MS,0,0,49,True
R03ZF,R03ZF_SARF000183,183,FULL_CONTEXT_OFFLINE,0,0,49,True
R03ZF,R03ZF_SARF000184,184,CAUSAL_REPLAY,0,0,52,True
R03ZF,R03ZF_SARF000184,184,FIXED_LAG_100MS,0,0,52,True
R03ZF,R03ZF_SARF000184,184,FULL_CONTEXT_OFFLINE,0,0,52,True
R03ZF,R03ZF_SARF000185,185,CAUSAL_REPLAY,0,0,48,True
R03ZF,R03ZF_SARF000185,185,FIXED_LAG_100MS,0,0,48,True
R03ZF,R03ZF_SARF000185,185,FULL_CONTEXT_OFFLINE,0,0,48,True
R03ZF,R03ZF_SARF000186,186,CAUSAL_REPLAY,0,0,49,True
R03ZF,R03ZF_SARF000186,186,FIXED_LAG_100MS,0,0,49,True
R03ZF,R03ZF_SARF000186,186,FULL_CONTEXT_OFFLINE,0,0,49,True
R03ZF,R03ZF_SARF000187,187,CAUSAL_REPLAY,0,0,45,True
R03ZF,R03ZF_SARF000187,187,FIXED_LAG_100MS,0,0,45,True
R03ZF,R03ZF_SARF000187,187,FULL_CONTEXT_OFFLINE,0,0,45,True
R03ZF,R03ZF_SARF000188,188,CAUSAL_REPLAY,0,0,45,True
R03ZF,R03ZF_SARF000188,188,FIXED_LAG_100MS,0,0,45,True
R03ZF,R03ZF_SARF000188,188,FULL_CONTEXT_OFFLINE,0,0,45,True
R03ZF,R03ZF_SARF000189,189,CAUSAL_REPLAY,0,0,50,True
R03ZF,R03ZF_SARF000189,189,FIXED_LAG_100MS,0,0,50,True
R03ZF,R03ZF_SARF000189,189,FULL_CONTEXT_OFFLINE,0,0,50,True
R03ZF,R03ZF_SARF000190,190,CAUSAL_REPLAY,0,0,45,True
R03ZF,R03ZF_SARF000190,190,FIXED_LAG_100MS,0,0,45,True
R03ZF,R03ZF_SARF000190,190,FULL_CONTEXT_OFFLINE,0,0,45,True
R03ZF,R03ZF_SARF000191,191,CAUSAL_REPLAY,0,0,45,True
R03ZF,R03ZF_SARF000191,191,FIXED_LAG_100MS,0,0,45,True
R03ZF,R03ZF_SARF000191,191,FULL_CONTEXT_OFFLINE,0,0,45,True
R03ZF,R03ZF_SARF000192,192,CAUSAL_REPLAY,0,0,49,True
R03ZF,R03ZF_SARF000192,192,FIXED_LAG_100MS,0,0,49,True
R03ZF,R03ZF_SARF000192,192,FULL_CONTEXT_OFFLINE,0,0,49,True
R03ZF,R03ZF_SARF000193,193,CAUSAL_REPLAY,0,0,47,True
R03ZF,R03ZF_SARF000193,193,FIXED_LAG_100MS,0,0,47,True
R03ZF,R03ZF_SARF000193,193,FULL_CONTEXT_OFFLINE,0,0,47,True
R03ZF,R03ZF_SARF000194,194,CAUSAL_REPLAY,0,0,51,True
R03ZF,R03ZF_SARF000194,194,FIXED_LAG_100MS,0,0,51,True
R03ZF,R03ZF_SARF000194,194,FULL_CONTEXT_OFFLINE,0,0,51,True
R03ZF,R03ZF_SARF000195,195,CAUSAL_REPLAY,0,0,51,True
R03ZF,R03ZF_SARF000195,195,FIXED_LAG_100MS,0,0,51,True
R03ZF,R03ZF_SARF000195,195,FULL_CONTEXT_OFFLINE,0,0,51,True
R03ZF,R03ZF_SARF000196,196,CAUSAL_REPLAY,0,0,49,True
R03ZF,R03ZF_SARF000196,196,FIXED_LAG_100MS,0,0,49,True
R03ZF,R03ZF_SARF000196,196,FULL_CONTEXT_OFFLINE,0,0,49,True
R03ZF,R03ZF_SARF000197,197,CAUSAL_REPLAY,0,0,44,True
R03ZF,R03ZF_SARF000197,197,FIXED_LAG_100MS,0,0,44,True
R03ZF,R03ZF_SARF000197,197,FULL_CONTEXT_OFFLINE,0,0,44,True
R03ZF,R03ZF_SARF000198,198,CAUSAL_REPLAY,0,0,42,True
R03ZF,R03ZF_SARF000198,198,FIXED_LAG_100MS,0,0,42,True
R03ZF,R03ZF_SARF000198,198,FULL_CONTEXT_OFFLINE,0,0,42,True
R03ZF,R03ZF_SARF000199,199,CAUSAL_REPLAY,0,0,48,True
R03ZF,R03ZF_SARF000199,199,FIXED_LAG_100MS,0,0,48,True
R03ZF,R03ZF_SARF000199,199,FULL_CONTEXT_OFFLINE,0,0,48,True
R03ZF,R03ZF_SARF000200,200,CAUSAL_REPLAY,0,0,49,True
R03ZF,R03ZF_SARF000200,200,FIXED_LAG_100MS,0,0,49,True
R03ZF,R03ZF_SARF000200,200,FULL_CONTEXT_OFFLINE,0,0,49,True
R03ZF,R03ZF_SARF000201,201,CAUSAL_REPLAY,0,0,51,True
R03ZF,R03ZF_SARF000201,201,FIXED_LAG_100MS,0,0,51,True
R03ZF,R03ZF_SARF000201,201,FULL_CONTEXT_OFFLINE,0,0,51,True
R03ZF,R03ZF_SARF000202,202,CAUSAL_REPLAY,0,0,52,True
R03ZF,R03ZF_SARF000202,202,FIXED_LAG_100MS,0,0,52,True
R03ZF,R03ZF_SARF000202,202,FULL_CONTEXT_OFFLINE,0,0,52,True
R03ZF,R03ZF_SARF000203,203,CAUSAL_REPLAY,0,0,45,True
R03ZF,R03ZF_SARF000203,203,FIXED_LAG_100MS,0,0,45,True
R03ZF,R03ZF_SARF000203,203,FULL_CONTEXT_OFFLINE,0,0,45,True
R03ZF,R03ZF_SARF000204,204,CAUSAL_REPLAY,0,0,48,True
R03ZF,R03ZF_SARF000204,204,FIXED_LAG_100MS,0,0,48,True
R03ZF,R03ZF_SARF000204,204,FULL_CONTEXT_OFFLINE,0,0,48,True
R03ZF,R03ZF_SARF000205,205,CAUSAL_REPLAY,0,0,56,True
R03ZF,R03ZF_SARF000205,205,FIXED_LAG_100MS,0,0,56,True
R03ZF,R03ZF_SARF000205,205,FULL_CONTEXT_OFFLINE,0,0,56,True
R03ZF,R03ZF_SARF000206,206,CAUSAL_REPLAY,0,0,52,True
R03ZF,R03ZF_SARF000206,206,FIXED_LAG_100MS,0,0,52,True
R03ZF,R03ZF_SARF000206,206,FULL_CONTEXT_OFFLINE,0,0,52,True
R03ZF,R03ZF_SARF000207,207,CAUSAL_REPLAY,0,0,56,True
R03ZF,R03ZF_SARF000207,207,FIXED_LAG_100MS,0,0,56,True
R03ZF,R03ZF_SARF000207,207,FULL_CONTEXT_OFFLINE,0,0,56,True
R03ZF,R03ZF_SARF000208,208,CAUSAL_REPLAY,0,0,55,True
R03ZF,R03ZF_SARF000208,208,FIXED_LAG_100MS,0,0,55,True
R03ZF,R03ZF_SARF000208,208,FULL_CONTEXT_OFFLINE,0,0,55,True
R03ZF,R03ZF_SARF000209,209,CAUSAL_REPLAY,0,0,49,True
R03ZF,R03ZF_SARF000209,209,FIXED_LAG_100MS,0,0,49,True
R03ZF,R03ZF_SARF000209,209,FULL_CONTEXT_OFFLINE,0,0,49,True
R03ZF,R03ZF_SARF000210,210,CAUSAL_REPLAY,0,0,53,True
R03ZF,R03ZF_SARF000210,210,FIXED_LAG_100MS,0,0,53,True
R03ZF,R03ZF_SARF000210,210,FULL_CONTEXT_OFFLINE,0,0,53,True
R03ZF,R03ZF_SARF000211,211,CAUSAL_REPLAY,0,0,47,True
R03ZF,R03ZF_SARF000211,211,FIXED_LAG_100MS,0,0,47,True
R03ZF,R03ZF_SARF000211,211,FULL_CONTEXT_OFFLINE,0,0,47,True
R03ZF,R03ZF_SARF000212,212,CAUSAL_REPLAY,0,0,57,True
R03ZF,R03ZF_SARF000212,212,FIXED_LAG_100MS,0,0,57,True
R03ZF,R03ZF_SARF000212,212,FULL_CONTEXT_OFFLINE,0,0,57,True
R03ZF,R03ZF_SARF000213,213,CAUSAL_REPLAY,0,0,59,True
R03ZF,R03ZF_SARF000213,213,FIXED_LAG_100MS,0,0,59,True
R03ZF,R03ZF_SARF000213,213,FULL_CONTEXT_OFFLINE,0,0,59,True
R03ZF,R03ZF_SARF000214,214,CAUSAL_REPLAY,0,0,51,True
R03ZF,R03ZF_SARF000214,214,FIXED_LAG_100MS,0,0,51,True
R03ZF,R03ZF_SARF000214,214,FULL_CONTEXT_OFFLINE,0,0,51,True
R03ZF,R03ZF_SARF000215,215,CAUSAL_REPLAY,0,0,52,True
R03ZF,R03ZF_SARF000215,215,FIXED_LAG_100MS,0,0,52,True
R03ZF,R03ZF_SARF000215,215,FULL_CONTEXT_OFFLINE,0,0,52,True
R03ZF,R03ZF_SARF000216,216,CAUSAL_REPLAY,0,0,46,True
R03ZF,R03ZF_SARF000216,216,FIXED_LAG_100MS,0,0,46,True
R03ZF,R03ZF_SARF000216,216,FULL_CONTEXT_OFFLINE,0,0,46,True
R03ZF,R03ZF_SARF000217,217,CAUSAL_REPLAY,0,0,41,True
R03ZF,R03ZF_SARF000217,217,FIXED_LAG_100MS,0,0,41,True
R03ZF,R03ZF_SARF000217,217,FULL_CONTEXT_OFFLINE,0,0,41,True
R03ZF,R03ZF_SARF000218,218,CAUSAL_REPLAY,0,0,40,True
R03ZF,R03ZF_SARF000218,218,FIXED_LAG_100MS,0,0,40,True
R03ZF,R03ZF_SARF000218,218,FULL_CONTEXT_OFFLINE,0,0,40,True
R03ZF,R03ZF_SARF000219,219,CAUSAL_REPLAY,0,0,52,True
R03ZF,R03ZF_SARF000219,219,FIXED_LAG_100MS,0,0,52,True
R03ZF,R03ZF_SARF000219,219,FULL_CONTEXT_OFFLINE,0,0,52,True
R03ZF,R03ZF_SARF000220,220,CAUSAL_REPLAY,0,0,42,True
R03ZF,R03ZF_SARF000220,220,FIXED_LAG_100MS,0,0,42,True
R03ZF,R03ZF_SARF000220,220,FULL_CONTEXT_OFFLINE,0,0,42,True
R03ZF,R03ZF_SARF000221,221,CAUSAL_REPLAY,0,0,40,True
R03ZF,R03ZF_SARF000221,221,FIXED_LAG_100MS,0,0,40,True
R03ZF,R03ZF_SARF000221,221,FULL_CONTEXT_OFFLINE,0,0,40,True
R03ZF,R03ZF_SARF000222,222,CAUSAL_REPLAY,0,0,48,True
R03ZF,R03ZF_SARF000222,222,FIXED_LAG_100MS,0,0,48,True
R03ZF,R03ZF_SARF000222,222,FULL_CONTEXT_OFFLINE,0,0,48,True
R03ZF,R03ZF_SARF000223,223,CAUSAL_REPLAY,0,0,40,True
R03ZF,R03ZF_SARF000223,223,FIXED_LAG_100MS,0,0,40,True
R03ZF,R03ZF_SARF000223,223,FULL_CONTEXT_OFFLINE,0,0,40,True
R03ZF,R03ZF_SARF000224,224,CAUSAL_REPLAY,0,0,41,True
R03ZF,R03ZF_SARF000224,224,FIXED_LAG_100MS,0,0,41,True
R03ZF,R03ZF_SARF000224,224,FULL_CONTEXT_OFFLINE,0,0,41,True
R03ZF,R03ZF_SARF000225,225,CAUSAL_REPLAY,0,0,48,True
R03ZF,R03ZF_SARF000225,225,FIXED_LAG_100MS,0,0,48,True
R03ZF,R03ZF_SARF000225,225,FULL_CONTEXT_OFFLINE,0,0,48,True
R03ZF,R03ZF_SARF000226,226,CAUSAL_REPLAY,0,0,44,True
R03ZF,R03ZF_SARF000226,226,FIXED_LAG_100MS,0,0,44,True
R03ZF,R03ZF_SARF000226,226,FULL_CONTEXT_OFFLINE,0,0,44,True
R03ZF,R03ZF_SARF000227,227,CAUSAL_REPLAY,0,0,42,True
R03ZF,R03ZF_SARF000227,227,FIXED_LAG_100MS,0,0,42,True
R03ZF,R03ZF_SARF000227,227,FULL_CONTEXT_OFFLINE,0,0,42,True
R03ZF,R03ZF_SARF000228,228,CAUSAL_REPLAY,0,0,45,True
R03ZF,R03ZF_SARF000228,228,FIXED_LAG_100MS,0,0,45,True
R03ZF,R03ZF_SARF000228,228,FULL_CONTEXT_OFFLINE,0,0,45,True
R03ZF,R03ZF_SARF000229,229,CAUSAL_REPLAY,0,0,44,True
R03ZF,R03ZF_SARF000229,229,FIXED_LAG_100MS,0,0,44,True
R03ZF,R03ZF_SARF000229,229,FULL_CONTEXT_OFFLINE,0,0,44,True
R03ZF,R03ZF_SARF000230,230,CAUSAL_REPLAY,0,0,48,True
R03ZF,R03ZF_SARF000230,230,FIXED_LAG_100MS,0,0,48,True
R03ZF,R03ZF_SARF000230,230,FULL_CONTEXT_OFFLINE,0,0,48,True
R03ZF,R03ZF_SARF000231,231,CAUSAL_REPLAY,0,0,41,True
R03ZF,R03ZF_SARF000231,231,FIXED_LAG_100MS,0,0,41,True
R03ZF,R03ZF_SARF000231,231,FULL_CONTEXT_OFFLINE,0,0,41,True
R03ZF,R03ZF_SARF000232,232,CAUSAL_REPLAY,0,0,37,True
R03ZF,R03ZF_SARF000232,232,FIXED_LAG_100MS,0,0,37,True
R03ZF,R03ZF_SARF000232,232,FULL_CONTEXT_OFFLINE,0,0,37,True
R03ZF,R03ZF_SARF000233,233,CAUSAL_REPLAY,0,0,46,True
R03ZF,R03ZF_SARF000233,233,FIXED_LAG_100MS,0,0,46,True
R03ZF,R03ZF_SARF000233,233,FULL_CONTEXT_OFFLINE,0,0,46,True
R03ZF,R03ZF_SARF000234,234,CAUSAL_REPLAY,0,0,49,True
R03ZF,R03ZF_SARF000234,234,FIXED_LAG_100MS,0,0,49,True
R03ZF,R03ZF_SARF000234,234,FULL_CONTEXT_OFFLINE,0,0,49,True
R03ZF,R03ZF_SARF000235,235,CAUSAL_REPLAY,0,0,45,True
R03ZF,R03ZF_SARF000235,235,FIXED_LAG_100MS,0,0,45,True
R03ZF,R03ZF_SARF000235,235,FULL_CONTEXT_OFFLINE,0,0,45,True
R03ZF,R03ZF_SARF000236,236,CAUSAL_REPLAY,0,0,45,True
R03ZF,R03ZF_SARF000236,236,FIXED_LAG_100MS,0,0,45,True
R03ZF,R03ZF_SARF000236,236,FULL_CONTEXT_OFFLINE,0,0,45,True
R03ZF,R03ZF_SARF000237,237,CAUSAL_REPLAY,0,0,43,True
R03ZF,R03ZF_SARF000237,237,FIXED_LAG_100MS,0,0,43,True
R03ZF,R03ZF_SARF000237,237,FULL_CONTEXT_OFFLINE,0,0,43,True
R03ZF,R03ZF_SARF000238,238,CAUSAL_REPLAY,0,0,43,True
R03ZF,R03ZF_SARF000238,238,FIXED_LAG_100MS,0,0,43,True
R03ZF,R03ZF_SARF000238,238,FULL_CONTEXT_OFFLINE,0,0,43,True
R03ZF,R03ZF_SARF000239,239,CAUSAL_REPLAY,0,0,35,True
R03ZF,R03ZF_SARF000239,239,FIXED_LAG_100MS,0,0,35,True
R03ZF,R03ZF_SARF000239,239,FULL_CONTEXT_OFFLINE,0,0,35,True
R03ZF,R03ZF_SARF000240,240,CAUSAL_REPLAY,0,0,40,True
R03ZF,R03ZF_SARF000240,240,FIXED_LAG_100MS,0,0,40,True
R03ZF,R03ZF_SARF000240,240,FULL_CONTEXT_OFFLINE,0,0,40,True
R03ZF,R03ZF_SARF000241,241,CAUSAL_REPLAY,0,0,45,True
R03ZF,R03ZF_SARF000241,241,FIXED_LAG_100MS,0,0,45,True
R03ZF,R03ZF_SARF000241,241,FULL_CONTEXT_OFFLINE,0,0,45,True
R03ZF,R03ZF_SARF000242,242,CAUSAL_REPLAY,0,0,42,True
R03ZF,R03ZF_SARF000242,242,FIXED_LAG_100MS,0,0,42,True
R03ZF,R03ZF_SARF000242,242,FULL_CONTEXT_OFFLINE,0,0,42,True
R03ZF,R03ZF_SARF000243,243,CAUSAL_REPLAY,0,0,44,True
R03ZF,R03ZF_SARF000243,243,FIXED_LAG_100MS,0,0,44,True
R03ZF,R03ZF_SARF000243,243,FULL_CONTEXT_OFFLINE,0,0,44,True
R03ZF,R03ZF_SARF000244,244,CAUSAL_REPLAY,0,0,41,True
R03ZF,R03ZF_SARF000244,244,FIXED_LAG_100MS,0,0,41,True
R03ZF,R03ZF_SARF000244,244,FULL_CONTEXT_OFFLINE,0,0,41,True
R03ZF,R03ZF_SARF000245,245,CAUSAL_REPLAY,0,0,39,True
R03ZF,R03ZF_SARF000245,245,FIXED_LAG_100MS,0,0,39,True
R03ZF,R03ZF_SARF000245,245,FULL_CONTEXT_OFFLINE,0,0,39,True
R03ZF,R03ZF_SARF000246,246,CAUSAL_REPLAY,0,0,37,True
R03ZF,R03ZF_SARF000246,246,FIXED_LAG_100MS,0,0,37,True
R03ZF,R03ZF_SARF000246,246,FULL_CONTEXT_OFFLINE,0,0,37,True
R03ZF,R03ZF_SARF000247,247,CAUSAL_REPLAY,0,0,42,True
R03ZF,R03ZF_SARF000247,247,FIXED_LAG_100MS,0,0,42,True
R03ZF,R03ZF_SARF000247,247,FULL_CONTEXT_OFFLINE,0,0,42,True
R03ZF,R03ZF_SARF000248,248,CAUSAL_REPLAY,0,0,39,True
R03ZF,R03ZF_SARF000248,248,FIXED_LAG_100MS,0,0,39,True
R03ZF,R03ZF_SARF000248,248,FULL_CONTEXT_OFFLINE,0,0,39,True
R03ZF,R03ZF_SARF000249,249,CAUSAL_REPLAY,0,0,38,True
R03ZF,R03ZF_SARF000249,249,FIXED_LAG_100MS,0,0,38,True
R03ZF,R03ZF_SARF000249,249,FULL_CONTEXT_OFFLINE,0,0,38,True
R03ZF,R03ZF_SARF000250,250,CAUSAL_REPLAY,0,0,36,True
R03ZF,R03ZF_SARF000250,250,FIXED_LAG_100MS,0,0,36,True
R03ZF,R03ZF_SARF000250,250,FULL_CONTEXT_OFFLINE,0,0,36,True
R03ZF,R03ZF_SARF000251,251,CAUSAL_REPLAY,0,0,34,True
R03ZF,R03ZF_SARF000251,251,FIXED_LAG_100MS,0,0,34,True
R03ZF,R03ZF_SARF000251,251,FULL_CONTEXT_OFFLINE,0,0,34,True
R03ZF,R03ZF_SARF000252,252,CAUSAL_REPLAY,0,0,40,True
R03ZF,R03ZF_SARF000252,252,FIXED_LAG_100MS,0,0,40,True
R03ZF,R03ZF_SARF000252,252,FULL_CONTEXT_OFFLINE,0,0,40,True
R03ZF,R03ZF_SARF000253,253,CAUSAL_REPLAY,0,0,37,True
R03ZF,R03ZF_SARF000253,253,FIXED_LAG_100MS,0,0,37,True
R03ZF,R03ZF_SARF000253,253,FULL_CONTEXT_OFFLINE,0,0,37,True
R03ZF,R03ZF_SARF000254,254,CAUSAL_REPLAY,0,0,27,True
R03ZF,R03ZF_SARF000254,254,FIXED_LAG_100MS,0,0,27,True
R03ZF,R03ZF_SARF000254,254,FULL_CONTEXT_OFFLINE,0,0,27,True
R03ZF,R03ZF_SARF000255,255,CAUSAL_REPLAY,0,0,35,True
R03ZF,R03ZF_SARF000255,255,FIXED_LAG_100MS,0,0,35,True
R03ZF,R03ZF_SARF000255,255,FULL_CONTEXT_OFFLINE,0,0,35,True
R03ZF,R03ZF_SARF000256,256,CAUSAL_REPLAY,0,0,37,True
R03ZF,R03ZF_SARF000256,256,FIXED_LAG_100MS,0,0,37,True
R03ZF,R03ZF_SARF000256,256,FULL_CONTEXT_OFFLINE,0,0,37,True
R03ZF,R03ZF_SARF000257,257,CAUSAL_REPLAY,0,0,39,True
R03ZF,R03ZF_SARF000257,257,FIXED_LAG_100MS,0,0,39,True
R03ZF,R03ZF_SARF000257,257,FULL_CONTEXT_OFFLINE,0,0,39,True
R03ZF,R03ZF_SARF000258,258,CAUSAL_REPLAY,0,0,42,True
R03ZF,R03ZF_SARF000258,258,FIXED_LAG_100MS,0,0,42,True
R03ZF,R03ZF_SARF000258,258,FULL_CONTEXT_OFFLINE,0,0,42,True
R03ZF,R03ZF_SARF000259,259,CAUSAL_REPLAY,0,0,43,True
R03ZF,R03ZF_SARF000259,259,FIXED_LAG_100MS,0,0,43,True
R03ZF,R03ZF_SARF000259,259,FULL_CONTEXT_OFFLINE,0,0,43,True
R03ZF,R03ZF_SARF000260,260,CAUSAL_REPLAY,0,0,48,True
R03ZF,R03ZF_SARF000260,260,FIXED_LAG_100MS,0,0,48,True
R03ZF,R03ZF_SARF000260,260,FULL_CONTEXT_OFFLINE,0,0,48,True
R03ZF,R03ZF_SARF000261,261,CAUSAL_REPLAY,0,0,41,True
R03ZF,R03ZF_SARF000261,261,FIXED_LAG_100MS,0,0,41,True
R03ZF,R03ZF_SARF000261,261,FULL_CONTEXT_OFFLINE,0,0,41,True
R03ZF,R03ZF_SARF000262,262,CAUSAL_REPLAY,0,0,40,True
R03ZF,R03ZF_SARF000262,262,FIXED_LAG_100MS,0,0,40,True
R03ZF,R03ZF_SARF000262,262,FULL_CONTEXT_OFFLINE,0,0,40,True
R03ZF,R03ZF_SARF000263,263,CAUSAL_REPLAY,0,0,41,True
R03ZF,R03ZF_SARF000263,263,FIXED_LAG_100MS,0,0,41,True
R03ZF,R03ZF_SARF000263,263,FULL_CONTEXT_OFFLINE,0,0,41,True
R03ZF,R03ZF_SARF000264,264,CAUSAL_REPLAY,0,0,40,True
R03ZF,R03ZF_SARF000264,264,FIXED_LAG_100MS,0,0,40,True
R03ZF,R03ZF_SARF000264,264,FULL_CONTEXT_OFFLINE,0,0,40,True
R03ZF,R03ZF_SARF000265,265,CAUSAL_REPLAY,0,0,41,True
R03ZF,R03ZF_SARF000265,265,FIXED_LAG_100MS,0,0,41,True
R03ZF,R03ZF_SARF000265,265,FULL_CONTEXT_OFFLINE,0,0,41,True
R03ZF,R03ZF_SARF000266,266,CAUSAL_REPLAY,0,0,37,True
R03ZF,R03ZF_SARF000266,266,FIXED_LAG_100MS,0,0,37,True
R03ZF,R03ZF_SARF000266,266,FULL_CONTEXT_OFFLINE,0,0,37,True
R03ZF,R03ZF_SARF000267,267,CAUSAL_REPLAY,0,0,39,True
R03ZF,R03ZF_SARF000267,267,FIXED_LAG_100MS,0,0,39,True
R03ZF,R03ZF_SARF000267,267,FULL_CONTEXT_OFFLINE,0,0,39,True
R03ZF,R03ZF_SARF000268,268,CAUSAL_REPLAY,0,0,40,True
R03ZF,R03ZF_SARF000268,268,FIXED_LAG_100MS,0,0,40,True
R03ZF,R03ZF_SARF000268,268,FULL_CONTEXT_OFFLINE,0,0,40,True
R03ZF,R03ZF_SARF000269,269,CAUSAL_REPLAY,0,0,38,True
R03ZF,R03ZF_SARF000269,269,FIXED_LAG_100MS,0,0,38,True
R03ZF,R03ZF_SARF000269,269,FULL_CONTEXT_OFFLINE,0,0,38,True
R03ZF,R03ZF_SARF000270,270,CAUSAL_REPLAY,0,0,35,True
R03ZF,R03ZF_SARF000270,270,FIXED_LAG_100MS,0,0,35,True
R03ZF,R03ZF_SARF000270,270,FULL_CONTEXT_OFFLINE,0,0,35,True
R03ZF,R03ZF_SARF000271,271,CAUSAL_REPLAY,0,0,37,True
R03ZF,R03ZF_SARF000271,271,FIXED_LAG_100MS,0,0,37,True
R03ZF,R03ZF_SARF000271,271,FULL_CONTEXT_OFFLINE,0,0,37,True
R03ZF,R03ZF_SARF000272,272,CAUSAL_REPLAY,0,0,38,True
R03ZF,R03ZF_SARF000272,272,FIXED_LAG_100MS,0,0,38,True
R03ZF,R03ZF_SARF000272,272,FULL_CONTEXT_OFFLINE,0,0,38,True
R03ZF,R03ZF_SARF000273,273,CAUSAL_REPLAY,0,0,37,True
R03ZF,R03ZF_SARF000273,273,FIXED_LAG_100MS,0,0,37,True
R03ZF,R03ZF_SARF000273,273,FULL_CONTEXT_OFFLINE,0,0,37,True
R03ZF,R03ZF_SARF000274,274,CAUSAL_REPLAY,0,0,42,True
R03ZF,R03ZF_SARF000274,274,FIXED_LAG_100MS,0,0,42,True
R03ZF,R03ZF_SARF000274,274,FULL_CONTEXT_OFFLINE,0,0,42,True
R03ZF,R03ZF_SARF000275,275,CAUSAL_REPLAY,0,0,40,True
R03ZF,R03ZF_SARF000275,275,FIXED_LAG_100MS,0,0,40,True
R03ZF,R03ZF_SARF000275,275,FULL_CONTEXT_OFFLINE,0,0,40,True
R03ZF,R03ZF_SARF000276,276,CAUSAL_REPLAY,0,0,32,True
R03ZF,R03ZF_SARF000276,276,FIXED_LAG_100MS,0,0,32,True
R03ZF,R03ZF_SARF000276,276,FULL_CONTEXT_OFFLINE,0,0,32,True
R03ZF,R03ZF_SARF000277,277,CAUSAL_REPLAY,0,0,30,True
R03ZF,R03ZF_SARF000277,277,FIXED_LAG_100MS,0,0,30,True
R03ZF,R03ZF_SARF000277,277,FULL_CONTEXT_OFFLINE,0,0,30,True
R03ZF,R03ZF_SARF000278,278,CAUSAL_REPLAY,0,0,33,True
R03ZF,R03ZF_SARF000278,278,FIXED_LAG_100MS,0,0,33,True
R03ZF,R03ZF_SARF000278,278,FULL_CONTEXT_OFFLINE,0,0,33,True
R03ZF,R03ZF_SARF000279,279,CAUSAL_REPLAY,0,0,40,True
R03ZF,R03ZF_SARF000279,279,FIXED_LAG_100MS,0,0,40,True
R03ZF,R03ZF_SARF000279,279,FULL_CONTEXT_OFFLINE,0,0,40,True
R03ZF,R03ZF_SARF000280,280,CAUSAL_REPLAY,0,0,42,True
R03ZF,R03ZF_SARF000280,280,FIXED_LAG_100MS,0,0,42,True
R03ZF,R03ZF_SARF000280,280,FULL_CONTEXT_OFFLINE,0,0,42,True
R03ZF,R03ZF_SARF000281,281,CAUSAL_REPLAY,0,0,36,True
R03ZF,R03ZF_SARF000281,281,FIXED_LAG_100MS,0,0,36,True
R03ZF,R03ZF_SARF000281,281,FULL_CONTEXT_OFFLINE,0,0,36,True
R03ZF,R03ZF_SARF000282,282,CAUSAL_REPLAY,0,0,32,True
R03ZF,R03ZF_SARF000282,282,FIXED_LAG_100MS,0,0,32,True
R03ZF,R03ZF_SARF000282,282,FULL_CONTEXT_OFFLINE,0,0,32,True
R03ZF,R03ZF_SARF000283,283,CAUSAL_REPLAY,0,0,36,True
R03ZF,R03ZF_SARF000283,283,FIXED_LAG_100MS,0,0,36,True
R03ZF,R03ZF_SARF000283,283,FULL_CONTEXT_OFFLINE,0,0,36,True
R03ZF,R03ZF_SARF000284,284,CAUSAL_REPLAY,0,0,41,True
R03ZF,R03ZF_SARF000284,284,FIXED_LAG_100MS,0,0,41,True
R03ZF,R03ZF_SARF000284,284,FULL_CONTEXT_OFFLINE,0,0,41,True
R03ZF,R03ZF_SARF000285,285,CAUSAL_REPLAY,0,0,45,True
R03ZF,R03ZF_SARF000285,285,FIXED_LAG_100MS,0,0,45,True
R03ZF,R03ZF_SARF000285,285,FULL_CONTEXT_OFFLINE,0,0,45,True
R03ZF,R03ZF_SARF000286,286,CAUSAL_REPLAY,0,0,40,True
R03ZF,R03ZF_SARF000286,286,FIXED_LAG_100MS,0,0,40,True
R03ZF,R03ZF_SARF000286,286,FULL_CONTEXT_OFFLINE,0,0,40,True
R03ZF,R03ZF_SARF000287,287,CAUSAL_REPLAY,0,0,36,True
R03ZF,R03ZF_SARF000287,287,FIXED_LAG_100MS,0,0,36,True
R03ZF,R03ZF_SARF000287,287,FULL_CONTEXT_OFFLINE,0,0,36,True
R03ZF,R03ZF_SARF000288,288,CAUSAL_REPLAY,0,0,40,True
R03ZF,R03ZF_SARF000288,288,FIXED_LAG_100MS,0,0,40,True
R03ZF,R03ZF_SARF000288,288,FULL_CONTEXT_OFFLINE,0,0,40,True
R03ZF,R03ZF_SARF000289,289,CAUSAL_REPLAY,0,0,30,True
R03ZF,R03ZF_SARF000289,289,FIXED_LAG_100MS,0,0,30,True
R03ZF,R03ZF_SARF000289,289,FULL_CONTEXT_OFFLINE,0,0,30,True
R03ZF,R03ZF_SARF000290,290,CAUSAL_REPLAY,0,0,33,True
R03ZF,R03ZF_SARF000290,290,FIXED_LAG_100MS,0,0,33,True
R03ZF,R03ZF_SARF000290,290,FULL_CONTEXT_OFFLINE,0,0,33,True
R03ZF,R03ZF_SARF000291,291,CAUSAL_REPLAY,0,0,33,True
R03ZF,R03ZF_SARF000291,291,FIXED_LAG_100MS,0,0,33,True
R03ZF,R03ZF_SARF000291,291,FULL_CONTEXT_OFFLINE,0,0,33,True
R03ZF,R03ZF_SARF000292,292,CAUSAL_REPLAY,0,0,33,True
R03ZF,R03ZF_SARF000292,292,FIXED_LAG_100MS,0,0,33,True
R03ZF,R03ZF_SARF000292,292,FULL_CONTEXT_OFFLINE,0,0,33,True
R03ZF,R03ZF_SARF000293,293,CAUSAL_REPLAY,0,0,43,True
R03ZF,R03ZF_SARF000293,293,FIXED_LAG_100MS,0,0,43,True
R03ZF,R03ZF_SARF000293,293,FULL_CONTEXT_OFFLINE,0,0,43,True
R03ZF,R03ZF_SARF000294,294,CAUSAL_REPLAY,0,0,35,True
R03ZF,R03ZF_SARF000294,294,FIXED_LAG_100MS,0,0,35,True
R03ZF,R03ZF_SARF000294,294,FULL_CONTEXT_OFFLINE,0,0,35,True
R03ZF,R03ZF_SARF000295,295,CAUSAL_REPLAY,0,0,37,True
R03ZF,R03ZF_SARF000295,295,FIXED_LAG_100MS,0,0,37,True
R03ZF,R03ZF_SARF000295,295,FULL_CONTEXT_OFFLINE,0,0,37,True
R03ZF,R03ZF_SARF000296,296,CAUSAL_REPLAY,0,0,50,True
R03ZF,R03ZF_SARF000296,296,FIXED_LAG_100MS,0,0,50,True
R03ZF,R03ZF_SARF000296,296,FULL_CONTEXT_OFFLINE,0,0,50,True
R03ZF,R03ZF_SARF000297,297,CAUSAL_REPLAY,0,0,68,True
R03ZF,R03ZF_SARF000297,297,FIXED_LAG_100MS,0,0,68,True
R03ZF,R03ZF_SARF000297,297,FULL_CONTEXT_OFFLINE,0,0,68,True
R03ZF,R03ZF_SARF000298,298,CAUSAL_REPLAY,0,0,65,True
R03ZF,R03ZF_SARF000298,298,FIXED_LAG_100MS,0,0,65,True
R03ZF,R03ZF_SARF000298,298,FULL_CONTEXT_OFFLINE,0,0,65,True
R03ZF,R03ZF_SARF000299,299,CAUSAL_REPLAY,0,0,44,True
R03ZF,R03ZF_SARF000299,299,FIXED_LAG_100MS,0,0,44,True
R03ZF,R03ZF_SARF000299,299,FULL_CONTEXT_OFFLINE,0,0,44,True
R03ZF,R03ZF_SARF000300,300,CAUSAL_REPLAY,0,0,44,True
R03ZF,R03ZF_SARF000300,300,FIXED_LAG_100MS,0,0,44,True
R03ZF,R03ZF_SARF000300,300,FULL_CONTEXT_OFFLINE,0,0,44,True
R03ZF,R03ZF_SARF000301,301,CAUSAL_REPLAY,0,0,39,True
R03ZF,R03ZF_SARF000301,301,FIXED_LAG_100MS,0,0,39,True
R03ZF,R03ZF_SARF000301,301,FULL_CONTEXT_OFFLINE,0,0,39,True
R03ZF,R03ZF_SARF000302,302,CAUSAL_REPLAY,0,0,36,True
R03ZF,R03ZF_SARF000302,302,FIXED_LAG_100MS,0,0,36,True
R03ZF,R03ZF_SARF000302,302,FULL_CONTEXT_OFFLINE,0,0,36,True
R03ZF,R03ZF_SARF000303,303,CAUSAL_REPLAY,0,0,37,True
R03ZF,R03ZF_SARF000303,303,FIXED_LAG_100MS,0,0,37,True
R03ZF,R03ZF_SARF000303,303,FULL_CONTEXT_OFFLINE,0,0,37,True
R03ZF,R03ZF_SARF000304,304,CAUSAL_REPLAY,0,0,34,True
R03ZF,R03ZF_SARF000304,304,FIXED_LAG_100MS,0,0,34,True
R03ZF,R03ZF_SARF000304,304,FULL_CONTEXT_OFFLINE,0,0,34,True
R03ZF,R03ZF_SARF000305,305,CAUSAL_REPLAY,0,0,35,True
R03ZF,R03ZF_SARF000305,305,FIXED_LAG_100MS,0,0,35,True
R03ZF,R03ZF_SARF000305,305,FULL_CONTEXT_OFFLINE,0,0,35,True
R03ZF,R03ZF_SARF000306,306,CAUSAL_REPLAY,0,0,36,True
R03ZF,R03ZF_SARF000306,306,FIXED_LAG_100MS,0,0,36,True
R03ZF,R03ZF_SARF000306,306,FULL_CONTEXT_OFFLINE,0,0,36,True
R03ZF,R03ZF_SARF000307,307,CAUSAL_REPLAY,0,0,39,True
R03ZF,R03ZF_SARF000307,307,FIXED_LAG_100MS,0,0,39,True
R03ZF,R03ZF_SARF000307,307,FULL_CONTEXT_OFFLINE,0,0,39,True
R03ZF,R03ZF_SARF000308,308,CAUSAL_REPLAY,0,0,39,True
R03ZF,R03ZF_SARF000308,308,FIXED_LAG_100MS,0,0,39,True
R03ZF,R03ZF_SARF000308,308,FULL_CONTEXT_OFFLINE,0,0,39,True
R03ZF,R03ZF_SARF000309,309,CAUSAL_REPLAY,0,0,36,True
R03ZF,R03ZF_SARF000309,309,FIXED_LAG_100MS,0,0,36,True
R03ZF,R03ZF_SARF000309,309,FULL_CONTEXT_OFFLINE,0,0,36,True
R03ZF,R03ZF_SARF000310,310,CAUSAL_REPLAY,0,0,38,True
R03ZF,R03ZF_SARF000310,310,FIXED_LAG_100MS,0,0,38,True
R03ZF,R03ZF_SARF000310,310,FULL_CONTEXT_OFFLINE,0,0,38,True
R03ZF,R03ZF_SARF000311,311,CAUSAL_REPLAY,0,0,51,True
R03ZF,R03ZF_SARF000311,311,FIXED_LAG_100MS,0,0,51,True
R03ZF,R03ZF_SARF000311,311,FULL_CONTEXT_OFFLINE,0,0,51,True
R03ZF,R03ZF_SARF000312,312,CAUSAL_REPLAY,0,0,52,True
R03ZF,R03ZF_SARF000312,312,FIXED_LAG_100MS,0,0,52,True
R03ZF,R03ZF_SARF000312,312,FULL_CONTEXT_OFFLINE,0,0,52,True
R03ZF,R03ZF_SARF000313,313,CAUSAL_REPLAY,0,0,42,True
R03ZF,R03ZF_SARF000313,313,FIXED_LAG_100MS,0,0,42,True
R03ZF,R03ZF_SARF000313,313,FULL_CONTEXT_OFFLINE,0,0,42,True
R03ZF,R03ZF_SARF000314,314,CAUSAL_REPLAY,0,0,41,True
R03ZF,R03ZF_SARF000314,314,FIXED_LAG_100MS,0,0,41,True
R03ZF,R03ZF_SARF000314,314,FULL_CONTEXT_OFFLINE,0,0,41,True
R03ZF,R03ZF_SARF000315,315,CAUSAL_REPLAY,0,0,37,True
R03ZF,R03ZF_SARF000315,315,FIXED_LAG_100MS,0,0,37,True
R03ZF,R03ZF_SARF000315,315,FULL_CONTEXT_OFFLINE,0,0,37,True
R03ZF,R03ZF_SARF000316,316,CAUSAL_REPLAY,0,0,38,True
R03ZF,R03ZF_SARF000316,316,FIXED_LAG_100MS,0,0,38,True
R03ZF,R03ZF_SARF000316,316,FULL_CONTEXT_OFFLINE,0,0,38,True
R03ZF,R03ZF_SARF000317,317,CAUSAL_REPLAY,0,0,43,True
R03ZF,R03ZF_SARF000317,317,FIXED_LAG_100MS,0,0,43,True
R03ZF,R03ZF_SARF000317,317,FULL_CONTEXT_OFFLINE,0,0,43,True
R03ZF,R03ZF_SARF000318,318,CAUSAL_REPLAY,0,0,39,True
R03ZF,R03ZF_SARF000318,318,FIXED_LAG_100MS,0,0,39,True
R03ZF,R03ZF_SARF000318,318,FULL_CONTEXT_OFFLINE,0,0,39,True
R03ZF,R03ZF_SARF000319,319,CAUSAL_REPLAY,0,0,51,True
R03ZF,R03ZF_SARF000319,319,FIXED_LAG_100MS,0,0,51,True
R03ZF,R03ZF_SARF000319,319,FULL_CONTEXT_OFFLINE,0,0,51,True
R03ZF,R03ZF_SARF000320,320,CAUSAL_REPLAY,0,0,50,True
R03ZF,R03ZF_SARF000320,320,FIXED_LAG_100MS,0,0,50,True
R03ZF,R03ZF_SARF000320,320,FULL_CONTEXT_OFFLINE,0,0,50,True
R03ZF,R03ZF_SARF000321,321,CAUSAL_REPLAY,0,0,45,True
R03ZF,R03ZF_SARF000321,321,FIXED_LAG_100MS,0,0,45,True
R03ZF,R03ZF_SARF000321,321,FULL_CONTEXT_OFFLINE,0,0,45,True
R03ZF,R03ZF_SARF000322,322,CAUSAL_REPLAY,0,0,46,True
R03ZF,R03ZF_SARF000322,322,FIXED_LAG_100MS,0,0,46,True
R03ZF,R03ZF_SARF000322,322,FULL_CONTEXT_OFFLINE,0,0,46,True
R03ZF,R03ZF_SARF000323,323,CAUSAL_REPLAY,0,0,47,True
R03ZF,R03ZF_SARF000323,323,FIXED_LAG_100MS,0,0,47,True
R03ZF,R03ZF_SARF000323,323,FULL_CONTEXT_OFFLINE,0,0,47,True
R03ZF,R03ZF_SARF000324,324,CAUSAL_REPLAY,0,0,43,True
R03ZF,R03ZF_SARF000324,324,FIXED_LAG_100MS,0,0,43,True
R03ZF,R03ZF_SARF000324,324,FULL_CONTEXT_OFFLINE,0,0,43,True
R03ZF,R03ZF_SARF000325,325,CAUSAL_REPLAY,0,0,40,True
R03ZF,R03ZF_SARF000325,325,FIXED_LAG_100MS,0,0,40,True
R03ZF,R03ZF_SARF000325,325,FULL_CONTEXT_OFFLINE,0,0,40,True
R03ZF,R03ZF_SARF000326,326,CAUSAL_REPLAY,0,0,44,True
R03ZF,R03ZF_SARF000326,326,FIXED_LAG_100MS,0,0,44,True
R03ZF,R03ZF_SARF000326,326,FULL_CONTEXT_OFFLINE,0,0,44,True
R03ZF,R03ZF_SARF000327,327,CAUSAL_REPLAY,0,0,51,True
R03ZF,R03ZF_SARF000327,327,FIXED_LAG_100MS,0,0,51,True
R03ZF,R03ZF_SARF000327,327,FULL_CONTEXT_OFFLINE,0,0,51,True
R03ZF,R03ZF_SARF000328,328,CAUSAL_REPLAY,0,0,48,True
R03ZF,R03ZF_SARF000328,328,FIXED_LAG_100MS,0,0,48,True
R03ZF,R03ZF_SARF000328,328,FULL_CONTEXT_OFFLINE,0,0,48,True
R03ZF,R03ZF_SARF000329,329,CAUSAL_REPLAY,0,0,41,True
R03ZF,R03ZF_SARF000329,329,FIXED_LAG_100MS,0,0,41,True
R03ZF,R03ZF_SARF000329,329,FULL_CONTEXT_OFFLINE,0,0,41,True
R03ZF,R03ZF_SARF000330,330,CAUSAL_REPLAY,0,0,40,True
R03ZF,R03ZF_SARF000330,330,FIXED_LAG_100MS,0,0,40,True
R03ZF,R03ZF_SARF000330,330,FULL_CONTEXT_OFFLINE,0,0,40,True
R03ZF,R03ZF_SARF000331,331,CAUSAL_REPLAY,0,0,41,True
R03ZF,R03ZF_SARF000331,331,FIXED_LAG_100MS,0,0,41,True
R03ZF,R03ZF_SARF000331,331,FULL_CONTEXT_OFFLINE,0,0,41,True
R03ZF,R03ZF_SARF000332,332,CAUSAL_REPLAY,0,0,40,True
R03ZF,R03ZF_SARF000332,332,FIXED_LAG_100MS,0,0,40,True
R03ZF,R03ZF_SARF000332,332,FULL_CONTEXT_OFFLINE,0,0,40,True
R03ZF,R03ZF_SARF000333,333,CAUSAL_REPLAY,0,0,40,True
R03ZF,R03ZF_SARF000333,333,FIXED_LAG_100MS,0,0,40,True
R03ZF,R03ZF_SARF000333,333,FULL_CONTEXT_OFFLINE,0,0,40,True
R03ZF,R03ZF_SARF000334,334,CAUSAL_REPLAY,0,0,42,True
R03ZF,R03ZF_SARF000334,334,FIXED_LAG_100MS,0,0,42,True
R03ZF,R03ZF_SARF000334,334,FULL_CONTEXT_OFFLINE,0,0,42,True
R03ZF,R03ZF_SARF000335,335,CAUSAL_REPLAY,0,0,37,True
R03ZF,R03ZF_SARF000335,335,FIXED_LAG_100MS,0,0,37,True
R03ZF,R03ZF_SARF000335,335,FULL_CONTEXT_OFFLINE,0,0,37,True
R03ZF,R03ZF_SARF000336,336,CAUSAL_REPLAY,0,0,48,True
R03ZF,R03ZF_SARF000336,336,FIXED_LAG_100MS,0,0,48,True
R03ZF,R03ZF_SARF000336,336,FULL_CONTEXT_OFFLINE,0,0,48,True
R03ZF,R03ZF_SARF000337,337,CAUSAL_REPLAY,0,0,53,True
R03ZF,R03ZF_SARF000337,337,FIXED_LAG_100MS,0,0,53,True
R03ZF,R03ZF_SARF000337,337,FULL_CONTEXT_OFFLINE,0,0,53,True
R03ZF,R03ZF_SARF000338,338,CAUSAL_REPLAY,0,0,49,True
R03ZF,R03ZF_SARF000338,338,FIXED_LAG_100MS,0,0,49,True
R03ZF,R03ZF_SARF000338,338,FULL_CONTEXT_OFFLINE,0,0,49,True
R03ZF,R03ZF_SARF000339,339,CAUSAL_REPLAY,0,0,34,True
R03ZF,R03ZF_SARF000339,339,FIXED_LAG_100MS,0,0,34,True
R03ZF,R03ZF_SARF000339,339,FULL_CONTEXT_OFFLINE,0,0,34,True
R03ZF,R03ZF_SARF000340,340,CAUSAL_REPLAY,0,0,40,True
R03ZF,R03ZF_SARF000340,340,FIXED_LAG_100MS,0,0,40,True
R03ZF,R03ZF_SARF000340,340,FULL_CONTEXT_OFFLINE,0,0,40,True
R03ZF,R03ZF_SARF000341,341,CAUSAL_REPLAY,0,0,40,True
R03ZF,R03ZF_SARF000341,341,FIXED_LAG_100MS,0,0,40,True
R03ZF,R03ZF_SARF000341,341,FULL_CONTEXT_OFFLINE,0,0,40,True
R03ZF,R03ZF_SARF000342,342,CAUSAL_REPLAY,0,0,38,True
R03ZF,R03ZF_SARF000342,342,FIXED_LAG_100MS,0,0,38,True
R03ZF,R03ZF_SARF000342,342,FULL_CONTEXT_OFFLINE,0,0,38,True
R03ZF,R03ZF_SARF000343,343,CAUSAL_REPLAY,0,0,41,True
R03ZF,R03ZF_SARF000343,343,FIXED_LAG_100MS,0,0,41,True
R03ZF,R03ZF_SARF000343,343,FULL_CONTEXT_OFFLINE,0,0,41,True
R03ZF,R03ZF_SARF000344,344,CAUSAL_REPLAY,0,0,40,True
R03ZF,R03ZF_SARF000344,344,FIXED_LAG_100MS,0,0,40,True
R03ZF,R03ZF_SARF000344,344,FULL_CONTEXT_OFFLINE,0,0,40,True
R03ZF,R03ZF_SARF000345,345,CAUSAL_REPLAY,0,0,45,True
R03ZF,R03ZF_SARF000345,345,FIXED_LAG_100MS,0,0,45,True
R03ZF,R03ZF_SARF000345,345,FULL_CONTEXT_OFFLINE,0,0,45,True
R03ZF,R03ZF_SARF000346,346,CAUSAL_REPLAY,0,0,45,True
R03ZF,R03ZF_SARF000346,346,FIXED_LAG_100MS,0,0,45,True
R03ZF,R03ZF_SARF000346,346,FULL_CONTEXT_OFFLINE,0,0,45,True
R03ZF,R03ZF_SARF000347,347,CAUSAL_REPLAY,0,0,53,True
R03ZF,R03ZF_SARF000347,347,FIXED_LAG_100MS,0,0,53,True
R03ZF,R03ZF_SARF000347,347,FULL_CONTEXT_OFFLINE,0,0,53,True
R03ZF,R03ZF_SARF000348,348,CAUSAL_REPLAY,0,0,43,True
R03ZF,R03ZF_SARF000348,348,FIXED_LAG_100MS,0,0,43,True
R03ZF,R03ZF_SARF000348,348,FULL_CONTEXT_OFFLINE,0,0,43,True
R03ZF,R03ZF_SARF000349,349,CAUSAL_REPLAY,0,0,44,True
R03ZF,R03ZF_SARF000349,349,FIXED_LAG_100MS,0,0,44,True
R03ZF,R03ZF_SARF000349,349,FULL_CONTEXT_OFFLINE,0,0,44,True
R03ZF,R03ZF_SARF000350,350,CAUSAL_REPLAY,0,0,41,True
R03ZF,R03ZF_SARF000350,350,FIXED_LAG_100MS,0,0,41,True
R03ZF,R03ZF_SARF000350,350,FULL_CONTEXT_OFFLINE,0,0,41,True
R03ZF,R03ZF_SARF000351,351,CAUSAL_REPLAY,0,0,36,True
R03ZF,R03ZF_SARF000351,351,FIXED_LAG_100MS,0,0,36,True
R03ZF,R03ZF_SARF000351,351,FULL_CONTEXT_OFFLINE,0,0,36,True
R03ZF,R03ZF_SARF000352,352,CAUSAL_REPLAY,0,0,40,True
R03ZF,R03ZF_SARF000352,352,FIXED_LAG_100MS,0,0,40,True
R03ZF,R03ZF_SARF000352,352,FULL_CONTEXT_OFFLINE,0,0,40,True
R03ZF,R03ZF_SARF000353,353,CAUSAL_REPLAY,0,0,46,True
R03ZF,R03ZF_SARF000353,353,FIXED_LAG_100MS,0,0,46,True
R03ZF,R03ZF_SARF000353,353,FULL_CONTEXT_OFFLINE,0,0,46,True
R03ZF,R03ZF_SARF000354,354,CAUSAL_REPLAY,0,0,53,True
R03ZF,R03ZF_SARF000354,354,FIXED_LAG_100MS,0,0,53,True
R03ZF,R03ZF_SARF000354,354,FULL_CONTEXT_OFFLINE,0,0,53,True
R03ZF,R03ZF_SARF000355,355,CAUSAL_REPLAY,0,0,50,True
R03ZF,R03ZF_SARF000355,355,FIXED_LAG_100MS,0,0,50,True
R03ZF,R03ZF_SARF000355,355,FULL_CONTEXT_OFFLINE,0,0,50,True
R03ZF,R03ZF_SARF000356,356,CAUSAL_REPLAY,0,0,57,True
R03ZF,R03ZF_SARF000356,356,FIXED_LAG_100MS,0,0,57,True
R03ZF,R03ZF_SARF000356,356,FULL_CONTEXT_OFFLINE,0,0,57,True
R03ZF,R03ZF_SARF000357,357,CAUSAL_REPLAY,0,0,66,True
R03ZF,R03ZF_SARF000357,357,FIXED_LAG_100MS,0,0,66,True
R03ZF,R03ZF_SARF000357,357,FULL_CONTEXT_OFFLINE,0,0,66,True
R03ZF,R03ZF_SARF000358,358,CAUSAL_REPLAY,0,0,68,True
R03ZF,R03ZF_SARF000358,358,FIXED_LAG_100MS,0,0,68,True
R03ZF,R03ZF_SARF000358,358,FULL_CONTEXT_OFFLINE,0,0,68,True
R03ZF,R03ZF_SARF000359,359,CAUSAL_REPLAY,0,0,58,True
R03ZF,R03ZF_SARF000359,359,FIXED_LAG_100MS,0,0,58,True
R03ZF,R03ZF_SARF000359,359,FULL_CONTEXT_OFFLINE,0,0,58,True
R03ZF,R03ZF_SARF000360,360,CAUSAL_REPLAY,0,0,57,True
R03ZF,R03ZF_SARF000360,360,FIXED_LAG_100MS,0,0,57,True
R03ZF,R03ZF_SARF000360,360,FULL_CONTEXT_OFFLINE,0,0,57,True
R03ZF,R03ZF_SARF000361,361,CAUSAL_REPLAY,0,0,52,True
R03ZF,R03ZF_SARF000361,361,FIXED_LAG_100MS,0,0,52,True
R03ZF,R03ZF_SARF000361,361,FULL_CONTEXT_OFFLINE,0,0,52,True
R03ZF,R03ZF_SARF000362,362,CAUSAL_REPLAY,0,0,39,True
R03ZF,R03ZF_SARF000362,362,FIXED_LAG_100MS,0,0,39,True
R03ZF,R03ZF_SARF000362,362,FULL_CONTEXT_OFFLINE,0,0,39,True
R03ZF,R03ZF_SARF000363,363,CAUSAL_REPLAY,0,0,40,True
R03ZF,R03ZF_SARF000363,363,FIXED_LAG_100MS,0,0,40,True
R03ZF,R03ZF_SARF000363,363,FULL_CONTEXT_OFFLINE,0,0,40,True
R03ZF,R03ZF_SARF000364,364,CAUSAL_REPLAY,0,0,33,True
R03ZF,R03ZF_SARF000364,364,FIXED_LAG_100MS,0,0,33,True
R03ZF,R03ZF_SARF000364,364,FULL_CONTEXT_OFFLINE,0,0,33,True
R03ZF,R03ZF_SARF000365,365,CAUSAL_REPLAY,0,0,40,True
R03ZF,R03ZF_SARF000365,365,FIXED_LAG_100MS,0,0,40,True
R03ZF,R03ZF_SARF000365,365,FULL_CONTEXT_OFFLINE,0,0,40,True
R03ZF,R03ZF_SARF000366,366,CAUSAL_REPLAY,0,0,33,True
R03ZF,R03ZF_SARF000366,366,FIXED_LAG_100MS,0,0,33,True
R03ZF,R03ZF_SARF000366,366,FULL_CONTEXT_OFFLINE,0,0,33,True
R03ZF,R03ZF_SARF000367,367,CAUSAL_REPLAY,0,0,40,True
R03ZF,R03ZF_SARF000367,367,FIXED_LAG_100MS,0,0,40,True
R03ZF,R03ZF_SARF000367,367,FULL_CONTEXT_OFFLINE,0,0,40,True
R03ZF,R03ZF_SARF000368,368,CAUSAL_REPLAY,0,0,37,True
R03ZF,R03ZF_SARF000368,368,FIXED_LAG_100MS,0,0,37,True
R03ZF,R03ZF_SARF000368,368,FULL_CONTEXT_OFFLINE,0,0,37,True
R03ZF,R03ZF_SARF000369,369,CAUSAL_REPLAY,0,0,32,True
R03ZF,R03ZF_SARF000369,369,FIXED_LAG_100MS,0,0,32,True
R03ZF,R03ZF_SARF000369,369,FULL_CONTEXT_OFFLINE,0,0,32,True
R03ZF,R03ZF_SARF000370,370,CAUSAL_REPLAY,0,0,34,True
R03ZF,R03ZF_SARF000370,370,FIXED_LAG_100MS,0,0,34,True
R03ZF,R03ZF_SARF000370,370,FULL_CONTEXT_OFFLINE,0,0,34,True
R03ZF,R03ZF_SARF000371,371,CAUSAL_REPLAY,0,0,29,True
R03ZF,R03ZF_SARF000371,371,FIXED_LAG_100MS,0,0,29,True
R03ZF,R03ZF_SARF000371,371,FULL_CONTEXT_OFFLINE,0,0,29,True
R03ZF,R03ZF_SARF000372,372,CAUSAL_REPLAY,0,0,37,True
R03ZF,R03ZF_SARF000372,372,FIXED_LAG_100MS,0,0,37,True
R03ZF,R03ZF_SARF000372,372,FULL_CONTEXT_OFFLINE,0,0,37,True
R03ZF,R03ZF_SARF000373,373,CAUSAL_REPLAY,0,0,43,True
R03ZF,R03ZF_SARF000373,373,FIXED_LAG_100MS,0,0,43,True
R03ZF,R03ZF_SARF000373,373,FULL_CONTEXT_OFFLINE,0,0,43,True
R03ZF,R03ZF_SARF000374,374,CAUSAL_REPLAY,0,0,43,True
R03ZF,R03ZF_SARF000374,374,FIXED_LAG_100MS,0,0,43,True
R03ZF,R03ZF_SARF000374,374,FULL_CONTEXT_OFFLINE,0,0,43,True
R03ZF,R03ZF_SARF000375,375,CAUSAL_REPLAY,0,0,34,True
R03ZF,R03ZF_SARF000375,375,FIXED_LAG_100MS,0,0,34,True
R03ZF,R03ZF_SARF000375,375,FULL_CONTEXT_OFFLINE,0,0,34,True
R03ZF,R03ZF_SARF000376,376,CAUSAL_REPLAY,0,0,34,True
R03ZF,R03ZF_SARF000376,376,FIXED_LAG_100MS,0,0,34,True
R03ZF,R03ZF_SARF000376,376,FULL_CONTEXT_OFFLINE,0,0,34,True
R03ZF,R03ZF_SARF000377,377,CAUSAL_REPLAY,0,0,34,True
R03ZF,R03ZF_SARF000377,377,FIXED_LAG_100MS,0,0,34,True
R03ZF,R03ZF_SARF000377,377,FULL_CONTEXT_OFFLINE,0,0,34,True
R03ZF,R03ZF_SARF000378,378,CAUSAL_REPLAY,0,0,35,True
R03ZF,R03ZF_SARF000378,378,FIXED_LAG_100MS,0,0,35,True
R03ZF,R03ZF_SARF000378,378,FULL_CONTEXT_OFFLINE,0,0,35,True
R03ZF,R03ZF_SARF000379,379,CAUSAL_REPLAY,0,0,60,True
R03ZF,R03ZF_SARF000379,379,FIXED_LAG_100MS,0,0,60,True
R03ZF,R03ZF_SARF000379,379,FULL_CONTEXT_OFFLINE,0,0,60,True
R03ZF,R03ZF_SARF000380,380,CAUSAL_REPLAY,0,0,59,True
R03ZF,R03ZF_SARF000380,380,FIXED_LAG_100MS,0,0,59,True
R03ZF,R03ZF_SARF000380,380,FULL_CONTEXT_OFFLINE,0,0,59,True
R03ZF,R03ZF_SARF000381,381,CAUSAL_REPLAY,0,0,64,True
R03ZF,R03ZF_SARF000381,381,FIXED_LAG_100MS,0,0,64,True
R03ZF,R03ZF_SARF000381,381,FULL_CONTEXT_OFFLINE,0,0,64,True
R03ZF,R03ZF_SARF000382,382,CAUSAL_REPLAY,0,0,68,True
R03ZF,R03ZF_SARF000382,382,FIXED_LAG_100MS,0,0,68,True
R03ZF,R03ZF_SARF000382,382,FULL_CONTEXT_OFFLINE,0,0,68,True
R03ZF,R03ZF_SARF000383,383,CAUSAL_REPLAY,0,0,60,True
R03ZF,R03ZF_SARF000383,383,FIXED_LAG_100MS,0,0,60,True
R03ZF,R03ZF_SARF000383,383,FULL_CONTEXT_OFFLINE,0,0,60,True
R03ZF,R03ZF_SARF000384,384,CAUSAL_REPLAY,0,0,81,True
R03ZF,R03ZF_SARF000384,384,FIXED_LAG_100MS,0,0,81,True
R03ZF,R03ZF_SARF000384,384,FULL_CONTEXT_OFFLINE,0,0,81,True
R03ZF,R03ZF_SARF000385,385,CAUSAL_REPLAY,0,0,57,True
R03ZF,R03ZF_SARF000385,385,FIXED_LAG_100MS,0,0,57,True
R03ZF,R03ZF_SARF000385,385,FULL_CONTEXT_OFFLINE,0,0,57,True
R03ZF,R03ZF_SARF000386,386,CAUSAL_REPLAY,0,0,71,True
R03ZF,R03ZF_SARF000386,386,FIXED_LAG_100MS,0,0,71,True
R03ZF,R03ZF_SARF000386,386,FULL_CONTEXT_OFFLINE,0,0,71,True
R03ZF,R03ZF_SARF000387,387,CAUSAL_REPLAY,0,0,44,True
R03ZF,R03ZF_SARF000387,387,FIXED_LAG_100MS,0,0,44,True
R03ZF,R03ZF_SARF000387,387,FULL_CONTEXT_OFFLINE,0,0,44,True
R03ZF,R03ZF_SARF000388,388,CAUSAL_REPLAY,0,0,54,True
R03ZF,R03ZF_SARF000388,388,FIXED_LAG_100MS,0,0,54,True
R03ZF,R03ZF_SARF000388,388,FULL_CONTEXT_OFFLINE,0,0,54,True
R03ZF,R03ZF_SARF000389,389,CAUSAL_REPLAY,0,0,61,True
R03ZF,R03ZF_SARF000389,389,FIXED_LAG_100MS,0,0,61,True
R03ZF,R03ZF_SARF000389,389,FULL_CONTEXT_OFFLINE,0,0,61,True
R03ZF,R03ZF_SARF000390,390,CAUSAL_REPLAY,0,0,59,True
R03ZF,R03ZF_SARF000390,390,FIXED_LAG_100MS,0,0,59,True
R03ZF,R03ZF_SARF000390,390,FULL_CONTEXT_OFFLINE,0,0,59,True
R03ZF,R03ZF_SARF000391,391,CAUSAL_REPLAY,0,0,41,True
R03ZF,R03ZF_SARF000391,391,FIXED_LAG_100MS,0,0,41,True
R03ZF,R03ZF_SARF000391,391,FULL_CONTEXT_OFFLINE,0,0,41,True
R03ZF,R03ZF_SARF000392,392,CAUSAL_REPLAY,0,0,61,True
R03ZF,R03ZF_SARF000392,392,FIXED_LAG_100MS,0,0,61,True
R03ZF,R03ZF_SARF000392,392,FULL_CONTEXT_OFFLINE,0,0,61,True
R03ZF,R03ZF_SARF000393,393,CAUSAL_REPLAY,0,0,39,True
R03ZF,R03ZF_SARF000393,393,FIXED_LAG_100MS,0,0,39,True
R03ZF,R03ZF_SARF000393,393,FULL_CONTEXT_OFFLINE,0,0,39,True
R03ZF,R03ZF_SARF000394,394,CAUSAL_REPLAY,0,0,43,True
R03ZF,R03ZF_SARF000394,394,FIXED_LAG_100MS,0,0,43,True
R03ZF,R03ZF_SARF000394,394,FULL_CONTEXT_OFFLINE,0,0,43,True
R03ZF,R03ZF_SARF000395,395,CAUSAL_REPLAY,0,0,42,True
R03ZF,R03ZF_SARF000395,395,FIXED_LAG_100MS,0,0,42,True
R03ZF,R03ZF_SARF000395,395,FULL_CONTEXT_OFFLINE,0,0,42,True
R03ZF,R03ZF_SARF000396,396,CAUSAL_REPLAY,0,0,46,True
R03ZF,R03ZF_SARF000396,396,FIXED_LAG_100MS,0,0,46,True
R03ZF,R03ZF_SARF000396,396,FULL_CONTEXT_OFFLINE,0,0,46,True
R03ZF,R03ZF_SARF000397,397,CAUSAL_REPLAY,0,0,38,True
R03ZF,R03ZF_SARF000397,397,FIXED_LAG_100MS,0,0,38,True
R03ZF,R03ZF_SARF000397,397,FULL_CONTEXT_OFFLINE,0,0,38,True
R03ZF,R03ZF_SARF000398,398,CAUSAL_REPLAY,0,0,41,True
R03ZF,R03ZF_SARF000398,398,FIXED_LAG_100MS,0,0,41,True
R03ZF,R03ZF_SARF000398,398,FULL_CONTEXT_OFFLINE,0,0,41,True
R03ZF,R03ZF_SARF000399,399,CAUSAL_REPLAY,0,0,52,True
R03ZF,R03ZF_SARF000399,399,FIXED_LAG_100MS,0,0,52,True
R03ZF,R03ZF_SARF000399,399,FULL_CONTEXT_OFFLINE,0,0,52,True
R03ZF,R03ZF_SARF000400,400,CAUSAL_REPLAY,0,0,43,True
R03ZF,R03ZF_SARF000400,400,FIXED_LAG_100MS,0,0,43,True
R03ZF,R03ZF_SARF000400,400,FULL_CONTEXT_OFFLINE,0,0,43,True
R03ZF,R03ZF_SARF000401,401,CAUSAL_REPLAY,0,0,39,True
R03ZF,R03ZF_SARF000401,401,FIXED_LAG_100MS,0,0,39,True
R03ZF,R03ZF_SARF000401,401,FULL_CONTEXT_OFFLINE,0,0,39,True
R03ZF,R03ZF_SARF000402,402,CAUSAL_REPLAY,0,0,27,True
R03ZF,R03ZF_SARF000402,402,FIXED_LAG_100MS,0,0,27,True
R03ZF,R03ZF_SARF000402,402,FULL_CONTEXT_OFFLINE,0,0,27,True
R03ZF,R03ZF_SARF000403,403,CAUSAL_REPLAY,0,0,31,True
R03ZF,R03ZF_SARF000403,403,FIXED_LAG_100MS,0,0,31,True
R03ZF,R03ZF_SARF000403,403,FULL_CONTEXT_OFFLINE,0,0,31,True
R03ZF,R03ZF_SARF000404,404,CAUSAL_REPLAY,0,0,30,True
R03ZF,R03ZF_SARF000404,404,FIXED_LAG_100MS,0,0,30,True
R03ZF,R03ZF_SARF000404,404,FULL_CONTEXT_OFFLINE,0,0,30,True
R03ZF,R03ZF_SARF000405,405,CAUSAL_REPLAY,0,0,24,True
R03ZF,R03ZF_SARF000405,405,FIXED_LAG_100MS,0,0,24,True
R03ZF,R03ZF_SARF000405,405,FULL_CONTEXT_OFFLINE,0,0,24,True
R03ZF,R03ZF_SARF000406,406,CAUSAL_REPLAY,0,0,25,True
R03ZF,R03ZF_SARF000406,406,FIXED_LAG_100MS,0,0,25,True
R03ZF,R03ZF_SARF000406,406,FULL_CONTEXT_OFFLINE,0,0,25,True
R03ZF,R03ZF_SARF000407,407,CAUSAL_REPLAY,0,0,35,True
R03ZF,R03ZF_SARF000407,407,FIXED_LAG_100MS,0,0,35,True
R03ZF,R03ZF_SARF000407,407,FULL_CONTEXT_OFFLINE,0,0,35,True
R03ZF,R03ZF_SARF000408,408,CAUSAL_REPLAY,0,0,26,True
R03ZF,R03ZF_SARF000408,408,FIXED_LAG_100MS,0,0,26,True
R03ZF,R03ZF_SARF000408,408,FULL_CONTEXT_OFFLINE,0,0,26,True
R03ZF,R03ZF_SARF000409,409,CAUSAL_REPLAY,0,0,36,True
R03ZF,R03ZF_SARF000409,409,FIXED_LAG_100MS,0,0,36,True
R03ZF,R03ZF_SARF000409,409,FULL_CONTEXT_OFFLINE,0,0,36,True
R03ZF,R03ZF_SARF000410,410,CAUSAL_REPLAY,0,0,27,True
R03ZF,R03ZF_SARF000410,410,FIXED_LAG_100MS,0,0,27,True
R03ZF,R03ZF_SARF000410,410,FULL_CONTEXT_OFFLINE,0,0,27,True
R03ZF,R03ZF_SARF000411,411,CAUSAL_REPLAY,0,0,24,True
R03ZF,R03ZF_SARF000411,411,FIXED_LAG_100MS,0,0,24,True
R03ZF,R03ZF_SARF000411,411,FULL_CONTEXT_OFFLINE,0,0,24,True
R03ZF,R03ZF_SARF000412,412,CAUSAL_REPLAY,0,0,33,True
R03ZF,R03ZF_SARF000412,412,FIXED_LAG_100MS,0,0,33,True
R03ZF,R03ZF_SARF000412,412,FULL_CONTEXT_OFFLINE,0,0,33,True
R03ZF,R03ZF_SARF000413,413,CAUSAL_REPLAY,0,0,31,True
R03ZF,R03ZF_SARF000413,413,FIXED_LAG_100MS,0,0,31,True
R03ZF,R03ZF_SARF000413,413,FULL_CONTEXT_OFFLINE,0,0,31,True
R03ZF,R03ZF_SARF000414,414,CAUSAL_REPLAY,0,0,31,True
R03ZF,R03ZF_SARF000414,414,FIXED_LAG_100MS,0,0,31,True
R03ZF,R03ZF_SARF000414,414,FULL_CONTEXT_OFFLINE,0,0,31,True
R03ZF,R03ZF_SARF000415,415,CAUSAL_REPLAY,0,0,28,True
R03ZF,R03ZF_SARF000415,415,FIXED_LAG_100MS,0,0,28,True
R03ZF,R03ZF_SARF000415,415,FULL_CONTEXT_OFFLINE,0,0,28,True
R03ZF,R03ZF_SARF000416,416,CAUSAL_REPLAY,0,0,29,True
R03ZF,R03ZF_SARF000416,416,FIXED_LAG_100MS,0,0,29,True
R03ZF,R03ZF_SARF000416,416,FULL_CONTEXT_OFFLINE,0,0,29,True
R03ZF,R03ZF_SARF000417,417,CAUSAL_REPLAY,0,0,33,True
R03ZF,R03ZF_SARF000417,417,FIXED_LAG_100MS,0,0,33,True
R03ZF,R03ZF_SARF000417,417,FULL_CONTEXT_OFFLINE,0,0,33,True
R03ZF,R03ZF_SARF000418,418,CAUSAL_REPLAY,0,0,31,True
R03ZF,R03ZF_SARF000418,418,FIXED_LAG_100MS,0,0,31,True
R03ZF,R03ZF_SARF000418,418,FULL_CONTEXT_OFFLINE,0,0,31,True
R03ZF,R03ZF_SARF000419,419,CAUSAL_REPLAY,0,0,30,True
R03ZF,R03ZF_SARF000419,419,FIXED_LAG_100MS,0,0,30,True
R03ZF,R03ZF_SARF000419,419,FULL_CONTEXT_OFFLINE,0,0,30,True
R03ZF,R03ZF_SARF000420,420,CAUSAL_REPLAY,0,0,34,True
R03ZF,R03ZF_SARF000420,420,FIXED_LAG_100MS,0,0,34,True
R03ZF,R03ZF_SARF000420,420,FULL_CONTEXT_OFFLINE,0,0,34,True
R03ZF,R03ZF_SARF000421,421,CAUSAL_REPLAY,0,0,35,True
R03ZF,R03ZF_SARF000421,421,FIXED_LAG_100MS,0,0,35,True
R03ZF,R03ZF_SARF000421,421,FULL_CONTEXT_OFFLINE,2,0,35,False
R03ZF,R03ZF_SARF000422,422,CAUSAL_REPLAY,0,0,36,True
R03ZF,R03ZF_SARF000422,422,FIXED_LAG_100MS,0,0,36,True
R03ZF,R03ZF_SARF000422,422,FULL_CONTEXT_OFFLINE,2,0,36,False
R03ZF,R03ZF_SARF000423,423,CAUSAL_REPLAY,0,0,50,True
R03ZF,R03ZF_SARF000423,423,FIXED_LAG_100MS,0,0,50,True
R03ZF,R03ZF_SARF000423,423,FULL_CONTEXT_OFFLINE,4,28,50,False
R03ZF,R03ZF_SARF000424,424,CAUSAL_REPLAY,0,0,78,True
R03ZF,R03ZF_SARF000424,424,FIXED_LAG_100MS,0,0,78,True
R03ZF,R03ZF_SARF000424,424,FULL_CONTEXT_OFFLINE,4,35,78,False
R03ZF,R03ZF_SARF000425,425,CAUSAL_REPLAY,0,0,73,True
R03ZF,R03ZF_SARF000425,425,FIXED_LAG_100MS,0,0,73,True
R03ZF,R03ZF_SARF000425,425,FULL_CONTEXT_OFFLINE,5,71,73,False
R03ZF,R03ZF_SARF000426,426,CAUSAL_REPLAY,0,0,55,True
R03ZF,R03ZF_SARF000426,426,FIXED_LAG_100MS,2,18,55,False
R03ZF,R03ZF_SARF000426,426,FULL_CONTEXT_OFFLINE,5,45,55,False
R03ZF,R03ZF_SARF000427,427,CAUSAL_REPLAY,0,0,38,True
R03ZF,R03ZF_SARF000427,427,FIXED_LAG_100MS,4,4,38,False
R03ZF,R03ZF_SARF000427,427,FULL_CONTEXT_OFFLINE,5,5,38,False
R03ZF,R03ZF_SARF000428,428,CAUSAL_REPLAY,0,0,34,True
R03ZF,R03ZF_SARF000428,428,FIXED_LAG_100MS,4,4,34,False
R03ZF,R03ZF_SARF000428,428,FULL_CONTEXT_OFFLINE,5,5,34,False
R03ZF,R03ZF_SARF000429,429,CAUSAL_REPLAY,2,20,56,False
R03ZF,R03ZF_SARF000429,429,FIXED_LAG_100MS,5,50,56,False
R03ZF,R03ZF_SARF000429,429,FULL_CONTEXT_OFFLINE,5,52,56,False
R03ZF,R03ZF_SARF000430,430,CAUSAL_REPLAY,4,28,67,False
R03ZF,R03ZF_SARF000430,430,FIXED_LAG_100MS,5,35,67,False
R03ZF,R03ZF_SARF000430,430,FULL_CONTEXT_OFFLINE,5,36,67,False
R03ZF,R03ZF_SARF000431,431,CAUSAL_REPLAY,4,52,91,False
R03ZF,R03ZF_SARF000431,431,FIXED_LAG_100MS,5,65,91,False
R03ZF,R03ZF_SARF000431,431,FULL_CONTEXT_OFFLINE,5,67,91,False
R03ZF,R03ZF_SARF000432,432,CAUSAL_REPLAY,5,68,91,False
R03ZF,R03ZF_SARF000432,432,FIXED_LAG_100MS,5,70,91,False
R03ZF,R03ZF_SARF000432,432,FULL_CONTEXT_OFFLINE,5,73,91,False
R03ZF,R03ZF_SARF000433,433,CAUSAL_REPLAY,5,15,69,False
R03ZF,R03ZF_SARF000433,433,FIXED_LAG_100MS,5,16,69,False
R03ZF,R03ZF_SARF000433,433,FULL_CONTEXT_OFFLINE,5,17,69,False
R03ZF,R03ZF_SARF000434,434,CAUSAL_REPLAY,5,14,42,False
R03ZF,R03ZF_SARF000434,434,FIXED_LAG_100MS,5,14,42,False
R03ZF,R03ZF_SARF000434,434,FULL_CONTEXT_OFFLINE,5,14,42,False
R03ZF,R03ZF_SARF000435,435,CAUSAL_REPLAY,5,29,51,False
R03ZF,R03ZF_SARF000435,435,FIXED_LAG_100MS,5,29,51,False
R03ZF,R03ZF_SARF000435,435,FULL_CONTEXT_OFFLINE,5,29,51,False
R03ZF,R03ZF_SARF000436,436,CAUSAL_REPLAY,3,1,36,False
R03ZF,R03ZF_SARF000436,436,FIXED_LAG_100MS,3,1,36,False
R03ZF,R03ZF_SARF000436,436,FULL_CONTEXT_OFFLINE,3,1,36,False
R03ZF,R03ZF_SARF000437,437,CAUSAL_REPLAY,3,17,65,False
R03ZF,R03ZF_SARF000437,437,FIXED_LAG_100MS,3,17,65,False
R03ZF,R03ZF_SARF000437,437,FULL_CONTEXT_OFFLINE,3,17,65,False
R03ZF,R03ZF_SARF000438,438,CAUSAL_REPLAY,1,13,79,False
R03ZF,R03ZF_SARF000438,438,FIXED_LAG_100MS,1,15,79,False
R03ZF,R03ZF_SARF000438,438,FULL_CONTEXT_OFFLINE,1,16,79,False
R03ZF,R03ZF_SARF000439,439,CAUSAL_REPLAY,1,7,83,False
R03ZF,R03ZF_SARF000439,439,FIXED_LAG_100MS,1,8,83,False
R03ZF,R03ZF_SARF000439,439,FULL_CONTEXT_OFFLINE,1,8,83,False
R03ZF,R03ZF_SARF000440,440,CAUSAL_REPLAY,1,13,78,False
R03ZF,R03ZF_SARF000440,440,FIXED_LAG_100MS,1,13,78,False
R03ZF,R03ZF_SARF000440,440,FULL_CONTEXT_OFFLINE,1,14,78,False
R03ZF,R03ZF_SARF000441,441,CAUSAL_REPLAY,1,8,69,False
R03ZF,R03ZF_SARF000441,441,FIXED_LAG_100MS,1,8,69,False
R03ZF,R03ZF_SARF000441,441,FULL_CONTEXT_OFFLINE,1,8,69,False
R03ZF,R03ZF_SARF000442,442,CAUSAL_REPLAY,1,0,34,False
R03ZF,R03ZF_SARF000442,442,FIXED_LAG_100MS,1,0,34,False
R03ZF,R03ZF_SARF000442,442,FULL_CONTEXT_OFFLINE,1,0,34,False
R03ZF,R03ZF_SARF000443,443,CAUSAL_REPLAY,1,0,35,False
R03ZF,R03ZF_SARF000443,443,FIXED_LAG_100MS,1,0,35,False
R03ZF,R03ZF_SARF000443,443,FULL_CONTEXT_OFFLINE,1,0,35,False
R03ZF,R03ZF_SARF000444,444,CAUSAL_REPLAY,1,0,27,False
R03ZF,R03ZF_SARF000444,444,FIXED_LAG_100MS,1,0,27,False
R03ZF,R03ZF_SARF000444,444,FULL_CONTEXT_OFFLINE,1,0,27,False
R03ZF,R03ZF_SARF000445,445,CAUSAL_REPLAY,1,4,36,False
R03ZF,R03ZF_SARF000445,445,FIXED_LAG_100MS,1,4,36,False
R03ZF,R03ZF_SARF000445,445,FULL_CONTEXT_OFFLINE,1,4,36,False
R03ZF,R03ZF_SARF000446,446,CAUSAL_REPLAY,1,2,37,False
R03ZF,R03ZF_SARF000446,446,FIXED_LAG_100MS,1,2,37,False
R03ZF,R03ZF_SARF000446,446,FULL_CONTEXT_OFFLINE,1,2,37,False
R03ZF,R03ZF_SARF000447,447,CAUSAL_REPLAY,1,4,39,False
R03ZF,R03ZF_SARF000447,447,FIXED_LAG_100MS,1,4,39,False
R03ZF,R03ZF_SARF000447,447,FULL_CONTEXT_OFFLINE,1,4,39,False
R03ZF,R03ZF_SARF000448,448,CAUSAL_REPLAY,1,3,27,False
R03ZF,R03ZF_SARF000448,448,FIXED_LAG_100MS,1,3,27,False
R03ZF,R03ZF_SARF000448,448,FULL_CONTEXT_OFFLINE,1,3,27,False
R03ZF,R03ZF_SARF000449,449,CAUSAL_REPLAY,1,3,31,False
R03ZF,R03ZF_SARF000449,449,FIXED_LAG_100MS,1,3,31,False
R03ZF,R03ZF_SARF000449,449,FULL_CONTEXT_OFFLINE,1,3,31,False
R03ZF,R03ZF_SARF000450,450,CAUSAL_REPLAY,1,3,30,False
R03ZF,R03ZF_SARF000450,450,FIXED_LAG_100MS,1,3,30,False
R03ZF,R03ZF_SARF000450,450,FULL_CONTEXT_OFFLINE,1,3,30,False
R03ZF,R03ZF_SARF000451,451,CAUSAL_REPLAY,1,1,36,False
R03ZF,R03ZF_SARF000451,451,FIXED_LAG_100MS,1,1,36,False
R03ZF,R03ZF_SARF000451,451,FULL_CONTEXT_OFFLINE,1,1,36,False
R03ZF,R03ZF_SARF000452,452,CAUSAL_REPLAY,1,2,38,False
R03ZF,R03ZF_SARF000452,452,FIXED_LAG_100MS,1,2,38,False
R03ZF,R03ZF_SARF000452,452,FULL_CONTEXT_OFFLINE,1,2,38,False
R03ZF,R03ZF_SARF000453,453,CAUSAL_REPLAY,1,4,36,False
R03ZF,R03ZF_SARF000453,453,FIXED_LAG_100MS,1,4,36,False
R03ZF,R03ZF_SARF000453,453,FULL_CONTEXT_OFFLINE,1,4,36,False
R03ZF,R03ZF_SARF000454,454,CAUSAL_REPLAY,1,7,34,False
R03ZF,R03ZF_SARF000454,454,FIXED_LAG_100MS,1,7,34,False
R03ZF,R03ZF_SARF000454,454,FULL_CONTEXT_OFFLINE,1,7,34,False
R03ZF,R03ZF_SARF000455,455,CAUSAL_REPLAY,1,3,38,False
R03ZF,R03ZF_SARF000455,455,FIXED_LAG_100MS,1,3,38,False
R03ZF,R03ZF_SARF000455,455,FULL_CONTEXT_OFFLINE,1,3,38,False
R03ZF,R03ZF_SARF000456,456,CAUSAL_REPLAY,1,4,35,False
R03ZF,R03ZF_SARF000456,456,FIXED_LAG_100MS,1,5,35,False
R03ZF,R03ZF_SARF000456,456,FULL_CONTEXT_OFFLINE,1,6,35,False
R03ZF,R03ZF_SARF000457,457,CAUSAL_REPLAY,1,1,33,False
R03ZF,R03ZF_SARF000457,457,FIXED_LAG_100MS,1,2,33,False
R03ZF,R03ZF_SARF000457,457,FULL_CONTEXT_OFFLINE,1,2,33,False
R03ZF,R03ZF_SARF000458,458,CAUSAL_REPLAY,1,2,34,False
R03ZF,R03ZF_SARF000458,458,FIXED_LAG_100MS,1,2,34,False
R03ZF,R03ZF_SARF000458,458,FULL_CONTEXT_OFFLINE,1,3,34,False
R03ZF,R03ZF_SARF000459,459,CAUSAL_REPLAY,1,1,39,False
R03ZF,R03ZF_SARF000459,459,FIXED_LAG_100MS,1,2,39,False
R03ZF,R03ZF_SARF000459,459,FULL_CONTEXT_OFFLINE,1,2,39,False
R03ZF,R03ZF_SARF000460,460,CAUSAL_REPLAY,1,2,47,False
R03ZF,R03ZF_SARF000460,460,FIXED_LAG_100MS,1,2,47,False
R03ZF,R03ZF_SARF000460,460,FULL_CONTEXT_OFFLINE,1,2,47,False
R03ZF,R03ZF_SARF000461,461,CAUSAL_REPLAY,1,3,40,False
R03ZF,R03ZF_SARF000461,461,FIXED_LAG_100MS,1,3,40,False
R03ZF,R03ZF_SARF000461,461,FULL_CONTEXT_OFFLINE,1,3,40,False
R03ZF,R03ZF_SARF000462,462,CAUSAL_REPLAY,1,3,34,False
R03ZF,R03ZF_SARF000462,462,FIXED_LAG_100MS,1,3,34,False
R03ZF,R03ZF_SARF000462,462,FULL_CONTEXT_OFFLINE,1,3,34,False
R03ZF,R03ZF_SARF000463,463,CAUSAL_REPLAY,1,2,37,False
R03ZF,R03ZF_SARF000463,463,FIXED_LAG_100MS,1,3,37,False
R03ZF,R03ZF_SARF000463,463,FULL_CONTEXT_OFFLINE,1,3,37,False
R03ZF,R03ZF_SARF000464,464,CAUSAL_REPLAY,1,4,50,False
R03ZF,R03ZF_SARF000464,464,FIXED_LAG_100MS,1,4,50,False
R03ZF,R03ZF_SARF000464,464,FULL_CONTEXT_OFFLINE,1,6,50,False
R03ZF,R03ZF_SARF000465,465,CAUSAL_REPLAY,1,4,49,False
R03ZF,R03ZF_SARF000465,465,FIXED_LAG_100MS,1,4,49,False
R03ZF,R03ZF_SARF000465,465,FULL_CONTEXT_OFFLINE,1,6,49,False
R03ZF,R03ZF_SARF000466,466,CAUSAL_REPLAY,1,1,25,False
R03ZF,R03ZF_SARF000466,466,FIXED_LAG_100MS,1,1,25,False
R03ZF,R03ZF_SARF000466,466,FULL_CONTEXT_OFFLINE,1,2,25,False
R03ZF,R03ZF_SARF000467,467,CAUSAL_REPLAY,1,5,40,False
R03ZF,R03ZF_SARF000467,467,FIXED_LAG_100MS,1,6,40,False
R03ZF,R03ZF_SARF000467,467,FULL_CONTEXT_OFFLINE,1,6,40,False
R03ZF,R03ZF_SARF000468,468,CAUSAL_REPLAY,1,4,43,False
R03ZF,R03ZF_SARF000468,468,FIXED_LAG_100MS,1,4,43,False
R03ZF,R03ZF_SARF000468,468,FULL_CONTEXT_OFFLINE,1,5,43,False
R03ZF,R03ZF_SARF000469,469,CAUSAL_REPLAY,1,3,31,False
R03ZF,R03ZF_SARF000469,469,FIXED_LAG_100MS,1,3,31,False
R03ZF,R03ZF_SARF000469,469,FULL_CONTEXT_OFFLINE,1,4,31,False
R03ZF,R03ZF_SARF000470,470,CAUSAL_REPLAY,1,1,25,False
R03ZF,R03ZF_SARF000470,470,FIXED_LAG_100MS,1,1,25,False
R03ZF,R03ZF_SARF000470,470,FULL_CONTEXT_OFFLINE,1,2,25,False
R03ZF,R03ZF_SARF000471,471,CAUSAL_REPLAY,1,6,40,False
R03ZF,R03ZF_SARF000471,471,FIXED_LAG_100MS,1,6,40,False
R03ZF,R03ZF_SARF000471,471,FULL_CONTEXT_OFFLINE,1,6,40,False
R03ZF,R03ZF_SARF000472,472,CAUSAL_REPLAY,1,4,49,False
R03ZF,R03ZF_SARF000472,472,FIXED_LAG_100MS,1,4,49,False
R03ZF,R03ZF_SARF000472,472,FULL_CONTEXT_OFFLINE,1,4,49,False
R03ZF,R03ZF_SARF000473,473,CAUSAL_REPLAY,1,3,50,False
R03ZF,R03ZF_SARF000473,473,FIXED_LAG_100MS,1,4,50,False
R03ZF,R03ZF_SARF000473,473,FULL_CONTEXT_OFFLINE,1,4,50,False
R03ZF,R03ZF_SARF000474,474,CAUSAL_REPLAY,1,2,41,False
R03ZF,R03ZF_SARF000474,474,FIXED_LAG_100MS,1,2,41,False
R03ZF,R03ZF_SARF000474,474,FULL_CONTEXT_OFFLINE,1,3,41,False
R03ZF,R03ZF_SARF000475,475,CAUSAL_REPLAY,1,5,48,False
R03ZF,R03ZF_SARF000475,475,FIXED_LAG_100MS,1,5,48,False
R03ZF,R03ZF_SARF000475,475,FULL_CONTEXT_OFFLINE,1,6,48,False
R03ZF,R03ZF_SARF000476,476,CAUSAL_REPLAY,1,7,59,False
R03ZF,R03ZF_SARF000476,476,FIXED_LAG_100MS,1,8,59,False
R03ZF,R03ZF_SARF000476,476,FULL_CONTEXT_OFFLINE,1,8,59,False
R03ZF,R03ZF_SARF000477,477,CAUSAL_REPLAY,1,8,51,False
R03ZF,R03ZF_SARF000477,477,FIXED_LAG_100MS,1,8,51,False
R03ZF,R03ZF_SARF000477,477,FULL_CONTEXT_OFFLINE,1,8,51,False
R03ZF,R03ZF_SARF000478,478,CAUSAL_REPLAY,1,6,45,False
R03ZF,R03ZF_SARF000478,478,FIXED_LAG_100MS,1,6,45,False
R03ZF,R03ZF_SARF000478,478,FULL_CONTEXT_OFFLINE,1,6,45,False
R03ZF,R03ZF_SARF000479,479,CAUSAL_REPLAY,1,4,33,False
R03ZF,R03ZF_SARF000479,479,FIXED_LAG_100MS,1,4,33,False
R03ZF,R03ZF_SARF000479,479,FULL_CONTEXT_OFFLINE,1,4,33,False
R03ZF,R03ZF_SARF000480,480,CAUSAL_REPLAY,1,6,47,False
R03ZF,R03ZF_SARF000480,480,FIXED_LAG_100MS,1,7,47,False
R03ZF,R03ZF_SARF000480,480,FULL_CONTEXT_OFFLINE,1,7,47,False
R03ZF,R03ZF_SARF000481,481,CAUSAL_REPLAY,1,5,49,False
R03ZF,R03ZF_SARF000481,481,FIXED_LAG_100MS,1,5,49,False
R03ZF,R03ZF_SARF000481,481,FULL_CONTEXT_OFFLINE,1,5,49,False
R03ZF,R03ZF_SARF000482,482,CAUSAL_REPLAY,1,5,47,False
R03ZF,R03ZF_SARF000482,482,FIXED_LAG_100MS,1,5,47,False
R03ZF,R03ZF_SARF000482,482,FULL_CONTEXT_OFFLINE,1,5,47,False
R03ZF,R03ZF_SARF000483,483,CAUSAL_REPLAY,1,6,54,False
R03ZF,R03ZF_SARF000483,483,FIXED_LAG_100MS,1,6,54,False
R03ZF,R03ZF_SARF000483,483,FULL_CONTEXT_OFFLINE,1,7,54,False
R03ZF,R03ZF_SARF000484,484,CAUSAL_REPLAY,1,5,49,False
R03ZF,R03ZF_SARF000484,484,FIXED_LAG_100MS,1,5,49,False
R03ZF,R03ZF_SARF000484,484,FULL_CONTEXT_OFFLINE,1,5,49,False
R03ZF,R03ZF_SARF000485,485,CAUSAL_REPLAY,1,4,36,False
R03ZF,R03ZF_SARF000485,485,FIXED_LAG_100MS,1,5,36,False
R03ZF,R03ZF_SARF000485,485,FULL_CONTEXT_OFFLINE,1,5,36,False
R03ZF,R03ZF_SARF000486,486,CAUSAL_REPLAY,1,5,42,False
R03ZF,R03ZF_SARF000486,486,FIXED_LAG_100MS,1,5,42,False
R03ZF,R03ZF_SARF000486,486,FULL_CONTEXT_OFFLINE,1,5,42,False
R03ZF,R03ZF_SARF000487,487,CAUSAL_REPLAY,1,3,35,False
R03ZF,R03ZF_SARF000487,487,FIXED_LAG_100MS,1,3,35,False
R03ZF,R03ZF_SARF000487,487,FULL_CONTEXT_OFFLINE,1,3,35,False
R03ZF,R03ZF_SARF000488,488,CAUSAL_REPLAY,1,4,48,False
R03ZF,R03ZF_SARF000488,488,FIXED_LAG_100MS,1,4,48,False
R03ZF,R03ZF_SARF000488,488,FULL_CONTEXT_OFFLINE,1,4,48,False
R03ZF,R03ZF_SARF000489,489,CAUSAL_REPLAY,1,6,41,False
R03ZF,R03ZF_SARF000489,489,FIXED_LAG_100MS,1,6,41,False
R03ZF,R03ZF_SARF000489,489,FULL_CONTEXT_OFFLINE,1,6,41,False
R03ZF,R03ZF_SARF000490,490,CAUSAL_REPLAY,1,7,50,False
R03ZF,R03ZF_SARF000490,490,FIXED_LAG_100MS,1,7,50,False
R03ZF,R03ZF_SARF000490,490,FULL_CONTEXT_OFFLINE,1,7,50,False
R03ZF,R03ZF_SARF000491,491,CAUSAL_REPLAY,1,6,49,False
R03ZF,R03ZF_SARF000491,491,FIXED_LAG_100MS,1,6,49,False
R03ZF,R03ZF_SARF000491,491,FULL_CONTEXT_OFFLINE,1,6,49,False
R03ZF,R03ZF_SARF000492,492,CAUSAL_REPLAY,1,6,49,False
R03ZF,R03ZF_SARF000492,492,FIXED_LAG_100MS,1,6,49,False
R03ZF,R03ZF_SARF000492,492,FULL_CONTEXT_OFFLINE,1,6,49,False
R03ZF,R03ZF_SARF000493,493,CAUSAL_REPLAY,1,4,41,False
R03ZF,R03ZF_SARF000493,493,FIXED_LAG_100MS,1,4,41,False
R03ZF,R03ZF_SARF000493,493,FULL_CONTEXT_OFFLINE,1,4,41,False
R03ZF,R03ZF_SARF000494,494,CAUSAL_REPLAY,1,7,50,False
R03ZF,R03ZF_SARF000494,494,FIXED_LAG_100MS,1,7,50,False
R03ZF,R03ZF_SARF000494,494,FULL_CONTEXT_OFFLINE,1,7,50,False
