run_id,frame_uid,frame_index,sar_timestamp_ms,mode,shell_id,track_id,source_observation_count,source_timestamp_min_ms,source_timestamp_max_ms,source_has_future_observation,source_raw_fragment_ids,effective_intervals_json,effective_width_deg,candidate_q95_region_count,timing_window_low_offset_ms,timing_window_high_offset_ms,manual_reference_used,sar_range_assigned_by_optical,strict_runtime_identity_claimed
R01ZF,R01ZF_SARF000000,0,0,CAUSAL_REPLAY,R01ZF_SARF000000__CAUSAL_REPLAY__R01ZF_REUSED_R01ZF_PERSON001,R01ZF_REUSED_R01ZF_PERSON001,1,0,0,False,R01ZF_REUSED_R01ZF_PERSON001,"[[-45.52255059771674, -26.272904641432696]]",19.24964595628404,10,-250,0,False,False,False
R01ZF,R01ZF_SARF000000,0,0,CAUSAL_REPLAY,R01ZF_SARF000000__CAUSAL_REPLAY__R01ZF_REUSED_R01ZF_PERSON002,R01ZF_REUSED_R01ZF_PERSON002,1,0,0,False,R01ZF_REUSED_R01ZF_PERSON002,"[[-39.00286899289302, -20.163203014826422]]",18.8396659780666,9,-250,0,False,False,False
R01ZF,R01ZF_SARF000000,0,0,FIXED_LAG_100MS,R01ZF_SARF000000__FIXED_LAG_100MS__R01ZF_REUSED_R01ZF_PERSON001,R01ZF_REUSED_R01ZF_PERSON001,2,0,56,True,R01ZF_REUSED_R01ZF_PERSON001,"[[-45.52255059771674, -24.50131309898274]]",21.021237498733996,10,-250,100,False,False,False
R01ZF,R01ZF_SARF000000,0,0,FIXED_LAG_100MS,R01ZF_SARF000000__FIXED_LAG_100MS__R01ZF_REUSED_R01ZF_PERSON002,R01ZF_REUSED_R01ZF_PERSON002,2,0,56,True,R01ZF_REUSED_R01ZF_PERSON002,"[[-39.00286899289302, -18.392116005027773]]",20.610752987865247,12,-250,100,False,False,False
R01ZF,R01ZF_SARF000000,0,0,FULL_CONTEXT_OFFLINE,R01ZF_SARF000000__FULL_CONTEXT_OFFLINE__R01ZF_REUSED_R01ZF_PERSON001,R01ZF_REUSED_R01ZF_PERSON001,5,0,222,True,R01ZF_REUSED_R01ZF_PERSON001,"[[-45.52255059771674, -18.878242980677054]]",26.644307617039683,15,-250,250,False,False,False
R01ZF,R01ZF_SARF000000,0,0,FULL_CONTEXT_OFFLINE,R01ZF_SARF000000__FULL_CONTEXT_OFFLINE__R01ZF_REUSED_R01ZF_PERSON002,R01ZF_REUSED_R01ZF_PERSON002,5,0,222,True,R01ZF_REUSED_R01ZF_PERSON002,"[[-39.00286899289302, -12.900673573136284]]",26.102195419756736,16,-250,250,False,False,False
R01ZF,R01ZF_SARF000001,1,33,CAUSAL_REPLAY,R01ZF_SARF000001__CAUSAL_REPLAY__R01ZF_REUSED_R01ZF_PERSON001,R01ZF_REUSED_R01ZF_PERSON001,1,0,0,False,R01ZF_REUSED_R01ZF_PERSON001,"[[-45.52255059771674, -26.272904641432696]]",19.24964595628404,10,-250,0,False,False,False
R01ZF,R01ZF_SARF000001,1,33,CAUSAL_REPLAY,R01ZF_SARF000001__CAUSAL_REPLAY__R01ZF_REUSED_R01ZF_PERSON002,R01ZF_REUSED_R01ZF_PERSON002,1,0,0,False,R01ZF_REUSED_R01ZF_PERSON002,"[[-39.00286899289302, -20.163203014826422]]",18.8396659780666,11,-250,0,False,False,False
R01ZF,R01ZF_SARF000001,1,33,FIXED_LAG_100MS,R01ZF_SARF000001__FIXED_LAG_100MS__R01ZF_REUSED_R01ZF_PERSON001,R01ZF_REUSED_R01ZF_PERSON001,3,0,111,True,R01ZF_REUSED_R01ZF_PERSON001,"[[-45.52255059771674, -22.667432931793446]]",22.85511766592329,12,-250,100,False,False,False
R01ZF,R01ZF_SARF000001,1,33,FIXED_LAG_100MS,R01ZF_SARF000001__FIXED_LAG_100MS__R01ZF_REUSED_R01ZF_PERSON002,R01ZF_REUSED_R01ZF_PERSON002,3,0,111,True,R01ZF_REUSED_R01ZF_PERSON002,"[[-39.00286899289302, -16.58440968982289]]",22.41845930307013,16,-250,100,False,False,False
R01ZF,R01ZF_SARF000001,1,33,FULL_CONTEXT_OFFLINE,R01ZF_SARF000001__FULL_CONTEXT_OFFLINE__R01ZF_REUSED_R01ZF_PERSON001,R01ZF_REUSED_R01ZF_PERSON001,6,0,278,True,R01ZF_REUSED_R01ZF_PERSON001,"[[-45.52255059771674, -17.05099823162981]]",28.47155236608693,18,-250,250,False,False,False
R01ZF,R01ZF_SARF000001,1,33,FULL_CONTEXT_OFFLINE,R01ZF_SARF000001__FULL_CONTEXT_OFFLINE__R01ZF_REUSED_R01ZF_PERSON002,R01ZF_REUSED_R01ZF_PERSON002,6,0,278,True,R01ZF_REUSED_R01ZF_PERSON002,"[[-39.00286899289302, -11.096455043329911]]",27.90641394956311,20,-250,250,False,False,False
R01ZF,R01ZF_SARF000002,2,67,CAUSAL_REPLAY,R01ZF_SARF000002__CAUSAL_REPLAY__R01ZF_REUSED_R01ZF_PERSON001,R01ZF_REUSED_R01ZF_PERSON001,2,0,56,False,R01ZF_REUSED_R01ZF_PERSON001,"[[-45.52255059771674, -24.50131309898274]]",21.021237498733996,10,-250,0,False,False,False
R01ZF,R01ZF_SARF000002,2,67,CAUSAL_REPLAY,R01ZF_SARF000002__CAUSAL_REPLAY__R01ZF_REUSED_R01ZF_PERSON002,R01ZF_REUSED_R01ZF_PERSON002,2,0,56,False,R01ZF_REUSED_R01ZF_PERSON002,"[[-39.00286899289302, -18.392116005027773]]",20.610752987865247,12,-250,0,False,False,False
R01ZF,R01ZF_SARF000002,2,67,FIXED_LAG_100MS,R01ZF_SARF000002__FIXED_LAG_100MS__R01ZF_REUSED_R01ZF_PERSON001,R01ZF_REUSED_R01ZF_PERSON001,4,0,167,True,R01ZF_REUSED_R01ZF_PERSON001,"[[-45.52255059771674, -20.746874054939024]]",24.775676542777713,12,-250,100,False,False,False
R01ZF,R01ZF_SARF000002,2,67,FIXED_LAG_100MS,R01ZF_SARF000002__FIXED_LAG_100MS__R01ZF_REUSED_R01ZF_PERSON002,R01ZF_REUSED_R01ZF_PERSON002,4,0,167,True,R01ZF_REUSED_R01ZF_PERSON002,"[[-39.00286899289302, -14.745070804839543]]",24.257798188053478,15,-250,100,False,False,False
R01ZF,R01ZF_SARF000002,2,67,FULL_CONTEXT_OFFLINE,R01ZF_SARF000002__FULL_CONTEXT_OFFLINE__R01ZF_REUSED_R01ZF_PERSON001,R01ZF_REUSED_R01ZF_PERSON001,6,0,278,True,R01ZF_REUSED_R01ZF_PERSON001,"[[-45.52255059771674, -17.05099823162981]]",28.47155236608693,15,-250,250,False,False,False
R01ZF,R01ZF_SARF000002,2,67,FULL_CONTEXT_OFFLINE,R01ZF_SARF000002__FULL_CONTEXT_OFFLINE__R01ZF_REUSED_R01ZF_PERSON002,R01ZF_REUSED_R01ZF_PERSON002,6,0,278,True,R01ZF_REUSED_R01ZF_PERSON002,"[[-39.00286899289302, -11.096455043329911]]",27.90641394956311,17,-250,250,False,False,False
R01ZF,R01ZF_SARF000003,3,100,CAUSAL_REPLAY,R01ZF_SARF000003__CAUSAL_REPLAY__R01ZF_REUSED_R01ZF_PERSON001,R01ZF_REUSED_R01ZF_PERSON001,2,0,56,False,R01ZF_REUSED_R01ZF_PERSON001,"[[-45.52255059771674, -24.50131309898274]]",21.021237498733996,9,-250,0,False,False,False
R01ZF,R01ZF_SARF000003,3,100,CAUSAL_REPLAY,R01ZF_SARF000003__CAUSAL_REPLAY__R01ZF_REUSED_R01ZF_PERSON002,R01ZF_REUSED_R01ZF_PERSON002,2,0,56,False,R01ZF_REUSED_R01ZF_PERSON002,"[[-39.00286899289302, -18.392116005027773]]",20.610752987865247,11,-250,0,False,False,False
R01ZF,R01ZF_SARF000003,3,100,FIXED_LAG_100MS,R01ZF_SARF000003__FIXED_LAG_100MS__R01ZF_REUSED_R01ZF_PERSON001,R01ZF_REUSED_R01ZF_PERSON001,4,0,167,True,R01ZF_REUSED_R01ZF_PERSON001,"[[-45.52255059771674, -20.746874054939024]]",24.775676542777713,12,-250,100,False,False,False
R01ZF,R01ZF_SARF000003,3,100,FIXED_LAG_100MS,R01ZF_SARF000003__FIXED_LAG_100MS__R01ZF_REUSED_R01ZF_PERSON002,R01ZF_REUSED_R01ZF_PERSON002,4,0,167,True,R01ZF_REUSED_R01ZF_PERSON002,"[[-39.00286899289302, -14.745070804839543]]",24.257798188053478,14,-250,100,False,False,False
R01ZF,R01ZF_SARF000003,3,100,FULL_CONTEXT_OFFLINE,R01ZF_SARF000003__FULL_CONTEXT_OFFLINE__R01ZF_REUSED_R01ZF_PERSON001,R01ZF_REUSED_R01ZF_PERSON001,7,0,333,True,R01ZF_REUSED_R01ZF_PERSON001,"[[-45.52255059771674, -15.199614036453905]]",30.322936561262832,16,-250,250,False,False,False
R01ZF,R01ZF_SARF000003,3,100,FULL_CONTEXT_OFFLINE,R01ZF_SARF000003__FULL_CONTEXT_OFFLINE__R01ZF_REUSED_R01ZF_PERSON002,R01ZF_REUSED_R01ZF_PERSON002,7,0,333,True,R01ZF_REUSED_R01ZF_PERSON002,"[[-39.00286899289302, -9.253859481453638]]",29.749009511439382,19,-250,250,False,False,False
R01ZF,R01ZF_SARF000004,4,133,CAUSAL_REPLAY,R01ZF_SARF000004__CAUSAL_REPLAY__R01ZF_REUSED_R01ZF_PERSON001,R01ZF_REUSED_R01ZF_PERSON001,3,0,111,False,R01ZF_REUSED_R01ZF_PERSON001,"[[-45.52255059771674, -22.667432931793446]]",22.85511766592329,9,-250,0,False,False,False
R01ZF,R01ZF_SARF000004,4,133,CAUSAL_REPLAY,R01ZF_SARF000004__CAUSAL_REPLAY__R01ZF_REUSED_R01ZF_PERSON002,R01ZF_REUSED_R01ZF_PERSON002,3,0,111,False,R01ZF_REUSED_R01ZF_PERSON002,"[[-39.00286899289302, -16.58440968982289]]",22.41845930307013,11,-250,0,False,False,False
R01ZF,R01ZF_SARF000004,4,133,FIXED_LAG_100MS,R01ZF_SARF000004__FIXED_LAG_100MS__R01ZF_REUSED_R01ZF_PERSON001,R01ZF_REUSED_R01ZF_PERSON001,5,0,222,True,R01ZF_REUSED_R01ZF_PERSON001,"[[-45.52255059771674, -18.878242980677054]]",26.644307617039683,11,-250,100,False,False,False
R01ZF,R01ZF_SARF000004,4,133,FIXED_LAG_100MS,R01ZF_SARF000004__FIXED_LAG_100MS__R01ZF_REUSED_R01ZF_PERSON002,R01ZF_REUSED_R01ZF_PERSON002,5,0,222,True,R01ZF_REUSED_R01ZF_PERSON002,"[[-39.00286899289302, -12.900673573136284]]",26.102195419756736,13,-250,100,False,False,False
R01ZF,R01ZF_SARF000004,4,133,FULL_CONTEXT_OFFLINE,R01ZF_SARF000004__FULL_CONTEXT_OFFLINE__R01ZF_REUSED_R01ZF_PERSON001,R01ZF_REUSED_R01ZF_PERSON001,7,0,333,True,R01ZF_REUSED_R01ZF_PERSON001,"[[-45.52255059771674, -15.199614036453905]]",30.322936561262832,14,-250,250,False,False,False
R01ZF,R01ZF_SARF000004,4,133,FULL_CONTEXT_OFFLINE,R01ZF_SARF000004__FULL_CONTEXT_OFFLINE__R01ZF_REUSED_R01ZF_PERSON002,R01ZF_REUSED_R01ZF_PERSON002,7,0,333,True,R01ZF_REUSED_R01ZF_PERSON002,"[[-39.00286899289302, -9.253859481453638]]",29.749009511439382,14,-250,250,False,False,False
R01ZF,R01ZF_SARF000005,5,167,CAUSAL_REPLAY,R01ZF_SARF000005__CAUSAL_REPLAY__R01ZF_REUSED_R01ZF_PERSON001,R01ZF_REUSED_R01ZF_PERSON001,4,0,167,False,R01ZF_REUSED_R01ZF_PERSON001,"[[-45.52255059771674, -20.746874054939024]]",24.775676542777713,13,-250,0,False,False,False
R01ZF,R01ZF_SARF000005,5,167,CAUSAL_REPLAY,R01ZF_SARF000005__CAUSAL_REPLAY__R01ZF_REUSED_R01ZF_PERSON002,R01ZF_REUSED_R01ZF_PERSON002,4,0,167,False,R01ZF_REUSED_R01ZF_PERSON002,"[[-39.00286899289302, -14.745070804839543]]",24.257798188053478,15,-250,0,False,False,False
R01ZF,R01ZF_SARF000005,5,167,FIXED_LAG_100MS,R01ZF_SARF000005__FIXED_LAG_100MS__R01ZF_REUSED_R01ZF_PERSON001,R01ZF_REUSED_R01ZF_PERSON001,5,0,222,True,R01ZF_REUSED_R01ZF_PERSON001,"[[-45.52255059771674, -18.878242980677054]]",26.644307617039683,16,-250,100,False,False,False
R01ZF,R01ZF_SARF000005,5,167,FIXED_LAG_100MS,R01ZF_SARF000005__FIXED_LAG_100MS__R01ZF_REUSED_R01ZF_PERSON002,R01ZF_REUSED_R01ZF_PERSON002,5,0,222,True,R01ZF_REUSED_R01ZF_PERSON002,"[[-39.00286899289302, -12.900673573136284]]",26.102195419756736,15,-250,100,False,False,False
R01ZF,R01ZF_SARF000005,5,167,FULL_CONTEXT_OFFLINE,R01ZF_SARF000005__FULL_CONTEXT_OFFLINE__R01ZF_REUSED_R01ZF_PERSON001,R01ZF_REUSED_R01ZF_PERSON001,8,0,389,True,R01ZF_REUSED_R01ZF_PERSON001,"[[-45.52255059771674, -13.38389541722324]]",32.1386551804935,17,-250,250,False,False,False
R01ZF,R01ZF_SARF000005,5,167,FULL_CONTEXT_OFFLINE,R01ZF_SARF000005__FULL_CONTEXT_OFFLINE__R01ZF_REUSED_R01ZF_PERSON002,R01ZF_REUSED_R01ZF_PERSON002,8,0,389,True,R01ZF_REUSED_R01ZF_PERSON002,"[[-39.00286899289302, -7.494615968785951]]",31.50825302410707,17,-250,250,False,False,False
R01ZF,R01ZF_SARF000006,6,200,CAUSAL_REPLAY,R01ZF_SARF000006__CAUSAL_REPLAY__R01ZF_REUSED_R01ZF_PERSON001,R01ZF_REUSED_R01ZF_PERSON001,4,0,167,False,R01ZF_REUSED_R01ZF_PERSON001,"[[-45.52255059771674, -20.746874054939024]]",24.775676542777713,11,-250,0,False,False,False
R01ZF,R01ZF_SARF000006,6,200,CAUSAL_REPLAY,R01ZF_SARF000006__CAUSAL_REPLAY__R01ZF_REUSED_R01ZF_PERSON002,R01ZF_REUSED_R01ZF_PERSON002,4,0,167,False,R01ZF_REUSED_R01ZF_PERSON002,"[[-39.00286899289302, -14.745070804839543]]",24.257798188053478,13,-250,0,False,False,False
R01ZF,R01ZF_SARF000006,6,200,FIXED_LAG_100MS,R01ZF_SARF000006__FIXED_LAG_100MS__R01ZF_REUSED_R01ZF_PERSON001,R01ZF_REUSED_R01ZF_PERSON001,6,0,278,True,R01ZF_REUSED_R01ZF_PERSON001,"[[-45.52255059771674, -17.05099823162981]]",28.47155236608693,14,-250,100,False,False,False
R01ZF,R01ZF_SARF000006,6,200,FIXED_LAG_100MS,R01ZF_SARF000006__FIXED_LAG_100MS__R01ZF_REUSED_R01ZF_PERSON002,R01ZF_REUSED_R01ZF_PERSON002,6,0,278,True,R01ZF_REUSED_R01ZF_PERSON002,"[[-39.00286899289302, -11.096455043329911]]",27.90641394956311,14,-250,100,False,False,False
R01ZF,R01ZF_SARF000006,6,200,FULL_CONTEXT_OFFLINE,R01ZF_SARF000006__FULL_CONTEXT_OFFLINE__R01ZF_REUSED_R01ZF_PERSON001,R01ZF_REUSED_R01ZF_PERSON001,9,0,444,True,R01ZF_REUSED_R01ZF_PERSON001,"[[-45.52255059771674, -11.598006070415533]]",33.92454452730121,16,-250,250,False,False,False
R01ZF,R01ZF_SARF000006,6,200,FULL_CONTEXT_OFFLINE,R01ZF_SARF000006__FULL_CONTEXT_OFFLINE__R01ZF_REUSED_R01ZF_PERSON002,R01ZF_REUSED_R01ZF_PERSON002,9,0,444,True,R01ZF_REUSED_R01ZF_PERSON002,"[[-39.00286899289302, -5.686104028860555]]",33.316764964032465,17,-250,250,False,False,False
R01ZF,R01ZF_SARF000007,7,233,CAUSAL_REPLAY,R01ZF_SARF000007__CAUSAL_REPLAY__R01ZF_REUSED_R01ZF_PERSON001,R01ZF_REUSED_R01ZF_PERSON001,5,0,222,False,R01ZF_REUSED_R01ZF_PERSON001,"[[-45.52255059771674, -18.878242980677054]]",26.644307617039683,12,-250,0,False,False,False
R01ZF,R01ZF_SARF000007,7,233,CAUSAL_REPLAY,R01ZF_SARF000007__CAUSAL_REPLAY__R01ZF_REUSED_R01ZF_PERSON002,R01ZF_REUSED_R01ZF_PERSON002,5,0,222,False,R01ZF_REUSED_R01ZF_PERSON002,"[[-39.00286899289302, -12.900673573136284]]",26.102195419756736,14,-250,0,False,False,False
R01ZF,R01ZF_SARF000007,7,233,FIXED_LAG_100MS,R01ZF_SARF000007__FIXED_LAG_100MS__R01ZF_REUSED_R01ZF_PERSON001,R01ZF_REUSED_R01ZF_PERSON001,7,0,333,True,R01ZF_REUSED_R01ZF_PERSON001,"[[-45.52255059771674, -15.199614036453905]]",30.322936561262832,15,-250,100,False,False,False
R01ZF,R01ZF_SARF000007,7,233,FIXED_LAG_100MS,R01ZF_SARF000007__FIXED_LAG_100MS__R01ZF_REUSED_R01ZF_PERSON002,R01ZF_REUSED_R01ZF_PERSON002,7,0,333,True,R01ZF_REUSED_R01ZF_PERSON002,"[[-39.00286899289302, -9.253859481453638]]",29.749009511439382,16,-250,100,False,False,False
R01ZF,R01ZF_SARF000007,7,233,FULL_CONTEXT_OFFLINE,R01ZF_SARF000007__FULL_CONTEXT_OFFLINE__R01ZF_REUSED_R01ZF_PERSON001,R01ZF_REUSED_R01ZF_PERSON001,9,0,444,True,R01ZF_REUSED_R01ZF_PERSON001,"[[-45.52255059771674, -11.598006070415533]]",33.92454452730121,16,-250,250,False,False,False
R01ZF,R01ZF_SARF000007,7,233,FULL_CONTEXT_OFFLINE,R01ZF_SARF000007__FULL_CONTEXT_OFFLINE__R01ZF_REUSED_R01ZF_PERSON002,R01ZF_REUSED_R01ZF_PERSON002,9,0,444,True,R01ZF_REUSED_R01ZF_PERSON002,"[[-39.00286899289302, -5.686104028860555]]",33.316764964032465,18,-250,250,False,False,False
R01ZF,R01ZF_SARF000008,8,267,CAUSAL_REPLAY,R01ZF_SARF000008__CAUSAL_REPLAY__R01ZF_REUSED_R01ZF_PERSON001,R01ZF_REUSED_R01ZF_PERSON001,4,56,222,False,R01ZF_REUSED_R01ZF_PERSON001,"[[-43.59074715281272, -18.878242980677054]]",24.712504172135663,11,-250,0,False,False,False
R01ZF,R01ZF_SARF000008,8,267,CAUSAL_REPLAY,R01ZF_SARF000008__CAUSAL_REPLAY__R01ZF_REUSED_R01ZF_PERSON002,R01ZF_REUSED_R01ZF_PERSON002,4,56,222,False,R01ZF_REUSED_R01ZF_PERSON002,"[[-37.154004205929965, -12.900673573136284]]",24.25333063279368,17,-250,0,False,False,False
R01ZF,R01ZF_SARF000008,8,267,FIXED_LAG_100MS,R01ZF_SARF000008__FIXED_LAG_100MS__R01ZF_REUSED_R01ZF_PERSON001,R01ZF_REUSED_R01ZF_PERSON001,6,56,333,True,R01ZF_REUSED_R01ZF_PERSON001,"[[-43.59074715281272, -15.199614036453905]]",28.391133116358812,16,-250,100,False,False,False
R01ZF,R01ZF_SARF000008,8,267,FIXED_LAG_100MS,R01ZF_SARF000008__FIXED_LAG_100MS__R01ZF_REUSED_R01ZF_PERSON002,R01ZF_REUSED_R01ZF_PERSON002,6,56,333,True,R01ZF_REUSED_R01ZF_PERSON002,"[[-37.154004205929965, -9.253859481453638]]",27.900144724476327,18,-250,100,False,False,False
R01ZF,R01ZF_SARF000008,8,267,FULL_CONTEXT_OFFLINE,R01ZF_SARF000008__FULL_CONTEXT_OFFLINE__R01ZF_REUSED_R01ZF_PERSON001,R01ZF_REUSED_R01ZF_PERSON001,9,56,500,True,R01ZF_REUSED_R01ZF_PERSON001,"[[-43.59074715281272, -9.831223863411534]]",33.75952328940119,19,-250,250,False,False,False
R01ZF,R01ZF_SARF000008,8,267,FULL_CONTEXT_OFFLINE,R01ZF_SARF000008__FULL_CONTEXT_OFFLINE__R01ZF_REUSED_R01ZF_PERSON002,R01ZF_REUSED_R01ZF_PERSON002,9,56,500,True,R01ZF_REUSED_R01ZF_PERSON002,"[[-37.154004205929965, -3.9106829208285987]]",33.243321285101366,21,-250,250,False,False,False
R01ZF,R01ZF_SARF000009,9,300,CAUSAL_REPLAY,R01ZF_SARF000009__CAUSAL_REPLAY__R01ZF_REUSED_R01ZF_PERSON001,R01ZF_REUSED_R01ZF_PERSON001,5,56,278,False,R01ZF_REUSED_R01ZF_PERSON001,"[[-43.59074715281272, -17.05099823162981]]",26.53974892118291,17,-250,0,False,False,False
R01ZF,R01ZF_SARF000009,9,300,CAUSAL_REPLAY,R01ZF_SARF000009__CAUSAL_REPLAY__R01ZF_REUSED_R01ZF_PERSON002,R01ZF_REUSED_R01ZF_PERSON002,5,56,278,False,R01ZF_REUSED_R01ZF_PERSON002,"[[-37.154004205929965, -11.096455043329911]]",26.057549162600054,19,-250,0,False,False,False
R01ZF,R01ZF_SARF000009,9,300,FIXED_LAG_100MS,R01ZF_SARF000009__FIXED_LAG_100MS__R01ZF_REUSED_R01ZF_PERSON001,R01ZF_REUSED_R01ZF_PERSON001,7,56,389,True,R01ZF_REUSED_R01ZF_PERSON001,"[[-43.59074715281272, -13.38389541722324]]",30.206851735589478,21,-250,100,False,False,False
R01ZF,R01ZF_SARF000009,9,300,FIXED_LAG_100MS,R01ZF_SARF000009__FIXED_LAG_100MS__R01ZF_REUSED_R01ZF_PERSON002,R01ZF_REUSED_R01ZF_PERSON002,7,56,389,True,R01ZF_REUSED_R01ZF_PERSON002,"[[-37.154004205929965, -7.494615968785951]]",29.659388237144015,22,-250,100,False,False,False
R01ZF,R01ZF_SARF000009,9,300,FULL_CONTEXT_OFFLINE,R01ZF_SARF000009__FULL_CONTEXT_OFFLINE__R01ZF_REUSED_R01ZF_PERSON001,R01ZF_REUSED_R01ZF_PERSON001,9,56,500,True,R01ZF_REUSED_R01ZF_PERSON001,"[[-43.59074715281272, -9.831223863411534]]",33.75952328940119,22,-250,250,False,False,False
R01ZF,R01ZF_SARF000009,9,300,FULL_CONTEXT_OFFLINE,R01ZF_SARF000009__FULL_CONTEXT_OFFLINE__R01ZF_REUSED_R01ZF_PERSON002,R01ZF_REUSED_R01ZF_PERSON002,9,56,500,True,R01ZF_REUSED_R01ZF_PERSON002,"[[-37.154004205929965, -3.9106829208285987]]",33.243321285101366,23,-250,250,False,False,False
R01ZF,R01ZF_SARF000010,10,333,CAUSAL_REPLAY,R01ZF_SARF000010__CAUSAL_REPLAY__R01ZF_REUSED_R01ZF_PERSON001,R01ZF_REUSED_R01ZF_PERSON001,5,111,333,False,R01ZF_REUSED_R01ZF_PERSON001,"[[-41.61359110504178, -15.199614036453905]]",26.413977068587872,16,-250,0,False,False,False
R01ZF,R01ZF_SARF000010,10,333,CAUSAL_REPLAY,R01ZF_SARF000010__CAUSAL_REPLAY__R01ZF_REUSED_R01ZF_PERSON002,R01ZF_REUSED_R01ZF_PERSON002,5,111,333,False,R01ZF_REUSED_R01ZF_PERSON002,"[[-35.31154047355433, -9.253859481453638]]",26.057680992100693,17,-250,0,False,False,False
R01ZF,R01ZF_SARF000010,10,333,FIXED_LAG_100MS,R01ZF_SARF000010__FIXED_LAG_100MS__R01ZF_REUSED_R01ZF_PERSON001,R01ZF_REUSED_R01ZF_PERSON001,6,111,389,True,R01ZF_REUSED_R01ZF_PERSON001,"[[-41.61359110504178, -13.38389541722324]]",28.229695687818538,16,-250,100,False,False,False
R01ZF,R01ZF_SARF000010,10,333,FIXED_LAG_100MS,R01ZF_SARF000010__FIXED_LAG_100MS__R01ZF_REUSED_R01ZF_PERSON002,R01ZF_REUSED_R01ZF_PERSON002,6,111,389,True,R01ZF_REUSED_R01ZF_PERSON002,"[[-35.31154047355433, -7.494615968785951]]",27.81692450476838,19,-250,100,False,False,False
R01ZF,R01ZF_SARF000010,10,333,FULL_CONTEXT_OFFLINE,R01ZF_SARF000010__FULL_CONTEXT_OFFLINE__R01ZF_REUSED_R01ZF_PERSON001,R01ZF_REUSED_R01ZF_PERSON001,9,111,556,True,R01ZF_REUSED_R01ZF_PERSON001,"[[-41.61359110504178, -8.05411338475368]]",33.5594777202881,19,-250,250,False,False,False
R01ZF,R01ZF_SARF000010,10,333,FULL_CONTEXT_OFFLINE,R01ZF_SARF000010__FULL_CONTEXT_OFFLINE__R01ZF_REUSED_R01ZF_PERSON002,R01ZF_REUSED_R01ZF_PERSON002,9,111,556,True,R01ZF_REUSED_R01ZF_PERSON002,"[[-35.31154047355433, -2.1270070075923186]]",33.18453346596201,21,-250,250,False,False,False
R01ZF,R01ZF_SARF000010,10,333,FULL_CONTEXT_OFFLINE,R01ZF_SARF000010__FULL_CONTEXT_OFFLINE__R01ZF_REUSED_R01ZF_PERSON003,R01ZF_REUSED_R01ZF_PERSON003,1,556,556,True,R01ZF_REUSED_R01ZF_PERSON003,"[[-51.31129259505707, -34.91378311121255]]",16.397509483844516,6,-250,250,False,False,False
R01ZF,R01ZF_SARF000011,11,367,CAUSAL_REPLAY,R01ZF_SARF000011__CAUSAL_REPLAY__R01ZF_REUSED_R01ZF_PERSON001,R01ZF_REUSED_R01ZF_PERSON001,4,167,333,False,R01ZF_REUSED_R01ZF_PERSON001,"[[-39.51104323168481, -15.199614036453905]]",24.311429195230904,19,-250,0,False,False,False
R01ZF,R01ZF_SARF000011,11,367,CAUSAL_REPLAY,R01ZF_SARF000011__CAUSAL_REPLAY__R01ZF_REUSED_R01ZF_PERSON002,R01ZF_REUSED_R01ZF_PERSON002,4,167,333,False,R01ZF_REUSED_R01ZF_PERSON002,"[[-33.196209207559136, -9.253859481453638]]",23.942349726105498,20,-250,0,False,False,False
R01ZF,R01ZF_SARF000011,11,367,FIXED_LAG_100MS,R01ZF_SARF000011__FIXED_LAG_100MS__R01ZF_REUSED_R01ZF_PERSON001,R01ZF_REUSED_R01ZF_PERSON001,6,167,444,True,R01ZF_REUSED_R01ZF_PERSON001,"[[-39.51104323168481, -11.598006070415533]]",27.913037161269276,22,-250,100,False,False,False
R01ZF,R01ZF_SARF000011,11,367,FIXED_LAG_100MS,R01ZF_SARF000011__FIXED_LAG_100MS__R01ZF_REUSED_R01ZF_PERSON002,R01ZF_REUSED_R01ZF_PERSON002,6,167,444,True,R01ZF_REUSED_R01ZF_PERSON002,"[[-33.196209207559136, -5.686104028860555]]",27.51010517869858,22,-250,100,False,False,False
R01ZF,R01ZF_SARF000011,11,367,FULL_CONTEXT_OFFLINE,R01ZF_SARF000011__FULL_CONTEXT_OFFLINE__R01ZF_REUSED_R01ZF_PERSON001,R01ZF_REUSED_R01ZF_PERSON001,9,167,611,True,R01ZF_REUSED_R01ZF_PERSON001,"[[-39.51104323168481, -6.273015470620898]]",33.23802776106391,25,-250,250,False,False,False
R01ZF,R01ZF_SARF000011,11,367,FULL_CONTEXT_OFFLINE,R01ZF_SARF000011__FULL_CONTEXT_OFFLINE__R01ZF_REUSED_R01ZF_PERSON002,R01ZF_REUSED_R01ZF_PERSON002,9,167,611,True,R01ZF_REUSED_R01ZF_PERSON002,"[[-33.196209207559136, -0.3553194411864524]]",32.84088976637268,28,-250,250,False,False,False
R01ZF,R01ZF_SARF000011,11,367,FULL_CONTEXT_OFFLINE,R01ZF_SARF000011__FULL_CONTEXT_OFFLINE__R01ZF_REUSED_R01ZF_PERSON003,R01ZF_REUSED_R01ZF_PERSON003,2,556,611,True,R01ZF_REUSED_R01ZF_PERSON003,"[[-51.31129259505707, -33.46634037079409]]",17.844952224262975,10,-250,250,False,False,False
R01ZF,R01ZF_SARF000012,12,400,CAUSAL_REPLAY,R01ZF_SARF000012__CAUSAL_REPLAY__R01ZF_REUSED_R01ZF_PERSON001,R01ZF_REUSED_R01ZF_PERSON001,5,167,389,False,R01ZF_REUSED_R01ZF_PERSON001,"[[-39.51104323168481, -13.38389541722324]]",26.12714781446157,24,-250,0,False,False,False
R01ZF,R01ZF_SARF000012,12,400,CAUSAL_REPLAY,R01ZF_SARF000012__CAUSAL_REPLAY__R01ZF_REUSED_R01ZF_PERSON002,R01ZF_REUSED_R01ZF_PERSON002,5,167,389,False,R01ZF_REUSED_R01ZF_PERSON002,"[[-33.196209207559136, -7.494615968785951]]",25.701593238773185,25,-250,0,False,False,False
R01ZF,R01ZF_SARF000012,12,400,FIXED_LAG_100MS,R01ZF_SARF000012__FIXED_LAG_100MS__R01ZF_REUSED_R01ZF_PERSON001,R01ZF_REUSED_R01ZF_PERSON001,7,167,500,True,R01ZF_REUSED_R01ZF_PERSON001,"[[-39.51104323168481, -9.831223863411534]]",29.679819368273275,27,-250,100,False,False,False
R01ZF,R01ZF_SARF000012,12,400,FIXED_LAG_100MS,R01ZF_SARF000012__FIXED_LAG_100MS__R01ZF_REUSED_R01ZF_PERSON002,R01ZF_REUSED_R01ZF_PERSON002,7,167,500,True,R01ZF_REUSED_R01ZF_PERSON002,"[[-33.196209207559136, -3.9106829208285987]]",29.285526286730537,27,-250,100,False,False,False
R01ZF,R01ZF_SARF000012,12,400,FULL_CONTEXT_OFFLINE,R01ZF_SARF000012__FULL_CONTEXT_OFFLINE__R01ZF_REUSED_R01ZF_PERSON001,R01ZF_REUSED_R01ZF_PERSON001,9,167,611,True,R01ZF_REUSED_R01ZF_PERSON001,"[[-39.51104323168481, -6.273015470620898]]",33.23802776106391,29,-250,250,False,False,False
R01ZF,R01ZF_SARF000012,12,400,FULL_CONTEXT_OFFLINE,R01ZF_SARF000012__FULL_CONTEXT_OFFLINE__R01ZF_REUSED_R01ZF_PERSON002,R01ZF_REUSED_R01ZF_PERSON002,9,167,611,True,R01ZF_REUSED_R01ZF_PERSON002,"[[-33.196209207559136, -0.3553194411864524]]",32.84088976637268,31,-250,250,False,False,False
R01ZF,R01ZF_SARF000012,12,400,FULL_CONTEXT_OFFLINE,R01ZF_SARF000012__FULL_CONTEXT_OFFLINE__R01ZF_REUSED_R01ZF_PERSON003,R01ZF_REUSED_R01ZF_PERSON003,2,556,611,True,R01ZF_REUSED_R01ZF_PERSON003,"[[-51.31129259505707, -33.46634037079409]]",17.844952224262975,7,-250,250,False,False,False
R01ZF,R01ZF_SARF000013,13,433,CAUSAL_REPLAY,R01ZF_SARF000013__CAUSAL_REPLAY__R01ZF_REUSED_R01ZF_PERSON001,R01ZF_REUSED_R01ZF_PERSON001,4,222,389,False,R01ZF_REUSED_R01ZF_PERSON001,"[[-37.48025129416156, -13.38389541722324]]",24.096355876938322,18,-250,0,False,False,False
R01ZF,R01ZF_SARF000013,13,433,CAUSAL_REPLAY,R01ZF_SARF000013__CAUSAL_REPLAY__R01ZF_REUSED_R01ZF_PERSON002,R01ZF_REUSED_R01ZF_PERSON002,4,222,389,False,R01ZF_REUSED_R01ZF_PERSON002,"[[-31.29859354618582, -7.494615968785951]]",23.80397757739987,21,-250,0,False,False,False
R01ZF,R01ZF_SARF000013,13,433,FIXED_LAG_100MS,R01ZF_SARF000013__FIXED_LAG_100MS__R01ZF_REUSED_R01ZF_PERSON001,R01ZF_REUSED_R01ZF_PERSON001,6,222,500,True,R01ZF_REUSED_R01ZF_PERSON001,"[[-37.48025129416156, -9.831223863411534]]",27.649027430750028,21,-250,100,False,False,False
R01ZF,R01ZF_SARF000013,13,433,FIXED_LAG_100MS,R01ZF_SARF000013__FIXED_LAG_100MS__R01ZF_REUSED_R01ZF_PERSON002,R01ZF_REUSED_R01ZF_PERSON002,6,222,500,True,R01ZF_REUSED_R01ZF_PERSON002,"[[-31.29859354618582, -3.9106829208285987]]",27.38791062535722,24,-250,100,False,False,False
R01ZF,R01ZF_SARF000013,13,433,FULL_CONTEXT_OFFLINE,R01ZF_SARF000013__FULL_CONTEXT_OFFLINE__R01ZF_REUSED_R01ZF_PERSON001,R01ZF_REUSED_R01ZF_PERSON001,9,222,667,True,R01ZF_REUSED_R01ZF_PERSON001,"[[-37.48025129416156, -4.5289274678187255]]",32.951323826342836,24,-250,250,False,False,False
R01ZF,R01ZF_SARF000013,13,433,FULL_CONTEXT_OFFLINE,R01ZF_SARF000013__FULL_CONTEXT_OFFLINE__R01ZF_REUSED_R01ZF_PERSON002,R01ZF_REUSED_R01ZF_PERSON002,9,222,667,True,R01ZF_REUSED_R01ZF_PERSON002,"[[-31.29859354618582, 1.3457693594394655]]",32.644362905625286,29,-250,250,False,False,False
R01ZF,R01ZF_SARF000013,13,433,FULL_CONTEXT_OFFLINE,R01ZF_SARF000013__FULL_CONTEXT_OFFLINE__R01ZF_REUSED_R01ZF_PERSON003,R01ZF_REUSED_R01ZF_PERSON003,3,556,667,True,R01ZF_REUSED_R01ZF_PERSON003,"[[-51.31129259505707, -31.67282159514518]]",19.63847099991189,11,-250,250,False,False,False
R01ZF,R01ZF_SARF000014,14,467,CAUSAL_REPLAY,R01ZF_SARF000014__CAUSAL_REPLAY__R01ZF_REUSED_R01ZF_PERSON001,R01ZF_REUSED_R01ZF_PERSON001,5,222,444,False,R01ZF_REUSED_R01ZF_PERSON001,"[[-37.48025129416156, -11.598006070415533]]",25.88224522374603,23,-250,0,False,False,False
R01ZF,R01ZF_SARF000014,14,467,CAUSAL_REPLAY,R01ZF_SARF000014__CAUSAL_REPLAY__R01ZF_REUSED_R01ZF_PERSON002,R01ZF_REUSED_R01ZF_PERSON002,5,222,444,False,R01ZF_REUSED_R01ZF_PERSON002,"[[-31.29859354618582, -5.686104028860555]]",25.612489517325265,25,-250,0,False,False,False
R01ZF,R01ZF_SARF000014,14,467,FIXED_LAG_100MS,R01ZF_SARF000014__FIXED_LAG_100MS__R01ZF_REUSED_R01ZF_PERSON001,R01ZF_REUSED_R01ZF_PERSON001,7,222,556,True,R01ZF_REUSED_R01ZF_PERSON001,"[[-37.48025129416156, -8.05411338475368]]",29.42613790940788,25,-250,100,False,False,False
R01ZF,R01ZF_SARF000014,14,467,FIXED_LAG_100MS,R01ZF_SARF000014__FIXED_LAG_100MS__R01ZF_REUSED_R01ZF_PERSON002,R01ZF_REUSED_R01ZF_PERSON002,7,222,556,True,R01ZF_REUSED_R01ZF_PERSON002,"[[-31.29859354618582, -2.1270070075923186]]",29.171586538593502,27,-250,100,False,False,False
R01ZF,R01ZF_SARF000014,14,467,FIXED_LAG_100MS,R01ZF_SARF000014__FIXED_LAG_100MS__R01ZF_REUSED_R01ZF_PERSON003,R01ZF_REUSED_R01ZF_PERSON003,1,556,556,True,R01ZF_REUSED_R01ZF_PERSON003,"[[-51.31129259505707, -34.91378311121255]]",16.397509483844516,7,-250,100,False,False,False
R01ZF,R01ZF_SARF000014,14,467,FULL_CONTEXT_OFFLINE,R01ZF_SARF000014__FULL_CONTEXT_OFFLINE__R01ZF_REUSED_R01ZF_PERSON001,R01ZF_REUSED_R01ZF_PERSON001,9,222,667,True,R01ZF_REUSED_R01ZF_PERSON001,"[[-37.48025129416156, -4.5289274678187255]]",32.951323826342836,27,-250,250,False,False,False
R01ZF,R01ZF_SARF000014,14,467,FULL_CONTEXT_OFFLINE,R01ZF_SARF000014__FULL_CONTEXT_OFFLINE__R01ZF_REUSED_R01ZF_PERSON002,R01ZF_REUSED_R01ZF_PERSON002,9,222,667,True,R01ZF_REUSED_R01ZF_PERSON002,"[[-31.29859354618582, 1.3457693594394655]]",32.644362905625286,32,-250,250,False,False,False
R01ZF,R01ZF_SARF000014,14,467,FULL_CONTEXT_OFFLINE,R01ZF_SARF000014__FULL_CONTEXT_OFFLINE__R01ZF_REUSED_R01ZF_PERSON003,R01ZF_REUSED_R01ZF_PERSON003,3,556,667,True,R01ZF_REUSED_R01ZF_PERSON003,"[[-51.31129259505707, -31.67282159514518]]",19.63847099991189,8,-250,250,False,False,False
R01ZF,R01ZF_SARF000015,15,500,CAUSAL_REPLAY,R01ZF_SARF000015__CAUSAL_REPLAY__R01ZF_REUSED_R01ZF_PERSON001,R01ZF_REUSED_R01ZF_PERSON001,5,278,500,False,R01ZF_REUSED_R01ZF_PERSON001,"[[-35.47684164569549, -9.831223863411534]]",25.645617782283953,23,-250,0,False,False,False
R01ZF,R01ZF_SARF000015,15,500,CAUSAL_REPLAY,R01ZF_SARF000015__CAUSAL_REPLAY__R01ZF_REUSED_R01ZF_PERSON002,R01ZF_REUSED_R01ZF_PERSON002,5,278,500,False,R01ZF_REUSED_R01ZF_PERSON002,"[[-29.425402147759847, -3.9106829208285987]]",25.51471922693125,22,-250,0,False,False,False
R01ZF,R01ZF_SARF000015,15,500,FIXED_LAG_100MS,R01ZF_SARF000015__FIXED_LAG_100MS__R01ZF_REUSED_R01ZF_PERSON001,R01ZF_REUSED_R01ZF_PERSON001,6,278,556,True,R01ZF_REUSED_R01ZF_PERSON001,"[[-35.47684164569549, -8.05411338475368]]",27.422728260941806,23,-250,100,False,False,False
R01ZF,R01ZF_SARF000015,15,500,FIXED_LAG_100MS,R01ZF_SARF000015__FIXED_LAG_100MS__R01ZF_REUSED_R01ZF_PERSON002,R01ZF_REUSED_R01ZF_PERSON002,6,278,556,True,R01ZF_REUSED_R01ZF_PERSON002,"[[-29.425402147759847, -2.1270070075923186]]",27.29839514016753,22,-250,100,False,False,False
R01ZF,R01ZF_SARF000015,15,500,FIXED_LAG_100MS,R01ZF_SARF000015__FIXED_LAG_100MS__R01ZF_REUSED_R01ZF_PERSON003,R01ZF_REUSED_R01ZF_PERSON003,1,556,556,True,R01ZF_REUSED_R01ZF_PERSON003,"[[-51.31129259505707, -34.91378311121255]]",16.397509483844516,8,-250,100,False,False,False
R01ZF,R01ZF_SARF000015,15,500,FULL_CONTEXT_OFFLINE,R01ZF_SARF000015__FULL_CONTEXT_OFFLINE__R01ZF_REUSED_R01ZF_PERSON001,R01ZF_REUSED_R01ZF_PERSON001,9,278,722,True,R01ZF_REUSED_R01ZF_PERSON001,"[[-35.47684164569549, -2.714250464389039]]",32.76259118130645,25,-250,250,False,False,False
R01ZF,R01ZF_SARF000015,15,500,FULL_CONTEXT_OFFLINE,R01ZF_SARF000015__FULL_CONTEXT_OFFLINE__R01ZF_REUSED_R01ZF_PERSON002,R01ZF_REUSED_R01ZF_PERSON002,9,278,722,True,R01ZF_REUSED_R01ZF_PERSON002,"[[-29.425402147759847, 3.0337793716984294]]",32.45918151945828,27,-250,250,False,False,False
R01ZF,R01ZF_SARF000015,15,500,FULL_CONTEXT_OFFLINE,R01ZF_SARF000015__FULL_CONTEXT_OFFLINE__R01ZF_REUSED_R01ZF_PERSON003,R01ZF_REUSED_R01ZF_PERSON003,4,556,722,True,R01ZF_REUSED_R01ZF_PERSON003,"[[-51.31129259505707, -29.896816205751193]]",21.414476389305875,9,-250,250,False,False,False
R01ZF,R01ZF_SARF000016,16,533,CAUSAL_REPLAY,R01ZF_SARF000016__CAUSAL_REPLAY__R01ZF_REUSED_R01ZF_PERSON001,R01ZF_REUSED_R01ZF_PERSON001,4,333,500,False,R01ZF_REUSED_R01ZF_PERSON001,"[[-33.49385417697982, -9.831223863411534]]",23.66263031356829,19,-250,0,False,False,False
R01ZF,R01ZF_SARF000016,16,533,CAUSAL_REPLAY,R01ZF_SARF000016__CAUSAL_REPLAY__R01ZF_REUSED_R01ZF_PERSON002,R01ZF_REUSED_R01ZF_PERSON002,4,333,500,False,R01ZF_REUSED_R01ZF_PERSON002,"[[-27.53500130331306, -3.9106829208285987]]",23.62431838248446,19,-250,0,False,False,False
R01ZF,R01ZF_SARF000016,16,533,FIXED_LAG_100MS,R01ZF_SARF000016__FIXED_LAG_100MS__R01ZF_REUSED_R01ZF_PERSON001,R01ZF_REUSED_R01ZF_PERSON001,6,333,611,True,R01ZF_REUSED_R01ZF_PERSON001,"[[-33.49385417697982, -6.273015470620898]]",27.220838706358926,22,-250,100,False,False,False
R01ZF,R01ZF_SARF000016,16,533,FIXED_LAG_100MS,R01ZF_SARF000016__FIXED_LAG_100MS__R01ZF_REUSED_R01ZF_PERSON002,R01ZF_REUSED_R01ZF_PERSON002,6,333,611,True,R01ZF_REUSED_R01ZF_PERSON002,"[[-27.53500130331306, -0.3553194411864524]]",27.179681862126607,23,-250,100,False,False,False
R01ZF,R01ZF_SARF000016,16,533,FIXED_LAG_100MS,R01ZF_SARF000016__FIXED_LAG_100MS__R01ZF_REUSED_R01ZF_PERSON003,R01ZF_REUSED_R01ZF_PERSON003,2,556,611,True,R01ZF_REUSED_R01ZF_PERSON003,"[[-51.31129259505707, -33.46634037079409]]",17.844952224262975,8,-250,100,False,False,False
R01ZF,R01ZF_SARF000016,16,533,FULL_CONTEXT_OFFLINE,R01ZF_SARF000016__FULL_CONTEXT_OFFLINE__R01ZF_REUSED_R01ZF_PERSON001,R01ZF_REUSED_R01ZF_PERSON001,9,333,778,True,R01ZF_REUSED_R01ZF_PERSON001,"[[-33.49385417697982, -0.9877983190714446]]",32.50605585790838,25,-250,250,False,False,False
R01ZF,R01ZF_SARF000016,16,533,FULL_CONTEXT_OFFLINE,R01ZF_SARF000016__FULL_CONTEXT_OFFLINE__R01ZF_REUSED_R01ZF_PERSON002,R01ZF_REUSED_R01ZF_PERSON002,9,333,778,True,R01ZF_REUSED_R01ZF_PERSON002,"[[-27.53500130331306, 4.742227838947663]]",32.27722914226072,25,-250,250,False,False,False
R01ZF,R01ZF_SARF000016,16,533,FULL_CONTEXT_OFFLINE,R01ZF_SARF000016__FULL_CONTEXT_OFFLINE__R01ZF_REUSED_R01ZF_PERSON003,R01ZF_REUSED_R01ZF_PERSON003,5,556,778,True,R01ZF_REUSED_R01ZF_PERSON003,"[[-51.31129259505707, -28.10657892674844]]",23.204713668308628,10,-250,250,False,False,False
R01ZF,R01ZF_SARF000017,17,567,CAUSAL_REPLAY,R01ZF_SARF000017__CAUSAL_REPLAY__R01ZF_REUSED_R01ZF_PERSON001,R01ZF_REUSED_R01ZF_PERSON001,5,333,556,False,R01ZF_REUSED_R01ZF_PERSON001,"[[-33.49385417697982, -8.05411338475368]]",25.439740792226143,21,-250,0,False,False,False
R01ZF,R01ZF_SARF000017,17,567,CAUSAL_REPLAY,R01ZF_SARF000017__CAUSAL_REPLAY__R01ZF_REUSED_R01ZF_PERSON002,R01ZF_REUSED_R01ZF_PERSON002,5,333,556,False,R01ZF_REUSED_R01ZF_PERSON002,"[[-27.53500130331306, -2.1270070075923186]]",25.40799429572074,21,-250,0,False,False,False
R01ZF,R01ZF_SARF000017,17,567,CAUSAL_REPLAY,R01ZF_SARF000017__CAUSAL_REPLAY__R01ZF_REUSED_R01ZF_PERSON003,R01ZF_REUSED_R01ZF_PERSON003,1,556,556,False,R01ZF_REUSED_R01ZF_PERSON003,"[[-51.31129259505707, -34.91378311121255]]",16.397509483844516,9,-250,0,False,False,False
R01ZF,R01ZF_SARF000017,17,567,FIXED_LAG_100MS,R01ZF_SARF000017__FIXED_LAG_100MS__R01ZF_REUSED_R01ZF_PERSON001,R01ZF_REUSED_R01ZF_PERSON001,7,333,667,True,R01ZF_REUSED_R01ZF_PERSON001,"[[-33.49385417697982, -4.5289274678187255]]",28.964926709161098,24,-250,100,False,False,False
R01ZF,R01ZF_SARF000017,17,567,FIXED_LAG_100MS,R01ZF_SARF000017__FIXED_LAG_100MS__R01ZF_REUSED_R01ZF_PERSON002,R01ZF_REUSED_R01ZF_PERSON002,7,333,667,True,R01ZF_REUSED_R01ZF_PERSON002,"[[-27.53500130331306, 1.3457693594394655]]",28.880770662752525,26,-250,100,False,False,False
R01ZF,R01ZF_SARF000017,17,567,FIXED_LAG_100MS,R01ZF_SARF000017__FIXED_LAG_100MS__R01ZF_REUSED_R01ZF_PERSON003,R01ZF_REUSED_R01ZF_PERSON003,3,556,667,True,R01ZF_REUSED_R01ZF_PERSON003,"[[-51.31129259505707, -31.67282159514518]]",19.63847099991189,9,-250,100,False,False,False
R01ZF,R01ZF_SARF000017,17,567,FULL_CONTEXT_OFFLINE,R01ZF_SARF000017__FULL_CONTEXT_OFFLINE__R01ZF_REUSED_R01ZF_PERSON001,R01ZF_REUSED_R01ZF_PERSON001,9,333,778,True,R01ZF_REUSED_R01ZF_PERSON001,"[[-33.49385417697982, -0.9877983190714446]]",32.50605585790838,26,-250,250,False,False,False
R01ZF,R01ZF_SARF000017,17,567,FULL_CONTEXT_OFFLINE,R01ZF_SARF000017__FULL_CONTEXT_OFFLINE__R01ZF_REUSED_R01ZF_PERSON002,R01ZF_REUSED_R01ZF_PERSON002,9,333,778,True,R01ZF_REUSED_R01ZF_PERSON002,"[[-27.53500130331306, 4.742227838947663]]",32.27722914226072,27,-250,250,False,False,False
R01ZF,R01ZF_SARF000017,17,567,FULL_CONTEXT_OFFLINE,R01ZF_SARF000017__FULL_CONTEXT_OFFLINE__R01ZF_REUSED_R01ZF_PERSON003,R01ZF_REUSED_R01ZF_PERSON003,5,556,778,True,R01ZF_REUSED_R01ZF_PERSON003,"[[-51.31129259505707, -28.10657892674844]]",23.204713668308628,12,-250,250,False,False,False
R01ZF,R01ZF_SARF000018,18,600,CAUSAL_REPLAY,R01ZF_SARF000018__CAUSAL_REPLAY__R01ZF_REUSED_R01ZF_PERSON001,R01ZF_REUSED_R01ZF_PERSON001,4,389,556,False,R01ZF_REUSED_R01ZF_PERSON001,"[[-31.543675978382623, -8.05411338475368]]",23.489562593628943,19,-250,0,False,False,False
R01ZF,R01ZF_SARF000018,18,600,CAUSAL_REPLAY,R01ZF_SARF000018__CAUSAL_REPLAY__R01ZF_REUSED_R01ZF_PERSON002,R01ZF_REUSED_R01ZF_PERSON002,4,389,556,False,R01ZF_REUSED_R01ZF_PERSON002,"[[-25.70999928328123, -2.1270070075923186]]",23.582992275688913,20,-250,0,False,False,False
R01ZF,R01ZF_SARF000018,18,600,CAUSAL_REPLAY,R01ZF_SARF000018__CAUSAL_REPLAY__R01ZF_REUSED_R01ZF_PERSON003,R01ZF_REUSED_R01ZF_PERSON003,1,556,556,False,R01ZF_REUSED_R01ZF_PERSON003,"[[-51.31129259505707, -34.91378311121255]]",16.397509483844516,8,-250,0,False,False,False
R01ZF,R01ZF_SARF000018,18,600,FIXED_LAG_100MS,R01ZF_SARF000018__FIXED_LAG_100MS__R01ZF_REUSED_R01ZF_PERSON001,R01ZF_REUSED_R01ZF_PERSON001,6,389,667,True,R01ZF_REUSED_R01ZF_PERSON001,"[[-31.543675978382623, -4.5289274678187255]]",27.014748510563898,21,-250,100,False,False,False
R01ZF,R01ZF_SARF000018,18,600,FIXED_LAG_100MS,R01ZF_SARF000018__FIXED_LAG_100MS__R01ZF_REUSED_R01ZF_PERSON002,R01ZF_REUSED_R01ZF_PERSON002,6,389,667,True,R01ZF_REUSED_R01ZF_PERSON002,"[[-25.70999928328123, 1.3457693594394655]]",27.055768642720697,22,-250,100,False,False,False
R01ZF,R01ZF_SARF000018,18,600,FIXED_LAG_100MS,R01ZF_SARF000018__FIXED_LAG_100MS__R01ZF_REUSED_R01ZF_PERSON003,R01ZF_REUSED_R01ZF_PERSON003,3,556,667,True,R01ZF_REUSED_R01ZF_PERSON003,"[[-51.31129259505707, -31.67282159514518]]",19.63847099991189,8,-250,100,False,False,False
R01ZF,R01ZF_SARF000018,18,600,FULL_CONTEXT_OFFLINE,R01ZF_SARF000018__FULL_CONTEXT_OFFLINE__R01ZF_REUSED_R01ZF_PERSON001,R01ZF_REUSED_R01ZF_PERSON001,9,389,833,True,R01ZF_REUSED_R01ZF_PERSON001,"[[-31.543675978382623, 0.7690885378485461]]",32.31276451623117,23,-250,250,False,False,False
R01ZF,R01ZF_SARF000018,18,600,FULL_CONTEXT_OFFLINE,R01ZF_SARF000018__FULL_CONTEXT_OFFLINE__R01ZF_REUSED_R01ZF_PERSON002,R01ZF_REUSED_R01ZF_PERSON002,9,389,833,True,R01ZF_REUSED_R01ZF_PERSON002,"[[-25.70999928328123, 6.4031753707472845]]",32.11317465402851,23,-250,250,False,False,False
R01ZF,R01ZF_SARF000018,18,600,FULL_CONTEXT_OFFLINE,R01ZF_SARF000018__FULL_CONTEXT_OFFLINE__R01ZF_REUSED_R01ZF_PERSON003,R01ZF_REUSED_R01ZF_PERSON003,6,556,833,True,R01ZF_REUSED_R01ZF_PERSON003,"[[-51.31129259505707, -26.320616341330748]]",24.99067625372632,10,-250,250,False,False,False
R01ZF,R01ZF_SARF000019,19,633,CAUSAL_REPLAY,R01ZF_SARF000019__CAUSAL_REPLAY__R01ZF_REUSED_R01ZF_PERSON001,R01ZF_REUSED_R01ZF_PERSON001,5,389,611,False,R01ZF_REUSED_R01ZF_PERSON001,"[[-31.543675978382623, -6.273015470620898]]",25.270660507761725,20,-250,0,False,False,False
R01ZF,R01ZF_SARF000019,19,633,CAUSAL_REPLAY,R01ZF_SARF000019__CAUSAL_REPLAY__R01ZF_REUSED_R01ZF_PERSON002,R01ZF_REUSED_R01ZF_PERSON002,5,389,611,False,R01ZF_REUSED_R01ZF_PERSON002,"[[-25.70999928328123, -0.3553194411864524]]",25.35467984209478,23,-250,0,False,False,False
R01ZF,R01ZF_SARF000019,19,633,CAUSAL_REPLAY,R01ZF_SARF000019__CAUSAL_REPLAY__R01ZF_REUSED_R01ZF_PERSON003,R01ZF_REUSED_R01ZF_PERSON003,2,556,611,False,R01ZF_REUSED_R01ZF_PERSON003,"[[-51.31129259505707, -33.46634037079409]]",17.844952224262975,9,-250,0,False,False,False
R01ZF,R01ZF_SARF000019,19,633,FIXED_LAG_100MS,R01ZF_SARF000019__FIXED_LAG_100MS__R01ZF_REUSED_R01ZF_PERSON001,R01ZF_REUSED_R01ZF_PERSON001,7,389,722,True,R01ZF_REUSED_R01ZF_PERSON001,"[[-31.543675978382623, -2.714250464389039]]",28.829425513993584,22,-250,100,False,False,False
R01ZF,R01ZF_SARF000019,19,633,FIXED_LAG_100MS,R01ZF_SARF000019__FIXED_LAG_100MS__R01ZF_REUSED_R01ZF_PERSON002,R01ZF_REUSED_R01ZF_PERSON002,7,389,722,True,R01ZF_REUSED_R01ZF_PERSON002,"[[-25.70999928328123, 3.0337793716984294]]",28.74377865497966,25,-250,100,False,False,False
R01ZF,R01ZF_SARF000019,19,633,FIXED_LAG_100MS,R01ZF_SARF000019__FIXED_LAG_100MS__R01ZF_REUSED_R01ZF_PERSON003,R01ZF_REUSED_R01ZF_PERSON003,4,556,722,True,R01ZF_REUSED_R01ZF_PERSON003,"[[-51.31129259505707, -29.896816205751193]]",21.414476389305875,10,-250,100,False,False,False
R01ZF,R01ZF_SARF000019,19,633,FULL_CONTEXT_OFFLINE,R01ZF_SARF000019__FULL_CONTEXT_OFFLINE__R01ZF_REUSED_R01ZF_PERSON001,R01ZF_REUSED_R01ZF_PERSON001,9,389,833,True,R01ZF_REUSED_R01ZF_PERSON001,"[[-31.543675978382623, 0.7690885378485461]]",32.31276451623117,25,-250,250,False,False,False
R01ZF,R01ZF_SARF000019,19,633,FULL_CONTEXT_OFFLINE,R01ZF_SARF000019__FULL_CONTEXT_OFFLINE__R01ZF_REUSED_R01ZF_PERSON002,R01ZF_REUSED_R01ZF_PERSON002,9,389,833,True,R01ZF_REUSED_R01ZF_PERSON002,"[[-25.70999928328123, 6.4031753707472845]]",32.11317465402851,26,-250,250,False,False,False
R01ZF,R01ZF_SARF000019,19,633,FULL_CONTEXT_OFFLINE,R01ZF_SARF000019__FULL_CONTEXT_OFFLINE__R01ZF_REUSED_R01ZF_PERSON003,R01ZF_REUSED_R01ZF_PERSON003,6,556,833,True,R01ZF_REUSED_R01ZF_PERSON003,"[[-51.31129259505707, -26.320616341330748]]",24.99067625372632,10,-250,250,False,False,False
R01ZF,R01ZF_SARF000020,20,667,CAUSAL_REPLAY,R01ZF_SARF000020__CAUSAL_REPLAY__R01ZF_REUSED_R01ZF_PERSON001,R01ZF_REUSED_R01ZF_PERSON001,5,444,667,False,R01ZF_REUSED_R01ZF_PERSON001,"[[-29.61594134519011, -4.5289274678187255]]",25.087013877371383,21,-250,0,False,False,False
R01ZF,R01ZF_SARF000020,20,667,CAUSAL_REPLAY,R01ZF_SARF000020__CAUSAL_REPLAY__R01ZF_REUSED_R01ZF_PERSON002,R01ZF_REUSED_R01ZF_PERSON002,5,444,667,False,R01ZF_REUSED_R01ZF_PERSON002,"[[-23.864168202332102, 1.3457693594394655]]",25.209937561771568,21,-250,0,False,False,False
R01ZF,R01ZF_SARF000020,20,667,CAUSAL_REPLAY,R01ZF_SARF000020__CAUSAL_REPLAY__R01ZF_REUSED_R01ZF_PERSON003,R01ZF_REUSED_R01ZF_PERSON003,3,556,667,False,R01ZF_REUSED_R01ZF_PERSON003,"[[-51.31129259505707, -31.67282159514518]]",19.63847099991189,7,-250,0,False,False,False
R01ZF,R01ZF_SARF000020,20,667,FIXED_LAG_100MS,R01ZF_SARF000020__FIXED_LAG_100MS__R01ZF_REUSED_R01ZF_PERSON001,R01ZF_REUSED_R01ZF_PERSON001,6,444,722,True,R01ZF_REUSED_R01ZF_PERSON001,"[[-29.61594134519011, -2.714250464389039]]",26.90169088080107,21,-250,100,False,False,False
R01ZF,R01ZF_SARF000020,20,667,FIXED_LAG_100MS,R01ZF_SARF000020__FIXED_LAG_100MS__R01ZF_REUSED_R01ZF_PERSON002,R01ZF_REUSED_R01ZF_PERSON002,6,444,722,True,R01ZF_REUSED_R01ZF_PERSON002,"[[-23.864168202332102, 3.0337793716984294]]",26.897947574030532,22,-250,100,False,False,False
R01ZF,R01ZF_SARF000020,20,667,FIXED_LAG_100MS,R01ZF_SARF000020__FIXED_LAG_100MS__R01ZF_REUSED_R01ZF_PERSON003,R01ZF_REUSED_R01ZF_PERSON003,4,556,722,True,R01ZF_REUSED_R01ZF_PERSON003,"[[-51.31129259505707, -29.896816205751193]]",21.414476389305875,9,-250,100,False,False,False
R01ZF,R01ZF_SARF000020,20,667,FULL_CONTEXT_OFFLINE,R01ZF_SARF000020__FULL_CONTEXT_OFFLINE__R01ZF_REUSED_R01ZF_PERSON001,R01ZF_REUSED_R01ZF_PERSON001,9,444,889,True,R01ZF_REUSED_R01ZF_PERSON001,"[[-29.61594134519011, 2.529634070264123]]",32.14557541545423,25,-250,250,False,False,False
R01ZF,R01ZF_SARF000020,20,667,FULL_CONTEXT_OFFLINE,R01ZF_SARF000020__FULL_CONTEXT_OFFLINE__R01ZF_REUSED_R01ZF_PERSON002,R01ZF_REUSED_R01ZF_PERSON002,9,444,889,True,R01ZF_REUSED_R01ZF_PERSON002,"[[-23.864168202332102, 8.234856752087154]]",32.09902495441926,25,-250,250,False,False,False
R01ZF,R01ZF_SARF000020,20,667,FULL_CONTEXT_OFFLINE,R01ZF_SARF000020__FULL_CONTEXT_OFFLINE__R01ZF_REUSED_R01ZF_PERSON003,R01ZF_REUSED_R01ZF_PERSON003,7,556,889,True,R01ZF_REUSED_R01ZF_PERSON003,"[[-51.31129259505707, -24.363590332625208]]",26.94770226243186,10,-250,250,False,False,False
R01ZF,R01ZF_SARF000021,21,700,CAUSAL_REPLAY,R01ZF_SARF000021__CAUSAL_REPLAY__R01ZF_REUSED_R01ZF_PERSON001,R01ZF_REUSED_R01ZF_PERSON001,4,500,667,False,R01ZF_REUSED_R01ZF_PERSON001,"[[-27.670460182835107, -4.5289274678187255]]",23.141532715016382,15,-250,0,False,False,False
R01ZF,R01ZF_SARF000021,21,700,CAUSAL_REPLAY,R01ZF_SARF000021__CAUSAL_REPLAY__R01ZF_REUSED_R01ZF_PERSON002,R01ZF_REUSED_R01ZF_PERSON002,4,500,667,False,R01ZF_REUSED_R01ZF_PERSON002,"[[-22.054953171740177, 1.3457693594394655]]",23.400722531179643,18,-250,0,False,False,False
R01ZF,R01ZF_SARF000021,21,700,CAUSAL_REPLAY,R01ZF_SARF000021__CAUSAL_REPLAY__R01ZF_REUSED_R01ZF_PERSON003,R01ZF_REUSED_R01ZF_PERSON003,3,556,667,False,R01ZF_REUSED_R01ZF_PERSON003,"[[-51.31129259505707, -31.67282159514518]]",19.63847099991189,7,-250,0,False,False,False
R01ZF,R01ZF_SARF000021,21,700,FIXED_LAG_100MS,R01ZF_SARF000021__FIXED_LAG_100MS__R01ZF_REUSED_R01ZF_PERSON001,R01ZF_REUSED_R01ZF_PERSON001,6,500,778,True,R01ZF_REUSED_R01ZF_PERSON001,"[[-27.670460182835107, -0.9877983190714446]]",26.682661863763663,15,-250,100,False,False,False
R01ZF,R01ZF_SARF000021,21,700,FIXED_LAG_100MS,R01ZF_SARF000021__FIXED_LAG_100MS__R01ZF_REUSED_R01ZF_PERSON002,R01ZF_REUSED_R01ZF_PERSON002,6,500,778,True,R01ZF_REUSED_R01ZF_PERSON002,"[[-22.054953171740177, 4.742227838947663]]",26.79718101068784,20,-250,100,False,False,False
R01ZF,R01ZF_SARF000021,21,700,FIXED_LAG_100MS,R01ZF_SARF000021__FIXED_LAG_100MS__R01ZF_REUSED_R01ZF_PERSON003,R01ZF_REUSED_R01ZF_PERSON003,5,556,778,True,R01ZF_REUSED_R01ZF_PERSON003,"[[-51.31129259505707, -28.10657892674844]]",23.204713668308628,9,-250,100,False,False,False
R01ZF,R01ZF_SARF000021,21,700,FULL_CONTEXT_OFFLINE,R01ZF_SARF000021__FULL_CONTEXT_OFFLINE__R01ZF_REUSED_R01ZF_PERSON001,R01ZF_REUSED_R01ZF_PERSON001,9,500,944,True,R01ZF_REUSED_R01ZF_PERSON001,"[[-27.670460182835107, 4.211176299423755]]",31.881636482258862,21,-250,250,False,False,False
R01ZF,R01ZF_SARF000021,21,700,FULL_CONTEXT_OFFLINE,R01ZF_SARF000021__FULL_CONTEXT_OFFLINE__R01ZF_REUSED_R01ZF_PERSON002,R01ZF_REUSED_R01ZF_PERSON002,9,500,944,True,R01ZF_REUSED_R01ZF_PERSON002,"[[-22.054953171740177, 9.917499187933089]]",31.972452359673266,23,-250,250,False,False,False
R01ZF,R01ZF_SARF000021,21,700,FULL_CONTEXT_OFFLINE,R01ZF_SARF000021__FULL_CONTEXT_OFFLINE__R01ZF_REUSED_R01ZF_PERSON003,R01ZF_REUSED_R01ZF_PERSON003,8,556,944,True,R01ZF_REUSED_R01ZF_PERSON003,"[[-51.31129259505707, -22.468285756305075]]",28.843006838751993,12,-250,250,False,False,False
R01ZF,R01ZF_SARF000022,22,733,CAUSAL_REPLAY,R01ZF_SARF000022__CAUSAL_REPLAY__R01ZF_REUSED_R01ZF_PERSON001,R01ZF_REUSED_R01ZF_PERSON001,5,500,722,False,R01ZF_REUSED_R01ZF_PERSON001,"[[-27.670460182835107, -2.714250464389039]]",24.95620971844607,18,-250,0,False,False,False
R01ZF,R01ZF_SARF000022,22,733,CAUSAL_REPLAY,R01ZF_SARF000022__CAUSAL_REPLAY__R01ZF_REUSED_R01ZF_PERSON002,R01ZF_REUSED_R01ZF_PERSON002,5,500,722,False,R01ZF_REUSED_R01ZF_PERSON002,"[[-22.054953171740177, 3.0337793716984294]]",25.088732543438606,20,-250,0,False,False,False
R01ZF,R01ZF_SARF000022,22,733,CAUSAL_REPLAY,R01ZF_SARF000022__CAUSAL_REPLAY__R01ZF_REUSED_R01ZF_PERSON003,R01ZF_REUSED_R01ZF_PERSON003,4,556,722,False,R01ZF_REUSED_R01ZF_PERSON003,"[[-51.31129259505707, -29.896816205751193]]",21.414476389305875,10,-250,0,False,False,False
R01ZF,R01ZF_SARF000022,22,733,FIXED_LAG_100MS,R01ZF_SARF000022__FIXED_LAG_100MS__R01ZF_REUSED_R01ZF_PERSON001,R01ZF_REUSED_R01ZF_PERSON001,7,500,833,True,R01ZF_REUSED_R01ZF_PERSON001,"[[-27.670460182835107, 0.7690885378485461]]",28.439548720683653,20,-250,100,False,False,False
R01ZF,R01ZF_SARF000022,22,733,FIXED_LAG_100MS,R01ZF_SARF000022__FIXED_LAG_100MS__R01ZF_REUSED_R01ZF_PERSON002,R01ZF_REUSED_R01ZF_PERSON002,7,500,833,True,R01ZF_REUSED_R01ZF_PERSON002,"[[-22.054953171740177, 6.4031753707472845]]",28.45812854248746,22,-250,100,False,False,False
R01ZF,R01ZF_SARF000022,22,733,FIXED_LAG_100MS,R01ZF_SARF000022__FIXED_LAG_100MS__R01ZF_REUSED_R01ZF_PERSON003,R01ZF_REUSED_R01ZF_PERSON003,6,556,833,True,R01ZF_REUSED_R01ZF_PERSON003,"[[-51.31129259505707, -26.320616341330748]]",24.99067625372632,10,-250,100,False,False,False
R01ZF,R01ZF_SARF000022,22,733,FULL_CONTEXT_OFFLINE,R01ZF_SARF000022__FULL_CONTEXT_OFFLINE__R01ZF_REUSED_R01ZF_PERSON001,R01ZF_REUSED_R01ZF_PERSON001,9,500,944,True,R01ZF_REUSED_R01ZF_PERSON001,"[[-27.670460182835107, 4.211176299423755]]",31.881636482258862,22,-250,250,False,False,False
R01ZF,R01ZF_SARF000022,22,733,FULL_CONTEXT_OFFLINE,R01ZF_SARF000022__FULL_CONTEXT_OFFLINE__R01ZF_REUSED_R01ZF_PERSON002,R01ZF_REUSED_R01ZF_PERSON002,9,500,944,True,R01ZF_REUSED_R01ZF_PERSON002,"[[-22.054953171740177, 9.917499187933089]]",31.972452359673266,24,-250,250,False,False,False
R01ZF,R01ZF_SARF000022,22,733,FULL_CONTEXT_OFFLINE,R01ZF_SARF000022__FULL_CONTEXT_OFFLINE__R01ZF_REUSED_R01ZF_PERSON003,R01ZF_REUSED_R01ZF_PERSON003,8,556,944,True,R01ZF_REUSED_R01ZF_PERSON003,"[[-51.31129259505707, -22.468285756305075]]",28.843006838751993,12,-250,250,False,False,False
R01ZF,R01ZF_SARF000023,23,767,CAUSAL_REPLAY,R01ZF_SARF000023__CAUSAL_REPLAY__R01ZF_REUSED_R01ZF_PERSON001,R01ZF_REUSED_R01ZF_PERSON001,4,556,722,False,R01ZF_REUSED_R01ZF_PERSON001,"[[-25.776737560509336, -2.714250464389039]]",23.062487096120297,19,-250,0,False,False,False
R01ZF,R01ZF_SARF000023,23,767,CAUSAL_REPLAY,R01ZF_SARF000023__CAUSAL_REPLAY__R01ZF_REUSED_R01ZF_PERSON002,R01ZF_REUSED_R01ZF_PERSON002,4,556,722,False,R01ZF_REUSED_R01ZF_PERSON002,"[[-20.25748235927694, 3.0337793716984294]]",23.291261730975368,21,-250,0,False,False,False
R01ZF,R01ZF_SARF000023,23,767,CAUSAL_REPLAY,R01ZF_SARF000023__CAUSAL_REPLAY__R01ZF_REUSED_R01ZF_PERSON003,R01ZF_REUSED_R01ZF_PERSON003,4,556,722,False,R01ZF_REUSED_R01ZF_PERSON003,"[[-51.31129259505707, -29.896816205751193]]",21.414476389305875,10,-250,0,False,False,False
R01ZF,R01ZF_SARF000023,23,767,FIXED_LAG_100MS,R01ZF_SARF000023__FIXED_LAG_100MS__R01ZF_REUSED_R01ZF_PERSON001,R01ZF_REUSED_R01ZF_PERSON001,6,556,833,True,R01ZF_REUSED_R01ZF_PERSON001,"[[-25.776737560509336, 0.7690885378485461]]",26.54582609835788,22,-250,100,False,False,False
R01ZF,R01ZF_SARF000023,23,767,FIXED_LAG_100MS,R01ZF_SARF000023__FIXED_LAG_100MS__R01ZF_REUSED_R01ZF_PERSON002,R01ZF_REUSED_R01ZF_PERSON002,6,556,833,True,R01ZF_REUSED_R01ZF_PERSON002,"[[-20.25748235927694, 6.4031753707472845]]",26.660657730024223,22,-250,100,False,False,False
R01ZF,R01ZF_SARF000023,23,767,FIXED_LAG_100MS,R01ZF_SARF000023__FIXED_LAG_100MS__R01ZF_REUSED_R01ZF_PERSON003,R01ZF_REUSED_R01ZF_PERSON003,6,556,833,True,R01ZF_REUSED_R01ZF_PERSON003,"[[-51.31129259505707, -26.320616341330748]]",24.99067625372632,11,-250,100,False,False,False
R01ZF,R01ZF_SARF000023,23,767,FULL_CONTEXT_OFFLINE,R01ZF_SARF000023__FULL_CONTEXT_OFFLINE__R01ZF_REUSED_R01ZF_PERSON001,R01ZF_REUSED_R01ZF_PERSON001,9,556,1000,True,R01ZF_REUSED_R01ZF_PERSON001,"[[-25.776737560509336, 5.929048134598716]]",31.70578569510805,24,-250,250,False,False,False
R01ZF,R01ZF_SARF000023,23,767,FULL_CONTEXT_OFFLINE,R01ZF_SARF000023__FULL_CONTEXT_OFFLINE__R01ZF_REUSED_R01ZF_PERSON002,R01ZF_REUSED_R01ZF_PERSON002,9,556,1000,True,R01ZF_REUSED_R01ZF_PERSON002,"[[-20.25748235927694, 11.557969204146005]]",31.815451563422943,27,-250,250,False,False,False
R01ZF,R01ZF_SARF000023,23,767,FULL_CONTEXT_OFFLINE,R01ZF_SARF000023__FULL_CONTEXT_OFFLINE__R01ZF_REUSED_R01ZF_PERSON003,R01ZF_REUSED_R01ZF_PERSON003,9,556,1000,True,R01ZF_REUSED_R01ZF_PERSON003,"[[-51.31129259505707, -20.721566046088963]]",30.589726548968105,14,-250,250,False,False,False
R01ZF,R01ZF_SARF000024,24,800,CAUSAL_REPLAY,R01ZF_SARF000024__CAUSAL_REPLAY__R01ZF_REUSED_R01ZF_PERSON001,R01ZF_REUSED_R01ZF_PERSON001,5,556,778,False,R01ZF_REUSED_R01ZF_PERSON001,"[[-25.776737560509336, -0.9877983190714446]]",24.78893924143789,22,-250,0,False,False,False
R01ZF,R01ZF_SARF000024,24,800,CAUSAL_REPLAY,R01ZF_SARF000024__CAUSAL_REPLAY__R01ZF_REUSED_R01ZF_PERSON002,R01ZF_REUSED_R01ZF_PERSON002,5,556,778,False,R01ZF_REUSED_R01ZF_PERSON002,"[[-20.25748235927694, 4.742227838947663]]",24.9997101982246,24,-250,0,False,False,False
R01ZF,R01ZF_SARF000024,24,800,CAUSAL_REPLAY,R01ZF_SARF000024__CAUSAL_REPLAY__R01ZF_REUSED_R01ZF_PERSON003,R01ZF_REUSED_R01ZF_PERSON003,5,556,778,False,R01ZF_REUSED_R01ZF_PERSON003,"[[-51.31129259505707, -28.10657892674844]]",23.204713668308628,11,-250,0,False,False,False
R01ZF,R01ZF_SARF000024,24,800,FIXED_LAG_100MS,R01ZF_SARF000024__FIXED_LAG_100MS__R01ZF_REUSED_R01ZF_PERSON001,R01ZF_REUSED_R01ZF_PERSON001,7,556,889,True,R01ZF_REUSED_R01ZF_PERSON001,"[[-25.776737560509336, 2.529634070264123]]",28.30637163077346,23,-250,100,False,False,False
R01ZF,R01ZF_SARF000024,24,800,FIXED_LAG_100MS,R01ZF_SARF000024__FIXED_LAG_100MS__R01ZF_REUSED_R01ZF_PERSON002,R01ZF_REUSED_R01ZF_PERSON002,7,556,889,True,R01ZF_REUSED_R01ZF_PERSON002,"[[-20.25748235927694, 8.234856752087154]]",28.492339111364092,26,-250,100,False,False,False
R01ZF,R01ZF_SARF000024,24,800,FIXED_LAG_100MS,R01ZF_SARF000024__FIXED_LAG_100MS__R01ZF_REUSED_R01ZF_PERSON003,R01ZF_REUSED_R01ZF_PERSON003,7,556,889,True,R01ZF_REUSED_R01ZF_PERSON003,"[[-51.31129259505707, -24.363590332625208]]",26.94770226243186,12,-250,100,False,False,False
R01ZF,R01ZF_SARF000024,24,800,FULL_CONTEXT_OFFLINE,R01ZF_SARF000024__FULL_CONTEXT_OFFLINE__R01ZF_REUSED_R01ZF_PERSON001,R01ZF_REUSED_R01ZF_PERSON001,9,556,1000,True,R01ZF_REUSED_R01ZF_PERSON001,"[[-25.776737560509336, 5.929048134598716]]",31.70578569510805,25,-250,250,False,False,False
R01ZF,R01ZF_SARF000024,24,800,FULL_CONTEXT_OFFLINE,R01ZF_SARF000024__FULL_CONTEXT_OFFLINE__R01ZF_REUSED_R01ZF_PERSON002,R01ZF_REUSED_R01ZF_PERSON002,9,556,1000,True,R01ZF_REUSED_R01ZF_PERSON002,"[[-20.25748235927694, 11.557969204146005]]",31.815451563422943,29,-250,250,False,False,False
R01ZF,R01ZF_SARF000024,24,800,FULL_CONTEXT_OFFLINE,R01ZF_SARF000024__FULL_CONTEXT_OFFLINE__R01ZF_REUSED_R01ZF_PERSON003,R01ZF_REUSED_R01ZF_PERSON003,9,556,1000,True,R01ZF_REUSED_R01ZF_PERSON003,"[[-51.31129259505707, -20.721566046088963]]",30.589726548968105,16,-250,250,False,False,False
R01ZF,R01ZF_SARF000025,25,833,CAUSAL_REPLAY,R01ZF_SARF000025__CAUSAL_REPLAY__R01ZF_REUSED_R01ZF_PERSON001,R01ZF_REUSED_R01ZF_PERSON001,5,611,833,False,R01ZF_REUSED_R01ZF_PERSON001,"[[-23.924731650903478, 0.7690885378485461]]",24.693820188752024,22,-250,0,False,False,False
R01ZF,R01ZF_SARF000025,25,833,CAUSAL_REPLAY,R01ZF_SARF000025__CAUSAL_REPLAY__R01ZF_REUSED_R01ZF_PERSON002,R01ZF_REUSED_R01ZF_PERSON002,5,611,833,False,R01ZF_REUSED_R01ZF_PERSON002,"[[-18.43532199734456, 6.4031753707472845]]",24.838497368091843,22,-250,0,False,False,False
R01ZF,R01ZF_SARF000025,25,833,CAUSAL_REPLAY,R01ZF_SARF000025__CAUSAL_REPLAY__R01ZF_REUSED_R01ZF_PERSON003,R01ZF_REUSED_R01ZF_PERSON003,5,611,833,False,R01ZF_REUSED_R01ZF_PERSON003,"[[-51.15983345678501, -26.320616341330748]]",24.83921711545426,12,-250,0,False,False,False
R01ZF,R01ZF_SARF000025,25,833,FIXED_LAG_100MS,R01ZF_SARF000025__FIXED_LAG_100MS__R01ZF_REUSED_R01ZF_PERSON001,R01ZF_REUSED_R01ZF_PERSON001,6,611,889,True,R01ZF_REUSED_R01ZF_PERSON001,"[[-23.924731650903478, 2.529634070264123]]",26.4543657211676,24,-250,100,False,False,False
R01ZF,R01ZF_SARF000025,25,833,FIXED_LAG_100MS,R01ZF_SARF000025__FIXED_LAG_100MS__R01ZF_REUSED_R01ZF_PERSON002,R01ZF_REUSED_R01ZF_PERSON002,6,611,889,True,R01ZF_REUSED_R01ZF_PERSON002,"[[-18.43532199734456, 8.234856752087154]]",26.670178749431713,23,-250,100,False,False,False
R01ZF,R01ZF_SARF000025,25,833,FIXED_LAG_100MS,R01ZF_SARF000025__FIXED_LAG_100MS__R01ZF_REUSED_R01ZF_PERSON003,R01ZF_REUSED_R01ZF_PERSON003,6,611,889,True,R01ZF_REUSED_R01ZF_PERSON003,"[[-51.15983345678501, -24.363590332625208]]",26.7962431241598,12,-250,100,False,False,False
R01ZF,R01ZF_SARF000025,25,833,FULL_CONTEXT_OFFLINE,R01ZF_SARF000025__FULL_CONTEXT_OFFLINE__R01ZF_REUSED_R01ZF_PERSON001,R01ZF_REUSED_R01ZF_PERSON001,9,611,1056,True,R01ZF_REUSED_R01ZF_PERSON001,"[[-23.924731650903478, 7.713863315115077]]",31.638594966018555,26,-250,250,False,False,False
R01ZF,R01ZF_SARF000025,25,833,FULL_CONTEXT_OFFLINE,R01ZF_SARF000025__FULL_CONTEXT_OFFLINE__R01ZF_REUSED_R01ZF_PERSON002,R01ZF_REUSED_R01ZF_PERSON002,9,611,1056,True,R01ZF_REUSED_R01ZF_PERSON002,"[[-18.43532199734456, 13.123927885237222]]",31.55924988258178,26,-250,250,False,False,False
R01ZF,R01ZF_SARF000025,25,833,FULL_CONTEXT_OFFLINE,R01ZF_SARF000025__FULL_CONTEXT_OFFLINE__R01ZF_REUSED_R01ZF_PERSON003,R01ZF_REUSED_R01ZF_PERSON003,9,611,1056,True,R01ZF_REUSED_R01ZF_PERSON003,"[[-51.15983345678501, -19.0170545610506]]",32.14277889573441,17,-250,250,False,False,False
R01ZF,R01ZF_SARF000026,26,867,CAUSAL_REPLAY,R01ZF_SARF000026__CAUSAL_REPLAY__R01ZF_REUSED_R01ZF_PERSON001,R01ZF_REUSED_R01ZF_PERSON001,4,667,833,False,R01ZF_REUSED_R01ZF_PERSON001,"[[-22.082826159494925, 0.7690885378485461]]",22.85191469734347,18,-250,0,False,False,False
R01ZF,R01ZF_SARF000026,26,867,CAUSAL_REPLAY,R01ZF_SARF000026__CAUSAL_REPLAY__R01ZF_REUSED_R01ZF_PERSON002,R01ZF_REUSED_R01ZF_PERSON002,4,667,833,False,R01ZF_REUSED_R01ZF_PERSON002,"[[-16.68170320998778, 6.4031753707472845]]",23.084878580735065,18,-250,0,False,False,False
R01ZF,R01ZF_SARF000026,26,867,CAUSAL_REPLAY,R01ZF_SARF000026__CAUSAL_REPLAY__R01ZF_REUSED_R01ZF_PERSON003,R01ZF_REUSED_R01ZF_PERSON003,4,667,833,False,R01ZF_REUSED_R01ZF_PERSON003,"[[-51.14409582711323, -26.320616341330748]]",24.823479485782485,11,-250,0,False,False,False
R01ZF,R01ZF_SARF000026,26,867,FIXED_LAG_100MS,R01ZF_SARF000026__FIXED_LAG_100MS__R01ZF_REUSED_R01ZF_PERSON001,R01ZF_REUSED_R01ZF_PERSON001,6,667,944,True,R01ZF_REUSED_R01ZF_PERSON001,"[[-22.082826159494925, 4.211176299423755]]",26.29400245891868,20,-250,100,False,False,False
R01ZF,R01ZF_SARF000026,26,867,FIXED_LAG_100MS,R01ZF_SARF000026__FIXED_LAG_100MS__R01ZF_REUSED_R01ZF_PERSON002,R01ZF_REUSED_R01ZF_PERSON002,6,667,944,True,R01ZF_REUSED_R01ZF_PERSON002,"[[-16.68170320998778, 9.917499187933089]]",26.59920239792087,20,-250,100,False,False,False
R01ZF,R01ZF_SARF000026,26,867,FIXED_LAG_100MS,R01ZF_SARF000026__FIXED_LAG_100MS__R01ZF_REUSED_R01ZF_PERSON003,R01ZF_REUSED_R01ZF_PERSON003,6,667,944,True,R01ZF_REUSED_R01ZF_PERSON003,"[[-51.14409582711323, -22.468285756305075]]",28.675810070808158,11,-250,100,False,False,False
R01ZF,R01ZF_SARF000026,26,867,FULL_CONTEXT_OFFLINE,R01ZF_SARF000026__FULL_CONTEXT_OFFLINE__R01ZF_REUSED_R01ZF_PERSON001,R01ZF_REUSED_R01ZF_PERSON001,9,667,1111,True,R01ZF_REUSED_R01ZF_PERSON001,"[[-22.082826159494925, 9.397755689918988]]",31.480581849413912,23,-250,250,False,False,False
R01ZF,R01ZF_SARF000026,26,867,FULL_CONTEXT_OFFLINE,R01ZF_SARF000026__FULL_CONTEXT_OFFLINE__R01ZF_REUSED_R01ZF_PERSON002,R01ZF_REUSED_R01ZF_PERSON002,9,667,1111,True,R01ZF_REUSED_R01ZF_PERSON002,"[[-16.68170320998778, 14.730490052165898]]",31.41219326215368,22,-250,250,False,False,False
R01ZF,R01ZF_SARF000026,26,867,FULL_CONTEXT_OFFLINE,R01ZF_SARF000026__FULL_CONTEXT_OFFLINE__R01ZF_REUSED_R01ZF_PERSON003,R01ZF_REUSED_R01ZF_PERSON003,9,667,1111,True,R01ZF_REUSED_R01ZF_PERSON003,"[[-51.14409582711323, -17.322443308671133]]",33.8216525184421,17,-250,250,False,False,False
R01ZF,R01ZF_SARF000027,27,900,CAUSAL_REPLAY,R01ZF_SARF000027__CAUSAL_REPLAY__R01ZF_REUSED_R01ZF_PERSON001,R01ZF_REUSED_R01ZF_PERSON001,5,667,889,False,R01ZF_REUSED_R01ZF_PERSON001,"[[-22.082826159494925, 2.529634070264123]]",24.612460229759048,21,-250,0,False,False,False
R01ZF,R01ZF_SARF000027,27,900,CAUSAL_REPLAY,R01ZF_SARF000027__CAUSAL_REPLAY__R01ZF_REUSED_R01ZF_PERSON002,R01ZF_REUSED_R01ZF_PERSON002,5,667,889,False,R01ZF_REUSED_R01ZF_PERSON002,"[[-16.68170320998778, 8.234856752087154]]",24.916559962074935,20,-250,0,False,False,False
R01ZF,R01ZF_SARF000027,27,900,CAUSAL_REPLAY,R01ZF_SARF000027__CAUSAL_REPLAY__R01ZF_REUSED_R01ZF_PERSON003,R01ZF_REUSED_R01ZF_PERSON003,5,667,889,False,R01ZF_REUSED_R01ZF_PERSON003,"[[-51.14409582711323, -24.363590332625208]]",26.780505494488025,11,-250,0,False,False,False
R01ZF,R01ZF_SARF000027,27,900,FIXED_LAG_100MS,R01ZF_SARF000027__FIXED_LAG_100MS__R01ZF_REUSED_R01ZF_PERSON001,R01ZF_REUSED_R01ZF_PERSON001,7,667,1000,True,R01ZF_REUSED_R01ZF_PERSON001,"[[-22.082826159494925, 5.929048134598716]]",28.01187429409364,23,-250,100,False,False,False
R01ZF,R01ZF_SARF000027,27,900,FIXED_LAG_100MS,R01ZF_SARF000027__FIXED_LAG_100MS__R01ZF_REUSED_R01ZF_PERSON002,R01ZF_REUSED_R01ZF_PERSON002,7,667,1000,True,R01ZF_REUSED_R01ZF_PERSON002,"[[-16.68170320998778, 11.557969204146005]]",28.239672414133786,22,-250,100,False,False,False
R01ZF,R01ZF_SARF000027,27,900,FIXED_LAG_100MS,R01ZF_SARF000027__FIXED_LAG_100MS__R01ZF_REUSED_R01ZF_PERSON003,R01ZF_REUSED_R01ZF_PERSON003,7,667,1000,True,R01ZF_REUSED_R01ZF_PERSON003,"[[-51.14409582711323, -20.721566046088963]]",30.42252978102427,12,-250,100,False,False,False
R01ZF,R01ZF_SARF000027,27,900,FULL_CONTEXT_OFFLINE,R01ZF_SARF000027__FULL_CONTEXT_OFFLINE__R01ZF_REUSED_R01ZF_PERSON001,R01ZF_REUSED_R01ZF_PERSON001,9,667,1111,True,R01ZF_REUSED_R01ZF_PERSON001,"[[-22.082826159494925, 9.397755689918988]]",31.480581849413912,23,-250,250,False,False,False
R01ZF,R01ZF_SARF000027,27,900,FULL_CONTEXT_OFFLINE,R01ZF_SARF000027__FULL_CONTEXT_OFFLINE__R01ZF_REUSED_R01ZF_PERSON002,R01ZF_REUSED_R01ZF_PERSON002,9,667,1111,True,R01ZF_REUSED_R01ZF_PERSON002,"[[-16.68170320998778, 14.730490052165898]]",31.41219326215368,23,-250,250,False,False,False
R01ZF,R01ZF_SARF000027,27,900,FULL_CONTEXT_OFFLINE,R01ZF_SARF000027__FULL_CONTEXT_OFFLINE__R01ZF_REUSED_R01ZF_PERSON003,R01ZF_REUSED_R01ZF_PERSON003,9,667,1111,True,R01ZF_REUSED_R01ZF_PERSON003,"[[-51.14409582711323, -17.322443308671133]]",33.8216525184421,15,-250,250,False,False,False
R01ZF,R01ZF_SARF000028,28,933,CAUSAL_REPLAY,R01ZF_SARF000028__CAUSAL_REPLAY__R01ZF_REUSED_R01ZF_PERSON001,R01ZF_REUSED_R01ZF_PERSON001,4,722,889,False,R01ZF_REUSED_R01ZF_PERSON001,"[[-20.191902879625793, 2.529634070264123]]",22.721536949889916,20,-250,0,False,False,False
R01ZF,R01ZF_SARF000028,28,933,CAUSAL_REPLAY,R01ZF_SARF000028__CAUSAL_REPLAY__R01ZF_REUSED_R01ZF_PERSON002,R01ZF_REUSED_R01ZF_PERSON002,4,722,889,False,R01ZF_REUSED_R01ZF_PERSON002,"[[-14.984058251597055, 8.234856752087154]]",23.21891500368421,18,-250,0,False,False,False
R01ZF,R01ZF_SARF000028,28,933,CAUSAL_REPLAY,R01ZF_SARF000028__CAUSAL_REPLAY__R01ZF_REUSED_R01ZF_PERSON003,R01ZF_REUSED_R01ZF_PERSON003,4,722,889,False,R01ZF_REUSED_R01ZF_PERSON003,"[[-50.00362753620764, -24.363590332625208]]",25.64003720358243,12,-250,0,False,False,False
R01ZF,R01ZF_SARF000028,28,933,FIXED_LAG_100MS,R01ZF_SARF000028__FIXED_LAG_100MS__R01ZF_REUSED_R01ZF_PERSON001,R01ZF_REUSED_R01ZF_PERSON001,6,722,1000,True,R01ZF_REUSED_R01ZF_PERSON001,"[[-20.191902879625793, 5.929048134598716]]",26.12095101422451,23,-250,100,False,False,False
R01ZF,R01ZF_SARF000028,28,933,FIXED_LAG_100MS,R01ZF_SARF000028__FIXED_LAG_100MS__R01ZF_REUSED_R01ZF_PERSON002,R01ZF_REUSED_R01ZF_PERSON002,6,722,1000,True,R01ZF_REUSED_R01ZF_PERSON002,"[[-14.984058251597055, 11.557969204146005]]",26.54202745574306,19,-250,100,False,False,False
R01ZF,R01ZF_SARF000028,28,933,FIXED_LAG_100MS,R01ZF_SARF000028__FIXED_LAG_100MS__R01ZF_REUSED_R01ZF_PERSON003,R01ZF_REUSED_R01ZF_PERSON003,6,722,1000,True,R01ZF_REUSED_R01ZF_PERSON003,"[[-50.00362753620764, -20.721566046088963]]",29.282061490118675,14,-250,100,False,False,False
R01ZF,R01ZF_SARF000028,28,933,FULL_CONTEXT_OFFLINE,R01ZF_SARF000028__FULL_CONTEXT_OFFLINE__R01ZF_REUSED_R01ZF_PERSON001,R01ZF_REUSED_R01ZF_PERSON001,9,722,1167,True,R01ZF_REUSED_R01ZF_PERSON001,"[[-20.191902879625793, 11.02143941653383]]",31.213342296159624,24,-250,250,False,False,False
R01ZF,R01ZF_SARF000028,28,933,FULL_CONTEXT_OFFLINE,R01ZF_SARF000028__FULL_CONTEXT_OFFLINE__R01ZF_REUSED_R01ZF_PERSON002,R01ZF_REUSED_R01ZF_PERSON002,9,722,1167,True,R01ZF_REUSED_R01ZF_PERSON002,"[[-14.984058251597055, 16.436018740133477]]",31.420076991730532,21,-250,250,False,False,False
R01ZF,R01ZF_SARF000028,28,933,FULL_CONTEXT_OFFLINE,R01ZF_SARF000028__FULL_CONTEXT_OFFLINE__R01ZF_REUSED_R01ZF_PERSON003,R01ZF_REUSED_R01ZF_PERSON003,9,722,1167,True,R01ZF_REUSED_R01ZF_PERSON003,"[[-50.00362753620764, -15.6760474750781]]",34.32758006112954,19,-250,250,False,False,False
R01ZF,R01ZF_SARF000029,29,967,CAUSAL_REPLAY,R01ZF_SARF000029__CAUSAL_REPLAY__R01ZF_REUSED_R01ZF_PERSON001,R01ZF_REUSED_R01ZF_PERSON001,5,722,944,False,R01ZF_REUSED_R01ZF_PERSON001,"[[-20.191902879625793, 4.211176299423755]]",24.40307917904955,20,-250,0,False,False,False
R01ZF,R01ZF_SARF000029,29,967,CAUSAL_REPLAY,R01ZF_SARF000029__CAUSAL_REPLAY__R01ZF_REUSED_R01ZF_PERSON002,R01ZF_REUSED_R01ZF_PERSON002,5,722,944,False,R01ZF_REUSED_R01ZF_PERSON002,"[[-14.984058251597055, 9.917499187933089]]",24.901557439530144,22,-250,0,False,False,False
R01ZF,R01ZF_SARF000029,29,967,CAUSAL_REPLAY,R01ZF_SARF000029__CAUSAL_REPLAY__R01ZF_REUSED_R01ZF_PERSON003,R01ZF_REUSED_R01ZF_PERSON003,5,722,944,False,R01ZF_REUSED_R01ZF_PERSON003,"[[-50.00362753620764, -22.468285756305075]]",27.535341779902563,13,-250,0,False,False,False
R01ZF,R01ZF_SARF000029,29,967,FIXED_LAG_100MS,R01ZF_SARF000029__FIXED_LAG_100MS__R01ZF_REUSED_R01ZF_PERSON001,R01ZF_REUSED_R01ZF_PERSON001,7,722,1056,True,R01ZF_REUSED_R01ZF_PERSON001,"[[-20.191902879625793, 7.713863315115077]]",27.90576619474087,23,-250,100,False,False,False
R01ZF,R01ZF_SARF000029,29,967,FIXED_LAG_100MS,R01ZF_SARF000029__FIXED_LAG_100MS__R01ZF_REUSED_R01ZF_PERSON002,R01ZF_REUSED_R01ZF_PERSON002,7,722,1056,True,R01ZF_REUSED_R01ZF_PERSON002,"[[-14.984058251597055, 13.123927885237222]]",28.107986136834278,23,-250,100,False,False,False
R01ZF,R01ZF_SARF000029,29,967,FIXED_LAG_100MS,R01ZF_SARF000029__FIXED_LAG_100MS__R01ZF_REUSED_R01ZF_PERSON003,R01ZF_REUSED_R01ZF_PERSON003,7,722,1056,True,R01ZF_REUSED_R01ZF_PERSON003,"[[-50.00362753620764, -19.0170545610506]]",30.98657297515704,14,-250,100,False,False,False
R01ZF,R01ZF_SARF000029,29,967,FULL_CONTEXT_OFFLINE,R01ZF_SARF000029__FULL_CONTEXT_OFFLINE__R01ZF_REUSED_R01ZF_PERSON001,R01ZF_REUSED_R01ZF_PERSON001,9,722,1167,True,R01ZF_REUSED_R01ZF_PERSON001,"[[-20.191902879625793, 11.02143941653383]]",31.213342296159624,25,-250,250,False,False,False
R01ZF,R01ZF_SARF000029,29,967,FULL_CONTEXT_OFFLINE,R01ZF_SARF000029__FULL_CONTEXT_OFFLINE__R01ZF_REUSED_R01ZF_PERSON002,R01ZF_REUSED_R01ZF_PERSON002,9,722,1167,True,R01ZF_REUSED_R01ZF_PERSON002,"[[-14.984058251597055, 16.436018740133477]]",31.420076991730532,24,-250,250,False,False,False
R01ZF,R01ZF_SARF000029,29,967,FULL_CONTEXT_OFFLINE,R01ZF_SARF000029__FULL_CONTEXT_OFFLINE__R01ZF_REUSED_R01ZF_PERSON003,R01ZF_REUSED_R01ZF_PERSON003,9,722,1167,True,R01ZF_REUSED_R01ZF_PERSON003,"[[-50.00362753620764, -15.6760474750781]]",34.32758006112954,20,-250,250,False,False,False
R01ZF,R01ZF_SARF000030,30,1000,CAUSAL_REPLAY,R01ZF_SARF000030__CAUSAL_REPLAY__R01ZF_REUSED_R01ZF_PERSON001,R01ZF_REUSED_R01ZF_PERSON001,5,778,1000,False,R01ZF_REUSED_R01ZF_PERSON001,"[[-18.37405871315569, 5.929048134598716]]",24.303106847754407,22,-250,0,False,False,False
R01ZF,R01ZF_SARF000030,30,1000,CAUSAL_REPLAY,R01ZF_SARF000030__CAUSAL_REPLAY__R01ZF_REUSED_R01ZF_PERSON002,R01ZF_REUSED_R01ZF_PERSON002,5,778,1000,False,R01ZF_REUSED_R01ZF_PERSON002,"[[-13.192719952145069, 11.557969204146005]]",24.750689156291074,19,-250,0,False,False,False
R01ZF,R01ZF_SARF000030,30,1000,CAUSAL_REPLAY,R01ZF_SARF000030__CAUSAL_REPLAY__R01ZF_REUSED_R01ZF_PERSON003,R01ZF_REUSED_R01ZF_PERSON003,5,778,1000,False,R01ZF_REUSED_R01ZF_PERSON003,"[[-48.374790659558705, -20.721566046088963]]",27.653224613469742,14,-250,0,False,False,False
R01ZF,R01ZF_SARF000030,30,1000,FIXED_LAG_100MS,R01ZF_SARF000030__FIXED_LAG_100MS__R01ZF_REUSED_R01ZF_PERSON001,R01ZF_REUSED_R01ZF_PERSON001,6,778,1056,True,R01ZF_REUSED_R01ZF_PERSON001,"[[-18.37405871315569, 7.713863315115077]]",26.087922028270768,23,-250,100,False,False,False
R01ZF,R01ZF_SARF000030,30,1000,FIXED_LAG_100MS,R01ZF_SARF000030__FIXED_LAG_100MS__R01ZF_REUSED_R01ZF_PERSON002,R01ZF_REUSED_R01ZF_PERSON002,6,778,1056,True,R01ZF_REUSED_R01ZF_PERSON002,"[[-13.192719952145069, 13.123927885237222]]",26.31664783738229,21,-250,100,False,False,False
R01ZF,R01ZF_SARF000030,30,1000,FIXED_LAG_100MS,R01ZF_SARF000030__FIXED_LAG_100MS__R01ZF_REUSED_R01ZF_PERSON003,R01ZF_REUSED_R01ZF_PERSON003,6,778,1056,True,R01ZF_REUSED_R01ZF_PERSON003,"[[-48.374790659558705, -19.0170545610506]]",29.357736098508106,14,-250,100,False,False,False
R01ZF,R01ZF_SARF000030,30,1000,FULL_CONTEXT_OFFLINE,R01ZF_SARF000030__FULL_CONTEXT_OFFLINE__R01ZF_REUSED_R01ZF_PERSON001,R01ZF_REUSED_R01ZF_PERSON001,9,778,1222,True,R01ZF_REUSED_R01ZF_PERSON001,"[[-18.37405871315569, 12.741788344278831]]",31.11584705743452,24,-250,250,False,False,False
R01ZF,R01ZF_SARF000030,30,1000,FULL_CONTEXT_OFFLINE,R01ZF_SARF000030__FULL_CONTEXT_OFFLINE__R01ZF_REUSED_R01ZF_PERSON002,R01ZF_REUSED_R01ZF_PERSON002,9,778,1222,True,R01ZF_REUSED_R01ZF_PERSON002,"[[-13.192719952145069, 18.05481989269237]]",31.24753984483744,22,-250,250,False,False,False
R01ZF,R01ZF_SARF000030,30,1000,FULL_CONTEXT_OFFLINE,R01ZF_SARF000030__FULL_CONTEXT_OFFLINE__R01ZF_REUSED_R01ZF_PERSON003,R01ZF_REUSED_R01ZF_PERSON003,9,778,1222,True,R01ZF_REUSED_R01ZF_PERSON003,"[[-48.374790659558705, -14.005141119734258]]",34.36964953982445,21,-250,250,False,False,False
R01ZF,R01ZF_SARF000031,31,1033,CAUSAL_REPLAY,R01ZF_SARF000031__CAUSAL_REPLAY__R01ZF_REUSED_R01ZF_PERSON001,R01ZF_REUSED_R01ZF_PERSON001,4,833,1000,False,R01ZF_REUSED_R01ZF_PERSON001,"[[-16.54882558461827, 5.929048134598716]]",22.477873719216987,24,-250,0,False,False,False
R01ZF,R01ZF_SARF000031,31,1033,CAUSAL_REPLAY,R01ZF_SARF000031__CAUSAL_REPLAY__R01ZF_REUSED_R01ZF_PERSON002,R01ZF_REUSED_R01ZF_PERSON002,4,833,1000,False,R01ZF_REUSED_R01ZF_PERSON002,"[[-11.423359746037569, 11.557969204146005]]",22.981328950183574,21,-250,0,False,False,False
R01ZF,R01ZF_SARF000031,31,1033,CAUSAL_REPLAY,R01ZF_SARF000031__CAUSAL_REPLAY__R01ZF_REUSED_R01ZF_PERSON003,R01ZF_REUSED_R01ZF_PERSON003,4,833,1000,False,R01ZF_REUSED_R01ZF_PERSON003,"[[-46.564802351303896, -20.721566046088963]]",25.843236305214933,11,-250,0,False,False,False
R01ZF,R01ZF_SARF000031,31,1033,FIXED_LAG_100MS,R01ZF_SARF000031__FIXED_LAG_100MS__R01ZF_REUSED_R01ZF_PERSON001,R01ZF_REUSED_R01ZF_PERSON001,6,833,1111,True,R01ZF_REUSED_R01ZF_PERSON001,"[[-16.54882558461827, 9.397755689918988]]",25.94658127453726,26,-250,100,False,False,False
R01ZF,R01ZF_SARF000031,31,1033,FIXED_LAG_100MS,R01ZF_SARF000031__FIXED_LAG_100MS__R01ZF_REUSED_R01ZF_PERSON002,R01ZF_REUSED_R01ZF_PERSON002,6,833,1111,True,R01ZF_REUSED_R01ZF_PERSON002,"[[-11.423359746037569, 14.730490052165898]]",26.153849798203467,22,-250,100,False,False,False
R01ZF,R01ZF_SARF000031,31,1033,FIXED_LAG_100MS,R01ZF_SARF000031__FIXED_LAG_100MS__R01ZF_REUSED_R01ZF_PERSON003,R01ZF_REUSED_R01ZF_PERSON003,6,833,1111,True,R01ZF_REUSED_R01ZF_PERSON003,"[[-46.564802351303896, -17.322443308671133]]",29.242359042632764,16,-250,100,False,False,False
R01ZF,R01ZF_SARF000031,31,1033,FULL_CONTEXT_OFFLINE,R01ZF_SARF000031__FULL_CONTEXT_OFFLINE__R01ZF_REUSED_R01ZF_PERSON001,R01ZF_REUSED_R01ZF_PERSON001,9,833,1278,True,R01ZF_REUSED_R01ZF_PERSON001,"[[-16.54882558461827, 14.372974959690588]]",30.92180054430886,27,-250,250,False,False,False
R01ZF,R01ZF_SARF000031,31,1033,FULL_CONTEXT_OFFLINE,R01ZF_SARF000031__FULL_CONTEXT_OFFLINE__R01ZF_REUSED_R01ZF_PERSON002,R01ZF_REUSED_R01ZF_PERSON002,9,833,1278,True,R01ZF_REUSED_R01ZF_PERSON002,"[[-11.423359746037569, 19.808790225379745]]",31.232149971417314,26,-250,250,False,False,False
R01ZF,R01ZF_SARF000031,31,1033,FULL_CONTEXT_OFFLINE,R01ZF_SARF000031__FULL_CONTEXT_OFFLINE__R01ZF_REUSED_R01ZF_PERSON003,R01ZF_REUSED_R01ZF_PERSON003,9,833,1278,True,R01ZF_REUSED_R01ZF_PERSON003,"[[-46.564802351303896, -12.42204948628659]]",34.14275286501731,20,-250,250,False,False,False
R01ZF,R01ZF_SARF000032,32,1067,CAUSAL_REPLAY,R01ZF_SARF000032__CAUSAL_REPLAY__R01ZF_REUSED_R01ZF_PERSON001,R01ZF_REUSED_R01ZF_PERSON001,5,833,1056,False,R01ZF_REUSED_R01ZF_PERSON001,"[[-16.54882558461827, 7.713863315115077]]",24.262688899733348,21,-250,0,False,False,False
R01ZF,R01ZF_SARF000032,32,1067,CAUSAL_REPLAY,R01ZF_SARF000032__CAUSAL_REPLAY__R01ZF_REUSED_R01ZF_PERSON002,R01ZF_REUSED_R01ZF_PERSON002,5,833,1056,False,R01ZF_REUSED_R01ZF_PERSON002,"[[-11.423359746037569, 13.123927885237222]]",24.54728763127479,23,-250,0,False,False,False
R01ZF,R01ZF_SARF000032,32,1067,CAUSAL_REPLAY,R01ZF_SARF000032__CAUSAL_REPLAY__R01ZF_REUSED_R01ZF_PERSON003,R01ZF_REUSED_R01ZF_PERSON003,5,833,1056,False,R01ZF_REUSED_R01ZF_PERSON003,"[[-46.564802351303896, -19.0170545610506]]",27.547747790253297,18,-250,0,False,False,False
R01ZF,R01ZF_SARF000032,32,1067,FIXED_LAG_100MS,R01ZF_SARF000032__FIXED_LAG_100MS__R01ZF_REUSED_R01ZF_PERSON001,R01ZF_REUSED_R01ZF_PERSON001,7,833,1167,True,R01ZF_REUSED_R01ZF_PERSON001,"[[-16.54882558461827, 11.02143941653383]]",27.5702650011521,24,-250,100,False,False,False
R01ZF,R01ZF_SARF000032,32,1067,FIXED_LAG_100MS,R01ZF_SARF000032__FIXED_LAG_100MS__R01ZF_REUSED_R01ZF_PERSON002,R01ZF_REUSED_R01ZF_PERSON002,7,833,1167,True,R01ZF_REUSED_R01ZF_PERSON002,"[[-11.423359746037569, 16.436018740133477]]",27.859378486171046,26,-250,100,False,False,False
R01ZF,R01ZF_SARF000032,32,1067,FIXED_LAG_100MS,R01ZF_SARF000032__FIXED_LAG_100MS__R01ZF_REUSED_R01ZF_PERSON003,R01ZF_REUSED_R01ZF_PERSON003,7,833,1167,True,R01ZF_REUSED_R01ZF_PERSON003,"[[-46.564802351303896, -15.6760474750781]]",30.888754876225796,20,-250,100,False,False,False
R01ZF,R01ZF_SARF000032,32,1067,FULL_CONTEXT_OFFLINE,R01ZF_SARF000032__FULL_CONTEXT_OFFLINE__R01ZF_REUSED_R01ZF_PERSON001,R01ZF_REUSED_R01ZF_PERSON001,9,833,1278,True,R01ZF_REUSED_R01ZF_PERSON001,"[[-16.54882558461827, 14.372974959690588]]",30.92180054430886,26,-250,250,False,False,False
R01ZF,R01ZF_SARF000032,32,1067,FULL_CONTEXT_OFFLINE,R01ZF_SARF000032__FULL_CONTEXT_OFFLINE__R01ZF_REUSED_R01ZF_PERSON002,R01ZF_REUSED_R01ZF_PERSON002,9,833,1278,True,R01ZF_REUSED_R01ZF_PERSON002,"[[-11.423359746037569, 19.808790225379745]]",31.232149971417314,27,-250,250,False,False,False
R01ZF,R01ZF_SARF000032,32,1067,FULL_CONTEXT_OFFLINE,R01ZF_SARF000032__FULL_CONTEXT_OFFLINE__R01ZF_REUSED_R01ZF_PERSON003,R01ZF_REUSED_R01ZF_PERSON003,9,833,1278,True,R01ZF_REUSED_R01ZF_PERSON003,"[[-46.564802351303896, -12.42204948628659]]",34.14275286501731,22,-250,250,False,False,False
R01ZF,R01ZF_SARF000033,33,1100,CAUSAL_REPLAY,R01ZF_SARF000033__CAUSAL_REPLAY__R01ZF_REUSED_R01ZF_PERSON001,R01ZF_REUSED_R01ZF_PERSON001,4,889,1056,False,R01ZF_REUSED_R01ZF_PERSON001,"[[-14.740053240740629, 7.713863315115077]]",22.453916555855706,25,-250,0,False,False,False
R01ZF,R01ZF_SARF000033,33,1100,CAUSAL_REPLAY,R01ZF_SARF000033__CAUSAL_REPLAY__R01ZF_REUSED_R01ZF_PERSON002,R01ZF_REUSED_R01ZF_PERSON002,4,889,1056,False,R01ZF_REUSED_R01ZF_PERSON002,"[[-9.768222477365264, 13.123927885237222]]",22.892150362602486,21,-250,0,False,False,False
R01ZF,R01ZF_SARF000033,33,1100,CAUSAL_REPLAY,R01ZF_SARF000033__CAUSAL_REPLAY__R01ZF_REUSED_R01ZF_PERSON003,R01ZF_REUSED_R01ZF_PERSON003,4,889,1056,False,R01ZF_REUSED_R01ZF_PERSON003,"[[-44.70343166466297, -19.0170545610506]]",25.686377103612372,12,-250,0,False,False,False
R01ZF,R01ZF_SARF000033,33,1100,FIXED_LAG_100MS,R01ZF_SARF000033__FIXED_LAG_100MS__R01ZF_REUSED_R01ZF_PERSON001,R01ZF_REUSED_R01ZF_PERSON001,6,889,1167,True,R01ZF_REUSED_R01ZF_PERSON001,"[[-14.740053240740629, 11.02143941653383]]",25.76149265727446,26,-250,100,False,False,False
R01ZF,R01ZF_SARF000033,33,1100,FIXED_LAG_100MS,R01ZF_SARF000033__FIXED_LAG_100MS__R01ZF_REUSED_R01ZF_PERSON002,R01ZF_REUSED_R01ZF_PERSON002,6,889,1167,True,R01ZF_REUSED_R01ZF_PERSON002,"[[-9.768222477365264, 16.436018740133477]]",26.20424121749874,22,-250,100,False,False,False
R01ZF,R01ZF_SARF000033,33,1100,FIXED_LAG_100MS,R01ZF_SARF000033__FIXED_LAG_100MS__R01ZF_REUSED_R01ZF_PERSON003,R01ZF_REUSED_R01ZF_PERSON003,6,889,1167,True,R01ZF_REUSED_R01ZF_PERSON003,"[[-44.70343166466297, -15.6760474750781]]",29.027384189584872,16,-250,100,False,False,False
R01ZF,R01ZF_SARF000033,33,1100,FULL_CONTEXT_OFFLINE,R01ZF_SARF000033__FULL_CONTEXT_OFFLINE__R01ZF_REUSED_R01ZF_PERSON001,R01ZF_REUSED_R01ZF_PERSON001,9,889,1333,True,R01ZF_REUSED_R01ZF_PERSON001,"[[-14.740053240740629, 16.03927379265273]]",30.779327033393358,28,-250,250,False,False,False
R01ZF,R01ZF_SARF000033,33,1100,FULL_CONTEXT_OFFLINE,R01ZF_SARF000033__FULL_CONTEXT_OFFLINE__R01ZF_REUSED_R01ZF_PERSON002,R01ZF_REUSED_R01ZF_PERSON002,9,889,1333,True,R01ZF_REUSED_R01ZF_PERSON002,"[[-9.768222477365264, 21.623460718711357]]",31.39168319607662,26,-250,250,False,False,False
R01ZF,R01ZF_SARF000033,33,1100,FULL_CONTEXT_OFFLINE,R01ZF_SARF000033__FULL_CONTEXT_OFFLINE__R01ZF_REUSED_R01ZF_PERSON003,R01ZF_REUSED_R01ZF_PERSON003,9,889,1333,True,R01ZF_REUSED_R01ZF_PERSON003,"[[-44.70343166466297, -10.843371699782953]]",33.86005996488002,19,-250,250,False,False,False
R01ZF,R01ZF_SARF000034,34,1133,CAUSAL_REPLAY,R01ZF_SARF000034__CAUSAL_REPLAY__R01ZF_REUSED_R01ZF_PERSON001,R01ZF_REUSED_R01ZF_PERSON001,5,889,1111,False,R01ZF_REUSED_R01ZF_PERSON001,"[[-14.740053240740629, 9.397755689918988]]",24.137808930659617,23,-250,0,False,False,False
R01ZF,R01ZF_SARF000034,34,1133,CAUSAL_REPLAY,R01ZF_SARF000034__CAUSAL_REPLAY__R01ZF_REUSED_R01ZF_PERSON002,R01ZF_REUSED_R01ZF_PERSON002,5,889,1111,False,R01ZF_REUSED_R01ZF_PERSON002,"[[-9.768222477365264, 14.730490052165898]]",24.49871252953116,19,-250,0,False,False,False
R01ZF,R01ZF_SARF000034,34,1133,CAUSAL_REPLAY,R01ZF_SARF000034__CAUSAL_REPLAY__R01ZF_REUSED_R01ZF_PERSON003,R01ZF_REUSED_R01ZF_PERSON003,5,889,1111,False,R01ZF_REUSED_R01ZF_PERSON003,"[[-44.70343166466297, -17.322443308671133]]",27.38098835599184,14,-250,0,False,False,False
R01ZF,R01ZF_SARF000034,34,1133,FIXED_LAG_100MS,R01ZF_SARF000034__FIXED_LAG_100MS__R01ZF_REUSED_R01ZF_PERSON001,R01ZF_REUSED_R01ZF_PERSON001,7,889,1222,True,R01ZF_REUSED_R01ZF_PERSON001,"[[-14.740053240740629, 12.741788344278831]]",27.48184158501946,23,-250,100,False,False,False
R01ZF,R01ZF_SARF000034,34,1133,FIXED_LAG_100MS,R01ZF_SARF000034__FIXED_LAG_100MS__R01ZF_REUSED_R01ZF_PERSON002,R01ZF_REUSED_R01ZF_PERSON002,7,889,1222,True,R01ZF_REUSED_R01ZF_PERSON002,"[[-9.768222477365264, 18.05481989269237]]",27.823042370057635,20,-250,100,False,False,False
R01ZF,R01ZF_SARF000034,34,1133,FIXED_LAG_100MS,R01ZF_SARF000034__FIXED_LAG_100MS__R01ZF_REUSED_R01ZF_PERSON003,R01ZF_REUSED_R01ZF_PERSON003,7,889,1222,True,R01ZF_REUSED_R01ZF_PERSON003,"[[-44.70343166466297, -14.005141119734258]]",30.698290544928714,17,-250,100,False,False,False
R01ZF,R01ZF_SARF000034,34,1133,FULL_CONTEXT_OFFLINE,R01ZF_SARF000034__FULL_CONTEXT_OFFLINE__R01ZF_REUSED_R01ZF_PERSON001,R01ZF_REUSED_R01ZF_PERSON001,9,889,1333,True,R01ZF_REUSED_R01ZF_PERSON001,"[[-14.740053240740629, 16.03927379265273]]",30.779327033393358,25,-250,250,False,False,False
R01ZF,R01ZF_SARF000034,34,1133,FULL_CONTEXT_OFFLINE,R01ZF_SARF000034__FULL_CONTEXT_OFFLINE__R01ZF_REUSED_R01ZF_PERSON002,R01ZF_REUSED_R01ZF_PERSON002,9,889,1333,True,R01ZF_REUSED_R01ZF_PERSON002,"[[-9.768222477365264, 21.623460718711357]]",31.39168319607662,22,-250,250,False,False,False
R01ZF,R01ZF_SARF000034,34,1133,FULL_CONTEXT_OFFLINE,R01ZF_SARF000034__FULL_CONTEXT_OFFLINE__R01ZF_REUSED_R01ZF_PERSON003,R01ZF_REUSED_R01ZF_PERSON003,9,889,1333,True,R01ZF_REUSED_R01ZF_PERSON003,"[[-44.70343166466297, -10.843371699782953]]",33.86005996488002,20,-250,250,False,False,False
R01ZF,R01ZF_SARF000035,35,1167,CAUSAL_REPLAY,R01ZF_SARF000035__CAUSAL_REPLAY__R01ZF_REUSED_R01ZF_PERSON001,R01ZF_REUSED_R01ZF_PERSON001,5,944,1167,False,R01ZF_REUSED_R01ZF_PERSON001,"[[-12.92306515225777, 11.02143941653383]]",23.9445045687916,19,-250,0,False,False,False
R01ZF,R01ZF_SARF000035,35,1167,CAUSAL_REPLAY,R01ZF_SARF000035__CAUSAL_REPLAY__R01ZF_REUSED_R01ZF_PERSON002,R01ZF_REUSED_R01ZF_PERSON002,5,944,1167,False,R01ZF_REUSED_R01ZF_PERSON002,"[[-8.044494808371141, 16.436018740133477]]",24.480513548504618,18,-250,0,False,False,False
R01ZF,R01ZF_SARF000035,35,1167,CAUSAL_REPLAY,R01ZF_SARF000035__CAUSAL_REPLAY__R01ZF_REUSED_R01ZF_PERSON003,R01ZF_REUSED_R01ZF_PERSON003,5,944,1167,False,R01ZF_REUSED_R01ZF_PERSON003,"[[-42.83355919594841, -15.6760474750781]]",27.15751172087031,16,-250,0,False,False,False
R01ZF,R01ZF_SARF000035,35,1167,FIXED_LAG_100MS,R01ZF_SARF000035__FIXED_LAG_100MS__R01ZF_REUSED_R01ZF_PERSON001,R01ZF_REUSED_R01ZF_PERSON001,6,944,1222,True,R01ZF_REUSED_R01ZF_PERSON001,"[[-12.92306515225777, 12.741788344278831]]",25.6648534965366,20,-250,100,False,False,False
R01ZF,R01ZF_SARF000035,35,1167,FIXED_LAG_100MS,R01ZF_SARF000035__FIXED_LAG_100MS__R01ZF_REUSED_R01ZF_PERSON002,R01ZF_REUSED_R01ZF_PERSON002,6,944,1222,True,R01ZF_REUSED_R01ZF_PERSON002,"[[-8.044494808371141, 18.05481989269237]]",26.099314701063513,19,-250,100,False,False,False
R01ZF,R01ZF_SARF000035,35,1167,FIXED_LAG_100MS,R01ZF_SARF000035__FIXED_LAG_100MS__R01ZF_REUSED_R01ZF_PERSON003,R01ZF_REUSED_R01ZF_PERSON003,6,944,1222,True,R01ZF_REUSED_R01ZF_PERSON003,"[[-42.83355919594841, -14.005141119734258]]",28.828418076214152,17,-250,100,False,False,False
R01ZF,R01ZF_SARF000035,35,1167,FULL_CONTEXT_OFFLINE,R01ZF_SARF000035__FULL_CONTEXT_OFFLINE__R01ZF_REUSED_R01ZF_PERSON001,R01ZF_REUSED_R01ZF_PERSON001,9,944,1389,True,R01ZF_REUSED_R01ZF_PERSON001,"[[-12.92306515225777, 17.73835748286688]]",30.66142263512465,23,-250,250,False,False,False
R01ZF,R01ZF_SARF000035,35,1167,FULL_CONTEXT_OFFLINE,R01ZF_SARF000035__FULL_CONTEXT_OFFLINE__R01ZF_REUSED_R01ZF_PERSON002,R01ZF_REUSED_R01ZF_PERSON002,9,944,1389,True,R01ZF_REUSED_R01ZF_PERSON002,"[[-8.044494808371141, 23.09146845416703]]",31.13596326253817,23,-250,250,False,False,False
R01ZF,R01ZF_SARF000035,35,1167,FULL_CONTEXT_OFFLINE,R01ZF_SARF000035__FULL_CONTEXT_OFFLINE__R01ZF_REUSED_R01ZF_PERSON003,R01ZF_REUSED_R01ZF_PERSON003,9,944,1389,True,R01ZF_REUSED_R01ZF_PERSON003,"[[-42.83355919594841, -9.241750697798206]]",33.5918084981502,21,-250,250,False,False,False
R01ZF,R01ZF_SARF000036,36,1200,CAUSAL_REPLAY,R01ZF_SARF000036__CAUSAL_REPLAY__R01ZF_REUSED_R01ZF_PERSON001,R01ZF_REUSED_R01ZF_PERSON001,4,1000,1167,False,R01ZF_REUSED_R01ZF_PERSON001,"[[-11.095882249144879, 11.02143941653383]]",22.11732166567871,19,-250,0,False,False,False
R01ZF,R01ZF_SARF000036,36,1200,CAUSAL_REPLAY,R01ZF_SARF000036__CAUSAL_REPLAY__R01ZF_REUSED_R01ZF_PERSON002,R01ZF_REUSED_R01ZF_PERSON002,4,1000,1167,False,R01ZF_REUSED_R01ZF_PERSON002,"[[-6.3142114699483685, 16.436018740133477]]",22.750230210081845,16,-250,0,False,False,False
R01ZF,R01ZF_SARF000036,36,1200,CAUSAL_REPLAY,R01ZF_SARF000036__CAUSAL_REPLAY__R01ZF_REUSED_R01ZF_PERSON003,R01ZF_REUSED_R01ZF_PERSON003,4,1000,1167,False,R01ZF_REUSED_R01ZF_PERSON003,"[[-41.05830084038428, -15.6760474750781]]",25.382253365306177,12,-250,0,False,False,False
R01ZF,R01ZF_SARF000036,36,1200,FIXED_LAG_100MS,R01ZF_SARF000036__FIXED_LAG_100MS__R01ZF_REUSED_R01ZF_PERSON001,R01ZF_REUSED_R01ZF_PERSON001,6,1000,1278,True,R01ZF_REUSED_R01ZF_PERSON001,"[[-11.095882249144879, 14.372974959690588]]",25.468857208835466,19,-250,100,False,False,False
R01ZF,R01ZF_SARF000036,36,1200,FIXED_LAG_100MS,R01ZF_SARF000036__FIXED_LAG_100MS__R01ZF_REUSED_R01ZF_PERSON002,R01ZF_REUSED_R01ZF_PERSON002,6,1000,1278,True,R01ZF_REUSED_R01ZF_PERSON002,"[[-6.3142114699483685, 19.808790225379745]]",26.123001695328114,18,-250,100,False,False,False
R01ZF,R01ZF_SARF000036,36,1200,FIXED_LAG_100MS,R01ZF_SARF000036__FIXED_LAG_100MS__R01ZF_REUSED_R01ZF_PERSON003,R01ZF_REUSED_R01ZF_PERSON003,6,1000,1278,True,R01ZF_REUSED_R01ZF_PERSON003,"[[-41.05830084038428, -12.42204948628659]]",28.636251354097688,17,-250,100,False,False,False
R01ZF,R01ZF_SARF000036,36,1200,FULL_CONTEXT_OFFLINE,R01ZF_SARF000036__FULL_CONTEXT_OFFLINE__R01ZF_REUSED_R01ZF_PERSON001,R01ZF_REUSED_R01ZF_PERSON001,9,1000,1444,True,R01ZF_REUSED_R01ZF_PERSON001,"[[-11.095882249144879, 19.44937418406984]]",30.545256433214718,23,-250,250,False,False,False
R01ZF,R01ZF_SARF000036,36,1200,FULL_CONTEXT_OFFLINE,R01ZF_SARF000036__FULL_CONTEXT_OFFLINE__R01ZF_REUSED_R01ZF_PERSON002,R01ZF_REUSED_R01ZF_PERSON002,9,1000,1444,True,R01ZF_REUSED_R01ZF_PERSON002,"[[-6.3142114699483685, 24.79579277386847]]",31.11000424381684,19,-250,250,False,False,False
R01ZF,R01ZF_SARF000036,36,1200,FULL_CONTEXT_OFFLINE,R01ZF_SARF000036__FULL_CONTEXT_OFFLINE__R01ZF_REUSED_R01ZF_PERSON003,R01ZF_REUSED_R01ZF_PERSON003,9,1000,1444,True,R01ZF_REUSED_R01ZF_PERSON003,"[[-41.05830084038428, -7.599597821060129]]",33.45870301932415,19,-250,250,False,False,False
R01ZF,R01ZF_SARF000037,37,1233,CAUSAL_REPLAY,R01ZF_SARF000037__CAUSAL_REPLAY__R01ZF_REUSED_R01ZF_PERSON001,R01ZF_REUSED_R01ZF_PERSON001,5,1000,1222,False,R01ZF_REUSED_R01ZF_PERSON001,"[[-11.095882249144879, 12.741788344278831]]",23.83767059342371,19,-250,0,False,False,False
R01ZF,R01ZF_SARF000037,37,1233,CAUSAL_REPLAY,R01ZF_SARF000037__CAUSAL_REPLAY__R01ZF_REUSED_R01ZF_PERSON002,R01ZF_REUSED_R01ZF_PERSON002,5,1000,1222,False,R01ZF_REUSED_R01ZF_PERSON002,"[[-6.3142114699483685, 18.05481989269237]]",24.36903136264074,17,-250,0,False,False,False
R01ZF,R01ZF_SARF000037,37,1233,CAUSAL_REPLAY,R01ZF_SARF000037__CAUSAL_REPLAY__R01ZF_REUSED_R01ZF_PERSON003,R01ZF_REUSED_R01ZF_PERSON003,5,1000,1222,False,R01ZF_REUSED_R01ZF_PERSON003,"[[-41.05830084038428, -14.005141119734258]]",27.05315972065002,15,-250,0,False,False,False
R01ZF,R01ZF_SARF000037,37,1233,FIXED_LAG_100MS,R01ZF_SARF000037__FIXED_LAG_100MS__R01ZF_REUSED_R01ZF_PERSON001,R01ZF_REUSED_R01ZF_PERSON001,7,1000,1333,True,R01ZF_REUSED_R01ZF_PERSON001,"[[-11.095882249144879, 16.03927379265273]]",27.135156041797607,21,-250,100,False,False,False
R01ZF,R01ZF_SARF000037,37,1233,FIXED_LAG_100MS,R01ZF_SARF000037__FIXED_LAG_100MS__R01ZF_REUSED_R01ZF_PERSON002,R01ZF_REUSED_R01ZF_PERSON002,7,1000,1333,True,R01ZF_REUSED_R01ZF_PERSON002,"[[-6.3142114699483685, 21.623460718711357]]",27.937672188659725,20,-250,100,False,False,False
R01ZF,R01ZF_SARF000037,37,1233,FIXED_LAG_100MS,R01ZF_SARF000037__FIXED_LAG_100MS__R01ZF_REUSED_R01ZF_PERSON003,R01ZF_REUSED_R01ZF_PERSON003,7,1000,1333,True,R01ZF_REUSED_R01ZF_PERSON003,"[[-41.05830084038428, -10.843371699782953]]",30.214929140601324,18,-250,100,False,False,False
R01ZF,R01ZF_SARF000037,37,1233,FULL_CONTEXT_OFFLINE,R01ZF_SARF000037__FULL_CONTEXT_OFFLINE__R01ZF_REUSED_R01ZF_PERSON001,R01ZF_REUSED_R01ZF_PERSON001,9,1000,1444,True,R01ZF_REUSED_R01ZF_PERSON001,"[[-11.095882249144879, 19.44937418406984]]",30.545256433214718,22,-250,250,False,False,False
R01ZF,R01ZF_SARF000037,37,1233,FULL_CONTEXT_OFFLINE,R01ZF_SARF000037__FULL_CONTEXT_OFFLINE__R01ZF_REUSED_R01ZF_PERSON002,R01ZF_REUSED_R01ZF_PERSON002,9,1000,1444,True,R01ZF_REUSED_R01ZF_PERSON002,"[[-6.3142114699483685, 24.79579277386847]]",31.11000424381684,20,-250,250,False,False,False
R01ZF,R01ZF_SARF000037,37,1233,FULL_CONTEXT_OFFLINE,R01ZF_SARF000037__FULL_CONTEXT_OFFLINE__R01ZF_REUSED_R01ZF_PERSON003,R01ZF_REUSED_R01ZF_PERSON003,9,1000,1444,True,R01ZF_REUSED_R01ZF_PERSON003,"[[-41.05830084038428, -7.599597821060129]]",33.45870301932415,20,-250,250,False,False,False
R01ZF,R01ZF_SARF000038,38,1267,CAUSAL_REPLAY,R01ZF_SARF000038__CAUSAL_REPLAY__R01ZF_REUSED_R01ZF_PERSON001,R01ZF_REUSED_R01ZF_PERSON001,4,1056,1222,False,R01ZF_REUSED_R01ZF_PERSON001,"[[-9.31280200994626, 12.741788344278831]]",22.05459035422509,18,-250,0,False,False,False
R01ZF,R01ZF_SARF000038,38,1267,CAUSAL_REPLAY,R01ZF_SARF000038__CAUSAL_REPLAY__R01ZF_REUSED_R01ZF_PERSON002,R01ZF_REUSED_R01ZF_PERSON002,4,1056,1222,False,R01ZF_REUSED_R01ZF_PERSON002,"[[-4.65814000210662, 18.05481989269237]]",22.712959894798992,16,-250,0,False,False,False
R01ZF,R01ZF_SARF000038,38,1267,CAUSAL_REPLAY,R01ZF_SARF000038__CAUSAL_REPLAY__R01ZF_REUSED_R01ZF_PERSON003,R01ZF_REUSED_R01ZF_PERSON003,4,1056,1222,False,R01ZF_REUSED_R01ZF_PERSON003,"[[-39.17344497254034, -14.005141119734258]]",25.16830385280608,16,-250,0,False,False,False
R01ZF,R01ZF_SARF000038,38,1267,FIXED_LAG_100MS,R01ZF_SARF000038__FIXED_LAG_100MS__R01ZF_REUSED_R01ZF_PERSON001,R01ZF_REUSED_R01ZF_PERSON001,6,1056,1333,True,R01ZF_REUSED_R01ZF_PERSON001,"[[-9.31280200994626, 16.03927379265273]]",25.35207580259899,18,-250,100,False,False,False
R01ZF,R01ZF_SARF000038,38,1267,FIXED_LAG_100MS,R01ZF_SARF000038__FIXED_LAG_100MS__R01ZF_REUSED_R01ZF_PERSON002,R01ZF_REUSED_R01ZF_PERSON002,6,1056,1333,True,R01ZF_REUSED_R01ZF_PERSON002,"[[-4.65814000210662, 21.623460718711357]]",26.281600720817977,19,-250,100,False,False,False
R01ZF,R01ZF_SARF000038,38,1267,FIXED_LAG_100MS,R01ZF_SARF000038__FIXED_LAG_100MS__R01ZF_REUSED_R01ZF_PERSON003,R01ZF_REUSED_R01ZF_PERSON003,6,1056,1333,True,R01ZF_REUSED_R01ZF_PERSON003,"[[-39.17344497254034, -10.843371699782953]]",28.330073272757385,18,-250,100,False,False,False
R01ZF,R01ZF_SARF000038,38,1267,FULL_CONTEXT_OFFLINE,R01ZF_SARF000038__FULL_CONTEXT_OFFLINE__R01ZF_REUSED_R01ZF_PERSON001,R01ZF_REUSED_R01ZF_PERSON001,9,1056,1500,True,R01ZF_REUSED_R01ZF_PERSON001,"[[-9.31280200994626, 21.12732609377698]]",30.44012810372324,22,-250,250,False,False,False
R01ZF,R01ZF_SARF000038,38,1267,FULL_CONTEXT_OFFLINE,R01ZF_SARF000038__FULL_CONTEXT_OFFLINE__R01ZF_REUSED_R01ZF_PERSON002,R01ZF_REUSED_R01ZF_PERSON002,9,1056,1500,True,R01ZF_REUSED_R01ZF_PERSON002,"[[-4.65814000210662, 26.34123162373284]]",30.99937162583946,20,-250,250,False,False,False
R01ZF,R01ZF_SARF000038,38,1267,FULL_CONTEXT_OFFLINE,R01ZF_SARF000038__FULL_CONTEXT_OFFLINE__R01ZF_REUSED_R01ZF_PERSON003,R01ZF_REUSED_R01ZF_PERSON003,9,1056,1500,True,R01ZF_REUSED_R01ZF_PERSON003,"[[-39.17344497254034, -5.958593976749235]]",33.2148509957911,21,-250,250,False,False,False
R01ZF,R01ZF_SARF000039,39,1300,CAUSAL_REPLAY,R01ZF_SARF000039__CAUSAL_REPLAY__R01ZF_REUSED_R01ZF_PERSON001,R01ZF_REUSED_R01ZF_PERSON001,5,1056,1278,False,R01ZF_REUSED_R01ZF_PERSON001,"[[-9.31280200994626, 14.372974959690588]]",23.685776969636848,17,-250,0,False,False,False
R01ZF,R01ZF_SARF000039,39,1300,CAUSAL_REPLAY,R01ZF_SARF000039__CAUSAL_REPLAY__R01ZF_REUSED_R01ZF_PERSON002,R01ZF_REUSED_R01ZF_PERSON002,5,1056,1278,False,R01ZF_REUSED_R01ZF_PERSON002,"[[-4.65814000210662, 19.808790225379745]]",24.466930227486365,17,-250,0,False,False,False
R01ZF,R01ZF_SARF000039,39,1300,CAUSAL_REPLAY,R01ZF_SARF000039__CAUSAL_REPLAY__R01ZF_REUSED_R01ZF_PERSON003,R01ZF_REUSED_R01ZF_PERSON003,5,1056,1278,False,R01ZF_REUSED_R01ZF_PERSON003,"[[-39.17344497254034, -12.42204948628659]]",26.75139548625375,17,-250,0,False,False,False
R01ZF,R01ZF_SARF000039,39,1300,FIXED_LAG_100MS,R01ZF_SARF000039__FIXED_LAG_100MS__R01ZF_REUSED_R01ZF_PERSON001,R01ZF_REUSED_R01ZF_PERSON001,7,1056,1389,True,R01ZF_REUSED_R01ZF_PERSON001,"[[-9.31280200994626, 17.73835748286688]]",27.05115949281314,19,-250,100,False,False,False
R01ZF,R01ZF_SARF000039,39,1300,FIXED_LAG_100MS,R01ZF_SARF000039__FIXED_LAG_100MS__R01ZF_REUSED_R01ZF_PERSON002,R01ZF_REUSED_R01ZF_PERSON002,7,1056,1389,True,R01ZF_REUSED_R01ZF_PERSON002,"[[-4.65814000210662, 23.09146845416703]]",27.74960845627365,19,-250,100,False,False,False
R01ZF,R01ZF_SARF000039,39,1300,FIXED_LAG_100MS,R01ZF_SARF000039__FIXED_LAG_100MS__R01ZF_REUSED_R01ZF_PERSON003,R01ZF_REUSED_R01ZF_PERSON003,7,1056,1389,True,R01ZF_REUSED_R01ZF_PERSON003,"[[-39.17344497254034, -9.241750697798206]]",29.93169427474213,20,-250,100,False,False,False
R01ZF,R01ZF_SARF000039,39,1300,FULL_CONTEXT_OFFLINE,R01ZF_SARF000039__FULL_CONTEXT_OFFLINE__R01ZF_REUSED_R01ZF_PERSON001,R01ZF_REUSED_R01ZF_PERSON001,9,1056,1500,True,R01ZF_REUSED_R01ZF_PERSON001,"[[-9.31280200994626, 21.12732609377698]]",30.44012810372324,20,-250,250,False,False,False
R01ZF,R01ZF_SARF000039,39,1300,FULL_CONTEXT_OFFLINE,R01ZF_SARF000039__FULL_CONTEXT_OFFLINE__R01ZF_REUSED_R01ZF_PERSON002,R01ZF_REUSED_R01ZF_PERSON002,9,1056,1500,True,R01ZF_REUSED_R01ZF_PERSON002,"[[-4.65814000210662, 26.34123162373284]]",30.99937162583946,19,-250,250,False,False,False
R01ZF,R01ZF_SARF000039,39,1300,FULL_CONTEXT_OFFLINE,R01ZF_SARF000039__FULL_CONTEXT_OFFLINE__R01ZF_REUSED_R01ZF_PERSON003,R01ZF_REUSED_R01ZF_PERSON003,9,1056,1500,True,R01ZF_REUSED_R01ZF_PERSON003,"[[-39.17344497254034, -5.958593976749235]]",33.2148509957911,21,-250,250,False,False,False
R01ZF,R01ZF_SARF000040,40,1333,CAUSAL_REPLAY,R01ZF_SARF000040__CAUSAL_REPLAY__R01ZF_REUSED_R01ZF_PERSON001,R01ZF_REUSED_R01ZF_PERSON001,5,1111,1333,False,R01ZF_REUSED_R01ZF_PERSON001,"[[-7.553805881032012, 16.03927379265273]]",23.59307967368474,9,-250,0,False,False,False
R01ZF,R01ZF_SARF000040,40,1333,CAUSAL_REPLAY,R01ZF_SARF000040__CAUSAL_REPLAY__R01ZF_REUSED_R01ZF_PERSON002,R01ZF_REUSED_R01ZF_PERSON002,5,1111,1333,False,R01ZF_REUSED_R01ZF_PERSON002,"[[-2.9948651100086323, 21.623460718711357]]",24.61832582871999,10,-250,0,False,False,False
R01ZF,R01ZF_SARF000040,40,1333,CAUSAL_REPLAY,R01ZF_SARF000040__CAUSAL_REPLAY__R01ZF_REUSED_R01ZF_PERSON003,R01ZF_REUSED_R01ZF_PERSON003,5,1111,1333,False,R01ZF_REUSED_R01ZF_PERSON003,"[[-37.337849394332856, -10.843371699782953]]",26.494477694549904,13,-250,0,False,False,False
R01ZF,R01ZF_SARF000040,40,1333,FIXED_LAG_100MS,R01ZF_SARF000040__FIXED_LAG_100MS__R01ZF_REUSED_R01ZF_PERSON001,R01ZF_REUSED_R01ZF_PERSON001,6,1111,1389,True,R01ZF_REUSED_R01ZF_PERSON001,"[[-7.553805881032012, 17.73835748286688]]",25.292163363898894,10,-250,100,False,False,False
R01ZF,R01ZF_SARF000040,40,1333,FIXED_LAG_100MS,R01ZF_SARF000040__FIXED_LAG_100MS__R01ZF_REUSED_R01ZF_PERSON002,R01ZF_REUSED_R01ZF_PERSON002,6,1111,1389,True,R01ZF_REUSED_R01ZF_PERSON002,"[[-2.9948651100086323, 23.09146845416703]]",26.08633356417566,11,-250,100,False,False,False
R01ZF,R01ZF_SARF000040,40,1333,FIXED_LAG_100MS,R01ZF_SARF000040__FIXED_LAG_100MS__R01ZF_REUSED_R01ZF_PERSON003,R01ZF_REUSED_R01ZF_PERSON003,6,1111,1389,True,R01ZF_REUSED_R01ZF_PERSON003,"[[-37.337849394332856, -9.241750697798206]]",28.09609869653465,13,-250,100,False,False,False
R01ZF,R01ZF_SARF000040,40,1333,FULL_CONTEXT_OFFLINE,R01ZF_SARF000040__FULL_CONTEXT_OFFLINE__R01ZF_REUSED_R01ZF_PERSON001,R01ZF_REUSED_R01ZF_PERSON001,9,1111,1556,True,R01ZF_REUSED_R01ZF_PERSON001,"[[-7.553805881032012, 22.8108376278063]]",30.364643508838313,12,-250,250,False,False,False
R01ZF,R01ZF_SARF000040,40,1333,FULL_CONTEXT_OFFLINE,R01ZF_SARF000040__FULL_CONTEXT_OFFLINE__R01ZF_REUSED_R01ZF_PERSON002,R01ZF_REUSED_R01ZF_PERSON002,9,1111,1556,True,R01ZF_REUSED_R01ZF_PERSON002,"[[-2.9948651100086323, 28.000974787263658]]",30.99583989727229,14,-250,250,False,False,False
R01ZF,R01ZF_SARF000040,40,1333,FULL_CONTEXT_OFFLINE,R01ZF_SARF000040__FULL_CONTEXT_OFFLINE__R01ZF_REUSED_R01ZF_PERSON003,R01ZF_REUSED_R01ZF_PERSON003,9,1111,1556,True,R01ZF_REUSED_R01ZF_PERSON003,"[[-37.337849394332856, -4.321060015068483]]",33.016789379264374,13,-250,250,False,False,False
R01ZF,R01ZF_SARF000041,41,1367,CAUSAL_REPLAY,R01ZF_SARF000041__CAUSAL_REPLAY__R01ZF_REUSED_R01ZF_PERSON001,R01ZF_REUSED_R01ZF_PERSON001,4,1167,1333,False,R01ZF_REUSED_R01ZF_PERSON001,"[[-5.798862288584083, 16.03927379265273]]",21.83813608123681,12,-250,0,False,False,False
R01ZF,R01ZF_SARF000041,41,1367,CAUSAL_REPLAY,R01ZF_SARF000041__CAUSAL_REPLAY__R01ZF_REUSED_R01ZF_PERSON002,R01ZF_REUSED_R01ZF_PERSON002,4,1167,1333,False,R01ZF_REUSED_R01ZF_PERSON002,"[[-1.3507657137494533, 21.623460718711357]]",22.97422643246081,13,-250,0,False,False,False
R01ZF,R01ZF_SARF000041,41,1367,CAUSAL_REPLAY,R01ZF_SARF000041__CAUSAL_REPLAY__R01ZF_REUSED_R01ZF_PERSON003,R01ZF_REUSED_R01ZF_PERSON003,4,1167,1333,False,R01ZF_REUSED_R01ZF_PERSON003,"[[-35.5306280814824, -10.843371699782953]]",24.687256381699445,14,-250,0,False,False,False
R01ZF,R01ZF_SARF000041,41,1367,FIXED_LAG_100MS,R01ZF_SARF000041__FIXED_LAG_100MS__R01ZF_REUSED_R01ZF_PERSON001,R01ZF_REUSED_R01ZF_PERSON001,6,1167,1444,True,R01ZF_REUSED_R01ZF_PERSON001,"[[-5.798862288584083, 19.44937418406984]]",25.24823647265392,13,-250,100,False,False,False
R01ZF,R01ZF_SARF000041,41,1367,FIXED_LAG_100MS,R01ZF_SARF000041__FIXED_LAG_100MS__R01ZF_REUSED_R01ZF_PERSON002,R01ZF_REUSED_R01ZF_PERSON002,6,1167,1444,True,R01ZF_REUSED_R01ZF_PERSON002,"[[-1.3507657137494533, 24.79579277386847]]",26.146558487617924,14,-250,100,False,False,False
R01ZF,R01ZF_SARF000041,41,1367,FIXED_LAG_100MS,R01ZF_SARF000041__FIXED_LAG_100MS__R01ZF_REUSED_R01ZF_PERSON003,R01ZF_REUSED_R01ZF_PERSON003,6,1167,1444,True,R01ZF_REUSED_R01ZF_PERSON003,"[[-35.5306280814824, -7.599597821060129]]",27.93103026042227,17,-250,100,False,False,False
R01ZF,R01ZF_SARF000041,41,1367,FULL_CONTEXT_OFFLINE,R01ZF_SARF000041__FULL_CONTEXT_OFFLINE__R01ZF_REUSED_R01ZF_PERSON001,R01ZF_REUSED_R01ZF_PERSON001,9,1167,1611,True,R01ZF_REUSED_R01ZF_PERSON001,"[[-5.798862288584083, 24.516665780314554]]",30.315528068898637,14,-250,250,False,False,False
R01ZF,R01ZF_SARF000041,41,1367,FULL_CONTEXT_OFFLINE,R01ZF_SARF000041__FULL_CONTEXT_OFFLINE__R01ZF_REUSED_R01ZF_PERSON002,R01ZF_REUSED_R01ZF_PERSON002,9,1167,1611,True,R01ZF_REUSED_R01ZF_PERSON002,"[[-1.3507657137494533, 29.648342253091386]]",30.99910796684084,15,-250,250,False,False,False
R01ZF,R01ZF_SARF000041,41,1367,FULL_CONTEXT_OFFLINE,R01ZF_SARF000041__FULL_CONTEXT_OFFLINE__R01ZF_REUSED_R01ZF_PERSON003,R01ZF_REUSED_R01ZF_PERSON003,9,1167,1611,True,R01ZF_REUSED_R01ZF_PERSON003,"[[-35.5306280814824, -2.7168805442771244]]",32.81374753720527,18,-250,250,False,False,False
R01ZF,R01ZF_SARF000042,42,1400,CAUSAL_REPLAY,R01ZF_SARF000042__CAUSAL_REPLAY__R01ZF_REUSED_R01ZF_PERSON001,R01ZF_REUSED_R01ZF_PERSON001,5,1167,1389,False,R01ZF_REUSED_R01ZF_PERSON001,"[[-5.798862288584083, 17.73835748286688]]",23.537219771450964,16,-250,0,False,False,False
R01ZF,R01ZF_SARF000042,42,1400,CAUSAL_REPLAY,R01ZF_SARF000042__CAUSAL_REPLAY__R01ZF_REUSED_R01ZF_PERSON002,R01ZF_REUSED_R01ZF_PERSON002,5,1167,1389,False,R01ZF_REUSED_R01ZF_PERSON002,"[[-1.3507657137494533, 23.09146845416703]]",24.44223416791648,14,-250,0,False,False,False
R01ZF,R01ZF_SARF000042,42,1400,CAUSAL_REPLAY,R01ZF_SARF000042__CAUSAL_REPLAY__R01ZF_REUSED_R01ZF_PERSON003,R01ZF_REUSED_R01ZF_PERSON003,5,1167,1389,False,R01ZF_REUSED_R01ZF_PERSON003,"[[-35.5306280814824, -9.241750697798206]]",26.28887738368419,20,-250,0,False,False,False
R01ZF,R01ZF_SARF000042,42,1400,FIXED_LAG_100MS,R01ZF_SARF000042__FIXED_LAG_100MS__R01ZF_REUSED_R01ZF_PERSON001,R01ZF_REUSED_R01ZF_PERSON001,7,1167,1500,True,R01ZF_REUSED_R01ZF_PERSON001,"[[-5.798862288584083, 21.12732609377698]]",26.92618838236106,18,-250,100,False,False,False
R01ZF,R01ZF_SARF000042,42,1400,FIXED_LAG_100MS,R01ZF_SARF000042__FIXED_LAG_100MS__R01ZF_REUSED_R01ZF_PERSON002,R01ZF_REUSED_R01ZF_PERSON002,7,1167,1500,True,R01ZF_REUSED_R01ZF_PERSON002,"[[-1.3507657137494533, 26.34123162373284]]",27.69199733748229,15,-250,100,False,False,False
R01ZF,R01ZF_SARF000042,42,1400,FIXED_LAG_100MS,R01ZF_SARF000042__FIXED_LAG_100MS__R01ZF_REUSED_R01ZF_PERSON003,R01ZF_REUSED_R01ZF_PERSON003,7,1167,1500,True,R01ZF_REUSED_R01ZF_PERSON003,"[[-35.5306280814824, -5.958593976749235]]",29.572034104733163,22,-250,100,False,False,False
R01ZF,R01ZF_SARF000042,42,1400,FULL_CONTEXT_OFFLINE,R01ZF_SARF000042__FULL_CONTEXT_OFFLINE__R01ZF_REUSED_R01ZF_PERSON001,R01ZF_REUSED_R01ZF_PERSON001,9,1167,1611,True,R01ZF_REUSED_R01ZF_PERSON001,"[[-5.798862288584083, 24.516665780314554]]",30.315528068898637,19,-250,250,False,False,False
R01ZF,R01ZF_SARF000042,42,1400,FULL_CONTEXT_OFFLINE,R01ZF_SARF000042__FULL_CONTEXT_OFFLINE__R01ZF_REUSED_R01ZF_PERSON002,R01ZF_REUSED_R01ZF_PERSON002,9,1167,1611,True,R01ZF_REUSED_R01ZF_PERSON002,"[[-1.3507657137494533, 29.648342253091386]]",30.99910796684084,16,-250,250,False,False,False
R01ZF,R01ZF_SARF000042,42,1400,FULL_CONTEXT_OFFLINE,R01ZF_SARF000042__FULL_CONTEXT_OFFLINE__R01ZF_REUSED_R01ZF_PERSON003,R01ZF_REUSED_R01ZF_PERSON003,9,1167,1611,True,R01ZF_REUSED_R01ZF_PERSON003,"[[-35.5306280814824, -2.7168805442771244]]",32.81374753720527,25,-250,250,False,False,False
R01ZF,R01ZF_SARF000043,43,1433,CAUSAL_REPLAY,R01ZF_SARF000043__CAUSAL_REPLAY__R01ZF_REUSED_R01ZF_PERSON001,R01ZF_REUSED_R01ZF_PERSON001,4,1222,1389,False,R01ZF_REUSED_R01ZF_PERSON001,"[[-4.058520847609479, 17.73835748286688]]",21.79687833047636,17,-250,0,False,False,False
R01ZF,R01ZF_SARF000043,43,1433,CAUSAL_REPLAY,R01ZF_SARF000043__CAUSAL_REPLAY__R01ZF_REUSED_R01ZF_PERSON002,R01ZF_REUSED_R01ZF_PERSON002,4,1222,1389,False,R01ZF_REUSED_R01ZF_PERSON002,"[[0.30036458915103736, 23.09146845416703]]",22.79110386501599,16,-250,0,False,False,False
R01ZF,R01ZF_SARF000043,43,1433,CAUSAL_REPLAY,R01ZF_SARF000043__CAUSAL_REPLAY__R01ZF_REUSED_R01ZF_PERSON003,R01ZF_REUSED_R01ZF_PERSON003,4,1222,1389,False,R01ZF_REUSED_R01ZF_PERSON003,"[[-33.64824767868265, -9.241750697798206]]",24.406496980884445,17,-250,0,False,False,False
R01ZF,R01ZF_SARF000043,43,1433,FIXED_LAG_100MS,R01ZF_SARF000043__FIXED_LAG_100MS__R01ZF_REUSED_R01ZF_PERSON001,R01ZF_REUSED_R01ZF_PERSON001,6,1222,1500,True,R01ZF_REUSED_R01ZF_PERSON001,"[[-4.058520847609479, 21.12732609377698]]",25.18584694138646,18,-250,100,False,False,False
R01ZF,R01ZF_SARF000043,43,1433,FIXED_LAG_100MS,R01ZF_SARF000043__FIXED_LAG_100MS__R01ZF_REUSED_R01ZF_PERSON002,R01ZF_REUSED_R01ZF_PERSON002,6,1222,1500,True,R01ZF_REUSED_R01ZF_PERSON002,"[[0.30036458915103736, 26.34123162373284]]",26.0408670345818,17,-250,100,False,False,False
R01ZF,R01ZF_SARF000043,43,1433,FIXED_LAG_100MS,R01ZF_SARF000043__FIXED_LAG_100MS__R01ZF_REUSED_R01ZF_PERSON003,R01ZF_REUSED_R01ZF_PERSON003,6,1222,1500,True,R01ZF_REUSED_R01ZF_PERSON003,"[[-33.64824767868265, -5.958593976749235]]",27.689653701933416,19,-250,100,False,False,False
R01ZF,R01ZF_SARF000043,43,1433,FULL_CONTEXT_OFFLINE,R01ZF_SARF000043__FULL_CONTEXT_OFFLINE__R01ZF_REUSED_R01ZF_PERSON001,R01ZF_REUSED_R01ZF_PERSON001,9,1222,1667,True,R01ZF_REUSED_R01ZF_PERSON001,"[[-4.058520847609479, 26.229544369755672]]",30.28806521736515,20,-250,250,False,False,False
R01ZF,R01ZF_SARF000043,43,1433,FULL_CONTEXT_OFFLINE,R01ZF_SARF000043__FULL_CONTEXT_OFFLINE__R01ZF_REUSED_R01ZF_PERSON002,R01ZF_REUSED_R01ZF_PERSON002,9,1222,1667,True,R01ZF_REUSED_R01ZF_PERSON002,"[[0.30036458915103736, 31.262319422482335]]",30.961954833331298,18,-250,250,False,False,False
R01ZF,R01ZF_SARF000043,43,1433,FULL_CONTEXT_OFFLINE,R01ZF_SARF000043__FULL_CONTEXT_OFFLINE__R01ZF_REUSED_R01ZF_PERSON003,R01ZF_REUSED_R01ZF_PERSON003,9,1222,1667,True,R01ZF_REUSED_R01ZF_PERSON003,"[[-33.64824767868265, -1.106513224635549]]",32.5417344540471,23,-250,250,False,False,False
R01ZF,R01ZF_SARF000044,44,1467,CAUSAL_REPLAY,R01ZF_SARF000044__CAUSAL_REPLAY__R01ZF_REUSED_R01ZF_PERSON001,R01ZF_REUSED_R01ZF_PERSON001,5,1222,1444,False,R01ZF_REUSED_R01ZF_PERSON001,"[[-4.058520847609479, 19.44937418406984]]",23.50789503167932,20,-250,0,False,False,False
R01ZF,R01ZF_SARF000044,44,1467,CAUSAL_REPLAY,R01ZF_SARF000044__CAUSAL_REPLAY__R01ZF_REUSED_R01ZF_PERSON002,R01ZF_REUSED_R01ZF_PERSON002,5,1222,1444,False,R01ZF_REUSED_R01ZF_PERSON002,"[[0.30036458915103736, 24.79579277386847]]",24.495428184717433,21,-250,0,False,False,False
R01ZF,R01ZF_SARF000044,44,1467,CAUSAL_REPLAY,R01ZF_SARF000044__CAUSAL_REPLAY__R01ZF_REUSED_R01ZF_PERSON003,R01ZF_REUSED_R01ZF_PERSON003,5,1222,1444,False,R01ZF_REUSED_R01ZF_PERSON003,"[[-33.64824767868265, -7.599597821060129]]",26.04864985762252,20,-250,0,False,False,False
R01ZF,R01ZF_SARF000044,44,1467,FIXED_LAG_100MS,R01ZF_SARF000044__FIXED_LAG_100MS__R01ZF_REUSED_R01ZF_PERSON001,R01ZF_REUSED_R01ZF_PERSON001,7,1222,1556,True,R01ZF_REUSED_R01ZF_PERSON001,"[[-4.058520847609479, 22.8108376278063]]",26.86935847541578,23,-250,100,False,False,False
R01ZF,R01ZF_SARF000044,44,1467,FIXED_LAG_100MS,R01ZF_SARF000044__FIXED_LAG_100MS__R01ZF_REUSED_R01ZF_PERSON002,R01ZF_REUSED_R01ZF_PERSON002,7,1222,1556,True,R01ZF_REUSED_R01ZF_PERSON002,"[[0.30036458915103736, 28.000974787263658]]",27.70061019811262,22,-250,100,False,False,False
R01ZF,R01ZF_SARF000044,44,1467,FIXED_LAG_100MS,R01ZF_SARF000044__FIXED_LAG_100MS__R01ZF_REUSED_R01ZF_PERSON003,R01ZF_REUSED_R01ZF_PERSON003,7,1222,1556,True,R01ZF_REUSED_R01ZF_PERSON003,"[[-33.64824767868265, -4.321060015068483]]",29.32718766361417,22,-250,100,False,False,False
R01ZF,R01ZF_SARF000044,44,1467,FULL_CONTEXT_OFFLINE,R01ZF_SARF000044__FULL_CONTEXT_OFFLINE__R01ZF_REUSED_R01ZF_PERSON001,R01ZF_REUSED_R01ZF_PERSON001,9,1222,1667,True,R01ZF_REUSED_R01ZF_PERSON001,"[[-4.058520847609479, 26.229544369755672]]",30.28806521736515,24,-250,250,False,False,False
R01ZF,R01ZF_SARF000044,44,1467,FULL_CONTEXT_OFFLINE,R01ZF_SARF000044__FULL_CONTEXT_OFFLINE__R01ZF_REUSED_R01ZF_PERSON002,R01ZF_REUSED_R01ZF_PERSON002,9,1222,1667,True,R01ZF_REUSED_R01ZF_PERSON002,"[[0.30036458915103736, 31.262319422482335]]",30.961954833331298,23,-250,250,False,False,False
R01ZF,R01ZF_SARF000044,44,1467,FULL_CONTEXT_OFFLINE,R01ZF_SARF000044__FULL_CONTEXT_OFFLINE__R01ZF_REUSED_R01ZF_PERSON003,R01ZF_REUSED_R01ZF_PERSON003,9,1222,1667,True,R01ZF_REUSED_R01ZF_PERSON003,"[[-33.64824767868265, -1.106513224635549]]",32.5417344540471,25,-250,250,False,False,False
R01ZF,R01ZF_SARF000045,45,1500,CAUSAL_REPLAY,R01ZF_SARF000045__CAUSAL_REPLAY__R01ZF_REUSED_R01ZF_PERSON001,R01ZF_REUSED_R01ZF_PERSON001,5,1278,1500,False,R01ZF_REUSED_R01ZF_PERSON001,"[[-2.345525076387055, 21.12732609377698]]",23.472851170164034,17,-250,0,False,False,False
R01ZF,R01ZF_SARF000045,45,1500,CAUSAL_REPLAY,R01ZF_SARF000045__CAUSAL_REPLAY__R01ZF_REUSED_R01ZF_PERSON002,R01ZF_REUSED_R01ZF_PERSON002,5,1278,1500,False,R01ZF_REUSED_R01ZF_PERSON002,"[[1.8757596583641245, 26.34123162373284]]",24.465471965368714,14,-250,0,False,False,False
R01ZF,R01ZF_SARF000045,45,1500,CAUSAL_REPLAY,R01ZF_SARF000045__CAUSAL_REPLAY__R01ZF_REUSED_R01ZF_PERSON003,R01ZF_REUSED_R01ZF_PERSON003,5,1278,1500,False,R01ZF_REUSED_R01ZF_PERSON003,"[[-31.730820159321247, -5.958593976749235]]",25.772226182572012,22,-250,0,False,False,False
R01ZF,R01ZF_SARF000045,45,1500,FIXED_LAG_100MS,R01ZF_SARF000045__FIXED_LAG_100MS__R01ZF_REUSED_R01ZF_PERSON001,R01ZF_REUSED_R01ZF_PERSON001,6,1278,1556,True,R01ZF_REUSED_R01ZF_PERSON001,"[[-2.345525076387055, 22.8108376278063]]",25.156362704193356,17,-250,100,False,False,False
R01ZF,R01ZF_SARF000045,45,1500,FIXED_LAG_100MS,R01ZF_SARF000045__FIXED_LAG_100MS__R01ZF_REUSED_R01ZF_PERSON002,R01ZF_REUSED_R01ZF_PERSON002,6,1278,1556,True,R01ZF_REUSED_R01ZF_PERSON002,"[[1.8757596583641245, 28.000974787263658]]",26.125215128899534,14,-250,100,False,False,False
R01ZF,R01ZF_SARF000045,45,1500,FIXED_LAG_100MS,R01ZF_SARF000045__FIXED_LAG_100MS__R01ZF_REUSED_R01ZF_PERSON003,R01ZF_REUSED_R01ZF_PERSON003,6,1278,1556,True,R01ZF_REUSED_R01ZF_PERSON003,"[[-31.730820159321247, -4.321060015068483]]",27.409760144252765,23,-250,100,False,False,False
R01ZF,R01ZF_SARF000045,45,1500,FULL_CONTEXT_OFFLINE,R01ZF_SARF000045__FULL_CONTEXT_OFFLINE__R01ZF_REUSED_R01ZF_PERSON001,R01ZF_REUSED_R01ZF_PERSON001,9,1278,1722,True,R01ZF_REUSED_R01ZF_PERSON001,"[[-2.345525076387055, 27.917027064017404]]",30.26255214040446,20,-250,250,False,False,False
R01ZF,R01ZF_SARF000045,45,1500,FULL_CONTEXT_OFFLINE,R01ZF_SARF000045__FULL_CONTEXT_OFFLINE__R01ZF_REUSED_R01ZF_PERSON002,R01ZF_REUSED_R01ZF_PERSON002,9,1278,1722,True,R01ZF_REUSED_R01ZF_PERSON002,"[[1.8757596583641245, 32.80782337333544]]",30.932063714971314,18,-250,250,False,False,False
R01ZF,R01ZF_SARF000045,45,1500,FULL_CONTEXT_OFFLINE,R01ZF_SARF000045__FULL_CONTEXT_OFFLINE__R01ZF_REUSED_R01ZF_PERSON003,R01ZF_REUSED_R01ZF_PERSON003,9,1278,1722,True,R01ZF_REUSED_R01ZF_PERSON003,"[[-31.730820159321247, 0.5262683649640465]]",32.257088524285294,30,-250,250,False,False,False
R01ZF,R01ZF_SARF000046,46,1533,CAUSAL_REPLAY,R01ZF_SARF000046__CAUSAL_REPLAY__R01ZF_REUSED_R01ZF_PERSON001,R01ZF_REUSED_R01ZF_PERSON001,4,1333,1500,False,R01ZF_REUSED_R01ZF_PERSON001,"[[-0.7027049145298463, 21.12732609377698]]",21.830031008306825,16,-250,0,False,False,False
R01ZF,R01ZF_SARF000046,46,1533,CAUSAL_REPLAY,R01ZF_SARF000046__CAUSAL_REPLAY__R01ZF_REUSED_R01ZF_PERSON002,R01ZF_REUSED_R01ZF_PERSON002,4,1333,1500,False,R01ZF_REUSED_R01ZF_PERSON002,"[[3.576334161188953, 26.34123162373284]]",22.764897462543885,14,-250,0,False,False,False
R01ZF,R01ZF_SARF000046,46,1533,CAUSAL_REPLAY,R01ZF_SARF000046__CAUSAL_REPLAY__R01ZF_REUSED_R01ZF_PERSON003,R01ZF_REUSED_R01ZF_PERSON003,4,1333,1500,False,R01ZF_REUSED_R01ZF_PERSON003,"[[-29.800092508234425, -5.958593976749235]]",23.84149853148519,20,-250,0,False,False,False
R01ZF,R01ZF_SARF000046,46,1533,FIXED_LAG_100MS,R01ZF_SARF000046__FIXED_LAG_100MS__R01ZF_REUSED_R01ZF_PERSON001,R01ZF_REUSED_R01ZF_PERSON001,6,1333,1611,True,R01ZF_REUSED_R01ZF_PERSON001,"[[-0.7027049145298463, 24.516665780314554]]",25.2193706948444,17,-250,100,False,False,False
R01ZF,R01ZF_SARF000046,46,1533,FIXED_LAG_100MS,R01ZF_SARF000046__FIXED_LAG_100MS__R01ZF_REUSED_R01ZF_PERSON002,R01ZF_REUSED_R01ZF_PERSON002,6,1333,1611,True,R01ZF_REUSED_R01ZF_PERSON002,"[[3.576334161188953, 29.648342253091386]]",26.072008091902433,15,-250,100,False,False,False
R01ZF,R01ZF_SARF000046,46,1533,FIXED_LAG_100MS,R01ZF_SARF000046__FIXED_LAG_100MS__R01ZF_REUSED_R01ZF_PERSON003,R01ZF_REUSED_R01ZF_PERSON003,6,1333,1611,True,R01ZF_REUSED_R01ZF_PERSON003,"[[-29.800092508234425, -2.7168805442771244]]",27.0832119639573,22,-250,100,False,False,False
R01ZF,R01ZF_SARF000046,46,1533,FULL_CONTEXT_OFFLINE,R01ZF_SARF000046__FULL_CONTEXT_OFFLINE__R01ZF_REUSED_R01ZF_PERSON001,R01ZF_REUSED_R01ZF_PERSON001,9,1333,1778,True,R01ZF_REUSED_R01ZF_PERSON001,"[[-0.7027049145298463, 29.548334116254182]]",30.25103903078403,19,-250,250,False,False,False
R01ZF,R01ZF_SARF000046,46,1533,FULL_CONTEXT_OFFLINE,R01ZF_SARF000046__FULL_CONTEXT_OFFLINE__R01ZF_REUSED_R01ZF_PERSON002,R01ZF_REUSED_R01ZF_PERSON002,9,1333,1778,True,R01ZF_REUSED_R01ZF_PERSON002,"[[3.576334161188953, 34.49163437190545]]",30.915300210716495,18,-250,250,False,False,False
R01ZF,R01ZF_SARF000046,46,1533,FULL_CONTEXT_OFFLINE,R01ZF_SARF000046__FULL_CONTEXT_OFFLINE__R01ZF_REUSED_R01ZF_PERSON003,R01ZF_REUSED_R01ZF_PERSON003,9,1333,1778,True,R01ZF_REUSED_R01ZF_PERSON003,"[[-29.800092508234425, 2.178743003255235]]",31.97883551148966,26,-250,250,False,False,False
R01ZF,R01ZF_SARF000047,47,1567,CAUSAL_REPLAY,R01ZF_SARF000047__CAUSAL_REPLAY__R01ZF_REUSED_R01ZF_PERSON001,R01ZF_REUSED_R01ZF_PERSON001,5,1333,1556,False,R01ZF_REUSED_R01ZF_PERSON001,"[[-0.7027049145298463, 22.8108376278063]]",23.513542542336147,16,-250,0,False,False,False
R01ZF,R01ZF_SARF000047,47,1567,CAUSAL_REPLAY,R01ZF_SARF000047__CAUSAL_REPLAY__R01ZF_REUSED_R01ZF_PERSON002,R01ZF_REUSED_R01ZF_PERSON002,5,1333,1556,False,R01ZF_REUSED_R01ZF_PERSON002,"[[3.576334161188953, 28.000974787263658]]",24.424640626074705,15,-250,0,False,False,False
R01ZF,R01ZF_SARF000047,47,1567,CAUSAL_REPLAY,R01ZF_SARF000047__CAUSAL_REPLAY__R01ZF_REUSED_R01ZF_PERSON003,R01ZF_REUSED_R01ZF_PERSON003,5,1333,1556,False,R01ZF_REUSED_R01ZF_PERSON003,"[[-29.800092508234425, -4.321060015068483]]",25.479032493165942,20,-250,0,False,False,False
R01ZF,R01ZF_SARF000047,47,1567,FIXED_LAG_100MS,R01ZF_SARF000047__FIXED_LAG_100MS__R01ZF_REUSED_R01ZF_PERSON001,R01ZF_REUSED_R01ZF_PERSON001,7,1333,1667,True,R01ZF_REUSED_R01ZF_PERSON001,"[[-0.7027049145298463, 26.229544369755672]]",26.93224928428552,19,-250,100,False,False,False
R01ZF,R01ZF_SARF000047,47,1567,FIXED_LAG_100MS,R01ZF_SARF000047__FIXED_LAG_100MS__R01ZF_REUSED_R01ZF_PERSON002,R01ZF_REUSED_R01ZF_PERSON002,7,1333,1667,True,R01ZF_REUSED_R01ZF_PERSON002,"[[3.576334161188953, 31.262319422482335]]",27.685985261293382,17,-250,100,False,False,False
R01ZF,R01ZF_SARF000047,47,1567,FIXED_LAG_100MS,R01ZF_SARF000047__FIXED_LAG_100MS__R01ZF_REUSED_R01ZF_PERSON003,R01ZF_REUSED_R01ZF_PERSON003,7,1333,1667,True,R01ZF_REUSED_R01ZF_PERSON003,"[[-29.800092508234425, -1.106513224635549]]",28.693579283598876,22,-250,100,False,False,False
R01ZF,R01ZF_SARF000047,47,1567,FULL_CONTEXT_OFFLINE,R01ZF_SARF000047__FULL_CONTEXT_OFFLINE__R01ZF_REUSED_R01ZF_PERSON001,R01ZF_REUSED_R01ZF_PERSON001,9,1333,1778,True,R01ZF_REUSED_R01ZF_PERSON001,"[[-0.7027049145298463, 29.548334116254182]]",30.25103903078403,20,-250,250,False,False,False
R01ZF,R01ZF_SARF000047,47,1567,FULL_CONTEXT_OFFLINE,R01ZF_SARF000047__FULL_CONTEXT_OFFLINE__R01ZF_REUSED_R01ZF_PERSON002,R01ZF_REUSED_R01ZF_PERSON002,9,1333,1778,True,R01ZF_REUSED_R01ZF_PERSON002,"[[3.576334161188953, 34.49163437190545]]",30.915300210716495,19,-250,250,False,False,False
R01ZF,R01ZF_SARF000047,47,1567,FULL_CONTEXT_OFFLINE,R01ZF_SARF000047__FULL_CONTEXT_OFFLINE__R01ZF_REUSED_R01ZF_PERSON003,R01ZF_REUSED_R01ZF_PERSON003,9,1333,1778,True,R01ZF_REUSED_R01ZF_PERSON003,"[[-29.800092508234425, 2.178743003255235]]",31.97883551148966,26,-250,250,False,False,False
R01ZF,R01ZF_SARF000048,48,1600,CAUSAL_REPLAY,R01ZF_SARF000048__CAUSAL_REPLAY__R01ZF_REUSED_R01ZF_PERSON001,R01ZF_REUSED_R01ZF_PERSON001,4,1389,1556,False,R01ZF_REUSED_R01ZF_PERSON001,"[[0.9044496713847892, 22.8108376278063]]",21.90638795642151,15,-250,0,False,False,False
R01ZF,R01ZF_SARF000048,48,1600,CAUSAL_REPLAY,R01ZF_SARF000048__CAUSAL_REPLAY__R01ZF_REUSED_R01ZF_PERSON002,R01ZF_REUSED_R01ZF_PERSON002,4,1389,1556,False,R01ZF_REUSED_R01ZF_PERSON002,"[[5.209158066434021, 28.000974787263658]]",22.791816720829637,15,-250,0,False,False,False
R01ZF,R01ZF_SARF000048,48,1600,CAUSAL_REPLAY,R01ZF_SARF000048__CAUSAL_REPLAY__R01ZF_REUSED_R01ZF_PERSON003,R01ZF_REUSED_R01ZF_PERSON003,4,1389,1556,False,R01ZF_REUSED_R01ZF_PERSON003,"[[-27.8050141586317, -4.321060015068483]]",23.483954143563217,21,-250,0,False,False,False
R01ZF,R01ZF_SARF000048,48,1600,FIXED_LAG_100MS,R01ZF_SARF000048__FIXED_LAG_100MS__R01ZF_REUSED_R01ZF_PERSON001,R01ZF_REUSED_R01ZF_PERSON001,6,1389,1667,True,R01ZF_REUSED_R01ZF_PERSON001,"[[0.9044496713847892, 26.229544369755672]]",25.325094698370883,19,-250,100,False,False,False
R01ZF,R01ZF_SARF000048,48,1600,FIXED_LAG_100MS,R01ZF_SARF000048__FIXED_LAG_100MS__R01ZF_REUSED_R01ZF_PERSON002,R01ZF_REUSED_R01ZF_PERSON002,6,1389,1667,True,R01ZF_REUSED_R01ZF_PERSON002,"[[5.209158066434021, 31.262319422482335]]",26.053161356048314,17,-250,100,False,False,False
R01ZF,R01ZF_SARF000048,48,1600,FIXED_LAG_100MS,R01ZF_SARF000048__FIXED_LAG_100MS__R01ZF_REUSED_R01ZF_PERSON003,R01ZF_REUSED_R01ZF_PERSON003,6,1389,1667,True,R01ZF_REUSED_R01ZF_PERSON003,"[[-27.8050141586317, -1.106513224635549]]",26.69850093399615,22,-250,100,False,False,False
R01ZF,R01ZF_SARF000048,48,1600,FULL_CONTEXT_OFFLINE,R01ZF_SARF000048__FULL_CONTEXT_OFFLINE__R01ZF_REUSED_R01ZF_PERSON001,R01ZF_REUSED_R01ZF_PERSON001,9,1389,1833,True,R01ZF_REUSED_R01ZF_PERSON001,"[[0.9044496713847892, 31.186444221675714]]",30.281994550290925,21,-250,250,False,False,False
R01ZF,R01ZF_SARF000048,48,1600,FULL_CONTEXT_OFFLINE,R01ZF_SARF000048__FULL_CONTEXT_OFFLINE__R01ZF_REUSED_R01ZF_PERSON002,R01ZF_REUSED_R01ZF_PERSON002,9,1389,1833,True,R01ZF_REUSED_R01ZF_PERSON002,"[[5.209158066434021, 36.049155965030295]]",30.839997898596273,20,-250,250,False,False,False
R01ZF,R01ZF_SARF000048,48,1600,FULL_CONTEXT_OFFLINE,R01ZF_SARF000048__FULL_CONTEXT_OFFLINE__R01ZF_REUSED_R01ZF_PERSON003,R01ZF_REUSED_R01ZF_PERSON003,9,1389,1833,True,R01ZF_REUSED_R01ZF_PERSON003,"[[-27.8050141586317, 3.868956683935849]]",31.67397084256755,25,-250,250,False,False,False
R01ZF,R01ZF_SARF000049,49,1633,CAUSAL_REPLAY,R01ZF_SARF000049__CAUSAL_REPLAY__R01ZF_REUSED_R01ZF_PERSON001,R01ZF_REUSED_R01ZF_PERSON001,5,1389,1611,False,R01ZF_REUSED_R01ZF_PERSON001,"[[0.9044496713847892, 24.516665780314554]]",23.612216108929765,15,-250,0,False,False,False
R01ZF,R01ZF_SARF000049,49,1633,CAUSAL_REPLAY,R01ZF_SARF000049__CAUSAL_REPLAY__R01ZF_REUSED_R01ZF_PERSON002,R01ZF_REUSED_R01ZF_PERSON002,5,1389,1611,False,R01ZF_REUSED_R01ZF_PERSON002,"[[5.209158066434021, 29.648342253091386]]",24.439184186657364,15,-250,0,False,False,False
R01ZF,R01ZF_SARF000049,49,1633,CAUSAL_REPLAY,R01ZF_SARF000049__CAUSAL_REPLAY__R01ZF_REUSED_R01ZF_PERSON003,R01ZF_REUSED_R01ZF_PERSON003,5,1389,1611,False,R01ZF_REUSED_R01ZF_PERSON003,"[[-27.8050141586317, -2.7168805442771244]]",25.088133614354575,19,-250,0,False,False,False
R01ZF,R01ZF_SARF000049,49,1633,FIXED_LAG_100MS,R01ZF_SARF000049__FIXED_LAG_100MS__R01ZF_REUSED_R01ZF_PERSON001,R01ZF_REUSED_R01ZF_PERSON001,7,1389,1722,True,R01ZF_REUSED_R01ZF_PERSON001,"[[0.9044496713847892, 27.917027064017404]]",27.012577392632615,18,-250,100,False,False,False
R01ZF,R01ZF_SARF000049,49,1633,FIXED_LAG_100MS,R01ZF_SARF000049__FIXED_LAG_100MS__R01ZF_REUSED_R01ZF_PERSON002,R01ZF_REUSED_R01ZF_PERSON002,7,1389,1722,True,R01ZF_REUSED_R01ZF_PERSON002,"[[5.209158066434021, 32.80782337333544]]",27.598665306901417,15,-250,100,False,False,False
R01ZF,R01ZF_SARF000049,49,1633,FIXED_LAG_100MS,R01ZF_SARF000049__FIXED_LAG_100MS__R01ZF_REUSED_R01ZF_PERSON003,R01ZF_REUSED_R01ZF_PERSON003,7,1389,1722,True,R01ZF_REUSED_R01ZF_PERSON003,"[[-27.8050141586317, 0.5262683649640465]]",28.331282523595746,23,-250,100,False,False,False
R01ZF,R01ZF_SARF000049,49,1633,FULL_CONTEXT_OFFLINE,R01ZF_SARF000049__FULL_CONTEXT_OFFLINE__R01ZF_REUSED_R01ZF_PERSON001,R01ZF_REUSED_R01ZF_PERSON001,9,1389,1833,True,R01ZF_REUSED_R01ZF_PERSON001,"[[0.9044496713847892, 31.186444221675714]]",30.281994550290925,19,-250,250,False,False,False
R01ZF,R01ZF_SARF000049,49,1633,FULL_CONTEXT_OFFLINE,R01ZF_SARF000049__FULL_CONTEXT_OFFLINE__R01ZF_REUSED_R01ZF_PERSON002,R01ZF_REUSED_R01ZF_PERSON002,9,1389,1833,True,R01ZF_REUSED_R01ZF_PERSON002,"[[5.209158066434021, 36.049155965030295]]",30.839997898596273,17,-250,250,False,False,False
R01ZF,R01ZF_SARF000049,49,1633,FULL_CONTEXT_OFFLINE,R01ZF_SARF000049__FULL_CONTEXT_OFFLINE__R01ZF_REUSED_R01ZF_PERSON003,R01ZF_REUSED_R01ZF_PERSON003,9,1389,1833,True,R01ZF_REUSED_R01ZF_PERSON003,"[[-27.8050141586317, 3.868956683935849]]",31.67397084256755,23,-250,250,False,False,False
R01ZF,R01ZF_SARF000050,50,1667,CAUSAL_REPLAY,R01ZF_SARF000050__CAUSAL_REPLAY__R01ZF_REUSED_R01ZF_PERSON001,R01ZF_REUSED_R01ZF_PERSON001,5,1444,1667,False,R01ZF_REUSED_R01ZF_PERSON001,"[[2.5515469681158365, 26.229544369755672]]",23.677997401639836,14,-250,0,False,False,False
R01ZF,R01ZF_SARF000050,50,1667,CAUSAL_REPLAY,R01ZF_SARF000050__CAUSAL_REPLAY__R01ZF_REUSED_R01ZF_PERSON002,R01ZF_REUSED_R01ZF_PERSON002,5,1444,1667,False,R01ZF_REUSED_R01ZF_PERSON002,"[[6.8157788242506925, 31.262319422482335]]",24.446540598231643,11,-250,0,False,False,False
R01ZF,R01ZF_SARF000050,50,1667,CAUSAL_REPLAY,R01ZF_SARF000050__CAUSAL_REPLAY__R01ZF_REUSED_R01ZF_PERSON003,R01ZF_REUSED_R01ZF_PERSON003,5,1444,1667,False,R01ZF_REUSED_R01ZF_PERSON003,"[[-25.947640672618142, -1.106513224635549]]",24.841127447982593,19,-250,0,False,False,False
R01ZF,R01ZF_SARF000050,50,1667,FIXED_LAG_100MS,R01ZF_SARF000050__FIXED_LAG_100MS__R01ZF_REUSED_R01ZF_PERSON001,R01ZF_REUSED_R01ZF_PERSON001,6,1444,1722,True,R01ZF_REUSED_R01ZF_PERSON001,"[[2.5515469681158365, 27.917027064017404]]",25.365480095901567,14,-250,100,False,False,False
R01ZF,R01ZF_SARF000050,50,1667,FIXED_LAG_100MS,R01ZF_SARF000050__FIXED_LAG_100MS__R01ZF_REUSED_R01ZF_PERSON002,R01ZF_REUSED_R01ZF_PERSON002,6,1444,1722,True,R01ZF_REUSED_R01ZF_PERSON002,"[[6.8157788242506925, 32.80782337333544]]",25.992044549084746,13,-250,100,False,False,False
R01ZF,R01ZF_SARF000050,50,1667,FIXED_LAG_100MS,R01ZF_SARF000050__FIXED_LAG_100MS__R01ZF_REUSED_R01ZF_PERSON003,R01ZF_REUSED_R01ZF_PERSON003,6,1444,1722,True,R01ZF_REUSED_R01ZF_PERSON003,"[[-25.947640672618142, 0.5262683649640465]]",26.47390903758219,22,-250,100,False,False,False
R01ZF,R01ZF_SARF000050,50,1667,FULL_CONTEXT_OFFLINE,R01ZF_SARF000050__FULL_CONTEXT_OFFLINE__R01ZF_REUSED_R01ZF_PERSON001,R01ZF_REUSED_R01ZF_PERSON001,9,1444,1889,True,R01ZF_REUSED_R01ZF_PERSON001,"[[2.5515469681158365, 32.83237946578076]]",30.280832497664925,16,-250,250,False,False,False
R01ZF,R01ZF_SARF000050,50,1667,FULL_CONTEXT_OFFLINE,R01ZF_SARF000050__FULL_CONTEXT_OFFLINE__R01ZF_REUSED_R01ZF_PERSON002,R01ZF_REUSED_R01ZF_PERSON002,9,1444,1889,True,R01ZF_REUSED_R01ZF_PERSON002,"[[6.8157788242506925, 37.61035576394228]]",30.794576939691588,16,-250,250,False,False,False
R01ZF,R01ZF_SARF000050,50,1667,FULL_CONTEXT_OFFLINE,R01ZF_SARF000050__FULL_CONTEXT_OFFLINE__R01ZF_REUSED_R01ZF_PERSON003,R01ZF_REUSED_R01ZF_PERSON003,9,1444,1889,True,R01ZF_REUSED_R01ZF_PERSON003,"[[-25.947640672618142, 5.659943438054569]]",31.60758411067271,26,-250,250,False,False,False
R01ZF,R01ZF_SARF000051,51,1700,CAUSAL_REPLAY,R01ZF_SARF000051__CAUSAL_REPLAY__R01ZF_REUSED_R01ZF_PERSON001,R01ZF_REUSED_R01ZF_PERSON001,4,1500,1667,False,R01ZF_REUSED_R01ZF_PERSON001,"[[4.199252959075352, 26.229544369755672]]",22.03029141068032,12,-250,0,False,False,False
R01ZF,R01ZF_SARF000051,51,1700,CAUSAL_REPLAY,R01ZF_SARF000051__CAUSAL_REPLAY__R01ZF_REUSED_R01ZF_PERSON002,R01ZF_REUSED_R01ZF_PERSON002,4,1500,1667,False,R01ZF_REUSED_R01ZF_PERSON002,"[[8.372753569081425, 31.262319422482335]]",22.88956585340091,14,-250,0,False,False,False
R01ZF,R01ZF_SARF000051,51,1700,CAUSAL_REPLAY,R01ZF_SARF000051__CAUSAL_REPLAY__R01ZF_REUSED_R01ZF_PERSON003,R01ZF_REUSED_R01ZF_PERSON003,4,1500,1667,False,R01ZF_REUSED_R01ZF_PERSON003,"[[-24.13803178105281, -1.106513224635549]]",23.03151855641726,17,-250,0,False,False,False
R01ZF,R01ZF_SARF000051,51,1700,FIXED_LAG_100MS,R01ZF_SARF000051__FIXED_LAG_100MS__R01ZF_REUSED_R01ZF_PERSON001,R01ZF_REUSED_R01ZF_PERSON001,6,1500,1778,True,R01ZF_REUSED_R01ZF_PERSON001,"[[4.199252959075352, 29.548334116254182]]",25.34908115717883,14,-250,100,False,False,False
R01ZF,R01ZF_SARF000051,51,1700,FIXED_LAG_100MS,R01ZF_SARF000051__FIXED_LAG_100MS__R01ZF_REUSED_R01ZF_PERSON002,R01ZF_REUSED_R01ZF_PERSON002,6,1500,1778,True,R01ZF_REUSED_R01ZF_PERSON002,"[[8.372753569081425, 34.49163437190545]]",26.118880802824023,16,-250,100,False,False,False
R01ZF,R01ZF_SARF000051,51,1700,FIXED_LAG_100MS,R01ZF_SARF000051__FIXED_LAG_100MS__R01ZF_REUSED_R01ZF_PERSON003,R01ZF_REUSED_R01ZF_PERSON003,6,1500,1778,True,R01ZF_REUSED_R01ZF_PERSON003,"[[-24.13803178105281, 2.178743003255235]]",26.316774784308045,20,-250,100,False,False,False
R01ZF,R01ZF_SARF000051,51,1700,FULL_CONTEXT_OFFLINE,R01ZF_SARF000051__FULL_CONTEXT_OFFLINE__R01ZF_REUSED_R01ZF_PERSON001,R01ZF_REUSED_R01ZF_PERSON001,9,1500,1944,True,R01ZF_REUSED_R01ZF_PERSON001,"[[4.199252959075352, 34.49340511876258]]",30.29415215968723,17,-250,250,False,False,False
R01ZF,R01ZF_SARF000051,51,1700,FULL_CONTEXT_OFFLINE,R01ZF_SARF000051__FULL_CONTEXT_OFFLINE__R01ZF_REUSED_R01ZF_PERSON002,R01ZF_REUSED_R01ZF_PERSON002,9,1500,1944,True,R01ZF_REUSED_R01ZF_PERSON002,"[[8.372753569081425, 39.189647127251945]]",30.81689355817052,17,-250,250,False,False,False
R01ZF,R01ZF_SARF000051,51,1700,FULL_CONTEXT_OFFLINE,R01ZF_SARF000051__FULL_CONTEXT_OFFLINE__R01ZF_REUSED_R01ZF_PERSON003,R01ZF_REUSED_R01ZF_PERSON003,9,1500,1944,True,R01ZF_REUSED_R01ZF_PERSON003,"[[-24.13803178105281, 7.370283088991286]]",31.508314870044096,22,-250,250,False,False,False
R01ZF,R01ZF_SARF000052,52,1733,CAUSAL_REPLAY,R01ZF_SARF000052__CAUSAL_REPLAY__R01ZF_REUSED_R01ZF_PERSON001,R01ZF_REUSED_R01ZF_PERSON001,5,1500,1722,False,R01ZF_REUSED_R01ZF_PERSON001,"[[4.199252959075352, 27.917027064017404]]",23.717774104942052,14,-250,0,False,False,False
R01ZF,R01ZF_SARF000052,52,1733,CAUSAL_REPLAY,R01ZF_SARF000052__CAUSAL_REPLAY__R01ZF_REUSED_R01ZF_PERSON002,R01ZF_REUSED_R01ZF_PERSON002,5,1500,1722,False,R01ZF_REUSED_R01ZF_PERSON002,"[[8.372753569081425, 32.80782337333544]]",24.435069804254013,13,-250,0,False,False,False
R01ZF,R01ZF_SARF000052,52,1733,CAUSAL_REPLAY,R01ZF_SARF000052__CAUSAL_REPLAY__R01ZF_REUSED_R01ZF_PERSON003,R01ZF_REUSED_R01ZF_PERSON003,5,1500,1722,False,R01ZF_REUSED_R01ZF_PERSON003,"[[-24.13803178105281, 0.5262683649640465]]",24.664300146016856,21,-250,0,False,False,False
R01ZF,R01ZF_SARF000052,52,1733,FIXED_LAG_100MS,R01ZF_SARF000052__FIXED_LAG_100MS__R01ZF_REUSED_R01ZF_PERSON001,R01ZF_REUSED_R01ZF_PERSON001,7,1500,1833,True,R01ZF_REUSED_R01ZF_PERSON001,"[[4.199252959075352, 31.186444221675714]]",26.987191262600362,15,-250,100,False,False,False
R01ZF,R01ZF_SARF000052,52,1733,FIXED_LAG_100MS,R01ZF_SARF000052__FIXED_LAG_100MS__R01ZF_REUSED_R01ZF_PERSON002,R01ZF_REUSED_R01ZF_PERSON002,7,1500,1833,True,R01ZF_REUSED_R01ZF_PERSON002,"[[8.372753569081425, 36.049155965030295]]",27.67640239594887,16,-250,100,False,False,False
R01ZF,R01ZF_SARF000052,52,1733,FIXED_LAG_100MS,R01ZF_SARF000052__FIXED_LAG_100MS__R01ZF_REUSED_R01ZF_PERSON003,R01ZF_REUSED_R01ZF_PERSON003,7,1500,1833,True,R01ZF_REUSED_R01ZF_PERSON003,"[[-24.13803178105281, 3.868956683935849]]",28.00698846498866,22,-250,100,False,False,False
R01ZF,R01ZF_SARF000052,52,1733,FULL_CONTEXT_OFFLINE,R01ZF_SARF000052__FULL_CONTEXT_OFFLINE__R01ZF_REUSED_R01ZF_PERSON001,R01ZF_REUSED_R01ZF_PERSON001,9,1500,1944,True,R01ZF_REUSED_R01ZF_PERSON001,"[[4.199252959075352, 34.49340511876258]]",30.29415215968723,17,-250,250,False,False,False
R01ZF,R01ZF_SARF000052,52,1733,FULL_CONTEXT_OFFLINE,R01ZF_SARF000052__FULL_CONTEXT_OFFLINE__R01ZF_REUSED_R01ZF_PERSON002,R01ZF_REUSED_R01ZF_PERSON002,9,1500,1944,True,R01ZF_REUSED_R01ZF_PERSON002,"[[8.372753569081425, 39.189647127251945]]",30.81689355817052,17,-250,250,False,False,False
R01ZF,R01ZF_SARF000052,52,1733,FULL_CONTEXT_OFFLINE,R01ZF_SARF000052__FULL_CONTEXT_OFFLINE__R01ZF_REUSED_R01ZF_PERSON003,R01ZF_REUSED_R01ZF_PERSON003,9,1500,1944,True,R01ZF_REUSED_R01ZF_PERSON003,"[[-24.13803178105281, 7.370283088991286]]",31.508314870044096,23,-250,250,False,False,False
R01ZF,R01ZF_SARF000053,53,1767,CAUSAL_REPLAY,R01ZF_SARF000053__CAUSAL_REPLAY__R01ZF_REUSED_R01ZF_PERSON001,R01ZF_REUSED_R01ZF_PERSON001,4,1556,1722,False,R01ZF_REUSED_R01ZF_PERSON001,"[[5.793966746298182, 27.917027064017404]]",22.123060317719222,13,-250,0,False,False,False
R01ZF,R01ZF_SARF000053,53,1767,CAUSAL_REPLAY,R01ZF_SARF000053__CAUSAL_REPLAY__R01ZF_REUSED_R01ZF_PERSON002,R01ZF_REUSED_R01ZF_PERSON002,4,1556,1722,False,R01ZF_REUSED_R01ZF_PERSON002,"[[10.014203355155637, 32.80782337333544]]",22.7936200181798,13,-250,0,False,False,False
R01ZF,R01ZF_SARF000053,53,1767,CAUSAL_REPLAY,R01ZF_SARF000053__CAUSAL_REPLAY__R01ZF_REUSED_R01ZF_PERSON003,R01ZF_REUSED_R01ZF_PERSON003,4,1556,1722,False,R01ZF_REUSED_R01ZF_PERSON003,"[[-22.53079256385523, 0.5262683649640465]]",23.057060928819276,19,-250,0,False,False,False
R01ZF,R01ZF_SARF000053,53,1767,FIXED_LAG_100MS,R01ZF_SARF000053__FIXED_LAG_100MS__R01ZF_REUSED_R01ZF_PERSON001,R01ZF_REUSED_R01ZF_PERSON001,6,1556,1833,True,R01ZF_REUSED_R01ZF_PERSON001,"[[5.793966746298182, 31.186444221675714]]",25.392477475377532,13,-250,100,False,False,False
R01ZF,R01ZF_SARF000053,53,1767,FIXED_LAG_100MS,R01ZF_SARF000053__FIXED_LAG_100MS__R01ZF_REUSED_R01ZF_PERSON002,R01ZF_REUSED_R01ZF_PERSON002,6,1556,1833,True,R01ZF_REUSED_R01ZF_PERSON002,"[[10.014203355155637, 36.049155965030295]]",26.034952609874658,15,-250,100,False,False,False
R01ZF,R01ZF_SARF000053,53,1767,FIXED_LAG_100MS,R01ZF_SARF000053__FIXED_LAG_100MS__R01ZF_REUSED_R01ZF_PERSON003,R01ZF_REUSED_R01ZF_PERSON003,6,1556,1833,True,R01ZF_REUSED_R01ZF_PERSON003,"[[-22.53079256385523, 3.868956683935849]]",26.39974924779108,19,-250,100,False,False,False
R01ZF,R01ZF_SARF000053,53,1767,FULL_CONTEXT_OFFLINE,R01ZF_SARF000053__FULL_CONTEXT_OFFLINE__R01ZF_REUSED_R01ZF_PERSON001,R01ZF_REUSED_R01ZF_PERSON001,9,1556,2000,True,R01ZF_REUSED_R01ZF_PERSON001,"[[5.793966746298182, 35.97892501982879]]",30.18495827353061,17,-250,250,False,False,False
R01ZF,R01ZF_SARF000053,53,1767,FULL_CONTEXT_OFFLINE,R01ZF_SARF000053__FULL_CONTEXT_OFFLINE__R01ZF_REUSED_R01ZF_PERSON002,R01ZF_REUSED_R01ZF_PERSON002,9,1556,2000,True,R01ZF_REUSED_R01ZF_PERSON002,"[[10.014203355155637, 40.74753328590354]]",30.733329930747907,16,-250,250,False,False,False
R01ZF,R01ZF_SARF000053,53,1767,FULL_CONTEXT_OFFLINE,R01ZF_SARF000053__FULL_CONTEXT_OFFLINE__R01ZF_REUSED_R01ZF_PERSON003,R01ZF_REUSED_R01ZF_PERSON003,9,1556,2000,True,R01ZF_REUSED_R01ZF_PERSON003,"[[-22.53079256385523, 9.088197239809048]]",31.618989803664277,21,-250,250,False,False,False
R01ZF,R01ZF_SARF000054,54,1800,CAUSAL_REPLAY,R01ZF_SARF000054__CAUSAL_REPLAY__R01ZF_REUSED_R01ZF_PERSON001,R01ZF_REUSED_R01ZF_PERSON001,5,1556,1778,False,R01ZF_REUSED_R01ZF_PERSON001,"[[5.793966746298182, 29.548334116254182]]",23.754367369956,12,-250,0,False,False,False
R01ZF,R01ZF_SARF000054,54,1800,CAUSAL_REPLAY,R01ZF_SARF000054__CAUSAL_REPLAY__R01ZF_REUSED_R01ZF_PERSON002,R01ZF_REUSED_R01ZF_PERSON002,5,1556,1778,False,R01ZF_REUSED_R01ZF_PERSON002,"[[10.014203355155637, 34.49163437190545]]",24.47743101674981,14,-250,0,False,False,False
R01ZF,R01ZF_SARF000054,54,1800,CAUSAL_REPLAY,R01ZF_SARF000054__CAUSAL_REPLAY__R01ZF_REUSED_R01ZF_PERSON003,R01ZF_REUSED_R01ZF_PERSON003,5,1556,1778,False,R01ZF_REUSED_R01ZF_PERSON003,"[[-22.53079256385523, 2.178743003255235]]",24.709535567110464,17,-250,0,False,False,False
R01ZF,R01ZF_SARF000054,54,1800,FIXED_LAG_100MS,R01ZF_SARF000054__FIXED_LAG_100MS__R01ZF_REUSED_R01ZF_PERSON001,R01ZF_REUSED_R01ZF_PERSON001,7,1556,1889,True,R01ZF_REUSED_R01ZF_PERSON001,"[[5.793966746298182, 32.83237946578076]]",27.03841271948258,14,-250,100,False,False,False
R01ZF,R01ZF_SARF000054,54,1800,FIXED_LAG_100MS,R01ZF_SARF000054__FIXED_LAG_100MS__R01ZF_REUSED_R01ZF_PERSON002,R01ZF_REUSED_R01ZF_PERSON002,7,1556,1889,True,R01ZF_REUSED_R01ZF_PERSON002,"[[10.014203355155637, 37.61035576394228]]",27.596152408786644,16,-250,100,False,False,False
R01ZF,R01ZF_SARF000054,54,1800,FIXED_LAG_100MS,R01ZF_SARF000054__FIXED_LAG_100MS__R01ZF_REUSED_R01ZF_PERSON003,R01ZF_REUSED_R01ZF_PERSON003,7,1556,1889,True,R01ZF_REUSED_R01ZF_PERSON003,"[[-22.53079256385523, 5.659943438054569]]",28.190736001909798,17,-250,100,False,False,False
R01ZF,R01ZF_SARF000054,54,1800,FULL_CONTEXT_OFFLINE,R01ZF_SARF000054__FULL_CONTEXT_OFFLINE__R01ZF_REUSED_R01ZF_PERSON001,R01ZF_REUSED_R01ZF_PERSON001,9,1556,2000,True,R01ZF_REUSED_R01ZF_PERSON001,"[[5.793966746298182, 35.97892501982879]]",30.18495827353061,15,-250,250,False,False,False
R01ZF,R01ZF_SARF000054,54,1800,FULL_CONTEXT_OFFLINE,R01ZF_SARF000054__FULL_CONTEXT_OFFLINE__R01ZF_REUSED_R01ZF_PERSON002,R01ZF_REUSED_R01ZF_PERSON002,9,1556,2000,True,R01ZF_REUSED_R01ZF_PERSON002,"[[10.014203355155637, 40.74753328590354]]",30.733329930747907,17,-250,250,False,False,False
R01ZF,R01ZF_SARF000054,54,1800,FULL_CONTEXT_OFFLINE,R01ZF_SARF000054__FULL_CONTEXT_OFFLINE__R01ZF_REUSED_R01ZF_PERSON003,R01ZF_REUSED_R01ZF_PERSON003,9,1556,2000,True,R01ZF_REUSED_R01ZF_PERSON003,"[[-22.53079256385523, 9.088197239809048]]",31.618989803664277,18,-250,250,False,False,False
R01ZF,R01ZF_SARF000055,55,1833,CAUSAL_REPLAY,R01ZF_SARF000055__CAUSAL_REPLAY__R01ZF_REUSED_R01ZF_PERSON001,R01ZF_REUSED_R01ZF_PERSON001,5,1611,1833,False,R01ZF_REUSED_R01ZF_PERSON001,"[[7.383817489764617, 31.186444221675714]]",23.802626731911097,12,-250,0,False,False,False
R01ZF,R01ZF_SARF000055,55,1833,CAUSAL_REPLAY,R01ZF_SARF000055__CAUSAL_REPLAY__R01ZF_REUSED_R01ZF_PERSON002,R01ZF_REUSED_R01ZF_PERSON002,5,1611,1833,False,R01ZF_REUSED_R01ZF_PERSON002,"[[11.545756164406704, 36.049155965030295]]",24.50339980062359,12,-250,0,False,False,False
R01ZF,R01ZF_SARF000055,55,1833,CAUSAL_REPLAY,R01ZF_SARF000055__CAUSAL_REPLAY__R01ZF_REUSED_R01ZF_PERSON003,R01ZF_REUSED_R01ZF_PERSON003,5,1611,1833,False,R01ZF_REUSED_R01ZF_PERSON003,"[[-20.915220420271112, 3.868956683935849]]",24.78417710420696,19,-250,0,False,False,False
R01ZF,R01ZF_SARF000055,55,1833,FIXED_LAG_100MS,R01ZF_SARF000055__FIXED_LAG_100MS__R01ZF_REUSED_R01ZF_PERSON001,R01ZF_REUSED_R01ZF_PERSON001,6,1611,1889,True,R01ZF_REUSED_R01ZF_PERSON001,"[[7.383817489764617, 32.83237946578076]]",25.448561976016144,12,-250,100,False,False,False
R01ZF,R01ZF_SARF000055,55,1833,FIXED_LAG_100MS,R01ZF_SARF000055__FIXED_LAG_100MS__R01ZF_REUSED_R01ZF_PERSON002,R01ZF_REUSED_R01ZF_PERSON002,6,1611,1889,True,R01ZF_REUSED_R01ZF_PERSON002,"[[11.545756164406704, 37.61035576394228]]",26.064599599535576,13,-250,100,False,False,False
R01ZF,R01ZF_SARF000055,55,1833,FIXED_LAG_100MS,R01ZF_SARF000055__FIXED_LAG_100MS__R01ZF_REUSED_R01ZF_PERSON003,R01ZF_REUSED_R01ZF_PERSON003,6,1611,1889,True,R01ZF_REUSED_R01ZF_PERSON003,"[[-20.915220420271112, 5.659943438054569]]",26.57516385832568,19,-250,100,False,False,False
R01ZF,R01ZF_SARF000055,55,1833,FULL_CONTEXT_OFFLINE,R01ZF_SARF000055__FULL_CONTEXT_OFFLINE__R01ZF_REUSED_R01ZF_PERSON001,R01ZF_REUSED_R01ZF_PERSON001,9,1611,2056,True,R01ZF_REUSED_R01ZF_PERSON001,"[[7.383817489764617, 37.16501943947006]]",29.78120194970544,15,-250,250,False,False,False
R01ZF,R01ZF_SARF000055,55,1833,FULL_CONTEXT_OFFLINE,R01ZF_SARF000055__FULL_CONTEXT_OFFLINE__R01ZF_REUSED_R01ZF_PERSON002,R01ZF_REUSED_R01ZF_PERSON002,9,1611,2056,True,R01ZF_REUSED_R01ZF_PERSON002,"[[11.545756164406704, 42.35747419407868]]",30.811718029671972,14,-250,250,False,False,False
R01ZF,R01ZF_SARF000055,55,1833,FULL_CONTEXT_OFFLINE,R01ZF_SARF000055__FULL_CONTEXT_OFFLINE__R01ZF_REUSED_R01ZF_PERSON003,R01ZF_REUSED_R01ZF_PERSON003,9,1611,2056,True,R01ZF_REUSED_R01ZF_PERSON003,"[[-20.915220420271112, 10.757451657597578]]",31.67267207786869,21,-250,250,False,False,False
R01ZF,R01ZF_SARF000056,56,1867,CAUSAL_REPLAY,R01ZF_SARF000056__CAUSAL_REPLAY__R01ZF_REUSED_R01ZF_PERSON001,R01ZF_REUSED_R01ZF_PERSON001,4,1667,1833,False,R01ZF_REUSED_R01ZF_PERSON001,"[[8.92111871620331, 31.186444221675714]]",22.265325505472404,11,-250,0,False,False,False
R01ZF,R01ZF_SARF000056,56,1867,CAUSAL_REPLAY,R01ZF_SARF000056__CAUSAL_REPLAY__R01ZF_REUSED_R01ZF_PERSON002,R01ZF_REUSED_R01ZF_PERSON002,4,1667,1833,False,R01ZF_REUSED_R01ZF_PERSON002,"[[13.089359166425211, 36.049155965030295]]",22.959796798605083,10,-250,0,False,False,False
R01ZF,R01ZF_SARF000056,56,1867,CAUSAL_REPLAY,R01ZF_SARF000056__CAUSAL_REPLAY__R01ZF_REUSED_R01ZF_PERSON003,R01ZF_REUSED_R01ZF_PERSON003,4,1667,1833,False,R01ZF_REUSED_R01ZF_PERSON003,"[[-19.288620169423652, 3.868956683935849]]",23.1575768533595,17,-250,0,False,False,False
R01ZF,R01ZF_SARF000056,56,1867,FIXED_LAG_100MS,R01ZF_SARF000056__FIXED_LAG_100MS__R01ZF_REUSED_R01ZF_PERSON001,R01ZF_REUSED_R01ZF_PERSON001,6,1667,1944,True,R01ZF_REUSED_R01ZF_PERSON001,"[[8.92111871620331, 34.49340511876258]]",25.57228640255927,12,-250,100,False,False,False
R01ZF,R01ZF_SARF000056,56,1867,FIXED_LAG_100MS,R01ZF_SARF000056__FIXED_LAG_100MS__R01ZF_REUSED_R01ZF_PERSON002,R01ZF_REUSED_R01ZF_PERSON002,6,1667,1944,True,R01ZF_REUSED_R01ZF_PERSON002,"[[13.089359166425211, 39.189647127251945]]",26.100287960826734,12,-250,100,False,False,False
R01ZF,R01ZF_SARF000056,56,1867,FIXED_LAG_100MS,R01ZF_SARF000056__FIXED_LAG_100MS__R01ZF_REUSED_R01ZF_PERSON003,R01ZF_REUSED_R01ZF_PERSON003,6,1667,1944,True,R01ZF_REUSED_R01ZF_PERSON003,"[[-19.288620169423652, 7.370283088991286]]",26.658903258414938,18,-250,100,False,False,False
R01ZF,R01ZF_SARF000056,56,1867,FULL_CONTEXT_OFFLINE,R01ZF_SARF000056__FULL_CONTEXT_OFFLINE__R01ZF_REUSED_R01ZF_PERSON001,R01ZF_REUSED_R01ZF_PERSON001,9,1667,2111,True,R01ZF_REUSED_R01ZF_PERSON001,"[[8.92111871620331, 38.71667543363131]]",29.795556717428,14,-250,250,False,False,False
R01ZF,R01ZF_SARF000056,56,1867,FULL_CONTEXT_OFFLINE,R01ZF_SARF000056__FULL_CONTEXT_OFFLINE__R01ZF_REUSED_R01ZF_PERSON002,R01ZF_REUSED_R01ZF_PERSON002,9,1667,2111,True,R01ZF_REUSED_R01ZF_PERSON002,"[[13.089359166425211, 43.897685434654576]]",30.808326268229365,14,-250,250,False,False,False
R01ZF,R01ZF_SARF000056,56,1867,FULL_CONTEXT_OFFLINE,R01ZF_SARF000056__FULL_CONTEXT_OFFLINE__R01ZF_REUSED_R01ZF_PERSON003,R01ZF_REUSED_R01ZF_PERSON003,9,1667,2111,True,R01ZF_REUSED_R01ZF_PERSON003,"[[-19.288620169423652, 12.343754397249]]",31.632374566672652,19,-250,250,False,False,False
R01ZF,R01ZF_SARF000057,57,1900,CAUSAL_REPLAY,R01ZF_SARF000057__CAUSAL_REPLAY__R01ZF_REUSED_R01ZF_PERSON001,R01ZF_REUSED_R01ZF_PERSON001,5,1667,1889,False,R01ZF_REUSED_R01ZF_PERSON001,"[[8.92111871620331, 32.83237946578076]]",23.91126074957745,13,-250,0,False,False,False
R01ZF,R01ZF_SARF000057,57,1900,CAUSAL_REPLAY,R01ZF_SARF000057__CAUSAL_REPLAY__R01ZF_REUSED_R01ZF_PERSON002,R01ZF_REUSED_R01ZF_PERSON002,5,1667,1889,False,R01ZF_REUSED_R01ZF_PERSON002,"[[13.089359166425211, 37.61035576394228]]",24.52099659751707,12,-250,0,False,False,False
R01ZF,R01ZF_SARF000057,57,1900,CAUSAL_REPLAY,R01ZF_SARF000057__CAUSAL_REPLAY__R01ZF_REUSED_R01ZF_PERSON003,R01ZF_REUSED_R01ZF_PERSON003,5,1667,1889,False,R01ZF_REUSED_R01ZF_PERSON003,"[[-19.288620169423652, 5.659943438054569]]",24.94856360747822,13,-250,0,False,False,False
R01ZF,R01ZF_SARF000057,57,1900,FIXED_LAG_100MS,R01ZF_SARF000057__FIXED_LAG_100MS__R01ZF_REUSED_R01ZF_PERSON001,R01ZF_REUSED_R01ZF_PERSON001,7,1667,2000,True,R01ZF_REUSED_R01ZF_PERSON001,"[[8.92111871620331, 35.97892501982879]]",27.057806303625483,14,-250,100,False,False,False
R01ZF,R01ZF_SARF000057,57,1900,FIXED_LAG_100MS,R01ZF_SARF000057__FIXED_LAG_100MS__R01ZF_REUSED_R01ZF_PERSON002,R01ZF_REUSED_R01ZF_PERSON002,7,1667,2000,True,R01ZF_REUSED_R01ZF_PERSON002,"[[13.089359166425211, 40.74753328590354]]",27.658174119478332,14,-250,100,False,False,False
R01ZF,R01ZF_SARF000057,57,1900,FIXED_LAG_100MS,R01ZF_SARF000057__FIXED_LAG_100MS__R01ZF_REUSED_R01ZF_PERSON003,R01ZF_REUSED_R01ZF_PERSON003,7,1667,2000,True,R01ZF_REUSED_R01ZF_PERSON003,"[[-19.288620169423652, 9.088197239809048]]",28.3768174092327,14,-250,100,False,False,False
R01ZF,R01ZF_SARF000057,57,1900,FULL_CONTEXT_OFFLINE,R01ZF_SARF000057__FULL_CONTEXT_OFFLINE__R01ZF_REUSED_R01ZF_PERSON001,R01ZF_REUSED_R01ZF_PERSON001,9,1667,2111,True,R01ZF_REUSED_R01ZF_PERSON001,"[[8.92111871620331, 38.71667543363131]]",29.795556717428,16,-250,250,False,False,False
R01ZF,R01ZF_SARF000057,57,1900,FULL_CONTEXT_OFFLINE,R01ZF_SARF000057__FULL_CONTEXT_OFFLINE__R01ZF_REUSED_R01ZF_PERSON002,R01ZF_REUSED_R01ZF_PERSON002,9,1667,2111,True,R01ZF_REUSED_R01ZF_PERSON002,"[[13.089359166425211, 43.897685434654576]]",30.808326268229365,16,-250,250,False,False,False
R01ZF,R01ZF_SARF000057,57,1900,FULL_CONTEXT_OFFLINE,R01ZF_SARF000057__FULL_CONTEXT_OFFLINE__R01ZF_REUSED_R01ZF_PERSON003,R01ZF_REUSED_R01ZF_PERSON003,9,1667,2111,True,R01ZF_REUSED_R01ZF_PERSON003,"[[-19.288620169423652, 12.343754397249]]",31.632374566672652,15,-250,250,False,False,False
R01ZF,R01ZF_SARF000058,58,1933,CAUSAL_REPLAY,R01ZF_SARF000058__CAUSAL_REPLAY__R01ZF_REUSED_R01ZF_PERSON001,R01ZF_REUSED_R01ZF_PERSON001,4,1722,1889,False,R01ZF_REUSED_R01ZF_PERSON001,"[[10.515467937896723, 32.83237946578076]]",22.316911527884038,12,-250,0,False,False,False
R01ZF,R01ZF_SARF000058,58,1933,CAUSAL_REPLAY,R01ZF_SARF000058__CAUSAL_REPLAY__R01ZF_REUSED_R01ZF_PERSON002,R01ZF_REUSED_R01ZF_PERSON002,4,1722,1889,False,R01ZF_REUSED_R01ZF_PERSON002,"[[14.712880140572224, 37.61035576394228]]",22.897475623370056,12,-250,0,False,False,False
R01ZF,R01ZF_SARF000058,58,1933,CAUSAL_REPLAY,R01ZF_SARF000058__CAUSAL_REPLAY__R01ZF_REUSED_R01ZF_PERSON003,R01ZF_REUSED_R01ZF_PERSON003,4,1722,1889,False,R01ZF_REUSED_R01ZF_PERSON003,"[[-17.570657192865006, 5.659943438054569]]",23.230600630919575,16,-250,0,False,False,False
R01ZF,R01ZF_SARF000058,58,1933,FIXED_LAG_100MS,R01ZF_SARF000058__FIXED_LAG_100MS__R01ZF_REUSED_R01ZF_PERSON001,R01ZF_REUSED_R01ZF_PERSON001,6,1722,2000,True,R01ZF_REUSED_R01ZF_PERSON001,"[[10.515467937896723, 35.97892501982879]]",25.46345708193207,13,-250,100,False,False,False
R01ZF,R01ZF_SARF000058,58,1933,FIXED_LAG_100MS,R01ZF_SARF000058__FIXED_LAG_100MS__R01ZF_REUSED_R01ZF_PERSON002,R01ZF_REUSED_R01ZF_PERSON002,6,1722,2000,True,R01ZF_REUSED_R01ZF_PERSON002,"[[14.712880140572224, 40.74753328590354]]",26.03465314533132,14,-250,100,False,False,False
R01ZF,R01ZF_SARF000058,58,1933,FIXED_LAG_100MS,R01ZF_SARF000058__FIXED_LAG_100MS__R01ZF_REUSED_R01ZF_PERSON003,R01ZF_REUSED_R01ZF_PERSON003,6,1722,2000,True,R01ZF_REUSED_R01ZF_PERSON003,"[[-17.570657192865006, 9.088197239809048]]",26.658854432674055,17,-250,100,False,False,False
R01ZF,R01ZF_SARF000058,58,1933,FULL_CONTEXT_OFFLINE,R01ZF_SARF000058__FULL_CONTEXT_OFFLINE__R01ZF_REUSED_R01ZF_PERSON001,R01ZF_REUSED_R01ZF_PERSON001,9,1722,2167,True,R01ZF_REUSED_R01ZF_PERSON001,"[[10.515467937896723, 40.514074635007745]]",29.998606697111022,15,-250,250,False,False,False
R01ZF,R01ZF_SARF000058,58,1933,FULL_CONTEXT_OFFLINE,R01ZF_SARF000058__FULL_CONTEXT_OFFLINE__R01ZF_REUSED_R01ZF_PERSON002,R01ZF_REUSED_R01ZF_PERSON002,9,1722,2167,True,R01ZF_REUSED_R01ZF_PERSON002,"[[14.712880140572224, 45.42184277174026]]",30.708962631168035,16,-250,250,False,False,False
R01ZF,R01ZF_SARF000058,58,1933,FULL_CONTEXT_OFFLINE,R01ZF_SARF000058__FULL_CONTEXT_OFFLINE__R01ZF_REUSED_R01ZF_PERSON003,R01ZF_REUSED_R01ZF_PERSON003,9,1722,2167,True,R01ZF_REUSED_R01ZF_PERSON003,"[[-17.570657192865006, 13.690596174965485]]",31.26125336783049,18,-250,250,False,False,False
R01ZF,R01ZF_SARF000059,59,1967,CAUSAL_REPLAY,R01ZF_SARF000059__CAUSAL_REPLAY__R01ZF_REUSED_R01ZF_PERSON001,R01ZF_REUSED_R01ZF_PERSON001,5,1722,1944,False,R01ZF_REUSED_R01ZF_PERSON001,"[[10.515467937896723, 34.49340511876258]]",23.977937180865858,14,-250,0,False,False,False
R01ZF,R01ZF_SARF000059,59,1967,CAUSAL_REPLAY,R01ZF_SARF000059__CAUSAL_REPLAY__R01ZF_REUSED_R01ZF_PERSON002,R01ZF_REUSED_R01ZF_PERSON002,5,1722,1944,False,R01ZF_REUSED_R01ZF_PERSON002,"[[14.712880140572224, 39.189647127251945]]",24.47676698667972,13,-250,0,False,False,False
R01ZF,R01ZF_SARF000059,59,1967,CAUSAL_REPLAY,R01ZF_SARF000059__CAUSAL_REPLAY__R01ZF_REUSED_R01ZF_PERSON003,R01ZF_REUSED_R01ZF_PERSON003,5,1722,1944,False,R01ZF_REUSED_R01ZF_PERSON003,"[[-17.570657192865006, 7.370283088991286]]",24.940940281856292,17,-250,0,False,False,False
R01ZF,R01ZF_SARF000059,59,1967,FIXED_LAG_100MS,R01ZF_SARF000059__FIXED_LAG_100MS__R01ZF_REUSED_R01ZF_PERSON001,R01ZF_REUSED_R01ZF_PERSON001,7,1722,2056,True,R01ZF_REUSED_R01ZF_PERSON001,"[[10.515467937896723, 37.16501943947006]]",26.649551501573335,14,-250,100,False,False,False
R01ZF,R01ZF_SARF000059,59,1967,FIXED_LAG_100MS,R01ZF_SARF000059__FIXED_LAG_100MS__R01ZF_REUSED_R01ZF_PERSON002,R01ZF_REUSED_R01ZF_PERSON002,7,1722,2056,True,R01ZF_REUSED_R01ZF_PERSON002,"[[14.712880140572224, 42.35747419407868]]",27.644594053506452,15,-250,100,False,False,False
R01ZF,R01ZF_SARF000059,59,1967,FIXED_LAG_100MS,R01ZF_SARF000059__FIXED_LAG_100MS__R01ZF_REUSED_R01ZF_PERSON003,R01ZF_REUSED_R01ZF_PERSON003,7,1722,2056,True,R01ZF_REUSED_R01ZF_PERSON003,"[[-17.570657192865006, 10.757451657597578]]",28.328108850462584,19,-250,100,False,False,False
R01ZF,R01ZF_SARF000059,59,1967,FULL_CONTEXT_OFFLINE,R01ZF_SARF000059__FULL_CONTEXT_OFFLINE__R01ZF_REUSED_R01ZF_PERSON001,R01ZF_REUSED_R01ZF_PERSON001,9,1722,2167,True,R01ZF_REUSED_R01ZF_PERSON001,"[[10.515467937896723, 40.514074635007745]]",29.998606697111022,16,-250,250,False,False,False
R01ZF,R01ZF_SARF000059,59,1967,FULL_CONTEXT_OFFLINE,R01ZF_SARF000059__FULL_CONTEXT_OFFLINE__R01ZF_REUSED_R01ZF_PERSON002,R01ZF_REUSED_R01ZF_PERSON002,9,1722,2167,True,R01ZF_REUSED_R01ZF_PERSON002,"[[14.712880140572224, 45.42184277174026]]",30.708962631168035,17,-250,250,False,False,False
R01ZF,R01ZF_SARF000059,59,1967,FULL_CONTEXT_OFFLINE,R01ZF_SARF000059__FULL_CONTEXT_OFFLINE__R01ZF_REUSED_R01ZF_PERSON003,R01ZF_REUSED_R01ZF_PERSON003,9,1722,2167,True,R01ZF_REUSED_R01ZF_PERSON003,"[[-17.570657192865006, 13.690596174965485]]",31.26125336783049,20,-250,250,False,False,False
R01ZF,R01ZF_SARF000060,60,2000,CAUSAL_REPLAY,R01ZF_SARF000060__CAUSAL_REPLAY__R01ZF_REUSED_R01ZF_PERSON001,R01ZF_REUSED_R01ZF_PERSON001,5,1778,2000,False,R01ZF_REUSED_R01ZF_PERSON001,"[[12.111444684276343, 35.97892501982879]]",23.86748033555245,12,-250,0,False,False,False
R01ZF,R01ZF_SARF000060,60,2000,CAUSAL_REPLAY,R01ZF_SARF000060__CAUSAL_REPLAY__R01ZF_REUSED_R01ZF_PERSON002,R01ZF_REUSED_R01ZF_PERSON002,5,1778,2000,False,R01ZF_REUSED_R01ZF_PERSON002,"[[16.216628318106316, 40.74753328590354]]",24.530904967797227,16,-250,0,False,False,False
R01ZF,R01ZF_SARF000060,60,2000,CAUSAL_REPLAY,R01ZF_SARF000060__CAUSAL_REPLAY__R01ZF_REUSED_R01ZF_PERSON003,R01ZF_REUSED_R01ZF_PERSON003,5,1778,2000,False,R01ZF_REUSED_R01ZF_PERSON003,"[[-15.88692757052624, 9.088197239809048]]",24.975124810335288,19,-250,0,False,False,False
R01ZF,R01ZF_SARF000060,60,2000,FIXED_LAG_100MS,R01ZF_SARF000060__FIXED_LAG_100MS__R01ZF_REUSED_R01ZF_PERSON001,R01ZF_REUSED_R01ZF_PERSON001,6,1778,2056,True,R01ZF_REUSED_R01ZF_PERSON001,"[[12.111444684276343, 37.16501943947006]]",25.053574755193715,13,-250,100,False,False,False
R01ZF,R01ZF_SARF000060,60,2000,FIXED_LAG_100MS,R01ZF_SARF000060__FIXED_LAG_100MS__R01ZF_REUSED_R01ZF_PERSON002,R01ZF_REUSED_R01ZF_PERSON002,6,1778,2056,True,R01ZF_REUSED_R01ZF_PERSON002,"[[16.216628318106316, 42.35747419407868]]",26.14084587597236,17,-250,100,False,False,False
R01ZF,R01ZF_SARF000060,60,2000,FIXED_LAG_100MS,R01ZF_SARF000060__FIXED_LAG_100MS__R01ZF_REUSED_R01ZF_PERSON003,R01ZF_REUSED_R01ZF_PERSON003,6,1778,2056,True,R01ZF_REUSED_R01ZF_PERSON003,"[[-15.88692757052624, 10.757451657597578]]",26.644379228123817,19,-250,100,False,False,False
R01ZF,R01ZF_SARF000060,60,2000,FULL_CONTEXT_OFFLINE,R01ZF_SARF000060__FULL_CONTEXT_OFFLINE__R01ZF_REUSED_R01ZF_PERSON001,R01ZF_REUSED_R01ZF_PERSON001,9,1778,2222,True,R01ZF_REUSED_R01ZF_PERSON001,"[[12.111444684276343, 42.413740977484665]]",30.30229629320832,17,-250,250,False,False,False
R01ZF,R01ZF_SARF000060,60,2000,FULL_CONTEXT_OFFLINE,R01ZF_SARF000060__FULL_CONTEXT_OFFLINE__R01ZF_REUSED_R01ZF_PERSON002,R01ZF_REUSED_R01ZF_PERSON002,9,1778,2222,True,R01ZF_REUSED_R01ZF_PERSON002,"[[16.216628318106316, 47.03593061281178]]",30.819302294705466,19,-250,250,False,False,False
R01ZF,R01ZF_SARF000060,60,2000,FULL_CONTEXT_OFFLINE,R01ZF_SARF000060__FULL_CONTEXT_OFFLINE__R01ZF_REUSED_R01ZF_PERSON003,R01ZF_REUSED_R01ZF_PERSON003,9,1778,2222,True,R01ZF_REUSED_R01ZF_PERSON003,"[[-15.88692757052624, 15.375393453497523]]",31.262321024023763,20,-250,250,False,False,False
R01ZF,R01ZF_SARF000061,61,2033,CAUSAL_REPLAY,R01ZF_SARF000061__CAUSAL_REPLAY__R01ZF_REUSED_R01ZF_PERSON001,R01ZF_REUSED_R01ZF_PERSON001,4,1833,2000,False,R01ZF_REUSED_R01ZF_PERSON001,"[[13.657078837101565, 35.97892501982879]]",22.321846182727228,17,-250,0,False,False,False
R01ZF,R01ZF_SARF000061,61,2033,CAUSAL_REPLAY,R01ZF_SARF000061__CAUSAL_REPLAY__R01ZF_REUSED_R01ZF_PERSON002,R01ZF_REUSED_R01ZF_PERSON002,4,1833,2000,False,R01ZF_REUSED_R01ZF_PERSON002,"[[17.70539024834612, 40.74753328590354]]",23.042143037557423,20,-250,0,False,False,False
R01ZF,R01ZF_SARF000061,61,2033,CAUSAL_REPLAY,R01ZF_SARF000061__CAUSAL_REPLAY__R01ZF_REUSED_R01ZF_PERSON003,R01ZF_REUSED_R01ZF_PERSON003,4,1833,2000,False,R01ZF_REUSED_R01ZF_PERSON003,"[[-14.10773711532346, 9.088197239809048]]",23.195934355132508,21,-250,0,False,False,False
R01ZF,R01ZF_SARF000061,61,2033,FIXED_LAG_100MS,R01ZF_SARF000061__FIXED_LAG_100MS__R01ZF_REUSED_R01ZF_PERSON001,R01ZF_REUSED_R01ZF_PERSON001,6,1833,2111,True,R01ZF_REUSED_R01ZF_PERSON001,"[[13.657078837101565, 38.71667543363131]]",25.059596596529744,20,-250,100,False,False,False
R01ZF,R01ZF_SARF000061,61,2033,FIXED_LAG_100MS,R01ZF_SARF000061__FIXED_LAG_100MS__R01ZF_REUSED_R01ZF_PERSON002,R01ZF_REUSED_R01ZF_PERSON002,6,1833,2111,True,R01ZF_REUSED_R01ZF_PERSON002,"[[17.70539024834612, 43.897685434654576]]",26.192295186308456,21,-250,100,False,False,False
R01ZF,R01ZF_SARF000061,61,2033,FIXED_LAG_100MS,R01ZF_SARF000061__FIXED_LAG_100MS__R01ZF_REUSED_R01ZF_PERSON003,R01ZF_REUSED_R01ZF_PERSON003,6,1833,2111,True,R01ZF_REUSED_R01ZF_PERSON003,"[[-14.10773711532346, 12.343754397249]]",26.45149151257246,22,-250,100,False,False,False
R01ZF,R01ZF_SARF000061,61,2033,FULL_CONTEXT_OFFLINE,R01ZF_SARF000061__FULL_CONTEXT_OFFLINE__R01ZF_REUSED_R01ZF_PERSON001,R01ZF_REUSED_R01ZF_PERSON001,9,1833,2278,True,R01ZF_REUSED_R01ZF_PERSON001,"[[13.657078837101565, 43.66694800503322]]",30.009869167931654,22,-250,250,False,False,False
R01ZF,R01ZF_SARF000061,61,2033,FULL_CONTEXT_OFFLINE,R01ZF_SARF000061__FULL_CONTEXT_OFFLINE__R01ZF_REUSED_R01ZF_PERSON002,R01ZF_REUSED_R01ZF_PERSON002,9,1833,2278,True,R01ZF_REUSED_R01ZF_PERSON002,"[[17.70539024834612, 48.53443165076317]]",30.829041402417047,23,-250,250,False,False,False
R01ZF,R01ZF_SARF000061,61,2033,FULL_CONTEXT_OFFLINE,R01ZF_SARF000061__FULL_CONTEXT_OFFLINE__R01ZF_REUSED_R01ZF_PERSON003,R01ZF_REUSED_R01ZF_PERSON003,9,1833,2278,True,R01ZF_REUSED_R01ZF_PERSON003,"[[-14.10773711532346, 16.929640466955746]]",31.037377582279206,26,-250,250,False,False,False
R01ZF,R01ZF_SARF000062,62,2067,CAUSAL_REPLAY,R01ZF_SARF000062__CAUSAL_REPLAY__R01ZF_REUSED_R01ZF_PERSON001,R01ZF_REUSED_R01ZF_PERSON001,5,1833,2056,False,R01ZF_REUSED_R01ZF_PERSON001,"[[13.657078837101565, 37.16501943947006]]",23.507940602368492,17,-250,0,False,False,False
R01ZF,R01ZF_SARF000062,62,2067,CAUSAL_REPLAY,R01ZF_SARF000062__CAUSAL_REPLAY__R01ZF_REUSED_R01ZF_PERSON002,R01ZF_REUSED_R01ZF_PERSON002,5,1833,2056,False,R01ZF_REUSED_R01ZF_PERSON002,"[[17.70539024834612, 42.35747419407868]]",24.652083945732556,20,-250,0,False,False,False
R01ZF,R01ZF_SARF000062,62,2067,CAUSAL_REPLAY,R01ZF_SARF000062__CAUSAL_REPLAY__R01ZF_REUSED_R01ZF_PERSON003,R01ZF_REUSED_R01ZF_PERSON003,5,1833,2056,False,R01ZF_REUSED_R01ZF_PERSON003,"[[-14.10773711532346, 10.757451657597578]]",24.865188772921037,18,-250,0,False,False,False
R01ZF,R01ZF_SARF000062,62,2067,FIXED_LAG_100MS,R01ZF_SARF000062__FIXED_LAG_100MS__R01ZF_REUSED_R01ZF_PERSON001,R01ZF_REUSED_R01ZF_PERSON001,7,1833,2167,True,R01ZF_REUSED_R01ZF_PERSON001,"[[13.657078837101565, 40.514074635007745]]",26.85699579790618,20,-250,100,False,False,False
R01ZF,R01ZF_SARF000062,62,2067,FIXED_LAG_100MS,R01ZF_SARF000062__FIXED_LAG_100MS__R01ZF_REUSED_R01ZF_PERSON002,R01ZF_REUSED_R01ZF_PERSON002,7,1833,2167,True,R01ZF_REUSED_R01ZF_PERSON002,"[[17.70539024834612, 45.42184277174026]]",27.71645252339414,20,-250,100,False,False,False
R01ZF,R01ZF_SARF000062,62,2067,FIXED_LAG_100MS,R01ZF_SARF000062__FIXED_LAG_100MS__R01ZF_REUSED_R01ZF_PERSON003,R01ZF_REUSED_R01ZF_PERSON003,7,1833,2167,True,R01ZF_REUSED_R01ZF_PERSON003,"[[-14.10773711532346, 13.690596174965485]]",27.798333290288944,19,-250,100,False,False,False
R01ZF,R01ZF_SARF000062,62,2067,FULL_CONTEXT_OFFLINE,R01ZF_SARF000062__FULL_CONTEXT_OFFLINE__R01ZF_REUSED_R01ZF_PERSON001,R01ZF_REUSED_R01ZF_PERSON001,9,1833,2278,True,R01ZF_REUSED_R01ZF_PERSON001,"[[13.657078837101565, 43.66694800503322]]",30.009869167931654,21,-250,250,False,False,False
R01ZF,R01ZF_SARF000062,62,2067,FULL_CONTEXT_OFFLINE,R01ZF_SARF000062__FULL_CONTEXT_OFFLINE__R01ZF_REUSED_R01ZF_PERSON002,R01ZF_REUSED_R01ZF_PERSON002,9,1833,2278,True,R01ZF_REUSED_R01ZF_PERSON002,"[[17.70539024834612, 48.53443165076317]]",30.829041402417047,21,-250,250,False,False,False
R01ZF,R01ZF_SARF000062,62,2067,FULL_CONTEXT_OFFLINE,R01ZF_SARF000062__FULL_CONTEXT_OFFLINE__R01ZF_REUSED_R01ZF_PERSON003,R01ZF_REUSED_R01ZF_PERSON003,9,1833,2278,True,R01ZF_REUSED_R01ZF_PERSON003,"[[-14.10773711532346, 16.929640466955746]]",31.037377582279206,20,-250,250,False,False,False
R01ZF,R01ZF_SARF000063,63,2100,CAUSAL_REPLAY,R01ZF_SARF000063__CAUSAL_REPLAY__R01ZF_REUSED_R01ZF_PERSON001,R01ZF_REUSED_R01ZF_PERSON001,4,1889,2056,False,R01ZF_REUSED_R01ZF_PERSON001,"[[15.196717188988401, 37.16501943947006]]",21.968302250481656,17,-250,0,False,False,False
R01ZF,R01ZF_SARF000063,63,2100,CAUSAL_REPLAY,R01ZF_SARF000063__CAUSAL_REPLAY__R01ZF_REUSED_R01ZF_PERSON002,R01ZF_REUSED_R01ZF_PERSON002,4,1889,2056,False,R01ZF_REUSED_R01ZF_PERSON002,"[[19.300436050602656, 42.35747419407868]]",23.05703814347602,17,-250,0,False,False,False
R01ZF,R01ZF_SARF000063,63,2100,CAUSAL_REPLAY,R01ZF_SARF000063__CAUSAL_REPLAY__R01ZF_REUSED_R01ZF_PERSON003,R01ZF_REUSED_R01ZF_PERSON003,4,1889,2056,False,R01ZF_REUSED_R01ZF_PERSON003,"[[-12.291312150379895, 10.757451657597578]]",23.048763807977473,19,-250,0,False,False,False
R01ZF,R01ZF_SARF000063,63,2100,FIXED_LAG_100MS,R01ZF_SARF000063__FIXED_LAG_100MS__R01ZF_REUSED_R01ZF_PERSON001,R01ZF_REUSED_R01ZF_PERSON001,6,1889,2167,True,R01ZF_REUSED_R01ZF_PERSON001,"[[15.196717188988401, 40.514074635007745]]",25.317357446019344,18,-250,100,False,False,False
R01ZF,R01ZF_SARF000063,63,2100,FIXED_LAG_100MS,R01ZF_SARF000063__FIXED_LAG_100MS__R01ZF_REUSED_R01ZF_PERSON002,R01ZF_REUSED_R01ZF_PERSON002,6,1889,2167,True,R01ZF_REUSED_R01ZF_PERSON002,"[[19.300436050602656, 45.42184277174026]]",26.121406721137603,17,-250,100,False,False,False
R01ZF,R01ZF_SARF000063,63,2100,FIXED_LAG_100MS,R01ZF_SARF000063__FIXED_LAG_100MS__R01ZF_REUSED_R01ZF_PERSON003,R01ZF_REUSED_R01ZF_PERSON003,6,1889,2167,True,R01ZF_REUSED_R01ZF_PERSON003,"[[-12.291312150379895, 13.690596174965485]]",25.98190832534538,19,-250,100,False,False,False
R01ZF,R01ZF_SARF000063,63,2100,FULL_CONTEXT_OFFLINE,R01ZF_SARF000063__FULL_CONTEXT_OFFLINE__R01ZF_REUSED_R01ZF_PERSON001,R01ZF_REUSED_R01ZF_PERSON001,9,1889,2333,True,R01ZF_REUSED_R01ZF_PERSON001,"[[15.196717188988401, 45.66022956738118]]",30.463512378392778,19,-250,250,False,False,False
R01ZF,R01ZF_SARF000063,63,2100,FULL_CONTEXT_OFFLINE,R01ZF_SARF000063__FULL_CONTEXT_OFFLINE__R01ZF_REUSED_R01ZF_PERSON002,R01ZF_REUSED_R01ZF_PERSON002,9,1889,2333,True,R01ZF_REUSED_R01ZF_PERSON002,"[[19.300436050602656, 50.10179651318211]]",30.801360462579453,19,-250,250,False,False,False
R01ZF,R01ZF_SARF000063,63,2100,FULL_CONTEXT_OFFLINE,R01ZF_SARF000063__FULL_CONTEXT_OFFLINE__R01ZF_REUSED_R01ZF_PERSON003,R01ZF_REUSED_R01ZF_PERSON003,9,1889,2333,True,R01ZF_REUSED_R01ZF_PERSON003,"[[-12.291312150379895, 18.572939121069304]]",30.8642512714492,25,-250,250,False,False,False
R01ZF,R01ZF_SARF000064,64,2133,CAUSAL_REPLAY,R01ZF_SARF000064__CAUSAL_REPLAY__R01ZF_REUSED_R01ZF_PERSON001,R01ZF_REUSED_R01ZF_PERSON001,5,1889,2111,False,R01ZF_REUSED_R01ZF_PERSON001,"[[15.196717188988401, 38.71667543363131]]",23.519958244642908,17,-250,0,False,False,False
R01ZF,R01ZF_SARF000064,64,2133,CAUSAL_REPLAY,R01ZF_SARF000064__CAUSAL_REPLAY__R01ZF_REUSED_R01ZF_PERSON002,R01ZF_REUSED_R01ZF_PERSON002,5,1889,2111,False,R01ZF_REUSED_R01ZF_PERSON002,"[[19.300436050602656, 43.897685434654576]]",24.59724938405192,18,-250,0,False,False,False
R01ZF,R01ZF_SARF000064,64,2133,CAUSAL_REPLAY,R01ZF_SARF000064__CAUSAL_REPLAY__R01ZF_REUSED_R01ZF_PERSON003,R01ZF_REUSED_R01ZF_PERSON003,5,1889,2111,False,R01ZF_REUSED_R01ZF_PERSON003,"[[-12.291312150379895, 12.343754397249]]",24.635066547628895,17,-250,0,False,False,False
R01ZF,R01ZF_SARF000064,64,2133,FIXED_LAG_100MS,R01ZF_SARF000064__FIXED_LAG_100MS__R01ZF_REUSED_R01ZF_PERSON001,R01ZF_REUSED_R01ZF_PERSON001,7,1889,2222,True,R01ZF_REUSED_R01ZF_PERSON001,"[[15.196717188988401, 42.413740977484665]]",27.217023788496263,18,-250,100,False,False,False
R01ZF,R01ZF_SARF000064,64,2133,FIXED_LAG_100MS,R01ZF_SARF000064__FIXED_LAG_100MS__R01ZF_REUSED_R01ZF_PERSON002,R01ZF_REUSED_R01ZF_PERSON002,7,1889,2222,True,R01ZF_REUSED_R01ZF_PERSON002,"[[19.300436050602656, 47.03593061281178]]",27.735494562209126,20,-250,100,False,False,False
R01ZF,R01ZF_SARF000064,64,2133,FIXED_LAG_100MS,R01ZF_SARF000064__FIXED_LAG_100MS__R01ZF_REUSED_R01ZF_PERSON003,R01ZF_REUSED_R01ZF_PERSON003,7,1889,2222,True,R01ZF_REUSED_R01ZF_PERSON003,"[[-12.291312150379895, 15.375393453497523]]",27.666705603877418,18,-250,100,False,False,False
R01ZF,R01ZF_SARF000064,64,2133,FULL_CONTEXT_OFFLINE,R01ZF_SARF000064__FULL_CONTEXT_OFFLINE__R01ZF_REUSED_R01ZF_PERSON001,R01ZF_REUSED_R01ZF_PERSON001,9,1889,2333,True,R01ZF_REUSED_R01ZF_PERSON001,"[[15.196717188988401, 45.66022956738118]]",30.463512378392778,20,-250,250,False,False,False
R01ZF,R01ZF_SARF000064,64,2133,FULL_CONTEXT_OFFLINE,R01ZF_SARF000064__FULL_CONTEXT_OFFLINE__R01ZF_REUSED_R01ZF_PERSON002,R01ZF_REUSED_R01ZF_PERSON002,9,1889,2333,True,R01ZF_REUSED_R01ZF_PERSON002,"[[19.300436050602656, 50.10179651318211]]",30.801360462579453,21,-250,250,False,False,False
R01ZF,R01ZF_SARF000064,64,2133,FULL_CONTEXT_OFFLINE,R01ZF_SARF000064__FULL_CONTEXT_OFFLINE__R01ZF_REUSED_R01ZF_PERSON003,R01ZF_REUSED_R01ZF_PERSON003,9,1889,2333,True,R01ZF_REUSED_R01ZF_PERSON003,"[[-12.291312150379895, 18.572939121069304]]",30.8642512714492,20,-250,250,False,False,False
R01ZF,R01ZF_SARF000065,65,2167,CAUSAL_REPLAY,R01ZF_SARF000065__CAUSAL_REPLAY__R01ZF_REUSED_R01ZF_PERSON001,R01ZF_REUSED_R01ZF_PERSON001,5,1944,2167,False,R01ZF_REUSED_R01ZF_PERSON001,"[[16.684261730760582, 40.514074635007745]]",23.829812904247163,17,-250,0,False,False,False
R01ZF,R01ZF_SARF000065,65,2167,CAUSAL_REPLAY,R01ZF_SARF000065__CAUSAL_REPLAY__R01ZF_REUSED_R01ZF_PERSON002,R01ZF_REUSED_R01ZF_PERSON002,5,1944,2167,False,R01ZF_REUSED_R01ZF_PERSON002,"[[20.88935584994867, 45.42184277174026]]",24.532486921791588,17,-250,0,False,False,False
R01ZF,R01ZF_SARF000065,65,2167,CAUSAL_REPLAY,R01ZF_SARF000065__CAUSAL_REPLAY__R01ZF_REUSED_R01ZF_PERSON003,R01ZF_REUSED_R01ZF_PERSON003,5,1944,2167,False,R01ZF_REUSED_R01ZF_PERSON003,"[[-10.49732098569391, 13.690596174965485]]",24.187917160659396,15,-250,0,False,False,False
R01ZF,R01ZF_SARF000065,65,2167,FIXED_LAG_100MS,R01ZF_SARF000065__FIXED_LAG_100MS__R01ZF_REUSED_R01ZF_PERSON001,R01ZF_REUSED_R01ZF_PERSON001,6,1944,2222,True,R01ZF_REUSED_R01ZF_PERSON001,"[[16.684261730760582, 42.413740977484665]]",25.729479246724082,17,-250,100,False,False,False
R01ZF,R01ZF_SARF000065,65,2167,FIXED_LAG_100MS,R01ZF_SARF000065__FIXED_LAG_100MS__R01ZF_REUSED_R01ZF_PERSON002,R01ZF_REUSED_R01ZF_PERSON002,6,1944,2222,True,R01ZF_REUSED_R01ZF_PERSON002,"[[20.88935584994867, 47.03593061281178]]",26.14657476286311,18,-250,100,False,False,False
R01ZF,R01ZF_SARF000065,65,2167,FIXED_LAG_100MS,R01ZF_SARF000065__FIXED_LAG_100MS__R01ZF_REUSED_R01ZF_PERSON003,R01ZF_REUSED_R01ZF_PERSON003,6,1944,2222,True,R01ZF_REUSED_R01ZF_PERSON003,"[[-10.49732098569391, 15.375393453497523]]",25.872714439191434,15,-250,100,False,False,False
R01ZF,R01ZF_SARF000065,65,2167,FULL_CONTEXT_OFFLINE,R01ZF_SARF000065__FULL_CONTEXT_OFFLINE__R01ZF_REUSED_R01ZF_PERSON001,R01ZF_REUSED_R01ZF_PERSON001,9,1944,2389,True,R01ZF_REUSED_R01ZF_PERSON001,"[[16.684261730760582, 47.386883525757696]]",30.702621794997114,20,-250,250,False,False,False
R01ZF,R01ZF_SARF000065,65,2167,FULL_CONTEXT_OFFLINE,R01ZF_SARF000065__FULL_CONTEXT_OFFLINE__R01ZF_REUSED_R01ZF_PERSON002,R01ZF_REUSED_R01ZF_PERSON002,9,1944,2389,True,R01ZF_REUSED_R01ZF_PERSON002,"[[20.88935584994867, 51.678288534032475]]",30.788932684083804,19,-250,250,False,False,False
R01ZF,R01ZF_SARF000065,65,2167,FULL_CONTEXT_OFFLINE,R01ZF_SARF000065__FULL_CONTEXT_OFFLINE__R01ZF_REUSED_R01ZF_PERSON003,R01ZF_REUSED_R01ZF_PERSON003,9,1944,2389,True,R01ZF_REUSED_R01ZF_PERSON003,"[[-10.49732098569391, 20.19559425208464]]",30.69291523777855,19,-250,250,False,False,False
R01ZF,R01ZF_SARF000066,66,2200,CAUSAL_REPLAY,R01ZF_SARF000066__CAUSAL_REPLAY__R01ZF_REUSED_R01ZF_PERSON001,R01ZF_REUSED_R01ZF_PERSON001,4,2000,2167,False,R01ZF_REUSED_R01ZF_PERSON001,"[[18.232812407823758, 40.514074635007745]]",22.281262227183987,13,-250,0,False,False,False
R01ZF,R01ZF_SARF000066,66,2200,CAUSAL_REPLAY,R01ZF_SARF000066__CAUSAL_REPLAY__R01ZF_REUSED_R01ZF_PERSON002,R01ZF_REUSED_R01ZF_PERSON002,4,2000,2167,False,R01ZF_REUSED_R01ZF_PERSON002,"[[22.346153195376303, 45.42184277174026]]",23.075689576363956,12,-250,0,False,False,False
R01ZF,R01ZF_SARF000066,66,2200,CAUSAL_REPLAY,R01ZF_SARF000066__CAUSAL_REPLAY__R01ZF_REUSED_R01ZF_PERSON003,R01ZF_REUSED_R01ZF_PERSON003,4,2000,2167,False,R01ZF_REUSED_R01ZF_PERSON003,"[[-8.69678391672371, 13.690596174965485]]",22.387380091689195,15,-250,0,False,False,False
R01ZF,R01ZF_SARF000066,66,2200,FIXED_LAG_100MS,R01ZF_SARF000066__FIXED_LAG_100MS__R01ZF_REUSED_R01ZF_PERSON001,R01ZF_REUSED_R01ZF_PERSON001,6,2000,2278,True,R01ZF_REUSED_R01ZF_PERSON001,"[[18.232812407823758, 43.66694800503322]]",25.434135597209462,13,-250,100,False,False,False
R01ZF,R01ZF_SARF000066,66,2200,FIXED_LAG_100MS,R01ZF_SARF000066__FIXED_LAG_100MS__R01ZF_REUSED_R01ZF_PERSON002,R01ZF_REUSED_R01ZF_PERSON002,6,2000,2278,True,R01ZF_REUSED_R01ZF_PERSON002,"[[22.346153195376303, 48.53443165076317]]",26.188278455386865,13,-250,100,False,False,False
R01ZF,R01ZF_SARF000066,66,2200,FIXED_LAG_100MS,R01ZF_SARF000066__FIXED_LAG_100MS__R01ZF_REUSED_R01ZF_PERSON003,R01ZF_REUSED_R01ZF_PERSON003,6,2000,2278,True,R01ZF_REUSED_R01ZF_PERSON003,"[[-8.69678391672371, 16.929640466955746]]",25.626424383679456,17,-250,100,False,False,False
R01ZF,R01ZF_SARF000066,66,2200,FULL_CONTEXT_OFFLINE,R01ZF_SARF000066__FULL_CONTEXT_OFFLINE__R01ZF_REUSED_R01ZF_PERSON001,R01ZF_REUSED_R01ZF_PERSON001,9,2000,2444,True,R01ZF_REUSED_R01ZF_PERSON001,"[[18.232812407823758, 48.38565636427052]]",30.15284395644676,15,-250,250,False,False,False
R01ZF,R01ZF_SARF000066,66,2200,FULL_CONTEXT_OFFLINE,R01ZF_SARF000066__FULL_CONTEXT_OFFLINE__R01ZF_REUSED_R01ZF_PERSON002,R01ZF_REUSED_R01ZF_PERSON002,9,2000,2444,True,R01ZF_REUSED_R01ZF_PERSON002,"[[22.346153195376303, 53.1213235307235]]",30.775170335347198,14,-250,250,False,False,False
R01ZF,R01ZF_SARF000066,66,2200,FULL_CONTEXT_OFFLINE,R01ZF_SARF000066__FULL_CONTEXT_OFFLINE__R01ZF_REUSED_R01ZF_PERSON003,R01ZF_REUSED_R01ZF_PERSON003,9,2000,2444,True,R01ZF_REUSED_R01ZF_PERSON003,"[[-8.69678391672371, 21.904885777122303]]",30.601669693846013,19,-250,250,False,False,False
R01ZF,R01ZF_SARF000067,67,2233,CAUSAL_REPLAY,R01ZF_SARF000067__CAUSAL_REPLAY__R01ZF_REUSED_R01ZF_PERSON001,R01ZF_REUSED_R01ZF_PERSON001,5,2000,2222,False,R01ZF_REUSED_R01ZF_PERSON001,"[[18.232812407823758, 42.413740977484665]]",24.180928569660907,18,-250,0,False,False,False
R01ZF,R01ZF_SARF000067,67,2233,CAUSAL_REPLAY,R01ZF_SARF000067__CAUSAL_REPLAY__R01ZF_REUSED_R01ZF_PERSON002,R01ZF_REUSED_R01ZF_PERSON002,5,2000,2222,False,R01ZF_REUSED_R01ZF_PERSON002,"[[22.346153195376303, 47.03593061281178]]",24.68977741743548,19,-250,0,False,False,False
R01ZF,R01ZF_SARF000067,67,2233,CAUSAL_REPLAY,R01ZF_SARF000067__CAUSAL_REPLAY__R01ZF_REUSED_R01ZF_PERSON003,R01ZF_REUSED_R01ZF_PERSON003,5,2000,2222,False,R01ZF_REUSED_R01ZF_PERSON003,"[[-8.69678391672371, 15.375393453497523]]",24.072177370221233,21,-250,0,False,False,False
R01ZF,R01ZF_SARF000067,67,2233,FIXED_LAG_100MS,R01ZF_SARF000067__FIXED_LAG_100MS__R01ZF_REUSED_R01ZF_PERSON001,R01ZF_REUSED_R01ZF_PERSON001,7,2000,2333,True,R01ZF_REUSED_R01ZF_PERSON001,"[[18.232812407823758, 45.66022956738118]]",27.42741715955742,20,-250,100,False,False,False
R01ZF,R01ZF_SARF000067,67,2233,FIXED_LAG_100MS,R01ZF_SARF000067__FIXED_LAG_100MS__R01ZF_REUSED_R01ZF_PERSON002,R01ZF_REUSED_R01ZF_PERSON002,7,2000,2333,True,R01ZF_REUSED_R01ZF_PERSON002,"[[22.346153195376303, 50.10179651318211]]",27.755643317805806,19,-250,100,False,False,False
R01ZF,R01ZF_SARF000067,67,2233,FIXED_LAG_100MS,R01ZF_SARF000067__FIXED_LAG_100MS__R01ZF_REUSED_R01ZF_PERSON003,R01ZF_REUSED_R01ZF_PERSON003,7,2000,2333,True,R01ZF_REUSED_R01ZF_PERSON003,"[[-8.69678391672371, 18.572939121069304]]",27.269723037793014,22,-250,100,False,False,False
R01ZF,R01ZF_SARF000067,67,2233,FULL_CONTEXT_OFFLINE,R01ZF_SARF000067__FULL_CONTEXT_OFFLINE__R01ZF_REUSED_R01ZF_PERSON001,R01ZF_REUSED_R01ZF_PERSON001,9,2000,2444,True,R01ZF_REUSED_R01ZF_PERSON001,"[[18.232812407823758, 48.38565636427052]]",30.15284395644676,21,-250,250,False,False,False
R01ZF,R01ZF_SARF000067,67,2233,FULL_CONTEXT_OFFLINE,R01ZF_SARF000067__FULL_CONTEXT_OFFLINE__R01ZF_REUSED_R01ZF_PERSON002,R01ZF_REUSED_R01ZF_PERSON002,9,2000,2444,True,R01ZF_REUSED_R01ZF_PERSON002,"[[22.346153195376303, 53.1213235307235]]",30.775170335347198,20,-250,250,False,False,False
R01ZF,R01ZF_SARF000067,67,2233,FULL_CONTEXT_OFFLINE,R01ZF_SARF000067__FULL_CONTEXT_OFFLINE__R01ZF_REUSED_R01ZF_PERSON003,R01ZF_REUSED_R01ZF_PERSON003,9,2000,2444,True,R01ZF_REUSED_R01ZF_PERSON003,"[[-8.69678391672371, 21.904885777122303]]",30.601669693846013,25,-250,250,False,False,False
R01ZF,R01ZF_SARF000068,68,2267,CAUSAL_REPLAY,R01ZF_SARF000068__CAUSAL_REPLAY__R01ZF_REUSED_R01ZF_PERSON001,R01ZF_REUSED_R01ZF_PERSON001,4,2056,2222,False,R01ZF_REUSED_R01ZF_PERSON001,"[[19.73472473751464, 42.413740977484665]]",22.679016239970025,13,-250,0,False,False,False
R01ZF,R01ZF_SARF000068,68,2267,CAUSAL_REPLAY,R01ZF_SARF000068__CAUSAL_REPLAY__R01ZF_REUSED_R01ZF_PERSON002,R01ZF_REUSED_R01ZF_PERSON002,4,2056,2222,False,R01ZF_REUSED_R01ZF_PERSON002,"[[22.665460518350272, 47.03593061281178]]",24.37047009446151,14,-250,0,False,False,False
R01ZF,R01ZF_SARF000068,68,2267,CAUSAL_REPLAY,R01ZF_SARF000068__CAUSAL_REPLAY__R01ZF_REUSED_R01ZF_PERSON003,R01ZF_REUSED_R01ZF_PERSON003,4,2056,2222,False,R01ZF_REUSED_R01ZF_PERSON003,"[[-6.970933955541845, 15.375393453497523]]",22.346327409039368,16,-250,0,False,False,False
R01ZF,R01ZF_SARF000068,68,2267,FIXED_LAG_100MS,R01ZF_SARF000068__FIXED_LAG_100MS__R01ZF_REUSED_R01ZF_PERSON001,R01ZF_REUSED_R01ZF_PERSON001,6,2056,2333,True,R01ZF_REUSED_R01ZF_PERSON001,"[[19.73472473751464, 45.66022956738118]]",25.92550482986654,15,-250,100,False,False,False
R01ZF,R01ZF_SARF000068,68,2267,FIXED_LAG_100MS,R01ZF_SARF000068__FIXED_LAG_100MS__R01ZF_REUSED_R01ZF_PERSON002,R01ZF_REUSED_R01ZF_PERSON002,6,2056,2333,True,R01ZF_REUSED_R01ZF_PERSON002,"[[22.665460518350272, 50.10179651318211]]",27.436335994831836,14,-250,100,False,False,False
R01ZF,R01ZF_SARF000068,68,2267,FIXED_LAG_100MS,R01ZF_SARF000068__FIXED_LAG_100MS__R01ZF_REUSED_R01ZF_PERSON003,R01ZF_REUSED_R01ZF_PERSON003,6,2056,2333,True,R01ZF_REUSED_R01ZF_PERSON003,"[[-6.970933955541845, 18.572939121069304]]",25.54387307661115,17,-250,100,False,False,False
R01ZF,R01ZF_SARF000068,68,2267,FULL_CONTEXT_OFFLINE,R01ZF_SARF000068__FULL_CONTEXT_OFFLINE__R01ZF_REUSED_R01ZF_PERSON001,R01ZF_REUSED_R01ZF_PERSON001,9,2056,2500,True,R01ZF_REUSED_R01ZF_PERSON001,"[[19.73472473751464, 50.42140981079751]]",30.686685073282874,17,-250,250,False,False,False
R01ZF,R01ZF_SARF000068,68,2267,FULL_CONTEXT_OFFLINE,R01ZF_SARF000068__FULL_CONTEXT_OFFLINE__R01ZF_REUSED_R01ZF_PERSON002,R01ZF_REUSED_R01ZF_PERSON002,9,2056,2500,True,R01ZF_REUSED_R01ZF_PERSON002,"[[22.665460518350272, 54.60770927492139]]",31.942248756571118,15,-250,250,False,False,False
R01ZF,R01ZF_SARF000068,68,2267,FULL_CONTEXT_OFFLINE,R01ZF_SARF000068__FULL_CONTEXT_OFFLINE__R01ZF_REUSED_R01ZF_PERSON003,R01ZF_REUSED_R01ZF_PERSON003,9,2056,2500,True,R01ZF_REUSED_R01ZF_PERSON003,"[[-6.970933955541845, 23.49506853562245]]",30.466002491164296,21,-250,250,False,False,False
R01ZF,R01ZF_SARF000069,69,2300,CAUSAL_REPLAY,R01ZF_SARF000069__CAUSAL_REPLAY__R01ZF_REUSED_R01ZF_PERSON001,R01ZF_REUSED_R01ZF_PERSON001,5,2056,2278,False,R01ZF_REUSED_R01ZF_PERSON001,"[[19.73472473751464, 43.66694800503322]]",23.93222326751858,19,-250,0,False,False,False
R01ZF,R01ZF_SARF000069,69,2300,CAUSAL_REPLAY,R01ZF_SARF000069__CAUSAL_REPLAY__R01ZF_REUSED_R01ZF_PERSON002,R01ZF_REUSED_R01ZF_PERSON002,5,2056,2278,False,R01ZF_REUSED_R01ZF_PERSON002,"[[22.665460518350272, 48.53443165076317]]",25.868971132412895,19,-250,0,False,False,False
R01ZF,R01ZF_SARF000069,69,2300,CAUSAL_REPLAY,R01ZF_SARF000069__CAUSAL_REPLAY__R01ZF_REUSED_R01ZF_PERSON003,R01ZF_REUSED_R01ZF_PERSON003,5,2056,2278,False,R01ZF_REUSED_R01ZF_PERSON003,"[[-6.970933955541845, 16.929640466955746]]",23.90057442249759,19,-250,0,False,False,False
R01ZF,R01ZF_SARF000069,69,2300,FIXED_LAG_100MS,R01ZF_SARF000069__FIXED_LAG_100MS__R01ZF_REUSED_R01ZF_PERSON001,R01ZF_REUSED_R01ZF_PERSON001,7,2056,2389,True,R01ZF_REUSED_R01ZF_PERSON001,"[[19.73472473751464, 47.386883525757696]]",27.652158788243057,21,-250,100,False,False,False
R01ZF,R01ZF_SARF000069,69,2300,FIXED_LAG_100MS,R01ZF_SARF000069__FIXED_LAG_100MS__R01ZF_REUSED_R01ZF_PERSON002,R01ZF_REUSED_R01ZF_PERSON002,7,2056,2389,True,R01ZF_REUSED_R01ZF_PERSON002,"[[22.665460518350272, 51.678288534032475]]",29.012828015682203,20,-250,100,False,False,False
R01ZF,R01ZF_SARF000069,69,2300,FIXED_LAG_100MS,R01ZF_SARF000069__FIXED_LAG_100MS__R01ZF_REUSED_R01ZF_PERSON003,R01ZF_REUSED_R01ZF_PERSON003,7,2056,2389,True,R01ZF_REUSED_R01ZF_PERSON003,"[[-6.970933955541845, 20.19559425208464]]",27.166528207626484,22,-250,100,False,False,False
R01ZF,R01ZF_SARF000069,69,2300,FULL_CONTEXT_OFFLINE,R01ZF_SARF000069__FULL_CONTEXT_OFFLINE__R01ZF_REUSED_R01ZF_PERSON001,R01ZF_REUSED_R01ZF_PERSON001,9,2056,2500,True,R01ZF_REUSED_R01ZF_PERSON001,"[[19.73472473751464, 50.42140981079751]]",30.686685073282874,22,-250,250,False,False,False
R01ZF,R01ZF_SARF000069,69,2300,FULL_CONTEXT_OFFLINE,R01ZF_SARF000069__FULL_CONTEXT_OFFLINE__R01ZF_REUSED_R01ZF_PERSON002,R01ZF_REUSED_R01ZF_PERSON002,9,2056,2500,True,R01ZF_REUSED_R01ZF_PERSON002,"[[22.665460518350272, 54.60770927492139]]",31.942248756571118,21,-250,250,False,False,False
R01ZF,R01ZF_SARF000069,69,2300,FULL_CONTEXT_OFFLINE,R01ZF_SARF000069__FULL_CONTEXT_OFFLINE__R01ZF_REUSED_R01ZF_PERSON003,R01ZF_REUSED_R01ZF_PERSON003,9,2056,2500,True,R01ZF_REUSED_R01ZF_PERSON003,"[[-6.970933955541845, 23.49506853562245]]",30.466002491164296,24,-250,250,False,False,False
R01ZF,R01ZF_SARF000070,70,2333,CAUSAL_REPLAY,R01ZF_SARF000070__CAUSAL_REPLAY__R01ZF_REUSED_R01ZF_PERSON001,R01ZF_REUSED_R01ZF_PERSON001,5,2111,2333,False,R01ZF_REUSED_R01ZF_PERSON001,"[[21.219300674261632, 45.66022956738118]]",24.440928893119548,17,-250,0,False,False,False
R01ZF,R01ZF_SARF000070,70,2333,CAUSAL_REPLAY,R01ZF_SARF000070__CAUSAL_REPLAY__R01ZF_REUSED_R01ZF_PERSON002,R01ZF_REUSED_R01ZF_PERSON002,5,2111,2333,False,R01ZF_REUSED_R01ZF_PERSON002,"[[23.825560113725473, 50.10179651318211]]",26.276236399456636,15,-250,0,False,False,False
R01ZF,R01ZF_SARF000070,70,2333,CAUSAL_REPLAY,R01ZF_SARF000070__CAUSAL_REPLAY__R01ZF_REUSED_R01ZF_PERSON003,R01ZF_REUSED_R01ZF_PERSON003,5,2111,2333,False,R01ZF_REUSED_R01ZF_PERSON003,"[[-5.289476357662494, 18.572939121069304]]",23.862415478731798,14,-250,0,False,False,False
R01ZF,R01ZF_SARF000070,70,2333,FIXED_LAG_100MS,R01ZF_SARF000070__FIXED_LAG_100MS__R01ZF_REUSED_R01ZF_PERSON001,R01ZF_REUSED_R01ZF_PERSON001,6,2111,2389,True,R01ZF_REUSED_R01ZF_PERSON001,"[[21.219300674261632, 47.386883525757696]]",26.167582851496064,17,-250,100,False,False,False
R01ZF,R01ZF_SARF000070,70,2333,FIXED_LAG_100MS,R01ZF_SARF000070__FIXED_LAG_100MS__R01ZF_REUSED_R01ZF_PERSON002,R01ZF_REUSED_R01ZF_PERSON002,6,2111,2389,True,R01ZF_REUSED_R01ZF_PERSON002,"[[23.825560113725473, 51.678288534032475]]",27.852728420307002,16,-250,100,False,False,False
R01ZF,R01ZF_SARF000070,70,2333,FIXED_LAG_100MS,R01ZF_SARF000070__FIXED_LAG_100MS__R01ZF_REUSED_R01ZF_PERSON003,R01ZF_REUSED_R01ZF_PERSON003,6,2111,2389,True,R01ZF_REUSED_R01ZF_PERSON003,"[[-5.289476357662494, 20.19559425208464]]",25.485070609747133,16,-250,100,False,False,False
R01ZF,R01ZF_SARF000070,70,2333,FULL_CONTEXT_OFFLINE,R01ZF_SARF000070__FULL_CONTEXT_OFFLINE__R01ZF_REUSED_R01ZF_PERSON001,R01ZF_REUSED_R01ZF_PERSON001,9,2111,2556,True,R01ZF_REUSED_R01ZF_PERSON001,"[[21.219300674261632, 52.11889201672042]]",30.89959134245879,18,-250,250,False,False,False
R01ZF,R01ZF_SARF000070,70,2333,FULL_CONTEXT_OFFLINE,R01ZF_SARF000070__FULL_CONTEXT_OFFLINE__R01ZF_REUSED_R01ZF_PERSON002,R01ZF_REUSED_R01ZF_PERSON002,9,2111,2556,True,R01ZF_REUSED_R01ZF_PERSON002,"[[23.825560113725473, 56.15814788061769]]",32.33258776689222,17,-250,250,False,False,False
R01ZF,R01ZF_SARF000070,70,2333,FULL_CONTEXT_OFFLINE,R01ZF_SARF000070__FULL_CONTEXT_OFFLINE__R01ZF_REUSED_R01ZF_PERSON003,R01ZF_REUSED_R01ZF_PERSON003,9,2111,2556,True,R01ZF_REUSED_R01ZF_PERSON003,"[[-5.289476357662494, 25.09334334685377]]",30.382819704516265,20,-250,250,False,False,False
R01ZF,R01ZF_SARF000071,71,2367,CAUSAL_REPLAY,R01ZF_SARF000071__CAUSAL_REPLAY__R01ZF_REUSED_R01ZF_PERSON001,R01ZF_REUSED_R01ZF_PERSON001,4,2167,2333,False,R01ZF_REUSED_R01ZF_PERSON001,"[[22.763053408551812, 45.66022956738118]]",22.897176158829367,16,-250,0,False,False,False
R01ZF,R01ZF_SARF000071,71,2367,CAUSAL_REPLAY,R01ZF_SARF000071__CAUSAL_REPLAY__R01ZF_REUSED_R01ZF_PERSON002,R01ZF_REUSED_R01ZF_PERSON002,4,2167,2333,False,R01ZF_REUSED_R01ZF_PERSON002,"[[25.609131865379254, 50.10179651318211]]",24.492664647802854,14,-250,0,False,False,False
R01ZF,R01ZF_SARF000071,71,2367,CAUSAL_REPLAY,R01ZF_SARF000071__CAUSAL_REPLAY__R01ZF_REUSED_R01ZF_PERSON003,R01ZF_REUSED_R01ZF_PERSON003,4,2167,2333,False,R01ZF_REUSED_R01ZF_PERSON003,"[[-3.6589440071763875, 18.572939121069304]]",22.23188312824569,11,-250,0,False,False,False
R01ZF,R01ZF_SARF000071,71,2367,FIXED_LAG_100MS,R01ZF_SARF000071__FIXED_LAG_100MS__R01ZF_REUSED_R01ZF_PERSON001,R01ZF_REUSED_R01ZF_PERSON001,6,2167,2444,True,R01ZF_REUSED_R01ZF_PERSON001,"[[22.763053408551812, 48.38565636427052]]",25.622602955718705,17,-250,100,False,False,False
R01ZF,R01ZF_SARF000071,71,2367,FIXED_LAG_100MS,R01ZF_SARF000071__FIXED_LAG_100MS__R01ZF_REUSED_R01ZF_PERSON002,R01ZF_REUSED_R01ZF_PERSON002,6,2167,2444,True,R01ZF_REUSED_R01ZF_PERSON002,"[[25.609131865379254, 53.1213235307235]]",27.512191665344247,15,-250,100,False,False,False
R01ZF,R01ZF_SARF000071,71,2367,FIXED_LAG_100MS,R01ZF_SARF000071__FIXED_LAG_100MS__R01ZF_REUSED_R01ZF_PERSON003,R01ZF_REUSED_R01ZF_PERSON003,6,2167,2444,True,R01ZF_REUSED_R01ZF_PERSON003,"[[-3.6589440071763875, 21.904885777122303]]",25.56382978429869,14,-250,100,False,False,False
R01ZF,R01ZF_SARF000071,71,2367,FULL_CONTEXT_OFFLINE,R01ZF_SARF000071__FULL_CONTEXT_OFFLINE__R01ZF_REUSED_R01ZF_PERSON001,R01ZF_REUSED_R01ZF_PERSON001,9,2167,2611,True,R01ZF_REUSED_R01ZF_PERSON001,"[[22.763053408551812, 53.75883145988708]]",30.995778051335265,18,-250,250,False,False,False
R01ZF,R01ZF_SARF000071,71,2367,FULL_CONTEXT_OFFLINE,R01ZF_SARF000071__FULL_CONTEXT_OFFLINE__R01ZF_REUSED_R01ZF_PERSON002,R01ZF_REUSED_R01ZF_PERSON002,9,2167,2611,True,R01ZF_REUSED_R01ZF_PERSON002,"[[25.609131865379254, 57.63872661673997]]",32.02959475136072,17,-250,250,False,False,False
R01ZF,R01ZF_SARF000071,71,2367,FULL_CONTEXT_OFFLINE,R01ZF_SARF000071__FULL_CONTEXT_OFFLINE__R01ZF_REUSED_R01ZF_PERSON003,R01ZF_REUSED_R01ZF_PERSON003,9,2167,2611,True,R01ZF_REUSED_R01ZF_PERSON003,"[[-3.6589440071763875, 26.77183559475695]]",30.430779601933338,16,-250,250,False,False,False
R01ZF,R01ZF_SARF000072,72,2400,CAUSAL_REPLAY,R01ZF_SARF000072__CAUSAL_REPLAY__R01ZF_REUSED_R01ZF_PERSON001,R01ZF_REUSED_R01ZF_PERSON001,5,2167,2389,False,R01ZF_REUSED_R01ZF_PERSON001,"[[22.763053408551812, 47.386883525757696]]",24.623830117205884,19,-250,0,False,False,False
R01ZF,R01ZF_SARF000072,72,2400,CAUSAL_REPLAY,R01ZF_SARF000072__CAUSAL_REPLAY__R01ZF_REUSED_R01ZF_PERSON002,R01ZF_REUSED_R01ZF_PERSON002,5,2167,2389,False,R01ZF_REUSED_R01ZF_PERSON002,"[[25.609131865379254, 51.678288534032475]]",26.06915666865322,18,-250,0,False,False,False
R01ZF,R01ZF_SARF000072,72,2400,CAUSAL_REPLAY,R01ZF_SARF000072__CAUSAL_REPLAY__R01ZF_REUSED_R01ZF_PERSON003,R01ZF_REUSED_R01ZF_PERSON003,5,2167,2389,False,R01ZF_REUSED_R01ZF_PERSON003,"[[-3.6589440071763875, 20.19559425208464]]",23.854538259261027,15,-250,0,False,False,False
R01ZF,R01ZF_SARF000072,72,2400,FIXED_LAG_100MS,R01ZF_SARF000072__FIXED_LAG_100MS__R01ZF_REUSED_R01ZF_PERSON001,R01ZF_REUSED_R01ZF_PERSON001,7,2167,2500,True,R01ZF_REUSED_R01ZF_PERSON001,"[[22.763053408551812, 50.42140981079751]]",27.6583564022457,19,-250,100,False,False,False
R01ZF,R01ZF_SARF000072,72,2400,FIXED_LAG_100MS,R01ZF_SARF000072__FIXED_LAG_100MS__R01ZF_REUSED_R01ZF_PERSON002,R01ZF_REUSED_R01ZF_PERSON002,7,2167,2500,True,R01ZF_REUSED_R01ZF_PERSON002,"[[25.609131865379254, 54.60770927492139]]",28.998577409542136,18,-250,100,False,False,False
R01ZF,R01ZF_SARF000072,72,2400,FIXED_LAG_100MS,R01ZF_SARF000072__FIXED_LAG_100MS__R01ZF_REUSED_R01ZF_PERSON003,R01ZF_REUSED_R01ZF_PERSON003,7,2167,2500,True,R01ZF_REUSED_R01ZF_PERSON003,"[[-3.6589440071763875, 23.49506853562245]]",27.15401254279884,19,-250,100,False,False,False
R01ZF,R01ZF_SARF000072,72,2400,FULL_CONTEXT_OFFLINE,R01ZF_SARF000072__FULL_CONTEXT_OFFLINE__R01ZF_REUSED_R01ZF_PERSON001,R01ZF_REUSED_R01ZF_PERSON001,9,2167,2611,True,R01ZF_REUSED_R01ZF_PERSON001,"[[22.763053408551812, 53.75883145988708]]",30.995778051335265,20,-250,250,False,False,False
R01ZF,R01ZF_SARF000072,72,2400,FULL_CONTEXT_OFFLINE,R01ZF_SARF000072__FULL_CONTEXT_OFFLINE__R01ZF_REUSED_R01ZF_PERSON002,R01ZF_REUSED_R01ZF_PERSON002,9,2167,2611,True,R01ZF_REUSED_R01ZF_PERSON002,"[[25.609131865379254, 57.63872661673997]]",32.02959475136072,18,-250,250,False,False,False
R01ZF,R01ZF_SARF000072,72,2400,FULL_CONTEXT_OFFLINE,R01ZF_SARF000072__FULL_CONTEXT_OFFLINE__R01ZF_REUSED_R01ZF_PERSON003,R01ZF_REUSED_R01ZF_PERSON003,9,2167,2611,True,R01ZF_REUSED_R01ZF_PERSON003,"[[-3.6589440071763875, 26.77183559475695]]",30.430779601933338,21,-250,250,False,False,False
R01ZF,R01ZF_SARF000073,73,2433,CAUSAL_REPLAY,R01ZF_SARF000073__CAUSAL_REPLAY__R01ZF_REUSED_R01ZF_PERSON001,R01ZF_REUSED_R01ZF_PERSON001,4,2222,2389,False,R01ZF_REUSED_R01ZF_PERSON001,"[[24.332761906516964, 47.386883525757696]]",23.054121619240732,17,-250,0,False,False,False
R01ZF,R01ZF_SARF000073,73,2433,CAUSAL_REPLAY,R01ZF_SARF000073__CAUSAL_REPLAY__R01ZF_REUSED_R01ZF_PERSON002,R01ZF_REUSED_R01ZF_PERSON002,4,2222,2389,False,R01ZF_REUSED_R01ZF_PERSON002,"[[27.67405055425911, 51.678288534032475]]",24.004237979773364,15,-250,0,False,False,False
R01ZF,R01ZF_SARF000073,73,2433,CAUSAL_REPLAY,R01ZF_SARF000073__CAUSAL_REPLAY__R01ZF_REUSED_R01ZF_PERSON003,R01ZF_REUSED_R01ZF_PERSON003,4,2222,2389,False,R01ZF_REUSED_R01ZF_PERSON003,"[[-2.0379456962939173, 20.19559425208464]]",22.233539948378557,16,-250,0,False,False,False
R01ZF,R01ZF_SARF000073,73,2433,FIXED_LAG_100MS,R01ZF_SARF000073__FIXED_LAG_100MS__R01ZF_REUSED_R01ZF_PERSON001,R01ZF_REUSED_R01ZF_PERSON001,6,2222,2500,True,R01ZF_REUSED_R01ZF_PERSON001,"[[24.332761906516964, 50.42140981079751]]",26.08864790428055,17,-250,100,False,False,False
R01ZF,R01ZF_SARF000073,73,2433,FIXED_LAG_100MS,R01ZF_SARF000073__FIXED_LAG_100MS__R01ZF_REUSED_R01ZF_PERSON002,R01ZF_REUSED_R01ZF_PERSON002,6,2222,2500,True,R01ZF_REUSED_R01ZF_PERSON002,"[[27.67405055425911, 54.60770927492139]]",26.93365872066228,15,-250,100,False,False,False
R01ZF,R01ZF_SARF000073,73,2433,FIXED_LAG_100MS,R01ZF_SARF000073__FIXED_LAG_100MS__R01ZF_REUSED_R01ZF_PERSON003,R01ZF_REUSED_R01ZF_PERSON003,6,2222,2500,True,R01ZF_REUSED_R01ZF_PERSON003,"[[-2.0379456962939173, 23.49506853562245]]",25.53301423191637,20,-250,100,False,False,False
R01ZF,R01ZF_SARF000073,73,2433,FULL_CONTEXT_OFFLINE,R01ZF_SARF000073__FULL_CONTEXT_OFFLINE__R01ZF_REUSED_R01ZF_PERSON001,R01ZF_REUSED_R01ZF_PERSON001,9,2222,2667,True,R01ZF_REUSED_R01ZF_PERSON001,"[[24.332761906516964, 55.37658448654959]]",31.043822580032625,18,-250,250,False,False,False
R01ZF,R01ZF_SARF000073,73,2433,FULL_CONTEXT_OFFLINE,R01ZF_SARF000073__FULL_CONTEXT_OFFLINE__R01ZF_REUSED_R01ZF_PERSON002,R01ZF_REUSED_R01ZF_PERSON002,9,2222,2667,True,R01ZF_REUSED_R01ZF_PERSON002,"[[27.67405055425911, 59.14610742937201]]",31.472056875112898,16,-250,250,False,False,False
R01ZF,R01ZF_SARF000073,73,2433,FULL_CONTEXT_OFFLINE,R01ZF_SARF000073__FULL_CONTEXT_OFFLINE__R01ZF_REUSED_R01ZF_PERSON003,R01ZF_REUSED_R01ZF_PERSON003,9,2222,2667,True,R01ZF_REUSED_R01ZF_PERSON003,"[[-2.0379456962939173, 28.400714380164573]]",30.43866007645849,22,-250,250,False,False,False
R01ZF,R01ZF_SARF000074,74,2467,CAUSAL_REPLAY,R01ZF_SARF000074__CAUSAL_REPLAY__R01ZF_REUSED_R01ZF_PERSON001,R01ZF_REUSED_R01ZF_PERSON001,5,2222,2444,False,R01ZF_REUSED_R01ZF_PERSON001,"[[24.332761906516964, 48.38565636427052]]",24.052894457753553,14,-250,0,False,False,False
R01ZF,R01ZF_SARF000074,74,2467,CAUSAL_REPLAY,R01ZF_SARF000074__CAUSAL_REPLAY__R01ZF_REUSED_R01ZF_PERSON002,R01ZF_REUSED_R01ZF_PERSON002,5,2222,2444,False,R01ZF_REUSED_R01ZF_PERSON002,"[[27.67405055425911, 53.1213235307235]]",25.44727297646439,13,-250,0,False,False,False
R01ZF,R01ZF_SARF000074,74,2467,CAUSAL_REPLAY,R01ZF_SARF000074__CAUSAL_REPLAY__R01ZF_REUSED_R01ZF_PERSON003,R01ZF_REUSED_R01ZF_PERSON003,5,2222,2444,False,R01ZF_REUSED_R01ZF_PERSON003,"[[-2.0379456962939173, 21.904885777122303]]",23.94283147341622,18,-250,0,False,False,False
R01ZF,R01ZF_SARF000074,74,2467,FIXED_LAG_100MS,R01ZF_SARF000074__FIXED_LAG_100MS__R01ZF_REUSED_R01ZF_PERSON001,R01ZF_REUSED_R01ZF_PERSON001,7,2222,2556,True,R01ZF_REUSED_R01ZF_PERSON001,"[[24.332761906516964, 52.11889201672042]]",27.78613011020346,15,-250,100,False,False,False
R01ZF,R01ZF_SARF000074,74,2467,FIXED_LAG_100MS,R01ZF_SARF000074__FIXED_LAG_100MS__R01ZF_REUSED_R01ZF_PERSON002,R01ZF_REUSED_R01ZF_PERSON002,7,2222,2556,True,R01ZF_REUSED_R01ZF_PERSON002,"[[27.67405055425911, 56.15814788061769]]",28.48409732635858,13,-250,100,False,False,False
R01ZF,R01ZF_SARF000074,74,2467,FIXED_LAG_100MS,R01ZF_SARF000074__FIXED_LAG_100MS__R01ZF_REUSED_R01ZF_PERSON003,R01ZF_REUSED_R01ZF_PERSON003,7,2222,2556,True,R01ZF_REUSED_R01ZF_PERSON003,"[[-2.0379456962939173, 25.09334334685377]]",27.13128904314769,18,-250,100,False,False,False
R01ZF,R01ZF_SARF000074,74,2467,FULL_CONTEXT_OFFLINE,R01ZF_SARF000074__FULL_CONTEXT_OFFLINE__R01ZF_REUSED_R01ZF_PERSON001,R01ZF_REUSED_R01ZF_PERSON001,9,2222,2667,True,R01ZF_REUSED_R01ZF_PERSON001,"[[24.332761906516964, 55.37658448654959]]",31.043822580032625,15,-250,250,False,False,False
R01ZF,R01ZF_SARF000074,74,2467,FULL_CONTEXT_OFFLINE,R01ZF_SARF000074__FULL_CONTEXT_OFFLINE__R01ZF_REUSED_R01ZF_PERSON002,R01ZF_REUSED_R01ZF_PERSON002,9,2222,2667,True,R01ZF_REUSED_R01ZF_PERSON002,"[[27.67405055425911, 59.14610742937201]]",31.472056875112898,14,-250,250,False,False,False
R01ZF,R01ZF_SARF000074,74,2467,FULL_CONTEXT_OFFLINE,R01ZF_SARF000074__FULL_CONTEXT_OFFLINE__R01ZF_REUSED_R01ZF_PERSON003,R01ZF_REUSED_R01ZF_PERSON003,9,2222,2667,True,R01ZF_REUSED_R01ZF_PERSON003,"[[-2.0379456962939173, 28.400714380164573]]",30.43866007645849,20,-250,250,False,False,False
R01ZF,R01ZF_SARF000075,75,2500,CAUSAL_REPLAY,R01ZF_SARF000075__CAUSAL_REPLAY__R01ZF_REUSED_R01ZF_PERSON001,R01ZF_REUSED_R01ZF_PERSON001,5,2278,2500,False,R01ZF_REUSED_R01ZF_PERSON001,"[[25.89867501691633, 50.42140981079751]]",24.522734793881185,14,-250,0,False,False,False
R01ZF,R01ZF_SARF000075,75,2500,CAUSAL_REPLAY,R01ZF_SARF000075__CAUSAL_REPLAY__R01ZF_REUSED_R01ZF_PERSON002,R01ZF_REUSED_R01ZF_PERSON002,5,2278,2500,False,R01ZF_REUSED_R01ZF_PERSON002,"[[28.82811528810214, 54.60770927492139]]",25.77959398681925,13,-250,0,False,False,False
R01ZF,R01ZF_SARF000075,75,2500,CAUSAL_REPLAY,R01ZF_SARF000075__CAUSAL_REPLAY__R01ZF_REUSED_R01ZF_PERSON003,R01ZF_REUSED_R01ZF_PERSON003,5,2278,2500,False,R01ZF_REUSED_R01ZF_PERSON003,"[[-0.3978890713486223, 23.49506853562245]]",23.892957606971073,17,-250,0,False,False,False
R01ZF,R01ZF_SARF000075,75,2500,FIXED_LAG_100MS,R01ZF_SARF000075__FIXED_LAG_100MS__R01ZF_REUSED_R01ZF_PERSON001,R01ZF_REUSED_R01ZF_PERSON001,6,2278,2556,True,R01ZF_REUSED_R01ZF_PERSON001,"[[25.89867501691633, 52.11889201672042]]",26.220216999804094,15,-250,100,False,False,False
R01ZF,R01ZF_SARF000075,75,2500,FIXED_LAG_100MS,R01ZF_SARF000075__FIXED_LAG_100MS__R01ZF_REUSED_R01ZF_PERSON002,R01ZF_REUSED_R01ZF_PERSON002,6,2278,2556,True,R01ZF_REUSED_R01ZF_PERSON002,"[[28.82811528810214, 56.15814788061769]]",27.33003259251555,13,-250,100,False,False,False
R01ZF,R01ZF_SARF000075,75,2500,FIXED_LAG_100MS,R01ZF_SARF000075__FIXED_LAG_100MS__R01ZF_REUSED_R01ZF_PERSON003,R01ZF_REUSED_R01ZF_PERSON003,6,2278,2556,True,R01ZF_REUSED_R01ZF_PERSON003,"[[-0.3978890713486223, 25.09334334685377]]",25.491232418202394,17,-250,100,False,False,False
R01ZF,R01ZF_SARF000075,75,2500,FULL_CONTEXT_OFFLINE,R01ZF_SARF000075__FULL_CONTEXT_OFFLINE__R01ZF_REUSED_R01ZF_PERSON001,R01ZF_REUSED_R01ZF_PERSON001,9,2278,2722,True,R01ZF_REUSED_R01ZF_PERSON001,"[[25.89867501691633, 56.925623421016226]]",31.026948404099898,15,-250,250,False,False,False
R01ZF,R01ZF_SARF000075,75,2500,FULL_CONTEXT_OFFLINE,R01ZF_SARF000075__FULL_CONTEXT_OFFLINE__R01ZF_REUSED_R01ZF_PERSON002,R01ZF_REUSED_R01ZF_PERSON002,9,2278,2722,True,R01ZF_REUSED_R01ZF_PERSON002,"[[28.82811528810214, 59.833559435023005]]",31.005444146920865,13,-250,250,False,False,False
R01ZF,R01ZF_SARF000075,75,2500,FULL_CONTEXT_OFFLINE,R01ZF_SARF000075__FULL_CONTEXT_OFFLINE__R01ZF_REUSED_R01ZF_PERSON003,R01ZF_REUSED_R01ZF_PERSON003,9,2278,2722,True,R01ZF_REUSED_R01ZF_PERSON003,"[[-0.3978890713486223, 30.06203949768974]]",30.45992856903836,19,-250,250,False,False,False
R01ZF,R01ZF_SARF000076,76,2533,CAUSAL_REPLAY,R01ZF_SARF000076__CAUSAL_REPLAY__R01ZF_REUSED_R01ZF_PERSON001,R01ZF_REUSED_R01ZF_PERSON001,4,2333,2500,False,R01ZF_REUSED_R01ZF_PERSON001,"[[27.38676640698263, 50.42140981079751]]",23.034643403814883,17,-250,0,False,False,False
R01ZF,R01ZF_SARF000076,76,2533,CAUSAL_REPLAY,R01ZF_SARF000076__CAUSAL_REPLAY__R01ZF_REUSED_R01ZF_PERSON002,R01ZF_REUSED_R01ZF_PERSON002,4,2333,2500,False,R01ZF_REUSED_R01ZF_PERSON002,"[[31.045572100547403, 54.60770927492139]]",23.562137174373987,16,-250,0,False,False,False
R01ZF,R01ZF_SARF000076,76,2533,CAUSAL_REPLAY,R01ZF_SARF000076__CAUSAL_REPLAY__R01ZF_REUSED_R01ZF_PERSON003,R01ZF_REUSED_R01ZF_PERSON003,4,2333,2500,False,R01ZF_REUSED_R01ZF_PERSON003,"[[1.1957277642369348, 23.49506853562245]]",22.299340771385516,18,-250,0,False,False,False
R01ZF,R01ZF_SARF000076,76,2533,FIXED_LAG_100MS,R01ZF_SARF000076__FIXED_LAG_100MS__R01ZF_REUSED_R01ZF_PERSON001,R01ZF_REUSED_R01ZF_PERSON001,6,2333,2611,True,R01ZF_REUSED_R01ZF_PERSON001,"[[27.38676640698263, 53.75883145988708]]",26.372065052904446,18,-250,100,False,False,False
R01ZF,R01ZF_SARF000076,76,2533,FIXED_LAG_100MS,R01ZF_SARF000076__FIXED_LAG_100MS__R01ZF_REUSED_R01ZF_PERSON002,R01ZF_REUSED_R01ZF_PERSON002,6,2333,2611,True,R01ZF_REUSED_R01ZF_PERSON002,"[[31.045572100547403, 57.63872661673997]]",26.59315451619257,16,-250,100,False,False,False
R01ZF,R01ZF_SARF000076,76,2533,FIXED_LAG_100MS,R01ZF_SARF000076__FIXED_LAG_100MS__R01ZF_REUSED_R01ZF_PERSON003,R01ZF_REUSED_R01ZF_PERSON003,6,2333,2611,True,R01ZF_REUSED_R01ZF_PERSON003,"[[1.1957277642369348, 26.77183559475695]]",25.576107830520016,18,-250,100,False,False,False
R01ZF,R01ZF_SARF000076,76,2533,FULL_CONTEXT_OFFLINE,R01ZF_SARF000076__FULL_CONTEXT_OFFLINE__R01ZF_REUSED_R01ZF_PERSON001,R01ZF_REUSED_R01ZF_PERSON001,9,2333,2778,True,R01ZF_REUSED_R01ZF_PERSON001,"[[27.38676640698263, 58.518514380591995]]",31.131747973609365,18,-250,250,False,False,False
R01ZF,R01ZF_SARF000076,76,2533,FULL_CONTEXT_OFFLINE,R01ZF_SARF000076__FULL_CONTEXT_OFFLINE__R01ZF_REUSED_R01ZF_PERSON002,R01ZF_REUSED_R01ZF_PERSON002,9,2333,2778,True,R01ZF_REUSED_R01ZF_PERSON002,"[[31.045572100547403, 59.833559435023005]]",28.787987334475602,16,-250,250,False,False,False
R01ZF,R01ZF_SARF000076,76,2533,FULL_CONTEXT_OFFLINE,R01ZF_SARF000076__FULL_CONTEXT_OFFLINE__R01ZF_REUSED_R01ZF_PERSON003,R01ZF_REUSED_R01ZF_PERSON003,9,2333,2778,True,R01ZF_REUSED_R01ZF_PERSON003,"[[1.1957277642369348, 31.66744286704146]]",30.471715102804524,21,-250,250,False,False,False
R01ZF,R01ZF_SARF000077,77,2567,CAUSAL_REPLAY,R01ZF_SARF000077__CAUSAL_REPLAY__R01ZF_REUSED_R01ZF_PERSON001,R01ZF_REUSED_R01ZF_PERSON001,5,2333,2556,False,R01ZF_REUSED_R01ZF_PERSON001,"[[27.38676640698263, 52.11889201672042]]",24.732125609737793,17,-250,0,False,False,False
R01ZF,R01ZF_SARF000077,77,2567,CAUSAL_REPLAY,R01ZF_SARF000077__CAUSAL_REPLAY__R01ZF_REUSED_R01ZF_PERSON002,R01ZF_REUSED_R01ZF_PERSON002,5,2333,2556,False,R01ZF_REUSED_R01ZF_PERSON002,"[[31.045572100547403, 56.15814788061769]]",25.112575780070287,16,-250,0,False,False,False
R01ZF,R01ZF_SARF000077,77,2567,CAUSAL_REPLAY,R01ZF_SARF000077__CAUSAL_REPLAY__R01ZF_REUSED_R01ZF_PERSON003,R01ZF_REUSED_R01ZF_PERSON003,5,2333,2556,False,R01ZF_REUSED_R01ZF_PERSON003,"[[1.1957277642369348, 25.09334334685377]]",23.897615582616837,19,-250,0,False,False,False
R01ZF,R01ZF_SARF000077,77,2567,FIXED_LAG_100MS,R01ZF_SARF000077__FIXED_LAG_100MS__R01ZF_REUSED_R01ZF_PERSON001,R01ZF_REUSED_R01ZF_PERSON001,7,2333,2667,True,R01ZF_REUSED_R01ZF_PERSON001,"[[27.38676640698263, 55.37658448654959]]",27.98981807956696,18,-250,100,False,False,False
R01ZF,R01ZF_SARF000077,77,2567,FIXED_LAG_100MS,R01ZF_SARF000077__FIXED_LAG_100MS__R01ZF_REUSED_R01ZF_PERSON002,R01ZF_REUSED_R01ZF_PERSON002,7,2333,2667,True,R01ZF_REUSED_R01ZF_PERSON002,"[[31.045572100547403, 59.14610742937201]]",28.100535328824606,16,-250,100,False,False,False
R01ZF,R01ZF_SARF000077,77,2567,FIXED_LAG_100MS,R01ZF_SARF000077__FIXED_LAG_100MS__R01ZF_REUSED_R01ZF_PERSON003,R01ZF_REUSED_R01ZF_PERSON003,7,2333,2667,True,R01ZF_REUSED_R01ZF_PERSON003,"[[1.1957277642369348, 28.400714380164573]]",27.204986615927638,19,-250,100,False,False,False
R01ZF,R01ZF_SARF000077,77,2567,FULL_CONTEXT_OFFLINE,R01ZF_SARF000077__FULL_CONTEXT_OFFLINE__R01ZF_REUSED_R01ZF_PERSON001,R01ZF_REUSED_R01ZF_PERSON001,9,2333,2778,True,R01ZF_REUSED_R01ZF_PERSON001,"[[27.38676640698263, 58.518514380591995]]",31.131747973609365,18,-250,250,False,False,False
R01ZF,R01ZF_SARF000077,77,2567,FULL_CONTEXT_OFFLINE,R01ZF_SARF000077__FULL_CONTEXT_OFFLINE__R01ZF_REUSED_R01ZF_PERSON002,R01ZF_REUSED_R01ZF_PERSON002,9,2333,2778,True,R01ZF_REUSED_R01ZF_PERSON002,"[[31.045572100547403, 59.833559435023005]]",28.787987334475602,16,-250,250,False,False,False
R01ZF,R01ZF_SARF000077,77,2567,FULL_CONTEXT_OFFLINE,R01ZF_SARF000077__FULL_CONTEXT_OFFLINE__R01ZF_REUSED_R01ZF_PERSON003,R01ZF_REUSED_R01ZF_PERSON003,9,2333,2778,True,R01ZF_REUSED_R01ZF_PERSON003,"[[1.1957277642369348, 31.66744286704146]]",30.471715102804524,22,-250,250,False,False,False
R01ZF,R01ZF_SARF000078,78,2600,CAUSAL_REPLAY,R01ZF_SARF000078__CAUSAL_REPLAY__R01ZF_REUSED_R01ZF_PERSON001,R01ZF_REUSED_R01ZF_PERSON001,4,2389,2556,False,R01ZF_REUSED_R01ZF_PERSON001,"[[28.774348382612118, 52.11889201672042]]",23.344543634108305,16,-250,0,False,False,False
R01ZF,R01ZF_SARF000078,78,2600,CAUSAL_REPLAY,R01ZF_SARF000078__CAUSAL_REPLAY__R01ZF_REUSED_R01ZF_PERSON002,R01ZF_REUSED_R01ZF_PERSON002,4,2389,2556,False,R01ZF_REUSED_R01ZF_PERSON002,"[[32.56409169212337, 56.15814788061769]]",23.59405618849432,13,-250,0,False,False,False
R01ZF,R01ZF_SARF000078,78,2600,CAUSAL_REPLAY,R01ZF_SARF000078__CAUSAL_REPLAY__R01ZF_REUSED_R01ZF_PERSON003,R01ZF_REUSED_R01ZF_PERSON003,4,2389,2556,False,R01ZF_REUSED_R01ZF_PERSON003,"[[2.791925853969701, 25.09334334685377]]",22.30141749288407,15,-250,0,False,False,False
R01ZF,R01ZF_SARF000078,78,2600,FIXED_LAG_100MS,R01ZF_SARF000078__FIXED_LAG_100MS__R01ZF_REUSED_R01ZF_PERSON001,R01ZF_REUSED_R01ZF_PERSON001,6,2389,2667,True,R01ZF_REUSED_R01ZF_PERSON001,"[[28.774348382612118, 55.37658448654959]]",26.60223610393747,17,-250,100,False,False,False
R01ZF,R01ZF_SARF000078,78,2600,FIXED_LAG_100MS,R01ZF_SARF000078__FIXED_LAG_100MS__R01ZF_REUSED_R01ZF_PERSON002,R01ZF_REUSED_R01ZF_PERSON002,6,2389,2667,True,R01ZF_REUSED_R01ZF_PERSON002,"[[32.56409169212337, 59.14610742937201]]",26.58201573724864,13,-250,100,False,False,False
R01ZF,R01ZF_SARF000078,78,2600,FIXED_LAG_100MS,R01ZF_SARF000078__FIXED_LAG_100MS__R01ZF_REUSED_R01ZF_PERSON003,R01ZF_REUSED_R01ZF_PERSON003,6,2389,2667,True,R01ZF_REUSED_R01ZF_PERSON003,"[[2.791925853969701, 28.400714380164573]]",25.60878852619487,15,-250,100,False,False,False
R01ZF,R01ZF_SARF000078,78,2600,FULL_CONTEXT_OFFLINE,R01ZF_SARF000078__FULL_CONTEXT_OFFLINE__R01ZF_REUSED_R01ZF_PERSON001,R01ZF_REUSED_R01ZF_PERSON001,9,2389,2833,True,R01ZF_REUSED_R01ZF_PERSON001,"[[28.774348382612118, 59.833559435023005]]",31.059211052410888,17,-250,250,False,False,False
R01ZF,R01ZF_SARF000078,78,2600,FULL_CONTEXT_OFFLINE,R01ZF_SARF000078__FULL_CONTEXT_OFFLINE__R01ZF_REUSED_R01ZF_PERSON002,R01ZF_REUSED_R01ZF_PERSON002,9,2389,2833,True,R01ZF_REUSED_R01ZF_PERSON002,"[[32.56409169212337, 59.833559435023005]]",27.269467742899636,13,-250,250,False,False,False
R01ZF,R01ZF_SARF000078,78,2600,FULL_CONTEXT_OFFLINE,R01ZF_SARF000078__FULL_CONTEXT_OFFLINE__R01ZF_REUSED_R01ZF_PERSON003,R01ZF_REUSED_R01ZF_PERSON003,9,2389,2833,True,R01ZF_REUSED_R01ZF_PERSON003,"[[2.791925853969701, 33.256388706779774]]",30.464462852810072,18,-250,250,False,False,False
R01ZF,R01ZF_SARF000079,79,2633,CAUSAL_REPLAY,R01ZF_SARF000079__CAUSAL_REPLAY__R01ZF_REUSED_R01ZF_PERSON001,R01ZF_REUSED_R01ZF_PERSON001,5,2389,2611,False,R01ZF_REUSED_R01ZF_PERSON001,"[[28.774348382612118, 53.75883145988708]]",24.98448307727496,17,-250,0,False,False,False
R01ZF,R01ZF_SARF000079,79,2633,CAUSAL_REPLAY,R01ZF_SARF000079__CAUSAL_REPLAY__R01ZF_REUSED_R01ZF_PERSON002,R01ZF_REUSED_R01ZF_PERSON002,5,2389,2611,False,R01ZF_REUSED_R01ZF_PERSON002,"[[32.56409169212337, 57.63872661673997]]",25.074634924616603,15,-250,0,False,False,False
R01ZF,R01ZF_SARF000079,79,2633,CAUSAL_REPLAY,R01ZF_SARF000079__CAUSAL_REPLAY__R01ZF_REUSED_R01ZF_PERSON003,R01ZF_REUSED_R01ZF_PERSON003,5,2389,2611,False,R01ZF_REUSED_R01ZF_PERSON003,"[[2.791925853969701, 26.77183559475695]]",23.97990974078725,18,-250,0,False,False,False
R01ZF,R01ZF_SARF000079,79,2633,FIXED_LAG_100MS,R01ZF_SARF000079__FIXED_LAG_100MS__R01ZF_REUSED_R01ZF_PERSON001,R01ZF_REUSED_R01ZF_PERSON001,7,2389,2722,True,R01ZF_REUSED_R01ZF_PERSON001,"[[28.774348382612118, 56.925623421016226]]",28.15127503840411,17,-250,100,False,False,False
R01ZF,R01ZF_SARF000079,79,2633,FIXED_LAG_100MS,R01ZF_SARF000079__FIXED_LAG_100MS__R01ZF_REUSED_R01ZF_PERSON002,R01ZF_REUSED_R01ZF_PERSON002,7,2389,2722,True,R01ZF_REUSED_R01ZF_PERSON002,"[[32.56409169212337, 59.833559435023005]]",27.269467742899636,15,-250,100,False,False,False
R01ZF,R01ZF_SARF000079,79,2633,FIXED_LAG_100MS,R01ZF_SARF000079__FIXED_LAG_100MS__R01ZF_REUSED_R01ZF_PERSON003,R01ZF_REUSED_R01ZF_PERSON003,7,2389,2722,True,R01ZF_REUSED_R01ZF_PERSON003,"[[2.791925853969701, 30.06203949768974]]",27.270113643720038,20,-250,100,False,False,False
R01ZF,R01ZF_SARF000079,79,2633,FULL_CONTEXT_OFFLINE,R01ZF_SARF000079__FULL_CONTEXT_OFFLINE__R01ZF_REUSED_R01ZF_PERSON001,R01ZF_REUSED_R01ZF_PERSON001,9,2389,2833,True,R01ZF_REUSED_R01ZF_PERSON001,"[[28.774348382612118, 59.833559435023005]]",31.059211052410888,17,-250,250,False,False,False
R01ZF,R01ZF_SARF000079,79,2633,FULL_CONTEXT_OFFLINE,R01ZF_SARF000079__FULL_CONTEXT_OFFLINE__R01ZF_REUSED_R01ZF_PERSON002,R01ZF_REUSED_R01ZF_PERSON002,9,2389,2833,True,R01ZF_REUSED_R01ZF_PERSON002,"[[32.56409169212337, 59.833559435023005]]",27.269467742899636,15,-250,250,False,False,False
R01ZF,R01ZF_SARF000079,79,2633,FULL_CONTEXT_OFFLINE,R01ZF_SARF000079__FULL_CONTEXT_OFFLINE__R01ZF_REUSED_R01ZF_PERSON003,R01ZF_REUSED_R01ZF_PERSON003,9,2389,2833,True,R01ZF_REUSED_R01ZF_PERSON003,"[[2.791925853969701, 33.256388706779774]]",30.464462852810072,22,-250,250,False,False,False
R01ZF,R01ZF_SARF000080,80,2667,CAUSAL_REPLAY,R01ZF_SARF000080__CAUSAL_REPLAY__R01ZF_REUSED_R01ZF_PERSON001,R01ZF_REUSED_R01ZF_PERSON001,5,2444,2667,False,R01ZF_REUSED_R01ZF_PERSON001,"[[30.260896879277837, 55.37658448654959]]",25.115687607271752,16,-250,0,False,False,False
R01ZF,R01ZF_SARF000080,80,2667,CAUSAL_REPLAY,R01ZF_SARF000080__CAUSAL_REPLAY__R01ZF_REUSED_R01ZF_PERSON002,R01ZF_REUSED_R01ZF_PERSON002,5,2444,2667,False,R01ZF_REUSED_R01ZF_PERSON002,"[[33.732302870526624, 59.14610742937201]]",25.413804558845385,12,-250,0,False,False,False
R01ZF,R01ZF_SARF000080,80,2667,CAUSAL_REPLAY,R01ZF_SARF000080__CAUSAL_REPLAY__R01ZF_REUSED_R01ZF_PERSON003,R01ZF_REUSED_R01ZF_PERSON003,5,2444,2667,False,R01ZF_REUSED_R01ZF_PERSON003,"[[4.391587316234528, 28.400714380164573]]",24.009127063930045,18,-250,0,False,False,False
R01ZF,R01ZF_SARF000080,80,2667,FIXED_LAG_100MS,R01ZF_SARF000080__FIXED_LAG_100MS__R01ZF_REUSED_R01ZF_PERSON001,R01ZF_REUSED_R01ZF_PERSON001,6,2444,2722,True,R01ZF_REUSED_R01ZF_PERSON001,"[[30.260896879277837, 56.925623421016226]]",26.66472654173839,16,-250,100,False,False,False
R01ZF,R01ZF_SARF000080,80,2667,FIXED_LAG_100MS,R01ZF_SARF000080__FIXED_LAG_100MS__R01ZF_REUSED_R01ZF_PERSON002,R01ZF_REUSED_R01ZF_PERSON002,6,2444,2722,True,R01ZF_REUSED_R01ZF_PERSON002,"[[33.732302870526624, 59.833559435023005]]",26.10125656449638,12,-250,100,False,False,False
R01ZF,R01ZF_SARF000080,80,2667,FIXED_LAG_100MS,R01ZF_SARF000080__FIXED_LAG_100MS__R01ZF_REUSED_R01ZF_PERSON003,R01ZF_REUSED_R01ZF_PERSON003,6,2444,2722,True,R01ZF_REUSED_R01ZF_PERSON003,"[[4.391587316234528, 30.06203949768974]]",25.67045218145521,19,-250,100,False,False,False
R01ZF,R01ZF_SARF000080,80,2667,FULL_CONTEXT_OFFLINE,R01ZF_SARF000080__FULL_CONTEXT_OFFLINE__R01ZF_REUSED_R01ZF_PERSON001,R01ZF_REUSED_R01ZF_PERSON001,9,2444,2889,True,R01ZF_REUSED_R01ZF_PERSON001,"[[30.260896879277837, 59.833559435023005]]",29.57266255574517,16,-250,250,False,False,False
R01ZF,R01ZF_SARF000080,80,2667,FULL_CONTEXT_OFFLINE,R01ZF_SARF000080__FULL_CONTEXT_OFFLINE__R01ZF_REUSED_R01ZF_PERSON002,R01ZF_REUSED_R01ZF_PERSON002,9,2444,2889,True,R01ZF_REUSED_R01ZF_PERSON002,"[[33.732302870526624, 59.833559435023005]]",26.10125656449638,12,-250,250,False,False,False
R01ZF,R01ZF_SARF000080,80,2667,FULL_CONTEXT_OFFLINE,R01ZF_SARF000080__FULL_CONTEXT_OFFLINE__R01ZF_REUSED_R01ZF_PERSON003,R01ZF_REUSED_R01ZF_PERSON003,9,2444,2889,True,R01ZF_REUSED_R01ZF_PERSON003,"[[4.391587316234528, 34.916730799397286]]",30.525143483162758,22,-250,250,False,False,False
R01ZF,R01ZF_SARF000081,81,2700,CAUSAL_REPLAY,R01ZF_SARF000081__CAUSAL_REPLAY__R01ZF_REUSED_R01ZF_PERSON001,R01ZF_REUSED_R01ZF_PERSON001,4,2500,2667,False,R01ZF_REUSED_R01ZF_PERSON001,"[[31.88023837003277, 55.37658448654959]]",23.49634611651682,13,-250,0,False,False,False
R01ZF,R01ZF_SARF000081,81,2700,CAUSAL_REPLAY,R01ZF_SARF000081__CAUSAL_REPLAY__R01ZF_REUSED_R01ZF_PERSON002,R01ZF_REUSED_R01ZF_PERSON002,4,2500,2667,False,R01ZF_REUSED_R01ZF_PERSON002,"[[35.57137972403454, 59.14610742937201]]",23.574727705337466,11,-250,0,False,False,False
R01ZF,R01ZF_SARF000081,81,2700,CAUSAL_REPLAY,R01ZF_SARF000081__CAUSAL_REPLAY__R01ZF_REUSED_R01ZF_PERSON003,R01ZF_REUSED_R01ZF_PERSON003,4,2500,2667,False,R01ZF_REUSED_R01ZF_PERSON003,"[[5.954720614474141, 28.400714380164573]]",22.44599376569043,15,-250,0,False,False,False
R01ZF,R01ZF_SARF000081,81,2700,FIXED_LAG_100MS,R01ZF_SARF000081__FIXED_LAG_100MS__R01ZF_REUSED_R01ZF_PERSON001,R01ZF_REUSED_R01ZF_PERSON001,6,2500,2778,True,R01ZF_REUSED_R01ZF_PERSON001,"[[31.88023837003277, 58.518514380591995]]",26.638276010559224,13,-250,100,False,False,False
R01ZF,R01ZF_SARF000081,81,2700,FIXED_LAG_100MS,R01ZF_SARF000081__FIXED_LAG_100MS__R01ZF_REUSED_R01ZF_PERSON002,R01ZF_REUSED_R01ZF_PERSON002,6,2500,2778,True,R01ZF_REUSED_R01ZF_PERSON002,"[[35.57137972403454, 59.833559435023005]]",24.262179710988462,11,-250,100,False,False,False
R01ZF,R01ZF_SARF000081,81,2700,FIXED_LAG_100MS,R01ZF_SARF000081__FIXED_LAG_100MS__R01ZF_REUSED_R01ZF_PERSON003,R01ZF_REUSED_R01ZF_PERSON003,6,2500,2778,True,R01ZF_REUSED_R01ZF_PERSON003,"[[5.954720614474141, 31.66744286704146]]",25.712722252567318,18,-250,100,False,False,False
R01ZF,R01ZF_SARF000081,81,2700,FULL_CONTEXT_OFFLINE,R01ZF_SARF000081__FULL_CONTEXT_OFFLINE__R01ZF_REUSED_R01ZF_PERSON001,R01ZF_REUSED_R01ZF_PERSON001,9,2500,2944,True,R01ZF_REUSED_R01ZF_PERSON001,"[[31.88023837003277, 59.833559435023005]]",27.953321064990234,13,-250,250,False,False,False
R01ZF,R01ZF_SARF000081,81,2700,FULL_CONTEXT_OFFLINE,R01ZF_SARF000081__FULL_CONTEXT_OFFLINE__R01ZF_REUSED_R01ZF_PERSON002,R01ZF_REUSED_R01ZF_PERSON002,9,2500,2944,True,R01ZF_REUSED_R01ZF_PERSON002,"[[35.57137972403454, 59.833559435023005]]",24.262179710988462,11,-250,250,False,False,False
R01ZF,R01ZF_SARF000081,81,2700,FULL_CONTEXT_OFFLINE,R01ZF_SARF000081__FULL_CONTEXT_OFFLINE__R01ZF_REUSED_R01ZF_PERSON003,R01ZF_REUSED_R01ZF_PERSON003,9,2500,2944,True,R01ZF_REUSED_R01ZF_PERSON003,"[[5.954720614474141, 36.47331493830099]]",30.518594323826846,21,-250,250,False,False,False
R01ZF,R01ZF_SARF000082,82,2733,CAUSAL_REPLAY,R01ZF_SARF000082__CAUSAL_REPLAY__R01ZF_REUSED_R01ZF_PERSON001,R01ZF_REUSED_R01ZF_PERSON001,5,2500,2722,False,R01ZF_REUSED_R01ZF_PERSON001,"[[31.88023837003277, 56.925623421016226]]",25.045385050983455,13,-250,0,False,False,False
R01ZF,R01ZF_SARF000082,82,2733,CAUSAL_REPLAY,R01ZF_SARF000082__CAUSAL_REPLAY__R01ZF_REUSED_R01ZF_PERSON002,R01ZF_REUSED_R01ZF_PERSON002,5,2500,2722,False,R01ZF_REUSED_R01ZF_PERSON002,"[[35.57137972403454, 59.833559435023005]]",24.262179710988462,13,-250,0,False,False,False
R01ZF,R01ZF_SARF000082,82,2733,CAUSAL_REPLAY,R01ZF_SARF000082__CAUSAL_REPLAY__R01ZF_REUSED_R01ZF_PERSON003,R01ZF_REUSED_R01ZF_PERSON003,5,2500,2722,False,R01ZF_REUSED_R01ZF_PERSON003,"[[5.954720614474141, 30.06203949768974]]",24.107318883215598,17,-250,0,False,False,False
R01ZF,R01ZF_SARF000082,82,2733,FIXED_LAG_100MS,R01ZF_SARF000082__FIXED_LAG_100MS__R01ZF_REUSED_R01ZF_PERSON001,R01ZF_REUSED_R01ZF_PERSON001,7,2500,2833,True,R01ZF_REUSED_R01ZF_PERSON001,"[[31.88023837003277, 59.833559435023005]]",27.953321064990234,14,-250,100,False,False,False
R01ZF,R01ZF_SARF000082,82,2733,FIXED_LAG_100MS,R01ZF_SARF000082__FIXED_LAG_100MS__R01ZF_REUSED_R01ZF_PERSON002,R01ZF_REUSED_R01ZF_PERSON002,7,2500,2833,True,R01ZF_REUSED_R01ZF_PERSON002,"[[35.57137972403454, 59.833559435023005]]",24.262179710988462,13,-250,100,False,False,False
R01ZF,R01ZF_SARF000082,82,2733,FIXED_LAG_100MS,R01ZF_SARF000082__FIXED_LAG_100MS__R01ZF_REUSED_R01ZF_PERSON003,R01ZF_REUSED_R01ZF_PERSON003,7,2500,2833,True,R01ZF_REUSED_R01ZF_PERSON003,"[[5.954720614474141, 33.256388706779774]]",27.301668092305633,19,-250,100,False,False,False
R01ZF,R01ZF_SARF000082,82,2733,FULL_CONTEXT_OFFLINE,R01ZF_SARF000082__FULL_CONTEXT_OFFLINE__R01ZF_REUSED_R01ZF_PERSON001,R01ZF_REUSED_R01ZF_PERSON001,9,2500,2944,True,R01ZF_REUSED_R01ZF_PERSON001,"[[31.88023837003277, 59.833559435023005]]",27.953321064990234,14,-250,250,False,False,False
R01ZF,R01ZF_SARF000082,82,2733,FULL_CONTEXT_OFFLINE,R01ZF_SARF000082__FULL_CONTEXT_OFFLINE__R01ZF_REUSED_R01ZF_PERSON002,R01ZF_REUSED_R01ZF_PERSON002,9,2500,2944,True,R01ZF_REUSED_R01ZF_PERSON002,"[[35.57137972403454, 59.833559435023005]]",24.262179710988462,13,-250,250,False,False,False
R01ZF,R01ZF_SARF000082,82,2733,FULL_CONTEXT_OFFLINE,R01ZF_SARF000082__FULL_CONTEXT_OFFLINE__R01ZF_REUSED_R01ZF_PERSON003,R01ZF_REUSED_R01ZF_PERSON003,9,2500,2944,True,R01ZF_REUSED_R01ZF_PERSON003,"[[5.954720614474141, 36.47331493830099]]",30.518594323826846,23,-250,250,False,False,False
R01ZF,R01ZF_SARF000083,83,2767,CAUSAL_REPLAY,R01ZF_SARF000083__CAUSAL_REPLAY__R01ZF_REUSED_R01ZF_PERSON001,R01ZF_REUSED_R01ZF_PERSON001,4,2556,2722,False,R01ZF_REUSED_R01ZF_PERSON001,"[[33.38185774528105, 56.925623421016226]]",23.543765675735173,13,-250,0,False,False,False
R01ZF,R01ZF_SARF000083,83,2767,CAUSAL_REPLAY,R01ZF_SARF000083__CAUSAL_REPLAY__R01ZF_REUSED_R01ZF_PERSON002,R01ZF_REUSED_R01ZF_PERSON002,4,2556,2722,False,R01ZF_REUSED_R01ZF_PERSON002,"[[36.89795556437569, 59.833559435023005]]",22.935603870647313,11,-250,0,False,False,False
R01ZF,R01ZF_SARF000083,83,2767,CAUSAL_REPLAY,R01ZF_SARF000083__CAUSAL_REPLAY__R01ZF_REUSED_R01ZF_PERSON003,R01ZF_REUSED_R01ZF_PERSON003,4,2556,2722,False,R01ZF_REUSED_R01ZF_PERSON003,"[[7.572675454195576, 30.06203949768974]]",22.489364043494163,15,-250,0,False,False,False
R01ZF,R01ZF_SARF000083,83,2767,FIXED_LAG_100MS,R01ZF_SARF000083__FIXED_LAG_100MS__R01ZF_REUSED_R01ZF_PERSON001,R01ZF_REUSED_R01ZF_PERSON001,6,2556,2833,True,R01ZF_REUSED_R01ZF_PERSON001,"[[33.38185774528105, 59.833559435023005]]",26.451701689741952,13,-250,100,False,False,False
R01ZF,R01ZF_SARF000083,83,2767,FIXED_LAG_100MS,R01ZF_SARF000083__FIXED_LAG_100MS__R01ZF_REUSED_R01ZF_PERSON002,R01ZF_REUSED_R01ZF_PERSON002,6,2556,2833,True,R01ZF_REUSED_R01ZF_PERSON002,"[[36.89795556437569, 59.833559435023005]]",22.935603870647313,11,-250,100,False,False,False
R01ZF,R01ZF_SARF000083,83,2767,FIXED_LAG_100MS,R01ZF_SARF000083__FIXED_LAG_100MS__R01ZF_REUSED_R01ZF_PERSON003,R01ZF_REUSED_R01ZF_PERSON003,6,2556,2833,True,R01ZF_REUSED_R01ZF_PERSON003,"[[7.572675454195576, 33.256388706779774]]",25.683713252584198,17,-250,100,False,False,False
R01ZF,R01ZF_SARF000083,83,2767,FULL_CONTEXT_OFFLINE,R01ZF_SARF000083__FULL_CONTEXT_OFFLINE__R01ZF_REUSED_R01ZF_PERSON001,R01ZF_REUSED_R01ZF_PERSON001,9,2556,3000,True,R01ZF_REUSED_R01ZF_PERSON001,"[[33.38185774528105, 59.833559435023005]]",26.451701689741952,13,-250,250,False,False,False
R01ZF,R01ZF_SARF000083,83,2767,FULL_CONTEXT_OFFLINE,R01ZF_SARF000083__FULL_CONTEXT_OFFLINE__R01ZF_REUSED_R01ZF_PERSON002,R01ZF_REUSED_R01ZF_PERSON002,9,2556,3000,True,R01ZF_REUSED_R01ZF_PERSON002,"[[36.89795556437569, 59.833559435023005]]",22.935603870647313,11,-250,250,False,False,False
R01ZF,R01ZF_SARF000083,83,2767,FULL_CONTEXT_OFFLINE,R01ZF_SARF000083__FULL_CONTEXT_OFFLINE__R01ZF_REUSED_R01ZF_PERSON003,R01ZF_REUSED_R01ZF_PERSON003,9,2556,3000,True,R01ZF_REUSED_R01ZF_PERSON003,"[[7.572675454195576, 38.039338720380925]]",30.46666326618535,20,-250,250,False,False,False
R01ZF,R01ZF_SARF000084,84,2800,CAUSAL_REPLAY,R01ZF_SARF000084__CAUSAL_REPLAY__R01ZF_REUSED_R01ZF_PERSON001,R01ZF_REUSED_R01ZF_PERSON001,5,2556,2778,False,R01ZF_REUSED_R01ZF_PERSON001,"[[33.38185774528105, 58.518514380591995]]",25.136656635310942,11,-250,0,False,False,False
R01ZF,R01ZF_SARF000084,84,2800,CAUSAL_REPLAY,R01ZF_SARF000084__CAUSAL_REPLAY__R01ZF_REUSED_R01ZF_PERSON002,R01ZF_REUSED_R01ZF_PERSON002,5,2556,2778,False,R01ZF_REUSED_R01ZF_PERSON002,"[[36.89795556437569, 59.833559435023005]]",22.935603870647313,10,-250,0,False,False,False
R01ZF,R01ZF_SARF000084,84,2800,CAUSAL_REPLAY,R01ZF_SARF000084__CAUSAL_REPLAY__R01ZF_REUSED_R01ZF_PERSON003,R01ZF_REUSED_R01ZF_PERSON003,5,2556,2778,False,R01ZF_REUSED_R01ZF_PERSON003,"[[7.572675454195576, 31.66744286704146]]",24.094767412845883,14,-250,0,False,False,False
R01ZF,R01ZF_SARF000084,84,2800,FIXED_LAG_100MS,R01ZF_SARF000084__FIXED_LAG_100MS__R01ZF_REUSED_R01ZF_PERSON001,R01ZF_REUSED_R01ZF_PERSON001,7,2556,2889,True,R01ZF_REUSED_R01ZF_PERSON001,"[[33.38185774528105, 59.833559435023005]]",26.451701689741952,11,-250,100,False,False,False
R01ZF,R01ZF_SARF000084,84,2800,FIXED_LAG_100MS,R01ZF_SARF000084__FIXED_LAG_100MS__R01ZF_REUSED_R01ZF_PERSON002,R01ZF_REUSED_R01ZF_PERSON002,7,2556,2889,True,R01ZF_REUSED_R01ZF_PERSON002,"[[36.89795556437569, 59.833559435023005]]",22.935603870647313,10,-250,100,False,False,False
R01ZF,R01ZF_SARF000084,84,2800,FIXED_LAG_100MS,R01ZF_SARF000084__FIXED_LAG_100MS__R01ZF_REUSED_R01ZF_PERSON003,R01ZF_REUSED_R01ZF_PERSON003,7,2556,2889,True,R01ZF_REUSED_R01ZF_PERSON003,"[[7.572675454195576, 34.916730799397286]]",27.34405534520171,17,-250,100,False,False,False
R01ZF,R01ZF_SARF000084,84,2800,FULL_CONTEXT_OFFLINE,R01ZF_SARF000084__FULL_CONTEXT_OFFLINE__R01ZF_REUSED_R01ZF_PERSON001,R01ZF_REUSED_R01ZF_PERSON001,9,2556,3000,True,R01ZF_REUSED_R01ZF_PERSON001,"[[33.38185774528105, 59.833559435023005]]",26.451701689741952,11,-250,250,False,False,False
R01ZF,R01ZF_SARF000084,84,2800,FULL_CONTEXT_OFFLINE,R01ZF_SARF000084__FULL_CONTEXT_OFFLINE__R01ZF_REUSED_R01ZF_PERSON002,R01ZF_REUSED_R01ZF_PERSON002,9,2556,3000,True,R01ZF_REUSED_R01ZF_PERSON002,"[[36.89795556437569, 59.833559435023005]]",22.935603870647313,10,-250,250,False,False,False
R01ZF,R01ZF_SARF000084,84,2800,FULL_CONTEXT_OFFLINE,R01ZF_SARF000084__FULL_CONTEXT_OFFLINE__R01ZF_REUSED_R01ZF_PERSON003,R01ZF_REUSED_R01ZF_PERSON003,9,2556,3000,True,R01ZF_REUSED_R01ZF_PERSON003,"[[7.572675454195576, 38.039338720380925]]",30.46666326618535,19,-250,250,False,False,False
R01ZF,R01ZF_SARF000085,85,2833,CAUSAL_REPLAY,R01ZF_SARF000085__CAUSAL_REPLAY__R01ZF_REUSED_R01ZF_PERSON001,R01ZF_REUSED_R01ZF_PERSON001,5,2611,2833,False,R01ZF_REUSED_R01ZF_PERSON001,"[[34.845353982310925, 59.833559435023005]]",24.98820545271208,10,-250,0,False,False,False
R01ZF,R01ZF_SARF000085,85,2833,CAUSAL_REPLAY,R01ZF_SARF000085__CAUSAL_REPLAY__R01ZF_REUSED_R01ZF_PERSON002,R01ZF_REUSED_R01ZF_PERSON002,5,2611,2833,False,R01ZF_REUSED_R01ZF_PERSON002,"[[38.402725827413875, 59.833559435023005]]",21.43083360760913,9,-250,0,False,False,False
R01ZF,R01ZF_SARF000085,85,2833,CAUSAL_REPLAY,R01ZF_SARF000085__CAUSAL_REPLAY__R01ZF_REUSED_R01ZF_PERSON003,R01ZF_REUSED_R01ZF_PERSON003,5,2611,2833,False,R01ZF_REUSED_R01ZF_PERSON003,"[[9.126290988076732, 33.256388706779774]]",24.13009771870304,13,-250,0,False,False,False
R01ZF,R01ZF_SARF000085,85,2833,FIXED_LAG_100MS,R01ZF_SARF000085__FIXED_LAG_100MS__R01ZF_REUSED_R01ZF_PERSON001,R01ZF_REUSED_R01ZF_PERSON001,6,2611,2889,True,R01ZF_REUSED_R01ZF_PERSON001,"[[34.845353982310925, 59.833559435023005]]",24.98820545271208,10,-250,100,False,False,False
R01ZF,R01ZF_SARF000085,85,2833,FIXED_LAG_100MS,R01ZF_SARF000085__FIXED_LAG_100MS__R01ZF_REUSED_R01ZF_PERSON002,R01ZF_REUSED_R01ZF_PERSON002,6,2611,2889,True,R01ZF_REUSED_R01ZF_PERSON002,"[[38.402725827413875, 59.833559435023005]]",21.43083360760913,9,-250,100,False,False,False
R01ZF,R01ZF_SARF000085,85,2833,FIXED_LAG_100MS,R01ZF_SARF000085__FIXED_LAG_100MS__R01ZF_REUSED_R01ZF_PERSON003,R01ZF_REUSED_R01ZF_PERSON003,6,2611,2889,True,R01ZF_REUSED_R01ZF_PERSON003,"[[9.126290988076732, 34.916730799397286]]",25.790439811320553,14,-250,100,False,False,False
R01ZF,R01ZF_SARF000085,85,2833,FULL_CONTEXT_OFFLINE,R01ZF_SARF000085__FULL_CONTEXT_OFFLINE__R01ZF_REUSED_R01ZF_PERSON001,R01ZF_REUSED_R01ZF_PERSON001,9,2611,3056,True,R01ZF_REUSED_R01ZF_PERSON001,"[[34.845353982310925, 59.833559435023005]]",24.98820545271208,10,-250,250,False,False,False
R01ZF,R01ZF_SARF000085,85,2833,FULL_CONTEXT_OFFLINE,R01ZF_SARF000085__FULL_CONTEXT_OFFLINE__R01ZF_REUSED_R01ZF_PERSON002,R01ZF_REUSED_R01ZF_PERSON002,8,2611,3000,True,R01ZF_REUSED_R01ZF_PERSON002,"[[38.402725827413875, 59.833559435023005]]",21.43083360760913,9,-250,250,False,False,False
R01ZF,R01ZF_SARF000085,85,2833,FULL_CONTEXT_OFFLINE,R01ZF_SARF000085__FULL_CONTEXT_OFFLINE__R01ZF_REUSED_R01ZF_PERSON003,R01ZF_REUSED_R01ZF_PERSON003,9,2611,3056,True,R01ZF_REUSED_R01ZF_PERSON003,"[[9.126290988076732, 39.69785798534872]]",30.571566997271987,17,-250,250,False,False,False
R01ZF,R01ZF_SARF000086,86,2867,CAUSAL_REPLAY,R01ZF_SARF000086__CAUSAL_REPLAY__R01ZF_REUSED_R01ZF_PERSON001,R01ZF_REUSED_R01ZF_PERSON001,4,2667,2833,False,R01ZF_REUSED_R01ZF_PERSON001,"[[36.294606123298834, 59.833559435023005]]",23.53895331172417,10,-250,0,False,False,False
R01ZF,R01ZF_SARF000086,86,2867,CAUSAL_REPLAY,R01ZF_SARF000086__CAUSAL_REPLAY__R01ZF_REUSED_R01ZF_PERSON002,R01ZF_REUSED_R01ZF_PERSON002,4,2667,2833,False,R01ZF_REUSED_R01ZF_PERSON002,"[[39.97421809243231, 59.833559435023005]]",19.859341342590696,6,-250,0,False,False,False
R01ZF,R01ZF_SARF000086,86,2867,CAUSAL_REPLAY,R01ZF_SARF000086__CAUSAL_REPLAY__R01ZF_REUSED_R01ZF_PERSON003,R01ZF_REUSED_R01ZF_PERSON003,4,2667,2833,False,R01ZF_REUSED_R01ZF_PERSON003,"[[10.68226317770025, 33.256388706779774]]",22.574125529079524,14,-250,0,False,False,False
R01ZF,R01ZF_SARF000086,86,2867,FIXED_LAG_100MS,R01ZF_SARF000086__FIXED_LAG_100MS__R01ZF_REUSED_R01ZF_PERSON001,R01ZF_REUSED_R01ZF_PERSON001,6,2667,2944,True,R01ZF_REUSED_R01ZF_PERSON001,"[[36.294606123298834, 59.833559435023005]]",23.53895331172417,10,-250,100,False,False,False
R01ZF,R01ZF_SARF000086,86,2867,FIXED_LAG_100MS,R01ZF_SARF000086__FIXED_LAG_100MS__R01ZF_REUSED_R01ZF_PERSON002,R01ZF_REUSED_R01ZF_PERSON002,6,2667,2944,True,R01ZF_REUSED_R01ZF_PERSON002,"[[39.97421809243231, 59.833559435023005]]",19.859341342590696,6,-250,100,False,False,False
R01ZF,R01ZF_SARF000086,86,2867,FIXED_LAG_100MS,R01ZF_SARF000086__FIXED_LAG_100MS__R01ZF_REUSED_R01ZF_PERSON003,R01ZF_REUSED_R01ZF_PERSON003,6,2667,2944,True,R01ZF_REUSED_R01ZF_PERSON003,"[[10.68226317770025, 36.47331493830099]]",25.791051760600737,18,-250,100,False,False,False
R01ZF,R01ZF_SARF000086,86,2867,FULL_CONTEXT_OFFLINE,R01ZF_SARF000086__FULL_CONTEXT_OFFLINE__R01ZF_REUSED_R01ZF_PERSON001,R01ZF_REUSED_R01ZF_PERSON001,9,2667,3111,True,R01ZF_REUSED_R01ZF_PERSON001,"[[36.294606123298834, 59.833559435023005]]",23.53895331172417,10,-250,250,False,False,False
R01ZF,R01ZF_SARF000086,86,2867,FULL_CONTEXT_OFFLINE,R01ZF_SARF000086__FULL_CONTEXT_OFFLINE__R01ZF_REUSED_R01ZF_PERSON002,R01ZF_REUSED_R01ZF_PERSON002,7,2667,3000,True,R01ZF_REUSED_R01ZF_PERSON002,"[[39.97421809243231, 59.833559435023005]]",19.859341342590696,6,-250,250,False,False,False
R01ZF,R01ZF_SARF000086,86,2867,FULL_CONTEXT_OFFLINE,R01ZF_SARF000086__FULL_CONTEXT_OFFLINE__R01ZF_REUSED_R01ZF_PERSON003,R01ZF_REUSED_R01ZF_PERSON003,9,2667,3111,True,R01ZF_REUSED_R01ZF_PERSON003,"[[10.68226317770025, 41.190818929274826]]",30.508555751574576,20,-250,250,False,False,False
R01ZF,R01ZF_SARF000087,87,2900,CAUSAL_REPLAY,R01ZF_SARF000087__CAUSAL_REPLAY__R01ZF_REUSED_R01ZF_PERSON001,R01ZF_REUSED_R01ZF_PERSON001,5,2667,2889,False,R01ZF_REUSED_R01ZF_PERSON001,"[[36.294606123298834, 59.833559435023005]]",23.53895331172417,9,-250,0,False,False,False
R01ZF,R01ZF_SARF000087,87,2900,CAUSAL_REPLAY,R01ZF_SARF000087__CAUSAL_REPLAY__R01ZF_REUSED_R01ZF_PERSON002,R01ZF_REUSED_R01ZF_PERSON002,5,2667,2889,False,R01ZF_REUSED_R01ZF_PERSON002,"[[39.97421809243231, 59.833559435023005]]",19.859341342590696,8,-250,0,False,False,False
R01ZF,R01ZF_SARF000087,87,2900,CAUSAL_REPLAY,R01ZF_SARF000087__CAUSAL_REPLAY__R01ZF_REUSED_R01ZF_PERSON003,R01ZF_REUSED_R01ZF_PERSON003,5,2667,2889,False,R01ZF_REUSED_R01ZF_PERSON003,"[[10.68226317770025, 34.916730799397286]]",24.234467621697036,17,-250,0,False,False,False
R01ZF,R01ZF_SARF000087,87,2900,FIXED_LAG_100MS,R01ZF_SARF000087__FIXED_LAG_100MS__R01ZF_REUSED_R01ZF_PERSON001,R01ZF_REUSED_R01ZF_PERSON001,7,2667,3000,True,R01ZF_REUSED_R01ZF_PERSON001,"[[36.294606123298834, 59.833559435023005]]",23.53895331172417,9,-250,100,False,False,False
R01ZF,R01ZF_SARF000087,87,2900,FIXED_LAG_100MS,R01ZF_SARF000087__FIXED_LAG_100MS__R01ZF_REUSED_R01ZF_PERSON002,R01ZF_REUSED_R01ZF_PERSON002,7,2667,3000,True,R01ZF_REUSED_R01ZF_PERSON002,"[[39.97421809243231, 59.833559435023005]]",19.859341342590696,8,-250,100,False,False,False
R01ZF,R01ZF_SARF000087,87,2900,FIXED_LAG_100MS,R01ZF_SARF000087__FIXED_LAG_100MS__R01ZF_REUSED_R01ZF_PERSON003,R01ZF_REUSED_R01ZF_PERSON003,7,2667,3000,True,R01ZF_REUSED_R01ZF_PERSON003,"[[10.68226317770025, 38.039338720380925]]",27.357075542680676,18,-250,100,False,False,False
R01ZF,R01ZF_SARF000087,87,2900,FULL_CONTEXT_OFFLINE,R01ZF_SARF000087__FULL_CONTEXT_OFFLINE__R01ZF_REUSED_R01ZF_PERSON001,R01ZF_REUSED_R01ZF_PERSON001,9,2667,3111,True,R01ZF_REUSED_R01ZF_PERSON001,"[[36.294606123298834, 59.833559435023005]]",23.53895331172417,9,-250,250,False,False,False
R01ZF,R01ZF_SARF000087,87,2900,FULL_CONTEXT_OFFLINE,R01ZF_SARF000087__FULL_CONTEXT_OFFLINE__R01ZF_REUSED_R01ZF_PERSON002,R01ZF_REUSED_R01ZF_PERSON002,7,2667,3000,True,R01ZF_REUSED_R01ZF_PERSON002,"[[39.97421809243231, 59.833559435023005]]",19.859341342590696,8,-250,250,False,False,False
R01ZF,R01ZF_SARF000087,87,2900,FULL_CONTEXT_OFFLINE,R01ZF_SARF000087__FULL_CONTEXT_OFFLINE__R01ZF_REUSED_R01ZF_PERSON003,R01ZF_REUSED_R01ZF_PERSON003,9,2667,3111,True,R01ZF_REUSED_R01ZF_PERSON003,"[[10.68226317770025, 41.190818929274826]]",30.508555751574576,19,-250,250,False,False,False
R01ZF,R01ZF_SARF000088,88,2933,CAUSAL_REPLAY,R01ZF_SARF000088__CAUSAL_REPLAY__R01ZF_REUSED_R01ZF_PERSON001,R01ZF_REUSED_R01ZF_PERSON001,4,2722,2889,False,R01ZF_REUSED_R01ZF_PERSON001,"[[37.679382246370935, 59.833559435023005]]",22.15417718865207,10,-250,0,False,False,False
R01ZF,R01ZF_SARF000088,88,2933,CAUSAL_REPLAY,R01ZF_SARF000088__CAUSAL_REPLAY__R01ZF_REUSED_R01ZF_PERSON002,R01ZF_REUSED_R01ZF_PERSON002,4,2722,2889,False,R01ZF_REUSED_R01ZF_PERSON002,"[[41.6155051260387, 59.833559435023005]]",18.218054308984307,7,-250,0,False,False,False
R01ZF,R01ZF_SARF000088,88,2933,CAUSAL_REPLAY,R01ZF_SARF000088__CAUSAL_REPLAY__R01ZF_REUSED_R01ZF_PERSON003,R01ZF_REUSED_R01ZF_PERSON003,4,2722,2889,False,R01ZF_REUSED_R01ZF_PERSON003,"[[12.211472351407771, 34.916730799397286]]",22.705258447989515,14,-250,0,False,False,False
R01ZF,R01ZF_SARF000088,88,2933,FIXED_LAG_100MS,R01ZF_SARF000088__FIXED_LAG_100MS__R01ZF_REUSED_R01ZF_PERSON001,R01ZF_REUSED_R01ZF_PERSON001,6,2722,3000,True,R01ZF_REUSED_R01ZF_PERSON001,"[[37.679382246370935, 59.833559435023005]]",22.15417718865207,10,-250,100,False,False,False
R01ZF,R01ZF_SARF000088,88,2933,FIXED_LAG_100MS,R01ZF_SARF000088__FIXED_LAG_100MS__R01ZF_REUSED_R01ZF_PERSON002,R01ZF_REUSED_R01ZF_PERSON002,6,2722,3000,True,R01ZF_REUSED_R01ZF_PERSON002,"[[41.6155051260387, 59.833559435023005]]",18.218054308984307,7,-250,100,False,False,False
R01ZF,R01ZF_SARF000088,88,2933,FIXED_LAG_100MS,R01ZF_SARF000088__FIXED_LAG_100MS__R01ZF_REUSED_R01ZF_PERSON003,R01ZF_REUSED_R01ZF_PERSON003,6,2722,3000,True,R01ZF_REUSED_R01ZF_PERSON003,"[[12.211472351407771, 38.039338720380925]]",25.827866368973154,15,-250,100,False,False,False
R01ZF,R01ZF_SARF000088,88,2933,FULL_CONTEXT_OFFLINE,R01ZF_SARF000088__FULL_CONTEXT_OFFLINE__R01ZF_REUSED_R01ZF_PERSON001,R01ZF_REUSED_R01ZF_PERSON001,8,2722,3111,True,R01ZF_REUSED_R01ZF_PERSON001,"[[37.679382246370935, 59.833559435023005]]",22.15417718865207,10,-250,250,False,False,False
R01ZF,R01ZF_SARF000088,88,2933,FULL_CONTEXT_OFFLINE,R01ZF_SARF000088__FULL_CONTEXT_OFFLINE__R01ZF_REUSED_R01ZF_PERSON002,R01ZF_REUSED_R01ZF_PERSON002,6,2722,3000,True,R01ZF_REUSED_R01ZF_PERSON002,"[[41.6155051260387, 59.833559435023005]]",18.218054308984307,7,-250,250,False,False,False
R01ZF,R01ZF_SARF000088,88,2933,FULL_CONTEXT_OFFLINE,R01ZF_SARF000088__FULL_CONTEXT_OFFLINE__R01ZF_REUSED_R01ZF_PERSON003,R01ZF_REUSED_R01ZF_PERSON003,9,2722,3167,True,R01ZF_REUSED_R01ZF_PERSON003,"[[12.211472351407771, 42.897317621951245]]",30.685845270543474,17,-250,250,False,False,False
R01ZF,R01ZF_SARF000089,89,2967,CAUSAL_REPLAY,R01ZF_SARF000089__CAUSAL_REPLAY__R01ZF_REUSED_R01ZF_PERSON001,R01ZF_REUSED_R01ZF_PERSON001,5,2722,2944,False,R01ZF_REUSED_R01ZF_PERSON001,"[[37.679382246370935, 59.833559435023005]]",22.15417718865207,11,-250,0,False,False,False
R01ZF,R01ZF_SARF000089,89,2967,CAUSAL_REPLAY,R01ZF_SARF000089__CAUSAL_REPLAY__R01ZF_REUSED_R01ZF_PERSON002,R01ZF_REUSED_R01ZF_PERSON002,5,2722,2944,False,R01ZF_REUSED_R01ZF_PERSON002,"[[41.6155051260387, 59.833559435023005]]",18.218054308984307,7,-250,0,False,False,False
R01ZF,R01ZF_SARF000089,89,2967,CAUSAL_REPLAY,R01ZF_SARF000089__CAUSAL_REPLAY__R01ZF_REUSED_R01ZF_PERSON003,R01ZF_REUSED_R01ZF_PERSON003,5,2722,2944,False,R01ZF_REUSED_R01ZF_PERSON003,"[[12.211472351407771, 36.47331493830099]]",24.261842586893216,11,-250,0,False,False,False
R01ZF,R01ZF_SARF000089,89,2967,FIXED_LAG_100MS,R01ZF_SARF000089__FIXED_LAG_100MS__R01ZF_REUSED_R01ZF_PERSON001,R01ZF_REUSED_R01ZF_PERSON001,7,2722,3056,True,R01ZF_REUSED_R01ZF_PERSON001,"[[37.679382246370935, 59.833559435023005]]",22.15417718865207,11,-250,100,False,False,False
R01ZF,R01ZF_SARF000089,89,2967,FIXED_LAG_100MS,R01ZF_SARF000089__FIXED_LAG_100MS__R01ZF_REUSED_R01ZF_PERSON002,R01ZF_REUSED_R01ZF_PERSON002,6,2722,3000,True,R01ZF_REUSED_R01ZF_PERSON002,"[[41.6155051260387, 59.833559435023005]]",18.218054308984307,7,-250,100,False,False,False
R01ZF,R01ZF_SARF000089,89,2967,FIXED_LAG_100MS,R01ZF_SARF000089__FIXED_LAG_100MS__R01ZF_REUSED_R01ZF_PERSON003,R01ZF_REUSED_R01ZF_PERSON003,7,2722,3056,True,R01ZF_REUSED_R01ZF_PERSON003,"[[12.211472351407771, 39.69785798534872]]",27.486385633940948,14,-250,100,False,False,False
R01ZF,R01ZF_SARF000089,89,2967,FULL_CONTEXT_OFFLINE,R01ZF_SARF000089__FULL_CONTEXT_OFFLINE__R01ZF_REUSED_R01ZF_PERSON001,R01ZF_REUSED_R01ZF_PERSON001,8,2722,3111,True,R01ZF_REUSED_R01ZF_PERSON001,"[[37.679382246370935, 59.833559435023005]]",22.15417718865207,11,-250,250,False,False,False
R01ZF,R01ZF_SARF000089,89,2967,FULL_CONTEXT_OFFLINE,R01ZF_SARF000089__FULL_CONTEXT_OFFLINE__R01ZF_REUSED_R01ZF_PERSON002,R01ZF_REUSED_R01ZF_PERSON002,6,2722,3000,True,R01ZF_REUSED_R01ZF_PERSON002,"[[41.6155051260387, 59.833559435023005]]",18.218054308984307,7,-250,250,False,False,False
R01ZF,R01ZF_SARF000089,89,2967,FULL_CONTEXT_OFFLINE,R01ZF_SARF000089__FULL_CONTEXT_OFFLINE__R01ZF_REUSED_R01ZF_PERSON003,R01ZF_REUSED_R01ZF_PERSON003,9,2722,3167,True,R01ZF_REUSED_R01ZF_PERSON003,"[[12.211472351407771, 42.897317621951245]]",30.685845270543474,14,-250,250,False,False,False
R01ZF,R01ZF_SARF000090,90,3000,CAUSAL_REPLAY,R01ZF_SARF000090__CAUSAL_REPLAY__R01ZF_REUSED_R01ZF_PERSON001,R01ZF_REUSED_R01ZF_PERSON001,5,2778,3000,False,R01ZF_REUSED_R01ZF_PERSON001,"[[39.16107420937833, 59.833559435023005]]",20.672485225644678,11,-250,0,False,False,False
R01ZF,R01ZF_SARF000090,90,3000,CAUSAL_REPLAY,R01ZF_SARF000090__CAUSAL_REPLAY__R01ZF_REUSED_R01ZF_PERSON002,R01ZF_REUSED_R01ZF_PERSON002,5,2778,3000,False,R01ZF_REUSED_R01ZF_PERSON002,"[[43.14323650732902, 59.833559435023005]]",16.690322927693984,7,-250,0,False,False,False
R01ZF,R01ZF_SARF000090,90,3000,CAUSAL_REPLAY,R01ZF_SARF000090__CAUSAL_REPLAY__R01ZF_REUSED_R01ZF_PERSON003,R01ZF_REUSED_R01ZF_PERSON003,5,2778,3000,False,R01ZF_REUSED_R01ZF_PERSON003,"[[13.741990054961263, 38.039338720380925]]",24.297348665419662,15,-250,0,False,False,False
R01ZF,R01ZF_SARF000090,90,3000,FIXED_LAG_100MS,R01ZF_SARF000090__FIXED_LAG_100MS__R01ZF_REUSED_R01ZF_PERSON001,R01ZF_REUSED_R01ZF_PERSON001,6,2778,3056,True,R01ZF_REUSED_R01ZF_PERSON001,"[[39.16107420937833, 59.833559435023005]]",20.672485225644678,11,-250,100,False,False,False
R01ZF,R01ZF_SARF000090,90,3000,FIXED_LAG_100MS,R01ZF_SARF000090__FIXED_LAG_100MS__R01ZF_REUSED_R01ZF_PERSON002,R01ZF_REUSED_R01ZF_PERSON002,5,2778,3000,False,R01ZF_REUSED_R01ZF_PERSON002,"[[43.14323650732902, 59.833559435023005]]",16.690322927693984,7,-250,100,False,False,False
R01ZF,R01ZF_SARF000090,90,3000,FIXED_LAG_100MS,R01ZF_SARF000090__FIXED_LAG_100MS__R01ZF_REUSED_R01ZF_PERSON003,R01ZF_REUSED_R01ZF_PERSON003,6,2778,3056,True,R01ZF_REUSED_R01ZF_PERSON003,"[[13.741990054961263, 39.69785798534872]]",25.955867930387456,17,-250,100,False,False,False
R01ZF,R01ZF_SARF000090,90,3000,FULL_CONTEXT_OFFLINE,R01ZF_SARF000090__FULL_CONTEXT_OFFLINE__R01ZF_REUSED_R01ZF_PERSON001,R01ZF_REUSED_R01ZF_PERSON001,7,2778,3111,True,R01ZF_REUSED_R01ZF_PERSON001,"[[39.16107420937833, 59.833559435023005]]",20.672485225644678,11,-250,250,False,False,False
R01ZF,R01ZF_SARF000090,90,3000,FULL_CONTEXT_OFFLINE,R01ZF_SARF000090__FULL_CONTEXT_OFFLINE__R01ZF_REUSED_R01ZF_PERSON002,R01ZF_REUSED_R01ZF_PERSON002,5,2778,3000,False,R01ZF_REUSED_R01ZF_PERSON002,"[[43.14323650732902, 59.833559435023005]]",16.690322927693984,7,-250,250,False,False,False
R01ZF,R01ZF_SARF000090,90,3000,FULL_CONTEXT_OFFLINE,R01ZF_SARF000090__FULL_CONTEXT_OFFLINE__R01ZF_REUSED_R01ZF_PERSON003,R01ZF_REUSED_R01ZF_PERSON003,9,2778,3222,True,R01ZF_REUSED_R01ZF_PERSON003,"[[13.741990054961263, 44.291325065037256]]",30.549335010075993,18,-250,250,False,False,False
R01ZF,R01ZF_SARF000091,91,3033,CAUSAL_REPLAY,R01ZF_SARF000091__CAUSAL_REPLAY__R01ZF_REUSED_R01ZF_PERSON001,R01ZF_REUSED_R01ZF_PERSON001,4,2833,3000,False,R01ZF_REUSED_R01ZF_PERSON001,"[[40.69855120848365, 59.833559435023005]]",19.135008226539355,8,-250,0,False,False,False
R01ZF,R01ZF_SARF000091,91,3033,CAUSAL_REPLAY,R01ZF_SARF000091__CAUSAL_REPLAY__R01ZF_REUSED_R01ZF_PERSON002,R01ZF_REUSED_R01ZF_PERSON002,4,2833,3000,False,R01ZF_REUSED_R01ZF_PERSON002,"[[44.27543381950815, 59.833559435023005]]",15.558125615514854,6,-250,0,False,False,False
R01ZF,R01ZF_SARF000091,91,3033,CAUSAL_REPLAY,R01ZF_SARF000091__CAUSAL_REPLAY__R01ZF_REUSED_R01ZF_PERSON003,R01ZF_REUSED_R01ZF_PERSON003,4,2833,3000,False,R01ZF_REUSED_R01ZF_PERSON003,"[[15.302636495478396, 38.039338720380925]]",22.73670222490253,17,-250,0,False,False,False
R01ZF,R01ZF_SARF000091,91,3033,FIXED_LAG_100MS,R01ZF_SARF000091__FIXED_LAG_100MS__R01ZF_REUSED_R01ZF_PERSON001,R01ZF_REUSED_R01ZF_PERSON001,6,2833,3111,True,R01ZF_REUSED_R01ZF_PERSON001,"[[40.69855120848365, 59.833559435023005]]",19.135008226539355,8,-250,100,False,False,False
R01ZF,R01ZF_SARF000091,91,3033,FIXED_LAG_100MS,R01ZF_SARF000091__FIXED_LAG_100MS__R01ZF_REUSED_R01ZF_PERSON002,R01ZF_REUSED_R01ZF_PERSON002,4,2833,3000,False,R01ZF_REUSED_R01ZF_PERSON002,"[[44.27543381950815, 59.833559435023005]]",15.558125615514854,6,-250,100,False,False,False
R01ZF,R01ZF_SARF000091,91,3033,FIXED_LAG_100MS,R01ZF_SARF000091__FIXED_LAG_100MS__R01ZF_REUSED_R01ZF_PERSON003,R01ZF_REUSED_R01ZF_PERSON003,6,2833,3111,True,R01ZF_REUSED_R01ZF_PERSON003,"[[15.302636495478396, 41.190818929274826]]",25.88818243379643,19,-250,100,False,False,False
R01ZF,R01ZF_SARF000091,91,3033,FULL_CONTEXT_OFFLINE,R01ZF_SARF000091__FULL_CONTEXT_OFFLINE__R01ZF_REUSED_R01ZF_PERSON001,R01ZF_REUSED_R01ZF_PERSON001,6,2833,3111,True,R01ZF_REUSED_R01ZF_PERSON001,"[[40.69855120848365, 59.833559435023005]]",19.135008226539355,8,-250,250,False,False,False
R01ZF,R01ZF_SARF000091,91,3033,FULL_CONTEXT_OFFLINE,R01ZF_SARF000091__FULL_CONTEXT_OFFLINE__R01ZF_REUSED_R01ZF_PERSON002,R01ZF_REUSED_R01ZF_PERSON002,4,2833,3000,False,R01ZF_REUSED_R01ZF_PERSON002,"[[44.27543381950815, 59.833559435023005]]",15.558125615514854,6,-250,250,False,False,False
R01ZF,R01ZF_SARF000091,91,3033,FULL_CONTEXT_OFFLINE,R01ZF_SARF000091__FULL_CONTEXT_OFFLINE__R01ZF_REUSED_R01ZF_PERSON003,R01ZF_REUSED_R01ZF_PERSON003,9,2833,3278,True,R01ZF_REUSED_R01ZF_PERSON003,"[[15.302636495478396, 45.850929889756074]]",30.548293394277678,21,-250,250,False,False,False
R01ZF,R01ZF_SARF000092,92,3067,CAUSAL_REPLAY,R01ZF_SARF000092__CAUSAL_REPLAY__R01ZF_REUSED_R01ZF_PERSON001,R01ZF_REUSED_R01ZF_PERSON001,5,2833,3056,False,R01ZF_REUSED_R01ZF_PERSON001,"[[40.69855120848365, 59.833559435023005]]",19.135008226539355,8,-250,0,False,False,False
R01ZF,R01ZF_SARF000092,92,3067,CAUSAL_REPLAY,R01ZF_SARF000092__CAUSAL_REPLAY__R01ZF_REUSED_R01ZF_PERSON002,R01ZF_REUSED_R01ZF_PERSON002,4,2833,3000,False,R01ZF_REUSED_R01ZF_PERSON002,"[[44.27543381950815, 59.833559435023005]]",15.558125615514854,6,-250,0,False,False,False
R01ZF,R01ZF_SARF000092,92,3067,CAUSAL_REPLAY,R01ZF_SARF000092__CAUSAL_REPLAY__R01ZF_REUSED_R01ZF_PERSON003,R01ZF_REUSED_R01ZF_PERSON003,5,2833,3056,False,R01ZF_REUSED_R01ZF_PERSON003,"[[15.302636495478396, 39.69785798534872]]",24.395221489870323,18,-250,0,False,False,False
R01ZF,R01ZF_SARF000092,92,3067,FIXED_LAG_100MS,R01ZF_SARF000092__FIXED_LAG_100MS__R01ZF_REUSED_R01ZF_PERSON001,R01ZF_REUSED_R01ZF_PERSON001,6,2833,3111,True,R01ZF_REUSED_R01ZF_PERSON001,"[[40.69855120848365, 59.833559435023005]]",19.135008226539355,8,-250,100,False,False,False
R01ZF,R01ZF_SARF000092,92,3067,FIXED_LAG_100MS,R01ZF_SARF000092__FIXED_LAG_100MS__R01ZF_REUSED_R01ZF_PERSON002,R01ZF_REUSED_R01ZF_PERSON002,4,2833,3000,False,R01ZF_REUSED_R01ZF_PERSON002,"[[44.27543381950815, 59.833559435023005]]",15.558125615514854,6,-250,100,False,False,False
R01ZF,R01ZF_SARF000092,92,3067,FIXED_LAG_100MS,R01ZF_SARF000092__FIXED_LAG_100MS__R01ZF_REUSED_R01ZF_PERSON003,R01ZF_REUSED_R01ZF_PERSON003,7,2833,3167,True,R01ZF_REUSED_R01ZF_PERSON003,"[[15.302636495478396, 42.897317621951245]]",27.59468112647285,18,-250,100,False,False,False
R01ZF,R01ZF_SARF000092,92,3067,FULL_CONTEXT_OFFLINE,R01ZF_SARF000092__FULL_CONTEXT_OFFLINE__R01ZF_REUSED_R01ZF_PERSON001,R01ZF_REUSED_R01ZF_PERSON001,6,2833,3111,True,R01ZF_REUSED_R01ZF_PERSON001,"[[40.69855120848365, 59.833559435023005]]",19.135008226539355,8,-250,250,False,False,False
R01ZF,R01ZF_SARF000092,92,3067,FULL_CONTEXT_OFFLINE,R01ZF_SARF000092__FULL_CONTEXT_OFFLINE__R01ZF_REUSED_R01ZF_PERSON002,R01ZF_REUSED_R01ZF_PERSON002,4,2833,3000,False,R01ZF_REUSED_R01ZF_PERSON002,"[[44.27543381950815, 59.833559435023005]]",15.558125615514854,6,-250,250,False,False,False
R01ZF,R01ZF_SARF000092,92,3067,FULL_CONTEXT_OFFLINE,R01ZF_SARF000092__FULL_CONTEXT_OFFLINE__R01ZF_REUSED_R01ZF_PERSON003,R01ZF_REUSED_R01ZF_PERSON003,9,2833,3278,True,R01ZF_REUSED_R01ZF_PERSON003,"[[15.302636495478396, 45.850929889756074]]",30.548293394277678,19,-250,250,False,False,False
R01ZF,R01ZF_SARF000093,93,3100,CAUSAL_REPLAY,R01ZF_SARF000093__CAUSAL_REPLAY__R01ZF_REUSED_R01ZF_PERSON001,R01ZF_REUSED_R01ZF_PERSON001,4,2889,3056,False,R01ZF_REUSED_R01ZF_PERSON001,"[[42.14537508264239, 59.833559435023005]]",17.688184352380617,6,-250,0,False,False,False
R01ZF,R01ZF_SARF000093,93,3100,CAUSAL_REPLAY,R01ZF_SARF000093__CAUSAL_REPLAY__R01ZF_REUSED_R01ZF_PERSON002,R01ZF_REUSED_R01ZF_PERSON002,3,2889,3000,False,R01ZF_REUSED_R01ZF_PERSON002,"[[45.72613771251562, 59.833559435023005]]",14.107421722507382,5,-250,0,False,False,False
R01ZF,R01ZF_SARF000093,93,3100,CAUSAL_REPLAY,R01ZF_SARF000093__CAUSAL_REPLAY__R01ZF_REUSED_R01ZF_PERSON003,R01ZF_REUSED_R01ZF_PERSON003,4,2889,3056,False,R01ZF_REUSED_R01ZF_PERSON003,"[[16.84806883524469, 39.69785798534872]]",22.84978915010403,16,-250,0,False,False,False
R01ZF,R01ZF_SARF000093,93,3100,FIXED_LAG_100MS,R01ZF_SARF000093__FIXED_LAG_100MS__R01ZF_REUSED_R01ZF_PERSON001,R01ZF_REUSED_R01ZF_PERSON001,5,2889,3111,True,R01ZF_REUSED_R01ZF_PERSON001,"[[42.14537508264239, 59.833559435023005]]",17.688184352380617,6,-250,100,False,False,False
R01ZF,R01ZF_SARF000093,93,3100,FIXED_LAG_100MS,R01ZF_SARF000093__FIXED_LAG_100MS__R01ZF_REUSED_R01ZF_PERSON002,R01ZF_REUSED_R01ZF_PERSON002,3,2889,3000,False,R01ZF_REUSED_R01ZF_PERSON002,"[[45.72613771251562, 59.833559435023005]]",14.107421722507382,5,-250,100,False,False,False
R01ZF,R01ZF_SARF000093,93,3100,FIXED_LAG_100MS,R01ZF_SARF000093__FIXED_LAG_100MS__R01ZF_REUSED_R01ZF_PERSON003,R01ZF_REUSED_R01ZF_PERSON003,6,2889,3167,True,R01ZF_REUSED_R01ZF_PERSON003,"[[16.84806883524469, 42.897317621951245]]",26.049248786706556,19,-250,100,False,False,False
R01ZF,R01ZF_SARF000093,93,3100,FULL_CONTEXT_OFFLINE,R01ZF_SARF000093__FULL_CONTEXT_OFFLINE__R01ZF_REUSED_R01ZF_PERSON001,R01ZF_REUSED_R01ZF_PERSON001,5,2889,3111,True,R01ZF_REUSED_R01ZF_PERSON001,"[[42.14537508264239, 59.833559435023005]]",17.688184352380617,6,-250,250,False,False,False
R01ZF,R01ZF_SARF000093,93,3100,FULL_CONTEXT_OFFLINE,R01ZF_SARF000093__FULL_CONTEXT_OFFLINE__R01ZF_REUSED_R01ZF_PERSON002,R01ZF_REUSED_R01ZF_PERSON002,3,2889,3000,False,R01ZF_REUSED_R01ZF_PERSON002,"[[45.72613771251562, 59.833559435023005]]",14.107421722507382,5,-250,250,False,False,False
R01ZF,R01ZF_SARF000093,93,3100,FULL_CONTEXT_OFFLINE,R01ZF_SARF000093__FULL_CONTEXT_OFFLINE__R01ZF_REUSED_R01ZF_PERSON003,R01ZF_REUSED_R01ZF_PERSON003,9,2889,3333,True,R01ZF_REUSED_R01ZF_PERSON003,"[[16.84806883524469, 47.435221008897656]]",30.587152173652967,20,-250,250,False,False,False
R01ZF,R01ZF_SARF000094,94,3133,CAUSAL_REPLAY,R01ZF_SARF000094__CAUSAL_REPLAY__R01ZF_REUSED_R01ZF_PERSON001,R01ZF_REUSED_R01ZF_PERSON001,5,2889,3111,False,R01ZF_REUSED_R01ZF_PERSON001,"[[42.14537508264239, 59.833559435023005]]",17.688184352380617,6,-250,0,False,False,False
R01ZF,R01ZF_SARF000094,94,3133,CAUSAL_REPLAY,R01ZF_SARF000094__CAUSAL_REPLAY__R01ZF_REUSED_R01ZF_PERSON002,R01ZF_REUSED_R01ZF_PERSON002,3,2889,3000,False,R01ZF_REUSED_R01ZF_PERSON002,"[[45.72613771251562, 59.833559435023005]]",14.107421722507382,5,-250,0,False,False,False
R01ZF,R01ZF_SARF000094,94,3133,CAUSAL_REPLAY,R01ZF_SARF000094__CAUSAL_REPLAY__R01ZF_REUSED_R01ZF_PERSON003,R01ZF_REUSED_R01ZF_PERSON003,5,2889,3111,False,R01ZF_REUSED_R01ZF_PERSON003,"[[16.84806883524469, 41.190818929274826]]",24.342750094030137,16,-250,0,False,False,False
R01ZF,R01ZF_SARF000094,94,3133,FIXED_LAG_100MS,R01ZF_SARF000094__FIXED_LAG_100MS__R01ZF_REUSED_R01ZF_PERSON001,R01ZF_REUSED_R01ZF_PERSON001,5,2889,3111,False,R01ZF_REUSED_R01ZF_PERSON001,"[[42.14537508264239, 59.833559435023005]]",17.688184352380617,6,-250,100,False,False,False
R01ZF,R01ZF_SARF000094,94,3133,FIXED_LAG_100MS,R01ZF_SARF000094__FIXED_LAG_100MS__R01ZF_REUSED_R01ZF_PERSON002,R01ZF_REUSED_R01ZF_PERSON002,3,2889,3000,False,R01ZF_REUSED_R01ZF_PERSON002,"[[45.72613771251562, 59.833559435023005]]",14.107421722507382,5,-250,100,False,False,False
R01ZF,R01ZF_SARF000094,94,3133,FIXED_LAG_100MS,R01ZF_SARF000094__FIXED_LAG_100MS__R01ZF_REUSED_R01ZF_PERSON003,R01ZF_REUSED_R01ZF_PERSON003,7,2889,3222,True,R01ZF_REUSED_R01ZF_PERSON003,"[[16.84806883524469, 44.291325065037256]]",27.443256229792567,16,-250,100,False,False,False
R01ZF,R01ZF_SARF000094,94,3133,FULL_CONTEXT_OFFLINE,R01ZF_SARF000094__FULL_CONTEXT_OFFLINE__R01ZF_REUSED_R01ZF_PERSON001,R01ZF_REUSED_R01ZF_PERSON001,5,2889,3111,False,R01ZF_REUSED_R01ZF_PERSON001,"[[42.14537508264239, 59.833559435023005]]",17.688184352380617,6,-250,250,False,False,False
R01ZF,R01ZF_SARF000094,94,3133,FULL_CONTEXT_OFFLINE,R01ZF_SARF000094__FULL_CONTEXT_OFFLINE__R01ZF_REUSED_R01ZF_PERSON002,R01ZF_REUSED_R01ZF_PERSON002,3,2889,3000,False,R01ZF_REUSED_R01ZF_PERSON002,"[[45.72613771251562, 59.833559435023005]]",14.107421722507382,5,-250,250,False,False,False
R01ZF,R01ZF_SARF000094,94,3133,FULL_CONTEXT_OFFLINE,R01ZF_SARF000094__FULL_CONTEXT_OFFLINE__R01ZF_REUSED_R01ZF_PERSON003,R01ZF_REUSED_R01ZF_PERSON003,9,2889,3333,True,R01ZF_REUSED_R01ZF_PERSON003,"[[16.84806883524469, 47.435221008897656]]",30.587152173652967,17,-250,250,False,False,False
R01ZF,R01ZF_SARF000095,95,3167,CAUSAL_REPLAY,R01ZF_SARF000095__CAUSAL_REPLAY__R01ZF_REUSED_R01ZF_PERSON001,R01ZF_REUSED_R01ZF_PERSON001,4,2944,3111,False,R01ZF_REUSED_R01ZF_PERSON001,"[[43.56344385066686, 59.833559435023005]]",16.270115584356148,6,-250,0,False,False,False
R01ZF,R01ZF_SARF000095,95,3167,CAUSAL_REPLAY,R01ZF_SARF000095__CAUSAL_REPLAY__R01ZF_REUSED_R01ZF_PERSON002,R01ZF_REUSED_R01ZF_PERSON002,2,2944,3000,False,R01ZF_REUSED_R01ZF_PERSON002,"[[47.02979800529381, 59.833559435023005]]",12.803761429729192,5,-250,0,False,False,False
R01ZF,R01ZF_SARF000095,95,3167,CAUSAL_REPLAY,R01ZF_SARF000095__CAUSAL_REPLAY__R01ZF_REUSED_R01ZF_PERSON003,R01ZF_REUSED_R01ZF_PERSON003,5,2944,3167,False,R01ZF_REUSED_R01ZF_PERSON003,"[[18.388507929274482, 42.897317621951245]]",24.508809692676763,16,-250,0,False,False,False
R01ZF,R01ZF_SARF000095,95,3167,FIXED_LAG_100MS,R01ZF_SARF000095__FIXED_LAG_100MS__R01ZF_REUSED_R01ZF_PERSON001,R01ZF_REUSED_R01ZF_PERSON001,4,2944,3111,False,R01ZF_REUSED_R01ZF_PERSON001,"[[43.56344385066686, 59.833559435023005]]",16.270115584356148,6,-250,100,False,False,False
R01ZF,R01ZF_SARF000095,95,3167,FIXED_LAG_100MS,R01ZF_SARF000095__FIXED_LAG_100MS__R01ZF_REUSED_R01ZF_PERSON002,R01ZF_REUSED_R01ZF_PERSON002,2,2944,3000,False,R01ZF_REUSED_R01ZF_PERSON002,"[[47.02979800529381, 59.833559435023005]]",12.803761429729192,5,-250,100,False,False,False
R01ZF,R01ZF_SARF000095,95,3167,FIXED_LAG_100MS,R01ZF_SARF000095__FIXED_LAG_100MS__R01ZF_REUSED_R01ZF_PERSON003,R01ZF_REUSED_R01ZF_PERSON003,6,2944,3222,True,R01ZF_REUSED_R01ZF_PERSON003,"[[18.388507929274482, 44.291325065037256]]",25.902817135762774,16,-250,100,False,False,False
R01ZF,R01ZF_SARF000095,95,3167,FULL_CONTEXT_OFFLINE,R01ZF_SARF000095__FULL_CONTEXT_OFFLINE__R01ZF_REUSED_R01ZF_PERSON001,R01ZF_REUSED_R01ZF_PERSON001,4,2944,3111,False,R01ZF_REUSED_R01ZF_PERSON001,"[[43.56344385066686, 59.833559435023005]]",16.270115584356148,6,-250,250,False,False,False
R01ZF,R01ZF_SARF000095,95,3167,FULL_CONTEXT_OFFLINE,R01ZF_SARF000095__FULL_CONTEXT_OFFLINE__R01ZF_REUSED_R01ZF_PERSON002,R01ZF_REUSED_R01ZF_PERSON002,2,2944,3000,False,R01ZF_REUSED_R01ZF_PERSON002,"[[47.02979800529381, 59.833559435023005]]",12.803761429729192,5,-250,250,False,False,False
R01ZF,R01ZF_SARF000095,95,3167,FULL_CONTEXT_OFFLINE,R01ZF_SARF000095__FULL_CONTEXT_OFFLINE__R01ZF_REUSED_R01ZF_PERSON003,R01ZF_REUSED_R01ZF_PERSON003,9,2944,3389,True,R01ZF_REUSED_R01ZF_PERSON003,"[[18.388507929274482, 49.05009006181791]]",30.66158213254343,18,-250,250,False,False,False
R01ZF,R01ZF_SARF000096,96,3200,CAUSAL_REPLAY,R01ZF_SARF000096__CAUSAL_REPLAY__R01ZF_REUSED_R01ZF_PERSON001,R01ZF_REUSED_R01ZF_PERSON001,3,3000,3111,False,R01ZF_REUSED_R01ZF_PERSON001,"[[44.96885698674444, 59.833559435023005]]",14.864702448278564,6,-250,0,False,False,False
R01ZF,R01ZF_SARF000096,96,3200,CAUSAL_REPLAY,R01ZF_SARF000096__CAUSAL_REPLAY__R01ZF_REUSED_R01ZF_PERSON002,R01ZF_REUSED_R01ZF_PERSON002,1,3000,3000,False,R01ZF_REUSED_R01ZF_PERSON002,"[[48.34503325362947, 59.833559435023005]]",11.488526181393539,5,-250,0,False,False,False
R01ZF,R01ZF_SARF000096,96,3200,CAUSAL_REPLAY,R01ZF_SARF000096__CAUSAL_REPLAY__R01ZF_REUSED_R01ZF_PERSON003,R01ZF_REUSED_R01ZF_PERSON003,4,3000,3167,False,R01ZF_REUSED_R01ZF_PERSON003,"[[19.920542485836265, 42.897317621951245]]",22.97677513611498,16,-250,0,False,False,False
R01ZF,R01ZF_SARF000096,96,3200,FIXED_LAG_100MS,R01ZF_SARF000096__FIXED_LAG_100MS__R01ZF_REUSED_R01ZF_PERSON001,R01ZF_REUSED_R01ZF_PERSON001,3,3000,3111,False,R01ZF_REUSED_R01ZF_PERSON001,"[[44.96885698674444, 59.833559435023005]]",14.864702448278564,6,-250,100,False,False,False
R01ZF,R01ZF_SARF000096,96,3200,FIXED_LAG_100MS,R01ZF_SARF000096__FIXED_LAG_100MS__R01ZF_REUSED_R01ZF_PERSON002,R01ZF_REUSED_R01ZF_PERSON002,1,3000,3000,False,R01ZF_REUSED_R01ZF_PERSON002,"[[48.34503325362947, 59.833559435023005]]",11.488526181393539,5,-250,100,False,False,False
R01ZF,R01ZF_SARF000096,96,3200,FIXED_LAG_100MS,R01ZF_SARF000096__FIXED_LAG_100MS__R01ZF_REUSED_R01ZF_PERSON003,R01ZF_REUSED_R01ZF_PERSON003,6,3000,3278,True,R01ZF_REUSED_R01ZF_PERSON003,"[[19.920542485836265, 45.850929889756074]]",25.93038740391981,17,-250,100,False,False,False
R01ZF,R01ZF_SARF000096,96,3200,FULL_CONTEXT_OFFLINE,R01ZF_SARF000096__FULL_CONTEXT_OFFLINE__R01ZF_REUSED_R01ZF_PERSON001,R01ZF_REUSED_R01ZF_PERSON001,3,3000,3111,False,R01ZF_REUSED_R01ZF_PERSON001,"[[44.96885698674444, 59.833559435023005]]",14.864702448278564,6,-250,250,False,False,False
R01ZF,R01ZF_SARF000096,96,3200,FULL_CONTEXT_OFFLINE,R01ZF_SARF000096__FULL_CONTEXT_OFFLINE__R01ZF_REUSED_R01ZF_PERSON002,R01ZF_REUSED_R01ZF_PERSON002,1,3000,3000,False,R01ZF_REUSED_R01ZF_PERSON002,"[[48.34503325362947, 59.833559435023005]]",11.488526181393539,5,-250,250,False,False,False
R01ZF,R01ZF_SARF000096,96,3200,FULL_CONTEXT_OFFLINE,R01ZF_SARF000096__FULL_CONTEXT_OFFLINE__R01ZF_REUSED_R01ZF_PERSON003,R01ZF_REUSED_R01ZF_PERSON003,9,3000,3444,True,R01ZF_REUSED_R01ZF_PERSON003,"[[19.920542485836265, 50.57998930599048]]",30.659446820154216,20,-250,250,False,False,False
R01ZF,R01ZF_SARF000097,97,3233,CAUSAL_REPLAY,R01ZF_SARF000097__CAUSAL_REPLAY__R01ZF_REUSED_R01ZF_PERSON001,R01ZF_REUSED_R01ZF_PERSON001,3,3000,3111,False,R01ZF_REUSED_R01ZF_PERSON001,"[[44.96885698674444, 59.833559435023005]]",14.864702448278564,5,-250,0,False,False,False
R01ZF,R01ZF_SARF000097,97,3233,CAUSAL_REPLAY,R01ZF_SARF000097__CAUSAL_REPLAY__R01ZF_REUSED_R01ZF_PERSON002,R01ZF_REUSED_R01ZF_PERSON002,1,3000,3000,False,R01ZF_REUSED_R01ZF_PERSON002,"[[48.34503325362947, 59.833559435023005]]",11.488526181393539,4,-250,0,False,False,False
R01ZF,R01ZF_SARF000097,97,3233,CAUSAL_REPLAY,R01ZF_SARF000097__CAUSAL_REPLAY__R01ZF_REUSED_R01ZF_PERSON003,R01ZF_REUSED_R01ZF_PERSON003,5,3000,3222,False,R01ZF_REUSED_R01ZF_PERSON003,"[[19.920542485836265, 44.291325065037256]]",24.37078257920099,16,-250,0,False,False,False
R01ZF,R01ZF_SARF000097,97,3233,FIXED_LAG_100MS,R01ZF_SARF000097__FIXED_LAG_100MS__R01ZF_REUSED_R01ZF_PERSON001,R01ZF_REUSED_R01ZF_PERSON001,3,3000,3111,False,R01ZF_REUSED_R01ZF_PERSON001,"[[44.96885698674444, 59.833559435023005]]",14.864702448278564,5,-250,100,False,False,False
R01ZF,R01ZF_SARF000097,97,3233,FIXED_LAG_100MS,R01ZF_SARF000097__FIXED_LAG_100MS__R01ZF_REUSED_R01ZF_PERSON002,R01ZF_REUSED_R01ZF_PERSON002,1,3000,3000,False,R01ZF_REUSED_R01ZF_PERSON002,"[[48.34503325362947, 59.833559435023005]]",11.488526181393539,4,-250,100,False,False,False
R01ZF,R01ZF_SARF000097,97,3233,FIXED_LAG_100MS,R01ZF_SARF000097__FIXED_LAG_100MS__R01ZF_REUSED_R01ZF_PERSON003,R01ZF_REUSED_R01ZF_PERSON003,7,3000,3333,True,R01ZF_REUSED_R01ZF_PERSON003,"[[19.920542485836265, 47.435221008897656]]",27.51467852306139,17,-250,100,False,False,False
R01ZF,R01ZF_SARF000097,97,3233,FULL_CONTEXT_OFFLINE,R01ZF_SARF000097__FULL_CONTEXT_OFFLINE__R01ZF_REUSED_R01ZF_PERSON001,R01ZF_REUSED_R01ZF_PERSON001,3,3000,3111,False,R01ZF_REUSED_R01ZF_PERSON001,"[[44.96885698674444, 59.833559435023005]]",14.864702448278564,5,-250,250,False,False,False
R01ZF,R01ZF_SARF000097,97,3233,FULL_CONTEXT_OFFLINE,R01ZF_SARF000097__FULL_CONTEXT_OFFLINE__R01ZF_REUSED_R01ZF_PERSON002,R01ZF_REUSED_R01ZF_PERSON002,1,3000,3000,False,R01ZF_REUSED_R01ZF_PERSON002,"[[48.34503325362947, 59.833559435023005]]",11.488526181393539,4,-250,250,False,False,False
R01ZF,R01ZF_SARF000097,97,3233,FULL_CONTEXT_OFFLINE,R01ZF_SARF000097__FULL_CONTEXT_OFFLINE__R01ZF_REUSED_R01ZF_PERSON003,R01ZF_REUSED_R01ZF_PERSON003,9,3000,3444,True,R01ZF_REUSED_R01ZF_PERSON003,"[[19.920542485836265, 50.57998930599048]]",30.659446820154216,18,-250,250,False,False,False
R01ZF,R01ZF_SARF000098,98,3267,CAUSAL_REPLAY,R01ZF_SARF000098__CAUSAL_REPLAY__R01ZF_REUSED_R01ZF_PERSON001,R01ZF_REUSED_R01ZF_PERSON001,2,3056,3111,False,R01ZF_REUSED_R01ZF_PERSON001,"[[46.42168968203772, 59.833559435023005]]",13.411869752985282,5,-250,0,False,False,False
R01ZF,R01ZF_SARF000098,98,3267,CAUSAL_REPLAY,R01ZF_SARF000098__CAUSAL_REPLAY__R01ZF_REUSED_R01ZF_PERSON003,R01ZF_REUSED_R01ZF_PERSON003,4,3056,3222,False,R01ZF_REUSED_R01ZF_PERSON003,"[[21.4378056283535, 44.291325065037256]]",22.853519436683754,17,-250,0,False,False,False
R01ZF,R01ZF_SARF000098,98,3267,FIXED_LAG_100MS,R01ZF_SARF000098__FIXED_LAG_100MS__R01ZF_REUSED_R01ZF_PERSON001,R01ZF_REUSED_R01ZF_PERSON001,2,3056,3111,False,R01ZF_REUSED_R01ZF_PERSON001,"[[46.42168968203772, 59.833559435023005]]",13.411869752985282,5,-250,100,False,False,False
R01ZF,R01ZF_SARF000098,98,3267,FIXED_LAG_100MS,R01ZF_SARF000098__FIXED_LAG_100MS__R01ZF_REUSED_R01ZF_PERSON003,R01ZF_REUSED_R01ZF_PERSON003,6,3056,3333,True,R01ZF_REUSED_R01ZF_PERSON003,"[[21.4378056283535, 47.435221008897656]]",25.997415380544155,18,-250,100,False,False,False
R01ZF,R01ZF_SARF000098,98,3267,FULL_CONTEXT_OFFLINE,R01ZF_SARF000098__FULL_CONTEXT_OFFLINE__R01ZF_REUSED_R01ZF_PERSON001,R01ZF_REUSED_R01ZF_PERSON001,2,3056,3111,False,R01ZF_REUSED_R01ZF_PERSON001,"[[46.42168968203772, 59.833559435023005]]",13.411869752985282,5,-250,250,False,False,False
R01ZF,R01ZF_SARF000098,98,3267,FULL_CONTEXT_OFFLINE,R01ZF_SARF000098__FULL_CONTEXT_OFFLINE__R01ZF_REUSED_R01ZF_PERSON003,R01ZF_REUSED_R01ZF_PERSON003,9,3056,3500,True,R01ZF_REUSED_R01ZF_PERSON003,"[[21.4378056283535, 52.207494460563396]]",30.769688832209894,20,-250,250,False,False,False
R01ZF,R01ZF_SARF000099,99,3300,CAUSAL_REPLAY,R01ZF_SARF000099__CAUSAL_REPLAY__R01ZF_REUSED_R01ZF_PERSON001,R01ZF_REUSED_R01ZF_PERSON001,2,3056,3111,False,R01ZF_REUSED_R01ZF_PERSON001,"[[46.42168968203772, 59.833559435023005]]",13.411869752985282,5,-250,0,False,False,False
R01ZF,R01ZF_SARF000099,99,3300,CAUSAL_REPLAY,R01ZF_SARF000099__CAUSAL_REPLAY__R01ZF_REUSED_R01ZF_PERSON003,R01ZF_REUSED_R01ZF_PERSON003,5,3056,3278,False,R01ZF_REUSED_R01ZF_PERSON003,"[[21.4378056283535, 45.850929889756074]]",24.413124261402572,18,-250,0,False,False,False
R01ZF,R01ZF_SARF000099,99,3300,FIXED_LAG_100MS,R01ZF_SARF000099__FIXED_LAG_100MS__R01ZF_REUSED_R01ZF_PERSON001,R01ZF_REUSED_R01ZF_PERSON001,2,3056,3111,False,R01ZF_REUSED_R01ZF_PERSON001,"[[46.42168968203772, 59.833559435023005]]",13.411869752985282,5,-250,100,False,False,False
R01ZF,R01ZF_SARF000099,99,3300,FIXED_LAG_100MS,R01ZF_SARF000099__FIXED_LAG_100MS__R01ZF_REUSED_R01ZF_PERSON003,R01ZF_REUSED_R01ZF_PERSON003,7,3056,3389,True,R01ZF_REUSED_R01ZF_PERSON003,"[[21.4378056283535, 49.05009006181791]]",27.61228443346441,19,-250,100,False,False,False
R01ZF,R01ZF_SARF000099,99,3300,FULL_CONTEXT_OFFLINE,R01ZF_SARF000099__FULL_CONTEXT_OFFLINE__R01ZF_REUSED_R01ZF_PERSON001,R01ZF_REUSED_R01ZF_PERSON001,2,3056,3111,False,R01ZF_REUSED_R01ZF_PERSON001,"[[46.42168968203772, 59.833559435023005]]",13.411869752985282,5,-250,250,False,False,False
R01ZF,R01ZF_SARF000099,99,3300,FULL_CONTEXT_OFFLINE,R01ZF_SARF000099__FULL_CONTEXT_OFFLINE__R01ZF_REUSED_R01ZF_PERSON003,R01ZF_REUSED_R01ZF_PERSON003,9,3056,3500,True,R01ZF_REUSED_R01ZF_PERSON003,"[[21.4378056283535, 52.207494460563396]]",30.769688832209894,20,-250,250,False,False,False
R01ZF,R01ZF_SARF000100,100,3333,CAUSAL_REPLAY,R01ZF_SARF000100__CAUSAL_REPLAY__R01ZF_REUSED_R01ZF_PERSON001,R01ZF_REUSED_R01ZF_PERSON001,1,3111,3111,False,R01ZF_REUSED_R01ZF_PERSON001,"[[47.747874916454506, 59.833559435023005]]",12.085684518568499,5,-250,0,False,False,False
R01ZF,R01ZF_SARF000100,100,3333,CAUSAL_REPLAY,R01ZF_SARF000100__CAUSAL_REPLAY__R01ZF_REUSED_R01ZF_PERSON003,R01ZF_REUSED_R01ZF_PERSON003,5,3111,3333,False,R01ZF_REUSED_R01ZF_PERSON003,"[[22.981180776918137, 47.435221008897656]]",24.45404023197952,20,-250,0,False,False,False
R01ZF,R01ZF_SARF000100,100,3333,FIXED_LAG_100MS,R01ZF_SARF000100__FIXED_LAG_100MS__R01ZF_REUSED_R01ZF_PERSON001,R01ZF_REUSED_R01ZF_PERSON001,1,3111,3111,False,R01ZF_REUSED_R01ZF_PERSON001,"[[47.747874916454506, 59.833559435023005]]",12.085684518568499,5,-250,100,False,False,False
R01ZF,R01ZF_SARF000100,100,3333,FIXED_LAG_100MS,R01ZF_SARF000100__FIXED_LAG_100MS__R01ZF_REUSED_R01ZF_PERSON003,R01ZF_REUSED_R01ZF_PERSON003,6,3111,3389,True,R01ZF_REUSED_R01ZF_PERSON003,"[[22.981180776918137, 49.05009006181791]]",26.068909284899775,20,-250,100,False,False,False
R01ZF,R01ZF_SARF000100,100,3333,FULL_CONTEXT_OFFLINE,R01ZF_SARF000100__FULL_CONTEXT_OFFLINE__R01ZF_REUSED_R01ZF_PERSON001,R01ZF_REUSED_R01ZF_PERSON001,1,3111,3111,False,R01ZF_REUSED_R01ZF_PERSON001,"[[47.747874916454506, 59.833559435023005]]",12.085684518568499,5,-250,250,False,False,False
R01ZF,R01ZF_SARF000100,100,3333,FULL_CONTEXT_OFFLINE,R01ZF_SARF000100__FULL_CONTEXT_OFFLINE__R01ZF_REUSED_R01ZF_PERSON003,R01ZF_REUSED_R01ZF_PERSON003,9,3111,3556,True,R01ZF_REUSED_R01ZF_PERSON003,"[[22.981180776918137, 53.66375797789573]]",30.68257720097759,23,-250,250,False,False,False
R01ZF,R01ZF_SARF000101,101,3367,CAUSAL_REPLAY,R01ZF_SARF000101__CAUSAL_REPLAY__R01ZF_REUSED_R01ZF_PERSON003,R01ZF_REUSED_R01ZF_PERSON003,4,3167,3333,False,R01ZF_REUSED_R01ZF_PERSON003,"[[24.5303238729646, 47.435221008897656]]",22.904897135933055,16,-250,0,False,False,False
R01ZF,R01ZF_SARF000101,101,3367,FIXED_LAG_100MS,R01ZF_SARF000101__FIXED_LAG_100MS__R01ZF_REUSED_R01ZF_PERSON003,R01ZF_REUSED_R01ZF_PERSON003,6,3167,3444,True,R01ZF_REUSED_R01ZF_PERSON003,"[[24.5303238729646, 50.57998930599048]]",26.04966543302588,17,-250,100,False,False,False
R01ZF,R01ZF_SARF000101,101,3367,FULL_CONTEXT_OFFLINE,R01ZF_SARF000101__FULL_CONTEXT_OFFLINE__R01ZF_REUSED_R01ZF_PERSON003,R01ZF_REUSED_R01ZF_PERSON003,9,3167,3611,True,R01ZF_REUSED_R01ZF_PERSON003,"[[24.5303238729646, 55.362776567121145]]",30.832452694156544,19,-250,250,False,False,False
R01ZF,R01ZF_SARF000102,102,3400,CAUSAL_REPLAY,R01ZF_SARF000102__CAUSAL_REPLAY__R01ZF_REUSED_R01ZF_PERSON003,R01ZF_REUSED_R01ZF_PERSON003,5,3167,3389,False,R01ZF_REUSED_R01ZF_PERSON003,"[[24.5303238729646, 49.05009006181791]]",24.51976618885331,18,-250,0,False,False,False
R01ZF,R01ZF_SARF000102,102,3400,FIXED_LAG_100MS,R01ZF_SARF000102__FIXED_LAG_100MS__R01ZF_REUSED_R01ZF_PERSON003,R01ZF_REUSED_R01ZF_PERSON003,7,3167,3500,True,R01ZF_REUSED_R01ZF_PERSON003,"[[24.5303238729646, 52.207494460563396]]",27.677170587598795,19,-250,100,False,False,False
R01ZF,R01ZF_SARF000102,102,3400,FULL_CONTEXT_OFFLINE,R01ZF_SARF000102__FULL_CONTEXT_OFFLINE__R01ZF_REUSED_R01ZF_PERSON003,R01ZF_REUSED_R01ZF_PERSON003,9,3167,3611,True,R01ZF_REUSED_R01ZF_PERSON003,"[[24.5303238729646, 55.362776567121145]]",30.832452694156544,20,-250,250,False,False,False
R01ZF,R01ZF_SARF000103,103,3433,CAUSAL_REPLAY,R01ZF_SARF000103__CAUSAL_REPLAY__R01ZF_REUSED_R01ZF_PERSON003,R01ZF_REUSED_R01ZF_PERSON003,4,3222,3389,False,R01ZF_REUSED_R01ZF_PERSON003,"[[25.998683153753547, 49.05009006181791]]",23.051406908064365,14,-250,0,False,False,False
R01ZF,R01ZF_SARF000103,103,3433,FIXED_LAG_100MS,R01ZF_SARF000103__FIXED_LAG_100MS__R01ZF_REUSED_R01ZF_PERSON003,R01ZF_REUSED_R01ZF_PERSON003,6,3222,3500,True,R01ZF_REUSED_R01ZF_PERSON003,"[[25.998683153753547, 52.207494460563396]]",26.20881130680985,15,-250,100,False,False,False
R01ZF,R01ZF_SARF000103,103,3433,FULL_CONTEXT_OFFLINE,R01ZF_SARF000103__FULL_CONTEXT_OFFLINE__R01ZF_REUSED_R01ZF_PERSON003,R01ZF_REUSED_R01ZF_PERSON003,9,3222,3667,True,R01ZF_REUSED_R01ZF_PERSON003,"[[25.998683153753547, 56.80512149334713]]",30.806438339593583,17,-250,250,False,False,False
R01ZF,R01ZF_SARF000104,104,3467,CAUSAL_REPLAY,R01ZF_SARF000104__CAUSAL_REPLAY__R01ZF_REUSED_R01ZF_PERSON003,R01ZF_REUSED_R01ZF_PERSON003,5,3222,3444,False,R01ZF_REUSED_R01ZF_PERSON003,"[[25.998683153753547, 50.57998930599048]]",24.581306152236934,15,-250,0,False,False,False
R01ZF,R01ZF_SARF000104,104,3467,FIXED_LAG_100MS,R01ZF_SARF000104__FIXED_LAG_100MS__R01ZF_REUSED_R01ZF_PERSON003,R01ZF_REUSED_R01ZF_PERSON003,7,3222,3556,True,R01ZF_REUSED_R01ZF_PERSON003,"[[25.998683153753547, 53.66375797789573]]",27.66507482414218,17,-250,100,False,False,False
R01ZF,R01ZF_SARF000104,104,3467,FULL_CONTEXT_OFFLINE,R01ZF_SARF000104__FULL_CONTEXT_OFFLINE__R01ZF_REUSED_R01ZF_PERSON003,R01ZF_REUSED_R01ZF_PERSON003,9,3222,3667,True,R01ZF_REUSED_R01ZF_PERSON003,"[[25.998683153753547, 56.80512149334713]]",30.806438339593583,17,-250,250,False,False,False
R01ZF,R01ZF_SARF000105,105,3500,CAUSAL_REPLAY,R01ZF_SARF000105__CAUSAL_REPLAY__R01ZF_REUSED_R01ZF_PERSON003,R01ZF_REUSED_R01ZF_PERSON003,5,3278,3500,False,R01ZF_REUSED_R01ZF_PERSON003,"[[27.474229583548208, 52.207494460563396]]",24.733264877015188,15,-250,0,False,False,False
R01ZF,R01ZF_SARF000105,105,3500,FIXED_LAG_100MS,R01ZF_SARF000105__FIXED_LAG_100MS__R01ZF_REUSED_R01ZF_PERSON003,R01ZF_REUSED_R01ZF_PERSON003,6,3278,3556,True,R01ZF_REUSED_R01ZF_PERSON003,"[[27.474229583548208, 53.66375797789573]]",26.18952839434752,15,-250,100,False,False,False
R01ZF,R01ZF_SARF000105,105,3500,FULL_CONTEXT_OFFLINE,R01ZF_SARF000105__FULL_CONTEXT_OFFLINE__R01ZF_REUSED_R01ZF_PERSON003,R01ZF_REUSED_R01ZF_PERSON003,9,3278,3722,True,R01ZF_REUSED_R01ZF_PERSON003,"[[27.474229583548208, 58.34203211386145]]",30.86780253031324,17,-250,250,False,False,False
R01ZF,R01ZF_SARF000106,106,3533,CAUSAL_REPLAY,R01ZF_SARF000106__CAUSAL_REPLAY__R01ZF_REUSED_R01ZF_PERSON003,R01ZF_REUSED_R01ZF_PERSON003,4,3333,3500,False,R01ZF_REUSED_R01ZF_PERSON003,"[[28.92521992090022, 52.207494460563396]]",23.282274539663177,14,-250,0,False,False,False
R01ZF,R01ZF_SARF000106,106,3533,FIXED_LAG_100MS,R01ZF_SARF000106__FIXED_LAG_100MS__R01ZF_REUSED_R01ZF_PERSON003,R01ZF_REUSED_R01ZF_PERSON003,6,3333,3611,True,R01ZF_REUSED_R01ZF_PERSON003,"[[28.92521992090022, 55.362776567121145]]",26.437556646220926,17,-250,100,False,False,False
R01ZF,R01ZF_SARF000106,106,3533,FULL_CONTEXT_OFFLINE,R01ZF_SARF000106__FULL_CONTEXT_OFFLINE__R01ZF_REUSED_R01ZF_PERSON003,R01ZF_REUSED_R01ZF_PERSON003,9,3333,3778,True,R01ZF_REUSED_R01ZF_PERSON003,"[[28.92521992090022, 59.833559435023005]]",30.908339514122787,17,-250,250,False,False,False
R01ZF,R01ZF_SARF000107,107,3567,CAUSAL_REPLAY,R01ZF_SARF000107__CAUSAL_REPLAY__R01ZF_REUSED_R01ZF_PERSON003,R01ZF_REUSED_R01ZF_PERSON003,5,3333,3556,False,R01ZF_REUSED_R01ZF_PERSON003,"[[28.92521992090022, 53.66375797789573]]",24.73853805699551,15,-250,0,False,False,False
R01ZF,R01ZF_SARF000107,107,3567,FIXED_LAG_100MS,R01ZF_SARF000107__FIXED_LAG_100MS__R01ZF_REUSED_R01ZF_PERSON003,R01ZF_REUSED_R01ZF_PERSON003,7,3333,3667,True,R01ZF_REUSED_R01ZF_PERSON003,"[[28.92521992090022, 56.80512149334713]]",27.87990157244691,17,-250,100,False,False,False
R01ZF,R01ZF_SARF000107,107,3567,FULL_CONTEXT_OFFLINE,R01ZF_SARF000107__FULL_CONTEXT_OFFLINE__R01ZF_REUSED_R01ZF_PERSON003,R01ZF_REUSED_R01ZF_PERSON003,9,3333,3778,True,R01ZF_REUSED_R01ZF_PERSON003,"[[28.92521992090022, 59.833559435023005]]",30.908339514122787,17,-250,250,False,False,False
R01ZF,R01ZF_SARF000108,108,3600,CAUSAL_REPLAY,R01ZF_SARF000108__CAUSAL_REPLAY__R01ZF_REUSED_R01ZF_PERSON003,R01ZF_REUSED_R01ZF_PERSON003,4,3389,3556,False,R01ZF_REUSED_R01ZF_PERSON003,"[[30.417406163075654, 53.66375797789573]]",23.246351814820073,14,-250,0,False,False,False
R01ZF,R01ZF_SARF000108,108,3600,FIXED_LAG_100MS,R01ZF_SARF000108__FIXED_LAG_100MS__R01ZF_REUSED_R01ZF_PERSON003,R01ZF_REUSED_R01ZF_PERSON003,6,3389,3667,True,R01ZF_REUSED_R01ZF_PERSON003,"[[30.417406163075654, 56.80512149334713]]",26.387715330271476,16,-250,100,False,False,False
R01ZF,R01ZF_SARF000108,108,3600,FULL_CONTEXT_OFFLINE,R01ZF_SARF000108__FULL_CONTEXT_OFFLINE__R01ZF_REUSED_R01ZF_PERSON003,R01ZF_REUSED_R01ZF_PERSON003,9,3389,3833,True,R01ZF_REUSED_R01ZF_PERSON003,"[[30.417406163075654, 59.833559435023005]]",29.41615327194735,16,-250,250,False,False,False
R01ZF,R01ZF_SARF000109,109,3633,CAUSAL_REPLAY,R01ZF_SARF000109__CAUSAL_REPLAY__R01ZF_REUSED_R01ZF_PERSON003,R01ZF_REUSED_R01ZF_PERSON003,5,3389,3611,False,R01ZF_REUSED_R01ZF_PERSON003,"[[30.417406163075654, 55.362776567121145]]",24.94537040404549,15,-250,0,False,False,False
R01ZF,R01ZF_SARF000109,109,3633,FIXED_LAG_100MS,R01ZF_SARF000109__FIXED_LAG_100MS__R01ZF_REUSED_R01ZF_PERSON003,R01ZF_REUSED_R01ZF_PERSON003,7,3389,3722,True,R01ZF_REUSED_R01ZF_PERSON003,"[[30.417406163075654, 58.34203211386145]]",27.924625950785796,16,-250,100,False,False,False
R01ZF,R01ZF_SARF000109,109,3633,FULL_CONTEXT_OFFLINE,R01ZF_SARF000109__FULL_CONTEXT_OFFLINE__R01ZF_REUSED_R01ZF_PERSON003,R01ZF_REUSED_R01ZF_PERSON003,9,3389,3833,True,R01ZF_REUSED_R01ZF_PERSON003,"[[30.417406163075654, 59.833559435023005]]",29.41615327194735,16,-250,250,False,False,False
R01ZF,R01ZF_SARF000110,110,3667,CAUSAL_REPLAY,R01ZF_SARF000110__CAUSAL_REPLAY__R01ZF_REUSED_R01ZF_PERSON003,R01ZF_REUSED_R01ZF_PERSON003,5,3444,3667,False,R01ZF_REUSED_R01ZF_PERSON003,"[[31.87346786734372, 56.80512149334713]]",24.93165362600341,14,-250,0,False,False,False
R01ZF,R01ZF_SARF000110,110,3667,FIXED_LAG_100MS,R01ZF_SARF000110__FIXED_LAG_100MS__R01ZF_REUSED_R01ZF_PERSON003,R01ZF_REUSED_R01ZF_PERSON003,6,3444,3722,True,R01ZF_REUSED_R01ZF_PERSON003,"[[31.87346786734372, 58.34203211386145]]",26.46856424651773,14,-250,100,False,False,False
R01ZF,R01ZF_SARF000110,110,3667,FULL_CONTEXT_OFFLINE,R01ZF_SARF000110__FULL_CONTEXT_OFFLINE__R01ZF_REUSED_R01ZF_PERSON003,R01ZF_REUSED_R01ZF_PERSON003,9,3444,3889,True,R01ZF_REUSED_R01ZF_PERSON003,"[[31.87346786734372, 59.833559435023005]]",27.960091567679285,14,-250,250,False,False,False
R01ZF,R01ZF_SARF000111,111,3700,CAUSAL_REPLAY,R01ZF_SARF000111__CAUSAL_REPLAY__R01ZF_REUSED_R01ZF_PERSON003,R01ZF_REUSED_R01ZF_PERSON003,4,3500,3667,False,R01ZF_REUSED_R01ZF_PERSON003,"[[33.369924734292255, 56.80512149334713]]",23.435196759054875,16,-250,0,False,False,False
R01ZF,R01ZF_SARF000111,111,3700,FIXED_LAG_100MS,R01ZF_SARF000111__FIXED_LAG_100MS__R01ZF_REUSED_R01ZF_PERSON003,R01ZF_REUSED_R01ZF_PERSON003,6,3500,3778,True,R01ZF_REUSED_R01ZF_PERSON003,"[[33.369924734292255, 59.833559435023005]]",26.46363470073075,16,-250,100,False,False,False
R01ZF,R01ZF_SARF000111,111,3700,FULL_CONTEXT_OFFLINE,R01ZF_SARF000111__FULL_CONTEXT_OFFLINE__R01ZF_REUSED_R01ZF_PERSON003,R01ZF_REUSED_R01ZF_PERSON003,9,3500,3944,True,R01ZF_REUSED_R01ZF_PERSON003,"[[33.369924734292255, 59.833559435023005]]",26.46363470073075,16,-250,250,False,False,False
R01ZF,R01ZF_SARF000112,112,3733,CAUSAL_REPLAY,R01ZF_SARF000112__CAUSAL_REPLAY__R01ZF_REUSED_R01ZF_PERSON003,R01ZF_REUSED_R01ZF_PERSON003,5,3500,3722,False,R01ZF_REUSED_R01ZF_PERSON003,"[[33.369924734292255, 58.34203211386145]]",24.972107379569195,14,-250,0,False,False,False
R01ZF,R01ZF_SARF000112,112,3733,FIXED_LAG_100MS,R01ZF_SARF000112__FIXED_LAG_100MS__R01ZF_REUSED_R01ZF_PERSON003,R01ZF_REUSED_R01ZF_PERSON003,7,3500,3833,True,R01ZF_REUSED_R01ZF_PERSON003,"[[33.369924734292255, 59.833559435023005]]",26.46363470073075,14,-250,100,False,False,False
R01ZF,R01ZF_SARF000112,112,3733,FULL_CONTEXT_OFFLINE,R01ZF_SARF000112__FULL_CONTEXT_OFFLINE__R01ZF_REUSED_R01ZF_PERSON003,R01ZF_REUSED_R01ZF_PERSON003,9,3500,3944,True,R01ZF_REUSED_R01ZF_PERSON003,"[[33.369924734292255, 59.833559435023005]]",26.46363470073075,14,-250,250,False,False,False
R01ZF,R01ZF_SARF000113,113,3767,CAUSAL_REPLAY,R01ZF_SARF000113__CAUSAL_REPLAY__R01ZF_REUSED_R01ZF_PERSON003,R01ZF_REUSED_R01ZF_PERSON003,4,3556,3722,False,R01ZF_REUSED_R01ZF_PERSON003,"[[34.8294693413866, 58.34203211386145]]",23.51256277247485,15,-250,0,False,False,False
R01ZF,R01ZF_SARF000113,113,3767,FIXED_LAG_100MS,R01ZF_SARF000113__FIXED_LAG_100MS__R01ZF_REUSED_R01ZF_PERSON003,R01ZF_REUSED_R01ZF_PERSON003,6,3556,3833,True,R01ZF_REUSED_R01ZF_PERSON003,"[[34.8294693413866, 59.833559435023005]]",25.004090093636407,15,-250,100,False,False,False
R01ZF,R01ZF_SARF000113,113,3767,FULL_CONTEXT_OFFLINE,R01ZF_SARF000113__FULL_CONTEXT_OFFLINE__R01ZF_REUSED_R01ZF_PERSON003,R01ZF_REUSED_R01ZF_PERSON003,9,3556,4000,True,R01ZF_REUSED_R01ZF_PERSON003,"[[34.8294693413866, 59.833559435023005]]",25.004090093636407,15,-250,250,False,False,False
R01ZF,R01ZF_SARF000114,114,3800,CAUSAL_REPLAY,R01ZF_SARF000114__CAUSAL_REPLAY__R01ZF_REUSED_R01ZF_PERSON003,R01ZF_REUSED_R01ZF_PERSON003,5,3556,3778,False,R01ZF_REUSED_R01ZF_PERSON003,"[[34.8294693413866, 59.833559435023005]]",25.004090093636407,14,-250,0,False,False,False
R01ZF,R01ZF_SARF000114,114,3800,FIXED_LAG_100MS,R01ZF_SARF000114__FIXED_LAG_100MS__R01ZF_REUSED_R01ZF_PERSON003,R01ZF_REUSED_R01ZF_PERSON003,7,3556,3889,True,R01ZF_REUSED_R01ZF_PERSON003,"[[34.8294693413866, 59.833559435023005]]",25.004090093636407,14,-250,100,False,False,False
R01ZF,R01ZF_SARF000114,114,3800,FULL_CONTEXT_OFFLINE,R01ZF_SARF000114__FULL_CONTEXT_OFFLINE__R01ZF_REUSED_R01ZF_PERSON003,R01ZF_REUSED_R01ZF_PERSON003,9,3556,4000,True,R01ZF_REUSED_R01ZF_PERSON003,"[[34.8294693413866, 59.833559435023005]]",25.004090093636407,14,-250,250,False,False,False
R01ZF,R01ZF_SARF000115,115,3833,CAUSAL_REPLAY,R01ZF_SARF000115__CAUSAL_REPLAY__R01ZF_REUSED_R01ZF_PERSON003,R01ZF_REUSED_R01ZF_PERSON003,5,3611,3833,False,R01ZF_REUSED_R01ZF_PERSON003,"[[36.270707550825534, 59.833559435023005]]",23.56285188419747,14,-250,0,False,False,False
R01ZF,R01ZF_SARF000115,115,3833,FIXED_LAG_100MS,R01ZF_SARF000115__FIXED_LAG_100MS__R01ZF_REUSED_R01ZF_PERSON003,R01ZF_REUSED_R01ZF_PERSON003,6,3611,3889,True,R01ZF_REUSED_R01ZF_PERSON003,"[[36.270707550825534, 59.833559435023005]]",23.56285188419747,14,-250,100,False,False,False
R01ZF,R01ZF_SARF000115,115,3833,FULL_CONTEXT_OFFLINE,R01ZF_SARF000115__FULL_CONTEXT_OFFLINE__R01ZF_REUSED_R01ZF_PERSON003,R01ZF_REUSED_R01ZF_PERSON003,9,3611,4056,True,R01ZF_REUSED_R01ZF_PERSON003,"[[36.270707550825534, 59.833559435023005]]",23.56285188419747,14,-250,250,False,False,False
R01ZF,R01ZF_SARF000116,116,3867,CAUSAL_REPLAY,R01ZF_SARF000116__CAUSAL_REPLAY__R01ZF_REUSED_R01ZF_PERSON003,R01ZF_REUSED_R01ZF_PERSON003,4,3667,3833,False,R01ZF_REUSED_R01ZF_PERSON003,"[[37.77741131319135, 59.833559435023005]]",22.056148121831654,16,-250,0,False,False,False
R01ZF,R01ZF_SARF000116,116,3867,FIXED_LAG_100MS,R01ZF_SARF000116__FIXED_LAG_100MS__R01ZF_REUSED_R01ZF_PERSON003,R01ZF_REUSED_R01ZF_PERSON003,6,3667,3944,True,R01ZF_REUSED_R01ZF_PERSON003,"[[37.77741131319135, 59.833559435023005]]",22.056148121831654,16,-250,100,False,False,False
R01ZF,R01ZF_SARF000116,116,3867,FULL_CONTEXT_OFFLINE,R01ZF_SARF000116__FULL_CONTEXT_OFFLINE__R01ZF_REUSED_R01ZF_PERSON003,R01ZF_REUSED_R01ZF_PERSON003,8,3667,4056,True,R01ZF_REUSED_R01ZF_PERSON003,"[[37.77741131319135, 59.833559435023005]]",22.056148121831654,16,-250,250,False,False,False
R01ZF,R01ZF_SARF000116,116,3867,FULL_CONTEXT_OFFLINE,R01ZF_SARF000116__FULL_CONTEXT_OFFLINE__R01ZF_REUSED_R01ZF_PERSON100001,R01ZF_REUSED_R01ZF_PERSON100001,1,4111,4111,True,R01ZF_REUSED_R01ZF_PERSON100001,"[[49.21282290550397, 59.833559435023005]]",10.620736529519036,7,-250,250,False,False,False
R01ZF,R01ZF_SARF000116,116,3867,FULL_CONTEXT_OFFLINE,R01ZF_SARF000116__FULL_CONTEXT_OFFLINE__R01ZF_REUSED_R01ZF_PERSON100002,R01ZF_REUSED_R01ZF_PERSON100002,1,4111,4111,True,R01ZF_REUSED_R01ZF_PERSON100002,"[[49.05283071888252, 59.833559435023005]]",10.780728716140487,7,-250,250,False,False,False
R01ZF,R01ZF_SARF000117,117,3900,CAUSAL_REPLAY,R01ZF_SARF000117__CAUSAL_REPLAY__R01ZF_REUSED_R01ZF_PERSON003,R01ZF_REUSED_R01ZF_PERSON003,5,3667,3889,False,R01ZF_REUSED_R01ZF_PERSON003,"[[37.77741131319135, 59.833559435023005]]",22.056148121831654,15,-250,0,False,False,False
R01ZF,R01ZF_SARF000117,117,3900,FIXED_LAG_100MS,R01ZF_SARF000117__FIXED_LAG_100MS__R01ZF_REUSED_R01ZF_PERSON003,R01ZF_REUSED_R01ZF_PERSON003,7,3667,4000,True,R01ZF_REUSED_R01ZF_PERSON003,"[[37.77741131319135, 59.833559435023005]]",22.056148121831654,15,-250,100,False,False,False
R01ZF,R01ZF_SARF000117,117,3900,FULL_CONTEXT_OFFLINE,R01ZF_SARF000117__FULL_CONTEXT_OFFLINE__R01ZF_REUSED_R01ZF_PERSON003,R01ZF_REUSED_R01ZF_PERSON003,8,3667,4056,True,R01ZF_REUSED_R01ZF_PERSON003,"[[37.77741131319135, 59.833559435023005]]",22.056148121831654,15,-250,250,False,False,False
R01ZF,R01ZF_SARF000117,117,3900,FULL_CONTEXT_OFFLINE,R01ZF_SARF000117__FULL_CONTEXT_OFFLINE__R01ZF_REUSED_R01ZF_PERSON100001,R01ZF_REUSED_R01ZF_PERSON100001,1,4111,4111,True,R01ZF_REUSED_R01ZF_PERSON100001,"[[49.21282290550397, 59.833559435023005]]",10.620736529519036,7,-250,250,False,False,False
R01ZF,R01ZF_SARF000117,117,3900,FULL_CONTEXT_OFFLINE,R01ZF_SARF000117__FULL_CONTEXT_OFFLINE__R01ZF_REUSED_R01ZF_PERSON100002,R01ZF_REUSED_R01ZF_PERSON100002,1,4111,4111,True,R01ZF_REUSED_R01ZF_PERSON100002,"[[49.05283071888252, 59.833559435023005]]",10.780728716140487,7,-250,250,False,False,False
R01ZF,R01ZF_SARF000118,118,3933,CAUSAL_REPLAY,R01ZF_SARF000118__CAUSAL_REPLAY__R01ZF_REUSED_R01ZF_PERSON003,R01ZF_REUSED_R01ZF_PERSON003,4,3722,3889,False,R01ZF_REUSED_R01ZF_PERSON003,"[[39.18723829621297, 59.833559435023005]]",20.646321138810038,13,-250,0,False,False,False
R01ZF,R01ZF_SARF000118,118,3933,FIXED_LAG_100MS,R01ZF_SARF000118__FIXED_LAG_100MS__R01ZF_REUSED_R01ZF_PERSON003,R01ZF_REUSED_R01ZF_PERSON003,6,3722,4000,True,R01ZF_REUSED_R01ZF_PERSON003,"[[39.18723829621297, 59.833559435023005]]",20.646321138810038,13,-250,100,False,False,False
R01ZF,R01ZF_SARF000118,118,3933,FULL_CONTEXT_OFFLINE,R01ZF_SARF000118__FULL_CONTEXT_OFFLINE__R01ZF_REUSED_R01ZF_PERSON003,R01ZF_REUSED_R01ZF_PERSON003,7,3722,4056,True,R01ZF_REUSED_R01ZF_PERSON003,"[[39.18723829621297, 59.833559435023005]]",20.646321138810038,13,-250,250,False,False,False
R01ZF,R01ZF_SARF000118,118,3933,FULL_CONTEXT_OFFLINE,R01ZF_SARF000118__FULL_CONTEXT_OFFLINE__R01ZF_REUSED_R01ZF_PERSON100001,R01ZF_REUSED_R01ZF_PERSON100001,1,4111,4111,True,R01ZF_REUSED_R01ZF_PERSON100001,"[[49.21282290550397, 59.833559435023005]]",10.620736529519036,7,-250,250,False,False,False
R01ZF,R01ZF_SARF000118,118,3933,FULL_CONTEXT_OFFLINE,R01ZF_SARF000118__FULL_CONTEXT_OFFLINE__R01ZF_REUSED_R01ZF_PERSON100002,R01ZF_REUSED_R01ZF_PERSON100002,1,4111,4111,True,R01ZF_REUSED_R01ZF_PERSON100002,"[[49.05283071888252, 59.833559435023005]]",10.780728716140487,7,-250,250,False,False,False
R01ZF,R01ZF_SARF000119,119,3967,CAUSAL_REPLAY,R01ZF_SARF000119__CAUSAL_REPLAY__R01ZF_REUSED_R01ZF_PERSON003,R01ZF_REUSED_R01ZF_PERSON003,5,3722,3944,False,R01ZF_REUSED_R01ZF_PERSON003,"[[39.18723829621297, 59.833559435023005]]",20.646321138810038,10,-250,0,False,False,False
R01ZF,R01ZF_SARF000119,119,3967,FIXED_LAG_100MS,R01ZF_SARF000119__FIXED_LAG_100MS__R01ZF_REUSED_R01ZF_PERSON003,R01ZF_REUSED_R01ZF_PERSON003,7,3722,4056,True,R01ZF_REUSED_R01ZF_PERSON003,"[[39.18723829621297, 59.833559435023005]]",20.646321138810038,10,-250,100,False,False,False
R01ZF,R01ZF_SARF000119,119,3967,FULL_CONTEXT_OFFLINE,R01ZF_SARF000119__FULL_CONTEXT_OFFLINE__R01ZF_REUSED_R01ZF_PERSON003,R01ZF_REUSED_R01ZF_PERSON003,7,3722,4056,True,R01ZF_REUSED_R01ZF_PERSON003,"[[39.18723829621297, 59.833559435023005]]",20.646321138810038,10,-250,250,False,False,False
R01ZF,R01ZF_SARF000119,119,3967,FULL_CONTEXT_OFFLINE,R01ZF_SARF000119__FULL_CONTEXT_OFFLINE__R01ZF_REUSED_R01ZF_PERSON100001,R01ZF_REUSED_R01ZF_PERSON100001,1,4111,4111,True,R01ZF_REUSED_R01ZF_PERSON100001,"[[49.21282290550397, 59.833559435023005]]",10.620736529519036,6,-250,250,False,False,False
R01ZF,R01ZF_SARF000119,119,3967,FULL_CONTEXT_OFFLINE,R01ZF_SARF000119__FULL_CONTEXT_OFFLINE__R01ZF_REUSED_R01ZF_PERSON100002,R01ZF_REUSED_R01ZF_PERSON100002,1,4111,4111,True,R01ZF_REUSED_R01ZF_PERSON100002,"[[49.05283071888252, 59.833559435023005]]",10.780728716140487,6,-250,250,False,False,False
R01ZF,R01ZF_SARF000120,120,4000,CAUSAL_REPLAY,R01ZF_SARF000120__CAUSAL_REPLAY__R01ZF_REUSED_R01ZF_PERSON003,R01ZF_REUSED_R01ZF_PERSON003,5,3778,4000,False,R01ZF_REUSED_R01ZF_PERSON003,"[[40.65548039522325, 59.833559435023005]]",19.178079039799755,10,-250,0,False,False,False
R01ZF,R01ZF_SARF000120,120,4000,FIXED_LAG_100MS,R01ZF_SARF000120__FIXED_LAG_100MS__R01ZF_REUSED_R01ZF_PERSON003,R01ZF_REUSED_R01ZF_PERSON003,6,3778,4056,True,R01ZF_REUSED_R01ZF_PERSON003,"[[40.65548039522325, 59.833559435023005]]",19.178079039799755,10,-250,100,False,False,False
R01ZF,R01ZF_SARF000120,120,4000,FULL_CONTEXT_OFFLINE,R01ZF_SARF000120__FULL_CONTEXT_OFFLINE__R01ZF_REUSED_R01ZF_PERSON003,R01ZF_REUSED_R01ZF_PERSON003,6,3778,4056,True,R01ZF_REUSED_R01ZF_PERSON003,"[[40.65548039522325, 59.833559435023005]]",19.178079039799755,10,-250,250,False,False,False
R01ZF,R01ZF_SARF000120,120,4000,FULL_CONTEXT_OFFLINE,R01ZF_SARF000120__FULL_CONTEXT_OFFLINE__R01ZF_REUSED_R01ZF_PERSON100001,R01ZF_REUSED_R01ZF_PERSON100001,1,4111,4111,True,R01ZF_REUSED_R01ZF_PERSON100001,"[[49.21282290550397, 59.833559435023005]]",10.620736529519036,5,-250,250,False,False,False
R01ZF,R01ZF_SARF000120,120,4000,FULL_CONTEXT_OFFLINE,R01ZF_SARF000120__FULL_CONTEXT_OFFLINE__R01ZF_REUSED_R01ZF_PERSON100002,R01ZF_REUSED_R01ZF_PERSON100002,1,4111,4111,True,R01ZF_REUSED_R01ZF_PERSON100002,"[[49.05283071888252, 59.833559435023005]]",10.780728716140487,5,-250,250,False,False,False
R01ZF,R01ZF_SARF000121,121,4033,CAUSAL_REPLAY,R01ZF_SARF000121__CAUSAL_REPLAY__R01ZF_REUSED_R01ZF_PERSON003,R01ZF_REUSED_R01ZF_PERSON003,4,3833,4000,False,R01ZF_REUSED_R01ZF_PERSON003,"[[42.04435137040183, 59.833559435023005]]",17.789208064621178,7,-250,0,False,False,False
R01ZF,R01ZF_SARF000121,121,4033,FIXED_LAG_100MS,R01ZF_SARF000121__FIXED_LAG_100MS__R01ZF_REUSED_R01ZF_PERSON003,R01ZF_REUSED_R01ZF_PERSON003,5,3833,4056,True,R01ZF_REUSED_R01ZF_PERSON003,"[[42.04435137040183, 59.833559435023005]]",17.789208064621178,7,-250,100,False,False,False
R01ZF,R01ZF_SARF000121,121,4033,FIXED_LAG_100MS,R01ZF_SARF000121__FIXED_LAG_100MS__R01ZF_REUSED_R01ZF_PERSON100001,R01ZF_REUSED_R01ZF_PERSON100001,1,4111,4111,True,R01ZF_REUSED_R01ZF_PERSON100001,"[[49.21282290550397, 59.833559435023005]]",10.620736529519036,5,-250,100,False,False,False
R01ZF,R01ZF_SARF000121,121,4033,FIXED_LAG_100MS,R01ZF_SARF000121__FIXED_LAG_100MS__R01ZF_REUSED_R01ZF_PERSON100002,R01ZF_REUSED_R01ZF_PERSON100002,1,4111,4111,True,R01ZF_REUSED_R01ZF_PERSON100002,"[[49.05283071888252, 59.833559435023005]]",10.780728716140487,5,-250,100,False,False,False
R01ZF,R01ZF_SARF000121,121,4033,FULL_CONTEXT_OFFLINE,R01ZF_SARF000121__FULL_CONTEXT_OFFLINE__R01ZF_REUSED_R01ZF_PERSON003,R01ZF_REUSED_R01ZF_PERSON003,5,3833,4056,True,R01ZF_REUSED_R01ZF_PERSON003,"[[42.04435137040183, 59.833559435023005]]",17.789208064621178,7,-250,250,False,False,False
R01ZF,R01ZF_SARF000121,121,4033,FULL_CONTEXT_OFFLINE,R01ZF_SARF000121__FULL_CONTEXT_OFFLINE__R01ZF_REUSED_R01ZF_PERSON100001,R01ZF_REUSED_R01ZF_PERSON100001,1,4111,4111,True,R01ZF_REUSED_R01ZF_PERSON100001,"[[49.21282290550397, 59.833559435023005]]",10.620736529519036,5,-250,250,False,False,False
R01ZF,R01ZF_SARF000121,121,4033,FULL_CONTEXT_OFFLINE,R01ZF_SARF000121__FULL_CONTEXT_OFFLINE__R01ZF_REUSED_R01ZF_PERSON100002,R01ZF_REUSED_R01ZF_PERSON100002,1,4111,4111,True,R01ZF_REUSED_R01ZF_PERSON100002,"[[49.05283071888252, 59.833559435023005]]",10.780728716140487,5,-250,250,False,False,False
R01ZF,R01ZF_SARF000122,122,4067,CAUSAL_REPLAY,R01ZF_SARF000122__CAUSAL_REPLAY__R01ZF_REUSED_R01ZF_PERSON003,R01ZF_REUSED_R01ZF_PERSON003,5,3833,4056,False,R01ZF_REUSED_R01ZF_PERSON003,"[[42.04435137040183, 59.833559435023005]]",17.789208064621178,8,-250,0,False,False,False
R01ZF,R01ZF_SARF000122,122,4067,FIXED_LAG_100MS,R01ZF_SARF000122__FIXED_LAG_100MS__R01ZF_REUSED_R01ZF_PERSON003,R01ZF_REUSED_R01ZF_PERSON003,5,3833,4056,False,R01ZF_REUSED_R01ZF_PERSON003,"[[42.04435137040183, 59.833559435023005]]",17.789208064621178,8,-250,100,False,False,False
R01ZF,R01ZF_SARF000122,122,4067,FIXED_LAG_100MS,R01ZF_SARF000122__FIXED_LAG_100MS__R01ZF_REUSED_R01ZF_PERSON100001,R01ZF_REUSED_R01ZF_PERSON100001,1,4111,4111,True,R01ZF_REUSED_R01ZF_PERSON100001,"[[49.21282290550397, 59.833559435023005]]",10.620736529519036,6,-250,100,False,False,False
R01ZF,R01ZF_SARF000122,122,4067,FIXED_LAG_100MS,R01ZF_SARF000122__FIXED_LAG_100MS__R01ZF_REUSED_R01ZF_PERSON100002,R01ZF_REUSED_R01ZF_PERSON100002,1,4111,4111,True,R01ZF_REUSED_R01ZF_PERSON100002,"[[49.05283071888252, 59.833559435023005]]",10.780728716140487,6,-250,100,False,False,False
R01ZF,R01ZF_SARF000122,122,4067,FULL_CONTEXT_OFFLINE,R01ZF_SARF000122__FULL_CONTEXT_OFFLINE__R01ZF_REUSED_R01ZF_PERSON003,R01ZF_REUSED_R01ZF_PERSON003,5,3833,4056,False,R01ZF_REUSED_R01ZF_PERSON003,"[[42.04435137040183, 59.833559435023005]]",17.789208064621178,8,-250,250,False,False,False
R01ZF,R01ZF_SARF000122,122,4067,FULL_CONTEXT_OFFLINE,R01ZF_SARF000122__FULL_CONTEXT_OFFLINE__R01ZF_REUSED_R01ZF_PERSON100001,R01ZF_REUSED_R01ZF_PERSON100001,1,4111,4111,True,R01ZF_REUSED_R01ZF_PERSON100001,"[[49.21282290550397, 59.833559435023005]]",10.620736529519036,6,-250,250,False,False,False
R01ZF,R01ZF_SARF000122,122,4067,FULL_CONTEXT_OFFLINE,R01ZF_SARF000122__FULL_CONTEXT_OFFLINE__R01ZF_REUSED_R01ZF_PERSON100002,R01ZF_REUSED_R01ZF_PERSON100002,1,4111,4111,True,R01ZF_REUSED_R01ZF_PERSON100002,"[[49.05283071888252, 59.833559435023005]]",10.780728716140487,6,-250,250,False,False,False
R01ZF,R01ZF_SARF000123,123,4100,CAUSAL_REPLAY,R01ZF_SARF000123__CAUSAL_REPLAY__R01ZF_REUSED_R01ZF_PERSON003,R01ZF_REUSED_R01ZF_PERSON003,4,3889,4056,False,R01ZF_REUSED_R01ZF_PERSON003,"[[43.48164446000597, 59.833559435023005]]",16.35191497501704,8,-250,0,False,False,False
R01ZF,R01ZF_SARF000123,123,4100,FIXED_LAG_100MS,R01ZF_SARF000123__FIXED_LAG_100MS__R01ZF_REUSED_R01ZF_PERSON003,R01ZF_REUSED_R01ZF_PERSON003,4,3889,4056,False,R01ZF_REUSED_R01ZF_PERSON003,"[[43.48164446000597, 59.833559435023005]]",16.35191497501704,8,-250,100,False,False,False
R01ZF,R01ZF_SARF000123,123,4100,FIXED_LAG_100MS,R01ZF_SARF000123__FIXED_LAG_100MS__R01ZF_REUSED_R01ZF_PERSON100001,R01ZF_REUSED_R01ZF_PERSON100001,1,4111,4111,True,R01ZF_REUSED_R01ZF_PERSON100001,"[[49.21282290550397, 59.833559435023005]]",10.620736529519036,6,-250,100,False,False,False
R01ZF,R01ZF_SARF000123,123,4100,FIXED_LAG_100MS,R01ZF_SARF000123__FIXED_LAG_100MS__R01ZF_REUSED_R01ZF_PERSON100002,R01ZF_REUSED_R01ZF_PERSON100002,1,4111,4111,True,R01ZF_REUSED_R01ZF_PERSON100002,"[[49.05283071888252, 59.833559435023005]]",10.780728716140487,6,-250,100,False,False,False
R01ZF,R01ZF_SARF000123,123,4100,FULL_CONTEXT_OFFLINE,R01ZF_SARF000123__FULL_CONTEXT_OFFLINE__R01ZF_REUSED_R01ZF_PERSON003,R01ZF_REUSED_R01ZF_PERSON003,4,3889,4056,False,R01ZF_REUSED_R01ZF_PERSON003,"[[43.48164446000597, 59.833559435023005]]",16.35191497501704,8,-250,250,False,False,False
R01ZF,R01ZF_SARF000123,123,4100,FULL_CONTEXT_OFFLINE,R01ZF_SARF000123__FULL_CONTEXT_OFFLINE__R01ZF_REUSED_R01ZF_PERSON100001,R01ZF_REUSED_R01ZF_PERSON100001,1,4111,4111,True,R01ZF_REUSED_R01ZF_PERSON100001,"[[49.21282290550397, 59.833559435023005]]",10.620736529519036,6,-250,250,False,False,False
R01ZF,R01ZF_SARF000123,123,4100,FULL_CONTEXT_OFFLINE,R01ZF_SARF000123__FULL_CONTEXT_OFFLINE__R01ZF_REUSED_R01ZF_PERSON100002,R01ZF_REUSED_R01ZF_PERSON100002,1,4111,4111,True,R01ZF_REUSED_R01ZF_PERSON100002,"[[49.05283071888252, 59.833559435023005]]",10.780728716140487,6,-250,250,False,False,False
R01ZF,R01ZF_SARF000124,124,4133,CAUSAL_REPLAY,R01ZF_SARF000124__CAUSAL_REPLAY__R01ZF_REUSED_R01ZF_PERSON003,R01ZF_REUSED_R01ZF_PERSON003,4,3889,4056,False,R01ZF_REUSED_R01ZF_PERSON003,"[[43.48164446000597, 59.833559435023005]]",16.35191497501704,7,-250,0,False,False,False
R01ZF,R01ZF_SARF000124,124,4133,CAUSAL_REPLAY,R01ZF_SARF000124__CAUSAL_REPLAY__R01ZF_REUSED_R01ZF_PERSON100001,R01ZF_REUSED_R01ZF_PERSON100001,1,4111,4111,False,R01ZF_REUSED_R01ZF_PERSON100001,"[[49.21282290550397, 59.833559435023005]]",10.620736529519036,4,-250,0,False,False,False
R01ZF,R01ZF_SARF000124,124,4133,CAUSAL_REPLAY,R01ZF_SARF000124__CAUSAL_REPLAY__R01ZF_REUSED_R01ZF_PERSON100002,R01ZF_REUSED_R01ZF_PERSON100002,1,4111,4111,False,R01ZF_REUSED_R01ZF_PERSON100002,"[[49.05283071888252, 59.833559435023005]]",10.780728716140487,4,-250,0,False,False,False
R01ZF,R01ZF_SARF000124,124,4133,FIXED_LAG_100MS,R01ZF_SARF000124__FIXED_LAG_100MS__R01ZF_REUSED_R01ZF_PERSON003,R01ZF_REUSED_R01ZF_PERSON003,4,3889,4056,False,R01ZF_REUSED_R01ZF_PERSON003,"[[43.48164446000597, 59.833559435023005]]",16.35191497501704,7,-250,100,False,False,False
R01ZF,R01ZF_SARF000124,124,4133,FIXED_LAG_100MS,R01ZF_SARF000124__FIXED_LAG_100MS__R01ZF_REUSED_R01ZF_PERSON100001,R01ZF_REUSED_R01ZF_PERSON100001,1,4111,4111,False,R01ZF_REUSED_R01ZF_PERSON100001,"[[49.21282290550397, 59.833559435023005]]",10.620736529519036,4,-250,100,False,False,False
R01ZF,R01ZF_SARF000124,124,4133,FIXED_LAG_100MS,R01ZF_SARF000124__FIXED_LAG_100MS__R01ZF_REUSED_R01ZF_PERSON100002,R01ZF_REUSED_R01ZF_PERSON100002,1,4111,4111,False,R01ZF_REUSED_R01ZF_PERSON100002,"[[49.05283071888252, 59.833559435023005]]",10.780728716140487,4,-250,100,False,False,False
R01ZF,R01ZF_SARF000124,124,4133,FULL_CONTEXT_OFFLINE,R01ZF_SARF000124__FULL_CONTEXT_OFFLINE__R01ZF_REUSED_R01ZF_PERSON003,R01ZF_REUSED_R01ZF_PERSON003,4,3889,4056,False,R01ZF_REUSED_R01ZF_PERSON003,"[[43.48164446000597, 59.833559435023005]]",16.35191497501704,7,-250,250,False,False,False
R01ZF,R01ZF_SARF000124,124,4133,FULL_CONTEXT_OFFLINE,R01ZF_SARF000124__FULL_CONTEXT_OFFLINE__R01ZF_REUSED_R01ZF_PERSON100001,R01ZF_REUSED_R01ZF_PERSON100001,1,4111,4111,False,R01ZF_REUSED_R01ZF_PERSON100001,"[[49.21282290550397, 59.833559435023005]]",10.620736529519036,4,-250,250,False,False,False
R01ZF,R01ZF_SARF000124,124,4133,FULL_CONTEXT_OFFLINE,R01ZF_SARF000124__FULL_CONTEXT_OFFLINE__R01ZF_REUSED_R01ZF_PERSON100002,R01ZF_REUSED_R01ZF_PERSON100002,1,4111,4111,False,R01ZF_REUSED_R01ZF_PERSON100002,"[[49.05283071888252, 59.833559435023005]]",10.780728716140487,4,-250,250,False,False,False
R01ZF,R01ZF_SARF000125,125,4167,CAUSAL_REPLAY,R01ZF_SARF000125__CAUSAL_REPLAY__R01ZF_REUSED_R01ZF_PERSON003,R01ZF_REUSED_R01ZF_PERSON003,3,3944,4056,False,R01ZF_REUSED_R01ZF_PERSON003,"[[44.89004573140298, 59.833559435023005]]",14.943513703620027,6,-250,0,False,False,False
R01ZF,R01ZF_SARF000125,125,4167,CAUSAL_REPLAY,R01ZF_SARF000125__CAUSAL_REPLAY__R01ZF_REUSED_R01ZF_PERSON100001,R01ZF_REUSED_R01ZF_PERSON100001,1,4111,4111,False,R01ZF_REUSED_R01ZF_PERSON100001,"[[49.21282290550397, 59.833559435023005]]",10.620736529519036,5,-250,0,False,False,False
R01ZF,R01ZF_SARF000125,125,4167,CAUSAL_REPLAY,R01ZF_SARF000125__CAUSAL_REPLAY__R01ZF_REUSED_R01ZF_PERSON100002,R01ZF_REUSED_R01ZF_PERSON100002,1,4111,4111,False,R01ZF_REUSED_R01ZF_PERSON100002,"[[49.05283071888252, 59.833559435023005]]",10.780728716140487,5,-250,0,False,False,False
R01ZF,R01ZF_SARF000125,125,4167,FIXED_LAG_100MS,R01ZF_SARF000125__FIXED_LAG_100MS__R01ZF_REUSED_R01ZF_PERSON003,R01ZF_REUSED_R01ZF_PERSON003,3,3944,4056,False,R01ZF_REUSED_R01ZF_PERSON003,"[[44.89004573140298, 59.833559435023005]]",14.943513703620027,6,-250,100,False,False,False
R01ZF,R01ZF_SARF000125,125,4167,FIXED_LAG_100MS,R01ZF_SARF000125__FIXED_LAG_100MS__R01ZF_REUSED_R01ZF_PERSON100001,R01ZF_REUSED_R01ZF_PERSON100001,1,4111,4111,False,R01ZF_REUSED_R01ZF_PERSON100001,"[[49.21282290550397, 59.833559435023005]]",10.620736529519036,5,-250,100,False,False,False
R01ZF,R01ZF_SARF000125,125,4167,FIXED_LAG_100MS,R01ZF_SARF000125__FIXED_LAG_100MS__R01ZF_REUSED_R01ZF_PERSON100002,R01ZF_REUSED_R01ZF_PERSON100002,1,4111,4111,False,R01ZF_REUSED_R01ZF_PERSON100002,"[[49.05283071888252, 59.833559435023005]]",10.780728716140487,5,-250,100,False,False,False
R01ZF,R01ZF_SARF000125,125,4167,FULL_CONTEXT_OFFLINE,R01ZF_SARF000125__FULL_CONTEXT_OFFLINE__R01ZF_REUSED_R01ZF_PERSON003,R01ZF_REUSED_R01ZF_PERSON003,3,3944,4056,False,R01ZF_REUSED_R01ZF_PERSON003,"[[44.89004573140298, 59.833559435023005]]",14.943513703620027,6,-250,250,False,False,False
R01ZF,R01ZF_SARF000125,125,4167,FULL_CONTEXT_OFFLINE,R01ZF_SARF000125__FULL_CONTEXT_OFFLINE__R01ZF_REUSED_R01ZF_PERSON100001,R01ZF_REUSED_R01ZF_PERSON100001,1,4111,4111,False,R01ZF_REUSED_R01ZF_PERSON100001,"[[49.21282290550397, 59.833559435023005]]",10.620736529519036,5,-250,250,False,False,False
R01ZF,R01ZF_SARF000125,125,4167,FULL_CONTEXT_OFFLINE,R01ZF_SARF000125__FULL_CONTEXT_OFFLINE__R01ZF_REUSED_R01ZF_PERSON100002,R01ZF_REUSED_R01ZF_PERSON100002,1,4111,4111,False,R01ZF_REUSED_R01ZF_PERSON100002,"[[49.05283071888252, 59.833559435023005]]",10.780728716140487,5,-250,250,False,False,False
R01ZF,R01ZF_SARF000126,126,4200,CAUSAL_REPLAY,R01ZF_SARF000126__CAUSAL_REPLAY__R01ZF_REUSED_R01ZF_PERSON003,R01ZF_REUSED_R01ZF_PERSON003,2,4000,4056,False,R01ZF_REUSED_R01ZF_PERSON003,"[[46.334740803273235, 59.833559435023005]]",13.49881863174977,6,-250,0,False,False,False
R01ZF,R01ZF_SARF000126,126,4200,CAUSAL_REPLAY,R01ZF_SARF000126__CAUSAL_REPLAY__R01ZF_REUSED_R01ZF_PERSON100001,R01ZF_REUSED_R01ZF_PERSON100001,1,4111,4111,False,R01ZF_REUSED_R01ZF_PERSON100001,"[[49.21282290550397, 59.833559435023005]]",10.620736529519036,5,-250,0,False,False,False
R01ZF,R01ZF_SARF000126,126,4200,CAUSAL_REPLAY,R01ZF_SARF000126__CAUSAL_REPLAY__R01ZF_REUSED_R01ZF_PERSON100002,R01ZF_REUSED_R01ZF_PERSON100002,1,4111,4111,False,R01ZF_REUSED_R01ZF_PERSON100002,"[[49.05283071888252, 59.833559435023005]]",10.780728716140487,5,-250,0,False,False,False
R01ZF,R01ZF_SARF000126,126,4200,FIXED_LAG_100MS,R01ZF_SARF000126__FIXED_LAG_100MS__R01ZF_REUSED_R01ZF_PERSON003,R01ZF_REUSED_R01ZF_PERSON003,2,4000,4056,False,R01ZF_REUSED_R01ZF_PERSON003,"[[46.334740803273235, 59.833559435023005]]",13.49881863174977,6,-250,100,False,False,False
R01ZF,R01ZF_SARF000126,126,4200,FIXED_LAG_100MS,R01ZF_SARF000126__FIXED_LAG_100MS__R01ZF_REUSED_R01ZF_PERSON100001,R01ZF_REUSED_R01ZF_PERSON100001,1,4111,4111,False,R01ZF_REUSED_R01ZF_PERSON100001,"[[49.21282290550397, 59.833559435023005]]",10.620736529519036,5,-250,100,False,False,False
R01ZF,R01ZF_SARF000126,126,4200,FIXED_LAG_100MS,R01ZF_SARF000126__FIXED_LAG_100MS__R01ZF_REUSED_R01ZF_PERSON100002,R01ZF_REUSED_R01ZF_PERSON100002,1,4111,4111,False,R01ZF_REUSED_R01ZF_PERSON100002,"[[49.05283071888252, 59.833559435023005]]",10.780728716140487,5,-250,100,False,False,False
R01ZF,R01ZF_SARF000126,126,4200,FULL_CONTEXT_OFFLINE,R01ZF_SARF000126__FULL_CONTEXT_OFFLINE__R01ZF_REUSED_R01ZF_PERSON003,R01ZF_REUSED_R01ZF_PERSON003,2,4000,4056,False,R01ZF_REUSED_R01ZF_PERSON003,"[[46.334740803273235, 59.833559435023005]]",13.49881863174977,6,-250,250,False,False,False
R01ZF,R01ZF_SARF000126,126,4200,FULL_CONTEXT_OFFLINE,R01ZF_SARF000126__FULL_CONTEXT_OFFLINE__R01ZF_REUSED_R01ZF_PERSON100001,R01ZF_REUSED_R01ZF_PERSON100001,1,4111,4111,False,R01ZF_REUSED_R01ZF_PERSON100001,"[[49.21282290550397, 59.833559435023005]]",10.620736529519036,5,-250,250,False,False,False
R01ZF,R01ZF_SARF000126,126,4200,FULL_CONTEXT_OFFLINE,R01ZF_SARF000126__FULL_CONTEXT_OFFLINE__R01ZF_REUSED_R01ZF_PERSON100002,R01ZF_REUSED_R01ZF_PERSON100002,1,4111,4111,False,R01ZF_REUSED_R01ZF_PERSON100002,"[[49.05283071888252, 59.833559435023005]]",10.780728716140487,5,-250,250,False,False,False
R01ZF,R01ZF_SARF000127,127,4233,CAUSAL_REPLAY,R01ZF_SARF000127__CAUSAL_REPLAY__R01ZF_REUSED_R01ZF_PERSON003,R01ZF_REUSED_R01ZF_PERSON003,2,4000,4056,False,R01ZF_REUSED_R01ZF_PERSON003,"[[46.334740803273235, 59.833559435023005]]",13.49881863174977,6,-250,0,False,False,False
R01ZF,R01ZF_SARF000127,127,4233,CAUSAL_REPLAY,R01ZF_SARF000127__CAUSAL_REPLAY__R01ZF_REUSED_R01ZF_PERSON100001,R01ZF_REUSED_R01ZF_PERSON100001,1,4111,4111,False,R01ZF_REUSED_R01ZF_PERSON100001,"[[49.21282290550397, 59.833559435023005]]",10.620736529519036,5,-250,0,False,False,False
R01ZF,R01ZF_SARF000127,127,4233,CAUSAL_REPLAY,R01ZF_SARF000127__CAUSAL_REPLAY__R01ZF_REUSED_R01ZF_PERSON100002,R01ZF_REUSED_R01ZF_PERSON100002,1,4111,4111,False,R01ZF_REUSED_R01ZF_PERSON100002,"[[49.05283071888252, 59.833559435023005]]",10.780728716140487,5,-250,0,False,False,False
R01ZF,R01ZF_SARF000127,127,4233,FIXED_LAG_100MS,R01ZF_SARF000127__FIXED_LAG_100MS__R01ZF_REUSED_R01ZF_PERSON003,R01ZF_REUSED_R01ZF_PERSON003,2,4000,4056,False,R01ZF_REUSED_R01ZF_PERSON003,"[[46.334740803273235, 59.833559435023005]]",13.49881863174977,6,-250,100,False,False,False
R01ZF,R01ZF_SARF000127,127,4233,FIXED_LAG_100MS,R01ZF_SARF000127__FIXED_LAG_100MS__R01ZF_REUSED_R01ZF_PERSON100001,R01ZF_REUSED_R01ZF_PERSON100001,1,4111,4111,False,R01ZF_REUSED_R01ZF_PERSON100001,"[[49.21282290550397, 59.833559435023005]]",10.620736529519036,5,-250,100,False,False,False
R01ZF,R01ZF_SARF000127,127,4233,FIXED_LAG_100MS,R01ZF_SARF000127__FIXED_LAG_100MS__R01ZF_REUSED_R01ZF_PERSON100002,R01ZF_REUSED_R01ZF_PERSON100002,1,4111,4111,False,R01ZF_REUSED_R01ZF_PERSON100002,"[[49.05283071888252, 59.833559435023005]]",10.780728716140487,5,-250,100,False,False,False
R01ZF,R01ZF_SARF000127,127,4233,FULL_CONTEXT_OFFLINE,R01ZF_SARF000127__FULL_CONTEXT_OFFLINE__R01ZF_REUSED_R01ZF_PERSON003,R01ZF_REUSED_R01ZF_PERSON003,2,4000,4056,False,R01ZF_REUSED_R01ZF_PERSON003,"[[46.334740803273235, 59.833559435023005]]",13.49881863174977,6,-250,250,False,False,False
R01ZF,R01ZF_SARF000127,127,4233,FULL_CONTEXT_OFFLINE,R01ZF_SARF000127__FULL_CONTEXT_OFFLINE__R01ZF_REUSED_R01ZF_PERSON100001,R01ZF_REUSED_R01ZF_PERSON100001,1,4111,4111,False,R01ZF_REUSED_R01ZF_PERSON100001,"[[49.21282290550397, 59.833559435023005]]",10.620736529519036,5,-250,250,False,False,False
R01ZF,R01ZF_SARF000127,127,4233,FULL_CONTEXT_OFFLINE,R01ZF_SARF000127__FULL_CONTEXT_OFFLINE__R01ZF_REUSED_R01ZF_PERSON100002,R01ZF_REUSED_R01ZF_PERSON100002,1,4111,4111,False,R01ZF_REUSED_R01ZF_PERSON100002,"[[49.05283071888252, 59.833559435023005]]",10.780728716140487,5,-250,250,False,False,False
R01ZF,R01ZF_SARF000128,128,4267,CAUSAL_REPLAY,R01ZF_SARF000128__CAUSAL_REPLAY__R01ZF_REUSED_R01ZF_PERSON003,R01ZF_REUSED_R01ZF_PERSON003,1,4056,4056,False,R01ZF_REUSED_R01ZF_PERSON003,"[[47.76412412290826, 59.833559435023005]]",12.069435312114749,7,-250,0,False,False,False
R01ZF,R01ZF_SARF000128,128,4267,CAUSAL_REPLAY,R01ZF_SARF000128__CAUSAL_REPLAY__R01ZF_REUSED_R01ZF_PERSON100001,R01ZF_REUSED_R01ZF_PERSON100001,1,4111,4111,False,R01ZF_REUSED_R01ZF_PERSON100001,"[[49.21282290550397, 59.833559435023005]]",10.620736529519036,7,-250,0,False,False,False
R01ZF,R01ZF_SARF000128,128,4267,CAUSAL_REPLAY,R01ZF_SARF000128__CAUSAL_REPLAY__R01ZF_REUSED_R01ZF_PERSON100002,R01ZF_REUSED_R01ZF_PERSON100002,1,4111,4111,False,R01ZF_REUSED_R01ZF_PERSON100002,"[[49.05283071888252, 59.833559435023005]]",10.780728716140487,7,-250,0,False,False,False
R01ZF,R01ZF_SARF000128,128,4267,FIXED_LAG_100MS,R01ZF_SARF000128__FIXED_LAG_100MS__R01ZF_REUSED_R01ZF_PERSON003,R01ZF_REUSED_R01ZF_PERSON003,1,4056,4056,False,R01ZF_REUSED_R01ZF_PERSON003,"[[47.76412412290826, 59.833559435023005]]",12.069435312114749,7,-250,100,False,False,False
R01ZF,R01ZF_SARF000128,128,4267,FIXED_LAG_100MS,R01ZF_SARF000128__FIXED_LAG_100MS__R01ZF_REUSED_R01ZF_PERSON100001,R01ZF_REUSED_R01ZF_PERSON100001,1,4111,4111,False,R01ZF_REUSED_R01ZF_PERSON100001,"[[49.21282290550397, 59.833559435023005]]",10.620736529519036,7,-250,100,False,False,False
R01ZF,R01ZF_SARF000128,128,4267,FIXED_LAG_100MS,R01ZF_SARF000128__FIXED_LAG_100MS__R01ZF_REUSED_R01ZF_PERSON100002,R01ZF_REUSED_R01ZF_PERSON100002,1,4111,4111,False,R01ZF_REUSED_R01ZF_PERSON100002,"[[49.05283071888252, 59.833559435023005]]",10.780728716140487,7,-250,100,False,False,False
R01ZF,R01ZF_SARF000128,128,4267,FULL_CONTEXT_OFFLINE,R01ZF_SARF000128__FULL_CONTEXT_OFFLINE__R01ZF_REUSED_R01ZF_PERSON003,R01ZF_REUSED_R01ZF_PERSON003,1,4056,4056,False,R01ZF_REUSED_R01ZF_PERSON003,"[[47.76412412290826, 59.833559435023005]]",12.069435312114749,7,-250,250,False,False,False
R01ZF,R01ZF_SARF000128,128,4267,FULL_CONTEXT_OFFLINE,R01ZF_SARF000128__FULL_CONTEXT_OFFLINE__R01ZF_REUSED_R01ZF_PERSON100001,R01ZF_REUSED_R01ZF_PERSON100001,1,4111,4111,False,R01ZF_REUSED_R01ZF_PERSON100001,"[[49.21282290550397, 59.833559435023005]]",10.620736529519036,7,-250,250,False,False,False
R01ZF,R01ZF_SARF000128,128,4267,FULL_CONTEXT_OFFLINE,R01ZF_SARF000128__FULL_CONTEXT_OFFLINE__R01ZF_REUSED_R01ZF_PERSON100002,R01ZF_REUSED_R01ZF_PERSON100002,1,4111,4111,False,R01ZF_REUSED_R01ZF_PERSON100002,"[[49.05283071888252, 59.833559435023005]]",10.780728716140487,7,-250,250,False,False,False
R01ZF,R01ZF_SARF000129,129,4300,CAUSAL_REPLAY,R01ZF_SARF000129__CAUSAL_REPLAY__R01ZF_REUSED_R01ZF_PERSON003,R01ZF_REUSED_R01ZF_PERSON003,1,4056,4056,False,R01ZF_REUSED_R01ZF_PERSON003,"[[47.76412412290826, 59.833559435023005]]",12.069435312114749,5,-250,0,False,False,False
R01ZF,R01ZF_SARF000129,129,4300,CAUSAL_REPLAY,R01ZF_SARF000129__CAUSAL_REPLAY__R01ZF_REUSED_R01ZF_PERSON100001,R01ZF_REUSED_R01ZF_PERSON100001,1,4111,4111,False,R01ZF_REUSED_R01ZF_PERSON100001,"[[49.21282290550397, 59.833559435023005]]",10.620736529519036,5,-250,0,False,False,False
R01ZF,R01ZF_SARF000129,129,4300,CAUSAL_REPLAY,R01ZF_SARF000129__CAUSAL_REPLAY__R01ZF_REUSED_R01ZF_PERSON100002,R01ZF_REUSED_R01ZF_PERSON100002,1,4111,4111,False,R01ZF_REUSED_R01ZF_PERSON100002,"[[49.05283071888252, 59.833559435023005]]",10.780728716140487,5,-250,0,False,False,False
R01ZF,R01ZF_SARF000129,129,4300,FIXED_LAG_100MS,R01ZF_SARF000129__FIXED_LAG_100MS__R01ZF_REUSED_R01ZF_PERSON003,R01ZF_REUSED_R01ZF_PERSON003,1,4056,4056,False,R01ZF_REUSED_R01ZF_PERSON003,"[[47.76412412290826, 59.833559435023005]]",12.069435312114749,5,-250,100,False,False,False
R01ZF,R01ZF_SARF000129,129,4300,FIXED_LAG_100MS,R01ZF_SARF000129__FIXED_LAG_100MS__R01ZF_REUSED_R01ZF_PERSON100001,R01ZF_REUSED_R01ZF_PERSON100001,1,4111,4111,False,R01ZF_REUSED_R01ZF_PERSON100001,"[[49.21282290550397, 59.833559435023005]]",10.620736529519036,5,-250,100,False,False,False
R01ZF,R01ZF_SARF000129,129,4300,FIXED_LAG_100MS,R01ZF_SARF000129__FIXED_LAG_100MS__R01ZF_REUSED_R01ZF_PERSON100002,R01ZF_REUSED_R01ZF_PERSON100002,1,4111,4111,False,R01ZF_REUSED_R01ZF_PERSON100002,"[[49.05283071888252, 59.833559435023005]]",10.780728716140487,5,-250,100,False,False,False
R01ZF,R01ZF_SARF000129,129,4300,FULL_CONTEXT_OFFLINE,R01ZF_SARF000129__FULL_CONTEXT_OFFLINE__R01ZF_REUSED_R01ZF_PERSON003,R01ZF_REUSED_R01ZF_PERSON003,1,4056,4056,False,R01ZF_REUSED_R01ZF_PERSON003,"[[47.76412412290826, 59.833559435023005]]",12.069435312114749,5,-250,250,False,False,False
R01ZF,R01ZF_SARF000129,129,4300,FULL_CONTEXT_OFFLINE,R01ZF_SARF000129__FULL_CONTEXT_OFFLINE__R01ZF_REUSED_R01ZF_PERSON100001,R01ZF_REUSED_R01ZF_PERSON100001,1,4111,4111,False,R01ZF_REUSED_R01ZF_PERSON100001,"[[49.21282290550397, 59.833559435023005]]",10.620736529519036,5,-250,250,False,False,False
R01ZF,R01ZF_SARF000129,129,4300,FULL_CONTEXT_OFFLINE,R01ZF_SARF000129__FULL_CONTEXT_OFFLINE__R01ZF_REUSED_R01ZF_PERSON100002,R01ZF_REUSED_R01ZF_PERSON100002,1,4111,4111,False,R01ZF_REUSED_R01ZF_PERSON100002,"[[49.05283071888252, 59.833559435023005]]",10.780728716140487,5,-250,250,False,False,False
R01ZF,R01ZF_SARF000130,130,4333,CAUSAL_REPLAY,R01ZF_SARF000130__CAUSAL_REPLAY__R01ZF_REUSED_R01ZF_PERSON100001,R01ZF_REUSED_R01ZF_PERSON100001,1,4111,4111,False,R01ZF_REUSED_R01ZF_PERSON100001,"[[49.21282290550397, 59.833559435023005]]",10.620736529519036,5,-250,0,False,False,False
R01ZF,R01ZF_SARF000130,130,4333,CAUSAL_REPLAY,R01ZF_SARF000130__CAUSAL_REPLAY__R01ZF_REUSED_R01ZF_PERSON100002,R01ZF_REUSED_R01ZF_PERSON100002,1,4111,4111,False,R01ZF_REUSED_R01ZF_PERSON100002,"[[49.05283071888252, 59.833559435023005]]",10.780728716140487,5,-250,0,False,False,False
R01ZF,R01ZF_SARF000130,130,4333,FIXED_LAG_100MS,R01ZF_SARF000130__FIXED_LAG_100MS__R01ZF_REUSED_R01ZF_PERSON100001,R01ZF_REUSED_R01ZF_PERSON100001,1,4111,4111,False,R01ZF_REUSED_R01ZF_PERSON100001,"[[49.21282290550397, 59.833559435023005]]",10.620736529519036,5,-250,100,False,False,False
R01ZF,R01ZF_SARF000130,130,4333,FIXED_LAG_100MS,R01ZF_SARF000130__FIXED_LAG_100MS__R01ZF_REUSED_R01ZF_PERSON100002,R01ZF_REUSED_R01ZF_PERSON100002,1,4111,4111,False,R01ZF_REUSED_R01ZF_PERSON100002,"[[49.05283071888252, 59.833559435023005]]",10.780728716140487,5,-250,100,False,False,False
R01ZF,R01ZF_SARF000130,130,4333,FULL_CONTEXT_OFFLINE,R01ZF_SARF000130__FULL_CONTEXT_OFFLINE__R01ZF_REUSED_R01ZF_PERSON100001,R01ZF_REUSED_R01ZF_PERSON100001,1,4111,4111,False,R01ZF_REUSED_R01ZF_PERSON100001,"[[49.21282290550397, 59.833559435023005]]",10.620736529519036,5,-250,250,False,False,False
R01ZF,R01ZF_SARF000130,130,4333,FULL_CONTEXT_OFFLINE,R01ZF_SARF000130__FULL_CONTEXT_OFFLINE__R01ZF_REUSED_R01ZF_PERSON100002,R01ZF_REUSED_R01ZF_PERSON100002,1,4111,4111,False,R01ZF_REUSED_R01ZF_PERSON100002,"[[49.05283071888252, 59.833559435023005]]",10.780728716140487,5,-250,250,False,False,False
R01ZF,R01ZF_SARF000251,251,8367,FULL_CONTEXT_OFFLINE,R01ZF_SARF000251__FULL_CONTEXT_OFFLINE__R01ZF_REUSED_R01ZF_PERSON100003,R01ZF_REUSED_R01ZF_PERSON100003,1,8611,8611,True,R01ZF_REUSED_R01ZF_PERSON100003,"[[-14.504065416484885, 1.4357421790681002]]",15.939807595552985,16,-250,250,False,False,False
R01ZF,R01ZF_SARF000251,251,8367,FULL_CONTEXT_OFFLINE,R01ZF_SARF000251__FULL_CONTEXT_OFFLINE__R01ZF_REUSED_R01ZF_PERSON100004,R01ZF_REUSED_R01ZF_PERSON100004,1,8611,8611,True,R01ZF_REUSED_R01ZF_PERSON100004,"[[-15.104036116315285, 1.495739249051141]]",16.599775365366426,17,-250,250,False,False,False
R01ZF,R01ZF_SARF000252,252,8400,FULL_CONTEXT_OFFLINE,R01ZF_SARF000252__FULL_CONTEXT_OFFLINE__R01ZF_REUSED_R01ZF_PERSON100003,R01ZF_REUSED_R01ZF_PERSON100003,1,8611,8611,True,R01ZF_REUSED_R01ZF_PERSON100003,"[[-14.504065416484885, 1.4357421790681002]]",15.939807595552985,13,-250,250,False,False,False
R01ZF,R01ZF_SARF000252,252,8400,FULL_CONTEXT_OFFLINE,R01ZF_SARF000252__FULL_CONTEXT_OFFLINE__R01ZF_REUSED_R01ZF_PERSON100004,R01ZF_REUSED_R01ZF_PERSON100004,1,8611,8611,True,R01ZF_REUSED_R01ZF_PERSON100004,"[[-15.104036116315285, 1.495739249051141]]",16.599775365366426,14,-250,250,False,False,False
R01ZF,R01ZF_SARF000253,253,8433,FULL_CONTEXT_OFFLINE,R01ZF_SARF000253__FULL_CONTEXT_OFFLINE__R01ZF_REUSED_R01ZF_PERSON100003,R01ZF_REUSED_R01ZF_PERSON100003,1,8611,8611,True,R01ZF_REUSED_R01ZF_PERSON100003,"[[-14.504065416484885, 1.4357421790681002]]",15.939807595552985,13,-250,250,False,False,False
R01ZF,R01ZF_SARF000253,253,8433,FULL_CONTEXT_OFFLINE,R01ZF_SARF000253__FULL_CONTEXT_OFFLINE__R01ZF_REUSED_R01ZF_PERSON100004,R01ZF_REUSED_R01ZF_PERSON100004,1,8611,8611,True,R01ZF_REUSED_R01ZF_PERSON100004,"[[-15.104036116315285, 1.495739249051141]]",16.599775365366426,14,-250,250,False,False,False
R01ZF,R01ZF_SARF000253,253,8433,FULL_CONTEXT_OFFLINE,R01ZF_SARF000253__FULL_CONTEXT_OFFLINE__R01ZF_REUSED_R01ZF_PERSON100005,R01ZF_REUSED_R01ZF_PERSON100005,1,8667,8667,True,R01ZF_REUSED_R01ZF_PERSON100005,"[[-10.584256844259578, 5.575540007897885]]",16.159796852157463,11,-250,250,False,False,False
R01ZF,R01ZF_SARF000254,254,8467,FULL_CONTEXT_OFFLINE,R01ZF_SARF000254__FULL_CONTEXT_OFFLINE__R01ZF_REUSED_R01ZF_PERSON100003,R01ZF_REUSED_R01ZF_PERSON100003,1,8611,8611,True,R01ZF_REUSED_R01ZF_PERSON100003,"[[-14.504065416484885, 1.4357421790681002]]",15.939807595552985,11,-250,250,False,False,False
R01ZF,R01ZF_SARF000254,254,8467,FULL_CONTEXT_OFFLINE,R01ZF_SARF000254__FULL_CONTEXT_OFFLINE__R01ZF_REUSED_R01ZF_PERSON100004,R01ZF_REUSED_R01ZF_PERSON100004,1,8611,8611,True,R01ZF_REUSED_R01ZF_PERSON100004,"[[-15.104036116315285, 1.495739249051141]]",16.599775365366426,11,-250,250,False,False,False
R01ZF,R01ZF_SARF000254,254,8467,FULL_CONTEXT_OFFLINE,R01ZF_SARF000254__FULL_CONTEXT_OFFLINE__R01ZF_REUSED_R01ZF_PERSON100005,R01ZF_REUSED_R01ZF_PERSON100005,1,8667,8667,True,R01ZF_REUSED_R01ZF_PERSON100005,"[[-10.584256844259578, 5.575540007897885]]",16.159796852157463,10,-250,250,False,False,False
R01ZF,R01ZF_SARF000255,255,8500,FULL_CONTEXT_OFFLINE,R01ZF_SARF000255__FULL_CONTEXT_OFFLINE__R01ZF_REUSED_R01ZF_PERSON100003,R01ZF_REUSED_R01ZF_PERSON100003,1,8611,8611,True,R01ZF_REUSED_R01ZF_PERSON100003,"[[-14.504065416484885, 1.4357421790681002]]",15.939807595552985,10,-250,250,False,False,False
R01ZF,R01ZF_SARF000255,255,8500,FULL_CONTEXT_OFFLINE,R01ZF_SARF000255__FULL_CONTEXT_OFFLINE__R01ZF_REUSED_R01ZF_PERSON100004,R01ZF_REUSED_R01ZF_PERSON100004,1,8611,8611,True,R01ZF_REUSED_R01ZF_PERSON100004,"[[-15.104036116315285, 1.495739249051141]]",16.599775365366426,10,-250,250,False,False,False
R01ZF,R01ZF_SARF000255,255,8500,FULL_CONTEXT_OFFLINE,R01ZF_SARF000255__FULL_CONTEXT_OFFLINE__R01ZF_REUSED_R01ZF_PERSON100005,R01ZF_REUSED_R01ZF_PERSON100005,1,8667,8667,True,R01ZF_REUSED_R01ZF_PERSON100005,"[[-10.584256844259578, 5.575540007897885]]",16.159796852157463,9,-250,250,False,False,False
R01ZF,R01ZF_SARF000256,256,8533,FIXED_LAG_100MS,R01ZF_SARF000256__FIXED_LAG_100MS__R01ZF_REUSED_R01ZF_PERSON100003,R01ZF_REUSED_R01ZF_PERSON100003,1,8611,8611,True,R01ZF_REUSED_R01ZF_PERSON100003,"[[-14.504065416484885, 1.4357421790681002]]",15.939807595552985,13,-250,100,False,False,False
R01ZF,R01ZF_SARF000256,256,8533,FIXED_LAG_100MS,R01ZF_SARF000256__FIXED_LAG_100MS__R01ZF_REUSED_R01ZF_PERSON100004,R01ZF_REUSED_R01ZF_PERSON100004,1,8611,8611,True,R01ZF_REUSED_R01ZF_PERSON100004,"[[-15.104036116315285, 1.495739249051141]]",16.599775365366426,13,-250,100,False,False,False
R01ZF,R01ZF_SARF000256,256,8533,FULL_CONTEXT_OFFLINE,R01ZF_SARF000256__FULL_CONTEXT_OFFLINE__R01ZF_REUSED_R01ZF_PERSON100003,R01ZF_REUSED_R01ZF_PERSON100003,1,8611,8611,True,R01ZF_REUSED_R01ZF_PERSON100003,"[[-14.504065416484885, 1.4357421790681002]]",15.939807595552985,13,-250,250,False,False,False
R01ZF,R01ZF_SARF000256,256,8533,FULL_CONTEXT_OFFLINE,R01ZF_SARF000256__FULL_CONTEXT_OFFLINE__R01ZF_REUSED_R01ZF_PERSON100004,R01ZF_REUSED_R01ZF_PERSON100004,1,8611,8611,True,R01ZF_REUSED_R01ZF_PERSON100004,"[[-15.104036116315285, 1.495739249051141]]",16.599775365366426,13,-250,250,False,False,False
R01ZF,R01ZF_SARF000256,256,8533,FULL_CONTEXT_OFFLINE,R01ZF_SARF000256__FULL_CONTEXT_OFFLINE__R01ZF_REUSED_R01ZF_PERSON100005,R01ZF_REUSED_R01ZF_PERSON100005,1,8667,8667,True,R01ZF_REUSED_R01ZF_PERSON100005,"[[-10.584256844259578, 5.575540007897885]]",16.159796852157463,14,-250,250,False,False,False
R01ZF,R01ZF_SARF000257,257,8567,FIXED_LAG_100MS,R01ZF_SARF000257__FIXED_LAG_100MS__R01ZF_REUSED_R01ZF_PERSON100003,R01ZF_REUSED_R01ZF_PERSON100003,1,8611,8611,True,R01ZF_REUSED_R01ZF_PERSON100003,"[[-14.504065416484885, 1.4357421790681002]]",15.939807595552985,15,-250,100,False,False,False
R01ZF,R01ZF_SARF000257,257,8567,FIXED_LAG_100MS,R01ZF_SARF000257__FIXED_LAG_100MS__R01ZF_REUSED_R01ZF_PERSON100004,R01ZF_REUSED_R01ZF_PERSON100004,1,8611,8611,True,R01ZF_REUSED_R01ZF_PERSON100004,"[[-15.104036116315285, 1.495739249051141]]",16.599775365366426,15,-250,100,False,False,False
R01ZF,R01ZF_SARF000257,257,8567,FIXED_LAG_100MS,R01ZF_SARF000257__FIXED_LAG_100MS__R01ZF_REUSED_R01ZF_PERSON100005,R01ZF_REUSED_R01ZF_PERSON100005,1,8667,8667,True,R01ZF_REUSED_R01ZF_PERSON100005,"[[-10.584256844259578, 5.575540007897885]]",16.159796852157463,14,-250,100,False,False,False
R01ZF,R01ZF_SARF000257,257,8567,FULL_CONTEXT_OFFLINE,R01ZF_SARF000257__FULL_CONTEXT_OFFLINE__R01ZF_REUSED_R01ZF_PERSON100003,R01ZF_REUSED_R01ZF_PERSON100003,1,8611,8611,True,R01ZF_REUSED_R01ZF_PERSON100003,"[[-14.504065416484885, 1.4357421790681002]]",15.939807595552985,15,-250,250,False,False,False
R01ZF,R01ZF_SARF000257,257,8567,FULL_CONTEXT_OFFLINE,R01ZF_SARF000257__FULL_CONTEXT_OFFLINE__R01ZF_REUSED_R01ZF_PERSON100004,R01ZF_REUSED_R01ZF_PERSON100004,1,8611,8611,True,R01ZF_REUSED_R01ZF_PERSON100004,"[[-15.104036116315285, 1.495739249051141]]",16.599775365366426,15,-250,250,False,False,False
R01ZF,R01ZF_SARF000257,257,8567,FULL_CONTEXT_OFFLINE,R01ZF_SARF000257__FULL_CONTEXT_OFFLINE__R01ZF_REUSED_R01ZF_PERSON100005,R01ZF_REUSED_R01ZF_PERSON100005,1,8667,8667,True,R01ZF_REUSED_R01ZF_PERSON100005,"[[-10.584256844259578, 5.575540007897885]]",16.159796852157463,14,-250,250,False,False,False
R01ZF,R01ZF_SARF000258,258,8600,FIXED_LAG_100MS,R01ZF_SARF000258__FIXED_LAG_100MS__R01ZF_REUSED_R01ZF_PERSON100003,R01ZF_REUSED_R01ZF_PERSON100003,1,8611,8611,True,R01ZF_REUSED_R01ZF_PERSON100003,"[[-14.504065416484885, 1.4357421790681002]]",15.939807595552985,16,-250,100,False,False,False
R01ZF,R01ZF_SARF000258,258,8600,FIXED_LAG_100MS,R01ZF_SARF000258__FIXED_LAG_100MS__R01ZF_REUSED_R01ZF_PERSON100004,R01ZF_REUSED_R01ZF_PERSON100004,1,8611,8611,True,R01ZF_REUSED_R01ZF_PERSON100004,"[[-15.104036116315285, 1.495739249051141]]",16.599775365366426,17,-250,100,False,False,False
R01ZF,R01ZF_SARF000258,258,8600,FIXED_LAG_100MS,R01ZF_SARF000258__FIXED_LAG_100MS__R01ZF_REUSED_R01ZF_PERSON100005,R01ZF_REUSED_R01ZF_PERSON100005,1,8667,8667,True,R01ZF_REUSED_R01ZF_PERSON100005,"[[-10.584256844259578, 5.575540007897885]]",16.159796852157463,18,-250,100,False,False,False
R01ZF,R01ZF_SARF000258,258,8600,FULL_CONTEXT_OFFLINE,R01ZF_SARF000258__FULL_CONTEXT_OFFLINE__R01ZF_REUSED_R01ZF_PERSON100003,R01ZF_REUSED_R01ZF_PERSON100003,1,8611,8611,True,R01ZF_REUSED_R01ZF_PERSON100003,"[[-14.504065416484885, 1.4357421790681002]]",15.939807595552985,16,-250,250,False,False,False
R01ZF,R01ZF_SARF000258,258,8600,FULL_CONTEXT_OFFLINE,R01ZF_SARF000258__FULL_CONTEXT_OFFLINE__R01ZF_REUSED_R01ZF_PERSON100004,R01ZF_REUSED_R01ZF_PERSON100004,1,8611,8611,True,R01ZF_REUSED_R01ZF_PERSON100004,"[[-15.104036116315285, 1.495739249051141]]",16.599775365366426,17,-250,250,False,False,False
R01ZF,R01ZF_SARF000258,258,8600,FULL_CONTEXT_OFFLINE,R01ZF_SARF000258__FULL_CONTEXT_OFFLINE__R01ZF_REUSED_R01ZF_PERSON100005,R01ZF_REUSED_R01ZF_PERSON100005,1,8667,8667,True,R01ZF_REUSED_R01ZF_PERSON100005,"[[-10.584256844259578, 5.575540007897885]]",16.159796852157463,18,-250,250,False,False,False
R01ZF,R01ZF_SARF000259,259,8633,CAUSAL_REPLAY,R01ZF_SARF000259__CAUSAL_REPLAY__R01ZF_REUSED_R01ZF_PERSON100003,R01ZF_REUSED_R01ZF_PERSON100003,1,8611,8611,False,R01ZF_REUSED_R01ZF_PERSON100003,"[[-14.504065416484885, 1.4357421790681002]]",15.939807595552985,19,-250,0,False,False,False
R01ZF,R01ZF_SARF000259,259,8633,CAUSAL_REPLAY,R01ZF_SARF000259__CAUSAL_REPLAY__R01ZF_REUSED_R01ZF_PERSON100004,R01ZF_REUSED_R01ZF_PERSON100004,1,8611,8611,False,R01ZF_REUSED_R01ZF_PERSON100004,"[[-15.104036116315285, 1.495739249051141]]",16.599775365366426,21,-250,0,False,False,False
R01ZF,R01ZF_SARF000259,259,8633,FIXED_LAG_100MS,R01ZF_SARF000259__FIXED_LAG_100MS__R01ZF_REUSED_R01ZF_PERSON100003,R01ZF_REUSED_R01ZF_PERSON100003,1,8611,8611,False,R01ZF_REUSED_R01ZF_PERSON100003,"[[-14.504065416484885, 1.4357421790681002]]",15.939807595552985,19,-250,100,False,False,False
R01ZF,R01ZF_SARF000259,259,8633,FIXED_LAG_100MS,R01ZF_SARF000259__FIXED_LAG_100MS__R01ZF_REUSED_R01ZF_PERSON100004,R01ZF_REUSED_R01ZF_PERSON100004,1,8611,8611,False,R01ZF_REUSED_R01ZF_PERSON100004,"[[-15.104036116315285, 1.495739249051141]]",16.599775365366426,21,-250,100,False,False,False
R01ZF,R01ZF_SARF000259,259,8633,FIXED_LAG_100MS,R01ZF_SARF000259__FIXED_LAG_100MS__R01ZF_REUSED_R01ZF_PERSON100005,R01ZF_REUSED_R01ZF_PERSON100005,1,8667,8667,True,R01ZF_REUSED_R01ZF_PERSON100005,"[[-10.584256844259578, 5.575540007897885]]",16.159796852157463,21,-250,100,False,False,False
R01ZF,R01ZF_SARF000259,259,8633,FULL_CONTEXT_OFFLINE,R01ZF_SARF000259__FULL_CONTEXT_OFFLINE__R01ZF_REUSED_R01ZF_PERSON100003,R01ZF_REUSED_R01ZF_PERSON100003,1,8611,8611,False,R01ZF_REUSED_R01ZF_PERSON100003,"[[-14.504065416484885, 1.4357421790681002]]",15.939807595552985,19,-250,250,False,False,False
R01ZF,R01ZF_SARF000259,259,8633,FULL_CONTEXT_OFFLINE,R01ZF_SARF000259__FULL_CONTEXT_OFFLINE__R01ZF_REUSED_R01ZF_PERSON100004,R01ZF_REUSED_R01ZF_PERSON100004,1,8611,8611,False,R01ZF_REUSED_R01ZF_PERSON100004,"[[-15.104036116315285, 1.495739249051141]]",16.599775365366426,21,-250,250,False,False,False
R01ZF,R01ZF_SARF000259,259,8633,FULL_CONTEXT_OFFLINE,R01ZF_SARF000259__FULL_CONTEXT_OFFLINE__R01ZF_REUSED_R01ZF_PERSON100005,R01ZF_REUSED_R01ZF_PERSON100005,1,8667,8667,True,R01ZF_REUSED_R01ZF_PERSON100005,"[[-10.584256844259578, 5.575540007897885]]",16.159796852157463,21,-250,250,False,False,False
R01ZF,R01ZF_SARF000260,260,8667,CAUSAL_REPLAY,R01ZF_SARF000260__CAUSAL_REPLAY__R01ZF_REUSED_R01ZF_PERSON100003,R01ZF_REUSED_R01ZF_PERSON100003,1,8611,8611,False,R01ZF_REUSED_R01ZF_PERSON100003,"[[-14.504065416484885, 1.4357421790681002]]",15.939807595552985,13,-250,0,False,False,False
R01ZF,R01ZF_SARF000260,260,8667,CAUSAL_REPLAY,R01ZF_SARF000260__CAUSAL_REPLAY__R01ZF_REUSED_R01ZF_PERSON100004,R01ZF_REUSED_R01ZF_PERSON100004,1,8611,8611,False,R01ZF_REUSED_R01ZF_PERSON100004,"[[-15.104036116315285, 1.495739249051141]]",16.599775365366426,15,-250,0,False,False,False
R01ZF,R01ZF_SARF000260,260,8667,CAUSAL_REPLAY,R01ZF_SARF000260__CAUSAL_REPLAY__R01ZF_REUSED_R01ZF_PERSON100005,R01ZF_REUSED_R01ZF_PERSON100005,1,8667,8667,False,R01ZF_REUSED_R01ZF_PERSON100005,"[[-10.584256844259578, 5.575540007897885]]",16.159796852157463,15,-250,0,False,False,False
R01ZF,R01ZF_SARF000260,260,8667,FIXED_LAG_100MS,R01ZF_SARF000260__FIXED_LAG_100MS__R01ZF_REUSED_R01ZF_PERSON100003,R01ZF_REUSED_R01ZF_PERSON100003,1,8611,8611,False,R01ZF_REUSED_R01ZF_PERSON100003,"[[-14.504065416484885, 1.4357421790681002]]",15.939807595552985,13,-250,100,False,False,False
R01ZF,R01ZF_SARF000260,260,8667,FIXED_LAG_100MS,R01ZF_SARF000260__FIXED_LAG_100MS__R01ZF_REUSED_R01ZF_PERSON100004,R01ZF_REUSED_R01ZF_PERSON100004,1,8611,8611,False,R01ZF_REUSED_R01ZF_PERSON100004,"[[-15.104036116315285, 1.495739249051141]]",16.599775365366426,15,-250,100,False,False,False
R01ZF,R01ZF_SARF000260,260,8667,FIXED_LAG_100MS,R01ZF_SARF000260__FIXED_LAG_100MS__R01ZF_REUSED_R01ZF_PERSON100005,R01ZF_REUSED_R01ZF_PERSON100005,1,8667,8667,False,R01ZF_REUSED_R01ZF_PERSON100005,"[[-10.584256844259578, 5.575540007897885]]",16.159796852157463,15,-250,100,False,False,False
R01ZF,R01ZF_SARF000260,260,8667,FULL_CONTEXT_OFFLINE,R01ZF_SARF000260__FULL_CONTEXT_OFFLINE__R01ZF_REUSED_R01ZF_PERSON100003,R01ZF_REUSED_R01ZF_PERSON100003,1,8611,8611,False,R01ZF_REUSED_R01ZF_PERSON100003,"[[-14.504065416484885, 1.4357421790681002]]",15.939807595552985,13,-250,250,False,False,False
R01ZF,R01ZF_SARF000260,260,8667,FULL_CONTEXT_OFFLINE,R01ZF_SARF000260__FULL_CONTEXT_OFFLINE__R01ZF_REUSED_R01ZF_PERSON100004,R01ZF_REUSED_R01ZF_PERSON100004,1,8611,8611,False,R01ZF_REUSED_R01ZF_PERSON100004,"[[-15.104036116315285, 1.495739249051141]]",16.599775365366426,15,-250,250,False,False,False
R01ZF,R01ZF_SARF000260,260,8667,FULL_CONTEXT_OFFLINE,R01ZF_SARF000260__FULL_CONTEXT_OFFLINE__R01ZF_REUSED_R01ZF_PERSON100005,R01ZF_REUSED_R01ZF_PERSON100005,1,8667,8667,False,R01ZF_REUSED_R01ZF_PERSON100005,"[[-10.584256844259578, 5.575540007897885]]",16.159796852157463,15,-250,250,False,False,False
R01ZF,R01ZF_SARF000261,261,8700,CAUSAL_REPLAY,R01ZF_SARF000261__CAUSAL_REPLAY__R01ZF_REUSED_R01ZF_PERSON100003,R01ZF_REUSED_R01ZF_PERSON100003,1,8611,8611,False,R01ZF_REUSED_R01ZF_PERSON100003,"[[-14.504065416484885, 1.4357421790681002]]",15.939807595552985,13,-250,0,False,False,False
R01ZF,R01ZF_SARF000261,261,8700,CAUSAL_REPLAY,R01ZF_SARF000261__CAUSAL_REPLAY__R01ZF_REUSED_R01ZF_PERSON100004,R01ZF_REUSED_R01ZF_PERSON100004,1,8611,8611,False,R01ZF_REUSED_R01ZF_PERSON100004,"[[-15.104036116315285, 1.495739249051141]]",16.599775365366426,13,-250,0,False,False,False
R01ZF,R01ZF_SARF000261,261,8700,CAUSAL_REPLAY,R01ZF_SARF000261__CAUSAL_REPLAY__R01ZF_REUSED_R01ZF_PERSON100005,R01ZF_REUSED_R01ZF_PERSON100005,1,8667,8667,False,R01ZF_REUSED_R01ZF_PERSON100005,"[[-10.584256844259578, 5.575540007897885]]",16.159796852157463,14,-250,0,False,False,False
R01ZF,R01ZF_SARF000261,261,8700,FIXED_LAG_100MS,R01ZF_SARF000261__FIXED_LAG_100MS__R01ZF_REUSED_R01ZF_PERSON100003,R01ZF_REUSED_R01ZF_PERSON100003,1,8611,8611,False,R01ZF_REUSED_R01ZF_PERSON100003,"[[-14.504065416484885, 1.4357421790681002]]",15.939807595552985,13,-250,100,False,False,False
R01ZF,R01ZF_SARF000261,261,8700,FIXED_LAG_100MS,R01ZF_SARF000261__FIXED_LAG_100MS__R01ZF_REUSED_R01ZF_PERSON100004,R01ZF_REUSED_R01ZF_PERSON100004,1,8611,8611,False,R01ZF_REUSED_R01ZF_PERSON100004,"[[-15.104036116315285, 1.495739249051141]]",16.599775365366426,13,-250,100,False,False,False
R01ZF,R01ZF_SARF000261,261,8700,FIXED_LAG_100MS,R01ZF_SARF000261__FIXED_LAG_100MS__R01ZF_REUSED_R01ZF_PERSON100005,R01ZF_REUSED_R01ZF_PERSON100005,1,8667,8667,False,R01ZF_REUSED_R01ZF_PERSON100005,"[[-10.584256844259578, 5.575540007897885]]",16.159796852157463,14,-250,100,False,False,False
R01ZF,R01ZF_SARF000261,261,8700,FULL_CONTEXT_OFFLINE,R01ZF_SARF000261__FULL_CONTEXT_OFFLINE__R01ZF_REUSED_R01ZF_PERSON100003,R01ZF_REUSED_R01ZF_PERSON100003,1,8611,8611,False,R01ZF_REUSED_R01ZF_PERSON100003,"[[-14.504065416484885, 1.4357421790681002]]",15.939807595552985,13,-250,250,False,False,False
R01ZF,R01ZF_SARF000261,261,8700,FULL_CONTEXT_OFFLINE,R01ZF_SARF000261__FULL_CONTEXT_OFFLINE__R01ZF_REUSED_R01ZF_PERSON100004,R01ZF_REUSED_R01ZF_PERSON100004,1,8611,8611,False,R01ZF_REUSED_R01ZF_PERSON100004,"[[-15.104036116315285, 1.495739249051141]]",16.599775365366426,13,-250,250,False,False,False
R01ZF,R01ZF_SARF000261,261,8700,FULL_CONTEXT_OFFLINE,R01ZF_SARF000261__FULL_CONTEXT_OFFLINE__R01ZF_REUSED_R01ZF_PERSON100005,R01ZF_REUSED_R01ZF_PERSON100005,1,8667,8667,False,R01ZF_REUSED_R01ZF_PERSON100005,"[[-10.584256844259578, 5.575540007897885]]",16.159796852157463,14,-250,250,False,False,False
R01ZF,R01ZF_SARF000262,262,8733,CAUSAL_REPLAY,R01ZF_SARF000262__CAUSAL_REPLAY__R01ZF_REUSED_R01ZF_PERSON100003,R01ZF_REUSED_R01ZF_PERSON100003,1,8611,8611,False,R01ZF_REUSED_R01ZF_PERSON100003,"[[-14.504065416484885, 1.4357421790681002]]",15.939807595552985,14,-250,0,False,False,False
R01ZF,R01ZF_SARF000262,262,8733,CAUSAL_REPLAY,R01ZF_SARF000262__CAUSAL_REPLAY__R01ZF_REUSED_R01ZF_PERSON100004,R01ZF_REUSED_R01ZF_PERSON100004,1,8611,8611,False,R01ZF_REUSED_R01ZF_PERSON100004,"[[-15.104036116315285, 1.495739249051141]]",16.599775365366426,15,-250,0,False,False,False
R01ZF,R01ZF_SARF000262,262,8733,CAUSAL_REPLAY,R01ZF_SARF000262__CAUSAL_REPLAY__R01ZF_REUSED_R01ZF_PERSON100005,R01ZF_REUSED_R01ZF_PERSON100005,1,8667,8667,False,R01ZF_REUSED_R01ZF_PERSON100005,"[[-10.584256844259578, 5.575540007897885]]",16.159796852157463,14,-250,0,False,False,False
R01ZF,R01ZF_SARF000262,262,8733,FIXED_LAG_100MS,R01ZF_SARF000262__FIXED_LAG_100MS__R01ZF_REUSED_R01ZF_PERSON100003,R01ZF_REUSED_R01ZF_PERSON100003,1,8611,8611,False,R01ZF_REUSED_R01ZF_PERSON100003,"[[-14.504065416484885, 1.4357421790681002]]",15.939807595552985,14,-250,100,False,False,False
R01ZF,R01ZF_SARF000262,262,8733,FIXED_LAG_100MS,R01ZF_SARF000262__FIXED_LAG_100MS__R01ZF_REUSED_R01ZF_PERSON100004,R01ZF_REUSED_R01ZF_PERSON100004,1,8611,8611,False,R01ZF_REUSED_R01ZF_PERSON100004,"[[-15.104036116315285, 1.495739249051141]]",16.599775365366426,15,-250,100,False,False,False
R01ZF,R01ZF_SARF000262,262,8733,FIXED_LAG_100MS,R01ZF_SARF000262__FIXED_LAG_100MS__R01ZF_REUSED_R01ZF_PERSON100005,R01ZF_REUSED_R01ZF_PERSON100005,1,8667,8667,False,R01ZF_REUSED_R01ZF_PERSON100005,"[[-10.584256844259578, 5.575540007897885]]",16.159796852157463,14,-250,100,False,False,False
R01ZF,R01ZF_SARF000262,262,8733,FULL_CONTEXT_OFFLINE,R01ZF_SARF000262__FULL_CONTEXT_OFFLINE__R01ZF_REUSED_R01ZF_PERSON100003,R01ZF_REUSED_R01ZF_PERSON100003,1,8611,8611,False,R01ZF_REUSED_R01ZF_PERSON100003,"[[-14.504065416484885, 1.4357421790681002]]",15.939807595552985,14,-250,250,False,False,False
R01ZF,R01ZF_SARF000262,262,8733,FULL_CONTEXT_OFFLINE,R01ZF_SARF000262__FULL_CONTEXT_OFFLINE__R01ZF_REUSED_R01ZF_PERSON100004,R01ZF_REUSED_R01ZF_PERSON100004,1,8611,8611,False,R01ZF_REUSED_R01ZF_PERSON100004,"[[-15.104036116315285, 1.495739249051141]]",16.599775365366426,15,-250,250,False,False,False
R01ZF,R01ZF_SARF000262,262,8733,FULL_CONTEXT_OFFLINE,R01ZF_SARF000262__FULL_CONTEXT_OFFLINE__R01ZF_REUSED_R01ZF_PERSON100005,R01ZF_REUSED_R01ZF_PERSON100005,1,8667,8667,False,R01ZF_REUSED_R01ZF_PERSON100005,"[[-10.584256844259578, 5.575540007897885]]",16.159796852157463,14,-250,250,False,False,False
R01ZF,R01ZF_SARF000263,263,8767,CAUSAL_REPLAY,R01ZF_SARF000263__CAUSAL_REPLAY__R01ZF_REUSED_R01ZF_PERSON100003,R01ZF_REUSED_R01ZF_PERSON100003,1,8611,8611,False,R01ZF_REUSED_R01ZF_PERSON100003,"[[-14.504065416484885, 1.4357421790681002]]",15.939807595552985,18,-250,0,False,False,False
R01ZF,R01ZF_SARF000263,263,8767,CAUSAL_REPLAY,R01ZF_SARF000263__CAUSAL_REPLAY__R01ZF_REUSED_R01ZF_PERSON100004,R01ZF_REUSED_R01ZF_PERSON100004,1,8611,8611,False,R01ZF_REUSED_R01ZF_PERSON100004,"[[-15.104036116315285, 1.495739249051141]]",16.599775365366426,18,-250,0,False,False,False
R01ZF,R01ZF_SARF000263,263,8767,CAUSAL_REPLAY,R01ZF_SARF000263__CAUSAL_REPLAY__R01ZF_REUSED_R01ZF_PERSON100005,R01ZF_REUSED_R01ZF_PERSON100005,1,8667,8667,False,R01ZF_REUSED_R01ZF_PERSON100005,"[[-10.584256844259578, 5.575540007897885]]",16.159796852157463,19,-250,0,False,False,False
R01ZF,R01ZF_SARF000263,263,8767,FIXED_LAG_100MS,R01ZF_SARF000263__FIXED_LAG_100MS__R01ZF_REUSED_R01ZF_PERSON100003,R01ZF_REUSED_R01ZF_PERSON100003,1,8611,8611,False,R01ZF_REUSED_R01ZF_PERSON100003,"[[-14.504065416484885, 1.4357421790681002]]",15.939807595552985,18,-250,100,False,False,False
R01ZF,R01ZF_SARF000263,263,8767,FIXED_LAG_100MS,R01ZF_SARF000263__FIXED_LAG_100MS__R01ZF_REUSED_R01ZF_PERSON100004,R01ZF_REUSED_R01ZF_PERSON100004,1,8611,8611,False,R01ZF_REUSED_R01ZF_PERSON100004,"[[-15.104036116315285, 1.495739249051141]]",16.599775365366426,18,-250,100,False,False,False
R01ZF,R01ZF_SARF000263,263,8767,FIXED_LAG_100MS,R01ZF_SARF000263__FIXED_LAG_100MS__R01ZF_REUSED_R01ZF_PERSON100005,R01ZF_REUSED_R01ZF_PERSON100005,1,8667,8667,False,R01ZF_REUSED_R01ZF_PERSON100005,"[[-10.584256844259578, 5.575540007897885]]",16.159796852157463,19,-250,100,False,False,False
R01ZF,R01ZF_SARF000263,263,8767,FULL_CONTEXT_OFFLINE,R01ZF_SARF000263__FULL_CONTEXT_OFFLINE__R01ZF_REUSED_R01ZF_PERSON100003,R01ZF_REUSED_R01ZF_PERSON100003,1,8611,8611,False,R01ZF_REUSED_R01ZF_PERSON100003,"[[-14.504065416484885, 1.4357421790681002]]",15.939807595552985,18,-250,250,False,False,False
R01ZF,R01ZF_SARF000263,263,8767,FULL_CONTEXT_OFFLINE,R01ZF_SARF000263__FULL_CONTEXT_OFFLINE__R01ZF_REUSED_R01ZF_PERSON100004,R01ZF_REUSED_R01ZF_PERSON100004,1,8611,8611,False,R01ZF_REUSED_R01ZF_PERSON100004,"[[-15.104036116315285, 1.495739249051141]]",16.599775365366426,18,-250,250,False,False,False
R01ZF,R01ZF_SARF000263,263,8767,FULL_CONTEXT_OFFLINE,R01ZF_SARF000263__FULL_CONTEXT_OFFLINE__R01ZF_REUSED_R01ZF_PERSON100005,R01ZF_REUSED_R01ZF_PERSON100005,1,8667,8667,False,R01ZF_REUSED_R01ZF_PERSON100005,"[[-10.584256844259578, 5.575540007897885]]",16.159796852157463,19,-250,250,False,False,False
R01ZF,R01ZF_SARF000264,264,8800,CAUSAL_REPLAY,R01ZF_SARF000264__CAUSAL_REPLAY__R01ZF_REUSED_R01ZF_PERSON100003,R01ZF_REUSED_R01ZF_PERSON100003,1,8611,8611,False,R01ZF_REUSED_R01ZF_PERSON100003,"[[-14.504065416484885, 1.4357421790681002]]",15.939807595552985,11,-250,0,False,False,False
R01ZF,R01ZF_SARF000264,264,8800,CAUSAL_REPLAY,R01ZF_SARF000264__CAUSAL_REPLAY__R01ZF_REUSED_R01ZF_PERSON100004,R01ZF_REUSED_R01ZF_PERSON100004,1,8611,8611,False,R01ZF_REUSED_R01ZF_PERSON100004,"[[-15.104036116315285, 1.495739249051141]]",16.599775365366426,11,-250,0,False,False,False
R01ZF,R01ZF_SARF000264,264,8800,CAUSAL_REPLAY,R01ZF_SARF000264__CAUSAL_REPLAY__R01ZF_REUSED_R01ZF_PERSON100005,R01ZF_REUSED_R01ZF_PERSON100005,1,8667,8667,False,R01ZF_REUSED_R01ZF_PERSON100005,"[[-10.584256844259578, 5.575540007897885]]",16.159796852157463,14,-250,0,False,False,False
R01ZF,R01ZF_SARF000264,264,8800,FIXED_LAG_100MS,R01ZF_SARF000264__FIXED_LAG_100MS__R01ZF_REUSED_R01ZF_PERSON100003,R01ZF_REUSED_R01ZF_PERSON100003,1,8611,8611,False,R01ZF_REUSED_R01ZF_PERSON100003,"[[-14.504065416484885, 1.4357421790681002]]",15.939807595552985,11,-250,100,False,False,False
R01ZF,R01ZF_SARF000264,264,8800,FIXED_LAG_100MS,R01ZF_SARF000264__FIXED_LAG_100MS__R01ZF_REUSED_R01ZF_PERSON100004,R01ZF_REUSED_R01ZF_PERSON100004,1,8611,8611,False,R01ZF_REUSED_R01ZF_PERSON100004,"[[-15.104036116315285, 1.495739249051141]]",16.599775365366426,11,-250,100,False,False,False
R01ZF,R01ZF_SARF000264,264,8800,FIXED_LAG_100MS,R01ZF_SARF000264__FIXED_LAG_100MS__R01ZF_REUSED_R01ZF_PERSON100005,R01ZF_REUSED_R01ZF_PERSON100005,1,8667,8667,False,R01ZF_REUSED_R01ZF_PERSON100005,"[[-10.584256844259578, 5.575540007897885]]",16.159796852157463,14,-250,100,False,False,False
R01ZF,R01ZF_SARF000264,264,8800,FULL_CONTEXT_OFFLINE,R01ZF_SARF000264__FULL_CONTEXT_OFFLINE__R01ZF_REUSED_R01ZF_PERSON100003,R01ZF_REUSED_R01ZF_PERSON100003,1,8611,8611,False,R01ZF_REUSED_R01ZF_PERSON100003,"[[-14.504065416484885, 1.4357421790681002]]",15.939807595552985,11,-250,250,False,False,False
R01ZF,R01ZF_SARF000264,264,8800,FULL_CONTEXT_OFFLINE,R01ZF_SARF000264__FULL_CONTEXT_OFFLINE__R01ZF_REUSED_R01ZF_PERSON100004,R01ZF_REUSED_R01ZF_PERSON100004,1,8611,8611,False,R01ZF_REUSED_R01ZF_PERSON100004,"[[-15.104036116315285, 1.495739249051141]]",16.599775365366426,11,-250,250,False,False,False
R01ZF,R01ZF_SARF000264,264,8800,FULL_CONTEXT_OFFLINE,R01ZF_SARF000264__FULL_CONTEXT_OFFLINE__R01ZF_REUSED_R01ZF_PERSON100005,R01ZF_REUSED_R01ZF_PERSON100005,1,8667,8667,False,R01ZF_REUSED_R01ZF_PERSON100005,"[[-10.584256844259578, 5.575540007897885]]",16.159796852157463,14,-250,250,False,False,False
R01ZF,R01ZF_SARF000265,265,8833,CAUSAL_REPLAY,R01ZF_SARF000265__CAUSAL_REPLAY__R01ZF_REUSED_R01ZF_PERSON100003,R01ZF_REUSED_R01ZF_PERSON100003,1,8611,8611,False,R01ZF_REUSED_R01ZF_PERSON100003,"[[-14.504065416484885, 1.4357421790681002]]",15.939807595552985,15,-250,0,False,False,False
R01ZF,R01ZF_SARF000265,265,8833,CAUSAL_REPLAY,R01ZF_SARF000265__CAUSAL_REPLAY__R01ZF_REUSED_R01ZF_PERSON100004,R01ZF_REUSED_R01ZF_PERSON100004,1,8611,8611,False,R01ZF_REUSED_R01ZF_PERSON100004,"[[-15.104036116315285, 1.495739249051141]]",16.599775365366426,15,-250,0,False,False,False
R01ZF,R01ZF_SARF000265,265,8833,CAUSAL_REPLAY,R01ZF_SARF000265__CAUSAL_REPLAY__R01ZF_REUSED_R01ZF_PERSON100005,R01ZF_REUSED_R01ZF_PERSON100005,1,8667,8667,False,R01ZF_REUSED_R01ZF_PERSON100005,"[[-10.584256844259578, 5.575540007897885]]",16.159796852157463,15,-250,0,False,False,False
R01ZF,R01ZF_SARF000265,265,8833,FIXED_LAG_100MS,R01ZF_SARF000265__FIXED_LAG_100MS__R01ZF_REUSED_R01ZF_PERSON100003,R01ZF_REUSED_R01ZF_PERSON100003,1,8611,8611,False,R01ZF_REUSED_R01ZF_PERSON100003,"[[-14.504065416484885, 1.4357421790681002]]",15.939807595552985,15,-250,100,False,False,False
R01ZF,R01ZF_SARF000265,265,8833,FIXED_LAG_100MS,R01ZF_SARF000265__FIXED_LAG_100MS__R01ZF_REUSED_R01ZF_PERSON100004,R01ZF_REUSED_R01ZF_PERSON100004,1,8611,8611,False,R01ZF_REUSED_R01ZF_PERSON100004,"[[-15.104036116315285, 1.495739249051141]]",16.599775365366426,15,-250,100,False,False,False
R01ZF,R01ZF_SARF000265,265,8833,FIXED_LAG_100MS,R01ZF_SARF000265__FIXED_LAG_100MS__R01ZF_REUSED_R01ZF_PERSON100005,R01ZF_REUSED_R01ZF_PERSON100005,1,8667,8667,False,R01ZF_REUSED_R01ZF_PERSON100005,"[[-10.584256844259578, 5.575540007897885]]",16.159796852157463,15,-250,100,False,False,False
R01ZF,R01ZF_SARF000265,265,8833,FULL_CONTEXT_OFFLINE,R01ZF_SARF000265__FULL_CONTEXT_OFFLINE__R01ZF_REUSED_R01ZF_PERSON100003,R01ZF_REUSED_R01ZF_PERSON100003,1,8611,8611,False,R01ZF_REUSED_R01ZF_PERSON100003,"[[-14.504065416484885, 1.4357421790681002]]",15.939807595552985,15,-250,250,False,False,False
R01ZF,R01ZF_SARF000265,265,8833,FULL_CONTEXT_OFFLINE,R01ZF_SARF000265__FULL_CONTEXT_OFFLINE__R01ZF_REUSED_R01ZF_PERSON100004,R01ZF_REUSED_R01ZF_PERSON100004,1,8611,8611,False,R01ZF_REUSED_R01ZF_PERSON100004,"[[-15.104036116315285, 1.495739249051141]]",16.599775365366426,15,-250,250,False,False,False
R01ZF,R01ZF_SARF000265,265,8833,FULL_CONTEXT_OFFLINE,R01ZF_SARF000265__FULL_CONTEXT_OFFLINE__R01ZF_REUSED_R01ZF_PERSON100005,R01ZF_REUSED_R01ZF_PERSON100005,1,8667,8667,False,R01ZF_REUSED_R01ZF_PERSON100005,"[[-10.584256844259578, 5.575540007897885]]",16.159796852157463,15,-250,250,False,False,False
R01ZF,R01ZF_SARF000266,266,8867,CAUSAL_REPLAY,R01ZF_SARF000266__CAUSAL_REPLAY__R01ZF_REUSED_R01ZF_PERSON100005,R01ZF_REUSED_R01ZF_PERSON100005,1,8667,8667,False,R01ZF_REUSED_R01ZF_PERSON100005,"[[-10.584256844259578, 5.575540007897885]]",16.159796852157463,17,-250,0,False,False,False
R01ZF,R01ZF_SARF000266,266,8867,FIXED_LAG_100MS,R01ZF_SARF000266__FIXED_LAG_100MS__R01ZF_REUSED_R01ZF_PERSON100005,R01ZF_REUSED_R01ZF_PERSON100005,1,8667,8667,False,R01ZF_REUSED_R01ZF_PERSON100005,"[[-10.584256844259578, 5.575540007897885]]",16.159796852157463,17,-250,100,False,False,False
R01ZF,R01ZF_SARF000266,266,8867,FULL_CONTEXT_OFFLINE,R01ZF_SARF000266__FULL_CONTEXT_OFFLINE__R01ZF_REUSED_R01ZF_PERSON100005,R01ZF_REUSED_R01ZF_PERSON100005,1,8667,8667,False,R01ZF_REUSED_R01ZF_PERSON100005,"[[-10.584256844259578, 5.575540007897885]]",16.159796852157463,17,-250,250,False,False,False
R01ZF,R01ZF_SARF000267,267,8900,CAUSAL_REPLAY,R01ZF_SARF000267__CAUSAL_REPLAY__R01ZF_REUSED_R01ZF_PERSON100005,R01ZF_REUSED_R01ZF_PERSON100005,1,8667,8667,False,R01ZF_REUSED_R01ZF_PERSON100005,"[[-10.584256844259578, 5.575540007897885]]",16.159796852157463,15,-250,0,False,False,False
R01ZF,R01ZF_SARF000267,267,8900,FIXED_LAG_100MS,R01ZF_SARF000267__FIXED_LAG_100MS__R01ZF_REUSED_R01ZF_PERSON100005,R01ZF_REUSED_R01ZF_PERSON100005,1,8667,8667,False,R01ZF_REUSED_R01ZF_PERSON100005,"[[-10.584256844259578, 5.575540007897885]]",16.159796852157463,15,-250,100,False,False,False
R01ZF,R01ZF_SARF000267,267,8900,FULL_CONTEXT_OFFLINE,R01ZF_SARF000267__FULL_CONTEXT_OFFLINE__R01ZF_REUSED_R01ZF_PERSON100005,R01ZF_REUSED_R01ZF_PERSON100005,1,8667,8667,False,R01ZF_REUSED_R01ZF_PERSON100005,"[[-10.584256844259578, 5.575540007897885]]",16.159796852157463,15,-250,250,False,False,False
R01ZF,R01ZF_SARF000450,450,15000,FULL_CONTEXT_OFFLINE,R01ZF_SARF000450__FULL_CONTEXT_OFFLINE__R01ZF_REUSED_R01ZF_PERSON100006,R01ZF_REUSED_R01ZF_PERSON100006,1,15222,15222,True,R01ZF_REUSED_R01ZF_PERSON100006,"[[-51.50007117951663, -38.80479263414025]]",12.695278545376382,0,-250,250,False,False,False
R01ZF,R01ZF_SARF000451,451,15033,FULL_CONTEXT_OFFLINE,R01ZF_SARF000451__FULL_CONTEXT_OFFLINE__R01ZF_REUSED_R01ZF_PERSON100006,R01ZF_REUSED_R01ZF_PERSON100006,1,15222,15222,True,R01ZF_REUSED_R01ZF_PERSON100006,"[[-51.50007117951663, -38.80479263414025]]",12.695278545376382,0,-250,250,False,False,False
R01ZF,R01ZF_SARF000451,451,15033,FULL_CONTEXT_OFFLINE,R01ZF_SARF000451__FULL_CONTEXT_OFFLINE__R01ZF_REUSED_R01ZF_PERSON100007,R01ZF_REUSED_R01ZF_PERSON100007,1,15278,15278,True,R01ZF_REUSED_R01ZF_PERSON100007,"[[-51.5016336032141, -38.236695377738336]]",13.264938225475767,0,-250,250,False,False,False
R01ZF,R01ZF_SARF000451,451,15033,FULL_CONTEXT_OFFLINE,R01ZF_SARF000451__FULL_CONTEXT_OFFLINE__R01ZF_REUSED_R01ZF_PERSON100008,R01ZF_REUSED_R01ZF_PERSON100008,1,15278,15278,True,R01ZF_REUSED_R01ZF_PERSON100008,"[[48.012881505843154, 59.833559435023005]]",11.820677929179851,1,-250,250,False,False,False
R01ZF,R01ZF_SARF000452,452,15067,FULL_CONTEXT_OFFLINE,R01ZF_SARF000452__FULL_CONTEXT_OFFLINE__R01ZF_REUSED_R01ZF_PERSON100006,R01ZF_REUSED_R01ZF_PERSON100006,1,15222,15222,True,R01ZF_REUSED_R01ZF_PERSON100006,"[[-51.50007117951663, -38.80479263414025]]",12.695278545376382,0,-250,250,False,False,False
R01ZF,R01ZF_SARF000452,452,15067,FULL_CONTEXT_OFFLINE,R01ZF_SARF000452__FULL_CONTEXT_OFFLINE__R01ZF_REUSED_R01ZF_PERSON100007,R01ZF_REUSED_R01ZF_PERSON100007,1,15278,15278,True,R01ZF_REUSED_R01ZF_PERSON100007,"[[-51.5016336032141, -38.236695377738336]]",13.264938225475767,0,-250,250,False,False,False
R01ZF,R01ZF_SARF000452,452,15067,FULL_CONTEXT_OFFLINE,R01ZF_SARF000452__FULL_CONTEXT_OFFLINE__R01ZF_REUSED_R01ZF_PERSON100008,R01ZF_REUSED_R01ZF_PERSON100008,1,15278,15278,True,R01ZF_REUSED_R01ZF_PERSON100008,"[[48.012881505843154, 59.833559435023005]]",11.820677929179851,1,-250,250,False,False,False
R01ZF,R01ZF_SARF000453,453,15100,FULL_CONTEXT_OFFLINE,R01ZF_SARF000453__FULL_CONTEXT_OFFLINE__R01ZF_REUSED_R01ZF_PERSON014,R01ZF_REUSED_R01ZF_PERSON014,1,15333,15333,True,R01ZF_REUSED_R01ZF_PERSON014,"[[-51.38870106398502, -37.63457675220403]]",13.754124311780984,0,-250,250,False,False,False
R01ZF,R01ZF_SARF000453,453,15100,FULL_CONTEXT_OFFLINE,R01ZF_SARF000453__FULL_CONTEXT_OFFLINE__R01ZF_REUSED_R01ZF_PERSON100006,R01ZF_REUSED_R01ZF_PERSON100006,1,15222,15222,True,R01ZF_REUSED_R01ZF_PERSON100006,"[[-51.50007117951663, -38.80479263414025]]",12.695278545376382,0,-250,250,False,False,False
R01ZF,R01ZF_SARF000453,453,15100,FULL_CONTEXT_OFFLINE,R01ZF_SARF000453__FULL_CONTEXT_OFFLINE__R01ZF_REUSED_R01ZF_PERSON100007,R01ZF_REUSED_R01ZF_PERSON100007,1,15278,15278,True,R01ZF_REUSED_R01ZF_PERSON100007,"[[-51.5016336032141, -38.236695377738336]]",13.264938225475767,0,-250,250,False,False,False
R01ZF,R01ZF_SARF000453,453,15100,FULL_CONTEXT_OFFLINE,R01ZF_SARF000453__FULL_CONTEXT_OFFLINE__R01ZF_REUSED_R01ZF_PERSON100008,R01ZF_REUSED_R01ZF_PERSON100008,1,15278,15278,True,R01ZF_REUSED_R01ZF_PERSON100008,"[[48.012881505843154, 59.833559435023005]]",11.820677929179851,1,-250,250,False,False,False
R01ZF,R01ZF_SARF000454,454,15133,FIXED_LAG_100MS,R01ZF_SARF000454__FIXED_LAG_100MS__R01ZF_REUSED_R01ZF_PERSON100006,R01ZF_REUSED_R01ZF_PERSON100006,1,15222,15222,True,R01ZF_REUSED_R01ZF_PERSON100006,"[[-51.50007117951663, -38.80479263414025]]",12.695278545376382,0,-250,100,False,False,False
R01ZF,R01ZF_SARF000454,454,15133,FULL_CONTEXT_OFFLINE,R01ZF_SARF000454__FULL_CONTEXT_OFFLINE__R01ZF_REUSED_R01ZF_PERSON014,R01ZF_REUSED_R01ZF_PERSON014,1,15333,15333,True,R01ZF_REUSED_R01ZF_PERSON014,"[[-51.38870106398502, -37.63457675220403]]",13.754124311780984,0,-250,250,False,False,False
R01ZF,R01ZF_SARF000454,454,15133,FULL_CONTEXT_OFFLINE,R01ZF_SARF000454__FULL_CONTEXT_OFFLINE__R01ZF_REUSED_R01ZF_PERSON100006,R01ZF_REUSED_R01ZF_PERSON100006,1,15222,15222,True,R01ZF_REUSED_R01ZF_PERSON100006,"[[-51.50007117951663, -38.80479263414025]]",12.695278545376382,0,-250,250,False,False,False
R01ZF,R01ZF_SARF000454,454,15133,FULL_CONTEXT_OFFLINE,R01ZF_SARF000454__FULL_CONTEXT_OFFLINE__R01ZF_REUSED_R01ZF_PERSON100007,R01ZF_REUSED_R01ZF_PERSON100007,1,15278,15278,True,R01ZF_REUSED_R01ZF_PERSON100007,"[[-51.5016336032141, -38.236695377738336]]",13.264938225475767,0,-250,250,False,False,False
R01ZF,R01ZF_SARF000454,454,15133,FULL_CONTEXT_OFFLINE,R01ZF_SARF000454__FULL_CONTEXT_OFFLINE__R01ZF_REUSED_R01ZF_PERSON100008,R01ZF_REUSED_R01ZF_PERSON100008,1,15278,15278,True,R01ZF_REUSED_R01ZF_PERSON100008,"[[48.012881505843154, 59.833559435023005]]",11.820677929179851,3,-250,250,False,False,False
R01ZF,R01ZF_SARF000455,455,15167,FIXED_LAG_100MS,R01ZF_SARF000455__FIXED_LAG_100MS__R01ZF_REUSED_R01ZF_PERSON100006,R01ZF_REUSED_R01ZF_PERSON100006,1,15222,15222,True,R01ZF_REUSED_R01ZF_PERSON100006,"[[-51.50007117951663, -38.80479263414025]]",12.695278545376382,0,-250,100,False,False,False
R01ZF,R01ZF_SARF000455,455,15167,FULL_CONTEXT_OFFLINE,R01ZF_SARF000455__FULL_CONTEXT_OFFLINE__R01ZF_REUSED_R01ZF_PERSON014,R01ZF_REUSED_R01ZF_PERSON014,2,15333,15389,True,R01ZF_REUSED_R01ZF_PERSON014,"[[-51.38870106398502, -37.058781100603625]]",14.329919963381393,0,-250,250,False,False,False
R01ZF,R01ZF_SARF000455,455,15167,FULL_CONTEXT_OFFLINE,R01ZF_SARF000455__FULL_CONTEXT_OFFLINE__R01ZF_REUSED_R01ZF_PERSON100006,R01ZF_REUSED_R01ZF_PERSON100006,1,15222,15222,True,R01ZF_REUSED_R01ZF_PERSON100006,"[[-51.50007117951663, -38.80479263414025]]",12.695278545376382,0,-250,250,False,False,False
R01ZF,R01ZF_SARF000455,455,15167,FULL_CONTEXT_OFFLINE,R01ZF_SARF000455__FULL_CONTEXT_OFFLINE__R01ZF_REUSED_R01ZF_PERSON100007,R01ZF_REUSED_R01ZF_PERSON100007,1,15278,15278,True,R01ZF_REUSED_R01ZF_PERSON100007,"[[-51.5016336032141, -38.236695377738336]]",13.264938225475767,0,-250,250,False,False,False
R01ZF,R01ZF_SARF000455,455,15167,FULL_CONTEXT_OFFLINE,R01ZF_SARF000455__FULL_CONTEXT_OFFLINE__R01ZF_REUSED_R01ZF_PERSON100008,R01ZF_REUSED_R01ZF_PERSON100008,1,15278,15278,True,R01ZF_REUSED_R01ZF_PERSON100008,"[[48.012881505843154, 59.833559435023005]]",11.820677929179851,2,-250,250,False,False,False
R01ZF,R01ZF_SARF000456,456,15200,FIXED_LAG_100MS,R01ZF_SARF000456__FIXED_LAG_100MS__R01ZF_REUSED_R01ZF_PERSON100006,R01ZF_REUSED_R01ZF_PERSON100006,1,15222,15222,True,R01ZF_REUSED_R01ZF_PERSON100006,"[[-51.50007117951663, -38.80479263414025]]",12.695278545376382,0,-250,100,False,False,False
R01ZF,R01ZF_SARF000456,456,15200,FIXED_LAG_100MS,R01ZF_SARF000456__FIXED_LAG_100MS__R01ZF_REUSED_R01ZF_PERSON100007,R01ZF_REUSED_R01ZF_PERSON100007,1,15278,15278,True,R01ZF_REUSED_R01ZF_PERSON100007,"[[-51.5016336032141, -38.236695377738336]]",13.264938225475767,0,-250,100,False,False,False
R01ZF,R01ZF_SARF000456,456,15200,FIXED_LAG_100MS,R01ZF_SARF000456__FIXED_LAG_100MS__R01ZF_REUSED_R01ZF_PERSON100008,R01ZF_REUSED_R01ZF_PERSON100008,1,15278,15278,True,R01ZF_REUSED_R01ZF_PERSON100008,"[[48.012881505843154, 59.833559435023005]]",11.820677929179851,1,-250,100,False,False,False
R01ZF,R01ZF_SARF000456,456,15200,FULL_CONTEXT_OFFLINE,R01ZF_SARF000456__FULL_CONTEXT_OFFLINE__R01ZF_REUSED_R01ZF_PERSON014,R01ZF_REUSED_R01ZF_PERSON014,3,15333,15444,True,R01ZF_REUSED_R01ZF_PERSON014,"[[-51.38870106398502, -36.48697817393449]]",14.901722890050529,0,-250,250,False,False,False
R01ZF,R01ZF_SARF000456,456,15200,FULL_CONTEXT_OFFLINE,R01ZF_SARF000456__FULL_CONTEXT_OFFLINE__R01ZF_REUSED_R01ZF_PERSON100006,R01ZF_REUSED_R01ZF_PERSON100006,1,15222,15222,True,R01ZF_REUSED_R01ZF_PERSON100006,"[[-51.50007117951663, -38.80479263414025]]",12.695278545376382,0,-250,250,False,False,False
R01ZF,R01ZF_SARF000456,456,15200,FULL_CONTEXT_OFFLINE,R01ZF_SARF000456__FULL_CONTEXT_OFFLINE__R01ZF_REUSED_R01ZF_PERSON100007,R01ZF_REUSED_R01ZF_PERSON100007,1,15278,15278,True,R01ZF_REUSED_R01ZF_PERSON100007,"[[-51.5016336032141, -38.236695377738336]]",13.264938225475767,0,-250,250,False,False,False
R01ZF,R01ZF_SARF000456,456,15200,FULL_CONTEXT_OFFLINE,R01ZF_SARF000456__FULL_CONTEXT_OFFLINE__R01ZF_REUSED_R01ZF_PERSON100008,R01ZF_REUSED_R01ZF_PERSON100008,1,15278,15278,True,R01ZF_REUSED_R01ZF_PERSON100008,"[[48.012881505843154, 59.833559435023005]]",11.820677929179851,1,-250,250,False,False,False
R01ZF,R01ZF_SARF000457,457,15233,CAUSAL_REPLAY,R01ZF_SARF000457__CAUSAL_REPLAY__R01ZF_REUSED_R01ZF_PERSON100006,R01ZF_REUSED_R01ZF_PERSON100006,1,15222,15222,False,R01ZF_REUSED_R01ZF_PERSON100006,"[[-51.50007117951663, -38.80479263414025]]",12.695278545376382,0,-250,0,False,False,False
R01ZF,R01ZF_SARF000457,457,15233,FIXED_LAG_100MS,R01ZF_SARF000457__FIXED_LAG_100MS__R01ZF_REUSED_R01ZF_PERSON014,R01ZF_REUSED_R01ZF_PERSON014,1,15333,15333,True,R01ZF_REUSED_R01ZF_PERSON014,"[[-51.38870106398502, -37.63457675220403]]",13.754124311780984,0,-250,100,False,False,False
R01ZF,R01ZF_SARF000457,457,15233,FIXED_LAG_100MS,R01ZF_SARF000457__FIXED_LAG_100MS__R01ZF_REUSED_R01ZF_PERSON100006,R01ZF_REUSED_R01ZF_PERSON100006,1,15222,15222,False,R01ZF_REUSED_R01ZF_PERSON100006,"[[-51.50007117951663, -38.80479263414025]]",12.695278545376382,0,-250,100,False,False,False
R01ZF,R01ZF_SARF000457,457,15233,FIXED_LAG_100MS,R01ZF_SARF000457__FIXED_LAG_100MS__R01ZF_REUSED_R01ZF_PERSON100007,R01ZF_REUSED_R01ZF_PERSON100007,1,15278,15278,True,R01ZF_REUSED_R01ZF_PERSON100007,"[[-51.5016336032141, -38.236695377738336]]",13.264938225475767,0,-250,100,False,False,False
R01ZF,R01ZF_SARF000457,457,15233,FIXED_LAG_100MS,R01ZF_SARF000457__FIXED_LAG_100MS__R01ZF_REUSED_R01ZF_PERSON100008,R01ZF_REUSED_R01ZF_PERSON100008,1,15278,15278,True,R01ZF_REUSED_R01ZF_PERSON100008,"[[48.012881505843154, 59.833559435023005]]",11.820677929179851,1,-250,100,False,False,False
R01ZF,R01ZF_SARF000457,457,15233,FULL_CONTEXT_OFFLINE,R01ZF_SARF000457__FULL_CONTEXT_OFFLINE__R01ZF_REUSED_R01ZF_PERSON014,R01ZF_REUSED_R01ZF_PERSON014,3,15333,15444,True,R01ZF_REUSED_R01ZF_PERSON014,"[[-51.38870106398502, -36.48697817393449]]",14.901722890050529,0,-250,250,False,False,False
R01ZF,R01ZF_SARF000457,457,15233,FULL_CONTEXT_OFFLINE,R01ZF_SARF000457__FULL_CONTEXT_OFFLINE__R01ZF_REUSED_R01ZF_PERSON100006,R01ZF_REUSED_R01ZF_PERSON100006,1,15222,15222,False,R01ZF_REUSED_R01ZF_PERSON100006,"[[-51.50007117951663, -38.80479263414025]]",12.695278545376382,0,-250,250,False,False,False
R01ZF,R01ZF_SARF000457,457,15233,FULL_CONTEXT_OFFLINE,R01ZF_SARF000457__FULL_CONTEXT_OFFLINE__R01ZF_REUSED_R01ZF_PERSON100007,R01ZF_REUSED_R01ZF_PERSON100007,1,15278,15278,True,R01ZF_REUSED_R01ZF_PERSON100007,"[[-51.5016336032141, -38.236695377738336]]",13.264938225475767,0,-250,250,False,False,False
R01ZF,R01ZF_SARF000457,457,15233,FULL_CONTEXT_OFFLINE,R01ZF_SARF000457__FULL_CONTEXT_OFFLINE__R01ZF_REUSED_R01ZF_PERSON100008,R01ZF_REUSED_R01ZF_PERSON100008,1,15278,15278,True,R01ZF_REUSED_R01ZF_PERSON100008,"[[48.012881505843154, 59.833559435023005]]",11.820677929179851,1,-250,250,False,False,False
R01ZF,R01ZF_SARF000458,458,15267,CAUSAL_REPLAY,R01ZF_SARF000458__CAUSAL_REPLAY__R01ZF_REUSED_R01ZF_PERSON100006,R01ZF_REUSED_R01ZF_PERSON100006,1,15222,15222,False,R01ZF_REUSED_R01ZF_PERSON100006,"[[-51.50007117951663, -38.80479263414025]]",12.695278545376382,1,-250,0,False,False,False
R01ZF,R01ZF_SARF000458,458,15267,FIXED_LAG_100MS,R01ZF_SARF000458__FIXED_LAG_100MS__R01ZF_REUSED_R01ZF_PERSON014,R01ZF_REUSED_R01ZF_PERSON014,1,15333,15333,True,R01ZF_REUSED_R01ZF_PERSON014,"[[-51.38870106398502, -37.63457675220403]]",13.754124311780984,1,-250,100,False,False,False
R01ZF,R01ZF_SARF000458,458,15267,FIXED_LAG_100MS,R01ZF_SARF000458__FIXED_LAG_100MS__R01ZF_REUSED_R01ZF_PERSON100006,R01ZF_REUSED_R01ZF_PERSON100006,1,15222,15222,False,R01ZF_REUSED_R01ZF_PERSON100006,"[[-51.50007117951663, -38.80479263414025]]",12.695278545376382,1,-250,100,False,False,False
R01ZF,R01ZF_SARF000458,458,15267,FIXED_LAG_100MS,R01ZF_SARF000458__FIXED_LAG_100MS__R01ZF_REUSED_R01ZF_PERSON100007,R01ZF_REUSED_R01ZF_PERSON100007,1,15278,15278,True,R01ZF_REUSED_R01ZF_PERSON100007,"[[-51.5016336032141, -38.236695377738336]]",13.264938225475767,1,-250,100,False,False,False
R01ZF,R01ZF_SARF000458,458,15267,FIXED_LAG_100MS,R01ZF_SARF000458__FIXED_LAG_100MS__R01ZF_REUSED_R01ZF_PERSON100008,R01ZF_REUSED_R01ZF_PERSON100008,1,15278,15278,True,R01ZF_REUSED_R01ZF_PERSON100008,"[[48.012881505843154, 59.833559435023005]]",11.820677929179851,5,-250,100,False,False,False
R01ZF,R01ZF_SARF000458,458,15267,FULL_CONTEXT_OFFLINE,R01ZF_SARF000458__FULL_CONTEXT_OFFLINE__R01ZF_REUSED_R01ZF_PERSON014,R01ZF_REUSED_R01ZF_PERSON014,4,15333,15500,True,R01ZF_REUSED_R01ZF_PERSON014,"[[-51.38870106398502, -35.88219691801641]]",15.506504145968606,1,-250,250,False,False,False
R01ZF,R01ZF_SARF000458,458,15267,FULL_CONTEXT_OFFLINE,R01ZF_SARF000458__FULL_CONTEXT_OFFLINE__R01ZF_REUSED_R01ZF_PERSON100006,R01ZF_REUSED_R01ZF_PERSON100006,1,15222,15222,False,R01ZF_REUSED_R01ZF_PERSON100006,"[[-51.50007117951663, -38.80479263414025]]",12.695278545376382,1,-250,250,False,False,False
R01ZF,R01ZF_SARF000458,458,15267,FULL_CONTEXT_OFFLINE,R01ZF_SARF000458__FULL_CONTEXT_OFFLINE__R01ZF_REUSED_R01ZF_PERSON100007,R01ZF_REUSED_R01ZF_PERSON100007,1,15278,15278,True,R01ZF_REUSED_R01ZF_PERSON100007,"[[-51.5016336032141, -38.236695377738336]]",13.264938225475767,1,-250,250,False,False,False
R01ZF,R01ZF_SARF000458,458,15267,FULL_CONTEXT_OFFLINE,R01ZF_SARF000458__FULL_CONTEXT_OFFLINE__R01ZF_REUSED_R01ZF_PERSON100008,R01ZF_REUSED_R01ZF_PERSON100008,1,15278,15278,True,R01ZF_REUSED_R01ZF_PERSON100008,"[[48.012881505843154, 59.833559435023005]]",11.820677929179851,5,-250,250,False,False,False
R01ZF,R01ZF_SARF000459,459,15300,CAUSAL_REPLAY,R01ZF_SARF000459__CAUSAL_REPLAY__R01ZF_REUSED_R01ZF_PERSON100006,R01ZF_REUSED_R01ZF_PERSON100006,1,15222,15222,False,R01ZF_REUSED_R01ZF_PERSON100006,"[[-51.50007117951663, -38.80479263414025]]",12.695278545376382,1,-250,0,False,False,False
R01ZF,R01ZF_SARF000459,459,15300,CAUSAL_REPLAY,R01ZF_SARF000459__CAUSAL_REPLAY__R01ZF_REUSED_R01ZF_PERSON100007,R01ZF_REUSED_R01ZF_PERSON100007,1,15278,15278,False,R01ZF_REUSED_R01ZF_PERSON100007,"[[-51.5016336032141, -38.236695377738336]]",13.264938225475767,1,-250,0,False,False,False
R01ZF,R01ZF_SARF000459,459,15300,CAUSAL_REPLAY,R01ZF_SARF000459__CAUSAL_REPLAY__R01ZF_REUSED_R01ZF_PERSON100008,R01ZF_REUSED_R01ZF_PERSON100008,1,15278,15278,False,R01ZF_REUSED_R01ZF_PERSON100008,"[[48.012881505843154, 59.833559435023005]]",11.820677929179851,5,-250,0,False,False,False
R01ZF,R01ZF_SARF000459,459,15300,FIXED_LAG_100MS,R01ZF_SARF000459__FIXED_LAG_100MS__R01ZF_REUSED_R01ZF_PERSON014,R01ZF_REUSED_R01ZF_PERSON014,2,15333,15389,True,R01ZF_REUSED_R01ZF_PERSON014,"[[-51.38870106398502, -37.058781100603625]]",14.329919963381393,1,-250,100,False,False,False
R01ZF,R01ZF_SARF000459,459,15300,FIXED_LAG_100MS,R01ZF_SARF000459__FIXED_LAG_100MS__R01ZF_REUSED_R01ZF_PERSON100006,R01ZF_REUSED_R01ZF_PERSON100006,1,15222,15222,False,R01ZF_REUSED_R01ZF_PERSON100006,"[[-51.50007117951663, -38.80479263414025]]",12.695278545376382,1,-250,100,False,False,False
R01ZF,R01ZF_SARF000459,459,15300,FIXED_LAG_100MS,R01ZF_SARF000459__FIXED_LAG_100MS__R01ZF_REUSED_R01ZF_PERSON100007,R01ZF_REUSED_R01ZF_PERSON100007,1,15278,15278,False,R01ZF_REUSED_R01ZF_PERSON100007,"[[-51.5016336032141, -38.236695377738336]]",13.264938225475767,1,-250,100,False,False,False
R01ZF,R01ZF_SARF000459,459,15300,FIXED_LAG_100MS,R01ZF_SARF000459__FIXED_LAG_100MS__R01ZF_REUSED_R01ZF_PERSON100008,R01ZF_REUSED_R01ZF_PERSON100008,1,15278,15278,False,R01ZF_REUSED_R01ZF_PERSON100008,"[[48.012881505843154, 59.833559435023005]]",11.820677929179851,5,-250,100,False,False,False
R01ZF,R01ZF_SARF000459,459,15300,FULL_CONTEXT_OFFLINE,R01ZF_SARF000459__FULL_CONTEXT_OFFLINE__R01ZF_REUSED_R01ZF_PERSON014,R01ZF_REUSED_R01ZF_PERSON014,4,15333,15500,True,R01ZF_REUSED_R01ZF_PERSON014,"[[-51.38870106398502, -35.88219691801641]]",15.506504145968606,2,-250,250,False,False,False
R01ZF,R01ZF_SARF000459,459,15300,FULL_CONTEXT_OFFLINE,R01ZF_SARF000459__FULL_CONTEXT_OFFLINE__R01ZF_REUSED_R01ZF_PERSON100006,R01ZF_REUSED_R01ZF_PERSON100006,1,15222,15222,False,R01ZF_REUSED_R01ZF_PERSON100006,"[[-51.50007117951663, -38.80479263414025]]",12.695278545376382,1,-250,250,False,False,False
R01ZF,R01ZF_SARF000459,459,15300,FULL_CONTEXT_OFFLINE,R01ZF_SARF000459__FULL_CONTEXT_OFFLINE__R01ZF_REUSED_R01ZF_PERSON100007,R01ZF_REUSED_R01ZF_PERSON100007,1,15278,15278,False,R01ZF_REUSED_R01ZF_PERSON100007,"[[-51.5016336032141, -38.236695377738336]]",13.264938225475767,1,-250,250,False,False,False
R01ZF,R01ZF_SARF000459,459,15300,FULL_CONTEXT_OFFLINE,R01ZF_SARF000459__FULL_CONTEXT_OFFLINE__R01ZF_REUSED_R01ZF_PERSON100008,R01ZF_REUSED_R01ZF_PERSON100008,1,15278,15278,False,R01ZF_REUSED_R01ZF_PERSON100008,"[[48.012881505843154, 59.833559435023005]]",11.820677929179851,5,-250,250,False,False,False
R01ZF,R01ZF_SARF000460,460,15333,CAUSAL_REPLAY,R01ZF_SARF000460__CAUSAL_REPLAY__R01ZF_REUSED_R01ZF_PERSON014,R01ZF_REUSED_R01ZF_PERSON014,1,15333,15333,False,R01ZF_REUSED_R01ZF_PERSON014,"[[-51.38870106398502, -37.63457675220403]]",13.754124311780984,0,-250,0,False,False,False
R01ZF,R01ZF_SARF000460,460,15333,CAUSAL_REPLAY,R01ZF_SARF000460__CAUSAL_REPLAY__R01ZF_REUSED_R01ZF_PERSON100006,R01ZF_REUSED_R01ZF_PERSON100006,1,15222,15222,False,R01ZF_REUSED_R01ZF_PERSON100006,"[[-51.50007117951663, -38.80479263414025]]",12.695278545376382,0,-250,0,False,False,False
R01ZF,R01ZF_SARF000460,460,15333,CAUSAL_REPLAY,R01ZF_SARF000460__CAUSAL_REPLAY__R01ZF_REUSED_R01ZF_PERSON100007,R01ZF_REUSED_R01ZF_PERSON100007,1,15278,15278,False,R01ZF_REUSED_R01ZF_PERSON100007,"[[-51.5016336032141, -38.236695377738336]]",13.264938225475767,0,-250,0,False,False,False
R01ZF,R01ZF_SARF000460,460,15333,CAUSAL_REPLAY,R01ZF_SARF000460__CAUSAL_REPLAY__R01ZF_REUSED_R01ZF_PERSON100008,R01ZF_REUSED_R01ZF_PERSON100008,1,15278,15278,False,R01ZF_REUSED_R01ZF_PERSON100008,"[[48.012881505843154, 59.833559435023005]]",11.820677929179851,2,-250,0,False,False,False
R01ZF,R01ZF_SARF000460,460,15333,FIXED_LAG_100MS,R01ZF_SARF000460__FIXED_LAG_100MS__R01ZF_REUSED_R01ZF_PERSON014,R01ZF_REUSED_R01ZF_PERSON014,2,15333,15389,True,R01ZF_REUSED_R01ZF_PERSON014,"[[-51.38870106398502, -37.058781100603625]]",14.329919963381393,0,-250,100,False,False,False
R01ZF,R01ZF_SARF000460,460,15333,FIXED_LAG_100MS,R01ZF_SARF000460__FIXED_LAG_100MS__R01ZF_REUSED_R01ZF_PERSON100006,R01ZF_REUSED_R01ZF_PERSON100006,1,15222,15222,False,R01ZF_REUSED_R01ZF_PERSON100006,"[[-51.50007117951663, -38.80479263414025]]",12.695278545376382,0,-250,100,False,False,False
R01ZF,R01ZF_SARF000460,460,15333,FIXED_LAG_100MS,R01ZF_SARF000460__FIXED_LAG_100MS__R01ZF_REUSED_R01ZF_PERSON100007,R01ZF_REUSED_R01ZF_PERSON100007,1,15278,15278,False,R01ZF_REUSED_R01ZF_PERSON100007,"[[-51.5016336032141, -38.236695377738336]]",13.264938225475767,0,-250,100,False,False,False
R01ZF,R01ZF_SARF000460,460,15333,FIXED_LAG_100MS,R01ZF_SARF000460__FIXED_LAG_100MS__R01ZF_REUSED_R01ZF_PERSON100008,R01ZF_REUSED_R01ZF_PERSON100008,1,15278,15278,False,R01ZF_REUSED_R01ZF_PERSON100008,"[[48.012881505843154, 59.833559435023005]]",11.820677929179851,2,-250,100,False,False,False
R01ZF,R01ZF_SARF000460,460,15333,FULL_CONTEXT_OFFLINE,R01ZF_SARF000460__FULL_CONTEXT_OFFLINE__R01ZF_REUSED_R01ZF_PERSON014,R01ZF_REUSED_R01ZF_PERSON014,5,15333,15556,True,R01ZF_REUSED_R01ZF_PERSON014,"[[-51.38870106398502, -35.29334465307011]]",16.09535641091491,0,-250,250,False,False,False
R01ZF,R01ZF_SARF000460,460,15333,FULL_CONTEXT_OFFLINE,R01ZF_SARF000460__FULL_CONTEXT_OFFLINE__R01ZF_REUSED_R01ZF_PERSON100006,R01ZF_REUSED_R01ZF_PERSON100006,1,15222,15222,False,R01ZF_REUSED_R01ZF_PERSON100006,"[[-51.50007117951663, -38.80479263414025]]",12.695278545376382,0,-250,250,False,False,False
R01ZF,R01ZF_SARF000460,460,15333,FULL_CONTEXT_OFFLINE,R01ZF_SARF000460__FULL_CONTEXT_OFFLINE__R01ZF_REUSED_R01ZF_PERSON100007,R01ZF_REUSED_R01ZF_PERSON100007,1,15278,15278,False,R01ZF_REUSED_R01ZF_PERSON100007,"[[-51.5016336032141, -38.236695377738336]]",13.264938225475767,0,-250,250,False,False,False
R01ZF,R01ZF_SARF000460,460,15333,FULL_CONTEXT_OFFLINE,R01ZF_SARF000460__FULL_CONTEXT_OFFLINE__R01ZF_REUSED_R01ZF_PERSON100008,R01ZF_REUSED_R01ZF_PERSON100008,1,15278,15278,False,R01ZF_REUSED_R01ZF_PERSON100008,"[[48.012881505843154, 59.833559435023005]]",11.820677929179851,2,-250,250,False,False,False
R01ZF,R01ZF_SARF000461,461,15367,CAUSAL_REPLAY,R01ZF_SARF000461__CAUSAL_REPLAY__R01ZF_REUSED_R01ZF_PERSON014,R01ZF_REUSED_R01ZF_PERSON014,1,15333,15333,False,R01ZF_REUSED_R01ZF_PERSON014,"[[-51.38870106398502, -37.63457675220403]]",13.754124311780984,7,-250,0,False,False,False
R01ZF,R01ZF_SARF000461,461,15367,CAUSAL_REPLAY,R01ZF_SARF000461__CAUSAL_REPLAY__R01ZF_REUSED_R01ZF_PERSON100006,R01ZF_REUSED_R01ZF_PERSON100006,1,15222,15222,False,R01ZF_REUSED_R01ZF_PERSON100006,"[[-51.50007117951663, -38.80479263414025]]",12.695278545376382,7,-250,0,False,False,False
R01ZF,R01ZF_SARF000461,461,15367,CAUSAL_REPLAY,R01ZF_SARF000461__CAUSAL_REPLAY__R01ZF_REUSED_R01ZF_PERSON100007,R01ZF_REUSED_R01ZF_PERSON100007,1,15278,15278,False,R01ZF_REUSED_R01ZF_PERSON100007,"[[-51.5016336032141, -38.236695377738336]]",13.264938225475767,7,-250,0,False,False,False
R01ZF,R01ZF_SARF000461,461,15367,CAUSAL_REPLAY,R01ZF_SARF000461__CAUSAL_REPLAY__R01ZF_REUSED_R01ZF_PERSON100008,R01ZF_REUSED_R01ZF_PERSON100008,1,15278,15278,False,R01ZF_REUSED_R01ZF_PERSON100008,"[[48.012881505843154, 59.833559435023005]]",11.820677929179851,7,-250,0,False,False,False
R01ZF,R01ZF_SARF000461,461,15367,FIXED_LAG_100MS,R01ZF_SARF000461__FIXED_LAG_100MS__R01ZF_REUSED_R01ZF_PERSON014,R01ZF_REUSED_R01ZF_PERSON014,3,15333,15444,True,R01ZF_REUSED_R01ZF_PERSON014,"[[-51.38870106398502, -36.48697817393449]]",14.901722890050529,9,-250,100,False,False,False
R01ZF,R01ZF_SARF000461,461,15367,FIXED_LAG_100MS,R01ZF_SARF000461__FIXED_LAG_100MS__R01ZF_REUSED_R01ZF_PERSON100006,R01ZF_REUSED_R01ZF_PERSON100006,1,15222,15222,False,R01ZF_REUSED_R01ZF_PERSON100006,"[[-51.50007117951663, -38.80479263414025]]",12.695278545376382,7,-250,100,False,False,False
R01ZF,R01ZF_SARF000461,461,15367,FIXED_LAG_100MS,R01ZF_SARF000461__FIXED_LAG_100MS__R01ZF_REUSED_R01ZF_PERSON100007,R01ZF_REUSED_R01ZF_PERSON100007,1,15278,15278,False,R01ZF_REUSED_R01ZF_PERSON100007,"[[-51.5016336032141, -38.236695377738336]]",13.264938225475767,7,-250,100,False,False,False
R01ZF,R01ZF_SARF000461,461,15367,FIXED_LAG_100MS,R01ZF_SARF000461__FIXED_LAG_100MS__R01ZF_REUSED_R01ZF_PERSON100008,R01ZF_REUSED_R01ZF_PERSON100008,1,15278,15278,False,R01ZF_REUSED_R01ZF_PERSON100008,"[[48.012881505843154, 59.833559435023005]]",11.820677929179851,7,-250,100,False,False,False
R01ZF,R01ZF_SARF000461,461,15367,FULL_CONTEXT_OFFLINE,R01ZF_SARF000461__FULL_CONTEXT_OFFLINE__R01ZF_REUSED_R01ZF_PERSON014,R01ZF_REUSED_R01ZF_PERSON014,6,15333,15611,True,R01ZF_REUSED_R01ZF_PERSON014,"[[-51.38870106398502, -34.70464212039549]]",16.684058943589527,9,-250,250,False,False,False
R01ZF,R01ZF_SARF000461,461,15367,FULL_CONTEXT_OFFLINE,R01ZF_SARF000461__FULL_CONTEXT_OFFLINE__R01ZF_REUSED_R01ZF_PERSON100006,R01ZF_REUSED_R01ZF_PERSON100006,1,15222,15222,False,R01ZF_REUSED_R01ZF_PERSON100006,"[[-51.50007117951663, -38.80479263414025]]",12.695278545376382,7,-250,250,False,False,False
R01ZF,R01ZF_SARF000461,461,15367,FULL_CONTEXT_OFFLINE,R01ZF_SARF000461__FULL_CONTEXT_OFFLINE__R01ZF_REUSED_R01ZF_PERSON100007,R01ZF_REUSED_R01ZF_PERSON100007,1,15278,15278,False,R01ZF_REUSED_R01ZF_PERSON100007,"[[-51.5016336032141, -38.236695377738336]]",13.264938225475767,7,-250,250,False,False,False
R01ZF,R01ZF_SARF000461,461,15367,FULL_CONTEXT_OFFLINE,R01ZF_SARF000461__FULL_CONTEXT_OFFLINE__R01ZF_REUSED_R01ZF_PERSON100008,R01ZF_REUSED_R01ZF_PERSON100008,1,15278,15278,False,R01ZF_REUSED_R01ZF_PERSON100008,"[[48.012881505843154, 59.833559435023005]]",11.820677929179851,7,-250,250,False,False,False
R01ZF,R01ZF_SARF000462,462,15400,CAUSAL_REPLAY,R01ZF_SARF000462__CAUSAL_REPLAY__R01ZF_REUSED_R01ZF_PERSON014,R01ZF_REUSED_R01ZF_PERSON014,2,15333,15389,False,R01ZF_REUSED_R01ZF_PERSON014,"[[-51.38870106398502, -37.058781100603625]]",14.329919963381393,13,-250,0,False,False,False
R01ZF,R01ZF_SARF000462,462,15400,CAUSAL_REPLAY,R01ZF_SARF000462__CAUSAL_REPLAY__R01ZF_REUSED_R01ZF_PERSON100006,R01ZF_REUSED_R01ZF_PERSON100006,1,15222,15222,False,R01ZF_REUSED_R01ZF_PERSON100006,"[[-51.50007117951663, -38.80479263414025]]",12.695278545376382,13,-250,0,False,False,False
R01ZF,R01ZF_SARF000462,462,15400,CAUSAL_REPLAY,R01ZF_SARF000462__CAUSAL_REPLAY__R01ZF_REUSED_R01ZF_PERSON100007,R01ZF_REUSED_R01ZF_PERSON100007,1,15278,15278,False,R01ZF_REUSED_R01ZF_PERSON100007,"[[-51.5016336032141, -38.236695377738336]]",13.264938225475767,13,-250,0,False,False,False
R01ZF,R01ZF_SARF000462,462,15400,CAUSAL_REPLAY,R01ZF_SARF000462__CAUSAL_REPLAY__R01ZF_REUSED_R01ZF_PERSON100008,R01ZF_REUSED_R01ZF_PERSON100008,1,15278,15278,False,R01ZF_REUSED_R01ZF_PERSON100008,"[[48.012881505843154, 59.833559435023005]]",11.820677929179851,9,-250,0,False,False,False
R01ZF,R01ZF_SARF000462,462,15400,FIXED_LAG_100MS,R01ZF_SARF000462__FIXED_LAG_100MS__R01ZF_REUSED_R01ZF_PERSON014,R01ZF_REUSED_R01ZF_PERSON014,4,15333,15500,True,R01ZF_REUSED_R01ZF_PERSON014,"[[-51.38870106398502, -35.88219691801641]]",15.506504145968606,13,-250,100,False,False,False
R01ZF,R01ZF_SARF000462,462,15400,FIXED_LAG_100MS,R01ZF_SARF000462__FIXED_LAG_100MS__R01ZF_REUSED_R01ZF_PERSON100006,R01ZF_REUSED_R01ZF_PERSON100006,1,15222,15222,False,R01ZF_REUSED_R01ZF_PERSON100006,"[[-51.50007117951663, -38.80479263414025]]",12.695278545376382,13,-250,100,False,False,False
R01ZF,R01ZF_SARF000462,462,15400,FIXED_LAG_100MS,R01ZF_SARF000462__FIXED_LAG_100MS__R01ZF_REUSED_R01ZF_PERSON100007,R01ZF_REUSED_R01ZF_PERSON100007,1,15278,15278,False,R01ZF_REUSED_R01ZF_PERSON100007,"[[-51.5016336032141, -38.236695377738336]]",13.264938225475767,13,-250,100,False,False,False
R01ZF,R01ZF_SARF000462,462,15400,FIXED_LAG_100MS,R01ZF_SARF000462__FIXED_LAG_100MS__R01ZF_REUSED_R01ZF_PERSON100008,R01ZF_REUSED_R01ZF_PERSON100008,1,15278,15278,False,R01ZF_REUSED_R01ZF_PERSON100008,"[[48.012881505843154, 59.833559435023005]]",11.820677929179851,9,-250,100,False,False,False
R01ZF,R01ZF_SARF000462,462,15400,FULL_CONTEXT_OFFLINE,R01ZF_SARF000462__FULL_CONTEXT_OFFLINE__R01ZF_REUSED_R01ZF_PERSON014,R01ZF_REUSED_R01ZF_PERSON014,6,15333,15611,True,R01ZF_REUSED_R01ZF_PERSON014,"[[-51.38870106398502, -34.70464212039549]]",16.684058943589527,13,-250,250,False,False,False
R01ZF,R01ZF_SARF000462,462,15400,FULL_CONTEXT_OFFLINE,R01ZF_SARF000462__FULL_CONTEXT_OFFLINE__R01ZF_REUSED_R01ZF_PERSON100006,R01ZF_REUSED_R01ZF_PERSON100006,1,15222,15222,False,R01ZF_REUSED_R01ZF_PERSON100006,"[[-51.50007117951663, -38.80479263414025]]",12.695278545376382,13,-250,250,False,False,False
R01ZF,R01ZF_SARF000462,462,15400,FULL_CONTEXT_OFFLINE,R01ZF_SARF000462__FULL_CONTEXT_OFFLINE__R01ZF_REUSED_R01ZF_PERSON100007,R01ZF_REUSED_R01ZF_PERSON100007,1,15278,15278,False,R01ZF_REUSED_R01ZF_PERSON100007,"[[-51.5016336032141, -38.236695377738336]]",13.264938225475767,13,-250,250,False,False,False
R01ZF,R01ZF_SARF000462,462,15400,FULL_CONTEXT_OFFLINE,R01ZF_SARF000462__FULL_CONTEXT_OFFLINE__R01ZF_REUSED_R01ZF_PERSON100008,R01ZF_REUSED_R01ZF_PERSON100008,1,15278,15278,False,R01ZF_REUSED_R01ZF_PERSON100008,"[[48.012881505843154, 59.833559435023005]]",11.820677929179851,9,-250,250,False,False,False
R01ZF,R01ZF_SARF000463,463,15433,CAUSAL_REPLAY,R01ZF_SARF000463__CAUSAL_REPLAY__R01ZF_REUSED_R01ZF_PERSON014,R01ZF_REUSED_R01ZF_PERSON014,2,15333,15389,False,R01ZF_REUSED_R01ZF_PERSON014,"[[-51.38870106398502, -37.058781100603625]]",14.329919963381393,0,-250,0,False,False,False
R01ZF,R01ZF_SARF000463,463,15433,CAUSAL_REPLAY,R01ZF_SARF000463__CAUSAL_REPLAY__R01ZF_REUSED_R01ZF_PERSON100006,R01ZF_REUSED_R01ZF_PERSON100006,1,15222,15222,False,R01ZF_REUSED_R01ZF_PERSON100006,"[[-51.50007117951663, -38.80479263414025]]",12.695278545376382,0,-250,0,False,False,False
R01ZF,R01ZF_SARF000463,463,15433,CAUSAL_REPLAY,R01ZF_SARF000463__CAUSAL_REPLAY__R01ZF_REUSED_R01ZF_PERSON100007,R01ZF_REUSED_R01ZF_PERSON100007,1,15278,15278,False,R01ZF_REUSED_R01ZF_PERSON100007,"[[-51.5016336032141, -38.236695377738336]]",13.264938225475767,0,-250,0,False,False,False
R01ZF,R01ZF_SARF000463,463,15433,CAUSAL_REPLAY,R01ZF_SARF000463__CAUSAL_REPLAY__R01ZF_REUSED_R01ZF_PERSON100008,R01ZF_REUSED_R01ZF_PERSON100008,1,15278,15278,False,R01ZF_REUSED_R01ZF_PERSON100008,"[[48.012881505843154, 59.833559435023005]]",11.820677929179851,4,-250,0,False,False,False
R01ZF,R01ZF_SARF000463,463,15433,FIXED_LAG_100MS,R01ZF_SARF000463__FIXED_LAG_100MS__R01ZF_REUSED_R01ZF_PERSON014,R01ZF_REUSED_R01ZF_PERSON014,4,15333,15500,True,R01ZF_REUSED_R01ZF_PERSON014,"[[-51.38870106398502, -35.88219691801641]]",15.506504145968606,0,-250,100,False,False,False
R01ZF,R01ZF_SARF000463,463,15433,FIXED_LAG_100MS,R01ZF_SARF000463__FIXED_LAG_100MS__R01ZF_REUSED_R01ZF_PERSON100006,R01ZF_REUSED_R01ZF_PERSON100006,1,15222,15222,False,R01ZF_REUSED_R01ZF_PERSON100006,"[[-51.50007117951663, -38.80479263414025]]",12.695278545376382,0,-250,100,False,False,False
R01ZF,R01ZF_SARF000463,463,15433,FIXED_LAG_100MS,R01ZF_SARF000463__FIXED_LAG_100MS__R01ZF_REUSED_R01ZF_PERSON100007,R01ZF_REUSED_R01ZF_PERSON100007,1,15278,15278,False,R01ZF_REUSED_R01ZF_PERSON100007,"[[-51.5016336032141, -38.236695377738336]]",13.264938225475767,0,-250,100,False,False,False
R01ZF,R01ZF_SARF000463,463,15433,FIXED_LAG_100MS,R01ZF_SARF000463__FIXED_LAG_100MS__R01ZF_REUSED_R01ZF_PERSON100008,R01ZF_REUSED_R01ZF_PERSON100008,1,15278,15278,False,R01ZF_REUSED_R01ZF_PERSON100008,"[[48.012881505843154, 59.833559435023005]]",11.820677929179851,4,-250,100,False,False,False
R01ZF,R01ZF_SARF000463,463,15433,FULL_CONTEXT_OFFLINE,R01ZF_SARF000463__FULL_CONTEXT_OFFLINE__R01ZF_REUSED_R01ZF_PERSON014,R01ZF_REUSED_R01ZF_PERSON014,7,15333,15667,True,R01ZF_REUSED_R01ZF_PERSON014,"[[-51.38870106398502, -34.11550666615636]]",17.27319439782866,0,-250,250,False,False,False
R01ZF,R01ZF_SARF000463,463,15433,FULL_CONTEXT_OFFLINE,R01ZF_SARF000463__FULL_CONTEXT_OFFLINE__R01ZF_REUSED_R01ZF_PERSON100006,R01ZF_REUSED_R01ZF_PERSON100006,1,15222,15222,False,R01ZF_REUSED_R01ZF_PERSON100006,"[[-51.50007117951663, -38.80479263414025]]",12.695278545376382,0,-250,250,False,False,False
R01ZF,R01ZF_SARF000463,463,15433,FULL_CONTEXT_OFFLINE,R01ZF_SARF000463__FULL_CONTEXT_OFFLINE__R01ZF_REUSED_R01ZF_PERSON100007,R01ZF_REUSED_R01ZF_PERSON100007,1,15278,15278,False,R01ZF_REUSED_R01ZF_PERSON100007,"[[-51.5016336032141, -38.236695377738336]]",13.264938225475767,0,-250,250,False,False,False
R01ZF,R01ZF_SARF000463,463,15433,FULL_CONTEXT_OFFLINE,R01ZF_SARF000463__FULL_CONTEXT_OFFLINE__R01ZF_REUSED_R01ZF_PERSON100008,R01ZF_REUSED_R01ZF_PERSON100008,1,15278,15278,False,R01ZF_REUSED_R01ZF_PERSON100008,"[[48.012881505843154, 59.833559435023005]]",11.820677929179851,4,-250,250,False,False,False
R01ZF,R01ZF_SARF000464,464,15467,CAUSAL_REPLAY,R01ZF_SARF000464__CAUSAL_REPLAY__R01ZF_REUSED_R01ZF_PERSON014,R01ZF_REUSED_R01ZF_PERSON014,3,15333,15444,False,R01ZF_REUSED_R01ZF_PERSON014,"[[-51.38870106398502, -36.48697817393449]]",14.901722890050529,0,-250,0,False,False,False
R01ZF,R01ZF_SARF000464,464,15467,CAUSAL_REPLAY,R01ZF_SARF000464__CAUSAL_REPLAY__R01ZF_REUSED_R01ZF_PERSON100006,R01ZF_REUSED_R01ZF_PERSON100006,1,15222,15222,False,R01ZF_REUSED_R01ZF_PERSON100006,"[[-51.50007117951663, -38.80479263414025]]",12.695278545376382,0,-250,0,False,False,False
R01ZF,R01ZF_SARF000464,464,15467,CAUSAL_REPLAY,R01ZF_SARF000464__CAUSAL_REPLAY__R01ZF_REUSED_R01ZF_PERSON100007,R01ZF_REUSED_R01ZF_PERSON100007,1,15278,15278,False,R01ZF_REUSED_R01ZF_PERSON100007,"[[-51.5016336032141, -38.236695377738336]]",13.264938225475767,0,-250,0,False,False,False
R01ZF,R01ZF_SARF000464,464,15467,CAUSAL_REPLAY,R01ZF_SARF000464__CAUSAL_REPLAY__R01ZF_REUSED_R01ZF_PERSON100008,R01ZF_REUSED_R01ZF_PERSON100008,1,15278,15278,False,R01ZF_REUSED_R01ZF_PERSON100008,"[[48.012881505843154, 59.833559435023005]]",11.820677929179851,2,-250,0,False,False,False
R01ZF,R01ZF_SARF000464,464,15467,FIXED_LAG_100MS,R01ZF_SARF000464__FIXED_LAG_100MS__R01ZF_REUSED_R01ZF_PERSON014,R01ZF_REUSED_R01ZF_PERSON014,5,15333,15556,True,R01ZF_REUSED_R01ZF_PERSON014,"[[-51.38870106398502, -35.29334465307011]]",16.09535641091491,0,-250,100,False,False,False
R01ZF,R01ZF_SARF000464,464,15467,FIXED_LAG_100MS,R01ZF_SARF000464__FIXED_LAG_100MS__R01ZF_REUSED_R01ZF_PERSON100006,R01ZF_REUSED_R01ZF_PERSON100006,1,15222,15222,False,R01ZF_REUSED_R01ZF_PERSON100006,"[[-51.50007117951663, -38.80479263414025]]",12.695278545376382,0,-250,100,False,False,False
R01ZF,R01ZF_SARF000464,464,15467,FIXED_LAG_100MS,R01ZF_SARF000464__FIXED_LAG_100MS__R01ZF_REUSED_R01ZF_PERSON100007,R01ZF_REUSED_R01ZF_PERSON100007,1,15278,15278,False,R01ZF_REUSED_R01ZF_PERSON100007,"[[-51.5016336032141, -38.236695377738336]]",13.264938225475767,0,-250,100,False,False,False
R01ZF,R01ZF_SARF000464,464,15467,FIXED_LAG_100MS,R01ZF_SARF000464__FIXED_LAG_100MS__R01ZF_REUSED_R01ZF_PERSON100008,R01ZF_REUSED_R01ZF_PERSON100008,1,15278,15278,False,R01ZF_REUSED_R01ZF_PERSON100008,"[[48.012881505843154, 59.833559435023005]]",11.820677929179851,2,-250,100,False,False,False
R01ZF,R01ZF_SARF000464,464,15467,FULL_CONTEXT_OFFLINE,R01ZF_SARF000464__FULL_CONTEXT_OFFLINE__R01ZF_REUSED_R01ZF_PERSON014,R01ZF_REUSED_R01ZF_PERSON014,7,15333,15667,True,R01ZF_REUSED_R01ZF_PERSON014,"[[-51.38870106398502, -34.11550666615636]]",17.27319439782866,0,-250,250,False,False,False
R01ZF,R01ZF_SARF000464,464,15467,FULL_CONTEXT_OFFLINE,R01ZF_SARF000464__FULL_CONTEXT_OFFLINE__R01ZF_REUSED_R01ZF_PERSON100006,R01ZF_REUSED_R01ZF_PERSON100006,1,15222,15222,False,R01ZF_REUSED_R01ZF_PERSON100006,"[[-51.50007117951663, -38.80479263414025]]",12.695278545376382,0,-250,250,False,False,False
R01ZF,R01ZF_SARF000464,464,15467,FULL_CONTEXT_OFFLINE,R01ZF_SARF000464__FULL_CONTEXT_OFFLINE__R01ZF_REUSED_R01ZF_PERSON100007,R01ZF_REUSED_R01ZF_PERSON100007,1,15278,15278,False,R01ZF_REUSED_R01ZF_PERSON100007,"[[-51.5016336032141, -38.236695377738336]]",13.264938225475767,0,-250,250,False,False,False
R01ZF,R01ZF_SARF000464,464,15467,FULL_CONTEXT_OFFLINE,R01ZF_SARF000464__FULL_CONTEXT_OFFLINE__R01ZF_REUSED_R01ZF_PERSON100008,R01ZF_REUSED_R01ZF_PERSON100008,1,15278,15278,False,R01ZF_REUSED_R01ZF_PERSON100008,"[[48.012881505843154, 59.833559435023005]]",11.820677929179851,2,-250,250,False,False,False
R01ZF,R01ZF_SARF000465,465,15500,CAUSAL_REPLAY,R01ZF_SARF000465__CAUSAL_REPLAY__R01ZF_REUSED_R01ZF_PERSON014,R01ZF_REUSED_R01ZF_PERSON014,4,15333,15500,False,R01ZF_REUSED_R01ZF_PERSON014,"[[-51.38870106398502, -35.88219691801641]]",15.506504145968606,2,-250,0,False,False,False
R01ZF,R01ZF_SARF000465,465,15500,CAUSAL_REPLAY,R01ZF_SARF000465__CAUSAL_REPLAY__R01ZF_REUSED_R01ZF_PERSON100007,R01ZF_REUSED_R01ZF_PERSON100007,1,15278,15278,False,R01ZF_REUSED_R01ZF_PERSON100007,"[[-51.5016336032141, -38.236695377738336]]",13.264938225475767,1,-250,0,False,False,False
R01ZF,R01ZF_SARF000465,465,15500,CAUSAL_REPLAY,R01ZF_SARF000465__CAUSAL_REPLAY__R01ZF_REUSED_R01ZF_PERSON100008,R01ZF_REUSED_R01ZF_PERSON100008,1,15278,15278,False,R01ZF_REUSED_R01ZF_PERSON100008,"[[48.012881505843154, 59.833559435023005]]",11.820677929179851,5,-250,0,False,False,False
R01ZF,R01ZF_SARF000465,465,15500,FIXED_LAG_100MS,R01ZF_SARF000465__FIXED_LAG_100MS__R01ZF_REUSED_R01ZF_PERSON014,R01ZF_REUSED_R01ZF_PERSON014,5,15333,15556,True,R01ZF_REUSED_R01ZF_PERSON014,"[[-51.38870106398502, -35.29334465307011]]",16.09535641091491,2,-250,100,False,False,False
R01ZF,R01ZF_SARF000465,465,15500,FIXED_LAG_100MS,R01ZF_SARF000465__FIXED_LAG_100MS__R01ZF_REUSED_R01ZF_PERSON100007,R01ZF_REUSED_R01ZF_PERSON100007,1,15278,15278,False,R01ZF_REUSED_R01ZF_PERSON100007,"[[-51.5016336032141, -38.236695377738336]]",13.264938225475767,1,-250,100,False,False,False
R01ZF,R01ZF_SARF000465,465,15500,FIXED_LAG_100MS,R01ZF_SARF000465__FIXED_LAG_100MS__R01ZF_REUSED_R01ZF_PERSON100008,R01ZF_REUSED_R01ZF_PERSON100008,1,15278,15278,False,R01ZF_REUSED_R01ZF_PERSON100008,"[[48.012881505843154, 59.833559435023005]]",11.820677929179851,5,-250,100,False,False,False
R01ZF,R01ZF_SARF000465,465,15500,FULL_CONTEXT_OFFLINE,R01ZF_SARF000465__FULL_CONTEXT_OFFLINE__R01ZF_REUSED_R01ZF_PERSON014,R01ZF_REUSED_R01ZF_PERSON014,8,15333,15722,True,R01ZF_REUSED_R01ZF_PERSON014,"[[-51.38870106398502, -33.56125354160374]]",17.827447522381277,2,-250,250,False,False,False
R01ZF,R01ZF_SARF000465,465,15500,FULL_CONTEXT_OFFLINE,R01ZF_SARF000465__FULL_CONTEXT_OFFLINE__R01ZF_REUSED_R01ZF_PERSON100007,R01ZF_REUSED_R01ZF_PERSON100007,1,15278,15278,False,R01ZF_REUSED_R01ZF_PERSON100007,"[[-51.5016336032141, -38.236695377738336]]",13.264938225475767,1,-250,250,False,False,False
R01ZF,R01ZF_SARF000465,465,15500,FULL_CONTEXT_OFFLINE,R01ZF_SARF000465__FULL_CONTEXT_OFFLINE__R01ZF_REUSED_R01ZF_PERSON100008,R01ZF_REUSED_R01ZF_PERSON100008,1,15278,15278,False,R01ZF_REUSED_R01ZF_PERSON100008,"[[48.012881505843154, 59.833559435023005]]",11.820677929179851,5,-250,250,False,False,False
R01ZF,R01ZF_SARF000466,466,15533,CAUSAL_REPLAY,R01ZF_SARF000466__CAUSAL_REPLAY__R01ZF_REUSED_R01ZF_PERSON014,R01ZF_REUSED_R01ZF_PERSON014,4,15333,15500,False,R01ZF_REUSED_R01ZF_PERSON014,"[[-51.38870106398502, -35.88219691801641]]",15.506504145968606,0,-250,0,False,False,False
R01ZF,R01ZF_SARF000466,466,15533,FIXED_LAG_100MS,R01ZF_SARF000466__FIXED_LAG_100MS__R01ZF_REUSED_R01ZF_PERSON014,R01ZF_REUSED_R01ZF_PERSON014,6,15333,15611,True,R01ZF_REUSED_R01ZF_PERSON014,"[[-51.38870106398502, -34.70464212039549]]",16.684058943589527,0,-250,100,False,False,False
R01ZF,R01ZF_SARF000466,466,15533,FULL_CONTEXT_OFFLINE,R01ZF_SARF000466__FULL_CONTEXT_OFFLINE__R01ZF_REUSED_R01ZF_PERSON014,R01ZF_REUSED_R01ZF_PERSON014,9,15333,15778,True,R01ZF_REUSED_R01ZF_PERSON014,"[[-51.38870106398502, -32.96079092243671]]",18.42791014154831,0,-250,250,False,False,False
R01ZF,R01ZF_SARF000467,467,15567,CAUSAL_REPLAY,R01ZF_SARF000467__CAUSAL_REPLAY__R01ZF_REUSED_R01ZF_PERSON014,R01ZF_REUSED_R01ZF_PERSON014,5,15333,15556,False,R01ZF_REUSED_R01ZF_PERSON014,"[[-51.38870106398502, -35.29334465307011]]",16.09535641091491,2,-250,0,False,False,False
R01ZF,R01ZF_SARF000467,467,15567,FIXED_LAG_100MS,R01ZF_SARF000467__FIXED_LAG_100MS__R01ZF_REUSED_R01ZF_PERSON014,R01ZF_REUSED_R01ZF_PERSON014,7,15333,15667,True,R01ZF_REUSED_R01ZF_PERSON014,"[[-51.38870106398502, -34.11550666615636]]",17.27319439782866,2,-250,100,False,False,False
R01ZF,R01ZF_SARF000467,467,15567,FULL_CONTEXT_OFFLINE,R01ZF_SARF000467__FULL_CONTEXT_OFFLINE__R01ZF_REUSED_R01ZF_PERSON014,R01ZF_REUSED_R01ZF_PERSON014,9,15333,15778,True,R01ZF_REUSED_R01ZF_PERSON014,"[[-51.38870106398502, -32.96079092243671]]",18.42791014154831,2,-250,250,False,False,False
R01ZF,R01ZF_SARF000468,468,15600,CAUSAL_REPLAY,R01ZF_SARF000468__CAUSAL_REPLAY__R01ZF_REUSED_R01ZF_PERSON014,R01ZF_REUSED_R01ZF_PERSON014,4,15389,15556,False,R01ZF_REUSED_R01ZF_PERSON014,"[[-51.29403986705664, -35.29334465307011]]",16.000695213986532,1,-250,0,False,False,False
R01ZF,R01ZF_SARF000468,468,15600,FIXED_LAG_100MS,R01ZF_SARF000468__FIXED_LAG_100MS__R01ZF_REUSED_R01ZF_PERSON014,R01ZF_REUSED_R01ZF_PERSON014,6,15389,15667,True,R01ZF_REUSED_R01ZF_PERSON014,"[[-51.29403986705664, -34.11550666615636]]",17.178533200900283,1,-250,100,False,False,False
R01ZF,R01ZF_SARF000468,468,15600,FULL_CONTEXT_OFFLINE,R01ZF_SARF000468__FULL_CONTEXT_OFFLINE__R01ZF_REUSED_R01ZF_PERSON014,R01ZF_REUSED_R01ZF_PERSON014,9,15389,15833,True,R01ZF_REUSED_R01ZF_PERSON014,"[[-51.29403986705664, -32.36208399552602]]",18.93195587153062,1,-250,250,False,False,False
R01ZF,R01ZF_SARF000469,469,15633,CAUSAL_REPLAY,R01ZF_SARF000469__CAUSAL_REPLAY__R01ZF_REUSED_R01ZF_PERSON014,R01ZF_REUSED_R01ZF_PERSON014,5,15389,15611,False,R01ZF_REUSED_R01ZF_PERSON014,"[[-51.29403986705664, -34.70464212039549]]",16.58939774666115,2,-250,0,False,False,False
R01ZF,R01ZF_SARF000469,469,15633,FIXED_LAG_100MS,R01ZF_SARF000469__FIXED_LAG_100MS__R01ZF_REUSED_R01ZF_PERSON014,R01ZF_REUSED_R01ZF_PERSON014,7,15389,15722,True,R01ZF_REUSED_R01ZF_PERSON014,"[[-51.29403986705664, -33.56125354160374]]",17.7327863254529,2,-250,100,False,False,False
R01ZF,R01ZF_SARF000469,469,15633,FULL_CONTEXT_OFFLINE,R01ZF_SARF000469__FULL_CONTEXT_OFFLINE__R01ZF_REUSED_R01ZF_PERSON014,R01ZF_REUSED_R01ZF_PERSON014,9,15389,15833,True,R01ZF_REUSED_R01ZF_PERSON014,"[[-51.29403986705664, -32.36208399552602]]",18.93195587153062,2,-250,250,False,False,False
R01ZF,R01ZF_SARF000470,470,15667,CAUSAL_REPLAY,R01ZF_SARF000470__CAUSAL_REPLAY__R01ZF_REUSED_R01ZF_PERSON014,R01ZF_REUSED_R01ZF_PERSON014,5,15444,15667,False,R01ZF_REUSED_R01ZF_PERSON014,"[[-51.29403986705664, -34.11550666615636]]",17.178533200900283,0,-250,0,False,False,False
R01ZF,R01ZF_SARF000470,470,15667,FIXED_LAG_100MS,R01ZF_SARF000470__FIXED_LAG_100MS__R01ZF_REUSED_R01ZF_PERSON014,R01ZF_REUSED_R01ZF_PERSON014,6,15444,15722,True,R01ZF_REUSED_R01ZF_PERSON014,"[[-51.29403986705664, -33.56125354160374]]",17.7327863254529,0,-250,100,False,False,False
R01ZF,R01ZF_SARF000470,470,15667,FULL_CONTEXT_OFFLINE,R01ZF_SARF000470__FULL_CONTEXT_OFFLINE__R01ZF_REUSED_R01ZF_PERSON014,R01ZF_REUSED_R01ZF_PERSON014,9,15444,15889,True,R01ZF_REUSED_R01ZF_PERSON014,"[[-51.29403986705664, -31.787361899894762]]",19.506677967161878,0,-250,250,False,False,False
R01ZF,R01ZF_SARF000471,471,15700,CAUSAL_REPLAY,R01ZF_SARF000471__CAUSAL_REPLAY__R01ZF_REUSED_R01ZF_PERSON014,R01ZF_REUSED_R01ZF_PERSON014,4,15500,15667,False,R01ZF_REUSED_R01ZF_PERSON014,"[[-51.05843065844415, -34.11550666615636]]",16.942923992287795,2,-250,0,False,False,False
R01ZF,R01ZF_SARF000471,471,15700,FIXED_LAG_100MS,R01ZF_SARF000471__FIXED_LAG_100MS__R01ZF_REUSED_R01ZF_PERSON014,R01ZF_REUSED_R01ZF_PERSON014,6,15500,15778,True,R01ZF_REUSED_R01ZF_PERSON014,"[[-51.05843065844415, -32.96079092243671]]",18.097639736007444,2,-250,100,False,False,False
R01ZF,R01ZF_SARF000471,471,15700,FULL_CONTEXT_OFFLINE,R01ZF_SARF000471__FULL_CONTEXT_OFFLINE__R01ZF_REUSED_R01ZF_PERSON014,R01ZF_REUSED_R01ZF_PERSON014,9,15500,15944,True,R01ZF_REUSED_R01ZF_PERSON014,"[[-51.05843065844415, -31.19089363318487]]",19.86753702525928,3,-250,250,False,False,False
R01ZF,R01ZF_SARF000472,472,15733,CAUSAL_REPLAY,R01ZF_SARF000472__CAUSAL_REPLAY__R01ZF_REUSED_R01ZF_PERSON014,R01ZF_REUSED_R01ZF_PERSON014,5,15500,15722,False,R01ZF_REUSED_R01ZF_PERSON014,"[[-51.05843065844415, -33.56125354160374]]",17.49717711684041,5,-250,0,False,False,False
R01ZF,R01ZF_SARF000472,472,15733,FIXED_LAG_100MS,R01ZF_SARF000472__FIXED_LAG_100MS__R01ZF_REUSED_R01ZF_PERSON014,R01ZF_REUSED_R01ZF_PERSON014,7,15500,15833,True,R01ZF_REUSED_R01ZF_PERSON014,"[[-51.05843065844415, -32.36208399552602]]",18.69634666291813,5,-250,100,False,False,False
R01ZF,R01ZF_SARF000472,472,15733,FULL_CONTEXT_OFFLINE,R01ZF_SARF000472__FULL_CONTEXT_OFFLINE__R01ZF_REUSED_R01ZF_PERSON014,R01ZF_REUSED_R01ZF_PERSON014,9,15500,15944,True,R01ZF_REUSED_R01ZF_PERSON014,"[[-51.05843065844415, -31.19089363318487]]",19.86753702525928,5,-250,250,False,False,False
R01ZF,R01ZF_SARF000473,473,15767,CAUSAL_REPLAY,R01ZF_SARF000473__CAUSAL_REPLAY__R01ZF_REUSED_R01ZF_PERSON014,R01ZF_REUSED_R01ZF_PERSON014,4,15556,15722,False,R01ZF_REUSED_R01ZF_PERSON014,"[[-50.61677538792931, -33.56125354160374]]",17.05552184632557,4,-250,0,False,False,False
R01ZF,R01ZF_SARF000473,473,15767,FIXED_LAG_100MS,R01ZF_SARF000473__FIXED_LAG_100MS__R01ZF_REUSED_R01ZF_PERSON014,R01ZF_REUSED_R01ZF_PERSON014,6,15556,15833,True,R01ZF_REUSED_R01ZF_PERSON014,"[[-50.61677538792931, -32.36208399552602]]",18.254691392403288,4,-250,100,False,False,False
R01ZF,R01ZF_SARF000473,473,15767,FULL_CONTEXT_OFFLINE,R01ZF_SARF000473__FULL_CONTEXT_OFFLINE__R01ZF_REUSED_R01ZF_PERSON014,R01ZF_REUSED_R01ZF_PERSON014,9,15556,16000,True,R01ZF_REUSED_R01ZF_PERSON014,"[[-50.61677538792931, -30.589175785606173]]",20.027599602323136,4,-250,250,False,False,False
R01ZF,R01ZF_SARF000474,474,15800,CAUSAL_REPLAY,R01ZF_SARF000474__CAUSAL_REPLAY__R01ZF_REUSED_R01ZF_PERSON014,R01ZF_REUSED_R01ZF_PERSON014,5,15556,15778,False,R01ZF_REUSED_R01ZF_PERSON014,"[[-50.61677538792931, -32.96079092243671]]",17.6559844654926,1,-250,0,False,False,False
R01ZF,R01ZF_SARF000474,474,15800,FIXED_LAG_100MS,R01ZF_SARF000474__FIXED_LAG_100MS__R01ZF_REUSED_R01ZF_PERSON014,R01ZF_REUSED_R01ZF_PERSON014,7,15556,15889,True,R01ZF_REUSED_R01ZF_PERSON014,"[[-50.61677538792931, -31.787361899894762]]",18.829413488034547,1,-250,100,False,False,False
R01ZF,R01ZF_SARF000474,474,15800,FULL_CONTEXT_OFFLINE,R01ZF_SARF000474__FULL_CONTEXT_OFFLINE__R01ZF_REUSED_R01ZF_PERSON014,R01ZF_REUSED_R01ZF_PERSON014,9,15556,16000,True,R01ZF_REUSED_R01ZF_PERSON014,"[[-50.61677538792931, -30.589175785606173]]",20.027599602323136,1,-250,250,False,False,False
R01ZF,R01ZF_SARF000475,475,15833,CAUSAL_REPLAY,R01ZF_SARF000475__CAUSAL_REPLAY__R01ZF_REUSED_R01ZF_PERSON014,R01ZF_REUSED_R01ZF_PERSON014,5,15611,15833,False,R01ZF_REUSED_R01ZF_PERSON014,"[[-50.08415949202098, -32.36208399552602]]",17.72207549649496,6,-250,0,False,False,False
R01ZF,R01ZF_SARF000475,475,15833,FIXED_LAG_100MS,R01ZF_SARF000475__FIXED_LAG_100MS__R01ZF_REUSED_R01ZF_PERSON014,R01ZF_REUSED_R01ZF_PERSON014,6,15611,15889,True,R01ZF_REUSED_R01ZF_PERSON014,"[[-50.08415949202098, -31.787361899894762]]",18.296797592126218,6,-250,100,False,False,False
R01ZF,R01ZF_SARF000475,475,15833,FULL_CONTEXT_OFFLINE,R01ZF_SARF000475__FULL_CONTEXT_OFFLINE__R01ZF_REUSED_R01ZF_PERSON014,R01ZF_REUSED_R01ZF_PERSON014,9,15611,16056,True,R01ZF_REUSED_R01ZF_PERSON014,"[[-50.08415949202098, -30.028577349189213]]",20.055582142831767,6,-250,250,False,False,False
R01ZF,R01ZF_SARF000476,476,15867,CAUSAL_REPLAY,R01ZF_SARF000476__CAUSAL_REPLAY__R01ZF_REUSED_R01ZF_PERSON014,R01ZF_REUSED_R01ZF_PERSON014,4,15667,15833,False,R01ZF_REUSED_R01ZF_PERSON014,"[[-49.472887057338106, -32.36208399552602]]",17.110803061812085,4,-250,0,False,False,False
R01ZF,R01ZF_SARF000476,476,15867,FIXED_LAG_100MS,R01ZF_SARF000476__FIXED_LAG_100MS__R01ZF_REUSED_R01ZF_PERSON014,R01ZF_REUSED_R01ZF_PERSON014,6,15667,15944,True,R01ZF_REUSED_R01ZF_PERSON014,"[[-49.472887057338106, -31.19089363318487]]",18.281993424153235,4,-250,100,False,False,False
R01ZF,R01ZF_SARF000476,476,15867,FULL_CONTEXT_OFFLINE,R01ZF_SARF000476__FULL_CONTEXT_OFFLINE__R01ZF_REUSED_R01ZF_PERSON014,R01ZF_REUSED_R01ZF_PERSON014,9,15667,16111,True,R01ZF_REUSED_R01ZF_PERSON014,"[[-49.472887057338106, -29.488302627275317]]",19.98458443006279,4,-250,250,False,False,False
R01ZF,R01ZF_SARF000477,477,15900,CAUSAL_REPLAY,R01ZF_SARF000477__CAUSAL_REPLAY__R01ZF_REUSED_R01ZF_PERSON014,R01ZF_REUSED_R01ZF_PERSON014,5,15667,15889,False,R01ZF_REUSED_R01ZF_PERSON014,"[[-49.472887057338106, -31.787361899894762]]",17.685525157443344,4,-250,0,False,False,False
R01ZF,R01ZF_SARF000477,477,15900,FIXED_LAG_100MS,R01ZF_SARF000477__FIXED_LAG_100MS__R01ZF_REUSED_R01ZF_PERSON014,R01ZF_REUSED_R01ZF_PERSON014,7,15667,16000,True,R01ZF_REUSED_R01ZF_PERSON014,"[[-49.472887057338106, -30.589175785606173]]",18.883711271731933,4,-250,100,False,False,False
R01ZF,R01ZF_SARF000477,477,15900,FULL_CONTEXT_OFFLINE,R01ZF_SARF000477__FULL_CONTEXT_OFFLINE__R01ZF_REUSED_R01ZF_PERSON014,R01ZF_REUSED_R01ZF_PERSON014,9,15667,16111,True,R01ZF_REUSED_R01ZF_PERSON014,"[[-49.472887057338106, -29.488302627275317]]",19.98458443006279,4,-250,250,False,False,False
R01ZF,R01ZF_SARF000478,478,15933,CAUSAL_REPLAY,R01ZF_SARF000478__CAUSAL_REPLAY__R01ZF_REUSED_R01ZF_PERSON014,R01ZF_REUSED_R01ZF_PERSON014,4,15722,15889,False,R01ZF_REUSED_R01ZF_PERSON014,"[[-48.88389685967456, -31.787361899894762]]",17.096534959779795,11,-250,0,False,False,False
R01ZF,R01ZF_SARF000478,478,15933,FIXED_LAG_100MS,R01ZF_SARF000478__FIXED_LAG_100MS__R01ZF_REUSED_R01ZF_PERSON014,R01ZF_REUSED_R01ZF_PERSON014,6,15722,16000,True,R01ZF_REUSED_R01ZF_PERSON014,"[[-48.88389685967456, -30.589175785606173]]",18.294721074068384,12,-250,100,False,False,False
R01ZF,R01ZF_SARF000478,478,15933,FULL_CONTEXT_OFFLINE,R01ZF_SARF000478__FULL_CONTEXT_OFFLINE__R01ZF_REUSED_R01ZF_PERSON014,R01ZF_REUSED_R01ZF_PERSON014,9,15722,16167,True,R01ZF_REUSED_R01ZF_PERSON014,"[[-48.88389685967456, -28.8879103985507]]",19.995986461123856,13,-250,250,False,False,False
R01ZF,R01ZF_SARF000479,479,15967,CAUSAL_REPLAY,R01ZF_SARF000479__CAUSAL_REPLAY__R01ZF_REUSED_R01ZF_PERSON014,R01ZF_REUSED_R01ZF_PERSON014,5,15722,15944,False,R01ZF_REUSED_R01ZF_PERSON014,"[[-48.88389685967456, -31.19089363318487]]",17.693003226489687,7,-250,0,False,False,False
R01ZF,R01ZF_SARF000479,479,15967,FIXED_LAG_100MS,R01ZF_SARF000479__FIXED_LAG_100MS__R01ZF_REUSED_R01ZF_PERSON014,R01ZF_REUSED_R01ZF_PERSON014,7,15722,16056,True,R01ZF_REUSED_R01ZF_PERSON014,"[[-48.88389685967456, -30.028577349189213]]",18.855319510485344,7,-250,100,False,False,False
R01ZF,R01ZF_SARF000479,479,15967,FULL_CONTEXT_OFFLINE,R01ZF_SARF000479__FULL_CONTEXT_OFFLINE__R01ZF_REUSED_R01ZF_PERSON014,R01ZF_REUSED_R01ZF_PERSON014,9,15722,16167,True,R01ZF_REUSED_R01ZF_PERSON014,"[[-48.88389685967456, -28.8879103985507]]",19.995986461123856,8,-250,250,False,False,False
R01ZF,R01ZF_SARF000480,480,16000,CAUSAL_REPLAY,R01ZF_SARF000480__CAUSAL_REPLAY__R01ZF_REUSED_R01ZF_PERSON014,R01ZF_REUSED_R01ZF_PERSON014,5,15778,16000,False,R01ZF_REUSED_R01ZF_PERSON014,"[[-48.26450368713605, -30.589175785606173]]",17.675327901529876,1,-250,0,False,False,False
R01ZF,R01ZF_SARF000480,480,16000,FIXED_LAG_100MS,R01ZF_SARF000480__FIXED_LAG_100MS__R01ZF_REUSED_R01ZF_PERSON014,R01ZF_REUSED_R01ZF_PERSON014,6,15778,16056,True,R01ZF_REUSED_R01ZF_PERSON014,"[[-48.26450368713605, -30.028577349189213]]",18.235926337946836,1,-250,100,False,False,False
R01ZF,R01ZF_SARF000480,480,16000,FULL_CONTEXT_OFFLINE,R01ZF_SARF000480__FULL_CONTEXT_OFFLINE__R01ZF_REUSED_R01ZF_PERSON014,R01ZF_REUSED_R01ZF_PERSON014,9,15778,16222,True,R01ZF_REUSED_R01ZF_PERSON014,"[[-48.26450368713605, -28.351359453115784]]",19.913144234020265,1,-250,250,False,False,False
R01ZF,R01ZF_SARF000481,481,16033,CAUSAL_REPLAY,R01ZF_SARF000481__CAUSAL_REPLAY__R01ZF_REUSED_R01ZF_PERSON014,R01ZF_REUSED_R01ZF_PERSON014,4,15833,16000,False,R01ZF_REUSED_R01ZF_PERSON014,"[[-47.65332056287028, -30.589175785606173]]",17.064144777264104,1,-250,0,False,False,False
R01ZF,R01ZF_SARF000481,481,16033,FIXED_LAG_100MS,R01ZF_SARF000481__FIXED_LAG_100MS__R01ZF_REUSED_R01ZF_PERSON014,R01ZF_REUSED_R01ZF_PERSON014,6,15833,16111,True,R01ZF_REUSED_R01ZF_PERSON014,"[[-47.65332056287028, -29.488302627275317]]",18.16501793559496,1,-250,100,False,False,False
R01ZF,R01ZF_SARF000481,481,16033,FULL_CONTEXT_OFFLINE,R01ZF_SARF000481__FULL_CONTEXT_OFFLINE__R01ZF_REUSED_R01ZF_PERSON014,R01ZF_REUSED_R01ZF_PERSON014,9,15833,16278,True,R01ZF_REUSED_R01ZF_PERSON014,"[[-47.65332056287028, -27.808807010404664]]",19.844513552465614,1,-250,250,False,False,False
R01ZF,R01ZF_SARF000482,482,16067,CAUSAL_REPLAY,R01ZF_SARF000482__CAUSAL_REPLAY__R01ZF_REUSED_R01ZF_PERSON014,R01ZF_REUSED_R01ZF_PERSON014,5,15833,16056,False,R01ZF_REUSED_R01ZF_PERSON014,"[[-47.65332056287028, -30.028577349189213]]",17.624743213681064,1,-250,0,False,False,False
R01ZF,R01ZF_SARF000482,482,16067,FIXED_LAG_100MS,R01ZF_SARF000482__FIXED_LAG_100MS__R01ZF_REUSED_R01ZF_PERSON014,R01ZF_REUSED_R01ZF_PERSON014,7,15833,16167,True,R01ZF_REUSED_R01ZF_PERSON014,"[[-47.65332056287028, -28.8879103985507]]",18.765410164319576,1,-250,100,False,False,False
R01ZF,R01ZF_SARF000482,482,16067,FULL_CONTEXT_OFFLINE,R01ZF_SARF000482__FULL_CONTEXT_OFFLINE__R01ZF_REUSED_R01ZF_PERSON014,R01ZF_REUSED_R01ZF_PERSON014,9,15833,16278,True,R01ZF_REUSED_R01ZF_PERSON014,"[[-47.65332056287028, -27.808807010404664]]",19.844513552465614,1,-250,250,False,False,False
R01ZF,R01ZF_SARF000483,483,16100,CAUSAL_REPLAY,R01ZF_SARF000483__CAUSAL_REPLAY__R01ZF_REUSED_R01ZF_PERSON014,R01ZF_REUSED_R01ZF_PERSON014,4,15889,16056,False,R01ZF_REUSED_R01ZF_PERSON014,"[[-47.06407972640693, -30.028577349189213]]",17.035502377217718,2,-250,0,False,False,False
R01ZF,R01ZF_SARF000483,483,16100,FIXED_LAG_100MS,R01ZF_SARF000483__FIXED_LAG_100MS__R01ZF_REUSED_R01ZF_PERSON014,R01ZF_REUSED_R01ZF_PERSON014,6,15889,16167,True,R01ZF_REUSED_R01ZF_PERSON014,"[[-47.06407972640693, -28.8879103985507]]",18.17616932785623,3,-250,100,False,False,False
R01ZF,R01ZF_SARF000483,483,16100,FULL_CONTEXT_OFFLINE,R01ZF_SARF000483__FULL_CONTEXT_OFFLINE__R01ZF_REUSED_R01ZF_PERSON014,R01ZF_REUSED_R01ZF_PERSON014,9,15889,16333,True,R01ZF_REUSED_R01ZF_PERSON014,"[[-47.06407972640693, -27.306062193962937]]",19.758017532443994,4,-250,250,False,False,False
R01ZF,R01ZF_SARF000484,484,16133,CAUSAL_REPLAY,R01ZF_SARF000484__CAUSAL_REPLAY__R01ZF_REUSED_R01ZF_PERSON014,R01ZF_REUSED_R01ZF_PERSON014,5,15889,16111,False,R01ZF_REUSED_R01ZF_PERSON014,"[[-47.06407972640693, -29.488302627275317]]",17.575777099131614,1,-250,0,False,False,False
R01ZF,R01ZF_SARF000484,484,16133,FIXED_LAG_100MS,R01ZF_SARF000484__FIXED_LAG_100MS__R01ZF_REUSED_R01ZF_PERSON014,R01ZF_REUSED_R01ZF_PERSON014,7,15889,16222,True,R01ZF_REUSED_R01ZF_PERSON014,"[[-47.06407972640693, -28.351359453115784]]",18.712720273291147,2,-250,100,False,False,False
R01ZF,R01ZF_SARF000484,484,16133,FULL_CONTEXT_OFFLINE,R01ZF_SARF000484__FULL_CONTEXT_OFFLINE__R01ZF_REUSED_R01ZF_PERSON014,R01ZF_REUSED_R01ZF_PERSON014,9,15889,16333,True,R01ZF_REUSED_R01ZF_PERSON014,"[[-47.06407972640693, -27.306062193962937]]",19.758017532443994,2,-250,250,False,False,False
R01ZF,R01ZF_SARF000485,485,16167,CAUSAL_REPLAY,R01ZF_SARF000485__CAUSAL_REPLAY__R01ZF_REUSED_R01ZF_PERSON014,R01ZF_REUSED_R01ZF_PERSON014,5,15944,16167,False,R01ZF_REUSED_R01ZF_PERSON014,"[[-46.479808129687115, -28.8879103985507]]",17.591897731136413,0,-250,0,False,False,False
R01ZF,R01ZF_SARF000485,485,16167,FIXED_LAG_100MS,R01ZF_SARF000485__FIXED_LAG_100MS__R01ZF_REUSED_R01ZF_PERSON014,R01ZF_REUSED_R01ZF_PERSON014,6,15944,16222,True,R01ZF_REUSED_R01ZF_PERSON014,"[[-46.479808129687115, -28.351359453115784]]",18.12844867657133,0,-250,100,False,False,False
R01ZF,R01ZF_SARF000485,485,16167,FULL_CONTEXT_OFFLINE,R01ZF_SARF000485__FULL_CONTEXT_OFFLINE__R01ZF_REUSED_R01ZF_PERSON014,R01ZF_REUSED_R01ZF_PERSON014,9,15944,16389,True,R01ZF_REUSED_R01ZF_PERSON014,"[[-46.479808129687115, -26.736173032881148]]",19.743635096805967,1,-250,250,False,False,False
R01ZF,R01ZF_SARF000486,486,16200,CAUSAL_REPLAY,R01ZF_SARF000486__CAUSAL_REPLAY__R01ZF_REUSED_R01ZF_PERSON014,R01ZF_REUSED_R01ZF_PERSON014,4,16000,16167,False,R01ZF_REUSED_R01ZF_PERSON014,"[[-45.918441094736096, -28.8879103985507]]",17.030530696185394,0,-250,0,False,False,False
R01ZF,R01ZF_SARF000486,486,16200,FIXED_LAG_100MS,R01ZF_SARF000486__FIXED_LAG_100MS__R01ZF_REUSED_R01ZF_PERSON014,R01ZF_REUSED_R01ZF_PERSON014,6,16000,16278,True,R01ZF_REUSED_R01ZF_PERSON014,"[[-45.918441094736096, -27.808807010404664]]",18.109634084331432,0,-250,100,False,False,False
R01ZF,R01ZF_SARF000486,486,16200,FULL_CONTEXT_OFFLINE,R01ZF_SARF000486__FULL_CONTEXT_OFFLINE__R01ZF_REUSED_R01ZF_PERSON014,R01ZF_REUSED_R01ZF_PERSON014,9,16000,16444,True,R01ZF_REUSED_R01ZF_PERSON014,"[[-45.918441094736096, -26.189070844916053]]",19.729370249820043,0,-250,250,False,False,False
R01ZF,R01ZF_SARF000487,487,16233,CAUSAL_REPLAY,R01ZF_SARF000487__CAUSAL_REPLAY__R01ZF_REUSED_R01ZF_PERSON014,R01ZF_REUSED_R01ZF_PERSON014,5,16000,16222,False,R01ZF_REUSED_R01ZF_PERSON014,"[[-45.918441094736096, -28.351359453115784]]",17.567081641620312,0,-250,0,False,False,False
R01ZF,R01ZF_SARF000487,487,16233,FIXED_LAG_100MS,R01ZF_SARF000487__FIXED_LAG_100MS__R01ZF_REUSED_R01ZF_PERSON014,R01ZF_REUSED_R01ZF_PERSON014,7,16000,16333,True,R01ZF_REUSED_R01ZF_PERSON014,"[[-45.918441094736096, -27.306062193962937]]",18.61237890077316,0,-250,100,False,False,False
R01ZF,R01ZF_SARF000487,487,16233,FULL_CONTEXT_OFFLINE,R01ZF_SARF000487__FULL_CONTEXT_OFFLINE__R01ZF_REUSED_R01ZF_PERSON014,R01ZF_REUSED_R01ZF_PERSON014,9,16000,16444,True,R01ZF_REUSED_R01ZF_PERSON014,"[[-45.918441094736096, -26.189070844916053]]",19.729370249820043,0,-250,250,False,False,False
R01ZF,R01ZF_SARF000488,488,16267,CAUSAL_REPLAY,R01ZF_SARF000488__CAUSAL_REPLAY__R01ZF_REUSED_R01ZF_PERSON014,R01ZF_REUSED_R01ZF_PERSON014,4,16056,16222,False,R01ZF_REUSED_R01ZF_PERSON014,"[[-45.34616028613281, -28.351359453115784]]",16.994800833017024,0,-250,0,False,False,False
R01ZF,R01ZF_SARF000488,488,16267,FIXED_LAG_100MS,R01ZF_SARF000488__FIXED_LAG_100MS__R01ZF_REUSED_R01ZF_PERSON014,R01ZF_REUSED_R01ZF_PERSON014,6,16056,16333,True,R01ZF_REUSED_R01ZF_PERSON014,"[[-45.34616028613281, -27.306062193962937]]",18.04009809216987,0,-250,100,False,False,False
R01ZF,R01ZF_SARF000488,488,16267,FULL_CONTEXT_OFFLINE,R01ZF_SARF000488__FULL_CONTEXT_OFFLINE__R01ZF_REUSED_R01ZF_PERSON014,R01ZF_REUSED_R01ZF_PERSON014,8,16056,16444,True,R01ZF_REUSED_R01ZF_PERSON014,"[[-45.34616028613281, -26.189070844916053]]",19.157089441216755,1,-250,250,False,False,False
R01ZF,R01ZF_SARF000489,489,16300,CAUSAL_REPLAY,R01ZF_SARF000489__CAUSAL_REPLAY__R01ZF_REUSED_R01ZF_PERSON014,R01ZF_REUSED_R01ZF_PERSON014,5,16056,16278,False,R01ZF_REUSED_R01ZF_PERSON014,"[[-45.34616028613281, -27.808807010404664]]",17.537353275728144,2,-250,0,False,False,False
R01ZF,R01ZF_SARF000489,489,16300,FIXED_LAG_100MS,R01ZF_SARF000489__FIXED_LAG_100MS__R01ZF_REUSED_R01ZF_PERSON014,R01ZF_REUSED_R01ZF_PERSON014,7,16056,16389,True,R01ZF_REUSED_R01ZF_PERSON014,"[[-45.34616028613281, -26.736173032881148]]",18.60998725325166,2,-250,100,False,False,False
R01ZF,R01ZF_SARF000489,489,16300,FULL_CONTEXT_OFFLINE,R01ZF_SARF000489__FULL_CONTEXT_OFFLINE__R01ZF_REUSED_R01ZF_PERSON014,R01ZF_REUSED_R01ZF_PERSON014,8,16056,16444,True,R01ZF_REUSED_R01ZF_PERSON014,"[[-45.34616028613281, -26.189070844916053]]",19.157089441216755,2,-250,250,False,False,False
R01ZF,R01ZF_SARF000490,490,16333,CAUSAL_REPLAY,R01ZF_SARF000490__CAUSAL_REPLAY__R01ZF_REUSED_R01ZF_PERSON014,R01ZF_REUSED_R01ZF_PERSON014,5,16111,16333,False,R01ZF_REUSED_R01ZF_PERSON014,"[[-44.790349620457604, -27.306062193962937]]",17.484287426494667,1,-250,0,False,False,False
R01ZF,R01ZF_SARF000490,490,16333,FIXED_LAG_100MS,R01ZF_SARF000490__FIXED_LAG_100MS__R01ZF_REUSED_R01ZF_PERSON014,R01ZF_REUSED_R01ZF_PERSON014,6,16111,16389,True,R01ZF_REUSED_R01ZF_PERSON014,"[[-44.790349620457604, -26.736173032881148]]",18.054176587576457,1,-250,100,False,False,False
R01ZF,R01ZF_SARF000490,490,16333,FULL_CONTEXT_OFFLINE,R01ZF_SARF000490__FULL_CONTEXT_OFFLINE__R01ZF_REUSED_R01ZF_PERSON014,R01ZF_REUSED_R01ZF_PERSON014,7,16111,16444,True,R01ZF_REUSED_R01ZF_PERSON014,"[[-44.790349620457604, -26.189070844916053]]",18.60127877554155,1,-250,250,False,False,False
R01ZF,R01ZF_SARF000491,491,16367,CAUSAL_REPLAY,R01ZF_SARF000491__CAUSAL_REPLAY__R01ZF_REUSED_R01ZF_PERSON014,R01ZF_REUSED_R01ZF_PERSON014,4,16167,16333,False,R01ZF_REUSED_R01ZF_PERSON014,"[[-44.212161304129374, -27.306062193962937]]",16.906099110166437,0,-250,0,False,False,False
R01ZF,R01ZF_SARF000491,491,16367,FIXED_LAG_100MS,R01ZF_SARF000491__FIXED_LAG_100MS__R01ZF_REUSED_R01ZF_PERSON014,R01ZF_REUSED_R01ZF_PERSON014,6,16167,16444,True,R01ZF_REUSED_R01ZF_PERSON014,"[[-44.212161304129374, -26.189070844916053]]",18.02309045921332,0,-250,100,False,False,False
R01ZF,R01ZF_SARF000491,491,16367,FULL_CONTEXT_OFFLINE,R01ZF_SARF000491__FULL_CONTEXT_OFFLINE__R01ZF_REUSED_R01ZF_PERSON014,R01ZF_REUSED_R01ZF_PERSON014,6,16167,16444,True,R01ZF_REUSED_R01ZF_PERSON014,"[[-44.212161304129374, -26.189070844916053]]",18.02309045921332,0,-250,250,False,False,False
R01ZF,R01ZF_SARF000492,492,16400,CAUSAL_REPLAY,R01ZF_SARF000492__CAUSAL_REPLAY__R01ZF_REUSED_R01ZF_PERSON014,R01ZF_REUSED_R01ZF_PERSON014,5,16167,16389,False,R01ZF_REUSED_R01ZF_PERSON014,"[[-44.212161304129374, -26.736173032881148]]",17.475988271248227,1,-250,0,False,False,False
R01ZF,R01ZF_SARF000492,492,16400,FIXED_LAG_100MS,R01ZF_SARF000492__FIXED_LAG_100MS__R01ZF_REUSED_R01ZF_PERSON014,R01ZF_REUSED_R01ZF_PERSON014,6,16167,16444,True,R01ZF_REUSED_R01ZF_PERSON014,"[[-44.212161304129374, -26.189070844916053]]",18.02309045921332,1,-250,100,False,False,False
R01ZF,R01ZF_SARF000492,492,16400,FULL_CONTEXT_OFFLINE,R01ZF_SARF000492__FULL_CONTEXT_OFFLINE__R01ZF_REUSED_R01ZF_PERSON014,R01ZF_REUSED_R01ZF_PERSON014,6,16167,16444,True,R01ZF_REUSED_R01ZF_PERSON014,"[[-44.212161304129374, -26.189070844916053]]",18.02309045921332,1,-250,250,False,False,False
R01ZF,R01ZF_SARF000493,493,16433,CAUSAL_REPLAY,R01ZF_SARF000493__CAUSAL_REPLAY__R01ZF_REUSED_R01ZF_PERSON014,R01ZF_REUSED_R01ZF_PERSON014,4,16222,16389,False,R01ZF_REUSED_R01ZF_PERSON014,"[[-43.638719256663016, -26.736173032881148]]",16.90254622378187,2,-250,0,False,False,False
R01ZF,R01ZF_SARF000493,493,16433,FIXED_LAG_100MS,R01ZF_SARF000493__FIXED_LAG_100MS__R01ZF_REUSED_R01ZF_PERSON014,R01ZF_REUSED_R01ZF_PERSON014,5,16222,16444,True,R01ZF_REUSED_R01ZF_PERSON014,"[[-43.638719256663016, -26.189070844916053]]",17.449648411746963,2,-250,100,False,False,False
R01ZF,R01ZF_SARF000493,493,16433,FULL_CONTEXT_OFFLINE,R01ZF_SARF000493__FULL_CONTEXT_OFFLINE__R01ZF_REUSED_R01ZF_PERSON014,R01ZF_REUSED_R01ZF_PERSON014,5,16222,16444,True,R01ZF_REUSED_R01ZF_PERSON014,"[[-43.638719256663016, -26.189070844916053]]",17.449648411746963,2,-250,250,False,False,False
R01ZF,R01ZF_SARF000494,494,16467,CAUSAL_REPLAY,R01ZF_SARF000494__CAUSAL_REPLAY__R01ZF_REUSED_R01ZF_PERSON014,R01ZF_REUSED_R01ZF_PERSON014,5,16222,16444,False,R01ZF_REUSED_R01ZF_PERSON014,"[[-43.638719256663016, -26.189070844916053]]",17.449648411746963,5,-250,0,False,False,False
R01ZF,R01ZF_SARF000494,494,16467,FIXED_LAG_100MS,R01ZF_SARF000494__FIXED_LAG_100MS__R01ZF_REUSED_R01ZF_PERSON014,R01ZF_REUSED_R01ZF_PERSON014,5,16222,16444,False,R01ZF_REUSED_R01ZF_PERSON014,"[[-43.638719256663016, -26.189070844916053]]",17.449648411746963,5,-250,100,False,False,False
R01ZF,R01ZF_SARF000494,494,16467,FULL_CONTEXT_OFFLINE,R01ZF_SARF000494__FULL_CONTEXT_OFFLINE__R01ZF_REUSED_R01ZF_PERSON014,R01ZF_REUSED_R01ZF_PERSON014,5,16222,16444,False,R01ZF_REUSED_R01ZF_PERSON014,"[[-43.638719256663016, -26.189070844916053]]",17.449648411746963,5,-250,250,False,False,False
R02ZF,R02ZF_SARF000086,86,2867,FULL_CONTEXT_OFFLINE,R02ZF_SARF000086__FULL_CONTEXT_OFFLINE__R02ZF_REUSED_R02ZF_PERSON100001,R02ZF_REUSED_R02ZF_PERSON100001,1,3111,3111,True,R02ZF_REUSED_R02ZF_PERSON100001,"[[-24.82356145356782, -11.643619077234693]]",13.179942376333127,9,-250,250,False,False,False
R02ZF,R02ZF_SARF000087,87,2900,FULL_CONTEXT_OFFLINE,R02ZF_SARF000087__FULL_CONTEXT_OFFLINE__R02ZF_REUSED_R02ZF_PERSON100001,R02ZF_REUSED_R02ZF_PERSON100001,1,3111,3111,True,R02ZF_REUSED_R02ZF_PERSON100001,"[[-24.82356145356782, -11.643619077234693]]",13.179942376333127,8,-250,250,False,False,False
R02ZF,R02ZF_SARF000088,88,2933,FULL_CONTEXT_OFFLINE,R02ZF_SARF000088__FULL_CONTEXT_OFFLINE__R02ZF_REUSED_R02ZF_PERSON100001,R02ZF_REUSED_R02ZF_PERSON100001,1,3111,3111,True,R02ZF_REUSED_R02ZF_PERSON100001,"[[-24.82356145356782, -11.643619077234693]]",13.179942376333127,10,-250,250,False,False,False
R02ZF,R02ZF_SARF000089,89,2967,FULL_CONTEXT_OFFLINE,R02ZF_SARF000089__FULL_CONTEXT_OFFLINE__R02ZF_REUSED_R02ZF_PERSON100001,R02ZF_REUSED_R02ZF_PERSON100001,1,3111,3111,True,R02ZF_REUSED_R02ZF_PERSON100001,"[[-24.82356145356782, -11.643619077234693]]",13.179942376333127,13,-250,250,False,False,False
R02ZF,R02ZF_SARF000090,90,3000,FULL_CONTEXT_OFFLINE,R02ZF_SARF000090__FULL_CONTEXT_OFFLINE__R02ZF_REUSED_R02ZF_PERSON100001,R02ZF_REUSED_R02ZF_PERSON100001,1,3111,3111,True,R02ZF_REUSED_R02ZF_PERSON100001,"[[-24.82356145356782, -11.643619077234693]]",13.179942376333127,8,-250,250,False,False,False
R02ZF,R02ZF_SARF000091,91,3033,FIXED_LAG_100MS,R02ZF_SARF000091__FIXED_LAG_100MS__R02ZF_REUSED_R02ZF_PERSON100001,R02ZF_REUSED_R02ZF_PERSON100001,1,3111,3111,True,R02ZF_REUSED_R02ZF_PERSON100001,"[[-24.82356145356782, -11.643619077234693]]",13.179942376333127,10,-250,100,False,False,False
R02ZF,R02ZF_SARF000091,91,3033,FULL_CONTEXT_OFFLINE,R02ZF_SARF000091__FULL_CONTEXT_OFFLINE__R02ZF_REUSED_R02ZF_PERSON100001,R02ZF_REUSED_R02ZF_PERSON100001,1,3111,3111,True,R02ZF_REUSED_R02ZF_PERSON100001,"[[-24.82356145356782, -11.643619077234693]]",13.179942376333127,10,-250,250,False,False,False
R02ZF,R02ZF_SARF000092,92,3067,FIXED_LAG_100MS,R02ZF_SARF000092__FIXED_LAG_100MS__R02ZF_REUSED_R02ZF_PERSON100001,R02ZF_REUSED_R02ZF_PERSON100001,1,3111,3111,True,R02ZF_REUSED_R02ZF_PERSON100001,"[[-24.82356145356782, -11.643619077234693]]",13.179942376333127,13,-250,100,False,False,False
R02ZF,R02ZF_SARF000092,92,3067,FULL_CONTEXT_OFFLINE,R02ZF_SARF000092__FULL_CONTEXT_OFFLINE__R02ZF_REUSED_R02ZF_PERSON100001,R02ZF_REUSED_R02ZF_PERSON100001,1,3111,3111,True,R02ZF_REUSED_R02ZF_PERSON100001,"[[-24.82356145356782, -11.643619077234693]]",13.179942376333127,13,-250,250,False,False,False
R02ZF,R02ZF_SARF000093,93,3100,FIXED_LAG_100MS,R02ZF_SARF000093__FIXED_LAG_100MS__R02ZF_REUSED_R02ZF_PERSON100001,R02ZF_REUSED_R02ZF_PERSON100001,1,3111,3111,True,R02ZF_REUSED_R02ZF_PERSON100001,"[[-24.82356145356782, -11.643619077234693]]",13.179942376333127,8,-250,100,False,False,False
R02ZF,R02ZF_SARF000093,93,3100,FULL_CONTEXT_OFFLINE,R02ZF_SARF000093__FULL_CONTEXT_OFFLINE__R02ZF_REUSED_R02ZF_PERSON100001,R02ZF_REUSED_R02ZF_PERSON100001,1,3111,3111,True,R02ZF_REUSED_R02ZF_PERSON100001,"[[-24.82356145356782, -11.643619077234693]]",13.179942376333127,8,-250,250,False,False,False
R02ZF,R02ZF_SARF000094,94,3133,CAUSAL_REPLAY,R02ZF_SARF000094__CAUSAL_REPLAY__R02ZF_REUSED_R02ZF_PERSON100001,R02ZF_REUSED_R02ZF_PERSON100001,1,3111,3111,False,R02ZF_REUSED_R02ZF_PERSON100001,"[[-24.82356145356782, -11.643619077234693]]",13.179942376333127,7,-250,0,False,False,False
R02ZF,R02ZF_SARF000094,94,3133,FIXED_LAG_100MS,R02ZF_SARF000094__FIXED_LAG_100MS__R02ZF_REUSED_R02ZF_PERSON100001,R02ZF_REUSED_R02ZF_PERSON100001,1,3111,3111,False,R02ZF_REUSED_R02ZF_PERSON100001,"[[-24.82356145356782, -11.643619077234693]]",13.179942376333127,7,-250,100,False,False,False
R02ZF,R02ZF_SARF000094,94,3133,FULL_CONTEXT_OFFLINE,R02ZF_SARF000094__FULL_CONTEXT_OFFLINE__R02ZF_REUSED_R02ZF_PERSON100001,R02ZF_REUSED_R02ZF_PERSON100001,1,3111,3111,False,R02ZF_REUSED_R02ZF_PERSON100001,"[[-24.82356145356782, -11.643619077234693]]",13.179942376333127,7,-250,250,False,False,False
R02ZF,R02ZF_SARF000095,95,3167,CAUSAL_REPLAY,R02ZF_SARF000095__CAUSAL_REPLAY__R02ZF_REUSED_R02ZF_PERSON100001,R02ZF_REUSED_R02ZF_PERSON100001,1,3111,3111,False,R02ZF_REUSED_R02ZF_PERSON100001,"[[-24.82356145356782, -11.643619077234693]]",13.179942376333127,6,-250,0,False,False,False
R02ZF,R02ZF_SARF000095,95,3167,FIXED_LAG_100MS,R02ZF_SARF000095__FIXED_LAG_100MS__R02ZF_REUSED_R02ZF_PERSON100001,R02ZF_REUSED_R02ZF_PERSON100001,1,3111,3111,False,R02ZF_REUSED_R02ZF_PERSON100001,"[[-24.82356145356782, -11.643619077234693]]",13.179942376333127,6,-250,100,False,False,False
R02ZF,R02ZF_SARF000095,95,3167,FULL_CONTEXT_OFFLINE,R02ZF_SARF000095__FULL_CONTEXT_OFFLINE__R02ZF_REUSED_R02ZF_PERSON100001,R02ZF_REUSED_R02ZF_PERSON100001,1,3111,3111,False,R02ZF_REUSED_R02ZF_PERSON100001,"[[-24.82356145356782, -11.643619077234693]]",13.179942376333127,6,-250,250,False,False,False
R02ZF,R02ZF_SARF000096,96,3200,CAUSAL_REPLAY,R02ZF_SARF000096__CAUSAL_REPLAY__R02ZF_REUSED_R02ZF_PERSON100001,R02ZF_REUSED_R02ZF_PERSON100001,1,3111,3111,False,R02ZF_REUSED_R02ZF_PERSON100001,"[[-24.82356145356782, -11.643619077234693]]",13.179942376333127,12,-250,0,False,False,False
R02ZF,R02ZF_SARF000096,96,3200,FIXED_LAG_100MS,R02ZF_SARF000096__FIXED_LAG_100MS__R02ZF_REUSED_R02ZF_PERSON100001,R02ZF_REUSED_R02ZF_PERSON100001,1,3111,3111,False,R02ZF_REUSED_R02ZF_PERSON100001,"[[-24.82356145356782, -11.643619077234693]]",13.179942376333127,12,-250,100,False,False,False
R02ZF,R02ZF_SARF000096,96,3200,FULL_CONTEXT_OFFLINE,R02ZF_SARF000096__FULL_CONTEXT_OFFLINE__R02ZF_REUSED_R02ZF_PERSON100001,R02ZF_REUSED_R02ZF_PERSON100001,1,3111,3111,False,R02ZF_REUSED_R02ZF_PERSON100001,"[[-24.82356145356782, -11.643619077234693]]",13.179942376333127,12,-250,250,False,False,False
R02ZF,R02ZF_SARF000097,97,3233,CAUSAL_REPLAY,R02ZF_SARF000097__CAUSAL_REPLAY__R02ZF_REUSED_R02ZF_PERSON100001,R02ZF_REUSED_R02ZF_PERSON100001,1,3111,3111,False,R02ZF_REUSED_R02ZF_PERSON100001,"[[-24.82356145356782, -11.643619077234693]]",13.179942376333127,6,-250,0,False,False,False
R02ZF,R02ZF_SARF000097,97,3233,FIXED_LAG_100MS,R02ZF_SARF000097__FIXED_LAG_100MS__R02ZF_REUSED_R02ZF_PERSON100001,R02ZF_REUSED_R02ZF_PERSON100001,1,3111,3111,False,R02ZF_REUSED_R02ZF_PERSON100001,"[[-24.82356145356782, -11.643619077234693]]",13.179942376333127,6,-250,100,False,False,False
R02ZF,R02ZF_SARF000097,97,3233,FULL_CONTEXT_OFFLINE,R02ZF_SARF000097__FULL_CONTEXT_OFFLINE__R02ZF_REUSED_R02ZF_PERSON100001,R02ZF_REUSED_R02ZF_PERSON100001,1,3111,3111,False,R02ZF_REUSED_R02ZF_PERSON100001,"[[-24.82356145356782, -11.643619077234693]]",13.179942376333127,6,-250,250,False,False,False
R02ZF,R02ZF_SARF000098,98,3267,CAUSAL_REPLAY,R02ZF_SARF000098__CAUSAL_REPLAY__R02ZF_REUSED_R02ZF_PERSON100001,R02ZF_REUSED_R02ZF_PERSON100001,1,3111,3111,False,R02ZF_REUSED_R02ZF_PERSON100001,"[[-24.82356145356782, -11.643619077234693]]",13.179942376333127,9,-250,0,False,False,False
R02ZF,R02ZF_SARF000098,98,3267,FIXED_LAG_100MS,R02ZF_SARF000098__FIXED_LAG_100MS__R02ZF_REUSED_R02ZF_PERSON100001,R02ZF_REUSED_R02ZF_PERSON100001,1,3111,3111,False,R02ZF_REUSED_R02ZF_PERSON100001,"[[-24.82356145356782, -11.643619077234693]]",13.179942376333127,9,-250,100,False,False,False
R02ZF,R02ZF_SARF000098,98,3267,FULL_CONTEXT_OFFLINE,R02ZF_SARF000098__FULL_CONTEXT_OFFLINE__R02ZF_REUSED_R02ZF_PERSON100001,R02ZF_REUSED_R02ZF_PERSON100001,1,3111,3111,False,R02ZF_REUSED_R02ZF_PERSON100001,"[[-24.82356145356782, -11.643619077234693]]",13.179942376333127,9,-250,250,False,False,False
R02ZF,R02ZF_SARF000099,99,3300,CAUSAL_REPLAY,R02ZF_SARF000099__CAUSAL_REPLAY__R02ZF_REUSED_R02ZF_PERSON100001,R02ZF_REUSED_R02ZF_PERSON100001,1,3111,3111,False,R02ZF_REUSED_R02ZF_PERSON100001,"[[-24.82356145356782, -11.643619077234693]]",13.179942376333127,10,-250,0,False,False,False
R02ZF,R02ZF_SARF000099,99,3300,FIXED_LAG_100MS,R02ZF_SARF000099__FIXED_LAG_100MS__R02ZF_REUSED_R02ZF_PERSON100001,R02ZF_REUSED_R02ZF_PERSON100001,1,3111,3111,False,R02ZF_REUSED_R02ZF_PERSON100001,"[[-24.82356145356782, -11.643619077234693]]",13.179942376333127,10,-250,100,False,False,False
R02ZF,R02ZF_SARF000099,99,3300,FULL_CONTEXT_OFFLINE,R02ZF_SARF000099__FULL_CONTEXT_OFFLINE__R02ZF_REUSED_R02ZF_PERSON100001,R02ZF_REUSED_R02ZF_PERSON100001,1,3111,3111,False,R02ZF_REUSED_R02ZF_PERSON100001,"[[-24.82356145356782, -11.643619077234693]]",13.179942376333127,10,-250,250,False,False,False
R02ZF,R02ZF_SARF000100,100,3333,CAUSAL_REPLAY,R02ZF_SARF000100__CAUSAL_REPLAY__R02ZF_REUSED_R02ZF_PERSON100001,R02ZF_REUSED_R02ZF_PERSON100001,1,3111,3111,False,R02ZF_REUSED_R02ZF_PERSON100001,"[[-24.82356145356782, -11.643619077234693]]",13.179942376333127,9,-250,0,False,False,False
R02ZF,R02ZF_SARF000100,100,3333,FIXED_LAG_100MS,R02ZF_SARF000100__FIXED_LAG_100MS__R02ZF_REUSED_R02ZF_PERSON100001,R02ZF_REUSED_R02ZF_PERSON100001,1,3111,3111,False,R02ZF_REUSED_R02ZF_PERSON100001,"[[-24.82356145356782, -11.643619077234693]]",13.179942376333127,9,-250,100,False,False,False
R02ZF,R02ZF_SARF000100,100,3333,FULL_CONTEXT_OFFLINE,R02ZF_SARF000100__FULL_CONTEXT_OFFLINE__R02ZF_REUSED_R02ZF_PERSON100001,R02ZF_REUSED_R02ZF_PERSON100001,1,3111,3111,False,R02ZF_REUSED_R02ZF_PERSON100001,"[[-24.82356145356782, -11.643619077234693]]",13.179942376333127,9,-250,250,False,False,False
R02ZF,R02ZF_SARF000100,100,3333,FULL_CONTEXT_OFFLINE,R02ZF_SARF000100__FULL_CONTEXT_OFFLINE__R02ZF_REUSED_R02ZF_PERSON100002,R02ZF_REUSED_R02ZF_PERSON100002,1,3556,3556,True,R02ZF_REUSED_R02ZF_PERSON100002,"[[-21.523722604500602, -8.503772414788916]]",13.019950189711686,9,-250,250,False,False,False
R02ZF,R02ZF_SARF000101,101,3367,FULL_CONTEXT_OFFLINE,R02ZF_SARF000101__FULL_CONTEXT_OFFLINE__R02ZF_REUSED_R02ZF_PERSON100002,R02ZF_REUSED_R02ZF_PERSON100002,1,3556,3556,True,R02ZF_REUSED_R02ZF_PERSON100002,"[[-21.523722604500602, -8.503772414788916]]",13.019950189711686,10,-250,250,False,False,False
R02ZF,R02ZF_SARF000101,101,3367,FULL_CONTEXT_OFFLINE,R02ZF_SARF000101__FULL_CONTEXT_OFFLINE__R02ZF_REUSED_R02ZF_PERSON100003,R02ZF_REUSED_R02ZF_PERSON100003,1,3611,3611,True,R02ZF_REUSED_R02ZF_PERSON100003,"[[-22.523673770884606, -9.24373627791308]]",13.279937492971527,9,-250,250,False,False,False
R02ZF,R02ZF_SARF000101,101,3367,FULL_CONTEXT_OFFLINE,R02ZF_SARF000101__FULL_CONTEXT_OFFLINE__R02ZF_REUSED_R02ZF_PERSON100004,R02ZF_REUSED_R02ZF_PERSON100004,1,3611,3611,True,R02ZF_REUSED_R02ZF_PERSON100004,"[[-20.863754834687157, -7.943799761613871]]",12.919955073073286,10,-250,250,False,False,False
R02ZF,R02ZF_SARF000102,102,3400,FULL_CONTEXT_OFFLINE,R02ZF_SARF000102__FULL_CONTEXT_OFFLINE__R02ZF_REUSED_R02ZF_PERSON100002,R02ZF_REUSED_R02ZF_PERSON100002,1,3556,3556,True,R02ZF_REUSED_R02ZF_PERSON100002,"[[-21.523722604500602, -8.503772414788916]]",13.019950189711686,8,-250,250,False,False,False
R02ZF,R02ZF_SARF000102,102,3400,FULL_CONTEXT_OFFLINE,R02ZF_SARF000102__FULL_CONTEXT_OFFLINE__R02ZF_REUSED_R02ZF_PERSON100003,R02ZF_REUSED_R02ZF_PERSON100003,1,3611,3611,True,R02ZF_REUSED_R02ZF_PERSON100003,"[[-22.523673770884606, -9.24373627791308]]",13.279937492971527,8,-250,250,False,False,False
R02ZF,R02ZF_SARF000102,102,3400,FULL_CONTEXT_OFFLINE,R02ZF_SARF000102__FULL_CONTEXT_OFFLINE__R02ZF_REUSED_R02ZF_PERSON100004,R02ZF_REUSED_R02ZF_PERSON100004,1,3611,3611,True,R02ZF_REUSED_R02ZF_PERSON100004,"[[-20.863754834687157, -7.943799761613871]]",12.919955073073286,9,-250,250,False,False,False
R02ZF,R02ZF_SARF000103,103,3433,FULL_CONTEXT_OFFLINE,R02ZF_SARF000103__FULL_CONTEXT_OFFLINE__R02ZF_REUSED_R02ZF_PERSON100002,R02ZF_REUSED_R02ZF_PERSON100002,1,3556,3556,True,R02ZF_REUSED_R02ZF_PERSON100002,"[[-21.523722604500602, -8.503772414788916]]",13.019950189711686,9,-250,250,False,False,False
R02ZF,R02ZF_SARF000103,103,3433,FULL_CONTEXT_OFFLINE,R02ZF_SARF000103__FULL_CONTEXT_OFFLINE__R02ZF_REUSED_R02ZF_PERSON100003,R02ZF_REUSED_R02ZF_PERSON100003,1,3611,3611,True,R02ZF_REUSED_R02ZF_PERSON100003,"[[-22.523673770884606, -9.24373627791308]]",13.279937492971527,8,-250,250,False,False,False
R02ZF,R02ZF_SARF000103,103,3433,FULL_CONTEXT_OFFLINE,R02ZF_SARF000103__FULL_CONTEXT_OFFLINE__R02ZF_REUSED_R02ZF_PERSON100004,R02ZF_REUSED_R02ZF_PERSON100004,1,3611,3611,True,R02ZF_REUSED_R02ZF_PERSON100004,"[[-20.863754834687157, -7.943799761613871]]",12.919955073073286,9,-250,250,False,False,False
R02ZF,R02ZF_SARF000104,104,3467,FIXED_LAG_100MS,R02ZF_SARF000104__FIXED_LAG_100MS__R02ZF_REUSED_R02ZF_PERSON100002,R02ZF_REUSED_R02ZF_PERSON100002,1,3556,3556,True,R02ZF_REUSED_R02ZF_PERSON100002,"[[-21.523722604500602, -8.503772414788916]]",13.019950189711686,8,-250,100,False,False,False
R02ZF,R02ZF_SARF000104,104,3467,FULL_CONTEXT_OFFLINE,R02ZF_SARF000104__FULL_CONTEXT_OFFLINE__R02ZF_REUSED_R02ZF_PERSON100002,R02ZF_REUSED_R02ZF_PERSON100002,1,3556,3556,True,R02ZF_REUSED_R02ZF_PERSON100002,"[[-21.523722604500602, -8.503772414788916]]",13.019950189711686,8,-250,250,False,False,False
R02ZF,R02ZF_SARF000104,104,3467,FULL_CONTEXT_OFFLINE,R02ZF_SARF000104__FULL_CONTEXT_OFFLINE__R02ZF_REUSED_R02ZF_PERSON100003,R02ZF_REUSED_R02ZF_PERSON100003,1,3611,3611,True,R02ZF_REUSED_R02ZF_PERSON100003,"[[-22.523673770884606, -9.24373627791308]]",13.279937492971527,8,-250,250,False,False,False
R02ZF,R02ZF_SARF000104,104,3467,FULL_CONTEXT_OFFLINE,R02ZF_SARF000104__FULL_CONTEXT_OFFLINE__R02ZF_REUSED_R02ZF_PERSON100004,R02ZF_REUSED_R02ZF_PERSON100004,1,3611,3611,True,R02ZF_REUSED_R02ZF_PERSON100004,"[[-20.863754834687157, -7.943799761613871]]",12.919955073073286,8,-250,250,False,False,False
R02ZF,R02ZF_SARF000105,105,3500,FIXED_LAG_100MS,R02ZF_SARF000105__FIXED_LAG_100MS__R02ZF_REUSED_R02ZF_PERSON100002,R02ZF_REUSED_R02ZF_PERSON100002,1,3556,3556,True,R02ZF_REUSED_R02ZF_PERSON100002,"[[-21.523722604500602, -8.503772414788916]]",13.019950189711686,12,-250,100,False,False,False
R02ZF,R02ZF_SARF000105,105,3500,FULL_CONTEXT_OFFLINE,R02ZF_SARF000105__FULL_CONTEXT_OFFLINE__R02ZF_REUSED_R02ZF_PERSON100002,R02ZF_REUSED_R02ZF_PERSON100002,1,3556,3556,True,R02ZF_REUSED_R02ZF_PERSON100002,"[[-21.523722604500602, -8.503772414788916]]",13.019950189711686,12,-250,250,False,False,False
R02ZF,R02ZF_SARF000105,105,3500,FULL_CONTEXT_OFFLINE,R02ZF_SARF000105__FULL_CONTEXT_OFFLINE__R02ZF_REUSED_R02ZF_PERSON100003,R02ZF_REUSED_R02ZF_PERSON100003,1,3611,3611,True,R02ZF_REUSED_R02ZF_PERSON100003,"[[-22.523673770884606, -9.24373627791308]]",13.279937492971527,12,-250,250,False,False,False
R02ZF,R02ZF_SARF000105,105,3500,FULL_CONTEXT_OFFLINE,R02ZF_SARF000105__FULL_CONTEXT_OFFLINE__R02ZF_REUSED_R02ZF_PERSON100004,R02ZF_REUSED_R02ZF_PERSON100004,1,3611,3611,True,R02ZF_REUSED_R02ZF_PERSON100004,"[[-20.863754834687157, -7.943799761613871]]",12.919955073073286,11,-250,250,False,False,False
R02ZF,R02ZF_SARF000106,106,3533,FIXED_LAG_100MS,R02ZF_SARF000106__FIXED_LAG_100MS__R02ZF_REUSED_R02ZF_PERSON100002,R02ZF_REUSED_R02ZF_PERSON100002,1,3556,3556,True,R02ZF_REUSED_R02ZF_PERSON100002,"[[-21.523722604500602, -8.503772414788916]]",13.019950189711686,12,-250,100,False,False,False
R02ZF,R02ZF_SARF000106,106,3533,FIXED_LAG_100MS,R02ZF_SARF000106__FIXED_LAG_100MS__R02ZF_REUSED_R02ZF_PERSON100003,R02ZF_REUSED_R02ZF_PERSON100003,1,3611,3611,True,R02ZF_REUSED_R02ZF_PERSON100003,"[[-22.523673770884606, -9.24373627791308]]",13.279937492971527,12,-250,100,False,False,False
R02ZF,R02ZF_SARF000106,106,3533,FIXED_LAG_100MS,R02ZF_SARF000106__FIXED_LAG_100MS__R02ZF_REUSED_R02ZF_PERSON100004,R02ZF_REUSED_R02ZF_PERSON100004,1,3611,3611,True,R02ZF_REUSED_R02ZF_PERSON100004,"[[-20.863754834687157, -7.943799761613871]]",12.919955073073286,12,-250,100,False,False,False
R02ZF,R02ZF_SARF000106,106,3533,FULL_CONTEXT_OFFLINE,R02ZF_SARF000106__FULL_CONTEXT_OFFLINE__R02ZF_REUSED_R02ZF_PERSON100002,R02ZF_REUSED_R02ZF_PERSON100002,1,3556,3556,True,R02ZF_REUSED_R02ZF_PERSON100002,"[[-21.523722604500602, -8.503772414788916]]",13.019950189711686,12,-250,250,False,False,False
R02ZF,R02ZF_SARF000106,106,3533,FULL_CONTEXT_OFFLINE,R02ZF_SARF000106__FULL_CONTEXT_OFFLINE__R02ZF_REUSED_R02ZF_PERSON100003,R02ZF_REUSED_R02ZF_PERSON100003,1,3611,3611,True,R02ZF_REUSED_R02ZF_PERSON100003,"[[-22.523673770884606, -9.24373627791308]]",13.279937492971527,12,-250,250,False,False,False
R02ZF,R02ZF_SARF000106,106,3533,FULL_CONTEXT_OFFLINE,R02ZF_SARF000106__FULL_CONTEXT_OFFLINE__R02ZF_REUSED_R02ZF_PERSON100004,R02ZF_REUSED_R02ZF_PERSON100004,1,3611,3611,True,R02ZF_REUSED_R02ZF_PERSON100004,"[[-20.863754834687157, -7.943799761613871]]",12.919955073073286,12,-250,250,False,False,False
R02ZF,R02ZF_SARF000106,106,3533,FULL_CONTEXT_OFFLINE,R02ZF_SARF000106__FULL_CONTEXT_OFFLINE__R02ZF_REUSED_R02ZF_PERSON100005,R02ZF_REUSED_R02ZF_PERSON100005,1,3778,3778,True,R02ZF_REUSED_R02ZF_PERSON100005,"[[-51.500539906625875, -38.6204266378382]]",12.880113268787674,4,-250,250,False,False,False
R02ZF,R02ZF_SARF000107,107,3567,CAUSAL_REPLAY,R02ZF_SARF000107__CAUSAL_REPLAY__R02ZF_REUSED_R02ZF_PERSON100002,R02ZF_REUSED_R02ZF_PERSON100002,1,3556,3556,False,R02ZF_REUSED_R02ZF_PERSON100002,"[[-21.523722604500602, -8.503772414788916]]",13.019950189711686,10,-250,0,False,False,False
R02ZF,R02ZF_SARF000107,107,3567,FIXED_LAG_100MS,R02ZF_SARF000107__FIXED_LAG_100MS__R02ZF_REUSED_R02ZF_PERSON100002,R02ZF_REUSED_R02ZF_PERSON100002,1,3556,3556,False,R02ZF_REUSED_R02ZF_PERSON100002,"[[-21.523722604500602, -8.503772414788916]]",13.019950189711686,10,-250,100,False,False,False
R02ZF,R02ZF_SARF000107,107,3567,FIXED_LAG_100MS,R02ZF_SARF000107__FIXED_LAG_100MS__R02ZF_REUSED_R02ZF_PERSON100003,R02ZF_REUSED_R02ZF_PERSON100003,1,3611,3611,True,R02ZF_REUSED_R02ZF_PERSON100003,"[[-22.523673770884606, -9.24373627791308]]",13.279937492971527,13,-250,100,False,False,False
R02ZF,R02ZF_SARF000107,107,3567,FIXED_LAG_100MS,R02ZF_SARF000107__FIXED_LAG_100MS__R02ZF_REUSED_R02ZF_PERSON100004,R02ZF_REUSED_R02ZF_PERSON100004,1,3611,3611,True,R02ZF_REUSED_R02ZF_PERSON100004,"[[-20.863754834687157, -7.943799761613871]]",12.919955073073286,10,-250,100,False,False,False
R02ZF,R02ZF_SARF000107,107,3567,FULL_CONTEXT_OFFLINE,R02ZF_SARF000107__FULL_CONTEXT_OFFLINE__R02ZF_REUSED_R02ZF_PERSON100002,R02ZF_REUSED_R02ZF_PERSON100002,1,3556,3556,False,R02ZF_REUSED_R02ZF_PERSON100002,"[[-21.523722604500602, -8.503772414788916]]",13.019950189711686,10,-250,250,False,False,False
R02ZF,R02ZF_SARF000107,107,3567,FULL_CONTEXT_OFFLINE,R02ZF_SARF000107__FULL_CONTEXT_OFFLINE__R02ZF_REUSED_R02ZF_PERSON100003,R02ZF_REUSED_R02ZF_PERSON100003,1,3611,3611,True,R02ZF_REUSED_R02ZF_PERSON100003,"[[-22.523673770884606, -9.24373627791308]]",13.279937492971527,13,-250,250,False,False,False
R02ZF,R02ZF_SARF000107,107,3567,FULL_CONTEXT_OFFLINE,R02ZF_SARF000107__FULL_CONTEXT_OFFLINE__R02ZF_REUSED_R02ZF_PERSON100004,R02ZF_REUSED_R02ZF_PERSON100004,1,3611,3611,True,R02ZF_REUSED_R02ZF_PERSON100004,"[[-20.863754834687157, -7.943799761613871]]",12.919955073073286,10,-250,250,False,False,False
R02ZF,R02ZF_SARF000107,107,3567,FULL_CONTEXT_OFFLINE,R02ZF_SARF000107__FULL_CONTEXT_OFFLINE__R02ZF_REUSED_R02ZF_PERSON100005,R02ZF_REUSED_R02ZF_PERSON100005,1,3778,3778,True,R02ZF_REUSED_R02ZF_PERSON100005,"[[-51.500539906625875, -38.6204266378382]]",12.880113268787674,5,-250,250,False,False,False
R02ZF,R02ZF_SARF000108,108,3600,CAUSAL_REPLAY,R02ZF_SARF000108__CAUSAL_REPLAY__R02ZF_REUSED_R02ZF_PERSON100002,R02ZF_REUSED_R02ZF_PERSON100002,1,3556,3556,False,R02ZF_REUSED_R02ZF_PERSON100002,"[[-21.523722604500602, -8.503772414788916]]",13.019950189711686,12,-250,0,False,False,False
R02ZF,R02ZF_SARF000108,108,3600,FIXED_LAG_100MS,R02ZF_SARF000108__FIXED_LAG_100MS__R02ZF_REUSED_R02ZF_PERSON100002,R02ZF_REUSED_R02ZF_PERSON100002,1,3556,3556,False,R02ZF_REUSED_R02ZF_PERSON100002,"[[-21.523722604500602, -8.503772414788916]]",13.019950189711686,12,-250,100,False,False,False
R02ZF,R02ZF_SARF000108,108,3600,FIXED_LAG_100MS,R02ZF_SARF000108__FIXED_LAG_100MS__R02ZF_REUSED_R02ZF_PERSON100003,R02ZF_REUSED_R02ZF_PERSON100003,1,3611,3611,True,R02ZF_REUSED_R02ZF_PERSON100003,"[[-22.523673770884606, -9.24373627791308]]",13.279937492971527,13,-250,100,False,False,False
R02ZF,R02ZF_SARF000108,108,3600,FIXED_LAG_100MS,R02ZF_SARF000108__FIXED_LAG_100MS__R02ZF_REUSED_R02ZF_PERSON100004,R02ZF_REUSED_R02ZF_PERSON100004,1,3611,3611,True,R02ZF_REUSED_R02ZF_PERSON100004,"[[-20.863754834687157, -7.943799761613871]]",12.919955073073286,12,-250,100,False,False,False
R02ZF,R02ZF_SARF000108,108,3600,FULL_CONTEXT_OFFLINE,R02ZF_SARF000108__FULL_CONTEXT_OFFLINE__R02ZF_REUSED_R02ZF_PERSON100002,R02ZF_REUSED_R02ZF_PERSON100002,1,3556,3556,False,R02ZF_REUSED_R02ZF_PERSON100002,"[[-21.523722604500602, -8.503772414788916]]",13.019950189711686,12,-250,250,False,False,False
R02ZF,R02ZF_SARF000108,108,3600,FULL_CONTEXT_OFFLINE,R02ZF_SARF000108__FULL_CONTEXT_OFFLINE__R02ZF_REUSED_R02ZF_PERSON100003,R02ZF_REUSED_R02ZF_PERSON100003,1,3611,3611,True,R02ZF_REUSED_R02ZF_PERSON100003,"[[-22.523673770884606, -9.24373627791308]]",13.279937492971527,13,-250,250,False,False,False
R02ZF,R02ZF_SARF000108,108,3600,FULL_CONTEXT_OFFLINE,R02ZF_SARF000108__FULL_CONTEXT_OFFLINE__R02ZF_REUSED_R02ZF_PERSON100004,R02ZF_REUSED_R02ZF_PERSON100004,1,3611,3611,True,R02ZF_REUSED_R02ZF_PERSON100004,"[[-20.863754834687157, -7.943799761613871]]",12.919955073073286,12,-250,250,False,False,False
R02ZF,R02ZF_SARF000108,108,3600,FULL_CONTEXT_OFFLINE,R02ZF_SARF000108__FULL_CONTEXT_OFFLINE__R02ZF_REUSED_R02ZF_PERSON100005,R02ZF_REUSED_R02ZF_PERSON100005,1,3778,3778,True,R02ZF_REUSED_R02ZF_PERSON100005,"[[-51.500539906625875, -38.6204266378382]]",12.880113268787674,4,-250,250,False,False,False
R02ZF,R02ZF_SARF000109,109,3633,CAUSAL_REPLAY,R02ZF_SARF000109__CAUSAL_REPLAY__R02ZF_REUSED_R02ZF_PERSON100002,R02ZF_REUSED_R02ZF_PERSON100002,1,3556,3556,False,R02ZF_REUSED_R02ZF_PERSON100002,"[[-21.523722604500602, -8.503772414788916]]",13.019950189711686,10,-250,0,False,False,False
R02ZF,R02ZF_SARF000109,109,3633,CAUSAL_REPLAY,R02ZF_SARF000109__CAUSAL_REPLAY__R02ZF_REUSED_R02ZF_PERSON100003,R02ZF_REUSED_R02ZF_PERSON100003,1,3611,3611,False,R02ZF_REUSED_R02ZF_PERSON100003,"[[-22.523673770884606, -9.24373627791308]]",13.279937492971527,11,-250,0,False,False,False
R02ZF,R02ZF_SARF000109,109,3633,CAUSAL_REPLAY,R02ZF_SARF000109__CAUSAL_REPLAY__R02ZF_REUSED_R02ZF_PERSON100004,R02ZF_REUSED_R02ZF_PERSON100004,1,3611,3611,False,R02ZF_REUSED_R02ZF_PERSON100004,"[[-20.863754834687157, -7.943799761613871]]",12.919955073073286,10,-250,0,False,False,False
R02ZF,R02ZF_SARF000109,109,3633,FIXED_LAG_100MS,R02ZF_SARF000109__FIXED_LAG_100MS__R02ZF_REUSED_R02ZF_PERSON100002,R02ZF_REUSED_R02ZF_PERSON100002,1,3556,3556,False,R02ZF_REUSED_R02ZF_PERSON100002,"[[-21.523722604500602, -8.503772414788916]]",13.019950189711686,10,-250,100,False,False,False
R02ZF,R02ZF_SARF000109,109,3633,FIXED_LAG_100MS,R02ZF_SARF000109__FIXED_LAG_100MS__R02ZF_REUSED_R02ZF_PERSON100003,R02ZF_REUSED_R02ZF_PERSON100003,1,3611,3611,False,R02ZF_REUSED_R02ZF_PERSON100003,"[[-22.523673770884606, -9.24373627791308]]",13.279937492971527,11,-250,100,False,False,False
R02ZF,R02ZF_SARF000109,109,3633,FIXED_LAG_100MS,R02ZF_SARF000109__FIXED_LAG_100MS__R02ZF_REUSED_R02ZF_PERSON100004,R02ZF_REUSED_R02ZF_PERSON100004,1,3611,3611,False,R02ZF_REUSED_R02ZF_PERSON100004,"[[-20.863754834687157, -7.943799761613871]]",12.919955073073286,10,-250,100,False,False,False
R02ZF,R02ZF_SARF000109,109,3633,FULL_CONTEXT_OFFLINE,R02ZF_SARF000109__FULL_CONTEXT_OFFLINE__R02ZF_REUSED_R02ZF_PERSON100002,R02ZF_REUSED_R02ZF_PERSON100002,1,3556,3556,False,R02ZF_REUSED_R02ZF_PERSON100002,"[[-21.523722604500602, -8.503772414788916]]",13.019950189711686,10,-250,250,False,False,False
R02ZF,R02ZF_SARF000109,109,3633,FULL_CONTEXT_OFFLINE,R02ZF_SARF000109__FULL_CONTEXT_OFFLINE__R02ZF_REUSED_R02ZF_PERSON100003,R02ZF_REUSED_R02ZF_PERSON100003,1,3611,3611,False,R02ZF_REUSED_R02ZF_PERSON100003,"[[-22.523673770884606, -9.24373627791308]]",13.279937492971527,11,-250,250,False,False,False
R02ZF,R02ZF_SARF000109,109,3633,FULL_CONTEXT_OFFLINE,R02ZF_SARF000109__FULL_CONTEXT_OFFLINE__R02ZF_REUSED_R02ZF_PERSON100004,R02ZF_REUSED_R02ZF_PERSON100004,1,3611,3611,False,R02ZF_REUSED_R02ZF_PERSON100004,"[[-20.863754834687157, -7.943799761613871]]",12.919955073073286,10,-250,250,False,False,False
R02ZF,R02ZF_SARF000109,109,3633,FULL_CONTEXT_OFFLINE,R02ZF_SARF000109__FULL_CONTEXT_OFFLINE__R02ZF_REUSED_R02ZF_PERSON100005,R02ZF_REUSED_R02ZF_PERSON100005,1,3778,3778,True,R02ZF_REUSED_R02ZF_PERSON100005,"[[-51.500539906625875, -38.6204266378382]]",12.880113268787674,8,-250,250,False,False,False
R02ZF,R02ZF_SARF000110,110,3667,CAUSAL_REPLAY,R02ZF_SARF000110__CAUSAL_REPLAY__R02ZF_REUSED_R02ZF_PERSON100002,R02ZF_REUSED_R02ZF_PERSON100002,1,3556,3556,False,R02ZF_REUSED_R02ZF_PERSON100002,"[[-21.523722604500602, -8.503772414788916]]",13.019950189711686,10,-250,0,False,False,False
R02ZF,R02ZF_SARF000110,110,3667,CAUSAL_REPLAY,R02ZF_SARF000110__CAUSAL_REPLAY__R02ZF_REUSED_R02ZF_PERSON100003,R02ZF_REUSED_R02ZF_PERSON100003,1,3611,3611,False,R02ZF_REUSED_R02ZF_PERSON100003,"[[-22.523673770884606, -9.24373627791308]]",13.279937492971527,10,-250,0,False,False,False
R02ZF,R02ZF_SARF000110,110,3667,CAUSAL_REPLAY,R02ZF_SARF000110__CAUSAL_REPLAY__R02ZF_REUSED_R02ZF_PERSON100004,R02ZF_REUSED_R02ZF_PERSON100004,1,3611,3611,False,R02ZF_REUSED_R02ZF_PERSON100004,"[[-20.863754834687157, -7.943799761613871]]",12.919955073073286,10,-250,0,False,False,False
R02ZF,R02ZF_SARF000110,110,3667,FIXED_LAG_100MS,R02ZF_SARF000110__FIXED_LAG_100MS__R02ZF_REUSED_R02ZF_PERSON100002,R02ZF_REUSED_R02ZF_PERSON100002,1,3556,3556,False,R02ZF_REUSED_R02ZF_PERSON100002,"[[-21.523722604500602, -8.503772414788916]]",13.019950189711686,10,-250,100,False,False,False
R02ZF,R02ZF_SARF000110,110,3667,FIXED_LAG_100MS,R02ZF_SARF000110__FIXED_LAG_100MS__R02ZF_REUSED_R02ZF_PERSON100003,R02ZF_REUSED_R02ZF_PERSON100003,1,3611,3611,False,R02ZF_REUSED_R02ZF_PERSON100003,"[[-22.523673770884606, -9.24373627791308]]",13.279937492971527,10,-250,100,False,False,False
R02ZF,R02ZF_SARF000110,110,3667,FIXED_LAG_100MS,R02ZF_SARF000110__FIXED_LAG_100MS__R02ZF_REUSED_R02ZF_PERSON100004,R02ZF_REUSED_R02ZF_PERSON100004,1,3611,3611,False,R02ZF_REUSED_R02ZF_PERSON100004,"[[-20.863754834687157, -7.943799761613871]]",12.919955073073286,10,-250,100,False,False,False
R02ZF,R02ZF_SARF000110,110,3667,FULL_CONTEXT_OFFLINE,R02ZF_SARF000110__FULL_CONTEXT_OFFLINE__R02ZF_REUSED_R02ZF_PERSON100002,R02ZF_REUSED_R02ZF_PERSON100002,1,3556,3556,False,R02ZF_REUSED_R02ZF_PERSON100002,"[[-21.523722604500602, -8.503772414788916]]",13.019950189711686,10,-250,250,False,False,False
R02ZF,R02ZF_SARF000110,110,3667,FULL_CONTEXT_OFFLINE,R02ZF_SARF000110__FULL_CONTEXT_OFFLINE__R02ZF_REUSED_R02ZF_PERSON100003,R02ZF_REUSED_R02ZF_PERSON100003,1,3611,3611,False,R02ZF_REUSED_R02ZF_PERSON100003,"[[-22.523673770884606, -9.24373627791308]]",13.279937492971527,10,-250,250,False,False,False
R02ZF,R02ZF_SARF000110,110,3667,FULL_CONTEXT_OFFLINE,R02ZF_SARF000110__FULL_CONTEXT_OFFLINE__R02ZF_REUSED_R02ZF_PERSON100004,R02ZF_REUSED_R02ZF_PERSON100004,1,3611,3611,False,R02ZF_REUSED_R02ZF_PERSON100004,"[[-20.863754834687157, -7.943799761613871]]",12.919955073073286,10,-250,250,False,False,False
R02ZF,R02ZF_SARF000110,110,3667,FULL_CONTEXT_OFFLINE,R02ZF_SARF000110__FULL_CONTEXT_OFFLINE__R02ZF_REUSED_R02ZF_PERSON100005,R02ZF_REUSED_R02ZF_PERSON100005,1,3778,3778,True,R02ZF_REUSED_R02ZF_PERSON100005,"[[-51.500539906625875, -38.6204266378382]]",12.880113268787674,6,-250,250,False,False,False
R02ZF,R02ZF_SARF000111,111,3700,CAUSAL_REPLAY,R02ZF_SARF000111__CAUSAL_REPLAY__R02ZF_REUSED_R02ZF_PERSON100002,R02ZF_REUSED_R02ZF_PERSON100002,1,3556,3556,False,R02ZF_REUSED_R02ZF_PERSON100002,"[[-21.523722604500602, -8.503772414788916]]",13.019950189711686,12,-250,0,False,False,False
R02ZF,R02ZF_SARF000111,111,3700,CAUSAL_REPLAY,R02ZF_SARF000111__CAUSAL_REPLAY__R02ZF_REUSED_R02ZF_PERSON100003,R02ZF_REUSED_R02ZF_PERSON100003,1,3611,3611,False,R02ZF_REUSED_R02ZF_PERSON100003,"[[-22.523673770884606, -9.24373627791308]]",13.279937492971527,11,-250,0,False,False,False
R02ZF,R02ZF_SARF000111,111,3700,CAUSAL_REPLAY,R02ZF_SARF000111__CAUSAL_REPLAY__R02ZF_REUSED_R02ZF_PERSON100004,R02ZF_REUSED_R02ZF_PERSON100004,1,3611,3611,False,R02ZF_REUSED_R02ZF_PERSON100004,"[[-20.863754834687157, -7.943799761613871]]",12.919955073073286,12,-250,0,False,False,False
R02ZF,R02ZF_SARF000111,111,3700,FIXED_LAG_100MS,R02ZF_SARF000111__FIXED_LAG_100MS__R02ZF_REUSED_R02ZF_PERSON100002,R02ZF_REUSED_R02ZF_PERSON100002,1,3556,3556,False,R02ZF_REUSED_R02ZF_PERSON100002,"[[-21.523722604500602, -8.503772414788916]]",13.019950189711686,12,-250,100,False,False,False
R02ZF,R02ZF_SARF000111,111,3700,FIXED_LAG_100MS,R02ZF_SARF000111__FIXED_LAG_100MS__R02ZF_REUSED_R02ZF_PERSON100003,R02ZF_REUSED_R02ZF_PERSON100003,1,3611,3611,False,R02ZF_REUSED_R02ZF_PERSON100003,"[[-22.523673770884606, -9.24373627791308]]",13.279937492971527,11,-250,100,False,False,False
R02ZF,R02ZF_SARF000111,111,3700,FIXED_LAG_100MS,R02ZF_SARF000111__FIXED_LAG_100MS__R02ZF_REUSED_R02ZF_PERSON100004,R02ZF_REUSED_R02ZF_PERSON100004,1,3611,3611,False,R02ZF_REUSED_R02ZF_PERSON100004,"[[-20.863754834687157, -7.943799761613871]]",12.919955073073286,12,-250,100,False,False,False
R02ZF,R02ZF_SARF000111,111,3700,FIXED_LAG_100MS,R02ZF_SARF000111__FIXED_LAG_100MS__R02ZF_REUSED_R02ZF_PERSON100005,R02ZF_REUSED_R02ZF_PERSON100005,1,3778,3778,True,R02ZF_REUSED_R02ZF_PERSON100005,"[[-51.500539906625875, -38.6204266378382]]",12.880113268787674,5,-250,100,False,False,False
R02ZF,R02ZF_SARF000111,111,3700,FULL_CONTEXT_OFFLINE,R02ZF_SARF000111__FULL_CONTEXT_OFFLINE__R02ZF_REUSED_R02ZF_PERSON100002,R02ZF_REUSED_R02ZF_PERSON100002,1,3556,3556,False,R02ZF_REUSED_R02ZF_PERSON100002,"[[-21.523722604500602, -8.503772414788916]]",13.019950189711686,12,-250,250,False,False,False
R02ZF,R02ZF_SARF000111,111,3700,FULL_CONTEXT_OFFLINE,R02ZF_SARF000111__FULL_CONTEXT_OFFLINE__R02ZF_REUSED_R02ZF_PERSON100003,R02ZF_REUSED_R02ZF_PERSON100003,1,3611,3611,False,R02ZF_REUSED_R02ZF_PERSON100003,"[[-22.523673770884606, -9.24373627791308]]",13.279937492971527,11,-250,250,False,False,False
R02ZF,R02ZF_SARF000111,111,3700,FULL_CONTEXT_OFFLINE,R02ZF_SARF000111__FULL_CONTEXT_OFFLINE__R02ZF_REUSED_R02ZF_PERSON100004,R02ZF_REUSED_R02ZF_PERSON100004,1,3611,3611,False,R02ZF_REUSED_R02ZF_PERSON100004,"[[-20.863754834687157, -7.943799761613871]]",12.919955073073286,12,-250,250,False,False,False
R02ZF,R02ZF_SARF000111,111,3700,FULL_CONTEXT_OFFLINE,R02ZF_SARF000111__FULL_CONTEXT_OFFLINE__R02ZF_REUSED_R02ZF_PERSON100005,R02ZF_REUSED_R02ZF_PERSON100005,1,3778,3778,True,R02ZF_REUSED_R02ZF_PERSON100005,"[[-51.500539906625875, -38.6204266378382]]",12.880113268787674,5,-250,250,False,False,False
R02ZF,R02ZF_SARF000112,112,3733,CAUSAL_REPLAY,R02ZF_SARF000112__CAUSAL_REPLAY__R02ZF_REUSED_R02ZF_PERSON100002,R02ZF_REUSED_R02ZF_PERSON100002,1,3556,3556,False,R02ZF_REUSED_R02ZF_PERSON100002,"[[-21.523722604500602, -8.503772414788916]]",13.019950189711686,11,-250,0,False,False,False
R02ZF,R02ZF_SARF000112,112,3733,CAUSAL_REPLAY,R02ZF_SARF000112__CAUSAL_REPLAY__R02ZF_REUSED_R02ZF_PERSON100003,R02ZF_REUSED_R02ZF_PERSON100003,1,3611,3611,False,R02ZF_REUSED_R02ZF_PERSON100003,"[[-22.523673770884606, -9.24373627791308]]",13.279937492971527,12,-250,0,False,False,False
R02ZF,R02ZF_SARF000112,112,3733,CAUSAL_REPLAY,R02ZF_SARF000112__CAUSAL_REPLAY__R02ZF_REUSED_R02ZF_PERSON100004,R02ZF_REUSED_R02ZF_PERSON100004,1,3611,3611,False,R02ZF_REUSED_R02ZF_PERSON100004,"[[-20.863754834687157, -7.943799761613871]]",12.919955073073286,12,-250,0,False,False,False
R02ZF,R02ZF_SARF000112,112,3733,FIXED_LAG_100MS,R02ZF_SARF000112__FIXED_LAG_100MS__R02ZF_REUSED_R02ZF_PERSON100002,R02ZF_REUSED_R02ZF_PERSON100002,1,3556,3556,False,R02ZF_REUSED_R02ZF_PERSON100002,"[[-21.523722604500602, -8.503772414788916]]",13.019950189711686,11,-250,100,False,False,False
R02ZF,R02ZF_SARF000112,112,3733,FIXED_LAG_100MS,R02ZF_SARF000112__FIXED_LAG_100MS__R02ZF_REUSED_R02ZF_PERSON100003,R02ZF_REUSED_R02ZF_PERSON100003,1,3611,3611,False,R02ZF_REUSED_R02ZF_PERSON100003,"[[-22.523673770884606, -9.24373627791308]]",13.279937492971527,12,-250,100,False,False,False
R02ZF,R02ZF_SARF000112,112,3733,FIXED_LAG_100MS,R02ZF_SARF000112__FIXED_LAG_100MS__R02ZF_REUSED_R02ZF_PERSON100004,R02ZF_REUSED_R02ZF_PERSON100004,1,3611,3611,False,R02ZF_REUSED_R02ZF_PERSON100004,"[[-20.863754834687157, -7.943799761613871]]",12.919955073073286,12,-250,100,False,False,False
R02ZF,R02ZF_SARF000112,112,3733,FIXED_LAG_100MS,R02ZF_SARF000112__FIXED_LAG_100MS__R02ZF_REUSED_R02ZF_PERSON100005,R02ZF_REUSED_R02ZF_PERSON100005,1,3778,3778,True,R02ZF_REUSED_R02ZF_PERSON100005,"[[-51.500539906625875, -38.6204266378382]]",12.880113268787674,6,-250,100,False,False,False
R02ZF,R02ZF_SARF000112,112,3733,FULL_CONTEXT_OFFLINE,R02ZF_SARF000112__FULL_CONTEXT_OFFLINE__R02ZF_REUSED_R02ZF_PERSON100002,R02ZF_REUSED_R02ZF_PERSON100002,1,3556,3556,False,R02ZF_REUSED_R02ZF_PERSON100002,"[[-21.523722604500602, -8.503772414788916]]",13.019950189711686,11,-250,250,False,False,False
R02ZF,R02ZF_SARF000112,112,3733,FULL_CONTEXT_OFFLINE,R02ZF_SARF000112__FULL_CONTEXT_OFFLINE__R02ZF_REUSED_R02ZF_PERSON100003,R02ZF_REUSED_R02ZF_PERSON100003,1,3611,3611,False,R02ZF_REUSED_R02ZF_PERSON100003,"[[-22.523673770884606, -9.24373627791308]]",13.279937492971527,12,-250,250,False,False,False
R02ZF,R02ZF_SARF000112,112,3733,FULL_CONTEXT_OFFLINE,R02ZF_SARF000112__FULL_CONTEXT_OFFLINE__R02ZF_REUSED_R02ZF_PERSON100004,R02ZF_REUSED_R02ZF_PERSON100004,1,3611,3611,False,R02ZF_REUSED_R02ZF_PERSON100004,"[[-20.863754834687157, -7.943799761613871]]",12.919955073073286,12,-250,250,False,False,False
R02ZF,R02ZF_SARF000112,112,3733,FULL_CONTEXT_OFFLINE,R02ZF_SARF000112__FULL_CONTEXT_OFFLINE__R02ZF_REUSED_R02ZF_PERSON100005,R02ZF_REUSED_R02ZF_PERSON100005,1,3778,3778,True,R02ZF_REUSED_R02ZF_PERSON100005,"[[-51.500539906625875, -38.6204266378382]]",12.880113268787674,6,-250,250,False,False,False
R02ZF,R02ZF_SARF000113,113,3767,CAUSAL_REPLAY,R02ZF_SARF000113__CAUSAL_REPLAY__R02ZF_REUSED_R02ZF_PERSON100002,R02ZF_REUSED_R02ZF_PERSON100002,1,3556,3556,False,R02ZF_REUSED_R02ZF_PERSON100002,"[[-21.523722604500602, -8.503772414788916]]",13.019950189711686,13,-250,0,False,False,False
R02ZF,R02ZF_SARF000113,113,3767,CAUSAL_REPLAY,R02ZF_SARF000113__CAUSAL_REPLAY__R02ZF_REUSED_R02ZF_PERSON100003,R02ZF_REUSED_R02ZF_PERSON100003,1,3611,3611,False,R02ZF_REUSED_R02ZF_PERSON100003,"[[-22.523673770884606, -9.24373627791308]]",13.279937492971527,14,-250,0,False,False,False
R02ZF,R02ZF_SARF000113,113,3767,CAUSAL_REPLAY,R02ZF_SARF000113__CAUSAL_REPLAY__R02ZF_REUSED_R02ZF_PERSON100004,R02ZF_REUSED_R02ZF_PERSON100004,1,3611,3611,False,R02ZF_REUSED_R02ZF_PERSON100004,"[[-20.863754834687157, -7.943799761613871]]",12.919955073073286,14,-250,0,False,False,False
R02ZF,R02ZF_SARF000113,113,3767,FIXED_LAG_100MS,R02ZF_SARF000113__FIXED_LAG_100MS__R02ZF_REUSED_R02ZF_PERSON100002,R02ZF_REUSED_R02ZF_PERSON100002,1,3556,3556,False,R02ZF_REUSED_R02ZF_PERSON100002,"[[-21.523722604500602, -8.503772414788916]]",13.019950189711686,13,-250,100,False,False,False
R02ZF,R02ZF_SARF000113,113,3767,FIXED_LAG_100MS,R02ZF_SARF000113__FIXED_LAG_100MS__R02ZF_REUSED_R02ZF_PERSON100003,R02ZF_REUSED_R02ZF_PERSON100003,1,3611,3611,False,R02ZF_REUSED_R02ZF_PERSON100003,"[[-22.523673770884606, -9.24373627791308]]",13.279937492971527,14,-250,100,False,False,False
R02ZF,R02ZF_SARF000113,113,3767,FIXED_LAG_100MS,R02ZF_SARF000113__FIXED_LAG_100MS__R02ZF_REUSED_R02ZF_PERSON100004,R02ZF_REUSED_R02ZF_PERSON100004,1,3611,3611,False,R02ZF_REUSED_R02ZF_PERSON100004,"[[-20.863754834687157, -7.943799761613871]]",12.919955073073286,14,-250,100,False,False,False
R02ZF,R02ZF_SARF000113,113,3767,FIXED_LAG_100MS,R02ZF_SARF000113__FIXED_LAG_100MS__R02ZF_REUSED_R02ZF_PERSON100005,R02ZF_REUSED_R02ZF_PERSON100005,1,3778,3778,True,R02ZF_REUSED_R02ZF_PERSON100005,"[[-51.500539906625875, -38.6204266378382]]",12.880113268787674,7,-250,100,False,False,False
R02ZF,R02ZF_SARF000113,113,3767,FULL_CONTEXT_OFFLINE,R02ZF_SARF000113__FULL_CONTEXT_OFFLINE__R02ZF_REUSED_R02ZF_PERSON100002,R02ZF_REUSED_R02ZF_PERSON100002,1,3556,3556,False,R02ZF_REUSED_R02ZF_PERSON100002,"[[-21.523722604500602, -8.503772414788916]]",13.019950189711686,13,-250,250,False,False,False
R02ZF,R02ZF_SARF000113,113,3767,FULL_CONTEXT_OFFLINE,R02ZF_SARF000113__FULL_CONTEXT_OFFLINE__R02ZF_REUSED_R02ZF_PERSON100003,R02ZF_REUSED_R02ZF_PERSON100003,1,3611,3611,False,R02ZF_REUSED_R02ZF_PERSON100003,"[[-22.523673770884606, -9.24373627791308]]",13.279937492971527,14,-250,250,False,False,False
R02ZF,R02ZF_SARF000113,113,3767,FULL_CONTEXT_OFFLINE,R02ZF_SARF000113__FULL_CONTEXT_OFFLINE__R02ZF_REUSED_R02ZF_PERSON100004,R02ZF_REUSED_R02ZF_PERSON100004,1,3611,3611,False,R02ZF_REUSED_R02ZF_PERSON100004,"[[-20.863754834687157, -7.943799761613871]]",12.919955073073286,14,-250,250,False,False,False
R02ZF,R02ZF_SARF000113,113,3767,FULL_CONTEXT_OFFLINE,R02ZF_SARF000113__FULL_CONTEXT_OFFLINE__R02ZF_REUSED_R02ZF_PERSON100005,R02ZF_REUSED_R02ZF_PERSON100005,1,3778,3778,True,R02ZF_REUSED_R02ZF_PERSON100005,"[[-51.500539906625875, -38.6204266378382]]",12.880113268787674,7,-250,250,False,False,False
R02ZF,R02ZF_SARF000114,114,3800,CAUSAL_REPLAY,R02ZF_SARF000114__CAUSAL_REPLAY__R02ZF_REUSED_R02ZF_PERSON100002,R02ZF_REUSED_R02ZF_PERSON100002,1,3556,3556,False,R02ZF_REUSED_R02ZF_PERSON100002,"[[-21.523722604500602, -8.503772414788916]]",13.019950189711686,14,-250,0,False,False,False
R02ZF,R02ZF_SARF000114,114,3800,CAUSAL_REPLAY,R02ZF_SARF000114__CAUSAL_REPLAY__R02ZF_REUSED_R02ZF_PERSON100003,R02ZF_REUSED_R02ZF_PERSON100003,1,3611,3611,False,R02ZF_REUSED_R02ZF_PERSON100003,"[[-22.523673770884606, -9.24373627791308]]",13.279937492971527,15,-250,0,False,False,False
R02ZF,R02ZF_SARF000114,114,3800,CAUSAL_REPLAY,R02ZF_SARF000114__CAUSAL_REPLAY__R02ZF_REUSED_R02ZF_PERSON100004,R02ZF_REUSED_R02ZF_PERSON100004,1,3611,3611,False,R02ZF_REUSED_R02ZF_PERSON100004,"[[-20.863754834687157, -7.943799761613871]]",12.919955073073286,14,-250,0,False,False,False
R02ZF,R02ZF_SARF000114,114,3800,CAUSAL_REPLAY,R02ZF_SARF000114__CAUSAL_REPLAY__R02ZF_REUSED_R02ZF_PERSON100005,R02ZF_REUSED_R02ZF_PERSON100005,1,3778,3778,False,R02ZF_REUSED_R02ZF_PERSON100005,"[[-51.500539906625875, -38.6204266378382]]",12.880113268787674,4,-250,0,False,False,False
R02ZF,R02ZF_SARF000114,114,3800,FIXED_LAG_100MS,R02ZF_SARF000114__FIXED_LAG_100MS__R02ZF_REUSED_R02ZF_PERSON100002,R02ZF_REUSED_R02ZF_PERSON100002,1,3556,3556,False,R02ZF_REUSED_R02ZF_PERSON100002,"[[-21.523722604500602, -8.503772414788916]]",13.019950189711686,14,-250,100,False,False,False
R02ZF,R02ZF_SARF000114,114,3800,FIXED_LAG_100MS,R02ZF_SARF000114__FIXED_LAG_100MS__R02ZF_REUSED_R02ZF_PERSON100003,R02ZF_REUSED_R02ZF_PERSON100003,1,3611,3611,False,R02ZF_REUSED_R02ZF_PERSON100003,"[[-22.523673770884606, -9.24373627791308]]",13.279937492971527,15,-250,100,False,False,False
R02ZF,R02ZF_SARF000114,114,3800,FIXED_LAG_100MS,R02ZF_SARF000114__FIXED_LAG_100MS__R02ZF_REUSED_R02ZF_PERSON100004,R02ZF_REUSED_R02ZF_PERSON100004,1,3611,3611,False,R02ZF_REUSED_R02ZF_PERSON100004,"[[-20.863754834687157, -7.943799761613871]]",12.919955073073286,14,-250,100,False,False,False
R02ZF,R02ZF_SARF000114,114,3800,FIXED_LAG_100MS,R02ZF_SARF000114__FIXED_LAG_100MS__R02ZF_REUSED_R02ZF_PERSON100005,R02ZF_REUSED_R02ZF_PERSON100005,1,3778,3778,False,R02ZF_REUSED_R02ZF_PERSON100005,"[[-51.500539906625875, -38.6204266378382]]",12.880113268787674,4,-250,100,False,False,False
R02ZF,R02ZF_SARF000114,114,3800,FULL_CONTEXT_OFFLINE,R02ZF_SARF000114__FULL_CONTEXT_OFFLINE__R02ZF_REUSED_R02ZF_PERSON100002,R02ZF_REUSED_R02ZF_PERSON100002,1,3556,3556,False,R02ZF_REUSED_R02ZF_PERSON100002,"[[-21.523722604500602, -8.503772414788916]]",13.019950189711686,14,-250,250,False,False,False
R02ZF,R02ZF_SARF000114,114,3800,FULL_CONTEXT_OFFLINE,R02ZF_SARF000114__FULL_CONTEXT_OFFLINE__R02ZF_REUSED_R02ZF_PERSON100003,R02ZF_REUSED_R02ZF_PERSON100003,1,3611,3611,False,R02ZF_REUSED_R02ZF_PERSON100003,"[[-22.523673770884606, -9.24373627791308]]",13.279937492971527,15,-250,250,False,False,False
R02ZF,R02ZF_SARF000114,114,3800,FULL_CONTEXT_OFFLINE,R02ZF_SARF000114__FULL_CONTEXT_OFFLINE__R02ZF_REUSED_R02ZF_PERSON100004,R02ZF_REUSED_R02ZF_PERSON100004,1,3611,3611,False,R02ZF_REUSED_R02ZF_PERSON100004,"[[-20.863754834687157, -7.943799761613871]]",12.919955073073286,14,-250,250,False,False,False
R02ZF,R02ZF_SARF000114,114,3800,FULL_CONTEXT_OFFLINE,R02ZF_SARF000114__FULL_CONTEXT_OFFLINE__R02ZF_REUSED_R02ZF_PERSON100005,R02ZF_REUSED_R02ZF_PERSON100005,1,3778,3778,False,R02ZF_REUSED_R02ZF_PERSON100005,"[[-51.500539906625875, -38.6204266378382]]",12.880113268787674,4,-250,250,False,False,False
R02ZF,R02ZF_SARF000115,115,3833,CAUSAL_REPLAY,R02ZF_SARF000115__CAUSAL_REPLAY__R02ZF_REUSED_R02ZF_PERSON100003,R02ZF_REUSED_R02ZF_PERSON100003,1,3611,3611,False,R02ZF_REUSED_R02ZF_PERSON100003,"[[-22.523673770884606, -9.24373627791308]]",13.279937492971527,13,-250,0,False,False,False
R02ZF,R02ZF_SARF000115,115,3833,CAUSAL_REPLAY,R02ZF_SARF000115__CAUSAL_REPLAY__R02ZF_REUSED_R02ZF_PERSON100004,R02ZF_REUSED_R02ZF_PERSON100004,1,3611,3611,False,R02ZF_REUSED_R02ZF_PERSON100004,"[[-20.863754834687157, -7.943799761613871]]",12.919955073073286,12,-250,0,False,False,False
R02ZF,R02ZF_SARF000115,115,3833,CAUSAL_REPLAY,R02ZF_SARF000115__CAUSAL_REPLAY__R02ZF_REUSED_R02ZF_PERSON100005,R02ZF_REUSED_R02ZF_PERSON100005,1,3778,3778,False,R02ZF_REUSED_R02ZF_PERSON100005,"[[-51.500539906625875, -38.6204266378382]]",12.880113268787674,6,-250,0,False,False,False
R02ZF,R02ZF_SARF000115,115,3833,FIXED_LAG_100MS,R02ZF_SARF000115__FIXED_LAG_100MS__R02ZF_REUSED_R02ZF_PERSON100003,R02ZF_REUSED_R02ZF_PERSON100003,1,3611,3611,False,R02ZF_REUSED_R02ZF_PERSON100003,"[[-22.523673770884606, -9.24373627791308]]",13.279937492971527,13,-250,100,False,False,False
R02ZF,R02ZF_SARF000115,115,3833,FIXED_LAG_100MS,R02ZF_SARF000115__FIXED_LAG_100MS__R02ZF_REUSED_R02ZF_PERSON100004,R02ZF_REUSED_R02ZF_PERSON100004,1,3611,3611,False,R02ZF_REUSED_R02ZF_PERSON100004,"[[-20.863754834687157, -7.943799761613871]]",12.919955073073286,12,-250,100,False,False,False
R02ZF,R02ZF_SARF000115,115,3833,FIXED_LAG_100MS,R02ZF_SARF000115__FIXED_LAG_100MS__R02ZF_REUSED_R02ZF_PERSON100005,R02ZF_REUSED_R02ZF_PERSON100005,1,3778,3778,False,R02ZF_REUSED_R02ZF_PERSON100005,"[[-51.500539906625875, -38.6204266378382]]",12.880113268787674,6,-250,100,False,False,False
R02ZF,R02ZF_SARF000115,115,3833,FULL_CONTEXT_OFFLINE,R02ZF_SARF000115__FULL_CONTEXT_OFFLINE__R02ZF_REUSED_R02ZF_PERSON100003,R02ZF_REUSED_R02ZF_PERSON100003,1,3611,3611,False,R02ZF_REUSED_R02ZF_PERSON100003,"[[-22.523673770884606, -9.24373627791308]]",13.279937492971527,13,-250,250,False,False,False
R02ZF,R02ZF_SARF000115,115,3833,FULL_CONTEXT_OFFLINE,R02ZF_SARF000115__FULL_CONTEXT_OFFLINE__R02ZF_REUSED_R02ZF_PERSON100004,R02ZF_REUSED_R02ZF_PERSON100004,1,3611,3611,False,R02ZF_REUSED_R02ZF_PERSON100004,"[[-20.863754834687157, -7.943799761613871]]",12.919955073073286,12,-250,250,False,False,False
R02ZF,R02ZF_SARF000115,115,3833,FULL_CONTEXT_OFFLINE,R02ZF_SARF000115__FULL_CONTEXT_OFFLINE__R02ZF_REUSED_R02ZF_PERSON100005,R02ZF_REUSED_R02ZF_PERSON100005,1,3778,3778,False,R02ZF_REUSED_R02ZF_PERSON100005,"[[-51.500539906625875, -38.6204266378382]]",12.880113268787674,6,-250,250,False,False,False
R02ZF,R02ZF_SARF000115,115,3833,FULL_CONTEXT_OFFLINE,R02ZF_SARF000115__FULL_CONTEXT_OFFLINE__R02ZF_REUSED_R02ZF_PERSON100006,R02ZF_REUSED_R02ZF_PERSON100006,1,4056,4056,True,R02ZF_REUSED_R02ZF_PERSON100006,"[[-16.763955052512735, -3.5240156061965635]]",13.239939446316171,12,-250,250,False,False,False
R02ZF,R02ZF_SARF000116,116,3867,CAUSAL_REPLAY,R02ZF_SARF000116__CAUSAL_REPLAY__R02ZF_REUSED_R02ZF_PERSON100005,R02ZF_REUSED_R02ZF_PERSON100005,1,3778,3778,False,R02ZF_REUSED_R02ZF_PERSON100005,"[[-51.500539906625875, -38.6204266378382]]",12.880113268787674,4,-250,0,False,False,False
R02ZF,R02ZF_SARF000116,116,3867,FIXED_LAG_100MS,R02ZF_SARF000116__FIXED_LAG_100MS__R02ZF_REUSED_R02ZF_PERSON100005,R02ZF_REUSED_R02ZF_PERSON100005,1,3778,3778,False,R02ZF_REUSED_R02ZF_PERSON100005,"[[-51.500539906625875, -38.6204266378382]]",12.880113268787674,4,-250,100,False,False,False
R02ZF,R02ZF_SARF000116,116,3867,FULL_CONTEXT_OFFLINE,R02ZF_SARF000116__FULL_CONTEXT_OFFLINE__R02ZF_REUSED_R02ZF_PERSON100005,R02ZF_REUSED_R02ZF_PERSON100005,1,3778,3778,False,R02ZF_REUSED_R02ZF_PERSON100005,"[[-51.500539906625875, -38.6204266378382]]",12.880113268787674,4,-250,250,False,False,False
R02ZF,R02ZF_SARF000116,116,3867,FULL_CONTEXT_OFFLINE,R02ZF_SARF000116__FULL_CONTEXT_OFFLINE__R02ZF_REUSED_R02ZF_PERSON100006,R02ZF_REUSED_R02ZF_PERSON100006,1,4056,4056,True,R02ZF_REUSED_R02ZF_PERSON100006,"[[-16.763955052512735, -3.5240156061965635]]",13.239939446316171,13,-250,250,False,False,False
R02ZF,R02ZF_SARF000117,117,3900,CAUSAL_REPLAY,R02ZF_SARF000117__CAUSAL_REPLAY__R02ZF_REUSED_R02ZF_PERSON100005,R02ZF_REUSED_R02ZF_PERSON100005,1,3778,3778,False,R02ZF_REUSED_R02ZF_PERSON100005,"[[-51.500539906625875, -38.6204266378382]]",12.880113268787674,3,-250,0,False,False,False
R02ZF,R02ZF_SARF000117,117,3900,FIXED_LAG_100MS,R02ZF_SARF000117__FIXED_LAG_100MS__R02ZF_REUSED_R02ZF_PERSON100005,R02ZF_REUSED_R02ZF_PERSON100005,1,3778,3778,False,R02ZF_REUSED_R02ZF_PERSON100005,"[[-51.500539906625875, -38.6204266378382]]",12.880113268787674,3,-250,100,False,False,False
R02ZF,R02ZF_SARF000117,117,3900,FULL_CONTEXT_OFFLINE,R02ZF_SARF000117__FULL_CONTEXT_OFFLINE__R02ZF_REUSED_R02ZF_PERSON100005,R02ZF_REUSED_R02ZF_PERSON100005,1,3778,3778,False,R02ZF_REUSED_R02ZF_PERSON100005,"[[-51.500539906625875, -38.6204266378382]]",12.880113268787674,3,-250,250,False,False,False
R02ZF,R02ZF_SARF000117,117,3900,FULL_CONTEXT_OFFLINE,R02ZF_SARF000117__FULL_CONTEXT_OFFLINE__R02ZF_REUSED_R02ZF_PERSON100006,R02ZF_REUSED_R02ZF_PERSON100006,1,4056,4056,True,R02ZF_REUSED_R02ZF_PERSON100006,"[[-16.763955052512735, -3.5240156061965635]]",13.239939446316171,13,-250,250,False,False,False
R02ZF,R02ZF_SARF000118,118,3933,CAUSAL_REPLAY,R02ZF_SARF000118__CAUSAL_REPLAY__R02ZF_REUSED_R02ZF_PERSON100005,R02ZF_REUSED_R02ZF_PERSON100005,1,3778,3778,False,R02ZF_REUSED_R02ZF_PERSON100005,"[[-51.500539906625875, -38.6204266378382]]",12.880113268787674,3,-250,0,False,False,False
R02ZF,R02ZF_SARF000118,118,3933,FIXED_LAG_100MS,R02ZF_SARF000118__FIXED_LAG_100MS__R02ZF_REUSED_R02ZF_PERSON100005,R02ZF_REUSED_R02ZF_PERSON100005,1,3778,3778,False,R02ZF_REUSED_R02ZF_PERSON100005,"[[-51.500539906625875, -38.6204266378382]]",12.880113268787674,3,-250,100,False,False,False
R02ZF,R02ZF_SARF000118,118,3933,FULL_CONTEXT_OFFLINE,R02ZF_SARF000118__FULL_CONTEXT_OFFLINE__R02ZF_REUSED_R02ZF_PERSON100005,R02ZF_REUSED_R02ZF_PERSON100005,1,3778,3778,False,R02ZF_REUSED_R02ZF_PERSON100005,"[[-51.500539906625875, -38.6204266378382]]",12.880113268787674,3,-250,250,False,False,False
R02ZF,R02ZF_SARF000118,118,3933,FULL_CONTEXT_OFFLINE,R02ZF_SARF000118__FULL_CONTEXT_OFFLINE__R02ZF_REUSED_R02ZF_PERSON100006,R02ZF_REUSED_R02ZF_PERSON100006,1,4056,4056,True,R02ZF_REUSED_R02ZF_PERSON100006,"[[-16.763955052512735, -3.5240156061965635]]",13.239939446316171,15,-250,250,False,False,False
R02ZF,R02ZF_SARF000119,119,3967,CAUSAL_REPLAY,R02ZF_SARF000119__CAUSAL_REPLAY__R02ZF_REUSED_R02ZF_PERSON100005,R02ZF_REUSED_R02ZF_PERSON100005,1,3778,3778,False,R02ZF_REUSED_R02ZF_PERSON100005,"[[-51.500539906625875, -38.6204266378382]]",12.880113268787674,5,-250,0,False,False,False
R02ZF,R02ZF_SARF000119,119,3967,FIXED_LAG_100MS,R02ZF_SARF000119__FIXED_LAG_100MS__R02ZF_REUSED_R02ZF_PERSON100005,R02ZF_REUSED_R02ZF_PERSON100005,1,3778,3778,False,R02ZF_REUSED_R02ZF_PERSON100005,"[[-51.500539906625875, -38.6204266378382]]",12.880113268787674,5,-250,100,False,False,False
R02ZF,R02ZF_SARF000119,119,3967,FIXED_LAG_100MS,R02ZF_SARF000119__FIXED_LAG_100MS__R02ZF_REUSED_R02ZF_PERSON100006,R02ZF_REUSED_R02ZF_PERSON100006,1,4056,4056,True,R02ZF_REUSED_R02ZF_PERSON100006,"[[-16.763955052512735, -3.5240156061965635]]",13.239939446316171,12,-250,100,False,False,False
R02ZF,R02ZF_SARF000119,119,3967,FULL_CONTEXT_OFFLINE,R02ZF_SARF000119__FULL_CONTEXT_OFFLINE__R02ZF_REUSED_R02ZF_PERSON100005,R02ZF_REUSED_R02ZF_PERSON100005,1,3778,3778,False,R02ZF_REUSED_R02ZF_PERSON100005,"[[-51.500539906625875, -38.6204266378382]]",12.880113268787674,5,-250,250,False,False,False
R02ZF,R02ZF_SARF000119,119,3967,FULL_CONTEXT_OFFLINE,R02ZF_SARF000119__FULL_CONTEXT_OFFLINE__R02ZF_REUSED_R02ZF_PERSON100006,R02ZF_REUSED_R02ZF_PERSON100006,1,4056,4056,True,R02ZF_REUSED_R02ZF_PERSON100006,"[[-16.763955052512735, -3.5240156061965635]]",13.239939446316171,12,-250,250,False,False,False
R02ZF,R02ZF_SARF000120,120,4000,CAUSAL_REPLAY,R02ZF_SARF000120__CAUSAL_REPLAY__R02ZF_REUSED_R02ZF_PERSON100005,R02ZF_REUSED_R02ZF_PERSON100005,1,3778,3778,False,R02ZF_REUSED_R02ZF_PERSON100005,"[[-51.500539906625875, -38.6204266378382]]",12.880113268787674,2,-250,0,False,False,False
R02ZF,R02ZF_SARF000120,120,4000,FIXED_LAG_100MS,R02ZF_SARF000120__FIXED_LAG_100MS__R02ZF_REUSED_R02ZF_PERSON100005,R02ZF_REUSED_R02ZF_PERSON100005,1,3778,3778,False,R02ZF_REUSED_R02ZF_PERSON100005,"[[-51.500539906625875, -38.6204266378382]]",12.880113268787674,2,-250,100,False,False,False
R02ZF,R02ZF_SARF000120,120,4000,FIXED_LAG_100MS,R02ZF_SARF000120__FIXED_LAG_100MS__R02ZF_REUSED_R02ZF_PERSON100006,R02ZF_REUSED_R02ZF_PERSON100006,1,4056,4056,True,R02ZF_REUSED_R02ZF_PERSON100006,"[[-16.763955052512735, -3.5240156061965635]]",13.239939446316171,18,-250,100,False,False,False
R02ZF,R02ZF_SARF000120,120,4000,FULL_CONTEXT_OFFLINE,R02ZF_SARF000120__FULL_CONTEXT_OFFLINE__R02ZF_REUSED_R02ZF_PERSON100005,R02ZF_REUSED_R02ZF_PERSON100005,1,3778,3778,False,R02ZF_REUSED_R02ZF_PERSON100005,"[[-51.500539906625875, -38.6204266378382]]",12.880113268787674,2,-250,250,False,False,False
R02ZF,R02ZF_SARF000120,120,4000,FULL_CONTEXT_OFFLINE,R02ZF_SARF000120__FULL_CONTEXT_OFFLINE__R02ZF_REUSED_R02ZF_PERSON100006,R02ZF_REUSED_R02ZF_PERSON100006,1,4056,4056,True,R02ZF_REUSED_R02ZF_PERSON100006,"[[-16.763955052512735, -3.5240156061965635]]",13.239939446316171,18,-250,250,False,False,False
R02ZF,R02ZF_SARF000121,121,4033,FIXED_LAG_100MS,R02ZF_SARF000121__FIXED_LAG_100MS__R02ZF_REUSED_R02ZF_PERSON100006,R02ZF_REUSED_R02ZF_PERSON100006,1,4056,4056,True,R02ZF_REUSED_R02ZF_PERSON100006,"[[-16.763955052512735, -3.5240156061965635]]",13.239939446316171,15,-250,100,False,False,False
R02ZF,R02ZF_SARF000121,121,4033,FULL_CONTEXT_OFFLINE,R02ZF_SARF000121__FULL_CONTEXT_OFFLINE__R02ZF_REUSED_R02ZF_PERSON100006,R02ZF_REUSED_R02ZF_PERSON100006,1,4056,4056,True,R02ZF_REUSED_R02ZF_PERSON100006,"[[-16.763955052512735, -3.5240156061965635]]",13.239939446316171,15,-250,250,False,False,False
R02ZF,R02ZF_SARF000122,122,4067,CAUSAL_REPLAY,R02ZF_SARF000122__CAUSAL_REPLAY__R02ZF_REUSED_R02ZF_PERSON100006,R02ZF_REUSED_R02ZF_PERSON100006,1,4056,4056,False,R02ZF_REUSED_R02ZF_PERSON100006,"[[-16.763955052512735, -3.5240156061965635]]",13.239939446316171,16,-250,0,False,False,False
R02ZF,R02ZF_SARF000122,122,4067,FIXED_LAG_100MS,R02ZF_SARF000122__FIXED_LAG_100MS__R02ZF_REUSED_R02ZF_PERSON100006,R02ZF_REUSED_R02ZF_PERSON100006,1,4056,4056,False,R02ZF_REUSED_R02ZF_PERSON100006,"[[-16.763955052512735, -3.5240156061965635]]",13.239939446316171,16,-250,100,False,False,False
R02ZF,R02ZF_SARF000122,122,4067,FULL_CONTEXT_OFFLINE,R02ZF_SARF000122__FULL_CONTEXT_OFFLINE__R02ZF_REUSED_R02ZF_PERSON100006,R02ZF_REUSED_R02ZF_PERSON100006,1,4056,4056,False,R02ZF_REUSED_R02ZF_PERSON100006,"[[-16.763955052512735, -3.5240156061965635]]",13.239939446316171,16,-250,250,False,False,False
R02ZF,R02ZF_SARF000123,123,4100,CAUSAL_REPLAY,R02ZF_SARF000123__CAUSAL_REPLAY__R02ZF_REUSED_R02ZF_PERSON100006,R02ZF_REUSED_R02ZF_PERSON100006,1,4056,4056,False,R02ZF_REUSED_R02ZF_PERSON100006,"[[-16.763955052512735, -3.5240156061965635]]",13.239939446316171,14,-250,0,False,False,False
R02ZF,R02ZF_SARF000123,123,4100,FIXED_LAG_100MS,R02ZF_SARF000123__FIXED_LAG_100MS__R02ZF_REUSED_R02ZF_PERSON100006,R02ZF_REUSED_R02ZF_PERSON100006,1,4056,4056,False,R02ZF_REUSED_R02ZF_PERSON100006,"[[-16.763955052512735, -3.5240156061965635]]",13.239939446316171,14,-250,100,False,False,False
R02ZF,R02ZF_SARF000123,123,4100,FULL_CONTEXT_OFFLINE,R02ZF_SARF000123__FULL_CONTEXT_OFFLINE__R02ZF_REUSED_R02ZF_PERSON100006,R02ZF_REUSED_R02ZF_PERSON100006,1,4056,4056,False,R02ZF_REUSED_R02ZF_PERSON100006,"[[-16.763955052512735, -3.5240156061965635]]",13.239939446316171,14,-250,250,False,False,False
R02ZF,R02ZF_SARF000124,124,4133,CAUSAL_REPLAY,R02ZF_SARF000124__CAUSAL_REPLAY__R02ZF_REUSED_R02ZF_PERSON100006,R02ZF_REUSED_R02ZF_PERSON100006,1,4056,4056,False,R02ZF_REUSED_R02ZF_PERSON100006,"[[-16.763955052512735, -3.5240156061965635]]",13.239939446316171,16,-250,0,False,False,False
R02ZF,R02ZF_SARF000124,124,4133,FIXED_LAG_100MS,R02ZF_SARF000124__FIXED_LAG_100MS__R02ZF_REUSED_R02ZF_PERSON100006,R02ZF_REUSED_R02ZF_PERSON100006,1,4056,4056,False,R02ZF_REUSED_R02ZF_PERSON100006,"[[-16.763955052512735, -3.5240156061965635]]",13.239939446316171,16,-250,100,False,False,False
R02ZF,R02ZF_SARF000124,124,4133,FULL_CONTEXT_OFFLINE,R02ZF_SARF000124__FULL_CONTEXT_OFFLINE__R02ZF_REUSED_R02ZF_PERSON100006,R02ZF_REUSED_R02ZF_PERSON100006,1,4056,4056,False,R02ZF_REUSED_R02ZF_PERSON100006,"[[-16.763955052512735, -3.5240156061965635]]",13.239939446316171,16,-250,250,False,False,False
R02ZF,R02ZF_SARF000125,125,4167,CAUSAL_REPLAY,R02ZF_SARF000125__CAUSAL_REPLAY__R02ZF_REUSED_R02ZF_PERSON100006,R02ZF_REUSED_R02ZF_PERSON100006,1,4056,4056,False,R02ZF_REUSED_R02ZF_PERSON100006,"[[-16.763955052512735, -3.5240156061965635]]",13.239939446316171,12,-250,0,False,False,False
R02ZF,R02ZF_SARF000125,125,4167,FIXED_LAG_100MS,R02ZF_SARF000125__FIXED_LAG_100MS__R02ZF_REUSED_R02ZF_PERSON100006,R02ZF_REUSED_R02ZF_PERSON100006,1,4056,4056,False,R02ZF_REUSED_R02ZF_PERSON100006,"[[-16.763955052512735, -3.5240156061965635]]",13.239939446316171,12,-250,100,False,False,False
R02ZF,R02ZF_SARF000125,125,4167,FULL_CONTEXT_OFFLINE,R02ZF_SARF000125__FULL_CONTEXT_OFFLINE__R02ZF_REUSED_R02ZF_PERSON100006,R02ZF_REUSED_R02ZF_PERSON100006,1,4056,4056,False,R02ZF_REUSED_R02ZF_PERSON100006,"[[-16.763955052512735, -3.5240156061965635]]",13.239939446316171,12,-250,250,False,False,False
R02ZF,R02ZF_SARF000126,126,4200,CAUSAL_REPLAY,R02ZF_SARF000126__CAUSAL_REPLAY__R02ZF_REUSED_R02ZF_PERSON100006,R02ZF_REUSED_R02ZF_PERSON100006,1,4056,4056,False,R02ZF_REUSED_R02ZF_PERSON100006,"[[-16.763955052512735, -3.5240156061965635]]",13.239939446316171,14,-250,0,False,False,False
R02ZF,R02ZF_SARF000126,126,4200,FIXED_LAG_100MS,R02ZF_SARF000126__FIXED_LAG_100MS__R02ZF_REUSED_R02ZF_PERSON100006,R02ZF_REUSED_R02ZF_PERSON100006,1,4056,4056,False,R02ZF_REUSED_R02ZF_PERSON100006,"[[-16.763955052512735, -3.5240156061965635]]",13.239939446316171,14,-250,100,False,False,False
R02ZF,R02ZF_SARF000126,126,4200,FULL_CONTEXT_OFFLINE,R02ZF_SARF000126__FULL_CONTEXT_OFFLINE__R02ZF_REUSED_R02ZF_PERSON100006,R02ZF_REUSED_R02ZF_PERSON100006,1,4056,4056,False,R02ZF_REUSED_R02ZF_PERSON100006,"[[-16.763955052512735, -3.5240156061965635]]",13.239939446316171,14,-250,250,False,False,False
R02ZF,R02ZF_SARF000127,127,4233,CAUSAL_REPLAY,R02ZF_SARF000127__CAUSAL_REPLAY__R02ZF_REUSED_R02ZF_PERSON100006,R02ZF_REUSED_R02ZF_PERSON100006,1,4056,4056,False,R02ZF_REUSED_R02ZF_PERSON100006,"[[-16.763955052512735, -3.5240156061965635]]",13.239939446316171,14,-250,0,False,False,False
R02ZF,R02ZF_SARF000127,127,4233,FIXED_LAG_100MS,R02ZF_SARF000127__FIXED_LAG_100MS__R02ZF_REUSED_R02ZF_PERSON100006,R02ZF_REUSED_R02ZF_PERSON100006,1,4056,4056,False,R02ZF_REUSED_R02ZF_PERSON100006,"[[-16.763955052512735, -3.5240156061965635]]",13.239939446316171,14,-250,100,False,False,False
R02ZF,R02ZF_SARF000127,127,4233,FULL_CONTEXT_OFFLINE,R02ZF_SARF000127__FULL_CONTEXT_OFFLINE__R02ZF_REUSED_R02ZF_PERSON100006,R02ZF_REUSED_R02ZF_PERSON100006,1,4056,4056,False,R02ZF_REUSED_R02ZF_PERSON100006,"[[-16.763955052512735, -3.5240156061965635]]",13.239939446316171,14,-250,250,False,False,False
R02ZF,R02ZF_SARF000128,128,4267,CAUSAL_REPLAY,R02ZF_SARF000128__CAUSAL_REPLAY__R02ZF_REUSED_R02ZF_PERSON100006,R02ZF_REUSED_R02ZF_PERSON100006,1,4056,4056,False,R02ZF_REUSED_R02ZF_PERSON100006,"[[-16.763955052512735, -3.5240156061965635]]",13.239939446316171,13,-250,0,False,False,False
R02ZF,R02ZF_SARF000128,128,4267,FIXED_LAG_100MS,R02ZF_SARF000128__FIXED_LAG_100MS__R02ZF_REUSED_R02ZF_PERSON100006,R02ZF_REUSED_R02ZF_PERSON100006,1,4056,4056,False,R02ZF_REUSED_R02ZF_PERSON100006,"[[-16.763955052512735, -3.5240156061965635]]",13.239939446316171,13,-250,100,False,False,False
R02ZF,R02ZF_SARF000128,128,4267,FULL_CONTEXT_OFFLINE,R02ZF_SARF000128__FULL_CONTEXT_OFFLINE__R02ZF_REUSED_R02ZF_PERSON100006,R02ZF_REUSED_R02ZF_PERSON100006,1,4056,4056,False,R02ZF_REUSED_R02ZF_PERSON100006,"[[-16.763955052512735, -3.5240156061965635]]",13.239939446316171,13,-250,250,False,False,False
R02ZF,R02ZF_SARF000129,129,4300,CAUSAL_REPLAY,R02ZF_SARF000129__CAUSAL_REPLAY__R02ZF_REUSED_R02ZF_PERSON100006,R02ZF_REUSED_R02ZF_PERSON100006,1,4056,4056,False,R02ZF_REUSED_R02ZF_PERSON100006,"[[-16.763955052512735, -3.5240156061965635]]",13.239939446316171,12,-250,0,False,False,False
R02ZF,R02ZF_SARF000129,129,4300,FIXED_LAG_100MS,R02ZF_SARF000129__FIXED_LAG_100MS__R02ZF_REUSED_R02ZF_PERSON100006,R02ZF_REUSED_R02ZF_PERSON100006,1,4056,4056,False,R02ZF_REUSED_R02ZF_PERSON100006,"[[-16.763955052512735, -3.5240156061965635]]",13.239939446316171,12,-250,100,False,False,False
R02ZF,R02ZF_SARF000129,129,4300,FULL_CONTEXT_OFFLINE,R02ZF_SARF000129__FULL_CONTEXT_OFFLINE__R02ZF_REUSED_R02ZF_PERSON100006,R02ZF_REUSED_R02ZF_PERSON100006,1,4056,4056,False,R02ZF_REUSED_R02ZF_PERSON100006,"[[-16.763955052512735, -3.5240156061965635]]",13.239939446316171,12,-250,250,False,False,False
R02ZF,R02ZF_SARF000161,161,5367,FULL_CONTEXT_OFFLINE,R02ZF_SARF000161__FULL_CONTEXT_OFFLINE__R02ZF_REUSED_R02ZF_PERSON100007,R02ZF_REUSED_R02ZF_PERSON100007,1,5611,5611,True,R02ZF_REUSED_R02ZF_PERSON100007,"[[-49.809841223588165, -33.48255255106138]]",16.327288672526784,11,-250,250,False,False,False
R02ZF,R02ZF_SARF000162,162,5400,FULL_CONTEXT_OFFLINE,R02ZF_SARF000162__FULL_CONTEXT_OFFLINE__R02ZF_REUSED_R02ZF_PERSON100007,R02ZF_REUSED_R02ZF_PERSON100007,1,5611,5611,True,R02ZF_REUSED_R02ZF_PERSON100007,"[[-49.809841223588165, -33.48255255106138]]",16.327288672526784,8,-250,250,False,False,False
R02ZF,R02ZF_SARF000163,163,5433,FULL_CONTEXT_OFFLINE,R02ZF_SARF000163__FULL_CONTEXT_OFFLINE__R02ZF_REUSED_R02ZF_PERSON100007,R02ZF_REUSED_R02ZF_PERSON100007,1,5611,5611,True,R02ZF_REUSED_R02ZF_PERSON100007,"[[-49.809841223588165, -33.48255255106138]]",16.327288672526784,11,-250,250,False,False,False
R02ZF,R02ZF_SARF000164,164,5467,FULL_CONTEXT_OFFLINE,R02ZF_SARF000164__FULL_CONTEXT_OFFLINE__R02ZF_REUSED_R02ZF_PERSON100007,R02ZF_REUSED_R02ZF_PERSON100007,1,5611,5611,True,R02ZF_REUSED_R02ZF_PERSON100007,"[[-49.809841223588165, -33.48255255106138]]",16.327288672526784,9,-250,250,False,False,False
R02ZF,R02ZF_SARF000165,165,5500,FULL_CONTEXT_OFFLINE,R02ZF_SARF000165__FULL_CONTEXT_OFFLINE__R02ZF_REUSED_R02ZF_PERSON100007,R02ZF_REUSED_R02ZF_PERSON100007,1,5611,5611,True,R02ZF_REUSED_R02ZF_PERSON100007,"[[-49.809841223588165, -33.48255255106138]]",16.327288672526784,7,-250,250,False,False,False
R02ZF,R02ZF_SARF000166,166,5533,FIXED_LAG_100MS,R02ZF_SARF000166__FIXED_LAG_100MS__R02ZF_REUSED_R02ZF_PERSON100007,R02ZF_REUSED_R02ZF_PERSON100007,1,5611,5611,True,R02ZF_REUSED_R02ZF_PERSON100007,"[[-49.809841223588165, -33.48255255106138]]",16.327288672526784,8,-250,100,False,False,False
R02ZF,R02ZF_SARF000166,166,5533,FULL_CONTEXT_OFFLINE,R02ZF_SARF000166__FULL_CONTEXT_OFFLINE__R02ZF_REUSED_R02ZF_PERSON100007,R02ZF_REUSED_R02ZF_PERSON100007,1,5611,5611,True,R02ZF_REUSED_R02ZF_PERSON100007,"[[-49.809841223588165, -33.48255255106138]]",16.327288672526784,8,-250,250,False,False,False
R02ZF,R02ZF_SARF000167,167,5567,FIXED_LAG_100MS,R02ZF_SARF000167__FIXED_LAG_100MS__R02ZF_REUSED_R02ZF_PERSON100007,R02ZF_REUSED_R02ZF_PERSON100007,1,5611,5611,True,R02ZF_REUSED_R02ZF_PERSON100007,"[[-49.809841223588165, -33.48255255106138]]",16.327288672526784,10,-250,100,False,False,False
R02ZF,R02ZF_SARF000167,167,5567,FULL_CONTEXT_OFFLINE,R02ZF_SARF000167__FULL_CONTEXT_OFFLINE__R02ZF_REUSED_R02ZF_PERSON100007,R02ZF_REUSED_R02ZF_PERSON100007,1,5611,5611,True,R02ZF_REUSED_R02ZF_PERSON100007,"[[-49.809841223588165, -33.48255255106138]]",16.327288672526784,10,-250,250,False,False,False
R02ZF,R02ZF_SARF000168,168,5600,FIXED_LAG_100MS,R02ZF_SARF000168__FIXED_LAG_100MS__R02ZF_REUSED_R02ZF_PERSON100007,R02ZF_REUSED_R02ZF_PERSON100007,1,5611,5611,True,R02ZF_REUSED_R02ZF_PERSON100007,"[[-49.809841223588165, -33.48255255106138]]",16.327288672526784,8,-250,100,False,False,False
R02ZF,R02ZF_SARF000168,168,5600,FULL_CONTEXT_OFFLINE,R02ZF_SARF000168__FULL_CONTEXT_OFFLINE__R02ZF_REUSED_R02ZF_PERSON100007,R02ZF_REUSED_R02ZF_PERSON100007,1,5611,5611,True,R02ZF_REUSED_R02ZF_PERSON100007,"[[-49.809841223588165, -33.48255255106138]]",16.327288672526784,8,-250,250,False,False,False
R02ZF,R02ZF_SARF000169,169,5633,CAUSAL_REPLAY,R02ZF_SARF000169__CAUSAL_REPLAY__R02ZF_REUSED_R02ZF_PERSON100007,R02ZF_REUSED_R02ZF_PERSON100007,1,5611,5611,False,R02ZF_REUSED_R02ZF_PERSON100007,"[[-49.809841223588165, -33.48255255106138]]",16.327288672526784,11,-250,0,False,False,False
R02ZF,R02ZF_SARF000169,169,5633,FIXED_LAG_100MS,R02ZF_SARF000169__FIXED_LAG_100MS__R02ZF_REUSED_R02ZF_PERSON100007,R02ZF_REUSED_R02ZF_PERSON100007,1,5611,5611,False,R02ZF_REUSED_R02ZF_PERSON100007,"[[-49.809841223588165, -33.48255255106138]]",16.327288672526784,11,-250,100,False,False,False
R02ZF,R02ZF_SARF000169,169,5633,FULL_CONTEXT_OFFLINE,R02ZF_SARF000169__FULL_CONTEXT_OFFLINE__R02ZF_REUSED_R02ZF_PERSON100007,R02ZF_REUSED_R02ZF_PERSON100007,1,5611,5611,False,R02ZF_REUSED_R02ZF_PERSON100007,"[[-49.809841223588165, -33.48255255106138]]",16.327288672526784,11,-250,250,False,False,False
R02ZF,R02ZF_SARF000170,170,5667,CAUSAL_REPLAY,R02ZF_SARF000170__CAUSAL_REPLAY__R02ZF_REUSED_R02ZF_PERSON100007,R02ZF_REUSED_R02ZF_PERSON100007,1,5611,5611,False,R02ZF_REUSED_R02ZF_PERSON100007,"[[-49.809841223588165, -33.48255255106138]]",16.327288672526784,7,-250,0,False,False,False
R02ZF,R02ZF_SARF000170,170,5667,FIXED_LAG_100MS,R02ZF_SARF000170__FIXED_LAG_100MS__R02ZF_REUSED_R02ZF_PERSON100007,R02ZF_REUSED_R02ZF_PERSON100007,1,5611,5611,False,R02ZF_REUSED_R02ZF_PERSON100007,"[[-49.809841223588165, -33.48255255106138]]",16.327288672526784,7,-250,100,False,False,False
R02ZF,R02ZF_SARF000170,170,5667,FULL_CONTEXT_OFFLINE,R02ZF_SARF000170__FULL_CONTEXT_OFFLINE__R02ZF_REUSED_R02ZF_PERSON100007,R02ZF_REUSED_R02ZF_PERSON100007,1,5611,5611,False,R02ZF_REUSED_R02ZF_PERSON100007,"[[-49.809841223588165, -33.48255255106138]]",16.327288672526784,7,-250,250,False,False,False
R02ZF,R02ZF_SARF000171,171,5700,CAUSAL_REPLAY,R02ZF_SARF000171__CAUSAL_REPLAY__R02ZF_REUSED_R02ZF_PERSON100007,R02ZF_REUSED_R02ZF_PERSON100007,1,5611,5611,False,R02ZF_REUSED_R02ZF_PERSON100007,"[[-49.809841223588165, -33.48255255106138]]",16.327288672526784,9,-250,0,False,False,False
R02ZF,R02ZF_SARF000171,171,5700,FIXED_LAG_100MS,R02ZF_SARF000171__FIXED_LAG_100MS__R02ZF_REUSED_R02ZF_PERSON100007,R02ZF_REUSED_R02ZF_PERSON100007,1,5611,5611,False,R02ZF_REUSED_R02ZF_PERSON100007,"[[-49.809841223588165, -33.48255255106138]]",16.327288672526784,9,-250,100,False,False,False
R02ZF,R02ZF_SARF000171,171,5700,FULL_CONTEXT_OFFLINE,R02ZF_SARF000171__FULL_CONTEXT_OFFLINE__R02ZF_REUSED_R02ZF_PERSON100007,R02ZF_REUSED_R02ZF_PERSON100007,1,5611,5611,False,R02ZF_REUSED_R02ZF_PERSON100007,"[[-49.809841223588165, -33.48255255106138]]",16.327288672526784,9,-250,250,False,False,False
R02ZF,R02ZF_SARF000172,172,5733,CAUSAL_REPLAY,R02ZF_SARF000172__CAUSAL_REPLAY__R02ZF_REUSED_R02ZF_PERSON100007,R02ZF_REUSED_R02ZF_PERSON100007,1,5611,5611,False,R02ZF_REUSED_R02ZF_PERSON100007,"[[-49.809841223588165, -33.48255255106138]]",16.327288672526784,7,-250,0,False,False,False
R02ZF,R02ZF_SARF000172,172,5733,FIXED_LAG_100MS,R02ZF_SARF000172__FIXED_LAG_100MS__R02ZF_REUSED_R02ZF_PERSON100007,R02ZF_REUSED_R02ZF_PERSON100007,1,5611,5611,False,R02ZF_REUSED_R02ZF_PERSON100007,"[[-49.809841223588165, -33.48255255106138]]",16.327288672526784,7,-250,100,False,False,False
R02ZF,R02ZF_SARF000172,172,5733,FULL_CONTEXT_OFFLINE,R02ZF_SARF000172__FULL_CONTEXT_OFFLINE__R02ZF_REUSED_R02ZF_PERSON100007,R02ZF_REUSED_R02ZF_PERSON100007,1,5611,5611,False,R02ZF_REUSED_R02ZF_PERSON100007,"[[-49.809841223588165, -33.48255255106138]]",16.327288672526784,7,-250,250,False,False,False
R02ZF,R02ZF_SARF000173,173,5767,CAUSAL_REPLAY,R02ZF_SARF000173__CAUSAL_REPLAY__R02ZF_REUSED_R02ZF_PERSON100007,R02ZF_REUSED_R02ZF_PERSON100007,1,5611,5611,False,R02ZF_REUSED_R02ZF_PERSON100007,"[[-49.809841223588165, -33.48255255106138]]",16.327288672526784,6,-250,0,False,False,False
R02ZF,R02ZF_SARF000173,173,5767,FIXED_LAG_100MS,R02ZF_SARF000173__FIXED_LAG_100MS__R02ZF_REUSED_R02ZF_PERSON100007,R02ZF_REUSED_R02ZF_PERSON100007,1,5611,5611,False,R02ZF_REUSED_R02ZF_PERSON100007,"[[-49.809841223588165, -33.48255255106138]]",16.327288672526784,6,-250,100,False,False,False
R02ZF,R02ZF_SARF000173,173,5767,FULL_CONTEXT_OFFLINE,R02ZF_SARF000173__FULL_CONTEXT_OFFLINE__R02ZF_REUSED_R02ZF_PERSON100007,R02ZF_REUSED_R02ZF_PERSON100007,1,5611,5611,False,R02ZF_REUSED_R02ZF_PERSON100007,"[[-49.809841223588165, -33.48255255106138]]",16.327288672526784,6,-250,250,False,False,False
R02ZF,R02ZF_SARF000174,174,5800,CAUSAL_REPLAY,R02ZF_SARF000174__CAUSAL_REPLAY__R02ZF_REUSED_R02ZF_PERSON100007,R02ZF_REUSED_R02ZF_PERSON100007,1,5611,5611,False,R02ZF_REUSED_R02ZF_PERSON100007,"[[-49.809841223588165, -33.48255255106138]]",16.327288672526784,7,-250,0,False,False,False
R02ZF,R02ZF_SARF000174,174,5800,FIXED_LAG_100MS,R02ZF_SARF000174__FIXED_LAG_100MS__R02ZF_REUSED_R02ZF_PERSON100007,R02ZF_REUSED_R02ZF_PERSON100007,1,5611,5611,False,R02ZF_REUSED_R02ZF_PERSON100007,"[[-49.809841223588165, -33.48255255106138]]",16.327288672526784,7,-250,100,False,False,False
R02ZF,R02ZF_SARF000174,174,5800,FULL_CONTEXT_OFFLINE,R02ZF_SARF000174__FULL_CONTEXT_OFFLINE__R02ZF_REUSED_R02ZF_PERSON100007,R02ZF_REUSED_R02ZF_PERSON100007,1,5611,5611,False,R02ZF_REUSED_R02ZF_PERSON100007,"[[-49.809841223588165, -33.48255255106138]]",16.327288672526784,7,-250,250,False,False,False
R02ZF,R02ZF_SARF000175,175,5833,CAUSAL_REPLAY,R02ZF_SARF000175__CAUSAL_REPLAY__R02ZF_REUSED_R02ZF_PERSON100007,R02ZF_REUSED_R02ZF_PERSON100007,1,5611,5611,False,R02ZF_REUSED_R02ZF_PERSON100007,"[[-49.809841223588165, -33.48255255106138]]",16.327288672526784,9,-250,0,False,False,False
R02ZF,R02ZF_SARF000175,175,5833,FIXED_LAG_100MS,R02ZF_SARF000175__FIXED_LAG_100MS__R02ZF_REUSED_R02ZF_PERSON100007,R02ZF_REUSED_R02ZF_PERSON100007,1,5611,5611,False,R02ZF_REUSED_R02ZF_PERSON100007,"[[-49.809841223588165, -33.48255255106138]]",16.327288672526784,9,-250,100,False,False,False
R02ZF,R02ZF_SARF000175,175,5833,FULL_CONTEXT_OFFLINE,R02ZF_SARF000175__FULL_CONTEXT_OFFLINE__R02ZF_REUSED_R02ZF_PERSON100007,R02ZF_REUSED_R02ZF_PERSON100007,1,5611,5611,False,R02ZF_REUSED_R02ZF_PERSON100007,"[[-49.809841223588165, -33.48255255106138]]",16.327288672526784,9,-250,250,False,False,False
R02ZF,R02ZF_SARF000256,256,8533,FULL_CONTEXT_OFFLINE,R02ZF_SARF000256__FULL_CONTEXT_OFFLINE__R02ZF_REUSED_R02ZF_PERSON100008,R02ZF_REUSED_R02ZF_PERSON100008,1,8778,8778,True,R02ZF_REUSED_R02ZF_PERSON100008,"[[0.9751786391395285, 13.815137618902092]]",12.839958979762564,12,-250,250,False,False,False
R02ZF,R02ZF_SARF000257,257,8567,FULL_CONTEXT_OFFLINE,R02ZF_SARF000257__FULL_CONTEXT_OFFLINE__R02ZF_REUSED_R02ZF_PERSON100008,R02ZF_REUSED_R02ZF_PERSON100008,1,8778,8778,True,R02ZF_REUSED_R02ZF_PERSON100008,"[[0.9751786391395285, 13.815137618902092]]",12.839958979762564,15,-250,250,False,False,False
R02ZF,R02ZF_SARF000258,258,8600,FULL_CONTEXT_OFFLINE,R02ZF_SARF000258__FULL_CONTEXT_OFFLINE__R02ZF_REUSED_R02ZF_PERSON100008,R02ZF_REUSED_R02ZF_PERSON100008,1,8778,8778,True,R02ZF_REUSED_R02ZF_PERSON100008,"[[0.9751786391395285, 13.815137618902092]]",12.839958979762564,10,-250,250,False,False,False
R02ZF,R02ZF_SARF000259,259,8633,FULL_CONTEXT_OFFLINE,R02ZF_SARF000259__FULL_CONTEXT_OFFLINE__R02ZF_REUSED_R02ZF_PERSON100008,R02ZF_REUSED_R02ZF_PERSON100008,1,8778,8778,True,R02ZF_REUSED_R02ZF_PERSON100008,"[[0.9751786391395285, 13.815137618902092]]",12.839958979762564,10,-250,250,False,False,False
R02ZF,R02ZF_SARF000260,260,8667,FULL_CONTEXT_OFFLINE,R02ZF_SARF000260__FULL_CONTEXT_OFFLINE__R02ZF_REUSED_R02ZF_PERSON100008,R02ZF_REUSED_R02ZF_PERSON100008,1,8778,8778,True,R02ZF_REUSED_R02ZF_PERSON100008,"[[0.9751786391395285, 13.815137618902092]]",12.839958979762564,9,-250,250,False,False,False
R02ZF,R02ZF_SARF000261,261,8700,FIXED_LAG_100MS,R02ZF_SARF000261__FIXED_LAG_100MS__R02ZF_REUSED_R02ZF_PERSON100008,R02ZF_REUSED_R02ZF_PERSON100008,1,8778,8778,True,R02ZF_REUSED_R02ZF_PERSON100008,"[[0.9751786391395285, 13.815137618902092]]",12.839958979762564,12,-250,100,False,False,False
R02ZF,R02ZF_SARF000261,261,8700,FULL_CONTEXT_OFFLINE,R02ZF_SARF000261__FULL_CONTEXT_OFFLINE__R02ZF_REUSED_R02ZF_PERSON100008,R02ZF_REUSED_R02ZF_PERSON100008,1,8778,8778,True,R02ZF_REUSED_R02ZF_PERSON100008,"[[0.9751786391395285, 13.815137618902092]]",12.839958979762564,12,-250,250,False,False,False
R02ZF,R02ZF_SARF000262,262,8733,FIXED_LAG_100MS,R02ZF_SARF000262__FIXED_LAG_100MS__R02ZF_REUSED_R02ZF_PERSON100008,R02ZF_REUSED_R02ZF_PERSON100008,1,8778,8778,True,R02ZF_REUSED_R02ZF_PERSON100008,"[[0.9751786391395285, 13.815137618902092]]",12.839958979762564,9,-250,100,False,False,False
R02ZF,R02ZF_SARF000262,262,8733,FULL_CONTEXT_OFFLINE,R02ZF_SARF000262__FULL_CONTEXT_OFFLINE__R02ZF_REUSED_R02ZF_PERSON100008,R02ZF_REUSED_R02ZF_PERSON100008,1,8778,8778,True,R02ZF_REUSED_R02ZF_PERSON100008,"[[0.9751786391395285, 13.815137618902092]]",12.839958979762564,9,-250,250,False,False,False
R02ZF,R02ZF_SARF000263,263,8767,FIXED_LAG_100MS,R02ZF_SARF000263__FIXED_LAG_100MS__R02ZF_REUSED_R02ZF_PERSON100008,R02ZF_REUSED_R02ZF_PERSON100008,1,8778,8778,True,R02ZF_REUSED_R02ZF_PERSON100008,"[[0.9751786391395285, 13.815137618902092]]",12.839958979762564,12,-250,100,False,False,False
R02ZF,R02ZF_SARF000263,263,8767,FULL_CONTEXT_OFFLINE,R02ZF_SARF000263__FULL_CONTEXT_OFFLINE__R02ZF_REUSED_R02ZF_PERSON100008,R02ZF_REUSED_R02ZF_PERSON100008,1,8778,8778,True,R02ZF_REUSED_R02ZF_PERSON100008,"[[0.9751786391395285, 13.815137618902092]]",12.839958979762564,12,-250,250,False,False,False
R02ZF,R02ZF_SARF000264,264,8800,CAUSAL_REPLAY,R02ZF_SARF000264__CAUSAL_REPLAY__R02ZF_REUSED_R02ZF_PERSON100008,R02ZF_REUSED_R02ZF_PERSON100008,1,8778,8778,False,R02ZF_REUSED_R02ZF_PERSON100008,"[[0.9751786391395285, 13.815137618902092]]",12.839958979762564,12,-250,0,False,False,False
R02ZF,R02ZF_SARF000264,264,8800,FIXED_LAG_100MS,R02ZF_SARF000264__FIXED_LAG_100MS__R02ZF_REUSED_R02ZF_PERSON100008,R02ZF_REUSED_R02ZF_PERSON100008,1,8778,8778,False,R02ZF_REUSED_R02ZF_PERSON100008,"[[0.9751786391395285, 13.815137618902092]]",12.839958979762564,12,-250,100,False,False,False
R02ZF,R02ZF_SARF000264,264,8800,FULL_CONTEXT_OFFLINE,R02ZF_SARF000264__FULL_CONTEXT_OFFLINE__R02ZF_REUSED_R02ZF_PERSON100008,R02ZF_REUSED_R02ZF_PERSON100008,1,8778,8778,False,R02ZF_REUSED_R02ZF_PERSON100008,"[[0.9751786391395285, 13.815137618902092]]",12.839958979762564,12,-250,250,False,False,False
R02ZF,R02ZF_SARF000265,265,8833,CAUSAL_REPLAY,R02ZF_SARF000265__CAUSAL_REPLAY__R02ZF_REUSED_R02ZF_PERSON100008,R02ZF_REUSED_R02ZF_PERSON100008,1,8778,8778,False,R02ZF_REUSED_R02ZF_PERSON100008,"[[0.9751786391395285, 13.815137618902092]]",12.839958979762564,14,-250,0,False,False,False
R02ZF,R02ZF_SARF000265,265,8833,FIXED_LAG_100MS,R02ZF_SARF000265__FIXED_LAG_100MS__R02ZF_REUSED_R02ZF_PERSON100008,R02ZF_REUSED_R02ZF_PERSON100008,1,8778,8778,False,R02ZF_REUSED_R02ZF_PERSON100008,"[[0.9751786391395285, 13.815137618902092]]",12.839958979762564,14,-250,100,False,False,False
R02ZF,R02ZF_SARF000265,265,8833,FULL_CONTEXT_OFFLINE,R02ZF_SARF000265__FULL_CONTEXT_OFFLINE__R02ZF_REUSED_R02ZF_PERSON100008,R02ZF_REUSED_R02ZF_PERSON100008,1,8778,8778,False,R02ZF_REUSED_R02ZF_PERSON100008,"[[0.9751786391395285, 13.815137618902092]]",12.839958979762564,14,-250,250,False,False,False
R02ZF,R02ZF_SARF000266,266,8867,CAUSAL_REPLAY,R02ZF_SARF000266__CAUSAL_REPLAY__R02ZF_REUSED_R02ZF_PERSON100008,R02ZF_REUSED_R02ZF_PERSON100008,1,8778,8778,False,R02ZF_REUSED_R02ZF_PERSON100008,"[[0.9751786391395285, 13.815137618902092]]",12.839958979762564,13,-250,0,False,False,False
R02ZF,R02ZF_SARF000266,266,8867,FIXED_LAG_100MS,R02ZF_SARF000266__FIXED_LAG_100MS__R02ZF_REUSED_R02ZF_PERSON100008,R02ZF_REUSED_R02ZF_PERSON100008,1,8778,8778,False,R02ZF_REUSED_R02ZF_PERSON100008,"[[0.9751786391395285, 13.815137618902092]]",12.839958979762564,13,-250,100,False,False,False
R02ZF,R02ZF_SARF000266,266,8867,FULL_CONTEXT_OFFLINE,R02ZF_SARF000266__FULL_CONTEXT_OFFLINE__R02ZF_REUSED_R02ZF_PERSON100008,R02ZF_REUSED_R02ZF_PERSON100008,1,8778,8778,False,R02ZF_REUSED_R02ZF_PERSON100008,"[[0.9751786391395285, 13.815137618902092]]",12.839958979762564,13,-250,250,False,False,False
R02ZF,R02ZF_SARF000267,267,8900,CAUSAL_REPLAY,R02ZF_SARF000267__CAUSAL_REPLAY__R02ZF_REUSED_R02ZF_PERSON100008,R02ZF_REUSED_R02ZF_PERSON100008,1,8778,8778,False,R02ZF_REUSED_R02ZF_PERSON100008,"[[0.9751786391395285, 13.815137618902092]]",12.839958979762564,13,-250,0,False,False,False
R02ZF,R02ZF_SARF000267,267,8900,FIXED_LAG_100MS,R02ZF_SARF000267__FIXED_LAG_100MS__R02ZF_REUSED_R02ZF_PERSON100008,R02ZF_REUSED_R02ZF_PERSON100008,1,8778,8778,False,R02ZF_REUSED_R02ZF_PERSON100008,"[[0.9751786391395285, 13.815137618902092]]",12.839958979762564,13,-250,100,False,False,False
R02ZF,R02ZF_SARF000267,267,8900,FULL_CONTEXT_OFFLINE,R02ZF_SARF000267__FULL_CONTEXT_OFFLINE__R02ZF_REUSED_R02ZF_PERSON100008,R02ZF_REUSED_R02ZF_PERSON100008,1,8778,8778,False,R02ZF_REUSED_R02ZF_PERSON100008,"[[0.9751786391395285, 13.815137618902092]]",12.839958979762564,13,-250,250,False,False,False
R02ZF,R02ZF_SARF000268,268,8933,CAUSAL_REPLAY,R02ZF_SARF000268__CAUSAL_REPLAY__R02ZF_REUSED_R02ZF_PERSON100008,R02ZF_REUSED_R02ZF_PERSON100008,1,8778,8778,False,R02ZF_REUSED_R02ZF_PERSON100008,"[[0.9751786391395285, 13.815137618902092]]",12.839958979762564,13,-250,0,False,False,False
R02ZF,R02ZF_SARF000268,268,8933,FIXED_LAG_100MS,R02ZF_SARF000268__FIXED_LAG_100MS__R02ZF_REUSED_R02ZF_PERSON100008,R02ZF_REUSED_R02ZF_PERSON100008,1,8778,8778,False,R02ZF_REUSED_R02ZF_PERSON100008,"[[0.9751786391395285, 13.815137618902092]]",12.839958979762564,13,-250,100,False,False,False
R02ZF,R02ZF_SARF000268,268,8933,FULL_CONTEXT_OFFLINE,R02ZF_SARF000268__FULL_CONTEXT_OFFLINE__R02ZF_REUSED_R02ZF_PERSON100008,R02ZF_REUSED_R02ZF_PERSON100008,1,8778,8778,False,R02ZF_REUSED_R02ZF_PERSON100008,"[[0.9751786391395285, 13.815137618902092]]",12.839958979762564,13,-250,250,False,False,False
R02ZF,R02ZF_SARF000269,269,8967,CAUSAL_REPLAY,R02ZF_SARF000269__CAUSAL_REPLAY__R02ZF_REUSED_R02ZF_PERSON100008,R02ZF_REUSED_R02ZF_PERSON100008,1,8778,8778,False,R02ZF_REUSED_R02ZF_PERSON100008,"[[0.9751786391395285, 13.815137618902092]]",12.839958979762564,12,-250,0,False,False,False
R02ZF,R02ZF_SARF000269,269,8967,FIXED_LAG_100MS,R02ZF_SARF000269__FIXED_LAG_100MS__R02ZF_REUSED_R02ZF_PERSON100008,R02ZF_REUSED_R02ZF_PERSON100008,1,8778,8778,False,R02ZF_REUSED_R02ZF_PERSON100008,"[[0.9751786391395285, 13.815137618902092]]",12.839958979762564,12,-250,100,False,False,False
R02ZF,R02ZF_SARF000269,269,8967,FULL_CONTEXT_OFFLINE,R02ZF_SARF000269__FULL_CONTEXT_OFFLINE__R02ZF_REUSED_R02ZF_PERSON100008,R02ZF_REUSED_R02ZF_PERSON100008,1,8778,8778,False,R02ZF_REUSED_R02ZF_PERSON100008,"[[0.9751786391395285, 13.815137618902092]]",12.839958979762564,12,-250,250,False,False,False
R02ZF,R02ZF_SARF000270,270,9000,CAUSAL_REPLAY,R02ZF_SARF000270__CAUSAL_REPLAY__R02ZF_REUSED_R02ZF_PERSON100008,R02ZF_REUSED_R02ZF_PERSON100008,1,8778,8778,False,R02ZF_REUSED_R02ZF_PERSON100008,"[[0.9751786391395285, 13.815137618902092]]",12.839958979762564,14,-250,0,False,False,False
R02ZF,R02ZF_SARF000270,270,9000,FIXED_LAG_100MS,R02ZF_SARF000270__FIXED_LAG_100MS__R02ZF_REUSED_R02ZF_PERSON100008,R02ZF_REUSED_R02ZF_PERSON100008,1,8778,8778,False,R02ZF_REUSED_R02ZF_PERSON100008,"[[0.9751786391395285, 13.815137618902092]]",12.839958979762564,14,-250,100,False,False,False
R02ZF,R02ZF_SARF000270,270,9000,FULL_CONTEXT_OFFLINE,R02ZF_SARF000270__FULL_CONTEXT_OFFLINE__R02ZF_REUSED_R02ZF_PERSON100008,R02ZF_REUSED_R02ZF_PERSON100008,1,8778,8778,False,R02ZF_REUSED_R02ZF_PERSON100008,"[[0.9751786391395285, 13.815137618902092]]",12.839958979762564,14,-250,250,False,False,False
R02ZF,R02ZF_SARF000375,375,12500,FULL_CONTEXT_OFFLINE,R02ZF_SARF000375__FULL_CONTEXT_OFFLINE__R02ZF_REUSED_R02ZF_PERSON100009,R02ZF_REUSED_R02ZF_PERSON100009,1,12722,12722,True,R02ZF_REUSED_R02ZF_PERSON100009,"[[-21.883705024398843, -5.3439267290154575]]",16.539778295383385,10,-250,250,False,False,False
R02ZF,R02ZF_SARF000376,376,12533,FULL_CONTEXT_OFFLINE,R02ZF_SARF000376__FULL_CONTEXT_OFFLINE__R02ZF_REUSED_R02ZF_PERSON100009,R02ZF_REUSED_R02ZF_PERSON100009,1,12722,12722,True,R02ZF_REUSED_R02ZF_PERSON100009,"[[-21.883705024398843, -5.3439267290154575]]",16.539778295383385,7,-250,250,False,False,False
R02ZF,R02ZF_SARF000377,377,12567,FULL_CONTEXT_OFFLINE,R02ZF_SARF000377__FULL_CONTEXT_OFFLINE__R02ZF_REUSED_R02ZF_PERSON100009,R02ZF_REUSED_R02ZF_PERSON100009,1,12722,12722,True,R02ZF_REUSED_R02ZF_PERSON100009,"[[-21.883705024398843, -5.3439267290154575]]",16.539778295383385,13,-250,250,False,False,False
R02ZF,R02ZF_SARF000378,378,12600,FULL_CONTEXT_OFFLINE,R02ZF_SARF000378__FULL_CONTEXT_OFFLINE__R02ZF_REUSED_R02ZF_PERSON100009,R02ZF_REUSED_R02ZF_PERSON100009,1,12722,12722,True,R02ZF_REUSED_R02ZF_PERSON100009,"[[-21.883705024398843, -5.3439267290154575]]",16.539778295383385,12,-250,250,False,False,False
R02ZF,R02ZF_SARF000378,378,12600,FULL_CONTEXT_OFFLINE,R02ZF_SARF000378__FULL_CONTEXT_OFFLINE__R02ZF_REUSED_R02ZF_PERSON100010,R02ZF_REUSED_R02ZF_PERSON100010,1,12833,12833,True,R02ZF_REUSED_R02ZF_PERSON100010,"[[-13.084134760219591, 3.055663068610194]]",16.139797828829785,14,-250,250,False,False,False
R02ZF,R02ZF_SARF000379,379,12633,FIXED_LAG_100MS,R02ZF_SARF000379__FIXED_LAG_100MS__R02ZF_REUSED_R02ZF_PERSON100009,R02ZF_REUSED_R02ZF_PERSON100009,1,12722,12722,True,R02ZF_REUSED_R02ZF_PERSON100009,"[[-21.883705024398843, -5.3439267290154575]]",16.539778295383385,10,-250,100,False,False,False
R02ZF,R02ZF_SARF000379,379,12633,FULL_CONTEXT_OFFLINE,R02ZF_SARF000379__FULL_CONTEXT_OFFLINE__R02ZF_REUSED_R02ZF_PERSON100009,R02ZF_REUSED_R02ZF_PERSON100009,1,12722,12722,True,R02ZF_REUSED_R02ZF_PERSON100009,"[[-21.883705024398843, -5.3439267290154575]]",16.539778295383385,10,-250,250,False,False,False
R02ZF,R02ZF_SARF000379,379,12633,FULL_CONTEXT_OFFLINE,R02ZF_SARF000379__FULL_CONTEXT_OFFLINE__R02ZF_REUSED_R02ZF_PERSON100010,R02ZF_REUSED_R02ZF_PERSON100010,1,12833,12833,True,R02ZF_REUSED_R02ZF_PERSON100010,"[[-13.084134760219591, 3.055663068610194]]",16.139797828829785,14,-250,250,False,False,False
R02ZF,R02ZF_SARF000380,380,12667,FIXED_LAG_100MS,R02ZF_SARF000380__FIXED_LAG_100MS__R02ZF_REUSED_R02ZF_PERSON100009,R02ZF_REUSED_R02ZF_PERSON100009,1,12722,12722,True,R02ZF_REUSED_R02ZF_PERSON100009,"[[-21.883705024398843, -5.3439267290154575]]",16.539778295383385,9,-250,100,False,False,False
R02ZF,R02ZF_SARF000380,380,12667,FULL_CONTEXT_OFFLINE,R02ZF_SARF000380__FULL_CONTEXT_OFFLINE__R02ZF_REUSED_R02ZF_PERSON100009,R02ZF_REUSED_R02ZF_PERSON100009,1,12722,12722,True,R02ZF_REUSED_R02ZF_PERSON100009,"[[-21.883705024398843, -5.3439267290154575]]",16.539778295383385,9,-250,250,False,False,False
R02ZF,R02ZF_SARF000380,380,12667,FULL_CONTEXT_OFFLINE,R02ZF_SARF000380__FULL_CONTEXT_OFFLINE__R02ZF_REUSED_R02ZF_PERSON100010,R02ZF_REUSED_R02ZF_PERSON100010,1,12833,12833,True,R02ZF_REUSED_R02ZF_PERSON100010,"[[-13.084134760219591, 3.055663068610194]]",16.139797828829785,11,-250,250,False,False,False
R02ZF,R02ZF_SARF000380,380,12667,FULL_CONTEXT_OFFLINE,R02ZF_SARF000380__FULL_CONTEXT_OFFLINE__R02ZF_REUSED_R02ZF_PERSON100011,R02ZF_REUSED_R02ZF_PERSON100011,1,12889,12889,True,R02ZF_REUSED_R02ZF_PERSON100011,"[[-8.744346698113006, 7.175461874112294]]",15.9198085722253,13,-250,250,False,False,False
R02ZF,R02ZF_SARF000380,380,12667,FULL_CONTEXT_OFFLINE,R02ZF_SARF000380__FULL_CONTEXT_OFFLINE__R02ZF_REUSED_R02ZF_PERSON100012,R02ZF_REUSED_R02ZF_PERSON100012,1,12889,12889,True,R02ZF_REUSED_R02ZF_PERSON100012,"[[-8.744346698113006, 7.175461874112294]]",15.9198085722253,13,-250,250,False,False,False
R02ZF,R02ZF_SARF000381,381,12700,FIXED_LAG_100MS,R02ZF_SARF000381__FIXED_LAG_100MS__R02ZF_REUSED_R02ZF_PERSON100009,R02ZF_REUSED_R02ZF_PERSON100009,1,12722,12722,True,R02ZF_REUSED_R02ZF_PERSON100009,"[[-21.883705024398843, -5.3439267290154575]]",16.539778295383385,9,-250,100,False,False,False
R02ZF,R02ZF_SARF000381,381,12700,FULL_CONTEXT_OFFLINE,R02ZF_SARF000381__FULL_CONTEXT_OFFLINE__R02ZF_REUSED_R02ZF_PERSON100009,R02ZF_REUSED_R02ZF_PERSON100009,1,12722,12722,True,R02ZF_REUSED_R02ZF_PERSON100009,"[[-21.883705024398843, -5.3439267290154575]]",16.539778295383385,9,-250,250,False,False,False
R02ZF,R02ZF_SARF000381,381,12700,FULL_CONTEXT_OFFLINE,R02ZF_SARF000381__FULL_CONTEXT_OFFLINE__R02ZF_REUSED_R02ZF_PERSON100010,R02ZF_REUSED_R02ZF_PERSON100010,1,12833,12833,True,R02ZF_REUSED_R02ZF_PERSON100010,"[[-13.084134760219591, 3.055663068610194]]",16.139797828829785,9,-250,250,False,False,False
R02ZF,R02ZF_SARF000381,381,12700,FULL_CONTEXT_OFFLINE,R02ZF_SARF000381__FULL_CONTEXT_OFFLINE__R02ZF_REUSED_R02ZF_PERSON100011,R02ZF_REUSED_R02ZF_PERSON100011,1,12889,12889,True,R02ZF_REUSED_R02ZF_PERSON100011,"[[-8.744346698113006, 7.175461874112294]]",15.9198085722253,10,-250,250,False,False,False
R02ZF,R02ZF_SARF000381,381,12700,FULL_CONTEXT_OFFLINE,R02ZF_SARF000381__FULL_CONTEXT_OFFLINE__R02ZF_REUSED_R02ZF_PERSON100012,R02ZF_REUSED_R02ZF_PERSON100012,1,12889,12889,True,R02ZF_REUSED_R02ZF_PERSON100012,"[[-8.744346698113006, 7.175461874112294]]",15.9198085722253,10,-250,250,False,False,False
R02ZF,R02ZF_SARF000382,382,12733,CAUSAL_REPLAY,R02ZF_SARF000382__CAUSAL_REPLAY__R02ZF_REUSED_R02ZF_PERSON100009,R02ZF_REUSED_R02ZF_PERSON100009,1,12722,12722,False,R02ZF_REUSED_R02ZF_PERSON100009,"[[-21.883705024398843, -5.3439267290154575]]",16.539778295383385,9,-250,0,False,False,False
R02ZF,R02ZF_SARF000382,382,12733,FIXED_LAG_100MS,R02ZF_SARF000382__FIXED_LAG_100MS__R02ZF_REUSED_R02ZF_PERSON100009,R02ZF_REUSED_R02ZF_PERSON100009,1,12722,12722,False,R02ZF_REUSED_R02ZF_PERSON100009,"[[-21.883705024398843, -5.3439267290154575]]",16.539778295383385,9,-250,100,False,False,False
R02ZF,R02ZF_SARF000382,382,12733,FIXED_LAG_100MS,R02ZF_SARF000382__FIXED_LAG_100MS__R02ZF_REUSED_R02ZF_PERSON100010,R02ZF_REUSED_R02ZF_PERSON100010,1,12833,12833,True,R02ZF_REUSED_R02ZF_PERSON100010,"[[-13.084134760219591, 3.055663068610194]]",16.139797828829785,10,-250,100,False,False,False
R02ZF,R02ZF_SARF000382,382,12733,FULL_CONTEXT_OFFLINE,R02ZF_SARF000382__FULL_CONTEXT_OFFLINE__R02ZF_REUSED_R02ZF_PERSON100009,R02ZF_REUSED_R02ZF_PERSON100009,1,12722,12722,False,R02ZF_REUSED_R02ZF_PERSON100009,"[[-21.883705024398843, -5.3439267290154575]]",16.539778295383385,9,-250,250,False,False,False
R02ZF,R02ZF_SARF000382,382,12733,FULL_CONTEXT_OFFLINE,R02ZF_SARF000382__FULL_CONTEXT_OFFLINE__R02ZF_REUSED_R02ZF_PERSON100010,R02ZF_REUSED_R02ZF_PERSON100010,1,12833,12833,True,R02ZF_REUSED_R02ZF_PERSON100010,"[[-13.084134760219591, 3.055663068610194]]",16.139797828829785,10,-250,250,False,False,False
R02ZF,R02ZF_SARF000382,382,12733,FULL_CONTEXT_OFFLINE,R02ZF_SARF000382__FULL_CONTEXT_OFFLINE__R02ZF_REUSED_R02ZF_PERSON100011,R02ZF_REUSED_R02ZF_PERSON100011,1,12889,12889,True,R02ZF_REUSED_R02ZF_PERSON100011,"[[-8.744346698113006, 7.175461874112294]]",15.9198085722253,12,-250,250,False,False,False
R02ZF,R02ZF_SARF000382,382,12733,FULL_CONTEXT_OFFLINE,R02ZF_SARF000382__FULL_CONTEXT_OFFLINE__R02ZF_REUSED_R02ZF_PERSON100012,R02ZF_REUSED_R02ZF_PERSON100012,1,12889,12889,True,R02ZF_REUSED_R02ZF_PERSON100012,"[[-8.744346698113006, 7.175461874112294]]",15.9198085722253,12,-250,250,False,False,False
R02ZF,R02ZF_SARF000383,383,12767,CAUSAL_REPLAY,R02ZF_SARF000383__CAUSAL_REPLAY__R02ZF_REUSED_R02ZF_PERSON100009,R02ZF_REUSED_R02ZF_PERSON100009,1,12722,12722,False,R02ZF_REUSED_R02ZF_PERSON100009,"[[-21.883705024398843, -5.3439267290154575]]",16.539778295383385,10,-250,0,False,False,False
R02ZF,R02ZF_SARF000383,383,12767,FIXED_LAG_100MS,R02ZF_SARF000383__FIXED_LAG_100MS__R02ZF_REUSED_R02ZF_PERSON100009,R02ZF_REUSED_R02ZF_PERSON100009,1,12722,12722,False,R02ZF_REUSED_R02ZF_PERSON100009,"[[-21.883705024398843, -5.3439267290154575]]",16.539778295383385,10,-250,100,False,False,False
R02ZF,R02ZF_SARF000383,383,12767,FIXED_LAG_100MS,R02ZF_SARF000383__FIXED_LAG_100MS__R02ZF_REUSED_R02ZF_PERSON100010,R02ZF_REUSED_R02ZF_PERSON100010,1,12833,12833,True,R02ZF_REUSED_R02ZF_PERSON100010,"[[-13.084134760219591, 3.055663068610194]]",16.139797828829785,9,-250,100,False,False,False
R02ZF,R02ZF_SARF000383,383,12767,FULL_CONTEXT_OFFLINE,R02ZF_SARF000383__FULL_CONTEXT_OFFLINE__R02ZF_REUSED_R02ZF_PERSON100009,R02ZF_REUSED_R02ZF_PERSON100009,1,12722,12722,False,R02ZF_REUSED_R02ZF_PERSON100009,"[[-21.883705024398843, -5.3439267290154575]]",16.539778295383385,10,-250,250,False,False,False
R02ZF,R02ZF_SARF000383,383,12767,FULL_CONTEXT_OFFLINE,R02ZF_SARF000383__FULL_CONTEXT_OFFLINE__R02ZF_REUSED_R02ZF_PERSON100010,R02ZF_REUSED_R02ZF_PERSON100010,1,12833,12833,True,R02ZF_REUSED_R02ZF_PERSON100010,"[[-13.084134760219591, 3.055663068610194]]",16.139797828829785,9,-250,250,False,False,False
R02ZF,R02ZF_SARF000383,383,12767,FULL_CONTEXT_OFFLINE,R02ZF_SARF000383__FULL_CONTEXT_OFFLINE__R02ZF_REUSED_R02ZF_PERSON100011,R02ZF_REUSED_R02ZF_PERSON100011,1,12889,12889,True,R02ZF_REUSED_R02ZF_PERSON100011,"[[-8.744346698113006, 7.175461874112294]]",15.9198085722253,12,-250,250,False,False,False
R02ZF,R02ZF_SARF000383,383,12767,FULL_CONTEXT_OFFLINE,R02ZF_SARF000383__FULL_CONTEXT_OFFLINE__R02ZF_REUSED_R02ZF_PERSON100012,R02ZF_REUSED_R02ZF_PERSON100012,1,12889,12889,True,R02ZF_REUSED_R02ZF_PERSON100012,"[[-8.744346698113006, 7.175461874112294]]",15.9198085722253,12,-250,250,False,False,False
R02ZF,R02ZF_SARF000384,384,12800,CAUSAL_REPLAY,R02ZF_SARF000384__CAUSAL_REPLAY__R02ZF_REUSED_R02ZF_PERSON100009,R02ZF_REUSED_R02ZF_PERSON100009,1,12722,12722,False,R02ZF_REUSED_R02ZF_PERSON100009,"[[-21.883705024398843, -5.3439267290154575]]",16.539778295383385,8,-250,0,False,False,False
R02ZF,R02ZF_SARF000384,384,12800,FIXED_LAG_100MS,R02ZF_SARF000384__FIXED_LAG_100MS__R02ZF_REUSED_R02ZF_PERSON100009,R02ZF_REUSED_R02ZF_PERSON100009,1,12722,12722,False,R02ZF_REUSED_R02ZF_PERSON100009,"[[-21.883705024398843, -5.3439267290154575]]",16.539778295383385,8,-250,100,False,False,False
R02ZF,R02ZF_SARF000384,384,12800,FIXED_LAG_100MS,R02ZF_SARF000384__FIXED_LAG_100MS__R02ZF_REUSED_R02ZF_PERSON100010,R02ZF_REUSED_R02ZF_PERSON100010,1,12833,12833,True,R02ZF_REUSED_R02ZF_PERSON100010,"[[-13.084134760219591, 3.055663068610194]]",16.139797828829785,12,-250,100,False,False,False
R02ZF,R02ZF_SARF000384,384,12800,FIXED_LAG_100MS,R02ZF_SARF000384__FIXED_LAG_100MS__R02ZF_REUSED_R02ZF_PERSON100011,R02ZF_REUSED_R02ZF_PERSON100011,1,12889,12889,True,R02ZF_REUSED_R02ZF_PERSON100011,"[[-8.744346698113006, 7.175461874112294]]",15.9198085722253,15,-250,100,False,False,False
R02ZF,R02ZF_SARF000384,384,12800,FIXED_LAG_100MS,R02ZF_SARF000384__FIXED_LAG_100MS__R02ZF_REUSED_R02ZF_PERSON100012,R02ZF_REUSED_R02ZF_PERSON100012,1,12889,12889,True,R02ZF_REUSED_R02ZF_PERSON100012,"[[-8.744346698113006, 7.175461874112294]]",15.9198085722253,15,-250,100,False,False,False
R02ZF,R02ZF_SARF000384,384,12800,FULL_CONTEXT_OFFLINE,R02ZF_SARF000384__FULL_CONTEXT_OFFLINE__R02ZF_REUSED_R02ZF_PERSON100009,R02ZF_REUSED_R02ZF_PERSON100009,1,12722,12722,False,R02ZF_REUSED_R02ZF_PERSON100009,"[[-21.883705024398843, -5.3439267290154575]]",16.539778295383385,8,-250,250,False,False,False
R02ZF,R02ZF_SARF000384,384,12800,FULL_CONTEXT_OFFLINE,R02ZF_SARF000384__FULL_CONTEXT_OFFLINE__R02ZF_REUSED_R02ZF_PERSON100010,R02ZF_REUSED_R02ZF_PERSON100010,1,12833,12833,True,R02ZF_REUSED_R02ZF_PERSON100010,"[[-13.084134760219591, 3.055663068610194]]",16.139797828829785,12,-250,250,False,False,False
R02ZF,R02ZF_SARF000384,384,12800,FULL_CONTEXT_OFFLINE,R02ZF_SARF000384__FULL_CONTEXT_OFFLINE__R02ZF_REUSED_R02ZF_PERSON100011,R02ZF_REUSED_R02ZF_PERSON100011,1,12889,12889,True,R02ZF_REUSED_R02ZF_PERSON100011,"[[-8.744346698113006, 7.175461874112294]]",15.9198085722253,15,-250,250,False,False,False
R02ZF,R02ZF_SARF000384,384,12800,FULL_CONTEXT_OFFLINE,R02ZF_SARF000384__FULL_CONTEXT_OFFLINE__R02ZF_REUSED_R02ZF_PERSON100012,R02ZF_REUSED_R02ZF_PERSON100012,1,12889,12889,True,R02ZF_REUSED_R02ZF_PERSON100012,"[[-8.744346698113006, 7.175461874112294]]",15.9198085722253,15,-250,250,False,False,False
R02ZF,R02ZF_SARF000385,385,12833,CAUSAL_REPLAY,R02ZF_SARF000385__CAUSAL_REPLAY__R02ZF_REUSED_R02ZF_PERSON100009,R02ZF_REUSED_R02ZF_PERSON100009,1,12722,12722,False,R02ZF_REUSED_R02ZF_PERSON100009,"[[-21.883705024398843, -5.3439267290154575]]",16.539778295383385,11,-250,0,False,False,False
R02ZF,R02ZF_SARF000385,385,12833,CAUSAL_REPLAY,R02ZF_SARF000385__CAUSAL_REPLAY__R02ZF_REUSED_R02ZF_PERSON100010,R02ZF_REUSED_R02ZF_PERSON100010,1,12833,12833,False,R02ZF_REUSED_R02ZF_PERSON100010,"[[-13.084134760219591, 3.055663068610194]]",16.139797828829785,12,-250,0,False,False,False
R02ZF,R02ZF_SARF000385,385,12833,FIXED_LAG_100MS,R02ZF_SARF000385__FIXED_LAG_100MS__R02ZF_REUSED_R02ZF_PERSON100009,R02ZF_REUSED_R02ZF_PERSON100009,1,12722,12722,False,R02ZF_REUSED_R02ZF_PERSON100009,"[[-21.883705024398843, -5.3439267290154575]]",16.539778295383385,11,-250,100,False,False,False
R02ZF,R02ZF_SARF000385,385,12833,FIXED_LAG_100MS,R02ZF_SARF000385__FIXED_LAG_100MS__R02ZF_REUSED_R02ZF_PERSON100010,R02ZF_REUSED_R02ZF_PERSON100010,1,12833,12833,False,R02ZF_REUSED_R02ZF_PERSON100010,"[[-13.084134760219591, 3.055663068610194]]",16.139797828829785,12,-250,100,False,False,False
R02ZF,R02ZF_SARF000385,385,12833,FIXED_LAG_100MS,R02ZF_SARF000385__FIXED_LAG_100MS__R02ZF_REUSED_R02ZF_PERSON100011,R02ZF_REUSED_R02ZF_PERSON100011,1,12889,12889,True,R02ZF_REUSED_R02ZF_PERSON100011,"[[-8.744346698113006, 7.175461874112294]]",15.9198085722253,15,-250,100,False,False,False
R02ZF,R02ZF_SARF000385,385,12833,FIXED_LAG_100MS,R02ZF_SARF000385__FIXED_LAG_100MS__R02ZF_REUSED_R02ZF_PERSON100012,R02ZF_REUSED_R02ZF_PERSON100012,1,12889,12889,True,R02ZF_REUSED_R02ZF_PERSON100012,"[[-8.744346698113006, 7.175461874112294]]",15.9198085722253,15,-250,100,False,False,False
R02ZF,R02ZF_SARF000385,385,12833,FULL_CONTEXT_OFFLINE,R02ZF_SARF000385__FULL_CONTEXT_OFFLINE__R02ZF_REUSED_R02ZF_PERSON100009,R02ZF_REUSED_R02ZF_PERSON100009,1,12722,12722,False,R02ZF_REUSED_R02ZF_PERSON100009,"[[-21.883705024398843, -5.3439267290154575]]",16.539778295383385,11,-250,250,False,False,False
R02ZF,R02ZF_SARF000385,385,12833,FULL_CONTEXT_OFFLINE,R02ZF_SARF000385__FULL_CONTEXT_OFFLINE__R02ZF_REUSED_R02ZF_PERSON100010,R02ZF_REUSED_R02ZF_PERSON100010,1,12833,12833,False,R02ZF_REUSED_R02ZF_PERSON100010,"[[-13.084134760219591, 3.055663068610194]]",16.139797828829785,12,-250,250,False,False,False
R02ZF,R02ZF_SARF000385,385,12833,FULL_CONTEXT_OFFLINE,R02ZF_SARF000385__FULL_CONTEXT_OFFLINE__R02ZF_REUSED_R02ZF_PERSON100011,R02ZF_REUSED_R02ZF_PERSON100011,1,12889,12889,True,R02ZF_REUSED_R02ZF_PERSON100011,"[[-8.744346698113006, 7.175461874112294]]",15.9198085722253,15,-250,250,False,False,False
R02ZF,R02ZF_SARF000385,385,12833,FULL_CONTEXT_OFFLINE,R02ZF_SARF000385__FULL_CONTEXT_OFFLINE__R02ZF_REUSED_R02ZF_PERSON100012,R02ZF_REUSED_R02ZF_PERSON100012,1,12889,12889,True,R02ZF_REUSED_R02ZF_PERSON100012,"[[-8.744346698113006, 7.175461874112294]]",15.9198085722253,15,-250,250,False,False,False
R02ZF,R02ZF_SARF000386,386,12867,CAUSAL_REPLAY,R02ZF_SARF000386__CAUSAL_REPLAY__R02ZF_REUSED_R02ZF_PERSON100009,R02ZF_REUSED_R02ZF_PERSON100009,1,12722,12722,False,R02ZF_REUSED_R02ZF_PERSON100009,"[[-21.883705024398843, -5.3439267290154575]]",16.539778295383385,7,-250,0,False,False,False
R02ZF,R02ZF_SARF000386,386,12867,CAUSAL_REPLAY,R02ZF_SARF000386__CAUSAL_REPLAY__R02ZF_REUSED_R02ZF_PERSON100010,R02ZF_REUSED_R02ZF_PERSON100010,1,12833,12833,False,R02ZF_REUSED_R02ZF_PERSON100010,"[[-13.084134760219591, 3.055663068610194]]",16.139797828829785,11,-250,0,False,False,False
R02ZF,R02ZF_SARF000386,386,12867,FIXED_LAG_100MS,R02ZF_SARF000386__FIXED_LAG_100MS__R02ZF_REUSED_R02ZF_PERSON100009,R02ZF_REUSED_R02ZF_PERSON100009,1,12722,12722,False,R02ZF_REUSED_R02ZF_PERSON100009,"[[-21.883705024398843, -5.3439267290154575]]",16.539778295383385,7,-250,100,False,False,False
R02ZF,R02ZF_SARF000386,386,12867,FIXED_LAG_100MS,R02ZF_SARF000386__FIXED_LAG_100MS__R02ZF_REUSED_R02ZF_PERSON100010,R02ZF_REUSED_R02ZF_PERSON100010,1,12833,12833,False,R02ZF_REUSED_R02ZF_PERSON100010,"[[-13.084134760219591, 3.055663068610194]]",16.139797828829785,11,-250,100,False,False,False
R02ZF,R02ZF_SARF000386,386,12867,FIXED_LAG_100MS,R02ZF_SARF000386__FIXED_LAG_100MS__R02ZF_REUSED_R02ZF_PERSON100011,R02ZF_REUSED_R02ZF_PERSON100011,1,12889,12889,True,R02ZF_REUSED_R02ZF_PERSON100011,"[[-8.744346698113006, 7.175461874112294]]",15.9198085722253,12,-250,100,False,False,False
R02ZF,R02ZF_SARF000386,386,12867,FIXED_LAG_100MS,R02ZF_SARF000386__FIXED_LAG_100MS__R02ZF_REUSED_R02ZF_PERSON100012,R02ZF_REUSED_R02ZF_PERSON100012,1,12889,12889,True,R02ZF_REUSED_R02ZF_PERSON100012,"[[-8.744346698113006, 7.175461874112294]]",15.9198085722253,12,-250,100,False,False,False
R02ZF,R02ZF_SARF000386,386,12867,FULL_CONTEXT_OFFLINE,R02ZF_SARF000386__FULL_CONTEXT_OFFLINE__R02ZF_REUSED_R02ZF_PERSON100009,R02ZF_REUSED_R02ZF_PERSON100009,1,12722,12722,False,R02ZF_REUSED_R02ZF_PERSON100009,"[[-21.883705024398843, -5.3439267290154575]]",16.539778295383385,7,-250,250,False,False,False
R02ZF,R02ZF_SARF000386,386,12867,FULL_CONTEXT_OFFLINE,R02ZF_SARF000386__FULL_CONTEXT_OFFLINE__R02ZF_REUSED_R02ZF_PERSON100010,R02ZF_REUSED_R02ZF_PERSON100010,1,12833,12833,False,R02ZF_REUSED_R02ZF_PERSON100010,"[[-13.084134760219591, 3.055663068610194]]",16.139797828829785,11,-250,250,False,False,False
R02ZF,R02ZF_SARF000386,386,12867,FULL_CONTEXT_OFFLINE,R02ZF_SARF000386__FULL_CONTEXT_OFFLINE__R02ZF_REUSED_R02ZF_PERSON100011,R02ZF_REUSED_R02ZF_PERSON100011,1,12889,12889,True,R02ZF_REUSED_R02ZF_PERSON100011,"[[-8.744346698113006, 7.175461874112294]]",15.9198085722253,12,-250,250,False,False,False
R02ZF,R02ZF_SARF000386,386,12867,FULL_CONTEXT_OFFLINE,R02ZF_SARF000386__FULL_CONTEXT_OFFLINE__R02ZF_REUSED_R02ZF_PERSON100012,R02ZF_REUSED_R02ZF_PERSON100012,1,12889,12889,True,R02ZF_REUSED_R02ZF_PERSON100012,"[[-8.744346698113006, 7.175461874112294]]",15.9198085722253,12,-250,250,False,False,False
R02ZF,R02ZF_SARF000387,387,12900,CAUSAL_REPLAY,R02ZF_SARF000387__CAUSAL_REPLAY__R02ZF_REUSED_R02ZF_PERSON100009,R02ZF_REUSED_R02ZF_PERSON100009,1,12722,12722,False,R02ZF_REUSED_R02ZF_PERSON100009,"[[-21.883705024398843, -5.3439267290154575]]",16.539778295383385,7,-250,0,False,False,False
R02ZF,R02ZF_SARF000387,387,12900,CAUSAL_REPLAY,R02ZF_SARF000387__CAUSAL_REPLAY__R02ZF_REUSED_R02ZF_PERSON100010,R02ZF_REUSED_R02ZF_PERSON100010,1,12833,12833,False,R02ZF_REUSED_R02ZF_PERSON100010,"[[-13.084134760219591, 3.055663068610194]]",16.139797828829785,9,-250,0,False,False,False
R02ZF,R02ZF_SARF000387,387,12900,CAUSAL_REPLAY,R02ZF_SARF000387__CAUSAL_REPLAY__R02ZF_REUSED_R02ZF_PERSON100011,R02ZF_REUSED_R02ZF_PERSON100011,1,12889,12889,False,R02ZF_REUSED_R02ZF_PERSON100011,"[[-8.744346698113006, 7.175461874112294]]",15.9198085722253,10,-250,0,False,False,False
R02ZF,R02ZF_SARF000387,387,12900,CAUSAL_REPLAY,R02ZF_SARF000387__CAUSAL_REPLAY__R02ZF_REUSED_R02ZF_PERSON100012,R02ZF_REUSED_R02ZF_PERSON100012,1,12889,12889,False,R02ZF_REUSED_R02ZF_PERSON100012,"[[-8.744346698113006, 7.175461874112294]]",15.9198085722253,10,-250,0,False,False,False
R02ZF,R02ZF_SARF000387,387,12900,FIXED_LAG_100MS,R02ZF_SARF000387__FIXED_LAG_100MS__R02ZF_REUSED_R02ZF_PERSON100009,R02ZF_REUSED_R02ZF_PERSON100009,1,12722,12722,False,R02ZF_REUSED_R02ZF_PERSON100009,"[[-21.883705024398843, -5.3439267290154575]]",16.539778295383385,7,-250,100,False,False,False
R02ZF,R02ZF_SARF000387,387,12900,FIXED_LAG_100MS,R02ZF_SARF000387__FIXED_LAG_100MS__R02ZF_REUSED_R02ZF_PERSON100010,R02ZF_REUSED_R02ZF_PERSON100010,1,12833,12833,False,R02ZF_REUSED_R02ZF_PERSON100010,"[[-13.084134760219591, 3.055663068610194]]",16.139797828829785,9,-250,100,False,False,False
R02ZF,R02ZF_SARF000387,387,12900,FIXED_LAG_100MS,R02ZF_SARF000387__FIXED_LAG_100MS__R02ZF_REUSED_R02ZF_PERSON100011,R02ZF_REUSED_R02ZF_PERSON100011,1,12889,12889,False,R02ZF_REUSED_R02ZF_PERSON100011,"[[-8.744346698113006, 7.175461874112294]]",15.9198085722253,10,-250,100,False,False,False
R02ZF,R02ZF_SARF000387,387,12900,FIXED_LAG_100MS,R02ZF_SARF000387__FIXED_LAG_100MS__R02ZF_REUSED_R02ZF_PERSON100012,R02ZF_REUSED_R02ZF_PERSON100012,1,12889,12889,False,R02ZF_REUSED_R02ZF_PERSON100012,"[[-8.744346698113006, 7.175461874112294]]",15.9198085722253,10,-250,100,False,False,False
R02ZF,R02ZF_SARF000387,387,12900,FULL_CONTEXT_OFFLINE,R02ZF_SARF000387__FULL_CONTEXT_OFFLINE__R02ZF_REUSED_R02ZF_PERSON100009,R02ZF_REUSED_R02ZF_PERSON100009,1,12722,12722,False,R02ZF_REUSED_R02ZF_PERSON100009,"[[-21.883705024398843, -5.3439267290154575]]",16.539778295383385,7,-250,250,False,False,False
R02ZF,R02ZF_SARF000387,387,12900,FULL_CONTEXT_OFFLINE,R02ZF_SARF000387__FULL_CONTEXT_OFFLINE__R02ZF_REUSED_R02ZF_PERSON100010,R02ZF_REUSED_R02ZF_PERSON100010,1,12833,12833,False,R02ZF_REUSED_R02ZF_PERSON100010,"[[-13.084134760219591, 3.055663068610194]]",16.139797828829785,9,-250,250,False,False,False
R02ZF,R02ZF_SARF000387,387,12900,FULL_CONTEXT_OFFLINE,R02ZF_SARF000387__FULL_CONTEXT_OFFLINE__R02ZF_REUSED_R02ZF_PERSON100011,R02ZF_REUSED_R02ZF_PERSON100011,1,12889,12889,False,R02ZF_REUSED_R02ZF_PERSON100011,"[[-8.744346698113006, 7.175461874112294]]",15.9198085722253,10,-250,250,False,False,False
R02ZF,R02ZF_SARF000387,387,12900,FULL_CONTEXT_OFFLINE,R02ZF_SARF000387__FULL_CONTEXT_OFFLINE__R02ZF_REUSED_R02ZF_PERSON100012,R02ZF_REUSED_R02ZF_PERSON100012,1,12889,12889,False,R02ZF_REUSED_R02ZF_PERSON100012,"[[-8.744346698113006, 7.175461874112294]]",15.9198085722253,10,-250,250,False,False,False
R02ZF,R02ZF_SARF000388,388,12933,CAUSAL_REPLAY,R02ZF_SARF000388__CAUSAL_REPLAY__R02ZF_REUSED_R02ZF_PERSON100009,R02ZF_REUSED_R02ZF_PERSON100009,1,12722,12722,False,R02ZF_REUSED_R02ZF_PERSON100009,"[[-21.883705024398843, -5.3439267290154575]]",16.539778295383385,9,-250,0,False,False,False
R02ZF,R02ZF_SARF000388,388,12933,CAUSAL_REPLAY,R02ZF_SARF000388__CAUSAL_REPLAY__R02ZF_REUSED_R02ZF_PERSON100010,R02ZF_REUSED_R02ZF_PERSON100010,1,12833,12833,False,R02ZF_REUSED_R02ZF_PERSON100010,"[[-13.084134760219591, 3.055663068610194]]",16.139797828829785,9,-250,0,False,False,False
R02ZF,R02ZF_SARF000388,388,12933,CAUSAL_REPLAY,R02ZF_SARF000388__CAUSAL_REPLAY__R02ZF_REUSED_R02ZF_PERSON100011,R02ZF_REUSED_R02ZF_PERSON100011,1,12889,12889,False,R02ZF_REUSED_R02ZF_PERSON100011,"[[-8.744346698113006, 7.175461874112294]]",15.9198085722253,10,-250,0,False,False,False
R02ZF,R02ZF_SARF000388,388,12933,CAUSAL_REPLAY,R02ZF_SARF000388__CAUSAL_REPLAY__R02ZF_REUSED_R02ZF_PERSON100012,R02ZF_REUSED_R02ZF_PERSON100012,1,12889,12889,False,R02ZF_REUSED_R02ZF_PERSON100012,"[[-8.744346698113006, 7.175461874112294]]",15.9198085722253,10,-250,0,False,False,False
R02ZF,R02ZF_SARF000388,388,12933,FIXED_LAG_100MS,R02ZF_SARF000388__FIXED_LAG_100MS__R02ZF_REUSED_R02ZF_PERSON100009,R02ZF_REUSED_R02ZF_PERSON100009,1,12722,12722,False,R02ZF_REUSED_R02ZF_PERSON100009,"[[-21.883705024398843, -5.3439267290154575]]",16.539778295383385,9,-250,100,False,False,False
R02ZF,R02ZF_SARF000388,388,12933,FIXED_LAG_100MS,R02ZF_SARF000388__FIXED_LAG_100MS__R02ZF_REUSED_R02ZF_PERSON100010,R02ZF_REUSED_R02ZF_PERSON100010,1,12833,12833,False,R02ZF_REUSED_R02ZF_PERSON100010,"[[-13.084134760219591, 3.055663068610194]]",16.139797828829785,9,-250,100,False,False,False
R02ZF,R02ZF_SARF000388,388,12933,FIXED_LAG_100MS,R02ZF_SARF000388__FIXED_LAG_100MS__R02ZF_REUSED_R02ZF_PERSON100011,R02ZF_REUSED_R02ZF_PERSON100011,1,12889,12889,False,R02ZF_REUSED_R02ZF_PERSON100011,"[[-8.744346698113006, 7.175461874112294]]",15.9198085722253,10,-250,100,False,False,False
R02ZF,R02ZF_SARF000388,388,12933,FIXED_LAG_100MS,R02ZF_SARF000388__FIXED_LAG_100MS__R02ZF_REUSED_R02ZF_PERSON100012,R02ZF_REUSED_R02ZF_PERSON100012,1,12889,12889,False,R02ZF_REUSED_R02ZF_PERSON100012,"[[-8.744346698113006, 7.175461874112294]]",15.9198085722253,10,-250,100,False,False,False
R02ZF,R02ZF_SARF000388,388,12933,FULL_CONTEXT_OFFLINE,R02ZF_SARF000388__FULL_CONTEXT_OFFLINE__R02ZF_REUSED_R02ZF_PERSON100009,R02ZF_REUSED_R02ZF_PERSON100009,1,12722,12722,False,R02ZF_REUSED_R02ZF_PERSON100009,"[[-21.883705024398843, -5.3439267290154575]]",16.539778295383385,9,-250,250,False,False,False
R02ZF,R02ZF_SARF000388,388,12933,FULL_CONTEXT_OFFLINE,R02ZF_SARF000388__FULL_CONTEXT_OFFLINE__R02ZF_REUSED_R02ZF_PERSON100010,R02ZF_REUSED_R02ZF_PERSON100010,1,12833,12833,False,R02ZF_REUSED_R02ZF_PERSON100010,"[[-13.084134760219591, 3.055663068610194]]",16.139797828829785,9,-250,250,False,False,False
R02ZF,R02ZF_SARF000388,388,12933,FULL_CONTEXT_OFFLINE,R02ZF_SARF000388__FULL_CONTEXT_OFFLINE__R02ZF_REUSED_R02ZF_PERSON100011,R02ZF_REUSED_R02ZF_PERSON100011,1,12889,12889,False,R02ZF_REUSED_R02ZF_PERSON100011,"[[-8.744346698113006, 7.175461874112294]]",15.9198085722253,10,-250,250,False,False,False
R02ZF,R02ZF_SARF000388,388,12933,FULL_CONTEXT_OFFLINE,R02ZF_SARF000388__FULL_CONTEXT_OFFLINE__R02ZF_REUSED_R02ZF_PERSON100012,R02ZF_REUSED_R02ZF_PERSON100012,1,12889,12889,False,R02ZF_REUSED_R02ZF_PERSON100012,"[[-8.744346698113006, 7.175461874112294]]",15.9198085722253,10,-250,250,False,False,False
R02ZF,R02ZF_SARF000389,389,12967,CAUSAL_REPLAY,R02ZF_SARF000389__CAUSAL_REPLAY__R02ZF_REUSED_R02ZF_PERSON100009,R02ZF_REUSED_R02ZF_PERSON100009,1,12722,12722,False,R02ZF_REUSED_R02ZF_PERSON100009,"[[-21.883705024398843, -5.3439267290154575]]",16.539778295383385,7,-250,0,False,False,False
R02ZF,R02ZF_SARF000389,389,12967,CAUSAL_REPLAY,R02ZF_SARF000389__CAUSAL_REPLAY__R02ZF_REUSED_R02ZF_PERSON100010,R02ZF_REUSED_R02ZF_PERSON100010,1,12833,12833,False,R02ZF_REUSED_R02ZF_PERSON100010,"[[-13.084134760219591, 3.055663068610194]]",16.139797828829785,10,-250,0,False,False,False
R02ZF,R02ZF_SARF000389,389,12967,CAUSAL_REPLAY,R02ZF_SARF000389__CAUSAL_REPLAY__R02ZF_REUSED_R02ZF_PERSON100011,R02ZF_REUSED_R02ZF_PERSON100011,1,12889,12889,False,R02ZF_REUSED_R02ZF_PERSON100011,"[[-8.744346698113006, 7.175461874112294]]",15.9198085722253,10,-250,0,False,False,False
R02ZF,R02ZF_SARF000389,389,12967,CAUSAL_REPLAY,R02ZF_SARF000389__CAUSAL_REPLAY__R02ZF_REUSED_R02ZF_PERSON100012,R02ZF_REUSED_R02ZF_PERSON100012,1,12889,12889,False,R02ZF_REUSED_R02ZF_PERSON100012,"[[-8.744346698113006, 7.175461874112294]]",15.9198085722253,10,-250,0,False,False,False
R02ZF,R02ZF_SARF000389,389,12967,FIXED_LAG_100MS,R02ZF_SARF000389__FIXED_LAG_100MS__R02ZF_REUSED_R02ZF_PERSON100009,R02ZF_REUSED_R02ZF_PERSON100009,1,12722,12722,False,R02ZF_REUSED_R02ZF_PERSON100009,"[[-21.883705024398843, -5.3439267290154575]]",16.539778295383385,7,-250,100,False,False,False
R02ZF,R02ZF_SARF000389,389,12967,FIXED_LAG_100MS,R02ZF_SARF000389__FIXED_LAG_100MS__R02ZF_REUSED_R02ZF_PERSON100010,R02ZF_REUSED_R02ZF_PERSON100010,1,12833,12833,False,R02ZF_REUSED_R02ZF_PERSON100010,"[[-13.084134760219591, 3.055663068610194]]",16.139797828829785,10,-250,100,False,False,False
R02ZF,R02ZF_SARF000389,389,12967,FIXED_LAG_100MS,R02ZF_SARF000389__FIXED_LAG_100MS__R02ZF_REUSED_R02ZF_PERSON100011,R02ZF_REUSED_R02ZF_PERSON100011,1,12889,12889,False,R02ZF_REUSED_R02ZF_PERSON100011,"[[-8.744346698113006, 7.175461874112294]]",15.9198085722253,10,-250,100,False,False,False
R02ZF,R02ZF_SARF000389,389,12967,FIXED_LAG_100MS,R02ZF_SARF000389__FIXED_LAG_100MS__R02ZF_REUSED_R02ZF_PERSON100012,R02ZF_REUSED_R02ZF_PERSON100012,1,12889,12889,False,R02ZF_REUSED_R02ZF_PERSON100012,"[[-8.744346698113006, 7.175461874112294]]",15.9198085722253,10,-250,100,False,False,False
R02ZF,R02ZF_SARF000389,389,12967,FULL_CONTEXT_OFFLINE,R02ZF_SARF000389__FULL_CONTEXT_OFFLINE__R02ZF_REUSED_R02ZF_PERSON100009,R02ZF_REUSED_R02ZF_PERSON100009,1,12722,12722,False,R02ZF_REUSED_R02ZF_PERSON100009,"[[-21.883705024398843, -5.3439267290154575]]",16.539778295383385,7,-250,250,False,False,False
R02ZF,R02ZF_SARF000389,389,12967,FULL_CONTEXT_OFFLINE,R02ZF_SARF000389__FULL_CONTEXT_OFFLINE__R02ZF_REUSED_R02ZF_PERSON100010,R02ZF_REUSED_R02ZF_PERSON100010,1,12833,12833,False,R02ZF_REUSED_R02ZF_PERSON100010,"[[-13.084134760219591, 3.055663068610194]]",16.139797828829785,10,-250,250,False,False,False
R02ZF,R02ZF_SARF000389,389,12967,FULL_CONTEXT_OFFLINE,R02ZF_SARF000389__FULL_CONTEXT_OFFLINE__R02ZF_REUSED_R02ZF_PERSON100011,R02ZF_REUSED_R02ZF_PERSON100011,1,12889,12889,False,R02ZF_REUSED_R02ZF_PERSON100011,"[[-8.744346698113006, 7.175461874112294]]",15.9198085722253,10,-250,250,False,False,False
R02ZF,R02ZF_SARF000389,389,12967,FULL_CONTEXT_OFFLINE,R02ZF_SARF000389__FULL_CONTEXT_OFFLINE__R02ZF_REUSED_R02ZF_PERSON100012,R02ZF_REUSED_R02ZF_PERSON100012,1,12889,12889,False,R02ZF_REUSED_R02ZF_PERSON100012,"[[-8.744346698113006, 7.175461874112294]]",15.9198085722253,10,-250,250,False,False,False
R02ZF,R02ZF_SARF000390,390,13000,CAUSAL_REPLAY,R02ZF_SARF000390__CAUSAL_REPLAY__R02ZF_REUSED_R02ZF_PERSON100010,R02ZF_REUSED_R02ZF_PERSON100010,1,12833,12833,False,R02ZF_REUSED_R02ZF_PERSON100010,"[[-13.084134760219591, 3.055663068610194]]",16.139797828829785,12,-250,0,False,False,False
R02ZF,R02ZF_SARF000390,390,13000,CAUSAL_REPLAY,R02ZF_SARF000390__CAUSAL_REPLAY__R02ZF_REUSED_R02ZF_PERSON100011,R02ZF_REUSED_R02ZF_PERSON100011,1,12889,12889,False,R02ZF_REUSED_R02ZF_PERSON100011,"[[-8.744346698113006, 7.175461874112294]]",15.9198085722253,12,-250,0,False,False,False
R02ZF,R02ZF_SARF000390,390,13000,CAUSAL_REPLAY,R02ZF_SARF000390__CAUSAL_REPLAY__R02ZF_REUSED_R02ZF_PERSON100012,R02ZF_REUSED_R02ZF_PERSON100012,1,12889,12889,False,R02ZF_REUSED_R02ZF_PERSON100012,"[[-8.744346698113006, 7.175461874112294]]",15.9198085722253,12,-250,0,False,False,False
R02ZF,R02ZF_SARF000390,390,13000,FIXED_LAG_100MS,R02ZF_SARF000390__FIXED_LAG_100MS__R02ZF_REUSED_R02ZF_PERSON100010,R02ZF_REUSED_R02ZF_PERSON100010,1,12833,12833,False,R02ZF_REUSED_R02ZF_PERSON100010,"[[-13.084134760219591, 3.055663068610194]]",16.139797828829785,12,-250,100,False,False,False
R02ZF,R02ZF_SARF000390,390,13000,FIXED_LAG_100MS,R02ZF_SARF000390__FIXED_LAG_100MS__R02ZF_REUSED_R02ZF_PERSON100011,R02ZF_REUSED_R02ZF_PERSON100011,1,12889,12889,False,R02ZF_REUSED_R02ZF_PERSON100011,"[[-8.744346698113006, 7.175461874112294]]",15.9198085722253,12,-250,100,False,False,False
R02ZF,R02ZF_SARF000390,390,13000,FIXED_LAG_100MS,R02ZF_SARF000390__FIXED_LAG_100MS__R02ZF_REUSED_R02ZF_PERSON100012,R02ZF_REUSED_R02ZF_PERSON100012,1,12889,12889,False,R02ZF_REUSED_R02ZF_PERSON100012,"[[-8.744346698113006, 7.175461874112294]]",15.9198085722253,12,-250,100,False,False,False
R02ZF,R02ZF_SARF000390,390,13000,FULL_CONTEXT_OFFLINE,R02ZF_SARF000390__FULL_CONTEXT_OFFLINE__R02ZF_REUSED_R02ZF_PERSON100010,R02ZF_REUSED_R02ZF_PERSON100010,1,12833,12833,False,R02ZF_REUSED_R02ZF_PERSON100010,"[[-13.084134760219591, 3.055663068610194]]",16.139797828829785,12,-250,250,False,False,False
R02ZF,R02ZF_SARF000390,390,13000,FULL_CONTEXT_OFFLINE,R02ZF_SARF000390__FULL_CONTEXT_OFFLINE__R02ZF_REUSED_R02ZF_PERSON100011,R02ZF_REUSED_R02ZF_PERSON100011,1,12889,12889,False,R02ZF_REUSED_R02ZF_PERSON100011,"[[-8.744346698113006, 7.175461874112294]]",15.9198085722253,12,-250,250,False,False,False
R02ZF,R02ZF_SARF000390,390,13000,FULL_CONTEXT_OFFLINE,R02ZF_SARF000390__FULL_CONTEXT_OFFLINE__R02ZF_REUSED_R02ZF_PERSON100012,R02ZF_REUSED_R02ZF_PERSON100012,1,12889,12889,False,R02ZF_REUSED_R02ZF_PERSON100012,"[[-8.744346698113006, 7.175461874112294]]",15.9198085722253,12,-250,250,False,False,False
R02ZF,R02ZF_SARF000391,391,13033,CAUSAL_REPLAY,R02ZF_SARF000391__CAUSAL_REPLAY__R02ZF_REUSED_R02ZF_PERSON100010,R02ZF_REUSED_R02ZF_PERSON100010,1,12833,12833,False,R02ZF_REUSED_R02ZF_PERSON100010,"[[-13.084134760219591, 3.055663068610194]]",16.139797828829785,12,-250,0,False,False,False
R02ZF,R02ZF_SARF000391,391,13033,CAUSAL_REPLAY,R02ZF_SARF000391__CAUSAL_REPLAY__R02ZF_REUSED_R02ZF_PERSON100011,R02ZF_REUSED_R02ZF_PERSON100011,1,12889,12889,False,R02ZF_REUSED_R02ZF_PERSON100011,"[[-8.744346698113006, 7.175461874112294]]",15.9198085722253,11,-250,0,False,False,False
R02ZF,R02ZF_SARF000391,391,13033,CAUSAL_REPLAY,R02ZF_SARF000391__CAUSAL_REPLAY__R02ZF_REUSED_R02ZF_PERSON100012,R02ZF_REUSED_R02ZF_PERSON100012,1,12889,12889,False,R02ZF_REUSED_R02ZF_PERSON100012,"[[-8.744346698113006, 7.175461874112294]]",15.9198085722253,11,-250,0,False,False,False
R02ZF,R02ZF_SARF000391,391,13033,FIXED_LAG_100MS,R02ZF_SARF000391__FIXED_LAG_100MS__R02ZF_REUSED_R02ZF_PERSON100010,R02ZF_REUSED_R02ZF_PERSON100010,1,12833,12833,False,R02ZF_REUSED_R02ZF_PERSON100010,"[[-13.084134760219591, 3.055663068610194]]",16.139797828829785,12,-250,100,False,False,False
R02ZF,R02ZF_SARF000391,391,13033,FIXED_LAG_100MS,R02ZF_SARF000391__FIXED_LAG_100MS__R02ZF_REUSED_R02ZF_PERSON100011,R02ZF_REUSED_R02ZF_PERSON100011,1,12889,12889,False,R02ZF_REUSED_R02ZF_PERSON100011,"[[-8.744346698113006, 7.175461874112294]]",15.9198085722253,11,-250,100,False,False,False
R02ZF,R02ZF_SARF000391,391,13033,FIXED_LAG_100MS,R02ZF_SARF000391__FIXED_LAG_100MS__R02ZF_REUSED_R02ZF_PERSON100012,R02ZF_REUSED_R02ZF_PERSON100012,1,12889,12889,False,R02ZF_REUSED_R02ZF_PERSON100012,"[[-8.744346698113006, 7.175461874112294]]",15.9198085722253,11,-250,100,False,False,False
R02ZF,R02ZF_SARF000391,391,13033,FULL_CONTEXT_OFFLINE,R02ZF_SARF000391__FULL_CONTEXT_OFFLINE__R02ZF_REUSED_R02ZF_PERSON100010,R02ZF_REUSED_R02ZF_PERSON100010,1,12833,12833,False,R02ZF_REUSED_R02ZF_PERSON100010,"[[-13.084134760219591, 3.055663068610194]]",16.139797828829785,12,-250,250,False,False,False
R02ZF,R02ZF_SARF000391,391,13033,FULL_CONTEXT_OFFLINE,R02ZF_SARF000391__FULL_CONTEXT_OFFLINE__R02ZF_REUSED_R02ZF_PERSON100011,R02ZF_REUSED_R02ZF_PERSON100011,1,12889,12889,False,R02ZF_REUSED_R02ZF_PERSON100011,"[[-8.744346698113006, 7.175461874112294]]",15.9198085722253,11,-250,250,False,False,False
R02ZF,R02ZF_SARF000391,391,13033,FULL_CONTEXT_OFFLINE,R02ZF_SARF000391__FULL_CONTEXT_OFFLINE__R02ZF_REUSED_R02ZF_PERSON100012,R02ZF_REUSED_R02ZF_PERSON100012,1,12889,12889,False,R02ZF_REUSED_R02ZF_PERSON100012,"[[-8.744346698113006, 7.175461874112294]]",15.9198085722253,11,-250,250,False,False,False
R02ZF,R02ZF_SARF000392,392,13067,CAUSAL_REPLAY,R02ZF_SARF000392__CAUSAL_REPLAY__R02ZF_REUSED_R02ZF_PERSON100010,R02ZF_REUSED_R02ZF_PERSON100010,1,12833,12833,False,R02ZF_REUSED_R02ZF_PERSON100010,"[[-13.084134760219591, 3.055663068610194]]",16.139797828829785,16,-250,0,False,False,False
R02ZF,R02ZF_SARF000392,392,13067,CAUSAL_REPLAY,R02ZF_SARF000392__CAUSAL_REPLAY__R02ZF_REUSED_R02ZF_PERSON100011,R02ZF_REUSED_R02ZF_PERSON100011,1,12889,12889,False,R02ZF_REUSED_R02ZF_PERSON100011,"[[-8.744346698113006, 7.175461874112294]]",15.9198085722253,16,-250,0,False,False,False
R02ZF,R02ZF_SARF000392,392,13067,CAUSAL_REPLAY,R02ZF_SARF000392__CAUSAL_REPLAY__R02ZF_REUSED_R02ZF_PERSON100012,R02ZF_REUSED_R02ZF_PERSON100012,1,12889,12889,False,R02ZF_REUSED_R02ZF_PERSON100012,"[[-8.744346698113006, 7.175461874112294]]",15.9198085722253,16,-250,0,False,False,False
R02ZF,R02ZF_SARF000392,392,13067,FIXED_LAG_100MS,R02ZF_SARF000392__FIXED_LAG_100MS__R02ZF_REUSED_R02ZF_PERSON100010,R02ZF_REUSED_R02ZF_PERSON100010,1,12833,12833,False,R02ZF_REUSED_R02ZF_PERSON100010,"[[-13.084134760219591, 3.055663068610194]]",16.139797828829785,16,-250,100,False,False,False
R02ZF,R02ZF_SARF000392,392,13067,FIXED_LAG_100MS,R02ZF_SARF000392__FIXED_LAG_100MS__R02ZF_REUSED_R02ZF_PERSON100011,R02ZF_REUSED_R02ZF_PERSON100011,1,12889,12889,False,R02ZF_REUSED_R02ZF_PERSON100011,"[[-8.744346698113006, 7.175461874112294]]",15.9198085722253,16,-250,100,False,False,False
R02ZF,R02ZF_SARF000392,392,13067,FIXED_LAG_100MS,R02ZF_SARF000392__FIXED_LAG_100MS__R02ZF_REUSED_R02ZF_PERSON100012,R02ZF_REUSED_R02ZF_PERSON100012,1,12889,12889,False,R02ZF_REUSED_R02ZF_PERSON100012,"[[-8.744346698113006, 7.175461874112294]]",15.9198085722253,16,-250,100,False,False,False
R02ZF,R02ZF_SARF000392,392,13067,FULL_CONTEXT_OFFLINE,R02ZF_SARF000392__FULL_CONTEXT_OFFLINE__R02ZF_REUSED_R02ZF_PERSON100010,R02ZF_REUSED_R02ZF_PERSON100010,1,12833,12833,False,R02ZF_REUSED_R02ZF_PERSON100010,"[[-13.084134760219591, 3.055663068610194]]",16.139797828829785,16,-250,250,False,False,False
R02ZF,R02ZF_SARF000392,392,13067,FULL_CONTEXT_OFFLINE,R02ZF_SARF000392__FULL_CONTEXT_OFFLINE__R02ZF_REUSED_R02ZF_PERSON100011,R02ZF_REUSED_R02ZF_PERSON100011,1,12889,12889,False,R02ZF_REUSED_R02ZF_PERSON100011,"[[-8.744346698113006, 7.175461874112294]]",15.9198085722253,16,-250,250,False,False,False
R02ZF,R02ZF_SARF000392,392,13067,FULL_CONTEXT_OFFLINE,R02ZF_SARF000392__FULL_CONTEXT_OFFLINE__R02ZF_REUSED_R02ZF_PERSON100012,R02ZF_REUSED_R02ZF_PERSON100012,1,12889,12889,False,R02ZF_REUSED_R02ZF_PERSON100012,"[[-8.744346698113006, 7.175461874112294]]",15.9198085722253,16,-250,250,False,False,False
R02ZF,R02ZF_SARF000393,393,13100,CAUSAL_REPLAY,R02ZF_SARF000393__CAUSAL_REPLAY__R02ZF_REUSED_R02ZF_PERSON100011,R02ZF_REUSED_R02ZF_PERSON100011,1,12889,12889,False,R02ZF_REUSED_R02ZF_PERSON100011,"[[-8.744346698113006, 7.175461874112294]]",15.9198085722253,13,-250,0,False,False,False
R02ZF,R02ZF_SARF000393,393,13100,CAUSAL_REPLAY,R02ZF_SARF000393__CAUSAL_REPLAY__R02ZF_REUSED_R02ZF_PERSON100012,R02ZF_REUSED_R02ZF_PERSON100012,1,12889,12889,False,R02ZF_REUSED_R02ZF_PERSON100012,"[[-8.744346698113006, 7.175461874112294]]",15.9198085722253,13,-250,0,False,False,False
R02ZF,R02ZF_SARF000393,393,13100,FIXED_LAG_100MS,R02ZF_SARF000393__FIXED_LAG_100MS__R02ZF_REUSED_R02ZF_PERSON100011,R02ZF_REUSED_R02ZF_PERSON100011,1,12889,12889,False,R02ZF_REUSED_R02ZF_PERSON100011,"[[-8.744346698113006, 7.175461874112294]]",15.9198085722253,13,-250,100,False,False,False
R02ZF,R02ZF_SARF000393,393,13100,FIXED_LAG_100MS,R02ZF_SARF000393__FIXED_LAG_100MS__R02ZF_REUSED_R02ZF_PERSON100012,R02ZF_REUSED_R02ZF_PERSON100012,1,12889,12889,False,R02ZF_REUSED_R02ZF_PERSON100012,"[[-8.744346698113006, 7.175461874112294]]",15.9198085722253,13,-250,100,False,False,False
R02ZF,R02ZF_SARF000393,393,13100,FULL_CONTEXT_OFFLINE,R02ZF_SARF000393__FULL_CONTEXT_OFFLINE__R02ZF_REUSED_R02ZF_PERSON100011,R02ZF_REUSED_R02ZF_PERSON100011,1,12889,12889,False,R02ZF_REUSED_R02ZF_PERSON100011,"[[-8.744346698113006, 7.175461874112294]]",15.9198085722253,13,-250,250,False,False,False
R02ZF,R02ZF_SARF000393,393,13100,FULL_CONTEXT_OFFLINE,R02ZF_SARF000393__FULL_CONTEXT_OFFLINE__R02ZF_REUSED_R02ZF_PERSON100012,R02ZF_REUSED_R02ZF_PERSON100012,1,12889,12889,False,R02ZF_REUSED_R02ZF_PERSON100012,"[[-8.744346698113006, 7.175461874112294]]",15.9198085722253,13,-250,250,False,False,False
R02ZF,R02ZF_SARF000393,393,13100,FULL_CONTEXT_OFFLINE,R02ZF_SARF000393__FULL_CONTEXT_OFFLINE__R02ZF_REUSED_R02ZF_PERSON100013,R02ZF_REUSED_R02ZF_PERSON100013,1,13333,13333,True,R02ZF_REUSED_R02ZF_PERSON100013,"[[-17.043941379100254, -4.0639892360439305]]",12.979952143056323,8,-250,250,False,False,False
R02ZF,R02ZF_SARF000394,394,13133,CAUSAL_REPLAY,R02ZF_SARF000394__CAUSAL_REPLAY__R02ZF_REUSED_R02ZF_PERSON100011,R02ZF_REUSED_R02ZF_PERSON100011,1,12889,12889,False,R02ZF_REUSED_R02ZF_PERSON100011,"[[-8.744346698113006, 7.175461874112294]]",15.9198085722253,11,-250,0,False,False,False
R02ZF,R02ZF_SARF000394,394,13133,CAUSAL_REPLAY,R02ZF_SARF000394__CAUSAL_REPLAY__R02ZF_REUSED_R02ZF_PERSON100012,R02ZF_REUSED_R02ZF_PERSON100012,1,12889,12889,False,R02ZF_REUSED_R02ZF_PERSON100012,"[[-8.744346698113006, 7.175461874112294]]",15.9198085722253,11,-250,0,False,False,False
R02ZF,R02ZF_SARF000394,394,13133,FIXED_LAG_100MS,R02ZF_SARF000394__FIXED_LAG_100MS__R02ZF_REUSED_R02ZF_PERSON100011,R02ZF_REUSED_R02ZF_PERSON100011,1,12889,12889,False,R02ZF_REUSED_R02ZF_PERSON100011,"[[-8.744346698113006, 7.175461874112294]]",15.9198085722253,11,-250,100,False,False,False
R02ZF,R02ZF_SARF000394,394,13133,FIXED_LAG_100MS,R02ZF_SARF000394__FIXED_LAG_100MS__R02ZF_REUSED_R02ZF_PERSON100012,R02ZF_REUSED_R02ZF_PERSON100012,1,12889,12889,False,R02ZF_REUSED_R02ZF_PERSON100012,"[[-8.744346698113006, 7.175461874112294]]",15.9198085722253,11,-250,100,False,False,False
R02ZF,R02ZF_SARF000394,394,13133,FULL_CONTEXT_OFFLINE,R02ZF_SARF000394__FULL_CONTEXT_OFFLINE__R02ZF_REUSED_R02ZF_PERSON100011,R02ZF_REUSED_R02ZF_PERSON100011,1,12889,12889,False,R02ZF_REUSED_R02ZF_PERSON100011,"[[-8.744346698113006, 7.175461874112294]]",15.9198085722253,11,-250,250,False,False,False
R02ZF,R02ZF_SARF000394,394,13133,FULL_CONTEXT_OFFLINE,R02ZF_SARF000394__FULL_CONTEXT_OFFLINE__R02ZF_REUSED_R02ZF_PERSON100012,R02ZF_REUSED_R02ZF_PERSON100012,1,12889,12889,False,R02ZF_REUSED_R02ZF_PERSON100012,"[[-8.744346698113006, 7.175461874112294]]",15.9198085722253,11,-250,250,False,False,False
R02ZF,R02ZF_SARF000394,394,13133,FULL_CONTEXT_OFFLINE,R02ZF_SARF000394__FULL_CONTEXT_OFFLINE__R02ZF_REUSED_R02ZF_PERSON100013,R02ZF_REUSED_R02ZF_PERSON100013,1,13333,13333,True,R02ZF_REUSED_R02ZF_PERSON100013,"[[-17.043941379100254, -4.0639892360439305]]",12.979952143056323,8,-250,250,False,False,False
R02ZF,R02ZF_SARF000395,395,13167,FULL_CONTEXT_OFFLINE,R02ZF_SARF000395__FULL_CONTEXT_OFFLINE__R02ZF_REUSED_R02ZF_PERSON100013,R02ZF_REUSED_R02ZF_PERSON100013,1,13333,13333,True,R02ZF_REUSED_R02ZF_PERSON100013,"[[-17.043941379100254, -4.0639892360439305]]",12.979952143056323,9,-250,250,False,False,False
R02ZF,R02ZF_SARF000396,396,13200,FULL_CONTEXT_OFFLINE,R02ZF_SARF000396__FULL_CONTEXT_OFFLINE__R02ZF_REUSED_R02ZF_PERSON100013,R02ZF_REUSED_R02ZF_PERSON100013,1,13333,13333,True,R02ZF_REUSED_R02ZF_PERSON100013,"[[-17.043941379100254, -4.0639892360439305]]",12.979952143056323,12,-250,250,False,False,False
R02ZF,R02ZF_SARF000397,397,13233,FIXED_LAG_100MS,R02ZF_SARF000397__FIXED_LAG_100MS__R02ZF_REUSED_R02ZF_PERSON100013,R02ZF_REUSED_R02ZF_PERSON100013,1,13333,13333,True,R02ZF_REUSED_R02ZF_PERSON100013,"[[-17.043941379100254, -4.0639892360439305]]",12.979952143056323,12,-250,100,False,False,False
R02ZF,R02ZF_SARF000397,397,13233,FULL_CONTEXT_OFFLINE,R02ZF_SARF000397__FULL_CONTEXT_OFFLINE__R02ZF_REUSED_R02ZF_PERSON100013,R02ZF_REUSED_R02ZF_PERSON100013,1,13333,13333,True,R02ZF_REUSED_R02ZF_PERSON100013,"[[-17.043941379100254, -4.0639892360439305]]",12.979952143056323,12,-250,250,False,False,False
R02ZF,R02ZF_SARF000398,398,13267,FIXED_LAG_100MS,R02ZF_SARF000398__FIXED_LAG_100MS__R02ZF_REUSED_R02ZF_PERSON100013,R02ZF_REUSED_R02ZF_PERSON100013,1,13333,13333,True,R02ZF_REUSED_R02ZF_PERSON100013,"[[-17.043941379100254, -4.0639892360439305]]",12.979952143056323,15,-250,100,False,False,False
R02ZF,R02ZF_SARF000398,398,13267,FULL_CONTEXT_OFFLINE,R02ZF_SARF000398__FULL_CONTEXT_OFFLINE__R02ZF_REUSED_R02ZF_PERSON100013,R02ZF_REUSED_R02ZF_PERSON100013,1,13333,13333,True,R02ZF_REUSED_R02ZF_PERSON100013,"[[-17.043941379100254, -4.0639892360439305]]",12.979952143056323,15,-250,250,False,False,False
R02ZF,R02ZF_SARF000399,399,13300,FIXED_LAG_100MS,R02ZF_SARF000399__FIXED_LAG_100MS__R02ZF_REUSED_R02ZF_PERSON100013,R02ZF_REUSED_R02ZF_PERSON100013,1,13333,13333,True,R02ZF_REUSED_R02ZF_PERSON100013,"[[-17.043941379100254, -4.0639892360439305]]",12.979952143056323,16,-250,100,False,False,False
R02ZF,R02ZF_SARF000399,399,13300,FULL_CONTEXT_OFFLINE,R02ZF_SARF000399__FULL_CONTEXT_OFFLINE__R02ZF_REUSED_R02ZF_PERSON100013,R02ZF_REUSED_R02ZF_PERSON100013,1,13333,13333,True,R02ZF_REUSED_R02ZF_PERSON100013,"[[-17.043941379100254, -4.0639892360439305]]",12.979952143056323,16,-250,250,False,False,False
R02ZF,R02ZF_SARF000400,400,13333,CAUSAL_REPLAY,R02ZF_SARF000400__CAUSAL_REPLAY__R02ZF_REUSED_R02ZF_PERSON100013,R02ZF_REUSED_R02ZF_PERSON100013,1,13333,13333,False,R02ZF_REUSED_R02ZF_PERSON100013,"[[-17.043941379100254, -4.0639892360439305]]",12.979952143056323,16,-250,0,False,False,False
R02ZF,R02ZF_SARF000400,400,13333,FIXED_LAG_100MS,R02ZF_SARF000400__FIXED_LAG_100MS__R02ZF_REUSED_R02ZF_PERSON100013,R02ZF_REUSED_R02ZF_PERSON100013,1,13333,13333,False,R02ZF_REUSED_R02ZF_PERSON100013,"[[-17.043941379100254, -4.0639892360439305]]",12.979952143056323,16,-250,100,False,False,False
R02ZF,R02ZF_SARF000400,400,13333,FULL_CONTEXT_OFFLINE,R02ZF_SARF000400__FULL_CONTEXT_OFFLINE__R02ZF_REUSED_R02ZF_PERSON100013,R02ZF_REUSED_R02ZF_PERSON100013,1,13333,13333,False,R02ZF_REUSED_R02ZF_PERSON100013,"[[-17.043941379100254, -4.0639892360439305]]",12.979952143056323,16,-250,250,False,False,False
R02ZF,R02ZF_SARF000401,401,13367,CAUSAL_REPLAY,R02ZF_SARF000401__CAUSAL_REPLAY__R02ZF_REUSED_R02ZF_PERSON100013,R02ZF_REUSED_R02ZF_PERSON100013,1,13333,13333,False,R02ZF_REUSED_R02ZF_PERSON100013,"[[-17.043941379100254, -4.0639892360439305]]",12.979952143056323,12,-250,0,False,False,False
R02ZF,R02ZF_SARF000401,401,13367,FIXED_LAG_100MS,R02ZF_SARF000401__FIXED_LAG_100MS__R02ZF_REUSED_R02ZF_PERSON100013,R02ZF_REUSED_R02ZF_PERSON100013,1,13333,13333,False,R02ZF_REUSED_R02ZF_PERSON100013,"[[-17.043941379100254, -4.0639892360439305]]",12.979952143056323,12,-250,100,False,False,False
R02ZF,R02ZF_SARF000401,401,13367,FULL_CONTEXT_OFFLINE,R02ZF_SARF000401__FULL_CONTEXT_OFFLINE__R02ZF_REUSED_R02ZF_PERSON100013,R02ZF_REUSED_R02ZF_PERSON100013,1,13333,13333,False,R02ZF_REUSED_R02ZF_PERSON100013,"[[-17.043941379100254, -4.0639892360439305]]",12.979952143056323,12,-250,250,False,False,False
R02ZF,R02ZF_SARF000402,402,13400,CAUSAL_REPLAY,R02ZF_SARF000402__CAUSAL_REPLAY__R02ZF_REUSED_R02ZF_PERSON100013,R02ZF_REUSED_R02ZF_PERSON100013,1,13333,13333,False,R02ZF_REUSED_R02ZF_PERSON100013,"[[-17.043941379100254, -4.0639892360439305]]",12.979952143056323,10,-250,0,False,False,False
R02ZF,R02ZF_SARF000402,402,13400,FIXED_LAG_100MS,R02ZF_SARF000402__FIXED_LAG_100MS__R02ZF_REUSED_R02ZF_PERSON100013,R02ZF_REUSED_R02ZF_PERSON100013,1,13333,13333,False,R02ZF_REUSED_R02ZF_PERSON100013,"[[-17.043941379100254, -4.0639892360439305]]",12.979952143056323,10,-250,100,False,False,False
R02ZF,R02ZF_SARF000402,402,13400,FULL_CONTEXT_OFFLINE,R02ZF_SARF000402__FULL_CONTEXT_OFFLINE__R02ZF_REUSED_R02ZF_PERSON100013,R02ZF_REUSED_R02ZF_PERSON100013,1,13333,13333,False,R02ZF_REUSED_R02ZF_PERSON100013,"[[-17.043941379100254, -4.0639892360439305]]",12.979952143056323,10,-250,250,False,False,False
R02ZF,R02ZF_SARF000403,403,13433,CAUSAL_REPLAY,R02ZF_SARF000403__CAUSAL_REPLAY__R02ZF_REUSED_R02ZF_PERSON100013,R02ZF_REUSED_R02ZF_PERSON100013,1,13333,13333,False,R02ZF_REUSED_R02ZF_PERSON100013,"[[-17.043941379100254, -4.0639892360439305]]",12.979952143056323,16,-250,0,False,False,False
R02ZF,R02ZF_SARF000403,403,13433,FIXED_LAG_100MS,R02ZF_SARF000403__FIXED_LAG_100MS__R02ZF_REUSED_R02ZF_PERSON100013,R02ZF_REUSED_R02ZF_PERSON100013,1,13333,13333,False,R02ZF_REUSED_R02ZF_PERSON100013,"[[-17.043941379100254, -4.0639892360439305]]",12.979952143056323,16,-250,100,False,False,False
R02ZF,R02ZF_SARF000403,403,13433,FULL_CONTEXT_OFFLINE,R02ZF_SARF000403__FULL_CONTEXT_OFFLINE__R02ZF_REUSED_R02ZF_PERSON100013,R02ZF_REUSED_R02ZF_PERSON100013,1,13333,13333,False,R02ZF_REUSED_R02ZF_PERSON100013,"[[-17.043941379100254, -4.0639892360439305]]",12.979952143056323,16,-250,250,False,False,False
R02ZF,R02ZF_SARF000404,404,13467,CAUSAL_REPLAY,R02ZF_SARF000404__CAUSAL_REPLAY__R02ZF_REUSED_R02ZF_PERSON100013,R02ZF_REUSED_R02ZF_PERSON100013,1,13333,13333,False,R02ZF_REUSED_R02ZF_PERSON100013,"[[-17.043941379100254, -4.0639892360439305]]",12.979952143056323,12,-250,0,False,False,False
R02ZF,R02ZF_SARF000404,404,13467,FIXED_LAG_100MS,R02ZF_SARF000404__FIXED_LAG_100MS__R02ZF_REUSED_R02ZF_PERSON100013,R02ZF_REUSED_R02ZF_PERSON100013,1,13333,13333,False,R02ZF_REUSED_R02ZF_PERSON100013,"[[-17.043941379100254, -4.0639892360439305]]",12.979952143056323,12,-250,100,False,False,False
R02ZF,R02ZF_SARF000404,404,13467,FULL_CONTEXT_OFFLINE,R02ZF_SARF000404__FULL_CONTEXT_OFFLINE__R02ZF_REUSED_R02ZF_PERSON100013,R02ZF_REUSED_R02ZF_PERSON100013,1,13333,13333,False,R02ZF_REUSED_R02ZF_PERSON100013,"[[-17.043941379100254, -4.0639892360439305]]",12.979952143056323,12,-250,250,False,False,False
R02ZF,R02ZF_SARF000405,405,13500,CAUSAL_REPLAY,R02ZF_SARF000405__CAUSAL_REPLAY__R02ZF_REUSED_R02ZF_PERSON100013,R02ZF_REUSED_R02ZF_PERSON100013,1,13333,13333,False,R02ZF_REUSED_R02ZF_PERSON100013,"[[-17.043941379100254, -4.0639892360439305]]",12.979952143056323,12,-250,0,False,False,False
R02ZF,R02ZF_SARF000405,405,13500,FIXED_LAG_100MS,R02ZF_SARF000405__FIXED_LAG_100MS__R02ZF_REUSED_R02ZF_PERSON100013,R02ZF_REUSED_R02ZF_PERSON100013,1,13333,13333,False,R02ZF_REUSED_R02ZF_PERSON100013,"[[-17.043941379100254, -4.0639892360439305]]",12.979952143056323,12,-250,100,False,False,False
R02ZF,R02ZF_SARF000405,405,13500,FULL_CONTEXT_OFFLINE,R02ZF_SARF000405__FULL_CONTEXT_OFFLINE__R02ZF_REUSED_R02ZF_PERSON100013,R02ZF_REUSED_R02ZF_PERSON100013,1,13333,13333,False,R02ZF_REUSED_R02ZF_PERSON100013,"[[-17.043941379100254, -4.0639892360439305]]",12.979952143056323,12,-250,250,False,False,False
R02ZF,R02ZF_SARF000406,406,13533,CAUSAL_REPLAY,R02ZF_SARF000406__CAUSAL_REPLAY__R02ZF_REUSED_R02ZF_PERSON100013,R02ZF_REUSED_R02ZF_PERSON100013,1,13333,13333,False,R02ZF_REUSED_R02ZF_PERSON100013,"[[-17.043941379100254, -4.0639892360439305]]",12.979952143056323,10,-250,0,False,False,False
R02ZF,R02ZF_SARF000406,406,13533,FIXED_LAG_100MS,R02ZF_SARF000406__FIXED_LAG_100MS__R02ZF_REUSED_R02ZF_PERSON100013,R02ZF_REUSED_R02ZF_PERSON100013,1,13333,13333,False,R02ZF_REUSED_R02ZF_PERSON100013,"[[-17.043941379100254, -4.0639892360439305]]",12.979952143056323,10,-250,100,False,False,False
R02ZF,R02ZF_SARF000406,406,13533,FULL_CONTEXT_OFFLINE,R02ZF_SARF000406__FULL_CONTEXT_OFFLINE__R02ZF_REUSED_R02ZF_PERSON100013,R02ZF_REUSED_R02ZF_PERSON100013,1,13333,13333,False,R02ZF_REUSED_R02ZF_PERSON100013,"[[-17.043941379100254, -4.0639892360439305]]",12.979952143056323,10,-250,250,False,False,False
R02ZF,R02ZF_SARF000407,407,13567,CAUSAL_REPLAY,R02ZF_SARF000407__CAUSAL_REPLAY__R02ZF_REUSED_R02ZF_PERSON100013,R02ZF_REUSED_R02ZF_PERSON100013,1,13333,13333,False,R02ZF_REUSED_R02ZF_PERSON100013,"[[-17.043941379100254, -4.0639892360439305]]",12.979952143056323,13,-250,0,False,False,False
R02ZF,R02ZF_SARF000407,407,13567,FIXED_LAG_100MS,R02ZF_SARF000407__FIXED_LAG_100MS__R02ZF_REUSED_R02ZF_PERSON100013,R02ZF_REUSED_R02ZF_PERSON100013,1,13333,13333,False,R02ZF_REUSED_R02ZF_PERSON100013,"[[-17.043941379100254, -4.0639892360439305]]",12.979952143056323,13,-250,100,False,False,False
R02ZF,R02ZF_SARF000407,407,13567,FULL_CONTEXT_OFFLINE,R02ZF_SARF000407__FULL_CONTEXT_OFFLINE__R02ZF_REUSED_R02ZF_PERSON100013,R02ZF_REUSED_R02ZF_PERSON100013,1,13333,13333,False,R02ZF_REUSED_R02ZF_PERSON100013,"[[-17.043941379100254, -4.0639892360439305]]",12.979952143056323,13,-250,250,False,False,False
R02ZF,R02ZF_SARF000411,411,13700,FULL_CONTEXT_OFFLINE,R02ZF_SARF000411__FULL_CONTEXT_OFFLINE__R02ZF_REUSED_R02ZF_PERSON100014,R02ZF_REUSED_R02ZF_PERSON100014,1,13944,13944,True,R02ZF_REUSED_R02ZF_PERSON100014,"[[-11.664204103954305, 1.495739249051141]]",13.159943353005445,18,-250,250,False,False,False
R02ZF,R02ZF_SARF000412,412,13733,FULL_CONTEXT_OFFLINE,R02ZF_SARF000412__FULL_CONTEXT_OFFLINE__R02ZF_REUSED_R02ZF_PERSON100014,R02ZF_REUSED_R02ZF_PERSON100014,1,13944,13944,True,R02ZF_REUSED_R02ZF_PERSON100014,"[[-11.664204103954305, 1.495739249051141]]",13.159943353005445,18,-250,250,False,False,False
R02ZF,R02ZF_SARF000413,413,13767,FULL_CONTEXT_OFFLINE,R02ZF_SARF000413__FULL_CONTEXT_OFFLINE__R02ZF_REUSED_R02ZF_PERSON100014,R02ZF_REUSED_R02ZF_PERSON100014,1,13944,13944,True,R02ZF_REUSED_R02ZF_PERSON100014,"[[-11.664204103954305, 1.495739249051141]]",13.159943353005445,16,-250,250,False,False,False
R02ZF,R02ZF_SARF000413,413,13767,FULL_CONTEXT_OFFLINE,R02ZF_SARF000413__FULL_CONTEXT_OFFLINE__R02ZF_REUSED_R02ZF_PERSON100015,R02ZF_REUSED_R02ZF_PERSON100015,1,14000,14000,True,R02ZF_REUSED_R02ZF_PERSON100015,"[[-10.804246100864063, 2.215704088847623]]",13.019950189711686,17,-250,250,False,False,False
R02ZF,R02ZF_SARF000414,414,13800,FULL_CONTEXT_OFFLINE,R02ZF_SARF000414__FULL_CONTEXT_OFFLINE__R02ZF_REUSED_R02ZF_PERSON100014,R02ZF_REUSED_R02ZF_PERSON100014,1,13944,13944,True,R02ZF_REUSED_R02ZF_PERSON100014,"[[-11.664204103954305, 1.495739249051141]]",13.159943353005445,16,-250,250,False,False,False
R02ZF,R02ZF_SARF000414,414,13800,FULL_CONTEXT_OFFLINE,R02ZF_SARF000414__FULL_CONTEXT_OFFLINE__R02ZF_REUSED_R02ZF_PERSON100015,R02ZF_REUSED_R02ZF_PERSON100015,1,14000,14000,True,R02ZF_REUSED_R02ZF_PERSON100015,"[[-10.804246100864063, 2.215704088847623]]",13.019950189711686,15,-250,250,False,False,False
R02ZF,R02ZF_SARF000415,415,13833,FULL_CONTEXT_OFFLINE,R02ZF_SARF000415__FULL_CONTEXT_OFFLINE__R02ZF_REUSED_R02ZF_PERSON100014,R02ZF_REUSED_R02ZF_PERSON100014,1,13944,13944,True,R02ZF_REUSED_R02ZF_PERSON100014,"[[-11.664204103954305, 1.495739249051141]]",13.159943353005445,13,-250,250,False,False,False
R02ZF,R02ZF_SARF000415,415,13833,FULL_CONTEXT_OFFLINE,R02ZF_SARF000415__FULL_CONTEXT_OFFLINE__R02ZF_REUSED_R02ZF_PERSON100015,R02ZF_REUSED_R02ZF_PERSON100015,1,14000,14000,True,R02ZF_REUSED_R02ZF_PERSON100015,"[[-10.804246100864063, 2.215704088847623]]",13.019950189711686,13,-250,250,False,False,False
R02ZF,R02ZF_SARF000416,416,13867,FIXED_LAG_100MS,R02ZF_SARF000416__FIXED_LAG_100MS__R02ZF_REUSED_R02ZF_PERSON100014,R02ZF_REUSED_R02ZF_PERSON100014,1,13944,13944,True,R02ZF_REUSED_R02ZF_PERSON100014,"[[-11.664204103954305, 1.495739249051141]]",13.159943353005445,15,-250,100,False,False,False
R02ZF,R02ZF_SARF000416,416,13867,FULL_CONTEXT_OFFLINE,R02ZF_SARF000416__FULL_CONTEXT_OFFLINE__R02ZF_REUSED_R02ZF_PERSON100014,R02ZF_REUSED_R02ZF_PERSON100014,1,13944,13944,True,R02ZF_REUSED_R02ZF_PERSON100014,"[[-11.664204103954305, 1.495739249051141]]",13.159943353005445,15,-250,250,False,False,False
R02ZF,R02ZF_SARF000416,416,13867,FULL_CONTEXT_OFFLINE,R02ZF_SARF000416__FULL_CONTEXT_OFFLINE__R02ZF_REUSED_R02ZF_PERSON100015,R02ZF_REUSED_R02ZF_PERSON100015,1,14000,14000,True,R02ZF_REUSED_R02ZF_PERSON100015,"[[-10.804246100864063, 2.215704088847623]]",13.019950189711686,14,-250,250,False,False,False
R02ZF,R02ZF_SARF000417,417,13900,FIXED_LAG_100MS,R02ZF_SARF000417__FIXED_LAG_100MS__R02ZF_REUSED_R02ZF_PERSON100014,R02ZF_REUSED_R02ZF_PERSON100014,1,13944,13944,True,R02ZF_REUSED_R02ZF_PERSON100014,"[[-11.664204103954305, 1.495739249051141]]",13.159943353005445,15,-250,100,False,False,False
R02ZF,R02ZF_SARF000417,417,13900,FIXED_LAG_100MS,R02ZF_SARF000417__FIXED_LAG_100MS__R02ZF_REUSED_R02ZF_PERSON100015,R02ZF_REUSED_R02ZF_PERSON100015,1,14000,14000,True,R02ZF_REUSED_R02ZF_PERSON100015,"[[-10.804246100864063, 2.215704088847623]]",13.019950189711686,15,-250,100,False,False,False
R02ZF,R02ZF_SARF000417,417,13900,FULL_CONTEXT_OFFLINE,R02ZF_SARF000417__FULL_CONTEXT_OFFLINE__R02ZF_REUSED_R02ZF_PERSON100014,R02ZF_REUSED_R02ZF_PERSON100014,1,13944,13944,True,R02ZF_REUSED_R02ZF_PERSON100014,"[[-11.664204103954305, 1.495739249051141]]",13.159943353005445,15,-250,250,False,False,False
R02ZF,R02ZF_SARF000417,417,13900,FULL_CONTEXT_OFFLINE,R02ZF_SARF000417__FULL_CONTEXT_OFFLINE__R02ZF_REUSED_R02ZF_PERSON100015,R02ZF_REUSED_R02ZF_PERSON100015,1,14000,14000,True,R02ZF_REUSED_R02ZF_PERSON100015,"[[-10.804246100864063, 2.215704088847623]]",13.019950189711686,15,-250,250,False,False,False
R02ZF,R02ZF_SARF000418,418,13933,FIXED_LAG_100MS,R02ZF_SARF000418__FIXED_LAG_100MS__R02ZF_REUSED_R02ZF_PERSON100014,R02ZF_REUSED_R02ZF_PERSON100014,1,13944,13944,True,R02ZF_REUSED_R02ZF_PERSON100014,"[[-11.664204103954305, 1.495739249051141]]",13.159943353005445,13,-250,100,False,False,False
R02ZF,R02ZF_SARF000418,418,13933,FIXED_LAG_100MS,R02ZF_SARF000418__FIXED_LAG_100MS__R02ZF_REUSED_R02ZF_PERSON100015,R02ZF_REUSED_R02ZF_PERSON100015,1,14000,14000,True,R02ZF_REUSED_R02ZF_PERSON100015,"[[-10.804246100864063, 2.215704088847623]]",13.019950189711686,14,-250,100,False,False,False
R02ZF,R02ZF_SARF000418,418,13933,FULL_CONTEXT_OFFLINE,R02ZF_SARF000418__FULL_CONTEXT_OFFLINE__R02ZF_REUSED_R02ZF_PERSON100014,R02ZF_REUSED_R02ZF_PERSON100014,1,13944,13944,True,R02ZF_REUSED_R02ZF_PERSON100014,"[[-11.664204103954305, 1.495739249051141]]",13.159943353005445,13,-250,250,False,False,False
R02ZF,R02ZF_SARF000418,418,13933,FULL_CONTEXT_OFFLINE,R02ZF_SARF000418__FULL_CONTEXT_OFFLINE__R02ZF_REUSED_R02ZF_PERSON100015,R02ZF_REUSED_R02ZF_PERSON100015,1,14000,14000,True,R02ZF_REUSED_R02ZF_PERSON100015,"[[-10.804246100864063, 2.215704088847623]]",13.019950189711686,14,-250,250,False,False,False
R02ZF,R02ZF_SARF000418,418,13933,FULL_CONTEXT_OFFLINE,R02ZF_SARF000418__FULL_CONTEXT_OFFLINE__R02ZF_REUSED_R02ZF_PERSON100016,R02ZF_REUSED_R02ZF_PERSON100016,1,14167,14167,True,R02ZF_REUSED_R02ZF_PERSON100016,"[[-9.464311537909495, 3.7356298617513133]]",13.199941399660808,14,-250,250,False,False,False
R02ZF,R02ZF_SARF000419,419,13967,CAUSAL_REPLAY,R02ZF_SARF000419__CAUSAL_REPLAY__R02ZF_REUSED_R02ZF_PERSON100014,R02ZF_REUSED_R02ZF_PERSON100014,1,13944,13944,False,R02ZF_REUSED_R02ZF_PERSON100014,"[[-11.664204103954305, 1.495739249051141]]",13.159943353005445,16,-250,0,False,False,False
R02ZF,R02ZF_SARF000419,419,13967,FIXED_LAG_100MS,R02ZF_SARF000419__FIXED_LAG_100MS__R02ZF_REUSED_R02ZF_PERSON100014,R02ZF_REUSED_R02ZF_PERSON100014,1,13944,13944,False,R02ZF_REUSED_R02ZF_PERSON100014,"[[-11.664204103954305, 1.495739249051141]]",13.159943353005445,16,-250,100,False,False,False
R02ZF,R02ZF_SARF000419,419,13967,FIXED_LAG_100MS,R02ZF_SARF000419__FIXED_LAG_100MS__R02ZF_REUSED_R02ZF_PERSON100015,R02ZF_REUSED_R02ZF_PERSON100015,1,14000,14000,True,R02ZF_REUSED_R02ZF_PERSON100015,"[[-10.804246100864063, 2.215704088847623]]",13.019950189711686,15,-250,100,False,False,False
R02ZF,R02ZF_SARF000419,419,13967,FULL_CONTEXT_OFFLINE,R02ZF_SARF000419__FULL_CONTEXT_OFFLINE__R02ZF_REUSED_R02ZF_PERSON100014,R02ZF_REUSED_R02ZF_PERSON100014,1,13944,13944,False,R02ZF_REUSED_R02ZF_PERSON100014,"[[-11.664204103954305, 1.495739249051141]]",13.159943353005445,16,-250,250,False,False,False
R02ZF,R02ZF_SARF000419,419,13967,FULL_CONTEXT_OFFLINE,R02ZF_SARF000419__FULL_CONTEXT_OFFLINE__R02ZF_REUSED_R02ZF_PERSON100015,R02ZF_REUSED_R02ZF_PERSON100015,1,14000,14000,True,R02ZF_REUSED_R02ZF_PERSON100015,"[[-10.804246100864063, 2.215704088847623]]",13.019950189711686,15,-250,250,False,False,False
R02ZF,R02ZF_SARF000419,419,13967,FULL_CONTEXT_OFFLINE,R02ZF_SARF000419__FULL_CONTEXT_OFFLINE__R02ZF_REUSED_R02ZF_PERSON100016,R02ZF_REUSED_R02ZF_PERSON100016,1,14167,14167,True,R02ZF_REUSED_R02ZF_PERSON100016,"[[-9.464311537909495, 3.7356298617513133]]",13.199941399660808,14,-250,250,False,False,False
R02ZF,R02ZF_SARF000420,420,14000,CAUSAL_REPLAY,R02ZF_SARF000420__CAUSAL_REPLAY__R02ZF_REUSED_R02ZF_PERSON100014,R02ZF_REUSED_R02ZF_PERSON100014,1,13944,13944,False,R02ZF_REUSED_R02ZF_PERSON100014,"[[-11.664204103954305, 1.495739249051141]]",13.159943353005445,13,-250,0,False,False,False
R02ZF,R02ZF_SARF000420,420,14000,CAUSAL_REPLAY,R02ZF_SARF000420__CAUSAL_REPLAY__R02ZF_REUSED_R02ZF_PERSON100015,R02ZF_REUSED_R02ZF_PERSON100015,1,14000,14000,False,R02ZF_REUSED_R02ZF_PERSON100015,"[[-10.804246100864063, 2.215704088847623]]",13.019950189711686,13,-250,0,False,False,False
R02ZF,R02ZF_SARF000420,420,14000,FIXED_LAG_100MS,R02ZF_SARF000420__FIXED_LAG_100MS__R02ZF_REUSED_R02ZF_PERSON100014,R02ZF_REUSED_R02ZF_PERSON100014,1,13944,13944,False,R02ZF_REUSED_R02ZF_PERSON100014,"[[-11.664204103954305, 1.495739249051141]]",13.159943353005445,13,-250,100,False,False,False
R02ZF,R02ZF_SARF000420,420,14000,FIXED_LAG_100MS,R02ZF_SARF000420__FIXED_LAG_100MS__R02ZF_REUSED_R02ZF_PERSON100015,R02ZF_REUSED_R02ZF_PERSON100015,1,14000,14000,False,R02ZF_REUSED_R02ZF_PERSON100015,"[[-10.804246100864063, 2.215704088847623]]",13.019950189711686,13,-250,100,False,False,False
R02ZF,R02ZF_SARF000420,420,14000,FULL_CONTEXT_OFFLINE,R02ZF_SARF000420__FULL_CONTEXT_OFFLINE__R02ZF_REUSED_R02ZF_PERSON011,R02ZF_REUSED_R02ZF_PERSON011,1,14222,14222,True,R02ZF_REUSED_R02ZF_PERSON011,"[[-8.876140392044064, 4.323286709815662]]",13.199427101859726,12,-250,250,False,False,False
R02ZF,R02ZF_SARF000420,420,14000,FULL_CONTEXT_OFFLINE,R02ZF_SARF000420__FULL_CONTEXT_OFFLINE__R02ZF_REUSED_R02ZF_PERSON100014,R02ZF_REUSED_R02ZF_PERSON100014,1,13944,13944,False,R02ZF_REUSED_R02ZF_PERSON100014,"[[-11.664204103954305, 1.495739249051141]]",13.159943353005445,13,-250,250,False,False,False
R02ZF,R02ZF_SARF000420,420,14000,FULL_CONTEXT_OFFLINE,R02ZF_SARF000420__FULL_CONTEXT_OFFLINE__R02ZF_REUSED_R02ZF_PERSON100015,R02ZF_REUSED_R02ZF_PERSON100015,1,14000,14000,False,R02ZF_REUSED_R02ZF_PERSON100015,"[[-10.804246100864063, 2.215704088847623]]",13.019950189711686,13,-250,250,False,False,False
R02ZF,R02ZF_SARF000420,420,14000,FULL_CONTEXT_OFFLINE,R02ZF_SARF000420__FULL_CONTEXT_OFFLINE__R02ZF_REUSED_R02ZF_PERSON100016,R02ZF_REUSED_R02ZF_PERSON100016,1,14167,14167,True,R02ZF_REUSED_R02ZF_PERSON100016,"[[-9.464311537909495, 3.7356298617513133]]",13.199941399660808,13,-250,250,False,False,False
R02ZF,R02ZF_SARF000421,421,14033,CAUSAL_REPLAY,R02ZF_SARF000421__CAUSAL_REPLAY__R02ZF_REUSED_R02ZF_PERSON100014,R02ZF_REUSED_R02ZF_PERSON100014,1,13944,13944,False,R02ZF_REUSED_R02ZF_PERSON100014,"[[-11.664204103954305, 1.495739249051141]]",13.159943353005445,18,-250,0,False,False,False
R02ZF,R02ZF_SARF000421,421,14033,CAUSAL_REPLAY,R02ZF_SARF000421__CAUSAL_REPLAY__R02ZF_REUSED_R02ZF_PERSON100015,R02ZF_REUSED_R02ZF_PERSON100015,1,14000,14000,False,R02ZF_REUSED_R02ZF_PERSON100015,"[[-10.804246100864063, 2.215704088847623]]",13.019950189711686,16,-250,0,False,False,False
R02ZF,R02ZF_SARF000421,421,14033,FIXED_LAG_100MS,R02ZF_SARF000421__FIXED_LAG_100MS__R02ZF_REUSED_R02ZF_PERSON100014,R02ZF_REUSED_R02ZF_PERSON100014,1,13944,13944,False,R02ZF_REUSED_R02ZF_PERSON100014,"[[-11.664204103954305, 1.495739249051141]]",13.159943353005445,18,-250,100,False,False,False
R02ZF,R02ZF_SARF000421,421,14033,FIXED_LAG_100MS,R02ZF_SARF000421__FIXED_LAG_100MS__R02ZF_REUSED_R02ZF_PERSON100015,R02ZF_REUSED_R02ZF_PERSON100015,1,14000,14000,False,R02ZF_REUSED_R02ZF_PERSON100015,"[[-10.804246100864063, 2.215704088847623]]",13.019950189711686,16,-250,100,False,False,False
R02ZF,R02ZF_SARF000421,421,14033,FULL_CONTEXT_OFFLINE,R02ZF_SARF000421__FULL_CONTEXT_OFFLINE__R02ZF_REUSED_R02ZF_PERSON011,R02ZF_REUSED_R02ZF_PERSON011,2,14222,14278,True,R02ZF_REUSED_R02ZF_PERSON011,"[[-8.876140392044064, 4.830065346189748]]",13.706205738233812,17,-250,250,False,False,False
R02ZF,R02ZF_SARF000421,421,14033,FULL_CONTEXT_OFFLINE,R02ZF_SARF000421__FULL_CONTEXT_OFFLINE__R02ZF_REUSED_R02ZF_PERSON100014,R02ZF_REUSED_R02ZF_PERSON100014,1,13944,13944,False,R02ZF_REUSED_R02ZF_PERSON100014,"[[-11.664204103954305, 1.495739249051141]]",13.159943353005445,18,-250,250,False,False,False
R02ZF,R02ZF_SARF000421,421,14033,FULL_CONTEXT_OFFLINE,R02ZF_SARF000421__FULL_CONTEXT_OFFLINE__R02ZF_REUSED_R02ZF_PERSON100015,R02ZF_REUSED_R02ZF_PERSON100015,1,14000,14000,False,R02ZF_REUSED_R02ZF_PERSON100015,"[[-10.804246100864063, 2.215704088847623]]",13.019950189711686,16,-250,250,False,False,False
R02ZF,R02ZF_SARF000421,421,14033,FULL_CONTEXT_OFFLINE,R02ZF_SARF000421__FULL_CONTEXT_OFFLINE__R02ZF_REUSED_R02ZF_PERSON100016,R02ZF_REUSED_R02ZF_PERSON100016,1,14167,14167,True,R02ZF_REUSED_R02ZF_PERSON100016,"[[-9.464311537909495, 3.7356298617513133]]",13.199941399660808,17,-250,250,False,False,False
R02ZF,R02ZF_SARF000422,422,14067,CAUSAL_REPLAY,R02ZF_SARF000422__CAUSAL_REPLAY__R02ZF_REUSED_R02ZF_PERSON100014,R02ZF_REUSED_R02ZF_PERSON100014,1,13944,13944,False,R02ZF_REUSED_R02ZF_PERSON100014,"[[-11.664204103954305, 1.495739249051141]]",13.159943353005445,17,-250,0,False,False,False
R02ZF,R02ZF_SARF000422,422,14067,CAUSAL_REPLAY,R02ZF_SARF000422__CAUSAL_REPLAY__R02ZF_REUSED_R02ZF_PERSON100015,R02ZF_REUSED_R02ZF_PERSON100015,1,14000,14000,False,R02ZF_REUSED_R02ZF_PERSON100015,"[[-10.804246100864063, 2.215704088847623]]",13.019950189711686,17,-250,0,False,False,False
R02ZF,R02ZF_SARF000422,422,14067,FIXED_LAG_100MS,R02ZF_SARF000422__FIXED_LAG_100MS__R02ZF_REUSED_R02ZF_PERSON100014,R02ZF_REUSED_R02ZF_PERSON100014,1,13944,13944,False,R02ZF_REUSED_R02ZF_PERSON100014,"[[-11.664204103954305, 1.495739249051141]]",13.159943353005445,17,-250,100,False,False,False
R02ZF,R02ZF_SARF000422,422,14067,FIXED_LAG_100MS,R02ZF_SARF000422__FIXED_LAG_100MS__R02ZF_REUSED_R02ZF_PERSON100015,R02ZF_REUSED_R02ZF_PERSON100015,1,14000,14000,False,R02ZF_REUSED_R02ZF_PERSON100015,"[[-10.804246100864063, 2.215704088847623]]",13.019950189711686,17,-250,100,False,False,False
R02ZF,R02ZF_SARF000422,422,14067,FIXED_LAG_100MS,R02ZF_SARF000422__FIXED_LAG_100MS__R02ZF_REUSED_R02ZF_PERSON100016,R02ZF_REUSED_R02ZF_PERSON100016,1,14167,14167,True,R02ZF_REUSED_R02ZF_PERSON100016,"[[-9.464311537909495, 3.7356298617513133]]",13.199941399660808,16,-250,100,False,False,False
R02ZF,R02ZF_SARF000422,422,14067,FULL_CONTEXT_OFFLINE,R02ZF_SARF000422__FULL_CONTEXT_OFFLINE__R02ZF_REUSED_R02ZF_PERSON011,R02ZF_REUSED_R02ZF_PERSON011,2,14222,14278,True,R02ZF_REUSED_R02ZF_PERSON011,"[[-8.876140392044064, 4.830065346189748]]",13.706205738233812,17,-250,250,False,False,False
R02ZF,R02ZF_SARF000422,422,14067,FULL_CONTEXT_OFFLINE,R02ZF_SARF000422__FULL_CONTEXT_OFFLINE__R02ZF_REUSED_R02ZF_PERSON100014,R02ZF_REUSED_R02ZF_PERSON100014,1,13944,13944,False,R02ZF_REUSED_R02ZF_PERSON100014,"[[-11.664204103954305, 1.495739249051141]]",13.159943353005445,17,-250,250,False,False,False
R02ZF,R02ZF_SARF000422,422,14067,FULL_CONTEXT_OFFLINE,R02ZF_SARF000422__FULL_CONTEXT_OFFLINE__R02ZF_REUSED_R02ZF_PERSON100015,R02ZF_REUSED_R02ZF_PERSON100015,1,14000,14000,False,R02ZF_REUSED_R02ZF_PERSON100015,"[[-10.804246100864063, 2.215704088847623]]",13.019950189711686,17,-250,250,False,False,False
R02ZF,R02ZF_SARF000422,422,14067,FULL_CONTEXT_OFFLINE,R02ZF_SARF000422__FULL_CONTEXT_OFFLINE__R02ZF_REUSED_R02ZF_PERSON100016,R02ZF_REUSED_R02ZF_PERSON100016,1,14167,14167,True,R02ZF_REUSED_R02ZF_PERSON100016,"[[-9.464311537909495, 3.7356298617513133]]",13.199941399660808,16,-250,250,False,False,False
R02ZF,R02ZF_SARF000423,423,14100,CAUSAL_REPLAY,R02ZF_SARF000423__CAUSAL_REPLAY__R02ZF_REUSED_R02ZF_PERSON100014,R02ZF_REUSED_R02ZF_PERSON100014,1,13944,13944,False,R02ZF_REUSED_R02ZF_PERSON100014,"[[-11.664204103954305, 1.495739249051141]]",13.159943353005445,16,-250,0,False,False,False
R02ZF,R02ZF_SARF000423,423,14100,CAUSAL_REPLAY,R02ZF_SARF000423__CAUSAL_REPLAY__R02ZF_REUSED_R02ZF_PERSON100015,R02ZF_REUSED_R02ZF_PERSON100015,1,14000,14000,False,R02ZF_REUSED_R02ZF_PERSON100015,"[[-10.804246100864063, 2.215704088847623]]",13.019950189711686,17,-250,0,False,False,False
R02ZF,R02ZF_SARF000423,423,14100,FIXED_LAG_100MS,R02ZF_SARF000423__FIXED_LAG_100MS__R02ZF_REUSED_R02ZF_PERSON100014,R02ZF_REUSED_R02ZF_PERSON100014,1,13944,13944,False,R02ZF_REUSED_R02ZF_PERSON100014,"[[-11.664204103954305, 1.495739249051141]]",13.159943353005445,16,-250,100,False,False,False
R02ZF,R02ZF_SARF000423,423,14100,FIXED_LAG_100MS,R02ZF_SARF000423__FIXED_LAG_100MS__R02ZF_REUSED_R02ZF_PERSON100015,R02ZF_REUSED_R02ZF_PERSON100015,1,14000,14000,False,R02ZF_REUSED_R02ZF_PERSON100015,"[[-10.804246100864063, 2.215704088847623]]",13.019950189711686,17,-250,100,False,False,False
R02ZF,R02ZF_SARF000423,423,14100,FIXED_LAG_100MS,R02ZF_SARF000423__FIXED_LAG_100MS__R02ZF_REUSED_R02ZF_PERSON100016,R02ZF_REUSED_R02ZF_PERSON100016,1,14167,14167,True,R02ZF_REUSED_R02ZF_PERSON100016,"[[-9.464311537909495, 3.7356298617513133]]",13.199941399660808,17,-250,100,False,False,False
R02ZF,R02ZF_SARF000423,423,14100,FULL_CONTEXT_OFFLINE,R02ZF_SARF000423__FULL_CONTEXT_OFFLINE__R02ZF_REUSED_R02ZF_PERSON011,R02ZF_REUSED_R02ZF_PERSON011,2,14222,14278,True,R02ZF_REUSED_R02ZF_PERSON011,"[[-8.876140392044064, 4.830065346189748]]",13.706205738233812,18,-250,250,False,False,False
R02ZF,R02ZF_SARF000423,423,14100,FULL_CONTEXT_OFFLINE,R02ZF_SARF000423__FULL_CONTEXT_OFFLINE__R02ZF_REUSED_R02ZF_PERSON100014,R02ZF_REUSED_R02ZF_PERSON100014,1,13944,13944,False,R02ZF_REUSED_R02ZF_PERSON100014,"[[-11.664204103954305, 1.495739249051141]]",13.159943353005445,16,-250,250,False,False,False
R02ZF,R02ZF_SARF000423,423,14100,FULL_CONTEXT_OFFLINE,R02ZF_SARF000423__FULL_CONTEXT_OFFLINE__R02ZF_REUSED_R02ZF_PERSON100015,R02ZF_REUSED_R02ZF_PERSON100015,1,14000,14000,False,R02ZF_REUSED_R02ZF_PERSON100015,"[[-10.804246100864063, 2.215704088847623]]",13.019950189711686,17,-250,250,False,False,False
R02ZF,R02ZF_SARF000423,423,14100,FULL_CONTEXT_OFFLINE,R02ZF_SARF000423__FULL_CONTEXT_OFFLINE__R02ZF_REUSED_R02ZF_PERSON100016,R02ZF_REUSED_R02ZF_PERSON100016,1,14167,14167,True,R02ZF_REUSED_R02ZF_PERSON100016,"[[-9.464311537909495, 3.7356298617513133]]",13.199941399660808,17,-250,250,False,False,False
R02ZF,R02ZF_SARF000423,423,14100,FULL_CONTEXT_OFFLINE,R02ZF_SARF000423__FULL_CONTEXT_OFFLINE__R02ZF_REUSED_R02ZF_PERSON100017,R02ZF_REUSED_R02ZF_PERSON100017,1,14333,14333,True,R02ZF_REUSED_R02ZF_PERSON100017,"[[-8.104377951627242, 5.255555634655003]]",13.359933586282246,19,-250,250,False,False,False
R02ZF,R02ZF_SARF000424,424,14133,CAUSAL_REPLAY,R02ZF_SARF000424__CAUSAL_REPLAY__R02ZF_REUSED_R02ZF_PERSON100014,R02ZF_REUSED_R02ZF_PERSON100014,1,13944,13944,False,R02ZF_REUSED_R02ZF_PERSON100014,"[[-11.664204103954305, 1.495739249051141]]",13.159943353005445,12,-250,0,False,False,False
R02ZF,R02ZF_SARF000424,424,14133,CAUSAL_REPLAY,R02ZF_SARF000424__CAUSAL_REPLAY__R02ZF_REUSED_R02ZF_PERSON100015,R02ZF_REUSED_R02ZF_PERSON100015,1,14000,14000,False,R02ZF_REUSED_R02ZF_PERSON100015,"[[-10.804246100864063, 2.215704088847623]]",13.019950189711686,13,-250,0,False,False,False
R02ZF,R02ZF_SARF000424,424,14133,FIXED_LAG_100MS,R02ZF_SARF000424__FIXED_LAG_100MS__R02ZF_REUSED_R02ZF_PERSON011,R02ZF_REUSED_R02ZF_PERSON011,1,14222,14222,True,R02ZF_REUSED_R02ZF_PERSON011,"[[-8.876140392044064, 4.323286709815662]]",13.199427101859726,13,-250,100,False,False,False
R02ZF,R02ZF_SARF000424,424,14133,FIXED_LAG_100MS,R02ZF_SARF000424__FIXED_LAG_100MS__R02ZF_REUSED_R02ZF_PERSON100014,R02ZF_REUSED_R02ZF_PERSON100014,1,13944,13944,False,R02ZF_REUSED_R02ZF_PERSON100014,"[[-11.664204103954305, 1.495739249051141]]",13.159943353005445,12,-250,100,False,False,False
R02ZF,R02ZF_SARF000424,424,14133,FIXED_LAG_100MS,R02ZF_SARF000424__FIXED_LAG_100MS__R02ZF_REUSED_R02ZF_PERSON100015,R02ZF_REUSED_R02ZF_PERSON100015,1,14000,14000,False,R02ZF_REUSED_R02ZF_PERSON100015,"[[-10.804246100864063, 2.215704088847623]]",13.019950189711686,13,-250,100,False,False,False
R02ZF,R02ZF_SARF000424,424,14133,FIXED_LAG_100MS,R02ZF_SARF000424__FIXED_LAG_100MS__R02ZF_REUSED_R02ZF_PERSON100016,R02ZF_REUSED_R02ZF_PERSON100016,1,14167,14167,True,R02ZF_REUSED_R02ZF_PERSON100016,"[[-9.464311537909495, 3.7356298617513133]]",13.199941399660808,12,-250,100,False,False,False
R02ZF,R02ZF_SARF000424,424,14133,FULL_CONTEXT_OFFLINE,R02ZF_SARF000424__FULL_CONTEXT_OFFLINE__R02ZF_REUSED_R02ZF_PERSON011,R02ZF_REUSED_R02ZF_PERSON011,2,14222,14278,True,R02ZF_REUSED_R02ZF_PERSON011,"[[-8.876140392044064, 4.830065346189748]]",13.706205738233812,13,-250,250,False,False,False
R02ZF,R02ZF_SARF000424,424,14133,FULL_CONTEXT_OFFLINE,R02ZF_SARF000424__FULL_CONTEXT_OFFLINE__R02ZF_REUSED_R02ZF_PERSON100014,R02ZF_REUSED_R02ZF_PERSON100014,1,13944,13944,False,R02ZF_REUSED_R02ZF_PERSON100014,"[[-11.664204103954305, 1.495739249051141]]",13.159943353005445,12,-250,250,False,False,False
R02ZF,R02ZF_SARF000424,424,14133,FULL_CONTEXT_OFFLINE,R02ZF_SARF000424__FULL_CONTEXT_OFFLINE__R02ZF_REUSED_R02ZF_PERSON100015,R02ZF_REUSED_R02ZF_PERSON100015,1,14000,14000,False,R02ZF_REUSED_R02ZF_PERSON100015,"[[-10.804246100864063, 2.215704088847623]]",13.019950189711686,13,-250,250,False,False,False
R02ZF,R02ZF_SARF000424,424,14133,FULL_CONTEXT_OFFLINE,R02ZF_SARF000424__FULL_CONTEXT_OFFLINE__R02ZF_REUSED_R02ZF_PERSON100016,R02ZF_REUSED_R02ZF_PERSON100016,1,14167,14167,True,R02ZF_REUSED_R02ZF_PERSON100016,"[[-9.464311537909495, 3.7356298617513133]]",13.199941399660808,12,-250,250,False,False,False
R02ZF,R02ZF_SARF000424,424,14133,FULL_CONTEXT_OFFLINE,R02ZF_SARF000424__FULL_CONTEXT_OFFLINE__R02ZF_REUSED_R02ZF_PERSON100017,R02ZF_REUSED_R02ZF_PERSON100017,1,14333,14333,True,R02ZF_REUSED_R02ZF_PERSON100017,"[[-8.104377951627242, 5.255555634655003]]",13.359933586282246,13,-250,250,False,False,False
R02ZF,R02ZF_SARF000425,425,14167,CAUSAL_REPLAY,R02ZF_SARF000425__CAUSAL_REPLAY__R02ZF_REUSED_R02ZF_PERSON100014,R02ZF_REUSED_R02ZF_PERSON100014,1,13944,13944,False,R02ZF_REUSED_R02ZF_PERSON100014,"[[-11.664204103954305, 1.495739249051141]]",13.159943353005445,15,-250,0,False,False,False
R02ZF,R02ZF_SARF000425,425,14167,CAUSAL_REPLAY,R02ZF_SARF000425__CAUSAL_REPLAY__R02ZF_REUSED_R02ZF_PERSON100015,R02ZF_REUSED_R02ZF_PERSON100015,1,14000,14000,False,R02ZF_REUSED_R02ZF_PERSON100015,"[[-10.804246100864063, 2.215704088847623]]",13.019950189711686,16,-250,0,False,False,False
R02ZF,R02ZF_SARF000425,425,14167,CAUSAL_REPLAY,R02ZF_SARF000425__CAUSAL_REPLAY__R02ZF_REUSED_R02ZF_PERSON100016,R02ZF_REUSED_R02ZF_PERSON100016,1,14167,14167,False,R02ZF_REUSED_R02ZF_PERSON100016,"[[-9.464311537909495, 3.7356298617513133]]",13.199941399660808,16,-250,0,False,False,False
R02ZF,R02ZF_SARF000425,425,14167,FIXED_LAG_100MS,R02ZF_SARF000425__FIXED_LAG_100MS__R02ZF_REUSED_R02ZF_PERSON011,R02ZF_REUSED_R02ZF_PERSON011,1,14222,14222,True,R02ZF_REUSED_R02ZF_PERSON011,"[[-8.876140392044064, 4.323286709815662]]",13.199427101859726,17,-250,100,False,False,False
R02ZF,R02ZF_SARF000425,425,14167,FIXED_LAG_100MS,R02ZF_SARF000425__FIXED_LAG_100MS__R02ZF_REUSED_R02ZF_PERSON100014,R02ZF_REUSED_R02ZF_PERSON100014,1,13944,13944,False,R02ZF_REUSED_R02ZF_PERSON100014,"[[-11.664204103954305, 1.495739249051141]]",13.159943353005445,15,-250,100,False,False,False
R02ZF,R02ZF_SARF000425,425,14167,FIXED_LAG_100MS,R02ZF_SARF000425__FIXED_LAG_100MS__R02ZF_REUSED_R02ZF_PERSON100015,R02ZF_REUSED_R02ZF_PERSON100015,1,14000,14000,False,R02ZF_REUSED_R02ZF_PERSON100015,"[[-10.804246100864063, 2.215704088847623]]",13.019950189711686,16,-250,100,False,False,False
R02ZF,R02ZF_SARF000425,425,14167,FIXED_LAG_100MS,R02ZF_SARF000425__FIXED_LAG_100MS__R02ZF_REUSED_R02ZF_PERSON100016,R02ZF_REUSED_R02ZF_PERSON100016,1,14167,14167,False,R02ZF_REUSED_R02ZF_PERSON100016,"[[-9.464311537909495, 3.7356298617513133]]",13.199941399660808,16,-250,100,False,False,False
R02ZF,R02ZF_SARF000425,425,14167,FULL_CONTEXT_OFFLINE,R02ZF_SARF000425__FULL_CONTEXT_OFFLINE__R02ZF_REUSED_R02ZF_PERSON011,R02ZF_REUSED_R02ZF_PERSON011,2,14222,14278,True,R02ZF_REUSED_R02ZF_PERSON011,"[[-8.876140392044064, 4.830065346189748]]",13.706205738233812,17,-250,250,False,False,False
R02ZF,R02ZF_SARF000425,425,14167,FULL_CONTEXT_OFFLINE,R02ZF_SARF000425__FULL_CONTEXT_OFFLINE__R02ZF_REUSED_R02ZF_PERSON100014,R02ZF_REUSED_R02ZF_PERSON100014,1,13944,13944,False,R02ZF_REUSED_R02ZF_PERSON100014,"[[-11.664204103954305, 1.495739249051141]]",13.159943353005445,15,-250,250,False,False,False
R02ZF,R02ZF_SARF000425,425,14167,FULL_CONTEXT_OFFLINE,R02ZF_SARF000425__FULL_CONTEXT_OFFLINE__R02ZF_REUSED_R02ZF_PERSON100015,R02ZF_REUSED_R02ZF_PERSON100015,1,14000,14000,False,R02ZF_REUSED_R02ZF_PERSON100015,"[[-10.804246100864063, 2.215704088847623]]",13.019950189711686,16,-250,250,False,False,False
R02ZF,R02ZF_SARF000425,425,14167,FULL_CONTEXT_OFFLINE,R02ZF_SARF000425__FULL_CONTEXT_OFFLINE__R02ZF_REUSED_R02ZF_PERSON100016,R02ZF_REUSED_R02ZF_PERSON100016,1,14167,14167,False,R02ZF_REUSED_R02ZF_PERSON100016,"[[-9.464311537909495, 3.7356298617513133]]",13.199941399660808,16,-250,250,False,False,False
R02ZF,R02ZF_SARF000425,425,14167,FULL_CONTEXT_OFFLINE,R02ZF_SARF000425__FULL_CONTEXT_OFFLINE__R02ZF_REUSED_R02ZF_PERSON100017,R02ZF_REUSED_R02ZF_PERSON100017,1,14333,14333,True,R02ZF_REUSED_R02ZF_PERSON100017,"[[-8.104377951627242, 5.255555634655003]]",13.359933586282246,16,-250,250,False,False,False
R02ZF,R02ZF_SARF000425,425,14167,FULL_CONTEXT_OFFLINE,R02ZF_SARF000425__FULL_CONTEXT_OFFLINE__R02ZF_REUSED_R02ZF_PERSON100018,R02ZF_REUSED_R02ZF_PERSON100018,1,14389,14389,True,R02ZF_REUSED_R02ZF_PERSON100018,"[[-7.624401391762923, 5.255555634655003]]",12.879957026417927,16,-250,250,False,False,False
R02ZF,R02ZF_SARF000426,426,14200,CAUSAL_REPLAY,R02ZF_SARF000426__CAUSAL_REPLAY__R02ZF_REUSED_R02ZF_PERSON100015,R02ZF_REUSED_R02ZF_PERSON100015,1,14000,14000,False,R02ZF_REUSED_R02ZF_PERSON100015,"[[-10.804246100864063, 2.215704088847623]]",13.019950189711686,14,-250,0,False,False,False
R02ZF,R02ZF_SARF000426,426,14200,CAUSAL_REPLAY,R02ZF_SARF000426__CAUSAL_REPLAY__R02ZF_REUSED_R02ZF_PERSON100016,R02ZF_REUSED_R02ZF_PERSON100016,1,14167,14167,False,R02ZF_REUSED_R02ZF_PERSON100016,"[[-9.464311537909495, 3.7356298617513133]]",13.199941399660808,14,-250,0,False,False,False
R02ZF,R02ZF_SARF000426,426,14200,FIXED_LAG_100MS,R02ZF_SARF000426__FIXED_LAG_100MS__R02ZF_REUSED_R02ZF_PERSON011,R02ZF_REUSED_R02ZF_PERSON011,2,14222,14278,True,R02ZF_REUSED_R02ZF_PERSON011,"[[-8.876140392044064, 4.830065346189748]]",13.706205738233812,15,-250,100,False,False,False
R02ZF,R02ZF_SARF000426,426,14200,FIXED_LAG_100MS,R02ZF_SARF000426__FIXED_LAG_100MS__R02ZF_REUSED_R02ZF_PERSON100015,R02ZF_REUSED_R02ZF_PERSON100015,1,14000,14000,False,R02ZF_REUSED_R02ZF_PERSON100015,"[[-10.804246100864063, 2.215704088847623]]",13.019950189711686,14,-250,100,False,False,False
R02ZF,R02ZF_SARF000426,426,14200,FIXED_LAG_100MS,R02ZF_SARF000426__FIXED_LAG_100MS__R02ZF_REUSED_R02ZF_PERSON100016,R02ZF_REUSED_R02ZF_PERSON100016,1,14167,14167,False,R02ZF_REUSED_R02ZF_PERSON100016,"[[-9.464311537909495, 3.7356298617513133]]",13.199941399660808,14,-250,100,False,False,False
R02ZF,R02ZF_SARF000426,426,14200,FULL_CONTEXT_OFFLINE,R02ZF_SARF000426__FULL_CONTEXT_OFFLINE__R02ZF_REUSED_R02ZF_PERSON011,R02ZF_REUSED_R02ZF_PERSON011,2,14222,14278,True,R02ZF_REUSED_R02ZF_PERSON011,"[[-8.876140392044064, 4.830065346189748]]",13.706205738233812,15,-250,250,False,False,False
R02ZF,R02ZF_SARF000426,426,14200,FULL_CONTEXT_OFFLINE,R02ZF_SARF000426__FULL_CONTEXT_OFFLINE__R02ZF_REUSED_R02ZF_PERSON100015,R02ZF_REUSED_R02ZF_PERSON100015,1,14000,14000,False,R02ZF_REUSED_R02ZF_PERSON100015,"[[-10.804246100864063, 2.215704088847623]]",13.019950189711686,14,-250,250,False,False,False
R02ZF,R02ZF_SARF000426,426,14200,FULL_CONTEXT_OFFLINE,R02ZF_SARF000426__FULL_CONTEXT_OFFLINE__R02ZF_REUSED_R02ZF_PERSON100016,R02ZF_REUSED_R02ZF_PERSON100016,1,14167,14167,False,R02ZF_REUSED_R02ZF_PERSON100016,"[[-9.464311537909495, 3.7356298617513133]]",13.199941399660808,14,-250,250,False,False,False
R02ZF,R02ZF_SARF000426,426,14200,FULL_CONTEXT_OFFLINE,R02ZF_SARF000426__FULL_CONTEXT_OFFLINE__R02ZF_REUSED_R02ZF_PERSON100017,R02ZF_REUSED_R02ZF_PERSON100017,1,14333,14333,True,R02ZF_REUSED_R02ZF_PERSON100017,"[[-8.104377951627242, 5.255555634655003]]",13.359933586282246,15,-250,250,False,False,False
R02ZF,R02ZF_SARF000426,426,14200,FULL_CONTEXT_OFFLINE,R02ZF_SARF000426__FULL_CONTEXT_OFFLINE__R02ZF_REUSED_R02ZF_PERSON100018,R02ZF_REUSED_R02ZF_PERSON100018,1,14389,14389,True,R02ZF_REUSED_R02ZF_PERSON100018,"[[-7.624401391762923, 5.255555634655003]]",12.879957026417927,15,-250,250,False,False,False
R02ZF,R02ZF_SARF000427,427,14233,CAUSAL_REPLAY,R02ZF_SARF000427__CAUSAL_REPLAY__R02ZF_REUSED_R02ZF_PERSON011,R02ZF_REUSED_R02ZF_PERSON011,1,14222,14222,False,R02ZF_REUSED_R02ZF_PERSON011,"[[-8.876140392044064, 4.323286709815662]]",13.199427101859726,14,-250,0,False,False,False
R02ZF,R02ZF_SARF000427,427,14233,CAUSAL_REPLAY,R02ZF_SARF000427__CAUSAL_REPLAY__R02ZF_REUSED_R02ZF_PERSON100015,R02ZF_REUSED_R02ZF_PERSON100015,1,14000,14000,False,R02ZF_REUSED_R02ZF_PERSON100015,"[[-10.804246100864063, 2.215704088847623]]",13.019950189711686,13,-250,0,False,False,False
R02ZF,R02ZF_SARF000427,427,14233,CAUSAL_REPLAY,R02ZF_SARF000427__CAUSAL_REPLAY__R02ZF_REUSED_R02ZF_PERSON100016,R02ZF_REUSED_R02ZF_PERSON100016,1,14167,14167,False,R02ZF_REUSED_R02ZF_PERSON100016,"[[-9.464311537909495, 3.7356298617513133]]",13.199941399660808,13,-250,0,False,False,False
R02ZF,R02ZF_SARF000427,427,14233,FIXED_LAG_100MS,R02ZF_SARF000427__FIXED_LAG_100MS__R02ZF_REUSED_R02ZF_PERSON011,R02ZF_REUSED_R02ZF_PERSON011,2,14222,14278,True,R02ZF_REUSED_R02ZF_PERSON011,"[[-8.876140392044064, 4.830065346189748]]",13.706205738233812,14,-250,100,False,False,False
R02ZF,R02ZF_SARF000427,427,14233,FIXED_LAG_100MS,R02ZF_SARF000427__FIXED_LAG_100MS__R02ZF_REUSED_R02ZF_PERSON100015,R02ZF_REUSED_R02ZF_PERSON100015,1,14000,14000,False,R02ZF_REUSED_R02ZF_PERSON100015,"[[-10.804246100864063, 2.215704088847623]]",13.019950189711686,13,-250,100,False,False,False
R02ZF,R02ZF_SARF000427,427,14233,FIXED_LAG_100MS,R02ZF_SARF000427__FIXED_LAG_100MS__R02ZF_REUSED_R02ZF_PERSON100016,R02ZF_REUSED_R02ZF_PERSON100016,1,14167,14167,False,R02ZF_REUSED_R02ZF_PERSON100016,"[[-9.464311537909495, 3.7356298617513133]]",13.199941399660808,13,-250,100,False,False,False
R02ZF,R02ZF_SARF000427,427,14233,FIXED_LAG_100MS,R02ZF_SARF000427__FIXED_LAG_100MS__R02ZF_REUSED_R02ZF_PERSON100017,R02ZF_REUSED_R02ZF_PERSON100017,1,14333,14333,True,R02ZF_REUSED_R02ZF_PERSON100017,"[[-8.104377951627242, 5.255555634655003]]",13.359933586282246,14,-250,100,False,False,False
R02ZF,R02ZF_SARF000427,427,14233,FULL_CONTEXT_OFFLINE,R02ZF_SARF000427__FULL_CONTEXT_OFFLINE__R02ZF_REUSED_R02ZF_PERSON011,R02ZF_REUSED_R02ZF_PERSON011,2,14222,14278,True,R02ZF_REUSED_R02ZF_PERSON011,"[[-8.876140392044064, 4.830065346189748]]",13.706205738233812,14,-250,250,False,False,False
R02ZF,R02ZF_SARF000427,427,14233,FULL_CONTEXT_OFFLINE,R02ZF_SARF000427__FULL_CONTEXT_OFFLINE__R02ZF_REUSED_R02ZF_PERSON100015,R02ZF_REUSED_R02ZF_PERSON100015,1,14000,14000,False,R02ZF_REUSED_R02ZF_PERSON100015,"[[-10.804246100864063, 2.215704088847623]]",13.019950189711686,13,-250,250,False,False,False
R02ZF,R02ZF_SARF000427,427,14233,FULL_CONTEXT_OFFLINE,R02ZF_SARF000427__FULL_CONTEXT_OFFLINE__R02ZF_REUSED_R02ZF_PERSON100016,R02ZF_REUSED_R02ZF_PERSON100016,1,14167,14167,False,R02ZF_REUSED_R02ZF_PERSON100016,"[[-9.464311537909495, 3.7356298617513133]]",13.199941399660808,13,-250,250,False,False,False
R02ZF,R02ZF_SARF000427,427,14233,FULL_CONTEXT_OFFLINE,R02ZF_SARF000427__FULL_CONTEXT_OFFLINE__R02ZF_REUSED_R02ZF_PERSON100017,R02ZF_REUSED_R02ZF_PERSON100017,1,14333,14333,True,R02ZF_REUSED_R02ZF_PERSON100017,"[[-8.104377951627242, 5.255555634655003]]",13.359933586282246,14,-250,250,False,False,False
R02ZF,R02ZF_SARF000427,427,14233,FULL_CONTEXT_OFFLINE,R02ZF_SARF000427__FULL_CONTEXT_OFFLINE__R02ZF_REUSED_R02ZF_PERSON100018,R02ZF_REUSED_R02ZF_PERSON100018,1,14389,14389,True,R02ZF_REUSED_R02ZF_PERSON100018,"[[-7.624401391762923, 5.255555634655003]]",12.879957026417927,14,-250,250,False,False,False
R02ZF,R02ZF_SARF000428,428,14267,CAUSAL_REPLAY,R02ZF_SARF000428__CAUSAL_REPLAY__R02ZF_REUSED_R02ZF_PERSON011,R02ZF_REUSED_R02ZF_PERSON011,1,14222,14222,False,R02ZF_REUSED_R02ZF_PERSON011,"[[-8.876140392044064, 4.323286709815662]]",13.199427101859726,14,-250,0,False,False,False
R02ZF,R02ZF_SARF000428,428,14267,CAUSAL_REPLAY,R02ZF_SARF000428__CAUSAL_REPLAY__R02ZF_REUSED_R02ZF_PERSON100016,R02ZF_REUSED_R02ZF_PERSON100016,1,14167,14167,False,R02ZF_REUSED_R02ZF_PERSON100016,"[[-9.464311537909495, 3.7356298617513133]]",13.199941399660808,15,-250,0,False,False,False
R02ZF,R02ZF_SARF000428,428,14267,FIXED_LAG_100MS,R02ZF_SARF000428__FIXED_LAG_100MS__R02ZF_REUSED_R02ZF_PERSON011,R02ZF_REUSED_R02ZF_PERSON011,2,14222,14278,True,R02ZF_REUSED_R02ZF_PERSON011,"[[-8.876140392044064, 4.830065346189748]]",13.706205738233812,14,-250,100,False,False,False
R02ZF,R02ZF_SARF000428,428,14267,FIXED_LAG_100MS,R02ZF_SARF000428__FIXED_LAG_100MS__R02ZF_REUSED_R02ZF_PERSON100016,R02ZF_REUSED_R02ZF_PERSON100016,1,14167,14167,False,R02ZF_REUSED_R02ZF_PERSON100016,"[[-9.464311537909495, 3.7356298617513133]]",13.199941399660808,15,-250,100,False,False,False
R02ZF,R02ZF_SARF000428,428,14267,FIXED_LAG_100MS,R02ZF_SARF000428__FIXED_LAG_100MS__R02ZF_REUSED_R02ZF_PERSON100017,R02ZF_REUSED_R02ZF_PERSON100017,1,14333,14333,True,R02ZF_REUSED_R02ZF_PERSON100017,"[[-8.104377951627242, 5.255555634655003]]",13.359933586282246,15,-250,100,False,False,False
R02ZF,R02ZF_SARF000428,428,14267,FULL_CONTEXT_OFFLINE,R02ZF_SARF000428__FULL_CONTEXT_OFFLINE__R02ZF_REUSED_R02ZF_PERSON011,R02ZF_REUSED_R02ZF_PERSON011,2,14222,14278,True,R02ZF_REUSED_R02ZF_PERSON011,"[[-8.876140392044064, 4.830065346189748]]",13.706205738233812,14,-250,250,False,False,False
R02ZF,R02ZF_SARF000428,428,14267,FULL_CONTEXT_OFFLINE,R02ZF_SARF000428__FULL_CONTEXT_OFFLINE__R02ZF_REUSED_R02ZF_PERSON100016,R02ZF_REUSED_R02ZF_PERSON100016,1,14167,14167,False,R02ZF_REUSED_R02ZF_PERSON100016,"[[-9.464311537909495, 3.7356298617513133]]",13.199941399660808,15,-250,250,False,False,False
R02ZF,R02ZF_SARF000428,428,14267,FULL_CONTEXT_OFFLINE,R02ZF_SARF000428__FULL_CONTEXT_OFFLINE__R02ZF_REUSED_R02ZF_PERSON100017,R02ZF_REUSED_R02ZF_PERSON100017,1,14333,14333,True,R02ZF_REUSED_R02ZF_PERSON100017,"[[-8.104377951627242, 5.255555634655003]]",13.359933586282246,15,-250,250,False,False,False
R02ZF,R02ZF_SARF000428,428,14267,FULL_CONTEXT_OFFLINE,R02ZF_SARF000428__FULL_CONTEXT_OFFLINE__R02ZF_REUSED_R02ZF_PERSON100018,R02ZF_REUSED_R02ZF_PERSON100018,1,14389,14389,True,R02ZF_REUSED_R02ZF_PERSON100018,"[[-7.624401391762923, 5.255555634655003]]",12.879957026417927,15,-250,250,False,False,False
R02ZF,R02ZF_SARF000428,428,14267,FULL_CONTEXT_OFFLINE,R02ZF_SARF000428__FULL_CONTEXT_OFFLINE__R02ZF_REUSED_R02ZF_PERSON100019,R02ZF_REUSED_R02ZF_PERSON100019,1,14500,14500,True,R02ZF_REUSED_R02ZF_PERSON100019,"[[-6.824440458655715, 6.295504847694367]]",13.119945306350083,16,-250,250,False,False,False
R02ZF,R02ZF_SARF000429,429,14300,CAUSAL_REPLAY,R02ZF_SARF000429__CAUSAL_REPLAY__R02ZF_REUSED_R02ZF_PERSON011,R02ZF_REUSED_R02ZF_PERSON011,2,14222,14278,False,R02ZF_REUSED_R02ZF_PERSON011,"[[-8.876140392044064, 4.830065346189748]]",13.706205738233812,13,-250,0,False,False,False
R02ZF,R02ZF_SARF000429,429,14300,CAUSAL_REPLAY,R02ZF_SARF000429__CAUSAL_REPLAY__R02ZF_REUSED_R02ZF_PERSON100016,R02ZF_REUSED_R02ZF_PERSON100016,1,14167,14167,False,R02ZF_REUSED_R02ZF_PERSON100016,"[[-9.464311537909495, 3.7356298617513133]]",13.199941399660808,13,-250,0,False,False,False
R02ZF,R02ZF_SARF000429,429,14300,FIXED_LAG_100MS,R02ZF_SARF000429__FIXED_LAG_100MS__R02ZF_REUSED_R02ZF_PERSON011,R02ZF_REUSED_R02ZF_PERSON011,2,14222,14278,False,R02ZF_REUSED_R02ZF_PERSON011,"[[-8.876140392044064, 4.830065346189748]]",13.706205738233812,13,-250,100,False,False,False
R02ZF,R02ZF_SARF000429,429,14300,FIXED_LAG_100MS,R02ZF_SARF000429__FIXED_LAG_100MS__R02ZF_REUSED_R02ZF_PERSON100016,R02ZF_REUSED_R02ZF_PERSON100016,1,14167,14167,False,R02ZF_REUSED_R02ZF_PERSON100016,"[[-9.464311537909495, 3.7356298617513133]]",13.199941399660808,13,-250,100,False,False,False
R02ZF,R02ZF_SARF000429,429,14300,FIXED_LAG_100MS,R02ZF_SARF000429__FIXED_LAG_100MS__R02ZF_REUSED_R02ZF_PERSON100017,R02ZF_REUSED_R02ZF_PERSON100017,1,14333,14333,True,R02ZF_REUSED_R02ZF_PERSON100017,"[[-8.104377951627242, 5.255555634655003]]",13.359933586282246,12,-250,100,False,False,False
R02ZF,R02ZF_SARF000429,429,14300,FIXED_LAG_100MS,R02ZF_SARF000429__FIXED_LAG_100MS__R02ZF_REUSED_R02ZF_PERSON100018,R02ZF_REUSED_R02ZF_PERSON100018,1,14389,14389,True,R02ZF_REUSED_R02ZF_PERSON100018,"[[-7.624401391762923, 5.255555634655003]]",12.879957026417927,12,-250,100,False,False,False
R02ZF,R02ZF_SARF000429,429,14300,FULL_CONTEXT_OFFLINE,R02ZF_SARF000429__FULL_CONTEXT_OFFLINE__R02ZF_REUSED_R02ZF_PERSON011,R02ZF_REUSED_R02ZF_PERSON011,2,14222,14278,False,R02ZF_REUSED_R02ZF_PERSON011,"[[-8.876140392044064, 4.830065346189748]]",13.706205738233812,13,-250,250,False,False,False
R02ZF,R02ZF_SARF000429,429,14300,FULL_CONTEXT_OFFLINE,R02ZF_SARF000429__FULL_CONTEXT_OFFLINE__R02ZF_REUSED_R02ZF_PERSON100016,R02ZF_REUSED_R02ZF_PERSON100016,1,14167,14167,False,R02ZF_REUSED_R02ZF_PERSON100016,"[[-9.464311537909495, 3.7356298617513133]]",13.199941399660808,13,-250,250,False,False,False
R02ZF,R02ZF_SARF000429,429,14300,FULL_CONTEXT_OFFLINE,R02ZF_SARF000429__FULL_CONTEXT_OFFLINE__R02ZF_REUSED_R02ZF_PERSON100017,R02ZF_REUSED_R02ZF_PERSON100017,1,14333,14333,True,R02ZF_REUSED_R02ZF_PERSON100017,"[[-8.104377951627242, 5.255555634655003]]",13.359933586282246,12,-250,250,False,False,False
R02ZF,R02ZF_SARF000429,429,14300,FULL_CONTEXT_OFFLINE,R02ZF_SARF000429__FULL_CONTEXT_OFFLINE__R02ZF_REUSED_R02ZF_PERSON100018,R02ZF_REUSED_R02ZF_PERSON100018,1,14389,14389,True,R02ZF_REUSED_R02ZF_PERSON100018,"[[-7.624401391762923, 5.255555634655003]]",12.879957026417927,12,-250,250,False,False,False
R02ZF,R02ZF_SARF000429,429,14300,FULL_CONTEXT_OFFLINE,R02ZF_SARF000429__FULL_CONTEXT_OFFLINE__R02ZF_REUSED_R02ZF_PERSON100019,R02ZF_REUSED_R02ZF_PERSON100019,1,14500,14500,True,R02ZF_REUSED_R02ZF_PERSON100019,"[[-6.824440458655715, 6.295504847694367]]",13.119945306350083,12,-250,250,False,False,False
R02ZF,R02ZF_SARF000430,430,14333,CAUSAL_REPLAY,R02ZF_SARF000430__CAUSAL_REPLAY__R02ZF_REUSED_R02ZF_PERSON011,R02ZF_REUSED_R02ZF_PERSON011,2,14222,14278,False,R02ZF_REUSED_R02ZF_PERSON011,"[[-8.876140392044064, 4.830065346189748]]",13.706205738233812,13,-250,0,False,False,False
R02ZF,R02ZF_SARF000430,430,14333,CAUSAL_REPLAY,R02ZF_SARF000430__CAUSAL_REPLAY__R02ZF_REUSED_R02ZF_PERSON100016,R02ZF_REUSED_R02ZF_PERSON100016,1,14167,14167,False,R02ZF_REUSED_R02ZF_PERSON100016,"[[-9.464311537909495, 3.7356298617513133]]",13.199941399660808,13,-250,0,False,False,False
R02ZF,R02ZF_SARF000430,430,14333,CAUSAL_REPLAY,R02ZF_SARF000430__CAUSAL_REPLAY__R02ZF_REUSED_R02ZF_PERSON100017,R02ZF_REUSED_R02ZF_PERSON100017,1,14333,14333,False,R02ZF_REUSED_R02ZF_PERSON100017,"[[-8.104377951627242, 5.255555634655003]]",13.359933586282246,13,-250,0,False,False,False
R02ZF,R02ZF_SARF000430,430,14333,FIXED_LAG_100MS,R02ZF_SARF000430__FIXED_LAG_100MS__R02ZF_REUSED_R02ZF_PERSON011,R02ZF_REUSED_R02ZF_PERSON011,2,14222,14278,False,R02ZF_REUSED_R02ZF_PERSON011,"[[-8.876140392044064, 4.830065346189748]]",13.706205738233812,13,-250,100,False,False,False
R02ZF,R02ZF_SARF000430,430,14333,FIXED_LAG_100MS,R02ZF_SARF000430__FIXED_LAG_100MS__R02ZF_REUSED_R02ZF_PERSON100016,R02ZF_REUSED_R02ZF_PERSON100016,1,14167,14167,False,R02ZF_REUSED_R02ZF_PERSON100016,"[[-9.464311537909495, 3.7356298617513133]]",13.199941399660808,13,-250,100,False,False,False
R02ZF,R02ZF_SARF000430,430,14333,FIXED_LAG_100MS,R02ZF_SARF000430__FIXED_LAG_100MS__R02ZF_REUSED_R02ZF_PERSON100017,R02ZF_REUSED_R02ZF_PERSON100017,1,14333,14333,False,R02ZF_REUSED_R02ZF_PERSON100017,"[[-8.104377951627242, 5.255555634655003]]",13.359933586282246,13,-250,100,False,False,False
R02ZF,R02ZF_SARF000430,430,14333,FIXED_LAG_100MS,R02ZF_SARF000430__FIXED_LAG_100MS__R02ZF_REUSED_R02ZF_PERSON100018,R02ZF_REUSED_R02ZF_PERSON100018,1,14389,14389,True,R02ZF_REUSED_R02ZF_PERSON100018,"[[-7.624401391762923, 5.255555634655003]]",12.879957026417927,12,-250,100,False,False,False
R02ZF,R02ZF_SARF000430,430,14333,FULL_CONTEXT_OFFLINE,R02ZF_SARF000430__FULL_CONTEXT_OFFLINE__R02ZF_REUSED_R02ZF_PERSON011,R02ZF_REUSED_R02ZF_PERSON011,2,14222,14278,False,R02ZF_REUSED_R02ZF_PERSON011,"[[-8.876140392044064, 4.830065346189748]]",13.706205738233812,13,-250,250,False,False,False
R02ZF,R02ZF_SARF000430,430,14333,FULL_CONTEXT_OFFLINE,R02ZF_SARF000430__FULL_CONTEXT_OFFLINE__R02ZF_REUSED_R02ZF_PERSON100016,R02ZF_REUSED_R02ZF_PERSON100016,1,14167,14167,False,R02ZF_REUSED_R02ZF_PERSON100016,"[[-9.464311537909495, 3.7356298617513133]]",13.199941399660808,13,-250,250,False,False,False
R02ZF,R02ZF_SARF000430,430,14333,FULL_CONTEXT_OFFLINE,R02ZF_SARF000430__FULL_CONTEXT_OFFLINE__R02ZF_REUSED_R02ZF_PERSON100017,R02ZF_REUSED_R02ZF_PERSON100017,1,14333,14333,False,R02ZF_REUSED_R02ZF_PERSON100017,"[[-8.104377951627242, 5.255555634655003]]",13.359933586282246,13,-250,250,False,False,False
R02ZF,R02ZF_SARF000430,430,14333,FULL_CONTEXT_OFFLINE,R02ZF_SARF000430__FULL_CONTEXT_OFFLINE__R02ZF_REUSED_R02ZF_PERSON100018,R02ZF_REUSED_R02ZF_PERSON100018,1,14389,14389,True,R02ZF_REUSED_R02ZF_PERSON100018,"[[-7.624401391762923, 5.255555634655003]]",12.879957026417927,12,-250,250,False,False,False
R02ZF,R02ZF_SARF000430,430,14333,FULL_CONTEXT_OFFLINE,R02ZF_SARF000430__FULL_CONTEXT_OFFLINE__R02ZF_REUSED_R02ZF_PERSON100019,R02ZF_REUSED_R02ZF_PERSON100019,1,14500,14500,True,R02ZF_REUSED_R02ZF_PERSON100019,"[[-6.824440458655715, 6.295504847694367]]",13.119945306350083,12,-250,250,False,False,False
R02ZF,R02ZF_SARF000431,431,14367,CAUSAL_REPLAY,R02ZF_SARF000431__CAUSAL_REPLAY__R02ZF_REUSED_R02ZF_PERSON011,R02ZF_REUSED_R02ZF_PERSON011,2,14222,14278,False,R02ZF_REUSED_R02ZF_PERSON011,"[[-8.876140392044064, 4.830065346189748]]",13.706205738233812,18,-250,0,False,False,False
R02ZF,R02ZF_SARF000431,431,14367,CAUSAL_REPLAY,R02ZF_SARF000431__CAUSAL_REPLAY__R02ZF_REUSED_R02ZF_PERSON100016,R02ZF_REUSED_R02ZF_PERSON100016,1,14167,14167,False,R02ZF_REUSED_R02ZF_PERSON100016,"[[-9.464311537909495, 3.7356298617513133]]",13.199941399660808,18,-250,0,False,False,False
R02ZF,R02ZF_SARF000431,431,14367,CAUSAL_REPLAY,R02ZF_SARF000431__CAUSAL_REPLAY__R02ZF_REUSED_R02ZF_PERSON100017,R02ZF_REUSED_R02ZF_PERSON100017,1,14333,14333,False,R02ZF_REUSED_R02ZF_PERSON100017,"[[-8.104377951627242, 5.255555634655003]]",13.359933586282246,18,-250,0,False,False,False
R02ZF,R02ZF_SARF000431,431,14367,FIXED_LAG_100MS,R02ZF_SARF000431__FIXED_LAG_100MS__R02ZF_REUSED_R02ZF_PERSON011,R02ZF_REUSED_R02ZF_PERSON011,2,14222,14278,False,R02ZF_REUSED_R02ZF_PERSON011,"[[-8.876140392044064, 4.830065346189748]]",13.706205738233812,18,-250,100,False,False,False
R02ZF,R02ZF_SARF000431,431,14367,FIXED_LAG_100MS,R02ZF_SARF000431__FIXED_LAG_100MS__R02ZF_REUSED_R02ZF_PERSON100016,R02ZF_REUSED_R02ZF_PERSON100016,1,14167,14167,False,R02ZF_REUSED_R02ZF_PERSON100016,"[[-9.464311537909495, 3.7356298617513133]]",13.199941399660808,18,-250,100,False,False,False
R02ZF,R02ZF_SARF000431,431,14367,FIXED_LAG_100MS,R02ZF_SARF000431__FIXED_LAG_100MS__R02ZF_REUSED_R02ZF_PERSON100017,R02ZF_REUSED_R02ZF_PERSON100017,1,14333,14333,False,R02ZF_REUSED_R02ZF_PERSON100017,"[[-8.104377951627242, 5.255555634655003]]",13.359933586282246,18,-250,100,False,False,False
R02ZF,R02ZF_SARF000431,431,14367,FIXED_LAG_100MS,R02ZF_SARF000431__FIXED_LAG_100MS__R02ZF_REUSED_R02ZF_PERSON100018,R02ZF_REUSED_R02ZF_PERSON100018,1,14389,14389,True,R02ZF_REUSED_R02ZF_PERSON100018,"[[-7.624401391762923, 5.255555634655003]]",12.879957026417927,17,-250,100,False,False,False
R02ZF,R02ZF_SARF000431,431,14367,FULL_CONTEXT_OFFLINE,R02ZF_SARF000431__FULL_CONTEXT_OFFLINE__R02ZF_REUSED_R02ZF_PERSON011,R02ZF_REUSED_R02ZF_PERSON011,2,14222,14278,False,R02ZF_REUSED_R02ZF_PERSON011,"[[-8.876140392044064, 4.830065346189748]]",13.706205738233812,18,-250,250,False,False,False
R02ZF,R02ZF_SARF000431,431,14367,FULL_CONTEXT_OFFLINE,R02ZF_SARF000431__FULL_CONTEXT_OFFLINE__R02ZF_REUSED_R02ZF_PERSON100016,R02ZF_REUSED_R02ZF_PERSON100016,1,14167,14167,False,R02ZF_REUSED_R02ZF_PERSON100016,"[[-9.464311537909495, 3.7356298617513133]]",13.199941399660808,18,-250,250,False,False,False
R02ZF,R02ZF_SARF000431,431,14367,FULL_CONTEXT_OFFLINE,R02ZF_SARF000431__FULL_CONTEXT_OFFLINE__R02ZF_REUSED_R02ZF_PERSON100017,R02ZF_REUSED_R02ZF_PERSON100017,1,14333,14333,False,R02ZF_REUSED_R02ZF_PERSON100017,"[[-8.104377951627242, 5.255555634655003]]",13.359933586282246,18,-250,250,False,False,False
R02ZF,R02ZF_SARF000431,431,14367,FULL_CONTEXT_OFFLINE,R02ZF_SARF000431__FULL_CONTEXT_OFFLINE__R02ZF_REUSED_R02ZF_PERSON100018,R02ZF_REUSED_R02ZF_PERSON100018,1,14389,14389,True,R02ZF_REUSED_R02ZF_PERSON100018,"[[-7.624401391762923, 5.255555634655003]]",12.879957026417927,17,-250,250,False,False,False
R02ZF,R02ZF_SARF000431,431,14367,FULL_CONTEXT_OFFLINE,R02ZF_SARF000431__FULL_CONTEXT_OFFLINE__R02ZF_REUSED_R02ZF_PERSON100019,R02ZF_REUSED_R02ZF_PERSON100019,1,14500,14500,True,R02ZF_REUSED_R02ZF_PERSON100019,"[[-6.824440458655715, 6.295504847694367]]",13.119945306350083,18,-250,250,False,False,False
R02ZF,R02ZF_SARF000432,432,14400,CAUSAL_REPLAY,R02ZF_SARF000432__CAUSAL_REPLAY__R02ZF_REUSED_R02ZF_PERSON011,R02ZF_REUSED_R02ZF_PERSON011,2,14222,14278,False,R02ZF_REUSED_R02ZF_PERSON011,"[[-8.876140392044064, 4.830065346189748]]",13.706205738233812,15,-250,0,False,False,False
R02ZF,R02ZF_SARF000432,432,14400,CAUSAL_REPLAY,R02ZF_SARF000432__CAUSAL_REPLAY__R02ZF_REUSED_R02ZF_PERSON100016,R02ZF_REUSED_R02ZF_PERSON100016,1,14167,14167,False,R02ZF_REUSED_R02ZF_PERSON100016,"[[-9.464311537909495, 3.7356298617513133]]",13.199941399660808,12,-250,0,False,False,False
R02ZF,R02ZF_SARF000432,432,14400,CAUSAL_REPLAY,R02ZF_SARF000432__CAUSAL_REPLAY__R02ZF_REUSED_R02ZF_PERSON100017,R02ZF_REUSED_R02ZF_PERSON100017,1,14333,14333,False,R02ZF_REUSED_R02ZF_PERSON100017,"[[-8.104377951627242, 5.255555634655003]]",13.359933586282246,15,-250,0,False,False,False
R02ZF,R02ZF_SARF000432,432,14400,CAUSAL_REPLAY,R02ZF_SARF000432__CAUSAL_REPLAY__R02ZF_REUSED_R02ZF_PERSON100018,R02ZF_REUSED_R02ZF_PERSON100018,1,14389,14389,False,R02ZF_REUSED_R02ZF_PERSON100018,"[[-7.624401391762923, 5.255555634655003]]",12.879957026417927,15,-250,0,False,False,False
R02ZF,R02ZF_SARF000432,432,14400,FIXED_LAG_100MS,R02ZF_SARF000432__FIXED_LAG_100MS__R02ZF_REUSED_R02ZF_PERSON011,R02ZF_REUSED_R02ZF_PERSON011,2,14222,14278,False,R02ZF_REUSED_R02ZF_PERSON011,"[[-8.876140392044064, 4.830065346189748]]",13.706205738233812,15,-250,100,False,False,False
R02ZF,R02ZF_SARF000432,432,14400,FIXED_LAG_100MS,R02ZF_SARF000432__FIXED_LAG_100MS__R02ZF_REUSED_R02ZF_PERSON100016,R02ZF_REUSED_R02ZF_PERSON100016,1,14167,14167,False,R02ZF_REUSED_R02ZF_PERSON100016,"[[-9.464311537909495, 3.7356298617513133]]",13.199941399660808,12,-250,100,False,False,False
R02ZF,R02ZF_SARF000432,432,14400,FIXED_LAG_100MS,R02ZF_SARF000432__FIXED_LAG_100MS__R02ZF_REUSED_R02ZF_PERSON100017,R02ZF_REUSED_R02ZF_PERSON100017,1,14333,14333,False,R02ZF_REUSED_R02ZF_PERSON100017,"[[-8.104377951627242, 5.255555634655003]]",13.359933586282246,15,-250,100,False,False,False
R02ZF,R02ZF_SARF000432,432,14400,FIXED_LAG_100MS,R02ZF_SARF000432__FIXED_LAG_100MS__R02ZF_REUSED_R02ZF_PERSON100018,R02ZF_REUSED_R02ZF_PERSON100018,1,14389,14389,False,R02ZF_REUSED_R02ZF_PERSON100018,"[[-7.624401391762923, 5.255555634655003]]",12.879957026417927,15,-250,100,False,False,False
R02ZF,R02ZF_SARF000432,432,14400,FIXED_LAG_100MS,R02ZF_SARF000432__FIXED_LAG_100MS__R02ZF_REUSED_R02ZF_PERSON100019,R02ZF_REUSED_R02ZF_PERSON100019,1,14500,14500,True,R02ZF_REUSED_R02ZF_PERSON100019,"[[-6.824440458655715, 6.295504847694367]]",13.119945306350083,14,-250,100,False,False,False
R02ZF,R02ZF_SARF000432,432,14400,FULL_CONTEXT_OFFLINE,R02ZF_SARF000432__FULL_CONTEXT_OFFLINE__R02ZF_REUSED_R02ZF_PERSON011,R02ZF_REUSED_R02ZF_PERSON011,2,14222,14278,False,R02ZF_REUSED_R02ZF_PERSON011,"[[-8.876140392044064, 4.830065346189748]]",13.706205738233812,15,-250,250,False,False,False
R02ZF,R02ZF_SARF000432,432,14400,FULL_CONTEXT_OFFLINE,R02ZF_SARF000432__FULL_CONTEXT_OFFLINE__R02ZF_REUSED_R02ZF_PERSON100016,R02ZF_REUSED_R02ZF_PERSON100016,1,14167,14167,False,R02ZF_REUSED_R02ZF_PERSON100016,"[[-9.464311537909495, 3.7356298617513133]]",13.199941399660808,12,-250,250,False,False,False
R02ZF,R02ZF_SARF000432,432,14400,FULL_CONTEXT_OFFLINE,R02ZF_SARF000432__FULL_CONTEXT_OFFLINE__R02ZF_REUSED_R02ZF_PERSON100017,R02ZF_REUSED_R02ZF_PERSON100017,1,14333,14333,False,R02ZF_REUSED_R02ZF_PERSON100017,"[[-8.104377951627242, 5.255555634655003]]",13.359933586282246,15,-250,250,False,False,False
R02ZF,R02ZF_SARF000432,432,14400,FULL_CONTEXT_OFFLINE,R02ZF_SARF000432__FULL_CONTEXT_OFFLINE__R02ZF_REUSED_R02ZF_PERSON100018,R02ZF_REUSED_R02ZF_PERSON100018,1,14389,14389,False,R02ZF_REUSED_R02ZF_PERSON100018,"[[-7.624401391762923, 5.255555634655003]]",12.879957026417927,15,-250,250,False,False,False
R02ZF,R02ZF_SARF000432,432,14400,FULL_CONTEXT_OFFLINE,R02ZF_SARF000432__FULL_CONTEXT_OFFLINE__R02ZF_REUSED_R02ZF_PERSON100019,R02ZF_REUSED_R02ZF_PERSON100019,1,14500,14500,True,R02ZF_REUSED_R02ZF_PERSON100019,"[[-6.824440458655715, 6.295504847694367]]",13.119945306350083,14,-250,250,False,False,False
R02ZF,R02ZF_SARF000433,433,14433,CAUSAL_REPLAY,R02ZF_SARF000433__CAUSAL_REPLAY__R02ZF_REUSED_R02ZF_PERSON011,R02ZF_REUSED_R02ZF_PERSON011,2,14222,14278,False,R02ZF_REUSED_R02ZF_PERSON011,"[[-8.876140392044064, 4.830065346189748]]",13.706205738233812,13,-250,0,False,False,False
R02ZF,R02ZF_SARF000433,433,14433,CAUSAL_REPLAY,R02ZF_SARF000433__CAUSAL_REPLAY__R02ZF_REUSED_R02ZF_PERSON100017,R02ZF_REUSED_R02ZF_PERSON100017,1,14333,14333,False,R02ZF_REUSED_R02ZF_PERSON100017,"[[-8.104377951627242, 5.255555634655003]]",13.359933586282246,13,-250,0,False,False,False
R02ZF,R02ZF_SARF000433,433,14433,CAUSAL_REPLAY,R02ZF_SARF000433__CAUSAL_REPLAY__R02ZF_REUSED_R02ZF_PERSON100018,R02ZF_REUSED_R02ZF_PERSON100018,1,14389,14389,False,R02ZF_REUSED_R02ZF_PERSON100018,"[[-7.624401391762923, 5.255555634655003]]",12.879957026417927,12,-250,0,False,False,False
R02ZF,R02ZF_SARF000433,433,14433,FIXED_LAG_100MS,R02ZF_SARF000433__FIXED_LAG_100MS__R02ZF_REUSED_R02ZF_PERSON011,R02ZF_REUSED_R02ZF_PERSON011,2,14222,14278,False,R02ZF_REUSED_R02ZF_PERSON011,"[[-8.876140392044064, 4.830065346189748]]",13.706205738233812,13,-250,100,False,False,False
R02ZF,R02ZF_SARF000433,433,14433,FIXED_LAG_100MS,R02ZF_SARF000433__FIXED_LAG_100MS__R02ZF_REUSED_R02ZF_PERSON100017,R02ZF_REUSED_R02ZF_PERSON100017,1,14333,14333,False,R02ZF_REUSED_R02ZF_PERSON100017,"[[-8.104377951627242, 5.255555634655003]]",13.359933586282246,13,-250,100,False,False,False
R02ZF,R02ZF_SARF000433,433,14433,FIXED_LAG_100MS,R02ZF_SARF000433__FIXED_LAG_100MS__R02ZF_REUSED_R02ZF_PERSON100018,R02ZF_REUSED_R02ZF_PERSON100018,1,14389,14389,False,R02ZF_REUSED_R02ZF_PERSON100018,"[[-7.624401391762923, 5.255555634655003]]",12.879957026417927,12,-250,100,False,False,False
R02ZF,R02ZF_SARF000433,433,14433,FIXED_LAG_100MS,R02ZF_SARF000433__FIXED_LAG_100MS__R02ZF_REUSED_R02ZF_PERSON100019,R02ZF_REUSED_R02ZF_PERSON100019,1,14500,14500,True,R02ZF_REUSED_R02ZF_PERSON100019,"[[-6.824440458655715, 6.295504847694367]]",13.119945306350083,13,-250,100,False,False,False
R02ZF,R02ZF_SARF000433,433,14433,FULL_CONTEXT_OFFLINE,R02ZF_SARF000433__FULL_CONTEXT_OFFLINE__R02ZF_REUSED_R02ZF_PERSON011,R02ZF_REUSED_R02ZF_PERSON011,2,14222,14278,False,R02ZF_REUSED_R02ZF_PERSON011,"[[-8.876140392044064, 4.830065346189748]]",13.706205738233812,13,-250,250,False,False,False
R02ZF,R02ZF_SARF000433,433,14433,FULL_CONTEXT_OFFLINE,R02ZF_SARF000433__FULL_CONTEXT_OFFLINE__R02ZF_REUSED_R02ZF_PERSON100017,R02ZF_REUSED_R02ZF_PERSON100017,1,14333,14333,False,R02ZF_REUSED_R02ZF_PERSON100017,"[[-8.104377951627242, 5.255555634655003]]",13.359933586282246,13,-250,250,False,False,False
R02ZF,R02ZF_SARF000433,433,14433,FULL_CONTEXT_OFFLINE,R02ZF_SARF000433__FULL_CONTEXT_OFFLINE__R02ZF_REUSED_R02ZF_PERSON100018,R02ZF_REUSED_R02ZF_PERSON100018,1,14389,14389,False,R02ZF_REUSED_R02ZF_PERSON100018,"[[-7.624401391762923, 5.255555634655003]]",12.879957026417927,12,-250,250,False,False,False
R02ZF,R02ZF_SARF000433,433,14433,FULL_CONTEXT_OFFLINE,R02ZF_SARF000433__FULL_CONTEXT_OFFLINE__R02ZF_REUSED_R02ZF_PERSON100019,R02ZF_REUSED_R02ZF_PERSON100019,1,14500,14500,True,R02ZF_REUSED_R02ZF_PERSON100019,"[[-6.824440458655715, 6.295504847694367]]",13.119945306350083,13,-250,250,False,False,False
R02ZF,R02ZF_SARF000434,434,14467,CAUSAL_REPLAY,R02ZF_SARF000434__CAUSAL_REPLAY__R02ZF_REUSED_R02ZF_PERSON011,R02ZF_REUSED_R02ZF_PERSON011,2,14222,14278,False,R02ZF_REUSED_R02ZF_PERSON011,"[[-8.876140392044064, 4.830065346189748]]",13.706205738233812,11,-250,0,False,False,False
R02ZF,R02ZF_SARF000434,434,14467,CAUSAL_REPLAY,R02ZF_SARF000434__CAUSAL_REPLAY__R02ZF_REUSED_R02ZF_PERSON100017,R02ZF_REUSED_R02ZF_PERSON100017,1,14333,14333,False,R02ZF_REUSED_R02ZF_PERSON100017,"[[-8.104377951627242, 5.255555634655003]]",13.359933586282246,10,-250,0,False,False,False
R02ZF,R02ZF_SARF000434,434,14467,CAUSAL_REPLAY,R02ZF_SARF000434__CAUSAL_REPLAY__R02ZF_REUSED_R02ZF_PERSON100018,R02ZF_REUSED_R02ZF_PERSON100018,1,14389,14389,False,R02ZF_REUSED_R02ZF_PERSON100018,"[[-7.624401391762923, 5.255555634655003]]",12.879957026417927,10,-250,0,False,False,False
R02ZF,R02ZF_SARF000434,434,14467,FIXED_LAG_100MS,R02ZF_SARF000434__FIXED_LAG_100MS__R02ZF_REUSED_R02ZF_PERSON011,R02ZF_REUSED_R02ZF_PERSON011,2,14222,14278,False,R02ZF_REUSED_R02ZF_PERSON011,"[[-8.876140392044064, 4.830065346189748]]",13.706205738233812,11,-250,100,False,False,False
R02ZF,R02ZF_SARF000434,434,14467,FIXED_LAG_100MS,R02ZF_SARF000434__FIXED_LAG_100MS__R02ZF_REUSED_R02ZF_PERSON100017,R02ZF_REUSED_R02ZF_PERSON100017,1,14333,14333,False,R02ZF_REUSED_R02ZF_PERSON100017,"[[-8.104377951627242, 5.255555634655003]]",13.359933586282246,10,-250,100,False,False,False
R02ZF,R02ZF_SARF000434,434,14467,FIXED_LAG_100MS,R02ZF_SARF000434__FIXED_LAG_100MS__R02ZF_REUSED_R02ZF_PERSON100018,R02ZF_REUSED_R02ZF_PERSON100018,1,14389,14389,False,R02ZF_REUSED_R02ZF_PERSON100018,"[[-7.624401391762923, 5.255555634655003]]",12.879957026417927,10,-250,100,False,False,False
R02ZF,R02ZF_SARF000434,434,14467,FIXED_LAG_100MS,R02ZF_SARF000434__FIXED_LAG_100MS__R02ZF_REUSED_R02ZF_PERSON100019,R02ZF_REUSED_R02ZF_PERSON100019,1,14500,14500,True,R02ZF_REUSED_R02ZF_PERSON100019,"[[-6.824440458655715, 6.295504847694367]]",13.119945306350083,11,-250,100,False,False,False
R02ZF,R02ZF_SARF000434,434,14467,FULL_CONTEXT_OFFLINE,R02ZF_SARF000434__FULL_CONTEXT_OFFLINE__R02ZF_REUSED_R02ZF_PERSON011,R02ZF_REUSED_R02ZF_PERSON011,2,14222,14278,False,R02ZF_REUSED_R02ZF_PERSON011,"[[-8.876140392044064, 4.830065346189748]]",13.706205738233812,11,-250,250,False,False,False
R02ZF,R02ZF_SARF000434,434,14467,FULL_CONTEXT_OFFLINE,R02ZF_SARF000434__FULL_CONTEXT_OFFLINE__R02ZF_REUSED_R02ZF_PERSON100017,R02ZF_REUSED_R02ZF_PERSON100017,1,14333,14333,False,R02ZF_REUSED_R02ZF_PERSON100017,"[[-8.104377951627242, 5.255555634655003]]",13.359933586282246,10,-250,250,False,False,False
R02ZF,R02ZF_SARF000434,434,14467,FULL_CONTEXT_OFFLINE,R02ZF_SARF000434__FULL_CONTEXT_OFFLINE__R02ZF_REUSED_R02ZF_PERSON100018,R02ZF_REUSED_R02ZF_PERSON100018,1,14389,14389,False,R02ZF_REUSED_R02ZF_PERSON100018,"[[-7.624401391762923, 5.255555634655003]]",12.879957026417927,10,-250,250,False,False,False
R02ZF,R02ZF_SARF000434,434,14467,FULL_CONTEXT_OFFLINE,R02ZF_SARF000434__FULL_CONTEXT_OFFLINE__R02ZF_REUSED_R02ZF_PERSON100019,R02ZF_REUSED_R02ZF_PERSON100019,1,14500,14500,True,R02ZF_REUSED_R02ZF_PERSON100019,"[[-6.824440458655715, 6.295504847694367]]",13.119945306350083,11,-250,250,False,False,False
R02ZF,R02ZF_SARF000435,435,14500,CAUSAL_REPLAY,R02ZF_SARF000435__CAUSAL_REPLAY__R02ZF_REUSED_R02ZF_PERSON011,R02ZF_REUSED_R02ZF_PERSON011,1,14278,14278,False,R02ZF_REUSED_R02ZF_PERSON011,"[[-8.492454702636046, 4.830065346189748]]",13.322520048825794,11,-250,0,False,False,False
R02ZF,R02ZF_SARF000435,435,14500,CAUSAL_REPLAY,R02ZF_SARF000435__CAUSAL_REPLAY__R02ZF_REUSED_R02ZF_PERSON100017,R02ZF_REUSED_R02ZF_PERSON100017,1,14333,14333,False,R02ZF_REUSED_R02ZF_PERSON100017,"[[-8.104377951627242, 5.255555634655003]]",13.359933586282246,10,-250,0,False,False,False
R02ZF,R02ZF_SARF000435,435,14500,CAUSAL_REPLAY,R02ZF_SARF000435__CAUSAL_REPLAY__R02ZF_REUSED_R02ZF_PERSON100018,R02ZF_REUSED_R02ZF_PERSON100018,1,14389,14389,False,R02ZF_REUSED_R02ZF_PERSON100018,"[[-7.624401391762923, 5.255555634655003]]",12.879957026417927,10,-250,0,False,False,False
R02ZF,R02ZF_SARF000435,435,14500,CAUSAL_REPLAY,R02ZF_SARF000435__CAUSAL_REPLAY__R02ZF_REUSED_R02ZF_PERSON100019,R02ZF_REUSED_R02ZF_PERSON100019,1,14500,14500,False,R02ZF_REUSED_R02ZF_PERSON100019,"[[-6.824440458655715, 6.295504847694367]]",13.119945306350083,11,-250,0,False,False,False
R02ZF,R02ZF_SARF000435,435,14500,FIXED_LAG_100MS,R02ZF_SARF000435__FIXED_LAG_100MS__R02ZF_REUSED_R02ZF_PERSON011,R02ZF_REUSED_R02ZF_PERSON011,1,14278,14278,False,R02ZF_REUSED_R02ZF_PERSON011,"[[-8.492454702636046, 4.830065346189748]]",13.322520048825794,11,-250,100,False,False,False
R02ZF,R02ZF_SARF000435,435,14500,FIXED_LAG_100MS,R02ZF_SARF000435__FIXED_LAG_100MS__R02ZF_REUSED_R02ZF_PERSON100017,R02ZF_REUSED_R02ZF_PERSON100017,1,14333,14333,False,R02ZF_REUSED_R02ZF_PERSON100017,"[[-8.104377951627242, 5.255555634655003]]",13.359933586282246,10,-250,100,False,False,False
R02ZF,R02ZF_SARF000435,435,14500,FIXED_LAG_100MS,R02ZF_SARF000435__FIXED_LAG_100MS__R02ZF_REUSED_R02ZF_PERSON100018,R02ZF_REUSED_R02ZF_PERSON100018,1,14389,14389,False,R02ZF_REUSED_R02ZF_PERSON100018,"[[-7.624401391762923, 5.255555634655003]]",12.879957026417927,10,-250,100,False,False,False
R02ZF,R02ZF_SARF000435,435,14500,FIXED_LAG_100MS,R02ZF_SARF000435__FIXED_LAG_100MS__R02ZF_REUSED_R02ZF_PERSON100019,R02ZF_REUSED_R02ZF_PERSON100019,1,14500,14500,False,R02ZF_REUSED_R02ZF_PERSON100019,"[[-6.824440458655715, 6.295504847694367]]",13.119945306350083,11,-250,100,False,False,False
R02ZF,R02ZF_SARF000435,435,14500,FULL_CONTEXT_OFFLINE,R02ZF_SARF000435__FULL_CONTEXT_OFFLINE__R02ZF_REUSED_R02ZF_PERSON011,R02ZF_REUSED_R02ZF_PERSON011,1,14278,14278,False,R02ZF_REUSED_R02ZF_PERSON011,"[[-8.492454702636046, 4.830065346189748]]",13.322520048825794,11,-250,250,False,False,False
R02ZF,R02ZF_SARF000435,435,14500,FULL_CONTEXT_OFFLINE,R02ZF_SARF000435__FULL_CONTEXT_OFFLINE__R02ZF_REUSED_R02ZF_PERSON100017,R02ZF_REUSED_R02ZF_PERSON100017,1,14333,14333,False,R02ZF_REUSED_R02ZF_PERSON100017,"[[-8.104377951627242, 5.255555634655003]]",13.359933586282246,10,-250,250,False,False,False
R02ZF,R02ZF_SARF000435,435,14500,FULL_CONTEXT_OFFLINE,R02ZF_SARF000435__FULL_CONTEXT_OFFLINE__R02ZF_REUSED_R02ZF_PERSON100018,R02ZF_REUSED_R02ZF_PERSON100018,1,14389,14389,False,R02ZF_REUSED_R02ZF_PERSON100018,"[[-7.624401391762923, 5.255555634655003]]",12.879957026417927,10,-250,250,False,False,False
R02ZF,R02ZF_SARF000435,435,14500,FULL_CONTEXT_OFFLINE,R02ZF_SARF000435__FULL_CONTEXT_OFFLINE__R02ZF_REUSED_R02ZF_PERSON100019,R02ZF_REUSED_R02ZF_PERSON100019,1,14500,14500,False,R02ZF_REUSED_R02ZF_PERSON100019,"[[-6.824440458655715, 6.295504847694367]]",13.119945306350083,11,-250,250,False,False,False
R02ZF,R02ZF_SARF000436,436,14533,CAUSAL_REPLAY,R02ZF_SARF000436__CAUSAL_REPLAY__R02ZF_REUSED_R02ZF_PERSON100017,R02ZF_REUSED_R02ZF_PERSON100017,1,14333,14333,False,R02ZF_REUSED_R02ZF_PERSON100017,"[[-8.104377951627242, 5.255555634655003]]",13.359933586282246,9,-250,0,False,False,False
R02ZF,R02ZF_SARF000436,436,14533,CAUSAL_REPLAY,R02ZF_SARF000436__CAUSAL_REPLAY__R02ZF_REUSED_R02ZF_PERSON100018,R02ZF_REUSED_R02ZF_PERSON100018,1,14389,14389,False,R02ZF_REUSED_R02ZF_PERSON100018,"[[-7.624401391762923, 5.255555634655003]]",12.879957026417927,9,-250,0,False,False,False
R02ZF,R02ZF_SARF000436,436,14533,CAUSAL_REPLAY,R02ZF_SARF000436__CAUSAL_REPLAY__R02ZF_REUSED_R02ZF_PERSON100019,R02ZF_REUSED_R02ZF_PERSON100019,1,14500,14500,False,R02ZF_REUSED_R02ZF_PERSON100019,"[[-6.824440458655715, 6.295504847694367]]",13.119945306350083,9,-250,0,False,False,False
R02ZF,R02ZF_SARF000436,436,14533,FIXED_LAG_100MS,R02ZF_SARF000436__FIXED_LAG_100MS__R02ZF_REUSED_R02ZF_PERSON100017,R02ZF_REUSED_R02ZF_PERSON100017,1,14333,14333,False,R02ZF_REUSED_R02ZF_PERSON100017,"[[-8.104377951627242, 5.255555634655003]]",13.359933586282246,9,-250,100,False,False,False
R02ZF,R02ZF_SARF000436,436,14533,FIXED_LAG_100MS,R02ZF_SARF000436__FIXED_LAG_100MS__R02ZF_REUSED_R02ZF_PERSON100018,R02ZF_REUSED_R02ZF_PERSON100018,1,14389,14389,False,R02ZF_REUSED_R02ZF_PERSON100018,"[[-7.624401391762923, 5.255555634655003]]",12.879957026417927,9,-250,100,False,False,False
R02ZF,R02ZF_SARF000436,436,14533,FIXED_LAG_100MS,R02ZF_SARF000436__FIXED_LAG_100MS__R02ZF_REUSED_R02ZF_PERSON100019,R02ZF_REUSED_R02ZF_PERSON100019,1,14500,14500,False,R02ZF_REUSED_R02ZF_PERSON100019,"[[-6.824440458655715, 6.295504847694367]]",13.119945306350083,9,-250,100,False,False,False
R02ZF,R02ZF_SARF000436,436,14533,FULL_CONTEXT_OFFLINE,R02ZF_SARF000436__FULL_CONTEXT_OFFLINE__R02ZF_REUSED_R02ZF_PERSON100017,R02ZF_REUSED_R02ZF_PERSON100017,1,14333,14333,False,R02ZF_REUSED_R02ZF_PERSON100017,"[[-8.104377951627242, 5.255555634655003]]",13.359933586282246,9,-250,250,False,False,False
R02ZF,R02ZF_SARF000436,436,14533,FULL_CONTEXT_OFFLINE,R02ZF_SARF000436__FULL_CONTEXT_OFFLINE__R02ZF_REUSED_R02ZF_PERSON100018,R02ZF_REUSED_R02ZF_PERSON100018,1,14389,14389,False,R02ZF_REUSED_R02ZF_PERSON100018,"[[-7.624401391762923, 5.255555634655003]]",12.879957026417927,9,-250,250,False,False,False
R02ZF,R02ZF_SARF000436,436,14533,FULL_CONTEXT_OFFLINE,R02ZF_SARF000436__FULL_CONTEXT_OFFLINE__R02ZF_REUSED_R02ZF_PERSON100019,R02ZF_REUSED_R02ZF_PERSON100019,1,14500,14500,False,R02ZF_REUSED_R02ZF_PERSON100019,"[[-6.824440458655715, 6.295504847694367]]",13.119945306350083,9,-250,250,False,False,False
R02ZF,R02ZF_SARF000436,436,14533,FULL_CONTEXT_OFFLINE,R02ZF_SARF000436__FULL_CONTEXT_OFFLINE__R02ZF_REUSED_R02ZF_PERSON100020,R02ZF_REUSED_R02ZF_PERSON100020,1,14778,14778,True,R02ZF_REUSED_R02ZF_PERSON100020,"[[-51.499133725298144, -38.01733109061284]]",13.481802634685302,4,-250,250,False,False,False
R02ZF,R02ZF_SARF000437,437,14567,CAUSAL_REPLAY,R02ZF_SARF000437__CAUSAL_REPLAY__R02ZF_REUSED_R02ZF_PERSON100017,R02ZF_REUSED_R02ZF_PERSON100017,1,14333,14333,False,R02ZF_REUSED_R02ZF_PERSON100017,"[[-8.104377951627242, 5.255555634655003]]",13.359933586282246,12,-250,0,False,False,False
R02ZF,R02ZF_SARF000437,437,14567,CAUSAL_REPLAY,R02ZF_SARF000437__CAUSAL_REPLAY__R02ZF_REUSED_R02ZF_PERSON100018,R02ZF_REUSED_R02ZF_PERSON100018,1,14389,14389,False,R02ZF_REUSED_R02ZF_PERSON100018,"[[-7.624401391762923, 5.255555634655003]]",12.879957026417927,11,-250,0,False,False,False
R02ZF,R02ZF_SARF000437,437,14567,CAUSAL_REPLAY,R02ZF_SARF000437__CAUSAL_REPLAY__R02ZF_REUSED_R02ZF_PERSON100019,R02ZF_REUSED_R02ZF_PERSON100019,1,14500,14500,False,R02ZF_REUSED_R02ZF_PERSON100019,"[[-6.824440458655715, 6.295504847694367]]",13.119945306350083,11,-250,0,False,False,False
R02ZF,R02ZF_SARF000437,437,14567,FIXED_LAG_100MS,R02ZF_SARF000437__FIXED_LAG_100MS__R02ZF_REUSED_R02ZF_PERSON100017,R02ZF_REUSED_R02ZF_PERSON100017,1,14333,14333,False,R02ZF_REUSED_R02ZF_PERSON100017,"[[-8.104377951627242, 5.255555634655003]]",13.359933586282246,12,-250,100,False,False,False
R02ZF,R02ZF_SARF000437,437,14567,FIXED_LAG_100MS,R02ZF_SARF000437__FIXED_LAG_100MS__R02ZF_REUSED_R02ZF_PERSON100018,R02ZF_REUSED_R02ZF_PERSON100018,1,14389,14389,False,R02ZF_REUSED_R02ZF_PERSON100018,"[[-7.624401391762923, 5.255555634655003]]",12.879957026417927,11,-250,100,False,False,False
R02ZF,R02ZF_SARF000437,437,14567,FIXED_LAG_100MS,R02ZF_SARF000437__FIXED_LAG_100MS__R02ZF_REUSED_R02ZF_PERSON100019,R02ZF_REUSED_R02ZF_PERSON100019,1,14500,14500,False,R02ZF_REUSED_R02ZF_PERSON100019,"[[-6.824440458655715, 6.295504847694367]]",13.119945306350083,11,-250,100,False,False,False
R02ZF,R02ZF_SARF000437,437,14567,FULL_CONTEXT_OFFLINE,R02ZF_SARF000437__FULL_CONTEXT_OFFLINE__R02ZF_REUSED_R02ZF_PERSON100017,R02ZF_REUSED_R02ZF_PERSON100017,1,14333,14333,False,R02ZF_REUSED_R02ZF_PERSON100017,"[[-8.104377951627242, 5.255555634655003]]",13.359933586282246,12,-250,250,False,False,False
R02ZF,R02ZF_SARF000437,437,14567,FULL_CONTEXT_OFFLINE,R02ZF_SARF000437__FULL_CONTEXT_OFFLINE__R02ZF_REUSED_R02ZF_PERSON100018,R02ZF_REUSED_R02ZF_PERSON100018,1,14389,14389,False,R02ZF_REUSED_R02ZF_PERSON100018,"[[-7.624401391762923, 5.255555634655003]]",12.879957026417927,11,-250,250,False,False,False
R02ZF,R02ZF_SARF000437,437,14567,FULL_CONTEXT_OFFLINE,R02ZF_SARF000437__FULL_CONTEXT_OFFLINE__R02ZF_REUSED_R02ZF_PERSON100019,R02ZF_REUSED_R02ZF_PERSON100019,1,14500,14500,False,R02ZF_REUSED_R02ZF_PERSON100019,"[[-6.824440458655715, 6.295504847694367]]",13.119945306350083,11,-250,250,False,False,False
R02ZF,R02ZF_SARF000437,437,14567,FULL_CONTEXT_OFFLINE,R02ZF_SARF000437__FULL_CONTEXT_OFFLINE__R02ZF_REUSED_R02ZF_PERSON100020,R02ZF_REUSED_R02ZF_PERSON100020,1,14778,14778,True,R02ZF_REUSED_R02ZF_PERSON100020,"[[-51.499133725298144, -38.01733109061284]]",13.481802634685302,6,-250,250,False,False,False
R02ZF,R02ZF_SARF000438,438,14600,CAUSAL_REPLAY,R02ZF_SARF000438__CAUSAL_REPLAY__R02ZF_REUSED_R02ZF_PERSON100018,R02ZF_REUSED_R02ZF_PERSON100018,1,14389,14389,False,R02ZF_REUSED_R02ZF_PERSON100018,"[[-7.624401391762923, 5.255555634655003]]",12.879957026417927,14,-250,0,False,False,False
R02ZF,R02ZF_SARF000438,438,14600,CAUSAL_REPLAY,R02ZF_SARF000438__CAUSAL_REPLAY__R02ZF_REUSED_R02ZF_PERSON100019,R02ZF_REUSED_R02ZF_PERSON100019,1,14500,14500,False,R02ZF_REUSED_R02ZF_PERSON100019,"[[-6.824440458655715, 6.295504847694367]]",13.119945306350083,14,-250,0,False,False,False
R02ZF,R02ZF_SARF000438,438,14600,FIXED_LAG_100MS,R02ZF_SARF000438__FIXED_LAG_100MS__R02ZF_REUSED_R02ZF_PERSON100018,R02ZF_REUSED_R02ZF_PERSON100018,1,14389,14389,False,R02ZF_REUSED_R02ZF_PERSON100018,"[[-7.624401391762923, 5.255555634655003]]",12.879957026417927,14,-250,100,False,False,False
R02ZF,R02ZF_SARF000438,438,14600,FIXED_LAG_100MS,R02ZF_SARF000438__FIXED_LAG_100MS__R02ZF_REUSED_R02ZF_PERSON100019,R02ZF_REUSED_R02ZF_PERSON100019,1,14500,14500,False,R02ZF_REUSED_R02ZF_PERSON100019,"[[-6.824440458655715, 6.295504847694367]]",13.119945306350083,14,-250,100,False,False,False
R02ZF,R02ZF_SARF000438,438,14600,FULL_CONTEXT_OFFLINE,R02ZF_SARF000438__FULL_CONTEXT_OFFLINE__R02ZF_REUSED_R02ZF_PERSON100018,R02ZF_REUSED_R02ZF_PERSON100018,1,14389,14389,False,R02ZF_REUSED_R02ZF_PERSON100018,"[[-7.624401391762923, 5.255555634655003]]",12.879957026417927,14,-250,250,False,False,False
R02ZF,R02ZF_SARF000438,438,14600,FULL_CONTEXT_OFFLINE,R02ZF_SARF000438__FULL_CONTEXT_OFFLINE__R02ZF_REUSED_R02ZF_PERSON100019,R02ZF_REUSED_R02ZF_PERSON100019,1,14500,14500,False,R02ZF_REUSED_R02ZF_PERSON100019,"[[-6.824440458655715, 6.295504847694367]]",13.119945306350083,14,-250,250,False,False,False
R02ZF,R02ZF_SARF000438,438,14600,FULL_CONTEXT_OFFLINE,R02ZF_SARF000438__FULL_CONTEXT_OFFLINE__R02ZF_REUSED_R02ZF_PERSON100020,R02ZF_REUSED_R02ZF_PERSON100020,1,14778,14778,True,R02ZF_REUSED_R02ZF_PERSON100020,"[[-51.499133725298144, -38.01733109061284]]",13.481802634685302,3,-250,250,False,False,False
R02ZF,R02ZF_SARF000439,439,14633,CAUSAL_REPLAY,R02ZF_SARF000439__CAUSAL_REPLAY__R02ZF_REUSED_R02ZF_PERSON100018,R02ZF_REUSED_R02ZF_PERSON100018,1,14389,14389,False,R02ZF_REUSED_R02ZF_PERSON100018,"[[-7.624401391762923, 5.255555634655003]]",12.879957026417927,14,-250,0,False,False,False
R02ZF,R02ZF_SARF000439,439,14633,CAUSAL_REPLAY,R02ZF_SARF000439__CAUSAL_REPLAY__R02ZF_REUSED_R02ZF_PERSON100019,R02ZF_REUSED_R02ZF_PERSON100019,1,14500,14500,False,R02ZF_REUSED_R02ZF_PERSON100019,"[[-6.824440458655715, 6.295504847694367]]",13.119945306350083,13,-250,0,False,False,False
R02ZF,R02ZF_SARF000439,439,14633,FIXED_LAG_100MS,R02ZF_SARF000439__FIXED_LAG_100MS__R02ZF_REUSED_R02ZF_PERSON100018,R02ZF_REUSED_R02ZF_PERSON100018,1,14389,14389,False,R02ZF_REUSED_R02ZF_PERSON100018,"[[-7.624401391762923, 5.255555634655003]]",12.879957026417927,14,-250,100,False,False,False
R02ZF,R02ZF_SARF000439,439,14633,FIXED_LAG_100MS,R02ZF_SARF000439__FIXED_LAG_100MS__R02ZF_REUSED_R02ZF_PERSON100019,R02ZF_REUSED_R02ZF_PERSON100019,1,14500,14500,False,R02ZF_REUSED_R02ZF_PERSON100019,"[[-6.824440458655715, 6.295504847694367]]",13.119945306350083,13,-250,100,False,False,False
R02ZF,R02ZF_SARF000439,439,14633,FULL_CONTEXT_OFFLINE,R02ZF_SARF000439__FULL_CONTEXT_OFFLINE__R02ZF_REUSED_R02ZF_PERSON100018,R02ZF_REUSED_R02ZF_PERSON100018,1,14389,14389,False,R02ZF_REUSED_R02ZF_PERSON100018,"[[-7.624401391762923, 5.255555634655003]]",12.879957026417927,14,-250,250,False,False,False
R02ZF,R02ZF_SARF000439,439,14633,FULL_CONTEXT_OFFLINE,R02ZF_SARF000439__FULL_CONTEXT_OFFLINE__R02ZF_REUSED_R02ZF_PERSON100019,R02ZF_REUSED_R02ZF_PERSON100019,1,14500,14500,False,R02ZF_REUSED_R02ZF_PERSON100019,"[[-6.824440458655715, 6.295504847694367]]",13.119945306350083,13,-250,250,False,False,False
R02ZF,R02ZF_SARF000439,439,14633,FULL_CONTEXT_OFFLINE,R02ZF_SARF000439__FULL_CONTEXT_OFFLINE__R02ZF_REUSED_R02ZF_PERSON100020,R02ZF_REUSED_R02ZF_PERSON100020,1,14778,14778,True,R02ZF_REUSED_R02ZF_PERSON100020,"[[-51.499133725298144, -38.01733109061284]]",13.481802634685302,6,-250,250,False,False,False
R02ZF,R02ZF_SARF000440,440,14667,CAUSAL_REPLAY,R02ZF_SARF000440__CAUSAL_REPLAY__R02ZF_REUSED_R02ZF_PERSON100019,R02ZF_REUSED_R02ZF_PERSON100019,1,14500,14500,False,R02ZF_REUSED_R02ZF_PERSON100019,"[[-6.824440458655715, 6.295504847694367]]",13.119945306350083,9,-250,0,False,False,False
R02ZF,R02ZF_SARF000440,440,14667,FIXED_LAG_100MS,R02ZF_SARF000440__FIXED_LAG_100MS__R02ZF_REUSED_R02ZF_PERSON100019,R02ZF_REUSED_R02ZF_PERSON100019,1,14500,14500,False,R02ZF_REUSED_R02ZF_PERSON100019,"[[-6.824440458655715, 6.295504847694367]]",13.119945306350083,9,-250,100,False,False,False
R02ZF,R02ZF_SARF000440,440,14667,FULL_CONTEXT_OFFLINE,R02ZF_SARF000440__FULL_CONTEXT_OFFLINE__R02ZF_REUSED_R02ZF_PERSON100019,R02ZF_REUSED_R02ZF_PERSON100019,1,14500,14500,False,R02ZF_REUSED_R02ZF_PERSON100019,"[[-6.824440458655715, 6.295504847694367]]",13.119945306350083,9,-250,250,False,False,False
R02ZF,R02ZF_SARF000440,440,14667,FULL_CONTEXT_OFFLINE,R02ZF_SARF000440__FULL_CONTEXT_OFFLINE__R02ZF_REUSED_R02ZF_PERSON100020,R02ZF_REUSED_R02ZF_PERSON100020,1,14778,14778,True,R02ZF_REUSED_R02ZF_PERSON100020,"[[-51.499133725298144, -38.01733109061284]]",13.481802634685302,4,-250,250,False,False,False
R02ZF,R02ZF_SARF000440,440,14667,FULL_CONTEXT_OFFLINE,R02ZF_SARF000440__FULL_CONTEXT_OFFLINE__R02ZF_REUSED_R02ZF_PERSON100021,R02ZF_REUSED_R02ZF_PERSON100021,1,14889,14889,True,R02ZF_REUSED_R02ZF_PERSON100021,"[[-3.1446201663625786, 9.615342720089266]]",12.759962886451845,9,-250,250,False,False,False
R02ZF,R02ZF_SARF000441,441,14700,CAUSAL_REPLAY,R02ZF_SARF000441__CAUSAL_REPLAY__R02ZF_REUSED_R02ZF_PERSON100019,R02ZF_REUSED_R02ZF_PERSON100019,1,14500,14500,False,R02ZF_REUSED_R02ZF_PERSON100019,"[[-6.824440458655715, 6.295504847694367]]",13.119945306350083,9,-250,0,False,False,False
R02ZF,R02ZF_SARF000441,441,14700,FIXED_LAG_100MS,R02ZF_SARF000441__FIXED_LAG_100MS__R02ZF_REUSED_R02ZF_PERSON100019,R02ZF_REUSED_R02ZF_PERSON100019,1,14500,14500,False,R02ZF_REUSED_R02ZF_PERSON100019,"[[-6.824440458655715, 6.295504847694367]]",13.119945306350083,9,-250,100,False,False,False
R02ZF,R02ZF_SARF000441,441,14700,FIXED_LAG_100MS,R02ZF_SARF000441__FIXED_LAG_100MS__R02ZF_REUSED_R02ZF_PERSON100020,R02ZF_REUSED_R02ZF_PERSON100020,1,14778,14778,True,R02ZF_REUSED_R02ZF_PERSON100020,"[[-51.499133725298144, -38.01733109061284]]",13.481802634685302,4,-250,100,False,False,False
R02ZF,R02ZF_SARF000441,441,14700,FULL_CONTEXT_OFFLINE,R02ZF_SARF000441__FULL_CONTEXT_OFFLINE__R02ZF_REUSED_R02ZF_PERSON100019,R02ZF_REUSED_R02ZF_PERSON100019,1,14500,14500,False,R02ZF_REUSED_R02ZF_PERSON100019,"[[-6.824440458655715, 6.295504847694367]]",13.119945306350083,9,-250,250,False,False,False
R02ZF,R02ZF_SARF000441,441,14700,FULL_CONTEXT_OFFLINE,R02ZF_SARF000441__FULL_CONTEXT_OFFLINE__R02ZF_REUSED_R02ZF_PERSON100020,R02ZF_REUSED_R02ZF_PERSON100020,1,14778,14778,True,R02ZF_REUSED_R02ZF_PERSON100020,"[[-51.499133725298144, -38.01733109061284]]",13.481802634685302,4,-250,250,False,False,False
R02ZF,R02ZF_SARF000441,441,14700,FULL_CONTEXT_OFFLINE,R02ZF_SARF000441__FULL_CONTEXT_OFFLINE__R02ZF_REUSED_R02ZF_PERSON100021,R02ZF_REUSED_R02ZF_PERSON100021,1,14889,14889,True,R02ZF_REUSED_R02ZF_PERSON100021,"[[-3.1446201663625786, 9.615342720089266]]",12.759962886451845,10,-250,250,False,False,False
R02ZF,R02ZF_SARF000441,441,14700,FULL_CONTEXT_OFFLINE,R02ZF_SARF000441__FULL_CONTEXT_OFFLINE__R02ZF_REUSED_R02ZF_PERSON100022,R02ZF_REUSED_R02ZF_PERSON100022,1,14944,14944,True,R02ZF_REUSED_R02ZF_PERSON100022,"[[-2.6646436064982524, 10.05532123329823]]",12.719964839796482,11,-250,250,False,False,False
R02ZF,R02ZF_SARF000442,442,14733,CAUSAL_REPLAY,R02ZF_SARF000442__CAUSAL_REPLAY__R02ZF_REUSED_R02ZF_PERSON100019,R02ZF_REUSED_R02ZF_PERSON100019,1,14500,14500,False,R02ZF_REUSED_R02ZF_PERSON100019,"[[-6.824440458655715, 6.295504847694367]]",13.119945306350083,13,-250,0,False,False,False
R02ZF,R02ZF_SARF000442,442,14733,FIXED_LAG_100MS,R02ZF_SARF000442__FIXED_LAG_100MS__R02ZF_REUSED_R02ZF_PERSON100019,R02ZF_REUSED_R02ZF_PERSON100019,1,14500,14500,False,R02ZF_REUSED_R02ZF_PERSON100019,"[[-6.824440458655715, 6.295504847694367]]",13.119945306350083,13,-250,100,False,False,False
R02ZF,R02ZF_SARF000442,442,14733,FIXED_LAG_100MS,R02ZF_SARF000442__FIXED_LAG_100MS__R02ZF_REUSED_R02ZF_PERSON100020,R02ZF_REUSED_R02ZF_PERSON100020,1,14778,14778,True,R02ZF_REUSED_R02ZF_PERSON100020,"[[-51.499133725298144, -38.01733109061284]]",13.481802634685302,4,-250,100,False,False,False
R02ZF,R02ZF_SARF000442,442,14733,FULL_CONTEXT_OFFLINE,R02ZF_SARF000442__FULL_CONTEXT_OFFLINE__R02ZF_REUSED_R02ZF_PERSON100019,R02ZF_REUSED_R02ZF_PERSON100019,1,14500,14500,False,R02ZF_REUSED_R02ZF_PERSON100019,"[[-6.824440458655715, 6.295504847694367]]",13.119945306350083,13,-250,250,False,False,False
R02ZF,R02ZF_SARF000442,442,14733,FULL_CONTEXT_OFFLINE,R02ZF_SARF000442__FULL_CONTEXT_OFFLINE__R02ZF_REUSED_R02ZF_PERSON100020,R02ZF_REUSED_R02ZF_PERSON100020,1,14778,14778,True,R02ZF_REUSED_R02ZF_PERSON100020,"[[-51.499133725298144, -38.01733109061284]]",13.481802634685302,4,-250,250,False,False,False
R02ZF,R02ZF_SARF000442,442,14733,FULL_CONTEXT_OFFLINE,R02ZF_SARF000442__FULL_CONTEXT_OFFLINE__R02ZF_REUSED_R02ZF_PERSON100021,R02ZF_REUSED_R02ZF_PERSON100021,1,14889,14889,True,R02ZF_REUSED_R02ZF_PERSON100021,"[[-3.1446201663625786, 9.615342720089266]]",12.759962886451845,14,-250,250,False,False,False
R02ZF,R02ZF_SARF000442,442,14733,FULL_CONTEXT_OFFLINE,R02ZF_SARF000442__FULL_CONTEXT_OFFLINE__R02ZF_REUSED_R02ZF_PERSON100022,R02ZF_REUSED_R02ZF_PERSON100022,1,14944,14944,True,R02ZF_REUSED_R02ZF_PERSON100022,"[[-2.6646436064982524, 10.05532123329823]]",12.719964839796482,14,-250,250,False,False,False
R02ZF,R02ZF_SARF000443,443,14767,FIXED_LAG_100MS,R02ZF_SARF000443__FIXED_LAG_100MS__R02ZF_REUSED_R02ZF_PERSON100020,R02ZF_REUSED_R02ZF_PERSON100020,1,14778,14778,True,R02ZF_REUSED_R02ZF_PERSON100020,"[[-51.499133725298144, -38.01733109061284]]",13.481802634685302,5,-250,100,False,False,False
R02ZF,R02ZF_SARF000443,443,14767,FULL_CONTEXT_OFFLINE,R02ZF_SARF000443__FULL_CONTEXT_OFFLINE__R02ZF_REUSED_R02ZF_PERSON100020,R02ZF_REUSED_R02ZF_PERSON100020,1,14778,14778,True,R02ZF_REUSED_R02ZF_PERSON100020,"[[-51.499133725298144, -38.01733109061284]]",13.481802634685302,5,-250,250,False,False,False
R02ZF,R02ZF_SARF000443,443,14767,FULL_CONTEXT_OFFLINE,R02ZF_SARF000443__FULL_CONTEXT_OFFLINE__R02ZF_REUSED_R02ZF_PERSON100021,R02ZF_REUSED_R02ZF_PERSON100021,1,14889,14889,True,R02ZF_REUSED_R02ZF_PERSON100021,"[[-3.1446201663625786, 9.615342720089266]]",12.759962886451845,13,-250,250,False,False,False
R02ZF,R02ZF_SARF000443,443,14767,FULL_CONTEXT_OFFLINE,R02ZF_SARF000443__FULL_CONTEXT_OFFLINE__R02ZF_REUSED_R02ZF_PERSON100022,R02ZF_REUSED_R02ZF_PERSON100022,1,14944,14944,True,R02ZF_REUSED_R02ZF_PERSON100022,"[[-2.6646436064982524, 10.05532123329823]]",12.719964839796482,13,-250,250,False,False,False
R02ZF,R02ZF_SARF000443,443,14767,FULL_CONTEXT_OFFLINE,R02ZF_SARF000443__FULL_CONTEXT_OFFLINE__R02ZF_REUSED_R02ZF_PERSON100023,R02ZF_REUSED_R02ZF_PERSON100023,1,15000,15000,True,R02ZF_REUSED_R02ZF_PERSON100023,"[[-51.49616512027294, -37.93358518042818]]",13.56257993984476,5,-250,250,False,False,False
R02ZF,R02ZF_SARF000443,443,14767,FULL_CONTEXT_OFFLINE,R02ZF_SARF000443__FULL_CONTEXT_OFFLINE__R02ZF_REUSED_R02ZF_PERSON100024,R02ZF_REUSED_R02ZF_PERSON100024,1,15000,15000,True,R02ZF_REUSED_R02ZF_PERSON100024,"[[-49.38111216100102, -35.979930589105436]]",13.401181571895584,5,-250,250,False,False,False
R02ZF,R02ZF_SARF000444,444,14800,CAUSAL_REPLAY,R02ZF_SARF000444__CAUSAL_REPLAY__R02ZF_REUSED_R02ZF_PERSON100020,R02ZF_REUSED_R02ZF_PERSON100020,1,14778,14778,False,R02ZF_REUSED_R02ZF_PERSON100020,"[[-51.499133725298144, -38.01733109061284]]",13.481802634685302,4,-250,0,False,False,False
R02ZF,R02ZF_SARF000444,444,14800,FIXED_LAG_100MS,R02ZF_SARF000444__FIXED_LAG_100MS__R02ZF_REUSED_R02ZF_PERSON100020,R02ZF_REUSED_R02ZF_PERSON100020,1,14778,14778,False,R02ZF_REUSED_R02ZF_PERSON100020,"[[-51.499133725298144, -38.01733109061284]]",13.481802634685302,4,-250,100,False,False,False
R02ZF,R02ZF_SARF000444,444,14800,FIXED_LAG_100MS,R02ZF_SARF000444__FIXED_LAG_100MS__R02ZF_REUSED_R02ZF_PERSON100021,R02ZF_REUSED_R02ZF_PERSON100021,1,14889,14889,True,R02ZF_REUSED_R02ZF_PERSON100021,"[[-3.1446201663625786, 9.615342720089266]]",12.759962886451845,11,-250,100,False,False,False
R02ZF,R02ZF_SARF000444,444,14800,FULL_CONTEXT_OFFLINE,R02ZF_SARF000444__FULL_CONTEXT_OFFLINE__R02ZF_REUSED_R02ZF_PERSON100020,R02ZF_REUSED_R02ZF_PERSON100020,1,14778,14778,False,R02ZF_REUSED_R02ZF_PERSON100020,"[[-51.499133725298144, -38.01733109061284]]",13.481802634685302,4,-250,250,False,False,False
R02ZF,R02ZF_SARF000444,444,14800,FULL_CONTEXT_OFFLINE,R02ZF_SARF000444__FULL_CONTEXT_OFFLINE__R02ZF_REUSED_R02ZF_PERSON100021,R02ZF_REUSED_R02ZF_PERSON100021,1,14889,14889,True,R02ZF_REUSED_R02ZF_PERSON100021,"[[-3.1446201663625786, 9.615342720089266]]",12.759962886451845,11,-250,250,False,False,False
R02ZF,R02ZF_SARF000444,444,14800,FULL_CONTEXT_OFFLINE,R02ZF_SARF000444__FULL_CONTEXT_OFFLINE__R02ZF_REUSED_R02ZF_PERSON100022,R02ZF_REUSED_R02ZF_PERSON100022,1,14944,14944,True,R02ZF_REUSED_R02ZF_PERSON100022,"[[-2.6646436064982524, 10.05532123329823]]",12.719964839796482,11,-250,250,False,False,False
R02ZF,R02ZF_SARF000444,444,14800,FULL_CONTEXT_OFFLINE,R02ZF_SARF000444__FULL_CONTEXT_OFFLINE__R02ZF_REUSED_R02ZF_PERSON100023,R02ZF_REUSED_R02ZF_PERSON100023,1,15000,15000,True,R02ZF_REUSED_R02ZF_PERSON100023,"[[-51.49616512027294, -37.93358518042818]]",13.56257993984476,4,-250,250,False,False,False
R02ZF,R02ZF_SARF000444,444,14800,FULL_CONTEXT_OFFLINE,R02ZF_SARF000444__FULL_CONTEXT_OFFLINE__R02ZF_REUSED_R02ZF_PERSON100024,R02ZF_REUSED_R02ZF_PERSON100024,1,15000,15000,True,R02ZF_REUSED_R02ZF_PERSON100024,"[[-49.38111216100102, -35.979930589105436]]",13.401181571895584,5,-250,250,False,False,False
R02ZF,R02ZF_SARF000445,445,14833,CAUSAL_REPLAY,R02ZF_SARF000445__CAUSAL_REPLAY__R02ZF_REUSED_R02ZF_PERSON100020,R02ZF_REUSED_R02ZF_PERSON100020,1,14778,14778,False,R02ZF_REUSED_R02ZF_PERSON100020,"[[-51.499133725298144, -38.01733109061284]]",13.481802634685302,4,-250,0,False,False,False
R02ZF,R02ZF_SARF000445,445,14833,FIXED_LAG_100MS,R02ZF_SARF000445__FIXED_LAG_100MS__R02ZF_REUSED_R02ZF_PERSON100020,R02ZF_REUSED_R02ZF_PERSON100020,1,14778,14778,False,R02ZF_REUSED_R02ZF_PERSON100020,"[[-51.499133725298144, -38.01733109061284]]",13.481802634685302,4,-250,100,False,False,False
R02ZF,R02ZF_SARF000445,445,14833,FIXED_LAG_100MS,R02ZF_SARF000445__FIXED_LAG_100MS__R02ZF_REUSED_R02ZF_PERSON100021,R02ZF_REUSED_R02ZF_PERSON100021,1,14889,14889,True,R02ZF_REUSED_R02ZF_PERSON100021,"[[-3.1446201663625786, 9.615342720089266]]",12.759962886451845,12,-250,100,False,False,False
R02ZF,R02ZF_SARF000445,445,14833,FULL_CONTEXT_OFFLINE,R02ZF_SARF000445__FULL_CONTEXT_OFFLINE__R02ZF_REUSED_R02ZF_PERSON100020,R02ZF_REUSED_R02ZF_PERSON100020,1,14778,14778,False,R02ZF_REUSED_R02ZF_PERSON100020,"[[-51.499133725298144, -38.01733109061284]]",13.481802634685302,4,-250,250,False,False,False
R02ZF,R02ZF_SARF000445,445,14833,FULL_CONTEXT_OFFLINE,R02ZF_SARF000445__FULL_CONTEXT_OFFLINE__R02ZF_REUSED_R02ZF_PERSON100021,R02ZF_REUSED_R02ZF_PERSON100021,1,14889,14889,True,R02ZF_REUSED_R02ZF_PERSON100021,"[[-3.1446201663625786, 9.615342720089266]]",12.759962886451845,12,-250,250,False,False,False
R02ZF,R02ZF_SARF000445,445,14833,FULL_CONTEXT_OFFLINE,R02ZF_SARF000445__FULL_CONTEXT_OFFLINE__R02ZF_REUSED_R02ZF_PERSON100022,R02ZF_REUSED_R02ZF_PERSON100022,1,14944,14944,True,R02ZF_REUSED_R02ZF_PERSON100022,"[[-2.6646436064982524, 10.05532123329823]]",12.719964839796482,13,-250,250,False,False,False
R02ZF,R02ZF_SARF000445,445,14833,FULL_CONTEXT_OFFLINE,R02ZF_SARF000445__FULL_CONTEXT_OFFLINE__R02ZF_REUSED_R02ZF_PERSON100023,R02ZF_REUSED_R02ZF_PERSON100023,1,15000,15000,True,R02ZF_REUSED_R02ZF_PERSON100023,"[[-51.49616512027294, -37.93358518042818]]",13.56257993984476,4,-250,250,False,False,False
R02ZF,R02ZF_SARF000445,445,14833,FULL_CONTEXT_OFFLINE,R02ZF_SARF000445__FULL_CONTEXT_OFFLINE__R02ZF_REUSED_R02ZF_PERSON100024,R02ZF_REUSED_R02ZF_PERSON100024,1,15000,15000,True,R02ZF_REUSED_R02ZF_PERSON100024,"[[-49.38111216100102, -35.979930589105436]]",13.401181571895584,5,-250,250,False,False,False
R02ZF,R02ZF_SARF000445,445,14833,FULL_CONTEXT_OFFLINE,R02ZF_SARF000445__FULL_CONTEXT_OFFLINE__R02ZF_REUSED_R02ZF_PERSON100025,R02ZF_REUSED_R02ZF_PERSON100025,1,15056,15056,True,R02ZF_REUSED_R02ZF_PERSON100025,"[[-51.50100863373511, -37.19362131730402]]",14.30738731643109,5,-250,250,False,False,False
R02ZF,R02ZF_SARF000445,445,14833,FULL_CONTEXT_OFFLINE,R02ZF_SARF000445__FULL_CONTEXT_OFFLINE__R02ZF_REUSED_R02ZF_PERSON100026,R02ZF_REUSED_R02ZF_PERSON100026,1,15056,15056,True,R02ZF_REUSED_R02ZF_PERSON100026,"[[-48.414909346482474, -34.602497857411464]]",13.81241148907101,4,-250,250,False,False,False
R02ZF,R02ZF_SARF000445,445,14833,FULL_CONTEXT_OFFLINE,R02ZF_SARF000445__FULL_CONTEXT_OFFLINE__R02ZF_REUSED_R02ZF_PERSON100027,R02ZF_REUSED_R02ZF_PERSON100027,1,15056,15056,True,R02ZF_REUSED_R02ZF_PERSON100027,"[[-48.40990959065056, -34.707492729881785]]",13.702416860768771,4,-250,250,False,False,False
R02ZF,R02ZF_SARF000446,446,14867,CAUSAL_REPLAY,R02ZF_SARF000446__CAUSAL_REPLAY__R02ZF_REUSED_R02ZF_PERSON100020,R02ZF_REUSED_R02ZF_PERSON100020,1,14778,14778,False,R02ZF_REUSED_R02ZF_PERSON100020,"[[-51.499133725298144, -38.01733109061284]]",13.481802634685302,3,-250,0,False,False,False
R02ZF,R02ZF_SARF000446,446,14867,FIXED_LAG_100MS,R02ZF_SARF000446__FIXED_LAG_100MS__R02ZF_REUSED_R02ZF_PERSON100020,R02ZF_REUSED_R02ZF_PERSON100020,1,14778,14778,False,R02ZF_REUSED_R02ZF_PERSON100020,"[[-51.499133725298144, -38.01733109061284]]",13.481802634685302,3,-250,100,False,False,False
R02ZF,R02ZF_SARF000446,446,14867,FIXED_LAG_100MS,R02ZF_SARF000446__FIXED_LAG_100MS__R02ZF_REUSED_R02ZF_PERSON100021,R02ZF_REUSED_R02ZF_PERSON100021,1,14889,14889,True,R02ZF_REUSED_R02ZF_PERSON100021,"[[-3.1446201663625786, 9.615342720089266]]",12.759962886451845,11,-250,100,False,False,False
R02ZF,R02ZF_SARF000446,446,14867,FIXED_LAG_100MS,R02ZF_SARF000446__FIXED_LAG_100MS__R02ZF_REUSED_R02ZF_PERSON100022,R02ZF_REUSED_R02ZF_PERSON100022,1,14944,14944,True,R02ZF_REUSED_R02ZF_PERSON100022,"[[-2.6646436064982524, 10.05532123329823]]",12.719964839796482,12,-250,100,False,False,False
R02ZF,R02ZF_SARF000446,446,14867,FULL_CONTEXT_OFFLINE,R02ZF_SARF000446__FULL_CONTEXT_OFFLINE__R02ZF_REUSED_R02ZF_PERSON017,R02ZF_REUSED_R02ZF_PERSON017,1,15111,15111,True,R02ZF_REUSED_R02ZF_PERSON017,"[[-50.9801088811532, -36.129677914716915]]",14.850430966436285,3,-250,250,False,False,False
R02ZF,R02ZF_SARF000446,446,14867,FULL_CONTEXT_OFFLINE,R02ZF_SARF000446__FULL_CONTEXT_OFFLINE__R02ZF_REUSED_R02ZF_PERSON018,R02ZF_REUSED_R02ZF_PERSON018,1,15111,15111,True,R02ZF_REUSED_R02ZF_PERSON018,"[[-47.354682396513354, -33.113799400637205]]",14.240882995876149,4,-250,250,False,False,False
R02ZF,R02ZF_SARF000446,446,14867,FULL_CONTEXT_OFFLINE,R02ZF_SARF000446__FULL_CONTEXT_OFFLINE__R02ZF_REUSED_R02ZF_PERSON100020,R02ZF_REUSED_R02ZF_PERSON100020,1,14778,14778,False,R02ZF_REUSED_R02ZF_PERSON100020,"[[-51.499133725298144, -38.01733109061284]]",13.481802634685302,3,-250,250,False,False,False
R02ZF,R02ZF_SARF000446,446,14867,FULL_CONTEXT_OFFLINE,R02ZF_SARF000446__FULL_CONTEXT_OFFLINE__R02ZF_REUSED_R02ZF_PERSON100021,R02ZF_REUSED_R02ZF_PERSON100021,1,14889,14889,True,R02ZF_REUSED_R02ZF_PERSON100021,"[[-3.1446201663625786, 9.615342720089266]]",12.759962886451845,11,-250,250,False,False,False
R02ZF,R02ZF_SARF000446,446,14867,FULL_CONTEXT_OFFLINE,R02ZF_SARF000446__FULL_CONTEXT_OFFLINE__R02ZF_REUSED_R02ZF_PERSON100022,R02ZF_REUSED_R02ZF_PERSON100022,1,14944,14944,True,R02ZF_REUSED_R02ZF_PERSON100022,"[[-2.6646436064982524, 10.05532123329823]]",12.719964839796482,12,-250,250,False,False,False
R02ZF,R02ZF_SARF000446,446,14867,FULL_CONTEXT_OFFLINE,R02ZF_SARF000446__FULL_CONTEXT_OFFLINE__R02ZF_REUSED_R02ZF_PERSON100023,R02ZF_REUSED_R02ZF_PERSON100023,1,15000,15000,True,R02ZF_REUSED_R02ZF_PERSON100023,"[[-51.49616512027294, -37.93358518042818]]",13.56257993984476,3,-250,250,False,False,False
R02ZF,R02ZF_SARF000446,446,14867,FULL_CONTEXT_OFFLINE,R02ZF_SARF000446__FULL_CONTEXT_OFFLINE__R02ZF_REUSED_R02ZF_PERSON100024,R02ZF_REUSED_R02ZF_PERSON100024,1,15000,15000,True,R02ZF_REUSED_R02ZF_PERSON100024,"[[-49.38111216100102, -35.979930589105436]]",13.401181571895584,4,-250,250,False,False,False
R02ZF,R02ZF_SARF000446,446,14867,FULL_CONTEXT_OFFLINE,R02ZF_SARF000446__FULL_CONTEXT_OFFLINE__R02ZF_REUSED_R02ZF_PERSON100025,R02ZF_REUSED_R02ZF_PERSON100025,1,15056,15056,True,R02ZF_REUSED_R02ZF_PERSON100025,"[[-51.50100863373511, -37.19362131730402]]",14.30738731643109,3,-250,250,False,False,False
R02ZF,R02ZF_SARF000446,446,14867,FULL_CONTEXT_OFFLINE,R02ZF_SARF000446__FULL_CONTEXT_OFFLINE__R02ZF_REUSED_R02ZF_PERSON100026,R02ZF_REUSED_R02ZF_PERSON100026,1,15056,15056,True,R02ZF_REUSED_R02ZF_PERSON100026,"[[-48.414909346482474, -34.602497857411464]]",13.81241148907101,4,-250,250,False,False,False
R02ZF,R02ZF_SARF000446,446,14867,FULL_CONTEXT_OFFLINE,R02ZF_SARF000446__FULL_CONTEXT_OFFLINE__R02ZF_REUSED_R02ZF_PERSON100027,R02ZF_REUSED_R02ZF_PERSON100027,1,15056,15056,True,R02ZF_REUSED_R02ZF_PERSON100027,"[[-48.40990959065056, -34.707492729881785]]",13.702416860768771,4,-250,250,False,False,False
R02ZF,R02ZF_SARF000447,447,14900,CAUSAL_REPLAY,R02ZF_SARF000447__CAUSAL_REPLAY__R02ZF_REUSED_R02ZF_PERSON100020,R02ZF_REUSED_R02ZF_PERSON100020,1,14778,14778,False,R02ZF_REUSED_R02ZF_PERSON100020,"[[-51.499133725298144, -38.01733109061284]]",13.481802634685302,5,-250,0,False,False,False
R02ZF,R02ZF_SARF000447,447,14900,CAUSAL_REPLAY,R02ZF_SARF000447__CAUSAL_REPLAY__R02ZF_REUSED_R02ZF_PERSON100021,R02ZF_REUSED_R02ZF_PERSON100021,1,14889,14889,False,R02ZF_REUSED_R02ZF_PERSON100021,"[[-3.1446201663625786, 9.615342720089266]]",12.759962886451845,10,-250,0,False,False,False
R02ZF,R02ZF_SARF000447,447,14900,FIXED_LAG_100MS,R02ZF_SARF000447__FIXED_LAG_100MS__R02ZF_REUSED_R02ZF_PERSON100020,R02ZF_REUSED_R02ZF_PERSON100020,1,14778,14778,False,R02ZF_REUSED_R02ZF_PERSON100020,"[[-51.499133725298144, -38.01733109061284]]",13.481802634685302,5,-250,100,False,False,False
R02ZF,R02ZF_SARF000447,447,14900,FIXED_LAG_100MS,R02ZF_SARF000447__FIXED_LAG_100MS__R02ZF_REUSED_R02ZF_PERSON100021,R02ZF_REUSED_R02ZF_PERSON100021,1,14889,14889,False,R02ZF_REUSED_R02ZF_PERSON100021,"[[-3.1446201663625786, 9.615342720089266]]",12.759962886451845,10,-250,100,False,False,False
R02ZF,R02ZF_SARF000447,447,14900,FIXED_LAG_100MS,R02ZF_SARF000447__FIXED_LAG_100MS__R02ZF_REUSED_R02ZF_PERSON100022,R02ZF_REUSED_R02ZF_PERSON100022,1,14944,14944,True,R02ZF_REUSED_R02ZF_PERSON100022,"[[-2.6646436064982524, 10.05532123329823]]",12.719964839796482,10,-250,100,False,False,False
R02ZF,R02ZF_SARF000447,447,14900,FIXED_LAG_100MS,R02ZF_SARF000447__FIXED_LAG_100MS__R02ZF_REUSED_R02ZF_PERSON100023,R02ZF_REUSED_R02ZF_PERSON100023,1,15000,15000,True,R02ZF_REUSED_R02ZF_PERSON100023,"[[-51.49616512027294, -37.93358518042818]]",13.56257993984476,5,-250,100,False,False,False
R02ZF,R02ZF_SARF000447,447,14900,FIXED_LAG_100MS,R02ZF_SARF000447__FIXED_LAG_100MS__R02ZF_REUSED_R02ZF_PERSON100024,R02ZF_REUSED_R02ZF_PERSON100024,1,15000,15000,True,R02ZF_REUSED_R02ZF_PERSON100024,"[[-49.38111216100102, -35.979930589105436]]",13.401181571895584,7,-250,100,False,False,False
R02ZF,R02ZF_SARF000447,447,14900,FULL_CONTEXT_OFFLINE,R02ZF_SARF000447__FULL_CONTEXT_OFFLINE__R02ZF_REUSED_R02ZF_PERSON017,R02ZF_REUSED_R02ZF_PERSON017,1,15111,15111,True,R02ZF_REUSED_R02ZF_PERSON017,"[[-50.9801088811532, -36.129677914716915]]",14.850430966436285,7,-250,250,False,False,False
R02ZF,R02ZF_SARF000447,447,14900,FULL_CONTEXT_OFFLINE,R02ZF_SARF000447__FULL_CONTEXT_OFFLINE__R02ZF_REUSED_R02ZF_PERSON018,R02ZF_REUSED_R02ZF_PERSON018,1,15111,15111,True,R02ZF_REUSED_R02ZF_PERSON018,"[[-47.354682396513354, -33.113799400637205]]",14.240882995876149,8,-250,250,False,False,False
R02ZF,R02ZF_SARF000447,447,14900,FULL_CONTEXT_OFFLINE,R02ZF_SARF000447__FULL_CONTEXT_OFFLINE__R02ZF_REUSED_R02ZF_PERSON100020,R02ZF_REUSED_R02ZF_PERSON100020,1,14778,14778,False,R02ZF_REUSED_R02ZF_PERSON100020,"[[-51.499133725298144, -38.01733109061284]]",13.481802634685302,5,-250,250,False,False,False
R02ZF,R02ZF_SARF000447,447,14900,FULL_CONTEXT_OFFLINE,R02ZF_SARF000447__FULL_CONTEXT_OFFLINE__R02ZF_REUSED_R02ZF_PERSON100021,R02ZF_REUSED_R02ZF_PERSON100021,1,14889,14889,False,R02ZF_REUSED_R02ZF_PERSON100021,"[[-3.1446201663625786, 9.615342720089266]]",12.759962886451845,10,-250,250,False,False,False
R02ZF,R02ZF_SARF000447,447,14900,FULL_CONTEXT_OFFLINE,R02ZF_SARF000447__FULL_CONTEXT_OFFLINE__R02ZF_REUSED_R02ZF_PERSON100022,R02ZF_REUSED_R02ZF_PERSON100022,1,14944,14944,True,R02ZF_REUSED_R02ZF_PERSON100022,"[[-2.6646436064982524, 10.05532123329823]]",12.719964839796482,10,-250,250,False,False,False
R02ZF,R02ZF_SARF000447,447,14900,FULL_CONTEXT_OFFLINE,R02ZF_SARF000447__FULL_CONTEXT_OFFLINE__R02ZF_REUSED_R02ZF_PERSON100023,R02ZF_REUSED_R02ZF_PERSON100023,1,15000,15000,True,R02ZF_REUSED_R02ZF_PERSON100023,"[[-51.49616512027294, -37.93358518042818]]",13.56257993984476,5,-250,250,False,False,False
R02ZF,R02ZF_SARF000447,447,14900,FULL_CONTEXT_OFFLINE,R02ZF_SARF000447__FULL_CONTEXT_OFFLINE__R02ZF_REUSED_R02ZF_PERSON100024,R02ZF_REUSED_R02ZF_PERSON100024,1,15000,15000,True,R02ZF_REUSED_R02ZF_PERSON100024,"[[-49.38111216100102, -35.979930589105436]]",13.401181571895584,7,-250,250,False,False,False
R02ZF,R02ZF_SARF000447,447,14900,FULL_CONTEXT_OFFLINE,R02ZF_SARF000447__FULL_CONTEXT_OFFLINE__R02ZF_REUSED_R02ZF_PERSON100025,R02ZF_REUSED_R02ZF_PERSON100025,1,15056,15056,True,R02ZF_REUSED_R02ZF_PERSON100025,"[[-51.50100863373511, -37.19362131730402]]",14.30738731643109,6,-250,250,False,False,False
R02ZF,R02ZF_SARF000447,447,14900,FULL_CONTEXT_OFFLINE,R02ZF_SARF000447__FULL_CONTEXT_OFFLINE__R02ZF_REUSED_R02ZF_PERSON100026,R02ZF_REUSED_R02ZF_PERSON100026,1,15056,15056,True,R02ZF_REUSED_R02ZF_PERSON100026,"[[-48.414909346482474, -34.602497857411464]]",13.81241148907101,8,-250,250,False,False,False
R02ZF,R02ZF_SARF000447,447,14900,FULL_CONTEXT_OFFLINE,R02ZF_SARF000447__FULL_CONTEXT_OFFLINE__R02ZF_REUSED_R02ZF_PERSON100027,R02ZF_REUSED_R02ZF_PERSON100027,1,15056,15056,True,R02ZF_REUSED_R02ZF_PERSON100027,"[[-48.40990959065056, -34.707492729881785]]",13.702416860768771,8,-250,250,False,False,False
R02ZF,R02ZF_SARF000448,448,14933,CAUSAL_REPLAY,R02ZF_SARF000448__CAUSAL_REPLAY__R02ZF_REUSED_R02ZF_PERSON100020,R02ZF_REUSED_R02ZF_PERSON100020,1,14778,14778,False,R02ZF_REUSED_R02ZF_PERSON100020,"[[-51.499133725298144, -38.01733109061284]]",13.481802634685302,4,-250,0,False,False,False
R02ZF,R02ZF_SARF000448,448,14933,CAUSAL_REPLAY,R02ZF_SARF000448__CAUSAL_REPLAY__R02ZF_REUSED_R02ZF_PERSON100021,R02ZF_REUSED_R02ZF_PERSON100021,1,14889,14889,False,R02ZF_REUSED_R02ZF_PERSON100021,"[[-3.1446201663625786, 9.615342720089266]]",12.759962886451845,12,-250,0,False,False,False
R02ZF,R02ZF_SARF000448,448,14933,FIXED_LAG_100MS,R02ZF_SARF000448__FIXED_LAG_100MS__R02ZF_REUSED_R02ZF_PERSON100020,R02ZF_REUSED_R02ZF_PERSON100020,1,14778,14778,False,R02ZF_REUSED_R02ZF_PERSON100020,"[[-51.499133725298144, -38.01733109061284]]",13.481802634685302,4,-250,100,False,False,False
R02ZF,R02ZF_SARF000448,448,14933,FIXED_LAG_100MS,R02ZF_SARF000448__FIXED_LAG_100MS__R02ZF_REUSED_R02ZF_PERSON100021,R02ZF_REUSED_R02ZF_PERSON100021,1,14889,14889,False,R02ZF_REUSED_R02ZF_PERSON100021,"[[-3.1446201663625786, 9.615342720089266]]",12.759962886451845,12,-250,100,False,False,False
R02ZF,R02ZF_SARF000448,448,14933,FIXED_LAG_100MS,R02ZF_SARF000448__FIXED_LAG_100MS__R02ZF_REUSED_R02ZF_PERSON100022,R02ZF_REUSED_R02ZF_PERSON100022,1,14944,14944,True,R02ZF_REUSED_R02ZF_PERSON100022,"[[-2.6646436064982524, 10.05532123329823]]",12.719964839796482,11,-250,100,False,False,False
R02ZF,R02ZF_SARF000448,448,14933,FIXED_LAG_100MS,R02ZF_SARF000448__FIXED_LAG_100MS__R02ZF_REUSED_R02ZF_PERSON100023,R02ZF_REUSED_R02ZF_PERSON100023,1,15000,15000,True,R02ZF_REUSED_R02ZF_PERSON100023,"[[-51.49616512027294, -37.93358518042818]]",13.56257993984476,4,-250,100,False,False,False
R02ZF,R02ZF_SARF000448,448,14933,FIXED_LAG_100MS,R02ZF_SARF000448__FIXED_LAG_100MS__R02ZF_REUSED_R02ZF_PERSON100024,R02ZF_REUSED_R02ZF_PERSON100024,1,15000,15000,True,R02ZF_REUSED_R02ZF_PERSON100024,"[[-49.38111216100102, -35.979930589105436]]",13.401181571895584,5,-250,100,False,False,False
R02ZF,R02ZF_SARF000448,448,14933,FULL_CONTEXT_OFFLINE,R02ZF_SARF000448__FULL_CONTEXT_OFFLINE__R02ZF_REUSED_R02ZF_PERSON017,R02ZF_REUSED_R02ZF_PERSON017,2,15111,15167,True,R02ZF_REUSED_R02ZF_PERSON017,"[[-50.9801088811532, -35.08354492163664]]",15.896563959516563,6,-250,250,False,False,False
R02ZF,R02ZF_SARF000448,448,14933,FULL_CONTEXT_OFFLINE,R02ZF_SARF000448__FULL_CONTEXT_OFFLINE__R02ZF_REUSED_R02ZF_PERSON018,R02ZF_REUSED_R02ZF_PERSON018,2,15111,15167,True,R02ZF_REUSED_R02ZF_PERSON018,"[[-47.354682396513354, -31.622035501116244]]",15.73264689539711,6,-250,250,False,False,False
R02ZF,R02ZF_SARF000448,448,14933,FULL_CONTEXT_OFFLINE,R02ZF_SARF000448__FULL_CONTEXT_OFFLINE__R02ZF_REUSED_R02ZF_PERSON100020,R02ZF_REUSED_R02ZF_PERSON100020,1,14778,14778,False,R02ZF_REUSED_R02ZF_PERSON100020,"[[-51.499133725298144, -38.01733109061284]]",13.481802634685302,4,-250,250,False,False,False
R02ZF,R02ZF_SARF000448,448,14933,FULL_CONTEXT_OFFLINE,R02ZF_SARF000448__FULL_CONTEXT_OFFLINE__R02ZF_REUSED_R02ZF_PERSON100021,R02ZF_REUSED_R02ZF_PERSON100021,1,14889,14889,False,R02ZF_REUSED_R02ZF_PERSON100021,"[[-3.1446201663625786, 9.615342720089266]]",12.759962886451845,12,-250,250,False,False,False
R02ZF,R02ZF_SARF000448,448,14933,FULL_CONTEXT_OFFLINE,R02ZF_SARF000448__FULL_CONTEXT_OFFLINE__R02ZF_REUSED_R02ZF_PERSON100022,R02ZF_REUSED_R02ZF_PERSON100022,1,14944,14944,True,R02ZF_REUSED_R02ZF_PERSON100022,"[[-2.6646436064982524, 10.05532123329823]]",12.719964839796482,11,-250,250,False,False,False
R02ZF,R02ZF_SARF000448,448,14933,FULL_CONTEXT_OFFLINE,R02ZF_SARF000448__FULL_CONTEXT_OFFLINE__R02ZF_REUSED_R02ZF_PERSON100023,R02ZF_REUSED_R02ZF_PERSON100023,1,15000,15000,True,R02ZF_REUSED_R02ZF_PERSON100023,"[[-51.49616512027294, -37.93358518042818]]",13.56257993984476,4,-250,250,False,False,False
R02ZF,R02ZF_SARF000448,448,14933,FULL_CONTEXT_OFFLINE,R02ZF_SARF000448__FULL_CONTEXT_OFFLINE__R02ZF_REUSED_R02ZF_PERSON100024,R02ZF_REUSED_R02ZF_PERSON100024,1,15000,15000,True,R02ZF_REUSED_R02ZF_PERSON100024,"[[-49.38111216100102, -35.979930589105436]]",13.401181571895584,5,-250,250,False,False,False
R02ZF,R02ZF_SARF000448,448,14933,FULL_CONTEXT_OFFLINE,R02ZF_SARF000448__FULL_CONTEXT_OFFLINE__R02ZF_REUSED_R02ZF_PERSON100025,R02ZF_REUSED_R02ZF_PERSON100025,1,15056,15056,True,R02ZF_REUSED_R02ZF_PERSON100025,"[[-51.50100863373511, -37.19362131730402]]",14.30738731643109,5,-250,250,False,False,False
R02ZF,R02ZF_SARF000448,448,14933,FULL_CONTEXT_OFFLINE,R02ZF_SARF000448__FULL_CONTEXT_OFFLINE__R02ZF_REUSED_R02ZF_PERSON100026,R02ZF_REUSED_R02ZF_PERSON100026,1,15056,15056,True,R02ZF_REUSED_R02ZF_PERSON100026,"[[-48.414909346482474, -34.602497857411464]]",13.81241148907101,6,-250,250,False,False,False
R02ZF,R02ZF_SARF000448,448,14933,FULL_CONTEXT_OFFLINE,R02ZF_SARF000448__FULL_CONTEXT_OFFLINE__R02ZF_REUSED_R02ZF_PERSON100027,R02ZF_REUSED_R02ZF_PERSON100027,1,15056,15056,True,R02ZF_REUSED_R02ZF_PERSON100027,"[[-48.40990959065056, -34.707492729881785]]",13.702416860768771,6,-250,250,False,False,False
R02ZF,R02ZF_SARF000449,449,14967,CAUSAL_REPLAY,R02ZF_SARF000449__CAUSAL_REPLAY__R02ZF_REUSED_R02ZF_PERSON100020,R02ZF_REUSED_R02ZF_PERSON100020,1,14778,14778,False,R02ZF_REUSED_R02ZF_PERSON100020,"[[-51.499133725298144, -38.01733109061284]]",13.481802634685302,5,-250,0,False,False,False
R02ZF,R02ZF_SARF000449,449,14967,CAUSAL_REPLAY,R02ZF_SARF000449__CAUSAL_REPLAY__R02ZF_REUSED_R02ZF_PERSON100021,R02ZF_REUSED_R02ZF_PERSON100021,1,14889,14889,False,R02ZF_REUSED_R02ZF_PERSON100021,"[[-3.1446201663625786, 9.615342720089266]]",12.759962886451845,13,-250,0,False,False,False
R02ZF,R02ZF_SARF000449,449,14967,CAUSAL_REPLAY,R02ZF_SARF000449__CAUSAL_REPLAY__R02ZF_REUSED_R02ZF_PERSON100022,R02ZF_REUSED_R02ZF_PERSON100022,1,14944,14944,False,R02ZF_REUSED_R02ZF_PERSON100022,"[[-2.6646436064982524, 10.05532123329823]]",12.719964839796482,12,-250,0,False,False,False
R02ZF,R02ZF_SARF000449,449,14967,FIXED_LAG_100MS,R02ZF_SARF000449__FIXED_LAG_100MS__R02ZF_REUSED_R02ZF_PERSON100020,R02ZF_REUSED_R02ZF_PERSON100020,1,14778,14778,False,R02ZF_REUSED_R02ZF_PERSON100020,"[[-51.499133725298144, -38.01733109061284]]",13.481802634685302,5,-250,100,False,False,False
R02ZF,R02ZF_SARF000449,449,14967,FIXED_LAG_100MS,R02ZF_SARF000449__FIXED_LAG_100MS__R02ZF_REUSED_R02ZF_PERSON100021,R02ZF_REUSED_R02ZF_PERSON100021,1,14889,14889,False,R02ZF_REUSED_R02ZF_PERSON100021,"[[-3.1446201663625786, 9.615342720089266]]",12.759962886451845,13,-250,100,False,False,False
R02ZF,R02ZF_SARF000449,449,14967,FIXED_LAG_100MS,R02ZF_SARF000449__FIXED_LAG_100MS__R02ZF_REUSED_R02ZF_PERSON100022,R02ZF_REUSED_R02ZF_PERSON100022,1,14944,14944,False,R02ZF_REUSED_R02ZF_PERSON100022,"[[-2.6646436064982524, 10.05532123329823]]",12.719964839796482,12,-250,100,False,False,False
R02ZF,R02ZF_SARF000449,449,14967,FIXED_LAG_100MS,R02ZF_SARF000449__FIXED_LAG_100MS__R02ZF_REUSED_R02ZF_PERSON100023,R02ZF_REUSED_R02ZF_PERSON100023,1,15000,15000,True,R02ZF_REUSED_R02ZF_PERSON100023,"[[-51.49616512027294, -37.93358518042818]]",13.56257993984476,5,-250,100,False,False,False
R02ZF,R02ZF_SARF000449,449,14967,FIXED_LAG_100MS,R02ZF_SARF000449__FIXED_LAG_100MS__R02ZF_REUSED_R02ZF_PERSON100024,R02ZF_REUSED_R02ZF_PERSON100024,1,15000,15000,True,R02ZF_REUSED_R02ZF_PERSON100024,"[[-49.38111216100102, -35.979930589105436]]",13.401181571895584,6,-250,100,False,False,False
R02ZF,R02ZF_SARF000449,449,14967,FIXED_LAG_100MS,R02ZF_SARF000449__FIXED_LAG_100MS__R02ZF_REUSED_R02ZF_PERSON100025,R02ZF_REUSED_R02ZF_PERSON100025,1,15056,15056,True,R02ZF_REUSED_R02ZF_PERSON100025,"[[-51.50100863373511, -37.19362131730402]]",14.30738731643109,5,-250,100,False,False,False
R02ZF,R02ZF_SARF000449,449,14967,FIXED_LAG_100MS,R02ZF_SARF000449__FIXED_LAG_100MS__R02ZF_REUSED_R02ZF_PERSON100026,R02ZF_REUSED_R02ZF_PERSON100026,1,15056,15056,True,R02ZF_REUSED_R02ZF_PERSON100026,"[[-48.414909346482474, -34.602497857411464]]",13.81241148907101,7,-250,100,False,False,False
R02ZF,R02ZF_SARF000449,449,14967,FIXED_LAG_100MS,R02ZF_SARF000449__FIXED_LAG_100MS__R02ZF_REUSED_R02ZF_PERSON100027,R02ZF_REUSED_R02ZF_PERSON100027,1,15056,15056,True,R02ZF_REUSED_R02ZF_PERSON100027,"[[-48.40990959065056, -34.707492729881785]]",13.702416860768771,7,-250,100,False,False,False
R02ZF,R02ZF_SARF000449,449,14967,FULL_CONTEXT_OFFLINE,R02ZF_SARF000449__FULL_CONTEXT_OFFLINE__R02ZF_REUSED_R02ZF_PERSON017,R02ZF_REUSED_R02ZF_PERSON017,2,15111,15167,True,R02ZF_REUSED_R02ZF_PERSON017,"[[-50.9801088811532, -35.08354492163664]]",15.896563959516563,7,-250,250,False,False,False
R02ZF,R02ZF_SARF000449,449,14967,FULL_CONTEXT_OFFLINE,R02ZF_SARF000449__FULL_CONTEXT_OFFLINE__R02ZF_REUSED_R02ZF_PERSON018,R02ZF_REUSED_R02ZF_PERSON018,2,15111,15167,True,R02ZF_REUSED_R02ZF_PERSON018,"[[-47.354682396513354, -31.622035501116244]]",15.73264689539711,7,-250,250,False,False,False
R02ZF,R02ZF_SARF000449,449,14967,FULL_CONTEXT_OFFLINE,R02ZF_SARF000449__FULL_CONTEXT_OFFLINE__R02ZF_REUSED_R02ZF_PERSON100020,R02ZF_REUSED_R02ZF_PERSON100020,1,14778,14778,False,R02ZF_REUSED_R02ZF_PERSON100020,"[[-51.499133725298144, -38.01733109061284]]",13.481802634685302,5,-250,250,False,False,False
R02ZF,R02ZF_SARF000449,449,14967,FULL_CONTEXT_OFFLINE,R02ZF_SARF000449__FULL_CONTEXT_OFFLINE__R02ZF_REUSED_R02ZF_PERSON100021,R02ZF_REUSED_R02ZF_PERSON100021,1,14889,14889,False,R02ZF_REUSED_R02ZF_PERSON100021,"[[-3.1446201663625786, 9.615342720089266]]",12.759962886451845,13,-250,250,False,False,False
R02ZF,R02ZF_SARF000449,449,14967,FULL_CONTEXT_OFFLINE,R02ZF_SARF000449__FULL_CONTEXT_OFFLINE__R02ZF_REUSED_R02ZF_PERSON100022,R02ZF_REUSED_R02ZF_PERSON100022,1,14944,14944,False,R02ZF_REUSED_R02ZF_PERSON100022,"[[-2.6646436064982524, 10.05532123329823]]",12.719964839796482,12,-250,250,False,False,False
R02ZF,R02ZF_SARF000449,449,14967,FULL_CONTEXT_OFFLINE,R02ZF_SARF000449__FULL_CONTEXT_OFFLINE__R02ZF_REUSED_R02ZF_PERSON100023,R02ZF_REUSED_R02ZF_PERSON100023,1,15000,15000,True,R02ZF_REUSED_R02ZF_PERSON100023,"[[-51.49616512027294, -37.93358518042818]]",13.56257993984476,5,-250,250,False,False,False
R02ZF,R02ZF_SARF000449,449,14967,FULL_CONTEXT_OFFLINE,R02ZF_SARF000449__FULL_CONTEXT_OFFLINE__R02ZF_REUSED_R02ZF_PERSON100024,R02ZF_REUSED_R02ZF_PERSON100024,1,15000,15000,True,R02ZF_REUSED_R02ZF_PERSON100024,"[[-49.38111216100102, -35.979930589105436]]",13.401181571895584,6,-250,250,False,False,False
R02ZF,R02ZF_SARF000449,449,14967,FULL_CONTEXT_OFFLINE,R02ZF_SARF000449__FULL_CONTEXT_OFFLINE__R02ZF_REUSED_R02ZF_PERSON100025,R02ZF_REUSED_R02ZF_PERSON100025,1,15056,15056,True,R02ZF_REUSED_R02ZF_PERSON100025,"[[-51.50100863373511, -37.19362131730402]]",14.30738731643109,5,-250,250,False,False,False
R02ZF,R02ZF_SARF000449,449,14967,FULL_CONTEXT_OFFLINE,R02ZF_SARF000449__FULL_CONTEXT_OFFLINE__R02ZF_REUSED_R02ZF_PERSON100026,R02ZF_REUSED_R02ZF_PERSON100026,1,15056,15056,True,R02ZF_REUSED_R02ZF_PERSON100026,"[[-48.414909346482474, -34.602497857411464]]",13.81241148907101,7,-250,250,False,False,False
R02ZF,R02ZF_SARF000449,449,14967,FULL_CONTEXT_OFFLINE,R02ZF_SARF000449__FULL_CONTEXT_OFFLINE__R02ZF_REUSED_R02ZF_PERSON100027,R02ZF_REUSED_R02ZF_PERSON100027,1,15056,15056,True,R02ZF_REUSED_R02ZF_PERSON100027,"[[-48.40990959065056, -34.707492729881785]]",13.702416860768771,7,-250,250,False,False,False
R02ZF,R02ZF_SARF000450,450,15000,CAUSAL_REPLAY,R02ZF_SARF000450__CAUSAL_REPLAY__R02ZF_REUSED_R02ZF_PERSON100020,R02ZF_REUSED_R02ZF_PERSON100020,1,14778,14778,False,R02ZF_REUSED_R02ZF_PERSON100020,"[[-51.499133725298144, -38.01733109061284]]",13.481802634685302,5,-250,0,False,False,False
R02ZF,R02ZF_SARF000450,450,15000,CAUSAL_REPLAY,R02ZF_SARF000450__CAUSAL_REPLAY__R02ZF_REUSED_R02ZF_PERSON100021,R02ZF_REUSED_R02ZF_PERSON100021,1,14889,14889,False,R02ZF_REUSED_R02ZF_PERSON100021,"[[-3.1446201663625786, 9.615342720089266]]",12.759962886451845,12,-250,0,False,False,False
R02ZF,R02ZF_SARF000450,450,15000,CAUSAL_REPLAY,R02ZF_SARF000450__CAUSAL_REPLAY__R02ZF_REUSED_R02ZF_PERSON100022,R02ZF_REUSED_R02ZF_PERSON100022,1,14944,14944,False,R02ZF_REUSED_R02ZF_PERSON100022,"[[-2.6646436064982524, 10.05532123329823]]",12.719964839796482,12,-250,0,False,False,False
R02ZF,R02ZF_SARF000450,450,15000,CAUSAL_REPLAY,R02ZF_SARF000450__CAUSAL_REPLAY__R02ZF_REUSED_R02ZF_PERSON100023,R02ZF_REUSED_R02ZF_PERSON100023,1,15000,15000,False,R02ZF_REUSED_R02ZF_PERSON100023,"[[-51.49616512027294, -37.93358518042818]]",13.56257993984476,5,-250,0,False,False,False
R02ZF,R02ZF_SARF000450,450,15000,CAUSAL_REPLAY,R02ZF_SARF000450__CAUSAL_REPLAY__R02ZF_REUSED_R02ZF_PERSON100024,R02ZF_REUSED_R02ZF_PERSON100024,1,15000,15000,False,R02ZF_REUSED_R02ZF_PERSON100024,"[[-49.38111216100102, -35.979930589105436]]",13.401181571895584,5,-250,0,False,False,False
R02ZF,R02ZF_SARF000450,450,15000,FIXED_LAG_100MS,R02ZF_SARF000450__FIXED_LAG_100MS__R02ZF_REUSED_R02ZF_PERSON100020,R02ZF_REUSED_R02ZF_PERSON100020,1,14778,14778,False,R02ZF_REUSED_R02ZF_PERSON100020,"[[-51.499133725298144, -38.01733109061284]]",13.481802634685302,5,-250,100,False,False,False
R02ZF,R02ZF_SARF000450,450,15000,FIXED_LAG_100MS,R02ZF_SARF000450__FIXED_LAG_100MS__R02ZF_REUSED_R02ZF_PERSON100021,R02ZF_REUSED_R02ZF_PERSON100021,1,14889,14889,False,R02ZF_REUSED_R02ZF_PERSON100021,"[[-3.1446201663625786, 9.615342720089266]]",12.759962886451845,12,-250,100,False,False,False
R02ZF,R02ZF_SARF000450,450,15000,FIXED_LAG_100MS,R02ZF_SARF000450__FIXED_LAG_100MS__R02ZF_REUSED_R02ZF_PERSON100022,R02ZF_REUSED_R02ZF_PERSON100022,1,14944,14944,False,R02ZF_REUSED_R02ZF_PERSON100022,"[[-2.6646436064982524, 10.05532123329823]]",12.719964839796482,12,-250,100,False,False,False
R02ZF,R02ZF_SARF000450,450,15000,FIXED_LAG_100MS,R02ZF_SARF000450__FIXED_LAG_100MS__R02ZF_REUSED_R02ZF_PERSON100023,R02ZF_REUSED_R02ZF_PERSON100023,1,15000,15000,False,R02ZF_REUSED_R02ZF_PERSON100023,"[[-51.49616512027294, -37.93358518042818]]",13.56257993984476,5,-250,100,False,False,False
R02ZF,R02ZF_SARF000450,450,15000,FIXED_LAG_100MS,R02ZF_SARF000450__FIXED_LAG_100MS__R02ZF_REUSED_R02ZF_PERSON100024,R02ZF_REUSED_R02ZF_PERSON100024,1,15000,15000,False,R02ZF_REUSED_R02ZF_PERSON100024,"[[-49.38111216100102, -35.979930589105436]]",13.401181571895584,5,-250,100,False,False,False
R02ZF,R02ZF_SARF000450,450,15000,FIXED_LAG_100MS,R02ZF_SARF000450__FIXED_LAG_100MS__R02ZF_REUSED_R02ZF_PERSON100025,R02ZF_REUSED_R02ZF_PERSON100025,1,15056,15056,True,R02ZF_REUSED_R02ZF_PERSON100025,"[[-51.50100863373511, -37.19362131730402]]",14.30738731643109,5,-250,100,False,False,False
R02ZF,R02ZF_SARF000450,450,15000,FIXED_LAG_100MS,R02ZF_SARF000450__FIXED_LAG_100MS__R02ZF_REUSED_R02ZF_PERSON100026,R02ZF_REUSED_R02ZF_PERSON100026,1,15056,15056,True,R02ZF_REUSED_R02ZF_PERSON100026,"[[-48.414909346482474, -34.602497857411464]]",13.81241148907101,7,-250,100,False,False,False
R02ZF,R02ZF_SARF000450,450,15000,FIXED_LAG_100MS,R02ZF_SARF000450__FIXED_LAG_100MS__R02ZF_REUSED_R02ZF_PERSON100027,R02ZF_REUSED_R02ZF_PERSON100027,1,15056,15056,True,R02ZF_REUSED_R02ZF_PERSON100027,"[[-48.40990959065056, -34.707492729881785]]",13.702416860768771,7,-250,100,False,False,False
R02ZF,R02ZF_SARF000450,450,15000,FULL_CONTEXT_OFFLINE,R02ZF_SARF000450__FULL_CONTEXT_OFFLINE__R02ZF_REUSED_R02ZF_PERSON017,R02ZF_REUSED_R02ZF_PERSON017,3,15111,15222,True,R02ZF_REUSED_R02ZF_PERSON017,"[[-50.9801088811532, -34.310261152520766]]",16.669847728632433,7,-250,250,False,False,False
R02ZF,R02ZF_SARF000450,450,15000,FULL_CONTEXT_OFFLINE,R02ZF_SARF000450__FULL_CONTEXT_OFFLINE__R02ZF_REUSED_R02ZF_PERSON018,R02ZF_REUSED_R02ZF_PERSON018,3,15111,15222,True,R02ZF_REUSED_R02ZF_PERSON018,"[[-47.354682396513354, -30.52140972653882]]",16.833272669974534,6,-250,250,False,False,False
R02ZF,R02ZF_SARF000450,450,15000,FULL_CONTEXT_OFFLINE,R02ZF_SARF000450__FULL_CONTEXT_OFFLINE__R02ZF_REUSED_R02ZF_PERSON100020,R02ZF_REUSED_R02ZF_PERSON100020,1,14778,14778,False,R02ZF_REUSED_R02ZF_PERSON100020,"[[-51.499133725298144, -38.01733109061284]]",13.481802634685302,5,-250,250,False,False,False
R02ZF,R02ZF_SARF000450,450,15000,FULL_CONTEXT_OFFLINE,R02ZF_SARF000450__FULL_CONTEXT_OFFLINE__R02ZF_REUSED_R02ZF_PERSON100021,R02ZF_REUSED_R02ZF_PERSON100021,1,14889,14889,False,R02ZF_REUSED_R02ZF_PERSON100021,"[[-3.1446201663625786, 9.615342720089266]]",12.759962886451845,12,-250,250,False,False,False
R02ZF,R02ZF_SARF000450,450,15000,FULL_CONTEXT_OFFLINE,R02ZF_SARF000450__FULL_CONTEXT_OFFLINE__R02ZF_REUSED_R02ZF_PERSON100022,R02ZF_REUSED_R02ZF_PERSON100022,1,14944,14944,False,R02ZF_REUSED_R02ZF_PERSON100022,"[[-2.6646436064982524, 10.05532123329823]]",12.719964839796482,12,-250,250,False,False,False
R02ZF,R02ZF_SARF000450,450,15000,FULL_CONTEXT_OFFLINE,R02ZF_SARF000450__FULL_CONTEXT_OFFLINE__R02ZF_REUSED_R02ZF_PERSON100023,R02ZF_REUSED_R02ZF_PERSON100023,1,15000,15000,False,R02ZF_REUSED_R02ZF_PERSON100023,"[[-51.49616512027294, -37.93358518042818]]",13.56257993984476,5,-250,250,False,False,False
R02ZF,R02ZF_SARF000450,450,15000,FULL_CONTEXT_OFFLINE,R02ZF_SARF000450__FULL_CONTEXT_OFFLINE__R02ZF_REUSED_R02ZF_PERSON100024,R02ZF_REUSED_R02ZF_PERSON100024,1,15000,15000,False,R02ZF_REUSED_R02ZF_PERSON100024,"[[-49.38111216100102, -35.979930589105436]]",13.401181571895584,5,-250,250,False,False,False
R02ZF,R02ZF_SARF000450,450,15000,FULL_CONTEXT_OFFLINE,R02ZF_SARF000450__FULL_CONTEXT_OFFLINE__R02ZF_REUSED_R02ZF_PERSON100025,R02ZF_REUSED_R02ZF_PERSON100025,1,15056,15056,True,R02ZF_REUSED_R02ZF_PERSON100025,"[[-51.50100863373511, -37.19362131730402]]",14.30738731643109,5,-250,250,False,False,False
R02ZF,R02ZF_SARF000450,450,15000,FULL_CONTEXT_OFFLINE,R02ZF_SARF000450__FULL_CONTEXT_OFFLINE__R02ZF_REUSED_R02ZF_PERSON100026,R02ZF_REUSED_R02ZF_PERSON100026,1,15056,15056,True,R02ZF_REUSED_R02ZF_PERSON100026,"[[-48.414909346482474, -34.602497857411464]]",13.81241148907101,7,-250,250,False,False,False
R02ZF,R02ZF_SARF000450,450,15000,FULL_CONTEXT_OFFLINE,R02ZF_SARF000450__FULL_CONTEXT_OFFLINE__R02ZF_REUSED_R02ZF_PERSON100027,R02ZF_REUSED_R02ZF_PERSON100027,1,15056,15056,True,R02ZF_REUSED_R02ZF_PERSON100027,"[[-48.40990959065056, -34.707492729881785]]",13.702416860768771,7,-250,250,False,False,False
R02ZF,R02ZF_SARF000451,451,15033,CAUSAL_REPLAY,R02ZF_SARF000451__CAUSAL_REPLAY__R02ZF_REUSED_R02ZF_PERSON100021,R02ZF_REUSED_R02ZF_PERSON100021,1,14889,14889,False,R02ZF_REUSED_R02ZF_PERSON100021,"[[-3.1446201663625786, 9.615342720089266]]",12.759962886451845,14,-250,0,False,False,False
R02ZF,R02ZF_SARF000451,451,15033,CAUSAL_REPLAY,R02ZF_SARF000451__CAUSAL_REPLAY__R02ZF_REUSED_R02ZF_PERSON100022,R02ZF_REUSED_R02ZF_PERSON100022,1,14944,14944,False,R02ZF_REUSED_R02ZF_PERSON100022,"[[-2.6646436064982524, 10.05532123329823]]",12.719964839796482,14,-250,0,False,False,False
R02ZF,R02ZF_SARF000451,451,15033,CAUSAL_REPLAY,R02ZF_SARF000451__CAUSAL_REPLAY__R02ZF_REUSED_R02ZF_PERSON100023,R02ZF_REUSED_R02ZF_PERSON100023,1,15000,15000,False,R02ZF_REUSED_R02ZF_PERSON100023,"[[-51.49616512027294, -37.93358518042818]]",13.56257993984476,8,-250,0,False,False,False
R02ZF,R02ZF_SARF000451,451,15033,CAUSAL_REPLAY,R02ZF_SARF000451__CAUSAL_REPLAY__R02ZF_REUSED_R02ZF_PERSON100024,R02ZF_REUSED_R02ZF_PERSON100024,1,15000,15000,False,R02ZF_REUSED_R02ZF_PERSON100024,"[[-49.38111216100102, -35.979930589105436]]",13.401181571895584,7,-250,0,False,False,False
R02ZF,R02ZF_SARF000451,451,15033,FIXED_LAG_100MS,R02ZF_SARF000451__FIXED_LAG_100MS__R02ZF_REUSED_R02ZF_PERSON017,R02ZF_REUSED_R02ZF_PERSON017,1,15111,15111,True,R02ZF_REUSED_R02ZF_PERSON017,"[[-50.9801088811532, -36.129677914716915]]",14.850430966436285,8,-250,100,False,False,False
R02ZF,R02ZF_SARF000451,451,15033,FIXED_LAG_100MS,R02ZF_SARF000451__FIXED_LAG_100MS__R02ZF_REUSED_R02ZF_PERSON018,R02ZF_REUSED_R02ZF_PERSON018,1,15111,15111,True,R02ZF_REUSED_R02ZF_PERSON018,"[[-47.354682396513354, -33.113799400637205]]",14.240882995876149,7,-250,100,False,False,False
R02ZF,R02ZF_SARF000451,451,15033,FIXED_LAG_100MS,R02ZF_SARF000451__FIXED_LAG_100MS__R02ZF_REUSED_R02ZF_PERSON100021,R02ZF_REUSED_R02ZF_PERSON100021,1,14889,14889,False,R02ZF_REUSED_R02ZF_PERSON100021,"[[-3.1446201663625786, 9.615342720089266]]",12.759962886451845,14,-250,100,False,False,False
R02ZF,R02ZF_SARF000451,451,15033,FIXED_LAG_100MS,R02ZF_SARF000451__FIXED_LAG_100MS__R02ZF_REUSED_R02ZF_PERSON100022,R02ZF_REUSED_R02ZF_PERSON100022,1,14944,14944,False,R02ZF_REUSED_R02ZF_PERSON100022,"[[-2.6646436064982524, 10.05532123329823]]",12.719964839796482,14,-250,100,False,False,False
R02ZF,R02ZF_SARF000451,451,15033,FIXED_LAG_100MS,R02ZF_SARF000451__FIXED_LAG_100MS__R02ZF_REUSED_R02ZF_PERSON100023,R02ZF_REUSED_R02ZF_PERSON100023,1,15000,15000,False,R02ZF_REUSED_R02ZF_PERSON100023,"[[-51.49616512027294, -37.93358518042818]]",13.56257993984476,8,-250,100,False,False,False
R02ZF,R02ZF_SARF000451,451,15033,FIXED_LAG_100MS,R02ZF_SARF000451__FIXED_LAG_100MS__R02ZF_REUSED_R02ZF_PERSON100024,R02ZF_REUSED_R02ZF_PERSON100024,1,15000,15000,False,R02ZF_REUSED_R02ZF_PERSON100024,"[[-49.38111216100102, -35.979930589105436]]",13.401181571895584,7,-250,100,False,False,False
R02ZF,R02ZF_SARF000451,451,15033,FIXED_LAG_100MS,R02ZF_SARF000451__FIXED_LAG_100MS__R02ZF_REUSED_R02ZF_PERSON100025,R02ZF_REUSED_R02ZF_PERSON100025,1,15056,15056,True,R02ZF_REUSED_R02ZF_PERSON100025,"[[-51.50100863373511, -37.19362131730402]]",14.30738731643109,8,-250,100,False,False,False
R02ZF,R02ZF_SARF000451,451,15033,FIXED_LAG_100MS,R02ZF_SARF000451__FIXED_LAG_100MS__R02ZF_REUSED_R02ZF_PERSON100026,R02ZF_REUSED_R02ZF_PERSON100026,1,15056,15056,True,R02ZF_REUSED_R02ZF_PERSON100026,"[[-48.414909346482474, -34.602497857411464]]",13.81241148907101,7,-250,100,False,False,False
R02ZF,R02ZF_SARF000451,451,15033,FIXED_LAG_100MS,R02ZF_SARF000451__FIXED_LAG_100MS__R02ZF_REUSED_R02ZF_PERSON100027,R02ZF_REUSED_R02ZF_PERSON100027,1,15056,15056,True,R02ZF_REUSED_R02ZF_PERSON100027,"[[-48.40990959065056, -34.707492729881785]]",13.702416860768771,7,-250,100,False,False,False
R02ZF,R02ZF_SARF000451,451,15033,FULL_CONTEXT_OFFLINE,R02ZF_SARF000451__FULL_CONTEXT_OFFLINE__R02ZF_REUSED_R02ZF_PERSON017,R02ZF_REUSED_R02ZF_PERSON017,4,15111,15278,True,R02ZF_REUSED_R02ZF_PERSON017,"[[-50.9801088811532, -33.41574998660747]]",17.564358894545727,9,-250,250,False,False,False
R02ZF,R02ZF_SARF000451,451,15033,FULL_CONTEXT_OFFLINE,R02ZF_SARF000451__FULL_CONTEXT_OFFLINE__R02ZF_REUSED_R02ZF_PERSON018,R02ZF_REUSED_R02ZF_PERSON018,4,15111,15278,True,R02ZF_REUSED_R02ZF_PERSON018,"[[-47.354682396513354, -29.590041636612973]]",17.76464075990038,8,-250,250,False,False,False
R02ZF,R02ZF_SARF000451,451,15033,FULL_CONTEXT_OFFLINE,R02ZF_SARF000451__FULL_CONTEXT_OFFLINE__R02ZF_REUSED_R02ZF_PERSON100021,R02ZF_REUSED_R02ZF_PERSON100021,1,14889,14889,False,R02ZF_REUSED_R02ZF_PERSON100021,"[[-3.1446201663625786, 9.615342720089266]]",12.759962886451845,14,-250,250,False,False,False
R02ZF,R02ZF_SARF000451,451,15033,FULL_CONTEXT_OFFLINE,R02ZF_SARF000451__FULL_CONTEXT_OFFLINE__R02ZF_REUSED_R02ZF_PERSON100022,R02ZF_REUSED_R02ZF_PERSON100022,1,14944,14944,False,R02ZF_REUSED_R02ZF_PERSON100022,"[[-2.6646436064982524, 10.05532123329823]]",12.719964839796482,14,-250,250,False,False,False
R02ZF,R02ZF_SARF000451,451,15033,FULL_CONTEXT_OFFLINE,R02ZF_SARF000451__FULL_CONTEXT_OFFLINE__R02ZF_REUSED_R02ZF_PERSON100023,R02ZF_REUSED_R02ZF_PERSON100023,1,15000,15000,False,R02ZF_REUSED_R02ZF_PERSON100023,"[[-51.49616512027294, -37.93358518042818]]",13.56257993984476,8,-250,250,False,False,False
R02ZF,R02ZF_SARF000451,451,15033,FULL_CONTEXT_OFFLINE,R02ZF_SARF000451__FULL_CONTEXT_OFFLINE__R02ZF_REUSED_R02ZF_PERSON100024,R02ZF_REUSED_R02ZF_PERSON100024,1,15000,15000,False,R02ZF_REUSED_R02ZF_PERSON100024,"[[-49.38111216100102, -35.979930589105436]]",13.401181571895584,7,-250,250,False,False,False
R02ZF,R02ZF_SARF000451,451,15033,FULL_CONTEXT_OFFLINE,R02ZF_SARF000451__FULL_CONTEXT_OFFLINE__R02ZF_REUSED_R02ZF_PERSON100025,R02ZF_REUSED_R02ZF_PERSON100025,1,15056,15056,True,R02ZF_REUSED_R02ZF_PERSON100025,"[[-51.50100863373511, -37.19362131730402]]",14.30738731643109,8,-250,250,False,False,False
R02ZF,R02ZF_SARF000451,451,15033,FULL_CONTEXT_OFFLINE,R02ZF_SARF000451__FULL_CONTEXT_OFFLINE__R02ZF_REUSED_R02ZF_PERSON100026,R02ZF_REUSED_R02ZF_PERSON100026,1,15056,15056,True,R02ZF_REUSED_R02ZF_PERSON100026,"[[-48.414909346482474, -34.602497857411464]]",13.81241148907101,7,-250,250,False,False,False
R02ZF,R02ZF_SARF000451,451,15033,FULL_CONTEXT_OFFLINE,R02ZF_SARF000451__FULL_CONTEXT_OFFLINE__R02ZF_REUSED_R02ZF_PERSON100027,R02ZF_REUSED_R02ZF_PERSON100027,1,15056,15056,True,R02ZF_REUSED_R02ZF_PERSON100027,"[[-48.40990959065056, -34.707492729881785]]",13.702416860768771,7,-250,250,False,False,False
R02ZF,R02ZF_SARF000452,452,15067,CAUSAL_REPLAY,R02ZF_SARF000452__CAUSAL_REPLAY__R02ZF_REUSED_R02ZF_PERSON100021,R02ZF_REUSED_R02ZF_PERSON100021,1,14889,14889,False,R02ZF_REUSED_R02ZF_PERSON100021,"[[-3.1446201663625786, 9.615342720089266]]",12.759962886451845,14,-250,0,False,False,False
R02ZF,R02ZF_SARF000452,452,15067,CAUSAL_REPLAY,R02ZF_SARF000452__CAUSAL_REPLAY__R02ZF_REUSED_R02ZF_PERSON100022,R02ZF_REUSED_R02ZF_PERSON100022,1,14944,14944,False,R02ZF_REUSED_R02ZF_PERSON100022,"[[-2.6646436064982524, 10.05532123329823]]",12.719964839796482,13,-250,0,False,False,False
R02ZF,R02ZF_SARF000452,452,15067,CAUSAL_REPLAY,R02ZF_SARF000452__CAUSAL_REPLAY__R02ZF_REUSED_R02ZF_PERSON100023,R02ZF_REUSED_R02ZF_PERSON100023,1,15000,15000,False,R02ZF_REUSED_R02ZF_PERSON100023,"[[-51.49616512027294, -37.93358518042818]]",13.56257993984476,5,-250,0,False,False,False
R02ZF,R02ZF_SARF000452,452,15067,CAUSAL_REPLAY,R02ZF_SARF000452__CAUSAL_REPLAY__R02ZF_REUSED_R02ZF_PERSON100024,R02ZF_REUSED_R02ZF_PERSON100024,1,15000,15000,False,R02ZF_REUSED_R02ZF_PERSON100024,"[[-49.38111216100102, -35.979930589105436]]",13.401181571895584,4,-250,0,False,False,False
R02ZF,R02ZF_SARF000452,452,15067,CAUSAL_REPLAY,R02ZF_SARF000452__CAUSAL_REPLAY__R02ZF_REUSED_R02ZF_PERSON100025,R02ZF_REUSED_R02ZF_PERSON100025,1,15056,15056,False,R02ZF_REUSED_R02ZF_PERSON100025,"[[-51.50100863373511, -37.19362131730402]]",14.30738731643109,5,-250,0,False,False,False
R02ZF,R02ZF_SARF000452,452,15067,CAUSAL_REPLAY,R02ZF_SARF000452__CAUSAL_REPLAY__R02ZF_REUSED_R02ZF_PERSON100026,R02ZF_REUSED_R02ZF_PERSON100026,1,15056,15056,False,R02ZF_REUSED_R02ZF_PERSON100026,"[[-48.414909346482474, -34.602497857411464]]",13.81241148907101,4,-250,0,False,False,False
R02ZF,R02ZF_SARF000452,452,15067,CAUSAL_REPLAY,R02ZF_SARF000452__CAUSAL_REPLAY__R02ZF_REUSED_R02ZF_PERSON100027,R02ZF_REUSED_R02ZF_PERSON100027,1,15056,15056,False,R02ZF_REUSED_R02ZF_PERSON100027,"[[-48.40990959065056, -34.707492729881785]]",13.702416860768771,4,-250,0,False,False,False
R02ZF,R02ZF_SARF000452,452,15067,FIXED_LAG_100MS,R02ZF_SARF000452__FIXED_LAG_100MS__R02ZF_REUSED_R02ZF_PERSON017,R02ZF_REUSED_R02ZF_PERSON017,2,15111,15167,True,R02ZF_REUSED_R02ZF_PERSON017,"[[-50.9801088811532, -35.08354492163664]]",15.896563959516563,4,-250,100,False,False,False
R02ZF,R02ZF_SARF000452,452,15067,FIXED_LAG_100MS,R02ZF_SARF000452__FIXED_LAG_100MS__R02ZF_REUSED_R02ZF_PERSON018,R02ZF_REUSED_R02ZF_PERSON018,2,15111,15167,True,R02ZF_REUSED_R02ZF_PERSON018,"[[-47.354682396513354, -31.622035501116244]]",15.73264689539711,5,-250,100,False,False,False
R02ZF,R02ZF_SARF000452,452,15067,FIXED_LAG_100MS,R02ZF_SARF000452__FIXED_LAG_100MS__R02ZF_REUSED_R02ZF_PERSON100021,R02ZF_REUSED_R02ZF_PERSON100021,1,14889,14889,False,R02ZF_REUSED_R02ZF_PERSON100021,"[[-3.1446201663625786, 9.615342720089266]]",12.759962886451845,14,-250,100,False,False,False
R02ZF,R02ZF_SARF000452,452,15067,FIXED_LAG_100MS,R02ZF_SARF000452__FIXED_LAG_100MS__R02ZF_REUSED_R02ZF_PERSON100022,R02ZF_REUSED_R02ZF_PERSON100022,1,14944,14944,False,R02ZF_REUSED_R02ZF_PERSON100022,"[[-2.6646436064982524, 10.05532123329823]]",12.719964839796482,13,-250,100,False,False,False
R02ZF,R02ZF_SARF000452,452,15067,FIXED_LAG_100MS,R02ZF_SARF000452__FIXED_LAG_100MS__R02ZF_REUSED_R02ZF_PERSON100023,R02ZF_REUSED_R02ZF_PERSON100023,1,15000,15000,False,R02ZF_REUSED_R02ZF_PERSON100023,"[[-51.49616512027294, -37.93358518042818]]",13.56257993984476,5,-250,100,False,False,False
R02ZF,R02ZF_SARF000452,452,15067,FIXED_LAG_100MS,R02ZF_SARF000452__FIXED_LAG_100MS__R02ZF_REUSED_R02ZF_PERSON100024,R02ZF_REUSED_R02ZF_PERSON100024,1,15000,15000,False,R02ZF_REUSED_R02ZF_PERSON100024,"[[-49.38111216100102, -35.979930589105436]]",13.401181571895584,4,-250,100,False,False,False
R02ZF,R02ZF_SARF000452,452,15067,FIXED_LAG_100MS,R02ZF_SARF000452__FIXED_LAG_100MS__R02ZF_REUSED_R02ZF_PERSON100025,R02ZF_REUSED_R02ZF_PERSON100025,1,15056,15056,False,R02ZF_REUSED_R02ZF_PERSON100025,"[[-51.50100863373511, -37.19362131730402]]",14.30738731643109,5,-250,100,False,False,False
R02ZF,R02ZF_SARF000452,452,15067,FIXED_LAG_100MS,R02ZF_SARF000452__FIXED_LAG_100MS__R02ZF_REUSED_R02ZF_PERSON100026,R02ZF_REUSED_R02ZF_PERSON100026,1,15056,15056,False,R02ZF_REUSED_R02ZF_PERSON100026,"[[-48.414909346482474, -34.602497857411464]]",13.81241148907101,4,-250,100,False,False,False
R02ZF,R02ZF_SARF000452,452,15067,FIXED_LAG_100MS,R02ZF_SARF000452__FIXED_LAG_100MS__R02ZF_REUSED_R02ZF_PERSON100027,R02ZF_REUSED_R02ZF_PERSON100027,1,15056,15056,False,R02ZF_REUSED_R02ZF_PERSON100027,"[[-48.40990959065056, -34.707492729881785]]",13.702416860768771,4,-250,100,False,False,False
R02ZF,R02ZF_SARF000452,452,15067,FULL_CONTEXT_OFFLINE,R02ZF_SARF000452__FULL_CONTEXT_OFFLINE__R02ZF_REUSED_R02ZF_PERSON017,R02ZF_REUSED_R02ZF_PERSON017,4,15111,15278,True,R02ZF_REUSED_R02ZF_PERSON017,"[[-50.9801088811532, -33.41574998660747]]",17.564358894545727,5,-250,250,False,False,False
R02ZF,R02ZF_SARF000452,452,15067,FULL_CONTEXT_OFFLINE,R02ZF_SARF000452__FULL_CONTEXT_OFFLINE__R02ZF_REUSED_R02ZF_PERSON018,R02ZF_REUSED_R02ZF_PERSON018,4,15111,15278,True,R02ZF_REUSED_R02ZF_PERSON018,"[[-47.354682396513354, -29.590041636612973]]",17.76464075990038,5,-250,250,False,False,False
R02ZF,R02ZF_SARF000452,452,15067,FULL_CONTEXT_OFFLINE,R02ZF_SARF000452__FULL_CONTEXT_OFFLINE__R02ZF_REUSED_R02ZF_PERSON100021,R02ZF_REUSED_R02ZF_PERSON100021,1,14889,14889,False,R02ZF_REUSED_R02ZF_PERSON100021,"[[-3.1446201663625786, 9.615342720089266]]",12.759962886451845,14,-250,250,False,False,False
R02ZF,R02ZF_SARF000452,452,15067,FULL_CONTEXT_OFFLINE,R02ZF_SARF000452__FULL_CONTEXT_OFFLINE__R02ZF_REUSED_R02ZF_PERSON100022,R02ZF_REUSED_R02ZF_PERSON100022,1,14944,14944,False,R02ZF_REUSED_R02ZF_PERSON100022,"[[-2.6646436064982524, 10.05532123329823]]",12.719964839796482,13,-250,250,False,False,False
R02ZF,R02ZF_SARF000452,452,15067,FULL_CONTEXT_OFFLINE,R02ZF_SARF000452__FULL_CONTEXT_OFFLINE__R02ZF_REUSED_R02ZF_PERSON100023,R02ZF_REUSED_R02ZF_PERSON100023,1,15000,15000,False,R02ZF_REUSED_R02ZF_PERSON100023,"[[-51.49616512027294, -37.93358518042818]]",13.56257993984476,5,-250,250,False,False,False
R02ZF,R02ZF_SARF000452,452,15067,FULL_CONTEXT_OFFLINE,R02ZF_SARF000452__FULL_CONTEXT_OFFLINE__R02ZF_REUSED_R02ZF_PERSON100024,R02ZF_REUSED_R02ZF_PERSON100024,1,15000,15000,False,R02ZF_REUSED_R02ZF_PERSON100024,"[[-49.38111216100102, -35.979930589105436]]",13.401181571895584,4,-250,250,False,False,False
R02ZF,R02ZF_SARF000452,452,15067,FULL_CONTEXT_OFFLINE,R02ZF_SARF000452__FULL_CONTEXT_OFFLINE__R02ZF_REUSED_R02ZF_PERSON100025,R02ZF_REUSED_R02ZF_PERSON100025,1,15056,15056,False,R02ZF_REUSED_R02ZF_PERSON100025,"[[-51.50100863373511, -37.19362131730402]]",14.30738731643109,5,-250,250,False,False,False
R02ZF,R02ZF_SARF000452,452,15067,FULL_CONTEXT_OFFLINE,R02ZF_SARF000452__FULL_CONTEXT_OFFLINE__R02ZF_REUSED_R02ZF_PERSON100026,R02ZF_REUSED_R02ZF_PERSON100026,1,15056,15056,False,R02ZF_REUSED_R02ZF_PERSON100026,"[[-48.414909346482474, -34.602497857411464]]",13.81241148907101,4,-250,250,False,False,False
R02ZF,R02ZF_SARF000452,452,15067,FULL_CONTEXT_OFFLINE,R02ZF_SARF000452__FULL_CONTEXT_OFFLINE__R02ZF_REUSED_R02ZF_PERSON100027,R02ZF_REUSED_R02ZF_PERSON100027,1,15056,15056,False,R02ZF_REUSED_R02ZF_PERSON100027,"[[-48.40990959065056, -34.707492729881785]]",13.702416860768771,4,-250,250,False,False,False
R02ZF,R02ZF_SARF000453,453,15100,CAUSAL_REPLAY,R02ZF_SARF000453__CAUSAL_REPLAY__R02ZF_REUSED_R02ZF_PERSON100021,R02ZF_REUSED_R02ZF_PERSON100021,1,14889,14889,False,R02ZF_REUSED_R02ZF_PERSON100021,"[[-3.1446201663625786, 9.615342720089266]]",12.759962886451845,12,-250,0,False,False,False
R02ZF,R02ZF_SARF000453,453,15100,CAUSAL_REPLAY,R02ZF_SARF000453__CAUSAL_REPLAY__R02ZF_REUSED_R02ZF_PERSON100022,R02ZF_REUSED_R02ZF_PERSON100022,1,14944,14944,False,R02ZF_REUSED_R02ZF_PERSON100022,"[[-2.6646436064982524, 10.05532123329823]]",12.719964839796482,12,-250,0,False,False,False
R02ZF,R02ZF_SARF000453,453,15100,CAUSAL_REPLAY,R02ZF_SARF000453__CAUSAL_REPLAY__R02ZF_REUSED_R02ZF_PERSON100023,R02ZF_REUSED_R02ZF_PERSON100023,1,15000,15000,False,R02ZF_REUSED_R02ZF_PERSON100023,"[[-51.49616512027294, -37.93358518042818]]",13.56257993984476,7,-250,0,False,False,False
R02ZF,R02ZF_SARF000453,453,15100,CAUSAL_REPLAY,R02ZF_SARF000453__CAUSAL_REPLAY__R02ZF_REUSED_R02ZF_PERSON100024,R02ZF_REUSED_R02ZF_PERSON100024,1,15000,15000,False,R02ZF_REUSED_R02ZF_PERSON100024,"[[-49.38111216100102, -35.979930589105436]]",13.401181571895584,7,-250,0,False,False,False
R02ZF,R02ZF_SARF000453,453,15100,CAUSAL_REPLAY,R02ZF_SARF000453__CAUSAL_REPLAY__R02ZF_REUSED_R02ZF_PERSON100025,R02ZF_REUSED_R02ZF_PERSON100025,1,15056,15056,False,R02ZF_REUSED_R02ZF_PERSON100025,"[[-51.50100863373511, -37.19362131730402]]",14.30738731643109,7,-250,0,False,False,False
R02ZF,R02ZF_SARF000453,453,15100,CAUSAL_REPLAY,R02ZF_SARF000453__CAUSAL_REPLAY__R02ZF_REUSED_R02ZF_PERSON100026,R02ZF_REUSED_R02ZF_PERSON100026,1,15056,15056,False,R02ZF_REUSED_R02ZF_PERSON100026,"[[-48.414909346482474, -34.602497857411464]]",13.81241148907101,6,-250,0,False,False,False
R02ZF,R02ZF_SARF000453,453,15100,CAUSAL_REPLAY,R02ZF_SARF000453__CAUSAL_REPLAY__R02ZF_REUSED_R02ZF_PERSON100027,R02ZF_REUSED_R02ZF_PERSON100027,1,15056,15056,False,R02ZF_REUSED_R02ZF_PERSON100027,"[[-48.40990959065056, -34.707492729881785]]",13.702416860768771,6,-250,0,False,False,False
R02ZF,R02ZF_SARF000453,453,15100,FIXED_LAG_100MS,R02ZF_SARF000453__FIXED_LAG_100MS__R02ZF_REUSED_R02ZF_PERSON017,R02ZF_REUSED_R02ZF_PERSON017,2,15111,15167,True,R02ZF_REUSED_R02ZF_PERSON017,"[[-50.9801088811532, -35.08354492163664]]",15.896563959516563,7,-250,100,False,False,False
R02ZF,R02ZF_SARF000453,453,15100,FIXED_LAG_100MS,R02ZF_SARF000453__FIXED_LAG_100MS__R02ZF_REUSED_R02ZF_PERSON018,R02ZF_REUSED_R02ZF_PERSON018,2,15111,15167,True,R02ZF_REUSED_R02ZF_PERSON018,"[[-47.354682396513354, -31.622035501116244]]",15.73264689539711,7,-250,100,False,False,False
R02ZF,R02ZF_SARF000453,453,15100,FIXED_LAG_100MS,R02ZF_SARF000453__FIXED_LAG_100MS__R02ZF_REUSED_R02ZF_PERSON100021,R02ZF_REUSED_R02ZF_PERSON100021,1,14889,14889,False,R02ZF_REUSED_R02ZF_PERSON100021,"[[-3.1446201663625786, 9.615342720089266]]",12.759962886451845,12,-250,100,False,False,False
R02ZF,R02ZF_SARF000453,453,15100,FIXED_LAG_100MS,R02ZF_SARF000453__FIXED_LAG_100MS__R02ZF_REUSED_R02ZF_PERSON100022,R02ZF_REUSED_R02ZF_PERSON100022,1,14944,14944,False,R02ZF_REUSED_R02ZF_PERSON100022,"[[-2.6646436064982524, 10.05532123329823]]",12.719964839796482,12,-250,100,False,False,False
R02ZF,R02ZF_SARF000453,453,15100,FIXED_LAG_100MS,R02ZF_SARF000453__FIXED_LAG_100MS__R02ZF_REUSED_R02ZF_PERSON100023,R02ZF_REUSED_R02ZF_PERSON100023,1,15000,15000,False,R02ZF_REUSED_R02ZF_PERSON100023,"[[-51.49616512027294, -37.93358518042818]]",13.56257993984476,7,-250,100,False,False,False
R02ZF,R02ZF_SARF000453,453,15100,FIXED_LAG_100MS,R02ZF_SARF000453__FIXED_LAG_100MS__R02ZF_REUSED_R02ZF_PERSON100024,R02ZF_REUSED_R02ZF_PERSON100024,1,15000,15000,False,R02ZF_REUSED_R02ZF_PERSON100024,"[[-49.38111216100102, -35.979930589105436]]",13.401181571895584,7,-250,100,False,False,False
R02ZF,R02ZF_SARF000453,453,15100,FIXED_LAG_100MS,R02ZF_SARF000453__FIXED_LAG_100MS__R02ZF_REUSED_R02ZF_PERSON100025,R02ZF_REUSED_R02ZF_PERSON100025,1,15056,15056,False,R02ZF_REUSED_R02ZF_PERSON100025,"[[-51.50100863373511, -37.19362131730402]]",14.30738731643109,7,-250,100,False,False,False
R02ZF,R02ZF_SARF000453,453,15100,FIXED_LAG_100MS,R02ZF_SARF000453__FIXED_LAG_100MS__R02ZF_REUSED_R02ZF_PERSON100026,R02ZF_REUSED_R02ZF_PERSON100026,1,15056,15056,False,R02ZF_REUSED_R02ZF_PERSON100026,"[[-48.414909346482474, -34.602497857411464]]",13.81241148907101,6,-250,100,False,False,False
R02ZF,R02ZF_SARF000453,453,15100,FIXED_LAG_100MS,R02ZF_SARF000453__FIXED_LAG_100MS__R02ZF_REUSED_R02ZF_PERSON100027,R02ZF_REUSED_R02ZF_PERSON100027,1,15056,15056,False,R02ZF_REUSED_R02ZF_PERSON100027,"[[-48.40990959065056, -34.707492729881785]]",13.702416860768771,6,-250,100,False,False,False
R02ZF,R02ZF_SARF000453,453,15100,FULL_CONTEXT_OFFLINE,R02ZF_SARF000453__FULL_CONTEXT_OFFLINE__R02ZF_REUSED_R02ZF_PERSON017,R02ZF_REUSED_R02ZF_PERSON017,5,15111,15333,True,R02ZF_REUSED_R02ZF_PERSON017,"[[-50.9801088811532, -32.447425693664115]]",18.532683187489084,8,-250,250,False,False,False
R02ZF,R02ZF_SARF000453,453,15100,FULL_CONTEXT_OFFLINE,R02ZF_SARF000453__FULL_CONTEXT_OFFLINE__R02ZF_REUSED_R02ZF_PERSON018,R02ZF_REUSED_R02ZF_PERSON018,5,15111,15333,True,R02ZF_REUSED_R02ZF_PERSON018,"[[-47.354682396513354, -28.68088030725108]]",18.673802089262274,7,-250,250,False,False,False
R02ZF,R02ZF_SARF000453,453,15100,FULL_CONTEXT_OFFLINE,R02ZF_SARF000453__FULL_CONTEXT_OFFLINE__R02ZF_REUSED_R02ZF_PERSON100021,R02ZF_REUSED_R02ZF_PERSON100021,1,14889,14889,False,R02ZF_REUSED_R02ZF_PERSON100021,"[[-3.1446201663625786, 9.615342720089266]]",12.759962886451845,12,-250,250,False,False,False
R02ZF,R02ZF_SARF000453,453,15100,FULL_CONTEXT_OFFLINE,R02ZF_SARF000453__FULL_CONTEXT_OFFLINE__R02ZF_REUSED_R02ZF_PERSON100022,R02ZF_REUSED_R02ZF_PERSON100022,1,14944,14944,False,R02ZF_REUSED_R02ZF_PERSON100022,"[[-2.6646436064982524, 10.05532123329823]]",12.719964839796482,12,-250,250,False,False,False
R02ZF,R02ZF_SARF000453,453,15100,FULL_CONTEXT_OFFLINE,R02ZF_SARF000453__FULL_CONTEXT_OFFLINE__R02ZF_REUSED_R02ZF_PERSON100023,R02ZF_REUSED_R02ZF_PERSON100023,1,15000,15000,False,R02ZF_REUSED_R02ZF_PERSON100023,"[[-51.49616512027294, -37.93358518042818]]",13.56257993984476,7,-250,250,False,False,False
R02ZF,R02ZF_SARF000453,453,15100,FULL_CONTEXT_OFFLINE,R02ZF_SARF000453__FULL_CONTEXT_OFFLINE__R02ZF_REUSED_R02ZF_PERSON100024,R02ZF_REUSED_R02ZF_PERSON100024,1,15000,15000,False,R02ZF_REUSED_R02ZF_PERSON100024,"[[-49.38111216100102, -35.979930589105436]]",13.401181571895584,7,-250,250,False,False,False
R02ZF,R02ZF_SARF000453,453,15100,FULL_CONTEXT_OFFLINE,R02ZF_SARF000453__FULL_CONTEXT_OFFLINE__R02ZF_REUSED_R02ZF_PERSON100025,R02ZF_REUSED_R02ZF_PERSON100025,1,15056,15056,False,R02ZF_REUSED_R02ZF_PERSON100025,"[[-51.50100863373511, -37.19362131730402]]",14.30738731643109,7,-250,250,False,False,False
R02ZF,R02ZF_SARF000453,453,15100,FULL_CONTEXT_OFFLINE,R02ZF_SARF000453__FULL_CONTEXT_OFFLINE__R02ZF_REUSED_R02ZF_PERSON100026,R02ZF_REUSED_R02ZF_PERSON100026,1,15056,15056,False,R02ZF_REUSED_R02ZF_PERSON100026,"[[-48.414909346482474, -34.602497857411464]]",13.81241148907101,6,-250,250,False,False,False
R02ZF,R02ZF_SARF000453,453,15100,FULL_CONTEXT_OFFLINE,R02ZF_SARF000453__FULL_CONTEXT_OFFLINE__R02ZF_REUSED_R02ZF_PERSON100027,R02ZF_REUSED_R02ZF_PERSON100027,1,15056,15056,False,R02ZF_REUSED_R02ZF_PERSON100027,"[[-48.40990959065056, -34.707492729881785]]",13.702416860768771,6,-250,250,False,False,False
R02ZF,R02ZF_SARF000454,454,15133,CAUSAL_REPLAY,R02ZF_SARF000454__CAUSAL_REPLAY__R02ZF_REUSED_R02ZF_PERSON017,R02ZF_REUSED_R02ZF_PERSON017,1,15111,15111,False,R02ZF_REUSED_R02ZF_PERSON017,"[[-50.9801088811532, -36.129677914716915]]",14.850430966436285,5,-250,0,False,False,False
R02ZF,R02ZF_SARF000454,454,15133,CAUSAL_REPLAY,R02ZF_SARF000454__CAUSAL_REPLAY__R02ZF_REUSED_R02ZF_PERSON018,R02ZF_REUSED_R02ZF_PERSON018,1,15111,15111,False,R02ZF_REUSED_R02ZF_PERSON018,"[[-47.354682396513354, -33.113799400637205]]",14.240882995876149,5,-250,0,False,False,False
R02ZF,R02ZF_SARF000454,454,15133,CAUSAL_REPLAY,R02ZF_SARF000454__CAUSAL_REPLAY__R02ZF_REUSED_R02ZF_PERSON100021,R02ZF_REUSED_R02ZF_PERSON100021,1,14889,14889,False,R02ZF_REUSED_R02ZF_PERSON100021,"[[-3.1446201663625786, 9.615342720089266]]",12.759962886451845,10,-250,0,False,False,False
R02ZF,R02ZF_SARF000454,454,15133,CAUSAL_REPLAY,R02ZF_SARF000454__CAUSAL_REPLAY__R02ZF_REUSED_R02ZF_PERSON100022,R02ZF_REUSED_R02ZF_PERSON100022,1,14944,14944,False,R02ZF_REUSED_R02ZF_PERSON100022,"[[-2.6646436064982524, 10.05532123329823]]",12.719964839796482,9,-250,0,False,False,False
R02ZF,R02ZF_SARF000454,454,15133,CAUSAL_REPLAY,R02ZF_SARF000454__CAUSAL_REPLAY__R02ZF_REUSED_R02ZF_PERSON100023,R02ZF_REUSED_R02ZF_PERSON100023,1,15000,15000,False,R02ZF_REUSED_R02ZF_PERSON100023,"[[-51.49616512027294, -37.93358518042818]]",13.56257993984476,5,-250,0,False,False,False
R02ZF,R02ZF_SARF000454,454,15133,CAUSAL_REPLAY,R02ZF_SARF000454__CAUSAL_REPLAY__R02ZF_REUSED_R02ZF_PERSON100024,R02ZF_REUSED_R02ZF_PERSON100024,1,15000,15000,False,R02ZF_REUSED_R02ZF_PERSON100024,"[[-49.38111216100102, -35.979930589105436]]",13.401181571895584,4,-250,0,False,False,False
R02ZF,R02ZF_SARF000454,454,15133,CAUSAL_REPLAY,R02ZF_SARF000454__CAUSAL_REPLAY__R02ZF_REUSED_R02ZF_PERSON100025,R02ZF_REUSED_R02ZF_PERSON100025,1,15056,15056,False,R02ZF_REUSED_R02ZF_PERSON100025,"[[-51.50100863373511, -37.19362131730402]]",14.30738731643109,5,-250,0,False,False,False
R02ZF,R02ZF_SARF000454,454,15133,CAUSAL_REPLAY,R02ZF_SARF000454__CAUSAL_REPLAY__R02ZF_REUSED_R02ZF_PERSON100026,R02ZF_REUSED_R02ZF_PERSON100026,1,15056,15056,False,R02ZF_REUSED_R02ZF_PERSON100026,"[[-48.414909346482474, -34.602497857411464]]",13.81241148907101,4,-250,0,False,False,False
R02ZF,R02ZF_SARF000454,454,15133,CAUSAL_REPLAY,R02ZF_SARF000454__CAUSAL_REPLAY__R02ZF_REUSED_R02ZF_PERSON100027,R02ZF_REUSED_R02ZF_PERSON100027,1,15056,15056,False,R02ZF_REUSED_R02ZF_PERSON100027,"[[-48.40990959065056, -34.707492729881785]]",13.702416860768771,4,-250,0,False,False,False
R02ZF,R02ZF_SARF000454,454,15133,FIXED_LAG_100MS,R02ZF_SARF000454__FIXED_LAG_100MS__R02ZF_REUSED_R02ZF_PERSON017,R02ZF_REUSED_R02ZF_PERSON017,3,15111,15222,True,R02ZF_REUSED_R02ZF_PERSON017,"[[-50.9801088811532, -34.310261152520766]]",16.669847728632433,5,-250,100,False,False,False
R02ZF,R02ZF_SARF000454,454,15133,FIXED_LAG_100MS,R02ZF_SARF000454__FIXED_LAG_100MS__R02ZF_REUSED_R02ZF_PERSON018,R02ZF_REUSED_R02ZF_PERSON018,3,15111,15222,True,R02ZF_REUSED_R02ZF_PERSON018,"[[-47.354682396513354, -30.52140972653882]]",16.833272669974534,5,-250,100,False,False,False
R02ZF,R02ZF_SARF000454,454,15133,FIXED_LAG_100MS,R02ZF_SARF000454__FIXED_LAG_100MS__R02ZF_REUSED_R02ZF_PERSON100021,R02ZF_REUSED_R02ZF_PERSON100021,1,14889,14889,False,R02ZF_REUSED_R02ZF_PERSON100021,"[[-3.1446201663625786, 9.615342720089266]]",12.759962886451845,10,-250,100,False,False,False
R02ZF,R02ZF_SARF000454,454,15133,FIXED_LAG_100MS,R02ZF_SARF000454__FIXED_LAG_100MS__R02ZF_REUSED_R02ZF_PERSON100022,R02ZF_REUSED_R02ZF_PERSON100022,1,14944,14944,False,R02ZF_REUSED_R02ZF_PERSON100022,"[[-2.6646436064982524, 10.05532123329823]]",12.719964839796482,9,-250,100,False,False,False
R02ZF,R02ZF_SARF000454,454,15133,FIXED_LAG_100MS,R02ZF_SARF000454__FIXED_LAG_100MS__R02ZF_REUSED_R02ZF_PERSON100023,R02ZF_REUSED_R02ZF_PERSON100023,1,15000,15000,False,R02ZF_REUSED_R02ZF_PERSON100023,"[[-51.49616512027294, -37.93358518042818]]",13.56257993984476,5,-250,100,False,False,False
R02ZF,R02ZF_SARF000454,454,15133,FIXED_LAG_100MS,R02ZF_SARF000454__FIXED_LAG_100MS__R02ZF_REUSED_R02ZF_PERSON100024,R02ZF_REUSED_R02ZF_PERSON100024,1,15000,15000,False,R02ZF_REUSED_R02ZF_PERSON100024,"[[-49.38111216100102, -35.979930589105436]]",13.401181571895584,4,-250,100,False,False,False
R02ZF,R02ZF_SARF000454,454,15133,FIXED_LAG_100MS,R02ZF_SARF000454__FIXED_LAG_100MS__R02ZF_REUSED_R02ZF_PERSON100025,R02ZF_REUSED_R02ZF_PERSON100025,1,15056,15056,False,R02ZF_REUSED_R02ZF_PERSON100025,"[[-51.50100863373511, -37.19362131730402]]",14.30738731643109,5,-250,100,False,False,False
R02ZF,R02ZF_SARF000454,454,15133,FIXED_LAG_100MS,R02ZF_SARF000454__FIXED_LAG_100MS__R02ZF_REUSED_R02ZF_PERSON100026,R02ZF_REUSED_R02ZF_PERSON100026,1,15056,15056,False,R02ZF_REUSED_R02ZF_PERSON100026,"[[-48.414909346482474, -34.602497857411464]]",13.81241148907101,4,-250,100,False,False,False
R02ZF,R02ZF_SARF000454,454,15133,FIXED_LAG_100MS,R02ZF_SARF000454__FIXED_LAG_100MS__R02ZF_REUSED_R02ZF_PERSON100027,R02ZF_REUSED_R02ZF_PERSON100027,1,15056,15056,False,R02ZF_REUSED_R02ZF_PERSON100027,"[[-48.40990959065056, -34.707492729881785]]",13.702416860768771,4,-250,100,False,False,False
R02ZF,R02ZF_SARF000454,454,15133,FULL_CONTEXT_OFFLINE,R02ZF_SARF000454__FULL_CONTEXT_OFFLINE__R02ZF_REUSED_R02ZF_PERSON017,R02ZF_REUSED_R02ZF_PERSON017,5,15111,15333,True,R02ZF_REUSED_R02ZF_PERSON017,"[[-50.9801088811532, -32.447425693664115]]",18.532683187489084,6,-250,250,False,False,False
R02ZF,R02ZF_SARF000454,454,15133,FULL_CONTEXT_OFFLINE,R02ZF_SARF000454__FULL_CONTEXT_OFFLINE__R02ZF_REUSED_R02ZF_PERSON018,R02ZF_REUSED_R02ZF_PERSON018,5,15111,15333,True,R02ZF_REUSED_R02ZF_PERSON018,"[[-47.354682396513354, -28.68088030725108]]",18.673802089262274,5,-250,250,False,False,False
R02ZF,R02ZF_SARF000454,454,15133,FULL_CONTEXT_OFFLINE,R02ZF_SARF000454__FULL_CONTEXT_OFFLINE__R02ZF_REUSED_R02ZF_PERSON100021,R02ZF_REUSED_R02ZF_PERSON100021,1,14889,14889,False,R02ZF_REUSED_R02ZF_PERSON100021,"[[-3.1446201663625786, 9.615342720089266]]",12.759962886451845,10,-250,250,False,False,False
R02ZF,R02ZF_SARF000454,454,15133,FULL_CONTEXT_OFFLINE,R02ZF_SARF000454__FULL_CONTEXT_OFFLINE__R02ZF_REUSED_R02ZF_PERSON100022,R02ZF_REUSED_R02ZF_PERSON100022,1,14944,14944,False,R02ZF_REUSED_R02ZF_PERSON100022,"[[-2.6646436064982524, 10.05532123329823]]",12.719964839796482,9,-250,250,False,False,False
R02ZF,R02ZF_SARF000454,454,15133,FULL_CONTEXT_OFFLINE,R02ZF_SARF000454__FULL_CONTEXT_OFFLINE__R02ZF_REUSED_R02ZF_PERSON100023,R02ZF_REUSED_R02ZF_PERSON100023,1,15000,15000,False,R02ZF_REUSED_R02ZF_PERSON100023,"[[-51.49616512027294, -37.93358518042818]]",13.56257993984476,5,-250,250,False,False,False
R02ZF,R02ZF_SARF000454,454,15133,FULL_CONTEXT_OFFLINE,R02ZF_SARF000454__FULL_CONTEXT_OFFLINE__R02ZF_REUSED_R02ZF_PERSON100024,R02ZF_REUSED_R02ZF_PERSON100024,1,15000,15000,False,R02ZF_REUSED_R02ZF_PERSON100024,"[[-49.38111216100102, -35.979930589105436]]",13.401181571895584,4,-250,250,False,False,False
R02ZF,R02ZF_SARF000454,454,15133,FULL_CONTEXT_OFFLINE,R02ZF_SARF000454__FULL_CONTEXT_OFFLINE__R02ZF_REUSED_R02ZF_PERSON100025,R02ZF_REUSED_R02ZF_PERSON100025,1,15056,15056,False,R02ZF_REUSED_R02ZF_PERSON100025,"[[-51.50100863373511, -37.19362131730402]]",14.30738731643109,5,-250,250,False,False,False
R02ZF,R02ZF_SARF000454,454,15133,FULL_CONTEXT_OFFLINE,R02ZF_SARF000454__FULL_CONTEXT_OFFLINE__R02ZF_REUSED_R02ZF_PERSON100026,R02ZF_REUSED_R02ZF_PERSON100026,1,15056,15056,False,R02ZF_REUSED_R02ZF_PERSON100026,"[[-48.414909346482474, -34.602497857411464]]",13.81241148907101,4,-250,250,False,False,False
R02ZF,R02ZF_SARF000454,454,15133,FULL_CONTEXT_OFFLINE,R02ZF_SARF000454__FULL_CONTEXT_OFFLINE__R02ZF_REUSED_R02ZF_PERSON100027,R02ZF_REUSED_R02ZF_PERSON100027,1,15056,15056,False,R02ZF_REUSED_R02ZF_PERSON100027,"[[-48.40990959065056, -34.707492729881785]]",13.702416860768771,4,-250,250,False,False,False
R02ZF,R02ZF_SARF000455,455,15167,CAUSAL_REPLAY,R02ZF_SARF000455__CAUSAL_REPLAY__R02ZF_REUSED_R02ZF_PERSON017,R02ZF_REUSED_R02ZF_PERSON017,2,15111,15167,False,R02ZF_REUSED_R02ZF_PERSON017,"[[-50.9801088811532, -35.08354492163664]]",15.896563959516563,5,-250,0,False,False,False
R02ZF,R02ZF_SARF000455,455,15167,CAUSAL_REPLAY,R02ZF_SARF000455__CAUSAL_REPLAY__R02ZF_REUSED_R02ZF_PERSON018,R02ZF_REUSED_R02ZF_PERSON018,2,15111,15167,False,R02ZF_REUSED_R02ZF_PERSON018,"[[-47.354682396513354, -31.622035501116244]]",15.73264689539711,5,-250,0,False,False,False
R02ZF,R02ZF_SARF000455,455,15167,CAUSAL_REPLAY,R02ZF_SARF000455__CAUSAL_REPLAY__R02ZF_REUSED_R02ZF_PERSON100022,R02ZF_REUSED_R02ZF_PERSON100022,1,14944,14944,False,R02ZF_REUSED_R02ZF_PERSON100022,"[[-2.6646436064982524, 10.05532123329823]]",12.719964839796482,12,-250,0,False,False,False
R02ZF,R02ZF_SARF000455,455,15167,CAUSAL_REPLAY,R02ZF_SARF000455__CAUSAL_REPLAY__R02ZF_REUSED_R02ZF_PERSON100023,R02ZF_REUSED_R02ZF_PERSON100023,1,15000,15000,False,R02ZF_REUSED_R02ZF_PERSON100023,"[[-51.49616512027294, -37.93358518042818]]",13.56257993984476,5,-250,0,False,False,False
R02ZF,R02ZF_SARF000455,455,15167,CAUSAL_REPLAY,R02ZF_SARF000455__CAUSAL_REPLAY__R02ZF_REUSED_R02ZF_PERSON100024,R02ZF_REUSED_R02ZF_PERSON100024,1,15000,15000,False,R02ZF_REUSED_R02ZF_PERSON100024,"[[-49.38111216100102, -35.979930589105436]]",13.401181571895584,4,-250,0,False,False,False
R02ZF,R02ZF_SARF000455,455,15167,CAUSAL_REPLAY,R02ZF_SARF000455__CAUSAL_REPLAY__R02ZF_REUSED_R02ZF_PERSON100025,R02ZF_REUSED_R02ZF_PERSON100025,1,15056,15056,False,R02ZF_REUSED_R02ZF_PERSON100025,"[[-51.50100863373511, -37.19362131730402]]",14.30738731643109,5,-250,0,False,False,False
R02ZF,R02ZF_SARF000455,455,15167,CAUSAL_REPLAY,R02ZF_SARF000455__CAUSAL_REPLAY__R02ZF_REUSED_R02ZF_PERSON100026,R02ZF_REUSED_R02ZF_PERSON100026,1,15056,15056,False,R02ZF_REUSED_R02ZF_PERSON100026,"[[-48.414909346482474, -34.602497857411464]]",13.81241148907101,4,-250,0,False,False,False
R02ZF,R02ZF_SARF000455,455,15167,CAUSAL_REPLAY,R02ZF_SARF000455__CAUSAL_REPLAY__R02ZF_REUSED_R02ZF_PERSON100027,R02ZF_REUSED_R02ZF_PERSON100027,1,15056,15056,False,R02ZF_REUSED_R02ZF_PERSON100027,"[[-48.40990959065056, -34.707492729881785]]",13.702416860768771,4,-250,0,False,False,False
R02ZF,R02ZF_SARF000455,455,15167,FIXED_LAG_100MS,R02ZF_SARF000455__FIXED_LAG_100MS__R02ZF_REUSED_R02ZF_PERSON017,R02ZF_REUSED_R02ZF_PERSON017,3,15111,15222,True,R02ZF_REUSED_R02ZF_PERSON017,"[[-50.9801088811532, -34.310261152520766]]",16.669847728632433,5,-250,100,False,False,False
R02ZF,R02ZF_SARF000455,455,15167,FIXED_LAG_100MS,R02ZF_SARF000455__FIXED_LAG_100MS__R02ZF_REUSED_R02ZF_PERSON018,R02ZF_REUSED_R02ZF_PERSON018,3,15111,15222,True,R02ZF_REUSED_R02ZF_PERSON018,"[[-47.354682396513354, -30.52140972653882]]",16.833272669974534,5,-250,100,False,False,False
R02ZF,R02ZF_SARF000455,455,15167,FIXED_LAG_100MS,R02ZF_SARF000455__FIXED_LAG_100MS__R02ZF_REUSED_R02ZF_PERSON100022,R02ZF_REUSED_R02ZF_PERSON100022,1,14944,14944,False,R02ZF_REUSED_R02ZF_PERSON100022,"[[-2.6646436064982524, 10.05532123329823]]",12.719964839796482,12,-250,100,False,False,False
R02ZF,R02ZF_SARF000455,455,15167,FIXED_LAG_100MS,R02ZF_SARF000455__FIXED_LAG_100MS__R02ZF_REUSED_R02ZF_PERSON100023,R02ZF_REUSED_R02ZF_PERSON100023,1,15000,15000,False,R02ZF_REUSED_R02ZF_PERSON100023,"[[-51.49616512027294, -37.93358518042818]]",13.56257993984476,5,-250,100,False,False,False
R02ZF,R02ZF_SARF000455,455,15167,FIXED_LAG_100MS,R02ZF_SARF000455__FIXED_LAG_100MS__R02ZF_REUSED_R02ZF_PERSON100024,R02ZF_REUSED_R02ZF_PERSON100024,1,15000,15000,False,R02ZF_REUSED_R02ZF_PERSON100024,"[[-49.38111216100102, -35.979930589105436]]",13.401181571895584,4,-250,100,False,False,False
R02ZF,R02ZF_SARF000455,455,15167,FIXED_LAG_100MS,R02ZF_SARF000455__FIXED_LAG_100MS__R02ZF_REUSED_R02ZF_PERSON100025,R02ZF_REUSED_R02ZF_PERSON100025,1,15056,15056,False,R02ZF_REUSED_R02ZF_PERSON100025,"[[-51.50100863373511, -37.19362131730402]]",14.30738731643109,5,-250,100,False,False,False
R02ZF,R02ZF_SARF000455,455,15167,FIXED_LAG_100MS,R02ZF_SARF000455__FIXED_LAG_100MS__R02ZF_REUSED_R02ZF_PERSON100026,R02ZF_REUSED_R02ZF_PERSON100026,1,15056,15056,False,R02ZF_REUSED_R02ZF_PERSON100026,"[[-48.414909346482474, -34.602497857411464]]",13.81241148907101,4,-250,100,False,False,False
R02ZF,R02ZF_SARF000455,455,15167,FIXED_LAG_100MS,R02ZF_SARF000455__FIXED_LAG_100MS__R02ZF_REUSED_R02ZF_PERSON100027,R02ZF_REUSED_R02ZF_PERSON100027,1,15056,15056,False,R02ZF_REUSED_R02ZF_PERSON100027,"[[-48.40990959065056, -34.707492729881785]]",13.702416860768771,4,-250,100,False,False,False
R02ZF,R02ZF_SARF000455,455,15167,FULL_CONTEXT_OFFLINE,R02ZF_SARF000455__FULL_CONTEXT_OFFLINE__R02ZF_REUSED_R02ZF_PERSON017,R02ZF_REUSED_R02ZF_PERSON017,6,15111,15389,True,R02ZF_REUSED_R02ZF_PERSON017,"[[-50.9801088811532, -31.555830238223187]]",19.424278642930012,6,-250,250,False,False,False
R02ZF,R02ZF_SARF000455,455,15167,FULL_CONTEXT_OFFLINE,R02ZF_SARF000455__FULL_CONTEXT_OFFLINE__R02ZF_REUSED_R02ZF_PERSON018,R02ZF_REUSED_R02ZF_PERSON018,6,15111,15389,True,R02ZF_REUSED_R02ZF_PERSON018,"[[-47.354682396513354, -27.643261709559113]]",19.71142068695424,5,-250,250,False,False,False
R02ZF,R02ZF_SARF000455,455,15167,FULL_CONTEXT_OFFLINE,R02ZF_SARF000455__FULL_CONTEXT_OFFLINE__R02ZF_REUSED_R02ZF_PERSON100022,R02ZF_REUSED_R02ZF_PERSON100022,1,14944,14944,False,R02ZF_REUSED_R02ZF_PERSON100022,"[[-2.6646436064982524, 10.05532123329823]]",12.719964839796482,12,-250,250,False,False,False
R02ZF,R02ZF_SARF000455,455,15167,FULL_CONTEXT_OFFLINE,R02ZF_SARF000455__FULL_CONTEXT_OFFLINE__R02ZF_REUSED_R02ZF_PERSON100023,R02ZF_REUSED_R02ZF_PERSON100023,1,15000,15000,False,R02ZF_REUSED_R02ZF_PERSON100023,"[[-51.49616512027294, -37.93358518042818]]",13.56257993984476,5,-250,250,False,False,False
R02ZF,R02ZF_SARF000455,455,15167,FULL_CONTEXT_OFFLINE,R02ZF_SARF000455__FULL_CONTEXT_OFFLINE__R02ZF_REUSED_R02ZF_PERSON100024,R02ZF_REUSED_R02ZF_PERSON100024,1,15000,15000,False,R02ZF_REUSED_R02ZF_PERSON100024,"[[-49.38111216100102, -35.979930589105436]]",13.401181571895584,4,-250,250,False,False,False
R02ZF,R02ZF_SARF000455,455,15167,FULL_CONTEXT_OFFLINE,R02ZF_SARF000455__FULL_CONTEXT_OFFLINE__R02ZF_REUSED_R02ZF_PERSON100025,R02ZF_REUSED_R02ZF_PERSON100025,1,15056,15056,False,R02ZF_REUSED_R02ZF_PERSON100025,"[[-51.50100863373511, -37.19362131730402]]",14.30738731643109,5,-250,250,False,False,False
R02ZF,R02ZF_SARF000455,455,15167,FULL_CONTEXT_OFFLINE,R02ZF_SARF000455__FULL_CONTEXT_OFFLINE__R02ZF_REUSED_R02ZF_PERSON100026,R02ZF_REUSED_R02ZF_PERSON100026,1,15056,15056,False,R02ZF_REUSED_R02ZF_PERSON100026,"[[-48.414909346482474, -34.602497857411464]]",13.81241148907101,4,-250,250,False,False,False
R02ZF,R02ZF_SARF000455,455,15167,FULL_CONTEXT_OFFLINE,R02ZF_SARF000455__FULL_CONTEXT_OFFLINE__R02ZF_REUSED_R02ZF_PERSON100027,R02ZF_REUSED_R02ZF_PERSON100027,1,15056,15056,False,R02ZF_REUSED_R02ZF_PERSON100027,"[[-48.40990959065056, -34.707492729881785]]",13.702416860768771,4,-250,250,False,False,False
R02ZF,R02ZF_SARF000456,456,15200,CAUSAL_REPLAY,R02ZF_SARF000456__CAUSAL_REPLAY__R02ZF_REUSED_R02ZF_PERSON017,R02ZF_REUSED_R02ZF_PERSON017,2,15111,15167,False,R02ZF_REUSED_R02ZF_PERSON017,"[[-50.9801088811532, -35.08354492163664]]",15.896563959516563,5,-250,0,False,False,False
R02ZF,R02ZF_SARF000456,456,15200,CAUSAL_REPLAY,R02ZF_SARF000456__CAUSAL_REPLAY__R02ZF_REUSED_R02ZF_PERSON018,R02ZF_REUSED_R02ZF_PERSON018,2,15111,15167,False,R02ZF_REUSED_R02ZF_PERSON018,"[[-47.354682396513354, -31.622035501116244]]",15.73264689539711,5,-250,0,False,False,False
R02ZF,R02ZF_SARF000456,456,15200,CAUSAL_REPLAY,R02ZF_SARF000456__CAUSAL_REPLAY__R02ZF_REUSED_R02ZF_PERSON100023,R02ZF_REUSED_R02ZF_PERSON100023,1,15000,15000,False,R02ZF_REUSED_R02ZF_PERSON100023,"[[-51.49616512027294, -37.93358518042818]]",13.56257993984476,5,-250,0,False,False,False
R02ZF,R02ZF_SARF000456,456,15200,CAUSAL_REPLAY,R02ZF_SARF000456__CAUSAL_REPLAY__R02ZF_REUSED_R02ZF_PERSON100024,R02ZF_REUSED_R02ZF_PERSON100024,1,15000,15000,False,R02ZF_REUSED_R02ZF_PERSON100024,"[[-49.38111216100102, -35.979930589105436]]",13.401181571895584,4,-250,0,False,False,False
R02ZF,R02ZF_SARF000456,456,15200,CAUSAL_REPLAY,R02ZF_SARF000456__CAUSAL_REPLAY__R02ZF_REUSED_R02ZF_PERSON100025,R02ZF_REUSED_R02ZF_PERSON100025,1,15056,15056,False,R02ZF_REUSED_R02ZF_PERSON100025,"[[-51.50100863373511, -37.19362131730402]]",14.30738731643109,5,-250,0,False,False,False
R02ZF,R02ZF_SARF000456,456,15200,CAUSAL_REPLAY,R02ZF_SARF000456__CAUSAL_REPLAY__R02ZF_REUSED_R02ZF_PERSON100026,R02ZF_REUSED_R02ZF_PERSON100026,1,15056,15056,False,R02ZF_REUSED_R02ZF_PERSON100026,"[[-48.414909346482474, -34.602497857411464]]",13.81241148907101,4,-250,0,False,False,False
R02ZF,R02ZF_SARF000456,456,15200,CAUSAL_REPLAY,R02ZF_SARF000456__CAUSAL_REPLAY__R02ZF_REUSED_R02ZF_PERSON100027,R02ZF_REUSED_R02ZF_PERSON100027,1,15056,15056,False,R02ZF_REUSED_R02ZF_PERSON100027,"[[-48.40990959065056, -34.707492729881785]]",13.702416860768771,4,-250,0,False,False,False
R02ZF,R02ZF_SARF000456,456,15200,FIXED_LAG_100MS,R02ZF_SARF000456__FIXED_LAG_100MS__R02ZF_REUSED_R02ZF_PERSON017,R02ZF_REUSED_R02ZF_PERSON017,4,15111,15278,True,R02ZF_REUSED_R02ZF_PERSON017,"[[-50.9801088811532, -33.41574998660747]]",17.564358894545727,6,-250,100,False,False,False
R02ZF,R02ZF_SARF000456,456,15200,FIXED_LAG_100MS,R02ZF_SARF000456__FIXED_LAG_100MS__R02ZF_REUSED_R02ZF_PERSON018,R02ZF_REUSED_R02ZF_PERSON018,4,15111,15278,True,R02ZF_REUSED_R02ZF_PERSON018,"[[-47.354682396513354, -29.590041636612973]]",17.76464075990038,5,-250,100,False,False,False
R02ZF,R02ZF_SARF000456,456,15200,FIXED_LAG_100MS,R02ZF_SARF000456__FIXED_LAG_100MS__R02ZF_REUSED_R02ZF_PERSON100023,R02ZF_REUSED_R02ZF_PERSON100023,1,15000,15000,False,R02ZF_REUSED_R02ZF_PERSON100023,"[[-51.49616512027294, -37.93358518042818]]",13.56257993984476,5,-250,100,False,False,False
R02ZF,R02ZF_SARF000456,456,15200,FIXED_LAG_100MS,R02ZF_SARF000456__FIXED_LAG_100MS__R02ZF_REUSED_R02ZF_PERSON100024,R02ZF_REUSED_R02ZF_PERSON100024,1,15000,15000,False,R02ZF_REUSED_R02ZF_PERSON100024,"[[-49.38111216100102, -35.979930589105436]]",13.401181571895584,4,-250,100,False,False,False
R02ZF,R02ZF_SARF000456,456,15200,FIXED_LAG_100MS,R02ZF_SARF000456__FIXED_LAG_100MS__R02ZF_REUSED_R02ZF_PERSON100025,R02ZF_REUSED_R02ZF_PERSON100025,1,15056,15056,False,R02ZF_REUSED_R02ZF_PERSON100025,"[[-51.50100863373511, -37.19362131730402]]",14.30738731643109,5,-250,100,False,False,False
R02ZF,R02ZF_SARF000456,456,15200,FIXED_LAG_100MS,R02ZF_SARF000456__FIXED_LAG_100MS__R02ZF_REUSED_R02ZF_PERSON100026,R02ZF_REUSED_R02ZF_PERSON100026,1,15056,15056,False,R02ZF_REUSED_R02ZF_PERSON100026,"[[-48.414909346482474, -34.602497857411464]]",13.81241148907101,4,-250,100,False,False,False
R02ZF,R02ZF_SARF000456,456,15200,FIXED_LAG_100MS,R02ZF_SARF000456__FIXED_LAG_100MS__R02ZF_REUSED_R02ZF_PERSON100027,R02ZF_REUSED_R02ZF_PERSON100027,1,15056,15056,False,R02ZF_REUSED_R02ZF_PERSON100027,"[[-48.40990959065056, -34.707492729881785]]",13.702416860768771,4,-250,100,False,False,False
R02ZF,R02ZF_SARF000456,456,15200,FULL_CONTEXT_OFFLINE,R02ZF_SARF000456__FULL_CONTEXT_OFFLINE__R02ZF_REUSED_R02ZF_PERSON017,R02ZF_REUSED_R02ZF_PERSON017,7,15111,15444,True,R02ZF_REUSED_R02ZF_PERSON017,"[[-50.9801088811532, -30.64624005610608]]",20.33386882504712,6,-250,250,False,False,False
R02ZF,R02ZF_SARF000456,456,15200,FULL_CONTEXT_OFFLINE,R02ZF_SARF000456__FULL_CONTEXT_OFFLINE__R02ZF_REUSED_R02ZF_PERSON018,R02ZF_REUSED_R02ZF_PERSON018,7,15111,15444,True,R02ZF_REUSED_R02ZF_PERSON018,"[[-47.354682396513354, -26.798049080113117]]",20.556633316400237,5,-250,250,False,False,False
R02ZF,R02ZF_SARF000456,456,15200,FULL_CONTEXT_OFFLINE,R02ZF_SARF000456__FULL_CONTEXT_OFFLINE__R02ZF_REUSED_R02ZF_PERSON100023,R02ZF_REUSED_R02ZF_PERSON100023,1,15000,15000,False,R02ZF_REUSED_R02ZF_PERSON100023,"[[-51.49616512027294, -37.93358518042818]]",13.56257993984476,5,-250,250,False,False,False
R02ZF,R02ZF_SARF000456,456,15200,FULL_CONTEXT_OFFLINE,R02ZF_SARF000456__FULL_CONTEXT_OFFLINE__R02ZF_REUSED_R02ZF_PERSON100024,R02ZF_REUSED_R02ZF_PERSON100024,1,15000,15000,False,R02ZF_REUSED_R02ZF_PERSON100024,"[[-49.38111216100102, -35.979930589105436]]",13.401181571895584,4,-250,250,False,False,False
R02ZF,R02ZF_SARF000456,456,15200,FULL_CONTEXT_OFFLINE,R02ZF_SARF000456__FULL_CONTEXT_OFFLINE__R02ZF_REUSED_R02ZF_PERSON100025,R02ZF_REUSED_R02ZF_PERSON100025,1,15056,15056,False,R02ZF_REUSED_R02ZF_PERSON100025,"[[-51.50100863373511, -37.19362131730402]]",14.30738731643109,5,-250,250,False,False,False
R02ZF,R02ZF_SARF000456,456,15200,FULL_CONTEXT_OFFLINE,R02ZF_SARF000456__FULL_CONTEXT_OFFLINE__R02ZF_REUSED_R02ZF_PERSON100026,R02ZF_REUSED_R02ZF_PERSON100026,1,15056,15056,False,R02ZF_REUSED_R02ZF_PERSON100026,"[[-48.414909346482474, -34.602497857411464]]",13.81241148907101,4,-250,250,False,False,False
R02ZF,R02ZF_SARF000456,456,15200,FULL_CONTEXT_OFFLINE,R02ZF_SARF000456__FULL_CONTEXT_OFFLINE__R02ZF_REUSED_R02ZF_PERSON100027,R02ZF_REUSED_R02ZF_PERSON100027,1,15056,15056,False,R02ZF_REUSED_R02ZF_PERSON100027,"[[-48.40990959065056, -34.707492729881785]]",13.702416860768771,4,-250,250,False,False,False
R02ZF,R02ZF_SARF000457,457,15233,CAUSAL_REPLAY,R02ZF_SARF000457__CAUSAL_REPLAY__R02ZF_REUSED_R02ZF_PERSON017,R02ZF_REUSED_R02ZF_PERSON017,3,15111,15222,False,R02ZF_REUSED_R02ZF_PERSON017,"[[-50.9801088811532, -34.310261152520766]]",16.669847728632433,6,-250,0,False,False,False
R02ZF,R02ZF_SARF000457,457,15233,CAUSAL_REPLAY,R02ZF_SARF000457__CAUSAL_REPLAY__R02ZF_REUSED_R02ZF_PERSON018,R02ZF_REUSED_R02ZF_PERSON018,3,15111,15222,False,R02ZF_REUSED_R02ZF_PERSON018,"[[-47.354682396513354, -30.52140972653882]]",16.833272669974534,6,-250,0,False,False,False
R02ZF,R02ZF_SARF000457,457,15233,CAUSAL_REPLAY,R02ZF_SARF000457__CAUSAL_REPLAY__R02ZF_REUSED_R02ZF_PERSON100023,R02ZF_REUSED_R02ZF_PERSON100023,1,15000,15000,False,R02ZF_REUSED_R02ZF_PERSON100023,"[[-51.49616512027294, -37.93358518042818]]",13.56257993984476,6,-250,0,False,False,False
R02ZF,R02ZF_SARF000457,457,15233,CAUSAL_REPLAY,R02ZF_SARF000457__CAUSAL_REPLAY__R02ZF_REUSED_R02ZF_PERSON100024,R02ZF_REUSED_R02ZF_PERSON100024,1,15000,15000,False,R02ZF_REUSED_R02ZF_PERSON100024,"[[-49.38111216100102, -35.979930589105436]]",13.401181571895584,5,-250,0,False,False,False
R02ZF,R02ZF_SARF000457,457,15233,CAUSAL_REPLAY,R02ZF_SARF000457__CAUSAL_REPLAY__R02ZF_REUSED_R02ZF_PERSON100025,R02ZF_REUSED_R02ZF_PERSON100025,1,15056,15056,False,R02ZF_REUSED_R02ZF_PERSON100025,"[[-51.50100863373511, -37.19362131730402]]",14.30738731643109,6,-250,0,False,False,False
R02ZF,R02ZF_SARF000457,457,15233,CAUSAL_REPLAY,R02ZF_SARF000457__CAUSAL_REPLAY__R02ZF_REUSED_R02ZF_PERSON100026,R02ZF_REUSED_R02ZF_PERSON100026,1,15056,15056,False,R02ZF_REUSED_R02ZF_PERSON100026,"[[-48.414909346482474, -34.602497857411464]]",13.81241148907101,5,-250,0,False,False,False
R02ZF,R02ZF_SARF000457,457,15233,CAUSAL_REPLAY,R02ZF_SARF000457__CAUSAL_REPLAY__R02ZF_REUSED_R02ZF_PERSON100027,R02ZF_REUSED_R02ZF_PERSON100027,1,15056,15056,False,R02ZF_REUSED_R02ZF_PERSON100027,"[[-48.40990959065056, -34.707492729881785]]",13.702416860768771,5,-250,0,False,False,False
R02ZF,R02ZF_SARF000457,457,15233,FIXED_LAG_100MS,R02ZF_SARF000457__FIXED_LAG_100MS__R02ZF_REUSED_R02ZF_PERSON017,R02ZF_REUSED_R02ZF_PERSON017,5,15111,15333,True,R02ZF_REUSED_R02ZF_PERSON017,"[[-50.9801088811532, -32.447425693664115]]",18.532683187489084,7,-250,100,False,False,False
R02ZF,R02ZF_SARF000457,457,15233,FIXED_LAG_100MS,R02ZF_SARF000457__FIXED_LAG_100MS__R02ZF_REUSED_R02ZF_PERSON018,R02ZF_REUSED_R02ZF_PERSON018,5,15111,15333,True,R02ZF_REUSED_R02ZF_PERSON018,"[[-47.354682396513354, -28.68088030725108]]",18.673802089262274,6,-250,100,False,False,False
R02ZF,R02ZF_SARF000457,457,15233,FIXED_LAG_100MS,R02ZF_SARF000457__FIXED_LAG_100MS__R02ZF_REUSED_R02ZF_PERSON100023,R02ZF_REUSED_R02ZF_PERSON100023,1,15000,15000,False,R02ZF_REUSED_R02ZF_PERSON100023,"[[-51.49616512027294, -37.93358518042818]]",13.56257993984476,6,-250,100,False,False,False
R02ZF,R02ZF_SARF000457,457,15233,FIXED_LAG_100MS,R02ZF_SARF000457__FIXED_LAG_100MS__R02ZF_REUSED_R02ZF_PERSON100024,R02ZF_REUSED_R02ZF_PERSON100024,1,15000,15000,False,R02ZF_REUSED_R02ZF_PERSON100024,"[[-49.38111216100102, -35.979930589105436]]",13.401181571895584,5,-250,100,False,False,False
R02ZF,R02ZF_SARF000457,457,15233,FIXED_LAG_100MS,R02ZF_SARF000457__FIXED_LAG_100MS__R02ZF_REUSED_R02ZF_PERSON100025,R02ZF_REUSED_R02ZF_PERSON100025,1,15056,15056,False,R02ZF_REUSED_R02ZF_PERSON100025,"[[-51.50100863373511, -37.19362131730402]]",14.30738731643109,6,-250,100,False,False,False
R02ZF,R02ZF_SARF000457,457,15233,FIXED_LAG_100MS,R02ZF_SARF000457__FIXED_LAG_100MS__R02ZF_REUSED_R02ZF_PERSON100026,R02ZF_REUSED_R02ZF_PERSON100026,1,15056,15056,False,R02ZF_REUSED_R02ZF_PERSON100026,"[[-48.414909346482474, -34.602497857411464]]",13.81241148907101,5,-250,100,False,False,False
R02ZF,R02ZF_SARF000457,457,15233,FIXED_LAG_100MS,R02ZF_SARF000457__FIXED_LAG_100MS__R02ZF_REUSED_R02ZF_PERSON100027,R02ZF_REUSED_R02ZF_PERSON100027,1,15056,15056,False,R02ZF_REUSED_R02ZF_PERSON100027,"[[-48.40990959065056, -34.707492729881785]]",13.702416860768771,5,-250,100,False,False,False
R02ZF,R02ZF_SARF000457,457,15233,FULL_CONTEXT_OFFLINE,R02ZF_SARF000457__FULL_CONTEXT_OFFLINE__R02ZF_REUSED_R02ZF_PERSON017,R02ZF_REUSED_R02ZF_PERSON017,7,15111,15444,True,R02ZF_REUSED_R02ZF_PERSON017,"[[-50.9801088811532, -30.64624005610608]]",20.33386882504712,7,-250,250,False,False,False
R02ZF,R02ZF_SARF000457,457,15233,FULL_CONTEXT_OFFLINE,R02ZF_SARF000457__FULL_CONTEXT_OFFLINE__R02ZF_REUSED_R02ZF_PERSON018,R02ZF_REUSED_R02ZF_PERSON018,7,15111,15444,True,R02ZF_REUSED_R02ZF_PERSON018,"[[-47.354682396513354, -26.798049080113117]]",20.556633316400237,6,-250,250,False,False,False
R02ZF,R02ZF_SARF000457,457,15233,FULL_CONTEXT_OFFLINE,R02ZF_SARF000457__FULL_CONTEXT_OFFLINE__R02ZF_REUSED_R02ZF_PERSON100023,R02ZF_REUSED_R02ZF_PERSON100023,1,15000,15000,False,R02ZF_REUSED_R02ZF_PERSON100023,"[[-51.49616512027294, -37.93358518042818]]",13.56257993984476,6,-250,250,False,False,False
R02ZF,R02ZF_SARF000457,457,15233,FULL_CONTEXT_OFFLINE,R02ZF_SARF000457__FULL_CONTEXT_OFFLINE__R02ZF_REUSED_R02ZF_PERSON100024,R02ZF_REUSED_R02ZF_PERSON100024,1,15000,15000,False,R02ZF_REUSED_R02ZF_PERSON100024,"[[-49.38111216100102, -35.979930589105436]]",13.401181571895584,5,-250,250,False,False,False
R02ZF,R02ZF_SARF000457,457,15233,FULL_CONTEXT_OFFLINE,R02ZF_SARF000457__FULL_CONTEXT_OFFLINE__R02ZF_REUSED_R02ZF_PERSON100025,R02ZF_REUSED_R02ZF_PERSON100025,1,15056,15056,False,R02ZF_REUSED_R02ZF_PERSON100025,"[[-51.50100863373511, -37.19362131730402]]",14.30738731643109,6,-250,250,False,False,False
R02ZF,R02ZF_SARF000457,457,15233,FULL_CONTEXT_OFFLINE,R02ZF_SARF000457__FULL_CONTEXT_OFFLINE__R02ZF_REUSED_R02ZF_PERSON100026,R02ZF_REUSED_R02ZF_PERSON100026,1,15056,15056,False,R02ZF_REUSED_R02ZF_PERSON100026,"[[-48.414909346482474, -34.602497857411464]]",13.81241148907101,5,-250,250,False,False,False
R02ZF,R02ZF_SARF000457,457,15233,FULL_CONTEXT_OFFLINE,R02ZF_SARF000457__FULL_CONTEXT_OFFLINE__R02ZF_REUSED_R02ZF_PERSON100027,R02ZF_REUSED_R02ZF_PERSON100027,1,15056,15056,False,R02ZF_REUSED_R02ZF_PERSON100027,"[[-48.40990959065056, -34.707492729881785]]",13.702416860768771,5,-250,250,False,False,False
R02ZF,R02ZF_SARF000458,458,15267,CAUSAL_REPLAY,R02ZF_SARF000458__CAUSAL_REPLAY__R02ZF_REUSED_R02ZF_PERSON017,R02ZF_REUSED_R02ZF_PERSON017,3,15111,15222,False,R02ZF_REUSED_R02ZF_PERSON017,"[[-50.9801088811532, -34.310261152520766]]",16.669847728632433,6,-250,0,False,False,False
R02ZF,R02ZF_SARF000458,458,15267,CAUSAL_REPLAY,R02ZF_SARF000458__CAUSAL_REPLAY__R02ZF_REUSED_R02ZF_PERSON018,R02ZF_REUSED_R02ZF_PERSON018,3,15111,15222,False,R02ZF_REUSED_R02ZF_PERSON018,"[[-47.354682396513354, -30.52140972653882]]",16.833272669974534,6,-250,0,False,False,False
R02ZF,R02ZF_SARF000458,458,15267,CAUSAL_REPLAY,R02ZF_SARF000458__CAUSAL_REPLAY__R02ZF_REUSED_R02ZF_PERSON100025,R02ZF_REUSED_R02ZF_PERSON100025,1,15056,15056,False,R02ZF_REUSED_R02ZF_PERSON100025,"[[-51.50100863373511, -37.19362131730402]]",14.30738731643109,6,-250,0,False,False,False
R02ZF,R02ZF_SARF000458,458,15267,CAUSAL_REPLAY,R02ZF_SARF000458__CAUSAL_REPLAY__R02ZF_REUSED_R02ZF_PERSON100026,R02ZF_REUSED_R02ZF_PERSON100026,1,15056,15056,False,R02ZF_REUSED_R02ZF_PERSON100026,"[[-48.414909346482474, -34.602497857411464]]",13.81241148907101,5,-250,0,False,False,False
R02ZF,R02ZF_SARF000458,458,15267,CAUSAL_REPLAY,R02ZF_SARF000458__CAUSAL_REPLAY__R02ZF_REUSED_R02ZF_PERSON100027,R02ZF_REUSED_R02ZF_PERSON100027,1,15056,15056,False,R02ZF_REUSED_R02ZF_PERSON100027,"[[-48.40990959065056, -34.707492729881785]]",13.702416860768771,5,-250,0,False,False,False
R02ZF,R02ZF_SARF000458,458,15267,FIXED_LAG_100MS,R02ZF_SARF000458__FIXED_LAG_100MS__R02ZF_REUSED_R02ZF_PERSON017,R02ZF_REUSED_R02ZF_PERSON017,5,15111,15333,True,R02ZF_REUSED_R02ZF_PERSON017,"[[-50.9801088811532, -32.447425693664115]]",18.532683187489084,7,-250,100,False,False,False
R02ZF,R02ZF_SARF000458,458,15267,FIXED_LAG_100MS,R02ZF_SARF000458__FIXED_LAG_100MS__R02ZF_REUSED_R02ZF_PERSON018,R02ZF_REUSED_R02ZF_PERSON018,5,15111,15333,True,R02ZF_REUSED_R02ZF_PERSON018,"[[-47.354682396513354, -28.68088030725108]]",18.673802089262274,6,-250,100,False,False,False
R02ZF,R02ZF_SARF000458,458,15267,FIXED_LAG_100MS,R02ZF_SARF000458__FIXED_LAG_100MS__R02ZF_REUSED_R02ZF_PERSON100025,R02ZF_REUSED_R02ZF_PERSON100025,1,15056,15056,False,R02ZF_REUSED_R02ZF_PERSON100025,"[[-51.50100863373511, -37.19362131730402]]",14.30738731643109,6,-250,100,False,False,False
R02ZF,R02ZF_SARF000458,458,15267,FIXED_LAG_100MS,R02ZF_SARF000458__FIXED_LAG_100MS__R02ZF_REUSED_R02ZF_PERSON100026,R02ZF_REUSED_R02ZF_PERSON100026,1,15056,15056,False,R02ZF_REUSED_R02ZF_PERSON100026,"[[-48.414909346482474, -34.602497857411464]]",13.81241148907101,5,-250,100,False,False,False
R02ZF,R02ZF_SARF000458,458,15267,FIXED_LAG_100MS,R02ZF_SARF000458__FIXED_LAG_100MS__R02ZF_REUSED_R02ZF_PERSON100027,R02ZF_REUSED_R02ZF_PERSON100027,1,15056,15056,False,R02ZF_REUSED_R02ZF_PERSON100027,"[[-48.40990959065056, -34.707492729881785]]",13.702416860768771,5,-250,100,False,False,False
R02ZF,R02ZF_SARF000458,458,15267,FULL_CONTEXT_OFFLINE,R02ZF_SARF000458__FULL_CONTEXT_OFFLINE__R02ZF_REUSED_R02ZF_PERSON017,R02ZF_REUSED_R02ZF_PERSON017,8,15111,15500,True,R02ZF_REUSED_R02ZF_PERSON017,"[[-50.9801088811532, -29.721246980370026]]",21.258861900783174,7,-250,250,False,False,False
R02ZF,R02ZF_SARF000458,458,15267,FULL_CONTEXT_OFFLINE,R02ZF_SARF000458__FULL_CONTEXT_OFFLINE__R02ZF_REUSED_R02ZF_PERSON018,R02ZF_REUSED_R02ZF_PERSON018,8,15111,15500,True,R02ZF_REUSED_R02ZF_PERSON018,"[[-47.354682396513354, -25.958345621727915]]",21.39633677478544,6,-250,250,False,False,False
R02ZF,R02ZF_SARF000458,458,15267,FULL_CONTEXT_OFFLINE,R02ZF_SARF000458__FULL_CONTEXT_OFFLINE__R02ZF_REUSED_R02ZF_PERSON100025,R02ZF_REUSED_R02ZF_PERSON100025,1,15056,15056,False,R02ZF_REUSED_R02ZF_PERSON100025,"[[-51.50100863373511, -37.19362131730402]]",14.30738731643109,6,-250,250,False,False,False
R02ZF,R02ZF_SARF000458,458,15267,FULL_CONTEXT_OFFLINE,R02ZF_SARF000458__FULL_CONTEXT_OFFLINE__R02ZF_REUSED_R02ZF_PERSON100026,R02ZF_REUSED_R02ZF_PERSON100026,1,15056,15056,False,R02ZF_REUSED_R02ZF_PERSON100026,"[[-48.414909346482474, -34.602497857411464]]",13.81241148907101,5,-250,250,False,False,False
R02ZF,R02ZF_SARF000458,458,15267,FULL_CONTEXT_OFFLINE,R02ZF_SARF000458__FULL_CONTEXT_OFFLINE__R02ZF_REUSED_R02ZF_PERSON100027,R02ZF_REUSED_R02ZF_PERSON100027,1,15056,15056,False,R02ZF_REUSED_R02ZF_PERSON100027,"[[-48.40990959065056, -34.707492729881785]]",13.702416860768771,5,-250,250,False,False,False
R02ZF,R02ZF_SARF000459,459,15300,CAUSAL_REPLAY,R02ZF_SARF000459__CAUSAL_REPLAY__R02ZF_REUSED_R02ZF_PERSON017,R02ZF_REUSED_R02ZF_PERSON017,4,15111,15278,False,R02ZF_REUSED_R02ZF_PERSON017,"[[-50.9801088811532, -33.41574998660747]]",17.564358894545727,7,-250,0,False,False,False
R02ZF,R02ZF_SARF000459,459,15300,CAUSAL_REPLAY,R02ZF_SARF000459__CAUSAL_REPLAY__R02ZF_REUSED_R02ZF_PERSON018,R02ZF_REUSED_R02ZF_PERSON018,4,15111,15278,False,R02ZF_REUSED_R02ZF_PERSON018,"[[-47.354682396513354, -29.590041636612973]]",17.76464075990038,5,-250,0,False,False,False
R02ZF,R02ZF_SARF000459,459,15300,CAUSAL_REPLAY,R02ZF_SARF000459__CAUSAL_REPLAY__R02ZF_REUSED_R02ZF_PERSON100025,R02ZF_REUSED_R02ZF_PERSON100025,1,15056,15056,False,R02ZF_REUSED_R02ZF_PERSON100025,"[[-51.50100863373511, -37.19362131730402]]",14.30738731643109,7,-250,0,False,False,False
R02ZF,R02ZF_SARF000459,459,15300,CAUSAL_REPLAY,R02ZF_SARF000459__CAUSAL_REPLAY__R02ZF_REUSED_R02ZF_PERSON100026,R02ZF_REUSED_R02ZF_PERSON100026,1,15056,15056,False,R02ZF_REUSED_R02ZF_PERSON100026,"[[-48.414909346482474, -34.602497857411464]]",13.81241148907101,6,-250,0,False,False,False
R02ZF,R02ZF_SARF000459,459,15300,CAUSAL_REPLAY,R02ZF_SARF000459__CAUSAL_REPLAY__R02ZF_REUSED_R02ZF_PERSON100027,R02ZF_REUSED_R02ZF_PERSON100027,1,15056,15056,False,R02ZF_REUSED_R02ZF_PERSON100027,"[[-48.40990959065056, -34.707492729881785]]",13.702416860768771,6,-250,0,False,False,False
R02ZF,R02ZF_SARF000459,459,15300,FIXED_LAG_100MS,R02ZF_SARF000459__FIXED_LAG_100MS__R02ZF_REUSED_R02ZF_PERSON017,R02ZF_REUSED_R02ZF_PERSON017,6,15111,15389,True,R02ZF_REUSED_R02ZF_PERSON017,"[[-50.9801088811532, -31.555830238223187]]",19.424278642930012,7,-250,100,False,False,False
R02ZF,R02ZF_SARF000459,459,15300,FIXED_LAG_100MS,R02ZF_SARF000459__FIXED_LAG_100MS__R02ZF_REUSED_R02ZF_PERSON018,R02ZF_REUSED_R02ZF_PERSON018,6,15111,15389,True,R02ZF_REUSED_R02ZF_PERSON018,"[[-47.354682396513354, -27.643261709559113]]",19.71142068695424,6,-250,100,False,False,False
R02ZF,R02ZF_SARF000459,459,15300,FIXED_LAG_100MS,R02ZF_SARF000459__FIXED_LAG_100MS__R02ZF_REUSED_R02ZF_PERSON100025,R02ZF_REUSED_R02ZF_PERSON100025,1,15056,15056,False,R02ZF_REUSED_R02ZF_PERSON100025,"[[-51.50100863373511, -37.19362131730402]]",14.30738731643109,7,-250,100,False,False,False
R02ZF,R02ZF_SARF000459,459,15300,FIXED_LAG_100MS,R02ZF_SARF000459__FIXED_LAG_100MS__R02ZF_REUSED_R02ZF_PERSON100026,R02ZF_REUSED_R02ZF_PERSON100026,1,15056,15056,False,R02ZF_REUSED_R02ZF_PERSON100026,"[[-48.414909346482474, -34.602497857411464]]",13.81241148907101,6,-250,100,False,False,False
R02ZF,R02ZF_SARF000459,459,15300,FIXED_LAG_100MS,R02ZF_SARF000459__FIXED_LAG_100MS__R02ZF_REUSED_R02ZF_PERSON100027,R02ZF_REUSED_R02ZF_PERSON100027,1,15056,15056,False,R02ZF_REUSED_R02ZF_PERSON100027,"[[-48.40990959065056, -34.707492729881785]]",13.702416860768771,6,-250,100,False,False,False
R02ZF,R02ZF_SARF000459,459,15300,FULL_CONTEXT_OFFLINE,R02ZF_SARF000459__FULL_CONTEXT_OFFLINE__R02ZF_REUSED_R02ZF_PERSON017,R02ZF_REUSED_R02ZF_PERSON017,8,15111,15500,True,R02ZF_REUSED_R02ZF_PERSON017,"[[-50.9801088811532, -29.721246980370026]]",21.258861900783174,7,-250,250,False,False,False
R02ZF,R02ZF_SARF000459,459,15300,FULL_CONTEXT_OFFLINE,R02ZF_SARF000459__FULL_CONTEXT_OFFLINE__R02ZF_REUSED_R02ZF_PERSON018,R02ZF_REUSED_R02ZF_PERSON018,8,15111,15500,True,R02ZF_REUSED_R02ZF_PERSON018,"[[-47.354682396513354, -25.958345621727915]]",21.39633677478544,6,-250,250,False,False,False
R02ZF,R02ZF_SARF000459,459,15300,FULL_CONTEXT_OFFLINE,R02ZF_SARF000459__FULL_CONTEXT_OFFLINE__R02ZF_REUSED_R02ZF_PERSON100025,R02ZF_REUSED_R02ZF_PERSON100025,1,15056,15056,False,R02ZF_REUSED_R02ZF_PERSON100025,"[[-51.50100863373511, -37.19362131730402]]",14.30738731643109,7,-250,250,False,False,False
R02ZF,R02ZF_SARF000459,459,15300,FULL_CONTEXT_OFFLINE,R02ZF_SARF000459__FULL_CONTEXT_OFFLINE__R02ZF_REUSED_R02ZF_PERSON100026,R02ZF_REUSED_R02ZF_PERSON100026,1,15056,15056,False,R02ZF_REUSED_R02ZF_PERSON100026,"[[-48.414909346482474, -34.602497857411464]]",13.81241148907101,6,-250,250,False,False,False
R02ZF,R02ZF_SARF000459,459,15300,FULL_CONTEXT_OFFLINE,R02ZF_SARF000459__FULL_CONTEXT_OFFLINE__R02ZF_REUSED_R02ZF_PERSON100027,R02ZF_REUSED_R02ZF_PERSON100027,1,15056,15056,False,R02ZF_REUSED_R02ZF_PERSON100027,"[[-48.40990959065056, -34.707492729881785]]",13.702416860768771,6,-250,250,False,False,False
R02ZF,R02ZF_SARF000460,460,15333,CAUSAL_REPLAY,R02ZF_SARF000460__CAUSAL_REPLAY__R02ZF_REUSED_R02ZF_PERSON017,R02ZF_REUSED_R02ZF_PERSON017,5,15111,15333,False,R02ZF_REUSED_R02ZF_PERSON017,"[[-50.9801088811532, -32.447425693664115]]",18.532683187489084,5,-250,0,False,False,False
R02ZF,R02ZF_SARF000460,460,15333,CAUSAL_REPLAY,R02ZF_SARF000460__CAUSAL_REPLAY__R02ZF_REUSED_R02ZF_PERSON018,R02ZF_REUSED_R02ZF_PERSON018,5,15111,15333,False,R02ZF_REUSED_R02ZF_PERSON018,"[[-47.354682396513354, -28.68088030725108]]",18.673802089262274,4,-250,0,False,False,False
R02ZF,R02ZF_SARF000460,460,15333,FIXED_LAG_100MS,R02ZF_SARF000460__FIXED_LAG_100MS__R02ZF_REUSED_R02ZF_PERSON017,R02ZF_REUSED_R02ZF_PERSON017,6,15111,15389,True,R02ZF_REUSED_R02ZF_PERSON017,"[[-50.9801088811532, -31.555830238223187]]",19.424278642930012,5,-250,100,False,False,False
R02ZF,R02ZF_SARF000460,460,15333,FIXED_LAG_100MS,R02ZF_SARF000460__FIXED_LAG_100MS__R02ZF_REUSED_R02ZF_PERSON018,R02ZF_REUSED_R02ZF_PERSON018,6,15111,15389,True,R02ZF_REUSED_R02ZF_PERSON018,"[[-47.354682396513354, -27.643261709559113]]",19.71142068695424,4,-250,100,False,False,False
R02ZF,R02ZF_SARF000460,460,15333,FULL_CONTEXT_OFFLINE,R02ZF_SARF000460__FULL_CONTEXT_OFFLINE__R02ZF_REUSED_R02ZF_PERSON017,R02ZF_REUSED_R02ZF_PERSON017,9,15111,15556,True,R02ZF_REUSED_R02ZF_PERSON017,"[[-50.9801088811532, -28.821629455758874]]",22.158479425394326,5,-250,250,False,False,False
R02ZF,R02ZF_SARF000460,460,15333,FULL_CONTEXT_OFFLINE,R02ZF_SARF000460__FULL_CONTEXT_OFFLINE__R02ZF_REUSED_R02ZF_PERSON018,R02ZF_REUSED_R02ZF_PERSON018,9,15111,15556,True,R02ZF_REUSED_R02ZF_PERSON018,"[[-47.354682396513354, -25.213960587796052]]",22.140721808717302,5,-250,250,False,False,False
R02ZF,R02ZF_SARF000461,461,15367,CAUSAL_REPLAY,R02ZF_SARF000461__CAUSAL_REPLAY__R02ZF_REUSED_R02ZF_PERSON017,R02ZF_REUSED_R02ZF_PERSON017,4,15167,15333,False,R02ZF_REUSED_R02ZF_PERSON017,"[[-50.01589866544943, -32.447425693664115]]",17.56847297178531,5,-250,0,False,False,False
R02ZF,R02ZF_SARF000461,461,15367,CAUSAL_REPLAY,R02ZF_SARF000461__CAUSAL_REPLAY__R02ZF_REUSED_R02ZF_PERSON018,R02ZF_REUSED_R02ZF_PERSON018,4,15167,15333,False,R02ZF_REUSED_R02ZF_PERSON018,"[[-46.33603259902371, -28.68088030725108]]",17.65515229177263,4,-250,0,False,False,False
R02ZF,R02ZF_SARF000461,461,15367,FIXED_LAG_100MS,R02ZF_SARF000461__FIXED_LAG_100MS__R02ZF_REUSED_R02ZF_PERSON017,R02ZF_REUSED_R02ZF_PERSON017,6,15167,15444,True,R02ZF_REUSED_R02ZF_PERSON017,"[[-50.01589866544943, -30.64624005610608]]",19.369658609343347,5,-250,100,False,False,False
R02ZF,R02ZF_SARF000461,461,15367,FIXED_LAG_100MS,R02ZF_SARF000461__FIXED_LAG_100MS__R02ZF_REUSED_R02ZF_PERSON018,R02ZF_REUSED_R02ZF_PERSON018,6,15167,15444,True,R02ZF_REUSED_R02ZF_PERSON018,"[[-46.33603259902371, -26.798049080113117]]",19.537983518910593,5,-250,100,False,False,False
R02ZF,R02ZF_SARF000461,461,15367,FULL_CONTEXT_OFFLINE,R02ZF_SARF000461__FULL_CONTEXT_OFFLINE__R02ZF_REUSED_R02ZF_PERSON017,R02ZF_REUSED_R02ZF_PERSON017,9,15167,15611,True,R02ZF_REUSED_R02ZF_PERSON017,"[[-50.01589866544943, -27.966900689482955]]",22.048997975966472,5,-250,250,False,False,False
R02ZF,R02ZF_SARF000461,461,15367,FULL_CONTEXT_OFFLINE,R02ZF_SARF000461__FULL_CONTEXT_OFFLINE__R02ZF_REUSED_R02ZF_PERSON018,R02ZF_REUSED_R02ZF_PERSON018,9,15167,15611,True,R02ZF_REUSED_R02ZF_PERSON018,"[[-46.33603259902371, -24.337966583986617]]",21.998066015037093,5,-250,250,False,False,False
R02ZF,R02ZF_SARF000462,462,15400,CAUSAL_REPLAY,R02ZF_SARF000462__CAUSAL_REPLAY__R02ZF_REUSED_R02ZF_PERSON017,R02ZF_REUSED_R02ZF_PERSON017,5,15167,15389,False,R02ZF_REUSED_R02ZF_PERSON017,"[[-50.01589866544943, -31.555830238223187]]",18.46006842722624,7,-250,0,False,False,False
R02ZF,R02ZF_SARF000462,462,15400,CAUSAL_REPLAY,R02ZF_SARF000462__CAUSAL_REPLAY__R02ZF_REUSED_R02ZF_PERSON018,R02ZF_REUSED_R02ZF_PERSON018,5,15167,15389,False,R02ZF_REUSED_R02ZF_PERSON018,"[[-46.33603259902371, -27.643261709559113]]",18.692770889464597,6,-250,0,False,False,False
R02ZF,R02ZF_SARF000462,462,15400,FIXED_LAG_100MS,R02ZF_SARF000462__FIXED_LAG_100MS__R02ZF_REUSED_R02ZF_PERSON017,R02ZF_REUSED_R02ZF_PERSON017,7,15167,15500,True,R02ZF_REUSED_R02ZF_PERSON017,"[[-50.01589866544943, -29.721246980370026]]",20.2946516850794,7,-250,100,False,False,False
R02ZF,R02ZF_SARF000462,462,15400,FIXED_LAG_100MS,R02ZF_SARF000462__FIXED_LAG_100MS__R02ZF_REUSED_R02ZF_PERSON018,R02ZF_REUSED_R02ZF_PERSON018,7,15167,15500,True,R02ZF_REUSED_R02ZF_PERSON018,"[[-46.33603259902371, -25.958345621727915]]",20.377686977295795,8,-250,100,False,False,False
R02ZF,R02ZF_SARF000462,462,15400,FULL_CONTEXT_OFFLINE,R02ZF_SARF000462__FULL_CONTEXT_OFFLINE__R02ZF_REUSED_R02ZF_PERSON017,R02ZF_REUSED_R02ZF_PERSON017,9,15167,15611,True,R02ZF_REUSED_R02ZF_PERSON017,"[[-50.01589866544943, -27.966900689482955]]",22.048997975966472,7,-250,250,False,False,False
R02ZF,R02ZF_SARF000462,462,15400,FULL_CONTEXT_OFFLINE,R02ZF_SARF000462__FULL_CONTEXT_OFFLINE__R02ZF_REUSED_R02ZF_PERSON018,R02ZF_REUSED_R02ZF_PERSON018,9,15167,15611,True,R02ZF_REUSED_R02ZF_PERSON018,"[[-46.33603259902371, -24.337966583986617]]",21.998066015037093,8,-250,250,False,False,False
R02ZF,R02ZF_SARF000463,463,15433,CAUSAL_REPLAY,R02ZF_SARF000463__CAUSAL_REPLAY__R02ZF_REUSED_R02ZF_PERSON017,R02ZF_REUSED_R02ZF_PERSON017,4,15222,15389,False,R02ZF_REUSED_R02ZF_PERSON017,"[[-49.073299637994985, -31.555830238223187]]",17.517469399771798,8,-250,0,False,False,False
R02ZF,R02ZF_SARF000463,463,15433,CAUSAL_REPLAY,R02ZF_SARF000463__CAUSAL_REPLAY__R02ZF_REUSED_R02ZF_PERSON018,R02ZF_REUSED_R02ZF_PERSON018,4,15222,15389,False,R02ZF_REUSED_R02ZF_PERSON018,"[[-45.446082164161226, -27.643261709559113]]",17.802820454602113,10,-250,0,False,False,False
R02ZF,R02ZF_SARF000463,463,15433,FIXED_LAG_100MS,R02ZF_SARF000463__FIXED_LAG_100MS__R02ZF_REUSED_R02ZF_PERSON017,R02ZF_REUSED_R02ZF_PERSON017,6,15222,15500,True,R02ZF_REUSED_R02ZF_PERSON017,"[[-49.073299637994985, -29.721246980370026]]",19.35205265762496,8,-250,100,False,False,False
R02ZF,R02ZF_SARF000463,463,15433,FIXED_LAG_100MS,R02ZF_SARF000463__FIXED_LAG_100MS__R02ZF_REUSED_R02ZF_PERSON018,R02ZF_REUSED_R02ZF_PERSON018,6,15222,15500,True,R02ZF_REUSED_R02ZF_PERSON018,"[[-45.446082164161226, -25.958345621727915]]",19.48773654243331,10,-250,100,False,False,False
R02ZF,R02ZF_SARF000463,463,15433,FULL_CONTEXT_OFFLINE,R02ZF_SARF000463__FULL_CONTEXT_OFFLINE__R02ZF_REUSED_R02ZF_PERSON017,R02ZF_REUSED_R02ZF_PERSON017,9,15222,15667,True,R02ZF_REUSED_R02ZF_PERSON017,"[[-49.073299637994985, -27.03841413201058]]",22.034885505984406,11,-250,250,False,False,False
R02ZF,R02ZF_SARF000463,463,15433,FULL_CONTEXT_OFFLINE,R02ZF_SARF000463__FULL_CONTEXT_OFFLINE__R02ZF_REUSED_R02ZF_PERSON018,R02ZF_REUSED_R02ZF_PERSON018,9,15222,15667,True,R02ZF_REUSED_R02ZF_PERSON018,"[[-45.446082164161226, -23.48676140865127]]",21.959320755509957,12,-250,250,False,False,False
R02ZF,R02ZF_SARF000464,464,15467,CAUSAL_REPLAY,R02ZF_SARF000464__CAUSAL_REPLAY__R02ZF_REUSED_R02ZF_PERSON017,R02ZF_REUSED_R02ZF_PERSON017,5,15222,15444,False,R02ZF_REUSED_R02ZF_PERSON017,"[[-49.073299637994985, -30.64624005610608]]",18.427059581888905,9,-250,0,False,False,False
R02ZF,R02ZF_SARF000464,464,15467,CAUSAL_REPLAY,R02ZF_SARF000464__CAUSAL_REPLAY__R02ZF_REUSED_R02ZF_PERSON018,R02ZF_REUSED_R02ZF_PERSON018,5,15222,15444,False,R02ZF_REUSED_R02ZF_PERSON018,"[[-45.446082164161226, -26.798049080113117]]",18.64803308404811,9,-250,0,False,False,False
R02ZF,R02ZF_SARF000464,464,15467,FIXED_LAG_100MS,R02ZF_SARF000464__FIXED_LAG_100MS__R02ZF_REUSED_R02ZF_PERSON017,R02ZF_REUSED_R02ZF_PERSON017,7,15222,15556,True,R02ZF_REUSED_R02ZF_PERSON017,"[[-49.073299637994985, -28.821629455758874]]",20.25167018223611,9,-250,100,False,False,False
R02ZF,R02ZF_SARF000464,464,15467,FIXED_LAG_100MS,R02ZF_SARF000464__FIXED_LAG_100MS__R02ZF_REUSED_R02ZF_PERSON018,R02ZF_REUSED_R02ZF_PERSON018,7,15222,15556,True,R02ZF_REUSED_R02ZF_PERSON018,"[[-45.446082164161226, -25.213960587796052]]",20.232121576365174,10,-250,100,False,False,False
R02ZF,R02ZF_SARF000464,464,15467,FULL_CONTEXT_OFFLINE,R02ZF_SARF000464__FULL_CONTEXT_OFFLINE__R02ZF_REUSED_R02ZF_PERSON017,R02ZF_REUSED_R02ZF_PERSON017,9,15222,15667,True,R02ZF_REUSED_R02ZF_PERSON017,"[[-49.073299637994985, -27.03841413201058]]",22.034885505984406,10,-250,250,False,False,False
R02ZF,R02ZF_SARF000464,464,15467,FULL_CONTEXT_OFFLINE,R02ZF_SARF000464__FULL_CONTEXT_OFFLINE__R02ZF_REUSED_R02ZF_PERSON018,R02ZF_REUSED_R02ZF_PERSON018,9,15222,15667,True,R02ZF_REUSED_R02ZF_PERSON018,"[[-45.446082164161226, -23.48676140865127]]",21.959320755509957,11,-250,250,False,False,False
R02ZF,R02ZF_SARF000465,465,15500,CAUSAL_REPLAY,R02ZF_SARF000465__CAUSAL_REPLAY__R02ZF_REUSED_R02ZF_PERSON017,R02ZF_REUSED_R02ZF_PERSON017,5,15278,15500,False,R02ZF_REUSED_R02ZF_PERSON017,"[[-48.1495943411663, -29.721246980370026]]",18.428347360796273,15,-250,0,False,False,False
R02ZF,R02ZF_SARF000465,465,15500,CAUSAL_REPLAY,R02ZF_SARF000465__CAUSAL_REPLAY__R02ZF_REUSED_R02ZF_PERSON018,R02ZF_REUSED_R02ZF_PERSON018,5,15278,15500,False,R02ZF_REUSED_R02ZF_PERSON018,"[[-44.6665507346601, -25.958345621727915]]",18.708205112932184,14,-250,0,False,False,False
R02ZF,R02ZF_SARF000465,465,15500,FIXED_LAG_100MS,R02ZF_SARF000465__FIXED_LAG_100MS__R02ZF_REUSED_R02ZF_PERSON017,R02ZF_REUSED_R02ZF_PERSON017,6,15278,15556,True,R02ZF_REUSED_R02ZF_PERSON017,"[[-48.1495943411663, -28.821629455758874]]",19.327964885407425,16,-250,100,False,False,False
R02ZF,R02ZF_SARF000465,465,15500,FIXED_LAG_100MS,R02ZF_SARF000465__FIXED_LAG_100MS__R02ZF_REUSED_R02ZF_PERSON018,R02ZF_REUSED_R02ZF_PERSON018,6,15278,15556,True,R02ZF_REUSED_R02ZF_PERSON018,"[[-44.6665507346601, -25.213960587796052]]",19.452590146864047,16,-250,100,False,False,False
R02ZF,R02ZF_SARF000465,465,15500,FULL_CONTEXT_OFFLINE,R02ZF_SARF000465__FULL_CONTEXT_OFFLINE__R02ZF_REUSED_R02ZF_PERSON017,R02ZF_REUSED_R02ZF_PERSON017,9,15278,15722,True,R02ZF_REUSED_R02ZF_PERSON017,"[[-48.1495943411663, -26.11811402370477]]",22.03148031746153,17,-250,250,False,False,False
R02ZF,R02ZF_SARF000465,465,15500,FULL_CONTEXT_OFFLINE,R02ZF_SARF000465__FULL_CONTEXT_OFFLINE__R02ZF_REUSED_R02ZF_PERSON018,R02ZF_REUSED_R02ZF_PERSON018,9,15278,15722,True,R02ZF_REUSED_R02ZF_PERSON018,"[[-44.6665507346601, -22.59199879017525]]",22.07455194448485,18,-250,250,False,False,False
R02ZF,R02ZF_SARF000466,466,15533,CAUSAL_REPLAY,R02ZF_SARF000466__CAUSAL_REPLAY__R02ZF_REUSED_R02ZF_PERSON017,R02ZF_REUSED_R02ZF_PERSON017,4,15333,15500,False,R02ZF_REUSED_R02ZF_PERSON017,"[[-47.258382574672865, -29.721246980370026]]",17.53713559430284,10,-250,0,False,False,False
R02ZF,R02ZF_SARF000466,466,15533,CAUSAL_REPLAY,R02ZF_SARF000466__CAUSAL_REPLAY__R02ZF_REUSED_R02ZF_PERSON018,R02ZF_REUSED_R02ZF_PERSON018,4,15333,15500,False,R02ZF_REUSED_R02ZF_PERSON018,"[[-43.62372324421629, -25.958345621727915]]",17.66537762248838,8,-250,0,False,False,False
R02ZF,R02ZF_SARF000466,466,15533,FIXED_LAG_100MS,R02ZF_SARF000466__FIXED_LAG_100MS__R02ZF_REUSED_R02ZF_PERSON017,R02ZF_REUSED_R02ZF_PERSON017,6,15333,15611,True,R02ZF_REUSED_R02ZF_PERSON017,"[[-47.258382574672865, -27.966900689482955]]",19.29148188518991,10,-250,100,False,False,False
R02ZF,R02ZF_SARF000466,466,15533,FIXED_LAG_100MS,R02ZF_SARF000466__FIXED_LAG_100MS__R02ZF_REUSED_R02ZF_PERSON018,R02ZF_REUSED_R02ZF_PERSON018,6,15333,15611,True,R02ZF_REUSED_R02ZF_PERSON018,"[[-43.62372324421629, -24.337966583986617]]",19.285756660229676,9,-250,100,False,False,False
R02ZF,R02ZF_SARF000466,466,15533,FULL_CONTEXT_OFFLINE,R02ZF_SARF000466__FULL_CONTEXT_OFFLINE__R02ZF_REUSED_R02ZF_PERSON017,R02ZF_REUSED_R02ZF_PERSON017,9,15333,15778,True,R02ZF_REUSED_R02ZF_PERSON017,"[[-47.258382574672865, -25.224733173684704]]",22.03364940098816,11,-250,250,False,False,False
R02ZF,R02ZF_SARF000466,466,15533,FULL_CONTEXT_OFFLINE,R02ZF_SARF000466__FULL_CONTEXT_OFFLINE__R02ZF_REUSED_R02ZF_PERSON018,R02ZF_REUSED_R02ZF_PERSON018,9,15333,15778,True,R02ZF_REUSED_R02ZF_PERSON018,"[[-43.62372324421629, -21.63580525246765]]",21.987917991748642,11,-250,250,False,False,False
R02ZF,R02ZF_SARF000467,467,15567,CAUSAL_REPLAY,R02ZF_SARF000467__CAUSAL_REPLAY__R02ZF_REUSED_R02ZF_PERSON017,R02ZF_REUSED_R02ZF_PERSON017,5,15333,15556,False,R02ZF_REUSED_R02ZF_PERSON017,"[[-47.258382574672865, -28.821629455758874]]",18.43675311891399,8,-250,0,False,False,False
R02ZF,R02ZF_SARF000467,467,15567,CAUSAL_REPLAY,R02ZF_SARF000467__CAUSAL_REPLAY__R02ZF_REUSED_R02ZF_PERSON018,R02ZF_REUSED_R02ZF_PERSON018,5,15333,15556,False,R02ZF_REUSED_R02ZF_PERSON018,"[[-43.62372324421629, -25.213960587796052]]",18.40976265642024,7,-250,0,False,False,False
R02ZF,R02ZF_SARF000467,467,15567,FIXED_LAG_100MS,R02ZF_SARF000467__FIXED_LAG_100MS__R02ZF_REUSED_R02ZF_PERSON017,R02ZF_REUSED_R02ZF_PERSON017,7,15333,15667,True,R02ZF_REUSED_R02ZF_PERSON017,"[[-47.258382574672865, -27.03841413201058]]",20.219968442662285,9,-250,100,False,False,False
R02ZF,R02ZF_SARF000467,467,15567,FIXED_LAG_100MS,R02ZF_SARF000467__FIXED_LAG_100MS__R02ZF_REUSED_R02ZF_PERSON018,R02ZF_REUSED_R02ZF_PERSON018,7,15333,15667,True,R02ZF_REUSED_R02ZF_PERSON018,"[[-43.62372324421629, -23.48676140865127]]",20.136961835565025,8,-250,100,False,False,False
R02ZF,R02ZF_SARF000467,467,15567,FULL_CONTEXT_OFFLINE,R02ZF_SARF000467__FULL_CONTEXT_OFFLINE__R02ZF_REUSED_R02ZF_PERSON017,R02ZF_REUSED_R02ZF_PERSON017,9,15333,15778,True,R02ZF_REUSED_R02ZF_PERSON017,"[[-47.258382574672865, -25.224733173684704]]",22.03364940098816,9,-250,250,False,False,False
R02ZF,R02ZF_SARF000467,467,15567,FULL_CONTEXT_OFFLINE,R02ZF_SARF000467__FULL_CONTEXT_OFFLINE__R02ZF_REUSED_R02ZF_PERSON018,R02ZF_REUSED_R02ZF_PERSON018,9,15333,15778,True,R02ZF_REUSED_R02ZF_PERSON018,"[[-43.62372324421629, -21.63580525246765]]",21.987917991748642,11,-250,250,False,False,False
R02ZF,R02ZF_SARF000468,468,15600,CAUSAL_REPLAY,R02ZF_SARF000468__CAUSAL_REPLAY__R02ZF_REUSED_R02ZF_PERSON017,R02ZF_REUSED_R02ZF_PERSON017,4,15389,15556,False,R02ZF_REUSED_R02ZF_PERSON017,"[[-46.31748329331096, -28.821629455758874]]",17.495853837552083,7,-250,0,False,False,False
R02ZF,R02ZF_SARF000468,468,15600,CAUSAL_REPLAY,R02ZF_SARF000468__CAUSAL_REPLAY__R02ZF_REUSED_R02ZF_PERSON018,R02ZF_REUSED_R02ZF_PERSON018,4,15389,15556,False,R02ZF_REUSED_R02ZF_PERSON018,"[[-42.698081599892404, -25.213960587796052]]",17.484121012096352,7,-250,0,False,False,False
R02ZF,R02ZF_SARF000468,468,15600,FIXED_LAG_100MS,R02ZF_SARF000468__FIXED_LAG_100MS__R02ZF_REUSED_R02ZF_PERSON017,R02ZF_REUSED_R02ZF_PERSON017,6,15389,15667,True,R02ZF_REUSED_R02ZF_PERSON017,"[[-46.31748329331096, -27.03841413201058]]",19.279069161300377,9,-250,100,False,False,False
R02ZF,R02ZF_SARF000468,468,15600,FIXED_LAG_100MS,R02ZF_SARF000468__FIXED_LAG_100MS__R02ZF_REUSED_R02ZF_PERSON018,R02ZF_REUSED_R02ZF_PERSON018,6,15389,15667,True,R02ZF_REUSED_R02ZF_PERSON018,"[[-42.698081599892404, -23.48676140865127]]",19.211320191241136,8,-250,100,False,False,False
R02ZF,R02ZF_SARF000468,468,15600,FULL_CONTEXT_OFFLINE,R02ZF_SARF000468__FULL_CONTEXT_OFFLINE__R02ZF_REUSED_R02ZF_PERSON017,R02ZF_REUSED_R02ZF_PERSON017,9,15389,15833,True,R02ZF_REUSED_R02ZF_PERSON017,"[[-46.31748329331096, -24.307575815544876]]",22.00990747776608,9,-250,250,False,False,False
R02ZF,R02ZF_SARF000468,468,15600,FULL_CONTEXT_OFFLINE,R02ZF_SARF000468__FULL_CONTEXT_OFFLINE__R02ZF_REUSED_R02ZF_PERSON018,R02ZF_REUSED_R02ZF_PERSON018,9,15389,15833,True,R02ZF_REUSED_R02ZF_PERSON018,"[[-42.698081599892404, -20.845847086073324]]",21.85223451381908,12,-250,250,False,False,False
R02ZF,R02ZF_SARF000469,469,15633,CAUSAL_REPLAY,R02ZF_SARF000469__CAUSAL_REPLAY__R02ZF_REUSED_R02ZF_PERSON017,R02ZF_REUSED_R02ZF_PERSON017,5,15389,15611,False,R02ZF_REUSED_R02ZF_PERSON017,"[[-46.31748329331096, -27.966900689482955]]",18.350582603828002,9,-250,0,False,False,False
R02ZF,R02ZF_SARF000469,469,15633,CAUSAL_REPLAY,R02ZF_SARF000469__CAUSAL_REPLAY__R02ZF_REUSED_R02ZF_PERSON018,R02ZF_REUSED_R02ZF_PERSON018,5,15389,15611,False,R02ZF_REUSED_R02ZF_PERSON018,"[[-42.698081599892404, -24.337966583986617]]",18.360115015905787,7,-250,0,False,False,False
R02ZF,R02ZF_SARF000469,469,15633,FIXED_LAG_100MS,R02ZF_SARF000469__FIXED_LAG_100MS__R02ZF_REUSED_R02ZF_PERSON017,R02ZF_REUSED_R02ZF_PERSON017,7,15389,15722,True,R02ZF_REUSED_R02ZF_PERSON017,"[[-46.31748329331096, -26.11811402370477]]",20.199369269606187,9,-250,100,False,False,False
R02ZF,R02ZF_SARF000469,469,15633,FIXED_LAG_100MS,R02ZF_SARF000469__FIXED_LAG_100MS__R02ZF_REUSED_R02ZF_PERSON018,R02ZF_REUSED_R02ZF_PERSON018,7,15389,15722,True,R02ZF_REUSED_R02ZF_PERSON018,"[[-42.698081599892404, -22.59199879017525]]",20.106082809717154,8,-250,100,False,False,False
R02ZF,R02ZF_SARF000469,469,15633,FULL_CONTEXT_OFFLINE,R02ZF_SARF000469__FULL_CONTEXT_OFFLINE__R02ZF_REUSED_R02ZF_PERSON017,R02ZF_REUSED_R02ZF_PERSON017,9,15389,15833,True,R02ZF_REUSED_R02ZF_PERSON017,"[[-46.31748329331096, -24.307575815544876]]",22.00990747776608,9,-250,250,False,False,False
R02ZF,R02ZF_SARF000469,469,15633,FULL_CONTEXT_OFFLINE,R02ZF_SARF000469__FULL_CONTEXT_OFFLINE__R02ZF_REUSED_R02ZF_PERSON018,R02ZF_REUSED_R02ZF_PERSON018,9,15389,15833,True,R02ZF_REUSED_R02ZF_PERSON018,"[[-42.698081599892404, -20.845847086073324]]",21.85223451381908,10,-250,250,False,False,False
R02ZF,R02ZF_SARF000470,470,15667,CAUSAL_REPLAY,R02ZF_SARF000470__CAUSAL_REPLAY__R02ZF_REUSED_R02ZF_PERSON017,R02ZF_REUSED_R02ZF_PERSON017,5,15444,15667,False,R02ZF_REUSED_R02ZF_PERSON017,"[[-45.42181414358363, -27.03841413201058]]",18.383400011573052,8,-250,0,False,False,False
R02ZF,R02ZF_SARF000470,470,15667,CAUSAL_REPLAY,R02ZF_SARF000470__CAUSAL_REPLAY__R02ZF_REUSED_R02ZF_PERSON018,R02ZF_REUSED_R02ZF_PERSON018,5,15444,15667,False,R02ZF_REUSED_R02ZF_PERSON018,"[[-41.77274023387479, -23.48676140865127]]",18.285978825223523,6,-250,0,False,False,False
R02ZF,R02ZF_SARF000470,470,15667,FIXED_LAG_100MS,R02ZF_SARF000470__FIXED_LAG_100MS__R02ZF_REUSED_R02ZF_PERSON017,R02ZF_REUSED_R02ZF_PERSON017,6,15444,15722,True,R02ZF_REUSED_R02ZF_PERSON017,"[[-45.42181414358363, -26.11811402370477]]",19.30370011987886,8,-250,100,False,False,False
R02ZF,R02ZF_SARF000470,470,15667,FIXED_LAG_100MS,R02ZF_SARF000470__FIXED_LAG_100MS__R02ZF_REUSED_R02ZF_PERSON018,R02ZF_REUSED_R02ZF_PERSON018,6,15444,15722,True,R02ZF_REUSED_R02ZF_PERSON018,"[[-41.77274023387479, -22.59199879017525]]",19.180741443699542,8,-250,100,False,False,False
R02ZF,R02ZF_SARF000470,470,15667,FULL_CONTEXT_OFFLINE,R02ZF_SARF000470__FULL_CONTEXT_OFFLINE__R02ZF_REUSED_R02ZF_PERSON017,R02ZF_REUSED_R02ZF_PERSON017,9,15444,15889,True,R02ZF_REUSED_R02ZF_PERSON017,"[[-45.42181414358363, -23.40519149897011]]",22.01662264461352,8,-250,250,False,False,False
R02ZF,R02ZF_SARF000470,470,15667,FULL_CONTEXT_OFFLINE,R02ZF_SARF000470__FULL_CONTEXT_OFFLINE__R02ZF_REUSED_R02ZF_PERSON018,R02ZF_REUSED_R02ZF_PERSON018,9,15444,15889,True,R02ZF_REUSED_R02ZF_PERSON018,"[[-41.77274023387479, -19.997218282315625]]",21.775521951559167,8,-250,250,False,False,False
R02ZF,R02ZF_SARF000471,471,15700,CAUSAL_REPLAY,R02ZF_SARF000471__CAUSAL_REPLAY__R02ZF_REUSED_R02ZF_PERSON017,R02ZF_REUSED_R02ZF_PERSON017,4,15500,15667,False,R02ZF_REUSED_R02ZF_PERSON017,"[[-44.468266147254376, -27.03841413201058]]",17.429852015243796,9,-250,0,False,False,False
R02ZF,R02ZF_SARF000471,471,15700,CAUSAL_REPLAY,R02ZF_SARF000471__CAUSAL_REPLAY__R02ZF_REUSED_R02ZF_PERSON018,R02ZF_REUSED_R02ZF_PERSON018,4,15500,15667,False,R02ZF_REUSED_R02ZF_PERSON018,"[[-40.926957157028504, -23.48676140865127]]",17.440195748377235,7,-250,0,False,False,False
R02ZF,R02ZF_SARF000471,471,15700,FIXED_LAG_100MS,R02ZF_SARF000471__FIXED_LAG_100MS__R02ZF_REUSED_R02ZF_PERSON017,R02ZF_REUSED_R02ZF_PERSON017,6,15500,15778,True,R02ZF_REUSED_R02ZF_PERSON017,"[[-44.468266147254376, -25.224733173684704]]",19.24353297356967,10,-250,100,False,False,False
R02ZF,R02ZF_SARF000471,471,15700,FIXED_LAG_100MS,R02ZF_SARF000471__FIXED_LAG_100MS__R02ZF_REUSED_R02ZF_PERSON018,R02ZF_REUSED_R02ZF_PERSON018,6,15500,15778,True,R02ZF_REUSED_R02ZF_PERSON018,"[[-40.926957157028504, -21.63580525246765]]",19.291151904560852,9,-250,100,False,False,False
R02ZF,R02ZF_SARF000471,471,15700,FULL_CONTEXT_OFFLINE,R02ZF_SARF000471__FULL_CONTEXT_OFFLINE__R02ZF_REUSED_R02ZF_PERSON017,R02ZF_REUSED_R02ZF_PERSON017,9,15500,15944,True,R02ZF_REUSED_R02ZF_PERSON017,"[[-44.468266147254376, -22.515490482263036]]",21.95277566499134,11,-250,250,False,False,False
R02ZF,R02ZF_SARF000471,471,15700,FULL_CONTEXT_OFFLINE,R02ZF_SARF000471__FULL_CONTEXT_OFFLINE__R02ZF_REUSED_R02ZF_PERSON018,R02ZF_REUSED_R02ZF_PERSON018,9,15500,15944,True,R02ZF_REUSED_R02ZF_PERSON018,"[[-40.926957157028504, -19.146931030901875]]",21.78002612612663,11,-250,250,False,False,False
R02ZF,R02ZF_SARF000472,472,15733,CAUSAL_REPLAY,R02ZF_SARF000472__CAUSAL_REPLAY__R02ZF_REUSED_R02ZF_PERSON017,R02ZF_REUSED_R02ZF_PERSON017,5,15500,15722,False,R02ZF_REUSED_R02ZF_PERSON017,"[[-44.468266147254376, -26.11811402370477]]",18.350152123549606,8,-250,0,False,False,False
R02ZF,R02ZF_SARF000472,472,15733,CAUSAL_REPLAY,R02ZF_SARF000472__CAUSAL_REPLAY__R02ZF_REUSED_R02ZF_PERSON018,R02ZF_REUSED_R02ZF_PERSON018,5,15500,15722,False,R02ZF_REUSED_R02ZF_PERSON018,"[[-40.926957157028504, -22.59199879017525]]",18.334958366853254,7,-250,0,False,False,False
R02ZF,R02ZF_SARF000472,472,15733,FIXED_LAG_100MS,R02ZF_SARF000472__FIXED_LAG_100MS__R02ZF_REUSED_R02ZF_PERSON017,R02ZF_REUSED_R02ZF_PERSON017,7,15500,15833,True,R02ZF_REUSED_R02ZF_PERSON017,"[[-44.468266147254376, -24.307575815544876]]",20.1606903317095,8,-250,100,False,False,False
R02ZF,R02ZF_SARF000472,472,15733,FIXED_LAG_100MS,R02ZF_SARF000472__FIXED_LAG_100MS__R02ZF_REUSED_R02ZF_PERSON018,R02ZF_REUSED_R02ZF_PERSON018,7,15500,15833,True,R02ZF_REUSED_R02ZF_PERSON018,"[[-40.926957157028504, -20.845847086073324]]",20.08111007095518,9,-250,100,False,False,False
R02ZF,R02ZF_SARF000472,472,15733,FULL_CONTEXT_OFFLINE,R02ZF_SARF000472__FULL_CONTEXT_OFFLINE__R02ZF_REUSED_R02ZF_PERSON017,R02ZF_REUSED_R02ZF_PERSON017,9,15500,15944,True,R02ZF_REUSED_R02ZF_PERSON017,"[[-44.468266147254376, -22.515490482263036]]",21.95277566499134,8,-250,250,False,False,False
R02ZF,R02ZF_SARF000472,472,15733,FULL_CONTEXT_OFFLINE,R02ZF_SARF000472__FULL_CONTEXT_OFFLINE__R02ZF_REUSED_R02ZF_PERSON018,R02ZF_REUSED_R02ZF_PERSON018,9,15500,15944,True,R02ZF_REUSED_R02ZF_PERSON018,"[[-40.926957157028504, -19.146931030901875]]",21.78002612612663,10,-250,250,False,False,False
R02ZF,R02ZF_SARF000473,473,15767,CAUSAL_REPLAY,R02ZF_SARF000473__CAUSAL_REPLAY__R02ZF_REUSED_R02ZF_PERSON017,R02ZF_REUSED_R02ZF_PERSON017,4,15556,15722,False,R02ZF_REUSED_R02ZF_PERSON017,"[[-43.5517988595796, -26.11811402370477]]",17.43368483587483,11,-250,0,False,False,False
R02ZF,R02ZF_SARF000473,473,15767,CAUSAL_REPLAY,R02ZF_SARF000473__CAUSAL_REPLAY__R02ZF_REUSED_R02ZF_PERSON018,R02ZF_REUSED_R02ZF_PERSON018,4,15556,15722,False,R02ZF_REUSED_R02ZF_PERSON018,"[[-40.11701787007753, -22.59199879017525]]",17.525019079902282,9,-250,0,False,False,False
R02ZF,R02ZF_SARF000473,473,15767,FIXED_LAG_100MS,R02ZF_SARF000473__FIXED_LAG_100MS__R02ZF_REUSED_R02ZF_PERSON017,R02ZF_REUSED_R02ZF_PERSON017,6,15556,15833,True,R02ZF_REUSED_R02ZF_PERSON017,"[[-43.5517988595796, -24.307575815544876]]",19.244223044034722,11,-250,100,False,False,False
R02ZF,R02ZF_SARF000473,473,15767,FIXED_LAG_100MS,R02ZF_SARF000473__FIXED_LAG_100MS__R02ZF_REUSED_R02ZF_PERSON018,R02ZF_REUSED_R02ZF_PERSON018,6,15556,15833,True,R02ZF_REUSED_R02ZF_PERSON018,"[[-40.11701787007753, -20.845847086073324]]",19.27117078400421,11,-250,100,False,False,False
R02ZF,R02ZF_SARF000473,473,15767,FULL_CONTEXT_OFFLINE,R02ZF_SARF000473__FULL_CONTEXT_OFFLINE__R02ZF_REUSED_R02ZF_PERSON017,R02ZF_REUSED_R02ZF_PERSON017,9,15556,16000,True,R02ZF_REUSED_R02ZF_PERSON017,"[[-43.5517988595796, -21.814776004441192]]",21.737022855138406,11,-250,250,False,False,False
R02ZF,R02ZF_SARF000473,473,15767,FULL_CONTEXT_OFFLINE,R02ZF_SARF000473__FULL_CONTEXT_OFFLINE__R02ZF_REUSED_R02ZF_PERSON018,R02ZF_REUSED_R02ZF_PERSON018,9,15556,16000,True,R02ZF_REUSED_R02ZF_PERSON018,"[[-40.11701787007753, -18.51178789510725]]",21.605229974970282,11,-250,250,False,False,False
R02ZF,R02ZF_SARF000474,474,15800,CAUSAL_REPLAY,R02ZF_SARF000474__CAUSAL_REPLAY__R02ZF_REUSED_R02ZF_PERSON017,R02ZF_REUSED_R02ZF_PERSON017,5,15556,15778,False,R02ZF_REUSED_R02ZF_PERSON017,"[[-43.5517988595796, -25.224733173684704]]",18.327065685894894,6,-250,0,False,False,False
R02ZF,R02ZF_SARF000474,474,15800,CAUSAL_REPLAY,R02ZF_SARF000474__CAUSAL_REPLAY__R02ZF_REUSED_R02ZF_PERSON018,R02ZF_REUSED_R02ZF_PERSON018,5,15556,15778,False,R02ZF_REUSED_R02ZF_PERSON018,"[[-40.11701787007753, -21.63580525246765]]",18.48121261760988,5,-250,0,False,False,False
R02ZF,R02ZF_SARF000474,474,15800,FIXED_LAG_100MS,R02ZF_SARF000474__FIXED_LAG_100MS__R02ZF_REUSED_R02ZF_PERSON017,R02ZF_REUSED_R02ZF_PERSON017,7,15556,15889,True,R02ZF_REUSED_R02ZF_PERSON017,"[[-43.5517988595796, -23.40519149897011]]",20.146607360609487,6,-250,100,False,False,False
R02ZF,R02ZF_SARF000474,474,15800,FIXED_LAG_100MS,R02ZF_SARF000474__FIXED_LAG_100MS__R02ZF_REUSED_R02ZF_PERSON018,R02ZF_REUSED_R02ZF_PERSON018,7,15556,15889,True,R02ZF_REUSED_R02ZF_PERSON018,"[[-40.11701787007753, -19.997218282315625]]",20.119799587761907,5,-250,100,False,False,False
R02ZF,R02ZF_SARF000474,474,15800,FULL_CONTEXT_OFFLINE,R02ZF_SARF000474__FULL_CONTEXT_OFFLINE__R02ZF_REUSED_R02ZF_PERSON017,R02ZF_REUSED_R02ZF_PERSON017,9,15556,16000,True,R02ZF_REUSED_R02ZF_PERSON017,"[[-43.5517988595796, -21.814776004441192]]",21.737022855138406,6,-250,250,False,False,False
R02ZF,R02ZF_SARF000474,474,15800,FULL_CONTEXT_OFFLINE,R02ZF_SARF000474__FULL_CONTEXT_OFFLINE__R02ZF_REUSED_R02ZF_PERSON018,R02ZF_REUSED_R02ZF_PERSON018,9,15556,16000,True,R02ZF_REUSED_R02ZF_PERSON018,"[[-40.11701787007753, -18.51178789510725]]",21.605229974970282,5,-250,250,False,False,False
R02ZF,R02ZF_SARF000475,475,15833,CAUSAL_REPLAY,R02ZF_SARF000475__CAUSAL_REPLAY__R02ZF_REUSED_R02ZF_PERSON017,R02ZF_REUSED_R02ZF_PERSON017,5,15611,15833,False,R02ZF_REUSED_R02ZF_PERSON017,"[[-42.62158956722804, -24.307575815544876]]",18.314013751683166,6,-250,0,False,False,False
R02ZF,R02ZF_SARF000475,475,15833,CAUSAL_REPLAY,R02ZF_SARF000475__CAUSAL_REPLAY__R02ZF_REUSED_R02ZF_PERSON018,R02ZF_REUSED_R02ZF_PERSON018,5,15611,15833,False,R02ZF_REUSED_R02ZF_PERSON018,"[[-39.1132216766266, -20.845847086073324]]",18.267374590553278,6,-250,0,False,False,False
R02ZF,R02ZF_SARF000475,475,15833,FIXED_LAG_100MS,R02ZF_SARF000475__FIXED_LAG_100MS__R02ZF_REUSED_R02ZF_PERSON017,R02ZF_REUSED_R02ZF_PERSON017,6,15611,15889,True,R02ZF_REUSED_R02ZF_PERSON017,"[[-42.62158956722804, -23.40519149897011]]",19.21639806825793,6,-250,100,False,False,False
R02ZF,R02ZF_SARF000475,475,15833,FIXED_LAG_100MS,R02ZF_SARF000475__FIXED_LAG_100MS__R02ZF_REUSED_R02ZF_PERSON018,R02ZF_REUSED_R02ZF_PERSON018,6,15611,15889,True,R02ZF_REUSED_R02ZF_PERSON018,"[[-39.1132216766266, -19.997218282315625]]",19.116003394310976,7,-250,100,False,False,False
R02ZF,R02ZF_SARF000475,475,15833,FULL_CONTEXT_OFFLINE,R02ZF_SARF000475__FULL_CONTEXT_OFFLINE__R02ZF_REUSED_R02ZF_PERSON017,R02ZF_REUSED_R02ZF_PERSON017,9,15611,16056,True,R02ZF_REUSED_R02ZF_PERSON017,"[[-42.62158956722804, -20.993422886874725]]",21.628166680353317,7,-250,250,False,False,False
R02ZF,R02ZF_SARF000475,475,15833,FULL_CONTEXT_OFFLINE,R02ZF_SARF000475__FULL_CONTEXT_OFFLINE__R02ZF_REUSED_R02ZF_PERSON018,R02ZF_REUSED_R02ZF_PERSON018,9,15611,16056,True,R02ZF_REUSED_R02ZF_PERSON018,"[[-39.1132216766266, -17.711332194495846]]",21.401889482130755,8,-250,250,False,False,False
R02ZF,R02ZF_SARF000475,475,15833,FULL_CONTEXT_OFFLINE,R02ZF_SARF000475__FULL_CONTEXT_OFFLINE__R02ZF_REUSED_R02ZF_PERSON021,R02ZF_REUSED_R02ZF_PERSON021,1,16056,16056,True,R02ZF_REUSED_R02ZF_PERSON021,"[[-51.34263864419872, -34.76871858100274]]",16.573920063195985,4,-250,250,False,False,False
R02ZF,R02ZF_SARF000476,476,15867,CAUSAL_REPLAY,R02ZF_SARF000476__CAUSAL_REPLAY__R02ZF_REUSED_R02ZF_PERSON017,R02ZF_REUSED_R02ZF_PERSON017,4,15667,15833,False,R02ZF_REUSED_R02ZF_PERSON017,"[[-41.7065561288018, -24.307575815544876]]",17.398980313256924,5,-250,0,False,False,False
R02ZF,R02ZF_SARF000476,476,15867,CAUSAL_REPLAY,R02ZF_SARF000476__CAUSAL_REPLAY__R02ZF_REUSED_R02ZF_PERSON018,R02ZF_REUSED_R02ZF_PERSON018,4,15667,15833,False,R02ZF_REUSED_R02ZF_PERSON018,"[[-38.17010041718788, -20.845847086073324]]",17.32425333111456,4,-250,0,False,False,False
R02ZF,R02ZF_SARF000476,476,15867,FIXED_LAG_100MS,R02ZF_SARF000476__FIXED_LAG_100MS__R02ZF_REUSED_R02ZF_PERSON017,R02ZF_REUSED_R02ZF_PERSON017,6,15667,15944,True,R02ZF_REUSED_R02ZF_PERSON017,"[[-41.7065561288018, -22.515490482263036]]",19.191065646538764,5,-250,100,False,False,False
R02ZF,R02ZF_SARF000476,476,15867,FIXED_LAG_100MS,R02ZF_SARF000476__FIXED_LAG_100MS__R02ZF_REUSED_R02ZF_PERSON018,R02ZF_REUSED_R02ZF_PERSON018,6,15667,15944,True,R02ZF_REUSED_R02ZF_PERSON018,"[[-38.17010041718788, -19.146931030901875]]",19.023169386286007,4,-250,100,False,False,False
R02ZF,R02ZF_SARF000476,476,15867,FULL_CONTEXT_OFFLINE,R02ZF_SARF000476__FULL_CONTEXT_OFFLINE__R02ZF_REUSED_R02ZF_PERSON017,R02ZF_REUSED_R02ZF_PERSON017,9,15667,16111,True,R02ZF_REUSED_R02ZF_PERSON017,"[[-41.7065561288018, -19.84108821177188]]",21.86546791702992,5,-250,250,False,False,False
R02ZF,R02ZF_SARF000476,476,15867,FULL_CONTEXT_OFFLINE,R02ZF_SARF000476__FULL_CONTEXT_OFFLINE__R02ZF_REUSED_R02ZF_PERSON018,R02ZF_REUSED_R02ZF_PERSON018,9,15667,16111,True,R02ZF_REUSED_R02ZF_PERSON018,"[[-38.17010041718788, -16.64126563716313]]",21.528834780024752,6,-250,250,False,False,False
R02ZF,R02ZF_SARF000476,476,15867,FULL_CONTEXT_OFFLINE,R02ZF_SARF000476__FULL_CONTEXT_OFFLINE__R02ZF_REUSED_R02ZF_PERSON021,R02ZF_REUSED_R02ZF_PERSON021,2,16056,16111,True,R02ZF_REUSED_R02ZF_PERSON021,"[[-51.34263864419872, -32.54161624351301]]",18.80102240068571,3,-250,250,False,False,False
R02ZF,R02ZF_SARF000477,477,15900,CAUSAL_REPLAY,R02ZF_SARF000477__CAUSAL_REPLAY__R02ZF_REUSED_R02ZF_PERSON017,R02ZF_REUSED_R02ZF_PERSON017,5,15667,15889,False,R02ZF_REUSED_R02ZF_PERSON017,"[[-41.7065561288018, -23.40519149897011]]",18.30136462983169,7,-250,0,False,False,False
R02ZF,R02ZF_SARF000477,477,15900,CAUSAL_REPLAY,R02ZF_SARF000477__CAUSAL_REPLAY__R02ZF_REUSED_R02ZF_PERSON018,R02ZF_REUSED_R02ZF_PERSON018,5,15667,15889,False,R02ZF_REUSED_R02ZF_PERSON018,"[[-38.17010041718788, -19.997218282315625]]",18.172882134872257,7,-250,0,False,False,False
R02ZF,R02ZF_SARF000477,477,15900,FIXED_LAG_100MS,R02ZF_SARF000477__FIXED_LAG_100MS__R02ZF_REUSED_R02ZF_PERSON017,R02ZF_REUSED_R02ZF_PERSON017,7,15667,16000,True,R02ZF_REUSED_R02ZF_PERSON017,"[[-41.7065561288018, -21.814776004441192]]",19.891780124360608,8,-250,100,False,False,False
R02ZF,R02ZF_SARF000477,477,15900,FIXED_LAG_100MS,R02ZF_SARF000477__FIXED_LAG_100MS__R02ZF_REUSED_R02ZF_PERSON018,R02ZF_REUSED_R02ZF_PERSON018,7,15667,16000,True,R02ZF_REUSED_R02ZF_PERSON018,"[[-38.17010041718788, -18.51178789510725]]",19.65831252208063,7,-250,100,False,False,False
R02ZF,R02ZF_SARF000477,477,15900,FULL_CONTEXT_OFFLINE,R02ZF_SARF000477__FULL_CONTEXT_OFFLINE__R02ZF_REUSED_R02ZF_PERSON017,R02ZF_REUSED_R02ZF_PERSON017,9,15667,16111,True,R02ZF_REUSED_R02ZF_PERSON017,"[[-41.7065561288018, -19.84108821177188]]",21.86546791702992,9,-250,250,False,False,False
R02ZF,R02ZF_SARF000477,477,15900,FULL_CONTEXT_OFFLINE,R02ZF_SARF000477__FULL_CONTEXT_OFFLINE__R02ZF_REUSED_R02ZF_PERSON018,R02ZF_REUSED_R02ZF_PERSON018,9,15667,16111,True,R02ZF_REUSED_R02ZF_PERSON018,"[[-38.17010041718788, -16.64126563716313]]",21.528834780024752,7,-250,250,False,False,False
R02ZF,R02ZF_SARF000477,477,15900,FULL_CONTEXT_OFFLINE,R02ZF_SARF000477__FULL_CONTEXT_OFFLINE__R02ZF_REUSED_R02ZF_PERSON021,R02ZF_REUSED_R02ZF_PERSON021,2,16056,16111,True,R02ZF_REUSED_R02ZF_PERSON021,"[[-51.34263864419872, -32.54161624351301]]",18.80102240068571,5,-250,250,False,False,False
R02ZF,R02ZF_SARF000478,478,15933,CAUSAL_REPLAY,R02ZF_SARF000478__CAUSAL_REPLAY__R02ZF_REUSED_R02ZF_PERSON017,R02ZF_REUSED_R02ZF_PERSON017,4,15722,15889,False,R02ZF_REUSED_R02ZF_PERSON017,"[[-40.81405658340101, -23.40519149897011]]",17.4088650844309,8,-250,0,False,False,False
R02ZF,R02ZF_SARF000478,478,15933,CAUSAL_REPLAY,R02ZF_SARF000478__CAUSAL_REPLAY__R02ZF_REUSED_R02ZF_PERSON018,R02ZF_REUSED_R02ZF_PERSON018,4,15722,15889,False,R02ZF_REUSED_R02ZF_PERSON018,"[[-37.25874030197656, -19.997218282315625]]",17.261522019660934,7,-250,0,False,False,False
R02ZF,R02ZF_SARF000478,478,15933,FIXED_LAG_100MS,R02ZF_SARF000478__FIXED_LAG_100MS__R02ZF_REUSED_R02ZF_PERSON017,R02ZF_REUSED_R02ZF_PERSON017,6,15722,16000,True,R02ZF_REUSED_R02ZF_PERSON017,"[[-40.81405658340101, -21.814776004441192]]",18.99928057895982,9,-250,100,False,False,False
R02ZF,R02ZF_SARF000478,478,15933,FIXED_LAG_100MS,R02ZF_SARF000478__FIXED_LAG_100MS__R02ZF_REUSED_R02ZF_PERSON018,R02ZF_REUSED_R02ZF_PERSON018,6,15722,16000,True,R02ZF_REUSED_R02ZF_PERSON018,"[[-37.25874030197656, -18.51178789510725]]",18.74695240686931,7,-250,100,False,False,False
R02ZF,R02ZF_SARF000478,478,15933,FULL_CONTEXT_OFFLINE,R02ZF_SARF000478__FULL_CONTEXT_OFFLINE__R02ZF_REUSED_R02ZF_PERSON017,R02ZF_REUSED_R02ZF_PERSON017,9,15722,16167,True,R02ZF_REUSED_R02ZF_PERSON017,"[[-40.81405658340101, -18.881102541547538]]",21.932954041853474,9,-250,250,False,False,False
R02ZF,R02ZF_SARF000478,478,15933,FULL_CONTEXT_OFFLINE,R02ZF_SARF000478__FULL_CONTEXT_OFFLINE__R02ZF_REUSED_R02ZF_PERSON018,R02ZF_REUSED_R02ZF_PERSON018,9,15722,16167,True,R02ZF_REUSED_R02ZF_PERSON018,"[[-37.25874030197656, -15.686141383174661]]",21.572598918801898,10,-250,250,False,False,False
R02ZF,R02ZF_SARF000478,478,15933,FULL_CONTEXT_OFFLINE,R02ZF_SARF000478__FULL_CONTEXT_OFFLINE__R02ZF_REUSED_R02ZF_PERSON021,R02ZF_REUSED_R02ZF_PERSON021,3,16056,16167,True,R02ZF_REUSED_R02ZF_PERSON021,"[[-51.34263864419872, -30.802088564880172]]",20.54055007931855,8,-250,250,False,False,False
R02ZF,R02ZF_SARF000479,479,15967,CAUSAL_REPLAY,R02ZF_SARF000479__CAUSAL_REPLAY__R02ZF_REUSED_R02ZF_PERSON017,R02ZF_REUSED_R02ZF_PERSON017,5,15722,15944,False,R02ZF_REUSED_R02ZF_PERSON017,"[[-40.81405658340101, -22.515490482263036]]",18.298566101137975,9,-250,0,False,False,False
R02ZF,R02ZF_SARF000479,479,15967,CAUSAL_REPLAY,R02ZF_SARF000479__CAUSAL_REPLAY__R02ZF_REUSED_R02ZF_PERSON018,R02ZF_REUSED_R02ZF_PERSON018,5,15722,15944,False,R02ZF_REUSED_R02ZF_PERSON018,"[[-37.25874030197656, -19.146931030901875]]",18.111809271074684,7,-250,0,False,False,False
R02ZF,R02ZF_SARF000479,479,15967,FIXED_LAG_100MS,R02ZF_SARF000479__FIXED_LAG_100MS__R02ZF_REUSED_R02ZF_PERSON017,R02ZF_REUSED_R02ZF_PERSON017,7,15722,16056,True,R02ZF_REUSED_R02ZF_PERSON017,"[[-40.81405658340101, -20.993422886874725]]",19.820633696526286,9,-250,100,False,False,False
R02ZF,R02ZF_SARF000479,479,15967,FIXED_LAG_100MS,R02ZF_SARF000479__FIXED_LAG_100MS__R02ZF_REUSED_R02ZF_PERSON018,R02ZF_REUSED_R02ZF_PERSON018,7,15722,16056,True,R02ZF_REUSED_R02ZF_PERSON018,"[[-37.25874030197656, -17.711332194495846]]",19.547408107480713,8,-250,100,False,False,False
R02ZF,R02ZF_SARF000479,479,15967,FIXED_LAG_100MS,R02ZF_SARF000479__FIXED_LAG_100MS__R02ZF_REUSED_R02ZF_PERSON021,R02ZF_REUSED_R02ZF_PERSON021,1,16056,16056,True,R02ZF_REUSED_R02ZF_PERSON021,"[[-51.34263864419872, -34.76871858100274]]",16.573920063195985,4,-250,100,False,False,False
R02ZF,R02ZF_SARF000479,479,15967,FULL_CONTEXT_OFFLINE,R02ZF_SARF000479__FULL_CONTEXT_OFFLINE__R02ZF_REUSED_R02ZF_PERSON017,R02ZF_REUSED_R02ZF_PERSON017,9,15722,16167,True,R02ZF_REUSED_R02ZF_PERSON017,"[[-40.81405658340101, -18.881102541547538]]",21.932954041853474,11,-250,250,False,False,False
R02ZF,R02ZF_SARF000479,479,15967,FULL_CONTEXT_OFFLINE,R02ZF_SARF000479__FULL_CONTEXT_OFFLINE__R02ZF_REUSED_R02ZF_PERSON018,R02ZF_REUSED_R02ZF_PERSON018,9,15722,16167,True,R02ZF_REUSED_R02ZF_PERSON018,"[[-37.25874030197656, -15.686141383174661]]",21.572598918801898,10,-250,250,False,False,False
R02ZF,R02ZF_SARF000479,479,15967,FULL_CONTEXT_OFFLINE,R02ZF_SARF000479__FULL_CONTEXT_OFFLINE__R02ZF_REUSED_R02ZF_PERSON021,R02ZF_REUSED_R02ZF_PERSON021,3,16056,16167,True,R02ZF_REUSED_R02ZF_PERSON021,"[[-51.34263864419872, -30.802088564880172]]",20.54055007931855,6,-250,250,False,False,False
R02ZF,R02ZF_SARF000480,480,16000,CAUSAL_REPLAY,R02ZF_SARF000480__CAUSAL_REPLAY__R02ZF_REUSED_R02ZF_PERSON017,R02ZF_REUSED_R02ZF_PERSON017,5,15778,16000,False,R02ZF_REUSED_R02ZF_PERSON017,"[[-39.905820501821715, -21.814776004441192]]",18.091044497380523,8,-250,0,False,False,False
R02ZF,R02ZF_SARF000480,480,16000,CAUSAL_REPLAY,R02ZF_SARF000480__CAUSAL_REPLAY__R02ZF_REUSED_R02ZF_PERSON018,R02ZF_REUSED_R02ZF_PERSON018,5,15778,16000,False,R02ZF_REUSED_R02ZF_PERSON018,"[[-36.42315936361596, -18.51178789510725]]",17.911371468508708,8,-250,0,False,False,False
R02ZF,R02ZF_SARF000480,480,16000,FIXED_LAG_100MS,R02ZF_SARF000480__FIXED_LAG_100MS__R02ZF_REUSED_R02ZF_PERSON017,R02ZF_REUSED_R02ZF_PERSON017,6,15778,16056,True,R02ZF_REUSED_R02ZF_PERSON017,"[[-39.905820501821715, -20.993422886874725]]",18.91239761494699,9,-250,100,False,False,False
R02ZF,R02ZF_SARF000480,480,16000,FIXED_LAG_100MS,R02ZF_SARF000480__FIXED_LAG_100MS__R02ZF_REUSED_R02ZF_PERSON018,R02ZF_REUSED_R02ZF_PERSON018,6,15778,16056,True,R02ZF_REUSED_R02ZF_PERSON018,"[[-36.42315936361596, -17.711332194495846]]",18.711827169120113,8,-250,100,False,False,False
R02ZF,R02ZF_SARF000480,480,16000,FIXED_LAG_100MS,R02ZF_SARF000480__FIXED_LAG_100MS__R02ZF_REUSED_R02ZF_PERSON021,R02ZF_REUSED_R02ZF_PERSON021,1,16056,16056,True,R02ZF_REUSED_R02ZF_PERSON021,"[[-51.34263864419872, -34.76871858100274]]",16.573920063195985,3,-250,100,False,False,False
R02ZF,R02ZF_SARF000480,480,16000,FULL_CONTEXT_OFFLINE,R02ZF_SARF000480__FULL_CONTEXT_OFFLINE__R02ZF_REUSED_R02ZF_PERSON017,R02ZF_REUSED_R02ZF_PERSON017,9,15778,16222,True,R02ZF_REUSED_R02ZF_PERSON017,"[[-39.905820501821715, -17.96490216792308]]",21.940918333898637,9,-250,250,False,False,False
R02ZF,R02ZF_SARF000480,480,16000,FULL_CONTEXT_OFFLINE,R02ZF_SARF000480__FULL_CONTEXT_OFFLINE__R02ZF_REUSED_R02ZF_PERSON018,R02ZF_REUSED_R02ZF_PERSON018,9,15778,16222,True,R02ZF_REUSED_R02ZF_PERSON018,"[[-36.42315936361596, -14.783560136113195]]",21.639599227502764,9,-250,250,False,False,False
R02ZF,R02ZF_SARF000480,480,16000,FULL_CONTEXT_OFFLINE,R02ZF_SARF000480__FULL_CONTEXT_OFFLINE__R02ZF_REUSED_R02ZF_PERSON021,R02ZF_REUSED_R02ZF_PERSON021,4,16056,16222,True,R02ZF_REUSED_R02ZF_PERSON021,"[[-51.34263864419872, -28.864825588421837]]",22.477813055776885,7,-250,250,False,False,False
R02ZF,R02ZF_SARF000480,480,16000,FULL_CONTEXT_OFFLINE,R02ZF_SARF000480__FULL_CONTEXT_OFFLINE__R02ZF_REUSED_R02ZF_PERSON023,R02ZF_REUSED_R02ZF_PERSON023,1,16222,16222,True,R02ZF_REUSED_R02ZF_PERSON023,"[[-50.27517870751308, -35.23886204360154]]",15.036316663911535,3,-250,250,False,False,False
R02ZF,R02ZF_SARF000481,481,16033,CAUSAL_REPLAY,R02ZF_SARF000481__CAUSAL_REPLAY__R02ZF_REUSED_R02ZF_PERSON017,R02ZF_REUSED_R02ZF_PERSON017,4,15833,16000,False,R02ZF_REUSED_R02ZF_PERSON017,"[[-38.97743322335428, -21.814776004441192]]",17.16265721891309,6,-250,0,False,False,False
R02ZF,R02ZF_SARF000481,481,16033,CAUSAL_REPLAY,R02ZF_SARF000481__CAUSAL_REPLAY__R02ZF_REUSED_R02ZF_PERSON018,R02ZF_REUSED_R02ZF_PERSON018,4,15833,16000,False,R02ZF_REUSED_R02ZF_PERSON018,"[[-35.54748109959506, -18.51178789510725]]",17.03569320448781,6,-250,0,False,False,False
R02ZF,R02ZF_SARF000481,481,16033,FIXED_LAG_100MS,R02ZF_SARF000481__FIXED_LAG_100MS__R02ZF_REUSED_R02ZF_PERSON017,R02ZF_REUSED_R02ZF_PERSON017,6,15833,16111,True,R02ZF_REUSED_R02ZF_PERSON017,"[[-38.97743322335428, -19.84108821177188]]",19.136345011582403,7,-250,100,False,False,False
R02ZF,R02ZF_SARF000481,481,16033,FIXED_LAG_100MS,R02ZF_SARF000481__FIXED_LAG_100MS__R02ZF_REUSED_R02ZF_PERSON018,R02ZF_REUSED_R02ZF_PERSON018,6,15833,16111,True,R02ZF_REUSED_R02ZF_PERSON018,"[[-35.54748109959506, -16.64126563716313]]",18.90621546243193,6,-250,100,False,False,False
R02ZF,R02ZF_SARF000481,481,16033,FIXED_LAG_100MS,R02ZF_SARF000481__FIXED_LAG_100MS__R02ZF_REUSED_R02ZF_PERSON021,R02ZF_REUSED_R02ZF_PERSON021,2,16056,16111,True,R02ZF_REUSED_R02ZF_PERSON021,"[[-51.34263864419872, -32.54161624351301]]",18.80102240068571,4,-250,100,False,False,False
R02ZF,R02ZF_SARF000481,481,16033,FULL_CONTEXT_OFFLINE,R02ZF_SARF000481__FULL_CONTEXT_OFFLINE__R02ZF_REUSED_R02ZF_PERSON017,R02ZF_REUSED_R02ZF_PERSON017,9,15833,16278,True,R02ZF_REUSED_R02ZF_PERSON017,"[[-38.97743322335428, -17.079097445312584]]",21.898335778041698,7,-250,250,False,False,False
R02ZF,R02ZF_SARF000481,481,16033,FULL_CONTEXT_OFFLINE,R02ZF_SARF000481__FULL_CONTEXT_OFFLINE__R02ZF_REUSED_R02ZF_PERSON018,R02ZF_REUSED_R02ZF_PERSON018,9,15833,16278,True,R02ZF_REUSED_R02ZF_PERSON018,"[[-35.54748109959506, -13.928424488662383]]",21.619056610932677,8,-250,250,False,False,False
R02ZF,R02ZF_SARF000481,481,16033,FULL_CONTEXT_OFFLINE,R02ZF_SARF000481__FULL_CONTEXT_OFFLINE__R02ZF_REUSED_R02ZF_PERSON021,R02ZF_REUSED_R02ZF_PERSON021,5,16056,16278,True,R02ZF_REUSED_R02ZF_PERSON021,"[[-51.34263864419872, -26.863038582067084]]",24.479600062131638,6,-250,250,False,False,False
R02ZF,R02ZF_SARF000481,481,16033,FULL_CONTEXT_OFFLINE,R02ZF_SARF000481__FULL_CONTEXT_OFFLINE__R02ZF_REUSED_R02ZF_PERSON023,R02ZF_REUSED_R02ZF_PERSON023,2,16222,16278,True,R02ZF_REUSED_R02ZF_PERSON023,"[[-50.27517870751308, -33.43262131437263]]",16.842557393140446,3,-250,250,False,False,False
R02ZF,R02ZF_SARF000481,481,16033,FULL_CONTEXT_OFFLINE,R02ZF_SARF000481__FULL_CONTEXT_OFFLINE__R02ZF_REUSED_R02ZF_PERSON024,R02ZF_REUSED_R02ZF_PERSON024,1,16278,16278,True,R02ZF_REUSED_R02ZF_PERSON024,"[[-51.18926599463623, -34.32654006129996]]",16.86272593333627,3,-250,250,False,False,False
R02ZF,R02ZF_SARF000482,482,16067,CAUSAL_REPLAY,R02ZF_SARF000482__CAUSAL_REPLAY__R02ZF_REUSED_R02ZF_PERSON017,R02ZF_REUSED_R02ZF_PERSON017,5,15833,16056,False,R02ZF_REUSED_R02ZF_PERSON017,"[[-38.97743322335428, -20.993422886874725]]",17.984010336479557,9,-250,0,False,False,False
R02ZF,R02ZF_SARF000482,482,16067,CAUSAL_REPLAY,R02ZF_SARF000482__CAUSAL_REPLAY__R02ZF_REUSED_R02ZF_PERSON018,R02ZF_REUSED_R02ZF_PERSON018,5,15833,16056,False,R02ZF_REUSED_R02ZF_PERSON018,"[[-35.54748109959506, -17.711332194495846]]",17.836148905099215,9,-250,0,False,False,False
R02ZF,R02ZF_SARF000482,482,16067,CAUSAL_REPLAY,R02ZF_SARF000482__CAUSAL_REPLAY__R02ZF_REUSED_R02ZF_PERSON021,R02ZF_REUSED_R02ZF_PERSON021,1,16056,16056,False,R02ZF_REUSED_R02ZF_PERSON021,"[[-51.34263864419872, -34.76871858100274]]",16.573920063195985,2,-250,0,False,False,False
R02ZF,R02ZF_SARF000482,482,16067,FIXED_LAG_100MS,R02ZF_SARF000482__FIXED_LAG_100MS__R02ZF_REUSED_R02ZF_PERSON017,R02ZF_REUSED_R02ZF_PERSON017,7,15833,16167,True,R02ZF_REUSED_R02ZF_PERSON017,"[[-38.97743322335428, -18.881102541547538]]",20.096330681806744,10,-250,100,False,False,False
R02ZF,R02ZF_SARF000482,482,16067,FIXED_LAG_100MS,R02ZF_SARF000482__FIXED_LAG_100MS__R02ZF_REUSED_R02ZF_PERSON018,R02ZF_REUSED_R02ZF_PERSON018,7,15833,16167,True,R02ZF_REUSED_R02ZF_PERSON018,"[[-35.54748109959506, -15.686141383174661]]",19.8613397164204,10,-250,100,False,False,False
R02ZF,R02ZF_SARF000482,482,16067,FIXED_LAG_100MS,R02ZF_SARF000482__FIXED_LAG_100MS__R02ZF_REUSED_R02ZF_PERSON021,R02ZF_REUSED_R02ZF_PERSON021,3,16056,16167,True,R02ZF_REUSED_R02ZF_PERSON021,"[[-51.34263864419872, -30.802088564880172]]",20.54055007931855,4,-250,100,False,False,False
R02ZF,R02ZF_SARF000482,482,16067,FULL_CONTEXT_OFFLINE,R02ZF_SARF000482__FULL_CONTEXT_OFFLINE__R02ZF_REUSED_R02ZF_PERSON017,R02ZF_REUSED_R02ZF_PERSON017,9,15833,16278,True,R02ZF_REUSED_R02ZF_PERSON017,"[[-38.97743322335428, -17.079097445312584]]",21.898335778041698,10,-250,250,False,False,False
R02ZF,R02ZF_SARF000482,482,16067,FULL_CONTEXT_OFFLINE,R02ZF_SARF000482__FULL_CONTEXT_OFFLINE__R02ZF_REUSED_R02ZF_PERSON018,R02ZF_REUSED_R02ZF_PERSON018,9,15833,16278,True,R02ZF_REUSED_R02ZF_PERSON018,"[[-35.54748109959506, -13.928424488662383]]",21.619056610932677,10,-250,250,False,False,False
R02ZF,R02ZF_SARF000482,482,16067,FULL_CONTEXT_OFFLINE,R02ZF_SARF000482__FULL_CONTEXT_OFFLINE__R02ZF_REUSED_R02ZF_PERSON021,R02ZF_REUSED_R02ZF_PERSON021,5,16056,16278,True,R02ZF_REUSED_R02ZF_PERSON021,"[[-51.34263864419872, -26.863038582067084]]",24.479600062131638,6,-250,250,False,False,False
R02ZF,R02ZF_SARF000482,482,16067,FULL_CONTEXT_OFFLINE,R02ZF_SARF000482__FULL_CONTEXT_OFFLINE__R02ZF_REUSED_R02ZF_PERSON023,R02ZF_REUSED_R02ZF_PERSON023,2,16222,16278,True,R02ZF_REUSED_R02ZF_PERSON023,"[[-50.27517870751308, -33.43262131437263]]",16.842557393140446,3,-250,250,False,False,False
R02ZF,R02ZF_SARF000482,482,16067,FULL_CONTEXT_OFFLINE,R02ZF_SARF000482__FULL_CONTEXT_OFFLINE__R02ZF_REUSED_R02ZF_PERSON024,R02ZF_REUSED_R02ZF_PERSON024,1,16278,16278,True,R02ZF_REUSED_R02ZF_PERSON024,"[[-51.18926599463623, -34.32654006129996]]",16.86272593333627,2,-250,250,False,False,False
R02ZF,R02ZF_SARF000483,483,16100,CAUSAL_REPLAY,R02ZF_SARF000483__CAUSAL_REPLAY__R02ZF_REUSED_R02ZF_PERSON017,R02ZF_REUSED_R02ZF_PERSON017,4,15889,16056,False,R02ZF_REUSED_R02ZF_PERSON017,"[[-38.037321257060384, -20.993422886874725]]",17.04389837018566,9,-250,0,False,False,False
R02ZF,R02ZF_SARF000483,483,16100,CAUSAL_REPLAY,R02ZF_SARF000483__CAUSAL_REPLAY__R02ZF_REUSED_R02ZF_PERSON018,R02ZF_REUSED_R02ZF_PERSON018,4,15889,16056,False,R02ZF_REUSED_R02ZF_PERSON018,"[[-34.73559692064616, -17.711332194495846]]",17.024264726150314,10,-250,0,False,False,False
R02ZF,R02ZF_SARF000483,483,16100,CAUSAL_REPLAY,R02ZF_SARF000483__CAUSAL_REPLAY__R02ZF_REUSED_R02ZF_PERSON021,R02ZF_REUSED_R02ZF_PERSON021,1,16056,16056,False,R02ZF_REUSED_R02ZF_PERSON021,"[[-51.34263864419872, -34.76871858100274]]",16.573920063195985,3,-250,0,False,False,False
R02ZF,R02ZF_SARF000483,483,16100,FIXED_LAG_100MS,R02ZF_SARF000483__FIXED_LAG_100MS__R02ZF_REUSED_R02ZF_PERSON017,R02ZF_REUSED_R02ZF_PERSON017,6,15889,16167,True,R02ZF_REUSED_R02ZF_PERSON017,"[[-38.037321257060384, -18.881102541547538]]",19.156218715512846,10,-250,100,False,False,False
R02ZF,R02ZF_SARF000483,483,16100,FIXED_LAG_100MS,R02ZF_SARF000483__FIXED_LAG_100MS__R02ZF_REUSED_R02ZF_PERSON018,R02ZF_REUSED_R02ZF_PERSON018,6,15889,16167,True,R02ZF_REUSED_R02ZF_PERSON018,"[[-34.73559692064616, -15.686141383174661]]",19.0494555374715,10,-250,100,False,False,False
R02ZF,R02ZF_SARF000483,483,16100,FIXED_LAG_100MS,R02ZF_SARF000483__FIXED_LAG_100MS__R02ZF_REUSED_R02ZF_PERSON021,R02ZF_REUSED_R02ZF_PERSON021,3,16056,16167,True,R02ZF_REUSED_R02ZF_PERSON021,"[[-51.34263864419872, -30.802088564880172]]",20.54055007931855,5,-250,100,False,False,False
R02ZF,R02ZF_SARF000483,483,16100,FULL_CONTEXT_OFFLINE,R02ZF_SARF000483__FULL_CONTEXT_OFFLINE__R02ZF_REUSED_R02ZF_PERSON017,R02ZF_REUSED_R02ZF_PERSON017,9,15889,16333,True,R02ZF_REUSED_R02ZF_PERSON017,"[[-38.037321257060384, -16.201667964731428]]",21.835653292328956,10,-250,250,False,False,False
R02ZF,R02ZF_SARF000483,483,16100,FULL_CONTEXT_OFFLINE,R02ZF_SARF000483__FULL_CONTEXT_OFFLINE__R02ZF_REUSED_R02ZF_PERSON018,R02ZF_REUSED_R02ZF_PERSON018,9,15889,16333,True,R02ZF_REUSED_R02ZF_PERSON018,"[[-34.73559692064616, -13.074958681540586]]",21.660638239105573,11,-250,250,False,False,False
R02ZF,R02ZF_SARF000483,483,16100,FULL_CONTEXT_OFFLINE,R02ZF_SARF000483__FULL_CONTEXT_OFFLINE__R02ZF_REUSED_R02ZF_PERSON021,R02ZF_REUSED_R02ZF_PERSON021,6,16056,16333,True,R02ZF_REUSED_R02ZF_PERSON021,"[[-51.34263864419872, -24.933521809347134]]",26.409116834851588,8,-250,250,False,False,False
R02ZF,R02ZF_SARF000483,483,16100,FULL_CONTEXT_OFFLINE,R02ZF_SARF000483__FULL_CONTEXT_OFFLINE__R02ZF_REUSED_R02ZF_PERSON023,R02ZF_REUSED_R02ZF_PERSON023,2,16222,16278,True,R02ZF_REUSED_R02ZF_PERSON023,"[[-50.27517870751308, -33.43262131437263]]",16.842557393140446,3,-250,250,False,False,False
R02ZF,R02ZF_SARF000483,483,16100,FULL_CONTEXT_OFFLINE,R02ZF_SARF000483__FULL_CONTEXT_OFFLINE__R02ZF_REUSED_R02ZF_PERSON024,R02ZF_REUSED_R02ZF_PERSON024,2,16278,16333,True,R02ZF_REUSED_R02ZF_PERSON024,"[[-51.18926599463623, -32.30037232828772]]",18.88889366634851,3,-250,250,False,False,False
R02ZF,R02ZF_SARF000484,484,16133,CAUSAL_REPLAY,R02ZF_SARF000484__CAUSAL_REPLAY__R02ZF_REUSED_R02ZF_PERSON017,R02ZF_REUSED_R02ZF_PERSON017,5,15889,16111,False,R02ZF_REUSED_R02ZF_PERSON017,"[[-38.037321257060384, -19.84108821177188]]",18.196233045288505,12,-250,0,False,False,False
R02ZF,R02ZF_SARF000484,484,16133,CAUSAL_REPLAY,R02ZF_SARF000484__CAUSAL_REPLAY__R02ZF_REUSED_R02ZF_PERSON018,R02ZF_REUSED_R02ZF_PERSON018,5,15889,16111,False,R02ZF_REUSED_R02ZF_PERSON018,"[[-34.73559692064616, -16.64126563716313]]",18.09433128348303,10,-250,0,False,False,False
R02ZF,R02ZF_SARF000484,484,16133,CAUSAL_REPLAY,R02ZF_SARF000484__CAUSAL_REPLAY__R02ZF_REUSED_R02ZF_PERSON021,R02ZF_REUSED_R02ZF_PERSON021,2,16056,16111,False,R02ZF_REUSED_R02ZF_PERSON021,"[[-51.34263864419872, -32.54161624351301]]",18.80102240068571,5,-250,0,False,False,False
R02ZF,R02ZF_SARF000484,484,16133,FIXED_LAG_100MS,R02ZF_SARF000484__FIXED_LAG_100MS__R02ZF_REUSED_R02ZF_PERSON017,R02ZF_REUSED_R02ZF_PERSON017,7,15889,16222,True,R02ZF_REUSED_R02ZF_PERSON017,"[[-38.037321257060384, -17.96490216792308]]",20.072419089137306,12,-250,100,False,False,False
R02ZF,R02ZF_SARF000484,484,16133,FIXED_LAG_100MS,R02ZF_SARF000484__FIXED_LAG_100MS__R02ZF_REUSED_R02ZF_PERSON018,R02ZF_REUSED_R02ZF_PERSON018,7,15889,16222,True,R02ZF_REUSED_R02ZF_PERSON018,"[[-34.73559692064616, -14.783560136113195]]",19.952036784532964,12,-250,100,False,False,False
R02ZF,R02ZF_SARF000484,484,16133,FIXED_LAG_100MS,R02ZF_SARF000484__FIXED_LAG_100MS__R02ZF_REUSED_R02ZF_PERSON021,R02ZF_REUSED_R02ZF_PERSON021,4,16056,16222,True,R02ZF_REUSED_R02ZF_PERSON021,"[[-51.34263864419872, -28.864825588421837]]",22.477813055776885,8,-250,100,False,False,False
R02ZF,R02ZF_SARF000484,484,16133,FIXED_LAG_100MS,R02ZF_SARF000484__FIXED_LAG_100MS__R02ZF_REUSED_R02ZF_PERSON023,R02ZF_REUSED_R02ZF_PERSON023,1,16222,16222,True,R02ZF_REUSED_R02ZF_PERSON023,"[[-50.27517870751308, -35.23886204360154]]",15.036316663911535,4,-250,100,False,False,False
R02ZF,R02ZF_SARF000484,484,16133,FULL_CONTEXT_OFFLINE,R02ZF_SARF000484__FULL_CONTEXT_OFFLINE__R02ZF_REUSED_R02ZF_PERSON017,R02ZF_REUSED_R02ZF_PERSON017,9,15889,16333,True,R02ZF_REUSED_R02ZF_PERSON017,"[[-38.037321257060384, -16.201667964731428]]",21.835653292328956,12,-250,250,False,False,False
R02ZF,R02ZF_SARF000484,484,16133,FULL_CONTEXT_OFFLINE,R02ZF_SARF000484__FULL_CONTEXT_OFFLINE__R02ZF_REUSED_R02ZF_PERSON018,R02ZF_REUSED_R02ZF_PERSON018,9,15889,16333,True,R02ZF_REUSED_R02ZF_PERSON018,"[[-34.73559692064616, -13.074958681540586]]",21.660638239105573,12,-250,250,False,False,False
R02ZF,R02ZF_SARF000484,484,16133,FULL_CONTEXT_OFFLINE,R02ZF_SARF000484__FULL_CONTEXT_OFFLINE__R02ZF_REUSED_R02ZF_PERSON021,R02ZF_REUSED_R02ZF_PERSON021,6,16056,16333,True,R02ZF_REUSED_R02ZF_PERSON021,"[[-51.34263864419872, -24.933521809347134]]",26.409116834851588,10,-250,250,False,False,False
R02ZF,R02ZF_SARF000484,484,16133,FULL_CONTEXT_OFFLINE,R02ZF_SARF000484__FULL_CONTEXT_OFFLINE__R02ZF_REUSED_R02ZF_PERSON023,R02ZF_REUSED_R02ZF_PERSON023,2,16222,16278,True,R02ZF_REUSED_R02ZF_PERSON023,"[[-50.27517870751308, -33.43262131437263]]",16.842557393140446,5,-250,250,False,False,False
R02ZF,R02ZF_SARF000484,484,16133,FULL_CONTEXT_OFFLINE,R02ZF_SARF000484__FULL_CONTEXT_OFFLINE__R02ZF_REUSED_R02ZF_PERSON024,R02ZF_REUSED_R02ZF_PERSON024,2,16278,16333,True,R02ZF_REUSED_R02ZF_PERSON024,"[[-51.18926599463623, -32.30037232828772]]",18.88889366634851,5,-250,250,False,False,False
R02ZF,R02ZF_SARF000485,485,16167,CAUSAL_REPLAY,R02ZF_SARF000485__CAUSAL_REPLAY__R02ZF_REUSED_R02ZF_PERSON017,R02ZF_REUSED_R02ZF_PERSON017,5,15944,16167,False,R02ZF_REUSED_R02ZF_PERSON017,"[[-37.14099702864982, -18.881102541547538]]",18.259894487102283,10,-250,0,False,False,False
R02ZF,R02ZF_SARF000485,485,16167,CAUSAL_REPLAY,R02ZF_SARF000485__CAUSAL_REPLAY__R02ZF_REUSED_R02ZF_PERSON018,R02ZF_REUSED_R02ZF_PERSON018,5,15944,16167,False,R02ZF_REUSED_R02ZF_PERSON018,"[[-33.81332750747066, -15.686141383174661]]",18.127186124296,11,-250,0,False,False,False
R02ZF,R02ZF_SARF000485,485,16167,CAUSAL_REPLAY,R02ZF_SARF000485__CAUSAL_REPLAY__R02ZF_REUSED_R02ZF_PERSON021,R02ZF_REUSED_R02ZF_PERSON021,3,16056,16167,False,R02ZF_REUSED_R02ZF_PERSON021,"[[-51.34263864419872, -30.802088564880172]]",20.54055007931855,4,-250,0,False,False,False
R02ZF,R02ZF_SARF000485,485,16167,FIXED_LAG_100MS,R02ZF_SARF000485__FIXED_LAG_100MS__R02ZF_REUSED_R02ZF_PERSON017,R02ZF_REUSED_R02ZF_PERSON017,6,15944,16222,True,R02ZF_REUSED_R02ZF_PERSON017,"[[-37.14099702864982, -17.96490216792308]]",19.176094860726742,11,-250,100,False,False,False
R02ZF,R02ZF_SARF000485,485,16167,FIXED_LAG_100MS,R02ZF_SARF000485__FIXED_LAG_100MS__R02ZF_REUSED_R02ZF_PERSON018,R02ZF_REUSED_R02ZF_PERSON018,6,15944,16222,True,R02ZF_REUSED_R02ZF_PERSON018,"[[-33.81332750747066, -14.783560136113195]]",19.029767371357465,12,-250,100,False,False,False
R02ZF,R02ZF_SARF000485,485,16167,FIXED_LAG_100MS,R02ZF_SARF000485__FIXED_LAG_100MS__R02ZF_REUSED_R02ZF_PERSON021,R02ZF_REUSED_R02ZF_PERSON021,4,16056,16222,True,R02ZF_REUSED_R02ZF_PERSON021,"[[-51.34263864419872, -28.864825588421837]]",22.477813055776885,5,-250,100,False,False,False
R02ZF,R02ZF_SARF000485,485,16167,FIXED_LAG_100MS,R02ZF_SARF000485__FIXED_LAG_100MS__R02ZF_REUSED_R02ZF_PERSON023,R02ZF_REUSED_R02ZF_PERSON023,1,16222,16222,True,R02ZF_REUSED_R02ZF_PERSON023,"[[-50.27517870751308, -35.23886204360154]]",15.036316663911535,3,-250,100,False,False,False
R02ZF,R02ZF_SARF000485,485,16167,FULL_CONTEXT_OFFLINE,R02ZF_SARF000485__FULL_CONTEXT_OFFLINE__R02ZF_REUSED_R02ZF_PERSON017,R02ZF_REUSED_R02ZF_PERSON017,9,15944,16389,True,R02ZF_REUSED_R02ZF_PERSON017,"[[-37.14099702864982, -15.356095652330914]]",21.784901376318906,12,-250,250,False,False,False
R02ZF,R02ZF_SARF000485,485,16167,FULL_CONTEXT_OFFLINE,R02ZF_SARF000485__FULL_CONTEXT_OFFLINE__R02ZF_REUSED_R02ZF_PERSON018,R02ZF_REUSED_R02ZF_PERSON018,9,15944,16389,True,R02ZF_REUSED_R02ZF_PERSON018,"[[-33.81332750747066, -12.239503062582557]]",21.573824444888103,12,-250,250,False,False,False
R02ZF,R02ZF_SARF000485,485,16167,FULL_CONTEXT_OFFLINE,R02ZF_SARF000485__FULL_CONTEXT_OFFLINE__R02ZF_REUSED_R02ZF_PERSON021,R02ZF_REUSED_R02ZF_PERSON021,7,16056,16389,True,R02ZF_REUSED_R02ZF_PERSON021,"[[-51.34263864419872, -23.20597271239494]]",28.136665931803783,9,-250,250,False,False,False
R02ZF,R02ZF_SARF000485,485,16167,FULL_CONTEXT_OFFLINE,R02ZF_SARF000485__FULL_CONTEXT_OFFLINE__R02ZF_REUSED_R02ZF_PERSON023,R02ZF_REUSED_R02ZF_PERSON023,2,16222,16278,True,R02ZF_REUSED_R02ZF_PERSON023,"[[-50.27517870751308, -33.43262131437263]]",16.842557393140446,3,-250,250,False,False,False
R02ZF,R02ZF_SARF000485,485,16167,FULL_CONTEXT_OFFLINE,R02ZF_SARF000485__FULL_CONTEXT_OFFLINE__R02ZF_REUSED_R02ZF_PERSON024,R02ZF_REUSED_R02ZF_PERSON024,3,16278,16389,True,R02ZF_REUSED_R02ZF_PERSON024,"[[-51.18926599463623, -30.21879917930776]]",20.97046681532847,5,-250,250,False,False,False
R02ZF,R02ZF_SARF000486,486,16200,CAUSAL_REPLAY,R02ZF_SARF000486__CAUSAL_REPLAY__R02ZF_REUSED_R02ZF_PERSON017,R02ZF_REUSED_R02ZF_PERSON017,4,16000,16167,False,R02ZF_REUSED_R02ZF_PERSON017,"[[-36.42813307905292, -18.881102541547538]]",17.547030537505382,10,-250,0,False,False,False
R02ZF,R02ZF_SARF000486,486,16200,CAUSAL_REPLAY,R02ZF_SARF000486__CAUSAL_REPLAY__R02ZF_REUSED_R02ZF_PERSON018,R02ZF_REUSED_R02ZF_PERSON018,4,16000,16167,False,R02ZF_REUSED_R02ZF_PERSON018,"[[-33.09301763244165, -15.686141383174661]]",17.40687624926699,10,-250,0,False,False,False
R02ZF,R02ZF_SARF000486,486,16200,CAUSAL_REPLAY,R02ZF_SARF000486__CAUSAL_REPLAY__R02ZF_REUSED_R02ZF_PERSON021,R02ZF_REUSED_R02ZF_PERSON021,3,16056,16167,False,R02ZF_REUSED_R02ZF_PERSON021,"[[-51.34263864419872, -30.802088564880172]]",20.54055007931855,3,-250,0,False,False,False
R02ZF,R02ZF_SARF000486,486,16200,FIXED_LAG_100MS,R02ZF_SARF000486__FIXED_LAG_100MS__R02ZF_REUSED_R02ZF_PERSON017,R02ZF_REUSED_R02ZF_PERSON017,6,16000,16278,True,R02ZF_REUSED_R02ZF_PERSON017,"[[-36.42813307905292, -17.079097445312584]]",19.349035633740336,10,-250,100,False,False,False
R02ZF,R02ZF_SARF000486,486,16200,FIXED_LAG_100MS,R02ZF_SARF000486__FIXED_LAG_100MS__R02ZF_REUSED_R02ZF_PERSON018,R02ZF_REUSED_R02ZF_PERSON018,6,16000,16278,True,R02ZF_REUSED_R02ZF_PERSON018,"[[-33.09301763244165, -13.928424488662383]]",19.164593143779268,12,-250,100,False,False,False
R02ZF,R02ZF_SARF000486,486,16200,FIXED_LAG_100MS,R02ZF_SARF000486__FIXED_LAG_100MS__R02ZF_REUSED_R02ZF_PERSON021,R02ZF_REUSED_R02ZF_PERSON021,5,16056,16278,True,R02ZF_REUSED_R02ZF_PERSON021,"[[-51.34263864419872, -26.863038582067084]]",24.479600062131638,5,-250,100,False,False,False
R02ZF,R02ZF_SARF000486,486,16200,FIXED_LAG_100MS,R02ZF_SARF000486__FIXED_LAG_100MS__R02ZF_REUSED_R02ZF_PERSON023,R02ZF_REUSED_R02ZF_PERSON023,2,16222,16278,True,R02ZF_REUSED_R02ZF_PERSON023,"[[-50.27517870751308, -33.43262131437263]]",16.842557393140446,2,-250,100,False,False,False
R02ZF,R02ZF_SARF000486,486,16200,FIXED_LAG_100MS,R02ZF_SARF000486__FIXED_LAG_100MS__R02ZF_REUSED_R02ZF_PERSON024,R02ZF_REUSED_R02ZF_PERSON024,1,16278,16278,True,R02ZF_REUSED_R02ZF_PERSON024,"[[-51.18926599463623, -34.32654006129996]]",16.86272593333627,2,-250,100,False,False,False
R02ZF,R02ZF_SARF000486,486,16200,FULL_CONTEXT_OFFLINE,R02ZF_SARF000486__FULL_CONTEXT_OFFLINE__R02ZF_REUSED_R02ZF_PERSON017,R02ZF_REUSED_R02ZF_PERSON017,9,16000,16444,True,R02ZF_REUSED_R02ZF_PERSON017,"[[-36.42813307905292, -14.489568959610533]]",21.938564119442386,11,-250,250,False,False,False
R02ZF,R02ZF_SARF000486,486,16200,FULL_CONTEXT_OFFLINE,R02ZF_SARF000486__FULL_CONTEXT_OFFLINE__R02ZF_REUSED_R02ZF_PERSON018,R02ZF_REUSED_R02ZF_PERSON018,9,16000,16444,True,R02ZF_REUSED_R02ZF_PERSON018,"[[-33.09301763244165, -11.336518189397907]]",21.756499443043744,12,-250,250,False,False,False
R02ZF,R02ZF_SARF000486,486,16200,FULL_CONTEXT_OFFLINE,R02ZF_SARF000486__FULL_CONTEXT_OFFLINE__R02ZF_REUSED_R02ZF_PERSON021,R02ZF_REUSED_R02ZF_PERSON021,8,16056,16444,True,R02ZF_REUSED_R02ZF_PERSON021,"[[-51.34263864419872, -21.27908927461211]]",30.06354936958661,8,-250,250,False,False,False
R02ZF,R02ZF_SARF000486,486,16200,FULL_CONTEXT_OFFLINE,R02ZF_SARF000486__FULL_CONTEXT_OFFLINE__R02ZF_REUSED_R02ZF_PERSON023,R02ZF_REUSED_R02ZF_PERSON023,2,16222,16278,True,R02ZF_REUSED_R02ZF_PERSON023,"[[-50.27517870751308, -33.43262131437263]]",16.842557393140446,2,-250,250,False,False,False
R02ZF,R02ZF_SARF000486,486,16200,FULL_CONTEXT_OFFLINE,R02ZF_SARF000486__FULL_CONTEXT_OFFLINE__R02ZF_REUSED_R02ZF_PERSON024,R02ZF_REUSED_R02ZF_PERSON024,4,16278,16444,True,R02ZF_REUSED_R02ZF_PERSON024,"[[-51.18926599463623, -28.06295475509586]]",23.12631123954037,5,-250,250,False,False,False
R02ZF,R02ZF_SARF000487,487,16233,CAUSAL_REPLAY,R02ZF_SARF000487__CAUSAL_REPLAY__R02ZF_REUSED_R02ZF_PERSON017,R02ZF_REUSED_R02ZF_PERSON017,5,16000,16222,False,R02ZF_REUSED_R02ZF_PERSON017,"[[-36.42813307905292, -17.96490216792308]]",18.46323091112984,10,-250,0,False,False,False
R02ZF,R02ZF_SARF000487,487,16233,CAUSAL_REPLAY,R02ZF_SARF000487__CAUSAL_REPLAY__R02ZF_REUSED_R02ZF_PERSON018,R02ZF_REUSED_R02ZF_PERSON018,5,16000,16222,False,R02ZF_REUSED_R02ZF_PERSON018,"[[-33.09301763244165, -14.783560136113195]]",18.309457496328456,12,-250,0,False,False,False
R02ZF,R02ZF_SARF000487,487,16233,CAUSAL_REPLAY,R02ZF_SARF000487__CAUSAL_REPLAY__R02ZF_REUSED_R02ZF_PERSON021,R02ZF_REUSED_R02ZF_PERSON021,4,16056,16222,False,R02ZF_REUSED_R02ZF_PERSON021,"[[-51.34263864419872, -28.864825588421837]]",22.477813055776885,7,-250,0,False,False,False
R02ZF,R02ZF_SARF000487,487,16233,CAUSAL_REPLAY,R02ZF_SARF000487__CAUSAL_REPLAY__R02ZF_REUSED_R02ZF_PERSON023,R02ZF_REUSED_R02ZF_PERSON023,1,16222,16222,False,R02ZF_REUSED_R02ZF_PERSON023,"[[-50.27517870751308, -35.23886204360154]]",15.036316663911535,4,-250,0,False,False,False
R02ZF,R02ZF_SARF000487,487,16233,FIXED_LAG_100MS,R02ZF_SARF000487__FIXED_LAG_100MS__R02ZF_REUSED_R02ZF_PERSON017,R02ZF_REUSED_R02ZF_PERSON017,7,16000,16333,True,R02ZF_REUSED_R02ZF_PERSON017,"[[-36.42813307905292, -16.201667964731428]]",20.226465114321492,10,-250,100,False,False,False
R02ZF,R02ZF_SARF000487,487,16233,FIXED_LAG_100MS,R02ZF_SARF000487__FIXED_LAG_100MS__R02ZF_REUSED_R02ZF_PERSON018,R02ZF_REUSED_R02ZF_PERSON018,7,16000,16333,True,R02ZF_REUSED_R02ZF_PERSON018,"[[-33.09301763244165, -13.074958681540586]]",20.018058950901064,12,-250,100,False,False,False
R02ZF,R02ZF_SARF000487,487,16233,FIXED_LAG_100MS,R02ZF_SARF000487__FIXED_LAG_100MS__R02ZF_REUSED_R02ZF_PERSON021,R02ZF_REUSED_R02ZF_PERSON021,6,16056,16333,True,R02ZF_REUSED_R02ZF_PERSON021,"[[-51.34263864419872, -24.933521809347134]]",26.409116834851588,9,-250,100,False,False,False
R02ZF,R02ZF_SARF000487,487,16233,FIXED_LAG_100MS,R02ZF_SARF000487__FIXED_LAG_100MS__R02ZF_REUSED_R02ZF_PERSON023,R02ZF_REUSED_R02ZF_PERSON023,2,16222,16278,True,R02ZF_REUSED_R02ZF_PERSON023,"[[-50.27517870751308, -33.43262131437263]]",16.842557393140446,5,-250,100,False,False,False
R02ZF,R02ZF_SARF000487,487,16233,FIXED_LAG_100MS,R02ZF_SARF000487__FIXED_LAG_100MS__R02ZF_REUSED_R02ZF_PERSON024,R02ZF_REUSED_R02ZF_PERSON024,2,16278,16333,True,R02ZF_REUSED_R02ZF_PERSON024,"[[-51.18926599463623, -32.30037232828772]]",18.88889366634851,6,-250,100,False,False,False
R02ZF,R02ZF_SARF000487,487,16233,FULL_CONTEXT_OFFLINE,R02ZF_SARF000487__FULL_CONTEXT_OFFLINE__R02ZF_REUSED_R02ZF_PERSON017,R02ZF_REUSED_R02ZF_PERSON017,9,16000,16444,True,R02ZF_REUSED_R02ZF_PERSON017,"[[-36.42813307905292, -14.489568959610533]]",21.938564119442386,13,-250,250,False,False,False
R02ZF,R02ZF_SARF000487,487,16233,FULL_CONTEXT_OFFLINE,R02ZF_SARF000487__FULL_CONTEXT_OFFLINE__R02ZF_REUSED_R02ZF_PERSON018,R02ZF_REUSED_R02ZF_PERSON018,9,16000,16444,True,R02ZF_REUSED_R02ZF_PERSON018,"[[-33.09301763244165, -11.336518189397907]]",21.756499443043744,12,-250,250,False,False,False
R02ZF,R02ZF_SARF000487,487,16233,FULL_CONTEXT_OFFLINE,R02ZF_SARF000487__FULL_CONTEXT_OFFLINE__R02ZF_REUSED_R02ZF_PERSON021,R02ZF_REUSED_R02ZF_PERSON021,8,16056,16444,True,R02ZF_REUSED_R02ZF_PERSON021,"[[-51.34263864419872, -21.27908927461211]]",30.06354936958661,11,-250,250,False,False,False
R02ZF,R02ZF_SARF000487,487,16233,FULL_CONTEXT_OFFLINE,R02ZF_SARF000487__FULL_CONTEXT_OFFLINE__R02ZF_REUSED_R02ZF_PERSON023,R02ZF_REUSED_R02ZF_PERSON023,2,16222,16278,True,R02ZF_REUSED_R02ZF_PERSON023,"[[-50.27517870751308, -33.43262131437263]]",16.842557393140446,5,-250,250,False,False,False
R02ZF,R02ZF_SARF000487,487,16233,FULL_CONTEXT_OFFLINE,R02ZF_SARF000487__FULL_CONTEXT_OFFLINE__R02ZF_REUSED_R02ZF_PERSON024,R02ZF_REUSED_R02ZF_PERSON024,4,16278,16444,True,R02ZF_REUSED_R02ZF_PERSON024,"[[-51.18926599463623, -28.06295475509586]]",23.12631123954037,8,-250,250,False,False,False
R02ZF,R02ZF_SARF000488,488,16267,CAUSAL_REPLAY,R02ZF_SARF000488__CAUSAL_REPLAY__R02ZF_REUSED_R02ZF_PERSON017,R02ZF_REUSED_R02ZF_PERSON017,4,16056,16222,False,R02ZF_REUSED_R02ZF_PERSON017,"[[-35.556196494282034, -17.96490216792308]]",17.591294326358955,11,-250,0,False,False,False
R02ZF,R02ZF_SARF000488,488,16267,CAUSAL_REPLAY,R02ZF_SARF000488__CAUSAL_REPLAY__R02ZF_REUSED_R02ZF_PERSON018,R02ZF_REUSED_R02ZF_PERSON018,4,16056,16222,False,R02ZF_REUSED_R02ZF_PERSON018,"[[-32.293474973176956, -14.783560136113195]]",17.50991483706376,13,-250,0,False,False,False
R02ZF,R02ZF_SARF000488,488,16267,CAUSAL_REPLAY,R02ZF_SARF000488__CAUSAL_REPLAY__R02ZF_REUSED_R02ZF_PERSON021,R02ZF_REUSED_R02ZF_PERSON021,4,16056,16222,False,R02ZF_REUSED_R02ZF_PERSON021,"[[-51.34263864419872, -28.864825588421837]]",22.477813055776885,7,-250,0,False,False,False
R02ZF,R02ZF_SARF000488,488,16267,CAUSAL_REPLAY,R02ZF_SARF000488__CAUSAL_REPLAY__R02ZF_REUSED_R02ZF_PERSON023,R02ZF_REUSED_R02ZF_PERSON023,1,16222,16222,False,R02ZF_REUSED_R02ZF_PERSON023,"[[-50.27517870751308, -35.23886204360154]]",15.036316663911535,4,-250,0,False,False,False
R02ZF,R02ZF_SARF000488,488,16267,FIXED_LAG_100MS,R02ZF_SARF000488__FIXED_LAG_100MS__R02ZF_REUSED_R02ZF_PERSON017,R02ZF_REUSED_R02ZF_PERSON017,6,16056,16333,True,R02ZF_REUSED_R02ZF_PERSON017,"[[-35.556196494282034, -16.201667964731428]]",19.354528529550606,11,-250,100,False,False,False
R02ZF,R02ZF_SARF000488,488,16267,FIXED_LAG_100MS,R02ZF_SARF000488__FIXED_LAG_100MS__R02ZF_REUSED_R02ZF_PERSON018,R02ZF_REUSED_R02ZF_PERSON018,6,16056,16333,True,R02ZF_REUSED_R02ZF_PERSON018,"[[-32.293474973176956, -13.074958681540586]]",19.21851629163637,13,-250,100,False,False,False
R02ZF,R02ZF_SARF000488,488,16267,FIXED_LAG_100MS,R02ZF_SARF000488__FIXED_LAG_100MS__R02ZF_REUSED_R02ZF_PERSON021,R02ZF_REUSED_R02ZF_PERSON021,6,16056,16333,True,R02ZF_REUSED_R02ZF_PERSON021,"[[-51.34263864419872, -24.933521809347134]]",26.409116834851588,9,-250,100,False,False,False
R02ZF,R02ZF_SARF000488,488,16267,FIXED_LAG_100MS,R02ZF_SARF000488__FIXED_LAG_100MS__R02ZF_REUSED_R02ZF_PERSON023,R02ZF_REUSED_R02ZF_PERSON023,2,16222,16278,True,R02ZF_REUSED_R02ZF_PERSON023,"[[-50.27517870751308, -33.43262131437263]]",16.842557393140446,4,-250,100,False,False,False
R02ZF,R02ZF_SARF000488,488,16267,FIXED_LAG_100MS,R02ZF_SARF000488__FIXED_LAG_100MS__R02ZF_REUSED_R02ZF_PERSON024,R02ZF_REUSED_R02ZF_PERSON024,2,16278,16333,True,R02ZF_REUSED_R02ZF_PERSON024,"[[-51.18926599463623, -32.30037232828772]]",18.88889366634851,4,-250,100,False,False,False
R02ZF,R02ZF_SARF000488,488,16267,FULL_CONTEXT_OFFLINE,R02ZF_SARF000488__FULL_CONTEXT_OFFLINE__R02ZF_REUSED_R02ZF_PERSON017,R02ZF_REUSED_R02ZF_PERSON017,9,16056,16500,True,R02ZF_REUSED_R02ZF_PERSON017,"[[-35.556196494282034, -13.613470794221268]]",21.942725700060766,13,-250,250,False,False,False
R02ZF,R02ZF_SARF000488,488,16267,FULL_CONTEXT_OFFLINE,R02ZF_SARF000488__FULL_CONTEXT_OFFLINE__R02ZF_REUSED_R02ZF_PERSON018,R02ZF_REUSED_R02ZF_PERSON018,9,16056,16500,True,R02ZF_REUSED_R02ZF_PERSON018,"[[-32.293474973176956, -10.484369049746]]",21.809105923430955,13,-250,250,False,False,False
R02ZF,R02ZF_SARF000488,488,16267,FULL_CONTEXT_OFFLINE,R02ZF_SARF000488__FULL_CONTEXT_OFFLINE__R02ZF_REUSED_R02ZF_PERSON021,R02ZF_REUSED_R02ZF_PERSON021,9,16056,16500,True,R02ZF_REUSED_R02ZF_PERSON021,"[[-51.34263864419872, -19.70108853837738]]",31.64155010582134,11,-250,250,False,False,False
R02ZF,R02ZF_SARF000488,488,16267,FULL_CONTEXT_OFFLINE,R02ZF_SARF000488__FULL_CONTEXT_OFFLINE__R02ZF_REUSED_R02ZF_PERSON023,R02ZF_REUSED_R02ZF_PERSON023,2,16222,16278,True,R02ZF_REUSED_R02ZF_PERSON023,"[[-50.27517870751308, -33.43262131437263]]",16.842557393140446,4,-250,250,False,False,False
R02ZF,R02ZF_SARF000488,488,16267,FULL_CONTEXT_OFFLINE,R02ZF_SARF000488__FULL_CONTEXT_OFFLINE__R02ZF_REUSED_R02ZF_PERSON024,R02ZF_REUSED_R02ZF_PERSON024,5,16278,16500,True,R02ZF_REUSED_R02ZF_PERSON024,"[[-51.18926599463623, -25.9035159426195]]",25.28575005201673,8,-250,250,False,False,False
R02ZF,R02ZF_SARF000489,489,16300,CAUSAL_REPLAY,R02ZF_SARF000489__CAUSAL_REPLAY__R02ZF_REUSED_R02ZF_PERSON017,R02ZF_REUSED_R02ZF_PERSON017,5,16056,16278,False,R02ZF_REUSED_R02ZF_PERSON017,"[[-35.556196494282034, -17.079097445312584]]",18.47709904896945,8,-250,0,False,False,False
R02ZF,R02ZF_SARF000489,489,16300,CAUSAL_REPLAY,R02ZF_SARF000489__CAUSAL_REPLAY__R02ZF_REUSED_R02ZF_PERSON018,R02ZF_REUSED_R02ZF_PERSON018,5,16056,16278,False,R02ZF_REUSED_R02ZF_PERSON018,"[[-32.293474973176956, -13.928424488662383]]",18.365050484514573,9,-250,0,False,False,False
R02ZF,R02ZF_SARF000489,489,16300,CAUSAL_REPLAY,R02ZF_SARF000489__CAUSAL_REPLAY__R02ZF_REUSED_R02ZF_PERSON021,R02ZF_REUSED_R02ZF_PERSON021,5,16056,16278,False,R02ZF_REUSED_R02ZF_PERSON021,"[[-51.34263864419872, -26.863038582067084]]",24.479600062131638,6,-250,0,False,False,False
R02ZF,R02ZF_SARF000489,489,16300,CAUSAL_REPLAY,R02ZF_SARF000489__CAUSAL_REPLAY__R02ZF_REUSED_R02ZF_PERSON023,R02ZF_REUSED_R02ZF_PERSON023,2,16222,16278,False,R02ZF_REUSED_R02ZF_PERSON023,"[[-50.27517870751308, -33.43262131437263]]",16.842557393140446,3,-250,0,False,False,False
R02ZF,R02ZF_SARF000489,489,16300,CAUSAL_REPLAY,R02ZF_SARF000489__CAUSAL_REPLAY__R02ZF_REUSED_R02ZF_PERSON024,R02ZF_REUSED_R02ZF_PERSON024,1,16278,16278,False,R02ZF_REUSED_R02ZF_PERSON024,"[[-51.18926599463623, -34.32654006129996]]",16.86272593333627,3,-250,0,False,False,False
R02ZF,R02ZF_SARF000489,489,16300,FIXED_LAG_100MS,R02ZF_SARF000489__FIXED_LAG_100MS__R02ZF_REUSED_R02ZF_PERSON017,R02ZF_REUSED_R02ZF_PERSON017,7,16056,16389,True,R02ZF_REUSED_R02ZF_PERSON017,"[[-35.556196494282034, -15.356095652330914]]",20.20010084195112,8,-250,100,False,False,False
R02ZF,R02ZF_SARF000489,489,16300,FIXED_LAG_100MS,R02ZF_SARF000489__FIXED_LAG_100MS__R02ZF_REUSED_R02ZF_PERSON018,R02ZF_REUSED_R02ZF_PERSON018,7,16056,16389,True,R02ZF_REUSED_R02ZF_PERSON018,"[[-32.293474973176956, -12.239503062582557]]",20.0539719105944,9,-250,100,False,False,False
R02ZF,R02ZF_SARF000489,489,16300,FIXED_LAG_100MS,R02ZF_SARF000489__FIXED_LAG_100MS__R02ZF_REUSED_R02ZF_PERSON021,R02ZF_REUSED_R02ZF_PERSON021,7,16056,16389,True,R02ZF_REUSED_R02ZF_PERSON021,"[[-51.34263864419872, -23.20597271239494]]",28.136665931803783,9,-250,100,False,False,False
R02ZF,R02ZF_SARF000489,489,16300,FIXED_LAG_100MS,R02ZF_SARF000489__FIXED_LAG_100MS__R02ZF_REUSED_R02ZF_PERSON023,R02ZF_REUSED_R02ZF_PERSON023,2,16222,16278,False,R02ZF_REUSED_R02ZF_PERSON023,"[[-50.27517870751308, -33.43262131437263]]",16.842557393140446,3,-250,100,False,False,False
R02ZF,R02ZF_SARF000489,489,16300,FIXED_LAG_100MS,R02ZF_SARF000489__FIXED_LAG_100MS__R02ZF_REUSED_R02ZF_PERSON024,R02ZF_REUSED_R02ZF_PERSON024,3,16278,16389,True,R02ZF_REUSED_R02ZF_PERSON024,"[[-51.18926599463623, -30.21879917930776]]",20.97046681532847,5,-250,100,False,False,False
R02ZF,R02ZF_SARF000489,489,16300,FULL_CONTEXT_OFFLINE,R02ZF_SARF000489__FULL_CONTEXT_OFFLINE__R02ZF_REUSED_R02ZF_PERSON017,R02ZF_REUSED_R02ZF_PERSON017,9,16056,16500,True,R02ZF_REUSED_R02ZF_PERSON017,"[[-35.556196494282034, -13.613470794221268]]",21.942725700060766,9,-250,250,False,False,False
R02ZF,R02ZF_SARF000489,489,16300,FULL_CONTEXT_OFFLINE,R02ZF_SARF000489__FULL_CONTEXT_OFFLINE__R02ZF_REUSED_R02ZF_PERSON018,R02ZF_REUSED_R02ZF_PERSON018,9,16056,16500,True,R02ZF_REUSED_R02ZF_PERSON018,"[[-32.293474973176956, -10.484369049746]]",21.809105923430955,9,-250,250,False,False,False
R02ZF,R02ZF_SARF000489,489,16300,FULL_CONTEXT_OFFLINE,R02ZF_SARF000489__FULL_CONTEXT_OFFLINE__R02ZF_REUSED_R02ZF_PERSON021,R02ZF_REUSED_R02ZF_PERSON021,9,16056,16500,True,R02ZF_REUSED_R02ZF_PERSON021,"[[-51.34263864419872, -19.70108853837738]]",31.64155010582134,9,-250,250,False,False,False
R02ZF,R02ZF_SARF000489,489,16300,FULL_CONTEXT_OFFLINE,R02ZF_SARF000489__FULL_CONTEXT_OFFLINE__R02ZF_REUSED_R02ZF_PERSON023,R02ZF_REUSED_R02ZF_PERSON023,2,16222,16278,False,R02ZF_REUSED_R02ZF_PERSON023,"[[-50.27517870751308, -33.43262131437263]]",16.842557393140446,3,-250,250,False,False,False
R02ZF,R02ZF_SARF000489,489,16300,FULL_CONTEXT_OFFLINE,R02ZF_SARF000489__FULL_CONTEXT_OFFLINE__R02ZF_REUSED_R02ZF_PERSON024,R02ZF_REUSED_R02ZF_PERSON024,5,16278,16500,True,R02ZF_REUSED_R02ZF_PERSON024,"[[-51.18926599463623, -25.9035159426195]]",25.28575005201673,6,-250,250,False,False,False
R02ZF,R02ZF_SARF000490,490,16333,CAUSAL_REPLAY,R02ZF_SARF000490__CAUSAL_REPLAY__R02ZF_REUSED_R02ZF_PERSON017,R02ZF_REUSED_R02ZF_PERSON017,5,16111,16333,False,R02ZF_REUSED_R02ZF_PERSON017,"[[-34.44972220974911, -16.201667964731428]]",18.248054245017684,13,-250,0,False,False,False
R02ZF,R02ZF_SARF000490,490,16333,CAUSAL_REPLAY,R02ZF_SARF000490__CAUSAL_REPLAY__R02ZF_REUSED_R02ZF_PERSON018,R02ZF_REUSED_R02ZF_PERSON018,5,16111,16333,False,R02ZF_REUSED_R02ZF_PERSON018,"[[-31.14849833717424, -13.074958681540586]]",18.073539655633653,12,-250,0,False,False,False
R02ZF,R02ZF_SARF000490,490,16333,CAUSAL_REPLAY,R02ZF_SARF000490__CAUSAL_REPLAY__R02ZF_REUSED_R02ZF_PERSON021,R02ZF_REUSED_R02ZF_PERSON021,5,16111,16333,False,R02ZF_REUSED_R02ZF_PERSON021,"[[-50.925330011328796, -24.933521809347134]]",25.991808201981662,9,-250,0,False,False,False
R02ZF,R02ZF_SARF000490,490,16333,CAUSAL_REPLAY,R02ZF_SARF000490__CAUSAL_REPLAY__R02ZF_REUSED_R02ZF_PERSON023,R02ZF_REUSED_R02ZF_PERSON023,2,16222,16278,False,R02ZF_REUSED_R02ZF_PERSON023,"[[-50.27517870751308, -33.43262131437263]]",16.842557393140446,4,-250,0,False,False,False
R02ZF,R02ZF_SARF000490,490,16333,CAUSAL_REPLAY,R02ZF_SARF000490__CAUSAL_REPLAY__R02ZF_REUSED_R02ZF_PERSON024,R02ZF_REUSED_R02ZF_PERSON024,2,16278,16333,False,R02ZF_REUSED_R02ZF_PERSON024,"[[-51.18926599463623, -32.30037232828772]]",18.88889366634851,4,-250,0,False,False,False
R02ZF,R02ZF_SARF000490,490,16333,FIXED_LAG_100MS,R02ZF_SARF000490__FIXED_LAG_100MS__R02ZF_REUSED_R02ZF_PERSON017,R02ZF_REUSED_R02ZF_PERSON017,6,16111,16389,True,R02ZF_REUSED_R02ZF_PERSON017,"[[-34.44972220974911, -15.356095652330914]]",19.093626557418197,13,-250,100,False,False,False
R02ZF,R02ZF_SARF000490,490,16333,FIXED_LAG_100MS,R02ZF_SARF000490__FIXED_LAG_100MS__R02ZF_REUSED_R02ZF_PERSON018,R02ZF_REUSED_R02ZF_PERSON018,6,16111,16389,True,R02ZF_REUSED_R02ZF_PERSON018,"[[-31.14849833717424, -12.239503062582557]]",18.908995274591682,12,-250,100,False,False,False
R02ZF,R02ZF_SARF000490,490,16333,FIXED_LAG_100MS,R02ZF_SARF000490__FIXED_LAG_100MS__R02ZF_REUSED_R02ZF_PERSON021,R02ZF_REUSED_R02ZF_PERSON021,6,16111,16389,True,R02ZF_REUSED_R02ZF_PERSON021,"[[-50.925330011328796, -23.20597271239494]]",27.719357298933858,11,-250,100,False,False,False
R02ZF,R02ZF_SARF000490,490,16333,FIXED_LAG_100MS,R02ZF_SARF000490__FIXED_LAG_100MS__R02ZF_REUSED_R02ZF_PERSON023,R02ZF_REUSED_R02ZF_PERSON023,2,16222,16278,False,R02ZF_REUSED_R02ZF_PERSON023,"[[-50.27517870751308, -33.43262131437263]]",16.842557393140446,4,-250,100,False,False,False
R02ZF,R02ZF_SARF000490,490,16333,FIXED_LAG_100MS,R02ZF_SARF000490__FIXED_LAG_100MS__R02ZF_REUSED_R02ZF_PERSON024,R02ZF_REUSED_R02ZF_PERSON024,3,16278,16389,True,R02ZF_REUSED_R02ZF_PERSON024,"[[-51.18926599463623, -30.21879917930776]]",20.97046681532847,6,-250,100,False,False,False
R02ZF,R02ZF_SARF000490,490,16333,FULL_CONTEXT_OFFLINE,R02ZF_SARF000490__FULL_CONTEXT_OFFLINE__R02ZF_REUSED_R02ZF_PERSON017,R02ZF_REUSED_R02ZF_PERSON017,8,16111,16500,True,R02ZF_REUSED_R02ZF_PERSON017,"[[-34.44972220974911, -13.613470794221268]]",20.836251415527844,13,-250,250,False,False,False
R02ZF,R02ZF_SARF000490,490,16333,FULL_CONTEXT_OFFLINE,R02ZF_SARF000490__FULL_CONTEXT_OFFLINE__R02ZF_REUSED_R02ZF_PERSON018,R02ZF_REUSED_R02ZF_PERSON018,8,16111,16500,True,R02ZF_REUSED_R02ZF_PERSON018,"[[-31.14849833717424, -10.484369049746]]",20.66412928742824,13,-250,250,False,False,False
R02ZF,R02ZF_SARF000490,490,16333,FULL_CONTEXT_OFFLINE,R02ZF_SARF000490__FULL_CONTEXT_OFFLINE__R02ZF_REUSED_R02ZF_PERSON021,R02ZF_REUSED_R02ZF_PERSON021,8,16111,16500,True,R02ZF_REUSED_R02ZF_PERSON021,"[[-50.925330011328796, -19.70108853837738]]",31.224241472951416,12,-250,250,False,False,False
R02ZF,R02ZF_SARF000490,490,16333,FULL_CONTEXT_OFFLINE,R02ZF_SARF000490__FULL_CONTEXT_OFFLINE__R02ZF_REUSED_R02ZF_PERSON023,R02ZF_REUSED_R02ZF_PERSON023,2,16222,16278,False,R02ZF_REUSED_R02ZF_PERSON023,"[[-50.27517870751308, -33.43262131437263]]",16.842557393140446,4,-250,250,False,False,False
R02ZF,R02ZF_SARF000490,490,16333,FULL_CONTEXT_OFFLINE,R02ZF_SARF000490__FULL_CONTEXT_OFFLINE__R02ZF_REUSED_R02ZF_PERSON024,R02ZF_REUSED_R02ZF_PERSON024,5,16278,16500,True,R02ZF_REUSED_R02ZF_PERSON024,"[[-51.18926599463623, -25.9035159426195]]",25.28575005201673,8,-250,250,False,False,False
R02ZF,R02ZF_SARF000491,491,16367,CAUSAL_REPLAY,R02ZF_SARF000491__CAUSAL_REPLAY__R02ZF_REUSED_R02ZF_PERSON017,R02ZF_REUSED_R02ZF_PERSON017,4,16167,16333,False,R02ZF_REUSED_R02ZF_PERSON017,"[[-33.480760740888215, -16.201667964731428]]",17.279092776156787,13,-250,0,False,False,False
R02ZF,R02ZF_SARF000491,491,16367,CAUSAL_REPLAY,R02ZF_SARF000491__CAUSAL_REPLAY__R02ZF_REUSED_R02ZF_PERSON018,R02ZF_REUSED_R02ZF_PERSON018,4,16167,16333,False,R02ZF_REUSED_R02ZF_PERSON018,"[[-30.21215083547361, -13.074958681540586]]",17.137192153933025,14,-250,0,False,False,False
R02ZF,R02ZF_SARF000491,491,16367,CAUSAL_REPLAY,R02ZF_SARF000491__CAUSAL_REPLAY__R02ZF_REUSED_R02ZF_PERSON021,R02ZF_REUSED_R02ZF_PERSON021,4,16167,16333,False,R02ZF_REUSED_R02ZF_PERSON021,"[[-49.61359572116968, -24.933521809347134]]",24.680073911822547,10,-250,0,False,False,False
R02ZF,R02ZF_SARF000491,491,16367,CAUSAL_REPLAY,R02ZF_SARF000491__CAUSAL_REPLAY__R02ZF_REUSED_R02ZF_PERSON023,R02ZF_REUSED_R02ZF_PERSON023,2,16222,16278,False,R02ZF_REUSED_R02ZF_PERSON023,"[[-50.27517870751308, -33.43262131437263]]",16.842557393140446,5,-250,0,False,False,False
R02ZF,R02ZF_SARF000491,491,16367,CAUSAL_REPLAY,R02ZF_SARF000491__CAUSAL_REPLAY__R02ZF_REUSED_R02ZF_PERSON024,R02ZF_REUSED_R02ZF_PERSON024,2,16278,16333,False,R02ZF_REUSED_R02ZF_PERSON024,"[[-51.18926599463623, -32.30037232828772]]",18.88889366634851,5,-250,0,False,False,False
R02ZF,R02ZF_SARF000491,491,16367,FIXED_LAG_100MS,R02ZF_SARF000491__FIXED_LAG_100MS__R02ZF_REUSED_R02ZF_PERSON017,R02ZF_REUSED_R02ZF_PERSON017,6,16167,16444,True,R02ZF_REUSED_R02ZF_PERSON017,"[[-33.480760740888215, -14.489568959610533]]",18.99119178127768,13,-250,100,False,False,False
R02ZF,R02ZF_SARF000491,491,16367,FIXED_LAG_100MS,R02ZF_SARF000491__FIXED_LAG_100MS__R02ZF_REUSED_R02ZF_PERSON018,R02ZF_REUSED_R02ZF_PERSON018,6,16167,16444,True,R02ZF_REUSED_R02ZF_PERSON018,"[[-30.21215083547361, -11.336518189397907]]",18.875632646075704,15,-250,100,False,False,False
R02ZF,R02ZF_SARF000491,491,16367,FIXED_LAG_100MS,R02ZF_SARF000491__FIXED_LAG_100MS__R02ZF_REUSED_R02ZF_PERSON021,R02ZF_REUSED_R02ZF_PERSON021,6,16167,16444,True,R02ZF_REUSED_R02ZF_PERSON021,"[[-49.61359572116968, -21.27908927461211]]",28.33450644655757,13,-250,100,False,False,False
R02ZF,R02ZF_SARF000491,491,16367,FIXED_LAG_100MS,R02ZF_SARF000491__FIXED_LAG_100MS__R02ZF_REUSED_R02ZF_PERSON023,R02ZF_REUSED_R02ZF_PERSON023,2,16222,16278,False,R02ZF_REUSED_R02ZF_PERSON023,"[[-50.27517870751308, -33.43262131437263]]",16.842557393140446,5,-250,100,False,False,False
R02ZF,R02ZF_SARF000491,491,16367,FIXED_LAG_100MS,R02ZF_SARF000491__FIXED_LAG_100MS__R02ZF_REUSED_R02ZF_PERSON024,R02ZF_REUSED_R02ZF_PERSON024,4,16278,16444,True,R02ZF_REUSED_R02ZF_PERSON024,"[[-51.18926599463623, -28.06295475509586]]",23.12631123954037,9,-250,100,False,False,False
R02ZF,R02ZF_SARF000491,491,16367,FULL_CONTEXT_OFFLINE,R02ZF_SARF000491__FULL_CONTEXT_OFFLINE__R02ZF_REUSED_R02ZF_PERSON017,R02ZF_REUSED_R02ZF_PERSON017,7,16167,16500,True,R02ZF_REUSED_R02ZF_PERSON017,"[[-33.480760740888215, -13.613470794221268]]",19.867289946666947,13,-250,250,False,False,False
R02ZF,R02ZF_SARF000491,491,16367,FULL_CONTEXT_OFFLINE,R02ZF_SARF000491__FULL_CONTEXT_OFFLINE__R02ZF_REUSED_R02ZF_PERSON018,R02ZF_REUSED_R02ZF_PERSON018,7,16167,16500,True,R02ZF_REUSED_R02ZF_PERSON018,"[[-30.21215083547361, -10.484369049746]]",19.72778178572761,15,-250,250,False,False,False
R02ZF,R02ZF_SARF000491,491,16367,FULL_CONTEXT_OFFLINE,R02ZF_SARF000491__FULL_CONTEXT_OFFLINE__R02ZF_REUSED_R02ZF_PERSON021,R02ZF_REUSED_R02ZF_PERSON021,7,16167,16500,True,R02ZF_REUSED_R02ZF_PERSON021,"[[-49.61359572116968, -19.70108853837738]]",29.9125071827923,14,-250,250,False,False,False
R02ZF,R02ZF_SARF000491,491,16367,FULL_CONTEXT_OFFLINE,R02ZF_SARF000491__FULL_CONTEXT_OFFLINE__R02ZF_REUSED_R02ZF_PERSON023,R02ZF_REUSED_R02ZF_PERSON023,2,16222,16278,False,R02ZF_REUSED_R02ZF_PERSON023,"[[-50.27517870751308, -33.43262131437263]]",16.842557393140446,5,-250,250,False,False,False
R02ZF,R02ZF_SARF000491,491,16367,FULL_CONTEXT_OFFLINE,R02ZF_SARF000491__FULL_CONTEXT_OFFLINE__R02ZF_REUSED_R02ZF_PERSON024,R02ZF_REUSED_R02ZF_PERSON024,5,16278,16500,True,R02ZF_REUSED_R02ZF_PERSON024,"[[-51.18926599463623, -25.9035159426195]]",25.28575005201673,10,-250,250,False,False,False
R02ZF,R02ZF_SARF000492,492,16400,CAUSAL_REPLAY,R02ZF_SARF000492__CAUSAL_REPLAY__R02ZF_REUSED_R02ZF_PERSON017,R02ZF_REUSED_R02ZF_PERSON017,5,16167,16389,False,R02ZF_REUSED_R02ZF_PERSON017,"[[-33.480760740888215, -15.356095652330914]]",18.1246650885573,15,-250,0,False,False,False
R02ZF,R02ZF_SARF000492,492,16400,CAUSAL_REPLAY,R02ZF_SARF000492__CAUSAL_REPLAY__R02ZF_REUSED_R02ZF_PERSON018,R02ZF_REUSED_R02ZF_PERSON018,5,16167,16389,False,R02ZF_REUSED_R02ZF_PERSON018,"[[-30.21215083547361, -12.239503062582557]]",17.972647772891055,15,-250,0,False,False,False
R02ZF,R02ZF_SARF000492,492,16400,CAUSAL_REPLAY,R02ZF_SARF000492__CAUSAL_REPLAY__R02ZF_REUSED_R02ZF_PERSON021,R02ZF_REUSED_R02ZF_PERSON021,5,16167,16389,False,R02ZF_REUSED_R02ZF_PERSON021,"[[-49.61359572116968, -23.20597271239494]]",26.407623008774742,9,-250,0,False,False,False
R02ZF,R02ZF_SARF000492,492,16400,CAUSAL_REPLAY,R02ZF_SARF000492__CAUSAL_REPLAY__R02ZF_REUSED_R02ZF_PERSON023,R02ZF_REUSED_R02ZF_PERSON023,2,16222,16278,False,R02ZF_REUSED_R02ZF_PERSON023,"[[-50.27517870751308, -33.43262131437263]]",16.842557393140446,3,-250,0,False,False,False
R02ZF,R02ZF_SARF000492,492,16400,CAUSAL_REPLAY,R02ZF_SARF000492__CAUSAL_REPLAY__R02ZF_REUSED_R02ZF_PERSON024,R02ZF_REUSED_R02ZF_PERSON024,3,16278,16389,False,R02ZF_REUSED_R02ZF_PERSON024,"[[-51.18926599463623, -30.21879917930776]]",20.97046681532847,4,-250,0,False,False,False
R02ZF,R02ZF_SARF000492,492,16400,FIXED_LAG_100MS,R02ZF_SARF000492__FIXED_LAG_100MS__R02ZF_REUSED_R02ZF_PERSON017,R02ZF_REUSED_R02ZF_PERSON017,7,16167,16500,True,R02ZF_REUSED_R02ZF_PERSON017,"[[-33.480760740888215, -13.613470794221268]]",19.867289946666947,15,-250,100,False,False,False
R02ZF,R02ZF_SARF000492,492,16400,FIXED_LAG_100MS,R02ZF_SARF000492__FIXED_LAG_100MS__R02ZF_REUSED_R02ZF_PERSON018,R02ZF_REUSED_R02ZF_PERSON018,7,16167,16500,True,R02ZF_REUSED_R02ZF_PERSON018,"[[-30.21215083547361, -10.484369049746]]",19.72778178572761,16,-250,100,False,False,False
R02ZF,R02ZF_SARF000492,492,16400,FIXED_LAG_100MS,R02ZF_SARF000492__FIXED_LAG_100MS__R02ZF_REUSED_R02ZF_PERSON021,R02ZF_REUSED_R02ZF_PERSON021,7,16167,16500,True,R02ZF_REUSED_R02ZF_PERSON021,"[[-49.61359572116968, -19.70108853837738]]",29.9125071827923,12,-250,100,False,False,False
R02ZF,R02ZF_SARF000492,492,16400,FIXED_LAG_100MS,R02ZF_SARF000492__FIXED_LAG_100MS__R02ZF_REUSED_R02ZF_PERSON023,R02ZF_REUSED_R02ZF_PERSON023,2,16222,16278,False,R02ZF_REUSED_R02ZF_PERSON023,"[[-50.27517870751308, -33.43262131437263]]",16.842557393140446,3,-250,100,False,False,False
R02ZF,R02ZF_SARF000492,492,16400,FIXED_LAG_100MS,R02ZF_SARF000492__FIXED_LAG_100MS__R02ZF_REUSED_R02ZF_PERSON024,R02ZF_REUSED_R02ZF_PERSON024,5,16278,16500,True,R02ZF_REUSED_R02ZF_PERSON024,"[[-51.18926599463623, -25.9035159426195]]",25.28575005201673,8,-250,100,False,False,False
R02ZF,R02ZF_SARF000492,492,16400,FULL_CONTEXT_OFFLINE,R02ZF_SARF000492__FULL_CONTEXT_OFFLINE__R02ZF_REUSED_R02ZF_PERSON017,R02ZF_REUSED_R02ZF_PERSON017,7,16167,16500,True,R02ZF_REUSED_R02ZF_PERSON017,"[[-33.480760740888215, -13.613470794221268]]",19.867289946666947,15,-250,250,False,False,False
R02ZF,R02ZF_SARF000492,492,16400,FULL_CONTEXT_OFFLINE,R02ZF_SARF000492__FULL_CONTEXT_OFFLINE__R02ZF_REUSED_R02ZF_PERSON018,R02ZF_REUSED_R02ZF_PERSON018,7,16167,16500,True,R02ZF_REUSED_R02ZF_PERSON018,"[[-30.21215083547361, -10.484369049746]]",19.72778178572761,16,-250,250,False,False,False
R02ZF,R02ZF_SARF000492,492,16400,FULL_CONTEXT_OFFLINE,R02ZF_SARF000492__FULL_CONTEXT_OFFLINE__R02ZF_REUSED_R02ZF_PERSON021,R02ZF_REUSED_R02ZF_PERSON021,7,16167,16500,True,R02ZF_REUSED_R02ZF_PERSON021,"[[-49.61359572116968, -19.70108853837738]]",29.9125071827923,12,-250,250,False,False,False
R02ZF,R02ZF_SARF000492,492,16400,FULL_CONTEXT_OFFLINE,R02ZF_SARF000492__FULL_CONTEXT_OFFLINE__R02ZF_REUSED_R02ZF_PERSON023,R02ZF_REUSED_R02ZF_PERSON023,2,16222,16278,False,R02ZF_REUSED_R02ZF_PERSON023,"[[-50.27517870751308, -33.43262131437263]]",16.842557393140446,3,-250,250,False,False,False
R02ZF,R02ZF_SARF000492,492,16400,FULL_CONTEXT_OFFLINE,R02ZF_SARF000492__FULL_CONTEXT_OFFLINE__R02ZF_REUSED_R02ZF_PERSON024,R02ZF_REUSED_R02ZF_PERSON024,5,16278,16500,True,R02ZF_REUSED_R02ZF_PERSON024,"[[-51.18926599463623, -25.9035159426195]]",25.28575005201673,8,-250,250,False,False,False
R02ZF,R02ZF_SARF000493,493,16433,CAUSAL_REPLAY,R02ZF_SARF000493__CAUSAL_REPLAY__R02ZF_REUSED_R02ZF_PERSON017,R02ZF_REUSED_R02ZF_PERSON017,4,16222,16389,False,R02ZF_REUSED_R02ZF_PERSON017,"[[-32.528043595908834, -15.356095652330914]]",17.17194794357792,14,-250,0,False,False,False
R02ZF,R02ZF_SARF000493,493,16433,CAUSAL_REPLAY,R02ZF_SARF000493__CAUSAL_REPLAY__R02ZF_REUSED_R02ZF_PERSON018,R02ZF_REUSED_R02ZF_PERSON018,4,16222,16389,False,R02ZF_REUSED_R02ZF_PERSON018,"[[-29.316177338633384, -12.239503062582557]]",17.076674276050827,14,-250,0,False,False,False
R02ZF,R02ZF_SARF000493,493,16433,CAUSAL_REPLAY,R02ZF_SARF000493__CAUSAL_REPLAY__R02ZF_REUSED_R02ZF_PERSON021,R02ZF_REUSED_R02ZF_PERSON021,4,16222,16389,False,R02ZF_REUSED_R02ZF_PERSON021,"[[-47.740379706431206, -23.20597271239494]]",24.534406994036267,11,-250,0,False,False,False
R02ZF,R02ZF_SARF000493,493,16433,CAUSAL_REPLAY,R02ZF_SARF000493__CAUSAL_REPLAY__R02ZF_REUSED_R02ZF_PERSON023,R02ZF_REUSED_R02ZF_PERSON023,2,16222,16278,False,R02ZF_REUSED_R02ZF_PERSON023,"[[-50.27517870751308, -33.43262131437263]]",16.842557393140446,5,-250,0,False,False,False
R02ZF,R02ZF_SARF000493,493,16433,CAUSAL_REPLAY,R02ZF_SARF000493__CAUSAL_REPLAY__R02ZF_REUSED_R02ZF_PERSON024,R02ZF_REUSED_R02ZF_PERSON024,3,16278,16389,False,R02ZF_REUSED_R02ZF_PERSON024,"[[-51.18926599463623, -30.21879917930776]]",20.97046681532847,6,-250,0,False,False,False
R02ZF,R02ZF_SARF000493,493,16433,FIXED_LAG_100MS,R02ZF_SARF000493__FIXED_LAG_100MS__R02ZF_REUSED_R02ZF_PERSON017,R02ZF_REUSED_R02ZF_PERSON017,6,16222,16500,True,R02ZF_REUSED_R02ZF_PERSON017,"[[-32.528043595908834, -13.613470794221268]]",18.914572801687566,14,-250,100,False,False,False
R02ZF,R02ZF_SARF000493,493,16433,FIXED_LAG_100MS,R02ZF_SARF000493__FIXED_LAG_100MS__R02ZF_REUSED_R02ZF_PERSON018,R02ZF_REUSED_R02ZF_PERSON018,6,16222,16500,True,R02ZF_REUSED_R02ZF_PERSON018,"[[-29.316177338633384, -10.484369049746]]",18.831808288887384,16,-250,100,False,False,False
R02ZF,R02ZF_SARF000493,493,16433,FIXED_LAG_100MS,R02ZF_SARF000493__FIXED_LAG_100MS__R02ZF_REUSED_R02ZF_PERSON021,R02ZF_REUSED_R02ZF_PERSON021,6,16222,16500,True,R02ZF_REUSED_R02ZF_PERSON021,"[[-47.740379706431206, -19.70108853837738]]",28.039291168053825,14,-250,100,False,False,False
R02ZF,R02ZF_SARF000493,493,16433,FIXED_LAG_100MS,R02ZF_SARF000493__FIXED_LAG_100MS__R02ZF_REUSED_R02ZF_PERSON023,R02ZF_REUSED_R02ZF_PERSON023,2,16222,16278,False,R02ZF_REUSED_R02ZF_PERSON023,"[[-50.27517870751308, -33.43262131437263]]",16.842557393140446,5,-250,100,False,False,False
R02ZF,R02ZF_SARF000493,493,16433,FIXED_LAG_100MS,R02ZF_SARF000493__FIXED_LAG_100MS__R02ZF_REUSED_R02ZF_PERSON024,R02ZF_REUSED_R02ZF_PERSON024,5,16278,16500,True,R02ZF_REUSED_R02ZF_PERSON024,"[[-51.18926599463623, -25.9035159426195]]",25.28575005201673,10,-250,100,False,False,False
R02ZF,R02ZF_SARF000493,493,16433,FULL_CONTEXT_OFFLINE,R02ZF_SARF000493__FULL_CONTEXT_OFFLINE__R02ZF_REUSED_R02ZF_PERSON017,R02ZF_REUSED_R02ZF_PERSON017,6,16222,16500,True,R02ZF_REUSED_R02ZF_PERSON017,"[[-32.528043595908834, -13.613470794221268]]",18.914572801687566,14,-250,250,False,False,False
R02ZF,R02ZF_SARF000493,493,16433,FULL_CONTEXT_OFFLINE,R02ZF_SARF000493__FULL_CONTEXT_OFFLINE__R02ZF_REUSED_R02ZF_PERSON018,R02ZF_REUSED_R02ZF_PERSON018,6,16222,16500,True,R02ZF_REUSED_R02ZF_PERSON018,"[[-29.316177338633384, -10.484369049746]]",18.831808288887384,16,-250,250,False,False,False
R02ZF,R02ZF_SARF000493,493,16433,FULL_CONTEXT_OFFLINE,R02ZF_SARF000493__FULL_CONTEXT_OFFLINE__R02ZF_REUSED_R02ZF_PERSON021,R02ZF_REUSED_R02ZF_PERSON021,6,16222,16500,True,R02ZF_REUSED_R02ZF_PERSON021,"[[-47.740379706431206, -19.70108853837738]]",28.039291168053825,14,-250,250,False,False,False
R02ZF,R02ZF_SARF000493,493,16433,FULL_CONTEXT_OFFLINE,R02ZF_SARF000493__FULL_CONTEXT_OFFLINE__R02ZF_REUSED_R02ZF_PERSON023,R02ZF_REUSED_R02ZF_PERSON023,2,16222,16278,False,R02ZF_REUSED_R02ZF_PERSON023,"[[-50.27517870751308, -33.43262131437263]]",16.842557393140446,5,-250,250,False,False,False
R02ZF,R02ZF_SARF000493,493,16433,FULL_CONTEXT_OFFLINE,R02ZF_SARF000493__FULL_CONTEXT_OFFLINE__R02ZF_REUSED_R02ZF_PERSON024,R02ZF_REUSED_R02ZF_PERSON024,5,16278,16500,True,R02ZF_REUSED_R02ZF_PERSON024,"[[-51.18926599463623, -25.9035159426195]]",25.28575005201673,10,-250,250,False,False,False
R02ZF,R02ZF_SARF000494,494,16467,CAUSAL_REPLAY,R02ZF_SARF000494__CAUSAL_REPLAY__R02ZF_REUSED_R02ZF_PERSON017,R02ZF_REUSED_R02ZF_PERSON017,5,16222,16444,False,R02ZF_REUSED_R02ZF_PERSON017,"[[-32.528043595908834, -14.489568959610533]]",18.0384746362983,13,-250,0,False,False,False
R02ZF,R02ZF_SARF000494,494,16467,CAUSAL_REPLAY,R02ZF_SARF000494__CAUSAL_REPLAY__R02ZF_REUSED_R02ZF_PERSON018,R02ZF_REUSED_R02ZF_PERSON018,5,16222,16444,False,R02ZF_REUSED_R02ZF_PERSON018,"[[-29.316177338633384, -11.336518189397907]]",17.979659149235477,13,-250,0,False,False,False
R02ZF,R02ZF_SARF000494,494,16467,CAUSAL_REPLAY,R02ZF_SARF000494__CAUSAL_REPLAY__R02ZF_REUSED_R02ZF_PERSON021,R02ZF_REUSED_R02ZF_PERSON021,5,16222,16444,False,R02ZF_REUSED_R02ZF_PERSON021,"[[-47.740379706431206, -21.27908927461211]]",26.461290431819094,10,-250,0,False,False,False
R02ZF,R02ZF_SARF000494,494,16467,CAUSAL_REPLAY,R02ZF_SARF000494__CAUSAL_REPLAY__R02ZF_REUSED_R02ZF_PERSON023,R02ZF_REUSED_R02ZF_PERSON023,2,16222,16278,False,R02ZF_REUSED_R02ZF_PERSON023,"[[-50.27517870751308, -33.43262131437263]]",16.842557393140446,4,-250,0,False,False,False
R02ZF,R02ZF_SARF000494,494,16467,CAUSAL_REPLAY,R02ZF_SARF000494__CAUSAL_REPLAY__R02ZF_REUSED_R02ZF_PERSON024,R02ZF_REUSED_R02ZF_PERSON024,4,16278,16444,False,R02ZF_REUSED_R02ZF_PERSON024,"[[-51.18926599463623, -28.06295475509586]]",23.12631123954037,5,-250,0,False,False,False
R02ZF,R02ZF_SARF000494,494,16467,FIXED_LAG_100MS,R02ZF_SARF000494__FIXED_LAG_100MS__R02ZF_REUSED_R02ZF_PERSON017,R02ZF_REUSED_R02ZF_PERSON017,6,16222,16500,True,R02ZF_REUSED_R02ZF_PERSON017,"[[-32.528043595908834, -13.613470794221268]]",18.914572801687566,13,-250,100,False,False,False
R02ZF,R02ZF_SARF000494,494,16467,FIXED_LAG_100MS,R02ZF_SARF000494__FIXED_LAG_100MS__R02ZF_REUSED_R02ZF_PERSON018,R02ZF_REUSED_R02ZF_PERSON018,6,16222,16500,True,R02ZF_REUSED_R02ZF_PERSON018,"[[-29.316177338633384, -10.484369049746]]",18.831808288887384,14,-250,100,False,False,False
R02ZF,R02ZF_SARF000494,494,16467,FIXED_LAG_100MS,R02ZF_SARF000494__FIXED_LAG_100MS__R02ZF_REUSED_R02ZF_PERSON021,R02ZF_REUSED_R02ZF_PERSON021,6,16222,16500,True,R02ZF_REUSED_R02ZF_PERSON021,"[[-47.740379706431206, -19.70108853837738]]",28.039291168053825,12,-250,100,False,False,False
R02ZF,R02ZF_SARF000494,494,16467,FIXED_LAG_100MS,R02ZF_SARF000494__FIXED_LAG_100MS__R02ZF_REUSED_R02ZF_PERSON023,R02ZF_REUSED_R02ZF_PERSON023,2,16222,16278,False,R02ZF_REUSED_R02ZF_PERSON023,"[[-50.27517870751308, -33.43262131437263]]",16.842557393140446,4,-250,100,False,False,False
R02ZF,R02ZF_SARF000494,494,16467,FIXED_LAG_100MS,R02ZF_SARF000494__FIXED_LAG_100MS__R02ZF_REUSED_R02ZF_PERSON024,R02ZF_REUSED_R02ZF_PERSON024,5,16278,16500,True,R02ZF_REUSED_R02ZF_PERSON024,"[[-51.18926599463623, -25.9035159426195]]",25.28575005201673,7,-250,100,False,False,False
R02ZF,R02ZF_SARF000494,494,16467,FULL_CONTEXT_OFFLINE,R02ZF_SARF000494__FULL_CONTEXT_OFFLINE__R02ZF_REUSED_R02ZF_PERSON017,R02ZF_REUSED_R02ZF_PERSON017,6,16222,16500,True,R02ZF_REUSED_R02ZF_PERSON017,"[[-32.528043595908834, -13.613470794221268]]",18.914572801687566,13,-250,250,False,False,False
R02ZF,R02ZF_SARF000494,494,16467,FULL_CONTEXT_OFFLINE,R02ZF_SARF000494__FULL_CONTEXT_OFFLINE__R02ZF_REUSED_R02ZF_PERSON018,R02ZF_REUSED_R02ZF_PERSON018,6,16222,16500,True,R02ZF_REUSED_R02ZF_PERSON018,"[[-29.316177338633384, -10.484369049746]]",18.831808288887384,14,-250,250,False,False,False
R02ZF,R02ZF_SARF000494,494,16467,FULL_CONTEXT_OFFLINE,R02ZF_SARF000494__FULL_CONTEXT_OFFLINE__R02ZF_REUSED_R02ZF_PERSON021,R02ZF_REUSED_R02ZF_PERSON021,6,16222,16500,True,R02ZF_REUSED_R02ZF_PERSON021,"[[-47.740379706431206, -19.70108853837738]]",28.039291168053825,12,-250,250,False,False,False
R02ZF,R02ZF_SARF000494,494,16467,FULL_CONTEXT_OFFLINE,R02ZF_SARF000494__FULL_CONTEXT_OFFLINE__R02ZF_REUSED_R02ZF_PERSON023,R02ZF_REUSED_R02ZF_PERSON023,2,16222,16278,False,R02ZF_REUSED_R02ZF_PERSON023,"[[-50.27517870751308, -33.43262131437263]]",16.842557393140446,4,-250,250,False,False,False
R02ZF,R02ZF_SARF000494,494,16467,FULL_CONTEXT_OFFLINE,R02ZF_SARF000494__FULL_CONTEXT_OFFLINE__R02ZF_REUSED_R02ZF_PERSON024,R02ZF_REUSED_R02ZF_PERSON024,5,16278,16500,True,R02ZF_REUSED_R02ZF_PERSON024,"[[-51.18926599463623, -25.9035159426195]]",25.28575005201673,7,-250,250,False,False,False
R03ZF,R03ZF_SARF000421,421,14033,FULL_CONTEXT_OFFLINE,R03ZF_SARF000421__FULL_CONTEXT_OFFLINE__R03ZF_I01_ANON00001,R03ZF_I01_ANON00001,1,14278,14278,True,R03ZF_I01_ANON00001,"[[-51.5016336032141, -38.08232791642781]]",13.419305686786295,0,-250,250,False,False,False
R03ZF,R03ZF_SARF000421,421,14033,FULL_CONTEXT_OFFLINE,R03ZF_SARF000421__FULL_CONTEXT_OFFLINE__R03ZF_I01_ANON00002,R03ZF_I01_ANON00002,1,14278,14278,True,R03ZF_I01_ANON00002,"[[-51.498977482928396, -38.61355197356931]]",12.885425509359088,0,-250,250,False,False,False
R03ZF,R03ZF_SARF000422,422,14067,FULL_CONTEXT_OFFLINE,R03ZF_SARF000422__FULL_CONTEXT_OFFLINE__R03ZF_I01_ANON00001,R03ZF_I01_ANON00001,1,14278,14278,True,R03ZF_I01_ANON00001,"[[-51.5016336032141, -38.08232791642781]]",13.419305686786295,0,-250,250,False,False,False
R03ZF,R03ZF_SARF000422,422,14067,FULL_CONTEXT_OFFLINE,R03ZF_SARF000422__FULL_CONTEXT_OFFLINE__R03ZF_I01_ANON00002,R03ZF_I01_ANON00002,1,14278,14278,True,R03ZF_I01_ANON00002,"[[-51.498977482928396, -38.61355197356931]]",12.885425509359088,0,-250,250,False,False,False
R03ZF,R03ZF_SARF000423,423,14100,FULL_CONTEXT_OFFLINE,R03ZF_SARF000423__FULL_CONTEXT_OFFLINE__R03ZF_I01_ANON00001,R03ZF_I01_ANON00001,1,14278,14278,True,R03ZF_I01_ANON00001,"[[-51.5016336032141, -38.08232791642781]]",13.419305686786295,7,-250,250,False,False,False
R03ZF,R03ZF_SARF000423,423,14100,FULL_CONTEXT_OFFLINE,R03ZF_SARF000423__FULL_CONTEXT_OFFLINE__R03ZF_I01_ANON00002,R03ZF_I01_ANON00002,1,14278,14278,True,R03ZF_I01_ANON00002,"[[-51.498977482928396, -38.61355197356931]]",12.885425509359088,7,-250,250,False,False,False
R03ZF,R03ZF_SARF000423,423,14100,FULL_CONTEXT_OFFLINE,R03ZF_SARF000423__FULL_CONTEXT_OFFLINE__R03ZF_I01_ANON00003,R03ZF_I01_ANON00003,1,14333,14333,True,R03ZF_I01_ANON00003,"[[-51.49991493714688, -37.904836584394644]]",13.595078352752239,7,-250,250,False,False,False
R03ZF,R03ZF_SARF000423,423,14100,FULL_CONTEXT_OFFLINE,R03ZF_SARF000423__FULL_CONTEXT_OFFLINE__R03ZF_I01_ANON00004,R03ZF_I01_ANON00004,1,14333,14333,True,R03ZF_I01_ANON00004,"[[-51.50038366425613, -37.89733695064677]]",13.60304671360936,7,-250,250,False,False,False
R03ZF,R03ZF_SARF000424,424,14133,FULL_CONTEXT_OFFLINE,R03ZF_SARF000424__FULL_CONTEXT_OFFLINE__R03ZF_I01_ANON00001,R03ZF_I01_ANON00001,1,14278,14278,True,R03ZF_I01_ANON00001,"[[-51.5016336032141, -38.08232791642781]]",13.419305686786295,9,-250,250,False,False,False
R03ZF,R03ZF_SARF000424,424,14133,FULL_CONTEXT_OFFLINE,R03ZF_SARF000424__FULL_CONTEXT_OFFLINE__R03ZF_I01_ANON00002,R03ZF_I01_ANON00002,1,14278,14278,True,R03ZF_I01_ANON00002,"[[-51.498977482928396, -38.61355197356931]]",12.885425509359088,8,-250,250,False,False,False
R03ZF,R03ZF_SARF000424,424,14133,FULL_CONTEXT_OFFLINE,R03ZF_SARF000424__FULL_CONTEXT_OFFLINE__R03ZF_I01_ANON00003,R03ZF_I01_ANON00003,1,14333,14333,True,R03ZF_I01_ANON00003,"[[-51.49991493714688, -37.904836584394644]]",13.595078352752239,9,-250,250,False,False,False
R03ZF,R03ZF_SARF000424,424,14133,FULL_CONTEXT_OFFLINE,R03ZF_SARF000424__FULL_CONTEXT_OFFLINE__R03ZF_I01_ANON00004,R03ZF_I01_ANON00004,1,14333,14333,True,R03ZF_I01_ANON00004,"[[-51.50038366425613, -37.89733695064677]]",13.60304671360936,9,-250,250,False,False,False
R03ZF,R03ZF_SARF000425,425,14167,FULL_CONTEXT_OFFLINE,R03ZF_SARF000425__FULL_CONTEXT_OFFLINE__R03ZF_I01_ANON00001,R03ZF_I01_ANON00001,1,14278,14278,True,R03ZF_I01_ANON00001,"[[-51.5016336032141, -38.08232791642781]]",13.419305686786295,14,-250,250,False,False,False
R03ZF,R03ZF_SARF000425,425,14167,FULL_CONTEXT_OFFLINE,R03ZF_SARF000425__FULL_CONTEXT_OFFLINE__R03ZF_I01_ANON00002,R03ZF_I01_ANON00002,1,14278,14278,True,R03ZF_I01_ANON00002,"[[-51.498977482928396, -38.61355197356931]]",12.885425509359088,14,-250,250,False,False,False
R03ZF,R03ZF_SARF000425,425,14167,FULL_CONTEXT_OFFLINE,R03ZF_SARF000425__FULL_CONTEXT_OFFLINE__R03ZF_I01_ANON00003,R03ZF_I01_ANON00003,1,14333,14333,True,R03ZF_I01_ANON00003,"[[-51.49991493714688, -37.904836584394644]]",13.595078352752239,14,-250,250,False,False,False
R03ZF,R03ZF_SARF000425,425,14167,FULL_CONTEXT_OFFLINE,R03ZF_SARF000425__FULL_CONTEXT_OFFLINE__R03ZF_I01_ANON00004,R03ZF_I01_ANON00004,1,14333,14333,True,R03ZF_I01_ANON00004,"[[-51.50038366425613, -37.89733695064677]]",13.60304671360936,14,-250,250,False,False,False
R03ZF,R03ZF_SARF000425,425,14167,FULL_CONTEXT_OFFLINE,R03ZF_SARF000425__FULL_CONTEXT_OFFLINE__R03ZF_I01_T0004,R03ZF_I01_T0004,1,14389,14389,True,R03ZF_I01_T0004,"[[-51.39569525595532, -37.03092581218184]]",14.364769443773476,15,-250,250,False,False,False
R03ZF,R03ZF_SARF000426,426,14200,FIXED_LAG_100MS,R03ZF_SARF000426__FIXED_LAG_100MS__R03ZF_I01_ANON00001,R03ZF_I01_ANON00001,1,14278,14278,True,R03ZF_I01_ANON00001,"[[-51.5016336032141, -38.08232791642781]]",13.419305686786295,9,-250,100,False,False,False
R03ZF,R03ZF_SARF000426,426,14200,FIXED_LAG_100MS,R03ZF_SARF000426__FIXED_LAG_100MS__R03ZF_I01_ANON00002,R03ZF_I01_ANON00002,1,14278,14278,True,R03ZF_I01_ANON00002,"[[-51.498977482928396, -38.61355197356931]]",12.885425509359088,9,-250,100,False,False,False
R03ZF,R03ZF_SARF000426,426,14200,FULL_CONTEXT_OFFLINE,R03ZF_SARF000426__FULL_CONTEXT_OFFLINE__R03ZF_I01_ANON00001,R03ZF_I01_ANON00001,1,14278,14278,True,R03ZF_I01_ANON00001,"[[-51.5016336032141, -38.08232791642781]]",13.419305686786295,9,-250,250,False,False,False
R03ZF,R03ZF_SARF000426,426,14200,FULL_CONTEXT_OFFLINE,R03ZF_SARF000426__FULL_CONTEXT_OFFLINE__R03ZF_I01_ANON00002,R03ZF_I01_ANON00002,1,14278,14278,True,R03ZF_I01_ANON00002,"[[-51.498977482928396, -38.61355197356931]]",12.885425509359088,9,-250,250,False,False,False
R03ZF,R03ZF_SARF000426,426,14200,FULL_CONTEXT_OFFLINE,R03ZF_SARF000426__FULL_CONTEXT_OFFLINE__R03ZF_I01_ANON00003,R03ZF_I01_ANON00003,1,14333,14333,True,R03ZF_I01_ANON00003,"[[-51.49991493714688, -37.904836584394644]]",13.595078352752239,9,-250,250,False,False,False
R03ZF,R03ZF_SARF000426,426,14200,FULL_CONTEXT_OFFLINE,R03ZF_SARF000426__FULL_CONTEXT_OFFLINE__R03ZF_I01_ANON00004,R03ZF_I01_ANON00004,1,14333,14333,True,R03ZF_I01_ANON00004,"[[-51.50038366425613, -37.89733695064677]]",13.60304671360936,9,-250,250,False,False,False
R03ZF,R03ZF_SARF000426,426,14200,FULL_CONTEXT_OFFLINE,R03ZF_SARF000426__FULL_CONTEXT_OFFLINE__R03ZF_I01_T0004,R03ZF_I01_T0004,2,14389,14444,True,R03ZF_I01_T0004,"[[-51.39569525595532, -36.43332051603992]]",14.962374739915397,9,-250,250,False,False,False
R03ZF,R03ZF_SARF000427,427,14233,FIXED_LAG_100MS,R03ZF_SARF000427__FIXED_LAG_100MS__R03ZF_I01_ANON00001,R03ZF_I01_ANON00001,1,14278,14278,True,R03ZF_I01_ANON00001,"[[-51.5016336032141, -38.08232791642781]]",13.419305686786295,1,-250,100,False,False,False
R03ZF,R03ZF_SARF000427,427,14233,FIXED_LAG_100MS,R03ZF_SARF000427__FIXED_LAG_100MS__R03ZF_I01_ANON00002,R03ZF_I01_ANON00002,1,14278,14278,True,R03ZF_I01_ANON00002,"[[-51.498977482928396, -38.61355197356931]]",12.885425509359088,1,-250,100,False,False,False
R03ZF,R03ZF_SARF000427,427,14233,FIXED_LAG_100MS,R03ZF_SARF000427__FIXED_LAG_100MS__R03ZF_I01_ANON00003,R03ZF_I01_ANON00003,1,14333,14333,True,R03ZF_I01_ANON00003,"[[-51.49991493714688, -37.904836584394644]]",13.595078352752239,1,-250,100,False,False,False
R03ZF,R03ZF_SARF000427,427,14233,FIXED_LAG_100MS,R03ZF_SARF000427__FIXED_LAG_100MS__R03ZF_I01_ANON00004,R03ZF_I01_ANON00004,1,14333,14333,True,R03ZF_I01_ANON00004,"[[-51.50038366425613, -37.89733695064677]]",13.60304671360936,1,-250,100,False,False,False
R03ZF,R03ZF_SARF000427,427,14233,FULL_CONTEXT_OFFLINE,R03ZF_SARF000427__FULL_CONTEXT_OFFLINE__R03ZF_I01_ANON00001,R03ZF_I01_ANON00001,1,14278,14278,True,R03ZF_I01_ANON00001,"[[-51.5016336032141, -38.08232791642781]]",13.419305686786295,1,-250,250,False,False,False
R03ZF,R03ZF_SARF000427,427,14233,FULL_CONTEXT_OFFLINE,R03ZF_SARF000427__FULL_CONTEXT_OFFLINE__R03ZF_I01_ANON00002,R03ZF_I01_ANON00002,1,14278,14278,True,R03ZF_I01_ANON00002,"[[-51.498977482928396, -38.61355197356931]]",12.885425509359088,1,-250,250,False,False,False
R03ZF,R03ZF_SARF000427,427,14233,FULL_CONTEXT_OFFLINE,R03ZF_SARF000427__FULL_CONTEXT_OFFLINE__R03ZF_I01_ANON00003,R03ZF_I01_ANON00003,1,14333,14333,True,R03ZF_I01_ANON00003,"[[-51.49991493714688, -37.904836584394644]]",13.595078352752239,1,-250,250,False,False,False
R03ZF,R03ZF_SARF000427,427,14233,FULL_CONTEXT_OFFLINE,R03ZF_SARF000427__FULL_CONTEXT_OFFLINE__R03ZF_I01_ANON00004,R03ZF_I01_ANON00004,1,14333,14333,True,R03ZF_I01_ANON00004,"[[-51.50038366425613, -37.89733695064677]]",13.60304671360936,1,-250,250,False,False,False
R03ZF,R03ZF_SARF000427,427,14233,FULL_CONTEXT_OFFLINE,R03ZF_SARF000427__FULL_CONTEXT_OFFLINE__R03ZF_I01_T0004,R03ZF_I01_T0004,2,14389,14444,True,R03ZF_I01_T0004,"[[-51.39569525595532, -36.43332051603992]]",14.962374739915397,1,-250,250,False,False,False
R03ZF,R03ZF_SARF000428,428,14267,FIXED_LAG_100MS,R03ZF_SARF000428__FIXED_LAG_100MS__R03ZF_I01_ANON00001,R03ZF_I01_ANON00001,1,14278,14278,True,R03ZF_I01_ANON00001,"[[-51.5016336032141, -38.08232791642781]]",13.419305686786295,1,-250,100,False,False,False
R03ZF,R03ZF_SARF000428,428,14267,FIXED_LAG_100MS,R03ZF_SARF000428__FIXED_LAG_100MS__R03ZF_I01_ANON00002,R03ZF_I01_ANON00002,1,14278,14278,True,R03ZF_I01_ANON00002,"[[-51.498977482928396, -38.61355197356931]]",12.885425509359088,1,-250,100,False,False,False
R03ZF,R03ZF_SARF000428,428,14267,FIXED_LAG_100MS,R03ZF_SARF000428__FIXED_LAG_100MS__R03ZF_I01_ANON00003,R03ZF_I01_ANON00003,1,14333,14333,True,R03ZF_I01_ANON00003,"[[-51.49991493714688, -37.904836584394644]]",13.595078352752239,1,-250,100,False,False,False
R03ZF,R03ZF_SARF000428,428,14267,FIXED_LAG_100MS,R03ZF_SARF000428__FIXED_LAG_100MS__R03ZF_I01_ANON00004,R03ZF_I01_ANON00004,1,14333,14333,True,R03ZF_I01_ANON00004,"[[-51.50038366425613, -37.89733695064677]]",13.60304671360936,1,-250,100,False,False,False
R03ZF,R03ZF_SARF000428,428,14267,FULL_CONTEXT_OFFLINE,R03ZF_SARF000428__FULL_CONTEXT_OFFLINE__R03ZF_I01_ANON00001,R03ZF_I01_ANON00001,1,14278,14278,True,R03ZF_I01_ANON00001,"[[-51.5016336032141, -38.08232791642781]]",13.419305686786295,1,-250,250,False,False,False
R03ZF,R03ZF_SARF000428,428,14267,FULL_CONTEXT_OFFLINE,R03ZF_SARF000428__FULL_CONTEXT_OFFLINE__R03ZF_I01_ANON00002,R03ZF_I01_ANON00002,1,14278,14278,True,R03ZF_I01_ANON00002,"[[-51.498977482928396, -38.61355197356931]]",12.885425509359088,1,-250,250,False,False,False
R03ZF,R03ZF_SARF000428,428,14267,FULL_CONTEXT_OFFLINE,R03ZF_SARF000428__FULL_CONTEXT_OFFLINE__R03ZF_I01_ANON00003,R03ZF_I01_ANON00003,1,14333,14333,True,R03ZF_I01_ANON00003,"[[-51.49991493714688, -37.904836584394644]]",13.595078352752239,1,-250,250,False,False,False
R03ZF,R03ZF_SARF000428,428,14267,FULL_CONTEXT_OFFLINE,R03ZF_SARF000428__FULL_CONTEXT_OFFLINE__R03ZF_I01_ANON00004,R03ZF_I01_ANON00004,1,14333,14333,True,R03ZF_I01_ANON00004,"[[-51.50038366425613, -37.89733695064677]]",13.60304671360936,1,-250,250,False,False,False
R03ZF,R03ZF_SARF000428,428,14267,FULL_CONTEXT_OFFLINE,R03ZF_SARF000428__FULL_CONTEXT_OFFLINE__R03ZF_I01_T0004,R03ZF_I01_T0004,3,14389,14500,True,R03ZF_I01_T0004,"[[-51.39569525595532, -35.81971665224672]]",15.575978603708599,1,-250,250,False,False,False
R03ZF,R03ZF_SARF000429,429,14300,CAUSAL_REPLAY,R03ZF_SARF000429__CAUSAL_REPLAY__R03ZF_I01_ANON00001,R03ZF_I01_ANON00001,1,14278,14278,False,R03ZF_I01_ANON00001,"[[-51.5016336032141, -38.08232791642781]]",13.419305686786295,10,-250,0,False,False,False
R03ZF,R03ZF_SARF000429,429,14300,CAUSAL_REPLAY,R03ZF_SARF000429__CAUSAL_REPLAY__R03ZF_I01_ANON00002,R03ZF_I01_ANON00002,1,14278,14278,False,R03ZF_I01_ANON00002,"[[-51.498977482928396, -38.61355197356931]]",12.885425509359088,10,-250,0,False,False,False
R03ZF,R03ZF_SARF000429,429,14300,FIXED_LAG_100MS,R03ZF_SARF000429__FIXED_LAG_100MS__R03ZF_I01_ANON00001,R03ZF_I01_ANON00001,1,14278,14278,False,R03ZF_I01_ANON00001,"[[-51.5016336032141, -38.08232791642781]]",13.419305686786295,10,-250,100,False,False,False
R03ZF,R03ZF_SARF000429,429,14300,FIXED_LAG_100MS,R03ZF_SARF000429__FIXED_LAG_100MS__R03ZF_I01_ANON00002,R03ZF_I01_ANON00002,1,14278,14278,False,R03ZF_I01_ANON00002,"[[-51.498977482928396, -38.61355197356931]]",12.885425509359088,10,-250,100,False,False,False
R03ZF,R03ZF_SARF000429,429,14300,FIXED_LAG_100MS,R03ZF_SARF000429__FIXED_LAG_100MS__R03ZF_I01_ANON00003,R03ZF_I01_ANON00003,1,14333,14333,True,R03ZF_I01_ANON00003,"[[-51.49991493714688, -37.904836584394644]]",13.595078352752239,10,-250,100,False,False,False
R03ZF,R03ZF_SARF000429,429,14300,FIXED_LAG_100MS,R03ZF_SARF000429__FIXED_LAG_100MS__R03ZF_I01_ANON00004,R03ZF_I01_ANON00004,1,14333,14333,True,R03ZF_I01_ANON00004,"[[-51.50038366425613, -37.89733695064677]]",13.60304671360936,10,-250,100,False,False,False
R03ZF,R03ZF_SARF000429,429,14300,FIXED_LAG_100MS,R03ZF_SARF000429__FIXED_LAG_100MS__R03ZF_I01_T0004,R03ZF_I01_T0004,1,14389,14389,True,R03ZF_I01_T0004,"[[-51.39569525595532, -37.03092581218184]]",14.364769443773476,10,-250,100,False,False,False
R03ZF,R03ZF_SARF000429,429,14300,FULL_CONTEXT_OFFLINE,R03ZF_SARF000429__FULL_CONTEXT_OFFLINE__R03ZF_I01_ANON00001,R03ZF_I01_ANON00001,1,14278,14278,False,R03ZF_I01_ANON00001,"[[-51.5016336032141, -38.08232791642781]]",13.419305686786295,10,-250,250,False,False,False
R03ZF,R03ZF_SARF000429,429,14300,FULL_CONTEXT_OFFLINE,R03ZF_SARF000429__FULL_CONTEXT_OFFLINE__R03ZF_I01_ANON00002,R03ZF_I01_ANON00002,1,14278,14278,False,R03ZF_I01_ANON00002,"[[-51.498977482928396, -38.61355197356931]]",12.885425509359088,10,-250,250,False,False,False
R03ZF,R03ZF_SARF000429,429,14300,FULL_CONTEXT_OFFLINE,R03ZF_SARF000429__FULL_CONTEXT_OFFLINE__R03ZF_I01_ANON00003,R03ZF_I01_ANON00003,1,14333,14333,True,R03ZF_I01_ANON00003,"[[-51.49991493714688, -37.904836584394644]]",13.595078352752239,10,-250,250,False,False,False
R03ZF,R03ZF_SARF000429,429,14300,FULL_CONTEXT_OFFLINE,R03ZF_SARF000429__FULL_CONTEXT_OFFLINE__R03ZF_I01_ANON00004,R03ZF_I01_ANON00004,1,14333,14333,True,R03ZF_I01_ANON00004,"[[-51.50038366425613, -37.89733695064677]]",13.60304671360936,10,-250,250,False,False,False
R03ZF,R03ZF_SARF000429,429,14300,FULL_CONTEXT_OFFLINE,R03ZF_SARF000429__FULL_CONTEXT_OFFLINE__R03ZF_I01_T0004,R03ZF_I01_T0004,3,14389,14500,True,R03ZF_I01_T0004,"[[-51.39569525595532, -35.81971665224672]]",15.575978603708599,12,-250,250,False,False,False
R03ZF,R03ZF_SARF000430,430,14333,CAUSAL_REPLAY,R03ZF_SARF000430__CAUSAL_REPLAY__R03ZF_I01_ANON00001,R03ZF_I01_ANON00001,1,14278,14278,False,R03ZF_I01_ANON00001,"[[-51.5016336032141, -38.08232791642781]]",13.419305686786295,7,-250,0,False,False,False
R03ZF,R03ZF_SARF000430,430,14333,CAUSAL_REPLAY,R03ZF_SARF000430__CAUSAL_REPLAY__R03ZF_I01_ANON00002,R03ZF_I01_ANON00002,1,14278,14278,False,R03ZF_I01_ANON00002,"[[-51.498977482928396, -38.61355197356931]]",12.885425509359088,7,-250,0,False,False,False
R03ZF,R03ZF_SARF000430,430,14333,CAUSAL_REPLAY,R03ZF_SARF000430__CAUSAL_REPLAY__R03ZF_I01_ANON00003,R03ZF_I01_ANON00003,1,14333,14333,False,R03ZF_I01_ANON00003,"[[-51.49991493714688, -37.904836584394644]]",13.595078352752239,7,-250,0,False,False,False
R03ZF,R03ZF_SARF000430,430,14333,CAUSAL_REPLAY,R03ZF_SARF000430__CAUSAL_REPLAY__R03ZF_I01_ANON00004,R03ZF_I01_ANON00004,1,14333,14333,False,R03ZF_I01_ANON00004,"[[-51.50038366425613, -37.89733695064677]]",13.60304671360936,7,-250,0,False,False,False
R03ZF,R03ZF_SARF000430,430,14333,FIXED_LAG_100MS,R03ZF_SARF000430__FIXED_LAG_100MS__R03ZF_I01_ANON00001,R03ZF_I01_ANON00001,1,14278,14278,False,R03ZF_I01_ANON00001,"[[-51.5016336032141, -38.08232791642781]]",13.419305686786295,7,-250,100,False,False,False
R03ZF,R03ZF_SARF000430,430,14333,FIXED_LAG_100MS,R03ZF_SARF000430__FIXED_LAG_100MS__R03ZF_I01_ANON00002,R03ZF_I01_ANON00002,1,14278,14278,False,R03ZF_I01_ANON00002,"[[-51.498977482928396, -38.61355197356931]]",12.885425509359088,7,-250,100,False,False,False
R03ZF,R03ZF_SARF000430,430,14333,FIXED_LAG_100MS,R03ZF_SARF000430__FIXED_LAG_100MS__R03ZF_I01_ANON00003,R03ZF_I01_ANON00003,1,14333,14333,False,R03ZF_I01_ANON00003,"[[-51.49991493714688, -37.904836584394644]]",13.595078352752239,7,-250,100,False,False,False
R03ZF,R03ZF_SARF000430,430,14333,FIXED_LAG_100MS,R03ZF_SARF000430__FIXED_LAG_100MS__R03ZF_I01_ANON00004,R03ZF_I01_ANON00004,1,14333,14333,False,R03ZF_I01_ANON00004,"[[-51.50038366425613, -37.89733695064677]]",13.60304671360936,7,-250,100,False,False,False
R03ZF,R03ZF_SARF000430,430,14333,FIXED_LAG_100MS,R03ZF_SARF000430__FIXED_LAG_100MS__R03ZF_I01_T0004,R03ZF_I01_T0004,1,14389,14389,True,R03ZF_I01_T0004,"[[-51.39569525595532, -37.03092581218184]]",14.364769443773476,7,-250,100,False,False,False
R03ZF,R03ZF_SARF000430,430,14333,FULL_CONTEXT_OFFLINE,R03ZF_SARF000430__FULL_CONTEXT_OFFLINE__R03ZF_I01_ANON00001,R03ZF_I01_ANON00001,1,14278,14278,False,R03ZF_I01_ANON00001,"[[-51.5016336032141, -38.08232791642781]]",13.419305686786295,7,-250,250,False,False,False
R03ZF,R03ZF_SARF000430,430,14333,FULL_CONTEXT_OFFLINE,R03ZF_SARF000430__FULL_CONTEXT_OFFLINE__R03ZF_I01_ANON00002,R03ZF_I01_ANON00002,1,14278,14278,False,R03ZF_I01_ANON00002,"[[-51.498977482928396, -38.61355197356931]]",12.885425509359088,7,-250,250,False,False,False
R03ZF,R03ZF_SARF000430,430,14333,FULL_CONTEXT_OFFLINE,R03ZF_SARF000430__FULL_CONTEXT_OFFLINE__R03ZF_I01_ANON00003,R03ZF_I01_ANON00003,1,14333,14333,False,R03ZF_I01_ANON00003,"[[-51.49991493714688, -37.904836584394644]]",13.595078352752239,7,-250,250,False,False,False
R03ZF,R03ZF_SARF000430,430,14333,FULL_CONTEXT_OFFLINE,R03ZF_SARF000430__FULL_CONTEXT_OFFLINE__R03ZF_I01_ANON00004,R03ZF_I01_ANON00004,1,14333,14333,False,R03ZF_I01_ANON00004,"[[-51.50038366425613, -37.89733695064677]]",13.60304671360936,7,-250,250,False,False,False
R03ZF,R03ZF_SARF000430,430,14333,FULL_CONTEXT_OFFLINE,R03ZF_SARF000430__FULL_CONTEXT_OFFLINE__R03ZF_I01_T0004,R03ZF_I01_T0004,4,14389,14556,True,R03ZF_I01_T0004,"[[-51.39569525595532, -35.26291523091873]]",16.13278002503659,8,-250,250,False,False,False
R03ZF,R03ZF_SARF000431,431,14367,CAUSAL_REPLAY,R03ZF_SARF000431__CAUSAL_REPLAY__R03ZF_I01_ANON00001,R03ZF_I01_ANON00001,1,14278,14278,False,R03ZF_I01_ANON00001,"[[-51.5016336032141, -38.08232791642781]]",13.419305686786295,13,-250,0,False,False,False
R03ZF,R03ZF_SARF000431,431,14367,CAUSAL_REPLAY,R03ZF_SARF000431__CAUSAL_REPLAY__R03ZF_I01_ANON00002,R03ZF_I01_ANON00002,1,14278,14278,False,R03ZF_I01_ANON00002,"[[-51.498977482928396, -38.61355197356931]]",12.885425509359088,13,-250,0,False,False,False
R03ZF,R03ZF_SARF000431,431,14367,CAUSAL_REPLAY,R03ZF_SARF000431__CAUSAL_REPLAY__R03ZF_I01_ANON00003,R03ZF_I01_ANON00003,1,14333,14333,False,R03ZF_I01_ANON00003,"[[-51.49991493714688, -37.904836584394644]]",13.595078352752239,13,-250,0,False,False,False
R03ZF,R03ZF_SARF000431,431,14367,CAUSAL_REPLAY,R03ZF_SARF000431__CAUSAL_REPLAY__R03ZF_I01_ANON00004,R03ZF_I01_ANON00004,1,14333,14333,False,R03ZF_I01_ANON00004,"[[-51.50038366425613, -37.89733695064677]]",13.60304671360936,13,-250,0,False,False,False
R03ZF,R03ZF_SARF000431,431,14367,FIXED_LAG_100MS,R03ZF_SARF000431__FIXED_LAG_100MS__R03ZF_I01_ANON00001,R03ZF_I01_ANON00001,1,14278,14278,False,R03ZF_I01_ANON00001,"[[-51.5016336032141, -38.08232791642781]]",13.419305686786295,13,-250,100,False,False,False
R03ZF,R03ZF_SARF000431,431,14367,FIXED_LAG_100MS,R03ZF_SARF000431__FIXED_LAG_100MS__R03ZF_I01_ANON00002,R03ZF_I01_ANON00002,1,14278,14278,False,R03ZF_I01_ANON00002,"[[-51.498977482928396, -38.61355197356931]]",12.885425509359088,13,-250,100,False,False,False
R03ZF,R03ZF_SARF000431,431,14367,FIXED_LAG_100MS,R03ZF_SARF000431__FIXED_LAG_100MS__R03ZF_I01_ANON00003,R03ZF_I01_ANON00003,1,14333,14333,False,R03ZF_I01_ANON00003,"[[-51.49991493714688, -37.904836584394644]]",13.595078352752239,13,-250,100,False,False,False
R03ZF,R03ZF_SARF000431,431,14367,FIXED_LAG_100MS,R03ZF_SARF000431__FIXED_LAG_100MS__R03ZF_I01_ANON00004,R03ZF_I01_ANON00004,1,14333,14333,False,R03ZF_I01_ANON00004,"[[-51.50038366425613, -37.89733695064677]]",13.60304671360936,13,-250,100,False,False,False
R03ZF,R03ZF_SARF000431,431,14367,FIXED_LAG_100MS,R03ZF_SARF000431__FIXED_LAG_100MS__R03ZF_I01_T0004,R03ZF_I01_T0004,2,14389,14444,True,R03ZF_I01_T0004,"[[-51.39569525595532, -36.43332051603992]]",14.962374739915397,13,-250,100,False,False,False
R03ZF,R03ZF_SARF000431,431,14367,FULL_CONTEXT_OFFLINE,R03ZF_SARF000431__FULL_CONTEXT_OFFLINE__R03ZF_I01_ANON00001,R03ZF_I01_ANON00001,1,14278,14278,False,R03ZF_I01_ANON00001,"[[-51.5016336032141, -38.08232791642781]]",13.419305686786295,13,-250,250,False,False,False
R03ZF,R03ZF_SARF000431,431,14367,FULL_CONTEXT_OFFLINE,R03ZF_SARF000431__FULL_CONTEXT_OFFLINE__R03ZF_I01_ANON00002,R03ZF_I01_ANON00002,1,14278,14278,False,R03ZF_I01_ANON00002,"[[-51.498977482928396, -38.61355197356931]]",12.885425509359088,13,-250,250,False,False,False
R03ZF,R03ZF_SARF000431,431,14367,FULL_CONTEXT_OFFLINE,R03ZF_SARF000431__FULL_CONTEXT_OFFLINE__R03ZF_I01_ANON00003,R03ZF_I01_ANON00003,1,14333,14333,False,R03ZF_I01_ANON00003,"[[-51.49991493714688, -37.904836584394644]]",13.595078352752239,13,-250,250,False,False,False
R03ZF,R03ZF_SARF000431,431,14367,FULL_CONTEXT_OFFLINE,R03ZF_SARF000431__FULL_CONTEXT_OFFLINE__R03ZF_I01_ANON00004,R03ZF_I01_ANON00004,1,14333,14333,False,R03ZF_I01_ANON00004,"[[-51.50038366425613, -37.89733695064677]]",13.60304671360936,13,-250,250,False,False,False
R03ZF,R03ZF_SARF000431,431,14367,FULL_CONTEXT_OFFLINE,R03ZF_SARF000431__FULL_CONTEXT_OFFLINE__R03ZF_I01_T0004,R03ZF_I01_T0004,5,14389,14611,True,R03ZF_I01_T0004,"[[-51.39569525595532, -34.66465302512698]]",16.731042230828336,15,-250,250,False,False,False
R03ZF,R03ZF_SARF000432,432,14400,CAUSAL_REPLAY,R03ZF_SARF000432__CAUSAL_REPLAY__R03ZF_I01_ANON00001,R03ZF_I01_ANON00001,1,14278,14278,False,R03ZF_I01_ANON00001,"[[-51.5016336032141, -38.08232791642781]]",13.419305686786295,14,-250,0,False,False,False
R03ZF,R03ZF_SARF000432,432,14400,CAUSAL_REPLAY,R03ZF_SARF000432__CAUSAL_REPLAY__R03ZF_I01_ANON00002,R03ZF_I01_ANON00002,1,14278,14278,False,R03ZF_I01_ANON00002,"[[-51.498977482928396, -38.61355197356931]]",12.885425509359088,12,-250,0,False,False,False
R03ZF,R03ZF_SARF000432,432,14400,CAUSAL_REPLAY,R03ZF_SARF000432__CAUSAL_REPLAY__R03ZF_I01_ANON00003,R03ZF_I01_ANON00003,1,14333,14333,False,R03ZF_I01_ANON00003,"[[-51.49991493714688, -37.904836584394644]]",13.595078352752239,14,-250,0,False,False,False
R03ZF,R03ZF_SARF000432,432,14400,CAUSAL_REPLAY,R03ZF_SARF000432__CAUSAL_REPLAY__R03ZF_I01_ANON00004,R03ZF_I01_ANON00004,1,14333,14333,False,R03ZF_I01_ANON00004,"[[-51.50038366425613, -37.89733695064677]]",13.60304671360936,14,-250,0,False,False,False
R03ZF,R03ZF_SARF000432,432,14400,CAUSAL_REPLAY,R03ZF_SARF000432__CAUSAL_REPLAY__R03ZF_I01_T0004,R03ZF_I01_T0004,1,14389,14389,False,R03ZF_I01_T0004,"[[-51.39569525595532, -37.03092581218184]]",14.364769443773476,14,-250,0,False,False,False
R03ZF,R03ZF_SARF000432,432,14400,FIXED_LAG_100MS,R03ZF_SARF000432__FIXED_LAG_100MS__R03ZF_I01_ANON00001,R03ZF_I01_ANON00001,1,14278,14278,False,R03ZF_I01_ANON00001,"[[-51.5016336032141, -38.08232791642781]]",13.419305686786295,14,-250,100,False,False,False
R03ZF,R03ZF_SARF000432,432,14400,FIXED_LAG_100MS,R03ZF_SARF000432__FIXED_LAG_100MS__R03ZF_I01_ANON00002,R03ZF_I01_ANON00002,1,14278,14278,False,R03ZF_I01_ANON00002,"[[-51.498977482928396, -38.61355197356931]]",12.885425509359088,12,-250,100,False,False,False
R03ZF,R03ZF_SARF000432,432,14400,FIXED_LAG_100MS,R03ZF_SARF000432__FIXED_LAG_100MS__R03ZF_I01_ANON00003,R03ZF_I01_ANON00003,1,14333,14333,False,R03ZF_I01_ANON00003,"[[-51.49991493714688, -37.904836584394644]]",13.595078352752239,14,-250,100,False,False,False
R03ZF,R03ZF_SARF000432,432,14400,FIXED_LAG_100MS,R03ZF_SARF000432__FIXED_LAG_100MS__R03ZF_I01_ANON00004,R03ZF_I01_ANON00004,1,14333,14333,False,R03ZF_I01_ANON00004,"[[-51.50038366425613, -37.89733695064677]]",13.60304671360936,14,-250,100,False,False,False
R03ZF,R03ZF_SARF000432,432,14400,FIXED_LAG_100MS,R03ZF_SARF000432__FIXED_LAG_100MS__R03ZF_I01_T0004,R03ZF_I01_T0004,3,14389,14500,True,R03ZF_I01_T0004,"[[-51.39569525595532, -35.81971665224672]]",15.575978603708599,16,-250,100,False,False,False
R03ZF,R03ZF_SARF000432,432,14400,FULL_CONTEXT_OFFLINE,R03ZF_SARF000432__FULL_CONTEXT_OFFLINE__R03ZF_I01_ANON00001,R03ZF_I01_ANON00001,1,14278,14278,False,R03ZF_I01_ANON00001,"[[-51.5016336032141, -38.08232791642781]]",13.419305686786295,14,-250,250,False,False,False
R03ZF,R03ZF_SARF000432,432,14400,FULL_CONTEXT_OFFLINE,R03ZF_SARF000432__FULL_CONTEXT_OFFLINE__R03ZF_I01_ANON00002,R03ZF_I01_ANON00002,1,14278,14278,False,R03ZF_I01_ANON00002,"[[-51.498977482928396, -38.61355197356931]]",12.885425509359088,12,-250,250,False,False,False
R03ZF,R03ZF_SARF000432,432,14400,FULL_CONTEXT_OFFLINE,R03ZF_SARF000432__FULL_CONTEXT_OFFLINE__R03ZF_I01_ANON00003,R03ZF_I01_ANON00003,1,14333,14333,False,R03ZF_I01_ANON00003,"[[-51.49991493714688, -37.904836584394644]]",13.595078352752239,14,-250,250,False,False,False
R03ZF,R03ZF_SARF000432,432,14400,FULL_CONTEXT_OFFLINE,R03ZF_SARF000432__FULL_CONTEXT_OFFLINE__R03ZF_I01_ANON00004,R03ZF_I01_ANON00004,1,14333,14333,False,R03ZF_I01_ANON00004,"[[-51.50038366425613, -37.89733695064677]]",13.60304671360936,14,-250,250,False,False,False
R03ZF,R03ZF_SARF000432,432,14400,FULL_CONTEXT_OFFLINE,R03ZF_SARF000432__FULL_CONTEXT_OFFLINE__R03ZF_I01_T0004,R03ZF_I01_T0004,5,14389,14611,True,R03ZF_I01_T0004,"[[-51.39569525595532, -34.66465302512698]]",16.731042230828336,19,-250,250,False,False,False
R03ZF,R03ZF_SARF000433,433,14433,CAUSAL_REPLAY,R03ZF_SARF000433__CAUSAL_REPLAY__R03ZF_I01_ANON00001,R03ZF_I01_ANON00001,1,14278,14278,False,R03ZF_I01_ANON00001,"[[-51.5016336032141, -38.08232791642781]]",13.419305686786295,3,-250,0,False,False,False
R03ZF,R03ZF_SARF000433,433,14433,CAUSAL_REPLAY,R03ZF_SARF000433__CAUSAL_REPLAY__R03ZF_I01_ANON00002,R03ZF_I01_ANON00002,1,14278,14278,False,R03ZF_I01_ANON00002,"[[-51.498977482928396, -38.61355197356931]]",12.885425509359088,3,-250,0,False,False,False
R03ZF,R03ZF_SARF000433,433,14433,CAUSAL_REPLAY,R03ZF_SARF000433__CAUSAL_REPLAY__R03ZF_I01_ANON00003,R03ZF_I01_ANON00003,1,14333,14333,False,R03ZF_I01_ANON00003,"[[-51.49991493714688, -37.904836584394644]]",13.595078352752239,3,-250,0,False,False,False
R03ZF,R03ZF_SARF000433,433,14433,CAUSAL_REPLAY,R03ZF_SARF000433__CAUSAL_REPLAY__R03ZF_I01_ANON00004,R03ZF_I01_ANON00004,1,14333,14333,False,R03ZF_I01_ANON00004,"[[-51.50038366425613, -37.89733695064677]]",13.60304671360936,3,-250,0,False,False,False
R03ZF,R03ZF_SARF000433,433,14433,CAUSAL_REPLAY,R03ZF_SARF000433__CAUSAL_REPLAY__R03ZF_I01_T0004,R03ZF_I01_T0004,1,14389,14389,False,R03ZF_I01_T0004,"[[-51.39569525595532, -37.03092581218184]]",14.364769443773476,3,-250,0,False,False,False
R03ZF,R03ZF_SARF000433,433,14433,FIXED_LAG_100MS,R03ZF_SARF000433__FIXED_LAG_100MS__R03ZF_I01_ANON00001,R03ZF_I01_ANON00001,1,14278,14278,False,R03ZF_I01_ANON00001,"[[-51.5016336032141, -38.08232791642781]]",13.419305686786295,3,-250,100,False,False,False
R03ZF,R03ZF_SARF000433,433,14433,FIXED_LAG_100MS,R03ZF_SARF000433__FIXED_LAG_100MS__R03ZF_I01_ANON00002,R03ZF_I01_ANON00002,1,14278,14278,False,R03ZF_I01_ANON00002,"[[-51.498977482928396, -38.61355197356931]]",12.885425509359088,3,-250,100,False,False,False
R03ZF,R03ZF_SARF000433,433,14433,FIXED_LAG_100MS,R03ZF_SARF000433__FIXED_LAG_100MS__R03ZF_I01_ANON00003,R03ZF_I01_ANON00003,1,14333,14333,False,R03ZF_I01_ANON00003,"[[-51.49991493714688, -37.904836584394644]]",13.595078352752239,3,-250,100,False,False,False
R03ZF,R03ZF_SARF000433,433,14433,FIXED_LAG_100MS,R03ZF_SARF000433__FIXED_LAG_100MS__R03ZF_I01_ANON00004,R03ZF_I01_ANON00004,1,14333,14333,False,R03ZF_I01_ANON00004,"[[-51.50038366425613, -37.89733695064677]]",13.60304671360936,3,-250,100,False,False,False
R03ZF,R03ZF_SARF000433,433,14433,FIXED_LAG_100MS,R03ZF_SARF000433__FIXED_LAG_100MS__R03ZF_I01_T0004,R03ZF_I01_T0004,3,14389,14500,True,R03ZF_I01_T0004,"[[-51.39569525595532, -35.81971665224672]]",15.575978603708599,4,-250,100,False,False,False
R03ZF,R03ZF_SARF000433,433,14433,FULL_CONTEXT_OFFLINE,R03ZF_SARF000433__FULL_CONTEXT_OFFLINE__R03ZF_I01_ANON00001,R03ZF_I01_ANON00001,1,14278,14278,False,R03ZF_I01_ANON00001,"[[-51.5016336032141, -38.08232791642781]]",13.419305686786295,3,-250,250,False,False,False
R03ZF,R03ZF_SARF000433,433,14433,FULL_CONTEXT_OFFLINE,R03ZF_SARF000433__FULL_CONTEXT_OFFLINE__R03ZF_I01_ANON00002,R03ZF_I01_ANON00002,1,14278,14278,False,R03ZF_I01_ANON00002,"[[-51.498977482928396, -38.61355197356931]]",12.885425509359088,3,-250,250,False,False,False
R03ZF,R03ZF_SARF000433,433,14433,FULL_CONTEXT_OFFLINE,R03ZF_SARF000433__FULL_CONTEXT_OFFLINE__R03ZF_I01_ANON00003,R03ZF_I01_ANON00003,1,14333,14333,False,R03ZF_I01_ANON00003,"[[-51.49991493714688, -37.904836584394644]]",13.595078352752239,3,-250,250,False,False,False
R03ZF,R03ZF_SARF000433,433,14433,FULL_CONTEXT_OFFLINE,R03ZF_SARF000433__FULL_CONTEXT_OFFLINE__R03ZF_I01_ANON00004,R03ZF_I01_ANON00004,1,14333,14333,False,R03ZF_I01_ANON00004,"[[-51.50038366425613, -37.89733695064677]]",13.60304671360936,3,-250,250,False,False,False
R03ZF,R03ZF_SARF000433,433,14433,FULL_CONTEXT_OFFLINE,R03ZF_SARF000433__FULL_CONTEXT_OFFLINE__R03ZF_I01_T0004,R03ZF_I01_T0004,6,14389,14667,True,R03ZF_I01_T0004,"[[-51.39569525595532, -34.07086244340699]]",17.32483281254833,5,-250,250,False,False,False
R03ZF,R03ZF_SARF000434,434,14467,CAUSAL_REPLAY,R03ZF_SARF000434__CAUSAL_REPLAY__R03ZF_I01_ANON00001,R03ZF_I01_ANON00001,1,14278,14278,False,R03ZF_I01_ANON00001,"[[-51.5016336032141, -38.08232791642781]]",13.419305686786295,3,-250,0,False,False,False
R03ZF,R03ZF_SARF000434,434,14467,CAUSAL_REPLAY,R03ZF_SARF000434__CAUSAL_REPLAY__R03ZF_I01_ANON00002,R03ZF_I01_ANON00002,1,14278,14278,False,R03ZF_I01_ANON00002,"[[-51.498977482928396, -38.61355197356931]]",12.885425509359088,2,-250,0,False,False,False
R03ZF,R03ZF_SARF000434,434,14467,CAUSAL_REPLAY,R03ZF_SARF000434__CAUSAL_REPLAY__R03ZF_I01_ANON00003,R03ZF_I01_ANON00003,1,14333,14333,False,R03ZF_I01_ANON00003,"[[-51.49991493714688, -37.904836584394644]]",13.595078352752239,3,-250,0,False,False,False
R03ZF,R03ZF_SARF000434,434,14467,CAUSAL_REPLAY,R03ZF_SARF000434__CAUSAL_REPLAY__R03ZF_I01_ANON00004,R03ZF_I01_ANON00004,1,14333,14333,False,R03ZF_I01_ANON00004,"[[-51.50038366425613, -37.89733695064677]]",13.60304671360936,3,-250,0,False,False,False
R03ZF,R03ZF_SARF000434,434,14467,CAUSAL_REPLAY,R03ZF_SARF000434__CAUSAL_REPLAY__R03ZF_I01_T0004,R03ZF_I01_T0004,2,14389,14444,False,R03ZF_I01_T0004,"[[-51.39569525595532, -36.43332051603992]]",14.962374739915397,3,-250,0,False,False,False
R03ZF,R03ZF_SARF000434,434,14467,FIXED_LAG_100MS,R03ZF_SARF000434__FIXED_LAG_100MS__R03ZF_I01_ANON00001,R03ZF_I01_ANON00001,1,14278,14278,False,R03ZF_I01_ANON00001,"[[-51.5016336032141, -38.08232791642781]]",13.419305686786295,3,-250,100,False,False,False
R03ZF,R03ZF_SARF000434,434,14467,FIXED_LAG_100MS,R03ZF_SARF000434__FIXED_LAG_100MS__R03ZF_I01_ANON00002,R03ZF_I01_ANON00002,1,14278,14278,False,R03ZF_I01_ANON00002,"[[-51.498977482928396, -38.61355197356931]]",12.885425509359088,2,-250,100,False,False,False
R03ZF,R03ZF_SARF000434,434,14467,FIXED_LAG_100MS,R03ZF_SARF000434__FIXED_LAG_100MS__R03ZF_I01_ANON00003,R03ZF_I01_ANON00003,1,14333,14333,False,R03ZF_I01_ANON00003,"[[-51.49991493714688, -37.904836584394644]]",13.595078352752239,3,-250,100,False,False,False
R03ZF,R03ZF_SARF000434,434,14467,FIXED_LAG_100MS,R03ZF_SARF000434__FIXED_LAG_100MS__R03ZF_I01_ANON00004,R03ZF_I01_ANON00004,1,14333,14333,False,R03ZF_I01_ANON00004,"[[-51.50038366425613, -37.89733695064677]]",13.60304671360936,3,-250,100,False,False,False
R03ZF,R03ZF_SARF000434,434,14467,FIXED_LAG_100MS,R03ZF_SARF000434__FIXED_LAG_100MS__R03ZF_I01_T0004,R03ZF_I01_T0004,4,14389,14556,True,R03ZF_I01_T0004,"[[-51.39569525595532, -35.26291523091873]]",16.13278002503659,3,-250,100,False,False,False
R03ZF,R03ZF_SARF000434,434,14467,FULL_CONTEXT_OFFLINE,R03ZF_SARF000434__FULL_CONTEXT_OFFLINE__R03ZF_I01_ANON00001,R03ZF_I01_ANON00001,1,14278,14278,False,R03ZF_I01_ANON00001,"[[-51.5016336032141, -38.08232791642781]]",13.419305686786295,3,-250,250,False,False,False
R03ZF,R03ZF_SARF000434,434,14467,FULL_CONTEXT_OFFLINE,R03ZF_SARF000434__FULL_CONTEXT_OFFLINE__R03ZF_I01_ANON00002,R03ZF_I01_ANON00002,1,14278,14278,False,R03ZF_I01_ANON00002,"[[-51.498977482928396, -38.61355197356931]]",12.885425509359088,2,-250,250,False,False,False
R03ZF,R03ZF_SARF000434,434,14467,FULL_CONTEXT_OFFLINE,R03ZF_SARF000434__FULL_CONTEXT_OFFLINE__R03ZF_I01_ANON00003,R03ZF_I01_ANON00003,1,14333,14333,False,R03ZF_I01_ANON00003,"[[-51.49991493714688, -37.904836584394644]]",13.595078352752239,3,-250,250,False,False,False
R03ZF,R03ZF_SARF000434,434,14467,FULL_CONTEXT_OFFLINE,R03ZF_SARF000434__FULL_CONTEXT_OFFLINE__R03ZF_I01_ANON00004,R03ZF_I01_ANON00004,1,14333,14333,False,R03ZF_I01_ANON00004,"[[-51.50038366425613, -37.89733695064677]]",13.60304671360936,3,-250,250,False,False,False
R03ZF,R03ZF_SARF000434,434,14467,FULL_CONTEXT_OFFLINE,R03ZF_SARF000434__FULL_CONTEXT_OFFLINE__R03ZF_I01_T0004,R03ZF_I01_T0004,6,14389,14667,True,R03ZF_I01_T0004,"[[-51.39569525595532, -34.07086244340699]]",17.32483281254833,3,-250,250,False,False,False
R03ZF,R03ZF_SARF000435,435,14500,CAUSAL_REPLAY,R03ZF_SARF000435__CAUSAL_REPLAY__R03ZF_I01_ANON00001,R03ZF_I01_ANON00001,1,14278,14278,False,R03ZF_I01_ANON00001,"[[-51.5016336032141, -38.08232791642781]]",13.419305686786295,6,-250,0,False,False,False
R03ZF,R03ZF_SARF000435,435,14500,CAUSAL_REPLAY,R03ZF_SARF000435__CAUSAL_REPLAY__R03ZF_I01_ANON00002,R03ZF_I01_ANON00002,1,14278,14278,False,R03ZF_I01_ANON00002,"[[-51.498977482928396, -38.61355197356931]]",12.885425509359088,5,-250,0,False,False,False
R03ZF,R03ZF_SARF000435,435,14500,CAUSAL_REPLAY,R03ZF_SARF000435__CAUSAL_REPLAY__R03ZF_I01_ANON00003,R03ZF_I01_ANON00003,1,14333,14333,False,R03ZF_I01_ANON00003,"[[-51.49991493714688, -37.904836584394644]]",13.595078352752239,6,-250,0,False,False,False
R03ZF,R03ZF_SARF000435,435,14500,CAUSAL_REPLAY,R03ZF_SARF000435__CAUSAL_REPLAY__R03ZF_I01_ANON00004,R03ZF_I01_ANON00004,1,14333,14333,False,R03ZF_I01_ANON00004,"[[-51.50038366425613, -37.89733695064677]]",13.60304671360936,6,-250,0,False,False,False
R03ZF,R03ZF_SARF000435,435,14500,CAUSAL_REPLAY,R03ZF_SARF000435__CAUSAL_REPLAY__R03ZF_I01_T0004,R03ZF_I01_T0004,3,14389,14500,False,R03ZF_I01_T0004,"[[-51.39569525595532, -35.81971665224672]]",15.575978603708599,6,-250,0,False,False,False
R03ZF,R03ZF_SARF000435,435,14500,FIXED_LAG_100MS,R03ZF_SARF000435__FIXED_LAG_100MS__R03ZF_I01_ANON00001,R03ZF_I01_ANON00001,1,14278,14278,False,R03ZF_I01_ANON00001,"[[-51.5016336032141, -38.08232791642781]]",13.419305686786295,6,-250,100,False,False,False
R03ZF,R03ZF_SARF000435,435,14500,FIXED_LAG_100MS,R03ZF_SARF000435__FIXED_LAG_100MS__R03ZF_I01_ANON00002,R03ZF_I01_ANON00002,1,14278,14278,False,R03ZF_I01_ANON00002,"[[-51.498977482928396, -38.61355197356931]]",12.885425509359088,5,-250,100,False,False,False
R03ZF,R03ZF_SARF000435,435,14500,FIXED_LAG_100MS,R03ZF_SARF000435__FIXED_LAG_100MS__R03ZF_I01_ANON00003,R03ZF_I01_ANON00003,1,14333,14333,False,R03ZF_I01_ANON00003,"[[-51.49991493714688, -37.904836584394644]]",13.595078352752239,6,-250,100,False,False,False
R03ZF,R03ZF_SARF000435,435,14500,FIXED_LAG_100MS,R03ZF_SARF000435__FIXED_LAG_100MS__R03ZF_I01_ANON00004,R03ZF_I01_ANON00004,1,14333,14333,False,R03ZF_I01_ANON00004,"[[-51.50038366425613, -37.89733695064677]]",13.60304671360936,6,-250,100,False,False,False
R03ZF,R03ZF_SARF000435,435,14500,FIXED_LAG_100MS,R03ZF_SARF000435__FIXED_LAG_100MS__R03ZF_I01_T0004,R03ZF_I01_T0004,4,14389,14556,True,R03ZF_I01_T0004,"[[-51.39569525595532, -35.26291523091873]]",16.13278002503659,6,-250,100,False,False,False
R03ZF,R03ZF_SARF000435,435,14500,FULL_CONTEXT_OFFLINE,R03ZF_SARF000435__FULL_CONTEXT_OFFLINE__R03ZF_I01_ANON00001,R03ZF_I01_ANON00001,1,14278,14278,False,R03ZF_I01_ANON00001,"[[-51.5016336032141, -38.08232791642781]]",13.419305686786295,6,-250,250,False,False,False
R03ZF,R03ZF_SARF000435,435,14500,FULL_CONTEXT_OFFLINE,R03ZF_SARF000435__FULL_CONTEXT_OFFLINE__R03ZF_I01_ANON00002,R03ZF_I01_ANON00002,1,14278,14278,False,R03ZF_I01_ANON00002,"[[-51.498977482928396, -38.61355197356931]]",12.885425509359088,5,-250,250,False,False,False
R03ZF,R03ZF_SARF000435,435,14500,FULL_CONTEXT_OFFLINE,R03ZF_SARF000435__FULL_CONTEXT_OFFLINE__R03ZF_I01_ANON00003,R03ZF_I01_ANON00003,1,14333,14333,False,R03ZF_I01_ANON00003,"[[-51.49991493714688, -37.904836584394644]]",13.595078352752239,6,-250,250,False,False,False
R03ZF,R03ZF_SARF000435,435,14500,FULL_CONTEXT_OFFLINE,R03ZF_SARF000435__FULL_CONTEXT_OFFLINE__R03ZF_I01_ANON00004,R03ZF_I01_ANON00004,1,14333,14333,False,R03ZF_I01_ANON00004,"[[-51.50038366425613, -37.89733695064677]]",13.60304671360936,6,-250,250,False,False,False
R03ZF,R03ZF_SARF000435,435,14500,FULL_CONTEXT_OFFLINE,R03ZF_SARF000435__FULL_CONTEXT_OFFLINE__R03ZF_I01_T0004,R03ZF_I01_T0004,7,14389,14722,True,R03ZF_I01_T0004,"[[-51.39569525595532, -33.47682732610114]]",17.91886792985418,6,-250,250,False,False,False
R03ZF,R03ZF_SARF000436,436,14533,CAUSAL_REPLAY,R03ZF_SARF000436__CAUSAL_REPLAY__R03ZF_I01_ANON00003,R03ZF_I01_ANON00003,1,14333,14333,False,R03ZF_I01_ANON00003,"[[-51.49991493714688, -37.904836584394644]]",13.595078352752239,0,-250,0,False,False,False
R03ZF,R03ZF_SARF000436,436,14533,CAUSAL_REPLAY,R03ZF_SARF000436__CAUSAL_REPLAY__R03ZF_I01_ANON00004,R03ZF_I01_ANON00004,1,14333,14333,False,R03ZF_I01_ANON00004,"[[-51.50038366425613, -37.89733695064677]]",13.60304671360936,0,-250,0,False,False,False
R03ZF,R03ZF_SARF000436,436,14533,CAUSAL_REPLAY,R03ZF_SARF000436__CAUSAL_REPLAY__R03ZF_I01_T0004,R03ZF_I01_T0004,3,14389,14500,False,R03ZF_I01_T0004,"[[-51.39569525595532, -35.81971665224672]]",15.575978603708599,1,-250,0,False,False,False
R03ZF,R03ZF_SARF000436,436,14533,FIXED_LAG_100MS,R03ZF_SARF000436__FIXED_LAG_100MS__R03ZF_I01_ANON00003,R03ZF_I01_ANON00003,1,14333,14333,False,R03ZF_I01_ANON00003,"[[-51.49991493714688, -37.904836584394644]]",13.595078352752239,0,-250,100,False,False,False
R03ZF,R03ZF_SARF000436,436,14533,FIXED_LAG_100MS,R03ZF_SARF000436__FIXED_LAG_100MS__R03ZF_I01_ANON00004,R03ZF_I01_ANON00004,1,14333,14333,False,R03ZF_I01_ANON00004,"[[-51.50038366425613, -37.89733695064677]]",13.60304671360936,0,-250,100,False,False,False
R03ZF,R03ZF_SARF000436,436,14533,FIXED_LAG_100MS,R03ZF_SARF000436__FIXED_LAG_100MS__R03ZF_I01_T0004,R03ZF_I01_T0004,5,14389,14611,True,R03ZF_I01_T0004,"[[-51.39569525595532, -34.66465302512698]]",16.731042230828336,1,-250,100,False,False,False
R03ZF,R03ZF_SARF000436,436,14533,FULL_CONTEXT_OFFLINE,R03ZF_SARF000436__FULL_CONTEXT_OFFLINE__R03ZF_I01_ANON00003,R03ZF_I01_ANON00003,1,14333,14333,False,R03ZF_I01_ANON00003,"[[-51.49991493714688, -37.904836584394644]]",13.595078352752239,0,-250,250,False,False,False
R03ZF,R03ZF_SARF000436,436,14533,FULL_CONTEXT_OFFLINE,R03ZF_SARF000436__FULL_CONTEXT_OFFLINE__R03ZF_I01_ANON00004,R03ZF_I01_ANON00004,1,14333,14333,False,R03ZF_I01_ANON00004,"[[-51.50038366425613, -37.89733695064677]]",13.60304671360936,0,-250,250,False,False,False
R03ZF,R03ZF_SARF000436,436,14533,FULL_CONTEXT_OFFLINE,R03ZF_SARF000436__FULL_CONTEXT_OFFLINE__R03ZF_I01_T0004,R03ZF_I01_T0004,8,14389,14778,True,R03ZF_I01_T0004,"[[-51.39569525595532, -32.91012119642349]]",18.485574059531828,1,-250,250,False,False,False
R03ZF,R03ZF_SARF000437,437,14567,CAUSAL_REPLAY,R03ZF_SARF000437__CAUSAL_REPLAY__R03ZF_I01_ANON00003,R03ZF_I01_ANON00003,1,14333,14333,False,R03ZF_I01_ANON00003,"[[-51.49991493714688, -37.904836584394644]]",13.595078352752239,5,-250,0,False,False,False
R03ZF,R03ZF_SARF000437,437,14567,CAUSAL_REPLAY,R03ZF_SARF000437__CAUSAL_REPLAY__R03ZF_I01_ANON00004,R03ZF_I01_ANON00004,1,14333,14333,False,R03ZF_I01_ANON00004,"[[-51.50038366425613, -37.89733695064677]]",13.60304671360936,5,-250,0,False,False,False
R03ZF,R03ZF_SARF000437,437,14567,CAUSAL_REPLAY,R03ZF_SARF000437__CAUSAL_REPLAY__R03ZF_I01_T0004,R03ZF_I01_T0004,4,14389,14556,False,R03ZF_I01_T0004,"[[-51.39569525595532, -35.26291523091873]]",16.13278002503659,7,-250,0,False,False,False
R03ZF,R03ZF_SARF000437,437,14567,FIXED_LAG_100MS,R03ZF_SARF000437__FIXED_LAG_100MS__R03ZF_I01_ANON00003,R03ZF_I01_ANON00003,1,14333,14333,False,R03ZF_I01_ANON00003,"[[-51.49991493714688, -37.904836584394644]]",13.595078352752239,5,-250,100,False,False,False
R03ZF,R03ZF_SARF000437,437,14567,FIXED_LAG_100MS,R03ZF_SARF000437__FIXED_LAG_100MS__R03ZF_I01_ANON00004,R03ZF_I01_ANON00004,1,14333,14333,False,R03ZF_I01_ANON00004,"[[-51.50038366425613, -37.89733695064677]]",13.60304671360936,5,-250,100,False,False,False
R03ZF,R03ZF_SARF000437,437,14567,FIXED_LAG_100MS,R03ZF_SARF000437__FIXED_LAG_100MS__R03ZF_I01_T0004,R03ZF_I01_T0004,6,14389,14667,True,R03ZF_I01_T0004,"[[-51.39569525595532, -34.07086244340699]]",17.32483281254833,7,-250,100,False,False,False
R03ZF,R03ZF_SARF000437,437,14567,FULL_CONTEXT_OFFLINE,R03ZF_SARF000437__FULL_CONTEXT_OFFLINE__R03ZF_I01_ANON00003,R03ZF_I01_ANON00003,1,14333,14333,False,R03ZF_I01_ANON00003,"[[-51.49991493714688, -37.904836584394644]]",13.595078352752239,5,-250,250,False,False,False
R03ZF,R03ZF_SARF000437,437,14567,FULL_CONTEXT_OFFLINE,R03ZF_SARF000437__FULL_CONTEXT_OFFLINE__R03ZF_I01_ANON00004,R03ZF_I01_ANON00004,1,14333,14333,False,R03ZF_I01_ANON00004,"[[-51.50038366425613, -37.89733695064677]]",13.60304671360936,5,-250,250,False,False,False
R03ZF,R03ZF_SARF000437,437,14567,FULL_CONTEXT_OFFLINE,R03ZF_SARF000437__FULL_CONTEXT_OFFLINE__R03ZF_I01_T0004,R03ZF_I01_T0004,8,14389,14778,True,R03ZF_I01_T0004,"[[-51.39569525595532, -32.91012119642349]]",18.485574059531828,7,-250,250,False,False,False
R03ZF,R03ZF_SARF000438,438,14600,CAUSAL_REPLAY,R03ZF_SARF000438__CAUSAL_REPLAY__R03ZF_I01_T0004,R03ZF_I01_T0004,4,14389,14556,False,R03ZF_I01_T0004,"[[-51.39569525595532, -35.26291523091873]]",16.13278002503659,13,-250,0,False,False,False
R03ZF,R03ZF_SARF000438,438,14600,FIXED_LAG_100MS,R03ZF_SARF000438__FIXED_LAG_100MS__R03ZF_I01_T0004,R03ZF_I01_T0004,6,14389,14667,True,R03ZF_I01_T0004,"[[-51.39569525595532, -34.07086244340699]]",17.32483281254833,15,-250,100,False,False,False
R03ZF,R03ZF_SARF000438,438,14600,FULL_CONTEXT_OFFLINE,R03ZF_SARF000438__FULL_CONTEXT_OFFLINE__R03ZF_I01_T0004,R03ZF_I01_T0004,9,14389,14833,True,R03ZF_I01_T0004,"[[-51.39569525595532, -32.348303744018395]]",19.047391511936922,16,-250,250,False,False,False
R03ZF,R03ZF_SARF000439,439,14633,CAUSAL_REPLAY,R03ZF_SARF000439__CAUSAL_REPLAY__R03ZF_I01_T0004,R03ZF_I01_T0004,5,14389,14611,False,R03ZF_I01_T0004,"[[-51.39569525595532, -34.66465302512698]]",16.731042230828336,7,-250,0,False,False,False
R03ZF,R03ZF_SARF000439,439,14633,FIXED_LAG_100MS,R03ZF_SARF000439__FIXED_LAG_100MS__R03ZF_I01_T0004,R03ZF_I01_T0004,7,14389,14722,True,R03ZF_I01_T0004,"[[-51.39569525595532, -33.47682732610114]]",17.91886792985418,8,-250,100,False,False,False
R03ZF,R03ZF_SARF000439,439,14633,FULL_CONTEXT_OFFLINE,R03ZF_SARF000439__FULL_CONTEXT_OFFLINE__R03ZF_I01_T0004,R03ZF_I01_T0004,9,14389,14833,True,R03ZF_I01_T0004,"[[-51.39569525595532, -32.348303744018395]]",19.047391511936922,8,-250,250,False,False,False
R03ZF,R03ZF_SARF000440,440,14667,CAUSAL_REPLAY,R03ZF_SARF000440__CAUSAL_REPLAY__R03ZF_I01_T0004,R03ZF_I01_T0004,5,14444,14667,False,R03ZF_I01_T0004,"[[-51.299982938738125, -34.07086244340699]]",17.229120495331138,13,-250,0,False,False,False
R03ZF,R03ZF_SARF000440,440,14667,FIXED_LAG_100MS,R03ZF_SARF000440__FIXED_LAG_100MS__R03ZF_I01_T0004,R03ZF_I01_T0004,6,14444,14722,True,R03ZF_I01_T0004,"[[-51.299982938738125, -33.47682732610114]]",17.823155612636988,13,-250,100,False,False,False
R03ZF,R03ZF_SARF000440,440,14667,FULL_CONTEXT_OFFLINE,R03ZF_SARF000440__FULL_CONTEXT_OFFLINE__R03ZF_I01_T0004,R03ZF_I01_T0004,9,14444,14889,True,R03ZF_I01_T0004,"[[-51.299982938738125, -31.77137472491379]]",19.528608213824334,14,-250,250,False,False,False
R03ZF,R03ZF_SARF000441,441,14700,CAUSAL_REPLAY,R03ZF_SARF000441__CAUSAL_REPLAY__R03ZF_I01_T0004,R03ZF_I01_T0004,4,14500,14667,False,R03ZF_I01_T0004,"[[-51.299982938738125, -34.07086244340699]]",17.229120495331138,8,-250,0,False,False,False
R03ZF,R03ZF_SARF000441,441,14700,FIXED_LAG_100MS,R03ZF_SARF000441__FIXED_LAG_100MS__R03ZF_I01_T0004,R03ZF_I01_T0004,6,14500,14778,True,R03ZF_I01_T0004,"[[-51.299982938738125, -32.91012119642349]]",18.389861742314636,8,-250,100,False,False,False
R03ZF,R03ZF_SARF000441,441,14700,FULL_CONTEXT_OFFLINE,R03ZF_SARF000441__FULL_CONTEXT_OFFLINE__R03ZF_I01_T0004,R03ZF_I01_T0004,9,14500,14944,True,R03ZF_I01_T0004,"[[-51.299982938738125, -31.205440448819232]]",20.094542489918894,8,-250,250,False,False,False
R03ZF,R03ZF_SARF000442,442,14733,CAUSAL_REPLAY,R03ZF_SARF000442__CAUSAL_REPLAY__R03ZF_I01_T0004,R03ZF_I01_T0004,5,14500,14722,False,R03ZF_I01_T0004,"[[-51.299982938738125, -33.47682732610114]]",17.823155612636988,0,-250,0,False,False,False
R03ZF,R03ZF_SARF000442,442,14733,FIXED_LAG_100MS,R03ZF_SARF000442__FIXED_LAG_100MS__R03ZF_I01_T0004,R03ZF_I01_T0004,7,14500,14833,True,R03ZF_I01_T0004,"[[-51.299982938738125, -32.348303744018395]]",18.95167919471973,0,-250,100,False,False,False
R03ZF,R03ZF_SARF000442,442,14733,FULL_CONTEXT_OFFLINE,R03ZF_SARF000442__FULL_CONTEXT_OFFLINE__R03ZF_I01_T0004,R03ZF_I01_T0004,9,14500,14944,True,R03ZF_I01_T0004,"[[-51.299982938738125, -31.205440448819232]]",20.094542489918894,0,-250,250,False,False,False
R03ZF,R03ZF_SARF000443,443,14767,CAUSAL_REPLAY,R03ZF_SARF000443__CAUSAL_REPLAY__R03ZF_I01_T0004,R03ZF_I01_T0004,4,14556,14722,False,R03ZF_I01_T0004,"[[-51.0713192298632, -33.47682732610114]]",17.594491903762062,0,-250,0,False,False,False
R03ZF,R03ZF_SARF000443,443,14767,FIXED_LAG_100MS,R03ZF_SARF000443__FIXED_LAG_100MS__R03ZF_I01_T0004,R03ZF_I01_T0004,6,14556,14833,True,R03ZF_I01_T0004,"[[-51.0713192298632, -32.348303744018395]]",18.723015485844805,0,-250,100,False,False,False
R03ZF,R03ZF_SARF000443,443,14767,FULL_CONTEXT_OFFLINE,R03ZF_SARF000443__FULL_CONTEXT_OFFLINE__R03ZF_I01_T0004,R03ZF_I01_T0004,9,14556,15000,True,R03ZF_I01_T0004,"[[-51.0713192298632, -30.666603644963168]]",20.404715584900032,0,-250,250,False,False,False
R03ZF,R03ZF_SARF000444,444,14800,CAUSAL_REPLAY,R03ZF_SARF000444__CAUSAL_REPLAY__R03ZF_I01_T0004,R03ZF_I01_T0004,5,14556,14778,False,R03ZF_I01_T0004,"[[-51.0713192298632, -32.91012119642349]]",18.16119803343971,0,-250,0,False,False,False
R03ZF,R03ZF_SARF000444,444,14800,FIXED_LAG_100MS,R03ZF_SARF000444__FIXED_LAG_100MS__R03ZF_I01_T0004,R03ZF_I01_T0004,7,14556,14889,True,R03ZF_I01_T0004,"[[-51.0713192298632, -31.77137472491379]]",19.29994450494941,0,-250,100,False,False,False
R03ZF,R03ZF_SARF000444,444,14800,FULL_CONTEXT_OFFLINE,R03ZF_SARF000444__FULL_CONTEXT_OFFLINE__R03ZF_I01_T0004,R03ZF_I01_T0004,9,14556,15000,True,R03ZF_I01_T0004,"[[-51.0713192298632, -30.666603644963168]]",20.404715584900032,0,-250,250,False,False,False
R03ZF,R03ZF_SARF000445,445,14833,CAUSAL_REPLAY,R03ZF_SARF000445__CAUSAL_REPLAY__R03ZF_I01_T0004,R03ZF_I01_T0004,5,14611,14833,False,R03ZF_I01_T0004,"[[-50.63654788016253, -32.348303744018395]]",18.288244136144137,4,-250,0,False,False,False
R03ZF,R03ZF_SARF000445,445,14833,FIXED_LAG_100MS,R03ZF_SARF000445__FIXED_LAG_100MS__R03ZF_I01_T0004,R03ZF_I01_T0004,6,14611,14889,True,R03ZF_I01_T0004,"[[-50.63654788016253, -31.77137472491379]]",18.86517315524874,4,-250,100,False,False,False
R03ZF,R03ZF_SARF000445,445,14833,FULL_CONTEXT_OFFLINE,R03ZF_SARF000445__FULL_CONTEXT_OFFLINE__R03ZF_I01_T0004,R03ZF_I01_T0004,9,14611,15056,True,R03ZF_I01_T0004,"[[-50.63654788016253, -30.074419836988113]]",20.56212804317442,4,-250,250,False,False,False
R03ZF,R03ZF_SARF000446,446,14867,CAUSAL_REPLAY,R03ZF_SARF000446__CAUSAL_REPLAY__R03ZF_I01_T0004,R03ZF_I01_T0004,4,14667,14833,False,R03ZF_I01_T0004,"[[-50.085707267996455, -32.348303744018395]]",17.73740352397806,2,-250,0,False,False,False
R03ZF,R03ZF_SARF000446,446,14867,FIXED_LAG_100MS,R03ZF_SARF000446__FIXED_LAG_100MS__R03ZF_I01_T0004,R03ZF_I01_T0004,6,14667,14944,True,R03ZF_I01_T0004,"[[-50.085707267996455, -31.205440448819232]]",18.880266819177223,2,-250,100,False,False,False
R03ZF,R03ZF_SARF000446,446,14867,FULL_CONTEXT_OFFLINE,R03ZF_SARF000446__FULL_CONTEXT_OFFLINE__R03ZF_I01_T0004,R03ZF_I01_T0004,9,14667,15111,True,R03ZF_I01_T0004,"[[-50.085707267996455, -29.481724172498076]]",20.60398309549838,2,-250,250,False,False,False
R03ZF,R03ZF_SARF000447,447,14900,CAUSAL_REPLAY,R03ZF_SARF000447__CAUSAL_REPLAY__R03ZF_I01_T0004,R03ZF_I01_T0004,5,14667,14889,False,R03ZF_I01_T0004,"[[-50.085707267996455, -31.77137472491379]]",18.314332543082664,4,-250,0,False,False,False
R03ZF,R03ZF_SARF000447,447,14900,FIXED_LAG_100MS,R03ZF_SARF000447__FIXED_LAG_100MS__R03ZF_I01_T0004,R03ZF_I01_T0004,7,14667,15000,True,R03ZF_I01_T0004,"[[-50.085707267996455, -30.666603644963168]]",19.419103623033287,4,-250,100,False,False,False
R03ZF,R03ZF_SARF000447,447,14900,FULL_CONTEXT_OFFLINE,R03ZF_SARF000447__FULL_CONTEXT_OFFLINE__R03ZF_I01_T0004,R03ZF_I01_T0004,9,14667,15111,True,R03ZF_I01_T0004,"[[-50.085707267996455, -29.481724172498076]]",20.60398309549838,4,-250,250,False,False,False
R03ZF,R03ZF_SARF000448,448,14933,CAUSAL_REPLAY,R03ZF_SARF000448__CAUSAL_REPLAY__R03ZF_I01_T0004,R03ZF_I01_T0004,4,14722,14889,False,R03ZF_I01_T0004,"[[-49.48206161742528, -31.77137472491379]]",17.71068689251149,3,-250,0,False,False,False
R03ZF,R03ZF_SARF000448,448,14933,FIXED_LAG_100MS,R03ZF_SARF000448__FIXED_LAG_100MS__R03ZF_I01_T0004,R03ZF_I01_T0004,6,14722,15000,True,R03ZF_I01_T0004,"[[-49.48206161742528, -30.666603644963168]]",18.815457972462113,3,-250,100,False,False,False
R03ZF,R03ZF_SARF000448,448,14933,FULL_CONTEXT_OFFLINE,R03ZF_SARF000448__FULL_CONTEXT_OFFLINE__R03ZF_I01_T0004,R03ZF_I01_T0004,9,14722,15167,True,R03ZF_I01_T0004,"[[-49.48206161742528, -28.89479401420644]]",20.58726760321884,3,-250,250,False,False,False
R03ZF,R03ZF_SARF000449,449,14967,CAUSAL_REPLAY,R03ZF_SARF000449__CAUSAL_REPLAY__R03ZF_I01_T0004,R03ZF_I01_T0004,5,14722,14944,False,R03ZF_I01_T0004,"[[-49.48206161742528, -31.205440448819232]]",18.27662116860605,3,-250,0,False,False,False
R03ZF,R03ZF_SARF000449,449,14967,FIXED_LAG_100MS,R03ZF_SARF000449__FIXED_LAG_100MS__R03ZF_I01_T0004,R03ZF_I01_T0004,7,14722,15056,True,R03ZF_I01_T0004,"[[-49.48206161742528, -30.074419836988113]]",19.407641780437167,3,-250,100,False,False,False
R03ZF,R03ZF_SARF000449,449,14967,FULL_CONTEXT_OFFLINE,R03ZF_SARF000449__FULL_CONTEXT_OFFLINE__R03ZF_I01_T0004,R03ZF_I01_T0004,9,14722,15167,True,R03ZF_I01_T0004,"[[-49.48206161742528, -28.89479401420644]]",20.58726760321884,3,-250,250,False,False,False
R03ZF,R03ZF_SARF000450,450,15000,CAUSAL_REPLAY,R03ZF_SARF000450__CAUSAL_REPLAY__R03ZF_I01_T0004,R03ZF_I01_T0004,5,14778,15000,False,R03ZF_I01_T0004,"[[-48.89601703600295, -30.666603644963168]]",18.229413391039785,3,-250,0,False,False,False
R03ZF,R03ZF_SARF000450,450,15000,FIXED_LAG_100MS,R03ZF_SARF000450__FIXED_LAG_100MS__R03ZF_I01_T0004,R03ZF_I01_T0004,6,14778,15056,True,R03ZF_I01_T0004,"[[-48.89601703600295, -30.074419836988113]]",18.82159719901484,3,-250,100,False,False,False
R03ZF,R03ZF_SARF000450,450,15000,FULL_CONTEXT_OFFLINE,R03ZF_SARF000450__FULL_CONTEXT_OFFLINE__R03ZF_I01_T0004,R03ZF_I01_T0004,9,14778,15222,True,R03ZF_I01_T0004,"[[-48.89601703600295, -28.377935303694855]]",20.518081732308097,3,-250,250,False,False,False
R03ZF,R03ZF_SARF000451,451,15033,CAUSAL_REPLAY,R03ZF_SARF000451__CAUSAL_REPLAY__R03ZF_I01_T0004,R03ZF_I01_T0004,4,14833,15000,False,R03ZF_I01_T0004,"[[-48.2861054153967, -30.666603644963168]]",17.61950177043353,1,-250,0,False,False,False
R03ZF,R03ZF_SARF000451,451,15033,FIXED_LAG_100MS,R03ZF_SARF000451__FIXED_LAG_100MS__R03ZF_I01_T0004,R03ZF_I01_T0004,6,14833,15111,True,R03ZF_I01_T0004,"[[-48.2861054153967, -29.481724172498076]]",18.80438124289862,1,-250,100,False,False,False
R03ZF,R03ZF_SARF000451,451,15033,FULL_CONTEXT_OFFLINE,R03ZF_SARF000451__FULL_CONTEXT_OFFLINE__R03ZF_I01_T0004,R03ZF_I01_T0004,9,14833,15278,True,R03ZF_I01_T0004,"[[-48.2861054153967, -27.81944532550923]]",20.46666008988747,1,-250,250,False,False,False
R03ZF,R03ZF_SARF000452,452,15067,CAUSAL_REPLAY,R03ZF_SARF000452__CAUSAL_REPLAY__R03ZF_I01_T0004,R03ZF_I01_T0004,5,14833,15056,False,R03ZF_I01_T0004,"[[-48.2861054153967, -30.074419836988113]]",18.211685578408584,2,-250,0,False,False,False
R03ZF,R03ZF_SARF000452,452,15067,FIXED_LAG_100MS,R03ZF_SARF000452__FIXED_LAG_100MS__R03ZF_I01_T0004,R03ZF_I01_T0004,7,14833,15167,True,R03ZF_I01_T0004,"[[-48.2861054153967, -28.89479401420644]]",19.391311401190258,2,-250,100,False,False,False
R03ZF,R03ZF_SARF000452,452,15067,FULL_CONTEXT_OFFLINE,R03ZF_SARF000452__FULL_CONTEXT_OFFLINE__R03ZF_I01_T0004,R03ZF_I01_T0004,9,14833,15278,True,R03ZF_I01_T0004,"[[-48.2861054153967, -27.81944532550923]]",20.46666008988747,2,-250,250,False,False,False
R03ZF,R03ZF_SARF000453,453,15100,CAUSAL_REPLAY,R03ZF_SARF000453__CAUSAL_REPLAY__R03ZF_I01_T0004,R03ZF_I01_T0004,4,14889,15056,False,R03ZF_I01_T0004,"[[-47.69712132095242, -30.074419836988113]]",17.622701483964306,4,-250,0,False,False,False
R03ZF,R03ZF_SARF000453,453,15100,FIXED_LAG_100MS,R03ZF_SARF000453__FIXED_LAG_100MS__R03ZF_I01_T0004,R03ZF_I01_T0004,6,14889,15167,True,R03ZF_I01_T0004,"[[-47.69712132095242, -28.89479401420644]]",18.80232730674598,4,-250,100,False,False,False
R03ZF,R03ZF_SARF000453,453,15100,FULL_CONTEXT_OFFLINE,R03ZF_SARF000453__FULL_CONTEXT_OFFLINE__R03ZF_I01_T0004,R03ZF_I01_T0004,9,14889,15333,True,R03ZF_I01_T0004,"[[-47.69712132095242, -27.227884859487304]]",20.469236461465115,4,-250,250,False,False,False
R03ZF,R03ZF_SARF000454,454,15133,CAUSAL_REPLAY,R03ZF_SARF000454__CAUSAL_REPLAY__R03ZF_I01_T0004,R03ZF_I01_T0004,5,14889,15111,False,R03ZF_I01_T0004,"[[-47.69712132095242, -29.481724172498076]]",18.215397148454343,7,-250,0,False,False,False
R03ZF,R03ZF_SARF000454,454,15133,FIXED_LAG_100MS,R03ZF_SARF000454__FIXED_LAG_100MS__R03ZF_I01_T0004,R03ZF_I01_T0004,7,14889,15222,True,R03ZF_I01_T0004,"[[-47.69712132095242, -28.377935303694855]]",19.319186017257564,7,-250,100,False,False,False
R03ZF,R03ZF_SARF000454,454,15133,FULL_CONTEXT_OFFLINE,R03ZF_SARF000454__FULL_CONTEXT_OFFLINE__R03ZF_I01_T0004,R03ZF_I01_T0004,9,14889,15333,True,R03ZF_I01_T0004,"[[-47.69712132095242, -27.227884859487304]]",20.469236461465115,7,-250,250,False,False,False
R03ZF,R03ZF_SARF000455,455,15167,CAUSAL_REPLAY,R03ZF_SARF000455__CAUSAL_REPLAY__R03ZF_I01_T0004,R03ZF_I01_T0004,5,14944,15167,False,R03ZF_I01_T0004,"[[-47.08439774457217, -28.89479401420644]]",18.189603730365732,3,-250,0,False,False,False
R03ZF,R03ZF_SARF000455,455,15167,FIXED_LAG_100MS,R03ZF_SARF000455__FIXED_LAG_100MS__R03ZF_I01_T0004,R03ZF_I01_T0004,6,14944,15222,True,R03ZF_I01_T0004,"[[-47.08439774457217, -28.377935303694855]]",18.706462440877317,3,-250,100,False,False,False
R03ZF,R03ZF_SARF000455,455,15167,FULL_CONTEXT_OFFLINE,R03ZF_SARF000455__FULL_CONTEXT_OFFLINE__R03ZF_I01_T0004,R03ZF_I01_T0004,9,14944,15389,True,R03ZF_I01_T0004,"[[-47.08439774457217, -26.69546945427581]]",20.388928290296363,3,-250,250,False,False,False
R03ZF,R03ZF_SARF000456,456,15200,CAUSAL_REPLAY,R03ZF_SARF000456__CAUSAL_REPLAY__R03ZF_I01_T0004,R03ZF_I01_T0004,4,15000,15167,False,R03ZF_I01_T0004,"[[-46.49806041214529, -28.89479401420644]]",17.603266397938853,4,-250,0,False,False,False
R03ZF,R03ZF_SARF000456,456,15200,FIXED_LAG_100MS,R03ZF_SARF000456__FIXED_LAG_100MS__R03ZF_I01_T0004,R03ZF_I01_T0004,6,15000,15278,True,R03ZF_I01_T0004,"[[-46.49806041214529, -27.81944532550923]]",18.678615086636064,5,-250,100,False,False,False
R03ZF,R03ZF_SARF000456,456,15200,FULL_CONTEXT_OFFLINE,R03ZF_SARF000456__FULL_CONTEXT_OFFLINE__R03ZF_I01_T0004,R03ZF_I01_T0004,9,15000,15444,True,R03ZF_I01_T0004,"[[-46.49806041214529, -26.11919714138297]]",20.378863270762324,6,-250,250,False,False,False
R03ZF,R03ZF_SARF000457,457,15233,CAUSAL_REPLAY,R03ZF_SARF000457__CAUSAL_REPLAY__R03ZF_I01_T0004,R03ZF_I01_T0004,5,15000,15222,False,R03ZF_I01_T0004,"[[-46.49806041214529, -28.377935303694855]]",18.120125108450438,1,-250,0,False,False,False
R03ZF,R03ZF_SARF000457,457,15233,FIXED_LAG_100MS,R03ZF_SARF000457__FIXED_LAG_100MS__R03ZF_I01_T0004,R03ZF_I01_T0004,7,15000,15333,True,R03ZF_I01_T0004,"[[-46.49806041214529, -27.227884859487304]]",19.27017555265799,2,-250,100,False,False,False
R03ZF,R03ZF_SARF000457,457,15233,FULL_CONTEXT_OFFLINE,R03ZF_SARF000457__FULL_CONTEXT_OFFLINE__R03ZF_I01_T0004,R03ZF_I01_T0004,9,15000,15444,True,R03ZF_I01_T0004,"[[-46.49806041214529, -26.11919714138297]]",20.378863270762324,2,-250,250,False,False,False
R03ZF,R03ZF_SARF000458,458,15267,CAUSAL_REPLAY,R03ZF_SARF000458__CAUSAL_REPLAY__R03ZF_I01_T0004,R03ZF_I01_T0004,4,15056,15222,False,R03ZF_I01_T0004,"[[-45.89521957253437, -28.377935303694855]]",17.517284268839518,2,-250,0,False,False,False
R03ZF,R03ZF_SARF000458,458,15267,FIXED_LAG_100MS,R03ZF_SARF000458__FIXED_LAG_100MS__R03ZF_I01_T0004,R03ZF_I01_T0004,6,15056,15333,True,R03ZF_I01_T0004,"[[-45.89521957253437, -27.227884859487304]]",18.66733471304707,2,-250,100,False,False,False
R03ZF,R03ZF_SARF000458,458,15267,FULL_CONTEXT_OFFLINE,R03ZF_SARF000458__FULL_CONTEXT_OFFLINE__R03ZF_I01_T0004,R03ZF_I01_T0004,9,15056,15500,True,R03ZF_I01_T0004,"[[-45.89521957253437, -25.596407730919047]]",20.298811841615326,3,-250,250,False,False,False
R03ZF,R03ZF_SARF000459,459,15300,CAUSAL_REPLAY,R03ZF_SARF000459__CAUSAL_REPLAY__R03ZF_I01_T0004,R03ZF_I01_T0004,5,15056,15278,False,R03ZF_I01_T0004,"[[-45.89521957253437, -27.81944532550923]]",18.075774247025144,1,-250,0,False,False,False
R03ZF,R03ZF_SARF000459,459,15300,FIXED_LAG_100MS,R03ZF_SARF000459__FIXED_LAG_100MS__R03ZF_I01_T0004,R03ZF_I01_T0004,7,15056,15389,True,R03ZF_I01_T0004,"[[-45.89521957253437, -26.69546945427581]]",19.199750118258564,2,-250,100,False,False,False
R03ZF,R03ZF_SARF000459,459,15300,FULL_CONTEXT_OFFLINE,R03ZF_SARF000459__FULL_CONTEXT_OFFLINE__R03ZF_I01_T0004,R03ZF_I01_T0004,9,15056,15500,True,R03ZF_I01_T0004,"[[-45.89521957253437, -25.596407730919047]]",20.298811841615326,2,-250,250,False,False,False
R03ZF,R03ZF_SARF000460,460,15333,CAUSAL_REPLAY,R03ZF_SARF000460__CAUSAL_REPLAY__R03ZF_I01_T0004,R03ZF_I01_T0004,5,15111,15333,False,R03ZF_I01_T0004,"[[-45.30086912232146, -27.227884859487304]]",18.072984262834154,2,-250,0,False,False,False
R03ZF,R03ZF_SARF000460,460,15333,FIXED_LAG_100MS,R03ZF_SARF000460__FIXED_LAG_100MS__R03ZF_I01_T0004,R03ZF_I01_T0004,6,15111,15389,True,R03ZF_I01_T0004,"[[-45.30086912232146, -26.69546945427581]]",18.60539966804565,2,-250,100,False,False,False
R03ZF,R03ZF_SARF000460,460,15333,FULL_CONTEXT_OFFLINE,R03ZF_SARF000460__FULL_CONTEXT_OFFLINE__R03ZF_I01_T0004,R03ZF_I01_T0004,9,15111,15556,True,R03ZF_I01_T0004,"[[-45.30086912232146, -25.079072969439892]]",20.221796152881566,2,-250,250,False,False,False
R03ZF,R03ZF_SARF000461,461,15367,CAUSAL_REPLAY,R03ZF_SARF000461__CAUSAL_REPLAY__R03ZF_I01_T0004,R03ZF_I01_T0004,4,15167,15333,False,R03ZF_I01_T0004,"[[-44.70986730414808, -27.227884859487304]]",17.481982444660773,3,-250,0,False,False,False
R03ZF,R03ZF_SARF000461,461,15367,FIXED_LAG_100MS,R03ZF_SARF000461__FIXED_LAG_100MS__R03ZF_I01_T0004,R03ZF_I01_T0004,6,15167,15444,True,R03ZF_I01_T0004,"[[-44.70986730414808, -26.11919714138297]]",18.590670162765107,3,-250,100,False,False,False
R03ZF,R03ZF_SARF000461,461,15367,FULL_CONTEXT_OFFLINE,R03ZF_SARF000461__FULL_CONTEXT_OFFLINE__R03ZF_I01_T0004,R03ZF_I01_T0004,9,15167,15611,True,R03ZF_I01_T0004,"[[-44.70986730414808, -24.498521894147355]]",20.21134541000072,3,-250,250,False,False,False
R03ZF,R03ZF_SARF000462,462,15400,CAUSAL_REPLAY,R03ZF_SARF000462__CAUSAL_REPLAY__R03ZF_I01_T0004,R03ZF_I01_T0004,5,15167,15389,False,R03ZF_I01_T0004,"[[-44.70986730414808, -26.69546945427581]]",18.014397849872267,3,-250,0,False,False,False
R03ZF,R03ZF_SARF000462,462,15400,FIXED_LAG_100MS,R03ZF_SARF000462__FIXED_LAG_100MS__R03ZF_I01_T0004,R03ZF_I01_T0004,7,15167,15500,True,R03ZF_I01_T0004,"[[-44.70986730414808, -25.596407730919047]]",19.11345957322903,3,-250,100,False,False,False
R03ZF,R03ZF_SARF000462,462,15400,FULL_CONTEXT_OFFLINE,R03ZF_SARF000462__FULL_CONTEXT_OFFLINE__R03ZF_I01_T0004,R03ZF_I01_T0004,9,15167,15611,True,R03ZF_I01_T0004,"[[-44.70986730414808, -24.498521894147355]]",20.21134541000072,3,-250,250,False,False,False
R03ZF,R03ZF_SARF000463,463,15433,CAUSAL_REPLAY,R03ZF_SARF000463__CAUSAL_REPLAY__R03ZF_I01_T0004,R03ZF_I01_T0004,4,15222,15389,False,R03ZF_I01_T0004,"[[-44.11943308520742, -26.69546945427581]]",17.42396363093161,2,-250,0,False,False,False
R03ZF,R03ZF_SARF000463,463,15433,FIXED_LAG_100MS,R03ZF_SARF000463__FIXED_LAG_100MS__R03ZF_I01_T0004,R03ZF_I01_T0004,6,15222,15500,True,R03ZF_I01_T0004,"[[-44.11943308520742, -25.596407730919047]]",18.52302535428837,3,-250,100,False,False,False
R03ZF,R03ZF_SARF000463,463,15433,FULL_CONTEXT_OFFLINE,R03ZF_SARF000463__FULL_CONTEXT_OFFLINE__R03ZF_I01_T0004,R03ZF_I01_T0004,9,15222,15667,True,R03ZF_I01_T0004,"[[-44.11943308520742, -24.135312092800184]]",19.984120992407234,3,-250,250,False,False,False
R03ZF,R03ZF_SARF000464,464,15467,CAUSAL_REPLAY,R03ZF_SARF000464__CAUSAL_REPLAY__R03ZF_I01_T0004,R03ZF_I01_T0004,5,15222,15444,False,R03ZF_I01_T0004,"[[-44.11943308520742, -26.11919714138297]]",18.00023594382445,4,-250,0,False,False,False
R03ZF,R03ZF_SARF000464,464,15467,FIXED_LAG_100MS,R03ZF_SARF000464__FIXED_LAG_100MS__R03ZF_I01_T0004,R03ZF_I01_T0004,7,15222,15556,True,R03ZF_I01_T0004,"[[-44.11943308520742, -25.079072969439892]]",19.040360115767527,4,-250,100,False,False,False
R03ZF,R03ZF_SARF000464,464,15467,FULL_CONTEXT_OFFLINE,R03ZF_SARF000464__FULL_CONTEXT_OFFLINE__R03ZF_I01_T0004,R03ZF_I01_T0004,9,15222,15667,True,R03ZF_I01_T0004,"[[-44.11943308520742, -24.135312092800184]]",19.984120992407234,6,-250,250,False,False,False
R03ZF,R03ZF_SARF000465,465,15500,CAUSAL_REPLAY,R03ZF_SARF000465__CAUSAL_REPLAY__R03ZF_I01_T0004,R03ZF_I01_T0004,5,15278,15500,False,R03ZF_I01_T0004,"[[-43.56413386916573, -25.596407730919047]]",17.967726138246682,4,-250,0,False,False,False
R03ZF,R03ZF_SARF000465,465,15500,FIXED_LAG_100MS,R03ZF_SARF000465__FIXED_LAG_100MS__R03ZF_I01_T0004,R03ZF_I01_T0004,6,15278,15556,True,R03ZF_I01_T0004,"[[-43.56413386916573, -25.079072969439892]]",18.485060899725838,4,-250,100,False,False,False
R03ZF,R03ZF_SARF000465,465,15500,FULL_CONTEXT_OFFLINE,R03ZF_SARF000465__FULL_CONTEXT_OFFLINE__R03ZF_I01_T0004,R03ZF_I01_T0004,9,15278,15722,True,R03ZF_I01_T0004,"[[-43.56413386916573, -23.457026532658364]]",20.107107336507365,6,-250,250,False,False,False
R03ZF,R03ZF_SARF000466,466,15533,CAUSAL_REPLAY,R03ZF_SARF000466__CAUSAL_REPLAY__R03ZF_I01_T0004,R03ZF_I01_T0004,4,15333,15500,False,R03ZF_I01_T0004,"[[-42.9437963254292, -25.596407730919047]]",17.34738859451015,1,-250,0,False,False,False
R03ZF,R03ZF_SARF000466,466,15533,FIXED_LAG_100MS,R03ZF_SARF000466__FIXED_LAG_100MS__R03ZF_I01_T0004,R03ZF_I01_T0004,6,15333,15611,True,R03ZF_I01_T0004,"[[-42.9437963254292, -24.498521894147355]]",18.44527443128184,1,-250,100,False,False,False
R03ZF,R03ZF_SARF000466,466,15533,FULL_CONTEXT_OFFLINE,R03ZF_SARF000466__FULL_CONTEXT_OFFLINE__R03ZF_I01_T0004,R03ZF_I01_T0004,9,15333,15778,True,R03ZF_I01_T0004,"[[-42.9437963254292, -22.807380524395363]]",20.136415801033834,2,-250,250,False,False,False
R03ZF,R03ZF_SARF000467,467,15567,CAUSAL_REPLAY,R03ZF_SARF000467__CAUSAL_REPLAY__R03ZF_I01_T0004,R03ZF_I01_T0004,5,15333,15556,False,R03ZF_I01_T0004,"[[-42.9437963254292, -25.079072969439892]]",17.864723355989305,5,-250,0,False,False,False
R03ZF,R03ZF_SARF000467,467,15567,FIXED_LAG_100MS,R03ZF_SARF000467__FIXED_LAG_100MS__R03ZF_I01_T0004,R03ZF_I01_T0004,7,15333,15667,True,R03ZF_I01_T0004,"[[-42.9437963254292, -24.135312092800184]]",18.808484232629013,6,-250,100,False,False,False
R03ZF,R03ZF_SARF000467,467,15567,FULL_CONTEXT_OFFLINE,R03ZF_SARF000467__FULL_CONTEXT_OFFLINE__R03ZF_I01_T0004,R03ZF_I01_T0004,9,15333,15778,True,R03ZF_I01_T0004,"[[-42.9437963254292, -22.807380524395363]]",20.136415801033834,6,-250,250,False,False,False
R03ZF,R03ZF_SARF000468,468,15600,CAUSAL_REPLAY,R03ZF_SARF000468__CAUSAL_REPLAY__R03ZF_I01_T0004,R03ZF_I01_T0004,4,15389,15556,False,R03ZF_I01_T0004,"[[-42.37651527265783, -25.079072969439892]]",17.297442303217935,4,-250,0,False,False,False
R03ZF,R03ZF_SARF000468,468,15600,FIXED_LAG_100MS,R03ZF_SARF000468__FIXED_LAG_100MS__R03ZF_I01_T0004,R03ZF_I01_T0004,6,15389,15667,True,R03ZF_I01_T0004,"[[-42.37651527265783, -24.135312092800184]]",18.241203179857642,4,-250,100,False,False,False
R03ZF,R03ZF_SARF000468,468,15600,FULL_CONTEXT_OFFLINE,R03ZF_SARF000468__FULL_CONTEXT_OFFLINE__R03ZF_I01_T0004,R03ZF_I01_T0004,9,15389,15833,True,R03ZF_I01_T0004,"[[-42.37651527265783, -22.39654772324505]]",19.979967549412777,5,-250,250,False,False,False
R03ZF,R03ZF_SARF000469,469,15633,CAUSAL_REPLAY,R03ZF_SARF000469__CAUSAL_REPLAY__R03ZF_I01_T0004,R03ZF_I01_T0004,5,15389,15611,False,R03ZF_I01_T0004,"[[-42.37651527265783, -24.498521894147355]]",17.87799337851047,3,-250,0,False,False,False
R03ZF,R03ZF_SARF000469,469,15633,FIXED_LAG_100MS,R03ZF_SARF000469__FIXED_LAG_100MS__R03ZF_I01_T0004,R03ZF_I01_T0004,7,15389,15722,True,R03ZF_I01_T0004,"[[-42.37651527265783, -23.457026532658364]]",18.919488739999462,3,-250,100,False,False,False
R03ZF,R03ZF_SARF000469,469,15633,FULL_CONTEXT_OFFLINE,R03ZF_SARF000469__FULL_CONTEXT_OFFLINE__R03ZF_I01_T0004,R03ZF_I01_T0004,9,15389,15833,True,R03ZF_I01_T0004,"[[-42.37651527265783, -22.39654772324505]]",19.979967549412777,4,-250,250,False,False,False
R03ZF,R03ZF_SARF000470,470,15667,CAUSAL_REPLAY,R03ZF_SARF000470__CAUSAL_REPLAY__R03ZF_I01_T0004,R03ZF_I01_T0004,5,15444,15667,False,R03ZF_I01_T0004,"[[-41.76347148079562, -24.135312092800184]]",17.62815938799544,1,-250,0,False,False,False
R03ZF,R03ZF_SARF000470,470,15667,FIXED_LAG_100MS,R03ZF_SARF000470__FIXED_LAG_100MS__R03ZF_I01_T0004,R03ZF_I01_T0004,6,15444,15722,True,R03ZF_I01_T0004,"[[-41.76347148079562, -23.457026532658364]]",18.30644494813726,1,-250,100,False,False,False
R03ZF,R03ZF_SARF000470,470,15667,FULL_CONTEXT_OFFLINE,R03ZF_SARF000470__FULL_CONTEXT_OFFLINE__R03ZF_I01_T0004,R03ZF_I01_T0004,9,15444,15889,True,R03ZF_I01_T0004,"[[-41.76347148079562, -21.861658480512553]]",19.90181300028307,2,-250,250,False,False,False
R03ZF,R03ZF_SARF000471,471,15700,CAUSAL_REPLAY,R03ZF_SARF000471__CAUSAL_REPLAY__R03ZF_I01_T0004,R03ZF_I01_T0004,4,15500,15667,False,R03ZF_I01_T0004,"[[-41.179443199014614, -24.135312092800184]]",17.04413110621443,6,-250,0,False,False,False
R03ZF,R03ZF_SARF000471,471,15700,FIXED_LAG_100MS,R03ZF_SARF000471__FIXED_LAG_100MS__R03ZF_I01_T0004,R03ZF_I01_T0004,6,15500,15778,True,R03ZF_I01_T0004,"[[-41.179443199014614, -22.807380524395363]]",18.37206267461925,6,-250,100,False,False,False
R03ZF,R03ZF_SARF000471,471,15700,FULL_CONTEXT_OFFLINE,R03ZF_SARF000471__FULL_CONTEXT_OFFLINE__R03ZF_I01_T0004,R03ZF_I01_T0004,9,15500,15944,True,R03ZF_I01_T0004,"[[-41.179443199014614, -21.137813621867338]]",20.041629577147276,6,-250,250,False,False,False
R03ZF,R03ZF_SARF000472,472,15733,CAUSAL_REPLAY,R03ZF_SARF000472__CAUSAL_REPLAY__R03ZF_I01_T0004,R03ZF_I01_T0004,5,15500,15722,False,R03ZF_I01_T0004,"[[-41.179443199014614, -23.457026532658364]]",17.72241666635625,4,-250,0,False,False,False
R03ZF,R03ZF_SARF000472,472,15733,FIXED_LAG_100MS,R03ZF_SARF000472__FIXED_LAG_100MS__R03ZF_I01_T0004,R03ZF_I01_T0004,7,15500,15833,True,R03ZF_I01_T0004,"[[-41.179443199014614, -22.39654772324505]]",18.782895475769564,4,-250,100,False,False,False
R03ZF,R03ZF_SARF000472,472,15733,FULL_CONTEXT_OFFLINE,R03ZF_SARF000472__FULL_CONTEXT_OFFLINE__R03ZF_I01_T0004,R03ZF_I01_T0004,9,15500,15944,True,R03ZF_I01_T0004,"[[-41.179443199014614, -21.137813621867338]]",20.041629577147276,4,-250,250,False,False,False
R03ZF,R03ZF_SARF000473,473,15767,CAUSAL_REPLAY,R03ZF_SARF000473__CAUSAL_REPLAY__R03ZF_I01_T0004,R03ZF_I01_T0004,4,15556,15722,False,R03ZF_I01_T0004,"[[-40.59805476227413, -23.457026532658364]]",17.141028229615767,3,-250,0,False,False,False
R03ZF,R03ZF_SARF000473,473,15767,FIXED_LAG_100MS,R03ZF_SARF000473__FIXED_LAG_100MS__R03ZF_I01_T0004,R03ZF_I01_T0004,6,15556,15833,True,R03ZF_I01_T0004,"[[-40.59805476227413, -22.39654772324505]]",18.20150703902908,4,-250,100,False,False,False
R03ZF,R03ZF_SARF000473,473,15767,FULL_CONTEXT_OFFLINE,R03ZF_SARF000473__FULL_CONTEXT_OFFLINE__R03ZF_I01_T0004,R03ZF_I01_T0004,9,15556,16000,True,R03ZF_I01_T0004,"[[-40.59805476227413, -20.543330935274984]]",20.054723826999147,4,-250,250,False,False,False
R03ZF,R03ZF_SARF000474,474,15800,CAUSAL_REPLAY,R03ZF_SARF000474__CAUSAL_REPLAY__R03ZF_I01_T0004,R03ZF_I01_T0004,5,15556,15778,False,R03ZF_I01_T0004,"[[-40.59805476227413, -22.807380524395363]]",17.79067423787877,2,-250,0,False,False,False
R03ZF,R03ZF_SARF000474,474,15800,FIXED_LAG_100MS,R03ZF_SARF000474__FIXED_LAG_100MS__R03ZF_I01_T0004,R03ZF_I01_T0004,7,15556,15889,True,R03ZF_I01_T0004,"[[-40.59805476227413, -21.861658480512553]]",18.73639628176158,2,-250,100,False,False,False
R03ZF,R03ZF_SARF000474,474,15800,FULL_CONTEXT_OFFLINE,R03ZF_SARF000474__FULL_CONTEXT_OFFLINE__R03ZF_I01_T0004,R03ZF_I01_T0004,9,15556,16000,True,R03ZF_I01_T0004,"[[-40.59805476227413, -20.543330935274984]]",20.054723826999147,3,-250,250,False,False,False
R03ZF,R03ZF_SARF000475,475,15833,CAUSAL_REPLAY,R03ZF_SARF000475__CAUSAL_REPLAY__R03ZF_I01_T0004,R03ZF_I01_T0004,5,15611,15833,False,R03ZF_I01_T0004,"[[-40.01238512185051, -22.39654772324505]]",17.615837398605457,5,-250,0,False,False,False
R03ZF,R03ZF_SARF000475,475,15833,FIXED_LAG_100MS,R03ZF_SARF000475__FIXED_LAG_100MS__R03ZF_I01_T0004,R03ZF_I01_T0004,6,15611,15889,True,R03ZF_I01_T0004,"[[-40.01238512185051, -21.861658480512553]]",18.150726641337954,5,-250,100,False,False,False
R03ZF,R03ZF_SARF000475,475,15833,FULL_CONTEXT_OFFLINE,R03ZF_SARF000475__FULL_CONTEXT_OFFLINE__R03ZF_I01_T0004,R03ZF_I01_T0004,9,15611,16056,True,R03ZF_I01_T0004,"[[-40.01238512185051, -20.015145466719634]]",19.997239655130873,6,-250,250,False,False,False
R03ZF,R03ZF_SARF000476,476,15867,CAUSAL_REPLAY,R03ZF_SARF000476__CAUSAL_REPLAY__R03ZF_I01_T0004,R03ZF_I01_T0004,4,15667,15833,False,R03ZF_I01_T0004,"[[-39.48275603889951, -22.39654772324505]]",17.08620831565446,7,-250,0,False,False,False
R03ZF,R03ZF_SARF000476,476,15867,FIXED_LAG_100MS,R03ZF_SARF000476__FIXED_LAG_100MS__R03ZF_I01_T0004,R03ZF_I01_T0004,6,15667,15944,True,R03ZF_I01_T0004,"[[-39.48275603889951, -21.137813621867338]]",18.344942417032172,8,-250,100,False,False,False
R03ZF,R03ZF_SARF000476,476,15867,FULL_CONTEXT_OFFLINE,R03ZF_SARF000476__FULL_CONTEXT_OFFLINE__R03ZF_I01_T0004,R03ZF_I01_T0004,9,15667,16111,True,R03ZF_I01_T0004,"[[-39.48275603889951, -19.516255442491936]]",19.966500596407574,8,-250,250,False,False,False
R03ZF,R03ZF_SARF000477,477,15900,CAUSAL_REPLAY,R03ZF_SARF000477__CAUSAL_REPLAY__R03ZF_I01_T0004,R03ZF_I01_T0004,5,15667,15889,False,R03ZF_I01_T0004,"[[-39.48275603889951, -21.861658480512553]]",17.621097558386957,8,-250,0,False,False,False
R03ZF,R03ZF_SARF000477,477,15900,FIXED_LAG_100MS,R03ZF_SARF000477__FIXED_LAG_100MS__R03ZF_I01_T0004,R03ZF_I01_T0004,7,15667,16000,True,R03ZF_I01_T0004,"[[-39.48275603889951, -20.543330935274984]]",18.939425103624526,8,-250,100,False,False,False
R03ZF,R03ZF_SARF000477,477,15900,FULL_CONTEXT_OFFLINE,R03ZF_SARF000477__FULL_CONTEXT_OFFLINE__R03ZF_I01_T0004,R03ZF_I01_T0004,9,15667,16111,True,R03ZF_I01_T0004,"[[-39.48275603889951, -19.516255442491936]]",19.966500596407574,8,-250,250,False,False,False
R03ZF,R03ZF_SARF000478,478,15933,CAUSAL_REPLAY,R03ZF_SARF000478__CAUSAL_REPLAY__R03ZF_I01_T0004,R03ZF_I01_T0004,4,15722,15889,False,R03ZF_I01_T0004,"[[-38.908836312937055, -21.861658480512553]]",17.047177832424502,6,-250,0,False,False,False
R03ZF,R03ZF_SARF000478,478,15933,FIXED_LAG_100MS,R03ZF_SARF000478__FIXED_LAG_100MS__R03ZF_I01_T0004,R03ZF_I01_T0004,6,15722,16000,True,R03ZF_I01_T0004,"[[-38.908836312937055, -20.543330935274984]]",18.36550537766207,6,-250,100,False,False,False
R03ZF,R03ZF_SARF000478,478,15933,FULL_CONTEXT_OFFLINE,R03ZF_SARF000478__FULL_CONTEXT_OFFLINE__R03ZF_I01_T0004,R03ZF_I01_T0004,9,15722,16167,True,R03ZF_I01_T0004,"[[-38.908836312937055, -18.940279339090736]]",19.96855697384632,6,-250,250,False,False,False
R03ZF,R03ZF_SARF000479,479,15967,CAUSAL_REPLAY,R03ZF_SARF000479__CAUSAL_REPLAY__R03ZF_I01_T0004,R03ZF_I01_T0004,5,15722,15944,False,R03ZF_I01_T0004,"[[-38.908836312937055, -21.137813621867338]]",17.771022691069717,4,-250,0,False,False,False
R03ZF,R03ZF_SARF000479,479,15967,FIXED_LAG_100MS,R03ZF_SARF000479__FIXED_LAG_100MS__R03ZF_I01_T0004,R03ZF_I01_T0004,7,15722,16056,True,R03ZF_I01_T0004,"[[-38.908836312937055, -20.015145466719634]]",18.89369084621742,4,-250,100,False,False,False
R03ZF,R03ZF_SARF000479,479,15967,FULL_CONTEXT_OFFLINE,R03ZF_SARF000479__FULL_CONTEXT_OFFLINE__R03ZF_I01_T0004,R03ZF_I01_T0004,9,15722,16167,True,R03ZF_I01_T0004,"[[-38.908836312937055, -18.940279339090736]]",19.96855697384632,4,-250,250,False,False,False
R03ZF,R03ZF_SARF000480,480,16000,CAUSAL_REPLAY,R03ZF_SARF000480__CAUSAL_REPLAY__R03ZF_I01_T0004,R03ZF_I01_T0004,5,15778,16000,False,R03ZF_I01_T0004,"[[-38.32292417133489, -20.543330935274984]]",17.779593236059906,6,-250,0,False,False,False
R03ZF,R03ZF_SARF000480,480,16000,FIXED_LAG_100MS,R03ZF_SARF000480__FIXED_LAG_100MS__R03ZF_I01_T0004,R03ZF_I01_T0004,6,15778,16056,True,R03ZF_I01_T0004,"[[-38.32292417133489, -20.015145466719634]]",18.307778704615256,7,-250,100,False,False,False
R03ZF,R03ZF_SARF000480,480,16000,FULL_CONTEXT_OFFLINE,R03ZF_SARF000480__FULL_CONTEXT_OFFLINE__R03ZF_I01_T0004,R03ZF_I01_T0004,9,15778,16222,True,R03ZF_I01_T0004,"[[-38.32292417133489, -18.31973184466869]]",20.0031923266662,7,-250,250,False,False,False
R03ZF,R03ZF_SARF000481,481,16033,CAUSAL_REPLAY,R03ZF_SARF000481__CAUSAL_REPLAY__R03ZF_I01_T0004,R03ZF_I01_T0004,4,15833,16000,False,R03ZF_I01_T0004,"[[-37.76760542499632, -20.543330935274984]]",17.224274489721335,5,-250,0,False,False,False
R03ZF,R03ZF_SARF000481,481,16033,FIXED_LAG_100MS,R03ZF_SARF000481__FIXED_LAG_100MS__R03ZF_I01_T0004,R03ZF_I01_T0004,6,15833,16111,True,R03ZF_I01_T0004,"[[-37.76760542499632, -19.516255442491936]]",18.251349982504383,5,-250,100,False,False,False
R03ZF,R03ZF_SARF000481,481,16033,FULL_CONTEXT_OFFLINE,R03ZF_SARF000481__FULL_CONTEXT_OFFLINE__R03ZF_I01_T0004,R03ZF_I01_T0004,9,15833,16278,True,R03ZF_I01_T0004,"[[-37.76760542499632, -17.83026193331769]]",19.93734349167863,5,-250,250,False,False,False
R03ZF,R03ZF_SARF000482,482,16067,CAUSAL_REPLAY,R03ZF_SARF000482__CAUSAL_REPLAY__R03ZF_I01_T0004,R03ZF_I01_T0004,5,15833,16056,False,R03ZF_I01_T0004,"[[-37.76760542499632, -20.015145466719634]]",17.752459958276685,5,-250,0,False,False,False
R03ZF,R03ZF_SARF000482,482,16067,FIXED_LAG_100MS,R03ZF_SARF000482__FIXED_LAG_100MS__R03ZF_I01_T0004,R03ZF_I01_T0004,7,15833,16167,True,R03ZF_I01_T0004,"[[-37.76760542499632, -18.940279339090736]]",18.827326085905582,5,-250,100,False,False,False
R03ZF,R03ZF_SARF000482,482,16067,FULL_CONTEXT_OFFLINE,R03ZF_SARF000482__FULL_CONTEXT_OFFLINE__R03ZF_I01_T0004,R03ZF_I01_T0004,9,15833,16278,True,R03ZF_I01_T0004,"[[-37.76760542499632, -17.83026193331769]]",19.93734349167863,5,-250,250,False,False,False
R03ZF,R03ZF_SARF000483,483,16100,CAUSAL_REPLAY,R03ZF_SARF000483__CAUSAL_REPLAY__R03ZF_I01_T0004,R03ZF_I01_T0004,4,15889,16056,False,R03ZF_I01_T0004,"[[-37.146895178106455, -20.015145466719634]]",17.13174971138682,6,-250,0,False,False,False
R03ZF,R03ZF_SARF000483,483,16100,FIXED_LAG_100MS,R03ZF_SARF000483__FIXED_LAG_100MS__R03ZF_I01_T0004,R03ZF_I01_T0004,6,15889,16167,True,R03ZF_I01_T0004,"[[-37.146895178106455, -18.940279339090736]]",18.20661583901572,6,-250,100,False,False,False
R03ZF,R03ZF_SARF000483,483,16100,FULL_CONTEXT_OFFLINE,R03ZF_SARF000483__FULL_CONTEXT_OFFLINE__R03ZF_I01_T0004,R03ZF_I01_T0004,9,15889,16333,True,R03ZF_I01_T0004,"[[-37.146895178106455, -17.267498075309927]]",19.879397102796528,7,-250,250,False,False,False
R03ZF,R03ZF_SARF000484,484,16133,CAUSAL_REPLAY,R03ZF_SARF000484__CAUSAL_REPLAY__R03ZF_I01_T0004,R03ZF_I01_T0004,5,15889,16111,False,R03ZF_I01_T0004,"[[-37.146895178106455, -19.516255442491936]]",17.63063973561452,5,-250,0,False,False,False
R03ZF,R03ZF_SARF000484,484,16133,FIXED_LAG_100MS,R03ZF_SARF000484__FIXED_LAG_100MS__R03ZF_I01_T0004,R03ZF_I01_T0004,7,15889,16222,True,R03ZF_I01_T0004,"[[-37.146895178106455, -18.31973184466869]]",18.827163333437763,5,-250,100,False,False,False
R03ZF,R03ZF_SARF000484,484,16133,FULL_CONTEXT_OFFLINE,R03ZF_SARF000484__FULL_CONTEXT_OFFLINE__R03ZF_I01_T0004,R03ZF_I01_T0004,9,15889,16333,True,R03ZF_I01_T0004,"[[-37.146895178106455, -17.267498075309927]]",19.879397102796528,5,-250,250,False,False,False
R03ZF,R03ZF_SARF000485,485,16167,CAUSAL_REPLAY,R03ZF_SARF000485__CAUSAL_REPLAY__R03ZF_I01_T0004,R03ZF_I01_T0004,5,15944,16167,False,R03ZF_I01_T0004,"[[-36.560734025227674, -18.940279339090736]]",17.620454686136938,4,-250,0,False,False,False
R03ZF,R03ZF_SARF000485,485,16167,FIXED_LAG_100MS,R03ZF_SARF000485__FIXED_LAG_100MS__R03ZF_I01_T0004,R03ZF_I01_T0004,6,15944,16222,True,R03ZF_I01_T0004,"[[-36.560734025227674, -18.31973184466869]]",18.241002180558983,5,-250,100,False,False,False
R03ZF,R03ZF_SARF000485,485,16167,FULL_CONTEXT_OFFLINE,R03ZF_SARF000485__FULL_CONTEXT_OFFLINE__R03ZF_I01_T0004,R03ZF_I01_T0004,9,15944,16389,True,R03ZF_I01_T0004,"[[-36.560734025227674, -16.674019571445303]]",19.88671445378237,5,-250,250,False,False,False
R03ZF,R03ZF_SARF000486,486,16200,CAUSAL_REPLAY,R03ZF_SARF000486__CAUSAL_REPLAY__R03ZF_I01_T0004,R03ZF_I01_T0004,4,16000,16167,False,R03ZF_I01_T0004,"[[-36.0033279784805, -18.940279339090736]]",17.063048639389763,5,-250,0,False,False,False
R03ZF,R03ZF_SARF000486,486,16200,FIXED_LAG_100MS,R03ZF_SARF000486__FIXED_LAG_100MS__R03ZF_I01_T0004,R03ZF_I01_T0004,6,16000,16278,True,R03ZF_I01_T0004,"[[-36.0033279784805, -17.83026193331769]]",18.17306604516281,5,-250,100,False,False,False
R03ZF,R03ZF_SARF000486,486,16200,FULL_CONTEXT_OFFLINE,R03ZF_SARF000486__FULL_CONTEXT_OFFLINE__R03ZF_I01_T0004,R03ZF_I01_T0004,9,16000,16444,True,R03ZF_I01_T0004,"[[-36.0033279784805, -16.16167154559925]]",19.841656432881248,5,-250,250,False,False,False
R03ZF,R03ZF_SARF000487,487,16233,CAUSAL_REPLAY,R03ZF_SARF000487__CAUSAL_REPLAY__R03ZF_I01_T0004,R03ZF_I01_T0004,5,16000,16222,False,R03ZF_I01_T0004,"[[-36.0033279784805, -18.31973184466869]]",17.683596133811808,3,-250,0,False,False,False
R03ZF,R03ZF_SARF000487,487,16233,FIXED_LAG_100MS,R03ZF_SARF000487__FIXED_LAG_100MS__R03ZF_I01_T0004,R03ZF_I01_T0004,7,16000,16333,True,R03ZF_I01_T0004,"[[-36.0033279784805, -17.267498075309927]]",18.735829903170572,3,-250,100,False,False,False
R03ZF,R03ZF_SARF000487,487,16233,FULL_CONTEXT_OFFLINE,R03ZF_SARF000487__FULL_CONTEXT_OFFLINE__R03ZF_I01_T0004,R03ZF_I01_T0004,9,16000,16444,True,R03ZF_I01_T0004,"[[-36.0033279784805, -16.16167154559925]]",19.841656432881248,3,-250,250,False,False,False
R03ZF,R03ZF_SARF000488,488,16267,CAUSAL_REPLAY,R03ZF_SARF000488__CAUSAL_REPLAY__R03ZF_I01_T0004,R03ZF_I01_T0004,4,16056,16222,False,R03ZF_I01_T0004,"[[-35.44475336900926, -18.31973184466869]]",17.12502152434057,4,-250,0,False,False,False
R03ZF,R03ZF_SARF000488,488,16267,FIXED_LAG_100MS,R03ZF_SARF000488__FIXED_LAG_100MS__R03ZF_I01_T0004,R03ZF_I01_T0004,6,16056,16333,True,R03ZF_I01_T0004,"[[-35.44475336900926, -17.267498075309927]]",18.177255293699336,4,-250,100,False,False,False
R03ZF,R03ZF_SARF000488,488,16267,FULL_CONTEXT_OFFLINE,R03ZF_SARF000488__FULL_CONTEXT_OFFLINE__R03ZF_I01_T0004,R03ZF_I01_T0004,9,16056,16500,True,R03ZF_I01_T0004,"[[-35.44475336900926, -15.591865388279892]]",19.85288798072937,4,-250,250,False,False,False
R03ZF,R03ZF_SARF000489,489,16300,CAUSAL_REPLAY,R03ZF_SARF000489__CAUSAL_REPLAY__R03ZF_I01_T0004,R03ZF_I01_T0004,5,16056,16278,False,R03ZF_I01_T0004,"[[-35.44475336900926, -17.83026193331769]]",17.614491435691573,6,-250,0,False,False,False
R03ZF,R03ZF_SARF000489,489,16300,FIXED_LAG_100MS,R03ZF_SARF000489__FIXED_LAG_100MS__R03ZF_I01_T0004,R03ZF_I01_T0004,7,16056,16389,True,R03ZF_I01_T0004,"[[-35.44475336900926, -16.674019571445303]]",18.77073379756396,6,-250,100,False,False,False
R03ZF,R03ZF_SARF000489,489,16300,FULL_CONTEXT_OFFLINE,R03ZF_SARF000489__FULL_CONTEXT_OFFLINE__R03ZF_I01_T0004,R03ZF_I01_T0004,9,16056,16500,True,R03ZF_I01_T0004,"[[-35.44475336900926, -15.591865388279892]]",19.85288798072937,6,-250,250,False,False,False
R03ZF,R03ZF_SARF000490,490,16333,CAUSAL_REPLAY,R03ZF_SARF000490__CAUSAL_REPLAY__R03ZF_I01_T0004,R03ZF_I01_T0004,5,16111,16333,False,R03ZF_I01_T0004,"[[-34.895457277766965, -17.267498075309927]]",17.62795920245704,7,-250,0,False,False,False
R03ZF,R03ZF_SARF000490,490,16333,FIXED_LAG_100MS,R03ZF_SARF000490__FIXED_LAG_100MS__R03ZF_I01_T0004,R03ZF_I01_T0004,6,16111,16389,True,R03ZF_I01_T0004,"[[-34.895457277766965, -16.674019571445303]]",18.221437706321662,7,-250,100,False,False,False
R03ZF,R03ZF_SARF000490,490,16333,FULL_CONTEXT_OFFLINE,R03ZF_SARF000490__FULL_CONTEXT_OFFLINE__R03ZF_I01_T0004,R03ZF_I01_T0004,8,16111,16500,True,R03ZF_I01_T0004,"[[-34.895457277766965, -15.591865388279892]]",19.303591889487073,7,-250,250,False,False,False
R03ZF,R03ZF_SARF000491,491,16367,CAUSAL_REPLAY,R03ZF_SARF000491__CAUSAL_REPLAY__R03ZF_I01_T0004,R03ZF_I01_T0004,4,16167,16333,False,R03ZF_I01_T0004,"[[-34.326896176830694, -17.267498075309927]]",17.059398101520767,6,-250,0,False,False,False
R03ZF,R03ZF_SARF000491,491,16367,FIXED_LAG_100MS,R03ZF_SARF000491__FIXED_LAG_100MS__R03ZF_I01_T0004,R03ZF_I01_T0004,6,16167,16444,True,R03ZF_I01_T0004,"[[-34.326896176830694, -16.16167154559925]]",18.165224631231442,6,-250,100,False,False,False
R03ZF,R03ZF_SARF000491,491,16367,FULL_CONTEXT_OFFLINE,R03ZF_SARF000491__FULL_CONTEXT_OFFLINE__R03ZF_I01_T0004,R03ZF_I01_T0004,7,16167,16500,True,R03ZF_I01_T0004,"[[-34.326896176830694, -15.591865388279892]]",18.7350307885508,6,-250,250,False,False,False
R03ZF,R03ZF_SARF000492,492,16400,CAUSAL_REPLAY,R03ZF_SARF000492__CAUSAL_REPLAY__R03ZF_I01_T0004,R03ZF_I01_T0004,5,16167,16389,False,R03ZF_I01_T0004,"[[-34.326896176830694, -16.674019571445303]]",17.65287660538539,6,-250,0,False,False,False
R03ZF,R03ZF_SARF000492,492,16400,FIXED_LAG_100MS,R03ZF_SARF000492__FIXED_LAG_100MS__R03ZF_I01_T0004,R03ZF_I01_T0004,7,16167,16500,True,R03ZF_I01_T0004,"[[-34.326896176830694, -15.591865388279892]]",18.7350307885508,6,-250,100,False,False,False
R03ZF,R03ZF_SARF000492,492,16400,FULL_CONTEXT_OFFLINE,R03ZF_SARF000492__FULL_CONTEXT_OFFLINE__R03ZF_I01_T0004,R03ZF_I01_T0004,7,16167,16500,True,R03ZF_I01_T0004,"[[-34.326896176830694, -15.591865388279892]]",18.7350307885508,6,-250,250,False,False,False
R03ZF,R03ZF_SARF000493,493,16433,CAUSAL_REPLAY,R03ZF_SARF000493__CAUSAL_REPLAY__R03ZF_I01_T0004,R03ZF_I01_T0004,4,16222,16389,False,R03ZF_I01_T0004,"[[-33.726736684137514, -16.674019571445303]]",17.05271711269221,4,-250,0,False,False,False
R03ZF,R03ZF_SARF000493,493,16433,FIXED_LAG_100MS,R03ZF_SARF000493__FIXED_LAG_100MS__R03ZF_I01_T0004,R03ZF_I01_T0004,6,16222,16500,True,R03ZF_I01_T0004,"[[-33.726736684137514, -15.591865388279892]]",18.13487129585762,4,-250,100,False,False,False
R03ZF,R03ZF_SARF000493,493,16433,FULL_CONTEXT_OFFLINE,R03ZF_SARF000493__FULL_CONTEXT_OFFLINE__R03ZF_I01_T0004,R03ZF_I01_T0004,6,16222,16500,True,R03ZF_I01_T0004,"[[-33.726736684137514, -15.591865388279892]]",18.13487129585762,4,-250,250,False,False,False
R03ZF,R03ZF_SARF000494,494,16467,CAUSAL_REPLAY,R03ZF_SARF000494__CAUSAL_REPLAY__R03ZF_I01_T0004,R03ZF_I01_T0004,5,16222,16444,False,R03ZF_I01_T0004,"[[-33.726736684137514, -16.16167154559925]]",17.565065138538262,7,-250,0,False,False,False
R03ZF,R03ZF_SARF000494,494,16467,FIXED_LAG_100MS,R03ZF_SARF000494__FIXED_LAG_100MS__R03ZF_I01_T0004,R03ZF_I01_T0004,6,16222,16500,True,R03ZF_I01_T0004,"[[-33.726736684137514, -15.591865388279892]]",18.13487129585762,7,-250,100,False,False,False
R03ZF,R03ZF_SARF000494,494,16467,FULL_CONTEXT_OFFLINE,R03ZF_SARF000494__FULL_CONTEXT_OFFLINE__R03ZF_I01_T0004,R03ZF_I01_T0004,6,16222,16500,True,R03ZF_I01_T0004,"[[-33.726736684137514, -15.591865388279892]]",18.13487129585762,7,-250,250,False,False,False
