sar_frame_uid,run_id,sar_frame_index,sar_timestamp_ms,sar_image_path,sar_width_px,sar_height_px,theta_low_deg,theta_high_deg,nominal_optical_frame_index,nominal_optical_timestamp_ms,sync_status,geometry_center_x_px,geometry_center_y_px,geometry_radius_px,geometry_outer_range_m
R01ZF_SARF000000,R01ZF,0,0,C:\research_raw\optical_sar_data\20260721data\derived_frames\pseudocolor_labelstudio_prep_20260722\frames\sar_pseudocolor\R01ZF\frame_000000_t000000ms.jpg,1024,592,-59.92829848430174,59.833559435023005,0,0,NOMINAL_INDEX_FPS_ZERO_OFFSET_UNVERIFIED,511.74532586922845,590.7763512520755,591.3403167097985,20.0
R01ZF_SARF000001,R01ZF,1,33,C:\research_raw\optical_sar_data\20260721data\derived_frames\pseudocolor_labelstudio_prep_20260722\frames\sar_pseudocolor\R01ZF\frame_000001_t000033ms.jpg,1024,592,-59.92829848430174,59.833559435023005,1,56,NOMINAL_INDEX_FPS_ZERO_OFFSET_UNVERIFIED,511.74532586922845,590.7763512520755,591.3403167097985,20.0
R01ZF_SARF000002,R01ZF,2,67,C:\research_raw\optical_sar_data\20260721data\derived_frames\pseudocolor_labelstudio_prep_20260722\frames\sar_pseudocolor\R01ZF\frame_000002_t000067ms.jpg,1024,592,-59.92829848430174,59.833559435023005,1,56,NOMINAL_INDEX_FPS_ZERO_OFFSET_UNVERIFIED,511.74532586922845,590.7763512520755,591.3403167097985,20.0
R01ZF_SARF000003,R01ZF,3,100,C:\research_raw\optical_sar_data\20260721data\derived_frames\pseudocolor_labelstudio_prep_20260722\frames\sar_pseudocolor\R01ZF\frame_000003_t000100ms.jpg,1024,592,-59.92829848430174,59.833559435023005,2,111,NOMINAL_INDEX_FPS_ZERO_OFFSET_UNVERIFIED,511.74532586922845,590.7763512520755,591.3403167097985,20.0
R01ZF_SARF000004,R01ZF,4,133,C:\research_raw\optical_sar_data\20260721data\derived_frames\pseudocolor_labelstudio_prep_20260722\frames\sar_pseudocolor\R01ZF\frame_000004_t000133ms.jpg,1024,592,-59.92829848430174,59.833559435023005,2,111,NOMINAL_INDEX_FPS_ZERO_OFFSET_UNVERIFIED,511.74532586922845,590.7763512520755,591.3403167097985,20.0
R01ZF_SARF000005,R01ZF,5,167,C:\research_raw\optical_sar_data\20260721data\derived_frames\pseudocolor_labelstudio_prep_20260722\frames\sar_pseudocolor\R01ZF\frame_000005_t000167ms.jpg,1024,592,-59.92829848430174,59.833559435023005,3,167,NOMINAL_INDEX_FPS_ZERO_OFFSET_UNVERIFIED,511.74532586922845,590.7763512520755,591.3403167097985,20.0
R01ZF_SARF000006,R01ZF,6,200,C:\research_raw\optical_sar_data\20260721data\derived_frames\pseudocolor_labelstudio_prep_20260722\frames\sar_pseudocolor\R01ZF\frame_000006_t000200ms.jpg,1024,592,-59.92829848430174,59.833559435023005,4,222,NOMINAL_INDEX_FPS_ZERO_OFFSET_UNVERIFIED,511.74532586922845,590.7763512520755,591.3403167097985,20.0
R01ZF_SARF000007,R01ZF,7,233,C:\research_raw\optical_sar_data\20260721data\derived_frames\pseudocolor_labelstudio_prep_20260722\frames\sar_pseudocolor\R01ZF\frame_000007_t000233ms.jpg,1024,592,-59.92829848430174,59.833559435023005,4,222,NOMINAL_INDEX_FPS_ZERO_OFFSET_UNVERIFIED,511.74532586922845,590.7763512520755,591.3403167097985,20.0
R01ZF_SARF000008,R01ZF,8,267,C:\research_raw\optical_sar_data\20260721data\derived_frames\pseudocolor_labelstudio_prep_20260722\frames\sar_pseudocolor\R01ZF\frame_000008_t000267ms.jpg,1024,592,-59.92829848430174,59.833559435023005,5,278,NOMINAL_INDEX_FPS_ZERO_OFFSET_UNVERIFIED,511.74532586922845,590.7763512520755,591.3403167097985,20.0
R01ZF_SARF000009,R01ZF,9,300,C:\research_raw\optical_sar_data\20260721data\derived_frames\pseudocolor_labelstudio_prep_20260722\frames\sar_pseudocolor\R01ZF\frame_000009_t000300ms.jpg,1024,592,-59.92829848430174,59.833559435023005,5,278,NOMINAL_INDEX_FPS_ZERO_OFFSET_UNVERIFIED,511.74532586922845,590.7763512520755,591.3403167097985,20.0
R01ZF_SARF000010,R01ZF,10,333,C:\research_raw\optical_sar_data\20260721data\derived_frames\pseudocolor_labelstudio_prep_20260722\frames\sar_pseudocolor\R01ZF\frame_000010_t000333ms.jpg,1024,592,-59.92829848430174,59.833559435023005,6,333,NOMINAL_INDEX_FPS_ZERO_OFFSET_UNVERIFIED,511.74532586922845,590.7763512520755,591.3403167097985,20.0
R01ZF_SARF000011,R01ZF,11,367,C:\research_raw\optical_sar_data\20260721data\derived_frames\pseudocolor_labelstudio_prep_20260722\frames\sar_pseudocolor\R01ZF\frame_000011_t000367ms.jpg,1024,592,-59.92829848430174,59.833559435023005,7,389,NOMINAL_INDEX_FPS_ZERO_OFFSET_UNVERIFIED,511.74532586922845,590.7763512520755,591.3403167097985,20.0
R01ZF_SARF000012,R01ZF,12,400,C:\research_raw\optical_sar_data\20260721data\derived_frames\pseudocolor_labelstudio_prep_20260722\frames\sar_pseudocolor\R01ZF\frame_000012_t000400ms.jpg,1024,592,-59.92829848430174,59.833559435023005,7,389,NOMINAL_INDEX_FPS_ZERO_OFFSET_UNVERIFIED,511.74532586922845,590.7763512520755,591.3403167097985,20.0
R01ZF_SARF000013,R01ZF,13,433,C:\research_raw\optical_sar_data\20260721data\derived_frames\pseudocolor_labelstudio_prep_20260722\frames\sar_pseudocolor\R01ZF\frame_000013_t000433ms.jpg,1024,592,-59.92829848430174,59.833559435023005,8,444,NOMINAL_INDEX_FPS_ZERO_OFFSET_UNVERIFIED,511.74532586922845,590.7763512520755,591.3403167097985,20.0
R01ZF_SARF000014,R01ZF,14,467,C:\research_raw\optical_sar_data\20260721data\derived_frames\pseudocolor_labelstudio_prep_20260722\frames\sar_pseudocolor\R01ZF\frame_000014_t000467ms.jpg,1024,592,-59.92829848430174,59.833559435023005,8,444,NOMINAL_INDEX_FPS_ZERO_OFFSET_UNVERIFIED,511.74532586922845,590.7763512520755,591.3403167097985,20.0
R01ZF_SARF000015,R01ZF,15,500,C:\research_raw\optical_sar_data\20260721data\derived_frames\pseudocolor_labelstudio_prep_20260722\frames\sar_pseudocolor\R01ZF\frame_000015_t000500ms.jpg,1024,592,-59.92829848430174,59.833559435023005,9,500,NOMINAL_INDEX_FPS_ZERO_OFFSET_UNVERIFIED,511.74532586922845,590.7763512520755,591.3403167097985,20.0
R01ZF_SARF000016,R01ZF,16,533,C:\research_raw\optical_sar_data\20260721data\derived_frames\pseudocolor_labelstudio_prep_20260722\frames\sar_pseudocolor\R01ZF\frame_000016_t000533ms.jpg,1024,592,-59.92829848430174,59.833559435023005,10,556,NOMINAL_INDEX_FPS_ZERO_OFFSET_UNVERIFIED,511.74532586922845,590.7763512520755,591.3403167097985,20.0
R01ZF_SARF000017,R01ZF,17,567,C:\research_raw\optical_sar_data\20260721data\derived_frames\pseudocolor_labelstudio_prep_20260722\frames\sar_pseudocolor\R01ZF\frame_000017_t000567ms.jpg,1024,592,-59.92829848430174,59.833559435023005,10,556,NOMINAL_INDEX_FPS_ZERO_OFFSET_UNVERIFIED,511.74532586922845,590.7763512520755,591.3403167097985,20.0
R01ZF_SARF000018,R01ZF,18,600,C:\research_raw\optical_sar_data\20260721data\derived_frames\pseudocolor_labelstudio_prep_20260722\frames\sar_pseudocolor\R01ZF\frame_000018_t000600ms.jpg,1024,592,-59.92829848430174,59.833559435023005,11,611,NOMINAL_INDEX_FPS_ZERO_OFFSET_UNVERIFIED,511.74532586922845,590.7763512520755,591.3403167097985,20.0
R01ZF_SARF000019,R01ZF,19,633,C:\research_raw\optical_sar_data\20260721data\derived_frames\pseudocolor_labelstudio_prep_20260722\frames\sar_pseudocolor\R01ZF\frame_000019_t000633ms.jpg,1024,592,-59.92829848430174,59.833559435023005,11,611,NOMINAL_INDEX_FPS_ZERO_OFFSET_UNVERIFIED,511.74532586922845,590.7763512520755,591.3403167097985,20.0
R01ZF_SARF000020,R01ZF,20,667,C:\research_raw\optical_sar_data\20260721data\derived_frames\pseudocolor_labelstudio_prep_20260722\frames\sar_pseudocolor\R01ZF\frame_000020_t000667ms.jpg,1024,592,-59.92829848430174,59.833559435023005,12,667,NOMINAL_INDEX_FPS_ZERO_OFFSET_UNVERIFIED,511.74532586922845,590.7763512520755,591.3403167097985,20.0
R01ZF_SARF000021,R01ZF,21,700,C:\research_raw\optical_sar_data\20260721data\derived_frames\pseudocolor_labelstudio_prep_20260722\frames\sar_pseudocolor\R01ZF\frame_000021_t000700ms.jpg,1024,592,-59.92829848430174,59.833559435023005,13,722,NOMINAL_INDEX_FPS_ZERO_OFFSET_UNVERIFIED,511.74532586922845,590.7763512520755,591.3403167097985,20.0
R01ZF_SARF000022,R01ZF,22,733,C:\research_raw\optical_sar_data\20260721data\derived_frames\pseudocolor_labelstudio_prep_20260722\frames\sar_pseudocolor\R01ZF\frame_000022_t000733ms.jpg,1024,592,-59.92829848430174,59.833559435023005,13,722,NOMINAL_INDEX_FPS_ZERO_OFFSET_UNVERIFIED,511.74532586922845,590.7763512520755,591.3403167097985,20.0
R01ZF_SARF000023,R01ZF,23,767,C:\research_raw\optical_sar_data\20260721data\derived_frames\pseudocolor_labelstudio_prep_20260722\frames\sar_pseudocolor\R01ZF\frame_000023_t000767ms.jpg,1024,592,-59.92829848430174,59.833559435023005,14,778,NOMINAL_INDEX_FPS_ZERO_OFFSET_UNVERIFIED,511.74532586922845,590.7763512520755,591.3403167097985,20.0
R01ZF_SARF000024,R01ZF,24,800,C:\research_raw\optical_sar_data\20260721data\derived_frames\pseudocolor_labelstudio_prep_20260722\frames\sar_pseudocolor\R01ZF\frame_000024_t000800ms.jpg,1024,592,-59.92829848430174,59.833559435023005,14,778,NOMINAL_INDEX_FPS_ZERO_OFFSET_UNVERIFIED,511.74532586922845,590.7763512520755,591.3403167097985,20.0
R01ZF_SARF000025,R01ZF,25,833,C:\research_raw\optical_sar_data\20260721data\derived_frames\pseudocolor_labelstudio_prep_20260722\frames\sar_pseudocolor\R01ZF\frame_000025_t000833ms.jpg,1024,592,-59.92829848430174,59.833559435023005,15,833,NOMINAL_INDEX_FPS_ZERO_OFFSET_UNVERIFIED,511.74532586922845,590.7763512520755,591.3403167097985,20.0
R01ZF_SARF000026,R01ZF,26,867,C:\research_raw\optical_sar_data\20260721data\derived_frames\pseudocolor_labelstudio_prep_20260722\frames\sar_pseudocolor\R01ZF\frame_000026_t000867ms.jpg,1024,592,-59.92829848430174,59.833559435023005,16,889,NOMINAL_INDEX_FPS_ZERO_OFFSET_UNVERIFIED,511.74532586922845,590.7763512520755,591.3403167097985,20.0
R01ZF_SARF000027,R01ZF,27,900,C:\research_raw\optical_sar_data\20260721data\derived_frames\pseudocolor_labelstudio_prep_20260722\frames\sar_pseudocolor\R01ZF\frame_000027_t000900ms.jpg,1024,592,-59.92829848430174,59.833559435023005,16,889,NOMINAL_INDEX_FPS_ZERO_OFFSET_UNVERIFIED,511.74532586922845,590.7763512520755,591.3403167097985,20.0
R01ZF_SARF000028,R01ZF,28,933,C:\research_raw\optical_sar_data\20260721data\derived_frames\pseudocolor_labelstudio_prep_20260722\frames\sar_pseudocolor\R01ZF\frame_000028_t000933ms.jpg,1024,592,-59.92829848430174,59.833559435023005,17,944,NOMINAL_INDEX_FPS_ZERO_OFFSET_UNVERIFIED,511.74532586922845,590.7763512520755,591.3403167097985,20.0
R01ZF_SARF000029,R01ZF,29,967,C:\research_raw\optical_sar_data\20260721data\derived_frames\pseudocolor_labelstudio_prep_20260722\frames\sar_pseudocolor\R01ZF\frame_000029_t000967ms.jpg,1024,592,-59.92829848430174,59.833559435023005,17,944,NOMINAL_INDEX_FPS_ZERO_OFFSET_UNVERIFIED,511.74532586922845,590.7763512520755,591.3403167097985,20.0
R01ZF_SARF000030,R01ZF,30,1000,C:\research_raw\optical_sar_data\20260721data\derived_frames\pseudocolor_labelstudio_prep_20260722\frames\sar_pseudocolor\R01ZF\frame_000030_t001000ms.jpg,1024,592,-59.92829848430174,59.833559435023005,18,1000,NOMINAL_INDEX_FPS_ZERO_OFFSET_UNVERIFIED,511.74532586922845,590.7763512520755,591.3403167097985,20.0
R01ZF_SARF000031,R01ZF,31,1033,C:\research_raw\optical_sar_data\20260721data\derived_frames\pseudocolor_labelstudio_prep_20260722\frames\sar_pseudocolor\R01ZF\frame_000031_t001033ms.jpg,1024,592,-59.92829848430174,59.833559435023005,19,1056,NOMINAL_INDEX_FPS_ZERO_OFFSET_UNVERIFIED,511.74532586922845,590.7763512520755,591.3403167097985,20.0
R01ZF_SARF000032,R01ZF,32,1067,C:\research_raw\optical_sar_data\20260721data\derived_frames\pseudocolor_labelstudio_prep_20260722\frames\sar_pseudocolor\R01ZF\frame_000032_t001067ms.jpg,1024,592,-59.92829848430174,59.833559435023005,19,1056,NOMINAL_INDEX_FPS_ZERO_OFFSET_UNVERIFIED,511.74532586922845,590.7763512520755,591.3403167097985,20.0
R01ZF_SARF000033,R01ZF,33,1100,C:\research_raw\optical_sar_data\20260721data\derived_frames\pseudocolor_labelstudio_prep_20260722\frames\sar_pseudocolor\R01ZF\frame_000033_t001100ms.jpg,1024,592,-59.92829848430174,59.833559435023005,20,1111,NOMINAL_INDEX_FPS_ZERO_OFFSET_UNVERIFIED,511.74532586922845,590.7763512520755,591.3403167097985,20.0
R01ZF_SARF000034,R01ZF,34,1133,C:\research_raw\optical_sar_data\20260721data\derived_frames\pseudocolor_labelstudio_prep_20260722\frames\sar_pseudocolor\R01ZF\frame_000034_t001133ms.jpg,1024,592,-59.92829848430174,59.833559435023005,20,1111,NOMINAL_INDEX_FPS_ZERO_OFFSET_UNVERIFIED,511.74532586922845,590.7763512520755,591.3403167097985,20.0
R01ZF_SARF000035,R01ZF,35,1167,C:\research_raw\optical_sar_data\20260721data\derived_frames\pseudocolor_labelstudio_prep_20260722\frames\sar_pseudocolor\R01ZF\frame_000035_t001167ms.jpg,1024,592,-59.92829848430174,59.833559435023005,21,1167,NOMINAL_INDEX_FPS_ZERO_OFFSET_UNVERIFIED,511.74532586922845,590.7763512520755,591.3403167097985,20.0
R01ZF_SARF000036,R01ZF,36,1200,C:\research_raw\optical_sar_data\20260721data\derived_frames\pseudocolor_labelstudio_prep_20260722\frames\sar_pseudocolor\R01ZF\frame_000036_t001200ms.jpg,1024,592,-59.92829848430174,59.833559435023005,22,1222,NOMINAL_INDEX_FPS_ZERO_OFFSET_UNVERIFIED,511.74532586922845,590.7763512520755,591.3403167097985,20.0
R01ZF_SARF000037,R01ZF,37,1233,C:\research_raw\optical_sar_data\20260721data\derived_frames\pseudocolor_labelstudio_prep_20260722\frames\sar_pseudocolor\R01ZF\frame_000037_t001233ms.jpg,1024,592,-59.92829848430174,59.833559435023005,22,1222,NOMINAL_INDEX_FPS_ZERO_OFFSET_UNVERIFIED,511.74532586922845,590.7763512520755,591.3403167097985,20.0
R01ZF_SARF000038,R01ZF,38,1267,C:\research_raw\optical_sar_data\20260721data\derived_frames\pseudocolor_labelstudio_prep_20260722\frames\sar_pseudocolor\R01ZF\frame_000038_t001267ms.jpg,1024,592,-59.92829848430174,59.833559435023005,23,1278,NOMINAL_INDEX_FPS_ZERO_OFFSET_UNVERIFIED,511.74532586922845,590.7763512520755,591.3403167097985,20.0
R01ZF_SARF000039,R01ZF,39,1300,C:\research_raw\optical_sar_data\20260721data\derived_frames\pseudocolor_labelstudio_prep_20260722\frames\sar_pseudocolor\R01ZF\frame_000039_t001300ms.jpg,1024,592,-59.92829848430174,59.833559435023005,23,1278,NOMINAL_INDEX_FPS_ZERO_OFFSET_UNVERIFIED,511.74532586922845,590.7763512520755,591.3403167097985,20.0
R01ZF_SARF000040,R01ZF,40,1333,C:\research_raw\optical_sar_data\20260721data\derived_frames\pseudocolor_labelstudio_prep_20260722\frames\sar_pseudocolor\R01ZF\frame_000040_t001333ms.jpg,1024,592,-59.92829848430174,59.833559435023005,24,1333,NOMINAL_INDEX_FPS_ZERO_OFFSET_UNVERIFIED,511.74532586922845,590.7763512520755,591.3403167097985,20.0
R01ZF_SARF000041,R01ZF,41,1367,C:\research_raw\optical_sar_data\20260721data\derived_frames\pseudocolor_labelstudio_prep_20260722\frames\sar_pseudocolor\R01ZF\frame_000041_t001367ms.jpg,1024,592,-59.92829848430174,59.833559435023005,25,1389,NOMINAL_INDEX_FPS_ZERO_OFFSET_UNVERIFIED,511.74532586922845,590.7763512520755,591.3403167097985,20.0
R01ZF_SARF000042,R01ZF,42,1400,C:\research_raw\optical_sar_data\20260721data\derived_frames\pseudocolor_labelstudio_prep_20260722\frames\sar_pseudocolor\R01ZF\frame_000042_t001400ms.jpg,1024,592,-59.92829848430174,59.833559435023005,25,1389,NOMINAL_INDEX_FPS_ZERO_OFFSET_UNVERIFIED,511.74532586922845,590.7763512520755,591.3403167097985,20.0
R01ZF_SARF000043,R01ZF,43,1433,C:\research_raw\optical_sar_data\20260721data\derived_frames\pseudocolor_labelstudio_prep_20260722\frames\sar_pseudocolor\R01ZF\frame_000043_t001433ms.jpg,1024,592,-59.92829848430174,59.833559435023005,26,1444,NOMINAL_INDEX_FPS_ZERO_OFFSET_UNVERIFIED,511.74532586922845,590.7763512520755,591.3403167097985,20.0
R01ZF_SARF000044,R01ZF,44,1467,C:\research_raw\optical_sar_data\20260721data\derived_frames\pseudocolor_labelstudio_prep_20260722\frames\sar_pseudocolor\R01ZF\frame_000044_t001467ms.jpg,1024,592,-59.92829848430174,59.833559435023005,26,1444,NOMINAL_INDEX_FPS_ZERO_OFFSET_UNVERIFIED,511.74532586922845,590.7763512520755,591.3403167097985,20.0
R01ZF_SARF000045,R01ZF,45,1500,C:\research_raw\optical_sar_data\20260721data\derived_frames\pseudocolor_labelstudio_prep_20260722\frames\sar_pseudocolor\R01ZF\frame_000045_t001500ms.jpg,1024,592,-59.92829848430174,59.833559435023005,27,1500,NOMINAL_INDEX_FPS_ZERO_OFFSET_UNVERIFIED,511.74532586922845,590.7763512520755,591.3403167097985,20.0
R01ZF_SARF000046,R01ZF,46,1533,C:\research_raw\optical_sar_data\20260721data\derived_frames\pseudocolor_labelstudio_prep_20260722\frames\sar_pseudocolor\R01ZF\frame_000046_t001533ms.jpg,1024,592,-59.92829848430174,59.833559435023005,28,1556,NOMINAL_INDEX_FPS_ZERO_OFFSET_UNVERIFIED,511.74532586922845,590.7763512520755,591.3403167097985,20.0
R01ZF_SARF000047,R01ZF,47,1567,C:\research_raw\optical_sar_data\20260721data\derived_frames\pseudocolor_labelstudio_prep_20260722\frames\sar_pseudocolor\R01ZF\frame_000047_t001567ms.jpg,1024,592,-59.92829848430174,59.833559435023005,28,1556,NOMINAL_INDEX_FPS_ZERO_OFFSET_UNVERIFIED,511.74532586922845,590.7763512520755,591.3403167097985,20.0
R01ZF_SARF000048,R01ZF,48,1600,C:\research_raw\optical_sar_data\20260721data\derived_frames\pseudocolor_labelstudio_prep_20260722\frames\sar_pseudocolor\R01ZF\frame_000048_t001600ms.jpg,1024,592,-59.92829848430174,59.833559435023005,29,1611,NOMINAL_INDEX_FPS_ZERO_OFFSET_UNVERIFIED,511.74532586922845,590.7763512520755,591.3403167097985,20.0
R01ZF_SARF000049,R01ZF,49,1633,C:\research_raw\optical_sar_data\20260721data\derived_frames\pseudocolor_labelstudio_prep_20260722\frames\sar_pseudocolor\R01ZF\frame_000049_t001633ms.jpg,1024,592,-59.92829848430174,59.833559435023005,29,1611,NOMINAL_INDEX_FPS_ZERO_OFFSET_UNVERIFIED,511.74532586922845,590.7763512520755,591.3403167097985,20.0
R01ZF_SARF000050,R01ZF,50,1667,C:\research_raw\optical_sar_data\20260721data\derived_frames\pseudocolor_labelstudio_prep_20260722\frames\sar_pseudocolor\R01ZF\frame_000050_t001667ms.jpg,1024,592,-59.92829848430174,59.833559435023005,30,1667,NOMINAL_INDEX_FPS_ZERO_OFFSET_UNVERIFIED,511.74532586922845,590.7763512520755,591.3403167097985,20.0
R01ZF_SARF000051,R01ZF,51,1700,C:\research_raw\optical_sar_data\20260721data\derived_frames\pseudocolor_labelstudio_prep_20260722\frames\sar_pseudocolor\R01ZF\frame_000051_t001700ms.jpg,1024,592,-59.92829848430174,59.833559435023005,31,1722,NOMINAL_INDEX_FPS_ZERO_OFFSET_UNVERIFIED,511.74532586922845,590.7763512520755,591.3403167097985,20.0
R01ZF_SARF000052,R01ZF,52,1733,C:\research_raw\optical_sar_data\20260721data\derived_frames\pseudocolor_labelstudio_prep_20260722\frames\sar_pseudocolor\R01ZF\frame_000052_t001733ms.jpg,1024,592,-59.92829848430174,59.833559435023005,31,1722,NOMINAL_INDEX_FPS_ZERO_OFFSET_UNVERIFIED,511.74532586922845,590.7763512520755,591.3403167097985,20.0
R01ZF_SARF000053,R01ZF,53,1767,C:\research_raw\optical_sar_data\20260721data\derived_frames\pseudocolor_labelstudio_prep_20260722\frames\sar_pseudocolor\R01ZF\frame_000053_t001767ms.jpg,1024,592,-59.92829848430174,59.833559435023005,32,1778,NOMINAL_INDEX_FPS_ZERO_OFFSET_UNVERIFIED,511.74532586922845,590.7763512520755,591.3403167097985,20.0
R01ZF_SARF000054,R01ZF,54,1800,C:\research_raw\optical_sar_data\20260721data\derived_frames\pseudocolor_labelstudio_prep_20260722\frames\sar_pseudocolor\R01ZF\frame_000054_t001800ms.jpg,1024,592,-59.92829848430174,59.833559435023005,32,1778,NOMINAL_INDEX_FPS_ZERO_OFFSET_UNVERIFIED,511.74532586922845,590.7763512520755,591.3403167097985,20.0
R01ZF_SARF000055,R01ZF,55,1833,C:\research_raw\optical_sar_data\20260721data\derived_frames\pseudocolor_labelstudio_prep_20260722\frames\sar_pseudocolor\R01ZF\frame_000055_t001833ms.jpg,1024,592,-59.92829848430174,59.833559435023005,33,1833,NOMINAL_INDEX_FPS_ZERO_OFFSET_UNVERIFIED,511.74532586922845,590.7763512520755,591.3403167097985,20.0
R01ZF_SARF000056,R01ZF,56,1867,C:\research_raw\optical_sar_data\20260721data\derived_frames\pseudocolor_labelstudio_prep_20260722\frames\sar_pseudocolor\R01ZF\frame_000056_t001867ms.jpg,1024,592,-59.92829848430174,59.833559435023005,34,1889,NOMINAL_INDEX_FPS_ZERO_OFFSET_UNVERIFIED,511.74532586922845,590.7763512520755,591.3403167097985,20.0
R01ZF_SARF000057,R01ZF,57,1900,C:\research_raw\optical_sar_data\20260721data\derived_frames\pseudocolor_labelstudio_prep_20260722\frames\sar_pseudocolor\R01ZF\frame_000057_t001900ms.jpg,1024,592,-59.92829848430174,59.833559435023005,34,1889,NOMINAL_INDEX_FPS_ZERO_OFFSET_UNVERIFIED,511.74532586922845,590.7763512520755,591.3403167097985,20.0
R01ZF_SARF000058,R01ZF,58,1933,C:\research_raw\optical_sar_data\20260721data\derived_frames\pseudocolor_labelstudio_prep_20260722\frames\sar_pseudocolor\R01ZF\frame_000058_t001933ms.jpg,1024,592,-59.92829848430174,59.833559435023005,35,1944,NOMINAL_INDEX_FPS_ZERO_OFFSET_UNVERIFIED,511.74532586922845,590.7763512520755,591.3403167097985,20.0
R01ZF_SARF000059,R01ZF,59,1967,C:\research_raw\optical_sar_data\20260721data\derived_frames\pseudocolor_labelstudio_prep_20260722\frames\sar_pseudocolor\R01ZF\frame_000059_t001967ms.jpg,1024,592,-59.92829848430174,59.833559435023005,35,1944,NOMINAL_INDEX_FPS_ZERO_OFFSET_UNVERIFIED,511.74532586922845,590.7763512520755,591.3403167097985,20.0
R01ZF_SARF000060,R01ZF,60,2000,C:\research_raw\optical_sar_data\20260721data\derived_frames\pseudocolor_labelstudio_prep_20260722\frames\sar_pseudocolor\R01ZF\frame_000060_t002000ms.jpg,1024,592,-59.92829848430174,59.833559435023005,36,2000,NOMINAL_INDEX_FPS_ZERO_OFFSET_UNVERIFIED,511.74532586922845,590.7763512520755,591.3403167097985,20.0
R01ZF_SARF000061,R01ZF,61,2033,C:\research_raw\optical_sar_data\20260721data\derived_frames\pseudocolor_labelstudio_prep_20260722\frames\sar_pseudocolor\R01ZF\frame_000061_t002033ms.jpg,1024,592,-59.92829848430174,59.833559435023005,37,2056,NOMINAL_INDEX_FPS_ZERO_OFFSET_UNVERIFIED,511.74532586922845,590.7763512520755,591.3403167097985,20.0
R01ZF_SARF000062,R01ZF,62,2067,C:\research_raw\optical_sar_data\20260721data\derived_frames\pseudocolor_labelstudio_prep_20260722\frames\sar_pseudocolor\R01ZF\frame_000062_t002067ms.jpg,1024,592,-59.92829848430174,59.833559435023005,37,2056,NOMINAL_INDEX_FPS_ZERO_OFFSET_UNVERIFIED,511.74532586922845,590.7763512520755,591.3403167097985,20.0
R01ZF_SARF000063,R01ZF,63,2100,C:\research_raw\optical_sar_data\20260721data\derived_frames\pseudocolor_labelstudio_prep_20260722\frames\sar_pseudocolor\R01ZF\frame_000063_t002100ms.jpg,1024,592,-59.92829848430174,59.833559435023005,38,2111,NOMINAL_INDEX_FPS_ZERO_OFFSET_UNVERIFIED,511.74532586922845,590.7763512520755,591.3403167097985,20.0
R01ZF_SARF000064,R01ZF,64,2133,C:\research_raw\optical_sar_data\20260721data\derived_frames\pseudocolor_labelstudio_prep_20260722\frames\sar_pseudocolor\R01ZF\frame_000064_t002133ms.jpg,1024,592,-59.92829848430174,59.833559435023005,38,2111,NOMINAL_INDEX_FPS_ZERO_OFFSET_UNVERIFIED,511.74532586922845,590.7763512520755,591.3403167097985,20.0
R01ZF_SARF000065,R01ZF,65,2167,C:\research_raw\optical_sar_data\20260721data\derived_frames\pseudocolor_labelstudio_prep_20260722\frames\sar_pseudocolor\R01ZF\frame_000065_t002167ms.jpg,1024,592,-59.92829848430174,59.833559435023005,39,2167,NOMINAL_INDEX_FPS_ZERO_OFFSET_UNVERIFIED,511.74532586922845,590.7763512520755,591.3403167097985,20.0
R01ZF_SARF000066,R01ZF,66,2200,C:\research_raw\optical_sar_data\20260721data\derived_frames\pseudocolor_labelstudio_prep_20260722\frames\sar_pseudocolor\R01ZF\frame_000066_t002200ms.jpg,1024,592,-59.92829848430174,59.833559435023005,40,2222,NOMINAL_INDEX_FPS_ZERO_OFFSET_UNVERIFIED,511.74532586922845,590.7763512520755,591.3403167097985,20.0
R01ZF_SARF000067,R01ZF,67,2233,C:\research_raw\optical_sar_data\20260721data\derived_frames\pseudocolor_labelstudio_prep_20260722\frames\sar_pseudocolor\R01ZF\frame_000067_t002233ms.jpg,1024,592,-59.92829848430174,59.833559435023005,40,2222,NOMINAL_INDEX_FPS_ZERO_OFFSET_UNVERIFIED,511.74532586922845,590.7763512520755,591.3403167097985,20.0
R01ZF_SARF000068,R01ZF,68,2267,C:\research_raw\optical_sar_data\20260721data\derived_frames\pseudocolor_labelstudio_prep_20260722\frames\sar_pseudocolor\R01ZF\frame_000068_t002267ms.jpg,1024,592,-59.92829848430174,59.833559435023005,41,2278,NOMINAL_INDEX_FPS_ZERO_OFFSET_UNVERIFIED,511.74532586922845,590.7763512520755,591.3403167097985,20.0
R01ZF_SARF000069,R01ZF,69,2300,C:\research_raw\optical_sar_data\20260721data\derived_frames\pseudocolor_labelstudio_prep_20260722\frames\sar_pseudocolor\R01ZF\frame_000069_t002300ms.jpg,1024,592,-59.92829848430174,59.833559435023005,41,2278,NOMINAL_INDEX_FPS_ZERO_OFFSET_UNVERIFIED,511.74532586922845,590.7763512520755,591.3403167097985,20.0
R01ZF_SARF000070,R01ZF,70,2333,C:\research_raw\optical_sar_data\20260721data\derived_frames\pseudocolor_labelstudio_prep_20260722\frames\sar_pseudocolor\R01ZF\frame_000070_t002333ms.jpg,1024,592,-59.92829848430174,59.833559435023005,42,2333,NOMINAL_INDEX_FPS_ZERO_OFFSET_UNVERIFIED,511.74532586922845,590.7763512520755,591.3403167097985,20.0
R01ZF_SARF000071,R01ZF,71,2367,C:\research_raw\optical_sar_data\20260721data\derived_frames\pseudocolor_labelstudio_prep_20260722\frames\sar_pseudocolor\R01ZF\frame_000071_t002367ms.jpg,1024,592,-59.92829848430174,59.833559435023005,43,2389,NOMINAL_INDEX_FPS_ZERO_OFFSET_UNVERIFIED,511.74532586922845,590.7763512520755,591.3403167097985,20.0
R01ZF_SARF000072,R01ZF,72,2400,C:\research_raw\optical_sar_data\20260721data\derived_frames\pseudocolor_labelstudio_prep_20260722\frames\sar_pseudocolor\R01ZF\frame_000072_t002400ms.jpg,1024,592,-59.92829848430174,59.833559435023005,43,2389,NOMINAL_INDEX_FPS_ZERO_OFFSET_UNVERIFIED,511.74532586922845,590.7763512520755,591.3403167097985,20.0
R01ZF_SARF000073,R01ZF,73,2433,C:\research_raw\optical_sar_data\20260721data\derived_frames\pseudocolor_labelstudio_prep_20260722\frames\sar_pseudocolor\R01ZF\frame_000073_t002433ms.jpg,1024,592,-59.92829848430174,59.833559435023005,44,2444,NOMINAL_INDEX_FPS_ZERO_OFFSET_UNVERIFIED,511.74532586922845,590.7763512520755,591.3403167097985,20.0
R01ZF_SARF000074,R01ZF,74,2467,C:\research_raw\optical_sar_data\20260721data\derived_frames\pseudocolor_labelstudio_prep_20260722\frames\sar_pseudocolor\R01ZF\frame_000074_t002467ms.jpg,1024,592,-59.92829848430174,59.833559435023005,44,2444,NOMINAL_INDEX_FPS_ZERO_OFFSET_UNVERIFIED,511.74532586922845,590.7763512520755,591.3403167097985,20.0
R01ZF_SARF000075,R01ZF,75,2500,C:\research_raw\optical_sar_data\20260721data\derived_frames\pseudocolor_labelstudio_prep_20260722\frames\sar_pseudocolor\R01ZF\frame_000075_t002500ms.jpg,1024,592,-59.92829848430174,59.833559435023005,45,2500,NOMINAL_INDEX_FPS_ZERO_OFFSET_UNVERIFIED,511.74532586922845,590.7763512520755,591.3403167097985,20.0
R01ZF_SARF000076,R01ZF,76,2533,C:\research_raw\optical_sar_data\20260721data\derived_frames\pseudocolor_labelstudio_prep_20260722\frames\sar_pseudocolor\R01ZF\frame_000076_t002533ms.jpg,1024,592,-59.92829848430174,59.833559435023005,46,2556,NOMINAL_INDEX_FPS_ZERO_OFFSET_UNVERIFIED,511.74532586922845,590.7763512520755,591.3403167097985,20.0
R01ZF_SARF000077,R01ZF,77,2567,C:\research_raw\optical_sar_data\20260721data\derived_frames\pseudocolor_labelstudio_prep_20260722\frames\sar_pseudocolor\R01ZF\frame_000077_t002567ms.jpg,1024,592,-59.92829848430174,59.833559435023005,46,2556,NOMINAL_INDEX_FPS_ZERO_OFFSET_UNVERIFIED,511.74532586922845,590.7763512520755,591.3403167097985,20.0
R01ZF_SARF000078,R01ZF,78,2600,C:\research_raw\optical_sar_data\20260721data\derived_frames\pseudocolor_labelstudio_prep_20260722\frames\sar_pseudocolor\R01ZF\frame_000078_t002600ms.jpg,1024,592,-59.92829848430174,59.833559435023005,47,2611,NOMINAL_INDEX_FPS_ZERO_OFFSET_UNVERIFIED,511.74532586922845,590.7763512520755,591.3403167097985,20.0
R01ZF_SARF000079,R01ZF,79,2633,C:\research_raw\optical_sar_data\20260721data\derived_frames\pseudocolor_labelstudio_prep_20260722\frames\sar_pseudocolor\R01ZF\frame_000079_t002633ms.jpg,1024,592,-59.92829848430174,59.833559435023005,47,2611,NOMINAL_INDEX_FPS_ZERO_OFFSET_UNVERIFIED,511.74532586922845,590.7763512520755,591.3403167097985,20.0
R01ZF_SARF000080,R01ZF,80,2667,C:\research_raw\optical_sar_data\20260721data\derived_frames\pseudocolor_labelstudio_prep_20260722\frames\sar_pseudocolor\R01ZF\frame_000080_t002667ms.jpg,1024,592,-59.92829848430174,59.833559435023005,48,2667,NOMINAL_INDEX_FPS_ZERO_OFFSET_UNVERIFIED,511.74532586922845,590.7763512520755,591.3403167097985,20.0
R01ZF_SARF000081,R01ZF,81,2700,C:\research_raw\optical_sar_data\20260721data\derived_frames\pseudocolor_labelstudio_prep_20260722\frames\sar_pseudocolor\R01ZF\frame_000081_t002700ms.jpg,1024,592,-59.92829848430174,59.833559435023005,49,2722,NOMINAL_INDEX_FPS_ZERO_OFFSET_UNVERIFIED,511.74532586922845,590.7763512520755,591.3403167097985,20.0
R01ZF_SARF000082,R01ZF,82,2733,C:\research_raw\optical_sar_data\20260721data\derived_frames\pseudocolor_labelstudio_prep_20260722\frames\sar_pseudocolor\R01ZF\frame_000082_t002733ms.jpg,1024,592,-59.92829848430174,59.833559435023005,49,2722,NOMINAL_INDEX_FPS_ZERO_OFFSET_UNVERIFIED,511.74532586922845,590.7763512520755,591.3403167097985,20.0
R01ZF_SARF000083,R01ZF,83,2767,C:\research_raw\optical_sar_data\20260721data\derived_frames\pseudocolor_labelstudio_prep_20260722\frames\sar_pseudocolor\R01ZF\frame_000083_t002767ms.jpg,1024,592,-59.92829848430174,59.833559435023005,50,2778,NOMINAL_INDEX_FPS_ZERO_OFFSET_UNVERIFIED,511.74532586922845,590.7763512520755,591.3403167097985,20.0
R01ZF_SARF000084,R01ZF,84,2800,C:\research_raw\optical_sar_data\20260721data\derived_frames\pseudocolor_labelstudio_prep_20260722\frames\sar_pseudocolor\R01ZF\frame_000084_t002800ms.jpg,1024,592,-59.92829848430174,59.833559435023005,50,2778,NOMINAL_INDEX_FPS_ZERO_OFFSET_UNVERIFIED,511.74532586922845,590.7763512520755,591.3403167097985,20.0
R01ZF_SARF000085,R01ZF,85,2833,C:\research_raw\optical_sar_data\20260721data\derived_frames\pseudocolor_labelstudio_prep_20260722\frames\sar_pseudocolor\R01ZF\frame_000085_t002833ms.jpg,1024,592,-59.92829848430174,59.833559435023005,51,2833,NOMINAL_INDEX_FPS_ZERO_OFFSET_UNVERIFIED,511.74532586922845,590.7763512520755,591.3403167097985,20.0
R01ZF_SARF000086,R01ZF,86,2867,C:\research_raw\optical_sar_data\20260721data\derived_frames\pseudocolor_labelstudio_prep_20260722\frames\sar_pseudocolor\R01ZF\frame_000086_t002867ms.jpg,1024,592,-59.92829848430174,59.833559435023005,52,2889,NOMINAL_INDEX_FPS_ZERO_OFFSET_UNVERIFIED,511.74532586922845,590.7763512520755,591.3403167097985,20.0
R01ZF_SARF000087,R01ZF,87,2900,C:\research_raw\optical_sar_data\20260721data\derived_frames\pseudocolor_labelstudio_prep_20260722\frames\sar_pseudocolor\R01ZF\frame_000087_t002900ms.jpg,1024,592,-59.92829848430174,59.833559435023005,52,2889,NOMINAL_INDEX_FPS_ZERO_OFFSET_UNVERIFIED,511.74532586922845,590.7763512520755,591.3403167097985,20.0
R01ZF_SARF000088,R01ZF,88,2933,C:\research_raw\optical_sar_data\20260721data\derived_frames\pseudocolor_labelstudio_prep_20260722\frames\sar_pseudocolor\R01ZF\frame_000088_t002933ms.jpg,1024,592,-59.92829848430174,59.833559435023005,53,2944,NOMINAL_INDEX_FPS_ZERO_OFFSET_UNVERIFIED,511.74532586922845,590.7763512520755,591.3403167097985,20.0
R01ZF_SARF000089,R01ZF,89,2967,C:\research_raw\optical_sar_data\20260721data\derived_frames\pseudocolor_labelstudio_prep_20260722\frames\sar_pseudocolor\R01ZF\frame_000089_t002967ms.jpg,1024,592,-59.92829848430174,59.833559435023005,53,2944,NOMINAL_INDEX_FPS_ZERO_OFFSET_UNVERIFIED,511.74532586922845,590.7763512520755,591.3403167097985,20.0
R01ZF_SARF000090,R01ZF,90,3000,C:\research_raw\optical_sar_data\20260721data\derived_frames\pseudocolor_labelstudio_prep_20260722\frames\sar_pseudocolor\R01ZF\frame_000090_t003000ms.jpg,1024,592,-59.92829848430174,59.833559435023005,54,3000,NOMINAL_INDEX_FPS_ZERO_OFFSET_UNVERIFIED,511.74532586922845,590.7763512520755,591.3403167097985,20.0
R01ZF_SARF000091,R01ZF,91,3033,C:\research_raw\optical_sar_data\20260721data\derived_frames\pseudocolor_labelstudio_prep_20260722\frames\sar_pseudocolor\R01ZF\frame_000091_t003033ms.jpg,1024,592,-59.92829848430174,59.833559435023005,55,3056,NOMINAL_INDEX_FPS_ZERO_OFFSET_UNVERIFIED,511.74532586922845,590.7763512520755,591.3403167097985,20.0
R01ZF_SARF000092,R01ZF,92,3067,C:\research_raw\optical_sar_data\20260721data\derived_frames\pseudocolor_labelstudio_prep_20260722\frames\sar_pseudocolor\R01ZF\frame_000092_t003067ms.jpg,1024,592,-59.92829848430174,59.833559435023005,55,3056,NOMINAL_INDEX_FPS_ZERO_OFFSET_UNVERIFIED,511.74532586922845,590.7763512520755,591.3403167097985,20.0
R01ZF_SARF000093,R01ZF,93,3100,C:\research_raw\optical_sar_data\20260721data\derived_frames\pseudocolor_labelstudio_prep_20260722\frames\sar_pseudocolor\R01ZF\frame_000093_t003100ms.jpg,1024,592,-59.92829848430174,59.833559435023005,56,3111,NOMINAL_INDEX_FPS_ZERO_OFFSET_UNVERIFIED,511.74532586922845,590.7763512520755,591.3403167097985,20.0
R01ZF_SARF000094,R01ZF,94,3133,C:\research_raw\optical_sar_data\20260721data\derived_frames\pseudocolor_labelstudio_prep_20260722\frames\sar_pseudocolor\R01ZF\frame_000094_t003133ms.jpg,1024,592,-59.92829848430174,59.833559435023005,56,3111,NOMINAL_INDEX_FPS_ZERO_OFFSET_UNVERIFIED,511.74532586922845,590.7763512520755,591.3403167097985,20.0
R01ZF_SARF000095,R01ZF,95,3167,C:\research_raw\optical_sar_data\20260721data\derived_frames\pseudocolor_labelstudio_prep_20260722\frames\sar_pseudocolor\R01ZF\frame_000095_t003167ms.jpg,1024,592,-59.92829848430174,59.833559435023005,57,3167,NOMINAL_INDEX_FPS_ZERO_OFFSET_UNVERIFIED,511.74532586922845,590.7763512520755,591.3403167097985,20.0
R01ZF_SARF000096,R01ZF,96,3200,C:\research_raw\optical_sar_data\20260721data\derived_frames\pseudocolor_labelstudio_prep_20260722\frames\sar_pseudocolor\R01ZF\frame_000096_t003200ms.jpg,1024,592,-59.92829848430174,59.833559435023005,58,3222,NOMINAL_INDEX_FPS_ZERO_OFFSET_UNVERIFIED,511.74532586922845,590.7763512520755,591.3403167097985,20.0
R01ZF_SARF000097,R01ZF,97,3233,C:\research_raw\optical_sar_data\20260721data\derived_frames\pseudocolor_labelstudio_prep_20260722\frames\sar_pseudocolor\R01ZF\frame_000097_t003233ms.jpg,1024,592,-59.92829848430174,59.833559435023005,58,3222,NOMINAL_INDEX_FPS_ZERO_OFFSET_UNVERIFIED,511.74532586922845,590.7763512520755,591.3403167097985,20.0
R01ZF_SARF000098,R01ZF,98,3267,C:\research_raw\optical_sar_data\20260721data\derived_frames\pseudocolor_labelstudio_prep_20260722\frames\sar_pseudocolor\R01ZF\frame_000098_t003267ms.jpg,1024,592,-59.92829848430174,59.833559435023005,59,3278,NOMINAL_INDEX_FPS_ZERO_OFFSET_UNVERIFIED,511.74532586922845,590.7763512520755,591.3403167097985,20.0
R01ZF_SARF000099,R01ZF,99,3300,C:\research_raw\optical_sar_data\20260721data\derived_frames\pseudocolor_labelstudio_prep_20260722\frames\sar_pseudocolor\R01ZF\frame_000099_t003300ms.jpg,1024,592,-59.92829848430174,59.833559435023005,59,3278,NOMINAL_INDEX_FPS_ZERO_OFFSET_UNVERIFIED,511.74532586922845,590.7763512520755,591.3403167097985,20.0
R01ZF_SARF000100,R01ZF,100,3333,C:\research_raw\optical_sar_data\20260721data\derived_frames\pseudocolor_labelstudio_prep_20260722\frames\sar_pseudocolor\R01ZF\frame_000100_t003333ms.jpg,1024,592,-59.92829848430174,59.833559435023005,60,3333,NOMINAL_INDEX_FPS_ZERO_OFFSET_UNVERIFIED,511.74532586922845,590.7763512520755,591.3403167097985,20.0
R01ZF_SARF000101,R01ZF,101,3367,C:\research_raw\optical_sar_data\20260721data\derived_frames\pseudocolor_labelstudio_prep_20260722\frames\sar_pseudocolor\R01ZF\frame_000101_t003367ms.jpg,1024,592,-59.92829848430174,59.833559435023005,61,3389,NOMINAL_INDEX_FPS_ZERO_OFFSET_UNVERIFIED,511.74532586922845,590.7763512520755,591.3403167097985,20.0
R01ZF_SARF000102,R01ZF,102,3400,C:\research_raw\optical_sar_data\20260721data\derived_frames\pseudocolor_labelstudio_prep_20260722\frames\sar_pseudocolor\R01ZF\frame_000102_t003400ms.jpg,1024,592,-59.92829848430174,59.833559435023005,61,3389,NOMINAL_INDEX_FPS_ZERO_OFFSET_UNVERIFIED,511.74532586922845,590.7763512520755,591.3403167097985,20.0
R01ZF_SARF000103,R01ZF,103,3433,C:\research_raw\optical_sar_data\20260721data\derived_frames\pseudocolor_labelstudio_prep_20260722\frames\sar_pseudocolor\R01ZF\frame_000103_t003433ms.jpg,1024,592,-59.92829848430174,59.833559435023005,62,3444,NOMINAL_INDEX_FPS_ZERO_OFFSET_UNVERIFIED,511.74532586922845,590.7763512520755,591.3403167097985,20.0
R01ZF_SARF000104,R01ZF,104,3467,C:\research_raw\optical_sar_data\20260721data\derived_frames\pseudocolor_labelstudio_prep_20260722\frames\sar_pseudocolor\R01ZF\frame_000104_t003467ms.jpg,1024,592,-59.92829848430174,59.833559435023005,62,3444,NOMINAL_INDEX_FPS_ZERO_OFFSET_UNVERIFIED,511.74532586922845,590.7763512520755,591.3403167097985,20.0
R01ZF_SARF000105,R01ZF,105,3500,C:\research_raw\optical_sar_data\20260721data\derived_frames\pseudocolor_labelstudio_prep_20260722\frames\sar_pseudocolor\R01ZF\frame_000105_t003500ms.jpg,1024,592,-59.92829848430174,59.833559435023005,63,3500,NOMINAL_INDEX_FPS_ZERO_OFFSET_UNVERIFIED,511.74532586922845,590.7763512520755,591.3403167097985,20.0
R01ZF_SARF000106,R01ZF,106,3533,C:\research_raw\optical_sar_data\20260721data\derived_frames\pseudocolor_labelstudio_prep_20260722\frames\sar_pseudocolor\R01ZF\frame_000106_t003533ms.jpg,1024,592,-59.92829848430174,59.833559435023005,64,3556,NOMINAL_INDEX_FPS_ZERO_OFFSET_UNVERIFIED,511.74532586922845,590.7763512520755,591.3403167097985,20.0
R01ZF_SARF000107,R01ZF,107,3567,C:\research_raw\optical_sar_data\20260721data\derived_frames\pseudocolor_labelstudio_prep_20260722\frames\sar_pseudocolor\R01ZF\frame_000107_t003567ms.jpg,1024,592,-59.92829848430174,59.833559435023005,64,3556,NOMINAL_INDEX_FPS_ZERO_OFFSET_UNVERIFIED,511.74532586922845,590.7763512520755,591.3403167097985,20.0
R01ZF_SARF000108,R01ZF,108,3600,C:\research_raw\optical_sar_data\20260721data\derived_frames\pseudocolor_labelstudio_prep_20260722\frames\sar_pseudocolor\R01ZF\frame_000108_t003600ms.jpg,1024,592,-59.92829848430174,59.833559435023005,65,3611,NOMINAL_INDEX_FPS_ZERO_OFFSET_UNVERIFIED,511.74532586922845,590.7763512520755,591.3403167097985,20.0
R01ZF_SARF000109,R01ZF,109,3633,C:\research_raw\optical_sar_data\20260721data\derived_frames\pseudocolor_labelstudio_prep_20260722\frames\sar_pseudocolor\R01ZF\frame_000109_t003633ms.jpg,1024,592,-59.92829848430174,59.833559435023005,65,3611,NOMINAL_INDEX_FPS_ZERO_OFFSET_UNVERIFIED,511.74532586922845,590.7763512520755,591.3403167097985,20.0
R01ZF_SARF000110,R01ZF,110,3667,C:\research_raw\optical_sar_data\20260721data\derived_frames\pseudocolor_labelstudio_prep_20260722\frames\sar_pseudocolor\R01ZF\frame_000110_t003667ms.jpg,1024,592,-59.92829848430174,59.833559435023005,66,3667,NOMINAL_INDEX_FPS_ZERO_OFFSET_UNVERIFIED,511.74532586922845,590.7763512520755,591.3403167097985,20.0
R01ZF_SARF000111,R01ZF,111,3700,C:\research_raw\optical_sar_data\20260721data\derived_frames\pseudocolor_labelstudio_prep_20260722\frames\sar_pseudocolor\R01ZF\frame_000111_t003700ms.jpg,1024,592,-59.92829848430174,59.833559435023005,67,3722,NOMINAL_INDEX_FPS_ZERO_OFFSET_UNVERIFIED,511.74532586922845,590.7763512520755,591.3403167097985,20.0
R01ZF_SARF000112,R01ZF,112,3733,C:\research_raw\optical_sar_data\20260721data\derived_frames\pseudocolor_labelstudio_prep_20260722\frames\sar_pseudocolor\R01ZF\frame_000112_t003733ms.jpg,1024,592,-59.92829848430174,59.833559435023005,67,3722,NOMINAL_INDEX_FPS_ZERO_OFFSET_UNVERIFIED,511.74532586922845,590.7763512520755,591.3403167097985,20.0
R01ZF_SARF000113,R01ZF,113,3767,C:\research_raw\optical_sar_data\20260721data\derived_frames\pseudocolor_labelstudio_prep_20260722\frames\sar_pseudocolor\R01ZF\frame_000113_t003767ms.jpg,1024,592,-59.92829848430174,59.833559435023005,68,3778,NOMINAL_INDEX_FPS_ZERO_OFFSET_UNVERIFIED,511.74532586922845,590.7763512520755,591.3403167097985,20.0
R01ZF_SARF000114,R01ZF,114,3800,C:\research_raw\optical_sar_data\20260721data\derived_frames\pseudocolor_labelstudio_prep_20260722\frames\sar_pseudocolor\R01ZF\frame_000114_t003800ms.jpg,1024,592,-59.92829848430174,59.833559435023005,68,3778,NOMINAL_INDEX_FPS_ZERO_OFFSET_UNVERIFIED,511.74532586922845,590.7763512520755,591.3403167097985,20.0
R01ZF_SARF000115,R01ZF,115,3833,C:\research_raw\optical_sar_data\20260721data\derived_frames\pseudocolor_labelstudio_prep_20260722\frames\sar_pseudocolor\R01ZF\frame_000115_t003833ms.jpg,1024,592,-59.92829848430174,59.833559435023005,69,3833,NOMINAL_INDEX_FPS_ZERO_OFFSET_UNVERIFIED,511.74532586922845,590.7763512520755,591.3403167097985,20.0
R01ZF_SARF000116,R01ZF,116,3867,C:\research_raw\optical_sar_data\20260721data\derived_frames\pseudocolor_labelstudio_prep_20260722\frames\sar_pseudocolor\R01ZF\frame_000116_t003867ms.jpg,1024,592,-59.92829848430174,59.833559435023005,70,3889,NOMINAL_INDEX_FPS_ZERO_OFFSET_UNVERIFIED,511.74532586922845,590.7763512520755,591.3403167097985,20.0
R01ZF_SARF000117,R01ZF,117,3900,C:\research_raw\optical_sar_data\20260721data\derived_frames\pseudocolor_labelstudio_prep_20260722\frames\sar_pseudocolor\R01ZF\frame_000117_t003900ms.jpg,1024,592,-59.92829848430174,59.833559435023005,70,3889,NOMINAL_INDEX_FPS_ZERO_OFFSET_UNVERIFIED,511.74532586922845,590.7763512520755,591.3403167097985,20.0
R01ZF_SARF000118,R01ZF,118,3933,C:\research_raw\optical_sar_data\20260721data\derived_frames\pseudocolor_labelstudio_prep_20260722\frames\sar_pseudocolor\R01ZF\frame_000118_t003933ms.jpg,1024,592,-59.92829848430174,59.833559435023005,71,3944,NOMINAL_INDEX_FPS_ZERO_OFFSET_UNVERIFIED,511.74532586922845,590.7763512520755,591.3403167097985,20.0
R01ZF_SARF000119,R01ZF,119,3967,C:\research_raw\optical_sar_data\20260721data\derived_frames\pseudocolor_labelstudio_prep_20260722\frames\sar_pseudocolor\R01ZF\frame_000119_t003967ms.jpg,1024,592,-59.92829848430174,59.833559435023005,71,3944,NOMINAL_INDEX_FPS_ZERO_OFFSET_UNVERIFIED,511.74532586922845,590.7763512520755,591.3403167097985,20.0
R01ZF_SARF000120,R01ZF,120,4000,C:\research_raw\optical_sar_data\20260721data\derived_frames\pseudocolor_labelstudio_prep_20260722\frames\sar_pseudocolor\R01ZF\frame_000120_t004000ms.jpg,1024,592,-59.92829848430174,59.833559435023005,72,4000,NOMINAL_INDEX_FPS_ZERO_OFFSET_UNVERIFIED,511.74532586922845,590.7763512520755,591.3403167097985,20.0
R01ZF_SARF000121,R01ZF,121,4033,C:\research_raw\optical_sar_data\20260721data\derived_frames\pseudocolor_labelstudio_prep_20260722\frames\sar_pseudocolor\R01ZF\frame_000121_t004033ms.jpg,1024,592,-59.92829848430174,59.833559435023005,73,4056,NOMINAL_INDEX_FPS_ZERO_OFFSET_UNVERIFIED,511.74532586922845,590.7763512520755,591.3403167097985,20.0
R01ZF_SARF000122,R01ZF,122,4067,C:\research_raw\optical_sar_data\20260721data\derived_frames\pseudocolor_labelstudio_prep_20260722\frames\sar_pseudocolor\R01ZF\frame_000122_t004067ms.jpg,1024,592,-59.92829848430174,59.833559435023005,73,4056,NOMINAL_INDEX_FPS_ZERO_OFFSET_UNVERIFIED,511.74532586922845,590.7763512520755,591.3403167097985,20.0
R01ZF_SARF000123,R01ZF,123,4100,C:\research_raw\optical_sar_data\20260721data\derived_frames\pseudocolor_labelstudio_prep_20260722\frames\sar_pseudocolor\R01ZF\frame_000123_t004100ms.jpg,1024,592,-59.92829848430174,59.833559435023005,74,4111,NOMINAL_INDEX_FPS_ZERO_OFFSET_UNVERIFIED,511.74532586922845,590.7763512520755,591.3403167097985,20.0
R01ZF_SARF000124,R01ZF,124,4133,C:\research_raw\optical_sar_data\20260721data\derived_frames\pseudocolor_labelstudio_prep_20260722\frames\sar_pseudocolor\R01ZF\frame_000124_t004133ms.jpg,1024,592,-59.92829848430174,59.833559435023005,74,4111,NOMINAL_INDEX_FPS_ZERO_OFFSET_UNVERIFIED,511.74532586922845,590.7763512520755,591.3403167097985,20.0
R01ZF_SARF000125,R01ZF,125,4167,C:\research_raw\optical_sar_data\20260721data\derived_frames\pseudocolor_labelstudio_prep_20260722\frames\sar_pseudocolor\R01ZF\frame_000125_t004167ms.jpg,1024,592,-59.92829848430174,59.833559435023005,75,4167,NOMINAL_INDEX_FPS_ZERO_OFFSET_UNVERIFIED,511.74532586922845,590.7763512520755,591.3403167097985,20.0
R01ZF_SARF000126,R01ZF,126,4200,C:\research_raw\optical_sar_data\20260721data\derived_frames\pseudocolor_labelstudio_prep_20260722\frames\sar_pseudocolor\R01ZF\frame_000126_t004200ms.jpg,1024,592,-59.92829848430174,59.833559435023005,76,4222,NOMINAL_INDEX_FPS_ZERO_OFFSET_UNVERIFIED,511.74532586922845,590.7763512520755,591.3403167097985,20.0
R01ZF_SARF000127,R01ZF,127,4233,C:\research_raw\optical_sar_data\20260721data\derived_frames\pseudocolor_labelstudio_prep_20260722\frames\sar_pseudocolor\R01ZF\frame_000127_t004233ms.jpg,1024,592,-59.92829848430174,59.833559435023005,76,4222,NOMINAL_INDEX_FPS_ZERO_OFFSET_UNVERIFIED,511.74532586922845,590.7763512520755,591.3403167097985,20.0
R01ZF_SARF000128,R01ZF,128,4267,C:\research_raw\optical_sar_data\20260721data\derived_frames\pseudocolor_labelstudio_prep_20260722\frames\sar_pseudocolor\R01ZF\frame_000128_t004267ms.jpg,1024,592,-59.92829848430174,59.833559435023005,77,4278,NOMINAL_INDEX_FPS_ZERO_OFFSET_UNVERIFIED,511.74532586922845,590.7763512520755,591.3403167097985,20.0
R01ZF_SARF000129,R01ZF,129,4300,C:\research_raw\optical_sar_data\20260721data\derived_frames\pseudocolor_labelstudio_prep_20260722\frames\sar_pseudocolor\R01ZF\frame_000129_t004300ms.jpg,1024,592,-59.92829848430174,59.833559435023005,77,4278,NOMINAL_INDEX_FPS_ZERO_OFFSET_UNVERIFIED,511.74532586922845,590.7763512520755,591.3403167097985,20.0
R01ZF_SARF000130,R01ZF,130,4333,C:\research_raw\optical_sar_data\20260721data\derived_frames\pseudocolor_labelstudio_prep_20260722\frames\sar_pseudocolor\R01ZF\frame_000130_t004333ms.jpg,1024,592,-59.92829848430174,59.833559435023005,78,4333,NOMINAL_INDEX_FPS_ZERO_OFFSET_UNVERIFIED,511.74532586922845,590.7763512520755,591.3403167097985,20.0
R01ZF_SARF000131,R01ZF,131,4367,C:\research_raw\optical_sar_data\20260721data\derived_frames\pseudocolor_labelstudio_prep_20260722\frames\sar_pseudocolor\R01ZF\frame_000131_t004367ms.jpg,1024,592,-59.92829848430174,59.833559435023005,79,4389,NOMINAL_INDEX_FPS_ZERO_OFFSET_UNVERIFIED,511.74532586922845,590.7763512520755,591.3403167097985,20.0
R01ZF_SARF000132,R01ZF,132,4400,C:\research_raw\optical_sar_data\20260721data\derived_frames\pseudocolor_labelstudio_prep_20260722\frames\sar_pseudocolor\R01ZF\frame_000132_t004400ms.jpg,1024,592,-59.92829848430174,59.833559435023005,79,4389,NOMINAL_INDEX_FPS_ZERO_OFFSET_UNVERIFIED,511.74532586922845,590.7763512520755,591.3403167097985,20.0
R01ZF_SARF000133,R01ZF,133,4433,C:\research_raw\optical_sar_data\20260721data\derived_frames\pseudocolor_labelstudio_prep_20260722\frames\sar_pseudocolor\R01ZF\frame_000133_t004433ms.jpg,1024,592,-59.92829848430174,59.833559435023005,80,4444,NOMINAL_INDEX_FPS_ZERO_OFFSET_UNVERIFIED,511.74532586922845,590.7763512520755,591.3403167097985,20.0
R01ZF_SARF000134,R01ZF,134,4467,C:\research_raw\optical_sar_data\20260721data\derived_frames\pseudocolor_labelstudio_prep_20260722\frames\sar_pseudocolor\R01ZF\frame_000134_t004467ms.jpg,1024,592,-59.92829848430174,59.833559435023005,80,4444,NOMINAL_INDEX_FPS_ZERO_OFFSET_UNVERIFIED,511.74532586922845,590.7763512520755,591.3403167097985,20.0
R01ZF_SARF000135,R01ZF,135,4500,C:\research_raw\optical_sar_data\20260721data\derived_frames\pseudocolor_labelstudio_prep_20260722\frames\sar_pseudocolor\R01ZF\frame_000135_t004500ms.jpg,1024,592,-59.92829848430174,59.833559435023005,81,4500,NOMINAL_INDEX_FPS_ZERO_OFFSET_UNVERIFIED,511.74532586922845,590.7763512520755,591.3403167097985,20.0
R01ZF_SARF000136,R01ZF,136,4533,C:\research_raw\optical_sar_data\20260721data\derived_frames\pseudocolor_labelstudio_prep_20260722\frames\sar_pseudocolor\R01ZF\frame_000136_t004533ms.jpg,1024,592,-59.92829848430174,59.833559435023005,82,4556,NOMINAL_INDEX_FPS_ZERO_OFFSET_UNVERIFIED,511.74532586922845,590.7763512520755,591.3403167097985,20.0
R01ZF_SARF000137,R01ZF,137,4567,C:\research_raw\optical_sar_data\20260721data\derived_frames\pseudocolor_labelstudio_prep_20260722\frames\sar_pseudocolor\R01ZF\frame_000137_t004567ms.jpg,1024,592,-59.92829848430174,59.833559435023005,82,4556,NOMINAL_INDEX_FPS_ZERO_OFFSET_UNVERIFIED,511.74532586922845,590.7763512520755,591.3403167097985,20.0
R01ZF_SARF000138,R01ZF,138,4600,C:\research_raw\optical_sar_data\20260721data\derived_frames\pseudocolor_labelstudio_prep_20260722\frames\sar_pseudocolor\R01ZF\frame_000138_t004600ms.jpg,1024,592,-59.92829848430174,59.833559435023005,83,4611,NOMINAL_INDEX_FPS_ZERO_OFFSET_UNVERIFIED,511.74532586922845,590.7763512520755,591.3403167097985,20.0
R01ZF_SARF000139,R01ZF,139,4633,C:\research_raw\optical_sar_data\20260721data\derived_frames\pseudocolor_labelstudio_prep_20260722\frames\sar_pseudocolor\R01ZF\frame_000139_t004633ms.jpg,1024,592,-59.92829848430174,59.833559435023005,83,4611,NOMINAL_INDEX_FPS_ZERO_OFFSET_UNVERIFIED,511.74532586922845,590.7763512520755,591.3403167097985,20.0
R01ZF_SARF000140,R01ZF,140,4667,C:\research_raw\optical_sar_data\20260721data\derived_frames\pseudocolor_labelstudio_prep_20260722\frames\sar_pseudocolor\R01ZF\frame_000140_t004667ms.jpg,1024,592,-59.92829848430174,59.833559435023005,84,4667,NOMINAL_INDEX_FPS_ZERO_OFFSET_UNVERIFIED,511.74532586922845,590.7763512520755,591.3403167097985,20.0
R01ZF_SARF000141,R01ZF,141,4700,C:\research_raw\optical_sar_data\20260721data\derived_frames\pseudocolor_labelstudio_prep_20260722\frames\sar_pseudocolor\R01ZF\frame_000141_t004700ms.jpg,1024,592,-59.92829848430174,59.833559435023005,85,4722,NOMINAL_INDEX_FPS_ZERO_OFFSET_UNVERIFIED,511.74532586922845,590.7763512520755,591.3403167097985,20.0
R01ZF_SARF000142,R01ZF,142,4733,C:\research_raw\optical_sar_data\20260721data\derived_frames\pseudocolor_labelstudio_prep_20260722\frames\sar_pseudocolor\R01ZF\frame_000142_t004733ms.jpg,1024,592,-59.92829848430174,59.833559435023005,85,4722,NOMINAL_INDEX_FPS_ZERO_OFFSET_UNVERIFIED,511.74532586922845,590.7763512520755,591.3403167097985,20.0
R01ZF_SARF000143,R01ZF,143,4767,C:\research_raw\optical_sar_data\20260721data\derived_frames\pseudocolor_labelstudio_prep_20260722\frames\sar_pseudocolor\R01ZF\frame_000143_t004767ms.jpg,1024,592,-59.92829848430174,59.833559435023005,86,4778,NOMINAL_INDEX_FPS_ZERO_OFFSET_UNVERIFIED,511.74532586922845,590.7763512520755,591.3403167097985,20.0
R01ZF_SARF000144,R01ZF,144,4800,C:\research_raw\optical_sar_data\20260721data\derived_frames\pseudocolor_labelstudio_prep_20260722\frames\sar_pseudocolor\R01ZF\frame_000144_t004800ms.jpg,1024,592,-59.92829848430174,59.833559435023005,86,4778,NOMINAL_INDEX_FPS_ZERO_OFFSET_UNVERIFIED,511.74532586922845,590.7763512520755,591.3403167097985,20.0
R01ZF_SARF000145,R01ZF,145,4833,C:\research_raw\optical_sar_data\20260721data\derived_frames\pseudocolor_labelstudio_prep_20260722\frames\sar_pseudocolor\R01ZF\frame_000145_t004833ms.jpg,1024,592,-59.92829848430174,59.833559435023005,87,4833,NOMINAL_INDEX_FPS_ZERO_OFFSET_UNVERIFIED,511.74532586922845,590.7763512520755,591.3403167097985,20.0
R01ZF_SARF000146,R01ZF,146,4867,C:\research_raw\optical_sar_data\20260721data\derived_frames\pseudocolor_labelstudio_prep_20260722\frames\sar_pseudocolor\R01ZF\frame_000146_t004867ms.jpg,1024,592,-59.92829848430174,59.833559435023005,88,4889,NOMINAL_INDEX_FPS_ZERO_OFFSET_UNVERIFIED,511.74532586922845,590.7763512520755,591.3403167097985,20.0
R01ZF_SARF000147,R01ZF,147,4900,C:\research_raw\optical_sar_data\20260721data\derived_frames\pseudocolor_labelstudio_prep_20260722\frames\sar_pseudocolor\R01ZF\frame_000147_t004900ms.jpg,1024,592,-59.92829848430174,59.833559435023005,88,4889,NOMINAL_INDEX_FPS_ZERO_OFFSET_UNVERIFIED,511.74532586922845,590.7763512520755,591.3403167097985,20.0
R01ZF_SARF000148,R01ZF,148,4933,C:\research_raw\optical_sar_data\20260721data\derived_frames\pseudocolor_labelstudio_prep_20260722\frames\sar_pseudocolor\R01ZF\frame_000148_t004933ms.jpg,1024,592,-59.92829848430174,59.833559435023005,89,4944,NOMINAL_INDEX_FPS_ZERO_OFFSET_UNVERIFIED,511.74532586922845,590.7763512520755,591.3403167097985,20.0
R01ZF_SARF000149,R01ZF,149,4967,C:\research_raw\optical_sar_data\20260721data\derived_frames\pseudocolor_labelstudio_prep_20260722\frames\sar_pseudocolor\R01ZF\frame_000149_t004967ms.jpg,1024,592,-59.92829848430174,59.833559435023005,89,4944,NOMINAL_INDEX_FPS_ZERO_OFFSET_UNVERIFIED,511.74532586922845,590.7763512520755,591.3403167097985,20.0
R01ZF_SARF000150,R01ZF,150,5000,C:\research_raw\optical_sar_data\20260721data\derived_frames\pseudocolor_labelstudio_prep_20260722\frames\sar_pseudocolor\R01ZF\frame_000150_t005000ms.jpg,1024,592,-59.92829848430174,59.833559435023005,90,5000,NOMINAL_INDEX_FPS_ZERO_OFFSET_UNVERIFIED,511.74532586922845,590.7763512520755,591.3403167097985,20.0
R01ZF_SARF000151,R01ZF,151,5033,C:\research_raw\optical_sar_data\20260721data\derived_frames\pseudocolor_labelstudio_prep_20260722\frames\sar_pseudocolor\R01ZF\frame_000151_t005033ms.jpg,1024,592,-59.92829848430174,59.833559435023005,91,5056,NOMINAL_INDEX_FPS_ZERO_OFFSET_UNVERIFIED,511.74532586922845,590.7763512520755,591.3403167097985,20.0
R01ZF_SARF000152,R01ZF,152,5067,C:\research_raw\optical_sar_data\20260721data\derived_frames\pseudocolor_labelstudio_prep_20260722\frames\sar_pseudocolor\R01ZF\frame_000152_t005067ms.jpg,1024,592,-59.92829848430174,59.833559435023005,91,5056,NOMINAL_INDEX_FPS_ZERO_OFFSET_UNVERIFIED,511.74532586922845,590.7763512520755,591.3403167097985,20.0
R01ZF_SARF000153,R01ZF,153,5100,C:\research_raw\optical_sar_data\20260721data\derived_frames\pseudocolor_labelstudio_prep_20260722\frames\sar_pseudocolor\R01ZF\frame_000153_t005100ms.jpg,1024,592,-59.92829848430174,59.833559435023005,92,5111,NOMINAL_INDEX_FPS_ZERO_OFFSET_UNVERIFIED,511.74532586922845,590.7763512520755,591.3403167097985,20.0
R01ZF_SARF000154,R01ZF,154,5133,C:\research_raw\optical_sar_data\20260721data\derived_frames\pseudocolor_labelstudio_prep_20260722\frames\sar_pseudocolor\R01ZF\frame_000154_t005133ms.jpg,1024,592,-59.92829848430174,59.833559435023005,92,5111,NOMINAL_INDEX_FPS_ZERO_OFFSET_UNVERIFIED,511.74532586922845,590.7763512520755,591.3403167097985,20.0
R01ZF_SARF000155,R01ZF,155,5167,C:\research_raw\optical_sar_data\20260721data\derived_frames\pseudocolor_labelstudio_prep_20260722\frames\sar_pseudocolor\R01ZF\frame_000155_t005167ms.jpg,1024,592,-59.92829848430174,59.833559435023005,93,5167,NOMINAL_INDEX_FPS_ZERO_OFFSET_UNVERIFIED,511.74532586922845,590.7763512520755,591.3403167097985,20.0
R01ZF_SARF000156,R01ZF,156,5200,C:\research_raw\optical_sar_data\20260721data\derived_frames\pseudocolor_labelstudio_prep_20260722\frames\sar_pseudocolor\R01ZF\frame_000156_t005200ms.jpg,1024,592,-59.92829848430174,59.833559435023005,94,5222,NOMINAL_INDEX_FPS_ZERO_OFFSET_UNVERIFIED,511.74532586922845,590.7763512520755,591.3403167097985,20.0
R01ZF_SARF000157,R01ZF,157,5233,C:\research_raw\optical_sar_data\20260721data\derived_frames\pseudocolor_labelstudio_prep_20260722\frames\sar_pseudocolor\R01ZF\frame_000157_t005233ms.jpg,1024,592,-59.92829848430174,59.833559435023005,94,5222,NOMINAL_INDEX_FPS_ZERO_OFFSET_UNVERIFIED,511.74532586922845,590.7763512520755,591.3403167097985,20.0
R01ZF_SARF000158,R01ZF,158,5267,C:\research_raw\optical_sar_data\20260721data\derived_frames\pseudocolor_labelstudio_prep_20260722\frames\sar_pseudocolor\R01ZF\frame_000158_t005267ms.jpg,1024,592,-59.92829848430174,59.833559435023005,95,5278,NOMINAL_INDEX_FPS_ZERO_OFFSET_UNVERIFIED,511.74532586922845,590.7763512520755,591.3403167097985,20.0
R01ZF_SARF000159,R01ZF,159,5300,C:\research_raw\optical_sar_data\20260721data\derived_frames\pseudocolor_labelstudio_prep_20260722\frames\sar_pseudocolor\R01ZF\frame_000159_t005300ms.jpg,1024,592,-59.92829848430174,59.833559435023005,95,5278,NOMINAL_INDEX_FPS_ZERO_OFFSET_UNVERIFIED,511.74532586922845,590.7763512520755,591.3403167097985,20.0
R01ZF_SARF000160,R01ZF,160,5333,C:\research_raw\optical_sar_data\20260721data\derived_frames\pseudocolor_labelstudio_prep_20260722\frames\sar_pseudocolor\R01ZF\frame_000160_t005333ms.jpg,1024,592,-59.92829848430174,59.833559435023005,96,5333,NOMINAL_INDEX_FPS_ZERO_OFFSET_UNVERIFIED,511.74532586922845,590.7763512520755,591.3403167097985,20.0
R01ZF_SARF000161,R01ZF,161,5367,C:\research_raw\optical_sar_data\20260721data\derived_frames\pseudocolor_labelstudio_prep_20260722\frames\sar_pseudocolor\R01ZF\frame_000161_t005367ms.jpg,1024,592,-59.92829848430174,59.833559435023005,97,5389,NOMINAL_INDEX_FPS_ZERO_OFFSET_UNVERIFIED,511.74532586922845,590.7763512520755,591.3403167097985,20.0
R01ZF_SARF000162,R01ZF,162,5400,C:\research_raw\optical_sar_data\20260721data\derived_frames\pseudocolor_labelstudio_prep_20260722\frames\sar_pseudocolor\R01ZF\frame_000162_t005400ms.jpg,1024,592,-59.92829848430174,59.833559435023005,97,5389,NOMINAL_INDEX_FPS_ZERO_OFFSET_UNVERIFIED,511.74532586922845,590.7763512520755,591.3403167097985,20.0
R01ZF_SARF000163,R01ZF,163,5433,C:\research_raw\optical_sar_data\20260721data\derived_frames\pseudocolor_labelstudio_prep_20260722\frames\sar_pseudocolor\R01ZF\frame_000163_t005433ms.jpg,1024,592,-59.92829848430174,59.833559435023005,98,5444,NOMINAL_INDEX_FPS_ZERO_OFFSET_UNVERIFIED,511.74532586922845,590.7763512520755,591.3403167097985,20.0
R01ZF_SARF000164,R01ZF,164,5467,C:\research_raw\optical_sar_data\20260721data\derived_frames\pseudocolor_labelstudio_prep_20260722\frames\sar_pseudocolor\R01ZF\frame_000164_t005467ms.jpg,1024,592,-59.92829848430174,59.833559435023005,98,5444,NOMINAL_INDEX_FPS_ZERO_OFFSET_UNVERIFIED,511.74532586922845,590.7763512520755,591.3403167097985,20.0
R01ZF_SARF000165,R01ZF,165,5500,C:\research_raw\optical_sar_data\20260721data\derived_frames\pseudocolor_labelstudio_prep_20260722\frames\sar_pseudocolor\R01ZF\frame_000165_t005500ms.jpg,1024,592,-59.92829848430174,59.833559435023005,99,5500,NOMINAL_INDEX_FPS_ZERO_OFFSET_UNVERIFIED,511.74532586922845,590.7763512520755,591.3403167097985,20.0
R01ZF_SARF000166,R01ZF,166,5533,C:\research_raw\optical_sar_data\20260721data\derived_frames\pseudocolor_labelstudio_prep_20260722\frames\sar_pseudocolor\R01ZF\frame_000166_t005533ms.jpg,1024,592,-59.92829848430174,59.833559435023005,100,5556,NOMINAL_INDEX_FPS_ZERO_OFFSET_UNVERIFIED,511.74532586922845,590.7763512520755,591.3403167097985,20.0
R01ZF_SARF000167,R01ZF,167,5567,C:\research_raw\optical_sar_data\20260721data\derived_frames\pseudocolor_labelstudio_prep_20260722\frames\sar_pseudocolor\R01ZF\frame_000167_t005567ms.jpg,1024,592,-59.92829848430174,59.833559435023005,100,5556,NOMINAL_INDEX_FPS_ZERO_OFFSET_UNVERIFIED,511.74532586922845,590.7763512520755,591.3403167097985,20.0
R01ZF_SARF000168,R01ZF,168,5600,C:\research_raw\optical_sar_data\20260721data\derived_frames\pseudocolor_labelstudio_prep_20260722\frames\sar_pseudocolor\R01ZF\frame_000168_t005600ms.jpg,1024,592,-59.92829848430174,59.833559435023005,101,5611,NOMINAL_INDEX_FPS_ZERO_OFFSET_UNVERIFIED,511.74532586922845,590.7763512520755,591.3403167097985,20.0
R01ZF_SARF000169,R01ZF,169,5633,C:\research_raw\optical_sar_data\20260721data\derived_frames\pseudocolor_labelstudio_prep_20260722\frames\sar_pseudocolor\R01ZF\frame_000169_t005633ms.jpg,1024,592,-59.92829848430174,59.833559435023005,101,5611,NOMINAL_INDEX_FPS_ZERO_OFFSET_UNVERIFIED,511.74532586922845,590.7763512520755,591.3403167097985,20.0
R01ZF_SARF000170,R01ZF,170,5667,C:\research_raw\optical_sar_data\20260721data\derived_frames\pseudocolor_labelstudio_prep_20260722\frames\sar_pseudocolor\R01ZF\frame_000170_t005667ms.jpg,1024,592,-59.92829848430174,59.833559435023005,102,5667,NOMINAL_INDEX_FPS_ZERO_OFFSET_UNVERIFIED,511.74532586922845,590.7763512520755,591.3403167097985,20.0
R01ZF_SARF000171,R01ZF,171,5700,C:\research_raw\optical_sar_data\20260721data\derived_frames\pseudocolor_labelstudio_prep_20260722\frames\sar_pseudocolor\R01ZF\frame_000171_t005700ms.jpg,1024,592,-59.92829848430174,59.833559435023005,103,5722,NOMINAL_INDEX_FPS_ZERO_OFFSET_UNVERIFIED,511.74532586922845,590.7763512520755,591.3403167097985,20.0
R01ZF_SARF000172,R01ZF,172,5733,C:\research_raw\optical_sar_data\20260721data\derived_frames\pseudocolor_labelstudio_prep_20260722\frames\sar_pseudocolor\R01ZF\frame_000172_t005733ms.jpg,1024,592,-59.92829848430174,59.833559435023005,103,5722,NOMINAL_INDEX_FPS_ZERO_OFFSET_UNVERIFIED,511.74532586922845,590.7763512520755,591.3403167097985,20.0
R01ZF_SARF000173,R01ZF,173,5767,C:\research_raw\optical_sar_data\20260721data\derived_frames\pseudocolor_labelstudio_prep_20260722\frames\sar_pseudocolor\R01ZF\frame_000173_t005767ms.jpg,1024,592,-59.92829848430174,59.833559435023005,104,5778,NOMINAL_INDEX_FPS_ZERO_OFFSET_UNVERIFIED,511.74532586922845,590.7763512520755,591.3403167097985,20.0
R01ZF_SARF000174,R01ZF,174,5800,C:\research_raw\optical_sar_data\20260721data\derived_frames\pseudocolor_labelstudio_prep_20260722\frames\sar_pseudocolor\R01ZF\frame_000174_t005800ms.jpg,1024,592,-59.92829848430174,59.833559435023005,104,5778,NOMINAL_INDEX_FPS_ZERO_OFFSET_UNVERIFIED,511.74532586922845,590.7763512520755,591.3403167097985,20.0
R01ZF_SARF000175,R01ZF,175,5833,C:\research_raw\optical_sar_data\20260721data\derived_frames\pseudocolor_labelstudio_prep_20260722\frames\sar_pseudocolor\R01ZF\frame_000175_t005833ms.jpg,1024,592,-59.92829848430174,59.833559435023005,105,5833,NOMINAL_INDEX_FPS_ZERO_OFFSET_UNVERIFIED,511.74532586922845,590.7763512520755,591.3403167097985,20.0
R01ZF_SARF000176,R01ZF,176,5867,C:\research_raw\optical_sar_data\20260721data\derived_frames\pseudocolor_labelstudio_prep_20260722\frames\sar_pseudocolor\R01ZF\frame_000176_t005867ms.jpg,1024,592,-59.92829848430174,59.833559435023005,106,5889,NOMINAL_INDEX_FPS_ZERO_OFFSET_UNVERIFIED,511.74532586922845,590.7763512520755,591.3403167097985,20.0
R01ZF_SARF000177,R01ZF,177,5900,C:\research_raw\optical_sar_data\20260721data\derived_frames\pseudocolor_labelstudio_prep_20260722\frames\sar_pseudocolor\R01ZF\frame_000177_t005900ms.jpg,1024,592,-59.92829848430174,59.833559435023005,106,5889,NOMINAL_INDEX_FPS_ZERO_OFFSET_UNVERIFIED,511.74532586922845,590.7763512520755,591.3403167097985,20.0
R01ZF_SARF000178,R01ZF,178,5933,C:\research_raw\optical_sar_data\20260721data\derived_frames\pseudocolor_labelstudio_prep_20260722\frames\sar_pseudocolor\R01ZF\frame_000178_t005933ms.jpg,1024,592,-59.92829848430174,59.833559435023005,107,5944,NOMINAL_INDEX_FPS_ZERO_OFFSET_UNVERIFIED,511.74532586922845,590.7763512520755,591.3403167097985,20.0
R01ZF_SARF000179,R01ZF,179,5967,C:\research_raw\optical_sar_data\20260721data\derived_frames\pseudocolor_labelstudio_prep_20260722\frames\sar_pseudocolor\R01ZF\frame_000179_t005967ms.jpg,1024,592,-59.92829848430174,59.833559435023005,107,5944,NOMINAL_INDEX_FPS_ZERO_OFFSET_UNVERIFIED,511.74532586922845,590.7763512520755,591.3403167097985,20.0
R01ZF_SARF000180,R01ZF,180,6000,C:\research_raw\optical_sar_data\20260721data\derived_frames\pseudocolor_labelstudio_prep_20260722\frames\sar_pseudocolor\R01ZF\frame_000180_t006000ms.jpg,1024,592,-59.92829848430174,59.833559435023005,108,6000,NOMINAL_INDEX_FPS_ZERO_OFFSET_UNVERIFIED,511.74532586922845,590.7763512520755,591.3403167097985,20.0
R01ZF_SARF000181,R01ZF,181,6033,C:\research_raw\optical_sar_data\20260721data\derived_frames\pseudocolor_labelstudio_prep_20260722\frames\sar_pseudocolor\R01ZF\frame_000181_t006033ms.jpg,1024,592,-59.92829848430174,59.833559435023005,109,6056,NOMINAL_INDEX_FPS_ZERO_OFFSET_UNVERIFIED,511.74532586922845,590.7763512520755,591.3403167097985,20.0
R01ZF_SARF000182,R01ZF,182,6067,C:\research_raw\optical_sar_data\20260721data\derived_frames\pseudocolor_labelstudio_prep_20260722\frames\sar_pseudocolor\R01ZF\frame_000182_t006067ms.jpg,1024,592,-59.92829848430174,59.833559435023005,109,6056,NOMINAL_INDEX_FPS_ZERO_OFFSET_UNVERIFIED,511.74532586922845,590.7763512520755,591.3403167097985,20.0
R01ZF_SARF000183,R01ZF,183,6100,C:\research_raw\optical_sar_data\20260721data\derived_frames\pseudocolor_labelstudio_prep_20260722\frames\sar_pseudocolor\R01ZF\frame_000183_t006100ms.jpg,1024,592,-59.92829848430174,59.833559435023005,110,6111,NOMINAL_INDEX_FPS_ZERO_OFFSET_UNVERIFIED,511.74532586922845,590.7763512520755,591.3403167097985,20.0
R01ZF_SARF000184,R01ZF,184,6133,C:\research_raw\optical_sar_data\20260721data\derived_frames\pseudocolor_labelstudio_prep_20260722\frames\sar_pseudocolor\R01ZF\frame_000184_t006133ms.jpg,1024,592,-59.92829848430174,59.833559435023005,110,6111,NOMINAL_INDEX_FPS_ZERO_OFFSET_UNVERIFIED,511.74532586922845,590.7763512520755,591.3403167097985,20.0
R01ZF_SARF000185,R01ZF,185,6167,C:\research_raw\optical_sar_data\20260721data\derived_frames\pseudocolor_labelstudio_prep_20260722\frames\sar_pseudocolor\R01ZF\frame_000185_t006167ms.jpg,1024,592,-59.92829848430174,59.833559435023005,111,6167,NOMINAL_INDEX_FPS_ZERO_OFFSET_UNVERIFIED,511.74532586922845,590.7763512520755,591.3403167097985,20.0
R01ZF_SARF000186,R01ZF,186,6200,C:\research_raw\optical_sar_data\20260721data\derived_frames\pseudocolor_labelstudio_prep_20260722\frames\sar_pseudocolor\R01ZF\frame_000186_t006200ms.jpg,1024,592,-59.92829848430174,59.833559435023005,112,6222,NOMINAL_INDEX_FPS_ZERO_OFFSET_UNVERIFIED,511.74532586922845,590.7763512520755,591.3403167097985,20.0
R01ZF_SARF000187,R01ZF,187,6233,C:\research_raw\optical_sar_data\20260721data\derived_frames\pseudocolor_labelstudio_prep_20260722\frames\sar_pseudocolor\R01ZF\frame_000187_t006233ms.jpg,1024,592,-59.92829848430174,59.833559435023005,112,6222,NOMINAL_INDEX_FPS_ZERO_OFFSET_UNVERIFIED,511.74532586922845,590.7763512520755,591.3403167097985,20.0
R01ZF_SARF000188,R01ZF,188,6267,C:\research_raw\optical_sar_data\20260721data\derived_frames\pseudocolor_labelstudio_prep_20260722\frames\sar_pseudocolor\R01ZF\frame_000188_t006267ms.jpg,1024,592,-59.92829848430174,59.833559435023005,113,6278,NOMINAL_INDEX_FPS_ZERO_OFFSET_UNVERIFIED,511.74532586922845,590.7763512520755,591.3403167097985,20.0
R01ZF_SARF000189,R01ZF,189,6300,C:\research_raw\optical_sar_data\20260721data\derived_frames\pseudocolor_labelstudio_prep_20260722\frames\sar_pseudocolor\R01ZF\frame_000189_t006300ms.jpg,1024,592,-59.92829848430174,59.833559435023005,113,6278,NOMINAL_INDEX_FPS_ZERO_OFFSET_UNVERIFIED,511.74532586922845,590.7763512520755,591.3403167097985,20.0
R01ZF_SARF000190,R01ZF,190,6333,C:\research_raw\optical_sar_data\20260721data\derived_frames\pseudocolor_labelstudio_prep_20260722\frames\sar_pseudocolor\R01ZF\frame_000190_t006333ms.jpg,1024,592,-59.92829848430174,59.833559435023005,114,6333,NOMINAL_INDEX_FPS_ZERO_OFFSET_UNVERIFIED,511.74532586922845,590.7763512520755,591.3403167097985,20.0
R01ZF_SARF000191,R01ZF,191,6367,C:\research_raw\optical_sar_data\20260721data\derived_frames\pseudocolor_labelstudio_prep_20260722\frames\sar_pseudocolor\R01ZF\frame_000191_t006367ms.jpg,1024,592,-59.92829848430174,59.833559435023005,115,6389,NOMINAL_INDEX_FPS_ZERO_OFFSET_UNVERIFIED,511.74532586922845,590.7763512520755,591.3403167097985,20.0
R01ZF_SARF000192,R01ZF,192,6400,C:\research_raw\optical_sar_data\20260721data\derived_frames\pseudocolor_labelstudio_prep_20260722\frames\sar_pseudocolor\R01ZF\frame_000192_t006400ms.jpg,1024,592,-59.92829848430174,59.833559435023005,115,6389,NOMINAL_INDEX_FPS_ZERO_OFFSET_UNVERIFIED,511.74532586922845,590.7763512520755,591.3403167097985,20.0
R01ZF_SARF000193,R01ZF,193,6433,C:\research_raw\optical_sar_data\20260721data\derived_frames\pseudocolor_labelstudio_prep_20260722\frames\sar_pseudocolor\R01ZF\frame_000193_t006433ms.jpg,1024,592,-59.92829848430174,59.833559435023005,116,6444,NOMINAL_INDEX_FPS_ZERO_OFFSET_UNVERIFIED,511.74532586922845,590.7763512520755,591.3403167097985,20.0
R01ZF_SARF000194,R01ZF,194,6467,C:\research_raw\optical_sar_data\20260721data\derived_frames\pseudocolor_labelstudio_prep_20260722\frames\sar_pseudocolor\R01ZF\frame_000194_t006467ms.jpg,1024,592,-59.92829848430174,59.833559435023005,116,6444,NOMINAL_INDEX_FPS_ZERO_OFFSET_UNVERIFIED,511.74532586922845,590.7763512520755,591.3403167097985,20.0
R01ZF_SARF000195,R01ZF,195,6500,C:\research_raw\optical_sar_data\20260721data\derived_frames\pseudocolor_labelstudio_prep_20260722\frames\sar_pseudocolor\R01ZF\frame_000195_t006500ms.jpg,1024,592,-59.92829848430174,59.833559435023005,117,6500,NOMINAL_INDEX_FPS_ZERO_OFFSET_UNVERIFIED,511.74532586922845,590.7763512520755,591.3403167097985,20.0
R01ZF_SARF000196,R01ZF,196,6533,C:\research_raw\optical_sar_data\20260721data\derived_frames\pseudocolor_labelstudio_prep_20260722\frames\sar_pseudocolor\R01ZF\frame_000196_t006533ms.jpg,1024,592,-59.92829848430174,59.833559435023005,118,6556,NOMINAL_INDEX_FPS_ZERO_OFFSET_UNVERIFIED,511.74532586922845,590.7763512520755,591.3403167097985,20.0
R01ZF_SARF000197,R01ZF,197,6567,C:\research_raw\optical_sar_data\20260721data\derived_frames\pseudocolor_labelstudio_prep_20260722\frames\sar_pseudocolor\R01ZF\frame_000197_t006567ms.jpg,1024,592,-59.92829848430174,59.833559435023005,118,6556,NOMINAL_INDEX_FPS_ZERO_OFFSET_UNVERIFIED,511.74532586922845,590.7763512520755,591.3403167097985,20.0
R01ZF_SARF000198,R01ZF,198,6600,C:\research_raw\optical_sar_data\20260721data\derived_frames\pseudocolor_labelstudio_prep_20260722\frames\sar_pseudocolor\R01ZF\frame_000198_t006600ms.jpg,1024,592,-59.92829848430174,59.833559435023005,119,6611,NOMINAL_INDEX_FPS_ZERO_OFFSET_UNVERIFIED,511.74532586922845,590.7763512520755,591.3403167097985,20.0
R01ZF_SARF000199,R01ZF,199,6633,C:\research_raw\optical_sar_data\20260721data\derived_frames\pseudocolor_labelstudio_prep_20260722\frames\sar_pseudocolor\R01ZF\frame_000199_t006633ms.jpg,1024,592,-59.92829848430174,59.833559435023005,119,6611,NOMINAL_INDEX_FPS_ZERO_OFFSET_UNVERIFIED,511.74532586922845,590.7763512520755,591.3403167097985,20.0
R01ZF_SARF000200,R01ZF,200,6667,C:\research_raw\optical_sar_data\20260721data\derived_frames\pseudocolor_labelstudio_prep_20260722\frames\sar_pseudocolor\R01ZF\frame_000200_t006667ms.jpg,1024,592,-59.92829848430174,59.833559435023005,120,6667,NOMINAL_INDEX_FPS_ZERO_OFFSET_UNVERIFIED,511.74532586922845,590.7763512520755,591.3403167097985,20.0
R01ZF_SARF000201,R01ZF,201,6700,C:\research_raw\optical_sar_data\20260721data\derived_frames\pseudocolor_labelstudio_prep_20260722\frames\sar_pseudocolor\R01ZF\frame_000201_t006700ms.jpg,1024,592,-59.92829848430174,59.833559435023005,121,6722,NOMINAL_INDEX_FPS_ZERO_OFFSET_UNVERIFIED,511.74532586922845,590.7763512520755,591.3403167097985,20.0
R01ZF_SARF000202,R01ZF,202,6733,C:\research_raw\optical_sar_data\20260721data\derived_frames\pseudocolor_labelstudio_prep_20260722\frames\sar_pseudocolor\R01ZF\frame_000202_t006733ms.jpg,1024,592,-59.92829848430174,59.833559435023005,121,6722,NOMINAL_INDEX_FPS_ZERO_OFFSET_UNVERIFIED,511.74532586922845,590.7763512520755,591.3403167097985,20.0
R01ZF_SARF000203,R01ZF,203,6767,C:\research_raw\optical_sar_data\20260721data\derived_frames\pseudocolor_labelstudio_prep_20260722\frames\sar_pseudocolor\R01ZF\frame_000203_t006767ms.jpg,1024,592,-59.92829848430174,59.833559435023005,122,6778,NOMINAL_INDEX_FPS_ZERO_OFFSET_UNVERIFIED,511.74532586922845,590.7763512520755,591.3403167097985,20.0
R01ZF_SARF000204,R01ZF,204,6800,C:\research_raw\optical_sar_data\20260721data\derived_frames\pseudocolor_labelstudio_prep_20260722\frames\sar_pseudocolor\R01ZF\frame_000204_t006800ms.jpg,1024,592,-59.92829848430174,59.833559435023005,122,6778,NOMINAL_INDEX_FPS_ZERO_OFFSET_UNVERIFIED,511.74532586922845,590.7763512520755,591.3403167097985,20.0
R01ZF_SARF000205,R01ZF,205,6833,C:\research_raw\optical_sar_data\20260721data\derived_frames\pseudocolor_labelstudio_prep_20260722\frames\sar_pseudocolor\R01ZF\frame_000205_t006833ms.jpg,1024,592,-59.92829848430174,59.833559435023005,123,6833,NOMINAL_INDEX_FPS_ZERO_OFFSET_UNVERIFIED,511.74532586922845,590.7763512520755,591.3403167097985,20.0
R01ZF_SARF000206,R01ZF,206,6867,C:\research_raw\optical_sar_data\20260721data\derived_frames\pseudocolor_labelstudio_prep_20260722\frames\sar_pseudocolor\R01ZF\frame_000206_t006867ms.jpg,1024,592,-59.92829848430174,59.833559435023005,124,6889,NOMINAL_INDEX_FPS_ZERO_OFFSET_UNVERIFIED,511.74532586922845,590.7763512520755,591.3403167097985,20.0
R01ZF_SARF000207,R01ZF,207,6900,C:\research_raw\optical_sar_data\20260721data\derived_frames\pseudocolor_labelstudio_prep_20260722\frames\sar_pseudocolor\R01ZF\frame_000207_t006900ms.jpg,1024,592,-59.92829848430174,59.833559435023005,124,6889,NOMINAL_INDEX_FPS_ZERO_OFFSET_UNVERIFIED,511.74532586922845,590.7763512520755,591.3403167097985,20.0
R01ZF_SARF000208,R01ZF,208,6933,C:\research_raw\optical_sar_data\20260721data\derived_frames\pseudocolor_labelstudio_prep_20260722\frames\sar_pseudocolor\R01ZF\frame_000208_t006933ms.jpg,1024,592,-59.92829848430174,59.833559435023005,125,6944,NOMINAL_INDEX_FPS_ZERO_OFFSET_UNVERIFIED,511.74532586922845,590.7763512520755,591.3403167097985,20.0
R01ZF_SARF000209,R01ZF,209,6967,C:\research_raw\optical_sar_data\20260721data\derived_frames\pseudocolor_labelstudio_prep_20260722\frames\sar_pseudocolor\R01ZF\frame_000209_t006967ms.jpg,1024,592,-59.92829848430174,59.833559435023005,125,6944,NOMINAL_INDEX_FPS_ZERO_OFFSET_UNVERIFIED,511.74532586922845,590.7763512520755,591.3403167097985,20.0
R01ZF_SARF000210,R01ZF,210,7000,C:\research_raw\optical_sar_data\20260721data\derived_frames\pseudocolor_labelstudio_prep_20260722\frames\sar_pseudocolor\R01ZF\frame_000210_t007000ms.jpg,1024,592,-59.92829848430174,59.833559435023005,126,7000,NOMINAL_INDEX_FPS_ZERO_OFFSET_UNVERIFIED,511.74532586922845,590.7763512520755,591.3403167097985,20.0
R01ZF_SARF000211,R01ZF,211,7033,C:\research_raw\optical_sar_data\20260721data\derived_frames\pseudocolor_labelstudio_prep_20260722\frames\sar_pseudocolor\R01ZF\frame_000211_t007033ms.jpg,1024,592,-59.92829848430174,59.833559435023005,127,7056,NOMINAL_INDEX_FPS_ZERO_OFFSET_UNVERIFIED,511.74532586922845,590.7763512520755,591.3403167097985,20.0
R01ZF_SARF000212,R01ZF,212,7067,C:\research_raw\optical_sar_data\20260721data\derived_frames\pseudocolor_labelstudio_prep_20260722\frames\sar_pseudocolor\R01ZF\frame_000212_t007067ms.jpg,1024,592,-59.92829848430174,59.833559435023005,127,7056,NOMINAL_INDEX_FPS_ZERO_OFFSET_UNVERIFIED,511.74532586922845,590.7763512520755,591.3403167097985,20.0
R01ZF_SARF000213,R01ZF,213,7100,C:\research_raw\optical_sar_data\20260721data\derived_frames\pseudocolor_labelstudio_prep_20260722\frames\sar_pseudocolor\R01ZF\frame_000213_t007100ms.jpg,1024,592,-59.92829848430174,59.833559435023005,128,7111,NOMINAL_INDEX_FPS_ZERO_OFFSET_UNVERIFIED,511.74532586922845,590.7763512520755,591.3403167097985,20.0
R01ZF_SARF000214,R01ZF,214,7133,C:\research_raw\optical_sar_data\20260721data\derived_frames\pseudocolor_labelstudio_prep_20260722\frames\sar_pseudocolor\R01ZF\frame_000214_t007133ms.jpg,1024,592,-59.92829848430174,59.833559435023005,128,7111,NOMINAL_INDEX_FPS_ZERO_OFFSET_UNVERIFIED,511.74532586922845,590.7763512520755,591.3403167097985,20.0
R01ZF_SARF000215,R01ZF,215,7167,C:\research_raw\optical_sar_data\20260721data\derived_frames\pseudocolor_labelstudio_prep_20260722\frames\sar_pseudocolor\R01ZF\frame_000215_t007167ms.jpg,1024,592,-59.92829848430174,59.833559435023005,129,7167,NOMINAL_INDEX_FPS_ZERO_OFFSET_UNVERIFIED,511.74532586922845,590.7763512520755,591.3403167097985,20.0
R01ZF_SARF000216,R01ZF,216,7200,C:\research_raw\optical_sar_data\20260721data\derived_frames\pseudocolor_labelstudio_prep_20260722\frames\sar_pseudocolor\R01ZF\frame_000216_t007200ms.jpg,1024,592,-59.92829848430174,59.833559435023005,130,7222,NOMINAL_INDEX_FPS_ZERO_OFFSET_UNVERIFIED,511.74532586922845,590.7763512520755,591.3403167097985,20.0
R01ZF_SARF000217,R01ZF,217,7233,C:\research_raw\optical_sar_data\20260721data\derived_frames\pseudocolor_labelstudio_prep_20260722\frames\sar_pseudocolor\R01ZF\frame_000217_t007233ms.jpg,1024,592,-59.92829848430174,59.833559435023005,130,7222,NOMINAL_INDEX_FPS_ZERO_OFFSET_UNVERIFIED,511.74532586922845,590.7763512520755,591.3403167097985,20.0
R01ZF_SARF000218,R01ZF,218,7267,C:\research_raw\optical_sar_data\20260721data\derived_frames\pseudocolor_labelstudio_prep_20260722\frames\sar_pseudocolor\R01ZF\frame_000218_t007267ms.jpg,1024,592,-59.92829848430174,59.833559435023005,131,7278,NOMINAL_INDEX_FPS_ZERO_OFFSET_UNVERIFIED,511.74532586922845,590.7763512520755,591.3403167097985,20.0
R01ZF_SARF000219,R01ZF,219,7300,C:\research_raw\optical_sar_data\20260721data\derived_frames\pseudocolor_labelstudio_prep_20260722\frames\sar_pseudocolor\R01ZF\frame_000219_t007300ms.jpg,1024,592,-59.92829848430174,59.833559435023005,131,7278,NOMINAL_INDEX_FPS_ZERO_OFFSET_UNVERIFIED,511.74532586922845,590.7763512520755,591.3403167097985,20.0
R01ZF_SARF000220,R01ZF,220,7333,C:\research_raw\optical_sar_data\20260721data\derived_frames\pseudocolor_labelstudio_prep_20260722\frames\sar_pseudocolor\R01ZF\frame_000220_t007333ms.jpg,1024,592,-59.92829848430174,59.833559435023005,132,7333,NOMINAL_INDEX_FPS_ZERO_OFFSET_UNVERIFIED,511.74532586922845,590.7763512520755,591.3403167097985,20.0
R01ZF_SARF000221,R01ZF,221,7367,C:\research_raw\optical_sar_data\20260721data\derived_frames\pseudocolor_labelstudio_prep_20260722\frames\sar_pseudocolor\R01ZF\frame_000221_t007367ms.jpg,1024,592,-59.92829848430174,59.833559435023005,133,7389,NOMINAL_INDEX_FPS_ZERO_OFFSET_UNVERIFIED,511.74532586922845,590.7763512520755,591.3403167097985,20.0
R01ZF_SARF000222,R01ZF,222,7400,C:\research_raw\optical_sar_data\20260721data\derived_frames\pseudocolor_labelstudio_prep_20260722\frames\sar_pseudocolor\R01ZF\frame_000222_t007400ms.jpg,1024,592,-59.92829848430174,59.833559435023005,133,7389,NOMINAL_INDEX_FPS_ZERO_OFFSET_UNVERIFIED,511.74532586922845,590.7763512520755,591.3403167097985,20.0
R01ZF_SARF000223,R01ZF,223,7433,C:\research_raw\optical_sar_data\20260721data\derived_frames\pseudocolor_labelstudio_prep_20260722\frames\sar_pseudocolor\R01ZF\frame_000223_t007433ms.jpg,1024,592,-59.92829848430174,59.833559435023005,134,7444,NOMINAL_INDEX_FPS_ZERO_OFFSET_UNVERIFIED,511.74532586922845,590.7763512520755,591.3403167097985,20.0
R01ZF_SARF000224,R01ZF,224,7467,C:\research_raw\optical_sar_data\20260721data\derived_frames\pseudocolor_labelstudio_prep_20260722\frames\sar_pseudocolor\R01ZF\frame_000224_t007467ms.jpg,1024,592,-59.92829848430174,59.833559435023005,134,7444,NOMINAL_INDEX_FPS_ZERO_OFFSET_UNVERIFIED,511.74532586922845,590.7763512520755,591.3403167097985,20.0
R01ZF_SARF000225,R01ZF,225,7500,C:\research_raw\optical_sar_data\20260721data\derived_frames\pseudocolor_labelstudio_prep_20260722\frames\sar_pseudocolor\R01ZF\frame_000225_t007500ms.jpg,1024,592,-59.92829848430174,59.833559435023005,135,7500,NOMINAL_INDEX_FPS_ZERO_OFFSET_UNVERIFIED,511.74532586922845,590.7763512520755,591.3403167097985,20.0
R01ZF_SARF000226,R01ZF,226,7533,C:\research_raw\optical_sar_data\20260721data\derived_frames\pseudocolor_labelstudio_prep_20260722\frames\sar_pseudocolor\R01ZF\frame_000226_t007533ms.jpg,1024,592,-59.92829848430174,59.833559435023005,136,7556,NOMINAL_INDEX_FPS_ZERO_OFFSET_UNVERIFIED,511.74532586922845,590.7763512520755,591.3403167097985,20.0
R01ZF_SARF000227,R01ZF,227,7567,C:\research_raw\optical_sar_data\20260721data\derived_frames\pseudocolor_labelstudio_prep_20260722\frames\sar_pseudocolor\R01ZF\frame_000227_t007567ms.jpg,1024,592,-59.92829848430174,59.833559435023005,136,7556,NOMINAL_INDEX_FPS_ZERO_OFFSET_UNVERIFIED,511.74532586922845,590.7763512520755,591.3403167097985,20.0
R01ZF_SARF000228,R01ZF,228,7600,C:\research_raw\optical_sar_data\20260721data\derived_frames\pseudocolor_labelstudio_prep_20260722\frames\sar_pseudocolor\R01ZF\frame_000228_t007600ms.jpg,1024,592,-59.92829848430174,59.833559435023005,137,7611,NOMINAL_INDEX_FPS_ZERO_OFFSET_UNVERIFIED,511.74532586922845,590.7763512520755,591.3403167097985,20.0
R01ZF_SARF000229,R01ZF,229,7633,C:\research_raw\optical_sar_data\20260721data\derived_frames\pseudocolor_labelstudio_prep_20260722\frames\sar_pseudocolor\R01ZF\frame_000229_t007633ms.jpg,1024,592,-59.92829848430174,59.833559435023005,137,7611,NOMINAL_INDEX_FPS_ZERO_OFFSET_UNVERIFIED,511.74532586922845,590.7763512520755,591.3403167097985,20.0
R01ZF_SARF000230,R01ZF,230,7667,C:\research_raw\optical_sar_data\20260721data\derived_frames\pseudocolor_labelstudio_prep_20260722\frames\sar_pseudocolor\R01ZF\frame_000230_t007667ms.jpg,1024,592,-59.92829848430174,59.833559435023005,138,7667,NOMINAL_INDEX_FPS_ZERO_OFFSET_UNVERIFIED,511.74532586922845,590.7763512520755,591.3403167097985,20.0
R01ZF_SARF000231,R01ZF,231,7700,C:\research_raw\optical_sar_data\20260721data\derived_frames\pseudocolor_labelstudio_prep_20260722\frames\sar_pseudocolor\R01ZF\frame_000231_t007700ms.jpg,1024,592,-59.92829848430174,59.833559435023005,139,7722,NOMINAL_INDEX_FPS_ZERO_OFFSET_UNVERIFIED,511.74532586922845,590.7763512520755,591.3403167097985,20.0
R01ZF_SARF000232,R01ZF,232,7733,C:\research_raw\optical_sar_data\20260721data\derived_frames\pseudocolor_labelstudio_prep_20260722\frames\sar_pseudocolor\R01ZF\frame_000232_t007733ms.jpg,1024,592,-59.92829848430174,59.833559435023005,139,7722,NOMINAL_INDEX_FPS_ZERO_OFFSET_UNVERIFIED,511.74532586922845,590.7763512520755,591.3403167097985,20.0
R01ZF_SARF000233,R01ZF,233,7767,C:\research_raw\optical_sar_data\20260721data\derived_frames\pseudocolor_labelstudio_prep_20260722\frames\sar_pseudocolor\R01ZF\frame_000233_t007767ms.jpg,1024,592,-59.92829848430174,59.833559435023005,140,7778,NOMINAL_INDEX_FPS_ZERO_OFFSET_UNVERIFIED,511.74532586922845,590.7763512520755,591.3403167097985,20.0
R01ZF_SARF000234,R01ZF,234,7800,C:\research_raw\optical_sar_data\20260721data\derived_frames\pseudocolor_labelstudio_prep_20260722\frames\sar_pseudocolor\R01ZF\frame_000234_t007800ms.jpg,1024,592,-59.92829848430174,59.833559435023005,140,7778,NOMINAL_INDEX_FPS_ZERO_OFFSET_UNVERIFIED,511.74532586922845,590.7763512520755,591.3403167097985,20.0
R01ZF_SARF000235,R01ZF,235,7833,C:\research_raw\optical_sar_data\20260721data\derived_frames\pseudocolor_labelstudio_prep_20260722\frames\sar_pseudocolor\R01ZF\frame_000235_t007833ms.jpg,1024,592,-59.92829848430174,59.833559435023005,141,7833,NOMINAL_INDEX_FPS_ZERO_OFFSET_UNVERIFIED,511.74532586922845,590.7763512520755,591.3403167097985,20.0
R01ZF_SARF000236,R01ZF,236,7867,C:\research_raw\optical_sar_data\20260721data\derived_frames\pseudocolor_labelstudio_prep_20260722\frames\sar_pseudocolor\R01ZF\frame_000236_t007867ms.jpg,1024,592,-59.92829848430174,59.833559435023005,142,7889,NOMINAL_INDEX_FPS_ZERO_OFFSET_UNVERIFIED,511.74532586922845,590.7763512520755,591.3403167097985,20.0
R01ZF_SARF000237,R01ZF,237,7900,C:\research_raw\optical_sar_data\20260721data\derived_frames\pseudocolor_labelstudio_prep_20260722\frames\sar_pseudocolor\R01ZF\frame_000237_t007900ms.jpg,1024,592,-59.92829848430174,59.833559435023005,142,7889,NOMINAL_INDEX_FPS_ZERO_OFFSET_UNVERIFIED,511.74532586922845,590.7763512520755,591.3403167097985,20.0
R01ZF_SARF000238,R01ZF,238,7933,C:\research_raw\optical_sar_data\20260721data\derived_frames\pseudocolor_labelstudio_prep_20260722\frames\sar_pseudocolor\R01ZF\frame_000238_t007933ms.jpg,1024,592,-59.92829848430174,59.833559435023005,143,7944,NOMINAL_INDEX_FPS_ZERO_OFFSET_UNVERIFIED,511.74532586922845,590.7763512520755,591.3403167097985,20.0
R01ZF_SARF000239,R01ZF,239,7967,C:\research_raw\optical_sar_data\20260721data\derived_frames\pseudocolor_labelstudio_prep_20260722\frames\sar_pseudocolor\R01ZF\frame_000239_t007967ms.jpg,1024,592,-59.92829848430174,59.833559435023005,143,7944,NOMINAL_INDEX_FPS_ZERO_OFFSET_UNVERIFIED,511.74532586922845,590.7763512520755,591.3403167097985,20.0
R01ZF_SARF000240,R01ZF,240,8000,C:\research_raw\optical_sar_data\20260721data\derived_frames\pseudocolor_labelstudio_prep_20260722\frames\sar_pseudocolor\R01ZF\frame_000240_t008000ms.jpg,1024,592,-59.92829848430174,59.833559435023005,144,8000,NOMINAL_INDEX_FPS_ZERO_OFFSET_UNVERIFIED,511.74532586922845,590.7763512520755,591.3403167097985,20.0
R01ZF_SARF000241,R01ZF,241,8033,C:\research_raw\optical_sar_data\20260721data\derived_frames\pseudocolor_labelstudio_prep_20260722\frames\sar_pseudocolor\R01ZF\frame_000241_t008033ms.jpg,1024,592,-59.92829848430174,59.833559435023005,145,8056,NOMINAL_INDEX_FPS_ZERO_OFFSET_UNVERIFIED,511.74532586922845,590.7763512520755,591.3403167097985,20.0
R01ZF_SARF000242,R01ZF,242,8067,C:\research_raw\optical_sar_data\20260721data\derived_frames\pseudocolor_labelstudio_prep_20260722\frames\sar_pseudocolor\R01ZF\frame_000242_t008067ms.jpg,1024,592,-59.92829848430174,59.833559435023005,145,8056,NOMINAL_INDEX_FPS_ZERO_OFFSET_UNVERIFIED,511.74532586922845,590.7763512520755,591.3403167097985,20.0
R01ZF_SARF000243,R01ZF,243,8100,C:\research_raw\optical_sar_data\20260721data\derived_frames\pseudocolor_labelstudio_prep_20260722\frames\sar_pseudocolor\R01ZF\frame_000243_t008100ms.jpg,1024,592,-59.92829848430174,59.833559435023005,146,8111,NOMINAL_INDEX_FPS_ZERO_OFFSET_UNVERIFIED,511.74532586922845,590.7763512520755,591.3403167097985,20.0
R01ZF_SARF000244,R01ZF,244,8133,C:\research_raw\optical_sar_data\20260721data\derived_frames\pseudocolor_labelstudio_prep_20260722\frames\sar_pseudocolor\R01ZF\frame_000244_t008133ms.jpg,1024,592,-59.92829848430174,59.833559435023005,146,8111,NOMINAL_INDEX_FPS_ZERO_OFFSET_UNVERIFIED,511.74532586922845,590.7763512520755,591.3403167097985,20.0
R01ZF_SARF000245,R01ZF,245,8167,C:\research_raw\optical_sar_data\20260721data\derived_frames\pseudocolor_labelstudio_prep_20260722\frames\sar_pseudocolor\R01ZF\frame_000245_t008167ms.jpg,1024,592,-59.92829848430174,59.833559435023005,147,8167,NOMINAL_INDEX_FPS_ZERO_OFFSET_UNVERIFIED,511.74532586922845,590.7763512520755,591.3403167097985,20.0
R01ZF_SARF000246,R01ZF,246,8200,C:\research_raw\optical_sar_data\20260721data\derived_frames\pseudocolor_labelstudio_prep_20260722\frames\sar_pseudocolor\R01ZF\frame_000246_t008200ms.jpg,1024,592,-59.92829848430174,59.833559435023005,148,8222,NOMINAL_INDEX_FPS_ZERO_OFFSET_UNVERIFIED,511.74532586922845,590.7763512520755,591.3403167097985,20.0
R01ZF_SARF000247,R01ZF,247,8233,C:\research_raw\optical_sar_data\20260721data\derived_frames\pseudocolor_labelstudio_prep_20260722\frames\sar_pseudocolor\R01ZF\frame_000247_t008233ms.jpg,1024,592,-59.92829848430174,59.833559435023005,148,8222,NOMINAL_INDEX_FPS_ZERO_OFFSET_UNVERIFIED,511.74532586922845,590.7763512520755,591.3403167097985,20.0
R01ZF_SARF000248,R01ZF,248,8267,C:\research_raw\optical_sar_data\20260721data\derived_frames\pseudocolor_labelstudio_prep_20260722\frames\sar_pseudocolor\R01ZF\frame_000248_t008267ms.jpg,1024,592,-59.92829848430174,59.833559435023005,149,8278,NOMINAL_INDEX_FPS_ZERO_OFFSET_UNVERIFIED,511.74532586922845,590.7763512520755,591.3403167097985,20.0
R01ZF_SARF000249,R01ZF,249,8300,C:\research_raw\optical_sar_data\20260721data\derived_frames\pseudocolor_labelstudio_prep_20260722\frames\sar_pseudocolor\R01ZF\frame_000249_t008300ms.jpg,1024,592,-59.92829848430174,59.833559435023005,149,8278,NOMINAL_INDEX_FPS_ZERO_OFFSET_UNVERIFIED,511.74532586922845,590.7763512520755,591.3403167097985,20.0
R01ZF_SARF000250,R01ZF,250,8333,C:\research_raw\optical_sar_data\20260721data\derived_frames\pseudocolor_labelstudio_prep_20260722\frames\sar_pseudocolor\R01ZF\frame_000250_t008333ms.jpg,1024,592,-59.92829848430174,59.833559435023005,150,8333,NOMINAL_INDEX_FPS_ZERO_OFFSET_UNVERIFIED,511.74532586922845,590.7763512520755,591.3403167097985,20.0
R01ZF_SARF000251,R01ZF,251,8367,C:\research_raw\optical_sar_data\20260721data\derived_frames\pseudocolor_labelstudio_prep_20260722\frames\sar_pseudocolor\R01ZF\frame_000251_t008367ms.jpg,1024,592,-59.92829848430174,59.833559435023005,151,8389,NOMINAL_INDEX_FPS_ZERO_OFFSET_UNVERIFIED,511.74532586922845,590.7763512520755,591.3403167097985,20.0
R01ZF_SARF000252,R01ZF,252,8400,C:\research_raw\optical_sar_data\20260721data\derived_frames\pseudocolor_labelstudio_prep_20260722\frames\sar_pseudocolor\R01ZF\frame_000252_t008400ms.jpg,1024,592,-59.92829848430174,59.833559435023005,151,8389,NOMINAL_INDEX_FPS_ZERO_OFFSET_UNVERIFIED,511.74532586922845,590.7763512520755,591.3403167097985,20.0
R01ZF_SARF000253,R01ZF,253,8433,C:\research_raw\optical_sar_data\20260721data\derived_frames\pseudocolor_labelstudio_prep_20260722\frames\sar_pseudocolor\R01ZF\frame_000253_t008433ms.jpg,1024,592,-59.92829848430174,59.833559435023005,152,8444,NOMINAL_INDEX_FPS_ZERO_OFFSET_UNVERIFIED,511.74532586922845,590.7763512520755,591.3403167097985,20.0
R01ZF_SARF000254,R01ZF,254,8467,C:\research_raw\optical_sar_data\20260721data\derived_frames\pseudocolor_labelstudio_prep_20260722\frames\sar_pseudocolor\R01ZF\frame_000254_t008467ms.jpg,1024,592,-59.92829848430174,59.833559435023005,152,8444,NOMINAL_INDEX_FPS_ZERO_OFFSET_UNVERIFIED,511.74532586922845,590.7763512520755,591.3403167097985,20.0
R01ZF_SARF000255,R01ZF,255,8500,C:\research_raw\optical_sar_data\20260721data\derived_frames\pseudocolor_labelstudio_prep_20260722\frames\sar_pseudocolor\R01ZF\frame_000255_t008500ms.jpg,1024,592,-59.92829848430174,59.833559435023005,153,8500,NOMINAL_INDEX_FPS_ZERO_OFFSET_UNVERIFIED,511.74532586922845,590.7763512520755,591.3403167097985,20.0
R01ZF_SARF000256,R01ZF,256,8533,C:\research_raw\optical_sar_data\20260721data\derived_frames\pseudocolor_labelstudio_prep_20260722\frames\sar_pseudocolor\R01ZF\frame_000256_t008533ms.jpg,1024,592,-59.92829848430174,59.833559435023005,154,8556,NOMINAL_INDEX_FPS_ZERO_OFFSET_UNVERIFIED,511.74532586922845,590.7763512520755,591.3403167097985,20.0
R01ZF_SARF000257,R01ZF,257,8567,C:\research_raw\optical_sar_data\20260721data\derived_frames\pseudocolor_labelstudio_prep_20260722\frames\sar_pseudocolor\R01ZF\frame_000257_t008567ms.jpg,1024,592,-59.92829848430174,59.833559435023005,154,8556,NOMINAL_INDEX_FPS_ZERO_OFFSET_UNVERIFIED,511.74532586922845,590.7763512520755,591.3403167097985,20.0
R01ZF_SARF000258,R01ZF,258,8600,C:\research_raw\optical_sar_data\20260721data\derived_frames\pseudocolor_labelstudio_prep_20260722\frames\sar_pseudocolor\R01ZF\frame_000258_t008600ms.jpg,1024,592,-59.92829848430174,59.833559435023005,155,8611,NOMINAL_INDEX_FPS_ZERO_OFFSET_UNVERIFIED,511.74532586922845,590.7763512520755,591.3403167097985,20.0
R01ZF_SARF000259,R01ZF,259,8633,C:\research_raw\optical_sar_data\20260721data\derived_frames\pseudocolor_labelstudio_prep_20260722\frames\sar_pseudocolor\R01ZF\frame_000259_t008633ms.jpg,1024,592,-59.92829848430174,59.833559435023005,155,8611,NOMINAL_INDEX_FPS_ZERO_OFFSET_UNVERIFIED,511.74532586922845,590.7763512520755,591.3403167097985,20.0
R01ZF_SARF000260,R01ZF,260,8667,C:\research_raw\optical_sar_data\20260721data\derived_frames\pseudocolor_labelstudio_prep_20260722\frames\sar_pseudocolor\R01ZF\frame_000260_t008667ms.jpg,1024,592,-59.92829848430174,59.833559435023005,156,8667,NOMINAL_INDEX_FPS_ZERO_OFFSET_UNVERIFIED,511.74532586922845,590.7763512520755,591.3403167097985,20.0
R01ZF_SARF000261,R01ZF,261,8700,C:\research_raw\optical_sar_data\20260721data\derived_frames\pseudocolor_labelstudio_prep_20260722\frames\sar_pseudocolor\R01ZF\frame_000261_t008700ms.jpg,1024,592,-59.92829848430174,59.833559435023005,157,8722,NOMINAL_INDEX_FPS_ZERO_OFFSET_UNVERIFIED,511.74532586922845,590.7763512520755,591.3403167097985,20.0
R01ZF_SARF000262,R01ZF,262,8733,C:\research_raw\optical_sar_data\20260721data\derived_frames\pseudocolor_labelstudio_prep_20260722\frames\sar_pseudocolor\R01ZF\frame_000262_t008733ms.jpg,1024,592,-59.92829848430174,59.833559435023005,157,8722,NOMINAL_INDEX_FPS_ZERO_OFFSET_UNVERIFIED,511.74532586922845,590.7763512520755,591.3403167097985,20.0
R01ZF_SARF000263,R01ZF,263,8767,C:\research_raw\optical_sar_data\20260721data\derived_frames\pseudocolor_labelstudio_prep_20260722\frames\sar_pseudocolor\R01ZF\frame_000263_t008767ms.jpg,1024,592,-59.92829848430174,59.833559435023005,158,8778,NOMINAL_INDEX_FPS_ZERO_OFFSET_UNVERIFIED,511.74532586922845,590.7763512520755,591.3403167097985,20.0
R01ZF_SARF000264,R01ZF,264,8800,C:\research_raw\optical_sar_data\20260721data\derived_frames\pseudocolor_labelstudio_prep_20260722\frames\sar_pseudocolor\R01ZF\frame_000264_t008800ms.jpg,1024,592,-59.92829848430174,59.833559435023005,158,8778,NOMINAL_INDEX_FPS_ZERO_OFFSET_UNVERIFIED,511.74532586922845,590.7763512520755,591.3403167097985,20.0
R01ZF_SARF000265,R01ZF,265,8833,C:\research_raw\optical_sar_data\20260721data\derived_frames\pseudocolor_labelstudio_prep_20260722\frames\sar_pseudocolor\R01ZF\frame_000265_t008833ms.jpg,1024,592,-59.92829848430174,59.833559435023005,159,8833,NOMINAL_INDEX_FPS_ZERO_OFFSET_UNVERIFIED,511.74532586922845,590.7763512520755,591.3403167097985,20.0
R01ZF_SARF000266,R01ZF,266,8867,C:\research_raw\optical_sar_data\20260721data\derived_frames\pseudocolor_labelstudio_prep_20260722\frames\sar_pseudocolor\R01ZF\frame_000266_t008867ms.jpg,1024,592,-59.92829848430174,59.833559435023005,160,8889,NOMINAL_INDEX_FPS_ZERO_OFFSET_UNVERIFIED,511.74532586922845,590.7763512520755,591.3403167097985,20.0
R01ZF_SARF000267,R01ZF,267,8900,C:\research_raw\optical_sar_data\20260721data\derived_frames\pseudocolor_labelstudio_prep_20260722\frames\sar_pseudocolor\R01ZF\frame_000267_t008900ms.jpg,1024,592,-59.92829848430174,59.833559435023005,160,8889,NOMINAL_INDEX_FPS_ZERO_OFFSET_UNVERIFIED,511.74532586922845,590.7763512520755,591.3403167097985,20.0
R01ZF_SARF000268,R01ZF,268,8933,C:\research_raw\optical_sar_data\20260721data\derived_frames\pseudocolor_labelstudio_prep_20260722\frames\sar_pseudocolor\R01ZF\frame_000268_t008933ms.jpg,1024,592,-59.92829848430174,59.833559435023005,161,8944,NOMINAL_INDEX_FPS_ZERO_OFFSET_UNVERIFIED,511.74532586922845,590.7763512520755,591.3403167097985,20.0
R01ZF_SARF000269,R01ZF,269,8967,C:\research_raw\optical_sar_data\20260721data\derived_frames\pseudocolor_labelstudio_prep_20260722\frames\sar_pseudocolor\R01ZF\frame_000269_t008967ms.jpg,1024,592,-59.92829848430174,59.833559435023005,161,8944,NOMINAL_INDEX_FPS_ZERO_OFFSET_UNVERIFIED,511.74532586922845,590.7763512520755,591.3403167097985,20.0
R01ZF_SARF000270,R01ZF,270,9000,C:\research_raw\optical_sar_data\20260721data\derived_frames\pseudocolor_labelstudio_prep_20260722\frames\sar_pseudocolor\R01ZF\frame_000270_t009000ms.jpg,1024,592,-59.92829848430174,59.833559435023005,162,9000,NOMINAL_INDEX_FPS_ZERO_OFFSET_UNVERIFIED,511.74532586922845,590.7763512520755,591.3403167097985,20.0
R01ZF_SARF000271,R01ZF,271,9033,C:\research_raw\optical_sar_data\20260721data\derived_frames\pseudocolor_labelstudio_prep_20260722\frames\sar_pseudocolor\R01ZF\frame_000271_t009033ms.jpg,1024,592,-59.92829848430174,59.833559435023005,163,9056,NOMINAL_INDEX_FPS_ZERO_OFFSET_UNVERIFIED,511.74532586922845,590.7763512520755,591.3403167097985,20.0
R01ZF_SARF000272,R01ZF,272,9067,C:\research_raw\optical_sar_data\20260721data\derived_frames\pseudocolor_labelstudio_prep_20260722\frames\sar_pseudocolor\R01ZF\frame_000272_t009067ms.jpg,1024,592,-59.92829848430174,59.833559435023005,163,9056,NOMINAL_INDEX_FPS_ZERO_OFFSET_UNVERIFIED,511.74532586922845,590.7763512520755,591.3403167097985,20.0
R01ZF_SARF000273,R01ZF,273,9100,C:\research_raw\optical_sar_data\20260721data\derived_frames\pseudocolor_labelstudio_prep_20260722\frames\sar_pseudocolor\R01ZF\frame_000273_t009100ms.jpg,1024,592,-59.92829848430174,59.833559435023005,164,9111,NOMINAL_INDEX_FPS_ZERO_OFFSET_UNVERIFIED,511.74532586922845,590.7763512520755,591.3403167097985,20.0
R01ZF_SARF000274,R01ZF,274,9133,C:\research_raw\optical_sar_data\20260721data\derived_frames\pseudocolor_labelstudio_prep_20260722\frames\sar_pseudocolor\R01ZF\frame_000274_t009133ms.jpg,1024,592,-59.92829848430174,59.833559435023005,164,9111,NOMINAL_INDEX_FPS_ZERO_OFFSET_UNVERIFIED,511.74532586922845,590.7763512520755,591.3403167097985,20.0
R01ZF_SARF000275,R01ZF,275,9167,C:\research_raw\optical_sar_data\20260721data\derived_frames\pseudocolor_labelstudio_prep_20260722\frames\sar_pseudocolor\R01ZF\frame_000275_t009167ms.jpg,1024,592,-59.92829848430174,59.833559435023005,165,9167,NOMINAL_INDEX_FPS_ZERO_OFFSET_UNVERIFIED,511.74532586922845,590.7763512520755,591.3403167097985,20.0
R01ZF_SARF000276,R01ZF,276,9200,C:\research_raw\optical_sar_data\20260721data\derived_frames\pseudocolor_labelstudio_prep_20260722\frames\sar_pseudocolor\R01ZF\frame_000276_t009200ms.jpg,1024,592,-59.92829848430174,59.833559435023005,166,9222,NOMINAL_INDEX_FPS_ZERO_OFFSET_UNVERIFIED,511.74532586922845,590.7763512520755,591.3403167097985,20.0
R01ZF_SARF000277,R01ZF,277,9233,C:\research_raw\optical_sar_data\20260721data\derived_frames\pseudocolor_labelstudio_prep_20260722\frames\sar_pseudocolor\R01ZF\frame_000277_t009233ms.jpg,1024,592,-59.92829848430174,59.833559435023005,166,9222,NOMINAL_INDEX_FPS_ZERO_OFFSET_UNVERIFIED,511.74532586922845,590.7763512520755,591.3403167097985,20.0
R01ZF_SARF000278,R01ZF,278,9267,C:\research_raw\optical_sar_data\20260721data\derived_frames\pseudocolor_labelstudio_prep_20260722\frames\sar_pseudocolor\R01ZF\frame_000278_t009267ms.jpg,1024,592,-59.92829848430174,59.833559435023005,167,9278,NOMINAL_INDEX_FPS_ZERO_OFFSET_UNVERIFIED,511.74532586922845,590.7763512520755,591.3403167097985,20.0
R01ZF_SARF000279,R01ZF,279,9300,C:\research_raw\optical_sar_data\20260721data\derived_frames\pseudocolor_labelstudio_prep_20260722\frames\sar_pseudocolor\R01ZF\frame_000279_t009300ms.jpg,1024,592,-59.92829848430174,59.833559435023005,167,9278,NOMINAL_INDEX_FPS_ZERO_OFFSET_UNVERIFIED,511.74532586922845,590.7763512520755,591.3403167097985,20.0
R01ZF_SARF000280,R01ZF,280,9333,C:\research_raw\optical_sar_data\20260721data\derived_frames\pseudocolor_labelstudio_prep_20260722\frames\sar_pseudocolor\R01ZF\frame_000280_t009333ms.jpg,1024,592,-59.92829848430174,59.833559435023005,168,9333,NOMINAL_INDEX_FPS_ZERO_OFFSET_UNVERIFIED,511.74532586922845,590.7763512520755,591.3403167097985,20.0
R01ZF_SARF000281,R01ZF,281,9367,C:\research_raw\optical_sar_data\20260721data\derived_frames\pseudocolor_labelstudio_prep_20260722\frames\sar_pseudocolor\R01ZF\frame_000281_t009367ms.jpg,1024,592,-59.92829848430174,59.833559435023005,169,9389,NOMINAL_INDEX_FPS_ZERO_OFFSET_UNVERIFIED,511.74532586922845,590.7763512520755,591.3403167097985,20.0
R01ZF_SARF000282,R01ZF,282,9400,C:\research_raw\optical_sar_data\20260721data\derived_frames\pseudocolor_labelstudio_prep_20260722\frames\sar_pseudocolor\R01ZF\frame_000282_t009400ms.jpg,1024,592,-59.92829848430174,59.833559435023005,169,9389,NOMINAL_INDEX_FPS_ZERO_OFFSET_UNVERIFIED,511.74532586922845,590.7763512520755,591.3403167097985,20.0
R01ZF_SARF000283,R01ZF,283,9433,C:\research_raw\optical_sar_data\20260721data\derived_frames\pseudocolor_labelstudio_prep_20260722\frames\sar_pseudocolor\R01ZF\frame_000283_t009433ms.jpg,1024,592,-59.92829848430174,59.833559435023005,170,9444,NOMINAL_INDEX_FPS_ZERO_OFFSET_UNVERIFIED,511.74532586922845,590.7763512520755,591.3403167097985,20.0
R01ZF_SARF000284,R01ZF,284,9467,C:\research_raw\optical_sar_data\20260721data\derived_frames\pseudocolor_labelstudio_prep_20260722\frames\sar_pseudocolor\R01ZF\frame_000284_t009467ms.jpg,1024,592,-59.92829848430174,59.833559435023005,170,9444,NOMINAL_INDEX_FPS_ZERO_OFFSET_UNVERIFIED,511.74532586922845,590.7763512520755,591.3403167097985,20.0
R01ZF_SARF000285,R01ZF,285,9500,C:\research_raw\optical_sar_data\20260721data\derived_frames\pseudocolor_labelstudio_prep_20260722\frames\sar_pseudocolor\R01ZF\frame_000285_t009500ms.jpg,1024,592,-59.92829848430174,59.833559435023005,171,9500,NOMINAL_INDEX_FPS_ZERO_OFFSET_UNVERIFIED,511.74532586922845,590.7763512520755,591.3403167097985,20.0
R01ZF_SARF000286,R01ZF,286,9533,C:\research_raw\optical_sar_data\20260721data\derived_frames\pseudocolor_labelstudio_prep_20260722\frames\sar_pseudocolor\R01ZF\frame_000286_t009533ms.jpg,1024,592,-59.92829848430174,59.833559435023005,172,9556,NOMINAL_INDEX_FPS_ZERO_OFFSET_UNVERIFIED,511.74532586922845,590.7763512520755,591.3403167097985,20.0
R01ZF_SARF000287,R01ZF,287,9567,C:\research_raw\optical_sar_data\20260721data\derived_frames\pseudocolor_labelstudio_prep_20260722\frames\sar_pseudocolor\R01ZF\frame_000287_t009567ms.jpg,1024,592,-59.92829848430174,59.833559435023005,172,9556,NOMINAL_INDEX_FPS_ZERO_OFFSET_UNVERIFIED,511.74532586922845,590.7763512520755,591.3403167097985,20.0
R01ZF_SARF000288,R01ZF,288,9600,C:\research_raw\optical_sar_data\20260721data\derived_frames\pseudocolor_labelstudio_prep_20260722\frames\sar_pseudocolor\R01ZF\frame_000288_t009600ms.jpg,1024,592,-59.92829848430174,59.833559435023005,173,9611,NOMINAL_INDEX_FPS_ZERO_OFFSET_UNVERIFIED,511.74532586922845,590.7763512520755,591.3403167097985,20.0
R01ZF_SARF000289,R01ZF,289,9633,C:\research_raw\optical_sar_data\20260721data\derived_frames\pseudocolor_labelstudio_prep_20260722\frames\sar_pseudocolor\R01ZF\frame_000289_t009633ms.jpg,1024,592,-59.92829848430174,59.833559435023005,173,9611,NOMINAL_INDEX_FPS_ZERO_OFFSET_UNVERIFIED,511.74532586922845,590.7763512520755,591.3403167097985,20.0
R01ZF_SARF000290,R01ZF,290,9667,C:\research_raw\optical_sar_data\20260721data\derived_frames\pseudocolor_labelstudio_prep_20260722\frames\sar_pseudocolor\R01ZF\frame_000290_t009667ms.jpg,1024,592,-59.92829848430174,59.833559435023005,174,9667,NOMINAL_INDEX_FPS_ZERO_OFFSET_UNVERIFIED,511.74532586922845,590.7763512520755,591.3403167097985,20.0
R01ZF_SARF000291,R01ZF,291,9700,C:\research_raw\optical_sar_data\20260721data\derived_frames\pseudocolor_labelstudio_prep_20260722\frames\sar_pseudocolor\R01ZF\frame_000291_t009700ms.jpg,1024,592,-59.92829848430174,59.833559435023005,175,9722,NOMINAL_INDEX_FPS_ZERO_OFFSET_UNVERIFIED,511.74532586922845,590.7763512520755,591.3403167097985,20.0
R01ZF_SARF000292,R01ZF,292,9733,C:\research_raw\optical_sar_data\20260721data\derived_frames\pseudocolor_labelstudio_prep_20260722\frames\sar_pseudocolor\R01ZF\frame_000292_t009733ms.jpg,1024,592,-59.92829848430174,59.833559435023005,175,9722,NOMINAL_INDEX_FPS_ZERO_OFFSET_UNVERIFIED,511.74532586922845,590.7763512520755,591.3403167097985,20.0
R01ZF_SARF000293,R01ZF,293,9767,C:\research_raw\optical_sar_data\20260721data\derived_frames\pseudocolor_labelstudio_prep_20260722\frames\sar_pseudocolor\R01ZF\frame_000293_t009767ms.jpg,1024,592,-59.92829848430174,59.833559435023005,176,9778,NOMINAL_INDEX_FPS_ZERO_OFFSET_UNVERIFIED,511.74532586922845,590.7763512520755,591.3403167097985,20.0
R01ZF_SARF000294,R01ZF,294,9800,C:\research_raw\optical_sar_data\20260721data\derived_frames\pseudocolor_labelstudio_prep_20260722\frames\sar_pseudocolor\R01ZF\frame_000294_t009800ms.jpg,1024,592,-59.92829848430174,59.833559435023005,176,9778,NOMINAL_INDEX_FPS_ZERO_OFFSET_UNVERIFIED,511.74532586922845,590.7763512520755,591.3403167097985,20.0
R01ZF_SARF000295,R01ZF,295,9833,C:\research_raw\optical_sar_data\20260721data\derived_frames\pseudocolor_labelstudio_prep_20260722\frames\sar_pseudocolor\R01ZF\frame_000295_t009833ms.jpg,1024,592,-59.92829848430174,59.833559435023005,177,9833,NOMINAL_INDEX_FPS_ZERO_OFFSET_UNVERIFIED,511.74532586922845,590.7763512520755,591.3403167097985,20.0
R01ZF_SARF000296,R01ZF,296,9867,C:\research_raw\optical_sar_data\20260721data\derived_frames\pseudocolor_labelstudio_prep_20260722\frames\sar_pseudocolor\R01ZF\frame_000296_t009867ms.jpg,1024,592,-59.92829848430174,59.833559435023005,178,9889,NOMINAL_INDEX_FPS_ZERO_OFFSET_UNVERIFIED,511.74532586922845,590.7763512520755,591.3403167097985,20.0
R01ZF_SARF000297,R01ZF,297,9900,C:\research_raw\optical_sar_data\20260721data\derived_frames\pseudocolor_labelstudio_prep_20260722\frames\sar_pseudocolor\R01ZF\frame_000297_t009900ms.jpg,1024,592,-59.92829848430174,59.833559435023005,178,9889,NOMINAL_INDEX_FPS_ZERO_OFFSET_UNVERIFIED,511.74532586922845,590.7763512520755,591.3403167097985,20.0
R01ZF_SARF000298,R01ZF,298,9933,C:\research_raw\optical_sar_data\20260721data\derived_frames\pseudocolor_labelstudio_prep_20260722\frames\sar_pseudocolor\R01ZF\frame_000298_t009933ms.jpg,1024,592,-59.92829848430174,59.833559435023005,179,9944,NOMINAL_INDEX_FPS_ZERO_OFFSET_UNVERIFIED,511.74532586922845,590.7763512520755,591.3403167097985,20.0
R01ZF_SARF000299,R01ZF,299,9967,C:\research_raw\optical_sar_data\20260721data\derived_frames\pseudocolor_labelstudio_prep_20260722\frames\sar_pseudocolor\R01ZF\frame_000299_t009967ms.jpg,1024,592,-59.92829848430174,59.833559435023005,179,9944,NOMINAL_INDEX_FPS_ZERO_OFFSET_UNVERIFIED,511.74532586922845,590.7763512520755,591.3403167097985,20.0
R01ZF_SARF000300,R01ZF,300,10000,C:\research_raw\optical_sar_data\20260721data\derived_frames\pseudocolor_labelstudio_prep_20260722\frames\sar_pseudocolor\R01ZF\frame_000300_t010000ms.jpg,1024,592,-59.92829848430174,59.833559435023005,180,10000,NOMINAL_INDEX_FPS_ZERO_OFFSET_UNVERIFIED,511.74532586922845,590.7763512520755,591.3403167097985,20.0
R01ZF_SARF000301,R01ZF,301,10033,C:\research_raw\optical_sar_data\20260721data\derived_frames\pseudocolor_labelstudio_prep_20260722\frames\sar_pseudocolor\R01ZF\frame_000301_t010033ms.jpg,1024,592,-59.92829848430174,59.833559435023005,181,10056,NOMINAL_INDEX_FPS_ZERO_OFFSET_UNVERIFIED,511.74532586922845,590.7763512520755,591.3403167097985,20.0
R01ZF_SARF000302,R01ZF,302,10067,C:\research_raw\optical_sar_data\20260721data\derived_frames\pseudocolor_labelstudio_prep_20260722\frames\sar_pseudocolor\R01ZF\frame_000302_t010067ms.jpg,1024,592,-59.92829848430174,59.833559435023005,181,10056,NOMINAL_INDEX_FPS_ZERO_OFFSET_UNVERIFIED,511.74532586922845,590.7763512520755,591.3403167097985,20.0
R01ZF_SARF000303,R01ZF,303,10100,C:\research_raw\optical_sar_data\20260721data\derived_frames\pseudocolor_labelstudio_prep_20260722\frames\sar_pseudocolor\R01ZF\frame_000303_t010100ms.jpg,1024,592,-59.92829848430174,59.833559435023005,182,10111,NOMINAL_INDEX_FPS_ZERO_OFFSET_UNVERIFIED,511.74532586922845,590.7763512520755,591.3403167097985,20.0
R01ZF_SARF000304,R01ZF,304,10133,C:\research_raw\optical_sar_data\20260721data\derived_frames\pseudocolor_labelstudio_prep_20260722\frames\sar_pseudocolor\R01ZF\frame_000304_t010133ms.jpg,1024,592,-59.92829848430174,59.833559435023005,182,10111,NOMINAL_INDEX_FPS_ZERO_OFFSET_UNVERIFIED,511.74532586922845,590.7763512520755,591.3403167097985,20.0
R01ZF_SARF000305,R01ZF,305,10167,C:\research_raw\optical_sar_data\20260721data\derived_frames\pseudocolor_labelstudio_prep_20260722\frames\sar_pseudocolor\R01ZF\frame_000305_t010167ms.jpg,1024,592,-59.92829848430174,59.833559435023005,183,10167,NOMINAL_INDEX_FPS_ZERO_OFFSET_UNVERIFIED,511.74532586922845,590.7763512520755,591.3403167097985,20.0
R01ZF_SARF000306,R01ZF,306,10200,C:\research_raw\optical_sar_data\20260721data\derived_frames\pseudocolor_labelstudio_prep_20260722\frames\sar_pseudocolor\R01ZF\frame_000306_t010200ms.jpg,1024,592,-59.92829848430174,59.833559435023005,184,10222,NOMINAL_INDEX_FPS_ZERO_OFFSET_UNVERIFIED,511.74532586922845,590.7763512520755,591.3403167097985,20.0
R01ZF_SARF000307,R01ZF,307,10233,C:\research_raw\optical_sar_data\20260721data\derived_frames\pseudocolor_labelstudio_prep_20260722\frames\sar_pseudocolor\R01ZF\frame_000307_t010233ms.jpg,1024,592,-59.92829848430174,59.833559435023005,184,10222,NOMINAL_INDEX_FPS_ZERO_OFFSET_UNVERIFIED,511.74532586922845,590.7763512520755,591.3403167097985,20.0
R01ZF_SARF000308,R01ZF,308,10267,C:\research_raw\optical_sar_data\20260721data\derived_frames\pseudocolor_labelstudio_prep_20260722\frames\sar_pseudocolor\R01ZF\frame_000308_t010267ms.jpg,1024,592,-59.92829848430174,59.833559435023005,185,10278,NOMINAL_INDEX_FPS_ZERO_OFFSET_UNVERIFIED,511.74532586922845,590.7763512520755,591.3403167097985,20.0
R01ZF_SARF000309,R01ZF,309,10300,C:\research_raw\optical_sar_data\20260721data\derived_frames\pseudocolor_labelstudio_prep_20260722\frames\sar_pseudocolor\R01ZF\frame_000309_t010300ms.jpg,1024,592,-59.92829848430174,59.833559435023005,185,10278,NOMINAL_INDEX_FPS_ZERO_OFFSET_UNVERIFIED,511.74532586922845,590.7763512520755,591.3403167097985,20.0
R01ZF_SARF000310,R01ZF,310,10333,C:\research_raw\optical_sar_data\20260721data\derived_frames\pseudocolor_labelstudio_prep_20260722\frames\sar_pseudocolor\R01ZF\frame_000310_t010333ms.jpg,1024,592,-59.92829848430174,59.833559435023005,186,10333,NOMINAL_INDEX_FPS_ZERO_OFFSET_UNVERIFIED,511.74532586922845,590.7763512520755,591.3403167097985,20.0
R01ZF_SARF000311,R01ZF,311,10367,C:\research_raw\optical_sar_data\20260721data\derived_frames\pseudocolor_labelstudio_prep_20260722\frames\sar_pseudocolor\R01ZF\frame_000311_t010367ms.jpg,1024,592,-59.92829848430174,59.833559435023005,187,10389,NOMINAL_INDEX_FPS_ZERO_OFFSET_UNVERIFIED,511.74532586922845,590.7763512520755,591.3403167097985,20.0
R01ZF_SARF000312,R01ZF,312,10400,C:\research_raw\optical_sar_data\20260721data\derived_frames\pseudocolor_labelstudio_prep_20260722\frames\sar_pseudocolor\R01ZF\frame_000312_t010400ms.jpg,1024,592,-59.92829848430174,59.833559435023005,187,10389,NOMINAL_INDEX_FPS_ZERO_OFFSET_UNVERIFIED,511.74532586922845,590.7763512520755,591.3403167097985,20.0
R01ZF_SARF000313,R01ZF,313,10433,C:\research_raw\optical_sar_data\20260721data\derived_frames\pseudocolor_labelstudio_prep_20260722\frames\sar_pseudocolor\R01ZF\frame_000313_t010433ms.jpg,1024,592,-59.92829848430174,59.833559435023005,188,10444,NOMINAL_INDEX_FPS_ZERO_OFFSET_UNVERIFIED,511.74532586922845,590.7763512520755,591.3403167097985,20.0
R01ZF_SARF000314,R01ZF,314,10467,C:\research_raw\optical_sar_data\20260721data\derived_frames\pseudocolor_labelstudio_prep_20260722\frames\sar_pseudocolor\R01ZF\frame_000314_t010467ms.jpg,1024,592,-59.92829848430174,59.833559435023005,188,10444,NOMINAL_INDEX_FPS_ZERO_OFFSET_UNVERIFIED,511.74532586922845,590.7763512520755,591.3403167097985,20.0
R01ZF_SARF000315,R01ZF,315,10500,C:\research_raw\optical_sar_data\20260721data\derived_frames\pseudocolor_labelstudio_prep_20260722\frames\sar_pseudocolor\R01ZF\frame_000315_t010500ms.jpg,1024,592,-59.92829848430174,59.833559435023005,189,10500,NOMINAL_INDEX_FPS_ZERO_OFFSET_UNVERIFIED,511.74532586922845,590.7763512520755,591.3403167097985,20.0
R01ZF_SARF000316,R01ZF,316,10533,C:\research_raw\optical_sar_data\20260721data\derived_frames\pseudocolor_labelstudio_prep_20260722\frames\sar_pseudocolor\R01ZF\frame_000316_t010533ms.jpg,1024,592,-59.92829848430174,59.833559435023005,190,10556,NOMINAL_INDEX_FPS_ZERO_OFFSET_UNVERIFIED,511.74532586922845,590.7763512520755,591.3403167097985,20.0
R01ZF_SARF000317,R01ZF,317,10567,C:\research_raw\optical_sar_data\20260721data\derived_frames\pseudocolor_labelstudio_prep_20260722\frames\sar_pseudocolor\R01ZF\frame_000317_t010567ms.jpg,1024,592,-59.92829848430174,59.833559435023005,190,10556,NOMINAL_INDEX_FPS_ZERO_OFFSET_UNVERIFIED,511.74532586922845,590.7763512520755,591.3403167097985,20.0
R01ZF_SARF000318,R01ZF,318,10600,C:\research_raw\optical_sar_data\20260721data\derived_frames\pseudocolor_labelstudio_prep_20260722\frames\sar_pseudocolor\R01ZF\frame_000318_t010600ms.jpg,1024,592,-59.92829848430174,59.833559435023005,191,10611,NOMINAL_INDEX_FPS_ZERO_OFFSET_UNVERIFIED,511.74532586922845,590.7763512520755,591.3403167097985,20.0
R01ZF_SARF000319,R01ZF,319,10633,C:\research_raw\optical_sar_data\20260721data\derived_frames\pseudocolor_labelstudio_prep_20260722\frames\sar_pseudocolor\R01ZF\frame_000319_t010633ms.jpg,1024,592,-59.92829848430174,59.833559435023005,191,10611,NOMINAL_INDEX_FPS_ZERO_OFFSET_UNVERIFIED,511.74532586922845,590.7763512520755,591.3403167097985,20.0
R01ZF_SARF000320,R01ZF,320,10667,C:\research_raw\optical_sar_data\20260721data\derived_frames\pseudocolor_labelstudio_prep_20260722\frames\sar_pseudocolor\R01ZF\frame_000320_t010667ms.jpg,1024,592,-59.92829848430174,59.833559435023005,192,10667,NOMINAL_INDEX_FPS_ZERO_OFFSET_UNVERIFIED,511.74532586922845,590.7763512520755,591.3403167097985,20.0
R01ZF_SARF000321,R01ZF,321,10700,C:\research_raw\optical_sar_data\20260721data\derived_frames\pseudocolor_labelstudio_prep_20260722\frames\sar_pseudocolor\R01ZF\frame_000321_t010700ms.jpg,1024,592,-59.92829848430174,59.833559435023005,193,10722,NOMINAL_INDEX_FPS_ZERO_OFFSET_UNVERIFIED,511.74532586922845,590.7763512520755,591.3403167097985,20.0
R01ZF_SARF000322,R01ZF,322,10733,C:\research_raw\optical_sar_data\20260721data\derived_frames\pseudocolor_labelstudio_prep_20260722\frames\sar_pseudocolor\R01ZF\frame_000322_t010733ms.jpg,1024,592,-59.92829848430174,59.833559435023005,193,10722,NOMINAL_INDEX_FPS_ZERO_OFFSET_UNVERIFIED,511.74532586922845,590.7763512520755,591.3403167097985,20.0
R01ZF_SARF000323,R01ZF,323,10767,C:\research_raw\optical_sar_data\20260721data\derived_frames\pseudocolor_labelstudio_prep_20260722\frames\sar_pseudocolor\R01ZF\frame_000323_t010767ms.jpg,1024,592,-59.92829848430174,59.833559435023005,194,10778,NOMINAL_INDEX_FPS_ZERO_OFFSET_UNVERIFIED,511.74532586922845,590.7763512520755,591.3403167097985,20.0
R01ZF_SARF000324,R01ZF,324,10800,C:\research_raw\optical_sar_data\20260721data\derived_frames\pseudocolor_labelstudio_prep_20260722\frames\sar_pseudocolor\R01ZF\frame_000324_t010800ms.jpg,1024,592,-59.92829848430174,59.833559435023005,194,10778,NOMINAL_INDEX_FPS_ZERO_OFFSET_UNVERIFIED,511.74532586922845,590.7763512520755,591.3403167097985,20.0
R01ZF_SARF000325,R01ZF,325,10833,C:\research_raw\optical_sar_data\20260721data\derived_frames\pseudocolor_labelstudio_prep_20260722\frames\sar_pseudocolor\R01ZF\frame_000325_t010833ms.jpg,1024,592,-59.92829848430174,59.833559435023005,195,10833,NOMINAL_INDEX_FPS_ZERO_OFFSET_UNVERIFIED,511.74532586922845,590.7763512520755,591.3403167097985,20.0
R01ZF_SARF000326,R01ZF,326,10867,C:\research_raw\optical_sar_data\20260721data\derived_frames\pseudocolor_labelstudio_prep_20260722\frames\sar_pseudocolor\R01ZF\frame_000326_t010867ms.jpg,1024,592,-59.92829848430174,59.833559435023005,196,10889,NOMINAL_INDEX_FPS_ZERO_OFFSET_UNVERIFIED,511.74532586922845,590.7763512520755,591.3403167097985,20.0
R01ZF_SARF000327,R01ZF,327,10900,C:\research_raw\optical_sar_data\20260721data\derived_frames\pseudocolor_labelstudio_prep_20260722\frames\sar_pseudocolor\R01ZF\frame_000327_t010900ms.jpg,1024,592,-59.92829848430174,59.833559435023005,196,10889,NOMINAL_INDEX_FPS_ZERO_OFFSET_UNVERIFIED,511.74532586922845,590.7763512520755,591.3403167097985,20.0
R01ZF_SARF000328,R01ZF,328,10933,C:\research_raw\optical_sar_data\20260721data\derived_frames\pseudocolor_labelstudio_prep_20260722\frames\sar_pseudocolor\R01ZF\frame_000328_t010933ms.jpg,1024,592,-59.92829848430174,59.833559435023005,197,10944,NOMINAL_INDEX_FPS_ZERO_OFFSET_UNVERIFIED,511.74532586922845,590.7763512520755,591.3403167097985,20.0
R01ZF_SARF000329,R01ZF,329,10967,C:\research_raw\optical_sar_data\20260721data\derived_frames\pseudocolor_labelstudio_prep_20260722\frames\sar_pseudocolor\R01ZF\frame_000329_t010967ms.jpg,1024,592,-59.92829848430174,59.833559435023005,197,10944,NOMINAL_INDEX_FPS_ZERO_OFFSET_UNVERIFIED,511.74532586922845,590.7763512520755,591.3403167097985,20.0
R01ZF_SARF000330,R01ZF,330,11000,C:\research_raw\optical_sar_data\20260721data\derived_frames\pseudocolor_labelstudio_prep_20260722\frames\sar_pseudocolor\R01ZF\frame_000330_t011000ms.jpg,1024,592,-59.92829848430174,59.833559435023005,198,11000,NOMINAL_INDEX_FPS_ZERO_OFFSET_UNVERIFIED,511.74532586922845,590.7763512520755,591.3403167097985,20.0
R01ZF_SARF000331,R01ZF,331,11033,C:\research_raw\optical_sar_data\20260721data\derived_frames\pseudocolor_labelstudio_prep_20260722\frames\sar_pseudocolor\R01ZF\frame_000331_t011033ms.jpg,1024,592,-59.92829848430174,59.833559435023005,199,11056,NOMINAL_INDEX_FPS_ZERO_OFFSET_UNVERIFIED,511.74532586922845,590.7763512520755,591.3403167097985,20.0
R01ZF_SARF000332,R01ZF,332,11067,C:\research_raw\optical_sar_data\20260721data\derived_frames\pseudocolor_labelstudio_prep_20260722\frames\sar_pseudocolor\R01ZF\frame_000332_t011067ms.jpg,1024,592,-59.92829848430174,59.833559435023005,199,11056,NOMINAL_INDEX_FPS_ZERO_OFFSET_UNVERIFIED,511.74532586922845,590.7763512520755,591.3403167097985,20.0
R01ZF_SARF000333,R01ZF,333,11100,C:\research_raw\optical_sar_data\20260721data\derived_frames\pseudocolor_labelstudio_prep_20260722\frames\sar_pseudocolor\R01ZF\frame_000333_t011100ms.jpg,1024,592,-59.92829848430174,59.833559435023005,200,11111,NOMINAL_INDEX_FPS_ZERO_OFFSET_UNVERIFIED,511.74532586922845,590.7763512520755,591.3403167097985,20.0
R01ZF_SARF000334,R01ZF,334,11133,C:\research_raw\optical_sar_data\20260721data\derived_frames\pseudocolor_labelstudio_prep_20260722\frames\sar_pseudocolor\R01ZF\frame_000334_t011133ms.jpg,1024,592,-59.92829848430174,59.833559435023005,200,11111,NOMINAL_INDEX_FPS_ZERO_OFFSET_UNVERIFIED,511.74532586922845,590.7763512520755,591.3403167097985,20.0
R01ZF_SARF000335,R01ZF,335,11167,C:\research_raw\optical_sar_data\20260721data\derived_frames\pseudocolor_labelstudio_prep_20260722\frames\sar_pseudocolor\R01ZF\frame_000335_t011167ms.jpg,1024,592,-59.92829848430174,59.833559435023005,201,11167,NOMINAL_INDEX_FPS_ZERO_OFFSET_UNVERIFIED,511.74532586922845,590.7763512520755,591.3403167097985,20.0
R01ZF_SARF000336,R01ZF,336,11200,C:\research_raw\optical_sar_data\20260721data\derived_frames\pseudocolor_labelstudio_prep_20260722\frames\sar_pseudocolor\R01ZF\frame_000336_t011200ms.jpg,1024,592,-59.92829848430174,59.833559435023005,202,11222,NOMINAL_INDEX_FPS_ZERO_OFFSET_UNVERIFIED,511.74532586922845,590.7763512520755,591.3403167097985,20.0
R01ZF_SARF000337,R01ZF,337,11233,C:\research_raw\optical_sar_data\20260721data\derived_frames\pseudocolor_labelstudio_prep_20260722\frames\sar_pseudocolor\R01ZF\frame_000337_t011233ms.jpg,1024,592,-59.92829848430174,59.833559435023005,202,11222,NOMINAL_INDEX_FPS_ZERO_OFFSET_UNVERIFIED,511.74532586922845,590.7763512520755,591.3403167097985,20.0
R01ZF_SARF000338,R01ZF,338,11267,C:\research_raw\optical_sar_data\20260721data\derived_frames\pseudocolor_labelstudio_prep_20260722\frames\sar_pseudocolor\R01ZF\frame_000338_t011267ms.jpg,1024,592,-59.92829848430174,59.833559435023005,203,11278,NOMINAL_INDEX_FPS_ZERO_OFFSET_UNVERIFIED,511.74532586922845,590.7763512520755,591.3403167097985,20.0
R01ZF_SARF000339,R01ZF,339,11300,C:\research_raw\optical_sar_data\20260721data\derived_frames\pseudocolor_labelstudio_prep_20260722\frames\sar_pseudocolor\R01ZF\frame_000339_t011300ms.jpg,1024,592,-59.92829848430174,59.833559435023005,203,11278,NOMINAL_INDEX_FPS_ZERO_OFFSET_UNVERIFIED,511.74532586922845,590.7763512520755,591.3403167097985,20.0
R01ZF_SARF000340,R01ZF,340,11333,C:\research_raw\optical_sar_data\20260721data\derived_frames\pseudocolor_labelstudio_prep_20260722\frames\sar_pseudocolor\R01ZF\frame_000340_t011333ms.jpg,1024,592,-59.92829848430174,59.833559435023005,204,11333,NOMINAL_INDEX_FPS_ZERO_OFFSET_UNVERIFIED,511.74532586922845,590.7763512520755,591.3403167097985,20.0
R01ZF_SARF000341,R01ZF,341,11367,C:\research_raw\optical_sar_data\20260721data\derived_frames\pseudocolor_labelstudio_prep_20260722\frames\sar_pseudocolor\R01ZF\frame_000341_t011367ms.jpg,1024,592,-59.92829848430174,59.833559435023005,205,11389,NOMINAL_INDEX_FPS_ZERO_OFFSET_UNVERIFIED,511.74532586922845,590.7763512520755,591.3403167097985,20.0
R01ZF_SARF000342,R01ZF,342,11400,C:\research_raw\optical_sar_data\20260721data\derived_frames\pseudocolor_labelstudio_prep_20260722\frames\sar_pseudocolor\R01ZF\frame_000342_t011400ms.jpg,1024,592,-59.92829848430174,59.833559435023005,205,11389,NOMINAL_INDEX_FPS_ZERO_OFFSET_UNVERIFIED,511.74532586922845,590.7763512520755,591.3403167097985,20.0
R01ZF_SARF000343,R01ZF,343,11433,C:\research_raw\optical_sar_data\20260721data\derived_frames\pseudocolor_labelstudio_prep_20260722\frames\sar_pseudocolor\R01ZF\frame_000343_t011433ms.jpg,1024,592,-59.92829848430174,59.833559435023005,206,11444,NOMINAL_INDEX_FPS_ZERO_OFFSET_UNVERIFIED,511.74532586922845,590.7763512520755,591.3403167097985,20.0
R01ZF_SARF000344,R01ZF,344,11467,C:\research_raw\optical_sar_data\20260721data\derived_frames\pseudocolor_labelstudio_prep_20260722\frames\sar_pseudocolor\R01ZF\frame_000344_t011467ms.jpg,1024,592,-59.92829848430174,59.833559435023005,206,11444,NOMINAL_INDEX_FPS_ZERO_OFFSET_UNVERIFIED,511.74532586922845,590.7763512520755,591.3403167097985,20.0
R01ZF_SARF000345,R01ZF,345,11500,C:\research_raw\optical_sar_data\20260721data\derived_frames\pseudocolor_labelstudio_prep_20260722\frames\sar_pseudocolor\R01ZF\frame_000345_t011500ms.jpg,1024,592,-59.92829848430174,59.833559435023005,207,11500,NOMINAL_INDEX_FPS_ZERO_OFFSET_UNVERIFIED,511.74532586922845,590.7763512520755,591.3403167097985,20.0
R01ZF_SARF000346,R01ZF,346,11533,C:\research_raw\optical_sar_data\20260721data\derived_frames\pseudocolor_labelstudio_prep_20260722\frames\sar_pseudocolor\R01ZF\frame_000346_t011533ms.jpg,1024,592,-59.92829848430174,59.833559435023005,208,11556,NOMINAL_INDEX_FPS_ZERO_OFFSET_UNVERIFIED,511.74532586922845,590.7763512520755,591.3403167097985,20.0
R01ZF_SARF000347,R01ZF,347,11567,C:\research_raw\optical_sar_data\20260721data\derived_frames\pseudocolor_labelstudio_prep_20260722\frames\sar_pseudocolor\R01ZF\frame_000347_t011567ms.jpg,1024,592,-59.92829848430174,59.833559435023005,208,11556,NOMINAL_INDEX_FPS_ZERO_OFFSET_UNVERIFIED,511.74532586922845,590.7763512520755,591.3403167097985,20.0
R01ZF_SARF000348,R01ZF,348,11600,C:\research_raw\optical_sar_data\20260721data\derived_frames\pseudocolor_labelstudio_prep_20260722\frames\sar_pseudocolor\R01ZF\frame_000348_t011600ms.jpg,1024,592,-59.92829848430174,59.833559435023005,209,11611,NOMINAL_INDEX_FPS_ZERO_OFFSET_UNVERIFIED,511.74532586922845,590.7763512520755,591.3403167097985,20.0
R01ZF_SARF000349,R01ZF,349,11633,C:\research_raw\optical_sar_data\20260721data\derived_frames\pseudocolor_labelstudio_prep_20260722\frames\sar_pseudocolor\R01ZF\frame_000349_t011633ms.jpg,1024,592,-59.92829848430174,59.833559435023005,209,11611,NOMINAL_INDEX_FPS_ZERO_OFFSET_UNVERIFIED,511.74532586922845,590.7763512520755,591.3403167097985,20.0
R01ZF_SARF000350,R01ZF,350,11667,C:\research_raw\optical_sar_data\20260721data\derived_frames\pseudocolor_labelstudio_prep_20260722\frames\sar_pseudocolor\R01ZF\frame_000350_t011667ms.jpg,1024,592,-59.92829848430174,59.833559435023005,210,11667,NOMINAL_INDEX_FPS_ZERO_OFFSET_UNVERIFIED,511.74532586922845,590.7763512520755,591.3403167097985,20.0
R01ZF_SARF000351,R01ZF,351,11700,C:\research_raw\optical_sar_data\20260721data\derived_frames\pseudocolor_labelstudio_prep_20260722\frames\sar_pseudocolor\R01ZF\frame_000351_t011700ms.jpg,1024,592,-59.92829848430174,59.833559435023005,211,11722,NOMINAL_INDEX_FPS_ZERO_OFFSET_UNVERIFIED,511.74532586922845,590.7763512520755,591.3403167097985,20.0
R01ZF_SARF000352,R01ZF,352,11733,C:\research_raw\optical_sar_data\20260721data\derived_frames\pseudocolor_labelstudio_prep_20260722\frames\sar_pseudocolor\R01ZF\frame_000352_t011733ms.jpg,1024,592,-59.92829848430174,59.833559435023005,211,11722,NOMINAL_INDEX_FPS_ZERO_OFFSET_UNVERIFIED,511.74532586922845,590.7763512520755,591.3403167097985,20.0
R01ZF_SARF000353,R01ZF,353,11767,C:\research_raw\optical_sar_data\20260721data\derived_frames\pseudocolor_labelstudio_prep_20260722\frames\sar_pseudocolor\R01ZF\frame_000353_t011767ms.jpg,1024,592,-59.92829848430174,59.833559435023005,212,11778,NOMINAL_INDEX_FPS_ZERO_OFFSET_UNVERIFIED,511.74532586922845,590.7763512520755,591.3403167097985,20.0
R01ZF_SARF000354,R01ZF,354,11800,C:\research_raw\optical_sar_data\20260721data\derived_frames\pseudocolor_labelstudio_prep_20260722\frames\sar_pseudocolor\R01ZF\frame_000354_t011800ms.jpg,1024,592,-59.92829848430174,59.833559435023005,212,11778,NOMINAL_INDEX_FPS_ZERO_OFFSET_UNVERIFIED,511.74532586922845,590.7763512520755,591.3403167097985,20.0
R01ZF_SARF000355,R01ZF,355,11833,C:\research_raw\optical_sar_data\20260721data\derived_frames\pseudocolor_labelstudio_prep_20260722\frames\sar_pseudocolor\R01ZF\frame_000355_t011833ms.jpg,1024,592,-59.92829848430174,59.833559435023005,213,11833,NOMINAL_INDEX_FPS_ZERO_OFFSET_UNVERIFIED,511.74532586922845,590.7763512520755,591.3403167097985,20.0
R01ZF_SARF000356,R01ZF,356,11867,C:\research_raw\optical_sar_data\20260721data\derived_frames\pseudocolor_labelstudio_prep_20260722\frames\sar_pseudocolor\R01ZF\frame_000356_t011867ms.jpg,1024,592,-59.92829848430174,59.833559435023005,214,11889,NOMINAL_INDEX_FPS_ZERO_OFFSET_UNVERIFIED,511.74532586922845,590.7763512520755,591.3403167097985,20.0
R01ZF_SARF000357,R01ZF,357,11900,C:\research_raw\optical_sar_data\20260721data\derived_frames\pseudocolor_labelstudio_prep_20260722\frames\sar_pseudocolor\R01ZF\frame_000357_t011900ms.jpg,1024,592,-59.92829848430174,59.833559435023005,214,11889,NOMINAL_INDEX_FPS_ZERO_OFFSET_UNVERIFIED,511.74532586922845,590.7763512520755,591.3403167097985,20.0
R01ZF_SARF000358,R01ZF,358,11933,C:\research_raw\optical_sar_data\20260721data\derived_frames\pseudocolor_labelstudio_prep_20260722\frames\sar_pseudocolor\R01ZF\frame_000358_t011933ms.jpg,1024,592,-59.92829848430174,59.833559435023005,215,11944,NOMINAL_INDEX_FPS_ZERO_OFFSET_UNVERIFIED,511.74532586922845,590.7763512520755,591.3403167097985,20.0
R01ZF_SARF000359,R01ZF,359,11967,C:\research_raw\optical_sar_data\20260721data\derived_frames\pseudocolor_labelstudio_prep_20260722\frames\sar_pseudocolor\R01ZF\frame_000359_t011967ms.jpg,1024,592,-59.92829848430174,59.833559435023005,215,11944,NOMINAL_INDEX_FPS_ZERO_OFFSET_UNVERIFIED,511.74532586922845,590.7763512520755,591.3403167097985,20.0
R01ZF_SARF000360,R01ZF,360,12000,C:\research_raw\optical_sar_data\20260721data\derived_frames\pseudocolor_labelstudio_prep_20260722\frames\sar_pseudocolor\R01ZF\frame_000360_t012000ms.jpg,1024,592,-59.92829848430174,59.833559435023005,216,12000,NOMINAL_INDEX_FPS_ZERO_OFFSET_UNVERIFIED,511.74532586922845,590.7763512520755,591.3403167097985,20.0
R01ZF_SARF000361,R01ZF,361,12033,C:\research_raw\optical_sar_data\20260721data\derived_frames\pseudocolor_labelstudio_prep_20260722\frames\sar_pseudocolor\R01ZF\frame_000361_t012033ms.jpg,1024,592,-59.92829848430174,59.833559435023005,217,12056,NOMINAL_INDEX_FPS_ZERO_OFFSET_UNVERIFIED,511.74532586922845,590.7763512520755,591.3403167097985,20.0
R01ZF_SARF000362,R01ZF,362,12067,C:\research_raw\optical_sar_data\20260721data\derived_frames\pseudocolor_labelstudio_prep_20260722\frames\sar_pseudocolor\R01ZF\frame_000362_t012067ms.jpg,1024,592,-59.92829848430174,59.833559435023005,217,12056,NOMINAL_INDEX_FPS_ZERO_OFFSET_UNVERIFIED,511.74532586922845,590.7763512520755,591.3403167097985,20.0
R01ZF_SARF000363,R01ZF,363,12100,C:\research_raw\optical_sar_data\20260721data\derived_frames\pseudocolor_labelstudio_prep_20260722\frames\sar_pseudocolor\R01ZF\frame_000363_t012100ms.jpg,1024,592,-59.92829848430174,59.833559435023005,218,12111,NOMINAL_INDEX_FPS_ZERO_OFFSET_UNVERIFIED,511.74532586922845,590.7763512520755,591.3403167097985,20.0
R01ZF_SARF000364,R01ZF,364,12133,C:\research_raw\optical_sar_data\20260721data\derived_frames\pseudocolor_labelstudio_prep_20260722\frames\sar_pseudocolor\R01ZF\frame_000364_t012133ms.jpg,1024,592,-59.92829848430174,59.833559435023005,218,12111,NOMINAL_INDEX_FPS_ZERO_OFFSET_UNVERIFIED,511.74532586922845,590.7763512520755,591.3403167097985,20.0
R01ZF_SARF000365,R01ZF,365,12167,C:\research_raw\optical_sar_data\20260721data\derived_frames\pseudocolor_labelstudio_prep_20260722\frames\sar_pseudocolor\R01ZF\frame_000365_t012167ms.jpg,1024,592,-59.92829848430174,59.833559435023005,219,12167,NOMINAL_INDEX_FPS_ZERO_OFFSET_UNVERIFIED,511.74532586922845,590.7763512520755,591.3403167097985,20.0
R01ZF_SARF000366,R01ZF,366,12200,C:\research_raw\optical_sar_data\20260721data\derived_frames\pseudocolor_labelstudio_prep_20260722\frames\sar_pseudocolor\R01ZF\frame_000366_t012200ms.jpg,1024,592,-59.92829848430174,59.833559435023005,220,12222,NOMINAL_INDEX_FPS_ZERO_OFFSET_UNVERIFIED,511.74532586922845,590.7763512520755,591.3403167097985,20.0
R01ZF_SARF000367,R01ZF,367,12233,C:\research_raw\optical_sar_data\20260721data\derived_frames\pseudocolor_labelstudio_prep_20260722\frames\sar_pseudocolor\R01ZF\frame_000367_t012233ms.jpg,1024,592,-59.92829848430174,59.833559435023005,220,12222,NOMINAL_INDEX_FPS_ZERO_OFFSET_UNVERIFIED,511.74532586922845,590.7763512520755,591.3403167097985,20.0
R01ZF_SARF000368,R01ZF,368,12267,C:\research_raw\optical_sar_data\20260721data\derived_frames\pseudocolor_labelstudio_prep_20260722\frames\sar_pseudocolor\R01ZF\frame_000368_t012267ms.jpg,1024,592,-59.92829848430174,59.833559435023005,221,12278,NOMINAL_INDEX_FPS_ZERO_OFFSET_UNVERIFIED,511.74532586922845,590.7763512520755,591.3403167097985,20.0
R01ZF_SARF000369,R01ZF,369,12300,C:\research_raw\optical_sar_data\20260721data\derived_frames\pseudocolor_labelstudio_prep_20260722\frames\sar_pseudocolor\R01ZF\frame_000369_t012300ms.jpg,1024,592,-59.92829848430174,59.833559435023005,221,12278,NOMINAL_INDEX_FPS_ZERO_OFFSET_UNVERIFIED,511.74532586922845,590.7763512520755,591.3403167097985,20.0
R01ZF_SARF000370,R01ZF,370,12333,C:\research_raw\optical_sar_data\20260721data\derived_frames\pseudocolor_labelstudio_prep_20260722\frames\sar_pseudocolor\R01ZF\frame_000370_t012333ms.jpg,1024,592,-59.92829848430174,59.833559435023005,222,12333,NOMINAL_INDEX_FPS_ZERO_OFFSET_UNVERIFIED,511.74532586922845,590.7763512520755,591.3403167097985,20.0
R01ZF_SARF000371,R01ZF,371,12367,C:\research_raw\optical_sar_data\20260721data\derived_frames\pseudocolor_labelstudio_prep_20260722\frames\sar_pseudocolor\R01ZF\frame_000371_t012367ms.jpg,1024,592,-59.92829848430174,59.833559435023005,223,12389,NOMINAL_INDEX_FPS_ZERO_OFFSET_UNVERIFIED,511.74532586922845,590.7763512520755,591.3403167097985,20.0
R01ZF_SARF000372,R01ZF,372,12400,C:\research_raw\optical_sar_data\20260721data\derived_frames\pseudocolor_labelstudio_prep_20260722\frames\sar_pseudocolor\R01ZF\frame_000372_t012400ms.jpg,1024,592,-59.92829848430174,59.833559435023005,223,12389,NOMINAL_INDEX_FPS_ZERO_OFFSET_UNVERIFIED,511.74532586922845,590.7763512520755,591.3403167097985,20.0
R01ZF_SARF000373,R01ZF,373,12433,C:\research_raw\optical_sar_data\20260721data\derived_frames\pseudocolor_labelstudio_prep_20260722\frames\sar_pseudocolor\R01ZF\frame_000373_t012433ms.jpg,1024,592,-59.92829848430174,59.833559435023005,224,12444,NOMINAL_INDEX_FPS_ZERO_OFFSET_UNVERIFIED,511.74532586922845,590.7763512520755,591.3403167097985,20.0
R01ZF_SARF000374,R01ZF,374,12467,C:\research_raw\optical_sar_data\20260721data\derived_frames\pseudocolor_labelstudio_prep_20260722\frames\sar_pseudocolor\R01ZF\frame_000374_t012467ms.jpg,1024,592,-59.92829848430174,59.833559435023005,224,12444,NOMINAL_INDEX_FPS_ZERO_OFFSET_UNVERIFIED,511.74532586922845,590.7763512520755,591.3403167097985,20.0
R01ZF_SARF000375,R01ZF,375,12500,C:\research_raw\optical_sar_data\20260721data\derived_frames\pseudocolor_labelstudio_prep_20260722\frames\sar_pseudocolor\R01ZF\frame_000375_t012500ms.jpg,1024,592,-59.92829848430174,59.833559435023005,225,12500,NOMINAL_INDEX_FPS_ZERO_OFFSET_UNVERIFIED,511.74532586922845,590.7763512520755,591.3403167097985,20.0
R01ZF_SARF000376,R01ZF,376,12533,C:\research_raw\optical_sar_data\20260721data\derived_frames\pseudocolor_labelstudio_prep_20260722\frames\sar_pseudocolor\R01ZF\frame_000376_t012533ms.jpg,1024,592,-59.92829848430174,59.833559435023005,226,12556,NOMINAL_INDEX_FPS_ZERO_OFFSET_UNVERIFIED,511.74532586922845,590.7763512520755,591.3403167097985,20.0
R01ZF_SARF000377,R01ZF,377,12567,C:\research_raw\optical_sar_data\20260721data\derived_frames\pseudocolor_labelstudio_prep_20260722\frames\sar_pseudocolor\R01ZF\frame_000377_t012567ms.jpg,1024,592,-59.92829848430174,59.833559435023005,226,12556,NOMINAL_INDEX_FPS_ZERO_OFFSET_UNVERIFIED,511.74532586922845,590.7763512520755,591.3403167097985,20.0
R01ZF_SARF000378,R01ZF,378,12600,C:\research_raw\optical_sar_data\20260721data\derived_frames\pseudocolor_labelstudio_prep_20260722\frames\sar_pseudocolor\R01ZF\frame_000378_t012600ms.jpg,1024,592,-59.92829848430174,59.833559435023005,227,12611,NOMINAL_INDEX_FPS_ZERO_OFFSET_UNVERIFIED,511.74532586922845,590.7763512520755,591.3403167097985,20.0
R01ZF_SARF000379,R01ZF,379,12633,C:\research_raw\optical_sar_data\20260721data\derived_frames\pseudocolor_labelstudio_prep_20260722\frames\sar_pseudocolor\R01ZF\frame_000379_t012633ms.jpg,1024,592,-59.92829848430174,59.833559435023005,227,12611,NOMINAL_INDEX_FPS_ZERO_OFFSET_UNVERIFIED,511.74532586922845,590.7763512520755,591.3403167097985,20.0
R01ZF_SARF000380,R01ZF,380,12667,C:\research_raw\optical_sar_data\20260721data\derived_frames\pseudocolor_labelstudio_prep_20260722\frames\sar_pseudocolor\R01ZF\frame_000380_t012667ms.jpg,1024,592,-59.92829848430174,59.833559435023005,228,12667,NOMINAL_INDEX_FPS_ZERO_OFFSET_UNVERIFIED,511.74532586922845,590.7763512520755,591.3403167097985,20.0
R01ZF_SARF000381,R01ZF,381,12700,C:\research_raw\optical_sar_data\20260721data\derived_frames\pseudocolor_labelstudio_prep_20260722\frames\sar_pseudocolor\R01ZF\frame_000381_t012700ms.jpg,1024,592,-59.92829848430174,59.833559435023005,229,12722,NOMINAL_INDEX_FPS_ZERO_OFFSET_UNVERIFIED,511.74532586922845,590.7763512520755,591.3403167097985,20.0
R01ZF_SARF000382,R01ZF,382,12733,C:\research_raw\optical_sar_data\20260721data\derived_frames\pseudocolor_labelstudio_prep_20260722\frames\sar_pseudocolor\R01ZF\frame_000382_t012733ms.jpg,1024,592,-59.92829848430174,59.833559435023005,229,12722,NOMINAL_INDEX_FPS_ZERO_OFFSET_UNVERIFIED,511.74532586922845,590.7763512520755,591.3403167097985,20.0
R01ZF_SARF000383,R01ZF,383,12767,C:\research_raw\optical_sar_data\20260721data\derived_frames\pseudocolor_labelstudio_prep_20260722\frames\sar_pseudocolor\R01ZF\frame_000383_t012767ms.jpg,1024,592,-59.92829848430174,59.833559435023005,230,12778,NOMINAL_INDEX_FPS_ZERO_OFFSET_UNVERIFIED,511.74532586922845,590.7763512520755,591.3403167097985,20.0
R01ZF_SARF000384,R01ZF,384,12800,C:\research_raw\optical_sar_data\20260721data\derived_frames\pseudocolor_labelstudio_prep_20260722\frames\sar_pseudocolor\R01ZF\frame_000384_t012800ms.jpg,1024,592,-59.92829848430174,59.833559435023005,230,12778,NOMINAL_INDEX_FPS_ZERO_OFFSET_UNVERIFIED,511.74532586922845,590.7763512520755,591.3403167097985,20.0
R01ZF_SARF000385,R01ZF,385,12833,C:\research_raw\optical_sar_data\20260721data\derived_frames\pseudocolor_labelstudio_prep_20260722\frames\sar_pseudocolor\R01ZF\frame_000385_t012833ms.jpg,1024,592,-59.92829848430174,59.833559435023005,231,12833,NOMINAL_INDEX_FPS_ZERO_OFFSET_UNVERIFIED,511.74532586922845,590.7763512520755,591.3403167097985,20.0
R01ZF_SARF000386,R01ZF,386,12867,C:\research_raw\optical_sar_data\20260721data\derived_frames\pseudocolor_labelstudio_prep_20260722\frames\sar_pseudocolor\R01ZF\frame_000386_t012867ms.jpg,1024,592,-59.92829848430174,59.833559435023005,232,12889,NOMINAL_INDEX_FPS_ZERO_OFFSET_UNVERIFIED,511.74532586922845,590.7763512520755,591.3403167097985,20.0
R01ZF_SARF000387,R01ZF,387,12900,C:\research_raw\optical_sar_data\20260721data\derived_frames\pseudocolor_labelstudio_prep_20260722\frames\sar_pseudocolor\R01ZF\frame_000387_t012900ms.jpg,1024,592,-59.92829848430174,59.833559435023005,232,12889,NOMINAL_INDEX_FPS_ZERO_OFFSET_UNVERIFIED,511.74532586922845,590.7763512520755,591.3403167097985,20.0
R01ZF_SARF000388,R01ZF,388,12933,C:\research_raw\optical_sar_data\20260721data\derived_frames\pseudocolor_labelstudio_prep_20260722\frames\sar_pseudocolor\R01ZF\frame_000388_t012933ms.jpg,1024,592,-59.92829848430174,59.833559435023005,233,12944,NOMINAL_INDEX_FPS_ZERO_OFFSET_UNVERIFIED,511.74532586922845,590.7763512520755,591.3403167097985,20.0
R01ZF_SARF000389,R01ZF,389,12967,C:\research_raw\optical_sar_data\20260721data\derived_frames\pseudocolor_labelstudio_prep_20260722\frames\sar_pseudocolor\R01ZF\frame_000389_t012967ms.jpg,1024,592,-59.92829848430174,59.833559435023005,233,12944,NOMINAL_INDEX_FPS_ZERO_OFFSET_UNVERIFIED,511.74532586922845,590.7763512520755,591.3403167097985,20.0
R01ZF_SARF000390,R01ZF,390,13000,C:\research_raw\optical_sar_data\20260721data\derived_frames\pseudocolor_labelstudio_prep_20260722\frames\sar_pseudocolor\R01ZF\frame_000390_t013000ms.jpg,1024,592,-59.92829848430174,59.833559435023005,234,13000,NOMINAL_INDEX_FPS_ZERO_OFFSET_UNVERIFIED,511.74532586922845,590.7763512520755,591.3403167097985,20.0
R01ZF_SARF000391,R01ZF,391,13033,C:\research_raw\optical_sar_data\20260721data\derived_frames\pseudocolor_labelstudio_prep_20260722\frames\sar_pseudocolor\R01ZF\frame_000391_t013033ms.jpg,1024,592,-59.92829848430174,59.833559435023005,235,13056,NOMINAL_INDEX_FPS_ZERO_OFFSET_UNVERIFIED,511.74532586922845,590.7763512520755,591.3403167097985,20.0
R01ZF_SARF000392,R01ZF,392,13067,C:\research_raw\optical_sar_data\20260721data\derived_frames\pseudocolor_labelstudio_prep_20260722\frames\sar_pseudocolor\R01ZF\frame_000392_t013067ms.jpg,1024,592,-59.92829848430174,59.833559435023005,235,13056,NOMINAL_INDEX_FPS_ZERO_OFFSET_UNVERIFIED,511.74532586922845,590.7763512520755,591.3403167097985,20.0
R01ZF_SARF000393,R01ZF,393,13100,C:\research_raw\optical_sar_data\20260721data\derived_frames\pseudocolor_labelstudio_prep_20260722\frames\sar_pseudocolor\R01ZF\frame_000393_t013100ms.jpg,1024,592,-59.92829848430174,59.833559435023005,236,13111,NOMINAL_INDEX_FPS_ZERO_OFFSET_UNVERIFIED,511.74532586922845,590.7763512520755,591.3403167097985,20.0
R01ZF_SARF000394,R01ZF,394,13133,C:\research_raw\optical_sar_data\20260721data\derived_frames\pseudocolor_labelstudio_prep_20260722\frames\sar_pseudocolor\R01ZF\frame_000394_t013133ms.jpg,1024,592,-59.92829848430174,59.833559435023005,236,13111,NOMINAL_INDEX_FPS_ZERO_OFFSET_UNVERIFIED,511.74532586922845,590.7763512520755,591.3403167097985,20.0
R01ZF_SARF000395,R01ZF,395,13167,C:\research_raw\optical_sar_data\20260721data\derived_frames\pseudocolor_labelstudio_prep_20260722\frames\sar_pseudocolor\R01ZF\frame_000395_t013167ms.jpg,1024,592,-59.92829848430174,59.833559435023005,237,13167,NOMINAL_INDEX_FPS_ZERO_OFFSET_UNVERIFIED,511.74532586922845,590.7763512520755,591.3403167097985,20.0
R01ZF_SARF000396,R01ZF,396,13200,C:\research_raw\optical_sar_data\20260721data\derived_frames\pseudocolor_labelstudio_prep_20260722\frames\sar_pseudocolor\R01ZF\frame_000396_t013200ms.jpg,1024,592,-59.92829848430174,59.833559435023005,238,13222,NOMINAL_INDEX_FPS_ZERO_OFFSET_UNVERIFIED,511.74532586922845,590.7763512520755,591.3403167097985,20.0
R01ZF_SARF000397,R01ZF,397,13233,C:\research_raw\optical_sar_data\20260721data\derived_frames\pseudocolor_labelstudio_prep_20260722\frames\sar_pseudocolor\R01ZF\frame_000397_t013233ms.jpg,1024,592,-59.92829848430174,59.833559435023005,238,13222,NOMINAL_INDEX_FPS_ZERO_OFFSET_UNVERIFIED,511.74532586922845,590.7763512520755,591.3403167097985,20.0
R01ZF_SARF000398,R01ZF,398,13267,C:\research_raw\optical_sar_data\20260721data\derived_frames\pseudocolor_labelstudio_prep_20260722\frames\sar_pseudocolor\R01ZF\frame_000398_t013267ms.jpg,1024,592,-59.92829848430174,59.833559435023005,239,13278,NOMINAL_INDEX_FPS_ZERO_OFFSET_UNVERIFIED,511.74532586922845,590.7763512520755,591.3403167097985,20.0
R01ZF_SARF000399,R01ZF,399,13300,C:\research_raw\optical_sar_data\20260721data\derived_frames\pseudocolor_labelstudio_prep_20260722\frames\sar_pseudocolor\R01ZF\frame_000399_t013300ms.jpg,1024,592,-59.92829848430174,59.833559435023005,239,13278,NOMINAL_INDEX_FPS_ZERO_OFFSET_UNVERIFIED,511.74532586922845,590.7763512520755,591.3403167097985,20.0
R01ZF_SARF000400,R01ZF,400,13333,C:\research_raw\optical_sar_data\20260721data\derived_frames\pseudocolor_labelstudio_prep_20260722\frames\sar_pseudocolor\R01ZF\frame_000400_t013333ms.jpg,1024,592,-59.92829848430174,59.833559435023005,240,13333,NOMINAL_INDEX_FPS_ZERO_OFFSET_UNVERIFIED,511.74532586922845,590.7763512520755,591.3403167097985,20.0
R01ZF_SARF000401,R01ZF,401,13367,C:\research_raw\optical_sar_data\20260721data\derived_frames\pseudocolor_labelstudio_prep_20260722\frames\sar_pseudocolor\R01ZF\frame_000401_t013367ms.jpg,1024,592,-59.92829848430174,59.833559435023005,241,13389,NOMINAL_INDEX_FPS_ZERO_OFFSET_UNVERIFIED,511.74532586922845,590.7763512520755,591.3403167097985,20.0
R01ZF_SARF000402,R01ZF,402,13400,C:\research_raw\optical_sar_data\20260721data\derived_frames\pseudocolor_labelstudio_prep_20260722\frames\sar_pseudocolor\R01ZF\frame_000402_t013400ms.jpg,1024,592,-59.92829848430174,59.833559435023005,241,13389,NOMINAL_INDEX_FPS_ZERO_OFFSET_UNVERIFIED,511.74532586922845,590.7763512520755,591.3403167097985,20.0
R01ZF_SARF000403,R01ZF,403,13433,C:\research_raw\optical_sar_data\20260721data\derived_frames\pseudocolor_labelstudio_prep_20260722\frames\sar_pseudocolor\R01ZF\frame_000403_t013433ms.jpg,1024,592,-59.92829848430174,59.833559435023005,242,13444,NOMINAL_INDEX_FPS_ZERO_OFFSET_UNVERIFIED,511.74532586922845,590.7763512520755,591.3403167097985,20.0
R01ZF_SARF000404,R01ZF,404,13467,C:\research_raw\optical_sar_data\20260721data\derived_frames\pseudocolor_labelstudio_prep_20260722\frames\sar_pseudocolor\R01ZF\frame_000404_t013467ms.jpg,1024,592,-59.92829848430174,59.833559435023005,242,13444,NOMINAL_INDEX_FPS_ZERO_OFFSET_UNVERIFIED,511.74532586922845,590.7763512520755,591.3403167097985,20.0
R01ZF_SARF000405,R01ZF,405,13500,C:\research_raw\optical_sar_data\20260721data\derived_frames\pseudocolor_labelstudio_prep_20260722\frames\sar_pseudocolor\R01ZF\frame_000405_t013500ms.jpg,1024,592,-59.92829848430174,59.833559435023005,243,13500,NOMINAL_INDEX_FPS_ZERO_OFFSET_UNVERIFIED,511.74532586922845,590.7763512520755,591.3403167097985,20.0
R01ZF_SARF000406,R01ZF,406,13533,C:\research_raw\optical_sar_data\20260721data\derived_frames\pseudocolor_labelstudio_prep_20260722\frames\sar_pseudocolor\R01ZF\frame_000406_t013533ms.jpg,1024,592,-59.92829848430174,59.833559435023005,244,13556,NOMINAL_INDEX_FPS_ZERO_OFFSET_UNVERIFIED,511.74532586922845,590.7763512520755,591.3403167097985,20.0
R01ZF_SARF000407,R01ZF,407,13567,C:\research_raw\optical_sar_data\20260721data\derived_frames\pseudocolor_labelstudio_prep_20260722\frames\sar_pseudocolor\R01ZF\frame_000407_t013567ms.jpg,1024,592,-59.92829848430174,59.833559435023005,244,13556,NOMINAL_INDEX_FPS_ZERO_OFFSET_UNVERIFIED,511.74532586922845,590.7763512520755,591.3403167097985,20.0
R01ZF_SARF000408,R01ZF,408,13600,C:\research_raw\optical_sar_data\20260721data\derived_frames\pseudocolor_labelstudio_prep_20260722\frames\sar_pseudocolor\R01ZF\frame_000408_t013600ms.jpg,1024,592,-59.92829848430174,59.833559435023005,245,13611,NOMINAL_INDEX_FPS_ZERO_OFFSET_UNVERIFIED,511.74532586922845,590.7763512520755,591.3403167097985,20.0
R01ZF_SARF000409,R01ZF,409,13633,C:\research_raw\optical_sar_data\20260721data\derived_frames\pseudocolor_labelstudio_prep_20260722\frames\sar_pseudocolor\R01ZF\frame_000409_t013633ms.jpg,1024,592,-59.92829848430174,59.833559435023005,245,13611,NOMINAL_INDEX_FPS_ZERO_OFFSET_UNVERIFIED,511.74532586922845,590.7763512520755,591.3403167097985,20.0
R01ZF_SARF000410,R01ZF,410,13667,C:\research_raw\optical_sar_data\20260721data\derived_frames\pseudocolor_labelstudio_prep_20260722\frames\sar_pseudocolor\R01ZF\frame_000410_t013667ms.jpg,1024,592,-59.92829848430174,59.833559435023005,246,13667,NOMINAL_INDEX_FPS_ZERO_OFFSET_UNVERIFIED,511.74532586922845,590.7763512520755,591.3403167097985,20.0
R01ZF_SARF000411,R01ZF,411,13700,C:\research_raw\optical_sar_data\20260721data\derived_frames\pseudocolor_labelstudio_prep_20260722\frames\sar_pseudocolor\R01ZF\frame_000411_t013700ms.jpg,1024,592,-59.92829848430174,59.833559435023005,247,13722,NOMINAL_INDEX_FPS_ZERO_OFFSET_UNVERIFIED,511.74532586922845,590.7763512520755,591.3403167097985,20.0
R01ZF_SARF000412,R01ZF,412,13733,C:\research_raw\optical_sar_data\20260721data\derived_frames\pseudocolor_labelstudio_prep_20260722\frames\sar_pseudocolor\R01ZF\frame_000412_t013733ms.jpg,1024,592,-59.92829848430174,59.833559435023005,247,13722,NOMINAL_INDEX_FPS_ZERO_OFFSET_UNVERIFIED,511.74532586922845,590.7763512520755,591.3403167097985,20.0
R01ZF_SARF000413,R01ZF,413,13767,C:\research_raw\optical_sar_data\20260721data\derived_frames\pseudocolor_labelstudio_prep_20260722\frames\sar_pseudocolor\R01ZF\frame_000413_t013767ms.jpg,1024,592,-59.92829848430174,59.833559435023005,248,13778,NOMINAL_INDEX_FPS_ZERO_OFFSET_UNVERIFIED,511.74532586922845,590.7763512520755,591.3403167097985,20.0
R01ZF_SARF000414,R01ZF,414,13800,C:\research_raw\optical_sar_data\20260721data\derived_frames\pseudocolor_labelstudio_prep_20260722\frames\sar_pseudocolor\R01ZF\frame_000414_t013800ms.jpg,1024,592,-59.92829848430174,59.833559435023005,248,13778,NOMINAL_INDEX_FPS_ZERO_OFFSET_UNVERIFIED,511.74532586922845,590.7763512520755,591.3403167097985,20.0
R01ZF_SARF000415,R01ZF,415,13833,C:\research_raw\optical_sar_data\20260721data\derived_frames\pseudocolor_labelstudio_prep_20260722\frames\sar_pseudocolor\R01ZF\frame_000415_t013833ms.jpg,1024,592,-59.92829848430174,59.833559435023005,249,13833,NOMINAL_INDEX_FPS_ZERO_OFFSET_UNVERIFIED,511.74532586922845,590.7763512520755,591.3403167097985,20.0
R01ZF_SARF000416,R01ZF,416,13867,C:\research_raw\optical_sar_data\20260721data\derived_frames\pseudocolor_labelstudio_prep_20260722\frames\sar_pseudocolor\R01ZF\frame_000416_t013867ms.jpg,1024,592,-59.92829848430174,59.833559435023005,250,13889,NOMINAL_INDEX_FPS_ZERO_OFFSET_UNVERIFIED,511.74532586922845,590.7763512520755,591.3403167097985,20.0
R01ZF_SARF000417,R01ZF,417,13900,C:\research_raw\optical_sar_data\20260721data\derived_frames\pseudocolor_labelstudio_prep_20260722\frames\sar_pseudocolor\R01ZF\frame_000417_t013900ms.jpg,1024,592,-59.92829848430174,59.833559435023005,250,13889,NOMINAL_INDEX_FPS_ZERO_OFFSET_UNVERIFIED,511.74532586922845,590.7763512520755,591.3403167097985,20.0
R01ZF_SARF000418,R01ZF,418,13933,C:\research_raw\optical_sar_data\20260721data\derived_frames\pseudocolor_labelstudio_prep_20260722\frames\sar_pseudocolor\R01ZF\frame_000418_t013933ms.jpg,1024,592,-59.92829848430174,59.833559435023005,251,13944,NOMINAL_INDEX_FPS_ZERO_OFFSET_UNVERIFIED,511.74532586922845,590.7763512520755,591.3403167097985,20.0
R01ZF_SARF000419,R01ZF,419,13967,C:\research_raw\optical_sar_data\20260721data\derived_frames\pseudocolor_labelstudio_prep_20260722\frames\sar_pseudocolor\R01ZF\frame_000419_t013967ms.jpg,1024,592,-59.92829848430174,59.833559435023005,251,13944,NOMINAL_INDEX_FPS_ZERO_OFFSET_UNVERIFIED,511.74532586922845,590.7763512520755,591.3403167097985,20.0
R01ZF_SARF000420,R01ZF,420,14000,C:\research_raw\optical_sar_data\20260721data\derived_frames\pseudocolor_labelstudio_prep_20260722\frames\sar_pseudocolor\R01ZF\frame_000420_t014000ms.jpg,1024,592,-59.92829848430174,59.833559435023005,252,14000,NOMINAL_INDEX_FPS_ZERO_OFFSET_UNVERIFIED,511.74532586922845,590.7763512520755,591.3403167097985,20.0
R01ZF_SARF000421,R01ZF,421,14033,C:\research_raw\optical_sar_data\20260721data\derived_frames\pseudocolor_labelstudio_prep_20260722\frames\sar_pseudocolor\R01ZF\frame_000421_t014033ms.jpg,1024,592,-59.92829848430174,59.833559435023005,253,14056,NOMINAL_INDEX_FPS_ZERO_OFFSET_UNVERIFIED,511.74532586922845,590.7763512520755,591.3403167097985,20.0
R01ZF_SARF000422,R01ZF,422,14067,C:\research_raw\optical_sar_data\20260721data\derived_frames\pseudocolor_labelstudio_prep_20260722\frames\sar_pseudocolor\R01ZF\frame_000422_t014067ms.jpg,1024,592,-59.92829848430174,59.833559435023005,253,14056,NOMINAL_INDEX_FPS_ZERO_OFFSET_UNVERIFIED,511.74532586922845,590.7763512520755,591.3403167097985,20.0
R01ZF_SARF000423,R01ZF,423,14100,C:\research_raw\optical_sar_data\20260721data\derived_frames\pseudocolor_labelstudio_prep_20260722\frames\sar_pseudocolor\R01ZF\frame_000423_t014100ms.jpg,1024,592,-59.92829848430174,59.833559435023005,254,14111,NOMINAL_INDEX_FPS_ZERO_OFFSET_UNVERIFIED,511.74532586922845,590.7763512520755,591.3403167097985,20.0
R01ZF_SARF000424,R01ZF,424,14133,C:\research_raw\optical_sar_data\20260721data\derived_frames\pseudocolor_labelstudio_prep_20260722\frames\sar_pseudocolor\R01ZF\frame_000424_t014133ms.jpg,1024,592,-59.92829848430174,59.833559435023005,254,14111,NOMINAL_INDEX_FPS_ZERO_OFFSET_UNVERIFIED,511.74532586922845,590.7763512520755,591.3403167097985,20.0
R01ZF_SARF000425,R01ZF,425,14167,C:\research_raw\optical_sar_data\20260721data\derived_frames\pseudocolor_labelstudio_prep_20260722\frames\sar_pseudocolor\R01ZF\frame_000425_t014167ms.jpg,1024,592,-59.92829848430174,59.833559435023005,255,14167,NOMINAL_INDEX_FPS_ZERO_OFFSET_UNVERIFIED,511.74532586922845,590.7763512520755,591.3403167097985,20.0
R01ZF_SARF000426,R01ZF,426,14200,C:\research_raw\optical_sar_data\20260721data\derived_frames\pseudocolor_labelstudio_prep_20260722\frames\sar_pseudocolor\R01ZF\frame_000426_t014200ms.jpg,1024,592,-59.92829848430174,59.833559435023005,256,14222,NOMINAL_INDEX_FPS_ZERO_OFFSET_UNVERIFIED,511.74532586922845,590.7763512520755,591.3403167097985,20.0
R01ZF_SARF000427,R01ZF,427,14233,C:\research_raw\optical_sar_data\20260721data\derived_frames\pseudocolor_labelstudio_prep_20260722\frames\sar_pseudocolor\R01ZF\frame_000427_t014233ms.jpg,1024,592,-59.92829848430174,59.833559435023005,256,14222,NOMINAL_INDEX_FPS_ZERO_OFFSET_UNVERIFIED,511.74532586922845,590.7763512520755,591.3403167097985,20.0
R01ZF_SARF000428,R01ZF,428,14267,C:\research_raw\optical_sar_data\20260721data\derived_frames\pseudocolor_labelstudio_prep_20260722\frames\sar_pseudocolor\R01ZF\frame_000428_t014267ms.jpg,1024,592,-59.92829848430174,59.833559435023005,257,14278,NOMINAL_INDEX_FPS_ZERO_OFFSET_UNVERIFIED,511.74532586922845,590.7763512520755,591.3403167097985,20.0
R01ZF_SARF000429,R01ZF,429,14300,C:\research_raw\optical_sar_data\20260721data\derived_frames\pseudocolor_labelstudio_prep_20260722\frames\sar_pseudocolor\R01ZF\frame_000429_t014300ms.jpg,1024,592,-59.92829848430174,59.833559435023005,257,14278,NOMINAL_INDEX_FPS_ZERO_OFFSET_UNVERIFIED,511.74532586922845,590.7763512520755,591.3403167097985,20.0
R01ZF_SARF000430,R01ZF,430,14333,C:\research_raw\optical_sar_data\20260721data\derived_frames\pseudocolor_labelstudio_prep_20260722\frames\sar_pseudocolor\R01ZF\frame_000430_t014333ms.jpg,1024,592,-59.92829848430174,59.833559435023005,258,14333,NOMINAL_INDEX_FPS_ZERO_OFFSET_UNVERIFIED,511.74532586922845,590.7763512520755,591.3403167097985,20.0
R01ZF_SARF000431,R01ZF,431,14367,C:\research_raw\optical_sar_data\20260721data\derived_frames\pseudocolor_labelstudio_prep_20260722\frames\sar_pseudocolor\R01ZF\frame_000431_t014367ms.jpg,1024,592,-59.92829848430174,59.833559435023005,259,14389,NOMINAL_INDEX_FPS_ZERO_OFFSET_UNVERIFIED,511.74532586922845,590.7763512520755,591.3403167097985,20.0
R01ZF_SARF000432,R01ZF,432,14400,C:\research_raw\optical_sar_data\20260721data\derived_frames\pseudocolor_labelstudio_prep_20260722\frames\sar_pseudocolor\R01ZF\frame_000432_t014400ms.jpg,1024,592,-59.92829848430174,59.833559435023005,259,14389,NOMINAL_INDEX_FPS_ZERO_OFFSET_UNVERIFIED,511.74532586922845,590.7763512520755,591.3403167097985,20.0
R01ZF_SARF000433,R01ZF,433,14433,C:\research_raw\optical_sar_data\20260721data\derived_frames\pseudocolor_labelstudio_prep_20260722\frames\sar_pseudocolor\R01ZF\frame_000433_t014433ms.jpg,1024,592,-59.92829848430174,59.833559435023005,260,14444,NOMINAL_INDEX_FPS_ZERO_OFFSET_UNVERIFIED,511.74532586922845,590.7763512520755,591.3403167097985,20.0
R01ZF_SARF000434,R01ZF,434,14467,C:\research_raw\optical_sar_data\20260721data\derived_frames\pseudocolor_labelstudio_prep_20260722\frames\sar_pseudocolor\R01ZF\frame_000434_t014467ms.jpg,1024,592,-59.92829848430174,59.833559435023005,260,14444,NOMINAL_INDEX_FPS_ZERO_OFFSET_UNVERIFIED,511.74532586922845,590.7763512520755,591.3403167097985,20.0
R01ZF_SARF000435,R01ZF,435,14500,C:\research_raw\optical_sar_data\20260721data\derived_frames\pseudocolor_labelstudio_prep_20260722\frames\sar_pseudocolor\R01ZF\frame_000435_t014500ms.jpg,1024,592,-59.92829848430174,59.833559435023005,261,14500,NOMINAL_INDEX_FPS_ZERO_OFFSET_UNVERIFIED,511.74532586922845,590.7763512520755,591.3403167097985,20.0
R01ZF_SARF000436,R01ZF,436,14533,C:\research_raw\optical_sar_data\20260721data\derived_frames\pseudocolor_labelstudio_prep_20260722\frames\sar_pseudocolor\R01ZF\frame_000436_t014533ms.jpg,1024,592,-59.92829848430174,59.833559435023005,262,14556,NOMINAL_INDEX_FPS_ZERO_OFFSET_UNVERIFIED,511.74532586922845,590.7763512520755,591.3403167097985,20.0
R01ZF_SARF000437,R01ZF,437,14567,C:\research_raw\optical_sar_data\20260721data\derived_frames\pseudocolor_labelstudio_prep_20260722\frames\sar_pseudocolor\R01ZF\frame_000437_t014567ms.jpg,1024,592,-59.92829848430174,59.833559435023005,262,14556,NOMINAL_INDEX_FPS_ZERO_OFFSET_UNVERIFIED,511.74532586922845,590.7763512520755,591.3403167097985,20.0
R01ZF_SARF000438,R01ZF,438,14600,C:\research_raw\optical_sar_data\20260721data\derived_frames\pseudocolor_labelstudio_prep_20260722\frames\sar_pseudocolor\R01ZF\frame_000438_t014600ms.jpg,1024,592,-59.92829848430174,59.833559435023005,263,14611,NOMINAL_INDEX_FPS_ZERO_OFFSET_UNVERIFIED,511.74532586922845,590.7763512520755,591.3403167097985,20.0
R01ZF_SARF000439,R01ZF,439,14633,C:\research_raw\optical_sar_data\20260721data\derived_frames\pseudocolor_labelstudio_prep_20260722\frames\sar_pseudocolor\R01ZF\frame_000439_t014633ms.jpg,1024,592,-59.92829848430174,59.833559435023005,263,14611,NOMINAL_INDEX_FPS_ZERO_OFFSET_UNVERIFIED,511.74532586922845,590.7763512520755,591.3403167097985,20.0
R01ZF_SARF000440,R01ZF,440,14667,C:\research_raw\optical_sar_data\20260721data\derived_frames\pseudocolor_labelstudio_prep_20260722\frames\sar_pseudocolor\R01ZF\frame_000440_t014667ms.jpg,1024,592,-59.92829848430174,59.833559435023005,264,14667,NOMINAL_INDEX_FPS_ZERO_OFFSET_UNVERIFIED,511.74532586922845,590.7763512520755,591.3403167097985,20.0
R01ZF_SARF000441,R01ZF,441,14700,C:\research_raw\optical_sar_data\20260721data\derived_frames\pseudocolor_labelstudio_prep_20260722\frames\sar_pseudocolor\R01ZF\frame_000441_t014700ms.jpg,1024,592,-59.92829848430174,59.833559435023005,265,14722,NOMINAL_INDEX_FPS_ZERO_OFFSET_UNVERIFIED,511.74532586922845,590.7763512520755,591.3403167097985,20.0
R01ZF_SARF000442,R01ZF,442,14733,C:\research_raw\optical_sar_data\20260721data\derived_frames\pseudocolor_labelstudio_prep_20260722\frames\sar_pseudocolor\R01ZF\frame_000442_t014733ms.jpg,1024,592,-59.92829848430174,59.833559435023005,265,14722,NOMINAL_INDEX_FPS_ZERO_OFFSET_UNVERIFIED,511.74532586922845,590.7763512520755,591.3403167097985,20.0
R01ZF_SARF000443,R01ZF,443,14767,C:\research_raw\optical_sar_data\20260721data\derived_frames\pseudocolor_labelstudio_prep_20260722\frames\sar_pseudocolor\R01ZF\frame_000443_t014767ms.jpg,1024,592,-59.92829848430174,59.833559435023005,266,14778,NOMINAL_INDEX_FPS_ZERO_OFFSET_UNVERIFIED,511.74532586922845,590.7763512520755,591.3403167097985,20.0
R01ZF_SARF000444,R01ZF,444,14800,C:\research_raw\optical_sar_data\20260721data\derived_frames\pseudocolor_labelstudio_prep_20260722\frames\sar_pseudocolor\R01ZF\frame_000444_t014800ms.jpg,1024,592,-59.92829848430174,59.833559435023005,266,14778,NOMINAL_INDEX_FPS_ZERO_OFFSET_UNVERIFIED,511.74532586922845,590.7763512520755,591.3403167097985,20.0
R01ZF_SARF000445,R01ZF,445,14833,C:\research_raw\optical_sar_data\20260721data\derived_frames\pseudocolor_labelstudio_prep_20260722\frames\sar_pseudocolor\R01ZF\frame_000445_t014833ms.jpg,1024,592,-59.92829848430174,59.833559435023005,267,14833,NOMINAL_INDEX_FPS_ZERO_OFFSET_UNVERIFIED,511.74532586922845,590.7763512520755,591.3403167097985,20.0
R01ZF_SARF000446,R01ZF,446,14867,C:\research_raw\optical_sar_data\20260721data\derived_frames\pseudocolor_labelstudio_prep_20260722\frames\sar_pseudocolor\R01ZF\frame_000446_t014867ms.jpg,1024,592,-59.92829848430174,59.833559435023005,268,14889,NOMINAL_INDEX_FPS_ZERO_OFFSET_UNVERIFIED,511.74532586922845,590.7763512520755,591.3403167097985,20.0
R01ZF_SARF000447,R01ZF,447,14900,C:\research_raw\optical_sar_data\20260721data\derived_frames\pseudocolor_labelstudio_prep_20260722\frames\sar_pseudocolor\R01ZF\frame_000447_t014900ms.jpg,1024,592,-59.92829848430174,59.833559435023005,268,14889,NOMINAL_INDEX_FPS_ZERO_OFFSET_UNVERIFIED,511.74532586922845,590.7763512520755,591.3403167097985,20.0
R01ZF_SARF000448,R01ZF,448,14933,C:\research_raw\optical_sar_data\20260721data\derived_frames\pseudocolor_labelstudio_prep_20260722\frames\sar_pseudocolor\R01ZF\frame_000448_t014933ms.jpg,1024,592,-59.92829848430174,59.833559435023005,269,14944,NOMINAL_INDEX_FPS_ZERO_OFFSET_UNVERIFIED,511.74532586922845,590.7763512520755,591.3403167097985,20.0
R01ZF_SARF000449,R01ZF,449,14967,C:\research_raw\optical_sar_data\20260721data\derived_frames\pseudocolor_labelstudio_prep_20260722\frames\sar_pseudocolor\R01ZF\frame_000449_t014967ms.jpg,1024,592,-59.92829848430174,59.833559435023005,269,14944,NOMINAL_INDEX_FPS_ZERO_OFFSET_UNVERIFIED,511.74532586922845,590.7763512520755,591.3403167097985,20.0
R01ZF_SARF000450,R01ZF,450,15000,C:\research_raw\optical_sar_data\20260721data\derived_frames\pseudocolor_labelstudio_prep_20260722\frames\sar_pseudocolor\R01ZF\frame_000450_t015000ms.jpg,1024,592,-59.92829848430174,59.833559435023005,270,15000,NOMINAL_INDEX_FPS_ZERO_OFFSET_UNVERIFIED,511.74532586922845,590.7763512520755,591.3403167097985,20.0
R01ZF_SARF000451,R01ZF,451,15033,C:\research_raw\optical_sar_data\20260721data\derived_frames\pseudocolor_labelstudio_prep_20260722\frames\sar_pseudocolor\R01ZF\frame_000451_t015033ms.jpg,1024,592,-59.92829848430174,59.833559435023005,271,15056,NOMINAL_INDEX_FPS_ZERO_OFFSET_UNVERIFIED,511.74532586922845,590.7763512520755,591.3403167097985,20.0
R01ZF_SARF000452,R01ZF,452,15067,C:\research_raw\optical_sar_data\20260721data\derived_frames\pseudocolor_labelstudio_prep_20260722\frames\sar_pseudocolor\R01ZF\frame_000452_t015067ms.jpg,1024,592,-59.92829848430174,59.833559435023005,271,15056,NOMINAL_INDEX_FPS_ZERO_OFFSET_UNVERIFIED,511.74532586922845,590.7763512520755,591.3403167097985,20.0
R01ZF_SARF000453,R01ZF,453,15100,C:\research_raw\optical_sar_data\20260721data\derived_frames\pseudocolor_labelstudio_prep_20260722\frames\sar_pseudocolor\R01ZF\frame_000453_t015100ms.jpg,1024,592,-59.92829848430174,59.833559435023005,272,15111,NOMINAL_INDEX_FPS_ZERO_OFFSET_UNVERIFIED,511.74532586922845,590.7763512520755,591.3403167097985,20.0
R01ZF_SARF000454,R01ZF,454,15133,C:\research_raw\optical_sar_data\20260721data\derived_frames\pseudocolor_labelstudio_prep_20260722\frames\sar_pseudocolor\R01ZF\frame_000454_t015133ms.jpg,1024,592,-59.92829848430174,59.833559435023005,272,15111,NOMINAL_INDEX_FPS_ZERO_OFFSET_UNVERIFIED,511.74532586922845,590.7763512520755,591.3403167097985,20.0
R01ZF_SARF000455,R01ZF,455,15167,C:\research_raw\optical_sar_data\20260721data\derived_frames\pseudocolor_labelstudio_prep_20260722\frames\sar_pseudocolor\R01ZF\frame_000455_t015167ms.jpg,1024,592,-59.92829848430174,59.833559435023005,273,15167,NOMINAL_INDEX_FPS_ZERO_OFFSET_UNVERIFIED,511.74532586922845,590.7763512520755,591.3403167097985,20.0
R01ZF_SARF000456,R01ZF,456,15200,C:\research_raw\optical_sar_data\20260721data\derived_frames\pseudocolor_labelstudio_prep_20260722\frames\sar_pseudocolor\R01ZF\frame_000456_t015200ms.jpg,1024,592,-59.92829848430174,59.833559435023005,274,15222,NOMINAL_INDEX_FPS_ZERO_OFFSET_UNVERIFIED,511.74532586922845,590.7763512520755,591.3403167097985,20.0
R01ZF_SARF000457,R01ZF,457,15233,C:\research_raw\optical_sar_data\20260721data\derived_frames\pseudocolor_labelstudio_prep_20260722\frames\sar_pseudocolor\R01ZF\frame_000457_t015233ms.jpg,1024,592,-59.92829848430174,59.833559435023005,274,15222,NOMINAL_INDEX_FPS_ZERO_OFFSET_UNVERIFIED,511.74532586922845,590.7763512520755,591.3403167097985,20.0
R01ZF_SARF000458,R01ZF,458,15267,C:\research_raw\optical_sar_data\20260721data\derived_frames\pseudocolor_labelstudio_prep_20260722\frames\sar_pseudocolor\R01ZF\frame_000458_t015267ms.jpg,1024,592,-59.92829848430174,59.833559435023005,275,15278,NOMINAL_INDEX_FPS_ZERO_OFFSET_UNVERIFIED,511.74532586922845,590.7763512520755,591.3403167097985,20.0
R01ZF_SARF000459,R01ZF,459,15300,C:\research_raw\optical_sar_data\20260721data\derived_frames\pseudocolor_labelstudio_prep_20260722\frames\sar_pseudocolor\R01ZF\frame_000459_t015300ms.jpg,1024,592,-59.92829848430174,59.833559435023005,275,15278,NOMINAL_INDEX_FPS_ZERO_OFFSET_UNVERIFIED,511.74532586922845,590.7763512520755,591.3403167097985,20.0
R01ZF_SARF000460,R01ZF,460,15333,C:\research_raw\optical_sar_data\20260721data\derived_frames\pseudocolor_labelstudio_prep_20260722\frames\sar_pseudocolor\R01ZF\frame_000460_t015333ms.jpg,1024,592,-59.92829848430174,59.833559435023005,276,15333,NOMINAL_INDEX_FPS_ZERO_OFFSET_UNVERIFIED,511.74532586922845,590.7763512520755,591.3403167097985,20.0
R01ZF_SARF000461,R01ZF,461,15367,C:\research_raw\optical_sar_data\20260721data\derived_frames\pseudocolor_labelstudio_prep_20260722\frames\sar_pseudocolor\R01ZF\frame_000461_t015367ms.jpg,1024,592,-59.92829848430174,59.833559435023005,277,15389,NOMINAL_INDEX_FPS_ZERO_OFFSET_UNVERIFIED,511.74532586922845,590.7763512520755,591.3403167097985,20.0
R01ZF_SARF000462,R01ZF,462,15400,C:\research_raw\optical_sar_data\20260721data\derived_frames\pseudocolor_labelstudio_prep_20260722\frames\sar_pseudocolor\R01ZF\frame_000462_t015400ms.jpg,1024,592,-59.92829848430174,59.833559435023005,277,15389,NOMINAL_INDEX_FPS_ZERO_OFFSET_UNVERIFIED,511.74532586922845,590.7763512520755,591.3403167097985,20.0
R01ZF_SARF000463,R01ZF,463,15433,C:\research_raw\optical_sar_data\20260721data\derived_frames\pseudocolor_labelstudio_prep_20260722\frames\sar_pseudocolor\R01ZF\frame_000463_t015433ms.jpg,1024,592,-59.92829848430174,59.833559435023005,278,15444,NOMINAL_INDEX_FPS_ZERO_OFFSET_UNVERIFIED,511.74532586922845,590.7763512520755,591.3403167097985,20.0
R01ZF_SARF000464,R01ZF,464,15467,C:\research_raw\optical_sar_data\20260721data\derived_frames\pseudocolor_labelstudio_prep_20260722\frames\sar_pseudocolor\R01ZF\frame_000464_t015467ms.jpg,1024,592,-59.92829848430174,59.833559435023005,278,15444,NOMINAL_INDEX_FPS_ZERO_OFFSET_UNVERIFIED,511.74532586922845,590.7763512520755,591.3403167097985,20.0
R01ZF_SARF000465,R01ZF,465,15500,C:\research_raw\optical_sar_data\20260721data\derived_frames\pseudocolor_labelstudio_prep_20260722\frames\sar_pseudocolor\R01ZF\frame_000465_t015500ms.jpg,1024,592,-59.92829848430174,59.833559435023005,279,15500,NOMINAL_INDEX_FPS_ZERO_OFFSET_UNVERIFIED,511.74532586922845,590.7763512520755,591.3403167097985,20.0
R01ZF_SARF000466,R01ZF,466,15533,C:\research_raw\optical_sar_data\20260721data\derived_frames\pseudocolor_labelstudio_prep_20260722\frames\sar_pseudocolor\R01ZF\frame_000466_t015533ms.jpg,1024,592,-59.92829848430174,59.833559435023005,280,15556,NOMINAL_INDEX_FPS_ZERO_OFFSET_UNVERIFIED,511.74532586922845,590.7763512520755,591.3403167097985,20.0
R01ZF_SARF000467,R01ZF,467,15567,C:\research_raw\optical_sar_data\20260721data\derived_frames\pseudocolor_labelstudio_prep_20260722\frames\sar_pseudocolor\R01ZF\frame_000467_t015567ms.jpg,1024,592,-59.92829848430174,59.833559435023005,280,15556,NOMINAL_INDEX_FPS_ZERO_OFFSET_UNVERIFIED,511.74532586922845,590.7763512520755,591.3403167097985,20.0
R01ZF_SARF000468,R01ZF,468,15600,C:\research_raw\optical_sar_data\20260721data\derived_frames\pseudocolor_labelstudio_prep_20260722\frames\sar_pseudocolor\R01ZF\frame_000468_t015600ms.jpg,1024,592,-59.92829848430174,59.833559435023005,281,15611,NOMINAL_INDEX_FPS_ZERO_OFFSET_UNVERIFIED,511.74532586922845,590.7763512520755,591.3403167097985,20.0
R01ZF_SARF000469,R01ZF,469,15633,C:\research_raw\optical_sar_data\20260721data\derived_frames\pseudocolor_labelstudio_prep_20260722\frames\sar_pseudocolor\R01ZF\frame_000469_t015633ms.jpg,1024,592,-59.92829848430174,59.833559435023005,281,15611,NOMINAL_INDEX_FPS_ZERO_OFFSET_UNVERIFIED,511.74532586922845,590.7763512520755,591.3403167097985,20.0
R01ZF_SARF000470,R01ZF,470,15667,C:\research_raw\optical_sar_data\20260721data\derived_frames\pseudocolor_labelstudio_prep_20260722\frames\sar_pseudocolor\R01ZF\frame_000470_t015667ms.jpg,1024,592,-59.92829848430174,59.833559435023005,282,15667,NOMINAL_INDEX_FPS_ZERO_OFFSET_UNVERIFIED,511.74532586922845,590.7763512520755,591.3403167097985,20.0
R01ZF_SARF000471,R01ZF,471,15700,C:\research_raw\optical_sar_data\20260721data\derived_frames\pseudocolor_labelstudio_prep_20260722\frames\sar_pseudocolor\R01ZF\frame_000471_t015700ms.jpg,1024,592,-59.92829848430174,59.833559435023005,283,15722,NOMINAL_INDEX_FPS_ZERO_OFFSET_UNVERIFIED,511.74532586922845,590.7763512520755,591.3403167097985,20.0
R01ZF_SARF000472,R01ZF,472,15733,C:\research_raw\optical_sar_data\20260721data\derived_frames\pseudocolor_labelstudio_prep_20260722\frames\sar_pseudocolor\R01ZF\frame_000472_t015733ms.jpg,1024,592,-59.92829848430174,59.833559435023005,283,15722,NOMINAL_INDEX_FPS_ZERO_OFFSET_UNVERIFIED,511.74532586922845,590.7763512520755,591.3403167097985,20.0
R01ZF_SARF000473,R01ZF,473,15767,C:\research_raw\optical_sar_data\20260721data\derived_frames\pseudocolor_labelstudio_prep_20260722\frames\sar_pseudocolor\R01ZF\frame_000473_t015767ms.jpg,1024,592,-59.92829848430174,59.833559435023005,284,15778,NOMINAL_INDEX_FPS_ZERO_OFFSET_UNVERIFIED,511.74532586922845,590.7763512520755,591.3403167097985,20.0
R01ZF_SARF000474,R01ZF,474,15800,C:\research_raw\optical_sar_data\20260721data\derived_frames\pseudocolor_labelstudio_prep_20260722\frames\sar_pseudocolor\R01ZF\frame_000474_t015800ms.jpg,1024,592,-59.92829848430174,59.833559435023005,284,15778,NOMINAL_INDEX_FPS_ZERO_OFFSET_UNVERIFIED,511.74532586922845,590.7763512520755,591.3403167097985,20.0
R01ZF_SARF000475,R01ZF,475,15833,C:\research_raw\optical_sar_data\20260721data\derived_frames\pseudocolor_labelstudio_prep_20260722\frames\sar_pseudocolor\R01ZF\frame_000475_t015833ms.jpg,1024,592,-59.92829848430174,59.833559435023005,285,15833,NOMINAL_INDEX_FPS_ZERO_OFFSET_UNVERIFIED,511.74532586922845,590.7763512520755,591.3403167097985,20.0
R01ZF_SARF000476,R01ZF,476,15867,C:\research_raw\optical_sar_data\20260721data\derived_frames\pseudocolor_labelstudio_prep_20260722\frames\sar_pseudocolor\R01ZF\frame_000476_t015867ms.jpg,1024,592,-59.92829848430174,59.833559435023005,286,15889,NOMINAL_INDEX_FPS_ZERO_OFFSET_UNVERIFIED,511.74532586922845,590.7763512520755,591.3403167097985,20.0
R01ZF_SARF000477,R01ZF,477,15900,C:\research_raw\optical_sar_data\20260721data\derived_frames\pseudocolor_labelstudio_prep_20260722\frames\sar_pseudocolor\R01ZF\frame_000477_t015900ms.jpg,1024,592,-59.92829848430174,59.833559435023005,286,15889,NOMINAL_INDEX_FPS_ZERO_OFFSET_UNVERIFIED,511.74532586922845,590.7763512520755,591.3403167097985,20.0
R01ZF_SARF000478,R01ZF,478,15933,C:\research_raw\optical_sar_data\20260721data\derived_frames\pseudocolor_labelstudio_prep_20260722\frames\sar_pseudocolor\R01ZF\frame_000478_t015933ms.jpg,1024,592,-59.92829848430174,59.833559435023005,287,15944,NOMINAL_INDEX_FPS_ZERO_OFFSET_UNVERIFIED,511.74532586922845,590.7763512520755,591.3403167097985,20.0
R01ZF_SARF000479,R01ZF,479,15967,C:\research_raw\optical_sar_data\20260721data\derived_frames\pseudocolor_labelstudio_prep_20260722\frames\sar_pseudocolor\R01ZF\frame_000479_t015967ms.jpg,1024,592,-59.92829848430174,59.833559435023005,287,15944,NOMINAL_INDEX_FPS_ZERO_OFFSET_UNVERIFIED,511.74532586922845,590.7763512520755,591.3403167097985,20.0
R01ZF_SARF000480,R01ZF,480,16000,C:\research_raw\optical_sar_data\20260721data\derived_frames\pseudocolor_labelstudio_prep_20260722\frames\sar_pseudocolor\R01ZF\frame_000480_t016000ms.jpg,1024,592,-59.92829848430174,59.833559435023005,288,16000,NOMINAL_INDEX_FPS_ZERO_OFFSET_UNVERIFIED,511.74532586922845,590.7763512520755,591.3403167097985,20.0
R01ZF_SARF000481,R01ZF,481,16033,C:\research_raw\optical_sar_data\20260721data\derived_frames\pseudocolor_labelstudio_prep_20260722\frames\sar_pseudocolor\R01ZF\frame_000481_t016033ms.jpg,1024,592,-59.92829848430174,59.833559435023005,289,16056,NOMINAL_INDEX_FPS_ZERO_OFFSET_UNVERIFIED,511.74532586922845,590.7763512520755,591.3403167097985,20.0
R01ZF_SARF000482,R01ZF,482,16067,C:\research_raw\optical_sar_data\20260721data\derived_frames\pseudocolor_labelstudio_prep_20260722\frames\sar_pseudocolor\R01ZF\frame_000482_t016067ms.jpg,1024,592,-59.92829848430174,59.833559435023005,289,16056,NOMINAL_INDEX_FPS_ZERO_OFFSET_UNVERIFIED,511.74532586922845,590.7763512520755,591.3403167097985,20.0
R01ZF_SARF000483,R01ZF,483,16100,C:\research_raw\optical_sar_data\20260721data\derived_frames\pseudocolor_labelstudio_prep_20260722\frames\sar_pseudocolor\R01ZF\frame_000483_t016100ms.jpg,1024,592,-59.92829848430174,59.833559435023005,290,16111,NOMINAL_INDEX_FPS_ZERO_OFFSET_UNVERIFIED,511.74532586922845,590.7763512520755,591.3403167097985,20.0
R01ZF_SARF000484,R01ZF,484,16133,C:\research_raw\optical_sar_data\20260721data\derived_frames\pseudocolor_labelstudio_prep_20260722\frames\sar_pseudocolor\R01ZF\frame_000484_t016133ms.jpg,1024,592,-59.92829848430174,59.833559435023005,290,16111,NOMINAL_INDEX_FPS_ZERO_OFFSET_UNVERIFIED,511.74532586922845,590.7763512520755,591.3403167097985,20.0
R01ZF_SARF000485,R01ZF,485,16167,C:\research_raw\optical_sar_data\20260721data\derived_frames\pseudocolor_labelstudio_prep_20260722\frames\sar_pseudocolor\R01ZF\frame_000485_t016167ms.jpg,1024,592,-59.92829848430174,59.833559435023005,291,16167,NOMINAL_INDEX_FPS_ZERO_OFFSET_UNVERIFIED,511.74532586922845,590.7763512520755,591.3403167097985,20.0
R01ZF_SARF000486,R01ZF,486,16200,C:\research_raw\optical_sar_data\20260721data\derived_frames\pseudocolor_labelstudio_prep_20260722\frames\sar_pseudocolor\R01ZF\frame_000486_t016200ms.jpg,1024,592,-59.92829848430174,59.833559435023005,292,16222,NOMINAL_INDEX_FPS_ZERO_OFFSET_UNVERIFIED,511.74532586922845,590.7763512520755,591.3403167097985,20.0
R01ZF_SARF000487,R01ZF,487,16233,C:\research_raw\optical_sar_data\20260721data\derived_frames\pseudocolor_labelstudio_prep_20260722\frames\sar_pseudocolor\R01ZF\frame_000487_t016233ms.jpg,1024,592,-59.92829848430174,59.833559435023005,292,16222,NOMINAL_INDEX_FPS_ZERO_OFFSET_UNVERIFIED,511.74532586922845,590.7763512520755,591.3403167097985,20.0
R01ZF_SARF000488,R01ZF,488,16267,C:\research_raw\optical_sar_data\20260721data\derived_frames\pseudocolor_labelstudio_prep_20260722\frames\sar_pseudocolor\R01ZF\frame_000488_t016267ms.jpg,1024,592,-59.92829848430174,59.833559435023005,293,16278,NOMINAL_INDEX_FPS_ZERO_OFFSET_UNVERIFIED,511.74532586922845,590.7763512520755,591.3403167097985,20.0
R01ZF_SARF000489,R01ZF,489,16300,C:\research_raw\optical_sar_data\20260721data\derived_frames\pseudocolor_labelstudio_prep_20260722\frames\sar_pseudocolor\R01ZF\frame_000489_t016300ms.jpg,1024,592,-59.92829848430174,59.833559435023005,293,16278,NOMINAL_INDEX_FPS_ZERO_OFFSET_UNVERIFIED,511.74532586922845,590.7763512520755,591.3403167097985,20.0
R01ZF_SARF000490,R01ZF,490,16333,C:\research_raw\optical_sar_data\20260721data\derived_frames\pseudocolor_labelstudio_prep_20260722\frames\sar_pseudocolor\R01ZF\frame_000490_t016333ms.jpg,1024,592,-59.92829848430174,59.833559435023005,294,16333,NOMINAL_INDEX_FPS_ZERO_OFFSET_UNVERIFIED,511.74532586922845,590.7763512520755,591.3403167097985,20.0
R01ZF_SARF000491,R01ZF,491,16367,C:\research_raw\optical_sar_data\20260721data\derived_frames\pseudocolor_labelstudio_prep_20260722\frames\sar_pseudocolor\R01ZF\frame_000491_t016367ms.jpg,1024,592,-59.92829848430174,59.833559435023005,295,16389,NOMINAL_INDEX_FPS_ZERO_OFFSET_UNVERIFIED,511.74532586922845,590.7763512520755,591.3403167097985,20.0
R01ZF_SARF000492,R01ZF,492,16400,C:\research_raw\optical_sar_data\20260721data\derived_frames\pseudocolor_labelstudio_prep_20260722\frames\sar_pseudocolor\R01ZF\frame_000492_t016400ms.jpg,1024,592,-59.92829848430174,59.833559435023005,295,16389,NOMINAL_INDEX_FPS_ZERO_OFFSET_UNVERIFIED,511.74532586922845,590.7763512520755,591.3403167097985,20.0
R01ZF_SARF000493,R01ZF,493,16433,C:\research_raw\optical_sar_data\20260721data\derived_frames\pseudocolor_labelstudio_prep_20260722\frames\sar_pseudocolor\R01ZF\frame_000493_t016433ms.jpg,1024,592,-59.92829848430174,59.833559435023005,296,16444,NOMINAL_INDEX_FPS_ZERO_OFFSET_UNVERIFIED,511.74532586922845,590.7763512520755,591.3403167097985,20.0
R01ZF_SARF000494,R01ZF,494,16467,C:\research_raw\optical_sar_data\20260721data\derived_frames\pseudocolor_labelstudio_prep_20260722\frames\sar_pseudocolor\R01ZF\frame_000494_t016467ms.jpg,1024,592,-59.92829848430174,59.833559435023005,296,16444,NOMINAL_INDEX_FPS_ZERO_OFFSET_UNVERIFIED,511.74532586922845,590.7763512520755,591.3403167097985,20.0
R02ZF_SARF000000,R02ZF,0,0,C:\research_raw\optical_sar_data\20260721data\derived_frames\pseudocolor_labelstudio_prep_20260722\frames\sar_pseudocolor\R02ZF\frame_000000_t000000ms.jpg,1024,592,-59.92829848430174,59.833559435023005,0,0,NOMINAL_INDEX_FPS_ZERO_OFFSET_UNVERIFIED,511.74532586922845,590.7763512520755,591.3403167097985,20.0
R02ZF_SARF000001,R02ZF,1,33,C:\research_raw\optical_sar_data\20260721data\derived_frames\pseudocolor_labelstudio_prep_20260722\frames\sar_pseudocolor\R02ZF\frame_000001_t000033ms.jpg,1024,592,-59.92829848430174,59.833559435023005,1,56,NOMINAL_INDEX_FPS_ZERO_OFFSET_UNVERIFIED,511.74532586922845,590.7763512520755,591.3403167097985,20.0
R02ZF_SARF000002,R02ZF,2,67,C:\research_raw\optical_sar_data\20260721data\derived_frames\pseudocolor_labelstudio_prep_20260722\frames\sar_pseudocolor\R02ZF\frame_000002_t000067ms.jpg,1024,592,-59.92829848430174,59.833559435023005,1,56,NOMINAL_INDEX_FPS_ZERO_OFFSET_UNVERIFIED,511.74532586922845,590.7763512520755,591.3403167097985,20.0
R02ZF_SARF000003,R02ZF,3,100,C:\research_raw\optical_sar_data\20260721data\derived_frames\pseudocolor_labelstudio_prep_20260722\frames\sar_pseudocolor\R02ZF\frame_000003_t000100ms.jpg,1024,592,-59.92829848430174,59.833559435023005,2,111,NOMINAL_INDEX_FPS_ZERO_OFFSET_UNVERIFIED,511.74532586922845,590.7763512520755,591.3403167097985,20.0
R02ZF_SARF000004,R02ZF,4,133,C:\research_raw\optical_sar_data\20260721data\derived_frames\pseudocolor_labelstudio_prep_20260722\frames\sar_pseudocolor\R02ZF\frame_000004_t000133ms.jpg,1024,592,-59.92829848430174,59.833559435023005,2,111,NOMINAL_INDEX_FPS_ZERO_OFFSET_UNVERIFIED,511.74532586922845,590.7763512520755,591.3403167097985,20.0
R02ZF_SARF000005,R02ZF,5,167,C:\research_raw\optical_sar_data\20260721data\derived_frames\pseudocolor_labelstudio_prep_20260722\frames\sar_pseudocolor\R02ZF\frame_000005_t000167ms.jpg,1024,592,-59.92829848430174,59.833559435023005,3,167,NOMINAL_INDEX_FPS_ZERO_OFFSET_UNVERIFIED,511.74532586922845,590.7763512520755,591.3403167097985,20.0
R02ZF_SARF000006,R02ZF,6,200,C:\research_raw\optical_sar_data\20260721data\derived_frames\pseudocolor_labelstudio_prep_20260722\frames\sar_pseudocolor\R02ZF\frame_000006_t000200ms.jpg,1024,592,-59.92829848430174,59.833559435023005,4,222,NOMINAL_INDEX_FPS_ZERO_OFFSET_UNVERIFIED,511.74532586922845,590.7763512520755,591.3403167097985,20.0
R02ZF_SARF000007,R02ZF,7,233,C:\research_raw\optical_sar_data\20260721data\derived_frames\pseudocolor_labelstudio_prep_20260722\frames\sar_pseudocolor\R02ZF\frame_000007_t000233ms.jpg,1024,592,-59.92829848430174,59.833559435023005,4,222,NOMINAL_INDEX_FPS_ZERO_OFFSET_UNVERIFIED,511.74532586922845,590.7763512520755,591.3403167097985,20.0
R02ZF_SARF000008,R02ZF,8,267,C:\research_raw\optical_sar_data\20260721data\derived_frames\pseudocolor_labelstudio_prep_20260722\frames\sar_pseudocolor\R02ZF\frame_000008_t000267ms.jpg,1024,592,-59.92829848430174,59.833559435023005,5,278,NOMINAL_INDEX_FPS_ZERO_OFFSET_UNVERIFIED,511.74532586922845,590.7763512520755,591.3403167097985,20.0
R02ZF_SARF000009,R02ZF,9,300,C:\research_raw\optical_sar_data\20260721data\derived_frames\pseudocolor_labelstudio_prep_20260722\frames\sar_pseudocolor\R02ZF\frame_000009_t000300ms.jpg,1024,592,-59.92829848430174,59.833559435023005,5,278,NOMINAL_INDEX_FPS_ZERO_OFFSET_UNVERIFIED,511.74532586922845,590.7763512520755,591.3403167097985,20.0
R02ZF_SARF000010,R02ZF,10,333,C:\research_raw\optical_sar_data\20260721data\derived_frames\pseudocolor_labelstudio_prep_20260722\frames\sar_pseudocolor\R02ZF\frame_000010_t000333ms.jpg,1024,592,-59.92829848430174,59.833559435023005,6,333,NOMINAL_INDEX_FPS_ZERO_OFFSET_UNVERIFIED,511.74532586922845,590.7763512520755,591.3403167097985,20.0
R02ZF_SARF000011,R02ZF,11,367,C:\research_raw\optical_sar_data\20260721data\derived_frames\pseudocolor_labelstudio_prep_20260722\frames\sar_pseudocolor\R02ZF\frame_000011_t000367ms.jpg,1024,592,-59.92829848430174,59.833559435023005,7,389,NOMINAL_INDEX_FPS_ZERO_OFFSET_UNVERIFIED,511.74532586922845,590.7763512520755,591.3403167097985,20.0
R02ZF_SARF000012,R02ZF,12,400,C:\research_raw\optical_sar_data\20260721data\derived_frames\pseudocolor_labelstudio_prep_20260722\frames\sar_pseudocolor\R02ZF\frame_000012_t000400ms.jpg,1024,592,-59.92829848430174,59.833559435023005,7,389,NOMINAL_INDEX_FPS_ZERO_OFFSET_UNVERIFIED,511.74532586922845,590.7763512520755,591.3403167097985,20.0
R02ZF_SARF000013,R02ZF,13,433,C:\research_raw\optical_sar_data\20260721data\derived_frames\pseudocolor_labelstudio_prep_20260722\frames\sar_pseudocolor\R02ZF\frame_000013_t000433ms.jpg,1024,592,-59.92829848430174,59.833559435023005,8,444,NOMINAL_INDEX_FPS_ZERO_OFFSET_UNVERIFIED,511.74532586922845,590.7763512520755,591.3403167097985,20.0
R02ZF_SARF000014,R02ZF,14,467,C:\research_raw\optical_sar_data\20260721data\derived_frames\pseudocolor_labelstudio_prep_20260722\frames\sar_pseudocolor\R02ZF\frame_000014_t000467ms.jpg,1024,592,-59.92829848430174,59.833559435023005,8,444,NOMINAL_INDEX_FPS_ZERO_OFFSET_UNVERIFIED,511.74532586922845,590.7763512520755,591.3403167097985,20.0
R02ZF_SARF000015,R02ZF,15,500,C:\research_raw\optical_sar_data\20260721data\derived_frames\pseudocolor_labelstudio_prep_20260722\frames\sar_pseudocolor\R02ZF\frame_000015_t000500ms.jpg,1024,592,-59.92829848430174,59.833559435023005,9,500,NOMINAL_INDEX_FPS_ZERO_OFFSET_UNVERIFIED,511.74532586922845,590.7763512520755,591.3403167097985,20.0
R02ZF_SARF000016,R02ZF,16,533,C:\research_raw\optical_sar_data\20260721data\derived_frames\pseudocolor_labelstudio_prep_20260722\frames\sar_pseudocolor\R02ZF\frame_000016_t000533ms.jpg,1024,592,-59.92829848430174,59.833559435023005,10,556,NOMINAL_INDEX_FPS_ZERO_OFFSET_UNVERIFIED,511.74532586922845,590.7763512520755,591.3403167097985,20.0
R02ZF_SARF000017,R02ZF,17,567,C:\research_raw\optical_sar_data\20260721data\derived_frames\pseudocolor_labelstudio_prep_20260722\frames\sar_pseudocolor\R02ZF\frame_000017_t000567ms.jpg,1024,592,-59.92829848430174,59.833559435023005,10,556,NOMINAL_INDEX_FPS_ZERO_OFFSET_UNVERIFIED,511.74532586922845,590.7763512520755,591.3403167097985,20.0
R02ZF_SARF000018,R02ZF,18,600,C:\research_raw\optical_sar_data\20260721data\derived_frames\pseudocolor_labelstudio_prep_20260722\frames\sar_pseudocolor\R02ZF\frame_000018_t000600ms.jpg,1024,592,-59.92829848430174,59.833559435023005,11,611,NOMINAL_INDEX_FPS_ZERO_OFFSET_UNVERIFIED,511.74532586922845,590.7763512520755,591.3403167097985,20.0
R02ZF_SARF000019,R02ZF,19,633,C:\research_raw\optical_sar_data\20260721data\derived_frames\pseudocolor_labelstudio_prep_20260722\frames\sar_pseudocolor\R02ZF\frame_000019_t000633ms.jpg,1024,592,-59.92829848430174,59.833559435023005,11,611,NOMINAL_INDEX_FPS_ZERO_OFFSET_UNVERIFIED,511.74532586922845,590.7763512520755,591.3403167097985,20.0
R02ZF_SARF000020,R02ZF,20,667,C:\research_raw\optical_sar_data\20260721data\derived_frames\pseudocolor_labelstudio_prep_20260722\frames\sar_pseudocolor\R02ZF\frame_000020_t000667ms.jpg,1024,592,-59.92829848430174,59.833559435023005,12,667,NOMINAL_INDEX_FPS_ZERO_OFFSET_UNVERIFIED,511.74532586922845,590.7763512520755,591.3403167097985,20.0
R02ZF_SARF000021,R02ZF,21,700,C:\research_raw\optical_sar_data\20260721data\derived_frames\pseudocolor_labelstudio_prep_20260722\frames\sar_pseudocolor\R02ZF\frame_000021_t000700ms.jpg,1024,592,-59.92829848430174,59.833559435023005,13,722,NOMINAL_INDEX_FPS_ZERO_OFFSET_UNVERIFIED,511.74532586922845,590.7763512520755,591.3403167097985,20.0
R02ZF_SARF000022,R02ZF,22,733,C:\research_raw\optical_sar_data\20260721data\derived_frames\pseudocolor_labelstudio_prep_20260722\frames\sar_pseudocolor\R02ZF\frame_000022_t000733ms.jpg,1024,592,-59.92829848430174,59.833559435023005,13,722,NOMINAL_INDEX_FPS_ZERO_OFFSET_UNVERIFIED,511.74532586922845,590.7763512520755,591.3403167097985,20.0
R02ZF_SARF000023,R02ZF,23,767,C:\research_raw\optical_sar_data\20260721data\derived_frames\pseudocolor_labelstudio_prep_20260722\frames\sar_pseudocolor\R02ZF\frame_000023_t000767ms.jpg,1024,592,-59.92829848430174,59.833559435023005,14,778,NOMINAL_INDEX_FPS_ZERO_OFFSET_UNVERIFIED,511.74532586922845,590.7763512520755,591.3403167097985,20.0
R02ZF_SARF000024,R02ZF,24,800,C:\research_raw\optical_sar_data\20260721data\derived_frames\pseudocolor_labelstudio_prep_20260722\frames\sar_pseudocolor\R02ZF\frame_000024_t000800ms.jpg,1024,592,-59.92829848430174,59.833559435023005,14,778,NOMINAL_INDEX_FPS_ZERO_OFFSET_UNVERIFIED,511.74532586922845,590.7763512520755,591.3403167097985,20.0
R02ZF_SARF000025,R02ZF,25,833,C:\research_raw\optical_sar_data\20260721data\derived_frames\pseudocolor_labelstudio_prep_20260722\frames\sar_pseudocolor\R02ZF\frame_000025_t000833ms.jpg,1024,592,-59.92829848430174,59.833559435023005,15,833,NOMINAL_INDEX_FPS_ZERO_OFFSET_UNVERIFIED,511.74532586922845,590.7763512520755,591.3403167097985,20.0
R02ZF_SARF000026,R02ZF,26,867,C:\research_raw\optical_sar_data\20260721data\derived_frames\pseudocolor_labelstudio_prep_20260722\frames\sar_pseudocolor\R02ZF\frame_000026_t000867ms.jpg,1024,592,-59.92829848430174,59.833559435023005,16,889,NOMINAL_INDEX_FPS_ZERO_OFFSET_UNVERIFIED,511.74532586922845,590.7763512520755,591.3403167097985,20.0
R02ZF_SARF000027,R02ZF,27,900,C:\research_raw\optical_sar_data\20260721data\derived_frames\pseudocolor_labelstudio_prep_20260722\frames\sar_pseudocolor\R02ZF\frame_000027_t000900ms.jpg,1024,592,-59.92829848430174,59.833559435023005,16,889,NOMINAL_INDEX_FPS_ZERO_OFFSET_UNVERIFIED,511.74532586922845,590.7763512520755,591.3403167097985,20.0
R02ZF_SARF000028,R02ZF,28,933,C:\research_raw\optical_sar_data\20260721data\derived_frames\pseudocolor_labelstudio_prep_20260722\frames\sar_pseudocolor\R02ZF\frame_000028_t000933ms.jpg,1024,592,-59.92829848430174,59.833559435023005,17,944,NOMINAL_INDEX_FPS_ZERO_OFFSET_UNVERIFIED,511.74532586922845,590.7763512520755,591.3403167097985,20.0
R02ZF_SARF000029,R02ZF,29,967,C:\research_raw\optical_sar_data\20260721data\derived_frames\pseudocolor_labelstudio_prep_20260722\frames\sar_pseudocolor\R02ZF\frame_000029_t000967ms.jpg,1024,592,-59.92829848430174,59.833559435023005,17,944,NOMINAL_INDEX_FPS_ZERO_OFFSET_UNVERIFIED,511.74532586922845,590.7763512520755,591.3403167097985,20.0
R02ZF_SARF000030,R02ZF,30,1000,C:\research_raw\optical_sar_data\20260721data\derived_frames\pseudocolor_labelstudio_prep_20260722\frames\sar_pseudocolor\R02ZF\frame_000030_t001000ms.jpg,1024,592,-59.92829848430174,59.833559435023005,18,1000,NOMINAL_INDEX_FPS_ZERO_OFFSET_UNVERIFIED,511.74532586922845,590.7763512520755,591.3403167097985,20.0
R02ZF_SARF000031,R02ZF,31,1033,C:\research_raw\optical_sar_data\20260721data\derived_frames\pseudocolor_labelstudio_prep_20260722\frames\sar_pseudocolor\R02ZF\frame_000031_t001033ms.jpg,1024,592,-59.92829848430174,59.833559435023005,19,1056,NOMINAL_INDEX_FPS_ZERO_OFFSET_UNVERIFIED,511.74532586922845,590.7763512520755,591.3403167097985,20.0
R02ZF_SARF000032,R02ZF,32,1067,C:\research_raw\optical_sar_data\20260721data\derived_frames\pseudocolor_labelstudio_prep_20260722\frames\sar_pseudocolor\R02ZF\frame_000032_t001067ms.jpg,1024,592,-59.92829848430174,59.833559435023005,19,1056,NOMINAL_INDEX_FPS_ZERO_OFFSET_UNVERIFIED,511.74532586922845,590.7763512520755,591.3403167097985,20.0
R02ZF_SARF000033,R02ZF,33,1100,C:\research_raw\optical_sar_data\20260721data\derived_frames\pseudocolor_labelstudio_prep_20260722\frames\sar_pseudocolor\R02ZF\frame_000033_t001100ms.jpg,1024,592,-59.92829848430174,59.833559435023005,20,1111,NOMINAL_INDEX_FPS_ZERO_OFFSET_UNVERIFIED,511.74532586922845,590.7763512520755,591.3403167097985,20.0
R02ZF_SARF000034,R02ZF,34,1133,C:\research_raw\optical_sar_data\20260721data\derived_frames\pseudocolor_labelstudio_prep_20260722\frames\sar_pseudocolor\R02ZF\frame_000034_t001133ms.jpg,1024,592,-59.92829848430174,59.833559435023005,20,1111,NOMINAL_INDEX_FPS_ZERO_OFFSET_UNVERIFIED,511.74532586922845,590.7763512520755,591.3403167097985,20.0
R02ZF_SARF000035,R02ZF,35,1167,C:\research_raw\optical_sar_data\20260721data\derived_frames\pseudocolor_labelstudio_prep_20260722\frames\sar_pseudocolor\R02ZF\frame_000035_t001167ms.jpg,1024,592,-59.92829848430174,59.833559435023005,21,1167,NOMINAL_INDEX_FPS_ZERO_OFFSET_UNVERIFIED,511.74532586922845,590.7763512520755,591.3403167097985,20.0
R02ZF_SARF000036,R02ZF,36,1200,C:\research_raw\optical_sar_data\20260721data\derived_frames\pseudocolor_labelstudio_prep_20260722\frames\sar_pseudocolor\R02ZF\frame_000036_t001200ms.jpg,1024,592,-59.92829848430174,59.833559435023005,22,1222,NOMINAL_INDEX_FPS_ZERO_OFFSET_UNVERIFIED,511.74532586922845,590.7763512520755,591.3403167097985,20.0
R02ZF_SARF000037,R02ZF,37,1233,C:\research_raw\optical_sar_data\20260721data\derived_frames\pseudocolor_labelstudio_prep_20260722\frames\sar_pseudocolor\R02ZF\frame_000037_t001233ms.jpg,1024,592,-59.92829848430174,59.833559435023005,22,1222,NOMINAL_INDEX_FPS_ZERO_OFFSET_UNVERIFIED,511.74532586922845,590.7763512520755,591.3403167097985,20.0
R02ZF_SARF000038,R02ZF,38,1267,C:\research_raw\optical_sar_data\20260721data\derived_frames\pseudocolor_labelstudio_prep_20260722\frames\sar_pseudocolor\R02ZF\frame_000038_t001267ms.jpg,1024,592,-59.92829848430174,59.833559435023005,23,1278,NOMINAL_INDEX_FPS_ZERO_OFFSET_UNVERIFIED,511.74532586922845,590.7763512520755,591.3403167097985,20.0
R02ZF_SARF000039,R02ZF,39,1300,C:\research_raw\optical_sar_data\20260721data\derived_frames\pseudocolor_labelstudio_prep_20260722\frames\sar_pseudocolor\R02ZF\frame_000039_t001300ms.jpg,1024,592,-59.92829848430174,59.833559435023005,23,1278,NOMINAL_INDEX_FPS_ZERO_OFFSET_UNVERIFIED,511.74532586922845,590.7763512520755,591.3403167097985,20.0
R02ZF_SARF000040,R02ZF,40,1333,C:\research_raw\optical_sar_data\20260721data\derived_frames\pseudocolor_labelstudio_prep_20260722\frames\sar_pseudocolor\R02ZF\frame_000040_t001333ms.jpg,1024,592,-59.92829848430174,59.833559435023005,24,1333,NOMINAL_INDEX_FPS_ZERO_OFFSET_UNVERIFIED,511.74532586922845,590.7763512520755,591.3403167097985,20.0
R02ZF_SARF000041,R02ZF,41,1367,C:\research_raw\optical_sar_data\20260721data\derived_frames\pseudocolor_labelstudio_prep_20260722\frames\sar_pseudocolor\R02ZF\frame_000041_t001367ms.jpg,1024,592,-59.92829848430174,59.833559435023005,25,1389,NOMINAL_INDEX_FPS_ZERO_OFFSET_UNVERIFIED,511.74532586922845,590.7763512520755,591.3403167097985,20.0
R02ZF_SARF000042,R02ZF,42,1400,C:\research_raw\optical_sar_data\20260721data\derived_frames\pseudocolor_labelstudio_prep_20260722\frames\sar_pseudocolor\R02ZF\frame_000042_t001400ms.jpg,1024,592,-59.92829848430174,59.833559435023005,25,1389,NOMINAL_INDEX_FPS_ZERO_OFFSET_UNVERIFIED,511.74532586922845,590.7763512520755,591.3403167097985,20.0
R02ZF_SARF000043,R02ZF,43,1433,C:\research_raw\optical_sar_data\20260721data\derived_frames\pseudocolor_labelstudio_prep_20260722\frames\sar_pseudocolor\R02ZF\frame_000043_t001433ms.jpg,1024,592,-59.92829848430174,59.833559435023005,26,1444,NOMINAL_INDEX_FPS_ZERO_OFFSET_UNVERIFIED,511.74532586922845,590.7763512520755,591.3403167097985,20.0
R02ZF_SARF000044,R02ZF,44,1467,C:\research_raw\optical_sar_data\20260721data\derived_frames\pseudocolor_labelstudio_prep_20260722\frames\sar_pseudocolor\R02ZF\frame_000044_t001467ms.jpg,1024,592,-59.92829848430174,59.833559435023005,26,1444,NOMINAL_INDEX_FPS_ZERO_OFFSET_UNVERIFIED,511.74532586922845,590.7763512520755,591.3403167097985,20.0
R02ZF_SARF000045,R02ZF,45,1500,C:\research_raw\optical_sar_data\20260721data\derived_frames\pseudocolor_labelstudio_prep_20260722\frames\sar_pseudocolor\R02ZF\frame_000045_t001500ms.jpg,1024,592,-59.92829848430174,59.833559435023005,27,1500,NOMINAL_INDEX_FPS_ZERO_OFFSET_UNVERIFIED,511.74532586922845,590.7763512520755,591.3403167097985,20.0
R02ZF_SARF000046,R02ZF,46,1533,C:\research_raw\optical_sar_data\20260721data\derived_frames\pseudocolor_labelstudio_prep_20260722\frames\sar_pseudocolor\R02ZF\frame_000046_t001533ms.jpg,1024,592,-59.92829848430174,59.833559435023005,28,1556,NOMINAL_INDEX_FPS_ZERO_OFFSET_UNVERIFIED,511.74532586922845,590.7763512520755,591.3403167097985,20.0
R02ZF_SARF000047,R02ZF,47,1567,C:\research_raw\optical_sar_data\20260721data\derived_frames\pseudocolor_labelstudio_prep_20260722\frames\sar_pseudocolor\R02ZF\frame_000047_t001567ms.jpg,1024,592,-59.92829848430174,59.833559435023005,28,1556,NOMINAL_INDEX_FPS_ZERO_OFFSET_UNVERIFIED,511.74532586922845,590.7763512520755,591.3403167097985,20.0
R02ZF_SARF000048,R02ZF,48,1600,C:\research_raw\optical_sar_data\20260721data\derived_frames\pseudocolor_labelstudio_prep_20260722\frames\sar_pseudocolor\R02ZF\frame_000048_t001600ms.jpg,1024,592,-59.92829848430174,59.833559435023005,29,1611,NOMINAL_INDEX_FPS_ZERO_OFFSET_UNVERIFIED,511.74532586922845,590.7763512520755,591.3403167097985,20.0
R02ZF_SARF000049,R02ZF,49,1633,C:\research_raw\optical_sar_data\20260721data\derived_frames\pseudocolor_labelstudio_prep_20260722\frames\sar_pseudocolor\R02ZF\frame_000049_t001633ms.jpg,1024,592,-59.92829848430174,59.833559435023005,29,1611,NOMINAL_INDEX_FPS_ZERO_OFFSET_UNVERIFIED,511.74532586922845,590.7763512520755,591.3403167097985,20.0
R02ZF_SARF000050,R02ZF,50,1667,C:\research_raw\optical_sar_data\20260721data\derived_frames\pseudocolor_labelstudio_prep_20260722\frames\sar_pseudocolor\R02ZF\frame_000050_t001667ms.jpg,1024,592,-59.92829848430174,59.833559435023005,30,1667,NOMINAL_INDEX_FPS_ZERO_OFFSET_UNVERIFIED,511.74532586922845,590.7763512520755,591.3403167097985,20.0
R02ZF_SARF000051,R02ZF,51,1700,C:\research_raw\optical_sar_data\20260721data\derived_frames\pseudocolor_labelstudio_prep_20260722\frames\sar_pseudocolor\R02ZF\frame_000051_t001700ms.jpg,1024,592,-59.92829848430174,59.833559435023005,31,1722,NOMINAL_INDEX_FPS_ZERO_OFFSET_UNVERIFIED,511.74532586922845,590.7763512520755,591.3403167097985,20.0
R02ZF_SARF000052,R02ZF,52,1733,C:\research_raw\optical_sar_data\20260721data\derived_frames\pseudocolor_labelstudio_prep_20260722\frames\sar_pseudocolor\R02ZF\frame_000052_t001733ms.jpg,1024,592,-59.92829848430174,59.833559435023005,31,1722,NOMINAL_INDEX_FPS_ZERO_OFFSET_UNVERIFIED,511.74532586922845,590.7763512520755,591.3403167097985,20.0
R02ZF_SARF000053,R02ZF,53,1767,C:\research_raw\optical_sar_data\20260721data\derived_frames\pseudocolor_labelstudio_prep_20260722\frames\sar_pseudocolor\R02ZF\frame_000053_t001767ms.jpg,1024,592,-59.92829848430174,59.833559435023005,32,1778,NOMINAL_INDEX_FPS_ZERO_OFFSET_UNVERIFIED,511.74532586922845,590.7763512520755,591.3403167097985,20.0
R02ZF_SARF000054,R02ZF,54,1800,C:\research_raw\optical_sar_data\20260721data\derived_frames\pseudocolor_labelstudio_prep_20260722\frames\sar_pseudocolor\R02ZF\frame_000054_t001800ms.jpg,1024,592,-59.92829848430174,59.833559435023005,32,1778,NOMINAL_INDEX_FPS_ZERO_OFFSET_UNVERIFIED,511.74532586922845,590.7763512520755,591.3403167097985,20.0
R02ZF_SARF000055,R02ZF,55,1833,C:\research_raw\optical_sar_data\20260721data\derived_frames\pseudocolor_labelstudio_prep_20260722\frames\sar_pseudocolor\R02ZF\frame_000055_t001833ms.jpg,1024,592,-59.92829848430174,59.833559435023005,33,1833,NOMINAL_INDEX_FPS_ZERO_OFFSET_UNVERIFIED,511.74532586922845,590.7763512520755,591.3403167097985,20.0
R02ZF_SARF000056,R02ZF,56,1867,C:\research_raw\optical_sar_data\20260721data\derived_frames\pseudocolor_labelstudio_prep_20260722\frames\sar_pseudocolor\R02ZF\frame_000056_t001867ms.jpg,1024,592,-59.92829848430174,59.833559435023005,34,1889,NOMINAL_INDEX_FPS_ZERO_OFFSET_UNVERIFIED,511.74532586922845,590.7763512520755,591.3403167097985,20.0
R02ZF_SARF000057,R02ZF,57,1900,C:\research_raw\optical_sar_data\20260721data\derived_frames\pseudocolor_labelstudio_prep_20260722\frames\sar_pseudocolor\R02ZF\frame_000057_t001900ms.jpg,1024,592,-59.92829848430174,59.833559435023005,34,1889,NOMINAL_INDEX_FPS_ZERO_OFFSET_UNVERIFIED,511.74532586922845,590.7763512520755,591.3403167097985,20.0
R02ZF_SARF000058,R02ZF,58,1933,C:\research_raw\optical_sar_data\20260721data\derived_frames\pseudocolor_labelstudio_prep_20260722\frames\sar_pseudocolor\R02ZF\frame_000058_t001933ms.jpg,1024,592,-59.92829848430174,59.833559435023005,35,1944,NOMINAL_INDEX_FPS_ZERO_OFFSET_UNVERIFIED,511.74532586922845,590.7763512520755,591.3403167097985,20.0
R02ZF_SARF000059,R02ZF,59,1967,C:\research_raw\optical_sar_data\20260721data\derived_frames\pseudocolor_labelstudio_prep_20260722\frames\sar_pseudocolor\R02ZF\frame_000059_t001967ms.jpg,1024,592,-59.92829848430174,59.833559435023005,35,1944,NOMINAL_INDEX_FPS_ZERO_OFFSET_UNVERIFIED,511.74532586922845,590.7763512520755,591.3403167097985,20.0
R02ZF_SARF000060,R02ZF,60,2000,C:\research_raw\optical_sar_data\20260721data\derived_frames\pseudocolor_labelstudio_prep_20260722\frames\sar_pseudocolor\R02ZF\frame_000060_t002000ms.jpg,1024,592,-59.92829848430174,59.833559435023005,36,2000,NOMINAL_INDEX_FPS_ZERO_OFFSET_UNVERIFIED,511.74532586922845,590.7763512520755,591.3403167097985,20.0
R02ZF_SARF000061,R02ZF,61,2033,C:\research_raw\optical_sar_data\20260721data\derived_frames\pseudocolor_labelstudio_prep_20260722\frames\sar_pseudocolor\R02ZF\frame_000061_t002033ms.jpg,1024,592,-59.92829848430174,59.833559435023005,37,2056,NOMINAL_INDEX_FPS_ZERO_OFFSET_UNVERIFIED,511.74532586922845,590.7763512520755,591.3403167097985,20.0
R02ZF_SARF000062,R02ZF,62,2067,C:\research_raw\optical_sar_data\20260721data\derived_frames\pseudocolor_labelstudio_prep_20260722\frames\sar_pseudocolor\R02ZF\frame_000062_t002067ms.jpg,1024,592,-59.92829848430174,59.833559435023005,37,2056,NOMINAL_INDEX_FPS_ZERO_OFFSET_UNVERIFIED,511.74532586922845,590.7763512520755,591.3403167097985,20.0
R02ZF_SARF000063,R02ZF,63,2100,C:\research_raw\optical_sar_data\20260721data\derived_frames\pseudocolor_labelstudio_prep_20260722\frames\sar_pseudocolor\R02ZF\frame_000063_t002100ms.jpg,1024,592,-59.92829848430174,59.833559435023005,38,2111,NOMINAL_INDEX_FPS_ZERO_OFFSET_UNVERIFIED,511.74532586922845,590.7763512520755,591.3403167097985,20.0
R02ZF_SARF000064,R02ZF,64,2133,C:\research_raw\optical_sar_data\20260721data\derived_frames\pseudocolor_labelstudio_prep_20260722\frames\sar_pseudocolor\R02ZF\frame_000064_t002133ms.jpg,1024,592,-59.92829848430174,59.833559435023005,38,2111,NOMINAL_INDEX_FPS_ZERO_OFFSET_UNVERIFIED,511.74532586922845,590.7763512520755,591.3403167097985,20.0
R02ZF_SARF000065,R02ZF,65,2167,C:\research_raw\optical_sar_data\20260721data\derived_frames\pseudocolor_labelstudio_prep_20260722\frames\sar_pseudocolor\R02ZF\frame_000065_t002167ms.jpg,1024,592,-59.92829848430174,59.833559435023005,39,2167,NOMINAL_INDEX_FPS_ZERO_OFFSET_UNVERIFIED,511.74532586922845,590.7763512520755,591.3403167097985,20.0
R02ZF_SARF000066,R02ZF,66,2200,C:\research_raw\optical_sar_data\20260721data\derived_frames\pseudocolor_labelstudio_prep_20260722\frames\sar_pseudocolor\R02ZF\frame_000066_t002200ms.jpg,1024,592,-59.92829848430174,59.833559435023005,40,2222,NOMINAL_INDEX_FPS_ZERO_OFFSET_UNVERIFIED,511.74532586922845,590.7763512520755,591.3403167097985,20.0
R02ZF_SARF000067,R02ZF,67,2233,C:\research_raw\optical_sar_data\20260721data\derived_frames\pseudocolor_labelstudio_prep_20260722\frames\sar_pseudocolor\R02ZF\frame_000067_t002233ms.jpg,1024,592,-59.92829848430174,59.833559435023005,40,2222,NOMINAL_INDEX_FPS_ZERO_OFFSET_UNVERIFIED,511.74532586922845,590.7763512520755,591.3403167097985,20.0
R02ZF_SARF000068,R02ZF,68,2267,C:\research_raw\optical_sar_data\20260721data\derived_frames\pseudocolor_labelstudio_prep_20260722\frames\sar_pseudocolor\R02ZF\frame_000068_t002267ms.jpg,1024,592,-59.92829848430174,59.833559435023005,41,2278,NOMINAL_INDEX_FPS_ZERO_OFFSET_UNVERIFIED,511.74532586922845,590.7763512520755,591.3403167097985,20.0
R02ZF_SARF000069,R02ZF,69,2300,C:\research_raw\optical_sar_data\20260721data\derived_frames\pseudocolor_labelstudio_prep_20260722\frames\sar_pseudocolor\R02ZF\frame_000069_t002300ms.jpg,1024,592,-59.92829848430174,59.833559435023005,41,2278,NOMINAL_INDEX_FPS_ZERO_OFFSET_UNVERIFIED,511.74532586922845,590.7763512520755,591.3403167097985,20.0
R02ZF_SARF000070,R02ZF,70,2333,C:\research_raw\optical_sar_data\20260721data\derived_frames\pseudocolor_labelstudio_prep_20260722\frames\sar_pseudocolor\R02ZF\frame_000070_t002333ms.jpg,1024,592,-59.92829848430174,59.833559435023005,42,2333,NOMINAL_INDEX_FPS_ZERO_OFFSET_UNVERIFIED,511.74532586922845,590.7763512520755,591.3403167097985,20.0
R02ZF_SARF000071,R02ZF,71,2367,C:\research_raw\optical_sar_data\20260721data\derived_frames\pseudocolor_labelstudio_prep_20260722\frames\sar_pseudocolor\R02ZF\frame_000071_t002367ms.jpg,1024,592,-59.92829848430174,59.833559435023005,43,2389,NOMINAL_INDEX_FPS_ZERO_OFFSET_UNVERIFIED,511.74532586922845,590.7763512520755,591.3403167097985,20.0
R02ZF_SARF000072,R02ZF,72,2400,C:\research_raw\optical_sar_data\20260721data\derived_frames\pseudocolor_labelstudio_prep_20260722\frames\sar_pseudocolor\R02ZF\frame_000072_t002400ms.jpg,1024,592,-59.92829848430174,59.833559435023005,43,2389,NOMINAL_INDEX_FPS_ZERO_OFFSET_UNVERIFIED,511.74532586922845,590.7763512520755,591.3403167097985,20.0
R02ZF_SARF000073,R02ZF,73,2433,C:\research_raw\optical_sar_data\20260721data\derived_frames\pseudocolor_labelstudio_prep_20260722\frames\sar_pseudocolor\R02ZF\frame_000073_t002433ms.jpg,1024,592,-59.92829848430174,59.833559435023005,44,2444,NOMINAL_INDEX_FPS_ZERO_OFFSET_UNVERIFIED,511.74532586922845,590.7763512520755,591.3403167097985,20.0
R02ZF_SARF000074,R02ZF,74,2467,C:\research_raw\optical_sar_data\20260721data\derived_frames\pseudocolor_labelstudio_prep_20260722\frames\sar_pseudocolor\R02ZF\frame_000074_t002467ms.jpg,1024,592,-59.92829848430174,59.833559435023005,44,2444,NOMINAL_INDEX_FPS_ZERO_OFFSET_UNVERIFIED,511.74532586922845,590.7763512520755,591.3403167097985,20.0
R02ZF_SARF000075,R02ZF,75,2500,C:\research_raw\optical_sar_data\20260721data\derived_frames\pseudocolor_labelstudio_prep_20260722\frames\sar_pseudocolor\R02ZF\frame_000075_t002500ms.jpg,1024,592,-59.92829848430174,59.833559435023005,45,2500,NOMINAL_INDEX_FPS_ZERO_OFFSET_UNVERIFIED,511.74532586922845,590.7763512520755,591.3403167097985,20.0
R02ZF_SARF000076,R02ZF,76,2533,C:\research_raw\optical_sar_data\20260721data\derived_frames\pseudocolor_labelstudio_prep_20260722\frames\sar_pseudocolor\R02ZF\frame_000076_t002533ms.jpg,1024,592,-59.92829848430174,59.833559435023005,46,2556,NOMINAL_INDEX_FPS_ZERO_OFFSET_UNVERIFIED,511.74532586922845,590.7763512520755,591.3403167097985,20.0
R02ZF_SARF000077,R02ZF,77,2567,C:\research_raw\optical_sar_data\20260721data\derived_frames\pseudocolor_labelstudio_prep_20260722\frames\sar_pseudocolor\R02ZF\frame_000077_t002567ms.jpg,1024,592,-59.92829848430174,59.833559435023005,46,2556,NOMINAL_INDEX_FPS_ZERO_OFFSET_UNVERIFIED,511.74532586922845,590.7763512520755,591.3403167097985,20.0
R02ZF_SARF000078,R02ZF,78,2600,C:\research_raw\optical_sar_data\20260721data\derived_frames\pseudocolor_labelstudio_prep_20260722\frames\sar_pseudocolor\R02ZF\frame_000078_t002600ms.jpg,1024,592,-59.92829848430174,59.833559435023005,47,2611,NOMINAL_INDEX_FPS_ZERO_OFFSET_UNVERIFIED,511.74532586922845,590.7763512520755,591.3403167097985,20.0
R02ZF_SARF000079,R02ZF,79,2633,C:\research_raw\optical_sar_data\20260721data\derived_frames\pseudocolor_labelstudio_prep_20260722\frames\sar_pseudocolor\R02ZF\frame_000079_t002633ms.jpg,1024,592,-59.92829848430174,59.833559435023005,47,2611,NOMINAL_INDEX_FPS_ZERO_OFFSET_UNVERIFIED,511.74532586922845,590.7763512520755,591.3403167097985,20.0
R02ZF_SARF000080,R02ZF,80,2667,C:\research_raw\optical_sar_data\20260721data\derived_frames\pseudocolor_labelstudio_prep_20260722\frames\sar_pseudocolor\R02ZF\frame_000080_t002667ms.jpg,1024,592,-59.92829848430174,59.833559435023005,48,2667,NOMINAL_INDEX_FPS_ZERO_OFFSET_UNVERIFIED,511.74532586922845,590.7763512520755,591.3403167097985,20.0
R02ZF_SARF000081,R02ZF,81,2700,C:\research_raw\optical_sar_data\20260721data\derived_frames\pseudocolor_labelstudio_prep_20260722\frames\sar_pseudocolor\R02ZF\frame_000081_t002700ms.jpg,1024,592,-59.92829848430174,59.833559435023005,49,2722,NOMINAL_INDEX_FPS_ZERO_OFFSET_UNVERIFIED,511.74532586922845,590.7763512520755,591.3403167097985,20.0
R02ZF_SARF000082,R02ZF,82,2733,C:\research_raw\optical_sar_data\20260721data\derived_frames\pseudocolor_labelstudio_prep_20260722\frames\sar_pseudocolor\R02ZF\frame_000082_t002733ms.jpg,1024,592,-59.92829848430174,59.833559435023005,49,2722,NOMINAL_INDEX_FPS_ZERO_OFFSET_UNVERIFIED,511.74532586922845,590.7763512520755,591.3403167097985,20.0
R02ZF_SARF000083,R02ZF,83,2767,C:\research_raw\optical_sar_data\20260721data\derived_frames\pseudocolor_labelstudio_prep_20260722\frames\sar_pseudocolor\R02ZF\frame_000083_t002767ms.jpg,1024,592,-59.92829848430174,59.833559435023005,50,2778,NOMINAL_INDEX_FPS_ZERO_OFFSET_UNVERIFIED,511.74532586922845,590.7763512520755,591.3403167097985,20.0
R02ZF_SARF000084,R02ZF,84,2800,C:\research_raw\optical_sar_data\20260721data\derived_frames\pseudocolor_labelstudio_prep_20260722\frames\sar_pseudocolor\R02ZF\frame_000084_t002800ms.jpg,1024,592,-59.92829848430174,59.833559435023005,50,2778,NOMINAL_INDEX_FPS_ZERO_OFFSET_UNVERIFIED,511.74532586922845,590.7763512520755,591.3403167097985,20.0
R02ZF_SARF000085,R02ZF,85,2833,C:\research_raw\optical_sar_data\20260721data\derived_frames\pseudocolor_labelstudio_prep_20260722\frames\sar_pseudocolor\R02ZF\frame_000085_t002833ms.jpg,1024,592,-59.92829848430174,59.833559435023005,51,2833,NOMINAL_INDEX_FPS_ZERO_OFFSET_UNVERIFIED,511.74532586922845,590.7763512520755,591.3403167097985,20.0
R02ZF_SARF000086,R02ZF,86,2867,C:\research_raw\optical_sar_data\20260721data\derived_frames\pseudocolor_labelstudio_prep_20260722\frames\sar_pseudocolor\R02ZF\frame_000086_t002867ms.jpg,1024,592,-59.92829848430174,59.833559435023005,52,2889,NOMINAL_INDEX_FPS_ZERO_OFFSET_UNVERIFIED,511.74532586922845,590.7763512520755,591.3403167097985,20.0
R02ZF_SARF000087,R02ZF,87,2900,C:\research_raw\optical_sar_data\20260721data\derived_frames\pseudocolor_labelstudio_prep_20260722\frames\sar_pseudocolor\R02ZF\frame_000087_t002900ms.jpg,1024,592,-59.92829848430174,59.833559435023005,52,2889,NOMINAL_INDEX_FPS_ZERO_OFFSET_UNVERIFIED,511.74532586922845,590.7763512520755,591.3403167097985,20.0
R02ZF_SARF000088,R02ZF,88,2933,C:\research_raw\optical_sar_data\20260721data\derived_frames\pseudocolor_labelstudio_prep_20260722\frames\sar_pseudocolor\R02ZF\frame_000088_t002933ms.jpg,1024,592,-59.92829848430174,59.833559435023005,53,2944,NOMINAL_INDEX_FPS_ZERO_OFFSET_UNVERIFIED,511.74532586922845,590.7763512520755,591.3403167097985,20.0
R02ZF_SARF000089,R02ZF,89,2967,C:\research_raw\optical_sar_data\20260721data\derived_frames\pseudocolor_labelstudio_prep_20260722\frames\sar_pseudocolor\R02ZF\frame_000089_t002967ms.jpg,1024,592,-59.92829848430174,59.833559435023005,53,2944,NOMINAL_INDEX_FPS_ZERO_OFFSET_UNVERIFIED,511.74532586922845,590.7763512520755,591.3403167097985,20.0
R02ZF_SARF000090,R02ZF,90,3000,C:\research_raw\optical_sar_data\20260721data\derived_frames\pseudocolor_labelstudio_prep_20260722\frames\sar_pseudocolor\R02ZF\frame_000090_t003000ms.jpg,1024,592,-59.92829848430174,59.833559435023005,54,3000,NOMINAL_INDEX_FPS_ZERO_OFFSET_UNVERIFIED,511.74532586922845,590.7763512520755,591.3403167097985,20.0
R02ZF_SARF000091,R02ZF,91,3033,C:\research_raw\optical_sar_data\20260721data\derived_frames\pseudocolor_labelstudio_prep_20260722\frames\sar_pseudocolor\R02ZF\frame_000091_t003033ms.jpg,1024,592,-59.92829848430174,59.833559435023005,55,3056,NOMINAL_INDEX_FPS_ZERO_OFFSET_UNVERIFIED,511.74532586922845,590.7763512520755,591.3403167097985,20.0
R02ZF_SARF000092,R02ZF,92,3067,C:\research_raw\optical_sar_data\20260721data\derived_frames\pseudocolor_labelstudio_prep_20260722\frames\sar_pseudocolor\R02ZF\frame_000092_t003067ms.jpg,1024,592,-59.92829848430174,59.833559435023005,55,3056,NOMINAL_INDEX_FPS_ZERO_OFFSET_UNVERIFIED,511.74532586922845,590.7763512520755,591.3403167097985,20.0
R02ZF_SARF000093,R02ZF,93,3100,C:\research_raw\optical_sar_data\20260721data\derived_frames\pseudocolor_labelstudio_prep_20260722\frames\sar_pseudocolor\R02ZF\frame_000093_t003100ms.jpg,1024,592,-59.92829848430174,59.833559435023005,56,3111,NOMINAL_INDEX_FPS_ZERO_OFFSET_UNVERIFIED,511.74532586922845,590.7763512520755,591.3403167097985,20.0
R02ZF_SARF000094,R02ZF,94,3133,C:\research_raw\optical_sar_data\20260721data\derived_frames\pseudocolor_labelstudio_prep_20260722\frames\sar_pseudocolor\R02ZF\frame_000094_t003133ms.jpg,1024,592,-59.92829848430174,59.833559435023005,56,3111,NOMINAL_INDEX_FPS_ZERO_OFFSET_UNVERIFIED,511.74532586922845,590.7763512520755,591.3403167097985,20.0
R02ZF_SARF000095,R02ZF,95,3167,C:\research_raw\optical_sar_data\20260721data\derived_frames\pseudocolor_labelstudio_prep_20260722\frames\sar_pseudocolor\R02ZF\frame_000095_t003167ms.jpg,1024,592,-59.92829848430174,59.833559435023005,57,3167,NOMINAL_INDEX_FPS_ZERO_OFFSET_UNVERIFIED,511.74532586922845,590.7763512520755,591.3403167097985,20.0
R02ZF_SARF000096,R02ZF,96,3200,C:\research_raw\optical_sar_data\20260721data\derived_frames\pseudocolor_labelstudio_prep_20260722\frames\sar_pseudocolor\R02ZF\frame_000096_t003200ms.jpg,1024,592,-59.92829848430174,59.833559435023005,58,3222,NOMINAL_INDEX_FPS_ZERO_OFFSET_UNVERIFIED,511.74532586922845,590.7763512520755,591.3403167097985,20.0
R02ZF_SARF000097,R02ZF,97,3233,C:\research_raw\optical_sar_data\20260721data\derived_frames\pseudocolor_labelstudio_prep_20260722\frames\sar_pseudocolor\R02ZF\frame_000097_t003233ms.jpg,1024,592,-59.92829848430174,59.833559435023005,58,3222,NOMINAL_INDEX_FPS_ZERO_OFFSET_UNVERIFIED,511.74532586922845,590.7763512520755,591.3403167097985,20.0
R02ZF_SARF000098,R02ZF,98,3267,C:\research_raw\optical_sar_data\20260721data\derived_frames\pseudocolor_labelstudio_prep_20260722\frames\sar_pseudocolor\R02ZF\frame_000098_t003267ms.jpg,1024,592,-59.92829848430174,59.833559435023005,59,3278,NOMINAL_INDEX_FPS_ZERO_OFFSET_UNVERIFIED,511.74532586922845,590.7763512520755,591.3403167097985,20.0
R02ZF_SARF000099,R02ZF,99,3300,C:\research_raw\optical_sar_data\20260721data\derived_frames\pseudocolor_labelstudio_prep_20260722\frames\sar_pseudocolor\R02ZF\frame_000099_t003300ms.jpg,1024,592,-59.92829848430174,59.833559435023005,59,3278,NOMINAL_INDEX_FPS_ZERO_OFFSET_UNVERIFIED,511.74532586922845,590.7763512520755,591.3403167097985,20.0
R02ZF_SARF000100,R02ZF,100,3333,C:\research_raw\optical_sar_data\20260721data\derived_frames\pseudocolor_labelstudio_prep_20260722\frames\sar_pseudocolor\R02ZF\frame_000100_t003333ms.jpg,1024,592,-59.92829848430174,59.833559435023005,60,3333,NOMINAL_INDEX_FPS_ZERO_OFFSET_UNVERIFIED,511.74532586922845,590.7763512520755,591.3403167097985,20.0
R02ZF_SARF000101,R02ZF,101,3367,C:\research_raw\optical_sar_data\20260721data\derived_frames\pseudocolor_labelstudio_prep_20260722\frames\sar_pseudocolor\R02ZF\frame_000101_t003367ms.jpg,1024,592,-59.92829848430174,59.833559435023005,61,3389,NOMINAL_INDEX_FPS_ZERO_OFFSET_UNVERIFIED,511.74532586922845,590.7763512520755,591.3403167097985,20.0
R02ZF_SARF000102,R02ZF,102,3400,C:\research_raw\optical_sar_data\20260721data\derived_frames\pseudocolor_labelstudio_prep_20260722\frames\sar_pseudocolor\R02ZF\frame_000102_t003400ms.jpg,1024,592,-59.92829848430174,59.833559435023005,61,3389,NOMINAL_INDEX_FPS_ZERO_OFFSET_UNVERIFIED,511.74532586922845,590.7763512520755,591.3403167097985,20.0
R02ZF_SARF000103,R02ZF,103,3433,C:\research_raw\optical_sar_data\20260721data\derived_frames\pseudocolor_labelstudio_prep_20260722\frames\sar_pseudocolor\R02ZF\frame_000103_t003433ms.jpg,1024,592,-59.92829848430174,59.833559435023005,62,3444,NOMINAL_INDEX_FPS_ZERO_OFFSET_UNVERIFIED,511.74532586922845,590.7763512520755,591.3403167097985,20.0
R02ZF_SARF000104,R02ZF,104,3467,C:\research_raw\optical_sar_data\20260721data\derived_frames\pseudocolor_labelstudio_prep_20260722\frames\sar_pseudocolor\R02ZF\frame_000104_t003467ms.jpg,1024,592,-59.92829848430174,59.833559435023005,62,3444,NOMINAL_INDEX_FPS_ZERO_OFFSET_UNVERIFIED,511.74532586922845,590.7763512520755,591.3403167097985,20.0
R02ZF_SARF000105,R02ZF,105,3500,C:\research_raw\optical_sar_data\20260721data\derived_frames\pseudocolor_labelstudio_prep_20260722\frames\sar_pseudocolor\R02ZF\frame_000105_t003500ms.jpg,1024,592,-59.92829848430174,59.833559435023005,63,3500,NOMINAL_INDEX_FPS_ZERO_OFFSET_UNVERIFIED,511.74532586922845,590.7763512520755,591.3403167097985,20.0
R02ZF_SARF000106,R02ZF,106,3533,C:\research_raw\optical_sar_data\20260721data\derived_frames\pseudocolor_labelstudio_prep_20260722\frames\sar_pseudocolor\R02ZF\frame_000106_t003533ms.jpg,1024,592,-59.92829848430174,59.833559435023005,64,3556,NOMINAL_INDEX_FPS_ZERO_OFFSET_UNVERIFIED,511.74532586922845,590.7763512520755,591.3403167097985,20.0
R02ZF_SARF000107,R02ZF,107,3567,C:\research_raw\optical_sar_data\20260721data\derived_frames\pseudocolor_labelstudio_prep_20260722\frames\sar_pseudocolor\R02ZF\frame_000107_t003567ms.jpg,1024,592,-59.92829848430174,59.833559435023005,64,3556,NOMINAL_INDEX_FPS_ZERO_OFFSET_UNVERIFIED,511.74532586922845,590.7763512520755,591.3403167097985,20.0
R02ZF_SARF000108,R02ZF,108,3600,C:\research_raw\optical_sar_data\20260721data\derived_frames\pseudocolor_labelstudio_prep_20260722\frames\sar_pseudocolor\R02ZF\frame_000108_t003600ms.jpg,1024,592,-59.92829848430174,59.833559435023005,65,3611,NOMINAL_INDEX_FPS_ZERO_OFFSET_UNVERIFIED,511.74532586922845,590.7763512520755,591.3403167097985,20.0
R02ZF_SARF000109,R02ZF,109,3633,C:\research_raw\optical_sar_data\20260721data\derived_frames\pseudocolor_labelstudio_prep_20260722\frames\sar_pseudocolor\R02ZF\frame_000109_t003633ms.jpg,1024,592,-59.92829848430174,59.833559435023005,65,3611,NOMINAL_INDEX_FPS_ZERO_OFFSET_UNVERIFIED,511.74532586922845,590.7763512520755,591.3403167097985,20.0
R02ZF_SARF000110,R02ZF,110,3667,C:\research_raw\optical_sar_data\20260721data\derived_frames\pseudocolor_labelstudio_prep_20260722\frames\sar_pseudocolor\R02ZF\frame_000110_t003667ms.jpg,1024,592,-59.92829848430174,59.833559435023005,66,3667,NOMINAL_INDEX_FPS_ZERO_OFFSET_UNVERIFIED,511.74532586922845,590.7763512520755,591.3403167097985,20.0
R02ZF_SARF000111,R02ZF,111,3700,C:\research_raw\optical_sar_data\20260721data\derived_frames\pseudocolor_labelstudio_prep_20260722\frames\sar_pseudocolor\R02ZF\frame_000111_t003700ms.jpg,1024,592,-59.92829848430174,59.833559435023005,67,3722,NOMINAL_INDEX_FPS_ZERO_OFFSET_UNVERIFIED,511.74532586922845,590.7763512520755,591.3403167097985,20.0
R02ZF_SARF000112,R02ZF,112,3733,C:\research_raw\optical_sar_data\20260721data\derived_frames\pseudocolor_labelstudio_prep_20260722\frames\sar_pseudocolor\R02ZF\frame_000112_t003733ms.jpg,1024,592,-59.92829848430174,59.833559435023005,67,3722,NOMINAL_INDEX_FPS_ZERO_OFFSET_UNVERIFIED,511.74532586922845,590.7763512520755,591.3403167097985,20.0
R02ZF_SARF000113,R02ZF,113,3767,C:\research_raw\optical_sar_data\20260721data\derived_frames\pseudocolor_labelstudio_prep_20260722\frames\sar_pseudocolor\R02ZF\frame_000113_t003767ms.jpg,1024,592,-59.92829848430174,59.833559435023005,68,3778,NOMINAL_INDEX_FPS_ZERO_OFFSET_UNVERIFIED,511.74532586922845,590.7763512520755,591.3403167097985,20.0
R02ZF_SARF000114,R02ZF,114,3800,C:\research_raw\optical_sar_data\20260721data\derived_frames\pseudocolor_labelstudio_prep_20260722\frames\sar_pseudocolor\R02ZF\frame_000114_t003800ms.jpg,1024,592,-59.92829848430174,59.833559435023005,68,3778,NOMINAL_INDEX_FPS_ZERO_OFFSET_UNVERIFIED,511.74532586922845,590.7763512520755,591.3403167097985,20.0
R02ZF_SARF000115,R02ZF,115,3833,C:\research_raw\optical_sar_data\20260721data\derived_frames\pseudocolor_labelstudio_prep_20260722\frames\sar_pseudocolor\R02ZF\frame_000115_t003833ms.jpg,1024,592,-59.92829848430174,59.833559435023005,69,3833,NOMINAL_INDEX_FPS_ZERO_OFFSET_UNVERIFIED,511.74532586922845,590.7763512520755,591.3403167097985,20.0
R02ZF_SARF000116,R02ZF,116,3867,C:\research_raw\optical_sar_data\20260721data\derived_frames\pseudocolor_labelstudio_prep_20260722\frames\sar_pseudocolor\R02ZF\frame_000116_t003867ms.jpg,1024,592,-59.92829848430174,59.833559435023005,70,3889,NOMINAL_INDEX_FPS_ZERO_OFFSET_UNVERIFIED,511.74532586922845,590.7763512520755,591.3403167097985,20.0
R02ZF_SARF000117,R02ZF,117,3900,C:\research_raw\optical_sar_data\20260721data\derived_frames\pseudocolor_labelstudio_prep_20260722\frames\sar_pseudocolor\R02ZF\frame_000117_t003900ms.jpg,1024,592,-59.92829848430174,59.833559435023005,70,3889,NOMINAL_INDEX_FPS_ZERO_OFFSET_UNVERIFIED,511.74532586922845,590.7763512520755,591.3403167097985,20.0
R02ZF_SARF000118,R02ZF,118,3933,C:\research_raw\optical_sar_data\20260721data\derived_frames\pseudocolor_labelstudio_prep_20260722\frames\sar_pseudocolor\R02ZF\frame_000118_t003933ms.jpg,1024,592,-59.92829848430174,59.833559435023005,71,3944,NOMINAL_INDEX_FPS_ZERO_OFFSET_UNVERIFIED,511.74532586922845,590.7763512520755,591.3403167097985,20.0
R02ZF_SARF000119,R02ZF,119,3967,C:\research_raw\optical_sar_data\20260721data\derived_frames\pseudocolor_labelstudio_prep_20260722\frames\sar_pseudocolor\R02ZF\frame_000119_t003967ms.jpg,1024,592,-59.92829848430174,59.833559435023005,71,3944,NOMINAL_INDEX_FPS_ZERO_OFFSET_UNVERIFIED,511.74532586922845,590.7763512520755,591.3403167097985,20.0
R02ZF_SARF000120,R02ZF,120,4000,C:\research_raw\optical_sar_data\20260721data\derived_frames\pseudocolor_labelstudio_prep_20260722\frames\sar_pseudocolor\R02ZF\frame_000120_t004000ms.jpg,1024,592,-59.92829848430174,59.833559435023005,72,4000,NOMINAL_INDEX_FPS_ZERO_OFFSET_UNVERIFIED,511.74532586922845,590.7763512520755,591.3403167097985,20.0
R02ZF_SARF000121,R02ZF,121,4033,C:\research_raw\optical_sar_data\20260721data\derived_frames\pseudocolor_labelstudio_prep_20260722\frames\sar_pseudocolor\R02ZF\frame_000121_t004033ms.jpg,1024,592,-59.92829848430174,59.833559435023005,73,4056,NOMINAL_INDEX_FPS_ZERO_OFFSET_UNVERIFIED,511.74532586922845,590.7763512520755,591.3403167097985,20.0
R02ZF_SARF000122,R02ZF,122,4067,C:\research_raw\optical_sar_data\20260721data\derived_frames\pseudocolor_labelstudio_prep_20260722\frames\sar_pseudocolor\R02ZF\frame_000122_t004067ms.jpg,1024,592,-59.92829848430174,59.833559435023005,73,4056,NOMINAL_INDEX_FPS_ZERO_OFFSET_UNVERIFIED,511.74532586922845,590.7763512520755,591.3403167097985,20.0
R02ZF_SARF000123,R02ZF,123,4100,C:\research_raw\optical_sar_data\20260721data\derived_frames\pseudocolor_labelstudio_prep_20260722\frames\sar_pseudocolor\R02ZF\frame_000123_t004100ms.jpg,1024,592,-59.92829848430174,59.833559435023005,74,4111,NOMINAL_INDEX_FPS_ZERO_OFFSET_UNVERIFIED,511.74532586922845,590.7763512520755,591.3403167097985,20.0
R02ZF_SARF000124,R02ZF,124,4133,C:\research_raw\optical_sar_data\20260721data\derived_frames\pseudocolor_labelstudio_prep_20260722\frames\sar_pseudocolor\R02ZF\frame_000124_t004133ms.jpg,1024,592,-59.92829848430174,59.833559435023005,74,4111,NOMINAL_INDEX_FPS_ZERO_OFFSET_UNVERIFIED,511.74532586922845,590.7763512520755,591.3403167097985,20.0
R02ZF_SARF000125,R02ZF,125,4167,C:\research_raw\optical_sar_data\20260721data\derived_frames\pseudocolor_labelstudio_prep_20260722\frames\sar_pseudocolor\R02ZF\frame_000125_t004167ms.jpg,1024,592,-59.92829848430174,59.833559435023005,75,4167,NOMINAL_INDEX_FPS_ZERO_OFFSET_UNVERIFIED,511.74532586922845,590.7763512520755,591.3403167097985,20.0
R02ZF_SARF000126,R02ZF,126,4200,C:\research_raw\optical_sar_data\20260721data\derived_frames\pseudocolor_labelstudio_prep_20260722\frames\sar_pseudocolor\R02ZF\frame_000126_t004200ms.jpg,1024,592,-59.92829848430174,59.833559435023005,76,4222,NOMINAL_INDEX_FPS_ZERO_OFFSET_UNVERIFIED,511.74532586922845,590.7763512520755,591.3403167097985,20.0
R02ZF_SARF000127,R02ZF,127,4233,C:\research_raw\optical_sar_data\20260721data\derived_frames\pseudocolor_labelstudio_prep_20260722\frames\sar_pseudocolor\R02ZF\frame_000127_t004233ms.jpg,1024,592,-59.92829848430174,59.833559435023005,76,4222,NOMINAL_INDEX_FPS_ZERO_OFFSET_UNVERIFIED,511.74532586922845,590.7763512520755,591.3403167097985,20.0
R02ZF_SARF000128,R02ZF,128,4267,C:\research_raw\optical_sar_data\20260721data\derived_frames\pseudocolor_labelstudio_prep_20260722\frames\sar_pseudocolor\R02ZF\frame_000128_t004267ms.jpg,1024,592,-59.92829848430174,59.833559435023005,77,4278,NOMINAL_INDEX_FPS_ZERO_OFFSET_UNVERIFIED,511.74532586922845,590.7763512520755,591.3403167097985,20.0
R02ZF_SARF000129,R02ZF,129,4300,C:\research_raw\optical_sar_data\20260721data\derived_frames\pseudocolor_labelstudio_prep_20260722\frames\sar_pseudocolor\R02ZF\frame_000129_t004300ms.jpg,1024,592,-59.92829848430174,59.833559435023005,77,4278,NOMINAL_INDEX_FPS_ZERO_OFFSET_UNVERIFIED,511.74532586922845,590.7763512520755,591.3403167097985,20.0
R02ZF_SARF000130,R02ZF,130,4333,C:\research_raw\optical_sar_data\20260721data\derived_frames\pseudocolor_labelstudio_prep_20260722\frames\sar_pseudocolor\R02ZF\frame_000130_t004333ms.jpg,1024,592,-59.92829848430174,59.833559435023005,78,4333,NOMINAL_INDEX_FPS_ZERO_OFFSET_UNVERIFIED,511.74532586922845,590.7763512520755,591.3403167097985,20.0
R02ZF_SARF000131,R02ZF,131,4367,C:\research_raw\optical_sar_data\20260721data\derived_frames\pseudocolor_labelstudio_prep_20260722\frames\sar_pseudocolor\R02ZF\frame_000131_t004367ms.jpg,1024,592,-59.92829848430174,59.833559435023005,79,4389,NOMINAL_INDEX_FPS_ZERO_OFFSET_UNVERIFIED,511.74532586922845,590.7763512520755,591.3403167097985,20.0
R02ZF_SARF000132,R02ZF,132,4400,C:\research_raw\optical_sar_data\20260721data\derived_frames\pseudocolor_labelstudio_prep_20260722\frames\sar_pseudocolor\R02ZF\frame_000132_t004400ms.jpg,1024,592,-59.92829848430174,59.833559435023005,79,4389,NOMINAL_INDEX_FPS_ZERO_OFFSET_UNVERIFIED,511.74532586922845,590.7763512520755,591.3403167097985,20.0
R02ZF_SARF000133,R02ZF,133,4433,C:\research_raw\optical_sar_data\20260721data\derived_frames\pseudocolor_labelstudio_prep_20260722\frames\sar_pseudocolor\R02ZF\frame_000133_t004433ms.jpg,1024,592,-59.92829848430174,59.833559435023005,80,4444,NOMINAL_INDEX_FPS_ZERO_OFFSET_UNVERIFIED,511.74532586922845,590.7763512520755,591.3403167097985,20.0
R02ZF_SARF000134,R02ZF,134,4467,C:\research_raw\optical_sar_data\20260721data\derived_frames\pseudocolor_labelstudio_prep_20260722\frames\sar_pseudocolor\R02ZF\frame_000134_t004467ms.jpg,1024,592,-59.92829848430174,59.833559435023005,80,4444,NOMINAL_INDEX_FPS_ZERO_OFFSET_UNVERIFIED,511.74532586922845,590.7763512520755,591.3403167097985,20.0
R02ZF_SARF000135,R02ZF,135,4500,C:\research_raw\optical_sar_data\20260721data\derived_frames\pseudocolor_labelstudio_prep_20260722\frames\sar_pseudocolor\R02ZF\frame_000135_t004500ms.jpg,1024,592,-59.92829848430174,59.833559435023005,81,4500,NOMINAL_INDEX_FPS_ZERO_OFFSET_UNVERIFIED,511.74532586922845,590.7763512520755,591.3403167097985,20.0
R02ZF_SARF000136,R02ZF,136,4533,C:\research_raw\optical_sar_data\20260721data\derived_frames\pseudocolor_labelstudio_prep_20260722\frames\sar_pseudocolor\R02ZF\frame_000136_t004533ms.jpg,1024,592,-59.92829848430174,59.833559435023005,82,4556,NOMINAL_INDEX_FPS_ZERO_OFFSET_UNVERIFIED,511.74532586922845,590.7763512520755,591.3403167097985,20.0
R02ZF_SARF000137,R02ZF,137,4567,C:\research_raw\optical_sar_data\20260721data\derived_frames\pseudocolor_labelstudio_prep_20260722\frames\sar_pseudocolor\R02ZF\frame_000137_t004567ms.jpg,1024,592,-59.92829848430174,59.833559435023005,82,4556,NOMINAL_INDEX_FPS_ZERO_OFFSET_UNVERIFIED,511.74532586922845,590.7763512520755,591.3403167097985,20.0
R02ZF_SARF000138,R02ZF,138,4600,C:\research_raw\optical_sar_data\20260721data\derived_frames\pseudocolor_labelstudio_prep_20260722\frames\sar_pseudocolor\R02ZF\frame_000138_t004600ms.jpg,1024,592,-59.92829848430174,59.833559435023005,83,4611,NOMINAL_INDEX_FPS_ZERO_OFFSET_UNVERIFIED,511.74532586922845,590.7763512520755,591.3403167097985,20.0
R02ZF_SARF000139,R02ZF,139,4633,C:\research_raw\optical_sar_data\20260721data\derived_frames\pseudocolor_labelstudio_prep_20260722\frames\sar_pseudocolor\R02ZF\frame_000139_t004633ms.jpg,1024,592,-59.92829848430174,59.833559435023005,83,4611,NOMINAL_INDEX_FPS_ZERO_OFFSET_UNVERIFIED,511.74532586922845,590.7763512520755,591.3403167097985,20.0
R02ZF_SARF000140,R02ZF,140,4667,C:\research_raw\optical_sar_data\20260721data\derived_frames\pseudocolor_labelstudio_prep_20260722\frames\sar_pseudocolor\R02ZF\frame_000140_t004667ms.jpg,1024,592,-59.92829848430174,59.833559435023005,84,4667,NOMINAL_INDEX_FPS_ZERO_OFFSET_UNVERIFIED,511.74532586922845,590.7763512520755,591.3403167097985,20.0
R02ZF_SARF000141,R02ZF,141,4700,C:\research_raw\optical_sar_data\20260721data\derived_frames\pseudocolor_labelstudio_prep_20260722\frames\sar_pseudocolor\R02ZF\frame_000141_t004700ms.jpg,1024,592,-59.92829848430174,59.833559435023005,85,4722,NOMINAL_INDEX_FPS_ZERO_OFFSET_UNVERIFIED,511.74532586922845,590.7763512520755,591.3403167097985,20.0
R02ZF_SARF000142,R02ZF,142,4733,C:\research_raw\optical_sar_data\20260721data\derived_frames\pseudocolor_labelstudio_prep_20260722\frames\sar_pseudocolor\R02ZF\frame_000142_t004733ms.jpg,1024,592,-59.92829848430174,59.833559435023005,85,4722,NOMINAL_INDEX_FPS_ZERO_OFFSET_UNVERIFIED,511.74532586922845,590.7763512520755,591.3403167097985,20.0
R02ZF_SARF000143,R02ZF,143,4767,C:\research_raw\optical_sar_data\20260721data\derived_frames\pseudocolor_labelstudio_prep_20260722\frames\sar_pseudocolor\R02ZF\frame_000143_t004767ms.jpg,1024,592,-59.92829848430174,59.833559435023005,86,4778,NOMINAL_INDEX_FPS_ZERO_OFFSET_UNVERIFIED,511.74532586922845,590.7763512520755,591.3403167097985,20.0
R02ZF_SARF000144,R02ZF,144,4800,C:\research_raw\optical_sar_data\20260721data\derived_frames\pseudocolor_labelstudio_prep_20260722\frames\sar_pseudocolor\R02ZF\frame_000144_t004800ms.jpg,1024,592,-59.92829848430174,59.833559435023005,86,4778,NOMINAL_INDEX_FPS_ZERO_OFFSET_UNVERIFIED,511.74532586922845,590.7763512520755,591.3403167097985,20.0
R02ZF_SARF000145,R02ZF,145,4833,C:\research_raw\optical_sar_data\20260721data\derived_frames\pseudocolor_labelstudio_prep_20260722\frames\sar_pseudocolor\R02ZF\frame_000145_t004833ms.jpg,1024,592,-59.92829848430174,59.833559435023005,87,4833,NOMINAL_INDEX_FPS_ZERO_OFFSET_UNVERIFIED,511.74532586922845,590.7763512520755,591.3403167097985,20.0
R02ZF_SARF000146,R02ZF,146,4867,C:\research_raw\optical_sar_data\20260721data\derived_frames\pseudocolor_labelstudio_prep_20260722\frames\sar_pseudocolor\R02ZF\frame_000146_t004867ms.jpg,1024,592,-59.92829848430174,59.833559435023005,88,4889,NOMINAL_INDEX_FPS_ZERO_OFFSET_UNVERIFIED,511.74532586922845,590.7763512520755,591.3403167097985,20.0
R02ZF_SARF000147,R02ZF,147,4900,C:\research_raw\optical_sar_data\20260721data\derived_frames\pseudocolor_labelstudio_prep_20260722\frames\sar_pseudocolor\R02ZF\frame_000147_t004900ms.jpg,1024,592,-59.92829848430174,59.833559435023005,88,4889,NOMINAL_INDEX_FPS_ZERO_OFFSET_UNVERIFIED,511.74532586922845,590.7763512520755,591.3403167097985,20.0
R02ZF_SARF000148,R02ZF,148,4933,C:\research_raw\optical_sar_data\20260721data\derived_frames\pseudocolor_labelstudio_prep_20260722\frames\sar_pseudocolor\R02ZF\frame_000148_t004933ms.jpg,1024,592,-59.92829848430174,59.833559435023005,89,4944,NOMINAL_INDEX_FPS_ZERO_OFFSET_UNVERIFIED,511.74532586922845,590.7763512520755,591.3403167097985,20.0
R02ZF_SARF000149,R02ZF,149,4967,C:\research_raw\optical_sar_data\20260721data\derived_frames\pseudocolor_labelstudio_prep_20260722\frames\sar_pseudocolor\R02ZF\frame_000149_t004967ms.jpg,1024,592,-59.92829848430174,59.833559435023005,89,4944,NOMINAL_INDEX_FPS_ZERO_OFFSET_UNVERIFIED,511.74532586922845,590.7763512520755,591.3403167097985,20.0
R02ZF_SARF000150,R02ZF,150,5000,C:\research_raw\optical_sar_data\20260721data\derived_frames\pseudocolor_labelstudio_prep_20260722\frames\sar_pseudocolor\R02ZF\frame_000150_t005000ms.jpg,1024,592,-59.92829848430174,59.833559435023005,90,5000,NOMINAL_INDEX_FPS_ZERO_OFFSET_UNVERIFIED,511.74532586922845,590.7763512520755,591.3403167097985,20.0
R02ZF_SARF000151,R02ZF,151,5033,C:\research_raw\optical_sar_data\20260721data\derived_frames\pseudocolor_labelstudio_prep_20260722\frames\sar_pseudocolor\R02ZF\frame_000151_t005033ms.jpg,1024,592,-59.92829848430174,59.833559435023005,91,5056,NOMINAL_INDEX_FPS_ZERO_OFFSET_UNVERIFIED,511.74532586922845,590.7763512520755,591.3403167097985,20.0
R02ZF_SARF000152,R02ZF,152,5067,C:\research_raw\optical_sar_data\20260721data\derived_frames\pseudocolor_labelstudio_prep_20260722\frames\sar_pseudocolor\R02ZF\frame_000152_t005067ms.jpg,1024,592,-59.92829848430174,59.833559435023005,91,5056,NOMINAL_INDEX_FPS_ZERO_OFFSET_UNVERIFIED,511.74532586922845,590.7763512520755,591.3403167097985,20.0
R02ZF_SARF000153,R02ZF,153,5100,C:\research_raw\optical_sar_data\20260721data\derived_frames\pseudocolor_labelstudio_prep_20260722\frames\sar_pseudocolor\R02ZF\frame_000153_t005100ms.jpg,1024,592,-59.92829848430174,59.833559435023005,92,5111,NOMINAL_INDEX_FPS_ZERO_OFFSET_UNVERIFIED,511.74532586922845,590.7763512520755,591.3403167097985,20.0
R02ZF_SARF000154,R02ZF,154,5133,C:\research_raw\optical_sar_data\20260721data\derived_frames\pseudocolor_labelstudio_prep_20260722\frames\sar_pseudocolor\R02ZF\frame_000154_t005133ms.jpg,1024,592,-59.92829848430174,59.833559435023005,92,5111,NOMINAL_INDEX_FPS_ZERO_OFFSET_UNVERIFIED,511.74532586922845,590.7763512520755,591.3403167097985,20.0
R02ZF_SARF000155,R02ZF,155,5167,C:\research_raw\optical_sar_data\20260721data\derived_frames\pseudocolor_labelstudio_prep_20260722\frames\sar_pseudocolor\R02ZF\frame_000155_t005167ms.jpg,1024,592,-59.92829848430174,59.833559435023005,93,5167,NOMINAL_INDEX_FPS_ZERO_OFFSET_UNVERIFIED,511.74532586922845,590.7763512520755,591.3403167097985,20.0
R02ZF_SARF000156,R02ZF,156,5200,C:\research_raw\optical_sar_data\20260721data\derived_frames\pseudocolor_labelstudio_prep_20260722\frames\sar_pseudocolor\R02ZF\frame_000156_t005200ms.jpg,1024,592,-59.92829848430174,59.833559435023005,94,5222,NOMINAL_INDEX_FPS_ZERO_OFFSET_UNVERIFIED,511.74532586922845,590.7763512520755,591.3403167097985,20.0
R02ZF_SARF000157,R02ZF,157,5233,C:\research_raw\optical_sar_data\20260721data\derived_frames\pseudocolor_labelstudio_prep_20260722\frames\sar_pseudocolor\R02ZF\frame_000157_t005233ms.jpg,1024,592,-59.92829848430174,59.833559435023005,94,5222,NOMINAL_INDEX_FPS_ZERO_OFFSET_UNVERIFIED,511.74532586922845,590.7763512520755,591.3403167097985,20.0
R02ZF_SARF000158,R02ZF,158,5267,C:\research_raw\optical_sar_data\20260721data\derived_frames\pseudocolor_labelstudio_prep_20260722\frames\sar_pseudocolor\R02ZF\frame_000158_t005267ms.jpg,1024,592,-59.92829848430174,59.833559435023005,95,5278,NOMINAL_INDEX_FPS_ZERO_OFFSET_UNVERIFIED,511.74532586922845,590.7763512520755,591.3403167097985,20.0
R02ZF_SARF000159,R02ZF,159,5300,C:\research_raw\optical_sar_data\20260721data\derived_frames\pseudocolor_labelstudio_prep_20260722\frames\sar_pseudocolor\R02ZF\frame_000159_t005300ms.jpg,1024,592,-59.92829848430174,59.833559435023005,95,5278,NOMINAL_INDEX_FPS_ZERO_OFFSET_UNVERIFIED,511.74532586922845,590.7763512520755,591.3403167097985,20.0
R02ZF_SARF000160,R02ZF,160,5333,C:\research_raw\optical_sar_data\20260721data\derived_frames\pseudocolor_labelstudio_prep_20260722\frames\sar_pseudocolor\R02ZF\frame_000160_t005333ms.jpg,1024,592,-59.92829848430174,59.833559435023005,96,5333,NOMINAL_INDEX_FPS_ZERO_OFFSET_UNVERIFIED,511.74532586922845,590.7763512520755,591.3403167097985,20.0
R02ZF_SARF000161,R02ZF,161,5367,C:\research_raw\optical_sar_data\20260721data\derived_frames\pseudocolor_labelstudio_prep_20260722\frames\sar_pseudocolor\R02ZF\frame_000161_t005367ms.jpg,1024,592,-59.92829848430174,59.833559435023005,97,5389,NOMINAL_INDEX_FPS_ZERO_OFFSET_UNVERIFIED,511.74532586922845,590.7763512520755,591.3403167097985,20.0
R02ZF_SARF000162,R02ZF,162,5400,C:\research_raw\optical_sar_data\20260721data\derived_frames\pseudocolor_labelstudio_prep_20260722\frames\sar_pseudocolor\R02ZF\frame_000162_t005400ms.jpg,1024,592,-59.92829848430174,59.833559435023005,97,5389,NOMINAL_INDEX_FPS_ZERO_OFFSET_UNVERIFIED,511.74532586922845,590.7763512520755,591.3403167097985,20.0
R02ZF_SARF000163,R02ZF,163,5433,C:\research_raw\optical_sar_data\20260721data\derived_frames\pseudocolor_labelstudio_prep_20260722\frames\sar_pseudocolor\R02ZF\frame_000163_t005433ms.jpg,1024,592,-59.92829848430174,59.833559435023005,98,5444,NOMINAL_INDEX_FPS_ZERO_OFFSET_UNVERIFIED,511.74532586922845,590.7763512520755,591.3403167097985,20.0
R02ZF_SARF000164,R02ZF,164,5467,C:\research_raw\optical_sar_data\20260721data\derived_frames\pseudocolor_labelstudio_prep_20260722\frames\sar_pseudocolor\R02ZF\frame_000164_t005467ms.jpg,1024,592,-59.92829848430174,59.833559435023005,98,5444,NOMINAL_INDEX_FPS_ZERO_OFFSET_UNVERIFIED,511.74532586922845,590.7763512520755,591.3403167097985,20.0
R02ZF_SARF000165,R02ZF,165,5500,C:\research_raw\optical_sar_data\20260721data\derived_frames\pseudocolor_labelstudio_prep_20260722\frames\sar_pseudocolor\R02ZF\frame_000165_t005500ms.jpg,1024,592,-59.92829848430174,59.833559435023005,99,5500,NOMINAL_INDEX_FPS_ZERO_OFFSET_UNVERIFIED,511.74532586922845,590.7763512520755,591.3403167097985,20.0
R02ZF_SARF000166,R02ZF,166,5533,C:\research_raw\optical_sar_data\20260721data\derived_frames\pseudocolor_labelstudio_prep_20260722\frames\sar_pseudocolor\R02ZF\frame_000166_t005533ms.jpg,1024,592,-59.92829848430174,59.833559435023005,100,5556,NOMINAL_INDEX_FPS_ZERO_OFFSET_UNVERIFIED,511.74532586922845,590.7763512520755,591.3403167097985,20.0
R02ZF_SARF000167,R02ZF,167,5567,C:\research_raw\optical_sar_data\20260721data\derived_frames\pseudocolor_labelstudio_prep_20260722\frames\sar_pseudocolor\R02ZF\frame_000167_t005567ms.jpg,1024,592,-59.92829848430174,59.833559435023005,100,5556,NOMINAL_INDEX_FPS_ZERO_OFFSET_UNVERIFIED,511.74532586922845,590.7763512520755,591.3403167097985,20.0
R02ZF_SARF000168,R02ZF,168,5600,C:\research_raw\optical_sar_data\20260721data\derived_frames\pseudocolor_labelstudio_prep_20260722\frames\sar_pseudocolor\R02ZF\frame_000168_t005600ms.jpg,1024,592,-59.92829848430174,59.833559435023005,101,5611,NOMINAL_INDEX_FPS_ZERO_OFFSET_UNVERIFIED,511.74532586922845,590.7763512520755,591.3403167097985,20.0
R02ZF_SARF000169,R02ZF,169,5633,C:\research_raw\optical_sar_data\20260721data\derived_frames\pseudocolor_labelstudio_prep_20260722\frames\sar_pseudocolor\R02ZF\frame_000169_t005633ms.jpg,1024,592,-59.92829848430174,59.833559435023005,101,5611,NOMINAL_INDEX_FPS_ZERO_OFFSET_UNVERIFIED,511.74532586922845,590.7763512520755,591.3403167097985,20.0
R02ZF_SARF000170,R02ZF,170,5667,C:\research_raw\optical_sar_data\20260721data\derived_frames\pseudocolor_labelstudio_prep_20260722\frames\sar_pseudocolor\R02ZF\frame_000170_t005667ms.jpg,1024,592,-59.92829848430174,59.833559435023005,102,5667,NOMINAL_INDEX_FPS_ZERO_OFFSET_UNVERIFIED,511.74532586922845,590.7763512520755,591.3403167097985,20.0
R02ZF_SARF000171,R02ZF,171,5700,C:\research_raw\optical_sar_data\20260721data\derived_frames\pseudocolor_labelstudio_prep_20260722\frames\sar_pseudocolor\R02ZF\frame_000171_t005700ms.jpg,1024,592,-59.92829848430174,59.833559435023005,103,5722,NOMINAL_INDEX_FPS_ZERO_OFFSET_UNVERIFIED,511.74532586922845,590.7763512520755,591.3403167097985,20.0
R02ZF_SARF000172,R02ZF,172,5733,C:\research_raw\optical_sar_data\20260721data\derived_frames\pseudocolor_labelstudio_prep_20260722\frames\sar_pseudocolor\R02ZF\frame_000172_t005733ms.jpg,1024,592,-59.92829848430174,59.833559435023005,103,5722,NOMINAL_INDEX_FPS_ZERO_OFFSET_UNVERIFIED,511.74532586922845,590.7763512520755,591.3403167097985,20.0
R02ZF_SARF000173,R02ZF,173,5767,C:\research_raw\optical_sar_data\20260721data\derived_frames\pseudocolor_labelstudio_prep_20260722\frames\sar_pseudocolor\R02ZF\frame_000173_t005767ms.jpg,1024,592,-59.92829848430174,59.833559435023005,104,5778,NOMINAL_INDEX_FPS_ZERO_OFFSET_UNVERIFIED,511.74532586922845,590.7763512520755,591.3403167097985,20.0
R02ZF_SARF000174,R02ZF,174,5800,C:\research_raw\optical_sar_data\20260721data\derived_frames\pseudocolor_labelstudio_prep_20260722\frames\sar_pseudocolor\R02ZF\frame_000174_t005800ms.jpg,1024,592,-59.92829848430174,59.833559435023005,104,5778,NOMINAL_INDEX_FPS_ZERO_OFFSET_UNVERIFIED,511.74532586922845,590.7763512520755,591.3403167097985,20.0
R02ZF_SARF000175,R02ZF,175,5833,C:\research_raw\optical_sar_data\20260721data\derived_frames\pseudocolor_labelstudio_prep_20260722\frames\sar_pseudocolor\R02ZF\frame_000175_t005833ms.jpg,1024,592,-59.92829848430174,59.833559435023005,105,5833,NOMINAL_INDEX_FPS_ZERO_OFFSET_UNVERIFIED,511.74532586922845,590.7763512520755,591.3403167097985,20.0
R02ZF_SARF000176,R02ZF,176,5867,C:\research_raw\optical_sar_data\20260721data\derived_frames\pseudocolor_labelstudio_prep_20260722\frames\sar_pseudocolor\R02ZF\frame_000176_t005867ms.jpg,1024,592,-59.92829848430174,59.833559435023005,106,5889,NOMINAL_INDEX_FPS_ZERO_OFFSET_UNVERIFIED,511.74532586922845,590.7763512520755,591.3403167097985,20.0
R02ZF_SARF000177,R02ZF,177,5900,C:\research_raw\optical_sar_data\20260721data\derived_frames\pseudocolor_labelstudio_prep_20260722\frames\sar_pseudocolor\R02ZF\frame_000177_t005900ms.jpg,1024,592,-59.92829848430174,59.833559435023005,106,5889,NOMINAL_INDEX_FPS_ZERO_OFFSET_UNVERIFIED,511.74532586922845,590.7763512520755,591.3403167097985,20.0
R02ZF_SARF000178,R02ZF,178,5933,C:\research_raw\optical_sar_data\20260721data\derived_frames\pseudocolor_labelstudio_prep_20260722\frames\sar_pseudocolor\R02ZF\frame_000178_t005933ms.jpg,1024,592,-59.92829848430174,59.833559435023005,107,5944,NOMINAL_INDEX_FPS_ZERO_OFFSET_UNVERIFIED,511.74532586922845,590.7763512520755,591.3403167097985,20.0
R02ZF_SARF000179,R02ZF,179,5967,C:\research_raw\optical_sar_data\20260721data\derived_frames\pseudocolor_labelstudio_prep_20260722\frames\sar_pseudocolor\R02ZF\frame_000179_t005967ms.jpg,1024,592,-59.92829848430174,59.833559435023005,107,5944,NOMINAL_INDEX_FPS_ZERO_OFFSET_UNVERIFIED,511.74532586922845,590.7763512520755,591.3403167097985,20.0
R02ZF_SARF000180,R02ZF,180,6000,C:\research_raw\optical_sar_data\20260721data\derived_frames\pseudocolor_labelstudio_prep_20260722\frames\sar_pseudocolor\R02ZF\frame_000180_t006000ms.jpg,1024,592,-59.92829848430174,59.833559435023005,108,6000,NOMINAL_INDEX_FPS_ZERO_OFFSET_UNVERIFIED,511.74532586922845,590.7763512520755,591.3403167097985,20.0
R02ZF_SARF000181,R02ZF,181,6033,C:\research_raw\optical_sar_data\20260721data\derived_frames\pseudocolor_labelstudio_prep_20260722\frames\sar_pseudocolor\R02ZF\frame_000181_t006033ms.jpg,1024,592,-59.92829848430174,59.833559435023005,109,6056,NOMINAL_INDEX_FPS_ZERO_OFFSET_UNVERIFIED,511.74532586922845,590.7763512520755,591.3403167097985,20.0
R02ZF_SARF000182,R02ZF,182,6067,C:\research_raw\optical_sar_data\20260721data\derived_frames\pseudocolor_labelstudio_prep_20260722\frames\sar_pseudocolor\R02ZF\frame_000182_t006067ms.jpg,1024,592,-59.92829848430174,59.833559435023005,109,6056,NOMINAL_INDEX_FPS_ZERO_OFFSET_UNVERIFIED,511.74532586922845,590.7763512520755,591.3403167097985,20.0
R02ZF_SARF000183,R02ZF,183,6100,C:\research_raw\optical_sar_data\20260721data\derived_frames\pseudocolor_labelstudio_prep_20260722\frames\sar_pseudocolor\R02ZF\frame_000183_t006100ms.jpg,1024,592,-59.92829848430174,59.833559435023005,110,6111,NOMINAL_INDEX_FPS_ZERO_OFFSET_UNVERIFIED,511.74532586922845,590.7763512520755,591.3403167097985,20.0
R02ZF_SARF000184,R02ZF,184,6133,C:\research_raw\optical_sar_data\20260721data\derived_frames\pseudocolor_labelstudio_prep_20260722\frames\sar_pseudocolor\R02ZF\frame_000184_t006133ms.jpg,1024,592,-59.92829848430174,59.833559435023005,110,6111,NOMINAL_INDEX_FPS_ZERO_OFFSET_UNVERIFIED,511.74532586922845,590.7763512520755,591.3403167097985,20.0
R02ZF_SARF000185,R02ZF,185,6167,C:\research_raw\optical_sar_data\20260721data\derived_frames\pseudocolor_labelstudio_prep_20260722\frames\sar_pseudocolor\R02ZF\frame_000185_t006167ms.jpg,1024,592,-59.92829848430174,59.833559435023005,111,6167,NOMINAL_INDEX_FPS_ZERO_OFFSET_UNVERIFIED,511.74532586922845,590.7763512520755,591.3403167097985,20.0
R02ZF_SARF000186,R02ZF,186,6200,C:\research_raw\optical_sar_data\20260721data\derived_frames\pseudocolor_labelstudio_prep_20260722\frames\sar_pseudocolor\R02ZF\frame_000186_t006200ms.jpg,1024,592,-59.92829848430174,59.833559435023005,112,6222,NOMINAL_INDEX_FPS_ZERO_OFFSET_UNVERIFIED,511.74532586922845,590.7763512520755,591.3403167097985,20.0
R02ZF_SARF000187,R02ZF,187,6233,C:\research_raw\optical_sar_data\20260721data\derived_frames\pseudocolor_labelstudio_prep_20260722\frames\sar_pseudocolor\R02ZF\frame_000187_t006233ms.jpg,1024,592,-59.92829848430174,59.833559435023005,112,6222,NOMINAL_INDEX_FPS_ZERO_OFFSET_UNVERIFIED,511.74532586922845,590.7763512520755,591.3403167097985,20.0
R02ZF_SARF000188,R02ZF,188,6267,C:\research_raw\optical_sar_data\20260721data\derived_frames\pseudocolor_labelstudio_prep_20260722\frames\sar_pseudocolor\R02ZF\frame_000188_t006267ms.jpg,1024,592,-59.92829848430174,59.833559435023005,113,6278,NOMINAL_INDEX_FPS_ZERO_OFFSET_UNVERIFIED,511.74532586922845,590.7763512520755,591.3403167097985,20.0
R02ZF_SARF000189,R02ZF,189,6300,C:\research_raw\optical_sar_data\20260721data\derived_frames\pseudocolor_labelstudio_prep_20260722\frames\sar_pseudocolor\R02ZF\frame_000189_t006300ms.jpg,1024,592,-59.92829848430174,59.833559435023005,113,6278,NOMINAL_INDEX_FPS_ZERO_OFFSET_UNVERIFIED,511.74532586922845,590.7763512520755,591.3403167097985,20.0
R02ZF_SARF000190,R02ZF,190,6333,C:\research_raw\optical_sar_data\20260721data\derived_frames\pseudocolor_labelstudio_prep_20260722\frames\sar_pseudocolor\R02ZF\frame_000190_t006333ms.jpg,1024,592,-59.92829848430174,59.833559435023005,114,6333,NOMINAL_INDEX_FPS_ZERO_OFFSET_UNVERIFIED,511.74532586922845,590.7763512520755,591.3403167097985,20.0
R02ZF_SARF000191,R02ZF,191,6367,C:\research_raw\optical_sar_data\20260721data\derived_frames\pseudocolor_labelstudio_prep_20260722\frames\sar_pseudocolor\R02ZF\frame_000191_t006367ms.jpg,1024,592,-59.92829848430174,59.833559435023005,115,6389,NOMINAL_INDEX_FPS_ZERO_OFFSET_UNVERIFIED,511.74532586922845,590.7763512520755,591.3403167097985,20.0
R02ZF_SARF000192,R02ZF,192,6400,C:\research_raw\optical_sar_data\20260721data\derived_frames\pseudocolor_labelstudio_prep_20260722\frames\sar_pseudocolor\R02ZF\frame_000192_t006400ms.jpg,1024,592,-59.92829848430174,59.833559435023005,115,6389,NOMINAL_INDEX_FPS_ZERO_OFFSET_UNVERIFIED,511.74532586922845,590.7763512520755,591.3403167097985,20.0
R02ZF_SARF000193,R02ZF,193,6433,C:\research_raw\optical_sar_data\20260721data\derived_frames\pseudocolor_labelstudio_prep_20260722\frames\sar_pseudocolor\R02ZF\frame_000193_t006433ms.jpg,1024,592,-59.92829848430174,59.833559435023005,116,6444,NOMINAL_INDEX_FPS_ZERO_OFFSET_UNVERIFIED,511.74532586922845,590.7763512520755,591.3403167097985,20.0
R02ZF_SARF000194,R02ZF,194,6467,C:\research_raw\optical_sar_data\20260721data\derived_frames\pseudocolor_labelstudio_prep_20260722\frames\sar_pseudocolor\R02ZF\frame_000194_t006467ms.jpg,1024,592,-59.92829848430174,59.833559435023005,116,6444,NOMINAL_INDEX_FPS_ZERO_OFFSET_UNVERIFIED,511.74532586922845,590.7763512520755,591.3403167097985,20.0
R02ZF_SARF000195,R02ZF,195,6500,C:\research_raw\optical_sar_data\20260721data\derived_frames\pseudocolor_labelstudio_prep_20260722\frames\sar_pseudocolor\R02ZF\frame_000195_t006500ms.jpg,1024,592,-59.92829848430174,59.833559435023005,117,6500,NOMINAL_INDEX_FPS_ZERO_OFFSET_UNVERIFIED,511.74532586922845,590.7763512520755,591.3403167097985,20.0
R02ZF_SARF000196,R02ZF,196,6533,C:\research_raw\optical_sar_data\20260721data\derived_frames\pseudocolor_labelstudio_prep_20260722\frames\sar_pseudocolor\R02ZF\frame_000196_t006533ms.jpg,1024,592,-59.92829848430174,59.833559435023005,118,6556,NOMINAL_INDEX_FPS_ZERO_OFFSET_UNVERIFIED,511.74532586922845,590.7763512520755,591.3403167097985,20.0
R02ZF_SARF000197,R02ZF,197,6567,C:\research_raw\optical_sar_data\20260721data\derived_frames\pseudocolor_labelstudio_prep_20260722\frames\sar_pseudocolor\R02ZF\frame_000197_t006567ms.jpg,1024,592,-59.92829848430174,59.833559435023005,118,6556,NOMINAL_INDEX_FPS_ZERO_OFFSET_UNVERIFIED,511.74532586922845,590.7763512520755,591.3403167097985,20.0
R02ZF_SARF000198,R02ZF,198,6600,C:\research_raw\optical_sar_data\20260721data\derived_frames\pseudocolor_labelstudio_prep_20260722\frames\sar_pseudocolor\R02ZF\frame_000198_t006600ms.jpg,1024,592,-59.92829848430174,59.833559435023005,119,6611,NOMINAL_INDEX_FPS_ZERO_OFFSET_UNVERIFIED,511.74532586922845,590.7763512520755,591.3403167097985,20.0
R02ZF_SARF000199,R02ZF,199,6633,C:\research_raw\optical_sar_data\20260721data\derived_frames\pseudocolor_labelstudio_prep_20260722\frames\sar_pseudocolor\R02ZF\frame_000199_t006633ms.jpg,1024,592,-59.92829848430174,59.833559435023005,119,6611,NOMINAL_INDEX_FPS_ZERO_OFFSET_UNVERIFIED,511.74532586922845,590.7763512520755,591.3403167097985,20.0
R02ZF_SARF000200,R02ZF,200,6667,C:\research_raw\optical_sar_data\20260721data\derived_frames\pseudocolor_labelstudio_prep_20260722\frames\sar_pseudocolor\R02ZF\frame_000200_t006667ms.jpg,1024,592,-59.92829848430174,59.833559435023005,120,6667,NOMINAL_INDEX_FPS_ZERO_OFFSET_UNVERIFIED,511.74532586922845,590.7763512520755,591.3403167097985,20.0
R02ZF_SARF000201,R02ZF,201,6700,C:\research_raw\optical_sar_data\20260721data\derived_frames\pseudocolor_labelstudio_prep_20260722\frames\sar_pseudocolor\R02ZF\frame_000201_t006700ms.jpg,1024,592,-59.92829848430174,59.833559435023005,121,6722,NOMINAL_INDEX_FPS_ZERO_OFFSET_UNVERIFIED,511.74532586922845,590.7763512520755,591.3403167097985,20.0
R02ZF_SARF000202,R02ZF,202,6733,C:\research_raw\optical_sar_data\20260721data\derived_frames\pseudocolor_labelstudio_prep_20260722\frames\sar_pseudocolor\R02ZF\frame_000202_t006733ms.jpg,1024,592,-59.92829848430174,59.833559435023005,121,6722,NOMINAL_INDEX_FPS_ZERO_OFFSET_UNVERIFIED,511.74532586922845,590.7763512520755,591.3403167097985,20.0
R02ZF_SARF000203,R02ZF,203,6767,C:\research_raw\optical_sar_data\20260721data\derived_frames\pseudocolor_labelstudio_prep_20260722\frames\sar_pseudocolor\R02ZF\frame_000203_t006767ms.jpg,1024,592,-59.92829848430174,59.833559435023005,122,6778,NOMINAL_INDEX_FPS_ZERO_OFFSET_UNVERIFIED,511.74532586922845,590.7763512520755,591.3403167097985,20.0
R02ZF_SARF000204,R02ZF,204,6800,C:\research_raw\optical_sar_data\20260721data\derived_frames\pseudocolor_labelstudio_prep_20260722\frames\sar_pseudocolor\R02ZF\frame_000204_t006800ms.jpg,1024,592,-59.92829848430174,59.833559435023005,122,6778,NOMINAL_INDEX_FPS_ZERO_OFFSET_UNVERIFIED,511.74532586922845,590.7763512520755,591.3403167097985,20.0
R02ZF_SARF000205,R02ZF,205,6833,C:\research_raw\optical_sar_data\20260721data\derived_frames\pseudocolor_labelstudio_prep_20260722\frames\sar_pseudocolor\R02ZF\frame_000205_t006833ms.jpg,1024,592,-59.92829848430174,59.833559435023005,123,6833,NOMINAL_INDEX_FPS_ZERO_OFFSET_UNVERIFIED,511.74532586922845,590.7763512520755,591.3403167097985,20.0
R02ZF_SARF000206,R02ZF,206,6867,C:\research_raw\optical_sar_data\20260721data\derived_frames\pseudocolor_labelstudio_prep_20260722\frames\sar_pseudocolor\R02ZF\frame_000206_t006867ms.jpg,1024,592,-59.92829848430174,59.833559435023005,124,6889,NOMINAL_INDEX_FPS_ZERO_OFFSET_UNVERIFIED,511.74532586922845,590.7763512520755,591.3403167097985,20.0
R02ZF_SARF000207,R02ZF,207,6900,C:\research_raw\optical_sar_data\20260721data\derived_frames\pseudocolor_labelstudio_prep_20260722\frames\sar_pseudocolor\R02ZF\frame_000207_t006900ms.jpg,1024,592,-59.92829848430174,59.833559435023005,124,6889,NOMINAL_INDEX_FPS_ZERO_OFFSET_UNVERIFIED,511.74532586922845,590.7763512520755,591.3403167097985,20.0
R02ZF_SARF000208,R02ZF,208,6933,C:\research_raw\optical_sar_data\20260721data\derived_frames\pseudocolor_labelstudio_prep_20260722\frames\sar_pseudocolor\R02ZF\frame_000208_t006933ms.jpg,1024,592,-59.92829848430174,59.833559435023005,125,6944,NOMINAL_INDEX_FPS_ZERO_OFFSET_UNVERIFIED,511.74532586922845,590.7763512520755,591.3403167097985,20.0
R02ZF_SARF000209,R02ZF,209,6967,C:\research_raw\optical_sar_data\20260721data\derived_frames\pseudocolor_labelstudio_prep_20260722\frames\sar_pseudocolor\R02ZF\frame_000209_t006967ms.jpg,1024,592,-59.92829848430174,59.833559435023005,125,6944,NOMINAL_INDEX_FPS_ZERO_OFFSET_UNVERIFIED,511.74532586922845,590.7763512520755,591.3403167097985,20.0
R02ZF_SARF000210,R02ZF,210,7000,C:\research_raw\optical_sar_data\20260721data\derived_frames\pseudocolor_labelstudio_prep_20260722\frames\sar_pseudocolor\R02ZF\frame_000210_t007000ms.jpg,1024,592,-59.92829848430174,59.833559435023005,126,7000,NOMINAL_INDEX_FPS_ZERO_OFFSET_UNVERIFIED,511.74532586922845,590.7763512520755,591.3403167097985,20.0
R02ZF_SARF000211,R02ZF,211,7033,C:\research_raw\optical_sar_data\20260721data\derived_frames\pseudocolor_labelstudio_prep_20260722\frames\sar_pseudocolor\R02ZF\frame_000211_t007033ms.jpg,1024,592,-59.92829848430174,59.833559435023005,127,7056,NOMINAL_INDEX_FPS_ZERO_OFFSET_UNVERIFIED,511.74532586922845,590.7763512520755,591.3403167097985,20.0
R02ZF_SARF000212,R02ZF,212,7067,C:\research_raw\optical_sar_data\20260721data\derived_frames\pseudocolor_labelstudio_prep_20260722\frames\sar_pseudocolor\R02ZF\frame_000212_t007067ms.jpg,1024,592,-59.92829848430174,59.833559435023005,127,7056,NOMINAL_INDEX_FPS_ZERO_OFFSET_UNVERIFIED,511.74532586922845,590.7763512520755,591.3403167097985,20.0
R02ZF_SARF000213,R02ZF,213,7100,C:\research_raw\optical_sar_data\20260721data\derived_frames\pseudocolor_labelstudio_prep_20260722\frames\sar_pseudocolor\R02ZF\frame_000213_t007100ms.jpg,1024,592,-59.92829848430174,59.833559435023005,128,7111,NOMINAL_INDEX_FPS_ZERO_OFFSET_UNVERIFIED,511.74532586922845,590.7763512520755,591.3403167097985,20.0
R02ZF_SARF000214,R02ZF,214,7133,C:\research_raw\optical_sar_data\20260721data\derived_frames\pseudocolor_labelstudio_prep_20260722\frames\sar_pseudocolor\R02ZF\frame_000214_t007133ms.jpg,1024,592,-59.92829848430174,59.833559435023005,128,7111,NOMINAL_INDEX_FPS_ZERO_OFFSET_UNVERIFIED,511.74532586922845,590.7763512520755,591.3403167097985,20.0
R02ZF_SARF000215,R02ZF,215,7167,C:\research_raw\optical_sar_data\20260721data\derived_frames\pseudocolor_labelstudio_prep_20260722\frames\sar_pseudocolor\R02ZF\frame_000215_t007167ms.jpg,1024,592,-59.92829848430174,59.833559435023005,129,7167,NOMINAL_INDEX_FPS_ZERO_OFFSET_UNVERIFIED,511.74532586922845,590.7763512520755,591.3403167097985,20.0
R02ZF_SARF000216,R02ZF,216,7200,C:\research_raw\optical_sar_data\20260721data\derived_frames\pseudocolor_labelstudio_prep_20260722\frames\sar_pseudocolor\R02ZF\frame_000216_t007200ms.jpg,1024,592,-59.92829848430174,59.833559435023005,130,7222,NOMINAL_INDEX_FPS_ZERO_OFFSET_UNVERIFIED,511.74532586922845,590.7763512520755,591.3403167097985,20.0
R02ZF_SARF000217,R02ZF,217,7233,C:\research_raw\optical_sar_data\20260721data\derived_frames\pseudocolor_labelstudio_prep_20260722\frames\sar_pseudocolor\R02ZF\frame_000217_t007233ms.jpg,1024,592,-59.92829848430174,59.833559435023005,130,7222,NOMINAL_INDEX_FPS_ZERO_OFFSET_UNVERIFIED,511.74532586922845,590.7763512520755,591.3403167097985,20.0
R02ZF_SARF000218,R02ZF,218,7267,C:\research_raw\optical_sar_data\20260721data\derived_frames\pseudocolor_labelstudio_prep_20260722\frames\sar_pseudocolor\R02ZF\frame_000218_t007267ms.jpg,1024,592,-59.92829848430174,59.833559435023005,131,7278,NOMINAL_INDEX_FPS_ZERO_OFFSET_UNVERIFIED,511.74532586922845,590.7763512520755,591.3403167097985,20.0
R02ZF_SARF000219,R02ZF,219,7300,C:\research_raw\optical_sar_data\20260721data\derived_frames\pseudocolor_labelstudio_prep_20260722\frames\sar_pseudocolor\R02ZF\frame_000219_t007300ms.jpg,1024,592,-59.92829848430174,59.833559435023005,131,7278,NOMINAL_INDEX_FPS_ZERO_OFFSET_UNVERIFIED,511.74532586922845,590.7763512520755,591.3403167097985,20.0
R02ZF_SARF000220,R02ZF,220,7333,C:\research_raw\optical_sar_data\20260721data\derived_frames\pseudocolor_labelstudio_prep_20260722\frames\sar_pseudocolor\R02ZF\frame_000220_t007333ms.jpg,1024,592,-59.92829848430174,59.833559435023005,132,7333,NOMINAL_INDEX_FPS_ZERO_OFFSET_UNVERIFIED,511.74532586922845,590.7763512520755,591.3403167097985,20.0
R02ZF_SARF000221,R02ZF,221,7367,C:\research_raw\optical_sar_data\20260721data\derived_frames\pseudocolor_labelstudio_prep_20260722\frames\sar_pseudocolor\R02ZF\frame_000221_t007367ms.jpg,1024,592,-59.92829848430174,59.833559435023005,133,7389,NOMINAL_INDEX_FPS_ZERO_OFFSET_UNVERIFIED,511.74532586922845,590.7763512520755,591.3403167097985,20.0
R02ZF_SARF000222,R02ZF,222,7400,C:\research_raw\optical_sar_data\20260721data\derived_frames\pseudocolor_labelstudio_prep_20260722\frames\sar_pseudocolor\R02ZF\frame_000222_t007400ms.jpg,1024,592,-59.92829848430174,59.833559435023005,133,7389,NOMINAL_INDEX_FPS_ZERO_OFFSET_UNVERIFIED,511.74532586922845,590.7763512520755,591.3403167097985,20.0
R02ZF_SARF000223,R02ZF,223,7433,C:\research_raw\optical_sar_data\20260721data\derived_frames\pseudocolor_labelstudio_prep_20260722\frames\sar_pseudocolor\R02ZF\frame_000223_t007433ms.jpg,1024,592,-59.92829848430174,59.833559435023005,134,7444,NOMINAL_INDEX_FPS_ZERO_OFFSET_UNVERIFIED,511.74532586922845,590.7763512520755,591.3403167097985,20.0
R02ZF_SARF000224,R02ZF,224,7467,C:\research_raw\optical_sar_data\20260721data\derived_frames\pseudocolor_labelstudio_prep_20260722\frames\sar_pseudocolor\R02ZF\frame_000224_t007467ms.jpg,1024,592,-59.92829848430174,59.833559435023005,134,7444,NOMINAL_INDEX_FPS_ZERO_OFFSET_UNVERIFIED,511.74532586922845,590.7763512520755,591.3403167097985,20.0
R02ZF_SARF000225,R02ZF,225,7500,C:\research_raw\optical_sar_data\20260721data\derived_frames\pseudocolor_labelstudio_prep_20260722\frames\sar_pseudocolor\R02ZF\frame_000225_t007500ms.jpg,1024,592,-59.92829848430174,59.833559435023005,135,7500,NOMINAL_INDEX_FPS_ZERO_OFFSET_UNVERIFIED,511.74532586922845,590.7763512520755,591.3403167097985,20.0
R02ZF_SARF000226,R02ZF,226,7533,C:\research_raw\optical_sar_data\20260721data\derived_frames\pseudocolor_labelstudio_prep_20260722\frames\sar_pseudocolor\R02ZF\frame_000226_t007533ms.jpg,1024,592,-59.92829848430174,59.833559435023005,136,7556,NOMINAL_INDEX_FPS_ZERO_OFFSET_UNVERIFIED,511.74532586922845,590.7763512520755,591.3403167097985,20.0
R02ZF_SARF000227,R02ZF,227,7567,C:\research_raw\optical_sar_data\20260721data\derived_frames\pseudocolor_labelstudio_prep_20260722\frames\sar_pseudocolor\R02ZF\frame_000227_t007567ms.jpg,1024,592,-59.92829848430174,59.833559435023005,136,7556,NOMINAL_INDEX_FPS_ZERO_OFFSET_UNVERIFIED,511.74532586922845,590.7763512520755,591.3403167097985,20.0
R02ZF_SARF000228,R02ZF,228,7600,C:\research_raw\optical_sar_data\20260721data\derived_frames\pseudocolor_labelstudio_prep_20260722\frames\sar_pseudocolor\R02ZF\frame_000228_t007600ms.jpg,1024,592,-59.92829848430174,59.833559435023005,137,7611,NOMINAL_INDEX_FPS_ZERO_OFFSET_UNVERIFIED,511.74532586922845,590.7763512520755,591.3403167097985,20.0
R02ZF_SARF000229,R02ZF,229,7633,C:\research_raw\optical_sar_data\20260721data\derived_frames\pseudocolor_labelstudio_prep_20260722\frames\sar_pseudocolor\R02ZF\frame_000229_t007633ms.jpg,1024,592,-59.92829848430174,59.833559435023005,137,7611,NOMINAL_INDEX_FPS_ZERO_OFFSET_UNVERIFIED,511.74532586922845,590.7763512520755,591.3403167097985,20.0
R02ZF_SARF000230,R02ZF,230,7667,C:\research_raw\optical_sar_data\20260721data\derived_frames\pseudocolor_labelstudio_prep_20260722\frames\sar_pseudocolor\R02ZF\frame_000230_t007667ms.jpg,1024,592,-59.92829848430174,59.833559435023005,138,7667,NOMINAL_INDEX_FPS_ZERO_OFFSET_UNVERIFIED,511.74532586922845,590.7763512520755,591.3403167097985,20.0
R02ZF_SARF000231,R02ZF,231,7700,C:\research_raw\optical_sar_data\20260721data\derived_frames\pseudocolor_labelstudio_prep_20260722\frames\sar_pseudocolor\R02ZF\frame_000231_t007700ms.jpg,1024,592,-59.92829848430174,59.833559435023005,139,7722,NOMINAL_INDEX_FPS_ZERO_OFFSET_UNVERIFIED,511.74532586922845,590.7763512520755,591.3403167097985,20.0
R02ZF_SARF000232,R02ZF,232,7733,C:\research_raw\optical_sar_data\20260721data\derived_frames\pseudocolor_labelstudio_prep_20260722\frames\sar_pseudocolor\R02ZF\frame_000232_t007733ms.jpg,1024,592,-59.92829848430174,59.833559435023005,139,7722,NOMINAL_INDEX_FPS_ZERO_OFFSET_UNVERIFIED,511.74532586922845,590.7763512520755,591.3403167097985,20.0
R02ZF_SARF000233,R02ZF,233,7767,C:\research_raw\optical_sar_data\20260721data\derived_frames\pseudocolor_labelstudio_prep_20260722\frames\sar_pseudocolor\R02ZF\frame_000233_t007767ms.jpg,1024,592,-59.92829848430174,59.833559435023005,140,7778,NOMINAL_INDEX_FPS_ZERO_OFFSET_UNVERIFIED,511.74532586922845,590.7763512520755,591.3403167097985,20.0
R02ZF_SARF000234,R02ZF,234,7800,C:\research_raw\optical_sar_data\20260721data\derived_frames\pseudocolor_labelstudio_prep_20260722\frames\sar_pseudocolor\R02ZF\frame_000234_t007800ms.jpg,1024,592,-59.92829848430174,59.833559435023005,140,7778,NOMINAL_INDEX_FPS_ZERO_OFFSET_UNVERIFIED,511.74532586922845,590.7763512520755,591.3403167097985,20.0
R02ZF_SARF000235,R02ZF,235,7833,C:\research_raw\optical_sar_data\20260721data\derived_frames\pseudocolor_labelstudio_prep_20260722\frames\sar_pseudocolor\R02ZF\frame_000235_t007833ms.jpg,1024,592,-59.92829848430174,59.833559435023005,141,7833,NOMINAL_INDEX_FPS_ZERO_OFFSET_UNVERIFIED,511.74532586922845,590.7763512520755,591.3403167097985,20.0
R02ZF_SARF000236,R02ZF,236,7867,C:\research_raw\optical_sar_data\20260721data\derived_frames\pseudocolor_labelstudio_prep_20260722\frames\sar_pseudocolor\R02ZF\frame_000236_t007867ms.jpg,1024,592,-59.92829848430174,59.833559435023005,142,7889,NOMINAL_INDEX_FPS_ZERO_OFFSET_UNVERIFIED,511.74532586922845,590.7763512520755,591.3403167097985,20.0
R02ZF_SARF000237,R02ZF,237,7900,C:\research_raw\optical_sar_data\20260721data\derived_frames\pseudocolor_labelstudio_prep_20260722\frames\sar_pseudocolor\R02ZF\frame_000237_t007900ms.jpg,1024,592,-59.92829848430174,59.833559435023005,142,7889,NOMINAL_INDEX_FPS_ZERO_OFFSET_UNVERIFIED,511.74532586922845,590.7763512520755,591.3403167097985,20.0
R02ZF_SARF000238,R02ZF,238,7933,C:\research_raw\optical_sar_data\20260721data\derived_frames\pseudocolor_labelstudio_prep_20260722\frames\sar_pseudocolor\R02ZF\frame_000238_t007933ms.jpg,1024,592,-59.92829848430174,59.833559435023005,143,7944,NOMINAL_INDEX_FPS_ZERO_OFFSET_UNVERIFIED,511.74532586922845,590.7763512520755,591.3403167097985,20.0
R02ZF_SARF000239,R02ZF,239,7967,C:\research_raw\optical_sar_data\20260721data\derived_frames\pseudocolor_labelstudio_prep_20260722\frames\sar_pseudocolor\R02ZF\frame_000239_t007967ms.jpg,1024,592,-59.92829848430174,59.833559435023005,143,7944,NOMINAL_INDEX_FPS_ZERO_OFFSET_UNVERIFIED,511.74532586922845,590.7763512520755,591.3403167097985,20.0
R02ZF_SARF000240,R02ZF,240,8000,C:\research_raw\optical_sar_data\20260721data\derived_frames\pseudocolor_labelstudio_prep_20260722\frames\sar_pseudocolor\R02ZF\frame_000240_t008000ms.jpg,1024,592,-59.92829848430174,59.833559435023005,144,8000,NOMINAL_INDEX_FPS_ZERO_OFFSET_UNVERIFIED,511.74532586922845,590.7763512520755,591.3403167097985,20.0
R02ZF_SARF000241,R02ZF,241,8033,C:\research_raw\optical_sar_data\20260721data\derived_frames\pseudocolor_labelstudio_prep_20260722\frames\sar_pseudocolor\R02ZF\frame_000241_t008033ms.jpg,1024,592,-59.92829848430174,59.833559435023005,145,8056,NOMINAL_INDEX_FPS_ZERO_OFFSET_UNVERIFIED,511.74532586922845,590.7763512520755,591.3403167097985,20.0
R02ZF_SARF000242,R02ZF,242,8067,C:\research_raw\optical_sar_data\20260721data\derived_frames\pseudocolor_labelstudio_prep_20260722\frames\sar_pseudocolor\R02ZF\frame_000242_t008067ms.jpg,1024,592,-59.92829848430174,59.833559435023005,145,8056,NOMINAL_INDEX_FPS_ZERO_OFFSET_UNVERIFIED,511.74532586922845,590.7763512520755,591.3403167097985,20.0
R02ZF_SARF000243,R02ZF,243,8100,C:\research_raw\optical_sar_data\20260721data\derived_frames\pseudocolor_labelstudio_prep_20260722\frames\sar_pseudocolor\R02ZF\frame_000243_t008100ms.jpg,1024,592,-59.92829848430174,59.833559435023005,146,8111,NOMINAL_INDEX_FPS_ZERO_OFFSET_UNVERIFIED,511.74532586922845,590.7763512520755,591.3403167097985,20.0
R02ZF_SARF000244,R02ZF,244,8133,C:\research_raw\optical_sar_data\20260721data\derived_frames\pseudocolor_labelstudio_prep_20260722\frames\sar_pseudocolor\R02ZF\frame_000244_t008133ms.jpg,1024,592,-59.92829848430174,59.833559435023005,146,8111,NOMINAL_INDEX_FPS_ZERO_OFFSET_UNVERIFIED,511.74532586922845,590.7763512520755,591.3403167097985,20.0
R02ZF_SARF000245,R02ZF,245,8167,C:\research_raw\optical_sar_data\20260721data\derived_frames\pseudocolor_labelstudio_prep_20260722\frames\sar_pseudocolor\R02ZF\frame_000245_t008167ms.jpg,1024,592,-59.92829848430174,59.833559435023005,147,8167,NOMINAL_INDEX_FPS_ZERO_OFFSET_UNVERIFIED,511.74532586922845,590.7763512520755,591.3403167097985,20.0
R02ZF_SARF000246,R02ZF,246,8200,C:\research_raw\optical_sar_data\20260721data\derived_frames\pseudocolor_labelstudio_prep_20260722\frames\sar_pseudocolor\R02ZF\frame_000246_t008200ms.jpg,1024,592,-59.92829848430174,59.833559435023005,148,8222,NOMINAL_INDEX_FPS_ZERO_OFFSET_UNVERIFIED,511.74532586922845,590.7763512520755,591.3403167097985,20.0
R02ZF_SARF000247,R02ZF,247,8233,C:\research_raw\optical_sar_data\20260721data\derived_frames\pseudocolor_labelstudio_prep_20260722\frames\sar_pseudocolor\R02ZF\frame_000247_t008233ms.jpg,1024,592,-59.92829848430174,59.833559435023005,148,8222,NOMINAL_INDEX_FPS_ZERO_OFFSET_UNVERIFIED,511.74532586922845,590.7763512520755,591.3403167097985,20.0
R02ZF_SARF000248,R02ZF,248,8267,C:\research_raw\optical_sar_data\20260721data\derived_frames\pseudocolor_labelstudio_prep_20260722\frames\sar_pseudocolor\R02ZF\frame_000248_t008267ms.jpg,1024,592,-59.92829848430174,59.833559435023005,149,8278,NOMINAL_INDEX_FPS_ZERO_OFFSET_UNVERIFIED,511.74532586922845,590.7763512520755,591.3403167097985,20.0
R02ZF_SARF000249,R02ZF,249,8300,C:\research_raw\optical_sar_data\20260721data\derived_frames\pseudocolor_labelstudio_prep_20260722\frames\sar_pseudocolor\R02ZF\frame_000249_t008300ms.jpg,1024,592,-59.92829848430174,59.833559435023005,149,8278,NOMINAL_INDEX_FPS_ZERO_OFFSET_UNVERIFIED,511.74532586922845,590.7763512520755,591.3403167097985,20.0
R02ZF_SARF000250,R02ZF,250,8333,C:\research_raw\optical_sar_data\20260721data\derived_frames\pseudocolor_labelstudio_prep_20260722\frames\sar_pseudocolor\R02ZF\frame_000250_t008333ms.jpg,1024,592,-59.92829848430174,59.833559435023005,150,8333,NOMINAL_INDEX_FPS_ZERO_OFFSET_UNVERIFIED,511.74532586922845,590.7763512520755,591.3403167097985,20.0
R02ZF_SARF000251,R02ZF,251,8367,C:\research_raw\optical_sar_data\20260721data\derived_frames\pseudocolor_labelstudio_prep_20260722\frames\sar_pseudocolor\R02ZF\frame_000251_t008367ms.jpg,1024,592,-59.92829848430174,59.833559435023005,151,8389,NOMINAL_INDEX_FPS_ZERO_OFFSET_UNVERIFIED,511.74532586922845,590.7763512520755,591.3403167097985,20.0
R02ZF_SARF000252,R02ZF,252,8400,C:\research_raw\optical_sar_data\20260721data\derived_frames\pseudocolor_labelstudio_prep_20260722\frames\sar_pseudocolor\R02ZF\frame_000252_t008400ms.jpg,1024,592,-59.92829848430174,59.833559435023005,151,8389,NOMINAL_INDEX_FPS_ZERO_OFFSET_UNVERIFIED,511.74532586922845,590.7763512520755,591.3403167097985,20.0
R02ZF_SARF000253,R02ZF,253,8433,C:\research_raw\optical_sar_data\20260721data\derived_frames\pseudocolor_labelstudio_prep_20260722\frames\sar_pseudocolor\R02ZF\frame_000253_t008433ms.jpg,1024,592,-59.92829848430174,59.833559435023005,152,8444,NOMINAL_INDEX_FPS_ZERO_OFFSET_UNVERIFIED,511.74532586922845,590.7763512520755,591.3403167097985,20.0
R02ZF_SARF000254,R02ZF,254,8467,C:\research_raw\optical_sar_data\20260721data\derived_frames\pseudocolor_labelstudio_prep_20260722\frames\sar_pseudocolor\R02ZF\frame_000254_t008467ms.jpg,1024,592,-59.92829848430174,59.833559435023005,152,8444,NOMINAL_INDEX_FPS_ZERO_OFFSET_UNVERIFIED,511.74532586922845,590.7763512520755,591.3403167097985,20.0
R02ZF_SARF000255,R02ZF,255,8500,C:\research_raw\optical_sar_data\20260721data\derived_frames\pseudocolor_labelstudio_prep_20260722\frames\sar_pseudocolor\R02ZF\frame_000255_t008500ms.jpg,1024,592,-59.92829848430174,59.833559435023005,153,8500,NOMINAL_INDEX_FPS_ZERO_OFFSET_UNVERIFIED,511.74532586922845,590.7763512520755,591.3403167097985,20.0
R02ZF_SARF000256,R02ZF,256,8533,C:\research_raw\optical_sar_data\20260721data\derived_frames\pseudocolor_labelstudio_prep_20260722\frames\sar_pseudocolor\R02ZF\frame_000256_t008533ms.jpg,1024,592,-59.92829848430174,59.833559435023005,154,8556,NOMINAL_INDEX_FPS_ZERO_OFFSET_UNVERIFIED,511.74532586922845,590.7763512520755,591.3403167097985,20.0
R02ZF_SARF000257,R02ZF,257,8567,C:\research_raw\optical_sar_data\20260721data\derived_frames\pseudocolor_labelstudio_prep_20260722\frames\sar_pseudocolor\R02ZF\frame_000257_t008567ms.jpg,1024,592,-59.92829848430174,59.833559435023005,154,8556,NOMINAL_INDEX_FPS_ZERO_OFFSET_UNVERIFIED,511.74532586922845,590.7763512520755,591.3403167097985,20.0
R02ZF_SARF000258,R02ZF,258,8600,C:\research_raw\optical_sar_data\20260721data\derived_frames\pseudocolor_labelstudio_prep_20260722\frames\sar_pseudocolor\R02ZF\frame_000258_t008600ms.jpg,1024,592,-59.92829848430174,59.833559435023005,155,8611,NOMINAL_INDEX_FPS_ZERO_OFFSET_UNVERIFIED,511.74532586922845,590.7763512520755,591.3403167097985,20.0
R02ZF_SARF000259,R02ZF,259,8633,C:\research_raw\optical_sar_data\20260721data\derived_frames\pseudocolor_labelstudio_prep_20260722\frames\sar_pseudocolor\R02ZF\frame_000259_t008633ms.jpg,1024,592,-59.92829848430174,59.833559435023005,155,8611,NOMINAL_INDEX_FPS_ZERO_OFFSET_UNVERIFIED,511.74532586922845,590.7763512520755,591.3403167097985,20.0
R02ZF_SARF000260,R02ZF,260,8667,C:\research_raw\optical_sar_data\20260721data\derived_frames\pseudocolor_labelstudio_prep_20260722\frames\sar_pseudocolor\R02ZF\frame_000260_t008667ms.jpg,1024,592,-59.92829848430174,59.833559435023005,156,8667,NOMINAL_INDEX_FPS_ZERO_OFFSET_UNVERIFIED,511.74532586922845,590.7763512520755,591.3403167097985,20.0
R02ZF_SARF000261,R02ZF,261,8700,C:\research_raw\optical_sar_data\20260721data\derived_frames\pseudocolor_labelstudio_prep_20260722\frames\sar_pseudocolor\R02ZF\frame_000261_t008700ms.jpg,1024,592,-59.92829848430174,59.833559435023005,157,8722,NOMINAL_INDEX_FPS_ZERO_OFFSET_UNVERIFIED,511.74532586922845,590.7763512520755,591.3403167097985,20.0
R02ZF_SARF000262,R02ZF,262,8733,C:\research_raw\optical_sar_data\20260721data\derived_frames\pseudocolor_labelstudio_prep_20260722\frames\sar_pseudocolor\R02ZF\frame_000262_t008733ms.jpg,1024,592,-59.92829848430174,59.833559435023005,157,8722,NOMINAL_INDEX_FPS_ZERO_OFFSET_UNVERIFIED,511.74532586922845,590.7763512520755,591.3403167097985,20.0
R02ZF_SARF000263,R02ZF,263,8767,C:\research_raw\optical_sar_data\20260721data\derived_frames\pseudocolor_labelstudio_prep_20260722\frames\sar_pseudocolor\R02ZF\frame_000263_t008767ms.jpg,1024,592,-59.92829848430174,59.833559435023005,158,8778,NOMINAL_INDEX_FPS_ZERO_OFFSET_UNVERIFIED,511.74532586922845,590.7763512520755,591.3403167097985,20.0
R02ZF_SARF000264,R02ZF,264,8800,C:\research_raw\optical_sar_data\20260721data\derived_frames\pseudocolor_labelstudio_prep_20260722\frames\sar_pseudocolor\R02ZF\frame_000264_t008800ms.jpg,1024,592,-59.92829848430174,59.833559435023005,158,8778,NOMINAL_INDEX_FPS_ZERO_OFFSET_UNVERIFIED,511.74532586922845,590.7763512520755,591.3403167097985,20.0
R02ZF_SARF000265,R02ZF,265,8833,C:\research_raw\optical_sar_data\20260721data\derived_frames\pseudocolor_labelstudio_prep_20260722\frames\sar_pseudocolor\R02ZF\frame_000265_t008833ms.jpg,1024,592,-59.92829848430174,59.833559435023005,159,8833,NOMINAL_INDEX_FPS_ZERO_OFFSET_UNVERIFIED,511.74532586922845,590.7763512520755,591.3403167097985,20.0
R02ZF_SARF000266,R02ZF,266,8867,C:\research_raw\optical_sar_data\20260721data\derived_frames\pseudocolor_labelstudio_prep_20260722\frames\sar_pseudocolor\R02ZF\frame_000266_t008867ms.jpg,1024,592,-59.92829848430174,59.833559435023005,160,8889,NOMINAL_INDEX_FPS_ZERO_OFFSET_UNVERIFIED,511.74532586922845,590.7763512520755,591.3403167097985,20.0
R02ZF_SARF000267,R02ZF,267,8900,C:\research_raw\optical_sar_data\20260721data\derived_frames\pseudocolor_labelstudio_prep_20260722\frames\sar_pseudocolor\R02ZF\frame_000267_t008900ms.jpg,1024,592,-59.92829848430174,59.833559435023005,160,8889,NOMINAL_INDEX_FPS_ZERO_OFFSET_UNVERIFIED,511.74532586922845,590.7763512520755,591.3403167097985,20.0
R02ZF_SARF000268,R02ZF,268,8933,C:\research_raw\optical_sar_data\20260721data\derived_frames\pseudocolor_labelstudio_prep_20260722\frames\sar_pseudocolor\R02ZF\frame_000268_t008933ms.jpg,1024,592,-59.92829848430174,59.833559435023005,161,8944,NOMINAL_INDEX_FPS_ZERO_OFFSET_UNVERIFIED,511.74532586922845,590.7763512520755,591.3403167097985,20.0
R02ZF_SARF000269,R02ZF,269,8967,C:\research_raw\optical_sar_data\20260721data\derived_frames\pseudocolor_labelstudio_prep_20260722\frames\sar_pseudocolor\R02ZF\frame_000269_t008967ms.jpg,1024,592,-59.92829848430174,59.833559435023005,161,8944,NOMINAL_INDEX_FPS_ZERO_OFFSET_UNVERIFIED,511.74532586922845,590.7763512520755,591.3403167097985,20.0
R02ZF_SARF000270,R02ZF,270,9000,C:\research_raw\optical_sar_data\20260721data\derived_frames\pseudocolor_labelstudio_prep_20260722\frames\sar_pseudocolor\R02ZF\frame_000270_t009000ms.jpg,1024,592,-59.92829848430174,59.833559435023005,162,9000,NOMINAL_INDEX_FPS_ZERO_OFFSET_UNVERIFIED,511.74532586922845,590.7763512520755,591.3403167097985,20.0
R02ZF_SARF000271,R02ZF,271,9033,C:\research_raw\optical_sar_data\20260721data\derived_frames\pseudocolor_labelstudio_prep_20260722\frames\sar_pseudocolor\R02ZF\frame_000271_t009033ms.jpg,1024,592,-59.92829848430174,59.833559435023005,163,9056,NOMINAL_INDEX_FPS_ZERO_OFFSET_UNVERIFIED,511.74532586922845,590.7763512520755,591.3403167097985,20.0
R02ZF_SARF000272,R02ZF,272,9067,C:\research_raw\optical_sar_data\20260721data\derived_frames\pseudocolor_labelstudio_prep_20260722\frames\sar_pseudocolor\R02ZF\frame_000272_t009067ms.jpg,1024,592,-59.92829848430174,59.833559435023005,163,9056,NOMINAL_INDEX_FPS_ZERO_OFFSET_UNVERIFIED,511.74532586922845,590.7763512520755,591.3403167097985,20.0
R02ZF_SARF000273,R02ZF,273,9100,C:\research_raw\optical_sar_data\20260721data\derived_frames\pseudocolor_labelstudio_prep_20260722\frames\sar_pseudocolor\R02ZF\frame_000273_t009100ms.jpg,1024,592,-59.92829848430174,59.833559435023005,164,9111,NOMINAL_INDEX_FPS_ZERO_OFFSET_UNVERIFIED,511.74532586922845,590.7763512520755,591.3403167097985,20.0
R02ZF_SARF000274,R02ZF,274,9133,C:\research_raw\optical_sar_data\20260721data\derived_frames\pseudocolor_labelstudio_prep_20260722\frames\sar_pseudocolor\R02ZF\frame_000274_t009133ms.jpg,1024,592,-59.92829848430174,59.833559435023005,164,9111,NOMINAL_INDEX_FPS_ZERO_OFFSET_UNVERIFIED,511.74532586922845,590.7763512520755,591.3403167097985,20.0
R02ZF_SARF000275,R02ZF,275,9167,C:\research_raw\optical_sar_data\20260721data\derived_frames\pseudocolor_labelstudio_prep_20260722\frames\sar_pseudocolor\R02ZF\frame_000275_t009167ms.jpg,1024,592,-59.92829848430174,59.833559435023005,165,9167,NOMINAL_INDEX_FPS_ZERO_OFFSET_UNVERIFIED,511.74532586922845,590.7763512520755,591.3403167097985,20.0
R02ZF_SARF000276,R02ZF,276,9200,C:\research_raw\optical_sar_data\20260721data\derived_frames\pseudocolor_labelstudio_prep_20260722\frames\sar_pseudocolor\R02ZF\frame_000276_t009200ms.jpg,1024,592,-59.92829848430174,59.833559435023005,166,9222,NOMINAL_INDEX_FPS_ZERO_OFFSET_UNVERIFIED,511.74532586922845,590.7763512520755,591.3403167097985,20.0
R02ZF_SARF000277,R02ZF,277,9233,C:\research_raw\optical_sar_data\20260721data\derived_frames\pseudocolor_labelstudio_prep_20260722\frames\sar_pseudocolor\R02ZF\frame_000277_t009233ms.jpg,1024,592,-59.92829848430174,59.833559435023005,166,9222,NOMINAL_INDEX_FPS_ZERO_OFFSET_UNVERIFIED,511.74532586922845,590.7763512520755,591.3403167097985,20.0
R02ZF_SARF000278,R02ZF,278,9267,C:\research_raw\optical_sar_data\20260721data\derived_frames\pseudocolor_labelstudio_prep_20260722\frames\sar_pseudocolor\R02ZF\frame_000278_t009267ms.jpg,1024,592,-59.92829848430174,59.833559435023005,167,9278,NOMINAL_INDEX_FPS_ZERO_OFFSET_UNVERIFIED,511.74532586922845,590.7763512520755,591.3403167097985,20.0
R02ZF_SARF000279,R02ZF,279,9300,C:\research_raw\optical_sar_data\20260721data\derived_frames\pseudocolor_labelstudio_prep_20260722\frames\sar_pseudocolor\R02ZF\frame_000279_t009300ms.jpg,1024,592,-59.92829848430174,59.833559435023005,167,9278,NOMINAL_INDEX_FPS_ZERO_OFFSET_UNVERIFIED,511.74532586922845,590.7763512520755,591.3403167097985,20.0
R02ZF_SARF000280,R02ZF,280,9333,C:\research_raw\optical_sar_data\20260721data\derived_frames\pseudocolor_labelstudio_prep_20260722\frames\sar_pseudocolor\R02ZF\frame_000280_t009333ms.jpg,1024,592,-59.92829848430174,59.833559435023005,168,9333,NOMINAL_INDEX_FPS_ZERO_OFFSET_UNVERIFIED,511.74532586922845,590.7763512520755,591.3403167097985,20.0
R02ZF_SARF000281,R02ZF,281,9367,C:\research_raw\optical_sar_data\20260721data\derived_frames\pseudocolor_labelstudio_prep_20260722\frames\sar_pseudocolor\R02ZF\frame_000281_t009367ms.jpg,1024,592,-59.92829848430174,59.833559435023005,169,9389,NOMINAL_INDEX_FPS_ZERO_OFFSET_UNVERIFIED,511.74532586922845,590.7763512520755,591.3403167097985,20.0
R02ZF_SARF000282,R02ZF,282,9400,C:\research_raw\optical_sar_data\20260721data\derived_frames\pseudocolor_labelstudio_prep_20260722\frames\sar_pseudocolor\R02ZF\frame_000282_t009400ms.jpg,1024,592,-59.92829848430174,59.833559435023005,169,9389,NOMINAL_INDEX_FPS_ZERO_OFFSET_UNVERIFIED,511.74532586922845,590.7763512520755,591.3403167097985,20.0
R02ZF_SARF000283,R02ZF,283,9433,C:\research_raw\optical_sar_data\20260721data\derived_frames\pseudocolor_labelstudio_prep_20260722\frames\sar_pseudocolor\R02ZF\frame_000283_t009433ms.jpg,1024,592,-59.92829848430174,59.833559435023005,170,9444,NOMINAL_INDEX_FPS_ZERO_OFFSET_UNVERIFIED,511.74532586922845,590.7763512520755,591.3403167097985,20.0
R02ZF_SARF000284,R02ZF,284,9467,C:\research_raw\optical_sar_data\20260721data\derived_frames\pseudocolor_labelstudio_prep_20260722\frames\sar_pseudocolor\R02ZF\frame_000284_t009467ms.jpg,1024,592,-59.92829848430174,59.833559435023005,170,9444,NOMINAL_INDEX_FPS_ZERO_OFFSET_UNVERIFIED,511.74532586922845,590.7763512520755,591.3403167097985,20.0
R02ZF_SARF000285,R02ZF,285,9500,C:\research_raw\optical_sar_data\20260721data\derived_frames\pseudocolor_labelstudio_prep_20260722\frames\sar_pseudocolor\R02ZF\frame_000285_t009500ms.jpg,1024,592,-59.92829848430174,59.833559435023005,171,9500,NOMINAL_INDEX_FPS_ZERO_OFFSET_UNVERIFIED,511.74532586922845,590.7763512520755,591.3403167097985,20.0
R02ZF_SARF000286,R02ZF,286,9533,C:\research_raw\optical_sar_data\20260721data\derived_frames\pseudocolor_labelstudio_prep_20260722\frames\sar_pseudocolor\R02ZF\frame_000286_t009533ms.jpg,1024,592,-59.92829848430174,59.833559435023005,172,9556,NOMINAL_INDEX_FPS_ZERO_OFFSET_UNVERIFIED,511.74532586922845,590.7763512520755,591.3403167097985,20.0
R02ZF_SARF000287,R02ZF,287,9567,C:\research_raw\optical_sar_data\20260721data\derived_frames\pseudocolor_labelstudio_prep_20260722\frames\sar_pseudocolor\R02ZF\frame_000287_t009567ms.jpg,1024,592,-59.92829848430174,59.833559435023005,172,9556,NOMINAL_INDEX_FPS_ZERO_OFFSET_UNVERIFIED,511.74532586922845,590.7763512520755,591.3403167097985,20.0
R02ZF_SARF000288,R02ZF,288,9600,C:\research_raw\optical_sar_data\20260721data\derived_frames\pseudocolor_labelstudio_prep_20260722\frames\sar_pseudocolor\R02ZF\frame_000288_t009600ms.jpg,1024,592,-59.92829848430174,59.833559435023005,173,9611,NOMINAL_INDEX_FPS_ZERO_OFFSET_UNVERIFIED,511.74532586922845,590.7763512520755,591.3403167097985,20.0
R02ZF_SARF000289,R02ZF,289,9633,C:\research_raw\optical_sar_data\20260721data\derived_frames\pseudocolor_labelstudio_prep_20260722\frames\sar_pseudocolor\R02ZF\frame_000289_t009633ms.jpg,1024,592,-59.92829848430174,59.833559435023005,173,9611,NOMINAL_INDEX_FPS_ZERO_OFFSET_UNVERIFIED,511.74532586922845,590.7763512520755,591.3403167097985,20.0
R02ZF_SARF000290,R02ZF,290,9667,C:\research_raw\optical_sar_data\20260721data\derived_frames\pseudocolor_labelstudio_prep_20260722\frames\sar_pseudocolor\R02ZF\frame_000290_t009667ms.jpg,1024,592,-59.92829848430174,59.833559435023005,174,9667,NOMINAL_INDEX_FPS_ZERO_OFFSET_UNVERIFIED,511.74532586922845,590.7763512520755,591.3403167097985,20.0
R02ZF_SARF000291,R02ZF,291,9700,C:\research_raw\optical_sar_data\20260721data\derived_frames\pseudocolor_labelstudio_prep_20260722\frames\sar_pseudocolor\R02ZF\frame_000291_t009700ms.jpg,1024,592,-59.92829848430174,59.833559435023005,175,9722,NOMINAL_INDEX_FPS_ZERO_OFFSET_UNVERIFIED,511.74532586922845,590.7763512520755,591.3403167097985,20.0
R02ZF_SARF000292,R02ZF,292,9733,C:\research_raw\optical_sar_data\20260721data\derived_frames\pseudocolor_labelstudio_prep_20260722\frames\sar_pseudocolor\R02ZF\frame_000292_t009733ms.jpg,1024,592,-59.92829848430174,59.833559435023005,175,9722,NOMINAL_INDEX_FPS_ZERO_OFFSET_UNVERIFIED,511.74532586922845,590.7763512520755,591.3403167097985,20.0
R02ZF_SARF000293,R02ZF,293,9767,C:\research_raw\optical_sar_data\20260721data\derived_frames\pseudocolor_labelstudio_prep_20260722\frames\sar_pseudocolor\R02ZF\frame_000293_t009767ms.jpg,1024,592,-59.92829848430174,59.833559435023005,176,9778,NOMINAL_INDEX_FPS_ZERO_OFFSET_UNVERIFIED,511.74532586922845,590.7763512520755,591.3403167097985,20.0
R02ZF_SARF000294,R02ZF,294,9800,C:\research_raw\optical_sar_data\20260721data\derived_frames\pseudocolor_labelstudio_prep_20260722\frames\sar_pseudocolor\R02ZF\frame_000294_t009800ms.jpg,1024,592,-59.92829848430174,59.833559435023005,176,9778,NOMINAL_INDEX_FPS_ZERO_OFFSET_UNVERIFIED,511.74532586922845,590.7763512520755,591.3403167097985,20.0
R02ZF_SARF000295,R02ZF,295,9833,C:\research_raw\optical_sar_data\20260721data\derived_frames\pseudocolor_labelstudio_prep_20260722\frames\sar_pseudocolor\R02ZF\frame_000295_t009833ms.jpg,1024,592,-59.92829848430174,59.833559435023005,177,9833,NOMINAL_INDEX_FPS_ZERO_OFFSET_UNVERIFIED,511.74532586922845,590.7763512520755,591.3403167097985,20.0
R02ZF_SARF000296,R02ZF,296,9867,C:\research_raw\optical_sar_data\20260721data\derived_frames\pseudocolor_labelstudio_prep_20260722\frames\sar_pseudocolor\R02ZF\frame_000296_t009867ms.jpg,1024,592,-59.92829848430174,59.833559435023005,178,9889,NOMINAL_INDEX_FPS_ZERO_OFFSET_UNVERIFIED,511.74532586922845,590.7763512520755,591.3403167097985,20.0
R02ZF_SARF000297,R02ZF,297,9900,C:\research_raw\optical_sar_data\20260721data\derived_frames\pseudocolor_labelstudio_prep_20260722\frames\sar_pseudocolor\R02ZF\frame_000297_t009900ms.jpg,1024,592,-59.92829848430174,59.833559435023005,178,9889,NOMINAL_INDEX_FPS_ZERO_OFFSET_UNVERIFIED,511.74532586922845,590.7763512520755,591.3403167097985,20.0
R02ZF_SARF000298,R02ZF,298,9933,C:\research_raw\optical_sar_data\20260721data\derived_frames\pseudocolor_labelstudio_prep_20260722\frames\sar_pseudocolor\R02ZF\frame_000298_t009933ms.jpg,1024,592,-59.92829848430174,59.833559435023005,179,9944,NOMINAL_INDEX_FPS_ZERO_OFFSET_UNVERIFIED,511.74532586922845,590.7763512520755,591.3403167097985,20.0
R02ZF_SARF000299,R02ZF,299,9967,C:\research_raw\optical_sar_data\20260721data\derived_frames\pseudocolor_labelstudio_prep_20260722\frames\sar_pseudocolor\R02ZF\frame_000299_t009967ms.jpg,1024,592,-59.92829848430174,59.833559435023005,179,9944,NOMINAL_INDEX_FPS_ZERO_OFFSET_UNVERIFIED,511.74532586922845,590.7763512520755,591.3403167097985,20.0
R02ZF_SARF000300,R02ZF,300,10000,C:\research_raw\optical_sar_data\20260721data\derived_frames\pseudocolor_labelstudio_prep_20260722\frames\sar_pseudocolor\R02ZF\frame_000300_t010000ms.jpg,1024,592,-59.92829848430174,59.833559435023005,180,10000,NOMINAL_INDEX_FPS_ZERO_OFFSET_UNVERIFIED,511.74532586922845,590.7763512520755,591.3403167097985,20.0
R02ZF_SARF000301,R02ZF,301,10033,C:\research_raw\optical_sar_data\20260721data\derived_frames\pseudocolor_labelstudio_prep_20260722\frames\sar_pseudocolor\R02ZF\frame_000301_t010033ms.jpg,1024,592,-59.92829848430174,59.833559435023005,181,10056,NOMINAL_INDEX_FPS_ZERO_OFFSET_UNVERIFIED,511.74532586922845,590.7763512520755,591.3403167097985,20.0
R02ZF_SARF000302,R02ZF,302,10067,C:\research_raw\optical_sar_data\20260721data\derived_frames\pseudocolor_labelstudio_prep_20260722\frames\sar_pseudocolor\R02ZF\frame_000302_t010067ms.jpg,1024,592,-59.92829848430174,59.833559435023005,181,10056,NOMINAL_INDEX_FPS_ZERO_OFFSET_UNVERIFIED,511.74532586922845,590.7763512520755,591.3403167097985,20.0
R02ZF_SARF000303,R02ZF,303,10100,C:\research_raw\optical_sar_data\20260721data\derived_frames\pseudocolor_labelstudio_prep_20260722\frames\sar_pseudocolor\R02ZF\frame_000303_t010100ms.jpg,1024,592,-59.92829848430174,59.833559435023005,182,10111,NOMINAL_INDEX_FPS_ZERO_OFFSET_UNVERIFIED,511.74532586922845,590.7763512520755,591.3403167097985,20.0
R02ZF_SARF000304,R02ZF,304,10133,C:\research_raw\optical_sar_data\20260721data\derived_frames\pseudocolor_labelstudio_prep_20260722\frames\sar_pseudocolor\R02ZF\frame_000304_t010133ms.jpg,1024,592,-59.92829848430174,59.833559435023005,182,10111,NOMINAL_INDEX_FPS_ZERO_OFFSET_UNVERIFIED,511.74532586922845,590.7763512520755,591.3403167097985,20.0
R02ZF_SARF000305,R02ZF,305,10167,C:\research_raw\optical_sar_data\20260721data\derived_frames\pseudocolor_labelstudio_prep_20260722\frames\sar_pseudocolor\R02ZF\frame_000305_t010167ms.jpg,1024,592,-59.92829848430174,59.833559435023005,183,10167,NOMINAL_INDEX_FPS_ZERO_OFFSET_UNVERIFIED,511.74532586922845,590.7763512520755,591.3403167097985,20.0
R02ZF_SARF000306,R02ZF,306,10200,C:\research_raw\optical_sar_data\20260721data\derived_frames\pseudocolor_labelstudio_prep_20260722\frames\sar_pseudocolor\R02ZF\frame_000306_t010200ms.jpg,1024,592,-59.92829848430174,59.833559435023005,184,10222,NOMINAL_INDEX_FPS_ZERO_OFFSET_UNVERIFIED,511.74532586922845,590.7763512520755,591.3403167097985,20.0
R02ZF_SARF000307,R02ZF,307,10233,C:\research_raw\optical_sar_data\20260721data\derived_frames\pseudocolor_labelstudio_prep_20260722\frames\sar_pseudocolor\R02ZF\frame_000307_t010233ms.jpg,1024,592,-59.92829848430174,59.833559435023005,184,10222,NOMINAL_INDEX_FPS_ZERO_OFFSET_UNVERIFIED,511.74532586922845,590.7763512520755,591.3403167097985,20.0
R02ZF_SARF000308,R02ZF,308,10267,C:\research_raw\optical_sar_data\20260721data\derived_frames\pseudocolor_labelstudio_prep_20260722\frames\sar_pseudocolor\R02ZF\frame_000308_t010267ms.jpg,1024,592,-59.92829848430174,59.833559435023005,185,10278,NOMINAL_INDEX_FPS_ZERO_OFFSET_UNVERIFIED,511.74532586922845,590.7763512520755,591.3403167097985,20.0
R02ZF_SARF000309,R02ZF,309,10300,C:\research_raw\optical_sar_data\20260721data\derived_frames\pseudocolor_labelstudio_prep_20260722\frames\sar_pseudocolor\R02ZF\frame_000309_t010300ms.jpg,1024,592,-59.92829848430174,59.833559435023005,185,10278,NOMINAL_INDEX_FPS_ZERO_OFFSET_UNVERIFIED,511.74532586922845,590.7763512520755,591.3403167097985,20.0
R02ZF_SARF000310,R02ZF,310,10333,C:\research_raw\optical_sar_data\20260721data\derived_frames\pseudocolor_labelstudio_prep_20260722\frames\sar_pseudocolor\R02ZF\frame_000310_t010333ms.jpg,1024,592,-59.92829848430174,59.833559435023005,186,10333,NOMINAL_INDEX_FPS_ZERO_OFFSET_UNVERIFIED,511.74532586922845,590.7763512520755,591.3403167097985,20.0
R02ZF_SARF000311,R02ZF,311,10367,C:\research_raw\optical_sar_data\20260721data\derived_frames\pseudocolor_labelstudio_prep_20260722\frames\sar_pseudocolor\R02ZF\frame_000311_t010367ms.jpg,1024,592,-59.92829848430174,59.833559435023005,187,10389,NOMINAL_INDEX_FPS_ZERO_OFFSET_UNVERIFIED,511.74532586922845,590.7763512520755,591.3403167097985,20.0
R02ZF_SARF000312,R02ZF,312,10400,C:\research_raw\optical_sar_data\20260721data\derived_frames\pseudocolor_labelstudio_prep_20260722\frames\sar_pseudocolor\R02ZF\frame_000312_t010400ms.jpg,1024,592,-59.92829848430174,59.833559435023005,187,10389,NOMINAL_INDEX_FPS_ZERO_OFFSET_UNVERIFIED,511.74532586922845,590.7763512520755,591.3403167097985,20.0
R02ZF_SARF000313,R02ZF,313,10433,C:\research_raw\optical_sar_data\20260721data\derived_frames\pseudocolor_labelstudio_prep_20260722\frames\sar_pseudocolor\R02ZF\frame_000313_t010433ms.jpg,1024,592,-59.92829848430174,59.833559435023005,188,10444,NOMINAL_INDEX_FPS_ZERO_OFFSET_UNVERIFIED,511.74532586922845,590.7763512520755,591.3403167097985,20.0
R02ZF_SARF000314,R02ZF,314,10467,C:\research_raw\optical_sar_data\20260721data\derived_frames\pseudocolor_labelstudio_prep_20260722\frames\sar_pseudocolor\R02ZF\frame_000314_t010467ms.jpg,1024,592,-59.92829848430174,59.833559435023005,188,10444,NOMINAL_INDEX_FPS_ZERO_OFFSET_UNVERIFIED,511.74532586922845,590.7763512520755,591.3403167097985,20.0
R02ZF_SARF000315,R02ZF,315,10500,C:\research_raw\optical_sar_data\20260721data\derived_frames\pseudocolor_labelstudio_prep_20260722\frames\sar_pseudocolor\R02ZF\frame_000315_t010500ms.jpg,1024,592,-59.92829848430174,59.833559435023005,189,10500,NOMINAL_INDEX_FPS_ZERO_OFFSET_UNVERIFIED,511.74532586922845,590.7763512520755,591.3403167097985,20.0
R02ZF_SARF000316,R02ZF,316,10533,C:\research_raw\optical_sar_data\20260721data\derived_frames\pseudocolor_labelstudio_prep_20260722\frames\sar_pseudocolor\R02ZF\frame_000316_t010533ms.jpg,1024,592,-59.92829848430174,59.833559435023005,190,10556,NOMINAL_INDEX_FPS_ZERO_OFFSET_UNVERIFIED,511.74532586922845,590.7763512520755,591.3403167097985,20.0
R02ZF_SARF000317,R02ZF,317,10567,C:\research_raw\optical_sar_data\20260721data\derived_frames\pseudocolor_labelstudio_prep_20260722\frames\sar_pseudocolor\R02ZF\frame_000317_t010567ms.jpg,1024,592,-59.92829848430174,59.833559435023005,190,10556,NOMINAL_INDEX_FPS_ZERO_OFFSET_UNVERIFIED,511.74532586922845,590.7763512520755,591.3403167097985,20.0
R02ZF_SARF000318,R02ZF,318,10600,C:\research_raw\optical_sar_data\20260721data\derived_frames\pseudocolor_labelstudio_prep_20260722\frames\sar_pseudocolor\R02ZF\frame_000318_t010600ms.jpg,1024,592,-59.92829848430174,59.833559435023005,191,10611,NOMINAL_INDEX_FPS_ZERO_OFFSET_UNVERIFIED,511.74532586922845,590.7763512520755,591.3403167097985,20.0
R02ZF_SARF000319,R02ZF,319,10633,C:\research_raw\optical_sar_data\20260721data\derived_frames\pseudocolor_labelstudio_prep_20260722\frames\sar_pseudocolor\R02ZF\frame_000319_t010633ms.jpg,1024,592,-59.92829848430174,59.833559435023005,191,10611,NOMINAL_INDEX_FPS_ZERO_OFFSET_UNVERIFIED,511.74532586922845,590.7763512520755,591.3403167097985,20.0
R02ZF_SARF000320,R02ZF,320,10667,C:\research_raw\optical_sar_data\20260721data\derived_frames\pseudocolor_labelstudio_prep_20260722\frames\sar_pseudocolor\R02ZF\frame_000320_t010667ms.jpg,1024,592,-59.92829848430174,59.833559435023005,192,10667,NOMINAL_INDEX_FPS_ZERO_OFFSET_UNVERIFIED,511.74532586922845,590.7763512520755,591.3403167097985,20.0
R02ZF_SARF000321,R02ZF,321,10700,C:\research_raw\optical_sar_data\20260721data\derived_frames\pseudocolor_labelstudio_prep_20260722\frames\sar_pseudocolor\R02ZF\frame_000321_t010700ms.jpg,1024,592,-59.92829848430174,59.833559435023005,193,10722,NOMINAL_INDEX_FPS_ZERO_OFFSET_UNVERIFIED,511.74532586922845,590.7763512520755,591.3403167097985,20.0
R02ZF_SARF000322,R02ZF,322,10733,C:\research_raw\optical_sar_data\20260721data\derived_frames\pseudocolor_labelstudio_prep_20260722\frames\sar_pseudocolor\R02ZF\frame_000322_t010733ms.jpg,1024,592,-59.92829848430174,59.833559435023005,193,10722,NOMINAL_INDEX_FPS_ZERO_OFFSET_UNVERIFIED,511.74532586922845,590.7763512520755,591.3403167097985,20.0
R02ZF_SARF000323,R02ZF,323,10767,C:\research_raw\optical_sar_data\20260721data\derived_frames\pseudocolor_labelstudio_prep_20260722\frames\sar_pseudocolor\R02ZF\frame_000323_t010767ms.jpg,1024,592,-59.92829848430174,59.833559435023005,194,10778,NOMINAL_INDEX_FPS_ZERO_OFFSET_UNVERIFIED,511.74532586922845,590.7763512520755,591.3403167097985,20.0
R02ZF_SARF000324,R02ZF,324,10800,C:\research_raw\optical_sar_data\20260721data\derived_frames\pseudocolor_labelstudio_prep_20260722\frames\sar_pseudocolor\R02ZF\frame_000324_t010800ms.jpg,1024,592,-59.92829848430174,59.833559435023005,194,10778,NOMINAL_INDEX_FPS_ZERO_OFFSET_UNVERIFIED,511.74532586922845,590.7763512520755,591.3403167097985,20.0
R02ZF_SARF000325,R02ZF,325,10833,C:\research_raw\optical_sar_data\20260721data\derived_frames\pseudocolor_labelstudio_prep_20260722\frames\sar_pseudocolor\R02ZF\frame_000325_t010833ms.jpg,1024,592,-59.92829848430174,59.833559435023005,195,10833,NOMINAL_INDEX_FPS_ZERO_OFFSET_UNVERIFIED,511.74532586922845,590.7763512520755,591.3403167097985,20.0
R02ZF_SARF000326,R02ZF,326,10867,C:\research_raw\optical_sar_data\20260721data\derived_frames\pseudocolor_labelstudio_prep_20260722\frames\sar_pseudocolor\R02ZF\frame_000326_t010867ms.jpg,1024,592,-59.92829848430174,59.833559435023005,196,10889,NOMINAL_INDEX_FPS_ZERO_OFFSET_UNVERIFIED,511.74532586922845,590.7763512520755,591.3403167097985,20.0
R02ZF_SARF000327,R02ZF,327,10900,C:\research_raw\optical_sar_data\20260721data\derived_frames\pseudocolor_labelstudio_prep_20260722\frames\sar_pseudocolor\R02ZF\frame_000327_t010900ms.jpg,1024,592,-59.92829848430174,59.833559435023005,196,10889,NOMINAL_INDEX_FPS_ZERO_OFFSET_UNVERIFIED,511.74532586922845,590.7763512520755,591.3403167097985,20.0
R02ZF_SARF000328,R02ZF,328,10933,C:\research_raw\optical_sar_data\20260721data\derived_frames\pseudocolor_labelstudio_prep_20260722\frames\sar_pseudocolor\R02ZF\frame_000328_t010933ms.jpg,1024,592,-59.92829848430174,59.833559435023005,197,10944,NOMINAL_INDEX_FPS_ZERO_OFFSET_UNVERIFIED,511.74532586922845,590.7763512520755,591.3403167097985,20.0
R02ZF_SARF000329,R02ZF,329,10967,C:\research_raw\optical_sar_data\20260721data\derived_frames\pseudocolor_labelstudio_prep_20260722\frames\sar_pseudocolor\R02ZF\frame_000329_t010967ms.jpg,1024,592,-59.92829848430174,59.833559435023005,197,10944,NOMINAL_INDEX_FPS_ZERO_OFFSET_UNVERIFIED,511.74532586922845,590.7763512520755,591.3403167097985,20.0
R02ZF_SARF000330,R02ZF,330,11000,C:\research_raw\optical_sar_data\20260721data\derived_frames\pseudocolor_labelstudio_prep_20260722\frames\sar_pseudocolor\R02ZF\frame_000330_t011000ms.jpg,1024,592,-59.92829848430174,59.833559435023005,198,11000,NOMINAL_INDEX_FPS_ZERO_OFFSET_UNVERIFIED,511.74532586922845,590.7763512520755,591.3403167097985,20.0
R02ZF_SARF000331,R02ZF,331,11033,C:\research_raw\optical_sar_data\20260721data\derived_frames\pseudocolor_labelstudio_prep_20260722\frames\sar_pseudocolor\R02ZF\frame_000331_t011033ms.jpg,1024,592,-59.92829848430174,59.833559435023005,199,11056,NOMINAL_INDEX_FPS_ZERO_OFFSET_UNVERIFIED,511.74532586922845,590.7763512520755,591.3403167097985,20.0
R02ZF_SARF000332,R02ZF,332,11067,C:\research_raw\optical_sar_data\20260721data\derived_frames\pseudocolor_labelstudio_prep_20260722\frames\sar_pseudocolor\R02ZF\frame_000332_t011067ms.jpg,1024,592,-59.92829848430174,59.833559435023005,199,11056,NOMINAL_INDEX_FPS_ZERO_OFFSET_UNVERIFIED,511.74532586922845,590.7763512520755,591.3403167097985,20.0
R02ZF_SARF000333,R02ZF,333,11100,C:\research_raw\optical_sar_data\20260721data\derived_frames\pseudocolor_labelstudio_prep_20260722\frames\sar_pseudocolor\R02ZF\frame_000333_t011100ms.jpg,1024,592,-59.92829848430174,59.833559435023005,200,11111,NOMINAL_INDEX_FPS_ZERO_OFFSET_UNVERIFIED,511.74532586922845,590.7763512520755,591.3403167097985,20.0
R02ZF_SARF000334,R02ZF,334,11133,C:\research_raw\optical_sar_data\20260721data\derived_frames\pseudocolor_labelstudio_prep_20260722\frames\sar_pseudocolor\R02ZF\frame_000334_t011133ms.jpg,1024,592,-59.92829848430174,59.833559435023005,200,11111,NOMINAL_INDEX_FPS_ZERO_OFFSET_UNVERIFIED,511.74532586922845,590.7763512520755,591.3403167097985,20.0
R02ZF_SARF000335,R02ZF,335,11167,C:\research_raw\optical_sar_data\20260721data\derived_frames\pseudocolor_labelstudio_prep_20260722\frames\sar_pseudocolor\R02ZF\frame_000335_t011167ms.jpg,1024,592,-59.92829848430174,59.833559435023005,201,11167,NOMINAL_INDEX_FPS_ZERO_OFFSET_UNVERIFIED,511.74532586922845,590.7763512520755,591.3403167097985,20.0
R02ZF_SARF000336,R02ZF,336,11200,C:\research_raw\optical_sar_data\20260721data\derived_frames\pseudocolor_labelstudio_prep_20260722\frames\sar_pseudocolor\R02ZF\frame_000336_t011200ms.jpg,1024,592,-59.92829848430174,59.833559435023005,202,11222,NOMINAL_INDEX_FPS_ZERO_OFFSET_UNVERIFIED,511.74532586922845,590.7763512520755,591.3403167097985,20.0
R02ZF_SARF000337,R02ZF,337,11233,C:\research_raw\optical_sar_data\20260721data\derived_frames\pseudocolor_labelstudio_prep_20260722\frames\sar_pseudocolor\R02ZF\frame_000337_t011233ms.jpg,1024,592,-59.92829848430174,59.833559435023005,202,11222,NOMINAL_INDEX_FPS_ZERO_OFFSET_UNVERIFIED,511.74532586922845,590.7763512520755,591.3403167097985,20.0
R02ZF_SARF000338,R02ZF,338,11267,C:\research_raw\optical_sar_data\20260721data\derived_frames\pseudocolor_labelstudio_prep_20260722\frames\sar_pseudocolor\R02ZF\frame_000338_t011267ms.jpg,1024,592,-59.92829848430174,59.833559435023005,203,11278,NOMINAL_INDEX_FPS_ZERO_OFFSET_UNVERIFIED,511.74532586922845,590.7763512520755,591.3403167097985,20.0
R02ZF_SARF000339,R02ZF,339,11300,C:\research_raw\optical_sar_data\20260721data\derived_frames\pseudocolor_labelstudio_prep_20260722\frames\sar_pseudocolor\R02ZF\frame_000339_t011300ms.jpg,1024,592,-59.92829848430174,59.833559435023005,203,11278,NOMINAL_INDEX_FPS_ZERO_OFFSET_UNVERIFIED,511.74532586922845,590.7763512520755,591.3403167097985,20.0
R02ZF_SARF000340,R02ZF,340,11333,C:\research_raw\optical_sar_data\20260721data\derived_frames\pseudocolor_labelstudio_prep_20260722\frames\sar_pseudocolor\R02ZF\frame_000340_t011333ms.jpg,1024,592,-59.92829848430174,59.833559435023005,204,11333,NOMINAL_INDEX_FPS_ZERO_OFFSET_UNVERIFIED,511.74532586922845,590.7763512520755,591.3403167097985,20.0
R02ZF_SARF000341,R02ZF,341,11367,C:\research_raw\optical_sar_data\20260721data\derived_frames\pseudocolor_labelstudio_prep_20260722\frames\sar_pseudocolor\R02ZF\frame_000341_t011367ms.jpg,1024,592,-59.92829848430174,59.833559435023005,205,11389,NOMINAL_INDEX_FPS_ZERO_OFFSET_UNVERIFIED,511.74532586922845,590.7763512520755,591.3403167097985,20.0
R02ZF_SARF000342,R02ZF,342,11400,C:\research_raw\optical_sar_data\20260721data\derived_frames\pseudocolor_labelstudio_prep_20260722\frames\sar_pseudocolor\R02ZF\frame_000342_t011400ms.jpg,1024,592,-59.92829848430174,59.833559435023005,205,11389,NOMINAL_INDEX_FPS_ZERO_OFFSET_UNVERIFIED,511.74532586922845,590.7763512520755,591.3403167097985,20.0
R02ZF_SARF000343,R02ZF,343,11433,C:\research_raw\optical_sar_data\20260721data\derived_frames\pseudocolor_labelstudio_prep_20260722\frames\sar_pseudocolor\R02ZF\frame_000343_t011433ms.jpg,1024,592,-59.92829848430174,59.833559435023005,206,11444,NOMINAL_INDEX_FPS_ZERO_OFFSET_UNVERIFIED,511.74532586922845,590.7763512520755,591.3403167097985,20.0
R02ZF_SARF000344,R02ZF,344,11467,C:\research_raw\optical_sar_data\20260721data\derived_frames\pseudocolor_labelstudio_prep_20260722\frames\sar_pseudocolor\R02ZF\frame_000344_t011467ms.jpg,1024,592,-59.92829848430174,59.833559435023005,206,11444,NOMINAL_INDEX_FPS_ZERO_OFFSET_UNVERIFIED,511.74532586922845,590.7763512520755,591.3403167097985,20.0
R02ZF_SARF000345,R02ZF,345,11500,C:\research_raw\optical_sar_data\20260721data\derived_frames\pseudocolor_labelstudio_prep_20260722\frames\sar_pseudocolor\R02ZF\frame_000345_t011500ms.jpg,1024,592,-59.92829848430174,59.833559435023005,207,11500,NOMINAL_INDEX_FPS_ZERO_OFFSET_UNVERIFIED,511.74532586922845,590.7763512520755,591.3403167097985,20.0
R02ZF_SARF000346,R02ZF,346,11533,C:\research_raw\optical_sar_data\20260721data\derived_frames\pseudocolor_labelstudio_prep_20260722\frames\sar_pseudocolor\R02ZF\frame_000346_t011533ms.jpg,1024,592,-59.92829848430174,59.833559435023005,208,11556,NOMINAL_INDEX_FPS_ZERO_OFFSET_UNVERIFIED,511.74532586922845,590.7763512520755,591.3403167097985,20.0
R02ZF_SARF000347,R02ZF,347,11567,C:\research_raw\optical_sar_data\20260721data\derived_frames\pseudocolor_labelstudio_prep_20260722\frames\sar_pseudocolor\R02ZF\frame_000347_t011567ms.jpg,1024,592,-59.92829848430174,59.833559435023005,208,11556,NOMINAL_INDEX_FPS_ZERO_OFFSET_UNVERIFIED,511.74532586922845,590.7763512520755,591.3403167097985,20.0
R02ZF_SARF000348,R02ZF,348,11600,C:\research_raw\optical_sar_data\20260721data\derived_frames\pseudocolor_labelstudio_prep_20260722\frames\sar_pseudocolor\R02ZF\frame_000348_t011600ms.jpg,1024,592,-59.92829848430174,59.833559435023005,209,11611,NOMINAL_INDEX_FPS_ZERO_OFFSET_UNVERIFIED,511.74532586922845,590.7763512520755,591.3403167097985,20.0
R02ZF_SARF000349,R02ZF,349,11633,C:\research_raw\optical_sar_data\20260721data\derived_frames\pseudocolor_labelstudio_prep_20260722\frames\sar_pseudocolor\R02ZF\frame_000349_t011633ms.jpg,1024,592,-59.92829848430174,59.833559435023005,209,11611,NOMINAL_INDEX_FPS_ZERO_OFFSET_UNVERIFIED,511.74532586922845,590.7763512520755,591.3403167097985,20.0
R02ZF_SARF000350,R02ZF,350,11667,C:\research_raw\optical_sar_data\20260721data\derived_frames\pseudocolor_labelstudio_prep_20260722\frames\sar_pseudocolor\R02ZF\frame_000350_t011667ms.jpg,1024,592,-59.92829848430174,59.833559435023005,210,11667,NOMINAL_INDEX_FPS_ZERO_OFFSET_UNVERIFIED,511.74532586922845,590.7763512520755,591.3403167097985,20.0
R02ZF_SARF000351,R02ZF,351,11700,C:\research_raw\optical_sar_data\20260721data\derived_frames\pseudocolor_labelstudio_prep_20260722\frames\sar_pseudocolor\R02ZF\frame_000351_t011700ms.jpg,1024,592,-59.92829848430174,59.833559435023005,211,11722,NOMINAL_INDEX_FPS_ZERO_OFFSET_UNVERIFIED,511.74532586922845,590.7763512520755,591.3403167097985,20.0
R02ZF_SARF000352,R02ZF,352,11733,C:\research_raw\optical_sar_data\20260721data\derived_frames\pseudocolor_labelstudio_prep_20260722\frames\sar_pseudocolor\R02ZF\frame_000352_t011733ms.jpg,1024,592,-59.92829848430174,59.833559435023005,211,11722,NOMINAL_INDEX_FPS_ZERO_OFFSET_UNVERIFIED,511.74532586922845,590.7763512520755,591.3403167097985,20.0
R02ZF_SARF000353,R02ZF,353,11767,C:\research_raw\optical_sar_data\20260721data\derived_frames\pseudocolor_labelstudio_prep_20260722\frames\sar_pseudocolor\R02ZF\frame_000353_t011767ms.jpg,1024,592,-59.92829848430174,59.833559435023005,212,11778,NOMINAL_INDEX_FPS_ZERO_OFFSET_UNVERIFIED,511.74532586922845,590.7763512520755,591.3403167097985,20.0
R02ZF_SARF000354,R02ZF,354,11800,C:\research_raw\optical_sar_data\20260721data\derived_frames\pseudocolor_labelstudio_prep_20260722\frames\sar_pseudocolor\R02ZF\frame_000354_t011800ms.jpg,1024,592,-59.92829848430174,59.833559435023005,212,11778,NOMINAL_INDEX_FPS_ZERO_OFFSET_UNVERIFIED,511.74532586922845,590.7763512520755,591.3403167097985,20.0
R02ZF_SARF000355,R02ZF,355,11833,C:\research_raw\optical_sar_data\20260721data\derived_frames\pseudocolor_labelstudio_prep_20260722\frames\sar_pseudocolor\R02ZF\frame_000355_t011833ms.jpg,1024,592,-59.92829848430174,59.833559435023005,213,11833,NOMINAL_INDEX_FPS_ZERO_OFFSET_UNVERIFIED,511.74532586922845,590.7763512520755,591.3403167097985,20.0
R02ZF_SARF000356,R02ZF,356,11867,C:\research_raw\optical_sar_data\20260721data\derived_frames\pseudocolor_labelstudio_prep_20260722\frames\sar_pseudocolor\R02ZF\frame_000356_t011867ms.jpg,1024,592,-59.92829848430174,59.833559435023005,214,11889,NOMINAL_INDEX_FPS_ZERO_OFFSET_UNVERIFIED,511.74532586922845,590.7763512520755,591.3403167097985,20.0
R02ZF_SARF000357,R02ZF,357,11900,C:\research_raw\optical_sar_data\20260721data\derived_frames\pseudocolor_labelstudio_prep_20260722\frames\sar_pseudocolor\R02ZF\frame_000357_t011900ms.jpg,1024,592,-59.92829848430174,59.833559435023005,214,11889,NOMINAL_INDEX_FPS_ZERO_OFFSET_UNVERIFIED,511.74532586922845,590.7763512520755,591.3403167097985,20.0
R02ZF_SARF000358,R02ZF,358,11933,C:\research_raw\optical_sar_data\20260721data\derived_frames\pseudocolor_labelstudio_prep_20260722\frames\sar_pseudocolor\R02ZF\frame_000358_t011933ms.jpg,1024,592,-59.92829848430174,59.833559435023005,215,11944,NOMINAL_INDEX_FPS_ZERO_OFFSET_UNVERIFIED,511.74532586922845,590.7763512520755,591.3403167097985,20.0
R02ZF_SARF000359,R02ZF,359,11967,C:\research_raw\optical_sar_data\20260721data\derived_frames\pseudocolor_labelstudio_prep_20260722\frames\sar_pseudocolor\R02ZF\frame_000359_t011967ms.jpg,1024,592,-59.92829848430174,59.833559435023005,215,11944,NOMINAL_INDEX_FPS_ZERO_OFFSET_UNVERIFIED,511.74532586922845,590.7763512520755,591.3403167097985,20.0
R02ZF_SARF000360,R02ZF,360,12000,C:\research_raw\optical_sar_data\20260721data\derived_frames\pseudocolor_labelstudio_prep_20260722\frames\sar_pseudocolor\R02ZF\frame_000360_t012000ms.jpg,1024,592,-59.92829848430174,59.833559435023005,216,12000,NOMINAL_INDEX_FPS_ZERO_OFFSET_UNVERIFIED,511.74532586922845,590.7763512520755,591.3403167097985,20.0
R02ZF_SARF000361,R02ZF,361,12033,C:\research_raw\optical_sar_data\20260721data\derived_frames\pseudocolor_labelstudio_prep_20260722\frames\sar_pseudocolor\R02ZF\frame_000361_t012033ms.jpg,1024,592,-59.92829848430174,59.833559435023005,217,12056,NOMINAL_INDEX_FPS_ZERO_OFFSET_UNVERIFIED,511.74532586922845,590.7763512520755,591.3403167097985,20.0
R02ZF_SARF000362,R02ZF,362,12067,C:\research_raw\optical_sar_data\20260721data\derived_frames\pseudocolor_labelstudio_prep_20260722\frames\sar_pseudocolor\R02ZF\frame_000362_t012067ms.jpg,1024,592,-59.92829848430174,59.833559435023005,217,12056,NOMINAL_INDEX_FPS_ZERO_OFFSET_UNVERIFIED,511.74532586922845,590.7763512520755,591.3403167097985,20.0
R02ZF_SARF000363,R02ZF,363,12100,C:\research_raw\optical_sar_data\20260721data\derived_frames\pseudocolor_labelstudio_prep_20260722\frames\sar_pseudocolor\R02ZF\frame_000363_t012100ms.jpg,1024,592,-59.92829848430174,59.833559435023005,218,12111,NOMINAL_INDEX_FPS_ZERO_OFFSET_UNVERIFIED,511.74532586922845,590.7763512520755,591.3403167097985,20.0
R02ZF_SARF000364,R02ZF,364,12133,C:\research_raw\optical_sar_data\20260721data\derived_frames\pseudocolor_labelstudio_prep_20260722\frames\sar_pseudocolor\R02ZF\frame_000364_t012133ms.jpg,1024,592,-59.92829848430174,59.833559435023005,218,12111,NOMINAL_INDEX_FPS_ZERO_OFFSET_UNVERIFIED,511.74532586922845,590.7763512520755,591.3403167097985,20.0
R02ZF_SARF000365,R02ZF,365,12167,C:\research_raw\optical_sar_data\20260721data\derived_frames\pseudocolor_labelstudio_prep_20260722\frames\sar_pseudocolor\R02ZF\frame_000365_t012167ms.jpg,1024,592,-59.92829848430174,59.833559435023005,219,12167,NOMINAL_INDEX_FPS_ZERO_OFFSET_UNVERIFIED,511.74532586922845,590.7763512520755,591.3403167097985,20.0
R02ZF_SARF000366,R02ZF,366,12200,C:\research_raw\optical_sar_data\20260721data\derived_frames\pseudocolor_labelstudio_prep_20260722\frames\sar_pseudocolor\R02ZF\frame_000366_t012200ms.jpg,1024,592,-59.92829848430174,59.833559435023005,220,12222,NOMINAL_INDEX_FPS_ZERO_OFFSET_UNVERIFIED,511.74532586922845,590.7763512520755,591.3403167097985,20.0
R02ZF_SARF000367,R02ZF,367,12233,C:\research_raw\optical_sar_data\20260721data\derived_frames\pseudocolor_labelstudio_prep_20260722\frames\sar_pseudocolor\R02ZF\frame_000367_t012233ms.jpg,1024,592,-59.92829848430174,59.833559435023005,220,12222,NOMINAL_INDEX_FPS_ZERO_OFFSET_UNVERIFIED,511.74532586922845,590.7763512520755,591.3403167097985,20.0
R02ZF_SARF000368,R02ZF,368,12267,C:\research_raw\optical_sar_data\20260721data\derived_frames\pseudocolor_labelstudio_prep_20260722\frames\sar_pseudocolor\R02ZF\frame_000368_t012267ms.jpg,1024,592,-59.92829848430174,59.833559435023005,221,12278,NOMINAL_INDEX_FPS_ZERO_OFFSET_UNVERIFIED,511.74532586922845,590.7763512520755,591.3403167097985,20.0
R02ZF_SARF000369,R02ZF,369,12300,C:\research_raw\optical_sar_data\20260721data\derived_frames\pseudocolor_labelstudio_prep_20260722\frames\sar_pseudocolor\R02ZF\frame_000369_t012300ms.jpg,1024,592,-59.92829848430174,59.833559435023005,221,12278,NOMINAL_INDEX_FPS_ZERO_OFFSET_UNVERIFIED,511.74532586922845,590.7763512520755,591.3403167097985,20.0
R02ZF_SARF000370,R02ZF,370,12333,C:\research_raw\optical_sar_data\20260721data\derived_frames\pseudocolor_labelstudio_prep_20260722\frames\sar_pseudocolor\R02ZF\frame_000370_t012333ms.jpg,1024,592,-59.92829848430174,59.833559435023005,222,12333,NOMINAL_INDEX_FPS_ZERO_OFFSET_UNVERIFIED,511.74532586922845,590.7763512520755,591.3403167097985,20.0
R02ZF_SARF000371,R02ZF,371,12367,C:\research_raw\optical_sar_data\20260721data\derived_frames\pseudocolor_labelstudio_prep_20260722\frames\sar_pseudocolor\R02ZF\frame_000371_t012367ms.jpg,1024,592,-59.92829848430174,59.833559435023005,223,12389,NOMINAL_INDEX_FPS_ZERO_OFFSET_UNVERIFIED,511.74532586922845,590.7763512520755,591.3403167097985,20.0
R02ZF_SARF000372,R02ZF,372,12400,C:\research_raw\optical_sar_data\20260721data\derived_frames\pseudocolor_labelstudio_prep_20260722\frames\sar_pseudocolor\R02ZF\frame_000372_t012400ms.jpg,1024,592,-59.92829848430174,59.833559435023005,223,12389,NOMINAL_INDEX_FPS_ZERO_OFFSET_UNVERIFIED,511.74532586922845,590.7763512520755,591.3403167097985,20.0
R02ZF_SARF000373,R02ZF,373,12433,C:\research_raw\optical_sar_data\20260721data\derived_frames\pseudocolor_labelstudio_prep_20260722\frames\sar_pseudocolor\R02ZF\frame_000373_t012433ms.jpg,1024,592,-59.92829848430174,59.833559435023005,224,12444,NOMINAL_INDEX_FPS_ZERO_OFFSET_UNVERIFIED,511.74532586922845,590.7763512520755,591.3403167097985,20.0
R02ZF_SARF000374,R02ZF,374,12467,C:\research_raw\optical_sar_data\20260721data\derived_frames\pseudocolor_labelstudio_prep_20260722\frames\sar_pseudocolor\R02ZF\frame_000374_t012467ms.jpg,1024,592,-59.92829848430174,59.833559435023005,224,12444,NOMINAL_INDEX_FPS_ZERO_OFFSET_UNVERIFIED,511.74532586922845,590.7763512520755,591.3403167097985,20.0
R02ZF_SARF000375,R02ZF,375,12500,C:\research_raw\optical_sar_data\20260721data\derived_frames\pseudocolor_labelstudio_prep_20260722\frames\sar_pseudocolor\R02ZF\frame_000375_t012500ms.jpg,1024,592,-59.92829848430174,59.833559435023005,225,12500,NOMINAL_INDEX_FPS_ZERO_OFFSET_UNVERIFIED,511.74532586922845,590.7763512520755,591.3403167097985,20.0
R02ZF_SARF000376,R02ZF,376,12533,C:\research_raw\optical_sar_data\20260721data\derived_frames\pseudocolor_labelstudio_prep_20260722\frames\sar_pseudocolor\R02ZF\frame_000376_t012533ms.jpg,1024,592,-59.92829848430174,59.833559435023005,226,12556,NOMINAL_INDEX_FPS_ZERO_OFFSET_UNVERIFIED,511.74532586922845,590.7763512520755,591.3403167097985,20.0
R02ZF_SARF000377,R02ZF,377,12567,C:\research_raw\optical_sar_data\20260721data\derived_frames\pseudocolor_labelstudio_prep_20260722\frames\sar_pseudocolor\R02ZF\frame_000377_t012567ms.jpg,1024,592,-59.92829848430174,59.833559435023005,226,12556,NOMINAL_INDEX_FPS_ZERO_OFFSET_UNVERIFIED,511.74532586922845,590.7763512520755,591.3403167097985,20.0
R02ZF_SARF000378,R02ZF,378,12600,C:\research_raw\optical_sar_data\20260721data\derived_frames\pseudocolor_labelstudio_prep_20260722\frames\sar_pseudocolor\R02ZF\frame_000378_t012600ms.jpg,1024,592,-59.92829848430174,59.833559435023005,227,12611,NOMINAL_INDEX_FPS_ZERO_OFFSET_UNVERIFIED,511.74532586922845,590.7763512520755,591.3403167097985,20.0
R02ZF_SARF000379,R02ZF,379,12633,C:\research_raw\optical_sar_data\20260721data\derived_frames\pseudocolor_labelstudio_prep_20260722\frames\sar_pseudocolor\R02ZF\frame_000379_t012633ms.jpg,1024,592,-59.92829848430174,59.833559435023005,227,12611,NOMINAL_INDEX_FPS_ZERO_OFFSET_UNVERIFIED,511.74532586922845,590.7763512520755,591.3403167097985,20.0
R02ZF_SARF000380,R02ZF,380,12667,C:\research_raw\optical_sar_data\20260721data\derived_frames\pseudocolor_labelstudio_prep_20260722\frames\sar_pseudocolor\R02ZF\frame_000380_t012667ms.jpg,1024,592,-59.92829848430174,59.833559435023005,228,12667,NOMINAL_INDEX_FPS_ZERO_OFFSET_UNVERIFIED,511.74532586922845,590.7763512520755,591.3403167097985,20.0
R02ZF_SARF000381,R02ZF,381,12700,C:\research_raw\optical_sar_data\20260721data\derived_frames\pseudocolor_labelstudio_prep_20260722\frames\sar_pseudocolor\R02ZF\frame_000381_t012700ms.jpg,1024,592,-59.92829848430174,59.833559435023005,229,12722,NOMINAL_INDEX_FPS_ZERO_OFFSET_UNVERIFIED,511.74532586922845,590.7763512520755,591.3403167097985,20.0
R02ZF_SARF000382,R02ZF,382,12733,C:\research_raw\optical_sar_data\20260721data\derived_frames\pseudocolor_labelstudio_prep_20260722\frames\sar_pseudocolor\R02ZF\frame_000382_t012733ms.jpg,1024,592,-59.92829848430174,59.833559435023005,229,12722,NOMINAL_INDEX_FPS_ZERO_OFFSET_UNVERIFIED,511.74532586922845,590.7763512520755,591.3403167097985,20.0
R02ZF_SARF000383,R02ZF,383,12767,C:\research_raw\optical_sar_data\20260721data\derived_frames\pseudocolor_labelstudio_prep_20260722\frames\sar_pseudocolor\R02ZF\frame_000383_t012767ms.jpg,1024,592,-59.92829848430174,59.833559435023005,230,12778,NOMINAL_INDEX_FPS_ZERO_OFFSET_UNVERIFIED,511.74532586922845,590.7763512520755,591.3403167097985,20.0
R02ZF_SARF000384,R02ZF,384,12800,C:\research_raw\optical_sar_data\20260721data\derived_frames\pseudocolor_labelstudio_prep_20260722\frames\sar_pseudocolor\R02ZF\frame_000384_t012800ms.jpg,1024,592,-59.92829848430174,59.833559435023005,230,12778,NOMINAL_INDEX_FPS_ZERO_OFFSET_UNVERIFIED,511.74532586922845,590.7763512520755,591.3403167097985,20.0
R02ZF_SARF000385,R02ZF,385,12833,C:\research_raw\optical_sar_data\20260721data\derived_frames\pseudocolor_labelstudio_prep_20260722\frames\sar_pseudocolor\R02ZF\frame_000385_t012833ms.jpg,1024,592,-59.92829848430174,59.833559435023005,231,12833,NOMINAL_INDEX_FPS_ZERO_OFFSET_UNVERIFIED,511.74532586922845,590.7763512520755,591.3403167097985,20.0
R02ZF_SARF000386,R02ZF,386,12867,C:\research_raw\optical_sar_data\20260721data\derived_frames\pseudocolor_labelstudio_prep_20260722\frames\sar_pseudocolor\R02ZF\frame_000386_t012867ms.jpg,1024,592,-59.92829848430174,59.833559435023005,232,12889,NOMINAL_INDEX_FPS_ZERO_OFFSET_UNVERIFIED,511.74532586922845,590.7763512520755,591.3403167097985,20.0
R02ZF_SARF000387,R02ZF,387,12900,C:\research_raw\optical_sar_data\20260721data\derived_frames\pseudocolor_labelstudio_prep_20260722\frames\sar_pseudocolor\R02ZF\frame_000387_t012900ms.jpg,1024,592,-59.92829848430174,59.833559435023005,232,12889,NOMINAL_INDEX_FPS_ZERO_OFFSET_UNVERIFIED,511.74532586922845,590.7763512520755,591.3403167097985,20.0
R02ZF_SARF000388,R02ZF,388,12933,C:\research_raw\optical_sar_data\20260721data\derived_frames\pseudocolor_labelstudio_prep_20260722\frames\sar_pseudocolor\R02ZF\frame_000388_t012933ms.jpg,1024,592,-59.92829848430174,59.833559435023005,233,12944,NOMINAL_INDEX_FPS_ZERO_OFFSET_UNVERIFIED,511.74532586922845,590.7763512520755,591.3403167097985,20.0
R02ZF_SARF000389,R02ZF,389,12967,C:\research_raw\optical_sar_data\20260721data\derived_frames\pseudocolor_labelstudio_prep_20260722\frames\sar_pseudocolor\R02ZF\frame_000389_t012967ms.jpg,1024,592,-59.92829848430174,59.833559435023005,233,12944,NOMINAL_INDEX_FPS_ZERO_OFFSET_UNVERIFIED,511.74532586922845,590.7763512520755,591.3403167097985,20.0
R02ZF_SARF000390,R02ZF,390,13000,C:\research_raw\optical_sar_data\20260721data\derived_frames\pseudocolor_labelstudio_prep_20260722\frames\sar_pseudocolor\R02ZF\frame_000390_t013000ms.jpg,1024,592,-59.92829848430174,59.833559435023005,234,13000,NOMINAL_INDEX_FPS_ZERO_OFFSET_UNVERIFIED,511.74532586922845,590.7763512520755,591.3403167097985,20.0
R02ZF_SARF000391,R02ZF,391,13033,C:\research_raw\optical_sar_data\20260721data\derived_frames\pseudocolor_labelstudio_prep_20260722\frames\sar_pseudocolor\R02ZF\frame_000391_t013033ms.jpg,1024,592,-59.92829848430174,59.833559435023005,235,13056,NOMINAL_INDEX_FPS_ZERO_OFFSET_UNVERIFIED,511.74532586922845,590.7763512520755,591.3403167097985,20.0
R02ZF_SARF000392,R02ZF,392,13067,C:\research_raw\optical_sar_data\20260721data\derived_frames\pseudocolor_labelstudio_prep_20260722\frames\sar_pseudocolor\R02ZF\frame_000392_t013067ms.jpg,1024,592,-59.92829848430174,59.833559435023005,235,13056,NOMINAL_INDEX_FPS_ZERO_OFFSET_UNVERIFIED,511.74532586922845,590.7763512520755,591.3403167097985,20.0
R02ZF_SARF000393,R02ZF,393,13100,C:\research_raw\optical_sar_data\20260721data\derived_frames\pseudocolor_labelstudio_prep_20260722\frames\sar_pseudocolor\R02ZF\frame_000393_t013100ms.jpg,1024,592,-59.92829848430174,59.833559435023005,236,13111,NOMINAL_INDEX_FPS_ZERO_OFFSET_UNVERIFIED,511.74532586922845,590.7763512520755,591.3403167097985,20.0
R02ZF_SARF000394,R02ZF,394,13133,C:\research_raw\optical_sar_data\20260721data\derived_frames\pseudocolor_labelstudio_prep_20260722\frames\sar_pseudocolor\R02ZF\frame_000394_t013133ms.jpg,1024,592,-59.92829848430174,59.833559435023005,236,13111,NOMINAL_INDEX_FPS_ZERO_OFFSET_UNVERIFIED,511.74532586922845,590.7763512520755,591.3403167097985,20.0
R02ZF_SARF000395,R02ZF,395,13167,C:\research_raw\optical_sar_data\20260721data\derived_frames\pseudocolor_labelstudio_prep_20260722\frames\sar_pseudocolor\R02ZF\frame_000395_t013167ms.jpg,1024,592,-59.92829848430174,59.833559435023005,237,13167,NOMINAL_INDEX_FPS_ZERO_OFFSET_UNVERIFIED,511.74532586922845,590.7763512520755,591.3403167097985,20.0
R02ZF_SARF000396,R02ZF,396,13200,C:\research_raw\optical_sar_data\20260721data\derived_frames\pseudocolor_labelstudio_prep_20260722\frames\sar_pseudocolor\R02ZF\frame_000396_t013200ms.jpg,1024,592,-59.92829848430174,59.833559435023005,238,13222,NOMINAL_INDEX_FPS_ZERO_OFFSET_UNVERIFIED,511.74532586922845,590.7763512520755,591.3403167097985,20.0
R02ZF_SARF000397,R02ZF,397,13233,C:\research_raw\optical_sar_data\20260721data\derived_frames\pseudocolor_labelstudio_prep_20260722\frames\sar_pseudocolor\R02ZF\frame_000397_t013233ms.jpg,1024,592,-59.92829848430174,59.833559435023005,238,13222,NOMINAL_INDEX_FPS_ZERO_OFFSET_UNVERIFIED,511.74532586922845,590.7763512520755,591.3403167097985,20.0
R02ZF_SARF000398,R02ZF,398,13267,C:\research_raw\optical_sar_data\20260721data\derived_frames\pseudocolor_labelstudio_prep_20260722\frames\sar_pseudocolor\R02ZF\frame_000398_t013267ms.jpg,1024,592,-59.92829848430174,59.833559435023005,239,13278,NOMINAL_INDEX_FPS_ZERO_OFFSET_UNVERIFIED,511.74532586922845,590.7763512520755,591.3403167097985,20.0
R02ZF_SARF000399,R02ZF,399,13300,C:\research_raw\optical_sar_data\20260721data\derived_frames\pseudocolor_labelstudio_prep_20260722\frames\sar_pseudocolor\R02ZF\frame_000399_t013300ms.jpg,1024,592,-59.92829848430174,59.833559435023005,239,13278,NOMINAL_INDEX_FPS_ZERO_OFFSET_UNVERIFIED,511.74532586922845,590.7763512520755,591.3403167097985,20.0
R02ZF_SARF000400,R02ZF,400,13333,C:\research_raw\optical_sar_data\20260721data\derived_frames\pseudocolor_labelstudio_prep_20260722\frames\sar_pseudocolor\R02ZF\frame_000400_t013333ms.jpg,1024,592,-59.92829848430174,59.833559435023005,240,13333,NOMINAL_INDEX_FPS_ZERO_OFFSET_UNVERIFIED,511.74532586922845,590.7763512520755,591.3403167097985,20.0
R02ZF_SARF000401,R02ZF,401,13367,C:\research_raw\optical_sar_data\20260721data\derived_frames\pseudocolor_labelstudio_prep_20260722\frames\sar_pseudocolor\R02ZF\frame_000401_t013367ms.jpg,1024,592,-59.92829848430174,59.833559435023005,241,13389,NOMINAL_INDEX_FPS_ZERO_OFFSET_UNVERIFIED,511.74532586922845,590.7763512520755,591.3403167097985,20.0
R02ZF_SARF000402,R02ZF,402,13400,C:\research_raw\optical_sar_data\20260721data\derived_frames\pseudocolor_labelstudio_prep_20260722\frames\sar_pseudocolor\R02ZF\frame_000402_t013400ms.jpg,1024,592,-59.92829848430174,59.833559435023005,241,13389,NOMINAL_INDEX_FPS_ZERO_OFFSET_UNVERIFIED,511.74532586922845,590.7763512520755,591.3403167097985,20.0
R02ZF_SARF000403,R02ZF,403,13433,C:\research_raw\optical_sar_data\20260721data\derived_frames\pseudocolor_labelstudio_prep_20260722\frames\sar_pseudocolor\R02ZF\frame_000403_t013433ms.jpg,1024,592,-59.92829848430174,59.833559435023005,242,13444,NOMINAL_INDEX_FPS_ZERO_OFFSET_UNVERIFIED,511.74532586922845,590.7763512520755,591.3403167097985,20.0
R02ZF_SARF000404,R02ZF,404,13467,C:\research_raw\optical_sar_data\20260721data\derived_frames\pseudocolor_labelstudio_prep_20260722\frames\sar_pseudocolor\R02ZF\frame_000404_t013467ms.jpg,1024,592,-59.92829848430174,59.833559435023005,242,13444,NOMINAL_INDEX_FPS_ZERO_OFFSET_UNVERIFIED,511.74532586922845,590.7763512520755,591.3403167097985,20.0
R02ZF_SARF000405,R02ZF,405,13500,C:\research_raw\optical_sar_data\20260721data\derived_frames\pseudocolor_labelstudio_prep_20260722\frames\sar_pseudocolor\R02ZF\frame_000405_t013500ms.jpg,1024,592,-59.92829848430174,59.833559435023005,243,13500,NOMINAL_INDEX_FPS_ZERO_OFFSET_UNVERIFIED,511.74532586922845,590.7763512520755,591.3403167097985,20.0
R02ZF_SARF000406,R02ZF,406,13533,C:\research_raw\optical_sar_data\20260721data\derived_frames\pseudocolor_labelstudio_prep_20260722\frames\sar_pseudocolor\R02ZF\frame_000406_t013533ms.jpg,1024,592,-59.92829848430174,59.833559435023005,244,13556,NOMINAL_INDEX_FPS_ZERO_OFFSET_UNVERIFIED,511.74532586922845,590.7763512520755,591.3403167097985,20.0
R02ZF_SARF000407,R02ZF,407,13567,C:\research_raw\optical_sar_data\20260721data\derived_frames\pseudocolor_labelstudio_prep_20260722\frames\sar_pseudocolor\R02ZF\frame_000407_t013567ms.jpg,1024,592,-59.92829848430174,59.833559435023005,244,13556,NOMINAL_INDEX_FPS_ZERO_OFFSET_UNVERIFIED,511.74532586922845,590.7763512520755,591.3403167097985,20.0
R02ZF_SARF000408,R02ZF,408,13600,C:\research_raw\optical_sar_data\20260721data\derived_frames\pseudocolor_labelstudio_prep_20260722\frames\sar_pseudocolor\R02ZF\frame_000408_t013600ms.jpg,1024,592,-59.92829848430174,59.833559435023005,245,13611,NOMINAL_INDEX_FPS_ZERO_OFFSET_UNVERIFIED,511.74532586922845,590.7763512520755,591.3403167097985,20.0
R02ZF_SARF000409,R02ZF,409,13633,C:\research_raw\optical_sar_data\20260721data\derived_frames\pseudocolor_labelstudio_prep_20260722\frames\sar_pseudocolor\R02ZF\frame_000409_t013633ms.jpg,1024,592,-59.92829848430174,59.833559435023005,245,13611,NOMINAL_INDEX_FPS_ZERO_OFFSET_UNVERIFIED,511.74532586922845,590.7763512520755,591.3403167097985,20.0
R02ZF_SARF000410,R02ZF,410,13667,C:\research_raw\optical_sar_data\20260721data\derived_frames\pseudocolor_labelstudio_prep_20260722\frames\sar_pseudocolor\R02ZF\frame_000410_t013667ms.jpg,1024,592,-59.92829848430174,59.833559435023005,246,13667,NOMINAL_INDEX_FPS_ZERO_OFFSET_UNVERIFIED,511.74532586922845,590.7763512520755,591.3403167097985,20.0
R02ZF_SARF000411,R02ZF,411,13700,C:\research_raw\optical_sar_data\20260721data\derived_frames\pseudocolor_labelstudio_prep_20260722\frames\sar_pseudocolor\R02ZF\frame_000411_t013700ms.jpg,1024,592,-59.92829848430174,59.833559435023005,247,13722,NOMINAL_INDEX_FPS_ZERO_OFFSET_UNVERIFIED,511.74532586922845,590.7763512520755,591.3403167097985,20.0
R02ZF_SARF000412,R02ZF,412,13733,C:\research_raw\optical_sar_data\20260721data\derived_frames\pseudocolor_labelstudio_prep_20260722\frames\sar_pseudocolor\R02ZF\frame_000412_t013733ms.jpg,1024,592,-59.92829848430174,59.833559435023005,247,13722,NOMINAL_INDEX_FPS_ZERO_OFFSET_UNVERIFIED,511.74532586922845,590.7763512520755,591.3403167097985,20.0
R02ZF_SARF000413,R02ZF,413,13767,C:\research_raw\optical_sar_data\20260721data\derived_frames\pseudocolor_labelstudio_prep_20260722\frames\sar_pseudocolor\R02ZF\frame_000413_t013767ms.jpg,1024,592,-59.92829848430174,59.833559435023005,248,13778,NOMINAL_INDEX_FPS_ZERO_OFFSET_UNVERIFIED,511.74532586922845,590.7763512520755,591.3403167097985,20.0
R02ZF_SARF000414,R02ZF,414,13800,C:\research_raw\optical_sar_data\20260721data\derived_frames\pseudocolor_labelstudio_prep_20260722\frames\sar_pseudocolor\R02ZF\frame_000414_t013800ms.jpg,1024,592,-59.92829848430174,59.833559435023005,248,13778,NOMINAL_INDEX_FPS_ZERO_OFFSET_UNVERIFIED,511.74532586922845,590.7763512520755,591.3403167097985,20.0
R02ZF_SARF000415,R02ZF,415,13833,C:\research_raw\optical_sar_data\20260721data\derived_frames\pseudocolor_labelstudio_prep_20260722\frames\sar_pseudocolor\R02ZF\frame_000415_t013833ms.jpg,1024,592,-59.92829848430174,59.833559435023005,249,13833,NOMINAL_INDEX_FPS_ZERO_OFFSET_UNVERIFIED,511.74532586922845,590.7763512520755,591.3403167097985,20.0
R02ZF_SARF000416,R02ZF,416,13867,C:\research_raw\optical_sar_data\20260721data\derived_frames\pseudocolor_labelstudio_prep_20260722\frames\sar_pseudocolor\R02ZF\frame_000416_t013867ms.jpg,1024,592,-59.92829848430174,59.833559435023005,250,13889,NOMINAL_INDEX_FPS_ZERO_OFFSET_UNVERIFIED,511.74532586922845,590.7763512520755,591.3403167097985,20.0
R02ZF_SARF000417,R02ZF,417,13900,C:\research_raw\optical_sar_data\20260721data\derived_frames\pseudocolor_labelstudio_prep_20260722\frames\sar_pseudocolor\R02ZF\frame_000417_t013900ms.jpg,1024,592,-59.92829848430174,59.833559435023005,250,13889,NOMINAL_INDEX_FPS_ZERO_OFFSET_UNVERIFIED,511.74532586922845,590.7763512520755,591.3403167097985,20.0
R02ZF_SARF000418,R02ZF,418,13933,C:\research_raw\optical_sar_data\20260721data\derived_frames\pseudocolor_labelstudio_prep_20260722\frames\sar_pseudocolor\R02ZF\frame_000418_t013933ms.jpg,1024,592,-59.92829848430174,59.833559435023005,251,13944,NOMINAL_INDEX_FPS_ZERO_OFFSET_UNVERIFIED,511.74532586922845,590.7763512520755,591.3403167097985,20.0
R02ZF_SARF000419,R02ZF,419,13967,C:\research_raw\optical_sar_data\20260721data\derived_frames\pseudocolor_labelstudio_prep_20260722\frames\sar_pseudocolor\R02ZF\frame_000419_t013967ms.jpg,1024,592,-59.92829848430174,59.833559435023005,251,13944,NOMINAL_INDEX_FPS_ZERO_OFFSET_UNVERIFIED,511.74532586922845,590.7763512520755,591.3403167097985,20.0
R02ZF_SARF000420,R02ZF,420,14000,C:\research_raw\optical_sar_data\20260721data\derived_frames\pseudocolor_labelstudio_prep_20260722\frames\sar_pseudocolor\R02ZF\frame_000420_t014000ms.jpg,1024,592,-59.92829848430174,59.833559435023005,252,14000,NOMINAL_INDEX_FPS_ZERO_OFFSET_UNVERIFIED,511.74532586922845,590.7763512520755,591.3403167097985,20.0
R02ZF_SARF000421,R02ZF,421,14033,C:\research_raw\optical_sar_data\20260721data\derived_frames\pseudocolor_labelstudio_prep_20260722\frames\sar_pseudocolor\R02ZF\frame_000421_t014033ms.jpg,1024,592,-59.92829848430174,59.833559435023005,253,14056,NOMINAL_INDEX_FPS_ZERO_OFFSET_UNVERIFIED,511.74532586922845,590.7763512520755,591.3403167097985,20.0
R02ZF_SARF000422,R02ZF,422,14067,C:\research_raw\optical_sar_data\20260721data\derived_frames\pseudocolor_labelstudio_prep_20260722\frames\sar_pseudocolor\R02ZF\frame_000422_t014067ms.jpg,1024,592,-59.92829848430174,59.833559435023005,253,14056,NOMINAL_INDEX_FPS_ZERO_OFFSET_UNVERIFIED,511.74532586922845,590.7763512520755,591.3403167097985,20.0
R02ZF_SARF000423,R02ZF,423,14100,C:\research_raw\optical_sar_data\20260721data\derived_frames\pseudocolor_labelstudio_prep_20260722\frames\sar_pseudocolor\R02ZF\frame_000423_t014100ms.jpg,1024,592,-59.92829848430174,59.833559435023005,254,14111,NOMINAL_INDEX_FPS_ZERO_OFFSET_UNVERIFIED,511.74532586922845,590.7763512520755,591.3403167097985,20.0
R02ZF_SARF000424,R02ZF,424,14133,C:\research_raw\optical_sar_data\20260721data\derived_frames\pseudocolor_labelstudio_prep_20260722\frames\sar_pseudocolor\R02ZF\frame_000424_t014133ms.jpg,1024,592,-59.92829848430174,59.833559435023005,254,14111,NOMINAL_INDEX_FPS_ZERO_OFFSET_UNVERIFIED,511.74532586922845,590.7763512520755,591.3403167097985,20.0
R02ZF_SARF000425,R02ZF,425,14167,C:\research_raw\optical_sar_data\20260721data\derived_frames\pseudocolor_labelstudio_prep_20260722\frames\sar_pseudocolor\R02ZF\frame_000425_t014167ms.jpg,1024,592,-59.92829848430174,59.833559435023005,255,14167,NOMINAL_INDEX_FPS_ZERO_OFFSET_UNVERIFIED,511.74532586922845,590.7763512520755,591.3403167097985,20.0
R02ZF_SARF000426,R02ZF,426,14200,C:\research_raw\optical_sar_data\20260721data\derived_frames\pseudocolor_labelstudio_prep_20260722\frames\sar_pseudocolor\R02ZF\frame_000426_t014200ms.jpg,1024,592,-59.92829848430174,59.833559435023005,256,14222,NOMINAL_INDEX_FPS_ZERO_OFFSET_UNVERIFIED,511.74532586922845,590.7763512520755,591.3403167097985,20.0
R02ZF_SARF000427,R02ZF,427,14233,C:\research_raw\optical_sar_data\20260721data\derived_frames\pseudocolor_labelstudio_prep_20260722\frames\sar_pseudocolor\R02ZF\frame_000427_t014233ms.jpg,1024,592,-59.92829848430174,59.833559435023005,256,14222,NOMINAL_INDEX_FPS_ZERO_OFFSET_UNVERIFIED,511.74532586922845,590.7763512520755,591.3403167097985,20.0
R02ZF_SARF000428,R02ZF,428,14267,C:\research_raw\optical_sar_data\20260721data\derived_frames\pseudocolor_labelstudio_prep_20260722\frames\sar_pseudocolor\R02ZF\frame_000428_t014267ms.jpg,1024,592,-59.92829848430174,59.833559435023005,257,14278,NOMINAL_INDEX_FPS_ZERO_OFFSET_UNVERIFIED,511.74532586922845,590.7763512520755,591.3403167097985,20.0
R02ZF_SARF000429,R02ZF,429,14300,C:\research_raw\optical_sar_data\20260721data\derived_frames\pseudocolor_labelstudio_prep_20260722\frames\sar_pseudocolor\R02ZF\frame_000429_t014300ms.jpg,1024,592,-59.92829848430174,59.833559435023005,257,14278,NOMINAL_INDEX_FPS_ZERO_OFFSET_UNVERIFIED,511.74532586922845,590.7763512520755,591.3403167097985,20.0
R02ZF_SARF000430,R02ZF,430,14333,C:\research_raw\optical_sar_data\20260721data\derived_frames\pseudocolor_labelstudio_prep_20260722\frames\sar_pseudocolor\R02ZF\frame_000430_t014333ms.jpg,1024,592,-59.92829848430174,59.833559435023005,258,14333,NOMINAL_INDEX_FPS_ZERO_OFFSET_UNVERIFIED,511.74532586922845,590.7763512520755,591.3403167097985,20.0
R02ZF_SARF000431,R02ZF,431,14367,C:\research_raw\optical_sar_data\20260721data\derived_frames\pseudocolor_labelstudio_prep_20260722\frames\sar_pseudocolor\R02ZF\frame_000431_t014367ms.jpg,1024,592,-59.92829848430174,59.833559435023005,259,14389,NOMINAL_INDEX_FPS_ZERO_OFFSET_UNVERIFIED,511.74532586922845,590.7763512520755,591.3403167097985,20.0
R02ZF_SARF000432,R02ZF,432,14400,C:\research_raw\optical_sar_data\20260721data\derived_frames\pseudocolor_labelstudio_prep_20260722\frames\sar_pseudocolor\R02ZF\frame_000432_t014400ms.jpg,1024,592,-59.92829848430174,59.833559435023005,259,14389,NOMINAL_INDEX_FPS_ZERO_OFFSET_UNVERIFIED,511.74532586922845,590.7763512520755,591.3403167097985,20.0
R02ZF_SARF000433,R02ZF,433,14433,C:\research_raw\optical_sar_data\20260721data\derived_frames\pseudocolor_labelstudio_prep_20260722\frames\sar_pseudocolor\R02ZF\frame_000433_t014433ms.jpg,1024,592,-59.92829848430174,59.833559435023005,260,14444,NOMINAL_INDEX_FPS_ZERO_OFFSET_UNVERIFIED,511.74532586922845,590.7763512520755,591.3403167097985,20.0
R02ZF_SARF000434,R02ZF,434,14467,C:\research_raw\optical_sar_data\20260721data\derived_frames\pseudocolor_labelstudio_prep_20260722\frames\sar_pseudocolor\R02ZF\frame_000434_t014467ms.jpg,1024,592,-59.92829848430174,59.833559435023005,260,14444,NOMINAL_INDEX_FPS_ZERO_OFFSET_UNVERIFIED,511.74532586922845,590.7763512520755,591.3403167097985,20.0
R02ZF_SARF000435,R02ZF,435,14500,C:\research_raw\optical_sar_data\20260721data\derived_frames\pseudocolor_labelstudio_prep_20260722\frames\sar_pseudocolor\R02ZF\frame_000435_t014500ms.jpg,1024,592,-59.92829848430174,59.833559435023005,261,14500,NOMINAL_INDEX_FPS_ZERO_OFFSET_UNVERIFIED,511.74532586922845,590.7763512520755,591.3403167097985,20.0
R02ZF_SARF000436,R02ZF,436,14533,C:\research_raw\optical_sar_data\20260721data\derived_frames\pseudocolor_labelstudio_prep_20260722\frames\sar_pseudocolor\R02ZF\frame_000436_t014533ms.jpg,1024,592,-59.92829848430174,59.833559435023005,262,14556,NOMINAL_INDEX_FPS_ZERO_OFFSET_UNVERIFIED,511.74532586922845,590.7763512520755,591.3403167097985,20.0
R02ZF_SARF000437,R02ZF,437,14567,C:\research_raw\optical_sar_data\20260721data\derived_frames\pseudocolor_labelstudio_prep_20260722\frames\sar_pseudocolor\R02ZF\frame_000437_t014567ms.jpg,1024,592,-59.92829848430174,59.833559435023005,262,14556,NOMINAL_INDEX_FPS_ZERO_OFFSET_UNVERIFIED,511.74532586922845,590.7763512520755,591.3403167097985,20.0
R02ZF_SARF000438,R02ZF,438,14600,C:\research_raw\optical_sar_data\20260721data\derived_frames\pseudocolor_labelstudio_prep_20260722\frames\sar_pseudocolor\R02ZF\frame_000438_t014600ms.jpg,1024,592,-59.92829848430174,59.833559435023005,263,14611,NOMINAL_INDEX_FPS_ZERO_OFFSET_UNVERIFIED,511.74532586922845,590.7763512520755,591.3403167097985,20.0
R02ZF_SARF000439,R02ZF,439,14633,C:\research_raw\optical_sar_data\20260721data\derived_frames\pseudocolor_labelstudio_prep_20260722\frames\sar_pseudocolor\R02ZF\frame_000439_t014633ms.jpg,1024,592,-59.92829848430174,59.833559435023005,263,14611,NOMINAL_INDEX_FPS_ZERO_OFFSET_UNVERIFIED,511.74532586922845,590.7763512520755,591.3403167097985,20.0
R02ZF_SARF000440,R02ZF,440,14667,C:\research_raw\optical_sar_data\20260721data\derived_frames\pseudocolor_labelstudio_prep_20260722\frames\sar_pseudocolor\R02ZF\frame_000440_t014667ms.jpg,1024,592,-59.92829848430174,59.833559435023005,264,14667,NOMINAL_INDEX_FPS_ZERO_OFFSET_UNVERIFIED,511.74532586922845,590.7763512520755,591.3403167097985,20.0
R02ZF_SARF000441,R02ZF,441,14700,C:\research_raw\optical_sar_data\20260721data\derived_frames\pseudocolor_labelstudio_prep_20260722\frames\sar_pseudocolor\R02ZF\frame_000441_t014700ms.jpg,1024,592,-59.92829848430174,59.833559435023005,265,14722,NOMINAL_INDEX_FPS_ZERO_OFFSET_UNVERIFIED,511.74532586922845,590.7763512520755,591.3403167097985,20.0
R02ZF_SARF000442,R02ZF,442,14733,C:\research_raw\optical_sar_data\20260721data\derived_frames\pseudocolor_labelstudio_prep_20260722\frames\sar_pseudocolor\R02ZF\frame_000442_t014733ms.jpg,1024,592,-59.92829848430174,59.833559435023005,265,14722,NOMINAL_INDEX_FPS_ZERO_OFFSET_UNVERIFIED,511.74532586922845,590.7763512520755,591.3403167097985,20.0
R02ZF_SARF000443,R02ZF,443,14767,C:\research_raw\optical_sar_data\20260721data\derived_frames\pseudocolor_labelstudio_prep_20260722\frames\sar_pseudocolor\R02ZF\frame_000443_t014767ms.jpg,1024,592,-59.92829848430174,59.833559435023005,266,14778,NOMINAL_INDEX_FPS_ZERO_OFFSET_UNVERIFIED,511.74532586922845,590.7763512520755,591.3403167097985,20.0
R02ZF_SARF000444,R02ZF,444,14800,C:\research_raw\optical_sar_data\20260721data\derived_frames\pseudocolor_labelstudio_prep_20260722\frames\sar_pseudocolor\R02ZF\frame_000444_t014800ms.jpg,1024,592,-59.92829848430174,59.833559435023005,266,14778,NOMINAL_INDEX_FPS_ZERO_OFFSET_UNVERIFIED,511.74532586922845,590.7763512520755,591.3403167097985,20.0
R02ZF_SARF000445,R02ZF,445,14833,C:\research_raw\optical_sar_data\20260721data\derived_frames\pseudocolor_labelstudio_prep_20260722\frames\sar_pseudocolor\R02ZF\frame_000445_t014833ms.jpg,1024,592,-59.92829848430174,59.833559435023005,267,14833,NOMINAL_INDEX_FPS_ZERO_OFFSET_UNVERIFIED,511.74532586922845,590.7763512520755,591.3403167097985,20.0
R02ZF_SARF000446,R02ZF,446,14867,C:\research_raw\optical_sar_data\20260721data\derived_frames\pseudocolor_labelstudio_prep_20260722\frames\sar_pseudocolor\R02ZF\frame_000446_t014867ms.jpg,1024,592,-59.92829848430174,59.833559435023005,268,14889,NOMINAL_INDEX_FPS_ZERO_OFFSET_UNVERIFIED,511.74532586922845,590.7763512520755,591.3403167097985,20.0
R02ZF_SARF000447,R02ZF,447,14900,C:\research_raw\optical_sar_data\20260721data\derived_frames\pseudocolor_labelstudio_prep_20260722\frames\sar_pseudocolor\R02ZF\frame_000447_t014900ms.jpg,1024,592,-59.92829848430174,59.833559435023005,268,14889,NOMINAL_INDEX_FPS_ZERO_OFFSET_UNVERIFIED,511.74532586922845,590.7763512520755,591.3403167097985,20.0
R02ZF_SARF000448,R02ZF,448,14933,C:\research_raw\optical_sar_data\20260721data\derived_frames\pseudocolor_labelstudio_prep_20260722\frames\sar_pseudocolor\R02ZF\frame_000448_t014933ms.jpg,1024,592,-59.92829848430174,59.833559435023005,269,14944,NOMINAL_INDEX_FPS_ZERO_OFFSET_UNVERIFIED,511.74532586922845,590.7763512520755,591.3403167097985,20.0
R02ZF_SARF000449,R02ZF,449,14967,C:\research_raw\optical_sar_data\20260721data\derived_frames\pseudocolor_labelstudio_prep_20260722\frames\sar_pseudocolor\R02ZF\frame_000449_t014967ms.jpg,1024,592,-59.92829848430174,59.833559435023005,269,14944,NOMINAL_INDEX_FPS_ZERO_OFFSET_UNVERIFIED,511.74532586922845,590.7763512520755,591.3403167097985,20.0
R02ZF_SARF000450,R02ZF,450,15000,C:\research_raw\optical_sar_data\20260721data\derived_frames\pseudocolor_labelstudio_prep_20260722\frames\sar_pseudocolor\R02ZF\frame_000450_t015000ms.jpg,1024,592,-59.92829848430174,59.833559435023005,270,15000,NOMINAL_INDEX_FPS_ZERO_OFFSET_UNVERIFIED,511.74532586922845,590.7763512520755,591.3403167097985,20.0
R02ZF_SARF000451,R02ZF,451,15033,C:\research_raw\optical_sar_data\20260721data\derived_frames\pseudocolor_labelstudio_prep_20260722\frames\sar_pseudocolor\R02ZF\frame_000451_t015033ms.jpg,1024,592,-59.92829848430174,59.833559435023005,271,15056,NOMINAL_INDEX_FPS_ZERO_OFFSET_UNVERIFIED,511.74532586922845,590.7763512520755,591.3403167097985,20.0
R02ZF_SARF000452,R02ZF,452,15067,C:\research_raw\optical_sar_data\20260721data\derived_frames\pseudocolor_labelstudio_prep_20260722\frames\sar_pseudocolor\R02ZF\frame_000452_t015067ms.jpg,1024,592,-59.92829848430174,59.833559435023005,271,15056,NOMINAL_INDEX_FPS_ZERO_OFFSET_UNVERIFIED,511.74532586922845,590.7763512520755,591.3403167097985,20.0
R02ZF_SARF000453,R02ZF,453,15100,C:\research_raw\optical_sar_data\20260721data\derived_frames\pseudocolor_labelstudio_prep_20260722\frames\sar_pseudocolor\R02ZF\frame_000453_t015100ms.jpg,1024,592,-59.92829848430174,59.833559435023005,272,15111,NOMINAL_INDEX_FPS_ZERO_OFFSET_UNVERIFIED,511.74532586922845,590.7763512520755,591.3403167097985,20.0
R02ZF_SARF000454,R02ZF,454,15133,C:\research_raw\optical_sar_data\20260721data\derived_frames\pseudocolor_labelstudio_prep_20260722\frames\sar_pseudocolor\R02ZF\frame_000454_t015133ms.jpg,1024,592,-59.92829848430174,59.833559435023005,272,15111,NOMINAL_INDEX_FPS_ZERO_OFFSET_UNVERIFIED,511.74532586922845,590.7763512520755,591.3403167097985,20.0
R02ZF_SARF000455,R02ZF,455,15167,C:\research_raw\optical_sar_data\20260721data\derived_frames\pseudocolor_labelstudio_prep_20260722\frames\sar_pseudocolor\R02ZF\frame_000455_t015167ms.jpg,1024,592,-59.92829848430174,59.833559435023005,273,15167,NOMINAL_INDEX_FPS_ZERO_OFFSET_UNVERIFIED,511.74532586922845,590.7763512520755,591.3403167097985,20.0
R02ZF_SARF000456,R02ZF,456,15200,C:\research_raw\optical_sar_data\20260721data\derived_frames\pseudocolor_labelstudio_prep_20260722\frames\sar_pseudocolor\R02ZF\frame_000456_t015200ms.jpg,1024,592,-59.92829848430174,59.833559435023005,274,15222,NOMINAL_INDEX_FPS_ZERO_OFFSET_UNVERIFIED,511.74532586922845,590.7763512520755,591.3403167097985,20.0
R02ZF_SARF000457,R02ZF,457,15233,C:\research_raw\optical_sar_data\20260721data\derived_frames\pseudocolor_labelstudio_prep_20260722\frames\sar_pseudocolor\R02ZF\frame_000457_t015233ms.jpg,1024,592,-59.92829848430174,59.833559435023005,274,15222,NOMINAL_INDEX_FPS_ZERO_OFFSET_UNVERIFIED,511.74532586922845,590.7763512520755,591.3403167097985,20.0
R02ZF_SARF000458,R02ZF,458,15267,C:\research_raw\optical_sar_data\20260721data\derived_frames\pseudocolor_labelstudio_prep_20260722\frames\sar_pseudocolor\R02ZF\frame_000458_t015267ms.jpg,1024,592,-59.92829848430174,59.833559435023005,275,15278,NOMINAL_INDEX_FPS_ZERO_OFFSET_UNVERIFIED,511.74532586922845,590.7763512520755,591.3403167097985,20.0
R02ZF_SARF000459,R02ZF,459,15300,C:\research_raw\optical_sar_data\20260721data\derived_frames\pseudocolor_labelstudio_prep_20260722\frames\sar_pseudocolor\R02ZF\frame_000459_t015300ms.jpg,1024,592,-59.92829848430174,59.833559435023005,275,15278,NOMINAL_INDEX_FPS_ZERO_OFFSET_UNVERIFIED,511.74532586922845,590.7763512520755,591.3403167097985,20.0
R02ZF_SARF000460,R02ZF,460,15333,C:\research_raw\optical_sar_data\20260721data\derived_frames\pseudocolor_labelstudio_prep_20260722\frames\sar_pseudocolor\R02ZF\frame_000460_t015333ms.jpg,1024,592,-59.92829848430174,59.833559435023005,276,15333,NOMINAL_INDEX_FPS_ZERO_OFFSET_UNVERIFIED,511.74532586922845,590.7763512520755,591.3403167097985,20.0
R02ZF_SARF000461,R02ZF,461,15367,C:\research_raw\optical_sar_data\20260721data\derived_frames\pseudocolor_labelstudio_prep_20260722\frames\sar_pseudocolor\R02ZF\frame_000461_t015367ms.jpg,1024,592,-59.92829848430174,59.833559435023005,277,15389,NOMINAL_INDEX_FPS_ZERO_OFFSET_UNVERIFIED,511.74532586922845,590.7763512520755,591.3403167097985,20.0
R02ZF_SARF000462,R02ZF,462,15400,C:\research_raw\optical_sar_data\20260721data\derived_frames\pseudocolor_labelstudio_prep_20260722\frames\sar_pseudocolor\R02ZF\frame_000462_t015400ms.jpg,1024,592,-59.92829848430174,59.833559435023005,277,15389,NOMINAL_INDEX_FPS_ZERO_OFFSET_UNVERIFIED,511.74532586922845,590.7763512520755,591.3403167097985,20.0
R02ZF_SARF000463,R02ZF,463,15433,C:\research_raw\optical_sar_data\20260721data\derived_frames\pseudocolor_labelstudio_prep_20260722\frames\sar_pseudocolor\R02ZF\frame_000463_t015433ms.jpg,1024,592,-59.92829848430174,59.833559435023005,278,15444,NOMINAL_INDEX_FPS_ZERO_OFFSET_UNVERIFIED,511.74532586922845,590.7763512520755,591.3403167097985,20.0
R02ZF_SARF000464,R02ZF,464,15467,C:\research_raw\optical_sar_data\20260721data\derived_frames\pseudocolor_labelstudio_prep_20260722\frames\sar_pseudocolor\R02ZF\frame_000464_t015467ms.jpg,1024,592,-59.92829848430174,59.833559435023005,278,15444,NOMINAL_INDEX_FPS_ZERO_OFFSET_UNVERIFIED,511.74532586922845,590.7763512520755,591.3403167097985,20.0
R02ZF_SARF000465,R02ZF,465,15500,C:\research_raw\optical_sar_data\20260721data\derived_frames\pseudocolor_labelstudio_prep_20260722\frames\sar_pseudocolor\R02ZF\frame_000465_t015500ms.jpg,1024,592,-59.92829848430174,59.833559435023005,279,15500,NOMINAL_INDEX_FPS_ZERO_OFFSET_UNVERIFIED,511.74532586922845,590.7763512520755,591.3403167097985,20.0
R02ZF_SARF000466,R02ZF,466,15533,C:\research_raw\optical_sar_data\20260721data\derived_frames\pseudocolor_labelstudio_prep_20260722\frames\sar_pseudocolor\R02ZF\frame_000466_t015533ms.jpg,1024,592,-59.92829848430174,59.833559435023005,280,15556,NOMINAL_INDEX_FPS_ZERO_OFFSET_UNVERIFIED,511.74532586922845,590.7763512520755,591.3403167097985,20.0
R02ZF_SARF000467,R02ZF,467,15567,C:\research_raw\optical_sar_data\20260721data\derived_frames\pseudocolor_labelstudio_prep_20260722\frames\sar_pseudocolor\R02ZF\frame_000467_t015567ms.jpg,1024,592,-59.92829848430174,59.833559435023005,280,15556,NOMINAL_INDEX_FPS_ZERO_OFFSET_UNVERIFIED,511.74532586922845,590.7763512520755,591.3403167097985,20.0
R02ZF_SARF000468,R02ZF,468,15600,C:\research_raw\optical_sar_data\20260721data\derived_frames\pseudocolor_labelstudio_prep_20260722\frames\sar_pseudocolor\R02ZF\frame_000468_t015600ms.jpg,1024,592,-59.92829848430174,59.833559435023005,281,15611,NOMINAL_INDEX_FPS_ZERO_OFFSET_UNVERIFIED,511.74532586922845,590.7763512520755,591.3403167097985,20.0
R02ZF_SARF000469,R02ZF,469,15633,C:\research_raw\optical_sar_data\20260721data\derived_frames\pseudocolor_labelstudio_prep_20260722\frames\sar_pseudocolor\R02ZF\frame_000469_t015633ms.jpg,1024,592,-59.92829848430174,59.833559435023005,281,15611,NOMINAL_INDEX_FPS_ZERO_OFFSET_UNVERIFIED,511.74532586922845,590.7763512520755,591.3403167097985,20.0
R02ZF_SARF000470,R02ZF,470,15667,C:\research_raw\optical_sar_data\20260721data\derived_frames\pseudocolor_labelstudio_prep_20260722\frames\sar_pseudocolor\R02ZF\frame_000470_t015667ms.jpg,1024,592,-59.92829848430174,59.833559435023005,282,15667,NOMINAL_INDEX_FPS_ZERO_OFFSET_UNVERIFIED,511.74532586922845,590.7763512520755,591.3403167097985,20.0
R02ZF_SARF000471,R02ZF,471,15700,C:\research_raw\optical_sar_data\20260721data\derived_frames\pseudocolor_labelstudio_prep_20260722\frames\sar_pseudocolor\R02ZF\frame_000471_t015700ms.jpg,1024,592,-59.92829848430174,59.833559435023005,283,15722,NOMINAL_INDEX_FPS_ZERO_OFFSET_UNVERIFIED,511.74532586922845,590.7763512520755,591.3403167097985,20.0
R02ZF_SARF000472,R02ZF,472,15733,C:\research_raw\optical_sar_data\20260721data\derived_frames\pseudocolor_labelstudio_prep_20260722\frames\sar_pseudocolor\R02ZF\frame_000472_t015733ms.jpg,1024,592,-59.92829848430174,59.833559435023005,283,15722,NOMINAL_INDEX_FPS_ZERO_OFFSET_UNVERIFIED,511.74532586922845,590.7763512520755,591.3403167097985,20.0
R02ZF_SARF000473,R02ZF,473,15767,C:\research_raw\optical_sar_data\20260721data\derived_frames\pseudocolor_labelstudio_prep_20260722\frames\sar_pseudocolor\R02ZF\frame_000473_t015767ms.jpg,1024,592,-59.92829848430174,59.833559435023005,284,15778,NOMINAL_INDEX_FPS_ZERO_OFFSET_UNVERIFIED,511.74532586922845,590.7763512520755,591.3403167097985,20.0
R02ZF_SARF000474,R02ZF,474,15800,C:\research_raw\optical_sar_data\20260721data\derived_frames\pseudocolor_labelstudio_prep_20260722\frames\sar_pseudocolor\R02ZF\frame_000474_t015800ms.jpg,1024,592,-59.92829848430174,59.833559435023005,284,15778,NOMINAL_INDEX_FPS_ZERO_OFFSET_UNVERIFIED,511.74532586922845,590.7763512520755,591.3403167097985,20.0
R02ZF_SARF000475,R02ZF,475,15833,C:\research_raw\optical_sar_data\20260721data\derived_frames\pseudocolor_labelstudio_prep_20260722\frames\sar_pseudocolor\R02ZF\frame_000475_t015833ms.jpg,1024,592,-59.92829848430174,59.833559435023005,285,15833,NOMINAL_INDEX_FPS_ZERO_OFFSET_UNVERIFIED,511.74532586922845,590.7763512520755,591.3403167097985,20.0
R02ZF_SARF000476,R02ZF,476,15867,C:\research_raw\optical_sar_data\20260721data\derived_frames\pseudocolor_labelstudio_prep_20260722\frames\sar_pseudocolor\R02ZF\frame_000476_t015867ms.jpg,1024,592,-59.92829848430174,59.833559435023005,286,15889,NOMINAL_INDEX_FPS_ZERO_OFFSET_UNVERIFIED,511.74532586922845,590.7763512520755,591.3403167097985,20.0
R02ZF_SARF000477,R02ZF,477,15900,C:\research_raw\optical_sar_data\20260721data\derived_frames\pseudocolor_labelstudio_prep_20260722\frames\sar_pseudocolor\R02ZF\frame_000477_t015900ms.jpg,1024,592,-59.92829848430174,59.833559435023005,286,15889,NOMINAL_INDEX_FPS_ZERO_OFFSET_UNVERIFIED,511.74532586922845,590.7763512520755,591.3403167097985,20.0
R02ZF_SARF000478,R02ZF,478,15933,C:\research_raw\optical_sar_data\20260721data\derived_frames\pseudocolor_labelstudio_prep_20260722\frames\sar_pseudocolor\R02ZF\frame_000478_t015933ms.jpg,1024,592,-59.92829848430174,59.833559435023005,287,15944,NOMINAL_INDEX_FPS_ZERO_OFFSET_UNVERIFIED,511.74532586922845,590.7763512520755,591.3403167097985,20.0
R02ZF_SARF000479,R02ZF,479,15967,C:\research_raw\optical_sar_data\20260721data\derived_frames\pseudocolor_labelstudio_prep_20260722\frames\sar_pseudocolor\R02ZF\frame_000479_t015967ms.jpg,1024,592,-59.92829848430174,59.833559435023005,287,15944,NOMINAL_INDEX_FPS_ZERO_OFFSET_UNVERIFIED,511.74532586922845,590.7763512520755,591.3403167097985,20.0
R02ZF_SARF000480,R02ZF,480,16000,C:\research_raw\optical_sar_data\20260721data\derived_frames\pseudocolor_labelstudio_prep_20260722\frames\sar_pseudocolor\R02ZF\frame_000480_t016000ms.jpg,1024,592,-59.92829848430174,59.833559435023005,288,16000,NOMINAL_INDEX_FPS_ZERO_OFFSET_UNVERIFIED,511.74532586922845,590.7763512520755,591.3403167097985,20.0
R02ZF_SARF000481,R02ZF,481,16033,C:\research_raw\optical_sar_data\20260721data\derived_frames\pseudocolor_labelstudio_prep_20260722\frames\sar_pseudocolor\R02ZF\frame_000481_t016033ms.jpg,1024,592,-59.92829848430174,59.833559435023005,289,16056,NOMINAL_INDEX_FPS_ZERO_OFFSET_UNVERIFIED,511.74532586922845,590.7763512520755,591.3403167097985,20.0
R02ZF_SARF000482,R02ZF,482,16067,C:\research_raw\optical_sar_data\20260721data\derived_frames\pseudocolor_labelstudio_prep_20260722\frames\sar_pseudocolor\R02ZF\frame_000482_t016067ms.jpg,1024,592,-59.92829848430174,59.833559435023005,289,16056,NOMINAL_INDEX_FPS_ZERO_OFFSET_UNVERIFIED,511.74532586922845,590.7763512520755,591.3403167097985,20.0
R02ZF_SARF000483,R02ZF,483,16100,C:\research_raw\optical_sar_data\20260721data\derived_frames\pseudocolor_labelstudio_prep_20260722\frames\sar_pseudocolor\R02ZF\frame_000483_t016100ms.jpg,1024,592,-59.92829848430174,59.833559435023005,290,16111,NOMINAL_INDEX_FPS_ZERO_OFFSET_UNVERIFIED,511.74532586922845,590.7763512520755,591.3403167097985,20.0
R02ZF_SARF000484,R02ZF,484,16133,C:\research_raw\optical_sar_data\20260721data\derived_frames\pseudocolor_labelstudio_prep_20260722\frames\sar_pseudocolor\R02ZF\frame_000484_t016133ms.jpg,1024,592,-59.92829848430174,59.833559435023005,290,16111,NOMINAL_INDEX_FPS_ZERO_OFFSET_UNVERIFIED,511.74532586922845,590.7763512520755,591.3403167097985,20.0
R02ZF_SARF000485,R02ZF,485,16167,C:\research_raw\optical_sar_data\20260721data\derived_frames\pseudocolor_labelstudio_prep_20260722\frames\sar_pseudocolor\R02ZF\frame_000485_t016167ms.jpg,1024,592,-59.92829848430174,59.833559435023005,291,16167,NOMINAL_INDEX_FPS_ZERO_OFFSET_UNVERIFIED,511.74532586922845,590.7763512520755,591.3403167097985,20.0
R02ZF_SARF000486,R02ZF,486,16200,C:\research_raw\optical_sar_data\20260721data\derived_frames\pseudocolor_labelstudio_prep_20260722\frames\sar_pseudocolor\R02ZF\frame_000486_t016200ms.jpg,1024,592,-59.92829848430174,59.833559435023005,292,16222,NOMINAL_INDEX_FPS_ZERO_OFFSET_UNVERIFIED,511.74532586922845,590.7763512520755,591.3403167097985,20.0
R02ZF_SARF000487,R02ZF,487,16233,C:\research_raw\optical_sar_data\20260721data\derived_frames\pseudocolor_labelstudio_prep_20260722\frames\sar_pseudocolor\R02ZF\frame_000487_t016233ms.jpg,1024,592,-59.92829848430174,59.833559435023005,292,16222,NOMINAL_INDEX_FPS_ZERO_OFFSET_UNVERIFIED,511.74532586922845,590.7763512520755,591.3403167097985,20.0
R02ZF_SARF000488,R02ZF,488,16267,C:\research_raw\optical_sar_data\20260721data\derived_frames\pseudocolor_labelstudio_prep_20260722\frames\sar_pseudocolor\R02ZF\frame_000488_t016267ms.jpg,1024,592,-59.92829848430174,59.833559435023005,293,16278,NOMINAL_INDEX_FPS_ZERO_OFFSET_UNVERIFIED,511.74532586922845,590.7763512520755,591.3403167097985,20.0
R02ZF_SARF000489,R02ZF,489,16300,C:\research_raw\optical_sar_data\20260721data\derived_frames\pseudocolor_labelstudio_prep_20260722\frames\sar_pseudocolor\R02ZF\frame_000489_t016300ms.jpg,1024,592,-59.92829848430174,59.833559435023005,293,16278,NOMINAL_INDEX_FPS_ZERO_OFFSET_UNVERIFIED,511.74532586922845,590.7763512520755,591.3403167097985,20.0
R02ZF_SARF000490,R02ZF,490,16333,C:\research_raw\optical_sar_data\20260721data\derived_frames\pseudocolor_labelstudio_prep_20260722\frames\sar_pseudocolor\R02ZF\frame_000490_t016333ms.jpg,1024,592,-59.92829848430174,59.833559435023005,294,16333,NOMINAL_INDEX_FPS_ZERO_OFFSET_UNVERIFIED,511.74532586922845,590.7763512520755,591.3403167097985,20.0
R02ZF_SARF000491,R02ZF,491,16367,C:\research_raw\optical_sar_data\20260721data\derived_frames\pseudocolor_labelstudio_prep_20260722\frames\sar_pseudocolor\R02ZF\frame_000491_t016367ms.jpg,1024,592,-59.92829848430174,59.833559435023005,295,16389,NOMINAL_INDEX_FPS_ZERO_OFFSET_UNVERIFIED,511.74532586922845,590.7763512520755,591.3403167097985,20.0
R02ZF_SARF000492,R02ZF,492,16400,C:\research_raw\optical_sar_data\20260721data\derived_frames\pseudocolor_labelstudio_prep_20260722\frames\sar_pseudocolor\R02ZF\frame_000492_t016400ms.jpg,1024,592,-59.92829848430174,59.833559435023005,295,16389,NOMINAL_INDEX_FPS_ZERO_OFFSET_UNVERIFIED,511.74532586922845,590.7763512520755,591.3403167097985,20.0
R02ZF_SARF000493,R02ZF,493,16433,C:\research_raw\optical_sar_data\20260721data\derived_frames\pseudocolor_labelstudio_prep_20260722\frames\sar_pseudocolor\R02ZF\frame_000493_t016433ms.jpg,1024,592,-59.92829848430174,59.833559435023005,296,16444,NOMINAL_INDEX_FPS_ZERO_OFFSET_UNVERIFIED,511.74532586922845,590.7763512520755,591.3403167097985,20.0
R02ZF_SARF000494,R02ZF,494,16467,C:\research_raw\optical_sar_data\20260721data\derived_frames\pseudocolor_labelstudio_prep_20260722\frames\sar_pseudocolor\R02ZF\frame_000494_t016467ms.jpg,1024,592,-59.92829848430174,59.833559435023005,296,16444,NOMINAL_INDEX_FPS_ZERO_OFFSET_UNVERIFIED,511.74532586922845,590.7763512520755,591.3403167097985,20.0
R03ZF_SARF000000,R03ZF,0,0,C:\research_raw\optical_sar_data\20260721data\derived_frames\pseudocolor_labelstudio_prep_20260722\frames\sar_pseudocolor\R03ZF\frame_000000_t000000ms.jpg,1024,592,-59.92829848430174,59.833559435023005,0,0,NOMINAL_INDEX_FPS_ZERO_OFFSET_UNVERIFIED,511.74532586922845,590.7763512520755,591.3403167097985,20.0
R03ZF_SARF000001,R03ZF,1,33,C:\research_raw\optical_sar_data\20260721data\derived_frames\pseudocolor_labelstudio_prep_20260722\frames\sar_pseudocolor\R03ZF\frame_000001_t000033ms.jpg,1024,592,-59.92829848430174,59.833559435023005,1,56,NOMINAL_INDEX_FPS_ZERO_OFFSET_UNVERIFIED,511.74532586922845,590.7763512520755,591.3403167097985,20.0
R03ZF_SARF000002,R03ZF,2,67,C:\research_raw\optical_sar_data\20260721data\derived_frames\pseudocolor_labelstudio_prep_20260722\frames\sar_pseudocolor\R03ZF\frame_000002_t000067ms.jpg,1024,592,-59.92829848430174,59.833559435023005,1,56,NOMINAL_INDEX_FPS_ZERO_OFFSET_UNVERIFIED,511.74532586922845,590.7763512520755,591.3403167097985,20.0
R03ZF_SARF000003,R03ZF,3,100,C:\research_raw\optical_sar_data\20260721data\derived_frames\pseudocolor_labelstudio_prep_20260722\frames\sar_pseudocolor\R03ZF\frame_000003_t000100ms.jpg,1024,592,-59.92829848430174,59.833559435023005,2,111,NOMINAL_INDEX_FPS_ZERO_OFFSET_UNVERIFIED,511.74532586922845,590.7763512520755,591.3403167097985,20.0
R03ZF_SARF000004,R03ZF,4,133,C:\research_raw\optical_sar_data\20260721data\derived_frames\pseudocolor_labelstudio_prep_20260722\frames\sar_pseudocolor\R03ZF\frame_000004_t000133ms.jpg,1024,592,-59.92829848430174,59.833559435023005,2,111,NOMINAL_INDEX_FPS_ZERO_OFFSET_UNVERIFIED,511.74532586922845,590.7763512520755,591.3403167097985,20.0
R03ZF_SARF000005,R03ZF,5,167,C:\research_raw\optical_sar_data\20260721data\derived_frames\pseudocolor_labelstudio_prep_20260722\frames\sar_pseudocolor\R03ZF\frame_000005_t000167ms.jpg,1024,592,-59.92829848430174,59.833559435023005,3,167,NOMINAL_INDEX_FPS_ZERO_OFFSET_UNVERIFIED,511.74532586922845,590.7763512520755,591.3403167097985,20.0
R03ZF_SARF000006,R03ZF,6,200,C:\research_raw\optical_sar_data\20260721data\derived_frames\pseudocolor_labelstudio_prep_20260722\frames\sar_pseudocolor\R03ZF\frame_000006_t000200ms.jpg,1024,592,-59.92829848430174,59.833559435023005,4,222,NOMINAL_INDEX_FPS_ZERO_OFFSET_UNVERIFIED,511.74532586922845,590.7763512520755,591.3403167097985,20.0
R03ZF_SARF000007,R03ZF,7,233,C:\research_raw\optical_sar_data\20260721data\derived_frames\pseudocolor_labelstudio_prep_20260722\frames\sar_pseudocolor\R03ZF\frame_000007_t000233ms.jpg,1024,592,-59.92829848430174,59.833559435023005,4,222,NOMINAL_INDEX_FPS_ZERO_OFFSET_UNVERIFIED,511.74532586922845,590.7763512520755,591.3403167097985,20.0
R03ZF_SARF000008,R03ZF,8,267,C:\research_raw\optical_sar_data\20260721data\derived_frames\pseudocolor_labelstudio_prep_20260722\frames\sar_pseudocolor\R03ZF\frame_000008_t000267ms.jpg,1024,592,-59.92829848430174,59.833559435023005,5,278,NOMINAL_INDEX_FPS_ZERO_OFFSET_UNVERIFIED,511.74532586922845,590.7763512520755,591.3403167097985,20.0
R03ZF_SARF000009,R03ZF,9,300,C:\research_raw\optical_sar_data\20260721data\derived_frames\pseudocolor_labelstudio_prep_20260722\frames\sar_pseudocolor\R03ZF\frame_000009_t000300ms.jpg,1024,592,-59.92829848430174,59.833559435023005,5,278,NOMINAL_INDEX_FPS_ZERO_OFFSET_UNVERIFIED,511.74532586922845,590.7763512520755,591.3403167097985,20.0
R03ZF_SARF000010,R03ZF,10,333,C:\research_raw\optical_sar_data\20260721data\derived_frames\pseudocolor_labelstudio_prep_20260722\frames\sar_pseudocolor\R03ZF\frame_000010_t000333ms.jpg,1024,592,-59.92829848430174,59.833559435023005,6,333,NOMINAL_INDEX_FPS_ZERO_OFFSET_UNVERIFIED,511.74532586922845,590.7763512520755,591.3403167097985,20.0
R03ZF_SARF000011,R03ZF,11,367,C:\research_raw\optical_sar_data\20260721data\derived_frames\pseudocolor_labelstudio_prep_20260722\frames\sar_pseudocolor\R03ZF\frame_000011_t000367ms.jpg,1024,592,-59.92829848430174,59.833559435023005,7,389,NOMINAL_INDEX_FPS_ZERO_OFFSET_UNVERIFIED,511.74532586922845,590.7763512520755,591.3403167097985,20.0
R03ZF_SARF000012,R03ZF,12,400,C:\research_raw\optical_sar_data\20260721data\derived_frames\pseudocolor_labelstudio_prep_20260722\frames\sar_pseudocolor\R03ZF\frame_000012_t000400ms.jpg,1024,592,-59.92829848430174,59.833559435023005,7,389,NOMINAL_INDEX_FPS_ZERO_OFFSET_UNVERIFIED,511.74532586922845,590.7763512520755,591.3403167097985,20.0
R03ZF_SARF000013,R03ZF,13,433,C:\research_raw\optical_sar_data\20260721data\derived_frames\pseudocolor_labelstudio_prep_20260722\frames\sar_pseudocolor\R03ZF\frame_000013_t000433ms.jpg,1024,592,-59.92829848430174,59.833559435023005,8,444,NOMINAL_INDEX_FPS_ZERO_OFFSET_UNVERIFIED,511.74532586922845,590.7763512520755,591.3403167097985,20.0
R03ZF_SARF000014,R03ZF,14,467,C:\research_raw\optical_sar_data\20260721data\derived_frames\pseudocolor_labelstudio_prep_20260722\frames\sar_pseudocolor\R03ZF\frame_000014_t000467ms.jpg,1024,592,-59.92829848430174,59.833559435023005,8,444,NOMINAL_INDEX_FPS_ZERO_OFFSET_UNVERIFIED,511.74532586922845,590.7763512520755,591.3403167097985,20.0
R03ZF_SARF000015,R03ZF,15,500,C:\research_raw\optical_sar_data\20260721data\derived_frames\pseudocolor_labelstudio_prep_20260722\frames\sar_pseudocolor\R03ZF\frame_000015_t000500ms.jpg,1024,592,-59.92829848430174,59.833559435023005,9,500,NOMINAL_INDEX_FPS_ZERO_OFFSET_UNVERIFIED,511.74532586922845,590.7763512520755,591.3403167097985,20.0
R03ZF_SARF000016,R03ZF,16,533,C:\research_raw\optical_sar_data\20260721data\derived_frames\pseudocolor_labelstudio_prep_20260722\frames\sar_pseudocolor\R03ZF\frame_000016_t000533ms.jpg,1024,592,-59.92829848430174,59.833559435023005,10,556,NOMINAL_INDEX_FPS_ZERO_OFFSET_UNVERIFIED,511.74532586922845,590.7763512520755,591.3403167097985,20.0
R03ZF_SARF000017,R03ZF,17,567,C:\research_raw\optical_sar_data\20260721data\derived_frames\pseudocolor_labelstudio_prep_20260722\frames\sar_pseudocolor\R03ZF\frame_000017_t000567ms.jpg,1024,592,-59.92829848430174,59.833559435023005,10,556,NOMINAL_INDEX_FPS_ZERO_OFFSET_UNVERIFIED,511.74532586922845,590.7763512520755,591.3403167097985,20.0
R03ZF_SARF000018,R03ZF,18,600,C:\research_raw\optical_sar_data\20260721data\derived_frames\pseudocolor_labelstudio_prep_20260722\frames\sar_pseudocolor\R03ZF\frame_000018_t000600ms.jpg,1024,592,-59.92829848430174,59.833559435023005,11,611,NOMINAL_INDEX_FPS_ZERO_OFFSET_UNVERIFIED,511.74532586922845,590.7763512520755,591.3403167097985,20.0
R03ZF_SARF000019,R03ZF,19,633,C:\research_raw\optical_sar_data\20260721data\derived_frames\pseudocolor_labelstudio_prep_20260722\frames\sar_pseudocolor\R03ZF\frame_000019_t000633ms.jpg,1024,592,-59.92829848430174,59.833559435023005,11,611,NOMINAL_INDEX_FPS_ZERO_OFFSET_UNVERIFIED,511.74532586922845,590.7763512520755,591.3403167097985,20.0
R03ZF_SARF000020,R03ZF,20,667,C:\research_raw\optical_sar_data\20260721data\derived_frames\pseudocolor_labelstudio_prep_20260722\frames\sar_pseudocolor\R03ZF\frame_000020_t000667ms.jpg,1024,592,-59.92829848430174,59.833559435023005,12,667,NOMINAL_INDEX_FPS_ZERO_OFFSET_UNVERIFIED,511.74532586922845,590.7763512520755,591.3403167097985,20.0
R03ZF_SARF000021,R03ZF,21,700,C:\research_raw\optical_sar_data\20260721data\derived_frames\pseudocolor_labelstudio_prep_20260722\frames\sar_pseudocolor\R03ZF\frame_000021_t000700ms.jpg,1024,592,-59.92829848430174,59.833559435023005,13,722,NOMINAL_INDEX_FPS_ZERO_OFFSET_UNVERIFIED,511.74532586922845,590.7763512520755,591.3403167097985,20.0
R03ZF_SARF000022,R03ZF,22,733,C:\research_raw\optical_sar_data\20260721data\derived_frames\pseudocolor_labelstudio_prep_20260722\frames\sar_pseudocolor\R03ZF\frame_000022_t000733ms.jpg,1024,592,-59.92829848430174,59.833559435023005,13,722,NOMINAL_INDEX_FPS_ZERO_OFFSET_UNVERIFIED,511.74532586922845,590.7763512520755,591.3403167097985,20.0
R03ZF_SARF000023,R03ZF,23,767,C:\research_raw\optical_sar_data\20260721data\derived_frames\pseudocolor_labelstudio_prep_20260722\frames\sar_pseudocolor\R03ZF\frame_000023_t000767ms.jpg,1024,592,-59.92829848430174,59.833559435023005,14,778,NOMINAL_INDEX_FPS_ZERO_OFFSET_UNVERIFIED,511.74532586922845,590.7763512520755,591.3403167097985,20.0
R03ZF_SARF000024,R03ZF,24,800,C:\research_raw\optical_sar_data\20260721data\derived_frames\pseudocolor_labelstudio_prep_20260722\frames\sar_pseudocolor\R03ZF\frame_000024_t000800ms.jpg,1024,592,-59.92829848430174,59.833559435023005,14,778,NOMINAL_INDEX_FPS_ZERO_OFFSET_UNVERIFIED,511.74532586922845,590.7763512520755,591.3403167097985,20.0
R03ZF_SARF000025,R03ZF,25,833,C:\research_raw\optical_sar_data\20260721data\derived_frames\pseudocolor_labelstudio_prep_20260722\frames\sar_pseudocolor\R03ZF\frame_000025_t000833ms.jpg,1024,592,-59.92829848430174,59.833559435023005,15,833,NOMINAL_INDEX_FPS_ZERO_OFFSET_UNVERIFIED,511.74532586922845,590.7763512520755,591.3403167097985,20.0
R03ZF_SARF000026,R03ZF,26,867,C:\research_raw\optical_sar_data\20260721data\derived_frames\pseudocolor_labelstudio_prep_20260722\frames\sar_pseudocolor\R03ZF\frame_000026_t000867ms.jpg,1024,592,-59.92829848430174,59.833559435023005,16,889,NOMINAL_INDEX_FPS_ZERO_OFFSET_UNVERIFIED,511.74532586922845,590.7763512520755,591.3403167097985,20.0
R03ZF_SARF000027,R03ZF,27,900,C:\research_raw\optical_sar_data\20260721data\derived_frames\pseudocolor_labelstudio_prep_20260722\frames\sar_pseudocolor\R03ZF\frame_000027_t000900ms.jpg,1024,592,-59.92829848430174,59.833559435023005,16,889,NOMINAL_INDEX_FPS_ZERO_OFFSET_UNVERIFIED,511.74532586922845,590.7763512520755,591.3403167097985,20.0
R03ZF_SARF000028,R03ZF,28,933,C:\research_raw\optical_sar_data\20260721data\derived_frames\pseudocolor_labelstudio_prep_20260722\frames\sar_pseudocolor\R03ZF\frame_000028_t000933ms.jpg,1024,592,-59.92829848430174,59.833559435023005,17,944,NOMINAL_INDEX_FPS_ZERO_OFFSET_UNVERIFIED,511.74532586922845,590.7763512520755,591.3403167097985,20.0
R03ZF_SARF000029,R03ZF,29,967,C:\research_raw\optical_sar_data\20260721data\derived_frames\pseudocolor_labelstudio_prep_20260722\frames\sar_pseudocolor\R03ZF\frame_000029_t000967ms.jpg,1024,592,-59.92829848430174,59.833559435023005,17,944,NOMINAL_INDEX_FPS_ZERO_OFFSET_UNVERIFIED,511.74532586922845,590.7763512520755,591.3403167097985,20.0
R03ZF_SARF000030,R03ZF,30,1000,C:\research_raw\optical_sar_data\20260721data\derived_frames\pseudocolor_labelstudio_prep_20260722\frames\sar_pseudocolor\R03ZF\frame_000030_t001000ms.jpg,1024,592,-59.92829848430174,59.833559435023005,18,1000,NOMINAL_INDEX_FPS_ZERO_OFFSET_UNVERIFIED,511.74532586922845,590.7763512520755,591.3403167097985,20.0
R03ZF_SARF000031,R03ZF,31,1033,C:\research_raw\optical_sar_data\20260721data\derived_frames\pseudocolor_labelstudio_prep_20260722\frames\sar_pseudocolor\R03ZF\frame_000031_t001033ms.jpg,1024,592,-59.92829848430174,59.833559435023005,19,1056,NOMINAL_INDEX_FPS_ZERO_OFFSET_UNVERIFIED,511.74532586922845,590.7763512520755,591.3403167097985,20.0
R03ZF_SARF000032,R03ZF,32,1067,C:\research_raw\optical_sar_data\20260721data\derived_frames\pseudocolor_labelstudio_prep_20260722\frames\sar_pseudocolor\R03ZF\frame_000032_t001067ms.jpg,1024,592,-59.92829848430174,59.833559435023005,19,1056,NOMINAL_INDEX_FPS_ZERO_OFFSET_UNVERIFIED,511.74532586922845,590.7763512520755,591.3403167097985,20.0
R03ZF_SARF000033,R03ZF,33,1100,C:\research_raw\optical_sar_data\20260721data\derived_frames\pseudocolor_labelstudio_prep_20260722\frames\sar_pseudocolor\R03ZF\frame_000033_t001100ms.jpg,1024,592,-59.92829848430174,59.833559435023005,20,1111,NOMINAL_INDEX_FPS_ZERO_OFFSET_UNVERIFIED,511.74532586922845,590.7763512520755,591.3403167097985,20.0
R03ZF_SARF000034,R03ZF,34,1133,C:\research_raw\optical_sar_data\20260721data\derived_frames\pseudocolor_labelstudio_prep_20260722\frames\sar_pseudocolor\R03ZF\frame_000034_t001133ms.jpg,1024,592,-59.92829848430174,59.833559435023005,20,1111,NOMINAL_INDEX_FPS_ZERO_OFFSET_UNVERIFIED,511.74532586922845,590.7763512520755,591.3403167097985,20.0
R03ZF_SARF000035,R03ZF,35,1167,C:\research_raw\optical_sar_data\20260721data\derived_frames\pseudocolor_labelstudio_prep_20260722\frames\sar_pseudocolor\R03ZF\frame_000035_t001167ms.jpg,1024,592,-59.92829848430174,59.833559435023005,21,1167,NOMINAL_INDEX_FPS_ZERO_OFFSET_UNVERIFIED,511.74532586922845,590.7763512520755,591.3403167097985,20.0
R03ZF_SARF000036,R03ZF,36,1200,C:\research_raw\optical_sar_data\20260721data\derived_frames\pseudocolor_labelstudio_prep_20260722\frames\sar_pseudocolor\R03ZF\frame_000036_t001200ms.jpg,1024,592,-59.92829848430174,59.833559435023005,22,1222,NOMINAL_INDEX_FPS_ZERO_OFFSET_UNVERIFIED,511.74532586922845,590.7763512520755,591.3403167097985,20.0
R03ZF_SARF000037,R03ZF,37,1233,C:\research_raw\optical_sar_data\20260721data\derived_frames\pseudocolor_labelstudio_prep_20260722\frames\sar_pseudocolor\R03ZF\frame_000037_t001233ms.jpg,1024,592,-59.92829848430174,59.833559435023005,22,1222,NOMINAL_INDEX_FPS_ZERO_OFFSET_UNVERIFIED,511.74532586922845,590.7763512520755,591.3403167097985,20.0
R03ZF_SARF000038,R03ZF,38,1267,C:\research_raw\optical_sar_data\20260721data\derived_frames\pseudocolor_labelstudio_prep_20260722\frames\sar_pseudocolor\R03ZF\frame_000038_t001267ms.jpg,1024,592,-59.92829848430174,59.833559435023005,23,1278,NOMINAL_INDEX_FPS_ZERO_OFFSET_UNVERIFIED,511.74532586922845,590.7763512520755,591.3403167097985,20.0
R03ZF_SARF000039,R03ZF,39,1300,C:\research_raw\optical_sar_data\20260721data\derived_frames\pseudocolor_labelstudio_prep_20260722\frames\sar_pseudocolor\R03ZF\frame_000039_t001300ms.jpg,1024,592,-59.92829848430174,59.833559435023005,23,1278,NOMINAL_INDEX_FPS_ZERO_OFFSET_UNVERIFIED,511.74532586922845,590.7763512520755,591.3403167097985,20.0
R03ZF_SARF000040,R03ZF,40,1333,C:\research_raw\optical_sar_data\20260721data\derived_frames\pseudocolor_labelstudio_prep_20260722\frames\sar_pseudocolor\R03ZF\frame_000040_t001333ms.jpg,1024,592,-59.92829848430174,59.833559435023005,24,1333,NOMINAL_INDEX_FPS_ZERO_OFFSET_UNVERIFIED,511.74532586922845,590.7763512520755,591.3403167097985,20.0
R03ZF_SARF000041,R03ZF,41,1367,C:\research_raw\optical_sar_data\20260721data\derived_frames\pseudocolor_labelstudio_prep_20260722\frames\sar_pseudocolor\R03ZF\frame_000041_t001367ms.jpg,1024,592,-59.92829848430174,59.833559435023005,25,1389,NOMINAL_INDEX_FPS_ZERO_OFFSET_UNVERIFIED,511.74532586922845,590.7763512520755,591.3403167097985,20.0
R03ZF_SARF000042,R03ZF,42,1400,C:\research_raw\optical_sar_data\20260721data\derived_frames\pseudocolor_labelstudio_prep_20260722\frames\sar_pseudocolor\R03ZF\frame_000042_t001400ms.jpg,1024,592,-59.92829848430174,59.833559435023005,25,1389,NOMINAL_INDEX_FPS_ZERO_OFFSET_UNVERIFIED,511.74532586922845,590.7763512520755,591.3403167097985,20.0
R03ZF_SARF000043,R03ZF,43,1433,C:\research_raw\optical_sar_data\20260721data\derived_frames\pseudocolor_labelstudio_prep_20260722\frames\sar_pseudocolor\R03ZF\frame_000043_t001433ms.jpg,1024,592,-59.92829848430174,59.833559435023005,26,1444,NOMINAL_INDEX_FPS_ZERO_OFFSET_UNVERIFIED,511.74532586922845,590.7763512520755,591.3403167097985,20.0
R03ZF_SARF000044,R03ZF,44,1467,C:\research_raw\optical_sar_data\20260721data\derived_frames\pseudocolor_labelstudio_prep_20260722\frames\sar_pseudocolor\R03ZF\frame_000044_t001467ms.jpg,1024,592,-59.92829848430174,59.833559435023005,26,1444,NOMINAL_INDEX_FPS_ZERO_OFFSET_UNVERIFIED,511.74532586922845,590.7763512520755,591.3403167097985,20.0
R03ZF_SARF000045,R03ZF,45,1500,C:\research_raw\optical_sar_data\20260721data\derived_frames\pseudocolor_labelstudio_prep_20260722\frames\sar_pseudocolor\R03ZF\frame_000045_t001500ms.jpg,1024,592,-59.92829848430174,59.833559435023005,27,1500,NOMINAL_INDEX_FPS_ZERO_OFFSET_UNVERIFIED,511.74532586922845,590.7763512520755,591.3403167097985,20.0
R03ZF_SARF000046,R03ZF,46,1533,C:\research_raw\optical_sar_data\20260721data\derived_frames\pseudocolor_labelstudio_prep_20260722\frames\sar_pseudocolor\R03ZF\frame_000046_t001533ms.jpg,1024,592,-59.92829848430174,59.833559435023005,28,1556,NOMINAL_INDEX_FPS_ZERO_OFFSET_UNVERIFIED,511.74532586922845,590.7763512520755,591.3403167097985,20.0
R03ZF_SARF000047,R03ZF,47,1567,C:\research_raw\optical_sar_data\20260721data\derived_frames\pseudocolor_labelstudio_prep_20260722\frames\sar_pseudocolor\R03ZF\frame_000047_t001567ms.jpg,1024,592,-59.92829848430174,59.833559435023005,28,1556,NOMINAL_INDEX_FPS_ZERO_OFFSET_UNVERIFIED,511.74532586922845,590.7763512520755,591.3403167097985,20.0
R03ZF_SARF000048,R03ZF,48,1600,C:\research_raw\optical_sar_data\20260721data\derived_frames\pseudocolor_labelstudio_prep_20260722\frames\sar_pseudocolor\R03ZF\frame_000048_t001600ms.jpg,1024,592,-59.92829848430174,59.833559435023005,29,1611,NOMINAL_INDEX_FPS_ZERO_OFFSET_UNVERIFIED,511.74532586922845,590.7763512520755,591.3403167097985,20.0
R03ZF_SARF000049,R03ZF,49,1633,C:\research_raw\optical_sar_data\20260721data\derived_frames\pseudocolor_labelstudio_prep_20260722\frames\sar_pseudocolor\R03ZF\frame_000049_t001633ms.jpg,1024,592,-59.92829848430174,59.833559435023005,29,1611,NOMINAL_INDEX_FPS_ZERO_OFFSET_UNVERIFIED,511.74532586922845,590.7763512520755,591.3403167097985,20.0
R03ZF_SARF000050,R03ZF,50,1667,C:\research_raw\optical_sar_data\20260721data\derived_frames\pseudocolor_labelstudio_prep_20260722\frames\sar_pseudocolor\R03ZF\frame_000050_t001667ms.jpg,1024,592,-59.92829848430174,59.833559435023005,30,1667,NOMINAL_INDEX_FPS_ZERO_OFFSET_UNVERIFIED,511.74532586922845,590.7763512520755,591.3403167097985,20.0
R03ZF_SARF000051,R03ZF,51,1700,C:\research_raw\optical_sar_data\20260721data\derived_frames\pseudocolor_labelstudio_prep_20260722\frames\sar_pseudocolor\R03ZF\frame_000051_t001700ms.jpg,1024,592,-59.92829848430174,59.833559435023005,31,1722,NOMINAL_INDEX_FPS_ZERO_OFFSET_UNVERIFIED,511.74532586922845,590.7763512520755,591.3403167097985,20.0
R03ZF_SARF000052,R03ZF,52,1733,C:\research_raw\optical_sar_data\20260721data\derived_frames\pseudocolor_labelstudio_prep_20260722\frames\sar_pseudocolor\R03ZF\frame_000052_t001733ms.jpg,1024,592,-59.92829848430174,59.833559435023005,31,1722,NOMINAL_INDEX_FPS_ZERO_OFFSET_UNVERIFIED,511.74532586922845,590.7763512520755,591.3403167097985,20.0
R03ZF_SARF000053,R03ZF,53,1767,C:\research_raw\optical_sar_data\20260721data\derived_frames\pseudocolor_labelstudio_prep_20260722\frames\sar_pseudocolor\R03ZF\frame_000053_t001767ms.jpg,1024,592,-59.92829848430174,59.833559435023005,32,1778,NOMINAL_INDEX_FPS_ZERO_OFFSET_UNVERIFIED,511.74532586922845,590.7763512520755,591.3403167097985,20.0
R03ZF_SARF000054,R03ZF,54,1800,C:\research_raw\optical_sar_data\20260721data\derived_frames\pseudocolor_labelstudio_prep_20260722\frames\sar_pseudocolor\R03ZF\frame_000054_t001800ms.jpg,1024,592,-59.92829848430174,59.833559435023005,32,1778,NOMINAL_INDEX_FPS_ZERO_OFFSET_UNVERIFIED,511.74532586922845,590.7763512520755,591.3403167097985,20.0
R03ZF_SARF000055,R03ZF,55,1833,C:\research_raw\optical_sar_data\20260721data\derived_frames\pseudocolor_labelstudio_prep_20260722\frames\sar_pseudocolor\R03ZF\frame_000055_t001833ms.jpg,1024,592,-59.92829848430174,59.833559435023005,33,1833,NOMINAL_INDEX_FPS_ZERO_OFFSET_UNVERIFIED,511.74532586922845,590.7763512520755,591.3403167097985,20.0
R03ZF_SARF000056,R03ZF,56,1867,C:\research_raw\optical_sar_data\20260721data\derived_frames\pseudocolor_labelstudio_prep_20260722\frames\sar_pseudocolor\R03ZF\frame_000056_t001867ms.jpg,1024,592,-59.92829848430174,59.833559435023005,34,1889,NOMINAL_INDEX_FPS_ZERO_OFFSET_UNVERIFIED,511.74532586922845,590.7763512520755,591.3403167097985,20.0
R03ZF_SARF000057,R03ZF,57,1900,C:\research_raw\optical_sar_data\20260721data\derived_frames\pseudocolor_labelstudio_prep_20260722\frames\sar_pseudocolor\R03ZF\frame_000057_t001900ms.jpg,1024,592,-59.92829848430174,59.833559435023005,34,1889,NOMINAL_INDEX_FPS_ZERO_OFFSET_UNVERIFIED,511.74532586922845,590.7763512520755,591.3403167097985,20.0
R03ZF_SARF000058,R03ZF,58,1933,C:\research_raw\optical_sar_data\20260721data\derived_frames\pseudocolor_labelstudio_prep_20260722\frames\sar_pseudocolor\R03ZF\frame_000058_t001933ms.jpg,1024,592,-59.92829848430174,59.833559435023005,35,1944,NOMINAL_INDEX_FPS_ZERO_OFFSET_UNVERIFIED,511.74532586922845,590.7763512520755,591.3403167097985,20.0
R03ZF_SARF000059,R03ZF,59,1967,C:\research_raw\optical_sar_data\20260721data\derived_frames\pseudocolor_labelstudio_prep_20260722\frames\sar_pseudocolor\R03ZF\frame_000059_t001967ms.jpg,1024,592,-59.92829848430174,59.833559435023005,35,1944,NOMINAL_INDEX_FPS_ZERO_OFFSET_UNVERIFIED,511.74532586922845,590.7763512520755,591.3403167097985,20.0
R03ZF_SARF000060,R03ZF,60,2000,C:\research_raw\optical_sar_data\20260721data\derived_frames\pseudocolor_labelstudio_prep_20260722\frames\sar_pseudocolor\R03ZF\frame_000060_t002000ms.jpg,1024,592,-59.92829848430174,59.833559435023005,36,2000,NOMINAL_INDEX_FPS_ZERO_OFFSET_UNVERIFIED,511.74532586922845,590.7763512520755,591.3403167097985,20.0
R03ZF_SARF000061,R03ZF,61,2033,C:\research_raw\optical_sar_data\20260721data\derived_frames\pseudocolor_labelstudio_prep_20260722\frames\sar_pseudocolor\R03ZF\frame_000061_t002033ms.jpg,1024,592,-59.92829848430174,59.833559435023005,37,2056,NOMINAL_INDEX_FPS_ZERO_OFFSET_UNVERIFIED,511.74532586922845,590.7763512520755,591.3403167097985,20.0
R03ZF_SARF000062,R03ZF,62,2067,C:\research_raw\optical_sar_data\20260721data\derived_frames\pseudocolor_labelstudio_prep_20260722\frames\sar_pseudocolor\R03ZF\frame_000062_t002067ms.jpg,1024,592,-59.92829848430174,59.833559435023005,37,2056,NOMINAL_INDEX_FPS_ZERO_OFFSET_UNVERIFIED,511.74532586922845,590.7763512520755,591.3403167097985,20.0
R03ZF_SARF000063,R03ZF,63,2100,C:\research_raw\optical_sar_data\20260721data\derived_frames\pseudocolor_labelstudio_prep_20260722\frames\sar_pseudocolor\R03ZF\frame_000063_t002100ms.jpg,1024,592,-59.92829848430174,59.833559435023005,38,2111,NOMINAL_INDEX_FPS_ZERO_OFFSET_UNVERIFIED,511.74532586922845,590.7763512520755,591.3403167097985,20.0
R03ZF_SARF000064,R03ZF,64,2133,C:\research_raw\optical_sar_data\20260721data\derived_frames\pseudocolor_labelstudio_prep_20260722\frames\sar_pseudocolor\R03ZF\frame_000064_t002133ms.jpg,1024,592,-59.92829848430174,59.833559435023005,38,2111,NOMINAL_INDEX_FPS_ZERO_OFFSET_UNVERIFIED,511.74532586922845,590.7763512520755,591.3403167097985,20.0
R03ZF_SARF000065,R03ZF,65,2167,C:\research_raw\optical_sar_data\20260721data\derived_frames\pseudocolor_labelstudio_prep_20260722\frames\sar_pseudocolor\R03ZF\frame_000065_t002167ms.jpg,1024,592,-59.92829848430174,59.833559435023005,39,2167,NOMINAL_INDEX_FPS_ZERO_OFFSET_UNVERIFIED,511.74532586922845,590.7763512520755,591.3403167097985,20.0
R03ZF_SARF000066,R03ZF,66,2200,C:\research_raw\optical_sar_data\20260721data\derived_frames\pseudocolor_labelstudio_prep_20260722\frames\sar_pseudocolor\R03ZF\frame_000066_t002200ms.jpg,1024,592,-59.92829848430174,59.833559435023005,40,2222,NOMINAL_INDEX_FPS_ZERO_OFFSET_UNVERIFIED,511.74532586922845,590.7763512520755,591.3403167097985,20.0
R03ZF_SARF000067,R03ZF,67,2233,C:\research_raw\optical_sar_data\20260721data\derived_frames\pseudocolor_labelstudio_prep_20260722\frames\sar_pseudocolor\R03ZF\frame_000067_t002233ms.jpg,1024,592,-59.92829848430174,59.833559435023005,40,2222,NOMINAL_INDEX_FPS_ZERO_OFFSET_UNVERIFIED,511.74532586922845,590.7763512520755,591.3403167097985,20.0
R03ZF_SARF000068,R03ZF,68,2267,C:\research_raw\optical_sar_data\20260721data\derived_frames\pseudocolor_labelstudio_prep_20260722\frames\sar_pseudocolor\R03ZF\frame_000068_t002267ms.jpg,1024,592,-59.92829848430174,59.833559435023005,41,2278,NOMINAL_INDEX_FPS_ZERO_OFFSET_UNVERIFIED,511.74532586922845,590.7763512520755,591.3403167097985,20.0
R03ZF_SARF000069,R03ZF,69,2300,C:\research_raw\optical_sar_data\20260721data\derived_frames\pseudocolor_labelstudio_prep_20260722\frames\sar_pseudocolor\R03ZF\frame_000069_t002300ms.jpg,1024,592,-59.92829848430174,59.833559435023005,41,2278,NOMINAL_INDEX_FPS_ZERO_OFFSET_UNVERIFIED,511.74532586922845,590.7763512520755,591.3403167097985,20.0
R03ZF_SARF000070,R03ZF,70,2333,C:\research_raw\optical_sar_data\20260721data\derived_frames\pseudocolor_labelstudio_prep_20260722\frames\sar_pseudocolor\R03ZF\frame_000070_t002333ms.jpg,1024,592,-59.92829848430174,59.833559435023005,42,2333,NOMINAL_INDEX_FPS_ZERO_OFFSET_UNVERIFIED,511.74532586922845,590.7763512520755,591.3403167097985,20.0
R03ZF_SARF000071,R03ZF,71,2367,C:\research_raw\optical_sar_data\20260721data\derived_frames\pseudocolor_labelstudio_prep_20260722\frames\sar_pseudocolor\R03ZF\frame_000071_t002367ms.jpg,1024,592,-59.92829848430174,59.833559435023005,43,2389,NOMINAL_INDEX_FPS_ZERO_OFFSET_UNVERIFIED,511.74532586922845,590.7763512520755,591.3403167097985,20.0
R03ZF_SARF000072,R03ZF,72,2400,C:\research_raw\optical_sar_data\20260721data\derived_frames\pseudocolor_labelstudio_prep_20260722\frames\sar_pseudocolor\R03ZF\frame_000072_t002400ms.jpg,1024,592,-59.92829848430174,59.833559435023005,43,2389,NOMINAL_INDEX_FPS_ZERO_OFFSET_UNVERIFIED,511.74532586922845,590.7763512520755,591.3403167097985,20.0
R03ZF_SARF000073,R03ZF,73,2433,C:\research_raw\optical_sar_data\20260721data\derived_frames\pseudocolor_labelstudio_prep_20260722\frames\sar_pseudocolor\R03ZF\frame_000073_t002433ms.jpg,1024,592,-59.92829848430174,59.833559435023005,44,2444,NOMINAL_INDEX_FPS_ZERO_OFFSET_UNVERIFIED,511.74532586922845,590.7763512520755,591.3403167097985,20.0
R03ZF_SARF000074,R03ZF,74,2467,C:\research_raw\optical_sar_data\20260721data\derived_frames\pseudocolor_labelstudio_prep_20260722\frames\sar_pseudocolor\R03ZF\frame_000074_t002467ms.jpg,1024,592,-59.92829848430174,59.833559435023005,44,2444,NOMINAL_INDEX_FPS_ZERO_OFFSET_UNVERIFIED,511.74532586922845,590.7763512520755,591.3403167097985,20.0
R03ZF_SARF000075,R03ZF,75,2500,C:\research_raw\optical_sar_data\20260721data\derived_frames\pseudocolor_labelstudio_prep_20260722\frames\sar_pseudocolor\R03ZF\frame_000075_t002500ms.jpg,1024,592,-59.92829848430174,59.833559435023005,45,2500,NOMINAL_INDEX_FPS_ZERO_OFFSET_UNVERIFIED,511.74532586922845,590.7763512520755,591.3403167097985,20.0
R03ZF_SARF000076,R03ZF,76,2533,C:\research_raw\optical_sar_data\20260721data\derived_frames\pseudocolor_labelstudio_prep_20260722\frames\sar_pseudocolor\R03ZF\frame_000076_t002533ms.jpg,1024,592,-59.92829848430174,59.833559435023005,46,2556,NOMINAL_INDEX_FPS_ZERO_OFFSET_UNVERIFIED,511.74532586922845,590.7763512520755,591.3403167097985,20.0
R03ZF_SARF000077,R03ZF,77,2567,C:\research_raw\optical_sar_data\20260721data\derived_frames\pseudocolor_labelstudio_prep_20260722\frames\sar_pseudocolor\R03ZF\frame_000077_t002567ms.jpg,1024,592,-59.92829848430174,59.833559435023005,46,2556,NOMINAL_INDEX_FPS_ZERO_OFFSET_UNVERIFIED,511.74532586922845,590.7763512520755,591.3403167097985,20.0
R03ZF_SARF000078,R03ZF,78,2600,C:\research_raw\optical_sar_data\20260721data\derived_frames\pseudocolor_labelstudio_prep_20260722\frames\sar_pseudocolor\R03ZF\frame_000078_t002600ms.jpg,1024,592,-59.92829848430174,59.833559435023005,47,2611,NOMINAL_INDEX_FPS_ZERO_OFFSET_UNVERIFIED,511.74532586922845,590.7763512520755,591.3403167097985,20.0
R03ZF_SARF000079,R03ZF,79,2633,C:\research_raw\optical_sar_data\20260721data\derived_frames\pseudocolor_labelstudio_prep_20260722\frames\sar_pseudocolor\R03ZF\frame_000079_t002633ms.jpg,1024,592,-59.92829848430174,59.833559435023005,47,2611,NOMINAL_INDEX_FPS_ZERO_OFFSET_UNVERIFIED,511.74532586922845,590.7763512520755,591.3403167097985,20.0
R03ZF_SARF000080,R03ZF,80,2667,C:\research_raw\optical_sar_data\20260721data\derived_frames\pseudocolor_labelstudio_prep_20260722\frames\sar_pseudocolor\R03ZF\frame_000080_t002667ms.jpg,1024,592,-59.92829848430174,59.833559435023005,48,2667,NOMINAL_INDEX_FPS_ZERO_OFFSET_UNVERIFIED,511.74532586922845,590.7763512520755,591.3403167097985,20.0
R03ZF_SARF000081,R03ZF,81,2700,C:\research_raw\optical_sar_data\20260721data\derived_frames\pseudocolor_labelstudio_prep_20260722\frames\sar_pseudocolor\R03ZF\frame_000081_t002700ms.jpg,1024,592,-59.92829848430174,59.833559435023005,49,2722,NOMINAL_INDEX_FPS_ZERO_OFFSET_UNVERIFIED,511.74532586922845,590.7763512520755,591.3403167097985,20.0
R03ZF_SARF000082,R03ZF,82,2733,C:\research_raw\optical_sar_data\20260721data\derived_frames\pseudocolor_labelstudio_prep_20260722\frames\sar_pseudocolor\R03ZF\frame_000082_t002733ms.jpg,1024,592,-59.92829848430174,59.833559435023005,49,2722,NOMINAL_INDEX_FPS_ZERO_OFFSET_UNVERIFIED,511.74532586922845,590.7763512520755,591.3403167097985,20.0
R03ZF_SARF000083,R03ZF,83,2767,C:\research_raw\optical_sar_data\20260721data\derived_frames\pseudocolor_labelstudio_prep_20260722\frames\sar_pseudocolor\R03ZF\frame_000083_t002767ms.jpg,1024,592,-59.92829848430174,59.833559435023005,50,2778,NOMINAL_INDEX_FPS_ZERO_OFFSET_UNVERIFIED,511.74532586922845,590.7763512520755,591.3403167097985,20.0
R03ZF_SARF000084,R03ZF,84,2800,C:\research_raw\optical_sar_data\20260721data\derived_frames\pseudocolor_labelstudio_prep_20260722\frames\sar_pseudocolor\R03ZF\frame_000084_t002800ms.jpg,1024,592,-59.92829848430174,59.833559435023005,50,2778,NOMINAL_INDEX_FPS_ZERO_OFFSET_UNVERIFIED,511.74532586922845,590.7763512520755,591.3403167097985,20.0
R03ZF_SARF000085,R03ZF,85,2833,C:\research_raw\optical_sar_data\20260721data\derived_frames\pseudocolor_labelstudio_prep_20260722\frames\sar_pseudocolor\R03ZF\frame_000085_t002833ms.jpg,1024,592,-59.92829848430174,59.833559435023005,51,2833,NOMINAL_INDEX_FPS_ZERO_OFFSET_UNVERIFIED,511.74532586922845,590.7763512520755,591.3403167097985,20.0
R03ZF_SARF000086,R03ZF,86,2867,C:\research_raw\optical_sar_data\20260721data\derived_frames\pseudocolor_labelstudio_prep_20260722\frames\sar_pseudocolor\R03ZF\frame_000086_t002867ms.jpg,1024,592,-59.92829848430174,59.833559435023005,52,2889,NOMINAL_INDEX_FPS_ZERO_OFFSET_UNVERIFIED,511.74532586922845,590.7763512520755,591.3403167097985,20.0
R03ZF_SARF000087,R03ZF,87,2900,C:\research_raw\optical_sar_data\20260721data\derived_frames\pseudocolor_labelstudio_prep_20260722\frames\sar_pseudocolor\R03ZF\frame_000087_t002900ms.jpg,1024,592,-59.92829848430174,59.833559435023005,52,2889,NOMINAL_INDEX_FPS_ZERO_OFFSET_UNVERIFIED,511.74532586922845,590.7763512520755,591.3403167097985,20.0
R03ZF_SARF000088,R03ZF,88,2933,C:\research_raw\optical_sar_data\20260721data\derived_frames\pseudocolor_labelstudio_prep_20260722\frames\sar_pseudocolor\R03ZF\frame_000088_t002933ms.jpg,1024,592,-59.92829848430174,59.833559435023005,53,2944,NOMINAL_INDEX_FPS_ZERO_OFFSET_UNVERIFIED,511.74532586922845,590.7763512520755,591.3403167097985,20.0
R03ZF_SARF000089,R03ZF,89,2967,C:\research_raw\optical_sar_data\20260721data\derived_frames\pseudocolor_labelstudio_prep_20260722\frames\sar_pseudocolor\R03ZF\frame_000089_t002967ms.jpg,1024,592,-59.92829848430174,59.833559435023005,53,2944,NOMINAL_INDEX_FPS_ZERO_OFFSET_UNVERIFIED,511.74532586922845,590.7763512520755,591.3403167097985,20.0
R03ZF_SARF000090,R03ZF,90,3000,C:\research_raw\optical_sar_data\20260721data\derived_frames\pseudocolor_labelstudio_prep_20260722\frames\sar_pseudocolor\R03ZF\frame_000090_t003000ms.jpg,1024,592,-59.92829848430174,59.833559435023005,54,3000,NOMINAL_INDEX_FPS_ZERO_OFFSET_UNVERIFIED,511.74532586922845,590.7763512520755,591.3403167097985,20.0
R03ZF_SARF000091,R03ZF,91,3033,C:\research_raw\optical_sar_data\20260721data\derived_frames\pseudocolor_labelstudio_prep_20260722\frames\sar_pseudocolor\R03ZF\frame_000091_t003033ms.jpg,1024,592,-59.92829848430174,59.833559435023005,55,3056,NOMINAL_INDEX_FPS_ZERO_OFFSET_UNVERIFIED,511.74532586922845,590.7763512520755,591.3403167097985,20.0
R03ZF_SARF000092,R03ZF,92,3067,C:\research_raw\optical_sar_data\20260721data\derived_frames\pseudocolor_labelstudio_prep_20260722\frames\sar_pseudocolor\R03ZF\frame_000092_t003067ms.jpg,1024,592,-59.92829848430174,59.833559435023005,55,3056,NOMINAL_INDEX_FPS_ZERO_OFFSET_UNVERIFIED,511.74532586922845,590.7763512520755,591.3403167097985,20.0
R03ZF_SARF000093,R03ZF,93,3100,C:\research_raw\optical_sar_data\20260721data\derived_frames\pseudocolor_labelstudio_prep_20260722\frames\sar_pseudocolor\R03ZF\frame_000093_t003100ms.jpg,1024,592,-59.92829848430174,59.833559435023005,56,3111,NOMINAL_INDEX_FPS_ZERO_OFFSET_UNVERIFIED,511.74532586922845,590.7763512520755,591.3403167097985,20.0
R03ZF_SARF000094,R03ZF,94,3133,C:\research_raw\optical_sar_data\20260721data\derived_frames\pseudocolor_labelstudio_prep_20260722\frames\sar_pseudocolor\R03ZF\frame_000094_t003133ms.jpg,1024,592,-59.92829848430174,59.833559435023005,56,3111,NOMINAL_INDEX_FPS_ZERO_OFFSET_UNVERIFIED,511.74532586922845,590.7763512520755,591.3403167097985,20.0
R03ZF_SARF000095,R03ZF,95,3167,C:\research_raw\optical_sar_data\20260721data\derived_frames\pseudocolor_labelstudio_prep_20260722\frames\sar_pseudocolor\R03ZF\frame_000095_t003167ms.jpg,1024,592,-59.92829848430174,59.833559435023005,57,3167,NOMINAL_INDEX_FPS_ZERO_OFFSET_UNVERIFIED,511.74532586922845,590.7763512520755,591.3403167097985,20.0
R03ZF_SARF000096,R03ZF,96,3200,C:\research_raw\optical_sar_data\20260721data\derived_frames\pseudocolor_labelstudio_prep_20260722\frames\sar_pseudocolor\R03ZF\frame_000096_t003200ms.jpg,1024,592,-59.92829848430174,59.833559435023005,58,3222,NOMINAL_INDEX_FPS_ZERO_OFFSET_UNVERIFIED,511.74532586922845,590.7763512520755,591.3403167097985,20.0
R03ZF_SARF000097,R03ZF,97,3233,C:\research_raw\optical_sar_data\20260721data\derived_frames\pseudocolor_labelstudio_prep_20260722\frames\sar_pseudocolor\R03ZF\frame_000097_t003233ms.jpg,1024,592,-59.92829848430174,59.833559435023005,58,3222,NOMINAL_INDEX_FPS_ZERO_OFFSET_UNVERIFIED,511.74532586922845,590.7763512520755,591.3403167097985,20.0
R03ZF_SARF000098,R03ZF,98,3267,C:\research_raw\optical_sar_data\20260721data\derived_frames\pseudocolor_labelstudio_prep_20260722\frames\sar_pseudocolor\R03ZF\frame_000098_t003267ms.jpg,1024,592,-59.92829848430174,59.833559435023005,59,3278,NOMINAL_INDEX_FPS_ZERO_OFFSET_UNVERIFIED,511.74532586922845,590.7763512520755,591.3403167097985,20.0
R03ZF_SARF000099,R03ZF,99,3300,C:\research_raw\optical_sar_data\20260721data\derived_frames\pseudocolor_labelstudio_prep_20260722\frames\sar_pseudocolor\R03ZF\frame_000099_t003300ms.jpg,1024,592,-59.92829848430174,59.833559435023005,59,3278,NOMINAL_INDEX_FPS_ZERO_OFFSET_UNVERIFIED,511.74532586922845,590.7763512520755,591.3403167097985,20.0
R03ZF_SARF000100,R03ZF,100,3333,C:\research_raw\optical_sar_data\20260721data\derived_frames\pseudocolor_labelstudio_prep_20260722\frames\sar_pseudocolor\R03ZF\frame_000100_t003333ms.jpg,1024,592,-59.92829848430174,59.833559435023005,60,3333,NOMINAL_INDEX_FPS_ZERO_OFFSET_UNVERIFIED,511.74532586922845,590.7763512520755,591.3403167097985,20.0
R03ZF_SARF000101,R03ZF,101,3367,C:\research_raw\optical_sar_data\20260721data\derived_frames\pseudocolor_labelstudio_prep_20260722\frames\sar_pseudocolor\R03ZF\frame_000101_t003367ms.jpg,1024,592,-59.92829848430174,59.833559435023005,61,3389,NOMINAL_INDEX_FPS_ZERO_OFFSET_UNVERIFIED,511.74532586922845,590.7763512520755,591.3403167097985,20.0
R03ZF_SARF000102,R03ZF,102,3400,C:\research_raw\optical_sar_data\20260721data\derived_frames\pseudocolor_labelstudio_prep_20260722\frames\sar_pseudocolor\R03ZF\frame_000102_t003400ms.jpg,1024,592,-59.92829848430174,59.833559435023005,61,3389,NOMINAL_INDEX_FPS_ZERO_OFFSET_UNVERIFIED,511.74532586922845,590.7763512520755,591.3403167097985,20.0
R03ZF_SARF000103,R03ZF,103,3433,C:\research_raw\optical_sar_data\20260721data\derived_frames\pseudocolor_labelstudio_prep_20260722\frames\sar_pseudocolor\R03ZF\frame_000103_t003433ms.jpg,1024,592,-59.92829848430174,59.833559435023005,62,3444,NOMINAL_INDEX_FPS_ZERO_OFFSET_UNVERIFIED,511.74532586922845,590.7763512520755,591.3403167097985,20.0
R03ZF_SARF000104,R03ZF,104,3467,C:\research_raw\optical_sar_data\20260721data\derived_frames\pseudocolor_labelstudio_prep_20260722\frames\sar_pseudocolor\R03ZF\frame_000104_t003467ms.jpg,1024,592,-59.92829848430174,59.833559435023005,62,3444,NOMINAL_INDEX_FPS_ZERO_OFFSET_UNVERIFIED,511.74532586922845,590.7763512520755,591.3403167097985,20.0
R03ZF_SARF000105,R03ZF,105,3500,C:\research_raw\optical_sar_data\20260721data\derived_frames\pseudocolor_labelstudio_prep_20260722\frames\sar_pseudocolor\R03ZF\frame_000105_t003500ms.jpg,1024,592,-59.92829848430174,59.833559435023005,63,3500,NOMINAL_INDEX_FPS_ZERO_OFFSET_UNVERIFIED,511.74532586922845,590.7763512520755,591.3403167097985,20.0
R03ZF_SARF000106,R03ZF,106,3533,C:\research_raw\optical_sar_data\20260721data\derived_frames\pseudocolor_labelstudio_prep_20260722\frames\sar_pseudocolor\R03ZF\frame_000106_t003533ms.jpg,1024,592,-59.92829848430174,59.833559435023005,64,3556,NOMINAL_INDEX_FPS_ZERO_OFFSET_UNVERIFIED,511.74532586922845,590.7763512520755,591.3403167097985,20.0
R03ZF_SARF000107,R03ZF,107,3567,C:\research_raw\optical_sar_data\20260721data\derived_frames\pseudocolor_labelstudio_prep_20260722\frames\sar_pseudocolor\R03ZF\frame_000107_t003567ms.jpg,1024,592,-59.92829848430174,59.833559435023005,64,3556,NOMINAL_INDEX_FPS_ZERO_OFFSET_UNVERIFIED,511.74532586922845,590.7763512520755,591.3403167097985,20.0
R03ZF_SARF000108,R03ZF,108,3600,C:\research_raw\optical_sar_data\20260721data\derived_frames\pseudocolor_labelstudio_prep_20260722\frames\sar_pseudocolor\R03ZF\frame_000108_t003600ms.jpg,1024,592,-59.92829848430174,59.833559435023005,65,3611,NOMINAL_INDEX_FPS_ZERO_OFFSET_UNVERIFIED,511.74532586922845,590.7763512520755,591.3403167097985,20.0
R03ZF_SARF000109,R03ZF,109,3633,C:\research_raw\optical_sar_data\20260721data\derived_frames\pseudocolor_labelstudio_prep_20260722\frames\sar_pseudocolor\R03ZF\frame_000109_t003633ms.jpg,1024,592,-59.92829848430174,59.833559435023005,65,3611,NOMINAL_INDEX_FPS_ZERO_OFFSET_UNVERIFIED,511.74532586922845,590.7763512520755,591.3403167097985,20.0
R03ZF_SARF000110,R03ZF,110,3667,C:\research_raw\optical_sar_data\20260721data\derived_frames\pseudocolor_labelstudio_prep_20260722\frames\sar_pseudocolor\R03ZF\frame_000110_t003667ms.jpg,1024,592,-59.92829848430174,59.833559435023005,66,3667,NOMINAL_INDEX_FPS_ZERO_OFFSET_UNVERIFIED,511.74532586922845,590.7763512520755,591.3403167097985,20.0
R03ZF_SARF000111,R03ZF,111,3700,C:\research_raw\optical_sar_data\20260721data\derived_frames\pseudocolor_labelstudio_prep_20260722\frames\sar_pseudocolor\R03ZF\frame_000111_t003700ms.jpg,1024,592,-59.92829848430174,59.833559435023005,67,3722,NOMINAL_INDEX_FPS_ZERO_OFFSET_UNVERIFIED,511.74532586922845,590.7763512520755,591.3403167097985,20.0
R03ZF_SARF000112,R03ZF,112,3733,C:\research_raw\optical_sar_data\20260721data\derived_frames\pseudocolor_labelstudio_prep_20260722\frames\sar_pseudocolor\R03ZF\frame_000112_t003733ms.jpg,1024,592,-59.92829848430174,59.833559435023005,67,3722,NOMINAL_INDEX_FPS_ZERO_OFFSET_UNVERIFIED,511.74532586922845,590.7763512520755,591.3403167097985,20.0
R03ZF_SARF000113,R03ZF,113,3767,C:\research_raw\optical_sar_data\20260721data\derived_frames\pseudocolor_labelstudio_prep_20260722\frames\sar_pseudocolor\R03ZF\frame_000113_t003767ms.jpg,1024,592,-59.92829848430174,59.833559435023005,68,3778,NOMINAL_INDEX_FPS_ZERO_OFFSET_UNVERIFIED,511.74532586922845,590.7763512520755,591.3403167097985,20.0
R03ZF_SARF000114,R03ZF,114,3800,C:\research_raw\optical_sar_data\20260721data\derived_frames\pseudocolor_labelstudio_prep_20260722\frames\sar_pseudocolor\R03ZF\frame_000114_t003800ms.jpg,1024,592,-59.92829848430174,59.833559435023005,68,3778,NOMINAL_INDEX_FPS_ZERO_OFFSET_UNVERIFIED,511.74532586922845,590.7763512520755,591.3403167097985,20.0
R03ZF_SARF000115,R03ZF,115,3833,C:\research_raw\optical_sar_data\20260721data\derived_frames\pseudocolor_labelstudio_prep_20260722\frames\sar_pseudocolor\R03ZF\frame_000115_t003833ms.jpg,1024,592,-59.92829848430174,59.833559435023005,69,3833,NOMINAL_INDEX_FPS_ZERO_OFFSET_UNVERIFIED,511.74532586922845,590.7763512520755,591.3403167097985,20.0
R03ZF_SARF000116,R03ZF,116,3867,C:\research_raw\optical_sar_data\20260721data\derived_frames\pseudocolor_labelstudio_prep_20260722\frames\sar_pseudocolor\R03ZF\frame_000116_t003867ms.jpg,1024,592,-59.92829848430174,59.833559435023005,70,3889,NOMINAL_INDEX_FPS_ZERO_OFFSET_UNVERIFIED,511.74532586922845,590.7763512520755,591.3403167097985,20.0
R03ZF_SARF000117,R03ZF,117,3900,C:\research_raw\optical_sar_data\20260721data\derived_frames\pseudocolor_labelstudio_prep_20260722\frames\sar_pseudocolor\R03ZF\frame_000117_t003900ms.jpg,1024,592,-59.92829848430174,59.833559435023005,70,3889,NOMINAL_INDEX_FPS_ZERO_OFFSET_UNVERIFIED,511.74532586922845,590.7763512520755,591.3403167097985,20.0
R03ZF_SARF000118,R03ZF,118,3933,C:\research_raw\optical_sar_data\20260721data\derived_frames\pseudocolor_labelstudio_prep_20260722\frames\sar_pseudocolor\R03ZF\frame_000118_t003933ms.jpg,1024,592,-59.92829848430174,59.833559435023005,71,3944,NOMINAL_INDEX_FPS_ZERO_OFFSET_UNVERIFIED,511.74532586922845,590.7763512520755,591.3403167097985,20.0
R03ZF_SARF000119,R03ZF,119,3967,C:\research_raw\optical_sar_data\20260721data\derived_frames\pseudocolor_labelstudio_prep_20260722\frames\sar_pseudocolor\R03ZF\frame_000119_t003967ms.jpg,1024,592,-59.92829848430174,59.833559435023005,71,3944,NOMINAL_INDEX_FPS_ZERO_OFFSET_UNVERIFIED,511.74532586922845,590.7763512520755,591.3403167097985,20.0
R03ZF_SARF000120,R03ZF,120,4000,C:\research_raw\optical_sar_data\20260721data\derived_frames\pseudocolor_labelstudio_prep_20260722\frames\sar_pseudocolor\R03ZF\frame_000120_t004000ms.jpg,1024,592,-59.92829848430174,59.833559435023005,72,4000,NOMINAL_INDEX_FPS_ZERO_OFFSET_UNVERIFIED,511.74532586922845,590.7763512520755,591.3403167097985,20.0
R03ZF_SARF000121,R03ZF,121,4033,C:\research_raw\optical_sar_data\20260721data\derived_frames\pseudocolor_labelstudio_prep_20260722\frames\sar_pseudocolor\R03ZF\frame_000121_t004033ms.jpg,1024,592,-59.92829848430174,59.833559435023005,73,4056,NOMINAL_INDEX_FPS_ZERO_OFFSET_UNVERIFIED,511.74532586922845,590.7763512520755,591.3403167097985,20.0
R03ZF_SARF000122,R03ZF,122,4067,C:\research_raw\optical_sar_data\20260721data\derived_frames\pseudocolor_labelstudio_prep_20260722\frames\sar_pseudocolor\R03ZF\frame_000122_t004067ms.jpg,1024,592,-59.92829848430174,59.833559435023005,73,4056,NOMINAL_INDEX_FPS_ZERO_OFFSET_UNVERIFIED,511.74532586922845,590.7763512520755,591.3403167097985,20.0
R03ZF_SARF000123,R03ZF,123,4100,C:\research_raw\optical_sar_data\20260721data\derived_frames\pseudocolor_labelstudio_prep_20260722\frames\sar_pseudocolor\R03ZF\frame_000123_t004100ms.jpg,1024,592,-59.92829848430174,59.833559435023005,74,4111,NOMINAL_INDEX_FPS_ZERO_OFFSET_UNVERIFIED,511.74532586922845,590.7763512520755,591.3403167097985,20.0
R03ZF_SARF000124,R03ZF,124,4133,C:\research_raw\optical_sar_data\20260721data\derived_frames\pseudocolor_labelstudio_prep_20260722\frames\sar_pseudocolor\R03ZF\frame_000124_t004133ms.jpg,1024,592,-59.92829848430174,59.833559435023005,74,4111,NOMINAL_INDEX_FPS_ZERO_OFFSET_UNVERIFIED,511.74532586922845,590.7763512520755,591.3403167097985,20.0
R03ZF_SARF000125,R03ZF,125,4167,C:\research_raw\optical_sar_data\20260721data\derived_frames\pseudocolor_labelstudio_prep_20260722\frames\sar_pseudocolor\R03ZF\frame_000125_t004167ms.jpg,1024,592,-59.92829848430174,59.833559435023005,75,4167,NOMINAL_INDEX_FPS_ZERO_OFFSET_UNVERIFIED,511.74532586922845,590.7763512520755,591.3403167097985,20.0
R03ZF_SARF000126,R03ZF,126,4200,C:\research_raw\optical_sar_data\20260721data\derived_frames\pseudocolor_labelstudio_prep_20260722\frames\sar_pseudocolor\R03ZF\frame_000126_t004200ms.jpg,1024,592,-59.92829848430174,59.833559435023005,76,4222,NOMINAL_INDEX_FPS_ZERO_OFFSET_UNVERIFIED,511.74532586922845,590.7763512520755,591.3403167097985,20.0
R03ZF_SARF000127,R03ZF,127,4233,C:\research_raw\optical_sar_data\20260721data\derived_frames\pseudocolor_labelstudio_prep_20260722\frames\sar_pseudocolor\R03ZF\frame_000127_t004233ms.jpg,1024,592,-59.92829848430174,59.833559435023005,76,4222,NOMINAL_INDEX_FPS_ZERO_OFFSET_UNVERIFIED,511.74532586922845,590.7763512520755,591.3403167097985,20.0
R03ZF_SARF000128,R03ZF,128,4267,C:\research_raw\optical_sar_data\20260721data\derived_frames\pseudocolor_labelstudio_prep_20260722\frames\sar_pseudocolor\R03ZF\frame_000128_t004267ms.jpg,1024,592,-59.92829848430174,59.833559435023005,77,4278,NOMINAL_INDEX_FPS_ZERO_OFFSET_UNVERIFIED,511.74532586922845,590.7763512520755,591.3403167097985,20.0
R03ZF_SARF000129,R03ZF,129,4300,C:\research_raw\optical_sar_data\20260721data\derived_frames\pseudocolor_labelstudio_prep_20260722\frames\sar_pseudocolor\R03ZF\frame_000129_t004300ms.jpg,1024,592,-59.92829848430174,59.833559435023005,77,4278,NOMINAL_INDEX_FPS_ZERO_OFFSET_UNVERIFIED,511.74532586922845,590.7763512520755,591.3403167097985,20.0
R03ZF_SARF000130,R03ZF,130,4333,C:\research_raw\optical_sar_data\20260721data\derived_frames\pseudocolor_labelstudio_prep_20260722\frames\sar_pseudocolor\R03ZF\frame_000130_t004333ms.jpg,1024,592,-59.92829848430174,59.833559435023005,78,4333,NOMINAL_INDEX_FPS_ZERO_OFFSET_UNVERIFIED,511.74532586922845,590.7763512520755,591.3403167097985,20.0
R03ZF_SARF000131,R03ZF,131,4367,C:\research_raw\optical_sar_data\20260721data\derived_frames\pseudocolor_labelstudio_prep_20260722\frames\sar_pseudocolor\R03ZF\frame_000131_t004367ms.jpg,1024,592,-59.92829848430174,59.833559435023005,79,4389,NOMINAL_INDEX_FPS_ZERO_OFFSET_UNVERIFIED,511.74532586922845,590.7763512520755,591.3403167097985,20.0
R03ZF_SARF000132,R03ZF,132,4400,C:\research_raw\optical_sar_data\20260721data\derived_frames\pseudocolor_labelstudio_prep_20260722\frames\sar_pseudocolor\R03ZF\frame_000132_t004400ms.jpg,1024,592,-59.92829848430174,59.833559435023005,79,4389,NOMINAL_INDEX_FPS_ZERO_OFFSET_UNVERIFIED,511.74532586922845,590.7763512520755,591.3403167097985,20.0
R03ZF_SARF000133,R03ZF,133,4433,C:\research_raw\optical_sar_data\20260721data\derived_frames\pseudocolor_labelstudio_prep_20260722\frames\sar_pseudocolor\R03ZF\frame_000133_t004433ms.jpg,1024,592,-59.92829848430174,59.833559435023005,80,4444,NOMINAL_INDEX_FPS_ZERO_OFFSET_UNVERIFIED,511.74532586922845,590.7763512520755,591.3403167097985,20.0
R03ZF_SARF000134,R03ZF,134,4467,C:\research_raw\optical_sar_data\20260721data\derived_frames\pseudocolor_labelstudio_prep_20260722\frames\sar_pseudocolor\R03ZF\frame_000134_t004467ms.jpg,1024,592,-59.92829848430174,59.833559435023005,80,4444,NOMINAL_INDEX_FPS_ZERO_OFFSET_UNVERIFIED,511.74532586922845,590.7763512520755,591.3403167097985,20.0
R03ZF_SARF000135,R03ZF,135,4500,C:\research_raw\optical_sar_data\20260721data\derived_frames\pseudocolor_labelstudio_prep_20260722\frames\sar_pseudocolor\R03ZF\frame_000135_t004500ms.jpg,1024,592,-59.92829848430174,59.833559435023005,81,4500,NOMINAL_INDEX_FPS_ZERO_OFFSET_UNVERIFIED,511.74532586922845,590.7763512520755,591.3403167097985,20.0
R03ZF_SARF000136,R03ZF,136,4533,C:\research_raw\optical_sar_data\20260721data\derived_frames\pseudocolor_labelstudio_prep_20260722\frames\sar_pseudocolor\R03ZF\frame_000136_t004533ms.jpg,1024,592,-59.92829848430174,59.833559435023005,82,4556,NOMINAL_INDEX_FPS_ZERO_OFFSET_UNVERIFIED,511.74532586922845,590.7763512520755,591.3403167097985,20.0
R03ZF_SARF000137,R03ZF,137,4567,C:\research_raw\optical_sar_data\20260721data\derived_frames\pseudocolor_labelstudio_prep_20260722\frames\sar_pseudocolor\R03ZF\frame_000137_t004567ms.jpg,1024,592,-59.92829848430174,59.833559435023005,82,4556,NOMINAL_INDEX_FPS_ZERO_OFFSET_UNVERIFIED,511.74532586922845,590.7763512520755,591.3403167097985,20.0
R03ZF_SARF000138,R03ZF,138,4600,C:\research_raw\optical_sar_data\20260721data\derived_frames\pseudocolor_labelstudio_prep_20260722\frames\sar_pseudocolor\R03ZF\frame_000138_t004600ms.jpg,1024,592,-59.92829848430174,59.833559435023005,83,4611,NOMINAL_INDEX_FPS_ZERO_OFFSET_UNVERIFIED,511.74532586922845,590.7763512520755,591.3403167097985,20.0
R03ZF_SARF000139,R03ZF,139,4633,C:\research_raw\optical_sar_data\20260721data\derived_frames\pseudocolor_labelstudio_prep_20260722\frames\sar_pseudocolor\R03ZF\frame_000139_t004633ms.jpg,1024,592,-59.92829848430174,59.833559435023005,83,4611,NOMINAL_INDEX_FPS_ZERO_OFFSET_UNVERIFIED,511.74532586922845,590.7763512520755,591.3403167097985,20.0
R03ZF_SARF000140,R03ZF,140,4667,C:\research_raw\optical_sar_data\20260721data\derived_frames\pseudocolor_labelstudio_prep_20260722\frames\sar_pseudocolor\R03ZF\frame_000140_t004667ms.jpg,1024,592,-59.92829848430174,59.833559435023005,84,4667,NOMINAL_INDEX_FPS_ZERO_OFFSET_UNVERIFIED,511.74532586922845,590.7763512520755,591.3403167097985,20.0
R03ZF_SARF000141,R03ZF,141,4700,C:\research_raw\optical_sar_data\20260721data\derived_frames\pseudocolor_labelstudio_prep_20260722\frames\sar_pseudocolor\R03ZF\frame_000141_t004700ms.jpg,1024,592,-59.92829848430174,59.833559435023005,85,4722,NOMINAL_INDEX_FPS_ZERO_OFFSET_UNVERIFIED,511.74532586922845,590.7763512520755,591.3403167097985,20.0
R03ZF_SARF000142,R03ZF,142,4733,C:\research_raw\optical_sar_data\20260721data\derived_frames\pseudocolor_labelstudio_prep_20260722\frames\sar_pseudocolor\R03ZF\frame_000142_t004733ms.jpg,1024,592,-59.92829848430174,59.833559435023005,85,4722,NOMINAL_INDEX_FPS_ZERO_OFFSET_UNVERIFIED,511.74532586922845,590.7763512520755,591.3403167097985,20.0
R03ZF_SARF000143,R03ZF,143,4767,C:\research_raw\optical_sar_data\20260721data\derived_frames\pseudocolor_labelstudio_prep_20260722\frames\sar_pseudocolor\R03ZF\frame_000143_t004767ms.jpg,1024,592,-59.92829848430174,59.833559435023005,86,4778,NOMINAL_INDEX_FPS_ZERO_OFFSET_UNVERIFIED,511.74532586922845,590.7763512520755,591.3403167097985,20.0
R03ZF_SARF000144,R03ZF,144,4800,C:\research_raw\optical_sar_data\20260721data\derived_frames\pseudocolor_labelstudio_prep_20260722\frames\sar_pseudocolor\R03ZF\frame_000144_t004800ms.jpg,1024,592,-59.92829848430174,59.833559435023005,86,4778,NOMINAL_INDEX_FPS_ZERO_OFFSET_UNVERIFIED,511.74532586922845,590.7763512520755,591.3403167097985,20.0
R03ZF_SARF000145,R03ZF,145,4833,C:\research_raw\optical_sar_data\20260721data\derived_frames\pseudocolor_labelstudio_prep_20260722\frames\sar_pseudocolor\R03ZF\frame_000145_t004833ms.jpg,1024,592,-59.92829848430174,59.833559435023005,87,4833,NOMINAL_INDEX_FPS_ZERO_OFFSET_UNVERIFIED,511.74532586922845,590.7763512520755,591.3403167097985,20.0
R03ZF_SARF000146,R03ZF,146,4867,C:\research_raw\optical_sar_data\20260721data\derived_frames\pseudocolor_labelstudio_prep_20260722\frames\sar_pseudocolor\R03ZF\frame_000146_t004867ms.jpg,1024,592,-59.92829848430174,59.833559435023005,88,4889,NOMINAL_INDEX_FPS_ZERO_OFFSET_UNVERIFIED,511.74532586922845,590.7763512520755,591.3403167097985,20.0
R03ZF_SARF000147,R03ZF,147,4900,C:\research_raw\optical_sar_data\20260721data\derived_frames\pseudocolor_labelstudio_prep_20260722\frames\sar_pseudocolor\R03ZF\frame_000147_t004900ms.jpg,1024,592,-59.92829848430174,59.833559435023005,88,4889,NOMINAL_INDEX_FPS_ZERO_OFFSET_UNVERIFIED,511.74532586922845,590.7763512520755,591.3403167097985,20.0
R03ZF_SARF000148,R03ZF,148,4933,C:\research_raw\optical_sar_data\20260721data\derived_frames\pseudocolor_labelstudio_prep_20260722\frames\sar_pseudocolor\R03ZF\frame_000148_t004933ms.jpg,1024,592,-59.92829848430174,59.833559435023005,89,4944,NOMINAL_INDEX_FPS_ZERO_OFFSET_UNVERIFIED,511.74532586922845,590.7763512520755,591.3403167097985,20.0
R03ZF_SARF000149,R03ZF,149,4967,C:\research_raw\optical_sar_data\20260721data\derived_frames\pseudocolor_labelstudio_prep_20260722\frames\sar_pseudocolor\R03ZF\frame_000149_t004967ms.jpg,1024,592,-59.92829848430174,59.833559435023005,89,4944,NOMINAL_INDEX_FPS_ZERO_OFFSET_UNVERIFIED,511.74532586922845,590.7763512520755,591.3403167097985,20.0
R03ZF_SARF000150,R03ZF,150,5000,C:\research_raw\optical_sar_data\20260721data\derived_frames\pseudocolor_labelstudio_prep_20260722\frames\sar_pseudocolor\R03ZF\frame_000150_t005000ms.jpg,1024,592,-59.92829848430174,59.833559435023005,90,5000,NOMINAL_INDEX_FPS_ZERO_OFFSET_UNVERIFIED,511.74532586922845,590.7763512520755,591.3403167097985,20.0
R03ZF_SARF000151,R03ZF,151,5033,C:\research_raw\optical_sar_data\20260721data\derived_frames\pseudocolor_labelstudio_prep_20260722\frames\sar_pseudocolor\R03ZF\frame_000151_t005033ms.jpg,1024,592,-59.92829848430174,59.833559435023005,91,5056,NOMINAL_INDEX_FPS_ZERO_OFFSET_UNVERIFIED,511.74532586922845,590.7763512520755,591.3403167097985,20.0
R03ZF_SARF000152,R03ZF,152,5067,C:\research_raw\optical_sar_data\20260721data\derived_frames\pseudocolor_labelstudio_prep_20260722\frames\sar_pseudocolor\R03ZF\frame_000152_t005067ms.jpg,1024,592,-59.92829848430174,59.833559435023005,91,5056,NOMINAL_INDEX_FPS_ZERO_OFFSET_UNVERIFIED,511.74532586922845,590.7763512520755,591.3403167097985,20.0
R03ZF_SARF000153,R03ZF,153,5100,C:\research_raw\optical_sar_data\20260721data\derived_frames\pseudocolor_labelstudio_prep_20260722\frames\sar_pseudocolor\R03ZF\frame_000153_t005100ms.jpg,1024,592,-59.92829848430174,59.833559435023005,92,5111,NOMINAL_INDEX_FPS_ZERO_OFFSET_UNVERIFIED,511.74532586922845,590.7763512520755,591.3403167097985,20.0
R03ZF_SARF000154,R03ZF,154,5133,C:\research_raw\optical_sar_data\20260721data\derived_frames\pseudocolor_labelstudio_prep_20260722\frames\sar_pseudocolor\R03ZF\frame_000154_t005133ms.jpg,1024,592,-59.92829848430174,59.833559435023005,92,5111,NOMINAL_INDEX_FPS_ZERO_OFFSET_UNVERIFIED,511.74532586922845,590.7763512520755,591.3403167097985,20.0
R03ZF_SARF000155,R03ZF,155,5167,C:\research_raw\optical_sar_data\20260721data\derived_frames\pseudocolor_labelstudio_prep_20260722\frames\sar_pseudocolor\R03ZF\frame_000155_t005167ms.jpg,1024,592,-59.92829848430174,59.833559435023005,93,5167,NOMINAL_INDEX_FPS_ZERO_OFFSET_UNVERIFIED,511.74532586922845,590.7763512520755,591.3403167097985,20.0
R03ZF_SARF000156,R03ZF,156,5200,C:\research_raw\optical_sar_data\20260721data\derived_frames\pseudocolor_labelstudio_prep_20260722\frames\sar_pseudocolor\R03ZF\frame_000156_t005200ms.jpg,1024,592,-59.92829848430174,59.833559435023005,94,5222,NOMINAL_INDEX_FPS_ZERO_OFFSET_UNVERIFIED,511.74532586922845,590.7763512520755,591.3403167097985,20.0
R03ZF_SARF000157,R03ZF,157,5233,C:\research_raw\optical_sar_data\20260721data\derived_frames\pseudocolor_labelstudio_prep_20260722\frames\sar_pseudocolor\R03ZF\frame_000157_t005233ms.jpg,1024,592,-59.92829848430174,59.833559435023005,94,5222,NOMINAL_INDEX_FPS_ZERO_OFFSET_UNVERIFIED,511.74532586922845,590.7763512520755,591.3403167097985,20.0
R03ZF_SARF000158,R03ZF,158,5267,C:\research_raw\optical_sar_data\20260721data\derived_frames\pseudocolor_labelstudio_prep_20260722\frames\sar_pseudocolor\R03ZF\frame_000158_t005267ms.jpg,1024,592,-59.92829848430174,59.833559435023005,95,5278,NOMINAL_INDEX_FPS_ZERO_OFFSET_UNVERIFIED,511.74532586922845,590.7763512520755,591.3403167097985,20.0
R03ZF_SARF000159,R03ZF,159,5300,C:\research_raw\optical_sar_data\20260721data\derived_frames\pseudocolor_labelstudio_prep_20260722\frames\sar_pseudocolor\R03ZF\frame_000159_t005300ms.jpg,1024,592,-59.92829848430174,59.833559435023005,95,5278,NOMINAL_INDEX_FPS_ZERO_OFFSET_UNVERIFIED,511.74532586922845,590.7763512520755,591.3403167097985,20.0
R03ZF_SARF000160,R03ZF,160,5333,C:\research_raw\optical_sar_data\20260721data\derived_frames\pseudocolor_labelstudio_prep_20260722\frames\sar_pseudocolor\R03ZF\frame_000160_t005333ms.jpg,1024,592,-59.92829848430174,59.833559435023005,96,5333,NOMINAL_INDEX_FPS_ZERO_OFFSET_UNVERIFIED,511.74532586922845,590.7763512520755,591.3403167097985,20.0
R03ZF_SARF000161,R03ZF,161,5367,C:\research_raw\optical_sar_data\20260721data\derived_frames\pseudocolor_labelstudio_prep_20260722\frames\sar_pseudocolor\R03ZF\frame_000161_t005367ms.jpg,1024,592,-59.92829848430174,59.833559435023005,97,5389,NOMINAL_INDEX_FPS_ZERO_OFFSET_UNVERIFIED,511.74532586922845,590.7763512520755,591.3403167097985,20.0
R03ZF_SARF000162,R03ZF,162,5400,C:\research_raw\optical_sar_data\20260721data\derived_frames\pseudocolor_labelstudio_prep_20260722\frames\sar_pseudocolor\R03ZF\frame_000162_t005400ms.jpg,1024,592,-59.92829848430174,59.833559435023005,97,5389,NOMINAL_INDEX_FPS_ZERO_OFFSET_UNVERIFIED,511.74532586922845,590.7763512520755,591.3403167097985,20.0
R03ZF_SARF000163,R03ZF,163,5433,C:\research_raw\optical_sar_data\20260721data\derived_frames\pseudocolor_labelstudio_prep_20260722\frames\sar_pseudocolor\R03ZF\frame_000163_t005433ms.jpg,1024,592,-59.92829848430174,59.833559435023005,98,5444,NOMINAL_INDEX_FPS_ZERO_OFFSET_UNVERIFIED,511.74532586922845,590.7763512520755,591.3403167097985,20.0
R03ZF_SARF000164,R03ZF,164,5467,C:\research_raw\optical_sar_data\20260721data\derived_frames\pseudocolor_labelstudio_prep_20260722\frames\sar_pseudocolor\R03ZF\frame_000164_t005467ms.jpg,1024,592,-59.92829848430174,59.833559435023005,98,5444,NOMINAL_INDEX_FPS_ZERO_OFFSET_UNVERIFIED,511.74532586922845,590.7763512520755,591.3403167097985,20.0
R03ZF_SARF000165,R03ZF,165,5500,C:\research_raw\optical_sar_data\20260721data\derived_frames\pseudocolor_labelstudio_prep_20260722\frames\sar_pseudocolor\R03ZF\frame_000165_t005500ms.jpg,1024,592,-59.92829848430174,59.833559435023005,99,5500,NOMINAL_INDEX_FPS_ZERO_OFFSET_UNVERIFIED,511.74532586922845,590.7763512520755,591.3403167097985,20.0
R03ZF_SARF000166,R03ZF,166,5533,C:\research_raw\optical_sar_data\20260721data\derived_frames\pseudocolor_labelstudio_prep_20260722\frames\sar_pseudocolor\R03ZF\frame_000166_t005533ms.jpg,1024,592,-59.92829848430174,59.833559435023005,100,5556,NOMINAL_INDEX_FPS_ZERO_OFFSET_UNVERIFIED,511.74532586922845,590.7763512520755,591.3403167097985,20.0
R03ZF_SARF000167,R03ZF,167,5567,C:\research_raw\optical_sar_data\20260721data\derived_frames\pseudocolor_labelstudio_prep_20260722\frames\sar_pseudocolor\R03ZF\frame_000167_t005567ms.jpg,1024,592,-59.92829848430174,59.833559435023005,100,5556,NOMINAL_INDEX_FPS_ZERO_OFFSET_UNVERIFIED,511.74532586922845,590.7763512520755,591.3403167097985,20.0
R03ZF_SARF000168,R03ZF,168,5600,C:\research_raw\optical_sar_data\20260721data\derived_frames\pseudocolor_labelstudio_prep_20260722\frames\sar_pseudocolor\R03ZF\frame_000168_t005600ms.jpg,1024,592,-59.92829848430174,59.833559435023005,101,5611,NOMINAL_INDEX_FPS_ZERO_OFFSET_UNVERIFIED,511.74532586922845,590.7763512520755,591.3403167097985,20.0
R03ZF_SARF000169,R03ZF,169,5633,C:\research_raw\optical_sar_data\20260721data\derived_frames\pseudocolor_labelstudio_prep_20260722\frames\sar_pseudocolor\R03ZF\frame_000169_t005633ms.jpg,1024,592,-59.92829848430174,59.833559435023005,101,5611,NOMINAL_INDEX_FPS_ZERO_OFFSET_UNVERIFIED,511.74532586922845,590.7763512520755,591.3403167097985,20.0
R03ZF_SARF000170,R03ZF,170,5667,C:\research_raw\optical_sar_data\20260721data\derived_frames\pseudocolor_labelstudio_prep_20260722\frames\sar_pseudocolor\R03ZF\frame_000170_t005667ms.jpg,1024,592,-59.92829848430174,59.833559435023005,102,5667,NOMINAL_INDEX_FPS_ZERO_OFFSET_UNVERIFIED,511.74532586922845,590.7763512520755,591.3403167097985,20.0
R03ZF_SARF000171,R03ZF,171,5700,C:\research_raw\optical_sar_data\20260721data\derived_frames\pseudocolor_labelstudio_prep_20260722\frames\sar_pseudocolor\R03ZF\frame_000171_t005700ms.jpg,1024,592,-59.92829848430174,59.833559435023005,103,5722,NOMINAL_INDEX_FPS_ZERO_OFFSET_UNVERIFIED,511.74532586922845,590.7763512520755,591.3403167097985,20.0
R03ZF_SARF000172,R03ZF,172,5733,C:\research_raw\optical_sar_data\20260721data\derived_frames\pseudocolor_labelstudio_prep_20260722\frames\sar_pseudocolor\R03ZF\frame_000172_t005733ms.jpg,1024,592,-59.92829848430174,59.833559435023005,103,5722,NOMINAL_INDEX_FPS_ZERO_OFFSET_UNVERIFIED,511.74532586922845,590.7763512520755,591.3403167097985,20.0
R03ZF_SARF000173,R03ZF,173,5767,C:\research_raw\optical_sar_data\20260721data\derived_frames\pseudocolor_labelstudio_prep_20260722\frames\sar_pseudocolor\R03ZF\frame_000173_t005767ms.jpg,1024,592,-59.92829848430174,59.833559435023005,104,5778,NOMINAL_INDEX_FPS_ZERO_OFFSET_UNVERIFIED,511.74532586922845,590.7763512520755,591.3403167097985,20.0
R03ZF_SARF000174,R03ZF,174,5800,C:\research_raw\optical_sar_data\20260721data\derived_frames\pseudocolor_labelstudio_prep_20260722\frames\sar_pseudocolor\R03ZF\frame_000174_t005800ms.jpg,1024,592,-59.92829848430174,59.833559435023005,104,5778,NOMINAL_INDEX_FPS_ZERO_OFFSET_UNVERIFIED,511.74532586922845,590.7763512520755,591.3403167097985,20.0
R03ZF_SARF000175,R03ZF,175,5833,C:\research_raw\optical_sar_data\20260721data\derived_frames\pseudocolor_labelstudio_prep_20260722\frames\sar_pseudocolor\R03ZF\frame_000175_t005833ms.jpg,1024,592,-59.92829848430174,59.833559435023005,105,5833,NOMINAL_INDEX_FPS_ZERO_OFFSET_UNVERIFIED,511.74532586922845,590.7763512520755,591.3403167097985,20.0
R03ZF_SARF000176,R03ZF,176,5867,C:\research_raw\optical_sar_data\20260721data\derived_frames\pseudocolor_labelstudio_prep_20260722\frames\sar_pseudocolor\R03ZF\frame_000176_t005867ms.jpg,1024,592,-59.92829848430174,59.833559435023005,106,5889,NOMINAL_INDEX_FPS_ZERO_OFFSET_UNVERIFIED,511.74532586922845,590.7763512520755,591.3403167097985,20.0
R03ZF_SARF000177,R03ZF,177,5900,C:\research_raw\optical_sar_data\20260721data\derived_frames\pseudocolor_labelstudio_prep_20260722\frames\sar_pseudocolor\R03ZF\frame_000177_t005900ms.jpg,1024,592,-59.92829848430174,59.833559435023005,106,5889,NOMINAL_INDEX_FPS_ZERO_OFFSET_UNVERIFIED,511.74532586922845,590.7763512520755,591.3403167097985,20.0
R03ZF_SARF000178,R03ZF,178,5933,C:\research_raw\optical_sar_data\20260721data\derived_frames\pseudocolor_labelstudio_prep_20260722\frames\sar_pseudocolor\R03ZF\frame_000178_t005933ms.jpg,1024,592,-59.92829848430174,59.833559435023005,107,5944,NOMINAL_INDEX_FPS_ZERO_OFFSET_UNVERIFIED,511.74532586922845,590.7763512520755,591.3403167097985,20.0
R03ZF_SARF000179,R03ZF,179,5967,C:\research_raw\optical_sar_data\20260721data\derived_frames\pseudocolor_labelstudio_prep_20260722\frames\sar_pseudocolor\R03ZF\frame_000179_t005967ms.jpg,1024,592,-59.92829848430174,59.833559435023005,107,5944,NOMINAL_INDEX_FPS_ZERO_OFFSET_UNVERIFIED,511.74532586922845,590.7763512520755,591.3403167097985,20.0
R03ZF_SARF000180,R03ZF,180,6000,C:\research_raw\optical_sar_data\20260721data\derived_frames\pseudocolor_labelstudio_prep_20260722\frames\sar_pseudocolor\R03ZF\frame_000180_t006000ms.jpg,1024,592,-59.92829848430174,59.833559435023005,108,6000,NOMINAL_INDEX_FPS_ZERO_OFFSET_UNVERIFIED,511.74532586922845,590.7763512520755,591.3403167097985,20.0
R03ZF_SARF000181,R03ZF,181,6033,C:\research_raw\optical_sar_data\20260721data\derived_frames\pseudocolor_labelstudio_prep_20260722\frames\sar_pseudocolor\R03ZF\frame_000181_t006033ms.jpg,1024,592,-59.92829848430174,59.833559435023005,109,6056,NOMINAL_INDEX_FPS_ZERO_OFFSET_UNVERIFIED,511.74532586922845,590.7763512520755,591.3403167097985,20.0
R03ZF_SARF000182,R03ZF,182,6067,C:\research_raw\optical_sar_data\20260721data\derived_frames\pseudocolor_labelstudio_prep_20260722\frames\sar_pseudocolor\R03ZF\frame_000182_t006067ms.jpg,1024,592,-59.92829848430174,59.833559435023005,109,6056,NOMINAL_INDEX_FPS_ZERO_OFFSET_UNVERIFIED,511.74532586922845,590.7763512520755,591.3403167097985,20.0
R03ZF_SARF000183,R03ZF,183,6100,C:\research_raw\optical_sar_data\20260721data\derived_frames\pseudocolor_labelstudio_prep_20260722\frames\sar_pseudocolor\R03ZF\frame_000183_t006100ms.jpg,1024,592,-59.92829848430174,59.833559435023005,110,6111,NOMINAL_INDEX_FPS_ZERO_OFFSET_UNVERIFIED,511.74532586922845,590.7763512520755,591.3403167097985,20.0
R03ZF_SARF000184,R03ZF,184,6133,C:\research_raw\optical_sar_data\20260721data\derived_frames\pseudocolor_labelstudio_prep_20260722\frames\sar_pseudocolor\R03ZF\frame_000184_t006133ms.jpg,1024,592,-59.92829848430174,59.833559435023005,110,6111,NOMINAL_INDEX_FPS_ZERO_OFFSET_UNVERIFIED,511.74532586922845,590.7763512520755,591.3403167097985,20.0
R03ZF_SARF000185,R03ZF,185,6167,C:\research_raw\optical_sar_data\20260721data\derived_frames\pseudocolor_labelstudio_prep_20260722\frames\sar_pseudocolor\R03ZF\frame_000185_t006167ms.jpg,1024,592,-59.92829848430174,59.833559435023005,111,6167,NOMINAL_INDEX_FPS_ZERO_OFFSET_UNVERIFIED,511.74532586922845,590.7763512520755,591.3403167097985,20.0
R03ZF_SARF000186,R03ZF,186,6200,C:\research_raw\optical_sar_data\20260721data\derived_frames\pseudocolor_labelstudio_prep_20260722\frames\sar_pseudocolor\R03ZF\frame_000186_t006200ms.jpg,1024,592,-59.92829848430174,59.833559435023005,112,6222,NOMINAL_INDEX_FPS_ZERO_OFFSET_UNVERIFIED,511.74532586922845,590.7763512520755,591.3403167097985,20.0
R03ZF_SARF000187,R03ZF,187,6233,C:\research_raw\optical_sar_data\20260721data\derived_frames\pseudocolor_labelstudio_prep_20260722\frames\sar_pseudocolor\R03ZF\frame_000187_t006233ms.jpg,1024,592,-59.92829848430174,59.833559435023005,112,6222,NOMINAL_INDEX_FPS_ZERO_OFFSET_UNVERIFIED,511.74532586922845,590.7763512520755,591.3403167097985,20.0
R03ZF_SARF000188,R03ZF,188,6267,C:\research_raw\optical_sar_data\20260721data\derived_frames\pseudocolor_labelstudio_prep_20260722\frames\sar_pseudocolor\R03ZF\frame_000188_t006267ms.jpg,1024,592,-59.92829848430174,59.833559435023005,113,6278,NOMINAL_INDEX_FPS_ZERO_OFFSET_UNVERIFIED,511.74532586922845,590.7763512520755,591.3403167097985,20.0
R03ZF_SARF000189,R03ZF,189,6300,C:\research_raw\optical_sar_data\20260721data\derived_frames\pseudocolor_labelstudio_prep_20260722\frames\sar_pseudocolor\R03ZF\frame_000189_t006300ms.jpg,1024,592,-59.92829848430174,59.833559435023005,113,6278,NOMINAL_INDEX_FPS_ZERO_OFFSET_UNVERIFIED,511.74532586922845,590.7763512520755,591.3403167097985,20.0
R03ZF_SARF000190,R03ZF,190,6333,C:\research_raw\optical_sar_data\20260721data\derived_frames\pseudocolor_labelstudio_prep_20260722\frames\sar_pseudocolor\R03ZF\frame_000190_t006333ms.jpg,1024,592,-59.92829848430174,59.833559435023005,114,6333,NOMINAL_INDEX_FPS_ZERO_OFFSET_UNVERIFIED,511.74532586922845,590.7763512520755,591.3403167097985,20.0
R03ZF_SARF000191,R03ZF,191,6367,C:\research_raw\optical_sar_data\20260721data\derived_frames\pseudocolor_labelstudio_prep_20260722\frames\sar_pseudocolor\R03ZF\frame_000191_t006367ms.jpg,1024,592,-59.92829848430174,59.833559435023005,115,6389,NOMINAL_INDEX_FPS_ZERO_OFFSET_UNVERIFIED,511.74532586922845,590.7763512520755,591.3403167097985,20.0
R03ZF_SARF000192,R03ZF,192,6400,C:\research_raw\optical_sar_data\20260721data\derived_frames\pseudocolor_labelstudio_prep_20260722\frames\sar_pseudocolor\R03ZF\frame_000192_t006400ms.jpg,1024,592,-59.92829848430174,59.833559435023005,115,6389,NOMINAL_INDEX_FPS_ZERO_OFFSET_UNVERIFIED,511.74532586922845,590.7763512520755,591.3403167097985,20.0
R03ZF_SARF000193,R03ZF,193,6433,C:\research_raw\optical_sar_data\20260721data\derived_frames\pseudocolor_labelstudio_prep_20260722\frames\sar_pseudocolor\R03ZF\frame_000193_t006433ms.jpg,1024,592,-59.92829848430174,59.833559435023005,116,6444,NOMINAL_INDEX_FPS_ZERO_OFFSET_UNVERIFIED,511.74532586922845,590.7763512520755,591.3403167097985,20.0
R03ZF_SARF000194,R03ZF,194,6467,C:\research_raw\optical_sar_data\20260721data\derived_frames\pseudocolor_labelstudio_prep_20260722\frames\sar_pseudocolor\R03ZF\frame_000194_t006467ms.jpg,1024,592,-59.92829848430174,59.833559435023005,116,6444,NOMINAL_INDEX_FPS_ZERO_OFFSET_UNVERIFIED,511.74532586922845,590.7763512520755,591.3403167097985,20.0
R03ZF_SARF000195,R03ZF,195,6500,C:\research_raw\optical_sar_data\20260721data\derived_frames\pseudocolor_labelstudio_prep_20260722\frames\sar_pseudocolor\R03ZF\frame_000195_t006500ms.jpg,1024,592,-59.92829848430174,59.833559435023005,117,6500,NOMINAL_INDEX_FPS_ZERO_OFFSET_UNVERIFIED,511.74532586922845,590.7763512520755,591.3403167097985,20.0
R03ZF_SARF000196,R03ZF,196,6533,C:\research_raw\optical_sar_data\20260721data\derived_frames\pseudocolor_labelstudio_prep_20260722\frames\sar_pseudocolor\R03ZF\frame_000196_t006533ms.jpg,1024,592,-59.92829848430174,59.833559435023005,118,6556,NOMINAL_INDEX_FPS_ZERO_OFFSET_UNVERIFIED,511.74532586922845,590.7763512520755,591.3403167097985,20.0
R03ZF_SARF000197,R03ZF,197,6567,C:\research_raw\optical_sar_data\20260721data\derived_frames\pseudocolor_labelstudio_prep_20260722\frames\sar_pseudocolor\R03ZF\frame_000197_t006567ms.jpg,1024,592,-59.92829848430174,59.833559435023005,118,6556,NOMINAL_INDEX_FPS_ZERO_OFFSET_UNVERIFIED,511.74532586922845,590.7763512520755,591.3403167097985,20.0
R03ZF_SARF000198,R03ZF,198,6600,C:\research_raw\optical_sar_data\20260721data\derived_frames\pseudocolor_labelstudio_prep_20260722\frames\sar_pseudocolor\R03ZF\frame_000198_t006600ms.jpg,1024,592,-59.92829848430174,59.833559435023005,119,6611,NOMINAL_INDEX_FPS_ZERO_OFFSET_UNVERIFIED,511.74532586922845,590.7763512520755,591.3403167097985,20.0
R03ZF_SARF000199,R03ZF,199,6633,C:\research_raw\optical_sar_data\20260721data\derived_frames\pseudocolor_labelstudio_prep_20260722\frames\sar_pseudocolor\R03ZF\frame_000199_t006633ms.jpg,1024,592,-59.92829848430174,59.833559435023005,119,6611,NOMINAL_INDEX_FPS_ZERO_OFFSET_UNVERIFIED,511.74532586922845,590.7763512520755,591.3403167097985,20.0
R03ZF_SARF000200,R03ZF,200,6667,C:\research_raw\optical_sar_data\20260721data\derived_frames\pseudocolor_labelstudio_prep_20260722\frames\sar_pseudocolor\R03ZF\frame_000200_t006667ms.jpg,1024,592,-59.92829848430174,59.833559435023005,120,6667,NOMINAL_INDEX_FPS_ZERO_OFFSET_UNVERIFIED,511.74532586922845,590.7763512520755,591.3403167097985,20.0
R03ZF_SARF000201,R03ZF,201,6700,C:\research_raw\optical_sar_data\20260721data\derived_frames\pseudocolor_labelstudio_prep_20260722\frames\sar_pseudocolor\R03ZF\frame_000201_t006700ms.jpg,1024,592,-59.92829848430174,59.833559435023005,121,6722,NOMINAL_INDEX_FPS_ZERO_OFFSET_UNVERIFIED,511.74532586922845,590.7763512520755,591.3403167097985,20.0
R03ZF_SARF000202,R03ZF,202,6733,C:\research_raw\optical_sar_data\20260721data\derived_frames\pseudocolor_labelstudio_prep_20260722\frames\sar_pseudocolor\R03ZF\frame_000202_t006733ms.jpg,1024,592,-59.92829848430174,59.833559435023005,121,6722,NOMINAL_INDEX_FPS_ZERO_OFFSET_UNVERIFIED,511.74532586922845,590.7763512520755,591.3403167097985,20.0
R03ZF_SARF000203,R03ZF,203,6767,C:\research_raw\optical_sar_data\20260721data\derived_frames\pseudocolor_labelstudio_prep_20260722\frames\sar_pseudocolor\R03ZF\frame_000203_t006767ms.jpg,1024,592,-59.92829848430174,59.833559435023005,122,6778,NOMINAL_INDEX_FPS_ZERO_OFFSET_UNVERIFIED,511.74532586922845,590.7763512520755,591.3403167097985,20.0
R03ZF_SARF000204,R03ZF,204,6800,C:\research_raw\optical_sar_data\20260721data\derived_frames\pseudocolor_labelstudio_prep_20260722\frames\sar_pseudocolor\R03ZF\frame_000204_t006800ms.jpg,1024,592,-59.92829848430174,59.833559435023005,122,6778,NOMINAL_INDEX_FPS_ZERO_OFFSET_UNVERIFIED,511.74532586922845,590.7763512520755,591.3403167097985,20.0
R03ZF_SARF000205,R03ZF,205,6833,C:\research_raw\optical_sar_data\20260721data\derived_frames\pseudocolor_labelstudio_prep_20260722\frames\sar_pseudocolor\R03ZF\frame_000205_t006833ms.jpg,1024,592,-59.92829848430174,59.833559435023005,123,6833,NOMINAL_INDEX_FPS_ZERO_OFFSET_UNVERIFIED,511.74532586922845,590.7763512520755,591.3403167097985,20.0
R03ZF_SARF000206,R03ZF,206,6867,C:\research_raw\optical_sar_data\20260721data\derived_frames\pseudocolor_labelstudio_prep_20260722\frames\sar_pseudocolor\R03ZF\frame_000206_t006867ms.jpg,1024,592,-59.92829848430174,59.833559435023005,124,6889,NOMINAL_INDEX_FPS_ZERO_OFFSET_UNVERIFIED,511.74532586922845,590.7763512520755,591.3403167097985,20.0
R03ZF_SARF000207,R03ZF,207,6900,C:\research_raw\optical_sar_data\20260721data\derived_frames\pseudocolor_labelstudio_prep_20260722\frames\sar_pseudocolor\R03ZF\frame_000207_t006900ms.jpg,1024,592,-59.92829848430174,59.833559435023005,124,6889,NOMINAL_INDEX_FPS_ZERO_OFFSET_UNVERIFIED,511.74532586922845,590.7763512520755,591.3403167097985,20.0
R03ZF_SARF000208,R03ZF,208,6933,C:\research_raw\optical_sar_data\20260721data\derived_frames\pseudocolor_labelstudio_prep_20260722\frames\sar_pseudocolor\R03ZF\frame_000208_t006933ms.jpg,1024,592,-59.92829848430174,59.833559435023005,125,6944,NOMINAL_INDEX_FPS_ZERO_OFFSET_UNVERIFIED,511.74532586922845,590.7763512520755,591.3403167097985,20.0
R03ZF_SARF000209,R03ZF,209,6967,C:\research_raw\optical_sar_data\20260721data\derived_frames\pseudocolor_labelstudio_prep_20260722\frames\sar_pseudocolor\R03ZF\frame_000209_t006967ms.jpg,1024,592,-59.92829848430174,59.833559435023005,125,6944,NOMINAL_INDEX_FPS_ZERO_OFFSET_UNVERIFIED,511.74532586922845,590.7763512520755,591.3403167097985,20.0
R03ZF_SARF000210,R03ZF,210,7000,C:\research_raw\optical_sar_data\20260721data\derived_frames\pseudocolor_labelstudio_prep_20260722\frames\sar_pseudocolor\R03ZF\frame_000210_t007000ms.jpg,1024,592,-59.92829848430174,59.833559435023005,126,7000,NOMINAL_INDEX_FPS_ZERO_OFFSET_UNVERIFIED,511.74532586922845,590.7763512520755,591.3403167097985,20.0
R03ZF_SARF000211,R03ZF,211,7033,C:\research_raw\optical_sar_data\20260721data\derived_frames\pseudocolor_labelstudio_prep_20260722\frames\sar_pseudocolor\R03ZF\frame_000211_t007033ms.jpg,1024,592,-59.92829848430174,59.833559435023005,127,7056,NOMINAL_INDEX_FPS_ZERO_OFFSET_UNVERIFIED,511.74532586922845,590.7763512520755,591.3403167097985,20.0
R03ZF_SARF000212,R03ZF,212,7067,C:\research_raw\optical_sar_data\20260721data\derived_frames\pseudocolor_labelstudio_prep_20260722\frames\sar_pseudocolor\R03ZF\frame_000212_t007067ms.jpg,1024,592,-59.92829848430174,59.833559435023005,127,7056,NOMINAL_INDEX_FPS_ZERO_OFFSET_UNVERIFIED,511.74532586922845,590.7763512520755,591.3403167097985,20.0
R03ZF_SARF000213,R03ZF,213,7100,C:\research_raw\optical_sar_data\20260721data\derived_frames\pseudocolor_labelstudio_prep_20260722\frames\sar_pseudocolor\R03ZF\frame_000213_t007100ms.jpg,1024,592,-59.92829848430174,59.833559435023005,128,7111,NOMINAL_INDEX_FPS_ZERO_OFFSET_UNVERIFIED,511.74532586922845,590.7763512520755,591.3403167097985,20.0
R03ZF_SARF000214,R03ZF,214,7133,C:\research_raw\optical_sar_data\20260721data\derived_frames\pseudocolor_labelstudio_prep_20260722\frames\sar_pseudocolor\R03ZF\frame_000214_t007133ms.jpg,1024,592,-59.92829848430174,59.833559435023005,128,7111,NOMINAL_INDEX_FPS_ZERO_OFFSET_UNVERIFIED,511.74532586922845,590.7763512520755,591.3403167097985,20.0
R03ZF_SARF000215,R03ZF,215,7167,C:\research_raw\optical_sar_data\20260721data\derived_frames\pseudocolor_labelstudio_prep_20260722\frames\sar_pseudocolor\R03ZF\frame_000215_t007167ms.jpg,1024,592,-59.92829848430174,59.833559435023005,129,7167,NOMINAL_INDEX_FPS_ZERO_OFFSET_UNVERIFIED,511.74532586922845,590.7763512520755,591.3403167097985,20.0
R03ZF_SARF000216,R03ZF,216,7200,C:\research_raw\optical_sar_data\20260721data\derived_frames\pseudocolor_labelstudio_prep_20260722\frames\sar_pseudocolor\R03ZF\frame_000216_t007200ms.jpg,1024,592,-59.92829848430174,59.833559435023005,130,7222,NOMINAL_INDEX_FPS_ZERO_OFFSET_UNVERIFIED,511.74532586922845,590.7763512520755,591.3403167097985,20.0
R03ZF_SARF000217,R03ZF,217,7233,C:\research_raw\optical_sar_data\20260721data\derived_frames\pseudocolor_labelstudio_prep_20260722\frames\sar_pseudocolor\R03ZF\frame_000217_t007233ms.jpg,1024,592,-59.92829848430174,59.833559435023005,130,7222,NOMINAL_INDEX_FPS_ZERO_OFFSET_UNVERIFIED,511.74532586922845,590.7763512520755,591.3403167097985,20.0
R03ZF_SARF000218,R03ZF,218,7267,C:\research_raw\optical_sar_data\20260721data\derived_frames\pseudocolor_labelstudio_prep_20260722\frames\sar_pseudocolor\R03ZF\frame_000218_t007267ms.jpg,1024,592,-59.92829848430174,59.833559435023005,131,7278,NOMINAL_INDEX_FPS_ZERO_OFFSET_UNVERIFIED,511.74532586922845,590.7763512520755,591.3403167097985,20.0
R03ZF_SARF000219,R03ZF,219,7300,C:\research_raw\optical_sar_data\20260721data\derived_frames\pseudocolor_labelstudio_prep_20260722\frames\sar_pseudocolor\R03ZF\frame_000219_t007300ms.jpg,1024,592,-59.92829848430174,59.833559435023005,131,7278,NOMINAL_INDEX_FPS_ZERO_OFFSET_UNVERIFIED,511.74532586922845,590.7763512520755,591.3403167097985,20.0
R03ZF_SARF000220,R03ZF,220,7333,C:\research_raw\optical_sar_data\20260721data\derived_frames\pseudocolor_labelstudio_prep_20260722\frames\sar_pseudocolor\R03ZF\frame_000220_t007333ms.jpg,1024,592,-59.92829848430174,59.833559435023005,132,7333,NOMINAL_INDEX_FPS_ZERO_OFFSET_UNVERIFIED,511.74532586922845,590.7763512520755,591.3403167097985,20.0
R03ZF_SARF000221,R03ZF,221,7367,C:\research_raw\optical_sar_data\20260721data\derived_frames\pseudocolor_labelstudio_prep_20260722\frames\sar_pseudocolor\R03ZF\frame_000221_t007367ms.jpg,1024,592,-59.92829848430174,59.833559435023005,133,7389,NOMINAL_INDEX_FPS_ZERO_OFFSET_UNVERIFIED,511.74532586922845,590.7763512520755,591.3403167097985,20.0
R03ZF_SARF000222,R03ZF,222,7400,C:\research_raw\optical_sar_data\20260721data\derived_frames\pseudocolor_labelstudio_prep_20260722\frames\sar_pseudocolor\R03ZF\frame_000222_t007400ms.jpg,1024,592,-59.92829848430174,59.833559435023005,133,7389,NOMINAL_INDEX_FPS_ZERO_OFFSET_UNVERIFIED,511.74532586922845,590.7763512520755,591.3403167097985,20.0
R03ZF_SARF000223,R03ZF,223,7433,C:\research_raw\optical_sar_data\20260721data\derived_frames\pseudocolor_labelstudio_prep_20260722\frames\sar_pseudocolor\R03ZF\frame_000223_t007433ms.jpg,1024,592,-59.92829848430174,59.833559435023005,134,7444,NOMINAL_INDEX_FPS_ZERO_OFFSET_UNVERIFIED,511.74532586922845,590.7763512520755,591.3403167097985,20.0
R03ZF_SARF000224,R03ZF,224,7467,C:\research_raw\optical_sar_data\20260721data\derived_frames\pseudocolor_labelstudio_prep_20260722\frames\sar_pseudocolor\R03ZF\frame_000224_t007467ms.jpg,1024,592,-59.92829848430174,59.833559435023005,134,7444,NOMINAL_INDEX_FPS_ZERO_OFFSET_UNVERIFIED,511.74532586922845,590.7763512520755,591.3403167097985,20.0
R03ZF_SARF000225,R03ZF,225,7500,C:\research_raw\optical_sar_data\20260721data\derived_frames\pseudocolor_labelstudio_prep_20260722\frames\sar_pseudocolor\R03ZF\frame_000225_t007500ms.jpg,1024,592,-59.92829848430174,59.833559435023005,135,7500,NOMINAL_INDEX_FPS_ZERO_OFFSET_UNVERIFIED,511.74532586922845,590.7763512520755,591.3403167097985,20.0
R03ZF_SARF000226,R03ZF,226,7533,C:\research_raw\optical_sar_data\20260721data\derived_frames\pseudocolor_labelstudio_prep_20260722\frames\sar_pseudocolor\R03ZF\frame_000226_t007533ms.jpg,1024,592,-59.92829848430174,59.833559435023005,136,7556,NOMINAL_INDEX_FPS_ZERO_OFFSET_UNVERIFIED,511.74532586922845,590.7763512520755,591.3403167097985,20.0
R03ZF_SARF000227,R03ZF,227,7567,C:\research_raw\optical_sar_data\20260721data\derived_frames\pseudocolor_labelstudio_prep_20260722\frames\sar_pseudocolor\R03ZF\frame_000227_t007567ms.jpg,1024,592,-59.92829848430174,59.833559435023005,136,7556,NOMINAL_INDEX_FPS_ZERO_OFFSET_UNVERIFIED,511.74532586922845,590.7763512520755,591.3403167097985,20.0
R03ZF_SARF000228,R03ZF,228,7600,C:\research_raw\optical_sar_data\20260721data\derived_frames\pseudocolor_labelstudio_prep_20260722\frames\sar_pseudocolor\R03ZF\frame_000228_t007600ms.jpg,1024,592,-59.92829848430174,59.833559435023005,137,7611,NOMINAL_INDEX_FPS_ZERO_OFFSET_UNVERIFIED,511.74532586922845,590.7763512520755,591.3403167097985,20.0
R03ZF_SARF000229,R03ZF,229,7633,C:\research_raw\optical_sar_data\20260721data\derived_frames\pseudocolor_labelstudio_prep_20260722\frames\sar_pseudocolor\R03ZF\frame_000229_t007633ms.jpg,1024,592,-59.92829848430174,59.833559435023005,137,7611,NOMINAL_INDEX_FPS_ZERO_OFFSET_UNVERIFIED,511.74532586922845,590.7763512520755,591.3403167097985,20.0
R03ZF_SARF000230,R03ZF,230,7667,C:\research_raw\optical_sar_data\20260721data\derived_frames\pseudocolor_labelstudio_prep_20260722\frames\sar_pseudocolor\R03ZF\frame_000230_t007667ms.jpg,1024,592,-59.92829848430174,59.833559435023005,138,7667,NOMINAL_INDEX_FPS_ZERO_OFFSET_UNVERIFIED,511.74532586922845,590.7763512520755,591.3403167097985,20.0
R03ZF_SARF000231,R03ZF,231,7700,C:\research_raw\optical_sar_data\20260721data\derived_frames\pseudocolor_labelstudio_prep_20260722\frames\sar_pseudocolor\R03ZF\frame_000231_t007700ms.jpg,1024,592,-59.92829848430174,59.833559435023005,139,7722,NOMINAL_INDEX_FPS_ZERO_OFFSET_UNVERIFIED,511.74532586922845,590.7763512520755,591.3403167097985,20.0
R03ZF_SARF000232,R03ZF,232,7733,C:\research_raw\optical_sar_data\20260721data\derived_frames\pseudocolor_labelstudio_prep_20260722\frames\sar_pseudocolor\R03ZF\frame_000232_t007733ms.jpg,1024,592,-59.92829848430174,59.833559435023005,139,7722,NOMINAL_INDEX_FPS_ZERO_OFFSET_UNVERIFIED,511.74532586922845,590.7763512520755,591.3403167097985,20.0
R03ZF_SARF000233,R03ZF,233,7767,C:\research_raw\optical_sar_data\20260721data\derived_frames\pseudocolor_labelstudio_prep_20260722\frames\sar_pseudocolor\R03ZF\frame_000233_t007767ms.jpg,1024,592,-59.92829848430174,59.833559435023005,140,7778,NOMINAL_INDEX_FPS_ZERO_OFFSET_UNVERIFIED,511.74532586922845,590.7763512520755,591.3403167097985,20.0
R03ZF_SARF000234,R03ZF,234,7800,C:\research_raw\optical_sar_data\20260721data\derived_frames\pseudocolor_labelstudio_prep_20260722\frames\sar_pseudocolor\R03ZF\frame_000234_t007800ms.jpg,1024,592,-59.92829848430174,59.833559435023005,140,7778,NOMINAL_INDEX_FPS_ZERO_OFFSET_UNVERIFIED,511.74532586922845,590.7763512520755,591.3403167097985,20.0
R03ZF_SARF000235,R03ZF,235,7833,C:\research_raw\optical_sar_data\20260721data\derived_frames\pseudocolor_labelstudio_prep_20260722\frames\sar_pseudocolor\R03ZF\frame_000235_t007833ms.jpg,1024,592,-59.92829848430174,59.833559435023005,141,7833,NOMINAL_INDEX_FPS_ZERO_OFFSET_UNVERIFIED,511.74532586922845,590.7763512520755,591.3403167097985,20.0
R03ZF_SARF000236,R03ZF,236,7867,C:\research_raw\optical_sar_data\20260721data\derived_frames\pseudocolor_labelstudio_prep_20260722\frames\sar_pseudocolor\R03ZF\frame_000236_t007867ms.jpg,1024,592,-59.92829848430174,59.833559435023005,142,7889,NOMINAL_INDEX_FPS_ZERO_OFFSET_UNVERIFIED,511.74532586922845,590.7763512520755,591.3403167097985,20.0
R03ZF_SARF000237,R03ZF,237,7900,C:\research_raw\optical_sar_data\20260721data\derived_frames\pseudocolor_labelstudio_prep_20260722\frames\sar_pseudocolor\R03ZF\frame_000237_t007900ms.jpg,1024,592,-59.92829848430174,59.833559435023005,142,7889,NOMINAL_INDEX_FPS_ZERO_OFFSET_UNVERIFIED,511.74532586922845,590.7763512520755,591.3403167097985,20.0
R03ZF_SARF000238,R03ZF,238,7933,C:\research_raw\optical_sar_data\20260721data\derived_frames\pseudocolor_labelstudio_prep_20260722\frames\sar_pseudocolor\R03ZF\frame_000238_t007933ms.jpg,1024,592,-59.92829848430174,59.833559435023005,143,7944,NOMINAL_INDEX_FPS_ZERO_OFFSET_UNVERIFIED,511.74532586922845,590.7763512520755,591.3403167097985,20.0
R03ZF_SARF000239,R03ZF,239,7967,C:\research_raw\optical_sar_data\20260721data\derived_frames\pseudocolor_labelstudio_prep_20260722\frames\sar_pseudocolor\R03ZF\frame_000239_t007967ms.jpg,1024,592,-59.92829848430174,59.833559435023005,143,7944,NOMINAL_INDEX_FPS_ZERO_OFFSET_UNVERIFIED,511.74532586922845,590.7763512520755,591.3403167097985,20.0
R03ZF_SARF000240,R03ZF,240,8000,C:\research_raw\optical_sar_data\20260721data\derived_frames\pseudocolor_labelstudio_prep_20260722\frames\sar_pseudocolor\R03ZF\frame_000240_t008000ms.jpg,1024,592,-59.92829848430174,59.833559435023005,144,8000,NOMINAL_INDEX_FPS_ZERO_OFFSET_UNVERIFIED,511.74532586922845,590.7763512520755,591.3403167097985,20.0
R03ZF_SARF000241,R03ZF,241,8033,C:\research_raw\optical_sar_data\20260721data\derived_frames\pseudocolor_labelstudio_prep_20260722\frames\sar_pseudocolor\R03ZF\frame_000241_t008033ms.jpg,1024,592,-59.92829848430174,59.833559435023005,145,8056,NOMINAL_INDEX_FPS_ZERO_OFFSET_UNVERIFIED,511.74532586922845,590.7763512520755,591.3403167097985,20.0
R03ZF_SARF000242,R03ZF,242,8067,C:\research_raw\optical_sar_data\20260721data\derived_frames\pseudocolor_labelstudio_prep_20260722\frames\sar_pseudocolor\R03ZF\frame_000242_t008067ms.jpg,1024,592,-59.92829848430174,59.833559435023005,145,8056,NOMINAL_INDEX_FPS_ZERO_OFFSET_UNVERIFIED,511.74532586922845,590.7763512520755,591.3403167097985,20.0
R03ZF_SARF000243,R03ZF,243,8100,C:\research_raw\optical_sar_data\20260721data\derived_frames\pseudocolor_labelstudio_prep_20260722\frames\sar_pseudocolor\R03ZF\frame_000243_t008100ms.jpg,1024,592,-59.92829848430174,59.833559435023005,146,8111,NOMINAL_INDEX_FPS_ZERO_OFFSET_UNVERIFIED,511.74532586922845,590.7763512520755,591.3403167097985,20.0
R03ZF_SARF000244,R03ZF,244,8133,C:\research_raw\optical_sar_data\20260721data\derived_frames\pseudocolor_labelstudio_prep_20260722\frames\sar_pseudocolor\R03ZF\frame_000244_t008133ms.jpg,1024,592,-59.92829848430174,59.833559435023005,146,8111,NOMINAL_INDEX_FPS_ZERO_OFFSET_UNVERIFIED,511.74532586922845,590.7763512520755,591.3403167097985,20.0
R03ZF_SARF000245,R03ZF,245,8167,C:\research_raw\optical_sar_data\20260721data\derived_frames\pseudocolor_labelstudio_prep_20260722\frames\sar_pseudocolor\R03ZF\frame_000245_t008167ms.jpg,1024,592,-59.92829848430174,59.833559435023005,147,8167,NOMINAL_INDEX_FPS_ZERO_OFFSET_UNVERIFIED,511.74532586922845,590.7763512520755,591.3403167097985,20.0
R03ZF_SARF000246,R03ZF,246,8200,C:\research_raw\optical_sar_data\20260721data\derived_frames\pseudocolor_labelstudio_prep_20260722\frames\sar_pseudocolor\R03ZF\frame_000246_t008200ms.jpg,1024,592,-59.92829848430174,59.833559435023005,148,8222,NOMINAL_INDEX_FPS_ZERO_OFFSET_UNVERIFIED,511.74532586922845,590.7763512520755,591.3403167097985,20.0
R03ZF_SARF000247,R03ZF,247,8233,C:\research_raw\optical_sar_data\20260721data\derived_frames\pseudocolor_labelstudio_prep_20260722\frames\sar_pseudocolor\R03ZF\frame_000247_t008233ms.jpg,1024,592,-59.92829848430174,59.833559435023005,148,8222,NOMINAL_INDEX_FPS_ZERO_OFFSET_UNVERIFIED,511.74532586922845,590.7763512520755,591.3403167097985,20.0
R03ZF_SARF000248,R03ZF,248,8267,C:\research_raw\optical_sar_data\20260721data\derived_frames\pseudocolor_labelstudio_prep_20260722\frames\sar_pseudocolor\R03ZF\frame_000248_t008267ms.jpg,1024,592,-59.92829848430174,59.833559435023005,149,8278,NOMINAL_INDEX_FPS_ZERO_OFFSET_UNVERIFIED,511.74532586922845,590.7763512520755,591.3403167097985,20.0
R03ZF_SARF000249,R03ZF,249,8300,C:\research_raw\optical_sar_data\20260721data\derived_frames\pseudocolor_labelstudio_prep_20260722\frames\sar_pseudocolor\R03ZF\frame_000249_t008300ms.jpg,1024,592,-59.92829848430174,59.833559435023005,149,8278,NOMINAL_INDEX_FPS_ZERO_OFFSET_UNVERIFIED,511.74532586922845,590.7763512520755,591.3403167097985,20.0
R03ZF_SARF000250,R03ZF,250,8333,C:\research_raw\optical_sar_data\20260721data\derived_frames\pseudocolor_labelstudio_prep_20260722\frames\sar_pseudocolor\R03ZF\frame_000250_t008333ms.jpg,1024,592,-59.92829848430174,59.833559435023005,150,8333,NOMINAL_INDEX_FPS_ZERO_OFFSET_UNVERIFIED,511.74532586922845,590.7763512520755,591.3403167097985,20.0
R03ZF_SARF000251,R03ZF,251,8367,C:\research_raw\optical_sar_data\20260721data\derived_frames\pseudocolor_labelstudio_prep_20260722\frames\sar_pseudocolor\R03ZF\frame_000251_t008367ms.jpg,1024,592,-59.92829848430174,59.833559435023005,151,8389,NOMINAL_INDEX_FPS_ZERO_OFFSET_UNVERIFIED,511.74532586922845,590.7763512520755,591.3403167097985,20.0
R03ZF_SARF000252,R03ZF,252,8400,C:\research_raw\optical_sar_data\20260721data\derived_frames\pseudocolor_labelstudio_prep_20260722\frames\sar_pseudocolor\R03ZF\frame_000252_t008400ms.jpg,1024,592,-59.92829848430174,59.833559435023005,151,8389,NOMINAL_INDEX_FPS_ZERO_OFFSET_UNVERIFIED,511.74532586922845,590.7763512520755,591.3403167097985,20.0
R03ZF_SARF000253,R03ZF,253,8433,C:\research_raw\optical_sar_data\20260721data\derived_frames\pseudocolor_labelstudio_prep_20260722\frames\sar_pseudocolor\R03ZF\frame_000253_t008433ms.jpg,1024,592,-59.92829848430174,59.833559435023005,152,8444,NOMINAL_INDEX_FPS_ZERO_OFFSET_UNVERIFIED,511.74532586922845,590.7763512520755,591.3403167097985,20.0
R03ZF_SARF000254,R03ZF,254,8467,C:\research_raw\optical_sar_data\20260721data\derived_frames\pseudocolor_labelstudio_prep_20260722\frames\sar_pseudocolor\R03ZF\frame_000254_t008467ms.jpg,1024,592,-59.92829848430174,59.833559435023005,152,8444,NOMINAL_INDEX_FPS_ZERO_OFFSET_UNVERIFIED,511.74532586922845,590.7763512520755,591.3403167097985,20.0
R03ZF_SARF000255,R03ZF,255,8500,C:\research_raw\optical_sar_data\20260721data\derived_frames\pseudocolor_labelstudio_prep_20260722\frames\sar_pseudocolor\R03ZF\frame_000255_t008500ms.jpg,1024,592,-59.92829848430174,59.833559435023005,153,8500,NOMINAL_INDEX_FPS_ZERO_OFFSET_UNVERIFIED,511.74532586922845,590.7763512520755,591.3403167097985,20.0
R03ZF_SARF000256,R03ZF,256,8533,C:\research_raw\optical_sar_data\20260721data\derived_frames\pseudocolor_labelstudio_prep_20260722\frames\sar_pseudocolor\R03ZF\frame_000256_t008533ms.jpg,1024,592,-59.92829848430174,59.833559435023005,154,8556,NOMINAL_INDEX_FPS_ZERO_OFFSET_UNVERIFIED,511.74532586922845,590.7763512520755,591.3403167097985,20.0
R03ZF_SARF000257,R03ZF,257,8567,C:\research_raw\optical_sar_data\20260721data\derived_frames\pseudocolor_labelstudio_prep_20260722\frames\sar_pseudocolor\R03ZF\frame_000257_t008567ms.jpg,1024,592,-59.92829848430174,59.833559435023005,154,8556,NOMINAL_INDEX_FPS_ZERO_OFFSET_UNVERIFIED,511.74532586922845,590.7763512520755,591.3403167097985,20.0
R03ZF_SARF000258,R03ZF,258,8600,C:\research_raw\optical_sar_data\20260721data\derived_frames\pseudocolor_labelstudio_prep_20260722\frames\sar_pseudocolor\R03ZF\frame_000258_t008600ms.jpg,1024,592,-59.92829848430174,59.833559435023005,155,8611,NOMINAL_INDEX_FPS_ZERO_OFFSET_UNVERIFIED,511.74532586922845,590.7763512520755,591.3403167097985,20.0
R03ZF_SARF000259,R03ZF,259,8633,C:\research_raw\optical_sar_data\20260721data\derived_frames\pseudocolor_labelstudio_prep_20260722\frames\sar_pseudocolor\R03ZF\frame_000259_t008633ms.jpg,1024,592,-59.92829848430174,59.833559435023005,155,8611,NOMINAL_INDEX_FPS_ZERO_OFFSET_UNVERIFIED,511.74532586922845,590.7763512520755,591.3403167097985,20.0
R03ZF_SARF000260,R03ZF,260,8667,C:\research_raw\optical_sar_data\20260721data\derived_frames\pseudocolor_labelstudio_prep_20260722\frames\sar_pseudocolor\R03ZF\frame_000260_t008667ms.jpg,1024,592,-59.92829848430174,59.833559435023005,156,8667,NOMINAL_INDEX_FPS_ZERO_OFFSET_UNVERIFIED,511.74532586922845,590.7763512520755,591.3403167097985,20.0
R03ZF_SARF000261,R03ZF,261,8700,C:\research_raw\optical_sar_data\20260721data\derived_frames\pseudocolor_labelstudio_prep_20260722\frames\sar_pseudocolor\R03ZF\frame_000261_t008700ms.jpg,1024,592,-59.92829848430174,59.833559435023005,157,8722,NOMINAL_INDEX_FPS_ZERO_OFFSET_UNVERIFIED,511.74532586922845,590.7763512520755,591.3403167097985,20.0
R03ZF_SARF000262,R03ZF,262,8733,C:\research_raw\optical_sar_data\20260721data\derived_frames\pseudocolor_labelstudio_prep_20260722\frames\sar_pseudocolor\R03ZF\frame_000262_t008733ms.jpg,1024,592,-59.92829848430174,59.833559435023005,157,8722,NOMINAL_INDEX_FPS_ZERO_OFFSET_UNVERIFIED,511.74532586922845,590.7763512520755,591.3403167097985,20.0
R03ZF_SARF000263,R03ZF,263,8767,C:\research_raw\optical_sar_data\20260721data\derived_frames\pseudocolor_labelstudio_prep_20260722\frames\sar_pseudocolor\R03ZF\frame_000263_t008767ms.jpg,1024,592,-59.92829848430174,59.833559435023005,158,8778,NOMINAL_INDEX_FPS_ZERO_OFFSET_UNVERIFIED,511.74532586922845,590.7763512520755,591.3403167097985,20.0
R03ZF_SARF000264,R03ZF,264,8800,C:\research_raw\optical_sar_data\20260721data\derived_frames\pseudocolor_labelstudio_prep_20260722\frames\sar_pseudocolor\R03ZF\frame_000264_t008800ms.jpg,1024,592,-59.92829848430174,59.833559435023005,158,8778,NOMINAL_INDEX_FPS_ZERO_OFFSET_UNVERIFIED,511.74532586922845,590.7763512520755,591.3403167097985,20.0
R03ZF_SARF000265,R03ZF,265,8833,C:\research_raw\optical_sar_data\20260721data\derived_frames\pseudocolor_labelstudio_prep_20260722\frames\sar_pseudocolor\R03ZF\frame_000265_t008833ms.jpg,1024,592,-59.92829848430174,59.833559435023005,159,8833,NOMINAL_INDEX_FPS_ZERO_OFFSET_UNVERIFIED,511.74532586922845,590.7763512520755,591.3403167097985,20.0
R03ZF_SARF000266,R03ZF,266,8867,C:\research_raw\optical_sar_data\20260721data\derived_frames\pseudocolor_labelstudio_prep_20260722\frames\sar_pseudocolor\R03ZF\frame_000266_t008867ms.jpg,1024,592,-59.92829848430174,59.833559435023005,160,8889,NOMINAL_INDEX_FPS_ZERO_OFFSET_UNVERIFIED,511.74532586922845,590.7763512520755,591.3403167097985,20.0
R03ZF_SARF000267,R03ZF,267,8900,C:\research_raw\optical_sar_data\20260721data\derived_frames\pseudocolor_labelstudio_prep_20260722\frames\sar_pseudocolor\R03ZF\frame_000267_t008900ms.jpg,1024,592,-59.92829848430174,59.833559435023005,160,8889,NOMINAL_INDEX_FPS_ZERO_OFFSET_UNVERIFIED,511.74532586922845,590.7763512520755,591.3403167097985,20.0
R03ZF_SARF000268,R03ZF,268,8933,C:\research_raw\optical_sar_data\20260721data\derived_frames\pseudocolor_labelstudio_prep_20260722\frames\sar_pseudocolor\R03ZF\frame_000268_t008933ms.jpg,1024,592,-59.92829848430174,59.833559435023005,161,8944,NOMINAL_INDEX_FPS_ZERO_OFFSET_UNVERIFIED,511.74532586922845,590.7763512520755,591.3403167097985,20.0
R03ZF_SARF000269,R03ZF,269,8967,C:\research_raw\optical_sar_data\20260721data\derived_frames\pseudocolor_labelstudio_prep_20260722\frames\sar_pseudocolor\R03ZF\frame_000269_t008967ms.jpg,1024,592,-59.92829848430174,59.833559435023005,161,8944,NOMINAL_INDEX_FPS_ZERO_OFFSET_UNVERIFIED,511.74532586922845,590.7763512520755,591.3403167097985,20.0
R03ZF_SARF000270,R03ZF,270,9000,C:\research_raw\optical_sar_data\20260721data\derived_frames\pseudocolor_labelstudio_prep_20260722\frames\sar_pseudocolor\R03ZF\frame_000270_t009000ms.jpg,1024,592,-59.92829848430174,59.833559435023005,162,9000,NOMINAL_INDEX_FPS_ZERO_OFFSET_UNVERIFIED,511.74532586922845,590.7763512520755,591.3403167097985,20.0
R03ZF_SARF000271,R03ZF,271,9033,C:\research_raw\optical_sar_data\20260721data\derived_frames\pseudocolor_labelstudio_prep_20260722\frames\sar_pseudocolor\R03ZF\frame_000271_t009033ms.jpg,1024,592,-59.92829848430174,59.833559435023005,163,9056,NOMINAL_INDEX_FPS_ZERO_OFFSET_UNVERIFIED,511.74532586922845,590.7763512520755,591.3403167097985,20.0
R03ZF_SARF000272,R03ZF,272,9067,C:\research_raw\optical_sar_data\20260721data\derived_frames\pseudocolor_labelstudio_prep_20260722\frames\sar_pseudocolor\R03ZF\frame_000272_t009067ms.jpg,1024,592,-59.92829848430174,59.833559435023005,163,9056,NOMINAL_INDEX_FPS_ZERO_OFFSET_UNVERIFIED,511.74532586922845,590.7763512520755,591.3403167097985,20.0
R03ZF_SARF000273,R03ZF,273,9100,C:\research_raw\optical_sar_data\20260721data\derived_frames\pseudocolor_labelstudio_prep_20260722\frames\sar_pseudocolor\R03ZF\frame_000273_t009100ms.jpg,1024,592,-59.92829848430174,59.833559435023005,164,9111,NOMINAL_INDEX_FPS_ZERO_OFFSET_UNVERIFIED,511.74532586922845,590.7763512520755,591.3403167097985,20.0
R03ZF_SARF000274,R03ZF,274,9133,C:\research_raw\optical_sar_data\20260721data\derived_frames\pseudocolor_labelstudio_prep_20260722\frames\sar_pseudocolor\R03ZF\frame_000274_t009133ms.jpg,1024,592,-59.92829848430174,59.833559435023005,164,9111,NOMINAL_INDEX_FPS_ZERO_OFFSET_UNVERIFIED,511.74532586922845,590.7763512520755,591.3403167097985,20.0
R03ZF_SARF000275,R03ZF,275,9167,C:\research_raw\optical_sar_data\20260721data\derived_frames\pseudocolor_labelstudio_prep_20260722\frames\sar_pseudocolor\R03ZF\frame_000275_t009167ms.jpg,1024,592,-59.92829848430174,59.833559435023005,165,9167,NOMINAL_INDEX_FPS_ZERO_OFFSET_UNVERIFIED,511.74532586922845,590.7763512520755,591.3403167097985,20.0
R03ZF_SARF000276,R03ZF,276,9200,C:\research_raw\optical_sar_data\20260721data\derived_frames\pseudocolor_labelstudio_prep_20260722\frames\sar_pseudocolor\R03ZF\frame_000276_t009200ms.jpg,1024,592,-59.92829848430174,59.833559435023005,166,9222,NOMINAL_INDEX_FPS_ZERO_OFFSET_UNVERIFIED,511.74532586922845,590.7763512520755,591.3403167097985,20.0
R03ZF_SARF000277,R03ZF,277,9233,C:\research_raw\optical_sar_data\20260721data\derived_frames\pseudocolor_labelstudio_prep_20260722\frames\sar_pseudocolor\R03ZF\frame_000277_t009233ms.jpg,1024,592,-59.92829848430174,59.833559435023005,166,9222,NOMINAL_INDEX_FPS_ZERO_OFFSET_UNVERIFIED,511.74532586922845,590.7763512520755,591.3403167097985,20.0
R03ZF_SARF000278,R03ZF,278,9267,C:\research_raw\optical_sar_data\20260721data\derived_frames\pseudocolor_labelstudio_prep_20260722\frames\sar_pseudocolor\R03ZF\frame_000278_t009267ms.jpg,1024,592,-59.92829848430174,59.833559435023005,167,9278,NOMINAL_INDEX_FPS_ZERO_OFFSET_UNVERIFIED,511.74532586922845,590.7763512520755,591.3403167097985,20.0
R03ZF_SARF000279,R03ZF,279,9300,C:\research_raw\optical_sar_data\20260721data\derived_frames\pseudocolor_labelstudio_prep_20260722\frames\sar_pseudocolor\R03ZF\frame_000279_t009300ms.jpg,1024,592,-59.92829848430174,59.833559435023005,167,9278,NOMINAL_INDEX_FPS_ZERO_OFFSET_UNVERIFIED,511.74532586922845,590.7763512520755,591.3403167097985,20.0
R03ZF_SARF000280,R03ZF,280,9333,C:\research_raw\optical_sar_data\20260721data\derived_frames\pseudocolor_labelstudio_prep_20260722\frames\sar_pseudocolor\R03ZF\frame_000280_t009333ms.jpg,1024,592,-59.92829848430174,59.833559435023005,168,9333,NOMINAL_INDEX_FPS_ZERO_OFFSET_UNVERIFIED,511.74532586922845,590.7763512520755,591.3403167097985,20.0
R03ZF_SARF000281,R03ZF,281,9367,C:\research_raw\optical_sar_data\20260721data\derived_frames\pseudocolor_labelstudio_prep_20260722\frames\sar_pseudocolor\R03ZF\frame_000281_t009367ms.jpg,1024,592,-59.92829848430174,59.833559435023005,169,9389,NOMINAL_INDEX_FPS_ZERO_OFFSET_UNVERIFIED,511.74532586922845,590.7763512520755,591.3403167097985,20.0
R03ZF_SARF000282,R03ZF,282,9400,C:\research_raw\optical_sar_data\20260721data\derived_frames\pseudocolor_labelstudio_prep_20260722\frames\sar_pseudocolor\R03ZF\frame_000282_t009400ms.jpg,1024,592,-59.92829848430174,59.833559435023005,169,9389,NOMINAL_INDEX_FPS_ZERO_OFFSET_UNVERIFIED,511.74532586922845,590.7763512520755,591.3403167097985,20.0
R03ZF_SARF000283,R03ZF,283,9433,C:\research_raw\optical_sar_data\20260721data\derived_frames\pseudocolor_labelstudio_prep_20260722\frames\sar_pseudocolor\R03ZF\frame_000283_t009433ms.jpg,1024,592,-59.92829848430174,59.833559435023005,170,9444,NOMINAL_INDEX_FPS_ZERO_OFFSET_UNVERIFIED,511.74532586922845,590.7763512520755,591.3403167097985,20.0
R03ZF_SARF000284,R03ZF,284,9467,C:\research_raw\optical_sar_data\20260721data\derived_frames\pseudocolor_labelstudio_prep_20260722\frames\sar_pseudocolor\R03ZF\frame_000284_t009467ms.jpg,1024,592,-59.92829848430174,59.833559435023005,170,9444,NOMINAL_INDEX_FPS_ZERO_OFFSET_UNVERIFIED,511.74532586922845,590.7763512520755,591.3403167097985,20.0
R03ZF_SARF000285,R03ZF,285,9500,C:\research_raw\optical_sar_data\20260721data\derived_frames\pseudocolor_labelstudio_prep_20260722\frames\sar_pseudocolor\R03ZF\frame_000285_t009500ms.jpg,1024,592,-59.92829848430174,59.833559435023005,171,9500,NOMINAL_INDEX_FPS_ZERO_OFFSET_UNVERIFIED,511.74532586922845,590.7763512520755,591.3403167097985,20.0
R03ZF_SARF000286,R03ZF,286,9533,C:\research_raw\optical_sar_data\20260721data\derived_frames\pseudocolor_labelstudio_prep_20260722\frames\sar_pseudocolor\R03ZF\frame_000286_t009533ms.jpg,1024,592,-59.92829848430174,59.833559435023005,172,9556,NOMINAL_INDEX_FPS_ZERO_OFFSET_UNVERIFIED,511.74532586922845,590.7763512520755,591.3403167097985,20.0
R03ZF_SARF000287,R03ZF,287,9567,C:\research_raw\optical_sar_data\20260721data\derived_frames\pseudocolor_labelstudio_prep_20260722\frames\sar_pseudocolor\R03ZF\frame_000287_t009567ms.jpg,1024,592,-59.92829848430174,59.833559435023005,172,9556,NOMINAL_INDEX_FPS_ZERO_OFFSET_UNVERIFIED,511.74532586922845,590.7763512520755,591.3403167097985,20.0
R03ZF_SARF000288,R03ZF,288,9600,C:\research_raw\optical_sar_data\20260721data\derived_frames\pseudocolor_labelstudio_prep_20260722\frames\sar_pseudocolor\R03ZF\frame_000288_t009600ms.jpg,1024,592,-59.92829848430174,59.833559435023005,173,9611,NOMINAL_INDEX_FPS_ZERO_OFFSET_UNVERIFIED,511.74532586922845,590.7763512520755,591.3403167097985,20.0
R03ZF_SARF000289,R03ZF,289,9633,C:\research_raw\optical_sar_data\20260721data\derived_frames\pseudocolor_labelstudio_prep_20260722\frames\sar_pseudocolor\R03ZF\frame_000289_t009633ms.jpg,1024,592,-59.92829848430174,59.833559435023005,173,9611,NOMINAL_INDEX_FPS_ZERO_OFFSET_UNVERIFIED,511.74532586922845,590.7763512520755,591.3403167097985,20.0
R03ZF_SARF000290,R03ZF,290,9667,C:\research_raw\optical_sar_data\20260721data\derived_frames\pseudocolor_labelstudio_prep_20260722\frames\sar_pseudocolor\R03ZF\frame_000290_t009667ms.jpg,1024,592,-59.92829848430174,59.833559435023005,174,9667,NOMINAL_INDEX_FPS_ZERO_OFFSET_UNVERIFIED,511.74532586922845,590.7763512520755,591.3403167097985,20.0
R03ZF_SARF000291,R03ZF,291,9700,C:\research_raw\optical_sar_data\20260721data\derived_frames\pseudocolor_labelstudio_prep_20260722\frames\sar_pseudocolor\R03ZF\frame_000291_t009700ms.jpg,1024,592,-59.92829848430174,59.833559435023005,175,9722,NOMINAL_INDEX_FPS_ZERO_OFFSET_UNVERIFIED,511.74532586922845,590.7763512520755,591.3403167097985,20.0
R03ZF_SARF000292,R03ZF,292,9733,C:\research_raw\optical_sar_data\20260721data\derived_frames\pseudocolor_labelstudio_prep_20260722\frames\sar_pseudocolor\R03ZF\frame_000292_t009733ms.jpg,1024,592,-59.92829848430174,59.833559435023005,175,9722,NOMINAL_INDEX_FPS_ZERO_OFFSET_UNVERIFIED,511.74532586922845,590.7763512520755,591.3403167097985,20.0
R03ZF_SARF000293,R03ZF,293,9767,C:\research_raw\optical_sar_data\20260721data\derived_frames\pseudocolor_labelstudio_prep_20260722\frames\sar_pseudocolor\R03ZF\frame_000293_t009767ms.jpg,1024,592,-59.92829848430174,59.833559435023005,176,9778,NOMINAL_INDEX_FPS_ZERO_OFFSET_UNVERIFIED,511.74532586922845,590.7763512520755,591.3403167097985,20.0
R03ZF_SARF000294,R03ZF,294,9800,C:\research_raw\optical_sar_data\20260721data\derived_frames\pseudocolor_labelstudio_prep_20260722\frames\sar_pseudocolor\R03ZF\frame_000294_t009800ms.jpg,1024,592,-59.92829848430174,59.833559435023005,176,9778,NOMINAL_INDEX_FPS_ZERO_OFFSET_UNVERIFIED,511.74532586922845,590.7763512520755,591.3403167097985,20.0
R03ZF_SARF000295,R03ZF,295,9833,C:\research_raw\optical_sar_data\20260721data\derived_frames\pseudocolor_labelstudio_prep_20260722\frames\sar_pseudocolor\R03ZF\frame_000295_t009833ms.jpg,1024,592,-59.92829848430174,59.833559435023005,177,9833,NOMINAL_INDEX_FPS_ZERO_OFFSET_UNVERIFIED,511.74532586922845,590.7763512520755,591.3403167097985,20.0
R03ZF_SARF000296,R03ZF,296,9867,C:\research_raw\optical_sar_data\20260721data\derived_frames\pseudocolor_labelstudio_prep_20260722\frames\sar_pseudocolor\R03ZF\frame_000296_t009867ms.jpg,1024,592,-59.92829848430174,59.833559435023005,178,9889,NOMINAL_INDEX_FPS_ZERO_OFFSET_UNVERIFIED,511.74532586922845,590.7763512520755,591.3403167097985,20.0
R03ZF_SARF000297,R03ZF,297,9900,C:\research_raw\optical_sar_data\20260721data\derived_frames\pseudocolor_labelstudio_prep_20260722\frames\sar_pseudocolor\R03ZF\frame_000297_t009900ms.jpg,1024,592,-59.92829848430174,59.833559435023005,178,9889,NOMINAL_INDEX_FPS_ZERO_OFFSET_UNVERIFIED,511.74532586922845,590.7763512520755,591.3403167097985,20.0
R03ZF_SARF000298,R03ZF,298,9933,C:\research_raw\optical_sar_data\20260721data\derived_frames\pseudocolor_labelstudio_prep_20260722\frames\sar_pseudocolor\R03ZF\frame_000298_t009933ms.jpg,1024,592,-59.92829848430174,59.833559435023005,179,9944,NOMINAL_INDEX_FPS_ZERO_OFFSET_UNVERIFIED,511.74532586922845,590.7763512520755,591.3403167097985,20.0
R03ZF_SARF000299,R03ZF,299,9967,C:\research_raw\optical_sar_data\20260721data\derived_frames\pseudocolor_labelstudio_prep_20260722\frames\sar_pseudocolor\R03ZF\frame_000299_t009967ms.jpg,1024,592,-59.92829848430174,59.833559435023005,179,9944,NOMINAL_INDEX_FPS_ZERO_OFFSET_UNVERIFIED,511.74532586922845,590.7763512520755,591.3403167097985,20.0
R03ZF_SARF000300,R03ZF,300,10000,C:\research_raw\optical_sar_data\20260721data\derived_frames\pseudocolor_labelstudio_prep_20260722\frames\sar_pseudocolor\R03ZF\frame_000300_t010000ms.jpg,1024,592,-59.92829848430174,59.833559435023005,180,10000,NOMINAL_INDEX_FPS_ZERO_OFFSET_UNVERIFIED,511.74532586922845,590.7763512520755,591.3403167097985,20.0
R03ZF_SARF000301,R03ZF,301,10033,C:\research_raw\optical_sar_data\20260721data\derived_frames\pseudocolor_labelstudio_prep_20260722\frames\sar_pseudocolor\R03ZF\frame_000301_t010033ms.jpg,1024,592,-59.92829848430174,59.833559435023005,181,10056,NOMINAL_INDEX_FPS_ZERO_OFFSET_UNVERIFIED,511.74532586922845,590.7763512520755,591.3403167097985,20.0
R03ZF_SARF000302,R03ZF,302,10067,C:\research_raw\optical_sar_data\20260721data\derived_frames\pseudocolor_labelstudio_prep_20260722\frames\sar_pseudocolor\R03ZF\frame_000302_t010067ms.jpg,1024,592,-59.92829848430174,59.833559435023005,181,10056,NOMINAL_INDEX_FPS_ZERO_OFFSET_UNVERIFIED,511.74532586922845,590.7763512520755,591.3403167097985,20.0
R03ZF_SARF000303,R03ZF,303,10100,C:\research_raw\optical_sar_data\20260721data\derived_frames\pseudocolor_labelstudio_prep_20260722\frames\sar_pseudocolor\R03ZF\frame_000303_t010100ms.jpg,1024,592,-59.92829848430174,59.833559435023005,182,10111,NOMINAL_INDEX_FPS_ZERO_OFFSET_UNVERIFIED,511.74532586922845,590.7763512520755,591.3403167097985,20.0
R03ZF_SARF000304,R03ZF,304,10133,C:\research_raw\optical_sar_data\20260721data\derived_frames\pseudocolor_labelstudio_prep_20260722\frames\sar_pseudocolor\R03ZF\frame_000304_t010133ms.jpg,1024,592,-59.92829848430174,59.833559435023005,182,10111,NOMINAL_INDEX_FPS_ZERO_OFFSET_UNVERIFIED,511.74532586922845,590.7763512520755,591.3403167097985,20.0
R03ZF_SARF000305,R03ZF,305,10167,C:\research_raw\optical_sar_data\20260721data\derived_frames\pseudocolor_labelstudio_prep_20260722\frames\sar_pseudocolor\R03ZF\frame_000305_t010167ms.jpg,1024,592,-59.92829848430174,59.833559435023005,183,10167,NOMINAL_INDEX_FPS_ZERO_OFFSET_UNVERIFIED,511.74532586922845,590.7763512520755,591.3403167097985,20.0
R03ZF_SARF000306,R03ZF,306,10200,C:\research_raw\optical_sar_data\20260721data\derived_frames\pseudocolor_labelstudio_prep_20260722\frames\sar_pseudocolor\R03ZF\frame_000306_t010200ms.jpg,1024,592,-59.92829848430174,59.833559435023005,184,10222,NOMINAL_INDEX_FPS_ZERO_OFFSET_UNVERIFIED,511.74532586922845,590.7763512520755,591.3403167097985,20.0
R03ZF_SARF000307,R03ZF,307,10233,C:\research_raw\optical_sar_data\20260721data\derived_frames\pseudocolor_labelstudio_prep_20260722\frames\sar_pseudocolor\R03ZF\frame_000307_t010233ms.jpg,1024,592,-59.92829848430174,59.833559435023005,184,10222,NOMINAL_INDEX_FPS_ZERO_OFFSET_UNVERIFIED,511.74532586922845,590.7763512520755,591.3403167097985,20.0
R03ZF_SARF000308,R03ZF,308,10267,C:\research_raw\optical_sar_data\20260721data\derived_frames\pseudocolor_labelstudio_prep_20260722\frames\sar_pseudocolor\R03ZF\frame_000308_t010267ms.jpg,1024,592,-59.92829848430174,59.833559435023005,185,10278,NOMINAL_INDEX_FPS_ZERO_OFFSET_UNVERIFIED,511.74532586922845,590.7763512520755,591.3403167097985,20.0
R03ZF_SARF000309,R03ZF,309,10300,C:\research_raw\optical_sar_data\20260721data\derived_frames\pseudocolor_labelstudio_prep_20260722\frames\sar_pseudocolor\R03ZF\frame_000309_t010300ms.jpg,1024,592,-59.92829848430174,59.833559435023005,185,10278,NOMINAL_INDEX_FPS_ZERO_OFFSET_UNVERIFIED,511.74532586922845,590.7763512520755,591.3403167097985,20.0
R03ZF_SARF000310,R03ZF,310,10333,C:\research_raw\optical_sar_data\20260721data\derived_frames\pseudocolor_labelstudio_prep_20260722\frames\sar_pseudocolor\R03ZF\frame_000310_t010333ms.jpg,1024,592,-59.92829848430174,59.833559435023005,186,10333,NOMINAL_INDEX_FPS_ZERO_OFFSET_UNVERIFIED,511.74532586922845,590.7763512520755,591.3403167097985,20.0
R03ZF_SARF000311,R03ZF,311,10367,C:\research_raw\optical_sar_data\20260721data\derived_frames\pseudocolor_labelstudio_prep_20260722\frames\sar_pseudocolor\R03ZF\frame_000311_t010367ms.jpg,1024,592,-59.92829848430174,59.833559435023005,187,10389,NOMINAL_INDEX_FPS_ZERO_OFFSET_UNVERIFIED,511.74532586922845,590.7763512520755,591.3403167097985,20.0
R03ZF_SARF000312,R03ZF,312,10400,C:\research_raw\optical_sar_data\20260721data\derived_frames\pseudocolor_labelstudio_prep_20260722\frames\sar_pseudocolor\R03ZF\frame_000312_t010400ms.jpg,1024,592,-59.92829848430174,59.833559435023005,187,10389,NOMINAL_INDEX_FPS_ZERO_OFFSET_UNVERIFIED,511.74532586922845,590.7763512520755,591.3403167097985,20.0
R03ZF_SARF000313,R03ZF,313,10433,C:\research_raw\optical_sar_data\20260721data\derived_frames\pseudocolor_labelstudio_prep_20260722\frames\sar_pseudocolor\R03ZF\frame_000313_t010433ms.jpg,1024,592,-59.92829848430174,59.833559435023005,188,10444,NOMINAL_INDEX_FPS_ZERO_OFFSET_UNVERIFIED,511.74532586922845,590.7763512520755,591.3403167097985,20.0
R03ZF_SARF000314,R03ZF,314,10467,C:\research_raw\optical_sar_data\20260721data\derived_frames\pseudocolor_labelstudio_prep_20260722\frames\sar_pseudocolor\R03ZF\frame_000314_t010467ms.jpg,1024,592,-59.92829848430174,59.833559435023005,188,10444,NOMINAL_INDEX_FPS_ZERO_OFFSET_UNVERIFIED,511.74532586922845,590.7763512520755,591.3403167097985,20.0
R03ZF_SARF000315,R03ZF,315,10500,C:\research_raw\optical_sar_data\20260721data\derived_frames\pseudocolor_labelstudio_prep_20260722\frames\sar_pseudocolor\R03ZF\frame_000315_t010500ms.jpg,1024,592,-59.92829848430174,59.833559435023005,189,10500,NOMINAL_INDEX_FPS_ZERO_OFFSET_UNVERIFIED,511.74532586922845,590.7763512520755,591.3403167097985,20.0
R03ZF_SARF000316,R03ZF,316,10533,C:\research_raw\optical_sar_data\20260721data\derived_frames\pseudocolor_labelstudio_prep_20260722\frames\sar_pseudocolor\R03ZF\frame_000316_t010533ms.jpg,1024,592,-59.92829848430174,59.833559435023005,190,10556,NOMINAL_INDEX_FPS_ZERO_OFFSET_UNVERIFIED,511.74532586922845,590.7763512520755,591.3403167097985,20.0
R03ZF_SARF000317,R03ZF,317,10567,C:\research_raw\optical_sar_data\20260721data\derived_frames\pseudocolor_labelstudio_prep_20260722\frames\sar_pseudocolor\R03ZF\frame_000317_t010567ms.jpg,1024,592,-59.92829848430174,59.833559435023005,190,10556,NOMINAL_INDEX_FPS_ZERO_OFFSET_UNVERIFIED,511.74532586922845,590.7763512520755,591.3403167097985,20.0
R03ZF_SARF000318,R03ZF,318,10600,C:\research_raw\optical_sar_data\20260721data\derived_frames\pseudocolor_labelstudio_prep_20260722\frames\sar_pseudocolor\R03ZF\frame_000318_t010600ms.jpg,1024,592,-59.92829848430174,59.833559435023005,191,10611,NOMINAL_INDEX_FPS_ZERO_OFFSET_UNVERIFIED,511.74532586922845,590.7763512520755,591.3403167097985,20.0
R03ZF_SARF000319,R03ZF,319,10633,C:\research_raw\optical_sar_data\20260721data\derived_frames\pseudocolor_labelstudio_prep_20260722\frames\sar_pseudocolor\R03ZF\frame_000319_t010633ms.jpg,1024,592,-59.92829848430174,59.833559435023005,191,10611,NOMINAL_INDEX_FPS_ZERO_OFFSET_UNVERIFIED,511.74532586922845,590.7763512520755,591.3403167097985,20.0
R03ZF_SARF000320,R03ZF,320,10667,C:\research_raw\optical_sar_data\20260721data\derived_frames\pseudocolor_labelstudio_prep_20260722\frames\sar_pseudocolor\R03ZF\frame_000320_t010667ms.jpg,1024,592,-59.92829848430174,59.833559435023005,192,10667,NOMINAL_INDEX_FPS_ZERO_OFFSET_UNVERIFIED,511.74532586922845,590.7763512520755,591.3403167097985,20.0
R03ZF_SARF000321,R03ZF,321,10700,C:\research_raw\optical_sar_data\20260721data\derived_frames\pseudocolor_labelstudio_prep_20260722\frames\sar_pseudocolor\R03ZF\frame_000321_t010700ms.jpg,1024,592,-59.92829848430174,59.833559435023005,193,10722,NOMINAL_INDEX_FPS_ZERO_OFFSET_UNVERIFIED,511.74532586922845,590.7763512520755,591.3403167097985,20.0
R03ZF_SARF000322,R03ZF,322,10733,C:\research_raw\optical_sar_data\20260721data\derived_frames\pseudocolor_labelstudio_prep_20260722\frames\sar_pseudocolor\R03ZF\frame_000322_t010733ms.jpg,1024,592,-59.92829848430174,59.833559435023005,193,10722,NOMINAL_INDEX_FPS_ZERO_OFFSET_UNVERIFIED,511.74532586922845,590.7763512520755,591.3403167097985,20.0
R03ZF_SARF000323,R03ZF,323,10767,C:\research_raw\optical_sar_data\20260721data\derived_frames\pseudocolor_labelstudio_prep_20260722\frames\sar_pseudocolor\R03ZF\frame_000323_t010767ms.jpg,1024,592,-59.92829848430174,59.833559435023005,194,10778,NOMINAL_INDEX_FPS_ZERO_OFFSET_UNVERIFIED,511.74532586922845,590.7763512520755,591.3403167097985,20.0
R03ZF_SARF000324,R03ZF,324,10800,C:\research_raw\optical_sar_data\20260721data\derived_frames\pseudocolor_labelstudio_prep_20260722\frames\sar_pseudocolor\R03ZF\frame_000324_t010800ms.jpg,1024,592,-59.92829848430174,59.833559435023005,194,10778,NOMINAL_INDEX_FPS_ZERO_OFFSET_UNVERIFIED,511.74532586922845,590.7763512520755,591.3403167097985,20.0
R03ZF_SARF000325,R03ZF,325,10833,C:\research_raw\optical_sar_data\20260721data\derived_frames\pseudocolor_labelstudio_prep_20260722\frames\sar_pseudocolor\R03ZF\frame_000325_t010833ms.jpg,1024,592,-59.92829848430174,59.833559435023005,195,10833,NOMINAL_INDEX_FPS_ZERO_OFFSET_UNVERIFIED,511.74532586922845,590.7763512520755,591.3403167097985,20.0
R03ZF_SARF000326,R03ZF,326,10867,C:\research_raw\optical_sar_data\20260721data\derived_frames\pseudocolor_labelstudio_prep_20260722\frames\sar_pseudocolor\R03ZF\frame_000326_t010867ms.jpg,1024,592,-59.92829848430174,59.833559435023005,196,10889,NOMINAL_INDEX_FPS_ZERO_OFFSET_UNVERIFIED,511.74532586922845,590.7763512520755,591.3403167097985,20.0
R03ZF_SARF000327,R03ZF,327,10900,C:\research_raw\optical_sar_data\20260721data\derived_frames\pseudocolor_labelstudio_prep_20260722\frames\sar_pseudocolor\R03ZF\frame_000327_t010900ms.jpg,1024,592,-59.92829848430174,59.833559435023005,196,10889,NOMINAL_INDEX_FPS_ZERO_OFFSET_UNVERIFIED,511.74532586922845,590.7763512520755,591.3403167097985,20.0
R03ZF_SARF000328,R03ZF,328,10933,C:\research_raw\optical_sar_data\20260721data\derived_frames\pseudocolor_labelstudio_prep_20260722\frames\sar_pseudocolor\R03ZF\frame_000328_t010933ms.jpg,1024,592,-59.92829848430174,59.833559435023005,197,10944,NOMINAL_INDEX_FPS_ZERO_OFFSET_UNVERIFIED,511.74532586922845,590.7763512520755,591.3403167097985,20.0
R03ZF_SARF000329,R03ZF,329,10967,C:\research_raw\optical_sar_data\20260721data\derived_frames\pseudocolor_labelstudio_prep_20260722\frames\sar_pseudocolor\R03ZF\frame_000329_t010967ms.jpg,1024,592,-59.92829848430174,59.833559435023005,197,10944,NOMINAL_INDEX_FPS_ZERO_OFFSET_UNVERIFIED,511.74532586922845,590.7763512520755,591.3403167097985,20.0
R03ZF_SARF000330,R03ZF,330,11000,C:\research_raw\optical_sar_data\20260721data\derived_frames\pseudocolor_labelstudio_prep_20260722\frames\sar_pseudocolor\R03ZF\frame_000330_t011000ms.jpg,1024,592,-59.92829848430174,59.833559435023005,198,11000,NOMINAL_INDEX_FPS_ZERO_OFFSET_UNVERIFIED,511.74532586922845,590.7763512520755,591.3403167097985,20.0
R03ZF_SARF000331,R03ZF,331,11033,C:\research_raw\optical_sar_data\20260721data\derived_frames\pseudocolor_labelstudio_prep_20260722\frames\sar_pseudocolor\R03ZF\frame_000331_t011033ms.jpg,1024,592,-59.92829848430174,59.833559435023005,199,11056,NOMINAL_INDEX_FPS_ZERO_OFFSET_UNVERIFIED,511.74532586922845,590.7763512520755,591.3403167097985,20.0
R03ZF_SARF000332,R03ZF,332,11067,C:\research_raw\optical_sar_data\20260721data\derived_frames\pseudocolor_labelstudio_prep_20260722\frames\sar_pseudocolor\R03ZF\frame_000332_t011067ms.jpg,1024,592,-59.92829848430174,59.833559435023005,199,11056,NOMINAL_INDEX_FPS_ZERO_OFFSET_UNVERIFIED,511.74532586922845,590.7763512520755,591.3403167097985,20.0
R03ZF_SARF000333,R03ZF,333,11100,C:\research_raw\optical_sar_data\20260721data\derived_frames\pseudocolor_labelstudio_prep_20260722\frames\sar_pseudocolor\R03ZF\frame_000333_t011100ms.jpg,1024,592,-59.92829848430174,59.833559435023005,200,11111,NOMINAL_INDEX_FPS_ZERO_OFFSET_UNVERIFIED,511.74532586922845,590.7763512520755,591.3403167097985,20.0
R03ZF_SARF000334,R03ZF,334,11133,C:\research_raw\optical_sar_data\20260721data\derived_frames\pseudocolor_labelstudio_prep_20260722\frames\sar_pseudocolor\R03ZF\frame_000334_t011133ms.jpg,1024,592,-59.92829848430174,59.833559435023005,200,11111,NOMINAL_INDEX_FPS_ZERO_OFFSET_UNVERIFIED,511.74532586922845,590.7763512520755,591.3403167097985,20.0
R03ZF_SARF000335,R03ZF,335,11167,C:\research_raw\optical_sar_data\20260721data\derived_frames\pseudocolor_labelstudio_prep_20260722\frames\sar_pseudocolor\R03ZF\frame_000335_t011167ms.jpg,1024,592,-59.92829848430174,59.833559435023005,201,11167,NOMINAL_INDEX_FPS_ZERO_OFFSET_UNVERIFIED,511.74532586922845,590.7763512520755,591.3403167097985,20.0
R03ZF_SARF000336,R03ZF,336,11200,C:\research_raw\optical_sar_data\20260721data\derived_frames\pseudocolor_labelstudio_prep_20260722\frames\sar_pseudocolor\R03ZF\frame_000336_t011200ms.jpg,1024,592,-59.92829848430174,59.833559435023005,202,11222,NOMINAL_INDEX_FPS_ZERO_OFFSET_UNVERIFIED,511.74532586922845,590.7763512520755,591.3403167097985,20.0
R03ZF_SARF000337,R03ZF,337,11233,C:\research_raw\optical_sar_data\20260721data\derived_frames\pseudocolor_labelstudio_prep_20260722\frames\sar_pseudocolor\R03ZF\frame_000337_t011233ms.jpg,1024,592,-59.92829848430174,59.833559435023005,202,11222,NOMINAL_INDEX_FPS_ZERO_OFFSET_UNVERIFIED,511.74532586922845,590.7763512520755,591.3403167097985,20.0
R03ZF_SARF000338,R03ZF,338,11267,C:\research_raw\optical_sar_data\20260721data\derived_frames\pseudocolor_labelstudio_prep_20260722\frames\sar_pseudocolor\R03ZF\frame_000338_t011267ms.jpg,1024,592,-59.92829848430174,59.833559435023005,203,11278,NOMINAL_INDEX_FPS_ZERO_OFFSET_UNVERIFIED,511.74532586922845,590.7763512520755,591.3403167097985,20.0
R03ZF_SARF000339,R03ZF,339,11300,C:\research_raw\optical_sar_data\20260721data\derived_frames\pseudocolor_labelstudio_prep_20260722\frames\sar_pseudocolor\R03ZF\frame_000339_t011300ms.jpg,1024,592,-59.92829848430174,59.833559435023005,203,11278,NOMINAL_INDEX_FPS_ZERO_OFFSET_UNVERIFIED,511.74532586922845,590.7763512520755,591.3403167097985,20.0
R03ZF_SARF000340,R03ZF,340,11333,C:\research_raw\optical_sar_data\20260721data\derived_frames\pseudocolor_labelstudio_prep_20260722\frames\sar_pseudocolor\R03ZF\frame_000340_t011333ms.jpg,1024,592,-59.92829848430174,59.833559435023005,204,11333,NOMINAL_INDEX_FPS_ZERO_OFFSET_UNVERIFIED,511.74532586922845,590.7763512520755,591.3403167097985,20.0
R03ZF_SARF000341,R03ZF,341,11367,C:\research_raw\optical_sar_data\20260721data\derived_frames\pseudocolor_labelstudio_prep_20260722\frames\sar_pseudocolor\R03ZF\frame_000341_t011367ms.jpg,1024,592,-59.92829848430174,59.833559435023005,205,11389,NOMINAL_INDEX_FPS_ZERO_OFFSET_UNVERIFIED,511.74532586922845,590.7763512520755,591.3403167097985,20.0
R03ZF_SARF000342,R03ZF,342,11400,C:\research_raw\optical_sar_data\20260721data\derived_frames\pseudocolor_labelstudio_prep_20260722\frames\sar_pseudocolor\R03ZF\frame_000342_t011400ms.jpg,1024,592,-59.92829848430174,59.833559435023005,205,11389,NOMINAL_INDEX_FPS_ZERO_OFFSET_UNVERIFIED,511.74532586922845,590.7763512520755,591.3403167097985,20.0
R03ZF_SARF000343,R03ZF,343,11433,C:\research_raw\optical_sar_data\20260721data\derived_frames\pseudocolor_labelstudio_prep_20260722\frames\sar_pseudocolor\R03ZF\frame_000343_t011433ms.jpg,1024,592,-59.92829848430174,59.833559435023005,206,11444,NOMINAL_INDEX_FPS_ZERO_OFFSET_UNVERIFIED,511.74532586922845,590.7763512520755,591.3403167097985,20.0
R03ZF_SARF000344,R03ZF,344,11467,C:\research_raw\optical_sar_data\20260721data\derived_frames\pseudocolor_labelstudio_prep_20260722\frames\sar_pseudocolor\R03ZF\frame_000344_t011467ms.jpg,1024,592,-59.92829848430174,59.833559435023005,206,11444,NOMINAL_INDEX_FPS_ZERO_OFFSET_UNVERIFIED,511.74532586922845,590.7763512520755,591.3403167097985,20.0
R03ZF_SARF000345,R03ZF,345,11500,C:\research_raw\optical_sar_data\20260721data\derived_frames\pseudocolor_labelstudio_prep_20260722\frames\sar_pseudocolor\R03ZF\frame_000345_t011500ms.jpg,1024,592,-59.92829848430174,59.833559435023005,207,11500,NOMINAL_INDEX_FPS_ZERO_OFFSET_UNVERIFIED,511.74532586922845,590.7763512520755,591.3403167097985,20.0
R03ZF_SARF000346,R03ZF,346,11533,C:\research_raw\optical_sar_data\20260721data\derived_frames\pseudocolor_labelstudio_prep_20260722\frames\sar_pseudocolor\R03ZF\frame_000346_t011533ms.jpg,1024,592,-59.92829848430174,59.833559435023005,208,11556,NOMINAL_INDEX_FPS_ZERO_OFFSET_UNVERIFIED,511.74532586922845,590.7763512520755,591.3403167097985,20.0
R03ZF_SARF000347,R03ZF,347,11567,C:\research_raw\optical_sar_data\20260721data\derived_frames\pseudocolor_labelstudio_prep_20260722\frames\sar_pseudocolor\R03ZF\frame_000347_t011567ms.jpg,1024,592,-59.92829848430174,59.833559435023005,208,11556,NOMINAL_INDEX_FPS_ZERO_OFFSET_UNVERIFIED,511.74532586922845,590.7763512520755,591.3403167097985,20.0
R03ZF_SARF000348,R03ZF,348,11600,C:\research_raw\optical_sar_data\20260721data\derived_frames\pseudocolor_labelstudio_prep_20260722\frames\sar_pseudocolor\R03ZF\frame_000348_t011600ms.jpg,1024,592,-59.92829848430174,59.833559435023005,209,11611,NOMINAL_INDEX_FPS_ZERO_OFFSET_UNVERIFIED,511.74532586922845,590.7763512520755,591.3403167097985,20.0
R03ZF_SARF000349,R03ZF,349,11633,C:\research_raw\optical_sar_data\20260721data\derived_frames\pseudocolor_labelstudio_prep_20260722\frames\sar_pseudocolor\R03ZF\frame_000349_t011633ms.jpg,1024,592,-59.92829848430174,59.833559435023005,209,11611,NOMINAL_INDEX_FPS_ZERO_OFFSET_UNVERIFIED,511.74532586922845,590.7763512520755,591.3403167097985,20.0
R03ZF_SARF000350,R03ZF,350,11667,C:\research_raw\optical_sar_data\20260721data\derived_frames\pseudocolor_labelstudio_prep_20260722\frames\sar_pseudocolor\R03ZF\frame_000350_t011667ms.jpg,1024,592,-59.92829848430174,59.833559435023005,210,11667,NOMINAL_INDEX_FPS_ZERO_OFFSET_UNVERIFIED,511.74532586922845,590.7763512520755,591.3403167097985,20.0
R03ZF_SARF000351,R03ZF,351,11700,C:\research_raw\optical_sar_data\20260721data\derived_frames\pseudocolor_labelstudio_prep_20260722\frames\sar_pseudocolor\R03ZF\frame_000351_t011700ms.jpg,1024,592,-59.92829848430174,59.833559435023005,211,11722,NOMINAL_INDEX_FPS_ZERO_OFFSET_UNVERIFIED,511.74532586922845,590.7763512520755,591.3403167097985,20.0
R03ZF_SARF000352,R03ZF,352,11733,C:\research_raw\optical_sar_data\20260721data\derived_frames\pseudocolor_labelstudio_prep_20260722\frames\sar_pseudocolor\R03ZF\frame_000352_t011733ms.jpg,1024,592,-59.92829848430174,59.833559435023005,211,11722,NOMINAL_INDEX_FPS_ZERO_OFFSET_UNVERIFIED,511.74532586922845,590.7763512520755,591.3403167097985,20.0
R03ZF_SARF000353,R03ZF,353,11767,C:\research_raw\optical_sar_data\20260721data\derived_frames\pseudocolor_labelstudio_prep_20260722\frames\sar_pseudocolor\R03ZF\frame_000353_t011767ms.jpg,1024,592,-59.92829848430174,59.833559435023005,212,11778,NOMINAL_INDEX_FPS_ZERO_OFFSET_UNVERIFIED,511.74532586922845,590.7763512520755,591.3403167097985,20.0
R03ZF_SARF000354,R03ZF,354,11800,C:\research_raw\optical_sar_data\20260721data\derived_frames\pseudocolor_labelstudio_prep_20260722\frames\sar_pseudocolor\R03ZF\frame_000354_t011800ms.jpg,1024,592,-59.92829848430174,59.833559435023005,212,11778,NOMINAL_INDEX_FPS_ZERO_OFFSET_UNVERIFIED,511.74532586922845,590.7763512520755,591.3403167097985,20.0
R03ZF_SARF000355,R03ZF,355,11833,C:\research_raw\optical_sar_data\20260721data\derived_frames\pseudocolor_labelstudio_prep_20260722\frames\sar_pseudocolor\R03ZF\frame_000355_t011833ms.jpg,1024,592,-59.92829848430174,59.833559435023005,213,11833,NOMINAL_INDEX_FPS_ZERO_OFFSET_UNVERIFIED,511.74532586922845,590.7763512520755,591.3403167097985,20.0
R03ZF_SARF000356,R03ZF,356,11867,C:\research_raw\optical_sar_data\20260721data\derived_frames\pseudocolor_labelstudio_prep_20260722\frames\sar_pseudocolor\R03ZF\frame_000356_t011867ms.jpg,1024,592,-59.92829848430174,59.833559435023005,214,11889,NOMINAL_INDEX_FPS_ZERO_OFFSET_UNVERIFIED,511.74532586922845,590.7763512520755,591.3403167097985,20.0
R03ZF_SARF000357,R03ZF,357,11900,C:\research_raw\optical_sar_data\20260721data\derived_frames\pseudocolor_labelstudio_prep_20260722\frames\sar_pseudocolor\R03ZF\frame_000357_t011900ms.jpg,1024,592,-59.92829848430174,59.833559435023005,214,11889,NOMINAL_INDEX_FPS_ZERO_OFFSET_UNVERIFIED,511.74532586922845,590.7763512520755,591.3403167097985,20.0
R03ZF_SARF000358,R03ZF,358,11933,C:\research_raw\optical_sar_data\20260721data\derived_frames\pseudocolor_labelstudio_prep_20260722\frames\sar_pseudocolor\R03ZF\frame_000358_t011933ms.jpg,1024,592,-59.92829848430174,59.833559435023005,215,11944,NOMINAL_INDEX_FPS_ZERO_OFFSET_UNVERIFIED,511.74532586922845,590.7763512520755,591.3403167097985,20.0
R03ZF_SARF000359,R03ZF,359,11967,C:\research_raw\optical_sar_data\20260721data\derived_frames\pseudocolor_labelstudio_prep_20260722\frames\sar_pseudocolor\R03ZF\frame_000359_t011967ms.jpg,1024,592,-59.92829848430174,59.833559435023005,215,11944,NOMINAL_INDEX_FPS_ZERO_OFFSET_UNVERIFIED,511.74532586922845,590.7763512520755,591.3403167097985,20.0
R03ZF_SARF000360,R03ZF,360,12000,C:\research_raw\optical_sar_data\20260721data\derived_frames\pseudocolor_labelstudio_prep_20260722\frames\sar_pseudocolor\R03ZF\frame_000360_t012000ms.jpg,1024,592,-59.92829848430174,59.833559435023005,216,12000,NOMINAL_INDEX_FPS_ZERO_OFFSET_UNVERIFIED,511.74532586922845,590.7763512520755,591.3403167097985,20.0
R03ZF_SARF000361,R03ZF,361,12033,C:\research_raw\optical_sar_data\20260721data\derived_frames\pseudocolor_labelstudio_prep_20260722\frames\sar_pseudocolor\R03ZF\frame_000361_t012033ms.jpg,1024,592,-59.92829848430174,59.833559435023005,217,12056,NOMINAL_INDEX_FPS_ZERO_OFFSET_UNVERIFIED,511.74532586922845,590.7763512520755,591.3403167097985,20.0
R03ZF_SARF000362,R03ZF,362,12067,C:\research_raw\optical_sar_data\20260721data\derived_frames\pseudocolor_labelstudio_prep_20260722\frames\sar_pseudocolor\R03ZF\frame_000362_t012067ms.jpg,1024,592,-59.92829848430174,59.833559435023005,217,12056,NOMINAL_INDEX_FPS_ZERO_OFFSET_UNVERIFIED,511.74532586922845,590.7763512520755,591.3403167097985,20.0
R03ZF_SARF000363,R03ZF,363,12100,C:\research_raw\optical_sar_data\20260721data\derived_frames\pseudocolor_labelstudio_prep_20260722\frames\sar_pseudocolor\R03ZF\frame_000363_t012100ms.jpg,1024,592,-59.92829848430174,59.833559435023005,218,12111,NOMINAL_INDEX_FPS_ZERO_OFFSET_UNVERIFIED,511.74532586922845,590.7763512520755,591.3403167097985,20.0
R03ZF_SARF000364,R03ZF,364,12133,C:\research_raw\optical_sar_data\20260721data\derived_frames\pseudocolor_labelstudio_prep_20260722\frames\sar_pseudocolor\R03ZF\frame_000364_t012133ms.jpg,1024,592,-59.92829848430174,59.833559435023005,218,12111,NOMINAL_INDEX_FPS_ZERO_OFFSET_UNVERIFIED,511.74532586922845,590.7763512520755,591.3403167097985,20.0
R03ZF_SARF000365,R03ZF,365,12167,C:\research_raw\optical_sar_data\20260721data\derived_frames\pseudocolor_labelstudio_prep_20260722\frames\sar_pseudocolor\R03ZF\frame_000365_t012167ms.jpg,1024,592,-59.92829848430174,59.833559435023005,219,12167,NOMINAL_INDEX_FPS_ZERO_OFFSET_UNVERIFIED,511.74532586922845,590.7763512520755,591.3403167097985,20.0
R03ZF_SARF000366,R03ZF,366,12200,C:\research_raw\optical_sar_data\20260721data\derived_frames\pseudocolor_labelstudio_prep_20260722\frames\sar_pseudocolor\R03ZF\frame_000366_t012200ms.jpg,1024,592,-59.92829848430174,59.833559435023005,220,12222,NOMINAL_INDEX_FPS_ZERO_OFFSET_UNVERIFIED,511.74532586922845,590.7763512520755,591.3403167097985,20.0
R03ZF_SARF000367,R03ZF,367,12233,C:\research_raw\optical_sar_data\20260721data\derived_frames\pseudocolor_labelstudio_prep_20260722\frames\sar_pseudocolor\R03ZF\frame_000367_t012233ms.jpg,1024,592,-59.92829848430174,59.833559435023005,220,12222,NOMINAL_INDEX_FPS_ZERO_OFFSET_UNVERIFIED,511.74532586922845,590.7763512520755,591.3403167097985,20.0
R03ZF_SARF000368,R03ZF,368,12267,C:\research_raw\optical_sar_data\20260721data\derived_frames\pseudocolor_labelstudio_prep_20260722\frames\sar_pseudocolor\R03ZF\frame_000368_t012267ms.jpg,1024,592,-59.92829848430174,59.833559435023005,221,12278,NOMINAL_INDEX_FPS_ZERO_OFFSET_UNVERIFIED,511.74532586922845,590.7763512520755,591.3403167097985,20.0
R03ZF_SARF000369,R03ZF,369,12300,C:\research_raw\optical_sar_data\20260721data\derived_frames\pseudocolor_labelstudio_prep_20260722\frames\sar_pseudocolor\R03ZF\frame_000369_t012300ms.jpg,1024,592,-59.92829848430174,59.833559435023005,221,12278,NOMINAL_INDEX_FPS_ZERO_OFFSET_UNVERIFIED,511.74532586922845,590.7763512520755,591.3403167097985,20.0
R03ZF_SARF000370,R03ZF,370,12333,C:\research_raw\optical_sar_data\20260721data\derived_frames\pseudocolor_labelstudio_prep_20260722\frames\sar_pseudocolor\R03ZF\frame_000370_t012333ms.jpg,1024,592,-59.92829848430174,59.833559435023005,222,12333,NOMINAL_INDEX_FPS_ZERO_OFFSET_UNVERIFIED,511.74532586922845,590.7763512520755,591.3403167097985,20.0
R03ZF_SARF000371,R03ZF,371,12367,C:\research_raw\optical_sar_data\20260721data\derived_frames\pseudocolor_labelstudio_prep_20260722\frames\sar_pseudocolor\R03ZF\frame_000371_t012367ms.jpg,1024,592,-59.92829848430174,59.833559435023005,223,12389,NOMINAL_INDEX_FPS_ZERO_OFFSET_UNVERIFIED,511.74532586922845,590.7763512520755,591.3403167097985,20.0
R03ZF_SARF000372,R03ZF,372,12400,C:\research_raw\optical_sar_data\20260721data\derived_frames\pseudocolor_labelstudio_prep_20260722\frames\sar_pseudocolor\R03ZF\frame_000372_t012400ms.jpg,1024,592,-59.92829848430174,59.833559435023005,223,12389,NOMINAL_INDEX_FPS_ZERO_OFFSET_UNVERIFIED,511.74532586922845,590.7763512520755,591.3403167097985,20.0
R03ZF_SARF000373,R03ZF,373,12433,C:\research_raw\optical_sar_data\20260721data\derived_frames\pseudocolor_labelstudio_prep_20260722\frames\sar_pseudocolor\R03ZF\frame_000373_t012433ms.jpg,1024,592,-59.92829848430174,59.833559435023005,224,12444,NOMINAL_INDEX_FPS_ZERO_OFFSET_UNVERIFIED,511.74532586922845,590.7763512520755,591.3403167097985,20.0
R03ZF_SARF000374,R03ZF,374,12467,C:\research_raw\optical_sar_data\20260721data\derived_frames\pseudocolor_labelstudio_prep_20260722\frames\sar_pseudocolor\R03ZF\frame_000374_t012467ms.jpg,1024,592,-59.92829848430174,59.833559435023005,224,12444,NOMINAL_INDEX_FPS_ZERO_OFFSET_UNVERIFIED,511.74532586922845,590.7763512520755,591.3403167097985,20.0
R03ZF_SARF000375,R03ZF,375,12500,C:\research_raw\optical_sar_data\20260721data\derived_frames\pseudocolor_labelstudio_prep_20260722\frames\sar_pseudocolor\R03ZF\frame_000375_t012500ms.jpg,1024,592,-59.92829848430174,59.833559435023005,225,12500,NOMINAL_INDEX_FPS_ZERO_OFFSET_UNVERIFIED,511.74532586922845,590.7763512520755,591.3403167097985,20.0
R03ZF_SARF000376,R03ZF,376,12533,C:\research_raw\optical_sar_data\20260721data\derived_frames\pseudocolor_labelstudio_prep_20260722\frames\sar_pseudocolor\R03ZF\frame_000376_t012533ms.jpg,1024,592,-59.92829848430174,59.833559435023005,226,12556,NOMINAL_INDEX_FPS_ZERO_OFFSET_UNVERIFIED,511.74532586922845,590.7763512520755,591.3403167097985,20.0
R03ZF_SARF000377,R03ZF,377,12567,C:\research_raw\optical_sar_data\20260721data\derived_frames\pseudocolor_labelstudio_prep_20260722\frames\sar_pseudocolor\R03ZF\frame_000377_t012567ms.jpg,1024,592,-59.92829848430174,59.833559435023005,226,12556,NOMINAL_INDEX_FPS_ZERO_OFFSET_UNVERIFIED,511.74532586922845,590.7763512520755,591.3403167097985,20.0
R03ZF_SARF000378,R03ZF,378,12600,C:\research_raw\optical_sar_data\20260721data\derived_frames\pseudocolor_labelstudio_prep_20260722\frames\sar_pseudocolor\R03ZF\frame_000378_t012600ms.jpg,1024,592,-59.92829848430174,59.833559435023005,227,12611,NOMINAL_INDEX_FPS_ZERO_OFFSET_UNVERIFIED,511.74532586922845,590.7763512520755,591.3403167097985,20.0
R03ZF_SARF000379,R03ZF,379,12633,C:\research_raw\optical_sar_data\20260721data\derived_frames\pseudocolor_labelstudio_prep_20260722\frames\sar_pseudocolor\R03ZF\frame_000379_t012633ms.jpg,1024,592,-59.92829848430174,59.833559435023005,227,12611,NOMINAL_INDEX_FPS_ZERO_OFFSET_UNVERIFIED,511.74532586922845,590.7763512520755,591.3403167097985,20.0
R03ZF_SARF000380,R03ZF,380,12667,C:\research_raw\optical_sar_data\20260721data\derived_frames\pseudocolor_labelstudio_prep_20260722\frames\sar_pseudocolor\R03ZF\frame_000380_t012667ms.jpg,1024,592,-59.92829848430174,59.833559435023005,228,12667,NOMINAL_INDEX_FPS_ZERO_OFFSET_UNVERIFIED,511.74532586922845,590.7763512520755,591.3403167097985,20.0
R03ZF_SARF000381,R03ZF,381,12700,C:\research_raw\optical_sar_data\20260721data\derived_frames\pseudocolor_labelstudio_prep_20260722\frames\sar_pseudocolor\R03ZF\frame_000381_t012700ms.jpg,1024,592,-59.92829848430174,59.833559435023005,229,12722,NOMINAL_INDEX_FPS_ZERO_OFFSET_UNVERIFIED,511.74532586922845,590.7763512520755,591.3403167097985,20.0
R03ZF_SARF000382,R03ZF,382,12733,C:\research_raw\optical_sar_data\20260721data\derived_frames\pseudocolor_labelstudio_prep_20260722\frames\sar_pseudocolor\R03ZF\frame_000382_t012733ms.jpg,1024,592,-59.92829848430174,59.833559435023005,229,12722,NOMINAL_INDEX_FPS_ZERO_OFFSET_UNVERIFIED,511.74532586922845,590.7763512520755,591.3403167097985,20.0
R03ZF_SARF000383,R03ZF,383,12767,C:\research_raw\optical_sar_data\20260721data\derived_frames\pseudocolor_labelstudio_prep_20260722\frames\sar_pseudocolor\R03ZF\frame_000383_t012767ms.jpg,1024,592,-59.92829848430174,59.833559435023005,230,12778,NOMINAL_INDEX_FPS_ZERO_OFFSET_UNVERIFIED,511.74532586922845,590.7763512520755,591.3403167097985,20.0
R03ZF_SARF000384,R03ZF,384,12800,C:\research_raw\optical_sar_data\20260721data\derived_frames\pseudocolor_labelstudio_prep_20260722\frames\sar_pseudocolor\R03ZF\frame_000384_t012800ms.jpg,1024,592,-59.92829848430174,59.833559435023005,230,12778,NOMINAL_INDEX_FPS_ZERO_OFFSET_UNVERIFIED,511.74532586922845,590.7763512520755,591.3403167097985,20.0
R03ZF_SARF000385,R03ZF,385,12833,C:\research_raw\optical_sar_data\20260721data\derived_frames\pseudocolor_labelstudio_prep_20260722\frames\sar_pseudocolor\R03ZF\frame_000385_t012833ms.jpg,1024,592,-59.92829848430174,59.833559435023005,231,12833,NOMINAL_INDEX_FPS_ZERO_OFFSET_UNVERIFIED,511.74532586922845,590.7763512520755,591.3403167097985,20.0
R03ZF_SARF000386,R03ZF,386,12867,C:\research_raw\optical_sar_data\20260721data\derived_frames\pseudocolor_labelstudio_prep_20260722\frames\sar_pseudocolor\R03ZF\frame_000386_t012867ms.jpg,1024,592,-59.92829848430174,59.833559435023005,232,12889,NOMINAL_INDEX_FPS_ZERO_OFFSET_UNVERIFIED,511.74532586922845,590.7763512520755,591.3403167097985,20.0
R03ZF_SARF000387,R03ZF,387,12900,C:\research_raw\optical_sar_data\20260721data\derived_frames\pseudocolor_labelstudio_prep_20260722\frames\sar_pseudocolor\R03ZF\frame_000387_t012900ms.jpg,1024,592,-59.92829848430174,59.833559435023005,232,12889,NOMINAL_INDEX_FPS_ZERO_OFFSET_UNVERIFIED,511.74532586922845,590.7763512520755,591.3403167097985,20.0
R03ZF_SARF000388,R03ZF,388,12933,C:\research_raw\optical_sar_data\20260721data\derived_frames\pseudocolor_labelstudio_prep_20260722\frames\sar_pseudocolor\R03ZF\frame_000388_t012933ms.jpg,1024,592,-59.92829848430174,59.833559435023005,233,12944,NOMINAL_INDEX_FPS_ZERO_OFFSET_UNVERIFIED,511.74532586922845,590.7763512520755,591.3403167097985,20.0
R03ZF_SARF000389,R03ZF,389,12967,C:\research_raw\optical_sar_data\20260721data\derived_frames\pseudocolor_labelstudio_prep_20260722\frames\sar_pseudocolor\R03ZF\frame_000389_t012967ms.jpg,1024,592,-59.92829848430174,59.833559435023005,233,12944,NOMINAL_INDEX_FPS_ZERO_OFFSET_UNVERIFIED,511.74532586922845,590.7763512520755,591.3403167097985,20.0
R03ZF_SARF000390,R03ZF,390,13000,C:\research_raw\optical_sar_data\20260721data\derived_frames\pseudocolor_labelstudio_prep_20260722\frames\sar_pseudocolor\R03ZF\frame_000390_t013000ms.jpg,1024,592,-59.92829848430174,59.833559435023005,234,13000,NOMINAL_INDEX_FPS_ZERO_OFFSET_UNVERIFIED,511.74532586922845,590.7763512520755,591.3403167097985,20.0
R03ZF_SARF000391,R03ZF,391,13033,C:\research_raw\optical_sar_data\20260721data\derived_frames\pseudocolor_labelstudio_prep_20260722\frames\sar_pseudocolor\R03ZF\frame_000391_t013033ms.jpg,1024,592,-59.92829848430174,59.833559435023005,235,13056,NOMINAL_INDEX_FPS_ZERO_OFFSET_UNVERIFIED,511.74532586922845,590.7763512520755,591.3403167097985,20.0
R03ZF_SARF000392,R03ZF,392,13067,C:\research_raw\optical_sar_data\20260721data\derived_frames\pseudocolor_labelstudio_prep_20260722\frames\sar_pseudocolor\R03ZF\frame_000392_t013067ms.jpg,1024,592,-59.92829848430174,59.833559435023005,235,13056,NOMINAL_INDEX_FPS_ZERO_OFFSET_UNVERIFIED,511.74532586922845,590.7763512520755,591.3403167097985,20.0
R03ZF_SARF000393,R03ZF,393,13100,C:\research_raw\optical_sar_data\20260721data\derived_frames\pseudocolor_labelstudio_prep_20260722\frames\sar_pseudocolor\R03ZF\frame_000393_t013100ms.jpg,1024,592,-59.92829848430174,59.833559435023005,236,13111,NOMINAL_INDEX_FPS_ZERO_OFFSET_UNVERIFIED,511.74532586922845,590.7763512520755,591.3403167097985,20.0
R03ZF_SARF000394,R03ZF,394,13133,C:\research_raw\optical_sar_data\20260721data\derived_frames\pseudocolor_labelstudio_prep_20260722\frames\sar_pseudocolor\R03ZF\frame_000394_t013133ms.jpg,1024,592,-59.92829848430174,59.833559435023005,236,13111,NOMINAL_INDEX_FPS_ZERO_OFFSET_UNVERIFIED,511.74532586922845,590.7763512520755,591.3403167097985,20.0
R03ZF_SARF000395,R03ZF,395,13167,C:\research_raw\optical_sar_data\20260721data\derived_frames\pseudocolor_labelstudio_prep_20260722\frames\sar_pseudocolor\R03ZF\frame_000395_t013167ms.jpg,1024,592,-59.92829848430174,59.833559435023005,237,13167,NOMINAL_INDEX_FPS_ZERO_OFFSET_UNVERIFIED,511.74532586922845,590.7763512520755,591.3403167097985,20.0
R03ZF_SARF000396,R03ZF,396,13200,C:\research_raw\optical_sar_data\20260721data\derived_frames\pseudocolor_labelstudio_prep_20260722\frames\sar_pseudocolor\R03ZF\frame_000396_t013200ms.jpg,1024,592,-59.92829848430174,59.833559435023005,238,13222,NOMINAL_INDEX_FPS_ZERO_OFFSET_UNVERIFIED,511.74532586922845,590.7763512520755,591.3403167097985,20.0
R03ZF_SARF000397,R03ZF,397,13233,C:\research_raw\optical_sar_data\20260721data\derived_frames\pseudocolor_labelstudio_prep_20260722\frames\sar_pseudocolor\R03ZF\frame_000397_t013233ms.jpg,1024,592,-59.92829848430174,59.833559435023005,238,13222,NOMINAL_INDEX_FPS_ZERO_OFFSET_UNVERIFIED,511.74532586922845,590.7763512520755,591.3403167097985,20.0
R03ZF_SARF000398,R03ZF,398,13267,C:\research_raw\optical_sar_data\20260721data\derived_frames\pseudocolor_labelstudio_prep_20260722\frames\sar_pseudocolor\R03ZF\frame_000398_t013267ms.jpg,1024,592,-59.92829848430174,59.833559435023005,239,13278,NOMINAL_INDEX_FPS_ZERO_OFFSET_UNVERIFIED,511.74532586922845,590.7763512520755,591.3403167097985,20.0
R03ZF_SARF000399,R03ZF,399,13300,C:\research_raw\optical_sar_data\20260721data\derived_frames\pseudocolor_labelstudio_prep_20260722\frames\sar_pseudocolor\R03ZF\frame_000399_t013300ms.jpg,1024,592,-59.92829848430174,59.833559435023005,239,13278,NOMINAL_INDEX_FPS_ZERO_OFFSET_UNVERIFIED,511.74532586922845,590.7763512520755,591.3403167097985,20.0
R03ZF_SARF000400,R03ZF,400,13333,C:\research_raw\optical_sar_data\20260721data\derived_frames\pseudocolor_labelstudio_prep_20260722\frames\sar_pseudocolor\R03ZF\frame_000400_t013333ms.jpg,1024,592,-59.92829848430174,59.833559435023005,240,13333,NOMINAL_INDEX_FPS_ZERO_OFFSET_UNVERIFIED,511.74532586922845,590.7763512520755,591.3403167097985,20.0
R03ZF_SARF000401,R03ZF,401,13367,C:\research_raw\optical_sar_data\20260721data\derived_frames\pseudocolor_labelstudio_prep_20260722\frames\sar_pseudocolor\R03ZF\frame_000401_t013367ms.jpg,1024,592,-59.92829848430174,59.833559435023005,241,13389,NOMINAL_INDEX_FPS_ZERO_OFFSET_UNVERIFIED,511.74532586922845,590.7763512520755,591.3403167097985,20.0
R03ZF_SARF000402,R03ZF,402,13400,C:\research_raw\optical_sar_data\20260721data\derived_frames\pseudocolor_labelstudio_prep_20260722\frames\sar_pseudocolor\R03ZF\frame_000402_t013400ms.jpg,1024,592,-59.92829848430174,59.833559435023005,241,13389,NOMINAL_INDEX_FPS_ZERO_OFFSET_UNVERIFIED,511.74532586922845,590.7763512520755,591.3403167097985,20.0
R03ZF_SARF000403,R03ZF,403,13433,C:\research_raw\optical_sar_data\20260721data\derived_frames\pseudocolor_labelstudio_prep_20260722\frames\sar_pseudocolor\R03ZF\frame_000403_t013433ms.jpg,1024,592,-59.92829848430174,59.833559435023005,242,13444,NOMINAL_INDEX_FPS_ZERO_OFFSET_UNVERIFIED,511.74532586922845,590.7763512520755,591.3403167097985,20.0
R03ZF_SARF000404,R03ZF,404,13467,C:\research_raw\optical_sar_data\20260721data\derived_frames\pseudocolor_labelstudio_prep_20260722\frames\sar_pseudocolor\R03ZF\frame_000404_t013467ms.jpg,1024,592,-59.92829848430174,59.833559435023005,242,13444,NOMINAL_INDEX_FPS_ZERO_OFFSET_UNVERIFIED,511.74532586922845,590.7763512520755,591.3403167097985,20.0
R03ZF_SARF000405,R03ZF,405,13500,C:\research_raw\optical_sar_data\20260721data\derived_frames\pseudocolor_labelstudio_prep_20260722\frames\sar_pseudocolor\R03ZF\frame_000405_t013500ms.jpg,1024,592,-59.92829848430174,59.833559435023005,243,13500,NOMINAL_INDEX_FPS_ZERO_OFFSET_UNVERIFIED,511.74532586922845,590.7763512520755,591.3403167097985,20.0
R03ZF_SARF000406,R03ZF,406,13533,C:\research_raw\optical_sar_data\20260721data\derived_frames\pseudocolor_labelstudio_prep_20260722\frames\sar_pseudocolor\R03ZF\frame_000406_t013533ms.jpg,1024,592,-59.92829848430174,59.833559435023005,244,13556,NOMINAL_INDEX_FPS_ZERO_OFFSET_UNVERIFIED,511.74532586922845,590.7763512520755,591.3403167097985,20.0
R03ZF_SARF000407,R03ZF,407,13567,C:\research_raw\optical_sar_data\20260721data\derived_frames\pseudocolor_labelstudio_prep_20260722\frames\sar_pseudocolor\R03ZF\frame_000407_t013567ms.jpg,1024,592,-59.92829848430174,59.833559435023005,244,13556,NOMINAL_INDEX_FPS_ZERO_OFFSET_UNVERIFIED,511.74532586922845,590.7763512520755,591.3403167097985,20.0
R03ZF_SARF000408,R03ZF,408,13600,C:\research_raw\optical_sar_data\20260721data\derived_frames\pseudocolor_labelstudio_prep_20260722\frames\sar_pseudocolor\R03ZF\frame_000408_t013600ms.jpg,1024,592,-59.92829848430174,59.833559435023005,245,13611,NOMINAL_INDEX_FPS_ZERO_OFFSET_UNVERIFIED,511.74532586922845,590.7763512520755,591.3403167097985,20.0
R03ZF_SARF000409,R03ZF,409,13633,C:\research_raw\optical_sar_data\20260721data\derived_frames\pseudocolor_labelstudio_prep_20260722\frames\sar_pseudocolor\R03ZF\frame_000409_t013633ms.jpg,1024,592,-59.92829848430174,59.833559435023005,245,13611,NOMINAL_INDEX_FPS_ZERO_OFFSET_UNVERIFIED,511.74532586922845,590.7763512520755,591.3403167097985,20.0
R03ZF_SARF000410,R03ZF,410,13667,C:\research_raw\optical_sar_data\20260721data\derived_frames\pseudocolor_labelstudio_prep_20260722\frames\sar_pseudocolor\R03ZF\frame_000410_t013667ms.jpg,1024,592,-59.92829848430174,59.833559435023005,246,13667,NOMINAL_INDEX_FPS_ZERO_OFFSET_UNVERIFIED,511.74532586922845,590.7763512520755,591.3403167097985,20.0
R03ZF_SARF000411,R03ZF,411,13700,C:\research_raw\optical_sar_data\20260721data\derived_frames\pseudocolor_labelstudio_prep_20260722\frames\sar_pseudocolor\R03ZF\frame_000411_t013700ms.jpg,1024,592,-59.92829848430174,59.833559435023005,247,13722,NOMINAL_INDEX_FPS_ZERO_OFFSET_UNVERIFIED,511.74532586922845,590.7763512520755,591.3403167097985,20.0
R03ZF_SARF000412,R03ZF,412,13733,C:\research_raw\optical_sar_data\20260721data\derived_frames\pseudocolor_labelstudio_prep_20260722\frames\sar_pseudocolor\R03ZF\frame_000412_t013733ms.jpg,1024,592,-59.92829848430174,59.833559435023005,247,13722,NOMINAL_INDEX_FPS_ZERO_OFFSET_UNVERIFIED,511.74532586922845,590.7763512520755,591.3403167097985,20.0
R03ZF_SARF000413,R03ZF,413,13767,C:\research_raw\optical_sar_data\20260721data\derived_frames\pseudocolor_labelstudio_prep_20260722\frames\sar_pseudocolor\R03ZF\frame_000413_t013767ms.jpg,1024,592,-59.92829848430174,59.833559435023005,248,13778,NOMINAL_INDEX_FPS_ZERO_OFFSET_UNVERIFIED,511.74532586922845,590.7763512520755,591.3403167097985,20.0
R03ZF_SARF000414,R03ZF,414,13800,C:\research_raw\optical_sar_data\20260721data\derived_frames\pseudocolor_labelstudio_prep_20260722\frames\sar_pseudocolor\R03ZF\frame_000414_t013800ms.jpg,1024,592,-59.92829848430174,59.833559435023005,248,13778,NOMINAL_INDEX_FPS_ZERO_OFFSET_UNVERIFIED,511.74532586922845,590.7763512520755,591.3403167097985,20.0
R03ZF_SARF000415,R03ZF,415,13833,C:\research_raw\optical_sar_data\20260721data\derived_frames\pseudocolor_labelstudio_prep_20260722\frames\sar_pseudocolor\R03ZF\frame_000415_t013833ms.jpg,1024,592,-59.92829848430174,59.833559435023005,249,13833,NOMINAL_INDEX_FPS_ZERO_OFFSET_UNVERIFIED,511.74532586922845,590.7763512520755,591.3403167097985,20.0
R03ZF_SARF000416,R03ZF,416,13867,C:\research_raw\optical_sar_data\20260721data\derived_frames\pseudocolor_labelstudio_prep_20260722\frames\sar_pseudocolor\R03ZF\frame_000416_t013867ms.jpg,1024,592,-59.92829848430174,59.833559435023005,250,13889,NOMINAL_INDEX_FPS_ZERO_OFFSET_UNVERIFIED,511.74532586922845,590.7763512520755,591.3403167097985,20.0
R03ZF_SARF000417,R03ZF,417,13900,C:\research_raw\optical_sar_data\20260721data\derived_frames\pseudocolor_labelstudio_prep_20260722\frames\sar_pseudocolor\R03ZF\frame_000417_t013900ms.jpg,1024,592,-59.92829848430174,59.833559435023005,250,13889,NOMINAL_INDEX_FPS_ZERO_OFFSET_UNVERIFIED,511.74532586922845,590.7763512520755,591.3403167097985,20.0
R03ZF_SARF000418,R03ZF,418,13933,C:\research_raw\optical_sar_data\20260721data\derived_frames\pseudocolor_labelstudio_prep_20260722\frames\sar_pseudocolor\R03ZF\frame_000418_t013933ms.jpg,1024,592,-59.92829848430174,59.833559435023005,251,13944,NOMINAL_INDEX_FPS_ZERO_OFFSET_UNVERIFIED,511.74532586922845,590.7763512520755,591.3403167097985,20.0
R03ZF_SARF000419,R03ZF,419,13967,C:\research_raw\optical_sar_data\20260721data\derived_frames\pseudocolor_labelstudio_prep_20260722\frames\sar_pseudocolor\R03ZF\frame_000419_t013967ms.jpg,1024,592,-59.92829848430174,59.833559435023005,251,13944,NOMINAL_INDEX_FPS_ZERO_OFFSET_UNVERIFIED,511.74532586922845,590.7763512520755,591.3403167097985,20.0
R03ZF_SARF000420,R03ZF,420,14000,C:\research_raw\optical_sar_data\20260721data\derived_frames\pseudocolor_labelstudio_prep_20260722\frames\sar_pseudocolor\R03ZF\frame_000420_t014000ms.jpg,1024,592,-59.92829848430174,59.833559435023005,252,14000,NOMINAL_INDEX_FPS_ZERO_OFFSET_UNVERIFIED,511.74532586922845,590.7763512520755,591.3403167097985,20.0
R03ZF_SARF000421,R03ZF,421,14033,C:\research_raw\optical_sar_data\20260721data\derived_frames\pseudocolor_labelstudio_prep_20260722\frames\sar_pseudocolor\R03ZF\frame_000421_t014033ms.jpg,1024,592,-59.92829848430174,59.833559435023005,253,14056,NOMINAL_INDEX_FPS_ZERO_OFFSET_UNVERIFIED,511.74532586922845,590.7763512520755,591.3403167097985,20.0
R03ZF_SARF000422,R03ZF,422,14067,C:\research_raw\optical_sar_data\20260721data\derived_frames\pseudocolor_labelstudio_prep_20260722\frames\sar_pseudocolor\R03ZF\frame_000422_t014067ms.jpg,1024,592,-59.92829848430174,59.833559435023005,253,14056,NOMINAL_INDEX_FPS_ZERO_OFFSET_UNVERIFIED,511.74532586922845,590.7763512520755,591.3403167097985,20.0
R03ZF_SARF000423,R03ZF,423,14100,C:\research_raw\optical_sar_data\20260721data\derived_frames\pseudocolor_labelstudio_prep_20260722\frames\sar_pseudocolor\R03ZF\frame_000423_t014100ms.jpg,1024,592,-59.92829848430174,59.833559435023005,254,14111,NOMINAL_INDEX_FPS_ZERO_OFFSET_UNVERIFIED,511.74532586922845,590.7763512520755,591.3403167097985,20.0
R03ZF_SARF000424,R03ZF,424,14133,C:\research_raw\optical_sar_data\20260721data\derived_frames\pseudocolor_labelstudio_prep_20260722\frames\sar_pseudocolor\R03ZF\frame_000424_t014133ms.jpg,1024,592,-59.92829848430174,59.833559435023005,254,14111,NOMINAL_INDEX_FPS_ZERO_OFFSET_UNVERIFIED,511.74532586922845,590.7763512520755,591.3403167097985,20.0
R03ZF_SARF000425,R03ZF,425,14167,C:\research_raw\optical_sar_data\20260721data\derived_frames\pseudocolor_labelstudio_prep_20260722\frames\sar_pseudocolor\R03ZF\frame_000425_t014167ms.jpg,1024,592,-59.92829848430174,59.833559435023005,255,14167,NOMINAL_INDEX_FPS_ZERO_OFFSET_UNVERIFIED,511.74532586922845,590.7763512520755,591.3403167097985,20.0
R03ZF_SARF000426,R03ZF,426,14200,C:\research_raw\optical_sar_data\20260721data\derived_frames\pseudocolor_labelstudio_prep_20260722\frames\sar_pseudocolor\R03ZF\frame_000426_t014200ms.jpg,1024,592,-59.92829848430174,59.833559435023005,256,14222,NOMINAL_INDEX_FPS_ZERO_OFFSET_UNVERIFIED,511.74532586922845,590.7763512520755,591.3403167097985,20.0
R03ZF_SARF000427,R03ZF,427,14233,C:\research_raw\optical_sar_data\20260721data\derived_frames\pseudocolor_labelstudio_prep_20260722\frames\sar_pseudocolor\R03ZF\frame_000427_t014233ms.jpg,1024,592,-59.92829848430174,59.833559435023005,256,14222,NOMINAL_INDEX_FPS_ZERO_OFFSET_UNVERIFIED,511.74532586922845,590.7763512520755,591.3403167097985,20.0
R03ZF_SARF000428,R03ZF,428,14267,C:\research_raw\optical_sar_data\20260721data\derived_frames\pseudocolor_labelstudio_prep_20260722\frames\sar_pseudocolor\R03ZF\frame_000428_t014267ms.jpg,1024,592,-59.92829848430174,59.833559435023005,257,14278,NOMINAL_INDEX_FPS_ZERO_OFFSET_UNVERIFIED,511.74532586922845,590.7763512520755,591.3403167097985,20.0
R03ZF_SARF000429,R03ZF,429,14300,C:\research_raw\optical_sar_data\20260721data\derived_frames\pseudocolor_labelstudio_prep_20260722\frames\sar_pseudocolor\R03ZF\frame_000429_t014300ms.jpg,1024,592,-59.92829848430174,59.833559435023005,257,14278,NOMINAL_INDEX_FPS_ZERO_OFFSET_UNVERIFIED,511.74532586922845,590.7763512520755,591.3403167097985,20.0
R03ZF_SARF000430,R03ZF,430,14333,C:\research_raw\optical_sar_data\20260721data\derived_frames\pseudocolor_labelstudio_prep_20260722\frames\sar_pseudocolor\R03ZF\frame_000430_t014333ms.jpg,1024,592,-59.92829848430174,59.833559435023005,258,14333,NOMINAL_INDEX_FPS_ZERO_OFFSET_UNVERIFIED,511.74532586922845,590.7763512520755,591.3403167097985,20.0
R03ZF_SARF000431,R03ZF,431,14367,C:\research_raw\optical_sar_data\20260721data\derived_frames\pseudocolor_labelstudio_prep_20260722\frames\sar_pseudocolor\R03ZF\frame_000431_t014367ms.jpg,1024,592,-59.92829848430174,59.833559435023005,259,14389,NOMINAL_INDEX_FPS_ZERO_OFFSET_UNVERIFIED,511.74532586922845,590.7763512520755,591.3403167097985,20.0
R03ZF_SARF000432,R03ZF,432,14400,C:\research_raw\optical_sar_data\20260721data\derived_frames\pseudocolor_labelstudio_prep_20260722\frames\sar_pseudocolor\R03ZF\frame_000432_t014400ms.jpg,1024,592,-59.92829848430174,59.833559435023005,259,14389,NOMINAL_INDEX_FPS_ZERO_OFFSET_UNVERIFIED,511.74532586922845,590.7763512520755,591.3403167097985,20.0
R03ZF_SARF000433,R03ZF,433,14433,C:\research_raw\optical_sar_data\20260721data\derived_frames\pseudocolor_labelstudio_prep_20260722\frames\sar_pseudocolor\R03ZF\frame_000433_t014433ms.jpg,1024,592,-59.92829848430174,59.833559435023005,260,14444,NOMINAL_INDEX_FPS_ZERO_OFFSET_UNVERIFIED,511.74532586922845,590.7763512520755,591.3403167097985,20.0
R03ZF_SARF000434,R03ZF,434,14467,C:\research_raw\optical_sar_data\20260721data\derived_frames\pseudocolor_labelstudio_prep_20260722\frames\sar_pseudocolor\R03ZF\frame_000434_t014467ms.jpg,1024,592,-59.92829848430174,59.833559435023005,260,14444,NOMINAL_INDEX_FPS_ZERO_OFFSET_UNVERIFIED,511.74532586922845,590.7763512520755,591.3403167097985,20.0
R03ZF_SARF000435,R03ZF,435,14500,C:\research_raw\optical_sar_data\20260721data\derived_frames\pseudocolor_labelstudio_prep_20260722\frames\sar_pseudocolor\R03ZF\frame_000435_t014500ms.jpg,1024,592,-59.92829848430174,59.833559435023005,261,14500,NOMINAL_INDEX_FPS_ZERO_OFFSET_UNVERIFIED,511.74532586922845,590.7763512520755,591.3403167097985,20.0
R03ZF_SARF000436,R03ZF,436,14533,C:\research_raw\optical_sar_data\20260721data\derived_frames\pseudocolor_labelstudio_prep_20260722\frames\sar_pseudocolor\R03ZF\frame_000436_t014533ms.jpg,1024,592,-59.92829848430174,59.833559435023005,262,14556,NOMINAL_INDEX_FPS_ZERO_OFFSET_UNVERIFIED,511.74532586922845,590.7763512520755,591.3403167097985,20.0
R03ZF_SARF000437,R03ZF,437,14567,C:\research_raw\optical_sar_data\20260721data\derived_frames\pseudocolor_labelstudio_prep_20260722\frames\sar_pseudocolor\R03ZF\frame_000437_t014567ms.jpg,1024,592,-59.92829848430174,59.833559435023005,262,14556,NOMINAL_INDEX_FPS_ZERO_OFFSET_UNVERIFIED,511.74532586922845,590.7763512520755,591.3403167097985,20.0
R03ZF_SARF000438,R03ZF,438,14600,C:\research_raw\optical_sar_data\20260721data\derived_frames\pseudocolor_labelstudio_prep_20260722\frames\sar_pseudocolor\R03ZF\frame_000438_t014600ms.jpg,1024,592,-59.92829848430174,59.833559435023005,263,14611,NOMINAL_INDEX_FPS_ZERO_OFFSET_UNVERIFIED,511.74532586922845,590.7763512520755,591.3403167097985,20.0
R03ZF_SARF000439,R03ZF,439,14633,C:\research_raw\optical_sar_data\20260721data\derived_frames\pseudocolor_labelstudio_prep_20260722\frames\sar_pseudocolor\R03ZF\frame_000439_t014633ms.jpg,1024,592,-59.92829848430174,59.833559435023005,263,14611,NOMINAL_INDEX_FPS_ZERO_OFFSET_UNVERIFIED,511.74532586922845,590.7763512520755,591.3403167097985,20.0
R03ZF_SARF000440,R03ZF,440,14667,C:\research_raw\optical_sar_data\20260721data\derived_frames\pseudocolor_labelstudio_prep_20260722\frames\sar_pseudocolor\R03ZF\frame_000440_t014667ms.jpg,1024,592,-59.92829848430174,59.833559435023005,264,14667,NOMINAL_INDEX_FPS_ZERO_OFFSET_UNVERIFIED,511.74532586922845,590.7763512520755,591.3403167097985,20.0
R03ZF_SARF000441,R03ZF,441,14700,C:\research_raw\optical_sar_data\20260721data\derived_frames\pseudocolor_labelstudio_prep_20260722\frames\sar_pseudocolor\R03ZF\frame_000441_t014700ms.jpg,1024,592,-59.92829848430174,59.833559435023005,265,14722,NOMINAL_INDEX_FPS_ZERO_OFFSET_UNVERIFIED,511.74532586922845,590.7763512520755,591.3403167097985,20.0
R03ZF_SARF000442,R03ZF,442,14733,C:\research_raw\optical_sar_data\20260721data\derived_frames\pseudocolor_labelstudio_prep_20260722\frames\sar_pseudocolor\R03ZF\frame_000442_t014733ms.jpg,1024,592,-59.92829848430174,59.833559435023005,265,14722,NOMINAL_INDEX_FPS_ZERO_OFFSET_UNVERIFIED,511.74532586922845,590.7763512520755,591.3403167097985,20.0
R03ZF_SARF000443,R03ZF,443,14767,C:\research_raw\optical_sar_data\20260721data\derived_frames\pseudocolor_labelstudio_prep_20260722\frames\sar_pseudocolor\R03ZF\frame_000443_t014767ms.jpg,1024,592,-59.92829848430174,59.833559435023005,266,14778,NOMINAL_INDEX_FPS_ZERO_OFFSET_UNVERIFIED,511.74532586922845,590.7763512520755,591.3403167097985,20.0
R03ZF_SARF000444,R03ZF,444,14800,C:\research_raw\optical_sar_data\20260721data\derived_frames\pseudocolor_labelstudio_prep_20260722\frames\sar_pseudocolor\R03ZF\frame_000444_t014800ms.jpg,1024,592,-59.92829848430174,59.833559435023005,266,14778,NOMINAL_INDEX_FPS_ZERO_OFFSET_UNVERIFIED,511.74532586922845,590.7763512520755,591.3403167097985,20.0
R03ZF_SARF000445,R03ZF,445,14833,C:\research_raw\optical_sar_data\20260721data\derived_frames\pseudocolor_labelstudio_prep_20260722\frames\sar_pseudocolor\R03ZF\frame_000445_t014833ms.jpg,1024,592,-59.92829848430174,59.833559435023005,267,14833,NOMINAL_INDEX_FPS_ZERO_OFFSET_UNVERIFIED,511.74532586922845,590.7763512520755,591.3403167097985,20.0
R03ZF_SARF000446,R03ZF,446,14867,C:\research_raw\optical_sar_data\20260721data\derived_frames\pseudocolor_labelstudio_prep_20260722\frames\sar_pseudocolor\R03ZF\frame_000446_t014867ms.jpg,1024,592,-59.92829848430174,59.833559435023005,268,14889,NOMINAL_INDEX_FPS_ZERO_OFFSET_UNVERIFIED,511.74532586922845,590.7763512520755,591.3403167097985,20.0
R03ZF_SARF000447,R03ZF,447,14900,C:\research_raw\optical_sar_data\20260721data\derived_frames\pseudocolor_labelstudio_prep_20260722\frames\sar_pseudocolor\R03ZF\frame_000447_t014900ms.jpg,1024,592,-59.92829848430174,59.833559435023005,268,14889,NOMINAL_INDEX_FPS_ZERO_OFFSET_UNVERIFIED,511.74532586922845,590.7763512520755,591.3403167097985,20.0
R03ZF_SARF000448,R03ZF,448,14933,C:\research_raw\optical_sar_data\20260721data\derived_frames\pseudocolor_labelstudio_prep_20260722\frames\sar_pseudocolor\R03ZF\frame_000448_t014933ms.jpg,1024,592,-59.92829848430174,59.833559435023005,269,14944,NOMINAL_INDEX_FPS_ZERO_OFFSET_UNVERIFIED,511.74532586922845,590.7763512520755,591.3403167097985,20.0
R03ZF_SARF000449,R03ZF,449,14967,C:\research_raw\optical_sar_data\20260721data\derived_frames\pseudocolor_labelstudio_prep_20260722\frames\sar_pseudocolor\R03ZF\frame_000449_t014967ms.jpg,1024,592,-59.92829848430174,59.833559435023005,269,14944,NOMINAL_INDEX_FPS_ZERO_OFFSET_UNVERIFIED,511.74532586922845,590.7763512520755,591.3403167097985,20.0
R03ZF_SARF000450,R03ZF,450,15000,C:\research_raw\optical_sar_data\20260721data\derived_frames\pseudocolor_labelstudio_prep_20260722\frames\sar_pseudocolor\R03ZF\frame_000450_t015000ms.jpg,1024,592,-59.92829848430174,59.833559435023005,270,15000,NOMINAL_INDEX_FPS_ZERO_OFFSET_UNVERIFIED,511.74532586922845,590.7763512520755,591.3403167097985,20.0
R03ZF_SARF000451,R03ZF,451,15033,C:\research_raw\optical_sar_data\20260721data\derived_frames\pseudocolor_labelstudio_prep_20260722\frames\sar_pseudocolor\R03ZF\frame_000451_t015033ms.jpg,1024,592,-59.92829848430174,59.833559435023005,271,15056,NOMINAL_INDEX_FPS_ZERO_OFFSET_UNVERIFIED,511.74532586922845,590.7763512520755,591.3403167097985,20.0
R03ZF_SARF000452,R03ZF,452,15067,C:\research_raw\optical_sar_data\20260721data\derived_frames\pseudocolor_labelstudio_prep_20260722\frames\sar_pseudocolor\R03ZF\frame_000452_t015067ms.jpg,1024,592,-59.92829848430174,59.833559435023005,271,15056,NOMINAL_INDEX_FPS_ZERO_OFFSET_UNVERIFIED,511.74532586922845,590.7763512520755,591.3403167097985,20.0
R03ZF_SARF000453,R03ZF,453,15100,C:\research_raw\optical_sar_data\20260721data\derived_frames\pseudocolor_labelstudio_prep_20260722\frames\sar_pseudocolor\R03ZF\frame_000453_t015100ms.jpg,1024,592,-59.92829848430174,59.833559435023005,272,15111,NOMINAL_INDEX_FPS_ZERO_OFFSET_UNVERIFIED,511.74532586922845,590.7763512520755,591.3403167097985,20.0
R03ZF_SARF000454,R03ZF,454,15133,C:\research_raw\optical_sar_data\20260721data\derived_frames\pseudocolor_labelstudio_prep_20260722\frames\sar_pseudocolor\R03ZF\frame_000454_t015133ms.jpg,1024,592,-59.92829848430174,59.833559435023005,272,15111,NOMINAL_INDEX_FPS_ZERO_OFFSET_UNVERIFIED,511.74532586922845,590.7763512520755,591.3403167097985,20.0
R03ZF_SARF000455,R03ZF,455,15167,C:\research_raw\optical_sar_data\20260721data\derived_frames\pseudocolor_labelstudio_prep_20260722\frames\sar_pseudocolor\R03ZF\frame_000455_t015167ms.jpg,1024,592,-59.92829848430174,59.833559435023005,273,15167,NOMINAL_INDEX_FPS_ZERO_OFFSET_UNVERIFIED,511.74532586922845,590.7763512520755,591.3403167097985,20.0
R03ZF_SARF000456,R03ZF,456,15200,C:\research_raw\optical_sar_data\20260721data\derived_frames\pseudocolor_labelstudio_prep_20260722\frames\sar_pseudocolor\R03ZF\frame_000456_t015200ms.jpg,1024,592,-59.92829848430174,59.833559435023005,274,15222,NOMINAL_INDEX_FPS_ZERO_OFFSET_UNVERIFIED,511.74532586922845,590.7763512520755,591.3403167097985,20.0
R03ZF_SARF000457,R03ZF,457,15233,C:\research_raw\optical_sar_data\20260721data\derived_frames\pseudocolor_labelstudio_prep_20260722\frames\sar_pseudocolor\R03ZF\frame_000457_t015233ms.jpg,1024,592,-59.92829848430174,59.833559435023005,274,15222,NOMINAL_INDEX_FPS_ZERO_OFFSET_UNVERIFIED,511.74532586922845,590.7763512520755,591.3403167097985,20.0
R03ZF_SARF000458,R03ZF,458,15267,C:\research_raw\optical_sar_data\20260721data\derived_frames\pseudocolor_labelstudio_prep_20260722\frames\sar_pseudocolor\R03ZF\frame_000458_t015267ms.jpg,1024,592,-59.92829848430174,59.833559435023005,275,15278,NOMINAL_INDEX_FPS_ZERO_OFFSET_UNVERIFIED,511.74532586922845,590.7763512520755,591.3403167097985,20.0
R03ZF_SARF000459,R03ZF,459,15300,C:\research_raw\optical_sar_data\20260721data\derived_frames\pseudocolor_labelstudio_prep_20260722\frames\sar_pseudocolor\R03ZF\frame_000459_t015300ms.jpg,1024,592,-59.92829848430174,59.833559435023005,275,15278,NOMINAL_INDEX_FPS_ZERO_OFFSET_UNVERIFIED,511.74532586922845,590.7763512520755,591.3403167097985,20.0
R03ZF_SARF000460,R03ZF,460,15333,C:\research_raw\optical_sar_data\20260721data\derived_frames\pseudocolor_labelstudio_prep_20260722\frames\sar_pseudocolor\R03ZF\frame_000460_t015333ms.jpg,1024,592,-59.92829848430174,59.833559435023005,276,15333,NOMINAL_INDEX_FPS_ZERO_OFFSET_UNVERIFIED,511.74532586922845,590.7763512520755,591.3403167097985,20.0
R03ZF_SARF000461,R03ZF,461,15367,C:\research_raw\optical_sar_data\20260721data\derived_frames\pseudocolor_labelstudio_prep_20260722\frames\sar_pseudocolor\R03ZF\frame_000461_t015367ms.jpg,1024,592,-59.92829848430174,59.833559435023005,277,15389,NOMINAL_INDEX_FPS_ZERO_OFFSET_UNVERIFIED,511.74532586922845,590.7763512520755,591.3403167097985,20.0
R03ZF_SARF000462,R03ZF,462,15400,C:\research_raw\optical_sar_data\20260721data\derived_frames\pseudocolor_labelstudio_prep_20260722\frames\sar_pseudocolor\R03ZF\frame_000462_t015400ms.jpg,1024,592,-59.92829848430174,59.833559435023005,277,15389,NOMINAL_INDEX_FPS_ZERO_OFFSET_UNVERIFIED,511.74532586922845,590.7763512520755,591.3403167097985,20.0
R03ZF_SARF000463,R03ZF,463,15433,C:\research_raw\optical_sar_data\20260721data\derived_frames\pseudocolor_labelstudio_prep_20260722\frames\sar_pseudocolor\R03ZF\frame_000463_t015433ms.jpg,1024,592,-59.92829848430174,59.833559435023005,278,15444,NOMINAL_INDEX_FPS_ZERO_OFFSET_UNVERIFIED,511.74532586922845,590.7763512520755,591.3403167097985,20.0
R03ZF_SARF000464,R03ZF,464,15467,C:\research_raw\optical_sar_data\20260721data\derived_frames\pseudocolor_labelstudio_prep_20260722\frames\sar_pseudocolor\R03ZF\frame_000464_t015467ms.jpg,1024,592,-59.92829848430174,59.833559435023005,278,15444,NOMINAL_INDEX_FPS_ZERO_OFFSET_UNVERIFIED,511.74532586922845,590.7763512520755,591.3403167097985,20.0
R03ZF_SARF000465,R03ZF,465,15500,C:\research_raw\optical_sar_data\20260721data\derived_frames\pseudocolor_labelstudio_prep_20260722\frames\sar_pseudocolor\R03ZF\frame_000465_t015500ms.jpg,1024,592,-59.92829848430174,59.833559435023005,279,15500,NOMINAL_INDEX_FPS_ZERO_OFFSET_UNVERIFIED,511.74532586922845,590.7763512520755,591.3403167097985,20.0
R03ZF_SARF000466,R03ZF,466,15533,C:\research_raw\optical_sar_data\20260721data\derived_frames\pseudocolor_labelstudio_prep_20260722\frames\sar_pseudocolor\R03ZF\frame_000466_t015533ms.jpg,1024,592,-59.92829848430174,59.833559435023005,280,15556,NOMINAL_INDEX_FPS_ZERO_OFFSET_UNVERIFIED,511.74532586922845,590.7763512520755,591.3403167097985,20.0
R03ZF_SARF000467,R03ZF,467,15567,C:\research_raw\optical_sar_data\20260721data\derived_frames\pseudocolor_labelstudio_prep_20260722\frames\sar_pseudocolor\R03ZF\frame_000467_t015567ms.jpg,1024,592,-59.92829848430174,59.833559435023005,280,15556,NOMINAL_INDEX_FPS_ZERO_OFFSET_UNVERIFIED,511.74532586922845,590.7763512520755,591.3403167097985,20.0
R03ZF_SARF000468,R03ZF,468,15600,C:\research_raw\optical_sar_data\20260721data\derived_frames\pseudocolor_labelstudio_prep_20260722\frames\sar_pseudocolor\R03ZF\frame_000468_t015600ms.jpg,1024,592,-59.92829848430174,59.833559435023005,281,15611,NOMINAL_INDEX_FPS_ZERO_OFFSET_UNVERIFIED,511.74532586922845,590.7763512520755,591.3403167097985,20.0
R03ZF_SARF000469,R03ZF,469,15633,C:\research_raw\optical_sar_data\20260721data\derived_frames\pseudocolor_labelstudio_prep_20260722\frames\sar_pseudocolor\R03ZF\frame_000469_t015633ms.jpg,1024,592,-59.92829848430174,59.833559435023005,281,15611,NOMINAL_INDEX_FPS_ZERO_OFFSET_UNVERIFIED,511.74532586922845,590.7763512520755,591.3403167097985,20.0
R03ZF_SARF000470,R03ZF,470,15667,C:\research_raw\optical_sar_data\20260721data\derived_frames\pseudocolor_labelstudio_prep_20260722\frames\sar_pseudocolor\R03ZF\frame_000470_t015667ms.jpg,1024,592,-59.92829848430174,59.833559435023005,282,15667,NOMINAL_INDEX_FPS_ZERO_OFFSET_UNVERIFIED,511.74532586922845,590.7763512520755,591.3403167097985,20.0
R03ZF_SARF000471,R03ZF,471,15700,C:\research_raw\optical_sar_data\20260721data\derived_frames\pseudocolor_labelstudio_prep_20260722\frames\sar_pseudocolor\R03ZF\frame_000471_t015700ms.jpg,1024,592,-59.92829848430174,59.833559435023005,283,15722,NOMINAL_INDEX_FPS_ZERO_OFFSET_UNVERIFIED,511.74532586922845,590.7763512520755,591.3403167097985,20.0
R03ZF_SARF000472,R03ZF,472,15733,C:\research_raw\optical_sar_data\20260721data\derived_frames\pseudocolor_labelstudio_prep_20260722\frames\sar_pseudocolor\R03ZF\frame_000472_t015733ms.jpg,1024,592,-59.92829848430174,59.833559435023005,283,15722,NOMINAL_INDEX_FPS_ZERO_OFFSET_UNVERIFIED,511.74532586922845,590.7763512520755,591.3403167097985,20.0
R03ZF_SARF000473,R03ZF,473,15767,C:\research_raw\optical_sar_data\20260721data\derived_frames\pseudocolor_labelstudio_prep_20260722\frames\sar_pseudocolor\R03ZF\frame_000473_t015767ms.jpg,1024,592,-59.92829848430174,59.833559435023005,284,15778,NOMINAL_INDEX_FPS_ZERO_OFFSET_UNVERIFIED,511.74532586922845,590.7763512520755,591.3403167097985,20.0
R03ZF_SARF000474,R03ZF,474,15800,C:\research_raw\optical_sar_data\20260721data\derived_frames\pseudocolor_labelstudio_prep_20260722\frames\sar_pseudocolor\R03ZF\frame_000474_t015800ms.jpg,1024,592,-59.92829848430174,59.833559435023005,284,15778,NOMINAL_INDEX_FPS_ZERO_OFFSET_UNVERIFIED,511.74532586922845,590.7763512520755,591.3403167097985,20.0
R03ZF_SARF000475,R03ZF,475,15833,C:\research_raw\optical_sar_data\20260721data\derived_frames\pseudocolor_labelstudio_prep_20260722\frames\sar_pseudocolor\R03ZF\frame_000475_t015833ms.jpg,1024,592,-59.92829848430174,59.833559435023005,285,15833,NOMINAL_INDEX_FPS_ZERO_OFFSET_UNVERIFIED,511.74532586922845,590.7763512520755,591.3403167097985,20.0
R03ZF_SARF000476,R03ZF,476,15867,C:\research_raw\optical_sar_data\20260721data\derived_frames\pseudocolor_labelstudio_prep_20260722\frames\sar_pseudocolor\R03ZF\frame_000476_t015867ms.jpg,1024,592,-59.92829848430174,59.833559435023005,286,15889,NOMINAL_INDEX_FPS_ZERO_OFFSET_UNVERIFIED,511.74532586922845,590.7763512520755,591.3403167097985,20.0
R03ZF_SARF000477,R03ZF,477,15900,C:\research_raw\optical_sar_data\20260721data\derived_frames\pseudocolor_labelstudio_prep_20260722\frames\sar_pseudocolor\R03ZF\frame_000477_t015900ms.jpg,1024,592,-59.92829848430174,59.833559435023005,286,15889,NOMINAL_INDEX_FPS_ZERO_OFFSET_UNVERIFIED,511.74532586922845,590.7763512520755,591.3403167097985,20.0
R03ZF_SARF000478,R03ZF,478,15933,C:\research_raw\optical_sar_data\20260721data\derived_frames\pseudocolor_labelstudio_prep_20260722\frames\sar_pseudocolor\R03ZF\frame_000478_t015933ms.jpg,1024,592,-59.92829848430174,59.833559435023005,287,15944,NOMINAL_INDEX_FPS_ZERO_OFFSET_UNVERIFIED,511.74532586922845,590.7763512520755,591.3403167097985,20.0
R03ZF_SARF000479,R03ZF,479,15967,C:\research_raw\optical_sar_data\20260721data\derived_frames\pseudocolor_labelstudio_prep_20260722\frames\sar_pseudocolor\R03ZF\frame_000479_t015967ms.jpg,1024,592,-59.92829848430174,59.833559435023005,287,15944,NOMINAL_INDEX_FPS_ZERO_OFFSET_UNVERIFIED,511.74532586922845,590.7763512520755,591.3403167097985,20.0
R03ZF_SARF000480,R03ZF,480,16000,C:\research_raw\optical_sar_data\20260721data\derived_frames\pseudocolor_labelstudio_prep_20260722\frames\sar_pseudocolor\R03ZF\frame_000480_t016000ms.jpg,1024,592,-59.92829848430174,59.833559435023005,288,16000,NOMINAL_INDEX_FPS_ZERO_OFFSET_UNVERIFIED,511.74532586922845,590.7763512520755,591.3403167097985,20.0
R03ZF_SARF000481,R03ZF,481,16033,C:\research_raw\optical_sar_data\20260721data\derived_frames\pseudocolor_labelstudio_prep_20260722\frames\sar_pseudocolor\R03ZF\frame_000481_t016033ms.jpg,1024,592,-59.92829848430174,59.833559435023005,289,16056,NOMINAL_INDEX_FPS_ZERO_OFFSET_UNVERIFIED,511.74532586922845,590.7763512520755,591.3403167097985,20.0
R03ZF_SARF000482,R03ZF,482,16067,C:\research_raw\optical_sar_data\20260721data\derived_frames\pseudocolor_labelstudio_prep_20260722\frames\sar_pseudocolor\R03ZF\frame_000482_t016067ms.jpg,1024,592,-59.92829848430174,59.833559435023005,289,16056,NOMINAL_INDEX_FPS_ZERO_OFFSET_UNVERIFIED,511.74532586922845,590.7763512520755,591.3403167097985,20.0
R03ZF_SARF000483,R03ZF,483,16100,C:\research_raw\optical_sar_data\20260721data\derived_frames\pseudocolor_labelstudio_prep_20260722\frames\sar_pseudocolor\R03ZF\frame_000483_t016100ms.jpg,1024,592,-59.92829848430174,59.833559435023005,290,16111,NOMINAL_INDEX_FPS_ZERO_OFFSET_UNVERIFIED,511.74532586922845,590.7763512520755,591.3403167097985,20.0
R03ZF_SARF000484,R03ZF,484,16133,C:\research_raw\optical_sar_data\20260721data\derived_frames\pseudocolor_labelstudio_prep_20260722\frames\sar_pseudocolor\R03ZF\frame_000484_t016133ms.jpg,1024,592,-59.92829848430174,59.833559435023005,290,16111,NOMINAL_INDEX_FPS_ZERO_OFFSET_UNVERIFIED,511.74532586922845,590.7763512520755,591.3403167097985,20.0
R03ZF_SARF000485,R03ZF,485,16167,C:\research_raw\optical_sar_data\20260721data\derived_frames\pseudocolor_labelstudio_prep_20260722\frames\sar_pseudocolor\R03ZF\frame_000485_t016167ms.jpg,1024,592,-59.92829848430174,59.833559435023005,291,16167,NOMINAL_INDEX_FPS_ZERO_OFFSET_UNVERIFIED,511.74532586922845,590.7763512520755,591.3403167097985,20.0
R03ZF_SARF000486,R03ZF,486,16200,C:\research_raw\optical_sar_data\20260721data\derived_frames\pseudocolor_labelstudio_prep_20260722\frames\sar_pseudocolor\R03ZF\frame_000486_t016200ms.jpg,1024,592,-59.92829848430174,59.833559435023005,292,16222,NOMINAL_INDEX_FPS_ZERO_OFFSET_UNVERIFIED,511.74532586922845,590.7763512520755,591.3403167097985,20.0
R03ZF_SARF000487,R03ZF,487,16233,C:\research_raw\optical_sar_data\20260721data\derived_frames\pseudocolor_labelstudio_prep_20260722\frames\sar_pseudocolor\R03ZF\frame_000487_t016233ms.jpg,1024,592,-59.92829848430174,59.833559435023005,292,16222,NOMINAL_INDEX_FPS_ZERO_OFFSET_UNVERIFIED,511.74532586922845,590.7763512520755,591.3403167097985,20.0
R03ZF_SARF000488,R03ZF,488,16267,C:\research_raw\optical_sar_data\20260721data\derived_frames\pseudocolor_labelstudio_prep_20260722\frames\sar_pseudocolor\R03ZF\frame_000488_t016267ms.jpg,1024,592,-59.92829848430174,59.833559435023005,293,16278,NOMINAL_INDEX_FPS_ZERO_OFFSET_UNVERIFIED,511.74532586922845,590.7763512520755,591.3403167097985,20.0
R03ZF_SARF000489,R03ZF,489,16300,C:\research_raw\optical_sar_data\20260721data\derived_frames\pseudocolor_labelstudio_prep_20260722\frames\sar_pseudocolor\R03ZF\frame_000489_t016300ms.jpg,1024,592,-59.92829848430174,59.833559435023005,293,16278,NOMINAL_INDEX_FPS_ZERO_OFFSET_UNVERIFIED,511.74532586922845,590.7763512520755,591.3403167097985,20.0
R03ZF_SARF000490,R03ZF,490,16333,C:\research_raw\optical_sar_data\20260721data\derived_frames\pseudocolor_labelstudio_prep_20260722\frames\sar_pseudocolor\R03ZF\frame_000490_t016333ms.jpg,1024,592,-59.92829848430174,59.833559435023005,294,16333,NOMINAL_INDEX_FPS_ZERO_OFFSET_UNVERIFIED,511.74532586922845,590.7763512520755,591.3403167097985,20.0
R03ZF_SARF000491,R03ZF,491,16367,C:\research_raw\optical_sar_data\20260721data\derived_frames\pseudocolor_labelstudio_prep_20260722\frames\sar_pseudocolor\R03ZF\frame_000491_t016367ms.jpg,1024,592,-59.92829848430174,59.833559435023005,295,16389,NOMINAL_INDEX_FPS_ZERO_OFFSET_UNVERIFIED,511.74532586922845,590.7763512520755,591.3403167097985,20.0
R03ZF_SARF000492,R03ZF,492,16400,C:\research_raw\optical_sar_data\20260721data\derived_frames\pseudocolor_labelstudio_prep_20260722\frames\sar_pseudocolor\R03ZF\frame_000492_t016400ms.jpg,1024,592,-59.92829848430174,59.833559435023005,295,16389,NOMINAL_INDEX_FPS_ZERO_OFFSET_UNVERIFIED,511.74532586922845,590.7763512520755,591.3403167097985,20.0
R03ZF_SARF000493,R03ZF,493,16433,C:\research_raw\optical_sar_data\20260721data\derived_frames\pseudocolor_labelstudio_prep_20260722\frames\sar_pseudocolor\R03ZF\frame_000493_t016433ms.jpg,1024,592,-59.92829848430174,59.833559435023005,296,16444,NOMINAL_INDEX_FPS_ZERO_OFFSET_UNVERIFIED,511.74532586922845,590.7763512520755,591.3403167097985,20.0
R03ZF_SARF000494,R03ZF,494,16467,C:\research_raw\optical_sar_data\20260721data\derived_frames\pseudocolor_labelstudio_prep_20260722\frames\sar_pseudocolor\R03ZF\frame_000494_t016467ms.jpg,1024,592,-59.92829848430174,59.833559435023005,296,16444,NOMINAL_INDEX_FPS_ZERO_OFFSET_UNVERIFIED,511.74532586922845,590.7763512520755,591.3403167097985,20.0
