run_id,mode,frame_index,hypothesis_id,runtime_optical_fragment_id,active_optical_hypothesis_count,candidate_sar_family_count,candidate_physical_region_count,anchor_status,anchor_reason,no_optical_control_frame_with_one_q95_region_in_same_corridor_count,no_optical_control_frame_with_any_q95_region_in_same_corridor_count,independent_runtime_range_support_available,confirmed_cross_modal_identity_claimed
R01ZF,CAUSAL_REPLAY,2,TERGR2H_4988772BAC24EBCC8B2E,R01ZF_REUSED_R01ZF_PERSON001,2,9,10,REJECTED_ANCHOR,MULTIPLE_ACTIVE_OPTICAL_HYPOTHESES,0,0,False,False
R01ZF,CAUSAL_REPLAY,3,TERGR2H_4988772BAC24EBCC8B2E,R01ZF_REUSED_R01ZF_PERSON001,2,8,9,REJECTED_ANCHOR,MULTIPLE_ACTIVE_OPTICAL_HYPOTHESES,0,0,False,False
R01ZF,CAUSAL_REPLAY,4,TERGR2H_4988772BAC24EBCC8B2E,R01ZF_REUSED_R01ZF_PERSON001,2,9,9,REJECTED_ANCHOR,MULTIPLE_ACTIVE_OPTICAL_HYPOTHESES,0,0,False,False
R01ZF,CAUSAL_REPLAY,5,TERGR2H_4988772BAC24EBCC8B2E,R01ZF_REUSED_R01ZF_PERSON001,2,13,13,REJECTED_ANCHOR,MULTIPLE_ACTIVE_OPTICAL_HYPOTHESES,0,0,False,False
R01ZF,CAUSAL_REPLAY,6,TERGR2H_4988772BAC24EBCC8B2E,R01ZF_REUSED_R01ZF_PERSON001,2,11,11,REJECTED_ANCHOR,MULTIPLE_ACTIVE_OPTICAL_HYPOTHESES,0,0,False,False
R01ZF,CAUSAL_REPLAY,7,TERGR2H_4988772BAC24EBCC8B2E,R01ZF_REUSED_R01ZF_PERSON001,2,12,12,REJECTED_ANCHOR,MULTIPLE_ACTIVE_OPTICAL_HYPOTHESES,0,0,False,False
R01ZF,CAUSAL_REPLAY,8,TERGR2H_4988772BAC24EBCC8B2E,R01ZF_REUSED_R01ZF_PERSON001,2,11,11,REJECTED_ANCHOR,MULTIPLE_ACTIVE_OPTICAL_HYPOTHESES,0,0,False,False
R01ZF,CAUSAL_REPLAY,9,TERGR2H_4988772BAC24EBCC8B2E,R01ZF_REUSED_R01ZF_PERSON001,2,16,17,REJECTED_ANCHOR,MULTIPLE_ACTIVE_OPTICAL_HYPOTHESES,0,0,False,False
R01ZF,CAUSAL_REPLAY,10,TERGR2H_4988772BAC24EBCC8B2E,R01ZF_REUSED_R01ZF_PERSON001,2,15,16,REJECTED_ANCHOR,MULTIPLE_ACTIVE_OPTICAL_HYPOTHESES,0,0,False,False
R01ZF,CAUSAL_REPLAY,11,TERGR2H_4988772BAC24EBCC8B2E,R01ZF_REUSED_R01ZF_PERSON001,2,17,19,REJECTED_ANCHOR,MULTIPLE_ACTIVE_OPTICAL_HYPOTHESES,0,0,False,False
R01ZF,CAUSAL_REPLAY,12,TERGR2H_4988772BAC24EBCC8B2E,R01ZF_REUSED_R01ZF_PERSON001,2,22,24,REJECTED_ANCHOR,MULTIPLE_ACTIVE_OPTICAL_HYPOTHESES,0,0,False,False
R01ZF,CAUSAL_REPLAY,13,TERGR2H_4988772BAC24EBCC8B2E,R01ZF_REUSED_R01ZF_PERSON001,2,18,18,REJECTED_ANCHOR,MULTIPLE_ACTIVE_OPTICAL_HYPOTHESES,0,0,False,False
R01ZF,CAUSAL_REPLAY,14,TERGR2H_4988772BAC24EBCC8B2E,R01ZF_REUSED_R01ZF_PERSON001,2,22,23,REJECTED_ANCHOR,MULTIPLE_ACTIVE_OPTICAL_HYPOTHESES,0,0,False,False
R01ZF,CAUSAL_REPLAY,15,TERGR2H_4988772BAC24EBCC8B2E,R01ZF_REUSED_R01ZF_PERSON001,2,23,23,REJECTED_ANCHOR,MULTIPLE_ACTIVE_OPTICAL_HYPOTHESES,0,0,False,False
R01ZF,CAUSAL_REPLAY,16,TERGR2H_4988772BAC24EBCC8B2E,R01ZF_REUSED_R01ZF_PERSON001,2,19,19,REJECTED_ANCHOR,MULTIPLE_ACTIVE_OPTICAL_HYPOTHESES,0,0,False,False
R01ZF,CAUSAL_REPLAY,17,TERGR2H_4988772BAC24EBCC8B2E,R01ZF_REUSED_R01ZF_PERSON001,2,20,21,REJECTED_ANCHOR,MULTIPLE_ACTIVE_OPTICAL_HYPOTHESES,0,0,False,False
R01ZF,CAUSAL_REPLAY,18,TERGR2H_4988772BAC24EBCC8B2E,R01ZF_REUSED_R01ZF_PERSON001,2,18,19,REJECTED_ANCHOR,MULTIPLE_ACTIVE_OPTICAL_HYPOTHESES,0,0,False,False
R01ZF,CAUSAL_REPLAY,19,TERGR2H_4988772BAC24EBCC8B2E,R01ZF_REUSED_R01ZF_PERSON001,3,18,20,REJECTED_ANCHOR,MULTIPLE_ACTIVE_OPTICAL_HYPOTHESES,0,0,False,False
R01ZF,CAUSAL_REPLAY,20,TERGR2H_4988772BAC24EBCC8B2E,R01ZF_REUSED_R01ZF_PERSON001,3,20,21,REJECTED_ANCHOR,MULTIPLE_ACTIVE_OPTICAL_HYPOTHESES,0,0,False,False
R01ZF,CAUSAL_REPLAY,21,TERGR2H_4988772BAC24EBCC8B2E,R01ZF_REUSED_R01ZF_PERSON001,3,14,15,REJECTED_ANCHOR,MULTIPLE_ACTIVE_OPTICAL_HYPOTHESES,0,0,False,False
R01ZF,CAUSAL_REPLAY,22,TERGR2H_4988772BAC24EBCC8B2E,R01ZF_REUSED_R01ZF_PERSON001,3,15,18,REJECTED_ANCHOR,MULTIPLE_ACTIVE_OPTICAL_HYPOTHESES,0,0,False,False
R01ZF,CAUSAL_REPLAY,23,TERGR2H_4988772BAC24EBCC8B2E,R01ZF_REUSED_R01ZF_PERSON001,3,16,19,REJECTED_ANCHOR,MULTIPLE_ACTIVE_OPTICAL_HYPOTHESES,0,0,False,False
R01ZF,CAUSAL_REPLAY,24,TERGR2H_4988772BAC24EBCC8B2E,R01ZF_REUSED_R01ZF_PERSON001,3,20,22,REJECTED_ANCHOR,MULTIPLE_ACTIVE_OPTICAL_HYPOTHESES,0,0,False,False
R01ZF,CAUSAL_REPLAY,25,TERGR2H_4988772BAC24EBCC8B2E,R01ZF_REUSED_R01ZF_PERSON001,3,17,22,REJECTED_ANCHOR,MULTIPLE_ACTIVE_OPTICAL_HYPOTHESES,0,0,False,False
R01ZF,CAUSAL_REPLAY,26,TERGR2H_4988772BAC24EBCC8B2E,R01ZF_REUSED_R01ZF_PERSON001,3,16,18,REJECTED_ANCHOR,MULTIPLE_ACTIVE_OPTICAL_HYPOTHESES,0,0,False,False
R01ZF,CAUSAL_REPLAY,27,TERGR2H_4988772BAC24EBCC8B2E,R01ZF_REUSED_R01ZF_PERSON001,3,17,21,REJECTED_ANCHOR,MULTIPLE_ACTIVE_OPTICAL_HYPOTHESES,0,0,False,False
R01ZF,CAUSAL_REPLAY,28,TERGR2H_4988772BAC24EBCC8B2E,R01ZF_REUSED_R01ZF_PERSON001,3,18,20,REJECTED_ANCHOR,MULTIPLE_ACTIVE_OPTICAL_HYPOTHESES,0,0,False,False
R01ZF,CAUSAL_REPLAY,29,TERGR2H_4988772BAC24EBCC8B2E,R01ZF_REUSED_R01ZF_PERSON001,3,19,20,REJECTED_ANCHOR,MULTIPLE_ACTIVE_OPTICAL_HYPOTHESES,0,0,False,False
R01ZF,CAUSAL_REPLAY,30,TERGR2H_4988772BAC24EBCC8B2E,R01ZF_REUSED_R01ZF_PERSON001,3,21,22,REJECTED_ANCHOR,MULTIPLE_ACTIVE_OPTICAL_HYPOTHESES,0,0,False,False
R01ZF,CAUSAL_REPLAY,31,TERGR2H_4988772BAC24EBCC8B2E,R01ZF_REUSED_R01ZF_PERSON001,3,22,24,REJECTED_ANCHOR,MULTIPLE_ACTIVE_OPTICAL_HYPOTHESES,0,0,False,False
R01ZF,CAUSAL_REPLAY,32,TERGR2H_4988772BAC24EBCC8B2E,R01ZF_REUSED_R01ZF_PERSON001,3,21,21,REJECTED_ANCHOR,MULTIPLE_ACTIVE_OPTICAL_HYPOTHESES,0,0,False,False
R01ZF,CAUSAL_REPLAY,33,TERGR2H_4988772BAC24EBCC8B2E,R01ZF_REUSED_R01ZF_PERSON001,3,24,25,REJECTED_ANCHOR,MULTIPLE_ACTIVE_OPTICAL_HYPOTHESES,0,0,False,False
R01ZF,CAUSAL_REPLAY,34,TERGR2H_4988772BAC24EBCC8B2E,R01ZF_REUSED_R01ZF_PERSON001,3,23,23,REJECTED_ANCHOR,MULTIPLE_ACTIVE_OPTICAL_HYPOTHESES,0,0,False,False
R01ZF,CAUSAL_REPLAY,35,TERGR2H_4988772BAC24EBCC8B2E,R01ZF_REUSED_R01ZF_PERSON001,3,19,19,REJECTED_ANCHOR,MULTIPLE_ACTIVE_OPTICAL_HYPOTHESES,0,0,False,False
R01ZF,CAUSAL_REPLAY,36,TERGR2H_4988772BAC24EBCC8B2E,R01ZF_REUSED_R01ZF_PERSON001,3,19,19,REJECTED_ANCHOR,MULTIPLE_ACTIVE_OPTICAL_HYPOTHESES,0,0,False,False
R01ZF,CAUSAL_REPLAY,37,TERGR2H_4988772BAC24EBCC8B2E,R01ZF_REUSED_R01ZF_PERSON001,3,19,19,REJECTED_ANCHOR,MULTIPLE_ACTIVE_OPTICAL_HYPOTHESES,0,0,False,False
R01ZF,CAUSAL_REPLAY,38,TERGR2H_4988772BAC24EBCC8B2E,R01ZF_REUSED_R01ZF_PERSON001,3,18,18,REJECTED_ANCHOR,MULTIPLE_ACTIVE_OPTICAL_HYPOTHESES,0,0,False,False
R01ZF,CAUSAL_REPLAY,39,TERGR2H_4988772BAC24EBCC8B2E,R01ZF_REUSED_R01ZF_PERSON001,3,16,17,REJECTED_ANCHOR,MULTIPLE_ACTIVE_OPTICAL_HYPOTHESES,0,0,False,False
R01ZF,CAUSAL_REPLAY,40,TERGR2H_4988772BAC24EBCC8B2E,R01ZF_REUSED_R01ZF_PERSON001,3,9,9,REJECTED_ANCHOR,MULTIPLE_ACTIVE_OPTICAL_HYPOTHESES,0,0,False,False
R01ZF,CAUSAL_REPLAY,41,TERGR2H_4988772BAC24EBCC8B2E,R01ZF_REUSED_R01ZF_PERSON001,3,12,12,REJECTED_ANCHOR,MULTIPLE_ACTIVE_OPTICAL_HYPOTHESES,0,0,False,False
R01ZF,CAUSAL_REPLAY,42,TERGR2H_4988772BAC24EBCC8B2E,R01ZF_REUSED_R01ZF_PERSON001,3,15,16,REJECTED_ANCHOR,MULTIPLE_ACTIVE_OPTICAL_HYPOTHESES,0,0,False,False
R01ZF,CAUSAL_REPLAY,43,TERGR2H_4988772BAC24EBCC8B2E,R01ZF_REUSED_R01ZF_PERSON001,3,16,17,REJECTED_ANCHOR,MULTIPLE_ACTIVE_OPTICAL_HYPOTHESES,0,0,False,False
R01ZF,CAUSAL_REPLAY,44,TERGR2H_4988772BAC24EBCC8B2E,R01ZF_REUSED_R01ZF_PERSON001,3,18,20,REJECTED_ANCHOR,MULTIPLE_ACTIVE_OPTICAL_HYPOTHESES,0,0,False,False
R01ZF,CAUSAL_REPLAY,45,TERGR2H_4988772BAC24EBCC8B2E,R01ZF_REUSED_R01ZF_PERSON001,3,15,17,REJECTED_ANCHOR,MULTIPLE_ACTIVE_OPTICAL_HYPOTHESES,0,0,False,False
R01ZF,CAUSAL_REPLAY,46,TERGR2H_4988772BAC24EBCC8B2E,R01ZF_REUSED_R01ZF_PERSON001,3,16,16,REJECTED_ANCHOR,MULTIPLE_ACTIVE_OPTICAL_HYPOTHESES,0,0,False,False
R01ZF,CAUSAL_REPLAY,47,TERGR2H_4988772BAC24EBCC8B2E,R01ZF_REUSED_R01ZF_PERSON001,3,16,16,REJECTED_ANCHOR,MULTIPLE_ACTIVE_OPTICAL_HYPOTHESES,0,0,False,False
R01ZF,CAUSAL_REPLAY,48,TERGR2H_4988772BAC24EBCC8B2E,R01ZF_REUSED_R01ZF_PERSON001,3,15,15,REJECTED_ANCHOR,MULTIPLE_ACTIVE_OPTICAL_HYPOTHESES,0,0,False,False
R01ZF,CAUSAL_REPLAY,49,TERGR2H_4988772BAC24EBCC8B2E,R01ZF_REUSED_R01ZF_PERSON001,3,15,15,REJECTED_ANCHOR,MULTIPLE_ACTIVE_OPTICAL_HYPOTHESES,0,0,False,False
R01ZF,CAUSAL_REPLAY,50,TERGR2H_4988772BAC24EBCC8B2E,R01ZF_REUSED_R01ZF_PERSON001,3,13,14,REJECTED_ANCHOR,MULTIPLE_ACTIVE_OPTICAL_HYPOTHESES,0,0,False,False
R01ZF,CAUSAL_REPLAY,51,TERGR2H_4988772BAC24EBCC8B2E,R01ZF_REUSED_R01ZF_PERSON001,3,12,12,REJECTED_ANCHOR,MULTIPLE_ACTIVE_OPTICAL_HYPOTHESES,0,0,False,False
R01ZF,CAUSAL_REPLAY,52,TERGR2H_4988772BAC24EBCC8B2E,R01ZF_REUSED_R01ZF_PERSON001,3,14,14,REJECTED_ANCHOR,MULTIPLE_ACTIVE_OPTICAL_HYPOTHESES,0,0,False,False
R01ZF,CAUSAL_REPLAY,53,TERGR2H_4988772BAC24EBCC8B2E,R01ZF_REUSED_R01ZF_PERSON001,3,13,13,REJECTED_ANCHOR,MULTIPLE_ACTIVE_OPTICAL_HYPOTHESES,0,0,False,False
R01ZF,CAUSAL_REPLAY,54,TERGR2H_4988772BAC24EBCC8B2E,R01ZF_REUSED_R01ZF_PERSON001,3,12,12,REJECTED_ANCHOR,MULTIPLE_ACTIVE_OPTICAL_HYPOTHESES,0,0,False,False
R01ZF,CAUSAL_REPLAY,55,TERGR2H_4988772BAC24EBCC8B2E,R01ZF_REUSED_R01ZF_PERSON001,3,12,12,REJECTED_ANCHOR,MULTIPLE_ACTIVE_OPTICAL_HYPOTHESES,0,0,False,False
R01ZF,CAUSAL_REPLAY,56,TERGR2H_4988772BAC24EBCC8B2E,R01ZF_REUSED_R01ZF_PERSON001,3,11,11,REJECTED_ANCHOR,MULTIPLE_ACTIVE_OPTICAL_HYPOTHESES,0,0,False,False
R01ZF,CAUSAL_REPLAY,57,TERGR2H_4988772BAC24EBCC8B2E,R01ZF_REUSED_R01ZF_PERSON001,3,13,13,REJECTED_ANCHOR,MULTIPLE_ACTIVE_OPTICAL_HYPOTHESES,0,0,False,False
R01ZF,CAUSAL_REPLAY,58,TERGR2H_4988772BAC24EBCC8B2E,R01ZF_REUSED_R01ZF_PERSON001,3,12,12,REJECTED_ANCHOR,MULTIPLE_ACTIVE_OPTICAL_HYPOTHESES,0,0,False,False
R01ZF,CAUSAL_REPLAY,59,TERGR2H_4988772BAC24EBCC8B2E,R01ZF_REUSED_R01ZF_PERSON001,3,14,14,REJECTED_ANCHOR,MULTIPLE_ACTIVE_OPTICAL_HYPOTHESES,0,0,False,False
R01ZF,CAUSAL_REPLAY,60,TERGR2H_4988772BAC24EBCC8B2E,R01ZF_REUSED_R01ZF_PERSON001,3,12,12,REJECTED_ANCHOR,MULTIPLE_ACTIVE_OPTICAL_HYPOTHESES,0,0,False,False
R01ZF,CAUSAL_REPLAY,61,TERGR2H_4988772BAC24EBCC8B2E,R01ZF_REUSED_R01ZF_PERSON001,3,16,17,REJECTED_ANCHOR,MULTIPLE_ACTIVE_OPTICAL_HYPOTHESES,0,0,False,False
R01ZF,CAUSAL_REPLAY,62,TERGR2H_4988772BAC24EBCC8B2E,R01ZF_REUSED_R01ZF_PERSON001,3,16,17,REJECTED_ANCHOR,MULTIPLE_ACTIVE_OPTICAL_HYPOTHESES,0,0,False,False
R01ZF,CAUSAL_REPLAY,63,TERGR2H_4988772BAC24EBCC8B2E,R01ZF_REUSED_R01ZF_PERSON001,3,15,17,REJECTED_ANCHOR,MULTIPLE_ACTIVE_OPTICAL_HYPOTHESES,0,0,False,False
R01ZF,CAUSAL_REPLAY,64,TERGR2H_4988772BAC24EBCC8B2E,R01ZF_REUSED_R01ZF_PERSON001,3,17,17,REJECTED_ANCHOR,MULTIPLE_ACTIVE_OPTICAL_HYPOTHESES,0,0,False,False
R01ZF,CAUSAL_REPLAY,65,TERGR2H_4988772BAC24EBCC8B2E,R01ZF_REUSED_R01ZF_PERSON001,3,17,17,REJECTED_ANCHOR,MULTIPLE_ACTIVE_OPTICAL_HYPOTHESES,0,0,False,False
R01ZF,CAUSAL_REPLAY,66,TERGR2H_4988772BAC24EBCC8B2E,R01ZF_REUSED_R01ZF_PERSON001,3,13,13,REJECTED_ANCHOR,MULTIPLE_ACTIVE_OPTICAL_HYPOTHESES,0,0,False,False
R01ZF,CAUSAL_REPLAY,67,TERGR2H_4988772BAC24EBCC8B2E,R01ZF_REUSED_R01ZF_PERSON001,3,16,18,REJECTED_ANCHOR,MULTIPLE_ACTIVE_OPTICAL_HYPOTHESES,0,0,False,False
R01ZF,CAUSAL_REPLAY,68,TERGR2H_4988772BAC24EBCC8B2E,R01ZF_REUSED_R01ZF_PERSON001,3,13,13,REJECTED_ANCHOR,MULTIPLE_ACTIVE_OPTICAL_HYPOTHESES,0,0,False,False
R01ZF,CAUSAL_REPLAY,69,TERGR2H_4988772BAC24EBCC8B2E,R01ZF_REUSED_R01ZF_PERSON001,3,17,19,REJECTED_ANCHOR,MULTIPLE_ACTIVE_OPTICAL_HYPOTHESES,0,0,False,False
R01ZF,CAUSAL_REPLAY,70,TERGR2H_4988772BAC24EBCC8B2E,R01ZF_REUSED_R01ZF_PERSON001,3,16,17,REJECTED_ANCHOR,MULTIPLE_ACTIVE_OPTICAL_HYPOTHESES,0,0,False,False
R01ZF,CAUSAL_REPLAY,71,TERGR2H_4988772BAC24EBCC8B2E,R01ZF_REUSED_R01ZF_PERSON001,3,16,16,REJECTED_ANCHOR,MULTIPLE_ACTIVE_OPTICAL_HYPOTHESES,0,0,False,False
R01ZF,CAUSAL_REPLAY,72,TERGR2H_4988772BAC24EBCC8B2E,R01ZF_REUSED_R01ZF_PERSON001,3,18,19,REJECTED_ANCHOR,MULTIPLE_ACTIVE_OPTICAL_HYPOTHESES,0,0,False,False
R01ZF,CAUSAL_REPLAY,73,TERGR2H_4988772BAC24EBCC8B2E,R01ZF_REUSED_R01ZF_PERSON001,3,16,17,REJECTED_ANCHOR,MULTIPLE_ACTIVE_OPTICAL_HYPOTHESES,0,0,False,False
R01ZF,CAUSAL_REPLAY,74,TERGR2H_4988772BAC24EBCC8B2E,R01ZF_REUSED_R01ZF_PERSON001,3,13,14,REJECTED_ANCHOR,MULTIPLE_ACTIVE_OPTICAL_HYPOTHESES,0,0,False,False
R01ZF,CAUSAL_REPLAY,75,TERGR2H_4988772BAC24EBCC8B2E,R01ZF_REUSED_R01ZF_PERSON001,3,13,14,REJECTED_ANCHOR,MULTIPLE_ACTIVE_OPTICAL_HYPOTHESES,0,0,False,False
R01ZF,CAUSAL_REPLAY,76,TERGR2H_4988772BAC24EBCC8B2E,R01ZF_REUSED_R01ZF_PERSON001,3,15,17,REJECTED_ANCHOR,MULTIPLE_ACTIVE_OPTICAL_HYPOTHESES,0,0,False,False
R01ZF,CAUSAL_REPLAY,77,TERGR2H_4988772BAC24EBCC8B2E,R01ZF_REUSED_R01ZF_PERSON001,3,16,17,REJECTED_ANCHOR,MULTIPLE_ACTIVE_OPTICAL_HYPOTHESES,0,0,False,False
R01ZF,CAUSAL_REPLAY,78,TERGR2H_4988772BAC24EBCC8B2E,R01ZF_REUSED_R01ZF_PERSON001,3,14,16,REJECTED_ANCHOR,MULTIPLE_ACTIVE_OPTICAL_HYPOTHESES,0,0,False,False
R01ZF,CAUSAL_REPLAY,79,TERGR2H_4988772BAC24EBCC8B2E,R01ZF_REUSED_R01ZF_PERSON001,3,15,17,REJECTED_ANCHOR,MULTIPLE_ACTIVE_OPTICAL_HYPOTHESES,0,0,False,False
R01ZF,CAUSAL_REPLAY,80,TERGR2H_4988772BAC24EBCC8B2E,R01ZF_REUSED_R01ZF_PERSON001,3,14,16,REJECTED_ANCHOR,MULTIPLE_ACTIVE_OPTICAL_HYPOTHESES,0,0,False,False
R01ZF,CAUSAL_REPLAY,81,TERGR2H_4988772BAC24EBCC8B2E,R01ZF_REUSED_R01ZF_PERSON001,3,11,13,REJECTED_ANCHOR,MULTIPLE_ACTIVE_OPTICAL_HYPOTHESES,0,0,False,False
R01ZF,CAUSAL_REPLAY,82,TERGR2H_4988772BAC24EBCC8B2E,R01ZF_REUSED_R01ZF_PERSON001,3,12,13,REJECTED_ANCHOR,MULTIPLE_ACTIVE_OPTICAL_HYPOTHESES,0,0,False,False
R01ZF,CAUSAL_REPLAY,83,TERGR2H_4988772BAC24EBCC8B2E,R01ZF_REUSED_R01ZF_PERSON001,3,12,13,REJECTED_ANCHOR,MULTIPLE_ACTIVE_OPTICAL_HYPOTHESES,0,0,False,False
R01ZF,CAUSAL_REPLAY,84,TERGR2H_4988772BAC24EBCC8B2E,R01ZF_REUSED_R01ZF_PERSON001,3,11,11,REJECTED_ANCHOR,MULTIPLE_ACTIVE_OPTICAL_HYPOTHESES,0,0,False,False
R01ZF,CAUSAL_REPLAY,85,TERGR2H_4988772BAC24EBCC8B2E,R01ZF_REUSED_R01ZF_PERSON001,3,10,10,REJECTED_ANCHOR,MULTIPLE_ACTIVE_OPTICAL_HYPOTHESES,0,0,False,False
R01ZF,CAUSAL_REPLAY,86,TERGR2H_4988772BAC24EBCC8B2E,R01ZF_REUSED_R01ZF_PERSON001,3,9,10,REJECTED_ANCHOR,MULTIPLE_ACTIVE_OPTICAL_HYPOTHESES,0,0,False,False
R01ZF,CAUSAL_REPLAY,87,TERGR2H_4988772BAC24EBCC8B2E,R01ZF_REUSED_R01ZF_PERSON001,3,9,9,REJECTED_ANCHOR,MULTIPLE_ACTIVE_OPTICAL_HYPOTHESES,0,0,False,False
R01ZF,CAUSAL_REPLAY,88,TERGR2H_4988772BAC24EBCC8B2E,R01ZF_REUSED_R01ZF_PERSON001,3,10,10,REJECTED_ANCHOR,MULTIPLE_ACTIVE_OPTICAL_HYPOTHESES,0,0,False,False
R01ZF,CAUSAL_REPLAY,89,TERGR2H_4988772BAC24EBCC8B2E,R01ZF_REUSED_R01ZF_PERSON001,3,11,11,REJECTED_ANCHOR,MULTIPLE_ACTIVE_OPTICAL_HYPOTHESES,0,0,False,False
R01ZF,CAUSAL_REPLAY,90,TERGR2H_4988772BAC24EBCC8B2E,R01ZF_REUSED_R01ZF_PERSON001,3,11,11,REJECTED_ANCHOR,MULTIPLE_ACTIVE_OPTICAL_HYPOTHESES,0,0,False,False
R01ZF,CAUSAL_REPLAY,91,TERGR2H_4988772BAC24EBCC8B2E,R01ZF_REUSED_R01ZF_PERSON001,2,8,8,REJECTED_ANCHOR,MULTIPLE_ACTIVE_OPTICAL_HYPOTHESES,0,0,False,False
R01ZF,CAUSAL_REPLAY,92,TERGR2H_4988772BAC24EBCC8B2E,R01ZF_REUSED_R01ZF_PERSON001,2,7,8,REJECTED_ANCHOR,MULTIPLE_ACTIVE_OPTICAL_HYPOTHESES,0,0,False,False
R01ZF,CAUSAL_REPLAY,93,TERGR2H_4988772BAC24EBCC8B2E,R01ZF_REUSED_R01ZF_PERSON001,2,5,6,REJECTED_ANCHOR,MULTIPLE_ACTIVE_OPTICAL_HYPOTHESES,0,0,False,False
R01ZF,FIXED_LAG_100MS,0,TERGR2H_4988772BAC24EBCC8B2E,R01ZF_REUSED_R01ZF_PERSON001,2,10,10,REJECTED_ANCHOR,MULTIPLE_ACTIVE_OPTICAL_HYPOTHESES,0,0,False,False
R01ZF,FIXED_LAG_100MS,1,TERGR2H_4988772BAC24EBCC8B2E,R01ZF_REUSED_R01ZF_PERSON001,2,11,12,REJECTED_ANCHOR,MULTIPLE_ACTIVE_OPTICAL_HYPOTHESES,0,0,False,False
R01ZF,FIXED_LAG_100MS,2,TERGR2H_4988772BAC24EBCC8B2E,R01ZF_REUSED_R01ZF_PERSON001,2,11,12,REJECTED_ANCHOR,MULTIPLE_ACTIVE_OPTICAL_HYPOTHESES,0,0,False,False
R01ZF,FIXED_LAG_100MS,3,TERGR2H_4988772BAC24EBCC8B2E,R01ZF_REUSED_R01ZF_PERSON001,2,11,12,REJECTED_ANCHOR,MULTIPLE_ACTIVE_OPTICAL_HYPOTHESES,0,0,False,False
R01ZF,FIXED_LAG_100MS,4,TERGR2H_4988772BAC24EBCC8B2E,R01ZF_REUSED_R01ZF_PERSON001,2,11,11,REJECTED_ANCHOR,MULTIPLE_ACTIVE_OPTICAL_HYPOTHESES,0,0,False,False
R01ZF,FIXED_LAG_100MS,5,TERGR2H_4988772BAC24EBCC8B2E,R01ZF_REUSED_R01ZF_PERSON001,2,16,16,REJECTED_ANCHOR,MULTIPLE_ACTIVE_OPTICAL_HYPOTHESES,0,0,False,False
R01ZF,FIXED_LAG_100MS,6,TERGR2H_4988772BAC24EBCC8B2E,R01ZF_REUSED_R01ZF_PERSON001,2,14,14,REJECTED_ANCHOR,MULTIPLE_ACTIVE_OPTICAL_HYPOTHESES,0,0,False,False
R01ZF,FIXED_LAG_100MS,7,TERGR2H_4988772BAC24EBCC8B2E,R01ZF_REUSED_R01ZF_PERSON001,2,15,15,REJECTED_ANCHOR,MULTIPLE_ACTIVE_OPTICAL_HYPOTHESES,0,0,False,False
R01ZF,FIXED_LAG_100MS,8,TERGR2H_4988772BAC24EBCC8B2E,R01ZF_REUSED_R01ZF_PERSON001,2,16,16,REJECTED_ANCHOR,MULTIPLE_ACTIVE_OPTICAL_HYPOTHESES,0,0,False,False
R01ZF,FIXED_LAG_100MS,9,TERGR2H_4988772BAC24EBCC8B2E,R01ZF_REUSED_R01ZF_PERSON001,2,20,21,REJECTED_ANCHOR,MULTIPLE_ACTIVE_OPTICAL_HYPOTHESES,0,0,False,False
R01ZF,FIXED_LAG_100MS,10,TERGR2H_4988772BAC24EBCC8B2E,R01ZF_REUSED_R01ZF_PERSON001,2,15,16,REJECTED_ANCHOR,MULTIPLE_ACTIVE_OPTICAL_HYPOTHESES,0,0,False,False
R01ZF,FIXED_LAG_100MS,11,TERGR2H_4988772BAC24EBCC8B2E,R01ZF_REUSED_R01ZF_PERSON001,2,20,22,REJECTED_ANCHOR,MULTIPLE_ACTIVE_OPTICAL_HYPOTHESES,0,0,False,False
R01ZF,FIXED_LAG_100MS,12,TERGR2H_4988772BAC24EBCC8B2E,R01ZF_REUSED_R01ZF_PERSON001,2,25,27,REJECTED_ANCHOR,MULTIPLE_ACTIVE_OPTICAL_HYPOTHESES,0,0,False,False
R01ZF,FIXED_LAG_100MS,13,TERGR2H_4988772BAC24EBCC8B2E,R01ZF_REUSED_R01ZF_PERSON001,2,21,21,REJECTED_ANCHOR,MULTIPLE_ACTIVE_OPTICAL_HYPOTHESES,0,0,False,False
R01ZF,FIXED_LAG_100MS,14,TERGR2H_4988772BAC24EBCC8B2E,R01ZF_REUSED_R01ZF_PERSON001,2,24,25,REJECTED_ANCHOR,MULTIPLE_ACTIVE_OPTICAL_HYPOTHESES,0,0,False,False
R01ZF,FIXED_LAG_100MS,15,TERGR2H_4988772BAC24EBCC8B2E,R01ZF_REUSED_R01ZF_PERSON001,2,23,23,REJECTED_ANCHOR,MULTIPLE_ACTIVE_OPTICAL_HYPOTHESES,0,0,False,False
R01ZF,FIXED_LAG_100MS,16,TERGR2H_4988772BAC24EBCC8B2E,R01ZF_REUSED_R01ZF_PERSON001,2,22,22,REJECTED_ANCHOR,MULTIPLE_ACTIVE_OPTICAL_HYPOTHESES,0,0,False,False
R01ZF,FIXED_LAG_100MS,17,TERGR2H_4988772BAC24EBCC8B2E,R01ZF_REUSED_R01ZF_PERSON001,3,22,24,REJECTED_ANCHOR,MULTIPLE_ACTIVE_OPTICAL_HYPOTHESES,0,0,False,False
R01ZF,FIXED_LAG_100MS,18,TERGR2H_4988772BAC24EBCC8B2E,R01ZF_REUSED_R01ZF_PERSON001,3,20,21,REJECTED_ANCHOR,MULTIPLE_ACTIVE_OPTICAL_HYPOTHESES,0,0,False,False
R01ZF,FIXED_LAG_100MS,19,TERGR2H_4988772BAC24EBCC8B2E,R01ZF_REUSED_R01ZF_PERSON001,3,20,22,REJECTED_ANCHOR,MULTIPLE_ACTIVE_OPTICAL_HYPOTHESES,0,0,False,False
R01ZF,FIXED_LAG_100MS,20,TERGR2H_4988772BAC24EBCC8B2E,R01ZF_REUSED_R01ZF_PERSON001,3,20,21,REJECTED_ANCHOR,MULTIPLE_ACTIVE_OPTICAL_HYPOTHESES,0,0,False,False
R01ZF,FIXED_LAG_100MS,21,TERGR2H_4988772BAC24EBCC8B2E,R01ZF_REUSED_R01ZF_PERSON001,3,14,15,REJECTED_ANCHOR,MULTIPLE_ACTIVE_OPTICAL_HYPOTHESES,0,0,False,False
R01ZF,FIXED_LAG_100MS,22,TERGR2H_4988772BAC24EBCC8B2E,R01ZF_REUSED_R01ZF_PERSON001,3,17,20,REJECTED_ANCHOR,MULTIPLE_ACTIVE_OPTICAL_HYPOTHESES,0,0,False,False
R01ZF,FIXED_LAG_100MS,23,TERGR2H_4988772BAC24EBCC8B2E,R01ZF_REUSED_R01ZF_PERSON001,3,19,22,REJECTED_ANCHOR,MULTIPLE_ACTIVE_OPTICAL_HYPOTHESES,0,0,False,False
R01ZF,FIXED_LAG_100MS,24,TERGR2H_4988772BAC24EBCC8B2E,R01ZF_REUSED_R01ZF_PERSON001,3,21,23,REJECTED_ANCHOR,MULTIPLE_ACTIVE_OPTICAL_HYPOTHESES,0,0,False,False
R01ZF,FIXED_LAG_100MS,25,TERGR2H_4988772BAC24EBCC8B2E,R01ZF_REUSED_R01ZF_PERSON001,3,19,24,REJECTED_ANCHOR,MULTIPLE_ACTIVE_OPTICAL_HYPOTHESES,0,0,False,False
R01ZF,FIXED_LAG_100MS,26,TERGR2H_4988772BAC24EBCC8B2E,R01ZF_REUSED_R01ZF_PERSON001,3,18,20,REJECTED_ANCHOR,MULTIPLE_ACTIVE_OPTICAL_HYPOTHESES,0,0,False,False
R01ZF,FIXED_LAG_100MS,27,TERGR2H_4988772BAC24EBCC8B2E,R01ZF_REUSED_R01ZF_PERSON001,3,19,23,REJECTED_ANCHOR,MULTIPLE_ACTIVE_OPTICAL_HYPOTHESES,0,0,False,False
R01ZF,FIXED_LAG_100MS,28,TERGR2H_4988772BAC24EBCC8B2E,R01ZF_REUSED_R01ZF_PERSON001,3,21,23,REJECTED_ANCHOR,MULTIPLE_ACTIVE_OPTICAL_HYPOTHESES,0,0,False,False
R01ZF,FIXED_LAG_100MS,29,TERGR2H_4988772BAC24EBCC8B2E,R01ZF_REUSED_R01ZF_PERSON001,3,22,23,REJECTED_ANCHOR,MULTIPLE_ACTIVE_OPTICAL_HYPOTHESES,0,0,False,False
R01ZF,FIXED_LAG_100MS,30,TERGR2H_4988772BAC24EBCC8B2E,R01ZF_REUSED_R01ZF_PERSON001,3,22,23,REJECTED_ANCHOR,MULTIPLE_ACTIVE_OPTICAL_HYPOTHESES,0,0,False,False
R01ZF,FIXED_LAG_100MS,31,TERGR2H_4988772BAC24EBCC8B2E,R01ZF_REUSED_R01ZF_PERSON001,3,24,26,REJECTED_ANCHOR,MULTIPLE_ACTIVE_OPTICAL_HYPOTHESES,0,0,False,False
R01ZF,FIXED_LAG_100MS,32,TERGR2H_4988772BAC24EBCC8B2E,R01ZF_REUSED_R01ZF_PERSON001,3,23,24,REJECTED_ANCHOR,MULTIPLE_ACTIVE_OPTICAL_HYPOTHESES,0,0,False,False
R01ZF,FIXED_LAG_100MS,33,TERGR2H_4988772BAC24EBCC8B2E,R01ZF_REUSED_R01ZF_PERSON001,3,25,26,REJECTED_ANCHOR,MULTIPLE_ACTIVE_OPTICAL_HYPOTHESES,0,0,False,False
R01ZF,FIXED_LAG_100MS,34,TERGR2H_4988772BAC24EBCC8B2E,R01ZF_REUSED_R01ZF_PERSON001,3,23,23,REJECTED_ANCHOR,MULTIPLE_ACTIVE_OPTICAL_HYPOTHESES,0,0,False,False
R01ZF,FIXED_LAG_100MS,35,TERGR2H_4988772BAC24EBCC8B2E,R01ZF_REUSED_R01ZF_PERSON001,3,20,20,REJECTED_ANCHOR,MULTIPLE_ACTIVE_OPTICAL_HYPOTHESES,0,0,False,False
R01ZF,FIXED_LAG_100MS,36,TERGR2H_4988772BAC24EBCC8B2E,R01ZF_REUSED_R01ZF_PERSON001,3,19,19,REJECTED_ANCHOR,MULTIPLE_ACTIVE_OPTICAL_HYPOTHESES,0,0,False,False
R01ZF,FIXED_LAG_100MS,37,TERGR2H_4988772BAC24EBCC8B2E,R01ZF_REUSED_R01ZF_PERSON001,3,21,21,REJECTED_ANCHOR,MULTIPLE_ACTIVE_OPTICAL_HYPOTHESES,0,0,False,False
R01ZF,FIXED_LAG_100MS,38,TERGR2H_4988772BAC24EBCC8B2E,R01ZF_REUSED_R01ZF_PERSON001,3,18,18,REJECTED_ANCHOR,MULTIPLE_ACTIVE_OPTICAL_HYPOTHESES,0,0,False,False
R01ZF,FIXED_LAG_100MS,39,TERGR2H_4988772BAC24EBCC8B2E,R01ZF_REUSED_R01ZF_PERSON001,3,18,19,REJECTED_ANCHOR,MULTIPLE_ACTIVE_OPTICAL_HYPOTHESES,0,0,False,False
R01ZF,FIXED_LAG_100MS,40,TERGR2H_4988772BAC24EBCC8B2E,R01ZF_REUSED_R01ZF_PERSON001,3,10,10,REJECTED_ANCHOR,MULTIPLE_ACTIVE_OPTICAL_HYPOTHESES,0,0,False,False
R01ZF,FIXED_LAG_100MS,41,TERGR2H_4988772BAC24EBCC8B2E,R01ZF_REUSED_R01ZF_PERSON001,3,13,13,REJECTED_ANCHOR,MULTIPLE_ACTIVE_OPTICAL_HYPOTHESES,0,0,False,False
R01ZF,FIXED_LAG_100MS,42,TERGR2H_4988772BAC24EBCC8B2E,R01ZF_REUSED_R01ZF_PERSON001,3,17,18,REJECTED_ANCHOR,MULTIPLE_ACTIVE_OPTICAL_HYPOTHESES,0,0,False,False
R01ZF,FIXED_LAG_100MS,43,TERGR2H_4988772BAC24EBCC8B2E,R01ZF_REUSED_R01ZF_PERSON001,3,17,18,REJECTED_ANCHOR,MULTIPLE_ACTIVE_OPTICAL_HYPOTHESES,0,0,False,False
R01ZF,FIXED_LAG_100MS,44,TERGR2H_4988772BAC24EBCC8B2E,R01ZF_REUSED_R01ZF_PERSON001,3,20,23,REJECTED_ANCHOR,MULTIPLE_ACTIVE_OPTICAL_HYPOTHESES,0,0,False,False
R01ZF,FIXED_LAG_100MS,45,TERGR2H_4988772BAC24EBCC8B2E,R01ZF_REUSED_R01ZF_PERSON001,3,15,17,REJECTED_ANCHOR,MULTIPLE_ACTIVE_OPTICAL_HYPOTHESES,0,0,False,False
R01ZF,FIXED_LAG_100MS,46,TERGR2H_4988772BAC24EBCC8B2E,R01ZF_REUSED_R01ZF_PERSON001,3,17,17,REJECTED_ANCHOR,MULTIPLE_ACTIVE_OPTICAL_HYPOTHESES,0,0,False,False
R01ZF,FIXED_LAG_100MS,47,TERGR2H_4988772BAC24EBCC8B2E,R01ZF_REUSED_R01ZF_PERSON001,3,19,19,REJECTED_ANCHOR,MULTIPLE_ACTIVE_OPTICAL_HYPOTHESES,0,0,False,False
R01ZF,FIXED_LAG_100MS,48,TERGR2H_4988772BAC24EBCC8B2E,R01ZF_REUSED_R01ZF_PERSON001,3,19,19,REJECTED_ANCHOR,MULTIPLE_ACTIVE_OPTICAL_HYPOTHESES,0,0,False,False
R01ZF,FIXED_LAG_100MS,49,TERGR2H_4988772BAC24EBCC8B2E,R01ZF_REUSED_R01ZF_PERSON001,3,18,18,REJECTED_ANCHOR,MULTIPLE_ACTIVE_OPTICAL_HYPOTHESES,0,0,False,False
R01ZF,FIXED_LAG_100MS,50,TERGR2H_4988772BAC24EBCC8B2E,R01ZF_REUSED_R01ZF_PERSON001,3,13,14,REJECTED_ANCHOR,MULTIPLE_ACTIVE_OPTICAL_HYPOTHESES,0,0,False,False
R01ZF,FIXED_LAG_100MS,51,TERGR2H_4988772BAC24EBCC8B2E,R01ZF_REUSED_R01ZF_PERSON001,3,13,14,REJECTED_ANCHOR,MULTIPLE_ACTIVE_OPTICAL_HYPOTHESES,0,0,False,False
R01ZF,FIXED_LAG_100MS,52,TERGR2H_4988772BAC24EBCC8B2E,R01ZF_REUSED_R01ZF_PERSON001,3,15,15,REJECTED_ANCHOR,MULTIPLE_ACTIVE_OPTICAL_HYPOTHESES,0,0,False,False
R01ZF,FIXED_LAG_100MS,53,TERGR2H_4988772BAC24EBCC8B2E,R01ZF_REUSED_R01ZF_PERSON001,3,13,13,REJECTED_ANCHOR,MULTIPLE_ACTIVE_OPTICAL_HYPOTHESES,0,0,False,False
R01ZF,FIXED_LAG_100MS,54,TERGR2H_4988772BAC24EBCC8B2E,R01ZF_REUSED_R01ZF_PERSON001,3,14,14,REJECTED_ANCHOR,MULTIPLE_ACTIVE_OPTICAL_HYPOTHESES,0,0,False,False
R01ZF,FIXED_LAG_100MS,55,TERGR2H_4988772BAC24EBCC8B2E,R01ZF_REUSED_R01ZF_PERSON001,3,12,12,REJECTED_ANCHOR,MULTIPLE_ACTIVE_OPTICAL_HYPOTHESES,0,0,False,False
R01ZF,FIXED_LAG_100MS,56,TERGR2H_4988772BAC24EBCC8B2E,R01ZF_REUSED_R01ZF_PERSON001,3,12,12,REJECTED_ANCHOR,MULTIPLE_ACTIVE_OPTICAL_HYPOTHESES,0,0,False,False
R01ZF,FIXED_LAG_100MS,57,TERGR2H_4988772BAC24EBCC8B2E,R01ZF_REUSED_R01ZF_PERSON001,3,14,14,REJECTED_ANCHOR,MULTIPLE_ACTIVE_OPTICAL_HYPOTHESES,0,0,False,False
R01ZF,FIXED_LAG_100MS,58,TERGR2H_4988772BAC24EBCC8B2E,R01ZF_REUSED_R01ZF_PERSON001,3,13,13,REJECTED_ANCHOR,MULTIPLE_ACTIVE_OPTICAL_HYPOTHESES,0,0,False,False
R01ZF,FIXED_LAG_100MS,59,TERGR2H_4988772BAC24EBCC8B2E,R01ZF_REUSED_R01ZF_PERSON001,3,14,14,REJECTED_ANCHOR,MULTIPLE_ACTIVE_OPTICAL_HYPOTHESES,0,0,False,False
R01ZF,FIXED_LAG_100MS,60,TERGR2H_4988772BAC24EBCC8B2E,R01ZF_REUSED_R01ZF_PERSON001,3,13,13,REJECTED_ANCHOR,MULTIPLE_ACTIVE_OPTICAL_HYPOTHESES,0,0,False,False
R01ZF,FIXED_LAG_100MS,61,TERGR2H_4988772BAC24EBCC8B2E,R01ZF_REUSED_R01ZF_PERSON001,3,19,20,REJECTED_ANCHOR,MULTIPLE_ACTIVE_OPTICAL_HYPOTHESES,0,0,False,False
R01ZF,FIXED_LAG_100MS,62,TERGR2H_4988772BAC24EBCC8B2E,R01ZF_REUSED_R01ZF_PERSON001,3,18,20,REJECTED_ANCHOR,MULTIPLE_ACTIVE_OPTICAL_HYPOTHESES,0,0,False,False
R01ZF,FIXED_LAG_100MS,63,TERGR2H_4988772BAC24EBCC8B2E,R01ZF_REUSED_R01ZF_PERSON001,3,16,18,REJECTED_ANCHOR,MULTIPLE_ACTIVE_OPTICAL_HYPOTHESES,0,0,False,False
R01ZF,FIXED_LAG_100MS,64,TERGR2H_4988772BAC24EBCC8B2E,R01ZF_REUSED_R01ZF_PERSON001,3,17,18,REJECTED_ANCHOR,MULTIPLE_ACTIVE_OPTICAL_HYPOTHESES,0,0,False,False
R01ZF,FIXED_LAG_100MS,65,TERGR2H_4988772BAC24EBCC8B2E,R01ZF_REUSED_R01ZF_PERSON001,3,17,17,REJECTED_ANCHOR,MULTIPLE_ACTIVE_OPTICAL_HYPOTHESES,0,0,False,False
R01ZF,FIXED_LAG_100MS,66,TERGR2H_4988772BAC24EBCC8B2E,R01ZF_REUSED_R01ZF_PERSON001,3,13,13,REJECTED_ANCHOR,MULTIPLE_ACTIVE_OPTICAL_HYPOTHESES,0,0,False,False
R01ZF,FIXED_LAG_100MS,67,TERGR2H_4988772BAC24EBCC8B2E,R01ZF_REUSED_R01ZF_PERSON001,3,18,20,REJECTED_ANCHOR,MULTIPLE_ACTIVE_OPTICAL_HYPOTHESES,0,0,False,False
R01ZF,FIXED_LAG_100MS,68,TERGR2H_4988772BAC24EBCC8B2E,R01ZF_REUSED_R01ZF_PERSON001,3,15,15,REJECTED_ANCHOR,MULTIPLE_ACTIVE_OPTICAL_HYPOTHESES,0,0,False,False
R01ZF,FIXED_LAG_100MS,69,TERGR2H_4988772BAC24EBCC8B2E,R01ZF_REUSED_R01ZF_PERSON001,3,19,21,REJECTED_ANCHOR,MULTIPLE_ACTIVE_OPTICAL_HYPOTHESES,0,0,False,False
R01ZF,FIXED_LAG_100MS,70,TERGR2H_4988772BAC24EBCC8B2E,R01ZF_REUSED_R01ZF_PERSON001,3,16,17,REJECTED_ANCHOR,MULTIPLE_ACTIVE_OPTICAL_HYPOTHESES,0,0,False,False
R01ZF,FIXED_LAG_100MS,71,TERGR2H_4988772BAC24EBCC8B2E,R01ZF_REUSED_R01ZF_PERSON001,3,16,17,REJECTED_ANCHOR,MULTIPLE_ACTIVE_OPTICAL_HYPOTHESES,0,0,False,False
R01ZF,FIXED_LAG_100MS,72,TERGR2H_4988772BAC24EBCC8B2E,R01ZF_REUSED_R01ZF_PERSON001,3,17,19,REJECTED_ANCHOR,MULTIPLE_ACTIVE_OPTICAL_HYPOTHESES,0,0,False,False
R01ZF,FIXED_LAG_100MS,73,TERGR2H_4988772BAC24EBCC8B2E,R01ZF_REUSED_R01ZF_PERSON001,3,15,17,REJECTED_ANCHOR,MULTIPLE_ACTIVE_OPTICAL_HYPOTHESES,0,0,False,False
R01ZF,FIXED_LAG_100MS,74,TERGR2H_4988772BAC24EBCC8B2E,R01ZF_REUSED_R01ZF_PERSON001,3,14,15,REJECTED_ANCHOR,MULTIPLE_ACTIVE_OPTICAL_HYPOTHESES,0,0,False,False
R01ZF,FIXED_LAG_100MS,75,TERGR2H_4988772BAC24EBCC8B2E,R01ZF_REUSED_R01ZF_PERSON001,3,14,15,REJECTED_ANCHOR,MULTIPLE_ACTIVE_OPTICAL_HYPOTHESES,0,0,False,False
R01ZF,FIXED_LAG_100MS,76,TERGR2H_4988772BAC24EBCC8B2E,R01ZF_REUSED_R01ZF_PERSON001,3,16,18,REJECTED_ANCHOR,MULTIPLE_ACTIVE_OPTICAL_HYPOTHESES,0,0,False,False
R01ZF,FIXED_LAG_100MS,77,TERGR2H_4988772BAC24EBCC8B2E,R01ZF_REUSED_R01ZF_PERSON001,3,17,18,REJECTED_ANCHOR,MULTIPLE_ACTIVE_OPTICAL_HYPOTHESES,0,0,False,False
R01ZF,FIXED_LAG_100MS,78,TERGR2H_4988772BAC24EBCC8B2E,R01ZF_REUSED_R01ZF_PERSON001,3,15,17,REJECTED_ANCHOR,MULTIPLE_ACTIVE_OPTICAL_HYPOTHESES,0,0,False,False
R01ZF,FIXED_LAG_100MS,79,TERGR2H_4988772BAC24EBCC8B2E,R01ZF_REUSED_R01ZF_PERSON001,3,15,17,REJECTED_ANCHOR,MULTIPLE_ACTIVE_OPTICAL_HYPOTHESES,0,0,False,False
R01ZF,FIXED_LAG_100MS,80,TERGR2H_4988772BAC24EBCC8B2E,R01ZF_REUSED_R01ZF_PERSON001,3,14,16,REJECTED_ANCHOR,MULTIPLE_ACTIVE_OPTICAL_HYPOTHESES,0,0,False,False
R01ZF,FIXED_LAG_100MS,81,TERGR2H_4988772BAC24EBCC8B2E,R01ZF_REUSED_R01ZF_PERSON001,3,11,13,REJECTED_ANCHOR,MULTIPLE_ACTIVE_OPTICAL_HYPOTHESES,0,0,False,False
R01ZF,FIXED_LAG_100MS,82,TERGR2H_4988772BAC24EBCC8B2E,R01ZF_REUSED_R01ZF_PERSON001,3,13,14,REJECTED_ANCHOR,MULTIPLE_ACTIVE_OPTICAL_HYPOTHESES,0,0,False,False
R01ZF,FIXED_LAG_100MS,83,TERGR2H_4988772BAC24EBCC8B2E,R01ZF_REUSED_R01ZF_PERSON001,3,12,13,REJECTED_ANCHOR,MULTIPLE_ACTIVE_OPTICAL_HYPOTHESES,0,0,False,False
R01ZF,FIXED_LAG_100MS,84,TERGR2H_4988772BAC24EBCC8B2E,R01ZF_REUSED_R01ZF_PERSON001,3,11,11,REJECTED_ANCHOR,MULTIPLE_ACTIVE_OPTICAL_HYPOTHESES,0,0,False,False
R01ZF,FIXED_LAG_100MS,85,TERGR2H_4988772BAC24EBCC8B2E,R01ZF_REUSED_R01ZF_PERSON001,3,10,10,REJECTED_ANCHOR,MULTIPLE_ACTIVE_OPTICAL_HYPOTHESES,0,0,False,False
R01ZF,FIXED_LAG_100MS,86,TERGR2H_4988772BAC24EBCC8B2E,R01ZF_REUSED_R01ZF_PERSON001,3,9,10,REJECTED_ANCHOR,MULTIPLE_ACTIVE_OPTICAL_HYPOTHESES,0,0,False,False
R01ZF,FIXED_LAG_100MS,87,TERGR2H_4988772BAC24EBCC8B2E,R01ZF_REUSED_R01ZF_PERSON001,3,9,9,REJECTED_ANCHOR,MULTIPLE_ACTIVE_OPTICAL_HYPOTHESES,0,0,False,False
R01ZF,FIXED_LAG_100MS,88,TERGR2H_4988772BAC24EBCC8B2E,R01ZF_REUSED_R01ZF_PERSON001,3,10,10,REJECTED_ANCHOR,MULTIPLE_ACTIVE_OPTICAL_HYPOTHESES,0,0,False,False
R01ZF,FIXED_LAG_100MS,89,TERGR2H_4988772BAC24EBCC8B2E,R01ZF_REUSED_R01ZF_PERSON001,3,11,11,REJECTED_ANCHOR,MULTIPLE_ACTIVE_OPTICAL_HYPOTHESES,0,0,False,False
R01ZF,FIXED_LAG_100MS,90,TERGR2H_4988772BAC24EBCC8B2E,R01ZF_REUSED_R01ZF_PERSON001,3,11,11,REJECTED_ANCHOR,MULTIPLE_ACTIVE_OPTICAL_HYPOTHESES,0,0,False,False
R01ZF,FIXED_LAG_100MS,91,TERGR2H_4988772BAC24EBCC8B2E,R01ZF_REUSED_R01ZF_PERSON001,2,8,8,REJECTED_ANCHOR,MULTIPLE_ACTIVE_OPTICAL_HYPOTHESES,0,0,False,False
R01ZF,FIXED_LAG_100MS,92,TERGR2H_4988772BAC24EBCC8B2E,R01ZF_REUSED_R01ZF_PERSON001,2,7,8,REJECTED_ANCHOR,MULTIPLE_ACTIVE_OPTICAL_HYPOTHESES,0,0,False,False
R01ZF,FIXED_LAG_100MS,93,TERGR2H_4988772BAC24EBCC8B2E,R01ZF_REUSED_R01ZF_PERSON001,2,5,6,REJECTED_ANCHOR,MULTIPLE_ACTIVE_OPTICAL_HYPOTHESES,0,0,False,False
R01ZF,FULL_CONTEXT_OFFLINE,0,TERGR2H_4988772BAC24EBCC8B2E,R01ZF_REUSED_R01ZF_PERSON001,2,13,15,REJECTED_ANCHOR,MULTIPLE_ACTIVE_OPTICAL_HYPOTHESES,0,0,False,False
R01ZF,FULL_CONTEXT_OFFLINE,1,TERGR2H_4988772BAC24EBCC8B2E,R01ZF_REUSED_R01ZF_PERSON001,2,15,18,REJECTED_ANCHOR,MULTIPLE_ACTIVE_OPTICAL_HYPOTHESES,0,0,False,False
R01ZF,FULL_CONTEXT_OFFLINE,2,TERGR2H_4988772BAC24EBCC8B2E,R01ZF_REUSED_R01ZF_PERSON001,2,14,15,REJECTED_ANCHOR,MULTIPLE_ACTIVE_OPTICAL_HYPOTHESES,0,0,False,False
R01ZF,FULL_CONTEXT_OFFLINE,3,TERGR2H_4988772BAC24EBCC8B2E,R01ZF_REUSED_R01ZF_PERSON001,2,14,16,REJECTED_ANCHOR,MULTIPLE_ACTIVE_OPTICAL_HYPOTHESES,0,0,False,False
R01ZF,FULL_CONTEXT_OFFLINE,4,TERGR2H_4988772BAC24EBCC8B2E,R01ZF_REUSED_R01ZF_PERSON001,2,13,14,REJECTED_ANCHOR,MULTIPLE_ACTIVE_OPTICAL_HYPOTHESES,0,0,False,False
R01ZF,FULL_CONTEXT_OFFLINE,5,TERGR2H_4988772BAC24EBCC8B2E,R01ZF_REUSED_R01ZF_PERSON001,2,16,17,REJECTED_ANCHOR,MULTIPLE_ACTIVE_OPTICAL_HYPOTHESES,0,0,False,False
R01ZF,FULL_CONTEXT_OFFLINE,6,TERGR2H_4988772BAC24EBCC8B2E,R01ZF_REUSED_R01ZF_PERSON001,2,15,16,REJECTED_ANCHOR,MULTIPLE_ACTIVE_OPTICAL_HYPOTHESES,0,0,False,False
R01ZF,FULL_CONTEXT_OFFLINE,7,TERGR2H_4988772BAC24EBCC8B2E,R01ZF_REUSED_R01ZF_PERSON001,2,15,16,REJECTED_ANCHOR,MULTIPLE_ACTIVE_OPTICAL_HYPOTHESES,0,0,False,False
R01ZF,FULL_CONTEXT_OFFLINE,8,TERGR2H_4988772BAC24EBCC8B2E,R01ZF_REUSED_R01ZF_PERSON001,2,17,19,REJECTED_ANCHOR,MULTIPLE_ACTIVE_OPTICAL_HYPOTHESES,0,0,False,False
R01ZF,FULL_CONTEXT_OFFLINE,9,TERGR2H_4988772BAC24EBCC8B2E,R01ZF_REUSED_R01ZF_PERSON001,2,19,22,REJECTED_ANCHOR,MULTIPLE_ACTIVE_OPTICAL_HYPOTHESES,0,0,False,False
R01ZF,FULL_CONTEXT_OFFLINE,10,TERGR2H_4988772BAC24EBCC8B2E,R01ZF_REUSED_R01ZF_PERSON001,2,17,19,REJECTED_ANCHOR,MULTIPLE_ACTIVE_OPTICAL_HYPOTHESES,0,0,False,False
R01ZF,FULL_CONTEXT_OFFLINE,11,TERGR2H_4988772BAC24EBCC8B2E,R01ZF_REUSED_R01ZF_PERSON001,2,21,25,REJECTED_ANCHOR,MULTIPLE_ACTIVE_OPTICAL_HYPOTHESES,0,0,False,False
R01ZF,FULL_CONTEXT_OFFLINE,12,TERGR2H_4988772BAC24EBCC8B2E,R01ZF_REUSED_R01ZF_PERSON001,2,23,29,REJECTED_ANCHOR,MULTIPLE_ACTIVE_OPTICAL_HYPOTHESES,0,0,False,False
R01ZF,FULL_CONTEXT_OFFLINE,13,TERGR2H_4988772BAC24EBCC8B2E,R01ZF_REUSED_R01ZF_PERSON001,2,21,24,REJECTED_ANCHOR,MULTIPLE_ACTIVE_OPTICAL_HYPOTHESES,0,0,False,False
R01ZF,FULL_CONTEXT_OFFLINE,14,TERGR2H_4988772BAC24EBCC8B2E,R01ZF_REUSED_R01ZF_PERSON001,2,22,27,REJECTED_ANCHOR,MULTIPLE_ACTIVE_OPTICAL_HYPOTHESES,0,0,False,False
R01ZF,FULL_CONTEXT_OFFLINE,15,TERGR2H_4988772BAC24EBCC8B2E,R01ZF_REUSED_R01ZF_PERSON001,2,21,25,REJECTED_ANCHOR,MULTIPLE_ACTIVE_OPTICAL_HYPOTHESES,0,0,False,False
R01ZF,FULL_CONTEXT_OFFLINE,16,TERGR2H_4988772BAC24EBCC8B2E,R01ZF_REUSED_R01ZF_PERSON001,2,19,25,REJECTED_ANCHOR,MULTIPLE_ACTIVE_OPTICAL_HYPOTHESES,0,0,False,False
R01ZF,FULL_CONTEXT_OFFLINE,17,TERGR2H_4988772BAC24EBCC8B2E,R01ZF_REUSED_R01ZF_PERSON001,3,18,26,REJECTED_ANCHOR,MULTIPLE_ACTIVE_OPTICAL_HYPOTHESES,0,0,False,False
R01ZF,FULL_CONTEXT_OFFLINE,18,TERGR2H_4988772BAC24EBCC8B2E,R01ZF_REUSED_R01ZF_PERSON001,3,16,23,REJECTED_ANCHOR,MULTIPLE_ACTIVE_OPTICAL_HYPOTHESES,0,0,False,False
R01ZF,FULL_CONTEXT_OFFLINE,19,TERGR2H_4988772BAC24EBCC8B2E,R01ZF_REUSED_R01ZF_PERSON001,3,17,25,REJECTED_ANCHOR,MULTIPLE_ACTIVE_OPTICAL_HYPOTHESES,0,0,False,False
R01ZF,FULL_CONTEXT_OFFLINE,20,TERGR2H_4988772BAC24EBCC8B2E,R01ZF_REUSED_R01ZF_PERSON001,3,19,25,REJECTED_ANCHOR,MULTIPLE_ACTIVE_OPTICAL_HYPOTHESES,0,0,False,False
R01ZF,FULL_CONTEXT_OFFLINE,21,TERGR2H_4988772BAC24EBCC8B2E,R01ZF_REUSED_R01ZF_PERSON001,3,17,21,REJECTED_ANCHOR,MULTIPLE_ACTIVE_OPTICAL_HYPOTHESES,0,0,False,False
R01ZF,FULL_CONTEXT_OFFLINE,22,TERGR2H_4988772BAC24EBCC8B2E,R01ZF_REUSED_R01ZF_PERSON001,3,17,22,REJECTED_ANCHOR,MULTIPLE_ACTIVE_OPTICAL_HYPOTHESES,0,0,False,False
R01ZF,FULL_CONTEXT_OFFLINE,23,TERGR2H_4988772BAC24EBCC8B2E,R01ZF_REUSED_R01ZF_PERSON001,3,19,24,REJECTED_ANCHOR,MULTIPLE_ACTIVE_OPTICAL_HYPOTHESES,0,0,False,False
R01ZF,FULL_CONTEXT_OFFLINE,24,TERGR2H_4988772BAC24EBCC8B2E,R01ZF_REUSED_R01ZF_PERSON001,3,21,25,REJECTED_ANCHOR,MULTIPLE_ACTIVE_OPTICAL_HYPOTHESES,0,0,False,False
R01ZF,FULL_CONTEXT_OFFLINE,25,TERGR2H_4988772BAC24EBCC8B2E,R01ZF_REUSED_R01ZF_PERSON001,3,18,26,REJECTED_ANCHOR,MULTIPLE_ACTIVE_OPTICAL_HYPOTHESES,0,0,False,False
R01ZF,FULL_CONTEXT_OFFLINE,26,TERGR2H_4988772BAC24EBCC8B2E,R01ZF_REUSED_R01ZF_PERSON001,3,18,23,REJECTED_ANCHOR,MULTIPLE_ACTIVE_OPTICAL_HYPOTHESES,0,0,False,False
R01ZF,FULL_CONTEXT_OFFLINE,27,TERGR2H_4988772BAC24EBCC8B2E,R01ZF_REUSED_R01ZF_PERSON001,3,17,23,REJECTED_ANCHOR,MULTIPLE_ACTIVE_OPTICAL_HYPOTHESES,0,0,False,False
R01ZF,FULL_CONTEXT_OFFLINE,28,TERGR2H_4988772BAC24EBCC8B2E,R01ZF_REUSED_R01ZF_PERSON001,3,18,24,REJECTED_ANCHOR,MULTIPLE_ACTIVE_OPTICAL_HYPOTHESES,0,0,False,False
R01ZF,FULL_CONTEXT_OFFLINE,29,TERGR2H_4988772BAC24EBCC8B2E,R01ZF_REUSED_R01ZF_PERSON001,3,20,25,REJECTED_ANCHOR,MULTIPLE_ACTIVE_OPTICAL_HYPOTHESES,0,0,False,False
R01ZF,FULL_CONTEXT_OFFLINE,30,TERGR2H_4988772BAC24EBCC8B2E,R01ZF_REUSED_R01ZF_PERSON001,3,19,24,REJECTED_ANCHOR,MULTIPLE_ACTIVE_OPTICAL_HYPOTHESES,0,0,False,False
R01ZF,FULL_CONTEXT_OFFLINE,31,TERGR2H_4988772BAC24EBCC8B2E,R01ZF_REUSED_R01ZF_PERSON001,3,22,27,REJECTED_ANCHOR,MULTIPLE_ACTIVE_OPTICAL_HYPOTHESES,0,0,False,False
R01ZF,FULL_CONTEXT_OFFLINE,32,TERGR2H_4988772BAC24EBCC8B2E,R01ZF_REUSED_R01ZF_PERSON001,3,23,26,REJECTED_ANCHOR,MULTIPLE_ACTIVE_OPTICAL_HYPOTHESES,0,0,False,False
R01ZF,FULL_CONTEXT_OFFLINE,33,TERGR2H_4988772BAC24EBCC8B2E,R01ZF_REUSED_R01ZF_PERSON001,3,25,28,REJECTED_ANCHOR,MULTIPLE_ACTIVE_OPTICAL_HYPOTHESES,0,0,False,False
R01ZF,FULL_CONTEXT_OFFLINE,34,TERGR2H_4988772BAC24EBCC8B2E,R01ZF_REUSED_R01ZF_PERSON001,3,23,25,REJECTED_ANCHOR,MULTIPLE_ACTIVE_OPTICAL_HYPOTHESES,0,0,False,False
R01ZF,FULL_CONTEXT_OFFLINE,35,TERGR2H_4988772BAC24EBCC8B2E,R01ZF_REUSED_R01ZF_PERSON001,3,19,23,REJECTED_ANCHOR,MULTIPLE_ACTIVE_OPTICAL_HYPOTHESES,0,0,False,False
R01ZF,FULL_CONTEXT_OFFLINE,36,TERGR2H_4988772BAC24EBCC8B2E,R01ZF_REUSED_R01ZF_PERSON001,3,20,23,REJECTED_ANCHOR,MULTIPLE_ACTIVE_OPTICAL_HYPOTHESES,0,0,False,False
R01ZF,FULL_CONTEXT_OFFLINE,37,TERGR2H_4988772BAC24EBCC8B2E,R01ZF_REUSED_R01ZF_PERSON001,3,20,22,REJECTED_ANCHOR,MULTIPLE_ACTIVE_OPTICAL_HYPOTHESES,0,0,False,False
R01ZF,FULL_CONTEXT_OFFLINE,38,TERGR2H_4988772BAC24EBCC8B2E,R01ZF_REUSED_R01ZF_PERSON001,3,20,22,REJECTED_ANCHOR,MULTIPLE_ACTIVE_OPTICAL_HYPOTHESES,0,0,False,False
R01ZF,FULL_CONTEXT_OFFLINE,39,TERGR2H_4988772BAC24EBCC8B2E,R01ZF_REUSED_R01ZF_PERSON001,3,17,20,REJECTED_ANCHOR,MULTIPLE_ACTIVE_OPTICAL_HYPOTHESES,0,0,False,False
R01ZF,FULL_CONTEXT_OFFLINE,40,TERGR2H_4988772BAC24EBCC8B2E,R01ZF_REUSED_R01ZF_PERSON001,3,12,12,REJECTED_ANCHOR,MULTIPLE_ACTIVE_OPTICAL_HYPOTHESES,0,0,False,False
R01ZF,FULL_CONTEXT_OFFLINE,41,TERGR2H_4988772BAC24EBCC8B2E,R01ZF_REUSED_R01ZF_PERSON001,3,14,14,REJECTED_ANCHOR,MULTIPLE_ACTIVE_OPTICAL_HYPOTHESES,0,0,False,False
R01ZF,FULL_CONTEXT_OFFLINE,42,TERGR2H_4988772BAC24EBCC8B2E,R01ZF_REUSED_R01ZF_PERSON001,3,18,19,REJECTED_ANCHOR,MULTIPLE_ACTIVE_OPTICAL_HYPOTHESES,0,0,False,False
R01ZF,FULL_CONTEXT_OFFLINE,43,TERGR2H_4988772BAC24EBCC8B2E,R01ZF_REUSED_R01ZF_PERSON001,3,18,20,REJECTED_ANCHOR,MULTIPLE_ACTIVE_OPTICAL_HYPOTHESES,0,0,False,False
R01ZF,FULL_CONTEXT_OFFLINE,44,TERGR2H_4988772BAC24EBCC8B2E,R01ZF_REUSED_R01ZF_PERSON001,3,20,24,REJECTED_ANCHOR,MULTIPLE_ACTIVE_OPTICAL_HYPOTHESES,0,0,False,False
R01ZF,FULL_CONTEXT_OFFLINE,45,TERGR2H_4988772BAC24EBCC8B2E,R01ZF_REUSED_R01ZF_PERSON001,3,17,20,REJECTED_ANCHOR,MULTIPLE_ACTIVE_OPTICAL_HYPOTHESES,0,0,False,False
R01ZF,FULL_CONTEXT_OFFLINE,46,TERGR2H_4988772BAC24EBCC8B2E,R01ZF_REUSED_R01ZF_PERSON001,3,17,19,REJECTED_ANCHOR,MULTIPLE_ACTIVE_OPTICAL_HYPOTHESES,0,0,False,False
R01ZF,FULL_CONTEXT_OFFLINE,47,TERGR2H_4988772BAC24EBCC8B2E,R01ZF_REUSED_R01ZF_PERSON001,3,20,20,REJECTED_ANCHOR,MULTIPLE_ACTIVE_OPTICAL_HYPOTHESES,0,0,False,False
R01ZF,FULL_CONTEXT_OFFLINE,48,TERGR2H_4988772BAC24EBCC8B2E,R01ZF_REUSED_R01ZF_PERSON001,3,20,21,REJECTED_ANCHOR,MULTIPLE_ACTIVE_OPTICAL_HYPOTHESES,0,0,False,False
R01ZF,FULL_CONTEXT_OFFLINE,49,TERGR2H_4988772BAC24EBCC8B2E,R01ZF_REUSED_R01ZF_PERSON001,3,18,19,REJECTED_ANCHOR,MULTIPLE_ACTIVE_OPTICAL_HYPOTHESES,0,0,False,False
R01ZF,FULL_CONTEXT_OFFLINE,50,TERGR2H_4988772BAC24EBCC8B2E,R01ZF_REUSED_R01ZF_PERSON001,3,15,16,REJECTED_ANCHOR,MULTIPLE_ACTIVE_OPTICAL_HYPOTHESES,0,0,False,False
R01ZF,FULL_CONTEXT_OFFLINE,51,TERGR2H_4988772BAC24EBCC8B2E,R01ZF_REUSED_R01ZF_PERSON001,3,16,17,REJECTED_ANCHOR,MULTIPLE_ACTIVE_OPTICAL_HYPOTHESES,0,0,False,False
R01ZF,FULL_CONTEXT_OFFLINE,52,TERGR2H_4988772BAC24EBCC8B2E,R01ZF_REUSED_R01ZF_PERSON001,3,17,17,REJECTED_ANCHOR,MULTIPLE_ACTIVE_OPTICAL_HYPOTHESES,0,0,False,False
R01ZF,FULL_CONTEXT_OFFLINE,53,TERGR2H_4988772BAC24EBCC8B2E,R01ZF_REUSED_R01ZF_PERSON001,3,15,17,REJECTED_ANCHOR,MULTIPLE_ACTIVE_OPTICAL_HYPOTHESES,0,0,False,False
R01ZF,FULL_CONTEXT_OFFLINE,54,TERGR2H_4988772BAC24EBCC8B2E,R01ZF_REUSED_R01ZF_PERSON001,3,14,15,REJECTED_ANCHOR,MULTIPLE_ACTIVE_OPTICAL_HYPOTHESES,0,0,False,False
R01ZF,FULL_CONTEXT_OFFLINE,55,TERGR2H_4988772BAC24EBCC8B2E,R01ZF_REUSED_R01ZF_PERSON001,3,14,15,REJECTED_ANCHOR,MULTIPLE_ACTIVE_OPTICAL_HYPOTHESES,0,0,False,False
R01ZF,FULL_CONTEXT_OFFLINE,56,TERGR2H_4988772BAC24EBCC8B2E,R01ZF_REUSED_R01ZF_PERSON001,3,13,14,REJECTED_ANCHOR,MULTIPLE_ACTIVE_OPTICAL_HYPOTHESES,0,0,False,False
R01ZF,FULL_CONTEXT_OFFLINE,57,TERGR2H_4988772BAC24EBCC8B2E,R01ZF_REUSED_R01ZF_PERSON001,3,15,16,REJECTED_ANCHOR,MULTIPLE_ACTIVE_OPTICAL_HYPOTHESES,0,0,False,False
R01ZF,FULL_CONTEXT_OFFLINE,58,TERGR2H_4988772BAC24EBCC8B2E,R01ZF_REUSED_R01ZF_PERSON001,3,14,15,REJECTED_ANCHOR,MULTIPLE_ACTIVE_OPTICAL_HYPOTHESES,0,0,False,False
R01ZF,FULL_CONTEXT_OFFLINE,59,TERGR2H_4988772BAC24EBCC8B2E,R01ZF_REUSED_R01ZF_PERSON001,3,15,16,REJECTED_ANCHOR,MULTIPLE_ACTIVE_OPTICAL_HYPOTHESES,0,0,False,False
R01ZF,FULL_CONTEXT_OFFLINE,60,TERGR2H_4988772BAC24EBCC8B2E,R01ZF_REUSED_R01ZF_PERSON001,3,15,17,REJECTED_ANCHOR,MULTIPLE_ACTIVE_OPTICAL_HYPOTHESES,0,0,False,False
R01ZF,FULL_CONTEXT_OFFLINE,61,TERGR2H_4988772BAC24EBCC8B2E,R01ZF_REUSED_R01ZF_PERSON001,3,17,22,REJECTED_ANCHOR,MULTIPLE_ACTIVE_OPTICAL_HYPOTHESES,0,0,False,False
R01ZF,FULL_CONTEXT_OFFLINE,62,TERGR2H_4988772BAC24EBCC8B2E,R01ZF_REUSED_R01ZF_PERSON001,3,18,21,REJECTED_ANCHOR,MULTIPLE_ACTIVE_OPTICAL_HYPOTHESES,0,0,False,False
R01ZF,FULL_CONTEXT_OFFLINE,63,TERGR2H_4988772BAC24EBCC8B2E,R01ZF_REUSED_R01ZF_PERSON001,3,17,19,REJECTED_ANCHOR,MULTIPLE_ACTIVE_OPTICAL_HYPOTHESES,0,0,False,False
R01ZF,FULL_CONTEXT_OFFLINE,64,TERGR2H_4988772BAC24EBCC8B2E,R01ZF_REUSED_R01ZF_PERSON001,3,17,20,REJECTED_ANCHOR,MULTIPLE_ACTIVE_OPTICAL_HYPOTHESES,0,0,False,False
R01ZF,FULL_CONTEXT_OFFLINE,65,TERGR2H_4988772BAC24EBCC8B2E,R01ZF_REUSED_R01ZF_PERSON001,3,18,20,REJECTED_ANCHOR,MULTIPLE_ACTIVE_OPTICAL_HYPOTHESES,0,0,False,False
R01ZF,FULL_CONTEXT_OFFLINE,66,TERGR2H_4988772BAC24EBCC8B2E,R01ZF_REUSED_R01ZF_PERSON001,3,13,15,REJECTED_ANCHOR,MULTIPLE_ACTIVE_OPTICAL_HYPOTHESES,0,0,False,False
R01ZF,FULL_CONTEXT_OFFLINE,67,TERGR2H_4988772BAC24EBCC8B2E,R01ZF_REUSED_R01ZF_PERSON001,3,17,21,REJECTED_ANCHOR,MULTIPLE_ACTIVE_OPTICAL_HYPOTHESES,0,0,False,False
R01ZF,FULL_CONTEXT_OFFLINE,68,TERGR2H_4988772BAC24EBCC8B2E,R01ZF_REUSED_R01ZF_PERSON001,3,16,17,REJECTED_ANCHOR,MULTIPLE_ACTIVE_OPTICAL_HYPOTHESES,0,0,False,False
R01ZF,FULL_CONTEXT_OFFLINE,69,TERGR2H_4988772BAC24EBCC8B2E,R01ZF_REUSED_R01ZF_PERSON001,3,19,22,REJECTED_ANCHOR,MULTIPLE_ACTIVE_OPTICAL_HYPOTHESES,0,0,False,False
R01ZF,FULL_CONTEXT_OFFLINE,70,TERGR2H_4988772BAC24EBCC8B2E,R01ZF_REUSED_R01ZF_PERSON001,3,17,18,REJECTED_ANCHOR,MULTIPLE_ACTIVE_OPTICAL_HYPOTHESES,0,0,False,False
R01ZF,FULL_CONTEXT_OFFLINE,71,TERGR2H_4988772BAC24EBCC8B2E,R01ZF_REUSED_R01ZF_PERSON001,3,17,18,REJECTED_ANCHOR,MULTIPLE_ACTIVE_OPTICAL_HYPOTHESES,0,0,False,False
R01ZF,FULL_CONTEXT_OFFLINE,72,TERGR2H_4988772BAC24EBCC8B2E,R01ZF_REUSED_R01ZF_PERSON001,3,18,20,REJECTED_ANCHOR,MULTIPLE_ACTIVE_OPTICAL_HYPOTHESES,0,0,False,False
R01ZF,FULL_CONTEXT_OFFLINE,73,TERGR2H_4988772BAC24EBCC8B2E,R01ZF_REUSED_R01ZF_PERSON001,3,16,18,REJECTED_ANCHOR,MULTIPLE_ACTIVE_OPTICAL_HYPOTHESES,0,0,False,False
R01ZF,FULL_CONTEXT_OFFLINE,74,TERGR2H_4988772BAC24EBCC8B2E,R01ZF_REUSED_R01ZF_PERSON001,3,14,15,REJECTED_ANCHOR,MULTIPLE_ACTIVE_OPTICAL_HYPOTHESES,0,0,False,False
R01ZF,FULL_CONTEXT_OFFLINE,75,TERGR2H_4988772BAC24EBCC8B2E,R01ZF_REUSED_R01ZF_PERSON001,3,14,15,REJECTED_ANCHOR,MULTIPLE_ACTIVE_OPTICAL_HYPOTHESES,0,0,False,False
R01ZF,FULL_CONTEXT_OFFLINE,76,TERGR2H_4988772BAC24EBCC8B2E,R01ZF_REUSED_R01ZF_PERSON001,3,16,18,REJECTED_ANCHOR,MULTIPLE_ACTIVE_OPTICAL_HYPOTHESES,0,0,False,False
R01ZF,FULL_CONTEXT_OFFLINE,77,TERGR2H_4988772BAC24EBCC8B2E,R01ZF_REUSED_R01ZF_PERSON001,3,17,18,REJECTED_ANCHOR,MULTIPLE_ACTIVE_OPTICAL_HYPOTHESES,0,0,False,False
R01ZF,FULL_CONTEXT_OFFLINE,78,TERGR2H_4988772BAC24EBCC8B2E,R01ZF_REUSED_R01ZF_PERSON001,3,15,17,REJECTED_ANCHOR,MULTIPLE_ACTIVE_OPTICAL_HYPOTHESES,0,0,False,False
R01ZF,FULL_CONTEXT_OFFLINE,79,TERGR2H_4988772BAC24EBCC8B2E,R01ZF_REUSED_R01ZF_PERSON001,3,15,17,REJECTED_ANCHOR,MULTIPLE_ACTIVE_OPTICAL_HYPOTHESES,0,0,False,False
R01ZF,FULL_CONTEXT_OFFLINE,80,TERGR2H_4988772BAC24EBCC8B2E,R01ZF_REUSED_R01ZF_PERSON001,3,14,16,REJECTED_ANCHOR,MULTIPLE_ACTIVE_OPTICAL_HYPOTHESES,0,0,False,False
R01ZF,FULL_CONTEXT_OFFLINE,81,TERGR2H_4988772BAC24EBCC8B2E,R01ZF_REUSED_R01ZF_PERSON001,3,11,13,REJECTED_ANCHOR,MULTIPLE_ACTIVE_OPTICAL_HYPOTHESES,0,0,False,False
R01ZF,FULL_CONTEXT_OFFLINE,82,TERGR2H_4988772BAC24EBCC8B2E,R01ZF_REUSED_R01ZF_PERSON001,3,13,14,REJECTED_ANCHOR,MULTIPLE_ACTIVE_OPTICAL_HYPOTHESES,0,0,False,False
R01ZF,FULL_CONTEXT_OFFLINE,83,TERGR2H_4988772BAC24EBCC8B2E,R01ZF_REUSED_R01ZF_PERSON001,3,12,13,REJECTED_ANCHOR,MULTIPLE_ACTIVE_OPTICAL_HYPOTHESES,0,0,False,False
R01ZF,FULL_CONTEXT_OFFLINE,84,TERGR2H_4988772BAC24EBCC8B2E,R01ZF_REUSED_R01ZF_PERSON001,3,11,11,REJECTED_ANCHOR,MULTIPLE_ACTIVE_OPTICAL_HYPOTHESES,0,0,False,False
R01ZF,FULL_CONTEXT_OFFLINE,85,TERGR2H_4988772BAC24EBCC8B2E,R01ZF_REUSED_R01ZF_PERSON001,3,10,10,REJECTED_ANCHOR,MULTIPLE_ACTIVE_OPTICAL_HYPOTHESES,0,0,False,False
R01ZF,FULL_CONTEXT_OFFLINE,86,TERGR2H_4988772BAC24EBCC8B2E,R01ZF_REUSED_R01ZF_PERSON001,3,9,10,REJECTED_ANCHOR,MULTIPLE_ACTIVE_OPTICAL_HYPOTHESES,0,0,False,False
R01ZF,FULL_CONTEXT_OFFLINE,87,TERGR2H_4988772BAC24EBCC8B2E,R01ZF_REUSED_R01ZF_PERSON001,3,9,9,REJECTED_ANCHOR,MULTIPLE_ACTIVE_OPTICAL_HYPOTHESES,0,0,False,False
R01ZF,FULL_CONTEXT_OFFLINE,88,TERGR2H_4988772BAC24EBCC8B2E,R01ZF_REUSED_R01ZF_PERSON001,3,10,10,REJECTED_ANCHOR,MULTIPLE_ACTIVE_OPTICAL_HYPOTHESES,0,0,False,False
R01ZF,FULL_CONTEXT_OFFLINE,89,TERGR2H_4988772BAC24EBCC8B2E,R01ZF_REUSED_R01ZF_PERSON001,3,11,11,REJECTED_ANCHOR,MULTIPLE_ACTIVE_OPTICAL_HYPOTHESES,0,0,False,False
R01ZF,FULL_CONTEXT_OFFLINE,90,TERGR2H_4988772BAC24EBCC8B2E,R01ZF_REUSED_R01ZF_PERSON001,3,11,11,REJECTED_ANCHOR,MULTIPLE_ACTIVE_OPTICAL_HYPOTHESES,0,0,False,False
R01ZF,FULL_CONTEXT_OFFLINE,91,TERGR2H_4988772BAC24EBCC8B2E,R01ZF_REUSED_R01ZF_PERSON001,2,8,8,REJECTED_ANCHOR,MULTIPLE_ACTIVE_OPTICAL_HYPOTHESES,0,0,False,False
R01ZF,FULL_CONTEXT_OFFLINE,92,TERGR2H_4988772BAC24EBCC8B2E,R01ZF_REUSED_R01ZF_PERSON001,2,7,8,REJECTED_ANCHOR,MULTIPLE_ACTIVE_OPTICAL_HYPOTHESES,0,0,False,False
R01ZF,FULL_CONTEXT_OFFLINE,93,TERGR2H_4988772BAC24EBCC8B2E,R01ZF_REUSED_R01ZF_PERSON001,2,5,6,REJECTED_ANCHOR,MULTIPLE_ACTIVE_OPTICAL_HYPOTHESES,0,0,False,False
R01ZF,CAUSAL_REPLAY,2,TERGR2H_05464B22F990466B2DF2,R01ZF_REUSED_R01ZF_PERSON002,2,11,12,REJECTED_ANCHOR,MULTIPLE_ACTIVE_OPTICAL_HYPOTHESES,0,0,False,False
R01ZF,CAUSAL_REPLAY,3,TERGR2H_05464B22F990466B2DF2,R01ZF_REUSED_R01ZF_PERSON002,2,10,11,REJECTED_ANCHOR,MULTIPLE_ACTIVE_OPTICAL_HYPOTHESES,0,0,False,False
R01ZF,CAUSAL_REPLAY,4,TERGR2H_05464B22F990466B2DF2,R01ZF_REUSED_R01ZF_PERSON002,2,11,11,REJECTED_ANCHOR,MULTIPLE_ACTIVE_OPTICAL_HYPOTHESES,0,0,False,False
R01ZF,CAUSAL_REPLAY,5,TERGR2H_05464B22F990466B2DF2,R01ZF_REUSED_R01ZF_PERSON002,2,15,15,REJECTED_ANCHOR,MULTIPLE_ACTIVE_OPTICAL_HYPOTHESES,0,0,False,False
R01ZF,CAUSAL_REPLAY,6,TERGR2H_05464B22F990466B2DF2,R01ZF_REUSED_R01ZF_PERSON002,2,13,13,REJECTED_ANCHOR,MULTIPLE_ACTIVE_OPTICAL_HYPOTHESES,0,0,False,False
R01ZF,CAUSAL_REPLAY,7,TERGR2H_05464B22F990466B2DF2,R01ZF_REUSED_R01ZF_PERSON002,2,14,14,REJECTED_ANCHOR,MULTIPLE_ACTIVE_OPTICAL_HYPOTHESES,0,0,False,False
R01ZF,CAUSAL_REPLAY,8,TERGR2H_05464B22F990466B2DF2,R01ZF_REUSED_R01ZF_PERSON002,2,16,17,REJECTED_ANCHOR,MULTIPLE_ACTIVE_OPTICAL_HYPOTHESES,0,0,False,False
R01ZF,CAUSAL_REPLAY,9,TERGR2H_05464B22F990466B2DF2,R01ZF_REUSED_R01ZF_PERSON002,2,18,19,REJECTED_ANCHOR,MULTIPLE_ACTIVE_OPTICAL_HYPOTHESES,0,0,False,False
R01ZF,CAUSAL_REPLAY,10,TERGR2H_05464B22F990466B2DF2,R01ZF_REUSED_R01ZF_PERSON002,2,16,17,REJECTED_ANCHOR,MULTIPLE_ACTIVE_OPTICAL_HYPOTHESES,0,0,False,False
R01ZF,CAUSAL_REPLAY,11,TERGR2H_05464B22F990466B2DF2,R01ZF_REUSED_R01ZF_PERSON002,2,19,20,REJECTED_ANCHOR,MULTIPLE_ACTIVE_OPTICAL_HYPOTHESES,0,0,False,False
R01ZF,CAUSAL_REPLAY,12,TERGR2H_05464B22F990466B2DF2,R01ZF_REUSED_R01ZF_PERSON002,2,24,25,REJECTED_ANCHOR,MULTIPLE_ACTIVE_OPTICAL_HYPOTHESES,0,0,False,False
R01ZF,CAUSAL_REPLAY,13,TERGR2H_05464B22F990466B2DF2,R01ZF_REUSED_R01ZF_PERSON002,2,21,21,REJECTED_ANCHOR,MULTIPLE_ACTIVE_OPTICAL_HYPOTHESES,0,0,False,False
R01ZF,CAUSAL_REPLAY,14,TERGR2H_05464B22F990466B2DF2,R01ZF_REUSED_R01ZF_PERSON002,2,24,25,REJECTED_ANCHOR,MULTIPLE_ACTIVE_OPTICAL_HYPOTHESES,0,0,False,False
R01ZF,CAUSAL_REPLAY,15,TERGR2H_05464B22F990466B2DF2,R01ZF_REUSED_R01ZF_PERSON002,2,22,22,REJECTED_ANCHOR,MULTIPLE_ACTIVE_OPTICAL_HYPOTHESES,0,0,False,False
R01ZF,CAUSAL_REPLAY,16,TERGR2H_05464B22F990466B2DF2,R01ZF_REUSED_R01ZF_PERSON002,2,19,19,REJECTED_ANCHOR,MULTIPLE_ACTIVE_OPTICAL_HYPOTHESES,0,0,False,False
R01ZF,CAUSAL_REPLAY,17,TERGR2H_05464B22F990466B2DF2,R01ZF_REUSED_R01ZF_PERSON002,2,19,21,REJECTED_ANCHOR,MULTIPLE_ACTIVE_OPTICAL_HYPOTHESES,0,0,False,False
R01ZF,CAUSAL_REPLAY,18,TERGR2H_05464B22F990466B2DF2,R01ZF_REUSED_R01ZF_PERSON002,2,19,20,REJECTED_ANCHOR,MULTIPLE_ACTIVE_OPTICAL_HYPOTHESES,0,0,False,False
R01ZF,CAUSAL_REPLAY,19,TERGR2H_05464B22F990466B2DF2,R01ZF_REUSED_R01ZF_PERSON002,3,21,23,REJECTED_ANCHOR,MULTIPLE_ACTIVE_OPTICAL_HYPOTHESES,0,0,False,False
R01ZF,CAUSAL_REPLAY,20,TERGR2H_05464B22F990466B2DF2,R01ZF_REUSED_R01ZF_PERSON002,3,20,21,REJECTED_ANCHOR,MULTIPLE_ACTIVE_OPTICAL_HYPOTHESES,0,0,False,False
R01ZF,CAUSAL_REPLAY,21,TERGR2H_05464B22F990466B2DF2,R01ZF_REUSED_R01ZF_PERSON002,3,16,18,REJECTED_ANCHOR,MULTIPLE_ACTIVE_OPTICAL_HYPOTHESES,0,0,False,False
R01ZF,CAUSAL_REPLAY,22,TERGR2H_05464B22F990466B2DF2,R01ZF_REUSED_R01ZF_PERSON002,3,17,20,REJECTED_ANCHOR,MULTIPLE_ACTIVE_OPTICAL_HYPOTHESES,0,0,False,False
R01ZF,CAUSAL_REPLAY,23,TERGR2H_05464B22F990466B2DF2,R01ZF_REUSED_R01ZF_PERSON002,3,18,21,REJECTED_ANCHOR,MULTIPLE_ACTIVE_OPTICAL_HYPOTHESES,0,0,False,False
R01ZF,CAUSAL_REPLAY,24,TERGR2H_05464B22F990466B2DF2,R01ZF_REUSED_R01ZF_PERSON002,3,22,24,REJECTED_ANCHOR,MULTIPLE_ACTIVE_OPTICAL_HYPOTHESES,0,0,False,False
R01ZF,CAUSAL_REPLAY,25,TERGR2H_05464B22F990466B2DF2,R01ZF_REUSED_R01ZF_PERSON002,3,18,22,REJECTED_ANCHOR,MULTIPLE_ACTIVE_OPTICAL_HYPOTHESES,0,0,False,False
R01ZF,CAUSAL_REPLAY,26,TERGR2H_05464B22F990466B2DF2,R01ZF_REUSED_R01ZF_PERSON002,3,16,18,REJECTED_ANCHOR,MULTIPLE_ACTIVE_OPTICAL_HYPOTHESES,0,0,False,False
R01ZF,CAUSAL_REPLAY,27,TERGR2H_05464B22F990466B2DF2,R01ZF_REUSED_R01ZF_PERSON002,3,16,20,REJECTED_ANCHOR,MULTIPLE_ACTIVE_OPTICAL_HYPOTHESES,0,0,False,False
R01ZF,CAUSAL_REPLAY,28,TERGR2H_05464B22F990466B2DF2,R01ZF_REUSED_R01ZF_PERSON002,3,16,18,REJECTED_ANCHOR,MULTIPLE_ACTIVE_OPTICAL_HYPOTHESES,0,0,False,False
R01ZF,CAUSAL_REPLAY,29,TERGR2H_05464B22F990466B2DF2,R01ZF_REUSED_R01ZF_PERSON002,3,21,22,REJECTED_ANCHOR,MULTIPLE_ACTIVE_OPTICAL_HYPOTHESES,0,0,False,False
R01ZF,CAUSAL_REPLAY,30,TERGR2H_05464B22F990466B2DF2,R01ZF_REUSED_R01ZF_PERSON002,3,18,19,REJECTED_ANCHOR,MULTIPLE_ACTIVE_OPTICAL_HYPOTHESES,0,0,False,False
R01ZF,CAUSAL_REPLAY,31,TERGR2H_05464B22F990466B2DF2,R01ZF_REUSED_R01ZF_PERSON002,3,19,21,REJECTED_ANCHOR,MULTIPLE_ACTIVE_OPTICAL_HYPOTHESES,0,0,False,False
R01ZF,CAUSAL_REPLAY,32,TERGR2H_05464B22F990466B2DF2,R01ZF_REUSED_R01ZF_PERSON002,3,22,23,REJECTED_ANCHOR,MULTIPLE_ACTIVE_OPTICAL_HYPOTHESES,0,0,False,False
R01ZF,CAUSAL_REPLAY,33,TERGR2H_05464B22F990466B2DF2,R01ZF_REUSED_R01ZF_PERSON002,3,20,21,REJECTED_ANCHOR,MULTIPLE_ACTIVE_OPTICAL_HYPOTHESES,0,0,False,False
R01ZF,CAUSAL_REPLAY,34,TERGR2H_05464B22F990466B2DF2,R01ZF_REUSED_R01ZF_PERSON002,3,19,19,REJECTED_ANCHOR,MULTIPLE_ACTIVE_OPTICAL_HYPOTHESES,0,0,False,False
R01ZF,CAUSAL_REPLAY,35,TERGR2H_05464B22F990466B2DF2,R01ZF_REUSED_R01ZF_PERSON002,3,18,18,REJECTED_ANCHOR,MULTIPLE_ACTIVE_OPTICAL_HYPOTHESES,0,0,False,False
R01ZF,CAUSAL_REPLAY,36,TERGR2H_05464B22F990466B2DF2,R01ZF_REUSED_R01ZF_PERSON002,3,16,16,REJECTED_ANCHOR,MULTIPLE_ACTIVE_OPTICAL_HYPOTHESES,0,0,False,False
R01ZF,CAUSAL_REPLAY,37,TERGR2H_05464B22F990466B2DF2,R01ZF_REUSED_R01ZF_PERSON002,3,17,17,REJECTED_ANCHOR,MULTIPLE_ACTIVE_OPTICAL_HYPOTHESES,0,0,False,False
R01ZF,CAUSAL_REPLAY,38,TERGR2H_05464B22F990466B2DF2,R01ZF_REUSED_R01ZF_PERSON002,3,16,16,REJECTED_ANCHOR,MULTIPLE_ACTIVE_OPTICAL_HYPOTHESES,0,0,False,False
R01ZF,CAUSAL_REPLAY,39,TERGR2H_05464B22F990466B2DF2,R01ZF_REUSED_R01ZF_PERSON002,3,16,17,REJECTED_ANCHOR,MULTIPLE_ACTIVE_OPTICAL_HYPOTHESES,0,0,False,False
R01ZF,CAUSAL_REPLAY,40,TERGR2H_05464B22F990466B2DF2,R01ZF_REUSED_R01ZF_PERSON002,3,10,10,REJECTED_ANCHOR,MULTIPLE_ACTIVE_OPTICAL_HYPOTHESES,0,0,False,False
R01ZF,CAUSAL_REPLAY,41,TERGR2H_05464B22F990466B2DF2,R01ZF_REUSED_R01ZF_PERSON002,3,13,13,REJECTED_ANCHOR,MULTIPLE_ACTIVE_OPTICAL_HYPOTHESES,0,0,False,False
R01ZF,CAUSAL_REPLAY,42,TERGR2H_05464B22F990466B2DF2,R01ZF_REUSED_R01ZF_PERSON002,3,13,14,REJECTED_ANCHOR,MULTIPLE_ACTIVE_OPTICAL_HYPOTHESES,0,0,False,False
R01ZF,CAUSAL_REPLAY,43,TERGR2H_05464B22F990466B2DF2,R01ZF_REUSED_R01ZF_PERSON002,3,15,16,REJECTED_ANCHOR,MULTIPLE_ACTIVE_OPTICAL_HYPOTHESES,0,0,False,False
R01ZF,CAUSAL_REPLAY,44,TERGR2H_05464B22F990466B2DF2,R01ZF_REUSED_R01ZF_PERSON002,3,18,21,REJECTED_ANCHOR,MULTIPLE_ACTIVE_OPTICAL_HYPOTHESES,0,0,False,False
R01ZF,CAUSAL_REPLAY,45,TERGR2H_05464B22F990466B2DF2,R01ZF_REUSED_R01ZF_PERSON002,3,14,14,REJECTED_ANCHOR,MULTIPLE_ACTIVE_OPTICAL_HYPOTHESES,0,0,False,False
R01ZF,CAUSAL_REPLAY,46,TERGR2H_05464B22F990466B2DF2,R01ZF_REUSED_R01ZF_PERSON002,3,14,14,REJECTED_ANCHOR,MULTIPLE_ACTIVE_OPTICAL_HYPOTHESES,0,0,False,False
R01ZF,CAUSAL_REPLAY,47,TERGR2H_05464B22F990466B2DF2,R01ZF_REUSED_R01ZF_PERSON002,3,15,15,REJECTED_ANCHOR,MULTIPLE_ACTIVE_OPTICAL_HYPOTHESES,0,0,False,False
R01ZF,CAUSAL_REPLAY,48,TERGR2H_05464B22F990466B2DF2,R01ZF_REUSED_R01ZF_PERSON002,3,15,15,REJECTED_ANCHOR,MULTIPLE_ACTIVE_OPTICAL_HYPOTHESES,0,0,False,False
R01ZF,CAUSAL_REPLAY,49,TERGR2H_05464B22F990466B2DF2,R01ZF_REUSED_R01ZF_PERSON002,3,15,15,REJECTED_ANCHOR,MULTIPLE_ACTIVE_OPTICAL_HYPOTHESES,0,0,False,False
R01ZF,CAUSAL_REPLAY,50,TERGR2H_05464B22F990466B2DF2,R01ZF_REUSED_R01ZF_PERSON002,3,11,11,REJECTED_ANCHOR,MULTIPLE_ACTIVE_OPTICAL_HYPOTHESES,0,0,False,False
R01ZF,CAUSAL_REPLAY,51,TERGR2H_05464B22F990466B2DF2,R01ZF_REUSED_R01ZF_PERSON002,3,13,14,REJECTED_ANCHOR,MULTIPLE_ACTIVE_OPTICAL_HYPOTHESES,0,0,False,False
R01ZF,CAUSAL_REPLAY,52,TERGR2H_05464B22F990466B2DF2,R01ZF_REUSED_R01ZF_PERSON002,3,13,13,REJECTED_ANCHOR,MULTIPLE_ACTIVE_OPTICAL_HYPOTHESES,0,0,False,False
R01ZF,CAUSAL_REPLAY,53,TERGR2H_05464B22F990466B2DF2,R01ZF_REUSED_R01ZF_PERSON002,3,13,13,REJECTED_ANCHOR,MULTIPLE_ACTIVE_OPTICAL_HYPOTHESES,0,0,False,False
R01ZF,CAUSAL_REPLAY,54,TERGR2H_05464B22F990466B2DF2,R01ZF_REUSED_R01ZF_PERSON002,3,14,14,REJECTED_ANCHOR,MULTIPLE_ACTIVE_OPTICAL_HYPOTHESES,0,0,False,False
R01ZF,CAUSAL_REPLAY,55,TERGR2H_05464B22F990466B2DF2,R01ZF_REUSED_R01ZF_PERSON002,3,12,12,REJECTED_ANCHOR,MULTIPLE_ACTIVE_OPTICAL_HYPOTHESES,0,0,False,False
R01ZF,CAUSAL_REPLAY,56,TERGR2H_05464B22F990466B2DF2,R01ZF_REUSED_R01ZF_PERSON002,3,10,10,REJECTED_ANCHOR,MULTIPLE_ACTIVE_OPTICAL_HYPOTHESES,0,0,False,False
R01ZF,CAUSAL_REPLAY,57,TERGR2H_05464B22F990466B2DF2,R01ZF_REUSED_R01ZF_PERSON002,3,12,12,REJECTED_ANCHOR,MULTIPLE_ACTIVE_OPTICAL_HYPOTHESES,0,0,False,False
R01ZF,CAUSAL_REPLAY,58,TERGR2H_05464B22F990466B2DF2,R01ZF_REUSED_R01ZF_PERSON002,3,12,12,REJECTED_ANCHOR,MULTIPLE_ACTIVE_OPTICAL_HYPOTHESES,0,0,False,False
R01ZF,CAUSAL_REPLAY,59,TERGR2H_05464B22F990466B2DF2,R01ZF_REUSED_R01ZF_PERSON002,3,13,13,REJECTED_ANCHOR,MULTIPLE_ACTIVE_OPTICAL_HYPOTHESES,0,0,False,False
R01ZF,CAUSAL_REPLAY,60,TERGR2H_05464B22F990466B2DF2,R01ZF_REUSED_R01ZF_PERSON002,3,16,16,REJECTED_ANCHOR,MULTIPLE_ACTIVE_OPTICAL_HYPOTHESES,0,0,False,False
R01ZF,CAUSAL_REPLAY,61,TERGR2H_05464B22F990466B2DF2,R01ZF_REUSED_R01ZF_PERSON002,3,19,20,REJECTED_ANCHOR,MULTIPLE_ACTIVE_OPTICAL_HYPOTHESES,0,0,False,False
R01ZF,CAUSAL_REPLAY,62,TERGR2H_05464B22F990466B2DF2,R01ZF_REUSED_R01ZF_PERSON002,3,18,20,REJECTED_ANCHOR,MULTIPLE_ACTIVE_OPTICAL_HYPOTHESES,0,0,False,False
R01ZF,CAUSAL_REPLAY,63,TERGR2H_05464B22F990466B2DF2,R01ZF_REUSED_R01ZF_PERSON002,3,15,17,REJECTED_ANCHOR,MULTIPLE_ACTIVE_OPTICAL_HYPOTHESES,0,0,False,False
R01ZF,CAUSAL_REPLAY,64,TERGR2H_05464B22F990466B2DF2,R01ZF_REUSED_R01ZF_PERSON002,3,17,18,REJECTED_ANCHOR,MULTIPLE_ACTIVE_OPTICAL_HYPOTHESES,0,0,False,False
R01ZF,CAUSAL_REPLAY,65,TERGR2H_05464B22F990466B2DF2,R01ZF_REUSED_R01ZF_PERSON002,3,17,17,REJECTED_ANCHOR,MULTIPLE_ACTIVE_OPTICAL_HYPOTHESES,0,0,False,False
R01ZF,CAUSAL_REPLAY,66,TERGR2H_05464B22F990466B2DF2,R01ZF_REUSED_R01ZF_PERSON002,3,12,12,REJECTED_ANCHOR,MULTIPLE_ACTIVE_OPTICAL_HYPOTHESES,0,0,False,False
R01ZF,CAUSAL_REPLAY,67,TERGR2H_05464B22F990466B2DF2,R01ZF_REUSED_R01ZF_PERSON002,3,17,19,REJECTED_ANCHOR,MULTIPLE_ACTIVE_OPTICAL_HYPOTHESES,0,0,False,False
R01ZF,CAUSAL_REPLAY,68,TERGR2H_05464B22F990466B2DF2,R01ZF_REUSED_R01ZF_PERSON002,3,14,14,REJECTED_ANCHOR,MULTIPLE_ACTIVE_OPTICAL_HYPOTHESES,0,0,False,False
R01ZF,CAUSAL_REPLAY,69,TERGR2H_05464B22F990466B2DF2,R01ZF_REUSED_R01ZF_PERSON002,3,18,19,REJECTED_ANCHOR,MULTIPLE_ACTIVE_OPTICAL_HYPOTHESES,0,0,False,False
R01ZF,CAUSAL_REPLAY,70,TERGR2H_05464B22F990466B2DF2,R01ZF_REUSED_R01ZF_PERSON002,3,15,15,REJECTED_ANCHOR,MULTIPLE_ACTIVE_OPTICAL_HYPOTHESES,0,0,False,False
R01ZF,CAUSAL_REPLAY,71,TERGR2H_05464B22F990466B2DF2,R01ZF_REUSED_R01ZF_PERSON002,3,13,14,REJECTED_ANCHOR,MULTIPLE_ACTIVE_OPTICAL_HYPOTHESES,0,0,False,False
R01ZF,CAUSAL_REPLAY,72,TERGR2H_05464B22F990466B2DF2,R01ZF_REUSED_R01ZF_PERSON002,3,16,18,REJECTED_ANCHOR,MULTIPLE_ACTIVE_OPTICAL_HYPOTHESES,0,0,False,False
R01ZF,CAUSAL_REPLAY,73,TERGR2H_05464B22F990466B2DF2,R01ZF_REUSED_R01ZF_PERSON002,3,13,15,REJECTED_ANCHOR,MULTIPLE_ACTIVE_OPTICAL_HYPOTHESES,0,0,False,False
R01ZF,CAUSAL_REPLAY,74,TERGR2H_05464B22F990466B2DF2,R01ZF_REUSED_R01ZF_PERSON002,3,12,13,REJECTED_ANCHOR,MULTIPLE_ACTIVE_OPTICAL_HYPOTHESES,0,0,False,False
R01ZF,CAUSAL_REPLAY,75,TERGR2H_05464B22F990466B2DF2,R01ZF_REUSED_R01ZF_PERSON002,3,12,13,REJECTED_ANCHOR,MULTIPLE_ACTIVE_OPTICAL_HYPOTHESES,0,0,False,False
R01ZF,CAUSAL_REPLAY,76,TERGR2H_05464B22F990466B2DF2,R01ZF_REUSED_R01ZF_PERSON002,3,15,16,REJECTED_ANCHOR,MULTIPLE_ACTIVE_OPTICAL_HYPOTHESES,0,0,False,False
R01ZF,CAUSAL_REPLAY,77,TERGR2H_05464B22F990466B2DF2,R01ZF_REUSED_R01ZF_PERSON002,3,15,16,REJECTED_ANCHOR,MULTIPLE_ACTIVE_OPTICAL_HYPOTHESES,0,0,False,False
R01ZF,CAUSAL_REPLAY,78,TERGR2H_05464B22F990466B2DF2,R01ZF_REUSED_R01ZF_PERSON002,3,12,13,REJECTED_ANCHOR,MULTIPLE_ACTIVE_OPTICAL_HYPOTHESES,0,0,False,False
R01ZF,CAUSAL_REPLAY,79,TERGR2H_05464B22F990466B2DF2,R01ZF_REUSED_R01ZF_PERSON002,3,14,15,REJECTED_ANCHOR,MULTIPLE_ACTIVE_OPTICAL_HYPOTHESES,0,0,False,False
R01ZF,CAUSAL_REPLAY,80,TERGR2H_05464B22F990466B2DF2,R01ZF_REUSED_R01ZF_PERSON002,3,11,12,REJECTED_ANCHOR,MULTIPLE_ACTIVE_OPTICAL_HYPOTHESES,0,0,False,False
R01ZF,CAUSAL_REPLAY,81,TERGR2H_05464B22F990466B2DF2,R01ZF_REUSED_R01ZF_PERSON002,3,10,11,REJECTED_ANCHOR,MULTIPLE_ACTIVE_OPTICAL_HYPOTHESES,0,0,False,False
R01ZF,CAUSAL_REPLAY,82,TERGR2H_05464B22F990466B2DF2,R01ZF_REUSED_R01ZF_PERSON002,3,12,13,REJECTED_ANCHOR,MULTIPLE_ACTIVE_OPTICAL_HYPOTHESES,0,0,False,False
R01ZF,CAUSAL_REPLAY,83,TERGR2H_05464B22F990466B2DF2,R01ZF_REUSED_R01ZF_PERSON002,3,10,11,REJECTED_ANCHOR,MULTIPLE_ACTIVE_OPTICAL_HYPOTHESES,0,0,False,False
R01ZF,CAUSAL_REPLAY,84,TERGR2H_05464B22F990466B2DF2,R01ZF_REUSED_R01ZF_PERSON002,3,10,10,REJECTED_ANCHOR,MULTIPLE_ACTIVE_OPTICAL_HYPOTHESES,0,0,False,False
R01ZF,CAUSAL_REPLAY,85,TERGR2H_05464B22F990466B2DF2,R01ZF_REUSED_R01ZF_PERSON002,3,9,9,REJECTED_ANCHOR,MULTIPLE_ACTIVE_OPTICAL_HYPOTHESES,0,0,False,False
R01ZF,CAUSAL_REPLAY,86,TERGR2H_05464B22F990466B2DF2,R01ZF_REUSED_R01ZF_PERSON002,3,6,6,REJECTED_ANCHOR,MULTIPLE_ACTIVE_OPTICAL_HYPOTHESES,0,0,False,False
R01ZF,CAUSAL_REPLAY,87,TERGR2H_05464B22F990466B2DF2,R01ZF_REUSED_R01ZF_PERSON002,3,8,8,REJECTED_ANCHOR,MULTIPLE_ACTIVE_OPTICAL_HYPOTHESES,0,0,False,False
R01ZF,CAUSAL_REPLAY,88,TERGR2H_05464B22F990466B2DF2,R01ZF_REUSED_R01ZF_PERSON002,3,7,7,REJECTED_ANCHOR,MULTIPLE_ACTIVE_OPTICAL_HYPOTHESES,0,0,False,False
R01ZF,CAUSAL_REPLAY,89,TERGR2H_05464B22F990466B2DF2,R01ZF_REUSED_R01ZF_PERSON002,3,7,7,REJECTED_ANCHOR,MULTIPLE_ACTIVE_OPTICAL_HYPOTHESES,0,0,False,False
R01ZF,CAUSAL_REPLAY,90,TERGR2H_05464B22F990466B2DF2,R01ZF_REUSED_R01ZF_PERSON002,3,7,7,REJECTED_ANCHOR,MULTIPLE_ACTIVE_OPTICAL_HYPOTHESES,0,0,False,False
R01ZF,FIXED_LAG_100MS,0,TERGR2H_05464B22F990466B2DF2,R01ZF_REUSED_R01ZF_PERSON002,2,12,12,REJECTED_ANCHOR,MULTIPLE_ACTIVE_OPTICAL_HYPOTHESES,0,0,False,False
R01ZF,FIXED_LAG_100MS,1,TERGR2H_05464B22F990466B2DF2,R01ZF_REUSED_R01ZF_PERSON002,2,15,16,REJECTED_ANCHOR,MULTIPLE_ACTIVE_OPTICAL_HYPOTHESES,0,0,False,False
R01ZF,FIXED_LAG_100MS,2,TERGR2H_05464B22F990466B2DF2,R01ZF_REUSED_R01ZF_PERSON002,2,14,15,REJECTED_ANCHOR,MULTIPLE_ACTIVE_OPTICAL_HYPOTHESES,0,0,False,False
R01ZF,FIXED_LAG_100MS,3,TERGR2H_05464B22F990466B2DF2,R01ZF_REUSED_R01ZF_PERSON002,2,13,14,REJECTED_ANCHOR,MULTIPLE_ACTIVE_OPTICAL_HYPOTHESES,0,0,False,False
R01ZF,FIXED_LAG_100MS,4,TERGR2H_05464B22F990466B2DF2,R01ZF_REUSED_R01ZF_PERSON002,2,13,13,REJECTED_ANCHOR,MULTIPLE_ACTIVE_OPTICAL_HYPOTHESES,0,0,False,False
R01ZF,FIXED_LAG_100MS,5,TERGR2H_05464B22F990466B2DF2,R01ZF_REUSED_R01ZF_PERSON002,2,15,15,REJECTED_ANCHOR,MULTIPLE_ACTIVE_OPTICAL_HYPOTHESES,0,0,False,False
R01ZF,FIXED_LAG_100MS,6,TERGR2H_05464B22F990466B2DF2,R01ZF_REUSED_R01ZF_PERSON002,2,14,14,REJECTED_ANCHOR,MULTIPLE_ACTIVE_OPTICAL_HYPOTHESES,0,0,False,False
R01ZF,FIXED_LAG_100MS,7,TERGR2H_05464B22F990466B2DF2,R01ZF_REUSED_R01ZF_PERSON002,2,16,16,REJECTED_ANCHOR,MULTIPLE_ACTIVE_OPTICAL_HYPOTHESES,0,0,False,False
R01ZF,FIXED_LAG_100MS,8,TERGR2H_05464B22F990466B2DF2,R01ZF_REUSED_R01ZF_PERSON002,2,17,18,REJECTED_ANCHOR,MULTIPLE_ACTIVE_OPTICAL_HYPOTHESES,0,0,False,False
R01ZF,FIXED_LAG_100MS,9,TERGR2H_05464B22F990466B2DF2,R01ZF_REUSED_R01ZF_PERSON002,2,21,22,REJECTED_ANCHOR,MULTIPLE_ACTIVE_OPTICAL_HYPOTHESES,0,0,False,False
R01ZF,FIXED_LAG_100MS,10,TERGR2H_05464B22F990466B2DF2,R01ZF_REUSED_R01ZF_PERSON002,2,18,19,REJECTED_ANCHOR,MULTIPLE_ACTIVE_OPTICAL_HYPOTHESES,0,0,False,False
R01ZF,FIXED_LAG_100MS,11,TERGR2H_05464B22F990466B2DF2,R01ZF_REUSED_R01ZF_PERSON002,2,21,22,REJECTED_ANCHOR,MULTIPLE_ACTIVE_OPTICAL_HYPOTHESES,0,0,False,False
R01ZF,FIXED_LAG_100MS,12,TERGR2H_05464B22F990466B2DF2,R01ZF_REUSED_R01ZF_PERSON002,2,26,27,REJECTED_ANCHOR,MULTIPLE_ACTIVE_OPTICAL_HYPOTHESES,0,0,False,False
R01ZF,FIXED_LAG_100MS,13,TERGR2H_05464B22F990466B2DF2,R01ZF_REUSED_R01ZF_PERSON002,2,24,24,REJECTED_ANCHOR,MULTIPLE_ACTIVE_OPTICAL_HYPOTHESES,0,0,False,False
R01ZF,FIXED_LAG_100MS,14,TERGR2H_05464B22F990466B2DF2,R01ZF_REUSED_R01ZF_PERSON002,2,26,27,REJECTED_ANCHOR,MULTIPLE_ACTIVE_OPTICAL_HYPOTHESES,0,0,False,False
R01ZF,FIXED_LAG_100MS,15,TERGR2H_05464B22F990466B2DF2,R01ZF_REUSED_R01ZF_PERSON002,2,22,22,REJECTED_ANCHOR,MULTIPLE_ACTIVE_OPTICAL_HYPOTHESES,0,0,False,False
R01ZF,FIXED_LAG_100MS,16,TERGR2H_05464B22F990466B2DF2,R01ZF_REUSED_R01ZF_PERSON002,2,21,23,REJECTED_ANCHOR,MULTIPLE_ACTIVE_OPTICAL_HYPOTHESES,0,0,False,False
R01ZF,FIXED_LAG_100MS,17,TERGR2H_05464B22F990466B2DF2,R01ZF_REUSED_R01ZF_PERSON002,3,22,26,REJECTED_ANCHOR,MULTIPLE_ACTIVE_OPTICAL_HYPOTHESES,0,0,False,False
R01ZF,FIXED_LAG_100MS,18,TERGR2H_05464B22F990466B2DF2,R01ZF_REUSED_R01ZF_PERSON002,3,20,22,REJECTED_ANCHOR,MULTIPLE_ACTIVE_OPTICAL_HYPOTHESES,0,0,False,False
R01ZF,FIXED_LAG_100MS,19,TERGR2H_05464B22F990466B2DF2,R01ZF_REUSED_R01ZF_PERSON002,3,22,25,REJECTED_ANCHOR,MULTIPLE_ACTIVE_OPTICAL_HYPOTHESES,0,0,False,False
R01ZF,FIXED_LAG_100MS,20,TERGR2H_05464B22F990466B2DF2,R01ZF_REUSED_R01ZF_PERSON002,3,20,22,REJECTED_ANCHOR,MULTIPLE_ACTIVE_OPTICAL_HYPOTHESES,0,0,False,False
R01ZF,FIXED_LAG_100MS,21,TERGR2H_05464B22F990466B2DF2,R01ZF_REUSED_R01ZF_PERSON002,3,17,20,REJECTED_ANCHOR,MULTIPLE_ACTIVE_OPTICAL_HYPOTHESES,0,0,False,False
R01ZF,FIXED_LAG_100MS,22,TERGR2H_05464B22F990466B2DF2,R01ZF_REUSED_R01ZF_PERSON002,3,18,22,REJECTED_ANCHOR,MULTIPLE_ACTIVE_OPTICAL_HYPOTHESES,0,0,False,False
R01ZF,FIXED_LAG_100MS,23,TERGR2H_05464B22F990466B2DF2,R01ZF_REUSED_R01ZF_PERSON002,3,18,22,REJECTED_ANCHOR,MULTIPLE_ACTIVE_OPTICAL_HYPOTHESES,0,0,False,False
R01ZF,FIXED_LAG_100MS,24,TERGR2H_05464B22F990466B2DF2,R01ZF_REUSED_R01ZF_PERSON002,3,23,26,REJECTED_ANCHOR,MULTIPLE_ACTIVE_OPTICAL_HYPOTHESES,0,0,False,False
R01ZF,FIXED_LAG_100MS,25,TERGR2H_05464B22F990466B2DF2,R01ZF_REUSED_R01ZF_PERSON002,3,18,23,REJECTED_ANCHOR,MULTIPLE_ACTIVE_OPTICAL_HYPOTHESES,0,0,False,False
R01ZF,FIXED_LAG_100MS,26,TERGR2H_05464B22F990466B2DF2,R01ZF_REUSED_R01ZF_PERSON002,3,17,20,REJECTED_ANCHOR,MULTIPLE_ACTIVE_OPTICAL_HYPOTHESES,0,0,False,False
R01ZF,FIXED_LAG_100MS,27,TERGR2H_05464B22F990466B2DF2,R01ZF_REUSED_R01ZF_PERSON002,3,17,22,REJECTED_ANCHOR,MULTIPLE_ACTIVE_OPTICAL_HYPOTHESES,0,0,False,False
R01ZF,FIXED_LAG_100MS,28,TERGR2H_05464B22F990466B2DF2,R01ZF_REUSED_R01ZF_PERSON002,3,15,19,REJECTED_ANCHOR,MULTIPLE_ACTIVE_OPTICAL_HYPOTHESES,0,0,False,False
R01ZF,FIXED_LAG_100MS,29,TERGR2H_05464B22F990466B2DF2,R01ZF_REUSED_R01ZF_PERSON002,3,20,23,REJECTED_ANCHOR,MULTIPLE_ACTIVE_OPTICAL_HYPOTHESES,0,0,False,False
R01ZF,FIXED_LAG_100MS,30,TERGR2H_05464B22F990466B2DF2,R01ZF_REUSED_R01ZF_PERSON002,3,18,21,REJECTED_ANCHOR,MULTIPLE_ACTIVE_OPTICAL_HYPOTHESES,0,0,False,False
R01ZF,FIXED_LAG_100MS,31,TERGR2H_05464B22F990466B2DF2,R01ZF_REUSED_R01ZF_PERSON002,3,19,22,REJECTED_ANCHOR,MULTIPLE_ACTIVE_OPTICAL_HYPOTHESES,0,0,False,False
R01ZF,FIXED_LAG_100MS,32,TERGR2H_05464B22F990466B2DF2,R01ZF_REUSED_R01ZF_PERSON002,3,24,26,REJECTED_ANCHOR,MULTIPLE_ACTIVE_OPTICAL_HYPOTHESES,0,0,False,False
R01ZF,FIXED_LAG_100MS,33,TERGR2H_05464B22F990466B2DF2,R01ZF_REUSED_R01ZF_PERSON002,3,20,22,REJECTED_ANCHOR,MULTIPLE_ACTIVE_OPTICAL_HYPOTHESES,0,0,False,False
R01ZF,FIXED_LAG_100MS,34,TERGR2H_05464B22F990466B2DF2,R01ZF_REUSED_R01ZF_PERSON002,3,19,20,REJECTED_ANCHOR,MULTIPLE_ACTIVE_OPTICAL_HYPOTHESES,0,0,False,False
R01ZF,FIXED_LAG_100MS,35,TERGR2H_05464B22F990466B2DF2,R01ZF_REUSED_R01ZF_PERSON002,3,17,19,REJECTED_ANCHOR,MULTIPLE_ACTIVE_OPTICAL_HYPOTHESES,0,0,False,False
R01ZF,FIXED_LAG_100MS,36,TERGR2H_05464B22F990466B2DF2,R01ZF_REUSED_R01ZF_PERSON002,3,16,18,REJECTED_ANCHOR,MULTIPLE_ACTIVE_OPTICAL_HYPOTHESES,0,0,False,False
R01ZF,FIXED_LAG_100MS,37,TERGR2H_05464B22F990466B2DF2,R01ZF_REUSED_R01ZF_PERSON002,3,18,20,REJECTED_ANCHOR,MULTIPLE_ACTIVE_OPTICAL_HYPOTHESES,0,0,False,False
R01ZF,FIXED_LAG_100MS,38,TERGR2H_05464B22F990466B2DF2,R01ZF_REUSED_R01ZF_PERSON002,3,18,19,REJECTED_ANCHOR,MULTIPLE_ACTIVE_OPTICAL_HYPOTHESES,0,0,False,False
R01ZF,FIXED_LAG_100MS,39,TERGR2H_05464B22F990466B2DF2,R01ZF_REUSED_R01ZF_PERSON002,3,17,19,REJECTED_ANCHOR,MULTIPLE_ACTIVE_OPTICAL_HYPOTHESES,0,0,False,False
R01ZF,FIXED_LAG_100MS,40,TERGR2H_05464B22F990466B2DF2,R01ZF_REUSED_R01ZF_PERSON002,3,11,11,REJECTED_ANCHOR,MULTIPLE_ACTIVE_OPTICAL_HYPOTHESES,0,0,False,False
R01ZF,FIXED_LAG_100MS,41,TERGR2H_05464B22F990466B2DF2,R01ZF_REUSED_R01ZF_PERSON002,3,14,14,REJECTED_ANCHOR,MULTIPLE_ACTIVE_OPTICAL_HYPOTHESES,0,0,False,False
R01ZF,FIXED_LAG_100MS,42,TERGR2H_05464B22F990466B2DF2,R01ZF_REUSED_R01ZF_PERSON002,3,14,15,REJECTED_ANCHOR,MULTIPLE_ACTIVE_OPTICAL_HYPOTHESES,0,0,False,False
R01ZF,FIXED_LAG_100MS,43,TERGR2H_05464B22F990466B2DF2,R01ZF_REUSED_R01ZF_PERSON002,3,15,17,REJECTED_ANCHOR,MULTIPLE_ACTIVE_OPTICAL_HYPOTHESES,0,0,False,False
R01ZF,FIXED_LAG_100MS,44,TERGR2H_05464B22F990466B2DF2,R01ZF_REUSED_R01ZF_PERSON002,3,18,22,REJECTED_ANCHOR,MULTIPLE_ACTIVE_OPTICAL_HYPOTHESES,0,0,False,False
R01ZF,FIXED_LAG_100MS,45,TERGR2H_05464B22F990466B2DF2,R01ZF_REUSED_R01ZF_PERSON002,3,13,14,REJECTED_ANCHOR,MULTIPLE_ACTIVE_OPTICAL_HYPOTHESES,0,0,False,False
R01ZF,FIXED_LAG_100MS,46,TERGR2H_05464B22F990466B2DF2,R01ZF_REUSED_R01ZF_PERSON002,3,14,15,REJECTED_ANCHOR,MULTIPLE_ACTIVE_OPTICAL_HYPOTHESES,0,0,False,False
R01ZF,FIXED_LAG_100MS,47,TERGR2H_05464B22F990466B2DF2,R01ZF_REUSED_R01ZF_PERSON002,3,17,17,REJECTED_ANCHOR,MULTIPLE_ACTIVE_OPTICAL_HYPOTHESES,0,0,False,False
R01ZF,FIXED_LAG_100MS,48,TERGR2H_05464B22F990466B2DF2,R01ZF_REUSED_R01ZF_PERSON002,3,17,17,REJECTED_ANCHOR,MULTIPLE_ACTIVE_OPTICAL_HYPOTHESES,0,0,False,False
R01ZF,FIXED_LAG_100MS,49,TERGR2H_05464B22F990466B2DF2,R01ZF_REUSED_R01ZF_PERSON002,3,15,15,REJECTED_ANCHOR,MULTIPLE_ACTIVE_OPTICAL_HYPOTHESES,0,0,False,False
R01ZF,FIXED_LAG_100MS,50,TERGR2H_05464B22F990466B2DF2,R01ZF_REUSED_R01ZF_PERSON002,3,13,13,REJECTED_ANCHOR,MULTIPLE_ACTIVE_OPTICAL_HYPOTHESES,0,0,False,False
R01ZF,FIXED_LAG_100MS,51,TERGR2H_05464B22F990466B2DF2,R01ZF_REUSED_R01ZF_PERSON002,3,15,16,REJECTED_ANCHOR,MULTIPLE_ACTIVE_OPTICAL_HYPOTHESES,0,0,False,False
R01ZF,FIXED_LAG_100MS,52,TERGR2H_05464B22F990466B2DF2,R01ZF_REUSED_R01ZF_PERSON002,3,16,16,REJECTED_ANCHOR,MULTIPLE_ACTIVE_OPTICAL_HYPOTHESES,0,0,False,False
R01ZF,FIXED_LAG_100MS,53,TERGR2H_05464B22F990466B2DF2,R01ZF_REUSED_R01ZF_PERSON002,3,15,15,REJECTED_ANCHOR,MULTIPLE_ACTIVE_OPTICAL_HYPOTHESES,0,0,False,False
R01ZF,FIXED_LAG_100MS,54,TERGR2H_05464B22F990466B2DF2,R01ZF_REUSED_R01ZF_PERSON002,3,16,16,REJECTED_ANCHOR,MULTIPLE_ACTIVE_OPTICAL_HYPOTHESES,0,0,False,False
R01ZF,FIXED_LAG_100MS,55,TERGR2H_05464B22F990466B2DF2,R01ZF_REUSED_R01ZF_PERSON002,3,13,13,REJECTED_ANCHOR,MULTIPLE_ACTIVE_OPTICAL_HYPOTHESES,0,0,False,False
R01ZF,FIXED_LAG_100MS,56,TERGR2H_05464B22F990466B2DF2,R01ZF_REUSED_R01ZF_PERSON002,3,12,12,REJECTED_ANCHOR,MULTIPLE_ACTIVE_OPTICAL_HYPOTHESES,0,0,False,False
R01ZF,FIXED_LAG_100MS,57,TERGR2H_05464B22F990466B2DF2,R01ZF_REUSED_R01ZF_PERSON002,3,14,14,REJECTED_ANCHOR,MULTIPLE_ACTIVE_OPTICAL_HYPOTHESES,0,0,False,False
R01ZF,FIXED_LAG_100MS,58,TERGR2H_05464B22F990466B2DF2,R01ZF_REUSED_R01ZF_PERSON002,3,14,14,REJECTED_ANCHOR,MULTIPLE_ACTIVE_OPTICAL_HYPOTHESES,0,0,False,False
R01ZF,FIXED_LAG_100MS,59,TERGR2H_05464B22F990466B2DF2,R01ZF_REUSED_R01ZF_PERSON002,3,15,15,REJECTED_ANCHOR,MULTIPLE_ACTIVE_OPTICAL_HYPOTHESES,0,0,False,False
R01ZF,FIXED_LAG_100MS,60,TERGR2H_05464B22F990466B2DF2,R01ZF_REUSED_R01ZF_PERSON002,3,17,17,REJECTED_ANCHOR,MULTIPLE_ACTIVE_OPTICAL_HYPOTHESES,0,0,False,False
R01ZF,FIXED_LAG_100MS,61,TERGR2H_05464B22F990466B2DF2,R01ZF_REUSED_R01ZF_PERSON002,3,20,21,REJECTED_ANCHOR,MULTIPLE_ACTIVE_OPTICAL_HYPOTHESES,0,0,False,False
R01ZF,FIXED_LAG_100MS,62,TERGR2H_05464B22F990466B2DF2,R01ZF_REUSED_R01ZF_PERSON002,3,18,20,REJECTED_ANCHOR,MULTIPLE_ACTIVE_OPTICAL_HYPOTHESES,0,0,False,False
R01ZF,FIXED_LAG_100MS,63,TERGR2H_05464B22F990466B2DF2,R01ZF_REUSED_R01ZF_PERSON002,3,15,17,REJECTED_ANCHOR,MULTIPLE_ACTIVE_OPTICAL_HYPOTHESES,0,0,False,False
R01ZF,FIXED_LAG_100MS,64,TERGR2H_05464B22F990466B2DF2,R01ZF_REUSED_R01ZF_PERSON002,3,18,20,REJECTED_ANCHOR,MULTIPLE_ACTIVE_OPTICAL_HYPOTHESES,0,0,False,False
R01ZF,FIXED_LAG_100MS,65,TERGR2H_05464B22F990466B2DF2,R01ZF_REUSED_R01ZF_PERSON002,3,17,18,REJECTED_ANCHOR,MULTIPLE_ACTIVE_OPTICAL_HYPOTHESES,0,0,False,False
R01ZF,FIXED_LAG_100MS,66,TERGR2H_05464B22F990466B2DF2,R01ZF_REUSED_R01ZF_PERSON002,3,12,13,REJECTED_ANCHOR,MULTIPLE_ACTIVE_OPTICAL_HYPOTHESES,0,0,False,False
R01ZF,FIXED_LAG_100MS,67,TERGR2H_05464B22F990466B2DF2,R01ZF_REUSED_R01ZF_PERSON002,3,16,19,REJECTED_ANCHOR,MULTIPLE_ACTIVE_OPTICAL_HYPOTHESES,0,0,False,False
R01ZF,FIXED_LAG_100MS,68,TERGR2H_05464B22F990466B2DF2,R01ZF_REUSED_R01ZF_PERSON002,3,13,14,REJECTED_ANCHOR,MULTIPLE_ACTIVE_OPTICAL_HYPOTHESES,0,0,False,False
R01ZF,FIXED_LAG_100MS,69,TERGR2H_05464B22F990466B2DF2,R01ZF_REUSED_R01ZF_PERSON002,3,18,20,REJECTED_ANCHOR,MULTIPLE_ACTIVE_OPTICAL_HYPOTHESES,0,0,False,False
R01ZF,FIXED_LAG_100MS,70,TERGR2H_05464B22F990466B2DF2,R01ZF_REUSED_R01ZF_PERSON002,3,16,16,REJECTED_ANCHOR,MULTIPLE_ACTIVE_OPTICAL_HYPOTHESES,0,0,False,False
R01ZF,FIXED_LAG_100MS,71,TERGR2H_05464B22F990466B2DF2,R01ZF_REUSED_R01ZF_PERSON002,3,14,15,REJECTED_ANCHOR,MULTIPLE_ACTIVE_OPTICAL_HYPOTHESES,0,0,False,False
R01ZF,FIXED_LAG_100MS,72,TERGR2H_05464B22F990466B2DF2,R01ZF_REUSED_R01ZF_PERSON002,3,16,18,REJECTED_ANCHOR,MULTIPLE_ACTIVE_OPTICAL_HYPOTHESES,0,0,False,False
R01ZF,FIXED_LAG_100MS,73,TERGR2H_05464B22F990466B2DF2,R01ZF_REUSED_R01ZF_PERSON002,3,13,15,REJECTED_ANCHOR,MULTIPLE_ACTIVE_OPTICAL_HYPOTHESES,0,0,False,False
R01ZF,FIXED_LAG_100MS,74,TERGR2H_05464B22F990466B2DF2,R01ZF_REUSED_R01ZF_PERSON002,3,12,13,REJECTED_ANCHOR,MULTIPLE_ACTIVE_OPTICAL_HYPOTHESES,0,0,False,False
R01ZF,FIXED_LAG_100MS,75,TERGR2H_05464B22F990466B2DF2,R01ZF_REUSED_R01ZF_PERSON002,3,12,13,REJECTED_ANCHOR,MULTIPLE_ACTIVE_OPTICAL_HYPOTHESES,0,0,False,False
R01ZF,FIXED_LAG_100MS,76,TERGR2H_05464B22F990466B2DF2,R01ZF_REUSED_R01ZF_PERSON002,3,15,16,REJECTED_ANCHOR,MULTIPLE_ACTIVE_OPTICAL_HYPOTHESES,0,0,False,False
R01ZF,FIXED_LAG_100MS,77,TERGR2H_05464B22F990466B2DF2,R01ZF_REUSED_R01ZF_PERSON002,3,15,16,REJECTED_ANCHOR,MULTIPLE_ACTIVE_OPTICAL_HYPOTHESES,0,0,False,False
R01ZF,FIXED_LAG_100MS,78,TERGR2H_05464B22F990466B2DF2,R01ZF_REUSED_R01ZF_PERSON002,3,12,13,REJECTED_ANCHOR,MULTIPLE_ACTIVE_OPTICAL_HYPOTHESES,0,0,False,False
R01ZF,FIXED_LAG_100MS,79,TERGR2H_05464B22F990466B2DF2,R01ZF_REUSED_R01ZF_PERSON002,3,14,15,REJECTED_ANCHOR,MULTIPLE_ACTIVE_OPTICAL_HYPOTHESES,0,0,False,False
R01ZF,FIXED_LAG_100MS,80,TERGR2H_05464B22F990466B2DF2,R01ZF_REUSED_R01ZF_PERSON002,3,11,12,REJECTED_ANCHOR,MULTIPLE_ACTIVE_OPTICAL_HYPOTHESES,0,0,False,False
R01ZF,FIXED_LAG_100MS,81,TERGR2H_05464B22F990466B2DF2,R01ZF_REUSED_R01ZF_PERSON002,3,10,11,REJECTED_ANCHOR,MULTIPLE_ACTIVE_OPTICAL_HYPOTHESES,0,0,False,False
R01ZF,FIXED_LAG_100MS,82,TERGR2H_05464B22F990466B2DF2,R01ZF_REUSED_R01ZF_PERSON002,3,12,13,REJECTED_ANCHOR,MULTIPLE_ACTIVE_OPTICAL_HYPOTHESES,0,0,False,False
R01ZF,FIXED_LAG_100MS,83,TERGR2H_05464B22F990466B2DF2,R01ZF_REUSED_R01ZF_PERSON002,3,10,11,REJECTED_ANCHOR,MULTIPLE_ACTIVE_OPTICAL_HYPOTHESES,0,0,False,False
R01ZF,FIXED_LAG_100MS,84,TERGR2H_05464B22F990466B2DF2,R01ZF_REUSED_R01ZF_PERSON002,3,10,10,REJECTED_ANCHOR,MULTIPLE_ACTIVE_OPTICAL_HYPOTHESES,0,0,False,False
R01ZF,FIXED_LAG_100MS,85,TERGR2H_05464B22F990466B2DF2,R01ZF_REUSED_R01ZF_PERSON002,3,9,9,REJECTED_ANCHOR,MULTIPLE_ACTIVE_OPTICAL_HYPOTHESES,0,0,False,False
R01ZF,FIXED_LAG_100MS,86,TERGR2H_05464B22F990466B2DF2,R01ZF_REUSED_R01ZF_PERSON002,3,6,6,REJECTED_ANCHOR,MULTIPLE_ACTIVE_OPTICAL_HYPOTHESES,0,0,False,False
R01ZF,FIXED_LAG_100MS,87,TERGR2H_05464B22F990466B2DF2,R01ZF_REUSED_R01ZF_PERSON002,3,8,8,REJECTED_ANCHOR,MULTIPLE_ACTIVE_OPTICAL_HYPOTHESES,0,0,False,False
R01ZF,FIXED_LAG_100MS,88,TERGR2H_05464B22F990466B2DF2,R01ZF_REUSED_R01ZF_PERSON002,3,7,7,REJECTED_ANCHOR,MULTIPLE_ACTIVE_OPTICAL_HYPOTHESES,0,0,False,False
R01ZF,FIXED_LAG_100MS,89,TERGR2H_05464B22F990466B2DF2,R01ZF_REUSED_R01ZF_PERSON002,3,7,7,REJECTED_ANCHOR,MULTIPLE_ACTIVE_OPTICAL_HYPOTHESES,0,0,False,False
R01ZF,FIXED_LAG_100MS,90,TERGR2H_05464B22F990466B2DF2,R01ZF_REUSED_R01ZF_PERSON002,3,7,7,REJECTED_ANCHOR,MULTIPLE_ACTIVE_OPTICAL_HYPOTHESES,0,0,False,False
R01ZF,FULL_CONTEXT_OFFLINE,0,TERGR2H_05464B22F990466B2DF2,R01ZF_REUSED_R01ZF_PERSON002,2,14,16,REJECTED_ANCHOR,MULTIPLE_ACTIVE_OPTICAL_HYPOTHESES,0,0,False,False
R01ZF,FULL_CONTEXT_OFFLINE,1,TERGR2H_05464B22F990466B2DF2,R01ZF_REUSED_R01ZF_PERSON002,2,16,20,REJECTED_ANCHOR,MULTIPLE_ACTIVE_OPTICAL_HYPOTHESES,0,0,False,False
R01ZF,FULL_CONTEXT_OFFLINE,2,TERGR2H_05464B22F990466B2DF2,R01ZF_REUSED_R01ZF_PERSON002,2,15,17,REJECTED_ANCHOR,MULTIPLE_ACTIVE_OPTICAL_HYPOTHESES,0,0,False,False
R01ZF,FULL_CONTEXT_OFFLINE,3,TERGR2H_05464B22F990466B2DF2,R01ZF_REUSED_R01ZF_PERSON002,2,16,19,REJECTED_ANCHOR,MULTIPLE_ACTIVE_OPTICAL_HYPOTHESES,0,0,False,False
R01ZF,FULL_CONTEXT_OFFLINE,4,TERGR2H_05464B22F990466B2DF2,R01ZF_REUSED_R01ZF_PERSON002,2,13,14,REJECTED_ANCHOR,MULTIPLE_ACTIVE_OPTICAL_HYPOTHESES,0,0,False,False
R01ZF,FULL_CONTEXT_OFFLINE,5,TERGR2H_05464B22F990466B2DF2,R01ZF_REUSED_R01ZF_PERSON002,2,15,17,REJECTED_ANCHOR,MULTIPLE_ACTIVE_OPTICAL_HYPOTHESES,0,0,False,False
R01ZF,FULL_CONTEXT_OFFLINE,6,TERGR2H_05464B22F990466B2DF2,R01ZF_REUSED_R01ZF_PERSON002,2,15,17,REJECTED_ANCHOR,MULTIPLE_ACTIVE_OPTICAL_HYPOTHESES,0,0,False,False
R01ZF,FULL_CONTEXT_OFFLINE,7,TERGR2H_05464B22F990466B2DF2,R01ZF_REUSED_R01ZF_PERSON002,2,16,18,REJECTED_ANCHOR,MULTIPLE_ACTIVE_OPTICAL_HYPOTHESES,0,0,False,False
R01ZF,FULL_CONTEXT_OFFLINE,8,TERGR2H_05464B22F990466B2DF2,R01ZF_REUSED_R01ZF_PERSON002,2,17,21,REJECTED_ANCHOR,MULTIPLE_ACTIVE_OPTICAL_HYPOTHESES,0,0,False,False
R01ZF,FULL_CONTEXT_OFFLINE,9,TERGR2H_05464B22F990466B2DF2,R01ZF_REUSED_R01ZF_PERSON002,2,19,23,REJECTED_ANCHOR,MULTIPLE_ACTIVE_OPTICAL_HYPOTHESES,0,0,False,False
R01ZF,FULL_CONTEXT_OFFLINE,10,TERGR2H_05464B22F990466B2DF2,R01ZF_REUSED_R01ZF_PERSON002,2,16,21,REJECTED_ANCHOR,MULTIPLE_ACTIVE_OPTICAL_HYPOTHESES,0,0,False,False
R01ZF,FULL_CONTEXT_OFFLINE,11,TERGR2H_05464B22F990466B2DF2,R01ZF_REUSED_R01ZF_PERSON002,2,22,28,REJECTED_ANCHOR,MULTIPLE_ACTIVE_OPTICAL_HYPOTHESES,0,0,False,False
R01ZF,FULL_CONTEXT_OFFLINE,12,TERGR2H_05464B22F990466B2DF2,R01ZF_REUSED_R01ZF_PERSON002,2,24,31,REJECTED_ANCHOR,MULTIPLE_ACTIVE_OPTICAL_HYPOTHESES,0,0,False,False
R01ZF,FULL_CONTEXT_OFFLINE,13,TERGR2H_05464B22F990466B2DF2,R01ZF_REUSED_R01ZF_PERSON002,2,23,29,REJECTED_ANCHOR,MULTIPLE_ACTIVE_OPTICAL_HYPOTHESES,0,0,False,False
R01ZF,FULL_CONTEXT_OFFLINE,14,TERGR2H_05464B22F990466B2DF2,R01ZF_REUSED_R01ZF_PERSON002,2,25,32,REJECTED_ANCHOR,MULTIPLE_ACTIVE_OPTICAL_HYPOTHESES,0,0,False,False
R01ZF,FULL_CONTEXT_OFFLINE,15,TERGR2H_05464B22F990466B2DF2,R01ZF_REUSED_R01ZF_PERSON002,2,22,27,REJECTED_ANCHOR,MULTIPLE_ACTIVE_OPTICAL_HYPOTHESES,0,0,False,False
R01ZF,FULL_CONTEXT_OFFLINE,16,TERGR2H_05464B22F990466B2DF2,R01ZF_REUSED_R01ZF_PERSON002,2,19,25,REJECTED_ANCHOR,MULTIPLE_ACTIVE_OPTICAL_HYPOTHESES,0,0,False,False
R01ZF,FULL_CONTEXT_OFFLINE,17,TERGR2H_05464B22F990466B2DF2,R01ZF_REUSED_R01ZF_PERSON002,3,19,27,REJECTED_ANCHOR,MULTIPLE_ACTIVE_OPTICAL_HYPOTHESES,0,0,False,False
R01ZF,FULL_CONTEXT_OFFLINE,18,TERGR2H_05464B22F990466B2DF2,R01ZF_REUSED_R01ZF_PERSON002,3,17,23,REJECTED_ANCHOR,MULTIPLE_ACTIVE_OPTICAL_HYPOTHESES,0,0,False,False
R01ZF,FULL_CONTEXT_OFFLINE,19,TERGR2H_05464B22F990466B2DF2,R01ZF_REUSED_R01ZF_PERSON002,3,19,26,REJECTED_ANCHOR,MULTIPLE_ACTIVE_OPTICAL_HYPOTHESES,0,0,False,False
R01ZF,FULL_CONTEXT_OFFLINE,20,TERGR2H_05464B22F990466B2DF2,R01ZF_REUSED_R01ZF_PERSON002,3,20,25,REJECTED_ANCHOR,MULTIPLE_ACTIVE_OPTICAL_HYPOTHESES,0,0,False,False
R01ZF,FULL_CONTEXT_OFFLINE,21,TERGR2H_05464B22F990466B2DF2,R01ZF_REUSED_R01ZF_PERSON002,3,20,23,REJECTED_ANCHOR,MULTIPLE_ACTIVE_OPTICAL_HYPOTHESES,0,0,False,False
R01ZF,FULL_CONTEXT_OFFLINE,22,TERGR2H_05464B22F990466B2DF2,R01ZF_REUSED_R01ZF_PERSON002,3,19,24,REJECTED_ANCHOR,MULTIPLE_ACTIVE_OPTICAL_HYPOTHESES,0,0,False,False
R01ZF,FULL_CONTEXT_OFFLINE,23,TERGR2H_05464B22F990466B2DF2,R01ZF_REUSED_R01ZF_PERSON002,3,22,27,REJECTED_ANCHOR,MULTIPLE_ACTIVE_OPTICAL_HYPOTHESES,0,0,False,False
R01ZF,FULL_CONTEXT_OFFLINE,24,TERGR2H_05464B22F990466B2DF2,R01ZF_REUSED_R01ZF_PERSON002,3,25,29,REJECTED_ANCHOR,MULTIPLE_ACTIVE_OPTICAL_HYPOTHESES,0,0,False,False
R01ZF,FULL_CONTEXT_OFFLINE,25,TERGR2H_05464B22F990466B2DF2,R01ZF_REUSED_R01ZF_PERSON002,3,19,26,REJECTED_ANCHOR,MULTIPLE_ACTIVE_OPTICAL_HYPOTHESES,0,0,False,False
R01ZF,FULL_CONTEXT_OFFLINE,26,TERGR2H_05464B22F990466B2DF2,R01ZF_REUSED_R01ZF_PERSON002,3,18,22,REJECTED_ANCHOR,MULTIPLE_ACTIVE_OPTICAL_HYPOTHESES,0,0,False,False
R01ZF,FULL_CONTEXT_OFFLINE,27,TERGR2H_05464B22F990466B2DF2,R01ZF_REUSED_R01ZF_PERSON002,3,18,23,REJECTED_ANCHOR,MULTIPLE_ACTIVE_OPTICAL_HYPOTHESES,0,0,False,False
R01ZF,FULL_CONTEXT_OFFLINE,28,TERGR2H_05464B22F990466B2DF2,R01ZF_REUSED_R01ZF_PERSON002,3,17,21,REJECTED_ANCHOR,MULTIPLE_ACTIVE_OPTICAL_HYPOTHESES,0,0,False,False
R01ZF,FULL_CONTEXT_OFFLINE,29,TERGR2H_05464B22F990466B2DF2,R01ZF_REUSED_R01ZF_PERSON002,3,20,24,REJECTED_ANCHOR,MULTIPLE_ACTIVE_OPTICAL_HYPOTHESES,0,0,False,False
R01ZF,FULL_CONTEXT_OFFLINE,30,TERGR2H_05464B22F990466B2DF2,R01ZF_REUSED_R01ZF_PERSON002,3,19,22,REJECTED_ANCHOR,MULTIPLE_ACTIVE_OPTICAL_HYPOTHESES,0,0,False,False
R01ZF,FULL_CONTEXT_OFFLINE,31,TERGR2H_05464B22F990466B2DF2,R01ZF_REUSED_R01ZF_PERSON002,3,20,26,REJECTED_ANCHOR,MULTIPLE_ACTIVE_OPTICAL_HYPOTHESES,0,0,False,False
R01ZF,FULL_CONTEXT_OFFLINE,32,TERGR2H_05464B22F990466B2DF2,R01ZF_REUSED_R01ZF_PERSON002,3,22,27,REJECTED_ANCHOR,MULTIPLE_ACTIVE_OPTICAL_HYPOTHESES,0,0,False,False
R01ZF,FULL_CONTEXT_OFFLINE,33,TERGR2H_05464B22F990466B2DF2,R01ZF_REUSED_R01ZF_PERSON002,3,22,26,REJECTED_ANCHOR,MULTIPLE_ACTIVE_OPTICAL_HYPOTHESES,0,0,False,False
R01ZF,FULL_CONTEXT_OFFLINE,34,TERGR2H_05464B22F990466B2DF2,R01ZF_REUSED_R01ZF_PERSON002,3,20,22,REJECTED_ANCHOR,MULTIPLE_ACTIVE_OPTICAL_HYPOTHESES,0,0,False,False
R01ZF,FULL_CONTEXT_OFFLINE,35,TERGR2H_05464B22F990466B2DF2,R01ZF_REUSED_R01ZF_PERSON002,3,17,23,REJECTED_ANCHOR,MULTIPLE_ACTIVE_OPTICAL_HYPOTHESES,0,0,False,False
R01ZF,FULL_CONTEXT_OFFLINE,36,TERGR2H_05464B22F990466B2DF2,R01ZF_REUSED_R01ZF_PERSON002,3,15,19,REJECTED_ANCHOR,MULTIPLE_ACTIVE_OPTICAL_HYPOTHESES,0,0,False,False
R01ZF,FULL_CONTEXT_OFFLINE,37,TERGR2H_05464B22F990466B2DF2,R01ZF_REUSED_R01ZF_PERSON002,3,16,20,REJECTED_ANCHOR,MULTIPLE_ACTIVE_OPTICAL_HYPOTHESES,0,0,False,False
R01ZF,FULL_CONTEXT_OFFLINE,38,TERGR2H_05464B22F990466B2DF2,R01ZF_REUSED_R01ZF_PERSON002,3,16,20,REJECTED_ANCHOR,MULTIPLE_ACTIVE_OPTICAL_HYPOTHESES,0,0,False,False
R01ZF,FULL_CONTEXT_OFFLINE,39,TERGR2H_05464B22F990466B2DF2,R01ZF_REUSED_R01ZF_PERSON002,3,15,19,REJECTED_ANCHOR,MULTIPLE_ACTIVE_OPTICAL_HYPOTHESES,0,0,False,False
R01ZF,FULL_CONTEXT_OFFLINE,40,TERGR2H_05464B22F990466B2DF2,R01ZF_REUSED_R01ZF_PERSON002,3,12,14,REJECTED_ANCHOR,MULTIPLE_ACTIVE_OPTICAL_HYPOTHESES,0,0,False,False
R01ZF,FULL_CONTEXT_OFFLINE,41,TERGR2H_05464B22F990466B2DF2,R01ZF_REUSED_R01ZF_PERSON002,3,14,15,REJECTED_ANCHOR,MULTIPLE_ACTIVE_OPTICAL_HYPOTHESES,0,0,False,False
R01ZF,FULL_CONTEXT_OFFLINE,42,TERGR2H_05464B22F990466B2DF2,R01ZF_REUSED_R01ZF_PERSON002,3,14,16,REJECTED_ANCHOR,MULTIPLE_ACTIVE_OPTICAL_HYPOTHESES,0,0,False,False
R01ZF,FULL_CONTEXT_OFFLINE,43,TERGR2H_05464B22F990466B2DF2,R01ZF_REUSED_R01ZF_PERSON002,3,15,18,REJECTED_ANCHOR,MULTIPLE_ACTIVE_OPTICAL_HYPOTHESES,0,0,False,False
R01ZF,FULL_CONTEXT_OFFLINE,44,TERGR2H_05464B22F990466B2DF2,R01ZF_REUSED_R01ZF_PERSON002,3,18,23,REJECTED_ANCHOR,MULTIPLE_ACTIVE_OPTICAL_HYPOTHESES,0,0,False,False
R01ZF,FULL_CONTEXT_OFFLINE,45,TERGR2H_05464B22F990466B2DF2,R01ZF_REUSED_R01ZF_PERSON002,3,16,18,REJECTED_ANCHOR,MULTIPLE_ACTIVE_OPTICAL_HYPOTHESES,0,0,False,False
R01ZF,FULL_CONTEXT_OFFLINE,46,TERGR2H_05464B22F990466B2DF2,R01ZF_REUSED_R01ZF_PERSON002,3,14,18,REJECTED_ANCHOR,MULTIPLE_ACTIVE_OPTICAL_HYPOTHESES,0,0,False,False
R01ZF,FULL_CONTEXT_OFFLINE,47,TERGR2H_05464B22F990466B2DF2,R01ZF_REUSED_R01ZF_PERSON002,3,17,19,REJECTED_ANCHOR,MULTIPLE_ACTIVE_OPTICAL_HYPOTHESES,0,0,False,False
R01ZF,FULL_CONTEXT_OFFLINE,48,TERGR2H_05464B22F990466B2DF2,R01ZF_REUSED_R01ZF_PERSON002,3,18,20,REJECTED_ANCHOR,MULTIPLE_ACTIVE_OPTICAL_HYPOTHESES,0,0,False,False
R01ZF,FULL_CONTEXT_OFFLINE,49,TERGR2H_05464B22F990466B2DF2,R01ZF_REUSED_R01ZF_PERSON002,3,15,17,REJECTED_ANCHOR,MULTIPLE_ACTIVE_OPTICAL_HYPOTHESES,0,0,False,False
R01ZF,FULL_CONTEXT_OFFLINE,50,TERGR2H_05464B22F990466B2DF2,R01ZF_REUSED_R01ZF_PERSON002,3,15,16,REJECTED_ANCHOR,MULTIPLE_ACTIVE_OPTICAL_HYPOTHESES,0,0,False,False
R01ZF,FULL_CONTEXT_OFFLINE,51,TERGR2H_05464B22F990466B2DF2,R01ZF_REUSED_R01ZF_PERSON002,3,15,17,REJECTED_ANCHOR,MULTIPLE_ACTIVE_OPTICAL_HYPOTHESES,0,0,False,False
R01ZF,FULL_CONTEXT_OFFLINE,52,TERGR2H_05464B22F990466B2DF2,R01ZF_REUSED_R01ZF_PERSON002,3,16,17,REJECTED_ANCHOR,MULTIPLE_ACTIVE_OPTICAL_HYPOTHESES,0,0,False,False
R01ZF,FULL_CONTEXT_OFFLINE,53,TERGR2H_05464B22F990466B2DF2,R01ZF_REUSED_R01ZF_PERSON002,3,13,16,REJECTED_ANCHOR,MULTIPLE_ACTIVE_OPTICAL_HYPOTHESES,0,0,False,False
R01ZF,FULL_CONTEXT_OFFLINE,54,TERGR2H_05464B22F990466B2DF2,R01ZF_REUSED_R01ZF_PERSON002,3,15,17,REJECTED_ANCHOR,MULTIPLE_ACTIVE_OPTICAL_HYPOTHESES,0,0,False,False
R01ZF,FULL_CONTEXT_OFFLINE,55,TERGR2H_05464B22F990466B2DF2,R01ZF_REUSED_R01ZF_PERSON002,3,13,14,REJECTED_ANCHOR,MULTIPLE_ACTIVE_OPTICAL_HYPOTHESES,0,0,False,False
R01ZF,FULL_CONTEXT_OFFLINE,56,TERGR2H_05464B22F990466B2DF2,R01ZF_REUSED_R01ZF_PERSON002,3,13,14,REJECTED_ANCHOR,MULTIPLE_ACTIVE_OPTICAL_HYPOTHESES,0,0,False,False
R01ZF,FULL_CONTEXT_OFFLINE,57,TERGR2H_05464B22F990466B2DF2,R01ZF_REUSED_R01ZF_PERSON002,3,15,16,REJECTED_ANCHOR,MULTIPLE_ACTIVE_OPTICAL_HYPOTHESES,0,0,False,False
R01ZF,FULL_CONTEXT_OFFLINE,58,TERGR2H_05464B22F990466B2DF2,R01ZF_REUSED_R01ZF_PERSON002,3,15,16,REJECTED_ANCHOR,MULTIPLE_ACTIVE_OPTICAL_HYPOTHESES,0,0,False,False
R01ZF,FULL_CONTEXT_OFFLINE,59,TERGR2H_05464B22F990466B2DF2,R01ZF_REUSED_R01ZF_PERSON002,3,15,17,REJECTED_ANCHOR,MULTIPLE_ACTIVE_OPTICAL_HYPOTHESES,0,0,False,False
R01ZF,FULL_CONTEXT_OFFLINE,60,TERGR2H_05464B22F990466B2DF2,R01ZF_REUSED_R01ZF_PERSON002,3,16,19,REJECTED_ANCHOR,MULTIPLE_ACTIVE_OPTICAL_HYPOTHESES,0,0,False,False
R01ZF,FULL_CONTEXT_OFFLINE,61,TERGR2H_05464B22F990466B2DF2,R01ZF_REUSED_R01ZF_PERSON002,3,18,23,REJECTED_ANCHOR,MULTIPLE_ACTIVE_OPTICAL_HYPOTHESES,0,0,False,False
R01ZF,FULL_CONTEXT_OFFLINE,62,TERGR2H_05464B22F990466B2DF2,R01ZF_REUSED_R01ZF_PERSON002,3,18,21,REJECTED_ANCHOR,MULTIPLE_ACTIVE_OPTICAL_HYPOTHESES,0,0,False,False
R01ZF,FULL_CONTEXT_OFFLINE,63,TERGR2H_05464B22F990466B2DF2,R01ZF_REUSED_R01ZF_PERSON002,3,17,19,REJECTED_ANCHOR,MULTIPLE_ACTIVE_OPTICAL_HYPOTHESES,0,0,False,False
R01ZF,FULL_CONTEXT_OFFLINE,64,TERGR2H_05464B22F990466B2DF2,R01ZF_REUSED_R01ZF_PERSON002,3,18,21,REJECTED_ANCHOR,MULTIPLE_ACTIVE_OPTICAL_HYPOTHESES,0,0,False,False
R01ZF,FULL_CONTEXT_OFFLINE,65,TERGR2H_05464B22F990466B2DF2,R01ZF_REUSED_R01ZF_PERSON002,3,17,19,REJECTED_ANCHOR,MULTIPLE_ACTIVE_OPTICAL_HYPOTHESES,0,0,False,False
R01ZF,FULL_CONTEXT_OFFLINE,66,TERGR2H_05464B22F990466B2DF2,R01ZF_REUSED_R01ZF_PERSON002,3,13,14,REJECTED_ANCHOR,MULTIPLE_ACTIVE_OPTICAL_HYPOTHESES,0,0,False,False
R01ZF,FULL_CONTEXT_OFFLINE,67,TERGR2H_05464B22F990466B2DF2,R01ZF_REUSED_R01ZF_PERSON002,3,17,20,REJECTED_ANCHOR,MULTIPLE_ACTIVE_OPTICAL_HYPOTHESES,0,0,False,False
R01ZF,FULL_CONTEXT_OFFLINE,68,TERGR2H_05464B22F990466B2DF2,R01ZF_REUSED_R01ZF_PERSON002,3,14,15,REJECTED_ANCHOR,MULTIPLE_ACTIVE_OPTICAL_HYPOTHESES,0,0,False,False
R01ZF,FULL_CONTEXT_OFFLINE,69,TERGR2H_05464B22F990466B2DF2,R01ZF_REUSED_R01ZF_PERSON002,3,19,21,REJECTED_ANCHOR,MULTIPLE_ACTIVE_OPTICAL_HYPOTHESES,0,0,False,False
R01ZF,FULL_CONTEXT_OFFLINE,70,TERGR2H_05464B22F990466B2DF2,R01ZF_REUSED_R01ZF_PERSON002,3,16,17,REJECTED_ANCHOR,MULTIPLE_ACTIVE_OPTICAL_HYPOTHESES,0,0,False,False
R01ZF,FULL_CONTEXT_OFFLINE,71,TERGR2H_05464B22F990466B2DF2,R01ZF_REUSED_R01ZF_PERSON002,3,16,17,REJECTED_ANCHOR,MULTIPLE_ACTIVE_OPTICAL_HYPOTHESES,0,0,False,False
R01ZF,FULL_CONTEXT_OFFLINE,72,TERGR2H_05464B22F990466B2DF2,R01ZF_REUSED_R01ZF_PERSON002,3,16,18,REJECTED_ANCHOR,MULTIPLE_ACTIVE_OPTICAL_HYPOTHESES,0,0,False,False
R01ZF,FULL_CONTEXT_OFFLINE,73,TERGR2H_05464B22F990466B2DF2,R01ZF_REUSED_R01ZF_PERSON002,3,14,16,REJECTED_ANCHOR,MULTIPLE_ACTIVE_OPTICAL_HYPOTHESES,0,0,False,False
R01ZF,FULL_CONTEXT_OFFLINE,74,TERGR2H_05464B22F990466B2DF2,R01ZF_REUSED_R01ZF_PERSON002,3,13,14,REJECTED_ANCHOR,MULTIPLE_ACTIVE_OPTICAL_HYPOTHESES,0,0,False,False
R01ZF,FULL_CONTEXT_OFFLINE,75,TERGR2H_05464B22F990466B2DF2,R01ZF_REUSED_R01ZF_PERSON002,3,12,13,REJECTED_ANCHOR,MULTIPLE_ACTIVE_OPTICAL_HYPOTHESES,0,0,False,False
R01ZF,FULL_CONTEXT_OFFLINE,76,TERGR2H_05464B22F990466B2DF2,R01ZF_REUSED_R01ZF_PERSON002,3,15,16,REJECTED_ANCHOR,MULTIPLE_ACTIVE_OPTICAL_HYPOTHESES,0,0,False,False
R01ZF,FULL_CONTEXT_OFFLINE,77,TERGR2H_05464B22F990466B2DF2,R01ZF_REUSED_R01ZF_PERSON002,3,15,16,REJECTED_ANCHOR,MULTIPLE_ACTIVE_OPTICAL_HYPOTHESES,0,0,False,False
R01ZF,FULL_CONTEXT_OFFLINE,78,TERGR2H_05464B22F990466B2DF2,R01ZF_REUSED_R01ZF_PERSON002,3,12,13,REJECTED_ANCHOR,MULTIPLE_ACTIVE_OPTICAL_HYPOTHESES,0,0,False,False
R01ZF,FULL_CONTEXT_OFFLINE,79,TERGR2H_05464B22F990466B2DF2,R01ZF_REUSED_R01ZF_PERSON002,3,14,15,REJECTED_ANCHOR,MULTIPLE_ACTIVE_OPTICAL_HYPOTHESES,0,0,False,False
R01ZF,FULL_CONTEXT_OFFLINE,80,TERGR2H_05464B22F990466B2DF2,R01ZF_REUSED_R01ZF_PERSON002,3,11,12,REJECTED_ANCHOR,MULTIPLE_ACTIVE_OPTICAL_HYPOTHESES,0,0,False,False
R01ZF,FULL_CONTEXT_OFFLINE,81,TERGR2H_05464B22F990466B2DF2,R01ZF_REUSED_R01ZF_PERSON002,3,10,11,REJECTED_ANCHOR,MULTIPLE_ACTIVE_OPTICAL_HYPOTHESES,0,0,False,False
R01ZF,FULL_CONTEXT_OFFLINE,82,TERGR2H_05464B22F990466B2DF2,R01ZF_REUSED_R01ZF_PERSON002,3,12,13,REJECTED_ANCHOR,MULTIPLE_ACTIVE_OPTICAL_HYPOTHESES,0,0,False,False
R01ZF,FULL_CONTEXT_OFFLINE,83,TERGR2H_05464B22F990466B2DF2,R01ZF_REUSED_R01ZF_PERSON002,3,10,11,REJECTED_ANCHOR,MULTIPLE_ACTIVE_OPTICAL_HYPOTHESES,0,0,False,False
R01ZF,FULL_CONTEXT_OFFLINE,84,TERGR2H_05464B22F990466B2DF2,R01ZF_REUSED_R01ZF_PERSON002,3,10,10,REJECTED_ANCHOR,MULTIPLE_ACTIVE_OPTICAL_HYPOTHESES,0,0,False,False
R01ZF,FULL_CONTEXT_OFFLINE,85,TERGR2H_05464B22F990466B2DF2,R01ZF_REUSED_R01ZF_PERSON002,3,9,9,REJECTED_ANCHOR,MULTIPLE_ACTIVE_OPTICAL_HYPOTHESES,0,0,False,False
R01ZF,FULL_CONTEXT_OFFLINE,86,TERGR2H_05464B22F990466B2DF2,R01ZF_REUSED_R01ZF_PERSON002,3,6,6,REJECTED_ANCHOR,MULTIPLE_ACTIVE_OPTICAL_HYPOTHESES,0,0,False,False
R01ZF,FULL_CONTEXT_OFFLINE,87,TERGR2H_05464B22F990466B2DF2,R01ZF_REUSED_R01ZF_PERSON002,3,8,8,REJECTED_ANCHOR,MULTIPLE_ACTIVE_OPTICAL_HYPOTHESES,0,0,False,False
R01ZF,FULL_CONTEXT_OFFLINE,88,TERGR2H_05464B22F990466B2DF2,R01ZF_REUSED_R01ZF_PERSON002,3,7,7,REJECTED_ANCHOR,MULTIPLE_ACTIVE_OPTICAL_HYPOTHESES,0,0,False,False
R01ZF,FULL_CONTEXT_OFFLINE,89,TERGR2H_05464B22F990466B2DF2,R01ZF_REUSED_R01ZF_PERSON002,3,7,7,REJECTED_ANCHOR,MULTIPLE_ACTIVE_OPTICAL_HYPOTHESES,0,0,False,False
R01ZF,FULL_CONTEXT_OFFLINE,90,TERGR2H_05464B22F990466B2DF2,R01ZF_REUSED_R01ZF_PERSON002,3,7,7,REJECTED_ANCHOR,MULTIPLE_ACTIVE_OPTICAL_HYPOTHESES,0,0,False,False
R01ZF,CAUSAL_REPLAY,19,TERGR2H_BB83239BEB36620583D4,R01ZF_REUSED_R01ZF_PERSON003,3,8,9,REJECTED_ANCHOR,MULTIPLE_ACTIVE_OPTICAL_HYPOTHESES,0,0,False,False
R01ZF,CAUSAL_REPLAY,20,TERGR2H_BB83239BEB36620583D4,R01ZF_REUSED_R01ZF_PERSON003,3,6,7,REJECTED_ANCHOR,MULTIPLE_ACTIVE_OPTICAL_HYPOTHESES,0,0,False,False
R01ZF,CAUSAL_REPLAY,21,TERGR2H_BB83239BEB36620583D4,R01ZF_REUSED_R01ZF_PERSON003,3,6,7,REJECTED_ANCHOR,MULTIPLE_ACTIVE_OPTICAL_HYPOTHESES,0,0,False,False
R01ZF,CAUSAL_REPLAY,22,TERGR2H_BB83239BEB36620583D4,R01ZF_REUSED_R01ZF_PERSON003,3,8,10,REJECTED_ANCHOR,MULTIPLE_ACTIVE_OPTICAL_HYPOTHESES,0,0,False,False
R01ZF,CAUSAL_REPLAY,23,TERGR2H_BB83239BEB36620583D4,R01ZF_REUSED_R01ZF_PERSON003,3,8,10,REJECTED_ANCHOR,MULTIPLE_ACTIVE_OPTICAL_HYPOTHESES,0,0,False,False
R01ZF,CAUSAL_REPLAY,24,TERGR2H_BB83239BEB36620583D4,R01ZF_REUSED_R01ZF_PERSON003,3,9,11,REJECTED_ANCHOR,MULTIPLE_ACTIVE_OPTICAL_HYPOTHESES,0,0,False,False
R01ZF,CAUSAL_REPLAY,25,TERGR2H_BB83239BEB36620583D4,R01ZF_REUSED_R01ZF_PERSON003,3,10,12,REJECTED_ANCHOR,MULTIPLE_ACTIVE_OPTICAL_HYPOTHESES,0,0,False,False
R01ZF,CAUSAL_REPLAY,26,TERGR2H_BB83239BEB36620583D4,R01ZF_REUSED_R01ZF_PERSON003,3,9,11,REJECTED_ANCHOR,MULTIPLE_ACTIVE_OPTICAL_HYPOTHESES,0,0,False,False
R01ZF,CAUSAL_REPLAY,27,TERGR2H_BB83239BEB36620583D4,R01ZF_REUSED_R01ZF_PERSON003,3,9,11,REJECTED_ANCHOR,MULTIPLE_ACTIVE_OPTICAL_HYPOTHESES,0,0,False,False
R01ZF,CAUSAL_REPLAY,28,TERGR2H_BB83239BEB36620583D4,R01ZF_REUSED_R01ZF_PERSON003,3,10,12,REJECTED_ANCHOR,MULTIPLE_ACTIVE_OPTICAL_HYPOTHESES,0,0,False,False
R01ZF,CAUSAL_REPLAY,29,TERGR2H_BB83239BEB36620583D4,R01ZF_REUSED_R01ZF_PERSON003,3,11,13,REJECTED_ANCHOR,MULTIPLE_ACTIVE_OPTICAL_HYPOTHESES,0,0,False,False
R01ZF,CAUSAL_REPLAY,30,TERGR2H_BB83239BEB36620583D4,R01ZF_REUSED_R01ZF_PERSON003,3,12,14,REJECTED_ANCHOR,MULTIPLE_ACTIVE_OPTICAL_HYPOTHESES,0,0,False,False
R01ZF,CAUSAL_REPLAY,31,TERGR2H_BB83239BEB36620583D4,R01ZF_REUSED_R01ZF_PERSON003,3,10,11,REJECTED_ANCHOR,MULTIPLE_ACTIVE_OPTICAL_HYPOTHESES,0,0,False,False
R01ZF,CAUSAL_REPLAY,32,TERGR2H_BB83239BEB36620583D4,R01ZF_REUSED_R01ZF_PERSON003,3,16,18,REJECTED_ANCHOR,MULTIPLE_ACTIVE_OPTICAL_HYPOTHESES,0,0,False,False
R01ZF,CAUSAL_REPLAY,33,TERGR2H_BB83239BEB36620583D4,R01ZF_REUSED_R01ZF_PERSON003,3,9,12,REJECTED_ANCHOR,MULTIPLE_ACTIVE_OPTICAL_HYPOTHESES,0,0,False,False
R01ZF,CAUSAL_REPLAY,34,TERGR2H_BB83239BEB36620583D4,R01ZF_REUSED_R01ZF_PERSON003,3,10,14,REJECTED_ANCHOR,MULTIPLE_ACTIVE_OPTICAL_HYPOTHESES,0,0,False,False
R01ZF,CAUSAL_REPLAY,35,TERGR2H_BB83239BEB36620583D4,R01ZF_REUSED_R01ZF_PERSON003,3,12,16,REJECTED_ANCHOR,MULTIPLE_ACTIVE_OPTICAL_HYPOTHESES,0,0,False,False
R01ZF,CAUSAL_REPLAY,36,TERGR2H_BB83239BEB36620583D4,R01ZF_REUSED_R01ZF_PERSON003,3,10,12,REJECTED_ANCHOR,MULTIPLE_ACTIVE_OPTICAL_HYPOTHESES,0,0,False,False
R01ZF,CAUSAL_REPLAY,37,TERGR2H_BB83239BEB36620583D4,R01ZF_REUSED_R01ZF_PERSON003,3,13,15,REJECTED_ANCHOR,MULTIPLE_ACTIVE_OPTICAL_HYPOTHESES,0,0,False,False
R01ZF,CAUSAL_REPLAY,38,TERGR2H_BB83239BEB36620583D4,R01ZF_REUSED_R01ZF_PERSON003,3,14,16,REJECTED_ANCHOR,MULTIPLE_ACTIVE_OPTICAL_HYPOTHESES,0,0,False,False
R01ZF,CAUSAL_REPLAY,39,TERGR2H_BB83239BEB36620583D4,R01ZF_REUSED_R01ZF_PERSON003,3,14,17,REJECTED_ANCHOR,MULTIPLE_ACTIVE_OPTICAL_HYPOTHESES,0,0,False,False
R01ZF,CAUSAL_REPLAY,40,TERGR2H_BB83239BEB36620583D4,R01ZF_REUSED_R01ZF_PERSON003,3,12,13,REJECTED_ANCHOR,MULTIPLE_ACTIVE_OPTICAL_HYPOTHESES,0,0,False,False
R01ZF,CAUSAL_REPLAY,41,TERGR2H_BB83239BEB36620583D4,R01ZF_REUSED_R01ZF_PERSON003,3,11,14,REJECTED_ANCHOR,MULTIPLE_ACTIVE_OPTICAL_HYPOTHESES,0,0,False,False
R01ZF,CAUSAL_REPLAY,42,TERGR2H_BB83239BEB36620583D4,R01ZF_REUSED_R01ZF_PERSON003,3,16,20,REJECTED_ANCHOR,MULTIPLE_ACTIVE_OPTICAL_HYPOTHESES,0,0,False,False
R01ZF,CAUSAL_REPLAY,43,TERGR2H_BB83239BEB36620583D4,R01ZF_REUSED_R01ZF_PERSON003,3,13,17,REJECTED_ANCHOR,MULTIPLE_ACTIVE_OPTICAL_HYPOTHESES,0,0,False,False
R01ZF,CAUSAL_REPLAY,44,TERGR2H_BB83239BEB36620583D4,R01ZF_REUSED_R01ZF_PERSON003,3,16,20,REJECTED_ANCHOR,MULTIPLE_ACTIVE_OPTICAL_HYPOTHESES,0,0,False,False
R01ZF,CAUSAL_REPLAY,45,TERGR2H_BB83239BEB36620583D4,R01ZF_REUSED_R01ZF_PERSON003,3,18,22,REJECTED_ANCHOR,MULTIPLE_ACTIVE_OPTICAL_HYPOTHESES,0,0,False,False
R01ZF,CAUSAL_REPLAY,46,TERGR2H_BB83239BEB36620583D4,R01ZF_REUSED_R01ZF_PERSON003,3,18,20,REJECTED_ANCHOR,MULTIPLE_ACTIVE_OPTICAL_HYPOTHESES,0,0,False,False
R01ZF,CAUSAL_REPLAY,47,TERGR2H_BB83239BEB36620583D4,R01ZF_REUSED_R01ZF_PERSON003,3,19,20,REJECTED_ANCHOR,MULTIPLE_ACTIVE_OPTICAL_HYPOTHESES,0,0,False,False
R01ZF,CAUSAL_REPLAY,48,TERGR2H_BB83239BEB36620583D4,R01ZF_REUSED_R01ZF_PERSON003,3,18,21,REJECTED_ANCHOR,MULTIPLE_ACTIVE_OPTICAL_HYPOTHESES,0,0,False,False
R01ZF,CAUSAL_REPLAY,49,TERGR2H_BB83239BEB36620583D4,R01ZF_REUSED_R01ZF_PERSON003,3,17,19,REJECTED_ANCHOR,MULTIPLE_ACTIVE_OPTICAL_HYPOTHESES,0,0,False,False
R01ZF,CAUSAL_REPLAY,50,TERGR2H_BB83239BEB36620583D4,R01ZF_REUSED_R01ZF_PERSON003,3,18,19,REJECTED_ANCHOR,MULTIPLE_ACTIVE_OPTICAL_HYPOTHESES,0,0,False,False
R01ZF,CAUSAL_REPLAY,51,TERGR2H_BB83239BEB36620583D4,R01ZF_REUSED_R01ZF_PERSON003,3,17,17,REJECTED_ANCHOR,MULTIPLE_ACTIVE_OPTICAL_HYPOTHESES,0,0,False,False
R01ZF,CAUSAL_REPLAY,52,TERGR2H_BB83239BEB36620583D4,R01ZF_REUSED_R01ZF_PERSON003,3,20,21,REJECTED_ANCHOR,MULTIPLE_ACTIVE_OPTICAL_HYPOTHESES,0,0,False,False
R01ZF,CAUSAL_REPLAY,53,TERGR2H_BB83239BEB36620583D4,R01ZF_REUSED_R01ZF_PERSON003,3,19,19,REJECTED_ANCHOR,MULTIPLE_ACTIVE_OPTICAL_HYPOTHESES,0,0,False,False
R01ZF,CAUSAL_REPLAY,54,TERGR2H_BB83239BEB36620583D4,R01ZF_REUSED_R01ZF_PERSON003,3,17,17,REJECTED_ANCHOR,MULTIPLE_ACTIVE_OPTICAL_HYPOTHESES,0,0,False,False
R01ZF,CAUSAL_REPLAY,55,TERGR2H_BB83239BEB36620583D4,R01ZF_REUSED_R01ZF_PERSON003,3,19,19,REJECTED_ANCHOR,MULTIPLE_ACTIVE_OPTICAL_HYPOTHESES,0,0,False,False
R01ZF,CAUSAL_REPLAY,56,TERGR2H_BB83239BEB36620583D4,R01ZF_REUSED_R01ZF_PERSON003,3,17,17,REJECTED_ANCHOR,MULTIPLE_ACTIVE_OPTICAL_HYPOTHESES,0,0,False,False
R01ZF,CAUSAL_REPLAY,57,TERGR2H_BB83239BEB36620583D4,R01ZF_REUSED_R01ZF_PERSON003,3,13,13,REJECTED_ANCHOR,MULTIPLE_ACTIVE_OPTICAL_HYPOTHESES,0,0,False,False
R01ZF,CAUSAL_REPLAY,58,TERGR2H_BB83239BEB36620583D4,R01ZF_REUSED_R01ZF_PERSON003,3,16,16,REJECTED_ANCHOR,MULTIPLE_ACTIVE_OPTICAL_HYPOTHESES,0,0,False,False
R01ZF,CAUSAL_REPLAY,59,TERGR2H_BB83239BEB36620583D4,R01ZF_REUSED_R01ZF_PERSON003,3,17,17,REJECTED_ANCHOR,MULTIPLE_ACTIVE_OPTICAL_HYPOTHESES,0,0,False,False
R01ZF,CAUSAL_REPLAY,60,TERGR2H_BB83239BEB36620583D4,R01ZF_REUSED_R01ZF_PERSON003,3,18,19,REJECTED_ANCHOR,MULTIPLE_ACTIVE_OPTICAL_HYPOTHESES,0,0,False,False
R01ZF,CAUSAL_REPLAY,61,TERGR2H_BB83239BEB36620583D4,R01ZF_REUSED_R01ZF_PERSON003,3,19,21,REJECTED_ANCHOR,MULTIPLE_ACTIVE_OPTICAL_HYPOTHESES,0,0,False,False
R01ZF,CAUSAL_REPLAY,62,TERGR2H_BB83239BEB36620583D4,R01ZF_REUSED_R01ZF_PERSON003,3,18,18,REJECTED_ANCHOR,MULTIPLE_ACTIVE_OPTICAL_HYPOTHESES,0,0,False,False
R01ZF,CAUSAL_REPLAY,63,TERGR2H_BB83239BEB36620583D4,R01ZF_REUSED_R01ZF_PERSON003,3,18,19,REJECTED_ANCHOR,MULTIPLE_ACTIVE_OPTICAL_HYPOTHESES,0,0,False,False
R01ZF,CAUSAL_REPLAY,64,TERGR2H_BB83239BEB36620583D4,R01ZF_REUSED_R01ZF_PERSON003,3,17,17,REJECTED_ANCHOR,MULTIPLE_ACTIVE_OPTICAL_HYPOTHESES,0,0,False,False
R01ZF,CAUSAL_REPLAY,65,TERGR2H_BB83239BEB36620583D4,R01ZF_REUSED_R01ZF_PERSON003,3,15,15,REJECTED_ANCHOR,MULTIPLE_ACTIVE_OPTICAL_HYPOTHESES,0,0,False,False
R01ZF,CAUSAL_REPLAY,66,TERGR2H_BB83239BEB36620583D4,R01ZF_REUSED_R01ZF_PERSON003,3,14,15,REJECTED_ANCHOR,MULTIPLE_ACTIVE_OPTICAL_HYPOTHESES,0,0,False,False
R01ZF,CAUSAL_REPLAY,67,TERGR2H_BB83239BEB36620583D4,R01ZF_REUSED_R01ZF_PERSON003,3,19,21,REJECTED_ANCHOR,MULTIPLE_ACTIVE_OPTICAL_HYPOTHESES,0,0,False,False
R01ZF,CAUSAL_REPLAY,68,TERGR2H_BB83239BEB36620583D4,R01ZF_REUSED_R01ZF_PERSON003,3,14,16,REJECTED_ANCHOR,MULTIPLE_ACTIVE_OPTICAL_HYPOTHESES,0,0,False,False
R01ZF,CAUSAL_REPLAY,69,TERGR2H_BB83239BEB36620583D4,R01ZF_REUSED_R01ZF_PERSON003,3,18,19,REJECTED_ANCHOR,MULTIPLE_ACTIVE_OPTICAL_HYPOTHESES,0,0,False,False
R01ZF,CAUSAL_REPLAY,70,TERGR2H_BB83239BEB36620583D4,R01ZF_REUSED_R01ZF_PERSON003,3,13,14,REJECTED_ANCHOR,MULTIPLE_ACTIVE_OPTICAL_HYPOTHESES,0,0,False,False
R01ZF,CAUSAL_REPLAY,71,TERGR2H_BB83239BEB36620583D4,R01ZF_REUSED_R01ZF_PERSON003,3,9,11,REJECTED_ANCHOR,MULTIPLE_ACTIVE_OPTICAL_HYPOTHESES,0,0,False,False
R01ZF,CAUSAL_REPLAY,72,TERGR2H_BB83239BEB36620583D4,R01ZF_REUSED_R01ZF_PERSON003,3,12,15,REJECTED_ANCHOR,MULTIPLE_ACTIVE_OPTICAL_HYPOTHESES,0,0,False,False
R01ZF,CAUSAL_REPLAY,73,TERGR2H_BB83239BEB36620583D4,R01ZF_REUSED_R01ZF_PERSON003,3,13,16,REJECTED_ANCHOR,MULTIPLE_ACTIVE_OPTICAL_HYPOTHESES,0,0,False,False
R01ZF,CAUSAL_REPLAY,74,TERGR2H_BB83239BEB36620583D4,R01ZF_REUSED_R01ZF_PERSON003,3,15,18,REJECTED_ANCHOR,MULTIPLE_ACTIVE_OPTICAL_HYPOTHESES,0,0,False,False
R01ZF,CAUSAL_REPLAY,75,TERGR2H_BB83239BEB36620583D4,R01ZF_REUSED_R01ZF_PERSON003,3,14,17,REJECTED_ANCHOR,MULTIPLE_ACTIVE_OPTICAL_HYPOTHESES,0,0,False,False
R01ZF,CAUSAL_REPLAY,76,TERGR2H_BB83239BEB36620583D4,R01ZF_REUSED_R01ZF_PERSON003,3,15,18,REJECTED_ANCHOR,MULTIPLE_ACTIVE_OPTICAL_HYPOTHESES,0,0,False,False
R01ZF,CAUSAL_REPLAY,77,TERGR2H_BB83239BEB36620583D4,R01ZF_REUSED_R01ZF_PERSON003,3,16,19,REJECTED_ANCHOR,MULTIPLE_ACTIVE_OPTICAL_HYPOTHESES,0,0,False,False
R01ZF,CAUSAL_REPLAY,78,TERGR2H_BB83239BEB36620583D4,R01ZF_REUSED_R01ZF_PERSON003,3,13,15,REJECTED_ANCHOR,MULTIPLE_ACTIVE_OPTICAL_HYPOTHESES,0,0,False,False
R01ZF,CAUSAL_REPLAY,79,TERGR2H_BB83239BEB36620583D4,R01ZF_REUSED_R01ZF_PERSON003,3,15,18,REJECTED_ANCHOR,MULTIPLE_ACTIVE_OPTICAL_HYPOTHESES,0,0,False,False
R01ZF,CAUSAL_REPLAY,80,TERGR2H_BB83239BEB36620583D4,R01ZF_REUSED_R01ZF_PERSON003,3,16,18,REJECTED_ANCHOR,MULTIPLE_ACTIVE_OPTICAL_HYPOTHESES,0,0,False,False
R01ZF,CAUSAL_REPLAY,81,TERGR2H_BB83239BEB36620583D4,R01ZF_REUSED_R01ZF_PERSON003,3,14,15,REJECTED_ANCHOR,MULTIPLE_ACTIVE_OPTICAL_HYPOTHESES,0,0,False,False
R01ZF,CAUSAL_REPLAY,82,TERGR2H_BB83239BEB36620583D4,R01ZF_REUSED_R01ZF_PERSON003,3,16,17,REJECTED_ANCHOR,MULTIPLE_ACTIVE_OPTICAL_HYPOTHESES,0,0,False,False
R01ZF,CAUSAL_REPLAY,83,TERGR2H_BB83239BEB36620583D4,R01ZF_REUSED_R01ZF_PERSON003,3,15,15,REJECTED_ANCHOR,MULTIPLE_ACTIVE_OPTICAL_HYPOTHESES,0,0,False,False
R01ZF,CAUSAL_REPLAY,84,TERGR2H_BB83239BEB36620583D4,R01ZF_REUSED_R01ZF_PERSON003,3,13,14,REJECTED_ANCHOR,MULTIPLE_ACTIVE_OPTICAL_HYPOTHESES,0,0,False,False
R01ZF,CAUSAL_REPLAY,85,TERGR2H_BB83239BEB36620583D4,R01ZF_REUSED_R01ZF_PERSON003,3,13,13,REJECTED_ANCHOR,MULTIPLE_ACTIVE_OPTICAL_HYPOTHESES,0,0,False,False
R01ZF,CAUSAL_REPLAY,86,TERGR2H_BB83239BEB36620583D4,R01ZF_REUSED_R01ZF_PERSON003,3,14,14,REJECTED_ANCHOR,MULTIPLE_ACTIVE_OPTICAL_HYPOTHESES,0,0,False,False
R01ZF,CAUSAL_REPLAY,87,TERGR2H_BB83239BEB36620583D4,R01ZF_REUSED_R01ZF_PERSON003,3,17,17,REJECTED_ANCHOR,MULTIPLE_ACTIVE_OPTICAL_HYPOTHESES,0,0,False,False
R01ZF,CAUSAL_REPLAY,88,TERGR2H_BB83239BEB36620583D4,R01ZF_REUSED_R01ZF_PERSON003,3,13,14,REJECTED_ANCHOR,MULTIPLE_ACTIVE_OPTICAL_HYPOTHESES,0,0,False,False
R01ZF,CAUSAL_REPLAY,89,TERGR2H_BB83239BEB36620583D4,R01ZF_REUSED_R01ZF_PERSON003,3,10,11,REJECTED_ANCHOR,MULTIPLE_ACTIVE_OPTICAL_HYPOTHESES,0,0,False,False
R01ZF,CAUSAL_REPLAY,90,TERGR2H_BB83239BEB36620583D4,R01ZF_REUSED_R01ZF_PERSON003,3,12,15,REJECTED_ANCHOR,MULTIPLE_ACTIVE_OPTICAL_HYPOTHESES,0,0,False,False
R01ZF,CAUSAL_REPLAY,91,TERGR2H_BB83239BEB36620583D4,R01ZF_REUSED_R01ZF_PERSON003,2,12,17,REJECTED_ANCHOR,MULTIPLE_ACTIVE_OPTICAL_HYPOTHESES,0,0,False,False
R01ZF,CAUSAL_REPLAY,92,TERGR2H_BB83239BEB36620583D4,R01ZF_REUSED_R01ZF_PERSON003,2,15,18,REJECTED_ANCHOR,MULTIPLE_ACTIVE_OPTICAL_HYPOTHESES,0,0,False,False
R01ZF,CAUSAL_REPLAY,93,TERGR2H_BB83239BEB36620583D4,R01ZF_REUSED_R01ZF_PERSON003,2,14,16,REJECTED_ANCHOR,MULTIPLE_ACTIVE_OPTICAL_HYPOTHESES,0,0,False,False
R01ZF,CAUSAL_REPLAY,94,TERGR2H_BB83239BEB36620583D4,R01ZF_REUSED_R01ZF_PERSON003,1,15,16,REJECTED_ANCHOR,NATURAL_LOW_AMBIGUITY_NOT_REACHED,0,0,False,False
R01ZF,CAUSAL_REPLAY,95,TERGR2H_BB83239BEB36620583D4,R01ZF_REUSED_R01ZF_PERSON003,1,14,16,REJECTED_ANCHOR,NATURAL_LOW_AMBIGUITY_NOT_REACHED,0,0,False,False
R01ZF,CAUSAL_REPLAY,96,TERGR2H_BB83239BEB36620583D4,R01ZF_REUSED_R01ZF_PERSON003,1,15,16,REJECTED_ANCHOR,NATURAL_LOW_AMBIGUITY_NOT_REACHED,0,0,False,False
R01ZF,CAUSAL_REPLAY,97,TERGR2H_BB83239BEB36620583D4,R01ZF_REUSED_R01ZF_PERSON003,1,15,16,REJECTED_ANCHOR,NATURAL_LOW_AMBIGUITY_NOT_REACHED,0,0,False,False
R01ZF,CAUSAL_REPLAY,98,TERGR2H_BB83239BEB36620583D4,R01ZF_REUSED_R01ZF_PERSON003,1,15,17,REJECTED_ANCHOR,NATURAL_LOW_AMBIGUITY_NOT_REACHED,0,0,False,False
R01ZF,CAUSAL_REPLAY,99,TERGR2H_BB83239BEB36620583D4,R01ZF_REUSED_R01ZF_PERSON003,1,14,18,REJECTED_ANCHOR,NATURAL_LOW_AMBIGUITY_NOT_REACHED,0,0,False,False
R01ZF,CAUSAL_REPLAY,100,TERGR2H_BB83239BEB36620583D4,R01ZF_REUSED_R01ZF_PERSON003,1,18,20,REJECTED_ANCHOR,NATURAL_LOW_AMBIGUITY_NOT_REACHED,0,0,False,False
R01ZF,CAUSAL_REPLAY,101,TERGR2H_BB83239BEB36620583D4,R01ZF_REUSED_R01ZF_PERSON003,1,15,16,REJECTED_ANCHOR,NATURAL_LOW_AMBIGUITY_NOT_REACHED,0,0,False,False
R01ZF,CAUSAL_REPLAY,102,TERGR2H_BB83239BEB36620583D4,R01ZF_REUSED_R01ZF_PERSON003,1,16,18,REJECTED_ANCHOR,NATURAL_LOW_AMBIGUITY_NOT_REACHED,0,0,False,False
R01ZF,CAUSAL_REPLAY,103,TERGR2H_BB83239BEB36620583D4,R01ZF_REUSED_R01ZF_PERSON003,1,12,14,REJECTED_ANCHOR,NATURAL_LOW_AMBIGUITY_NOT_REACHED,0,0,False,False
R01ZF,CAUSAL_REPLAY,104,TERGR2H_BB83239BEB36620583D4,R01ZF_REUSED_R01ZF_PERSON003,1,12,15,REJECTED_ANCHOR,NATURAL_LOW_AMBIGUITY_NOT_REACHED,0,0,False,False
R01ZF,CAUSAL_REPLAY,105,TERGR2H_BB83239BEB36620583D4,R01ZF_REUSED_R01ZF_PERSON003,1,12,15,REJECTED_ANCHOR,NATURAL_LOW_AMBIGUITY_NOT_REACHED,0,0,False,False
R01ZF,CAUSAL_REPLAY,106,TERGR2H_BB83239BEB36620583D4,R01ZF_REUSED_R01ZF_PERSON003,1,11,14,REJECTED_ANCHOR,NATURAL_LOW_AMBIGUITY_NOT_REACHED,0,0,False,False
R01ZF,CAUSAL_REPLAY,107,TERGR2H_BB83239BEB36620583D4,R01ZF_REUSED_R01ZF_PERSON003,1,13,15,REJECTED_ANCHOR,NATURAL_LOW_AMBIGUITY_NOT_REACHED,0,0,False,False
R01ZF,CAUSAL_REPLAY,108,TERGR2H_BB83239BEB36620583D4,R01ZF_REUSED_R01ZF_PERSON003,1,12,14,REJECTED_ANCHOR,NATURAL_LOW_AMBIGUITY_NOT_REACHED,0,0,False,False
R01ZF,CAUSAL_REPLAY,109,TERGR2H_BB83239BEB36620583D4,R01ZF_REUSED_R01ZF_PERSON003,1,13,15,REJECTED_ANCHOR,NATURAL_LOW_AMBIGUITY_NOT_REACHED,0,0,False,False
R01ZF,CAUSAL_REPLAY,110,TERGR2H_BB83239BEB36620583D4,R01ZF_REUSED_R01ZF_PERSON003,1,13,14,REJECTED_ANCHOR,NATURAL_LOW_AMBIGUITY_NOT_REACHED,0,0,False,False
R01ZF,CAUSAL_REPLAY,111,TERGR2H_BB83239BEB36620583D4,R01ZF_REUSED_R01ZF_PERSON003,1,15,16,REJECTED_ANCHOR,NATURAL_LOW_AMBIGUITY_NOT_REACHED,0,0,False,False
R01ZF,CAUSAL_REPLAY,112,TERGR2H_BB83239BEB36620583D4,R01ZF_REUSED_R01ZF_PERSON003,1,14,14,REJECTED_ANCHOR,NATURAL_LOW_AMBIGUITY_NOT_REACHED,0,0,False,False
R01ZF,CAUSAL_REPLAY,113,TERGR2H_BB83239BEB36620583D4,R01ZF_REUSED_R01ZF_PERSON003,1,15,15,REJECTED_ANCHOR,NATURAL_LOW_AMBIGUITY_NOT_REACHED,0,0,False,False
R01ZF,CAUSAL_REPLAY,114,TERGR2H_BB83239BEB36620583D4,R01ZF_REUSED_R01ZF_PERSON003,1,14,14,REJECTED_ANCHOR,NATURAL_LOW_AMBIGUITY_NOT_REACHED,0,0,False,False
R01ZF,CAUSAL_REPLAY,115,TERGR2H_BB83239BEB36620583D4,R01ZF_REUSED_R01ZF_PERSON003,1,14,14,REJECTED_ANCHOR,NATURAL_LOW_AMBIGUITY_NOT_REACHED,0,0,False,False
R01ZF,CAUSAL_REPLAY,116,TERGR2H_BB83239BEB36620583D4,R01ZF_REUSED_R01ZF_PERSON003,1,15,16,REJECTED_ANCHOR,NATURAL_LOW_AMBIGUITY_NOT_REACHED,0,0,False,False
R01ZF,CAUSAL_REPLAY,117,TERGR2H_BB83239BEB36620583D4,R01ZF_REUSED_R01ZF_PERSON003,1,14,15,REJECTED_ANCHOR,NATURAL_LOW_AMBIGUITY_NOT_REACHED,0,0,False,False
R01ZF,CAUSAL_REPLAY,118,TERGR2H_BB83239BEB36620583D4,R01ZF_REUSED_R01ZF_PERSON003,1,12,13,REJECTED_ANCHOR,NATURAL_LOW_AMBIGUITY_NOT_REACHED,0,0,False,False
R01ZF,CAUSAL_REPLAY,119,TERGR2H_BB83239BEB36620583D4,R01ZF_REUSED_R01ZF_PERSON003,1,10,10,REJECTED_ANCHOR,NATURAL_LOW_AMBIGUITY_NOT_REACHED,0,0,False,False
R01ZF,CAUSAL_REPLAY,120,TERGR2H_BB83239BEB36620583D4,R01ZF_REUSED_R01ZF_PERSON003,1,10,10,REJECTED_ANCHOR,NATURAL_LOW_AMBIGUITY_NOT_REACHED,0,0,False,False
R01ZF,CAUSAL_REPLAY,121,TERGR2H_BB83239BEB36620583D4,R01ZF_REUSED_R01ZF_PERSON003,1,7,7,REJECTED_ANCHOR,NATURAL_LOW_AMBIGUITY_NOT_REACHED,0,0,False,False
R01ZF,CAUSAL_REPLAY,122,TERGR2H_BB83239BEB36620583D4,R01ZF_REUSED_R01ZF_PERSON003,1,8,8,REJECTED_ANCHOR,NATURAL_LOW_AMBIGUITY_NOT_REACHED,0,0,False,False
R01ZF,FIXED_LAG_100MS,17,TERGR2H_BB83239BEB36620583D4,R01ZF_REUSED_R01ZF_PERSON003,3,8,9,REJECTED_ANCHOR,MULTIPLE_ACTIVE_OPTICAL_HYPOTHESES,0,0,False,False
R01ZF,FIXED_LAG_100MS,18,TERGR2H_BB83239BEB36620583D4,R01ZF_REUSED_R01ZF_PERSON003,3,6,8,REJECTED_ANCHOR,MULTIPLE_ACTIVE_OPTICAL_HYPOTHESES,0,0,False,False
R01ZF,FIXED_LAG_100MS,19,TERGR2H_BB83239BEB36620583D4,R01ZF_REUSED_R01ZF_PERSON003,3,8,10,REJECTED_ANCHOR,MULTIPLE_ACTIVE_OPTICAL_HYPOTHESES,0,0,False,False
R01ZF,FIXED_LAG_100MS,20,TERGR2H_BB83239BEB36620583D4,R01ZF_REUSED_R01ZF_PERSON003,3,7,9,REJECTED_ANCHOR,MULTIPLE_ACTIVE_OPTICAL_HYPOTHESES,0,0,False,False
R01ZF,FIXED_LAG_100MS,21,TERGR2H_BB83239BEB36620583D4,R01ZF_REUSED_R01ZF_PERSON003,3,8,9,REJECTED_ANCHOR,MULTIPLE_ACTIVE_OPTICAL_HYPOTHESES,0,0,False,False
R01ZF,FIXED_LAG_100MS,22,TERGR2H_BB83239BEB36620583D4,R01ZF_REUSED_R01ZF_PERSON003,3,8,10,REJECTED_ANCHOR,MULTIPLE_ACTIVE_OPTICAL_HYPOTHESES,0,0,False,False
R01ZF,FIXED_LAG_100MS,23,TERGR2H_BB83239BEB36620583D4,R01ZF_REUSED_R01ZF_PERSON003,3,9,11,REJECTED_ANCHOR,MULTIPLE_ACTIVE_OPTICAL_HYPOTHESES,0,0,False,False
R01ZF,FIXED_LAG_100MS,24,TERGR2H_BB83239BEB36620583D4,R01ZF_REUSED_R01ZF_PERSON003,3,10,12,REJECTED_ANCHOR,MULTIPLE_ACTIVE_OPTICAL_HYPOTHESES,0,0,False,False
R01ZF,FIXED_LAG_100MS,25,TERGR2H_BB83239BEB36620583D4,R01ZF_REUSED_R01ZF_PERSON003,3,10,12,REJECTED_ANCHOR,MULTIPLE_ACTIVE_OPTICAL_HYPOTHESES,0,0,False,False
R01ZF,FIXED_LAG_100MS,26,TERGR2H_BB83239BEB36620583D4,R01ZF_REUSED_R01ZF_PERSON003,3,9,11,REJECTED_ANCHOR,MULTIPLE_ACTIVE_OPTICAL_HYPOTHESES,0,0,False,False
R01ZF,FIXED_LAG_100MS,27,TERGR2H_BB83239BEB36620583D4,R01ZF_REUSED_R01ZF_PERSON003,3,10,12,REJECTED_ANCHOR,MULTIPLE_ACTIVE_OPTICAL_HYPOTHESES,0,0,False,False
R01ZF,FIXED_LAG_100MS,28,TERGR2H_BB83239BEB36620583D4,R01ZF_REUSED_R01ZF_PERSON003,3,12,14,REJECTED_ANCHOR,MULTIPLE_ACTIVE_OPTICAL_HYPOTHESES,0,0,False,False
R01ZF,FIXED_LAG_100MS,29,TERGR2H_BB83239BEB36620583D4,R01ZF_REUSED_R01ZF_PERSON003,3,12,14,REJECTED_ANCHOR,MULTIPLE_ACTIVE_OPTICAL_HYPOTHESES,0,0,False,False
R01ZF,FIXED_LAG_100MS,30,TERGR2H_BB83239BEB36620583D4,R01ZF_REUSED_R01ZF_PERSON003,3,12,14,REJECTED_ANCHOR,MULTIPLE_ACTIVE_OPTICAL_HYPOTHESES,0,0,False,False
R01ZF,FIXED_LAG_100MS,31,TERGR2H_BB83239BEB36620583D4,R01ZF_REUSED_R01ZF_PERSON003,3,15,16,REJECTED_ANCHOR,MULTIPLE_ACTIVE_OPTICAL_HYPOTHESES,0,0,False,False
R01ZF,FIXED_LAG_100MS,32,TERGR2H_BB83239BEB36620583D4,R01ZF_REUSED_R01ZF_PERSON003,3,18,20,REJECTED_ANCHOR,MULTIPLE_ACTIVE_OPTICAL_HYPOTHESES,0,0,False,False
R01ZF,FIXED_LAG_100MS,33,TERGR2H_BB83239BEB36620583D4,R01ZF_REUSED_R01ZF_PERSON003,3,13,16,REJECTED_ANCHOR,MULTIPLE_ACTIVE_OPTICAL_HYPOTHESES,0,0,False,False
R01ZF,FIXED_LAG_100MS,34,TERGR2H_BB83239BEB36620583D4,R01ZF_REUSED_R01ZF_PERSON003,3,13,17,REJECTED_ANCHOR,MULTIPLE_ACTIVE_OPTICAL_HYPOTHESES,0,0,False,False
R01ZF,FIXED_LAG_100MS,35,TERGR2H_BB83239BEB36620583D4,R01ZF_REUSED_R01ZF_PERSON003,3,13,17,REJECTED_ANCHOR,MULTIPLE_ACTIVE_OPTICAL_HYPOTHESES,0,0,False,False
R01ZF,FIXED_LAG_100MS,36,TERGR2H_BB83239BEB36620583D4,R01ZF_REUSED_R01ZF_PERSON003,3,15,17,REJECTED_ANCHOR,MULTIPLE_ACTIVE_OPTICAL_HYPOTHESES,0,0,False,False
R01ZF,FIXED_LAG_100MS,37,TERGR2H_BB83239BEB36620583D4,R01ZF_REUSED_R01ZF_PERSON003,3,16,18,REJECTED_ANCHOR,MULTIPLE_ACTIVE_OPTICAL_HYPOTHESES,0,0,False,False
R01ZF,FIXED_LAG_100MS,38,TERGR2H_BB83239BEB36620583D4,R01ZF_REUSED_R01ZF_PERSON003,3,15,18,REJECTED_ANCHOR,MULTIPLE_ACTIVE_OPTICAL_HYPOTHESES,0,0,False,False
R01ZF,FIXED_LAG_100MS,39,TERGR2H_BB83239BEB36620583D4,R01ZF_REUSED_R01ZF_PERSON003,3,17,20,REJECTED_ANCHOR,MULTIPLE_ACTIVE_OPTICAL_HYPOTHESES,0,0,False,False
R01ZF,FIXED_LAG_100MS,40,TERGR2H_BB83239BEB36620583D4,R01ZF_REUSED_R01ZF_PERSON003,3,12,13,REJECTED_ANCHOR,MULTIPLE_ACTIVE_OPTICAL_HYPOTHESES,0,0,False,False
R01ZF,FIXED_LAG_100MS,41,TERGR2H_BB83239BEB36620583D4,R01ZF_REUSED_R01ZF_PERSON003,3,12,17,REJECTED_ANCHOR,MULTIPLE_ACTIVE_OPTICAL_HYPOTHESES,0,0,False,False
R01ZF,FIXED_LAG_100MS,42,TERGR2H_BB83239BEB36620583D4,R01ZF_REUSED_R01ZF_PERSON003,3,16,22,REJECTED_ANCHOR,MULTIPLE_ACTIVE_OPTICAL_HYPOTHESES,0,0,False,False
R01ZF,FIXED_LAG_100MS,43,TERGR2H_BB83239BEB36620583D4,R01ZF_REUSED_R01ZF_PERSON003,3,14,19,REJECTED_ANCHOR,MULTIPLE_ACTIVE_OPTICAL_HYPOTHESES,0,0,False,False
R01ZF,FIXED_LAG_100MS,44,TERGR2H_BB83239BEB36620583D4,R01ZF_REUSED_R01ZF_PERSON003,3,18,22,REJECTED_ANCHOR,MULTIPLE_ACTIVE_OPTICAL_HYPOTHESES,0,0,False,False
R01ZF,FIXED_LAG_100MS,45,TERGR2H_BB83239BEB36620583D4,R01ZF_REUSED_R01ZF_PERSON003,3,19,23,REJECTED_ANCHOR,MULTIPLE_ACTIVE_OPTICAL_HYPOTHESES,0,0,False,False
R01ZF,FIXED_LAG_100MS,46,TERGR2H_BB83239BEB36620583D4,R01ZF_REUSED_R01ZF_PERSON003,3,20,22,REJECTED_ANCHOR,MULTIPLE_ACTIVE_OPTICAL_HYPOTHESES,0,0,False,False
R01ZF,FIXED_LAG_100MS,47,TERGR2H_BB83239BEB36620583D4,R01ZF_REUSED_R01ZF_PERSON003,3,21,22,REJECTED_ANCHOR,MULTIPLE_ACTIVE_OPTICAL_HYPOTHESES,0,0,False,False
R01ZF,FIXED_LAG_100MS,48,TERGR2H_BB83239BEB36620583D4,R01ZF_REUSED_R01ZF_PERSON003,3,19,22,REJECTED_ANCHOR,MULTIPLE_ACTIVE_OPTICAL_HYPOTHESES,0,0,False,False
R01ZF,FIXED_LAG_100MS,49,TERGR2H_BB83239BEB36620583D4,R01ZF_REUSED_R01ZF_PERSON003,3,21,23,REJECTED_ANCHOR,MULTIPLE_ACTIVE_OPTICAL_HYPOTHESES,0,0,False,False
R01ZF,FIXED_LAG_100MS,50,TERGR2H_BB83239BEB36620583D4,R01ZF_REUSED_R01ZF_PERSON003,3,21,22,REJECTED_ANCHOR,MULTIPLE_ACTIVE_OPTICAL_HYPOTHESES,0,0,False,False
R01ZF,FIXED_LAG_100MS,51,TERGR2H_BB83239BEB36620583D4,R01ZF_REUSED_R01ZF_PERSON003,3,20,20,REJECTED_ANCHOR,MULTIPLE_ACTIVE_OPTICAL_HYPOTHESES,0,0,False,False
R01ZF,FIXED_LAG_100MS,52,TERGR2H_BB83239BEB36620583D4,R01ZF_REUSED_R01ZF_PERSON003,3,21,22,REJECTED_ANCHOR,MULTIPLE_ACTIVE_OPTICAL_HYPOTHESES,0,0,False,False
R01ZF,FIXED_LAG_100MS,53,TERGR2H_BB83239BEB36620583D4,R01ZF_REUSED_R01ZF_PERSON003,3,19,19,REJECTED_ANCHOR,MULTIPLE_ACTIVE_OPTICAL_HYPOTHESES,0,0,False,False
R01ZF,FIXED_LAG_100MS,54,TERGR2H_BB83239BEB36620583D4,R01ZF_REUSED_R01ZF_PERSON003,3,17,17,REJECTED_ANCHOR,MULTIPLE_ACTIVE_OPTICAL_HYPOTHESES,0,0,False,False
R01ZF,FIXED_LAG_100MS,55,TERGR2H_BB83239BEB36620583D4,R01ZF_REUSED_R01ZF_PERSON003,3,19,19,REJECTED_ANCHOR,MULTIPLE_ACTIVE_OPTICAL_HYPOTHESES,0,0,False,False
R01ZF,FIXED_LAG_100MS,56,TERGR2H_BB83239BEB36620583D4,R01ZF_REUSED_R01ZF_PERSON003,3,18,18,REJECTED_ANCHOR,MULTIPLE_ACTIVE_OPTICAL_HYPOTHESES,0,0,False,False
R01ZF,FIXED_LAG_100MS,57,TERGR2H_BB83239BEB36620583D4,R01ZF_REUSED_R01ZF_PERSON003,3,14,14,REJECTED_ANCHOR,MULTIPLE_ACTIVE_OPTICAL_HYPOTHESES,0,0,False,False
R01ZF,FIXED_LAG_100MS,58,TERGR2H_BB83239BEB36620583D4,R01ZF_REUSED_R01ZF_PERSON003,3,17,17,REJECTED_ANCHOR,MULTIPLE_ACTIVE_OPTICAL_HYPOTHESES,0,0,False,False
R01ZF,FIXED_LAG_100MS,59,TERGR2H_BB83239BEB36620583D4,R01ZF_REUSED_R01ZF_PERSON003,3,19,19,REJECTED_ANCHOR,MULTIPLE_ACTIVE_OPTICAL_HYPOTHESES,0,0,False,False
R01ZF,FIXED_LAG_100MS,60,TERGR2H_BB83239BEB36620583D4,R01ZF_REUSED_R01ZF_PERSON003,3,18,19,REJECTED_ANCHOR,MULTIPLE_ACTIVE_OPTICAL_HYPOTHESES,0,0,False,False
R01ZF,FIXED_LAG_100MS,61,TERGR2H_BB83239BEB36620583D4,R01ZF_REUSED_R01ZF_PERSON003,3,20,22,REJECTED_ANCHOR,MULTIPLE_ACTIVE_OPTICAL_HYPOTHESES,0,0,False,False
R01ZF,FIXED_LAG_100MS,62,TERGR2H_BB83239BEB36620583D4,R01ZF_REUSED_R01ZF_PERSON003,3,19,19,REJECTED_ANCHOR,MULTIPLE_ACTIVE_OPTICAL_HYPOTHESES,0,0,False,False
R01ZF,FIXED_LAG_100MS,63,TERGR2H_BB83239BEB36620583D4,R01ZF_REUSED_R01ZF_PERSON003,3,18,19,REJECTED_ANCHOR,MULTIPLE_ACTIVE_OPTICAL_HYPOTHESES,0,0,False,False
R01ZF,FIXED_LAG_100MS,64,TERGR2H_BB83239BEB36620583D4,R01ZF_REUSED_R01ZF_PERSON003,3,18,18,REJECTED_ANCHOR,MULTIPLE_ACTIVE_OPTICAL_HYPOTHESES,0,0,False,False
R01ZF,FIXED_LAG_100MS,65,TERGR2H_BB83239BEB36620583D4,R01ZF_REUSED_R01ZF_PERSON003,3,15,15,REJECTED_ANCHOR,MULTIPLE_ACTIVE_OPTICAL_HYPOTHESES,0,0,False,False
R01ZF,FIXED_LAG_100MS,66,TERGR2H_BB83239BEB36620583D4,R01ZF_REUSED_R01ZF_PERSON003,3,16,17,REJECTED_ANCHOR,MULTIPLE_ACTIVE_OPTICAL_HYPOTHESES,0,0,False,False
R01ZF,FIXED_LAG_100MS,67,TERGR2H_BB83239BEB36620583D4,R01ZF_REUSED_R01ZF_PERSON003,3,20,22,REJECTED_ANCHOR,MULTIPLE_ACTIVE_OPTICAL_HYPOTHESES,0,0,False,False
R01ZF,FIXED_LAG_100MS,68,TERGR2H_BB83239BEB36620583D4,R01ZF_REUSED_R01ZF_PERSON003,3,15,17,REJECTED_ANCHOR,MULTIPLE_ACTIVE_OPTICAL_HYPOTHESES,0,0,False,False
R01ZF,FIXED_LAG_100MS,69,TERGR2H_BB83239BEB36620583D4,R01ZF_REUSED_R01ZF_PERSON003,3,21,22,REJECTED_ANCHOR,MULTIPLE_ACTIVE_OPTICAL_HYPOTHESES,0,0,False,False
R01ZF,FIXED_LAG_100MS,70,TERGR2H_BB83239BEB36620583D4,R01ZF_REUSED_R01ZF_PERSON003,3,15,16,REJECTED_ANCHOR,MULTIPLE_ACTIVE_OPTICAL_HYPOTHESES,0,0,False,False
R01ZF,FIXED_LAG_100MS,71,TERGR2H_BB83239BEB36620583D4,R01ZF_REUSED_R01ZF_PERSON003,3,12,14,REJECTED_ANCHOR,MULTIPLE_ACTIVE_OPTICAL_HYPOTHESES,0,0,False,False
R01ZF,FIXED_LAG_100MS,72,TERGR2H_BB83239BEB36620583D4,R01ZF_REUSED_R01ZF_PERSON003,3,16,19,REJECTED_ANCHOR,MULTIPLE_ACTIVE_OPTICAL_HYPOTHESES,0,0,False,False
R01ZF,FIXED_LAG_100MS,73,TERGR2H_BB83239BEB36620583D4,R01ZF_REUSED_R01ZF_PERSON003,3,17,20,REJECTED_ANCHOR,MULTIPLE_ACTIVE_OPTICAL_HYPOTHESES,0,0,False,False
R01ZF,FIXED_LAG_100MS,74,TERGR2H_BB83239BEB36620583D4,R01ZF_REUSED_R01ZF_PERSON003,3,15,18,REJECTED_ANCHOR,MULTIPLE_ACTIVE_OPTICAL_HYPOTHESES,0,0,False,False
R01ZF,FIXED_LAG_100MS,75,TERGR2H_BB83239BEB36620583D4,R01ZF_REUSED_R01ZF_PERSON003,3,14,17,REJECTED_ANCHOR,MULTIPLE_ACTIVE_OPTICAL_HYPOTHESES,0,0,False,False
R01ZF,FIXED_LAG_100MS,76,TERGR2H_BB83239BEB36620583D4,R01ZF_REUSED_R01ZF_PERSON003,3,15,18,REJECTED_ANCHOR,MULTIPLE_ACTIVE_OPTICAL_HYPOTHESES,0,0,False,False
R01ZF,FIXED_LAG_100MS,77,TERGR2H_BB83239BEB36620583D4,R01ZF_REUSED_R01ZF_PERSON003,3,16,19,REJECTED_ANCHOR,MULTIPLE_ACTIVE_OPTICAL_HYPOTHESES,0,0,False,False
R01ZF,FIXED_LAG_100MS,78,TERGR2H_BB83239BEB36620583D4,R01ZF_REUSED_R01ZF_PERSON003,3,13,15,REJECTED_ANCHOR,MULTIPLE_ACTIVE_OPTICAL_HYPOTHESES,0,0,False,False
R01ZF,FIXED_LAG_100MS,79,TERGR2H_BB83239BEB36620583D4,R01ZF_REUSED_R01ZF_PERSON003,3,17,20,REJECTED_ANCHOR,MULTIPLE_ACTIVE_OPTICAL_HYPOTHESES,0,0,False,False
R01ZF,FIXED_LAG_100MS,80,TERGR2H_BB83239BEB36620583D4,R01ZF_REUSED_R01ZF_PERSON003,3,17,19,REJECTED_ANCHOR,MULTIPLE_ACTIVE_OPTICAL_HYPOTHESES,0,0,False,False
R01ZF,FIXED_LAG_100MS,81,TERGR2H_BB83239BEB36620583D4,R01ZF_REUSED_R01ZF_PERSON003,3,16,18,REJECTED_ANCHOR,MULTIPLE_ACTIVE_OPTICAL_HYPOTHESES,0,0,False,False
R01ZF,FIXED_LAG_100MS,82,TERGR2H_BB83239BEB36620583D4,R01ZF_REUSED_R01ZF_PERSON003,3,17,19,REJECTED_ANCHOR,MULTIPLE_ACTIVE_OPTICAL_HYPOTHESES,0,0,False,False
R01ZF,FIXED_LAG_100MS,83,TERGR2H_BB83239BEB36620583D4,R01ZF_REUSED_R01ZF_PERSON003,3,16,17,REJECTED_ANCHOR,MULTIPLE_ACTIVE_OPTICAL_HYPOTHESES,0,0,False,False
R01ZF,FIXED_LAG_100MS,84,TERGR2H_BB83239BEB36620583D4,R01ZF_REUSED_R01ZF_PERSON003,3,16,17,REJECTED_ANCHOR,MULTIPLE_ACTIVE_OPTICAL_HYPOTHESES,0,0,False,False
R01ZF,FIXED_LAG_100MS,85,TERGR2H_BB83239BEB36620583D4,R01ZF_REUSED_R01ZF_PERSON003,3,14,14,REJECTED_ANCHOR,MULTIPLE_ACTIVE_OPTICAL_HYPOTHESES,0,0,False,False
R01ZF,FIXED_LAG_100MS,86,TERGR2H_BB83239BEB36620583D4,R01ZF_REUSED_R01ZF_PERSON003,3,18,18,REJECTED_ANCHOR,MULTIPLE_ACTIVE_OPTICAL_HYPOTHESES,0,0,False,False
R01ZF,FIXED_LAG_100MS,87,TERGR2H_BB83239BEB36620583D4,R01ZF_REUSED_R01ZF_PERSON003,3,18,18,REJECTED_ANCHOR,MULTIPLE_ACTIVE_OPTICAL_HYPOTHESES,0,0,False,False
R01ZF,FIXED_LAG_100MS,88,TERGR2H_BB83239BEB36620583D4,R01ZF_REUSED_R01ZF_PERSON003,3,14,15,REJECTED_ANCHOR,MULTIPLE_ACTIVE_OPTICAL_HYPOTHESES,0,0,False,False
R01ZF,FIXED_LAG_100MS,89,TERGR2H_BB83239BEB36620583D4,R01ZF_REUSED_R01ZF_PERSON003,3,13,14,REJECTED_ANCHOR,MULTIPLE_ACTIVE_OPTICAL_HYPOTHESES,0,0,False,False
R01ZF,FIXED_LAG_100MS,90,TERGR2H_BB83239BEB36620583D4,R01ZF_REUSED_R01ZF_PERSON003,3,14,17,REJECTED_ANCHOR,MULTIPLE_ACTIVE_OPTICAL_HYPOTHESES,0,0,False,False
R01ZF,FIXED_LAG_100MS,91,TERGR2H_BB83239BEB36620583D4,R01ZF_REUSED_R01ZF_PERSON003,2,14,19,REJECTED_ANCHOR,MULTIPLE_ACTIVE_OPTICAL_HYPOTHESES,0,0,False,False
R01ZF,FIXED_LAG_100MS,92,TERGR2H_BB83239BEB36620583D4,R01ZF_REUSED_R01ZF_PERSON003,2,15,18,REJECTED_ANCHOR,MULTIPLE_ACTIVE_OPTICAL_HYPOTHESES,0,0,False,False
R01ZF,FIXED_LAG_100MS,93,TERGR2H_BB83239BEB36620583D4,R01ZF_REUSED_R01ZF_PERSON003,2,16,19,REJECTED_ANCHOR,MULTIPLE_ACTIVE_OPTICAL_HYPOTHESES,0,0,False,False
R01ZF,FIXED_LAG_100MS,94,TERGR2H_BB83239BEB36620583D4,R01ZF_REUSED_R01ZF_PERSON003,1,15,16,REJECTED_ANCHOR,NATURAL_LOW_AMBIGUITY_NOT_REACHED,0,0,False,False
R01ZF,FIXED_LAG_100MS,95,TERGR2H_BB83239BEB36620583D4,R01ZF_REUSED_R01ZF_PERSON003,1,14,16,REJECTED_ANCHOR,NATURAL_LOW_AMBIGUITY_NOT_REACHED,0,0,False,False
R01ZF,FIXED_LAG_100MS,96,TERGR2H_BB83239BEB36620583D4,R01ZF_REUSED_R01ZF_PERSON003,1,15,17,REJECTED_ANCHOR,NATURAL_LOW_AMBIGUITY_NOT_REACHED,0,0,False,False
R01ZF,FIXED_LAG_100MS,97,TERGR2H_BB83239BEB36620583D4,R01ZF_REUSED_R01ZF_PERSON003,1,16,17,REJECTED_ANCHOR,NATURAL_LOW_AMBIGUITY_NOT_REACHED,0,0,False,False
R01ZF,FIXED_LAG_100MS,98,TERGR2H_BB83239BEB36620583D4,R01ZF_REUSED_R01ZF_PERSON003,1,16,18,REJECTED_ANCHOR,NATURAL_LOW_AMBIGUITY_NOT_REACHED,0,0,False,False
R01ZF,FIXED_LAG_100MS,99,TERGR2H_BB83239BEB36620583D4,R01ZF_REUSED_R01ZF_PERSON003,1,15,19,REJECTED_ANCHOR,NATURAL_LOW_AMBIGUITY_NOT_REACHED,0,0,False,False
R01ZF,FIXED_LAG_100MS,100,TERGR2H_BB83239BEB36620583D4,R01ZF_REUSED_R01ZF_PERSON003,1,18,20,REJECTED_ANCHOR,NATURAL_LOW_AMBIGUITY_NOT_REACHED,0,0,False,False
R01ZF,FIXED_LAG_100MS,101,TERGR2H_BB83239BEB36620583D4,R01ZF_REUSED_R01ZF_PERSON003,1,16,17,REJECTED_ANCHOR,NATURAL_LOW_AMBIGUITY_NOT_REACHED,0,0,False,False
R01ZF,FIXED_LAG_100MS,102,TERGR2H_BB83239BEB36620583D4,R01ZF_REUSED_R01ZF_PERSON003,1,17,19,REJECTED_ANCHOR,NATURAL_LOW_AMBIGUITY_NOT_REACHED,0,0,False,False
R01ZF,FIXED_LAG_100MS,103,TERGR2H_BB83239BEB36620583D4,R01ZF_REUSED_R01ZF_PERSON003,1,13,15,REJECTED_ANCHOR,NATURAL_LOW_AMBIGUITY_NOT_REACHED,0,0,False,False
R01ZF,FIXED_LAG_100MS,104,TERGR2H_BB83239BEB36620583D4,R01ZF_REUSED_R01ZF_PERSON003,1,14,17,REJECTED_ANCHOR,NATURAL_LOW_AMBIGUITY_NOT_REACHED,0,0,False,False
R01ZF,FIXED_LAG_100MS,105,TERGR2H_BB83239BEB36620583D4,R01ZF_REUSED_R01ZF_PERSON003,1,12,15,REJECTED_ANCHOR,NATURAL_LOW_AMBIGUITY_NOT_REACHED,0,0,False,False
R01ZF,FIXED_LAG_100MS,106,TERGR2H_BB83239BEB36620583D4,R01ZF_REUSED_R01ZF_PERSON003,1,14,17,REJECTED_ANCHOR,NATURAL_LOW_AMBIGUITY_NOT_REACHED,0,0,False,False
R01ZF,FIXED_LAG_100MS,107,TERGR2H_BB83239BEB36620583D4,R01ZF_REUSED_R01ZF_PERSON003,1,15,17,REJECTED_ANCHOR,NATURAL_LOW_AMBIGUITY_NOT_REACHED,0,0,False,False
R01ZF,FIXED_LAG_100MS,108,TERGR2H_BB83239BEB36620583D4,R01ZF_REUSED_R01ZF_PERSON003,1,14,16,REJECTED_ANCHOR,NATURAL_LOW_AMBIGUITY_NOT_REACHED,0,0,False,False
R01ZF,FIXED_LAG_100MS,109,TERGR2H_BB83239BEB36620583D4,R01ZF_REUSED_R01ZF_PERSON003,1,14,16,REJECTED_ANCHOR,NATURAL_LOW_AMBIGUITY_NOT_REACHED,0,0,False,False
R01ZF,FIXED_LAG_100MS,110,TERGR2H_BB83239BEB36620583D4,R01ZF_REUSED_R01ZF_PERSON003,1,13,14,REJECTED_ANCHOR,NATURAL_LOW_AMBIGUITY_NOT_REACHED,0,0,False,False
R01ZF,FIXED_LAG_100MS,111,TERGR2H_BB83239BEB36620583D4,R01ZF_REUSED_R01ZF_PERSON003,1,15,16,REJECTED_ANCHOR,NATURAL_LOW_AMBIGUITY_NOT_REACHED,0,0,False,False
R01ZF,FIXED_LAG_100MS,112,TERGR2H_BB83239BEB36620583D4,R01ZF_REUSED_R01ZF_PERSON003,1,14,14,REJECTED_ANCHOR,NATURAL_LOW_AMBIGUITY_NOT_REACHED,0,0,False,False
R01ZF,FIXED_LAG_100MS,113,TERGR2H_BB83239BEB36620583D4,R01ZF_REUSED_R01ZF_PERSON003,1,15,15,REJECTED_ANCHOR,NATURAL_LOW_AMBIGUITY_NOT_REACHED,0,0,False,False
R01ZF,FIXED_LAG_100MS,114,TERGR2H_BB83239BEB36620583D4,R01ZF_REUSED_R01ZF_PERSON003,1,14,14,REJECTED_ANCHOR,NATURAL_LOW_AMBIGUITY_NOT_REACHED,0,0,False,False
R01ZF,FIXED_LAG_100MS,115,TERGR2H_BB83239BEB36620583D4,R01ZF_REUSED_R01ZF_PERSON003,1,14,14,REJECTED_ANCHOR,NATURAL_LOW_AMBIGUITY_NOT_REACHED,0,0,False,False
R01ZF,FIXED_LAG_100MS,116,TERGR2H_BB83239BEB36620583D4,R01ZF_REUSED_R01ZF_PERSON003,1,15,16,REJECTED_ANCHOR,NATURAL_LOW_AMBIGUITY_NOT_REACHED,0,0,False,False
R01ZF,FIXED_LAG_100MS,117,TERGR2H_BB83239BEB36620583D4,R01ZF_REUSED_R01ZF_PERSON003,1,14,15,REJECTED_ANCHOR,NATURAL_LOW_AMBIGUITY_NOT_REACHED,0,0,False,False
R01ZF,FIXED_LAG_100MS,118,TERGR2H_BB83239BEB36620583D4,R01ZF_REUSED_R01ZF_PERSON003,1,12,13,REJECTED_ANCHOR,NATURAL_LOW_AMBIGUITY_NOT_REACHED,0,0,False,False
R01ZF,FIXED_LAG_100MS,119,TERGR2H_BB83239BEB36620583D4,R01ZF_REUSED_R01ZF_PERSON003,1,10,10,REJECTED_ANCHOR,NATURAL_LOW_AMBIGUITY_NOT_REACHED,0,0,False,False
R01ZF,FIXED_LAG_100MS,120,TERGR2H_BB83239BEB36620583D4,R01ZF_REUSED_R01ZF_PERSON003,1,10,10,REJECTED_ANCHOR,NATURAL_LOW_AMBIGUITY_NOT_REACHED,0,0,False,False
R01ZF,FIXED_LAG_100MS,121,TERGR2H_BB83239BEB36620583D4,R01ZF_REUSED_R01ZF_PERSON003,1,7,7,REJECTED_ANCHOR,NATURAL_LOW_AMBIGUITY_NOT_REACHED,0,0,False,False
R01ZF,FIXED_LAG_100MS,122,TERGR2H_BB83239BEB36620583D4,R01ZF_REUSED_R01ZF_PERSON003,1,8,8,REJECTED_ANCHOR,NATURAL_LOW_AMBIGUITY_NOT_REACHED,0,0,False,False
R01ZF,FULL_CONTEXT_OFFLINE,17,TERGR2H_BB83239BEB36620583D4,R01ZF_REUSED_R01ZF_PERSON003,3,10,12,REJECTED_ANCHOR,MULTIPLE_ACTIVE_OPTICAL_HYPOTHESES,0,0,False,False
R01ZF,FULL_CONTEXT_OFFLINE,18,TERGR2H_BB83239BEB36620583D4,R01ZF_REUSED_R01ZF_PERSON003,3,7,10,REJECTED_ANCHOR,MULTIPLE_ACTIVE_OPTICAL_HYPOTHESES,0,0,False,False
R01ZF,FULL_CONTEXT_OFFLINE,19,TERGR2H_BB83239BEB36620583D4,R01ZF_REUSED_R01ZF_PERSON003,3,7,10,REJECTED_ANCHOR,MULTIPLE_ACTIVE_OPTICAL_HYPOTHESES,0,0,False,False
R01ZF,FULL_CONTEXT_OFFLINE,20,TERGR2H_BB83239BEB36620583D4,R01ZF_REUSED_R01ZF_PERSON003,3,7,10,REJECTED_ANCHOR,MULTIPLE_ACTIVE_OPTICAL_HYPOTHESES,0,0,False,False
R01ZF,FULL_CONTEXT_OFFLINE,21,TERGR2H_BB83239BEB36620583D4,R01ZF_REUSED_R01ZF_PERSON003,3,10,12,REJECTED_ANCHOR,MULTIPLE_ACTIVE_OPTICAL_HYPOTHESES,0,0,False,False
R01ZF,FULL_CONTEXT_OFFLINE,22,TERGR2H_BB83239BEB36620583D4,R01ZF_REUSED_R01ZF_PERSON003,3,9,12,REJECTED_ANCHOR,MULTIPLE_ACTIVE_OPTICAL_HYPOTHESES,0,0,False,False
R01ZF,FULL_CONTEXT_OFFLINE,23,TERGR2H_BB83239BEB36620583D4,R01ZF_REUSED_R01ZF_PERSON003,3,11,14,REJECTED_ANCHOR,MULTIPLE_ACTIVE_OPTICAL_HYPOTHESES,0,0,False,False
R01ZF,FULL_CONTEXT_OFFLINE,24,TERGR2H_BB83239BEB36620583D4,R01ZF_REUSED_R01ZF_PERSON003,3,13,16,REJECTED_ANCHOR,MULTIPLE_ACTIVE_OPTICAL_HYPOTHESES,0,0,False,False
R01ZF,FULL_CONTEXT_OFFLINE,25,TERGR2H_BB83239BEB36620583D4,R01ZF_REUSED_R01ZF_PERSON003,3,13,17,REJECTED_ANCHOR,MULTIPLE_ACTIVE_OPTICAL_HYPOTHESES,0,0,False,False
R01ZF,FULL_CONTEXT_OFFLINE,26,TERGR2H_BB83239BEB36620583D4,R01ZF_REUSED_R01ZF_PERSON003,3,14,17,REJECTED_ANCHOR,MULTIPLE_ACTIVE_OPTICAL_HYPOTHESES,0,0,False,False
R01ZF,FULL_CONTEXT_OFFLINE,27,TERGR2H_BB83239BEB36620583D4,R01ZF_REUSED_R01ZF_PERSON003,3,12,15,REJECTED_ANCHOR,MULTIPLE_ACTIVE_OPTICAL_HYPOTHESES,0,0,False,False
R01ZF,FULL_CONTEXT_OFFLINE,28,TERGR2H_BB83239BEB36620583D4,R01ZF_REUSED_R01ZF_PERSON003,3,16,19,REJECTED_ANCHOR,MULTIPLE_ACTIVE_OPTICAL_HYPOTHESES,0,0,False,False
R01ZF,FULL_CONTEXT_OFFLINE,29,TERGR2H_BB83239BEB36620583D4,R01ZF_REUSED_R01ZF_PERSON003,3,16,20,REJECTED_ANCHOR,MULTIPLE_ACTIVE_OPTICAL_HYPOTHESES,0,0,False,False
R01ZF,FULL_CONTEXT_OFFLINE,30,TERGR2H_BB83239BEB36620583D4,R01ZF_REUSED_R01ZF_PERSON003,3,17,21,REJECTED_ANCHOR,MULTIPLE_ACTIVE_OPTICAL_HYPOTHESES,0,0,False,False
R01ZF,FULL_CONTEXT_OFFLINE,31,TERGR2H_BB83239BEB36620583D4,R01ZF_REUSED_R01ZF_PERSON003,3,18,20,REJECTED_ANCHOR,MULTIPLE_ACTIVE_OPTICAL_HYPOTHESES,0,0,False,False
R01ZF,FULL_CONTEXT_OFFLINE,32,TERGR2H_BB83239BEB36620583D4,R01ZF_REUSED_R01ZF_PERSON003,3,18,22,REJECTED_ANCHOR,MULTIPLE_ACTIVE_OPTICAL_HYPOTHESES,0,0,False,False
R01ZF,FULL_CONTEXT_OFFLINE,33,TERGR2H_BB83239BEB36620583D4,R01ZF_REUSED_R01ZF_PERSON003,3,14,19,REJECTED_ANCHOR,MULTIPLE_ACTIVE_OPTICAL_HYPOTHESES,0,0,False,False
R01ZF,FULL_CONTEXT_OFFLINE,34,TERGR2H_BB83239BEB36620583D4,R01ZF_REUSED_R01ZF_PERSON003,3,14,20,REJECTED_ANCHOR,MULTIPLE_ACTIVE_OPTICAL_HYPOTHESES,0,0,False,False
R01ZF,FULL_CONTEXT_OFFLINE,35,TERGR2H_BB83239BEB36620583D4,R01ZF_REUSED_R01ZF_PERSON003,3,16,21,REJECTED_ANCHOR,MULTIPLE_ACTIVE_OPTICAL_HYPOTHESES,0,0,False,False
R01ZF,FULL_CONTEXT_OFFLINE,36,TERGR2H_BB83239BEB36620583D4,R01ZF_REUSED_R01ZF_PERSON003,3,15,19,REJECTED_ANCHOR,MULTIPLE_ACTIVE_OPTICAL_HYPOTHESES,0,0,False,False
R01ZF,FULL_CONTEXT_OFFLINE,37,TERGR2H_BB83239BEB36620583D4,R01ZF_REUSED_R01ZF_PERSON003,3,15,20,REJECTED_ANCHOR,MULTIPLE_ACTIVE_OPTICAL_HYPOTHESES,0,0,False,False
R01ZF,FULL_CONTEXT_OFFLINE,38,TERGR2H_BB83239BEB36620583D4,R01ZF_REUSED_R01ZF_PERSON003,3,15,21,REJECTED_ANCHOR,MULTIPLE_ACTIVE_OPTICAL_HYPOTHESES,0,0,False,False
R01ZF,FULL_CONTEXT_OFFLINE,39,TERGR2H_BB83239BEB36620583D4,R01ZF_REUSED_R01ZF_PERSON003,3,14,21,REJECTED_ANCHOR,MULTIPLE_ACTIVE_OPTICAL_HYPOTHESES,0,0,False,False
R01ZF,FULL_CONTEXT_OFFLINE,40,TERGR2H_BB83239BEB36620583D4,R01ZF_REUSED_R01ZF_PERSON003,3,11,13,REJECTED_ANCHOR,MULTIPLE_ACTIVE_OPTICAL_HYPOTHESES,0,0,False,False
R01ZF,FULL_CONTEXT_OFFLINE,41,TERGR2H_BB83239BEB36620583D4,R01ZF_REUSED_R01ZF_PERSON003,3,12,18,REJECTED_ANCHOR,MULTIPLE_ACTIVE_OPTICAL_HYPOTHESES,0,0,False,False
R01ZF,FULL_CONTEXT_OFFLINE,42,TERGR2H_BB83239BEB36620583D4,R01ZF_REUSED_R01ZF_PERSON003,3,17,25,REJECTED_ANCHOR,MULTIPLE_ACTIVE_OPTICAL_HYPOTHESES,0,0,False,False
R01ZF,FULL_CONTEXT_OFFLINE,43,TERGR2H_BB83239BEB36620583D4,R01ZF_REUSED_R01ZF_PERSON003,3,17,23,REJECTED_ANCHOR,MULTIPLE_ACTIVE_OPTICAL_HYPOTHESES,0,0,False,False
R01ZF,FULL_CONTEXT_OFFLINE,44,TERGR2H_BB83239BEB36620583D4,R01ZF_REUSED_R01ZF_PERSON003,3,20,25,REJECTED_ANCHOR,MULTIPLE_ACTIVE_OPTICAL_HYPOTHESES,0,0,False,False
R01ZF,FULL_CONTEXT_OFFLINE,45,TERGR2H_BB83239BEB36620583D4,R01ZF_REUSED_R01ZF_PERSON003,3,24,30,REJECTED_ANCHOR,MULTIPLE_ACTIVE_OPTICAL_HYPOTHESES,0,0,False,False
R01ZF,FULL_CONTEXT_OFFLINE,46,TERGR2H_BB83239BEB36620583D4,R01ZF_REUSED_R01ZF_PERSON003,3,22,26,REJECTED_ANCHOR,MULTIPLE_ACTIVE_OPTICAL_HYPOTHESES,0,0,False,False
R01ZF,FULL_CONTEXT_OFFLINE,47,TERGR2H_BB83239BEB36620583D4,R01ZF_REUSED_R01ZF_PERSON003,3,23,26,REJECTED_ANCHOR,MULTIPLE_ACTIVE_OPTICAL_HYPOTHESES,0,0,False,False
R01ZF,FULL_CONTEXT_OFFLINE,48,TERGR2H_BB83239BEB36620583D4,R01ZF_REUSED_R01ZF_PERSON003,3,20,25,REJECTED_ANCHOR,MULTIPLE_ACTIVE_OPTICAL_HYPOTHESES,0,0,False,False
R01ZF,FULL_CONTEXT_OFFLINE,49,TERGR2H_BB83239BEB36620583D4,R01ZF_REUSED_R01ZF_PERSON003,3,18,23,REJECTED_ANCHOR,MULTIPLE_ACTIVE_OPTICAL_HYPOTHESES,0,0,False,False
R01ZF,FULL_CONTEXT_OFFLINE,50,TERGR2H_BB83239BEB36620583D4,R01ZF_REUSED_R01ZF_PERSON003,3,21,26,REJECTED_ANCHOR,MULTIPLE_ACTIVE_OPTICAL_HYPOTHESES,0,0,False,False
R01ZF,FULL_CONTEXT_OFFLINE,51,TERGR2H_BB83239BEB36620583D4,R01ZF_REUSED_R01ZF_PERSON003,3,18,22,REJECTED_ANCHOR,MULTIPLE_ACTIVE_OPTICAL_HYPOTHESES,0,0,False,False
R01ZF,FULL_CONTEXT_OFFLINE,52,TERGR2H_BB83239BEB36620583D4,R01ZF_REUSED_R01ZF_PERSON003,3,19,23,REJECTED_ANCHOR,MULTIPLE_ACTIVE_OPTICAL_HYPOTHESES,0,0,False,False
R01ZF,FULL_CONTEXT_OFFLINE,53,TERGR2H_BB83239BEB36620583D4,R01ZF_REUSED_R01ZF_PERSON003,3,18,21,REJECTED_ANCHOR,MULTIPLE_ACTIVE_OPTICAL_HYPOTHESES,0,0,False,False
R01ZF,FULL_CONTEXT_OFFLINE,54,TERGR2H_BB83239BEB36620583D4,R01ZF_REUSED_R01ZF_PERSON003,3,16,18,REJECTED_ANCHOR,MULTIPLE_ACTIVE_OPTICAL_HYPOTHESES,0,0,False,False
R01ZF,FULL_CONTEXT_OFFLINE,55,TERGR2H_BB83239BEB36620583D4,R01ZF_REUSED_R01ZF_PERSON003,3,19,21,REJECTED_ANCHOR,MULTIPLE_ACTIVE_OPTICAL_HYPOTHESES,0,0,False,False
R01ZF,FULL_CONTEXT_OFFLINE,56,TERGR2H_BB83239BEB36620583D4,R01ZF_REUSED_R01ZF_PERSON003,3,17,19,REJECTED_ANCHOR,MULTIPLE_ACTIVE_OPTICAL_HYPOTHESES,0,0,False,False
R01ZF,FULL_CONTEXT_OFFLINE,57,TERGR2H_BB83239BEB36620583D4,R01ZF_REUSED_R01ZF_PERSON003,3,14,15,REJECTED_ANCHOR,MULTIPLE_ACTIVE_OPTICAL_HYPOTHESES,0,0,False,False
R01ZF,FULL_CONTEXT_OFFLINE,58,TERGR2H_BB83239BEB36620583D4,R01ZF_REUSED_R01ZF_PERSON003,3,16,18,REJECTED_ANCHOR,MULTIPLE_ACTIVE_OPTICAL_HYPOTHESES,0,0,False,False
R01ZF,FULL_CONTEXT_OFFLINE,59,TERGR2H_BB83239BEB36620583D4,R01ZF_REUSED_R01ZF_PERSON003,3,17,20,REJECTED_ANCHOR,MULTIPLE_ACTIVE_OPTICAL_HYPOTHESES,0,0,False,False
R01ZF,FULL_CONTEXT_OFFLINE,60,TERGR2H_BB83239BEB36620583D4,R01ZF_REUSED_R01ZF_PERSON003,3,16,20,REJECTED_ANCHOR,MULTIPLE_ACTIVE_OPTICAL_HYPOTHESES,0,0,False,False
R01ZF,FULL_CONTEXT_OFFLINE,61,TERGR2H_BB83239BEB36620583D4,R01ZF_REUSED_R01ZF_PERSON003,3,21,26,REJECTED_ANCHOR,MULTIPLE_ACTIVE_OPTICAL_HYPOTHESES,0,0,False,False
R01ZF,FULL_CONTEXT_OFFLINE,62,TERGR2H_BB83239BEB36620583D4,R01ZF_REUSED_R01ZF_PERSON003,3,18,20,REJECTED_ANCHOR,MULTIPLE_ACTIVE_OPTICAL_HYPOTHESES,0,0,False,False
R01ZF,FULL_CONTEXT_OFFLINE,63,TERGR2H_BB83239BEB36620583D4,R01ZF_REUSED_R01ZF_PERSON003,3,22,25,REJECTED_ANCHOR,MULTIPLE_ACTIVE_OPTICAL_HYPOTHESES,0,0,False,False
R01ZF,FULL_CONTEXT_OFFLINE,64,TERGR2H_BB83239BEB36620583D4,R01ZF_REUSED_R01ZF_PERSON003,3,18,20,REJECTED_ANCHOR,MULTIPLE_ACTIVE_OPTICAL_HYPOTHESES,0,0,False,False
R01ZF,FULL_CONTEXT_OFFLINE,65,TERGR2H_BB83239BEB36620583D4,R01ZF_REUSED_R01ZF_PERSON003,3,18,19,REJECTED_ANCHOR,MULTIPLE_ACTIVE_OPTICAL_HYPOTHESES,0,0,False,False
R01ZF,FULL_CONTEXT_OFFLINE,66,TERGR2H_BB83239BEB36620583D4,R01ZF_REUSED_R01ZF_PERSON003,3,17,19,REJECTED_ANCHOR,MULTIPLE_ACTIVE_OPTICAL_HYPOTHESES,0,0,False,False
R01ZF,FULL_CONTEXT_OFFLINE,67,TERGR2H_BB83239BEB36620583D4,R01ZF_REUSED_R01ZF_PERSON003,3,21,25,REJECTED_ANCHOR,MULTIPLE_ACTIVE_OPTICAL_HYPOTHESES,0,0,False,False
R01ZF,FULL_CONTEXT_OFFLINE,68,TERGR2H_BB83239BEB36620583D4,R01ZF_REUSED_R01ZF_PERSON003,3,18,21,REJECTED_ANCHOR,MULTIPLE_ACTIVE_OPTICAL_HYPOTHESES,0,0,False,False
R01ZF,FULL_CONTEXT_OFFLINE,69,TERGR2H_BB83239BEB36620583D4,R01ZF_REUSED_R01ZF_PERSON003,3,22,24,REJECTED_ANCHOR,MULTIPLE_ACTIVE_OPTICAL_HYPOTHESES,0,0,False,False
R01ZF,FULL_CONTEXT_OFFLINE,70,TERGR2H_BB83239BEB36620583D4,R01ZF_REUSED_R01ZF_PERSON003,3,17,20,REJECTED_ANCHOR,MULTIPLE_ACTIVE_OPTICAL_HYPOTHESES,0,0,False,False
R01ZF,FULL_CONTEXT_OFFLINE,71,TERGR2H_BB83239BEB36620583D4,R01ZF_REUSED_R01ZF_PERSON003,3,13,16,REJECTED_ANCHOR,MULTIPLE_ACTIVE_OPTICAL_HYPOTHESES,0,0,False,False
R01ZF,FULL_CONTEXT_OFFLINE,72,TERGR2H_BB83239BEB36620583D4,R01ZF_REUSED_R01ZF_PERSON003,3,16,21,REJECTED_ANCHOR,MULTIPLE_ACTIVE_OPTICAL_HYPOTHESES,0,0,False,False
R01ZF,FULL_CONTEXT_OFFLINE,73,TERGR2H_BB83239BEB36620583D4,R01ZF_REUSED_R01ZF_PERSON003,3,18,22,REJECTED_ANCHOR,MULTIPLE_ACTIVE_OPTICAL_HYPOTHESES,0,0,False,False
R01ZF,FULL_CONTEXT_OFFLINE,74,TERGR2H_BB83239BEB36620583D4,R01ZF_REUSED_R01ZF_PERSON003,3,17,20,REJECTED_ANCHOR,MULTIPLE_ACTIVE_OPTICAL_HYPOTHESES,0,0,False,False
R01ZF,FULL_CONTEXT_OFFLINE,75,TERGR2H_BB83239BEB36620583D4,R01ZF_REUSED_R01ZF_PERSON003,3,16,19,REJECTED_ANCHOR,MULTIPLE_ACTIVE_OPTICAL_HYPOTHESES,0,0,False,False
R01ZF,FULL_CONTEXT_OFFLINE,76,TERGR2H_BB83239BEB36620583D4,R01ZF_REUSED_R01ZF_PERSON003,3,17,21,REJECTED_ANCHOR,MULTIPLE_ACTIVE_OPTICAL_HYPOTHESES,0,0,False,False
R01ZF,FULL_CONTEXT_OFFLINE,77,TERGR2H_BB83239BEB36620583D4,R01ZF_REUSED_R01ZF_PERSON003,3,19,22,REJECTED_ANCHOR,MULTIPLE_ACTIVE_OPTICAL_HYPOTHESES,0,0,False,False
R01ZF,FULL_CONTEXT_OFFLINE,78,TERGR2H_BB83239BEB36620583D4,R01ZF_REUSED_R01ZF_PERSON003,3,15,18,REJECTED_ANCHOR,MULTIPLE_ACTIVE_OPTICAL_HYPOTHESES,0,0,False,False
R01ZF,FULL_CONTEXT_OFFLINE,79,TERGR2H_BB83239BEB36620583D4,R01ZF_REUSED_R01ZF_PERSON003,3,18,22,REJECTED_ANCHOR,MULTIPLE_ACTIVE_OPTICAL_HYPOTHESES,0,0,False,False
R01ZF,FULL_CONTEXT_OFFLINE,80,TERGR2H_BB83239BEB36620583D4,R01ZF_REUSED_R01ZF_PERSON003,3,19,22,REJECTED_ANCHOR,MULTIPLE_ACTIVE_OPTICAL_HYPOTHESES,0,0,False,False
R01ZF,FULL_CONTEXT_OFFLINE,81,TERGR2H_BB83239BEB36620583D4,R01ZF_REUSED_R01ZF_PERSON003,3,18,21,REJECTED_ANCHOR,MULTIPLE_ACTIVE_OPTICAL_HYPOTHESES,0,0,False,False
R01ZF,FULL_CONTEXT_OFFLINE,82,TERGR2H_BB83239BEB36620583D4,R01ZF_REUSED_R01ZF_PERSON003,3,19,23,REJECTED_ANCHOR,MULTIPLE_ACTIVE_OPTICAL_HYPOTHESES,0,0,False,False
R01ZF,FULL_CONTEXT_OFFLINE,83,TERGR2H_BB83239BEB36620583D4,R01ZF_REUSED_R01ZF_PERSON003,3,17,20,REJECTED_ANCHOR,MULTIPLE_ACTIVE_OPTICAL_HYPOTHESES,0,0,False,False
R01ZF,FULL_CONTEXT_OFFLINE,84,TERGR2H_BB83239BEB36620583D4,R01ZF_REUSED_R01ZF_PERSON003,3,17,19,REJECTED_ANCHOR,MULTIPLE_ACTIVE_OPTICAL_HYPOTHESES,0,0,False,False
R01ZF,FULL_CONTEXT_OFFLINE,85,TERGR2H_BB83239BEB36620583D4,R01ZF_REUSED_R01ZF_PERSON003,3,16,17,REJECTED_ANCHOR,MULTIPLE_ACTIVE_OPTICAL_HYPOTHESES,0,0,False,False
R01ZF,FULL_CONTEXT_OFFLINE,86,TERGR2H_BB83239BEB36620583D4,R01ZF_REUSED_R01ZF_PERSON003,3,16,20,REJECTED_ANCHOR,MULTIPLE_ACTIVE_OPTICAL_HYPOTHESES,0,0,False,False
R01ZF,FULL_CONTEXT_OFFLINE,87,TERGR2H_BB83239BEB36620583D4,R01ZF_REUSED_R01ZF_PERSON003,3,16,19,REJECTED_ANCHOR,MULTIPLE_ACTIVE_OPTICAL_HYPOTHESES,0,0,False,False
R01ZF,FULL_CONTEXT_OFFLINE,88,TERGR2H_BB83239BEB36620583D4,R01ZF_REUSED_R01ZF_PERSON003,3,14,17,REJECTED_ANCHOR,MULTIPLE_ACTIVE_OPTICAL_HYPOTHESES,0,0,False,False
R01ZF,FULL_CONTEXT_OFFLINE,89,TERGR2H_BB83239BEB36620583D4,R01ZF_REUSED_R01ZF_PERSON003,3,13,14,REJECTED_ANCHOR,MULTIPLE_ACTIVE_OPTICAL_HYPOTHESES,0,0,False,False
R01ZF,FULL_CONTEXT_OFFLINE,90,TERGR2H_BB83239BEB36620583D4,R01ZF_REUSED_R01ZF_PERSON003,3,15,18,REJECTED_ANCHOR,MULTIPLE_ACTIVE_OPTICAL_HYPOTHESES,0,0,False,False
R01ZF,FULL_CONTEXT_OFFLINE,91,TERGR2H_BB83239BEB36620583D4,R01ZF_REUSED_R01ZF_PERSON003,2,15,21,REJECTED_ANCHOR,MULTIPLE_ACTIVE_OPTICAL_HYPOTHESES,0,0,False,False
R01ZF,FULL_CONTEXT_OFFLINE,92,TERGR2H_BB83239BEB36620583D4,R01ZF_REUSED_R01ZF_PERSON003,2,15,19,REJECTED_ANCHOR,MULTIPLE_ACTIVE_OPTICAL_HYPOTHESES,0,0,False,False
R01ZF,FULL_CONTEXT_OFFLINE,93,TERGR2H_BB83239BEB36620583D4,R01ZF_REUSED_R01ZF_PERSON003,2,16,20,REJECTED_ANCHOR,MULTIPLE_ACTIVE_OPTICAL_HYPOTHESES,0,0,False,False
R01ZF,FULL_CONTEXT_OFFLINE,94,TERGR2H_BB83239BEB36620583D4,R01ZF_REUSED_R01ZF_PERSON003,1,15,17,REJECTED_ANCHOR,NATURAL_LOW_AMBIGUITY_NOT_REACHED,0,0,False,False
R01ZF,FULL_CONTEXT_OFFLINE,95,TERGR2H_BB83239BEB36620583D4,R01ZF_REUSED_R01ZF_PERSON003,1,15,18,REJECTED_ANCHOR,NATURAL_LOW_AMBIGUITY_NOT_REACHED,0,0,False,False
R01ZF,FULL_CONTEXT_OFFLINE,96,TERGR2H_BB83239BEB36620583D4,R01ZF_REUSED_R01ZF_PERSON003,1,17,20,REJECTED_ANCHOR,NATURAL_LOW_AMBIGUITY_NOT_REACHED,0,0,False,False
R01ZF,FULL_CONTEXT_OFFLINE,97,TERGR2H_BB83239BEB36620583D4,R01ZF_REUSED_R01ZF_PERSON003,1,16,18,REJECTED_ANCHOR,NATURAL_LOW_AMBIGUITY_NOT_REACHED,0,0,False,False
R01ZF,FULL_CONTEXT_OFFLINE,98,TERGR2H_BB83239BEB36620583D4,R01ZF_REUSED_R01ZF_PERSON003,1,16,20,REJECTED_ANCHOR,NATURAL_LOW_AMBIGUITY_NOT_REACHED,0,0,False,False
R01ZF,FULL_CONTEXT_OFFLINE,99,TERGR2H_BB83239BEB36620583D4,R01ZF_REUSED_R01ZF_PERSON003,1,14,20,REJECTED_ANCHOR,NATURAL_LOW_AMBIGUITY_NOT_REACHED,0,0,False,False
R01ZF,FULL_CONTEXT_OFFLINE,100,TERGR2H_BB83239BEB36620583D4,R01ZF_REUSED_R01ZF_PERSON003,1,18,23,REJECTED_ANCHOR,NATURAL_LOW_AMBIGUITY_NOT_REACHED,0,0,False,False
R01ZF,FULL_CONTEXT_OFFLINE,101,TERGR2H_BB83239BEB36620583D4,R01ZF_REUSED_R01ZF_PERSON003,1,16,19,REJECTED_ANCHOR,NATURAL_LOW_AMBIGUITY_NOT_REACHED,0,0,False,False
R01ZF,FULL_CONTEXT_OFFLINE,102,TERGR2H_BB83239BEB36620583D4,R01ZF_REUSED_R01ZF_PERSON003,1,15,20,REJECTED_ANCHOR,NATURAL_LOW_AMBIGUITY_NOT_REACHED,0,0,False,False
R01ZF,FULL_CONTEXT_OFFLINE,103,TERGR2H_BB83239BEB36620583D4,R01ZF_REUSED_R01ZF_PERSON003,1,13,17,REJECTED_ANCHOR,NATURAL_LOW_AMBIGUITY_NOT_REACHED,0,0,False,False
R01ZF,FULL_CONTEXT_OFFLINE,104,TERGR2H_BB83239BEB36620583D4,R01ZF_REUSED_R01ZF_PERSON003,1,12,17,REJECTED_ANCHOR,NATURAL_LOW_AMBIGUITY_NOT_REACHED,0,0,False,False
R01ZF,FULL_CONTEXT_OFFLINE,105,TERGR2H_BB83239BEB36620583D4,R01ZF_REUSED_R01ZF_PERSON003,1,13,17,REJECTED_ANCHOR,NATURAL_LOW_AMBIGUITY_NOT_REACHED,0,0,False,False
R01ZF,FULL_CONTEXT_OFFLINE,106,TERGR2H_BB83239BEB36620583D4,R01ZF_REUSED_R01ZF_PERSON003,1,13,17,REJECTED_ANCHOR,NATURAL_LOW_AMBIGUITY_NOT_REACHED,0,0,False,False
R01ZF,FULL_CONTEXT_OFFLINE,107,TERGR2H_BB83239BEB36620583D4,R01ZF_REUSED_R01ZF_PERSON003,1,14,17,REJECTED_ANCHOR,NATURAL_LOW_AMBIGUITY_NOT_REACHED,0,0,False,False
R01ZF,FULL_CONTEXT_OFFLINE,108,TERGR2H_BB83239BEB36620583D4,R01ZF_REUSED_R01ZF_PERSON003,1,13,16,REJECTED_ANCHOR,NATURAL_LOW_AMBIGUITY_NOT_REACHED,0,0,False,False
R01ZF,FULL_CONTEXT_OFFLINE,109,TERGR2H_BB83239BEB36620583D4,R01ZF_REUSED_R01ZF_PERSON003,1,13,16,REJECTED_ANCHOR,NATURAL_LOW_AMBIGUITY_NOT_REACHED,0,0,False,False
R01ZF,FULL_CONTEXT_OFFLINE,110,TERGR2H_BB83239BEB36620583D4,R01ZF_REUSED_R01ZF_PERSON003,1,12,14,REJECTED_ANCHOR,NATURAL_LOW_AMBIGUITY_NOT_REACHED,0,0,False,False
R01ZF,FULL_CONTEXT_OFFLINE,111,TERGR2H_BB83239BEB36620583D4,R01ZF_REUSED_R01ZF_PERSON003,1,14,16,REJECTED_ANCHOR,NATURAL_LOW_AMBIGUITY_NOT_REACHED,0,0,False,False
R01ZF,FULL_CONTEXT_OFFLINE,112,TERGR2H_BB83239BEB36620583D4,R01ZF_REUSED_R01ZF_PERSON003,1,13,14,REJECTED_ANCHOR,NATURAL_LOW_AMBIGUITY_NOT_REACHED,0,0,False,False
R01ZF,FULL_CONTEXT_OFFLINE,113,TERGR2H_BB83239BEB36620583D4,R01ZF_REUSED_R01ZF_PERSON003,1,14,15,REJECTED_ANCHOR,NATURAL_LOW_AMBIGUITY_NOT_REACHED,0,0,False,False
R01ZF,FULL_CONTEXT_OFFLINE,114,TERGR2H_BB83239BEB36620583D4,R01ZF_REUSED_R01ZF_PERSON003,1,13,14,REJECTED_ANCHOR,NATURAL_LOW_AMBIGUITY_NOT_REACHED,0,0,False,False
R01ZF,FULL_CONTEXT_OFFLINE,115,TERGR2H_BB83239BEB36620583D4,R01ZF_REUSED_R01ZF_PERSON003,1,13,14,REJECTED_ANCHOR,NATURAL_LOW_AMBIGUITY_NOT_REACHED,0,0,False,False
R01ZF,FULL_CONTEXT_OFFLINE,116,TERGR2H_BB83239BEB36620583D4,R01ZF_REUSED_R01ZF_PERSON003,1,14,16,REJECTED_ANCHOR,NATURAL_LOW_AMBIGUITY_NOT_REACHED,0,0,False,False
R01ZF,FULL_CONTEXT_OFFLINE,117,TERGR2H_BB83239BEB36620583D4,R01ZF_REUSED_R01ZF_PERSON003,1,13,15,REJECTED_ANCHOR,NATURAL_LOW_AMBIGUITY_NOT_REACHED,0,0,False,False
R01ZF,FULL_CONTEXT_OFFLINE,118,TERGR2H_BB83239BEB36620583D4,R01ZF_REUSED_R01ZF_PERSON003,1,11,13,REJECTED_ANCHOR,NATURAL_LOW_AMBIGUITY_NOT_REACHED,0,0,False,False
R01ZF,FULL_CONTEXT_OFFLINE,119,TERGR2H_BB83239BEB36620583D4,R01ZF_REUSED_R01ZF_PERSON003,1,9,10,REJECTED_ANCHOR,NATURAL_LOW_AMBIGUITY_NOT_REACHED,0,0,False,False
R01ZF,FULL_CONTEXT_OFFLINE,120,TERGR2H_BB83239BEB36620583D4,R01ZF_REUSED_R01ZF_PERSON003,1,8,10,REJECTED_ANCHOR,NATURAL_LOW_AMBIGUITY_NOT_REACHED,0,0,False,False
R01ZF,FULL_CONTEXT_OFFLINE,121,TERGR2H_BB83239BEB36620583D4,R01ZF_REUSED_R01ZF_PERSON003,1,6,7,REJECTED_ANCHOR,NATURAL_LOW_AMBIGUITY_NOT_REACHED,0,0,False,False
R01ZF,FULL_CONTEXT_OFFLINE,122,TERGR2H_BB83239BEB36620583D4,R01ZF_REUSED_R01ZF_PERSON003,1,7,8,REJECTED_ANCHOR,NATURAL_LOW_AMBIGUITY_NOT_REACHED,0,0,False,False
R01ZF,CAUSAL_REPLAY,462,TERGR2H_385A273567A71F485022,R01ZF_REUSED_R01ZF_PERSON014,1,13,13,REJECTED_ANCHOR,SAR_P0_CONTINUITY_INTERFACE_UNAVAILABLE,0,0,False,False
R01ZF,CAUSAL_REPLAY,463,TERGR2H_385A273567A71F485022,R01ZF_REUSED_R01ZF_PERSON014,1,13,13,REJECTED_ANCHOR,SAR_P0_CONTINUITY_INTERFACE_UNAVAILABLE,0,0,False,False
R01ZF,CAUSAL_REPLAY,464,TERGR2H_385A273567A71F485022,R01ZF_REUSED_R01ZF_PERSON014,1,13,13,REJECTED_ANCHOR,SAR_P0_CONTINUITY_INTERFACE_UNAVAILABLE,0,0,False,False
R01ZF,CAUSAL_REPLAY,465,TERGR2H_385A273567A71F485022,R01ZF_REUSED_R01ZF_PERSON014,1,2,2,REJECTED_ANCHOR,SAR_P0_CONTINUITY_INTERFACE_UNAVAILABLE,0,0,False,False
R01ZF,CAUSAL_REPLAY,466,TERGR2H_385A273567A71F485022,R01ZF_REUSED_R01ZF_PERSON014,1,2,2,REJECTED_ANCHOR,SAR_P0_CONTINUITY_INTERFACE_UNAVAILABLE,0,0,False,False
R01ZF,CAUSAL_REPLAY,467,TERGR2H_385A273567A71F485022,R01ZF_REUSED_R01ZF_PERSON014,1,2,2,REJECTED_ANCHOR,SAR_P0_CONTINUITY_INTERFACE_UNAVAILABLE,0,0,False,False
R01ZF,CAUSAL_REPLAY,468,TERGR2H_385A273567A71F485022,R01ZF_REUSED_R01ZF_PERSON014,1,1,1,REJECTED_ANCHOR,SAR_P0_CONTINUITY_INTERFACE_UNAVAILABLE,0,0,False,False
R01ZF,CAUSAL_REPLAY,469,TERGR2H_385A273567A71F485022,R01ZF_REUSED_R01ZF_PERSON014,1,2,2,REJECTED_ANCHOR,SAR_P0_CONTINUITY_INTERFACE_UNAVAILABLE,0,0,False,False
R01ZF,CAUSAL_REPLAY,470,TERGR2H_385A273567A71F485022,R01ZF_REUSED_R01ZF_PERSON014,1,2,2,REJECTED_ANCHOR,SAR_P0_CONTINUITY_INTERFACE_UNAVAILABLE,0,0,False,False
R01ZF,CAUSAL_REPLAY,471,TERGR2H_385A273567A71F485022,R01ZF_REUSED_R01ZF_PERSON014,1,2,2,REJECTED_ANCHOR,SAR_P0_CONTINUITY_INTERFACE_UNAVAILABLE,0,0,False,False
R01ZF,CAUSAL_REPLAY,472,TERGR2H_385A273567A71F485022,R01ZF_REUSED_R01ZF_PERSON014,1,5,5,REJECTED_ANCHOR,SAR_P0_CONTINUITY_INTERFACE_UNAVAILABLE,0,0,False,False
R01ZF,CAUSAL_REPLAY,473,TERGR2H_385A273567A71F485022,R01ZF_REUSED_R01ZF_PERSON014,1,4,4,REJECTED_ANCHOR,SAR_P0_CONTINUITY_INTERFACE_UNAVAILABLE,0,0,False,False
R01ZF,CAUSAL_REPLAY,474,TERGR2H_385A273567A71F485022,R01ZF_REUSED_R01ZF_PERSON014,1,1,1,REJECTED_ANCHOR,SAR_P0_CONTINUITY_INTERFACE_UNAVAILABLE,0,0,False,False
R01ZF,CAUSAL_REPLAY,475,TERGR2H_385A273567A71F485022,R01ZF_REUSED_R01ZF_PERSON014,1,6,6,REJECTED_ANCHOR,SAR_P0_CONTINUITY_INTERFACE_UNAVAILABLE,0,0,False,False
R01ZF,CAUSAL_REPLAY,476,TERGR2H_385A273567A71F485022,R01ZF_REUSED_R01ZF_PERSON014,1,4,4,REJECTED_ANCHOR,SAR_P0_CONTINUITY_INTERFACE_UNAVAILABLE,0,0,False,False
R01ZF,CAUSAL_REPLAY,477,TERGR2H_385A273567A71F485022,R01ZF_REUSED_R01ZF_PERSON014,1,4,4,REJECTED_ANCHOR,SAR_P0_CONTINUITY_INTERFACE_UNAVAILABLE,0,0,False,False
R01ZF,CAUSAL_REPLAY,478,TERGR2H_385A273567A71F485022,R01ZF_REUSED_R01ZF_PERSON014,1,11,11,REJECTED_ANCHOR,SAR_P0_CONTINUITY_INTERFACE_UNAVAILABLE,0,0,False,False
R01ZF,CAUSAL_REPLAY,479,TERGR2H_385A273567A71F485022,R01ZF_REUSED_R01ZF_PERSON014,1,7,7,REJECTED_ANCHOR,SAR_P0_CONTINUITY_INTERFACE_UNAVAILABLE,0,0,False,False
R01ZF,CAUSAL_REPLAY,480,TERGR2H_385A273567A71F485022,R01ZF_REUSED_R01ZF_PERSON014,1,1,1,REJECTED_ANCHOR,SAR_P0_CONTINUITY_INTERFACE_UNAVAILABLE,0,0,False,False
R01ZF,CAUSAL_REPLAY,481,TERGR2H_385A273567A71F485022,R01ZF_REUSED_R01ZF_PERSON014,1,1,1,REJECTED_ANCHOR,SAR_P0_CONTINUITY_INTERFACE_UNAVAILABLE,0,0,False,False
R01ZF,CAUSAL_REPLAY,482,TERGR2H_385A273567A71F485022,R01ZF_REUSED_R01ZF_PERSON014,1,1,1,REJECTED_ANCHOR,SAR_P0_CONTINUITY_INTERFACE_UNAVAILABLE,0,0,False,False
R01ZF,CAUSAL_REPLAY,483,TERGR2H_385A273567A71F485022,R01ZF_REUSED_R01ZF_PERSON014,1,2,2,REJECTED_ANCHOR,SAR_P0_CONTINUITY_INTERFACE_UNAVAILABLE,0,0,False,False
R01ZF,CAUSAL_REPLAY,484,TERGR2H_385A273567A71F485022,R01ZF_REUSED_R01ZF_PERSON014,1,1,1,REJECTED_ANCHOR,SAR_P0_CONTINUITY_INTERFACE_UNAVAILABLE,0,0,False,False
R01ZF,CAUSAL_REPLAY,485,TERGR2H_385A273567A71F485022,R01ZF_REUSED_R01ZF_PERSON014,1,1,1,REJECTED_ANCHOR,SAR_P0_CONTINUITY_INTERFACE_UNAVAILABLE,0,0,False,False
R01ZF,CAUSAL_REPLAY,486,TERGR2H_385A273567A71F485022,R01ZF_REUSED_R01ZF_PERSON014,1,1,1,REJECTED_ANCHOR,SAR_P0_CONTINUITY_INTERFACE_UNAVAILABLE,0,0,False,False
R01ZF,CAUSAL_REPLAY,487,TERGR2H_385A273567A71F485022,R01ZF_REUSED_R01ZF_PERSON014,1,1,1,REJECTED_ANCHOR,SAR_P0_CONTINUITY_INTERFACE_UNAVAILABLE,0,0,False,False
R01ZF,CAUSAL_REPLAY,488,TERGR2H_385A273567A71F485022,R01ZF_REUSED_R01ZF_PERSON014,1,1,1,REJECTED_ANCHOR,SAR_P0_CONTINUITY_INTERFACE_UNAVAILABLE,0,0,False,False
R01ZF,CAUSAL_REPLAY,489,TERGR2H_385A273567A71F485022,R01ZF_REUSED_R01ZF_PERSON014,1,2,2,REJECTED_ANCHOR,SAR_P0_CONTINUITY_INTERFACE_UNAVAILABLE,0,0,False,False
R01ZF,CAUSAL_REPLAY,490,TERGR2H_385A273567A71F485022,R01ZF_REUSED_R01ZF_PERSON014,1,1,1,REJECTED_ANCHOR,SAR_P0_CONTINUITY_INTERFACE_UNAVAILABLE,0,0,False,False
R01ZF,CAUSAL_REPLAY,491,TERGR2H_385A273567A71F485022,R01ZF_REUSED_R01ZF_PERSON014,1,1,1,REJECTED_ANCHOR,SAR_P0_CONTINUITY_INTERFACE_UNAVAILABLE,0,0,False,False
R01ZF,CAUSAL_REPLAY,492,TERGR2H_385A273567A71F485022,R01ZF_REUSED_R01ZF_PERSON014,1,1,1,REJECTED_ANCHOR,SAR_P0_CONTINUITY_INTERFACE_UNAVAILABLE,0,0,False,False
R01ZF,CAUSAL_REPLAY,493,TERGR2H_385A273567A71F485022,R01ZF_REUSED_R01ZF_PERSON014,1,2,2,REJECTED_ANCHOR,SAR_P0_CONTINUITY_INTERFACE_UNAVAILABLE,0,0,False,False
R01ZF,FIXED_LAG_100MS,460,TERGR2H_385A273567A71F485022,R01ZF_REUSED_R01ZF_PERSON014,1,0,0,REJECTED_ANCHOR,SAR_P0_CONTINUITY_INTERFACE_UNAVAILABLE,0,0,False,False
R01ZF,FIXED_LAG_100MS,461,TERGR2H_385A273567A71F485022,R01ZF_REUSED_R01ZF_PERSON014,1,9,9,REJECTED_ANCHOR,SAR_P0_CONTINUITY_INTERFACE_UNAVAILABLE,0,0,False,False
R01ZF,FIXED_LAG_100MS,462,TERGR2H_385A273567A71F485022,R01ZF_REUSED_R01ZF_PERSON014,1,13,13,REJECTED_ANCHOR,SAR_P0_CONTINUITY_INTERFACE_UNAVAILABLE,0,0,False,False
R01ZF,FIXED_LAG_100MS,463,TERGR2H_385A273567A71F485022,R01ZF_REUSED_R01ZF_PERSON014,1,13,13,REJECTED_ANCHOR,SAR_P0_CONTINUITY_INTERFACE_UNAVAILABLE,0,0,False,False
R01ZF,FIXED_LAG_100MS,464,TERGR2H_385A273567A71F485022,R01ZF_REUSED_R01ZF_PERSON014,1,13,13,REJECTED_ANCHOR,SAR_P0_CONTINUITY_INTERFACE_UNAVAILABLE,0,0,False,False
R01ZF,FIXED_LAG_100MS,465,TERGR2H_385A273567A71F485022,R01ZF_REUSED_R01ZF_PERSON014,1,2,2,REJECTED_ANCHOR,SAR_P0_CONTINUITY_INTERFACE_UNAVAILABLE,0,0,False,False
R01ZF,FIXED_LAG_100MS,466,TERGR2H_385A273567A71F485022,R01ZF_REUSED_R01ZF_PERSON014,1,2,2,REJECTED_ANCHOR,SAR_P0_CONTINUITY_INTERFACE_UNAVAILABLE,0,0,False,False
R01ZF,FIXED_LAG_100MS,467,TERGR2H_385A273567A71F485022,R01ZF_REUSED_R01ZF_PERSON014,1,2,2,REJECTED_ANCHOR,SAR_P0_CONTINUITY_INTERFACE_UNAVAILABLE,0,0,False,False
R01ZF,FIXED_LAG_100MS,468,TERGR2H_385A273567A71F485022,R01ZF_REUSED_R01ZF_PERSON014,1,1,1,REJECTED_ANCHOR,SAR_P0_CONTINUITY_INTERFACE_UNAVAILABLE,0,0,False,False
R01ZF,FIXED_LAG_100MS,469,TERGR2H_385A273567A71F485022,R01ZF_REUSED_R01ZF_PERSON014,1,2,2,REJECTED_ANCHOR,SAR_P0_CONTINUITY_INTERFACE_UNAVAILABLE,0,0,False,False
R01ZF,FIXED_LAG_100MS,470,TERGR2H_385A273567A71F485022,R01ZF_REUSED_R01ZF_PERSON014,1,2,2,REJECTED_ANCHOR,SAR_P0_CONTINUITY_INTERFACE_UNAVAILABLE,0,0,False,False
R01ZF,FIXED_LAG_100MS,471,TERGR2H_385A273567A71F485022,R01ZF_REUSED_R01ZF_PERSON014,1,2,2,REJECTED_ANCHOR,SAR_P0_CONTINUITY_INTERFACE_UNAVAILABLE,0,0,False,False
R01ZF,FIXED_LAG_100MS,472,TERGR2H_385A273567A71F485022,R01ZF_REUSED_R01ZF_PERSON014,1,5,5,REJECTED_ANCHOR,SAR_P0_CONTINUITY_INTERFACE_UNAVAILABLE,0,0,False,False
R01ZF,FIXED_LAG_100MS,473,TERGR2H_385A273567A71F485022,R01ZF_REUSED_R01ZF_PERSON014,1,4,4,REJECTED_ANCHOR,SAR_P0_CONTINUITY_INTERFACE_UNAVAILABLE,0,0,False,False
R01ZF,FIXED_LAG_100MS,474,TERGR2H_385A273567A71F485022,R01ZF_REUSED_R01ZF_PERSON014,1,1,1,REJECTED_ANCHOR,SAR_P0_CONTINUITY_INTERFACE_UNAVAILABLE,0,0,False,False
R01ZF,FIXED_LAG_100MS,475,TERGR2H_385A273567A71F485022,R01ZF_REUSED_R01ZF_PERSON014,1,6,6,REJECTED_ANCHOR,SAR_P0_CONTINUITY_INTERFACE_UNAVAILABLE,0,0,False,False
R01ZF,FIXED_LAG_100MS,476,TERGR2H_385A273567A71F485022,R01ZF_REUSED_R01ZF_PERSON014,1,4,4,REJECTED_ANCHOR,SAR_P0_CONTINUITY_INTERFACE_UNAVAILABLE,0,0,False,False
R01ZF,FIXED_LAG_100MS,477,TERGR2H_385A273567A71F485022,R01ZF_REUSED_R01ZF_PERSON014,1,4,4,REJECTED_ANCHOR,SAR_P0_CONTINUITY_INTERFACE_UNAVAILABLE,0,0,False,False
R01ZF,FIXED_LAG_100MS,478,TERGR2H_385A273567A71F485022,R01ZF_REUSED_R01ZF_PERSON014,1,12,12,REJECTED_ANCHOR,SAR_P0_CONTINUITY_INTERFACE_UNAVAILABLE,0,0,False,False
R01ZF,FIXED_LAG_100MS,479,TERGR2H_385A273567A71F485022,R01ZF_REUSED_R01ZF_PERSON014,1,7,7,REJECTED_ANCHOR,SAR_P0_CONTINUITY_INTERFACE_UNAVAILABLE,0,0,False,False
R01ZF,FIXED_LAG_100MS,480,TERGR2H_385A273567A71F485022,R01ZF_REUSED_R01ZF_PERSON014,1,1,1,REJECTED_ANCHOR,SAR_P0_CONTINUITY_INTERFACE_UNAVAILABLE,0,0,False,False
R01ZF,FIXED_LAG_100MS,481,TERGR2H_385A273567A71F485022,R01ZF_REUSED_R01ZF_PERSON014,1,1,1,REJECTED_ANCHOR,SAR_P0_CONTINUITY_INTERFACE_UNAVAILABLE,0,0,False,False
R01ZF,FIXED_LAG_100MS,482,TERGR2H_385A273567A71F485022,R01ZF_REUSED_R01ZF_PERSON014,1,1,1,REJECTED_ANCHOR,SAR_P0_CONTINUITY_INTERFACE_UNAVAILABLE,0,0,False,False
R01ZF,FIXED_LAG_100MS,483,TERGR2H_385A273567A71F485022,R01ZF_REUSED_R01ZF_PERSON014,1,3,3,REJECTED_ANCHOR,SAR_P0_CONTINUITY_INTERFACE_UNAVAILABLE,0,0,False,False
R01ZF,FIXED_LAG_100MS,484,TERGR2H_385A273567A71F485022,R01ZF_REUSED_R01ZF_PERSON014,1,2,2,REJECTED_ANCHOR,SAR_P0_CONTINUITY_INTERFACE_UNAVAILABLE,0,0,False,False
R01ZF,FIXED_LAG_100MS,485,TERGR2H_385A273567A71F485022,R01ZF_REUSED_R01ZF_PERSON014,1,2,2,REJECTED_ANCHOR,SAR_P0_CONTINUITY_INTERFACE_UNAVAILABLE,0,0,False,False
R01ZF,FIXED_LAG_100MS,486,TERGR2H_385A273567A71F485022,R01ZF_REUSED_R01ZF_PERSON014,1,2,2,REJECTED_ANCHOR,SAR_P0_CONTINUITY_INTERFACE_UNAVAILABLE,0,0,False,False
R01ZF,FIXED_LAG_100MS,487,TERGR2H_385A273567A71F485022,R01ZF_REUSED_R01ZF_PERSON014,1,2,2,REJECTED_ANCHOR,SAR_P0_CONTINUITY_INTERFACE_UNAVAILABLE,0,0,False,False
R01ZF,FIXED_LAG_100MS,488,TERGR2H_385A273567A71F485022,R01ZF_REUSED_R01ZF_PERSON014,1,2,2,REJECTED_ANCHOR,SAR_P0_CONTINUITY_INTERFACE_UNAVAILABLE,0,0,False,False
R01ZF,FIXED_LAG_100MS,489,TERGR2H_385A273567A71F485022,R01ZF_REUSED_R01ZF_PERSON014,1,2,2,REJECTED_ANCHOR,SAR_P0_CONTINUITY_INTERFACE_UNAVAILABLE,0,0,False,False
R01ZF,FIXED_LAG_100MS,490,TERGR2H_385A273567A71F485022,R01ZF_REUSED_R01ZF_PERSON014,1,1,1,REJECTED_ANCHOR,SAR_P0_CONTINUITY_INTERFACE_UNAVAILABLE,0,0,False,False
R01ZF,FIXED_LAG_100MS,491,TERGR2H_385A273567A71F485022,R01ZF_REUSED_R01ZF_PERSON014,1,1,1,REJECTED_ANCHOR,SAR_P0_CONTINUITY_INTERFACE_UNAVAILABLE,0,0,False,False
R01ZF,FIXED_LAG_100MS,492,TERGR2H_385A273567A71F485022,R01ZF_REUSED_R01ZF_PERSON014,1,1,1,REJECTED_ANCHOR,SAR_P0_CONTINUITY_INTERFACE_UNAVAILABLE,0,0,False,False
R01ZF,FIXED_LAG_100MS,493,TERGR2H_385A273567A71F485022,R01ZF_REUSED_R01ZF_PERSON014,1,2,2,REJECTED_ANCHOR,SAR_P0_CONTINUITY_INTERFACE_UNAVAILABLE,0,0,False,False
R01ZF,FULL_CONTEXT_OFFLINE,460,TERGR2H_385A273567A71F485022,R01ZF_REUSED_R01ZF_PERSON014,1,0,0,REJECTED_ANCHOR,SAR_P0_CONTINUITY_INTERFACE_UNAVAILABLE,0,0,False,False
R01ZF,FULL_CONTEXT_OFFLINE,461,TERGR2H_385A273567A71F485022,R01ZF_REUSED_R01ZF_PERSON014,1,9,9,REJECTED_ANCHOR,SAR_P0_CONTINUITY_INTERFACE_UNAVAILABLE,0,0,False,False
R01ZF,FULL_CONTEXT_OFFLINE,462,TERGR2H_385A273567A71F485022,R01ZF_REUSED_R01ZF_PERSON014,1,13,13,REJECTED_ANCHOR,SAR_P0_CONTINUITY_INTERFACE_UNAVAILABLE,0,0,False,False
R01ZF,FULL_CONTEXT_OFFLINE,463,TERGR2H_385A273567A71F485022,R01ZF_REUSED_R01ZF_PERSON014,1,13,13,REJECTED_ANCHOR,SAR_P0_CONTINUITY_INTERFACE_UNAVAILABLE,0,0,False,False
R01ZF,FULL_CONTEXT_OFFLINE,464,TERGR2H_385A273567A71F485022,R01ZF_REUSED_R01ZF_PERSON014,1,13,13,REJECTED_ANCHOR,SAR_P0_CONTINUITY_INTERFACE_UNAVAILABLE,0,0,False,False
R01ZF,FULL_CONTEXT_OFFLINE,465,TERGR2H_385A273567A71F485022,R01ZF_REUSED_R01ZF_PERSON014,1,2,2,REJECTED_ANCHOR,SAR_P0_CONTINUITY_INTERFACE_UNAVAILABLE,0,0,False,False
R01ZF,FULL_CONTEXT_OFFLINE,466,TERGR2H_385A273567A71F485022,R01ZF_REUSED_R01ZF_PERSON014,1,2,2,REJECTED_ANCHOR,SAR_P0_CONTINUITY_INTERFACE_UNAVAILABLE,0,0,False,False
R01ZF,FULL_CONTEXT_OFFLINE,467,TERGR2H_385A273567A71F485022,R01ZF_REUSED_R01ZF_PERSON014,1,2,2,REJECTED_ANCHOR,SAR_P0_CONTINUITY_INTERFACE_UNAVAILABLE,0,0,False,False
R01ZF,FULL_CONTEXT_OFFLINE,468,TERGR2H_385A273567A71F485022,R01ZF_REUSED_R01ZF_PERSON014,1,1,1,REJECTED_ANCHOR,SAR_P0_CONTINUITY_INTERFACE_UNAVAILABLE,0,0,False,False
R01ZF,FULL_CONTEXT_OFFLINE,469,TERGR2H_385A273567A71F485022,R01ZF_REUSED_R01ZF_PERSON014,1,2,2,REJECTED_ANCHOR,SAR_P0_CONTINUITY_INTERFACE_UNAVAILABLE,0,0,False,False
R01ZF,FULL_CONTEXT_OFFLINE,470,TERGR2H_385A273567A71F485022,R01ZF_REUSED_R01ZF_PERSON014,1,2,2,REJECTED_ANCHOR,SAR_P0_CONTINUITY_INTERFACE_UNAVAILABLE,0,0,False,False
R01ZF,FULL_CONTEXT_OFFLINE,471,TERGR2H_385A273567A71F485022,R01ZF_REUSED_R01ZF_PERSON014,1,3,3,REJECTED_ANCHOR,SAR_P0_CONTINUITY_INTERFACE_UNAVAILABLE,0,0,False,False
R01ZF,FULL_CONTEXT_OFFLINE,472,TERGR2H_385A273567A71F485022,R01ZF_REUSED_R01ZF_PERSON014,1,5,5,REJECTED_ANCHOR,SAR_P0_CONTINUITY_INTERFACE_UNAVAILABLE,0,0,False,False
R01ZF,FULL_CONTEXT_OFFLINE,473,TERGR2H_385A273567A71F485022,R01ZF_REUSED_R01ZF_PERSON014,1,4,4,REJECTED_ANCHOR,SAR_P0_CONTINUITY_INTERFACE_UNAVAILABLE,0,0,False,False
R01ZF,FULL_CONTEXT_OFFLINE,474,TERGR2H_385A273567A71F485022,R01ZF_REUSED_R01ZF_PERSON014,1,1,1,REJECTED_ANCHOR,SAR_P0_CONTINUITY_INTERFACE_UNAVAILABLE,0,0,False,False
R01ZF,FULL_CONTEXT_OFFLINE,475,TERGR2H_385A273567A71F485022,R01ZF_REUSED_R01ZF_PERSON014,1,6,6,REJECTED_ANCHOR,SAR_P0_CONTINUITY_INTERFACE_UNAVAILABLE,0,0,False,False
R01ZF,FULL_CONTEXT_OFFLINE,476,TERGR2H_385A273567A71F485022,R01ZF_REUSED_R01ZF_PERSON014,1,4,4,REJECTED_ANCHOR,SAR_P0_CONTINUITY_INTERFACE_UNAVAILABLE,0,0,False,False
R01ZF,FULL_CONTEXT_OFFLINE,477,TERGR2H_385A273567A71F485022,R01ZF_REUSED_R01ZF_PERSON014,1,4,4,REJECTED_ANCHOR,SAR_P0_CONTINUITY_INTERFACE_UNAVAILABLE,0,0,False,False
R01ZF,FULL_CONTEXT_OFFLINE,478,TERGR2H_385A273567A71F485022,R01ZF_REUSED_R01ZF_PERSON014,1,13,13,REJECTED_ANCHOR,SAR_P0_CONTINUITY_INTERFACE_UNAVAILABLE,0,0,False,False
R01ZF,FULL_CONTEXT_OFFLINE,479,TERGR2H_385A273567A71F485022,R01ZF_REUSED_R01ZF_PERSON014,1,8,8,REJECTED_ANCHOR,SAR_P0_CONTINUITY_INTERFACE_UNAVAILABLE,0,0,False,False
R01ZF,FULL_CONTEXT_OFFLINE,480,TERGR2H_385A273567A71F485022,R01ZF_REUSED_R01ZF_PERSON014,1,1,1,REJECTED_ANCHOR,SAR_P0_CONTINUITY_INTERFACE_UNAVAILABLE,0,0,False,False
R01ZF,FULL_CONTEXT_OFFLINE,481,TERGR2H_385A273567A71F485022,R01ZF_REUSED_R01ZF_PERSON014,1,1,1,REJECTED_ANCHOR,SAR_P0_CONTINUITY_INTERFACE_UNAVAILABLE,0,0,False,False
R01ZF,FULL_CONTEXT_OFFLINE,482,TERGR2H_385A273567A71F485022,R01ZF_REUSED_R01ZF_PERSON014,1,1,1,REJECTED_ANCHOR,SAR_P0_CONTINUITY_INTERFACE_UNAVAILABLE,0,0,False,False
R01ZF,FULL_CONTEXT_OFFLINE,483,TERGR2H_385A273567A71F485022,R01ZF_REUSED_R01ZF_PERSON014,1,4,4,REJECTED_ANCHOR,SAR_P0_CONTINUITY_INTERFACE_UNAVAILABLE,0,0,False,False
R01ZF,FULL_CONTEXT_OFFLINE,484,TERGR2H_385A273567A71F485022,R01ZF_REUSED_R01ZF_PERSON014,1,2,2,REJECTED_ANCHOR,SAR_P0_CONTINUITY_INTERFACE_UNAVAILABLE,0,0,False,False
R01ZF,FULL_CONTEXT_OFFLINE,485,TERGR2H_385A273567A71F485022,R01ZF_REUSED_R01ZF_PERSON014,1,1,1,REJECTED_ANCHOR,SAR_P0_CONTINUITY_INTERFACE_UNAVAILABLE,0,0,False,False
R01ZF,FULL_CONTEXT_OFFLINE,486,TERGR2H_385A273567A71F485022,R01ZF_REUSED_R01ZF_PERSON014,1,1,1,REJECTED_ANCHOR,SAR_P0_CONTINUITY_INTERFACE_UNAVAILABLE,0,0,False,False
R01ZF,FULL_CONTEXT_OFFLINE,487,TERGR2H_385A273567A71F485022,R01ZF_REUSED_R01ZF_PERSON014,1,1,1,REJECTED_ANCHOR,SAR_P0_CONTINUITY_INTERFACE_UNAVAILABLE,0,0,False,False
R01ZF,FULL_CONTEXT_OFFLINE,488,TERGR2H_385A273567A71F485022,R01ZF_REUSED_R01ZF_PERSON014,1,1,1,REJECTED_ANCHOR,SAR_P0_CONTINUITY_INTERFACE_UNAVAILABLE,0,0,False,False
R01ZF,FULL_CONTEXT_OFFLINE,489,TERGR2H_385A273567A71F485022,R01ZF_REUSED_R01ZF_PERSON014,1,2,2,REJECTED_ANCHOR,SAR_P0_CONTINUITY_INTERFACE_UNAVAILABLE,0,0,False,False
R01ZF,FULL_CONTEXT_OFFLINE,490,TERGR2H_385A273567A71F485022,R01ZF_REUSED_R01ZF_PERSON014,1,1,1,REJECTED_ANCHOR,SAR_P0_CONTINUITY_INTERFACE_UNAVAILABLE,0,0,False,False
R01ZF,FULL_CONTEXT_OFFLINE,491,TERGR2H_385A273567A71F485022,R01ZF_REUSED_R01ZF_PERSON014,1,1,1,REJECTED_ANCHOR,SAR_P0_CONTINUITY_INTERFACE_UNAVAILABLE,0,0,False,False
R01ZF,FULL_CONTEXT_OFFLINE,492,TERGR2H_385A273567A71F485022,R01ZF_REUSED_R01ZF_PERSON014,1,1,1,REJECTED_ANCHOR,SAR_P0_CONTINUITY_INTERFACE_UNAVAILABLE,0,0,False,False
R01ZF,FULL_CONTEXT_OFFLINE,493,TERGR2H_385A273567A71F485022,R01ZF_REUSED_R01ZF_PERSON014,1,2,2,REJECTED_ANCHOR,SAR_P0_CONTINUITY_INTERFACE_UNAVAILABLE,0,0,False,False
R02ZF,FIXED_LAG_100MS,427,TERGR2H_1CCD12832E3885F7078B,R02ZF_REUSED_R02ZF_PERSON011,1,14,14,REJECTED_ANCHOR,SAR_P0_CONTINUITY_INTERFACE_UNAVAILABLE,0,0,False,False
R02ZF,FIXED_LAG_100MS,428,TERGR2H_1CCD12832E3885F7078B,R02ZF_REUSED_R02ZF_PERSON011,1,14,14,REJECTED_ANCHOR,SAR_P0_CONTINUITY_INTERFACE_UNAVAILABLE,0,0,False,False
R02ZF,FULL_CONTEXT_OFFLINE,427,TERGR2H_1CCD12832E3885F7078B,R02ZF_REUSED_R02ZF_PERSON011,1,14,14,REJECTED_ANCHOR,SAR_P0_CONTINUITY_INTERFACE_UNAVAILABLE,0,0,False,False
R02ZF,FULL_CONTEXT_OFFLINE,428,TERGR2H_1CCD12832E3885F7078B,R02ZF_REUSED_R02ZF_PERSON011,1,14,14,REJECTED_ANCHOR,SAR_P0_CONTINUITY_INTERFACE_UNAVAILABLE,0,0,False,False
R02ZF,CAUSAL_REPLAY,455,TERGR2H_37041F5B573A8B0265E2,R02ZF_REUSED_R02ZF_PERSON017,2,5,5,REJECTED_ANCHOR,MULTIPLE_ACTIVE_OPTICAL_HYPOTHESES,0,0,False,False
R02ZF,CAUSAL_REPLAY,456,TERGR2H_37041F5B573A8B0265E2,R02ZF_REUSED_R02ZF_PERSON017,2,5,5,REJECTED_ANCHOR,MULTIPLE_ACTIVE_OPTICAL_HYPOTHESES,0,0,False,False
R02ZF,CAUSAL_REPLAY,457,TERGR2H_37041F5B573A8B0265E2,R02ZF_REUSED_R02ZF_PERSON017,2,6,6,REJECTED_ANCHOR,MULTIPLE_ACTIVE_OPTICAL_HYPOTHESES,0,0,False,False
R02ZF,CAUSAL_REPLAY,458,TERGR2H_37041F5B573A8B0265E2,R02ZF_REUSED_R02ZF_PERSON017,2,6,6,REJECTED_ANCHOR,MULTIPLE_ACTIVE_OPTICAL_HYPOTHESES,0,0,False,False
R02ZF,CAUSAL_REPLAY,459,TERGR2H_37041F5B573A8B0265E2,R02ZF_REUSED_R02ZF_PERSON017,2,7,7,REJECTED_ANCHOR,MULTIPLE_ACTIVE_OPTICAL_HYPOTHESES,0,0,False,False
R02ZF,CAUSAL_REPLAY,460,TERGR2H_37041F5B573A8B0265E2,R02ZF_REUSED_R02ZF_PERSON017,2,5,5,REJECTED_ANCHOR,MULTIPLE_ACTIVE_OPTICAL_HYPOTHESES,0,0,False,False
R02ZF,CAUSAL_REPLAY,461,TERGR2H_37041F5B573A8B0265E2,R02ZF_REUSED_R02ZF_PERSON017,2,5,5,REJECTED_ANCHOR,MULTIPLE_ACTIVE_OPTICAL_HYPOTHESES,0,0,False,False
R02ZF,CAUSAL_REPLAY,462,TERGR2H_37041F5B573A8B0265E2,R02ZF_REUSED_R02ZF_PERSON017,2,7,7,REJECTED_ANCHOR,MULTIPLE_ACTIVE_OPTICAL_HYPOTHESES,0,0,False,False
R02ZF,CAUSAL_REPLAY,463,TERGR2H_37041F5B573A8B0265E2,R02ZF_REUSED_R02ZF_PERSON017,2,8,8,REJECTED_ANCHOR,MULTIPLE_ACTIVE_OPTICAL_HYPOTHESES,0,0,False,False
R02ZF,CAUSAL_REPLAY,464,TERGR2H_37041F5B573A8B0265E2,R02ZF_REUSED_R02ZF_PERSON017,2,9,9,REJECTED_ANCHOR,MULTIPLE_ACTIVE_OPTICAL_HYPOTHESES,0,0,False,False
R02ZF,CAUSAL_REPLAY,465,TERGR2H_37041F5B573A8B0265E2,R02ZF_REUSED_R02ZF_PERSON017,2,15,15,REJECTED_ANCHOR,MULTIPLE_ACTIVE_OPTICAL_HYPOTHESES,0,0,False,False
R02ZF,CAUSAL_REPLAY,466,TERGR2H_37041F5B573A8B0265E2,R02ZF_REUSED_R02ZF_PERSON017,2,10,10,REJECTED_ANCHOR,MULTIPLE_ACTIVE_OPTICAL_HYPOTHESES,0,0,False,False
R02ZF,CAUSAL_REPLAY,467,TERGR2H_37041F5B573A8B0265E2,R02ZF_REUSED_R02ZF_PERSON017,2,8,8,REJECTED_ANCHOR,MULTIPLE_ACTIVE_OPTICAL_HYPOTHESES,0,0,False,False
R02ZF,CAUSAL_REPLAY,468,TERGR2H_37041F5B573A8B0265E2,R02ZF_REUSED_R02ZF_PERSON017,2,7,7,REJECTED_ANCHOR,MULTIPLE_ACTIVE_OPTICAL_HYPOTHESES,0,0,False,False
R02ZF,CAUSAL_REPLAY,469,TERGR2H_37041F5B573A8B0265E2,R02ZF_REUSED_R02ZF_PERSON017,2,9,9,REJECTED_ANCHOR,MULTIPLE_ACTIVE_OPTICAL_HYPOTHESES,0,0,False,False
R02ZF,CAUSAL_REPLAY,470,TERGR2H_37041F5B573A8B0265E2,R02ZF_REUSED_R02ZF_PERSON017,2,8,8,REJECTED_ANCHOR,MULTIPLE_ACTIVE_OPTICAL_HYPOTHESES,0,0,False,False
R02ZF,CAUSAL_REPLAY,471,TERGR2H_37041F5B573A8B0265E2,R02ZF_REUSED_R02ZF_PERSON017,2,9,9,REJECTED_ANCHOR,MULTIPLE_ACTIVE_OPTICAL_HYPOTHESES,0,0,False,False
R02ZF,CAUSAL_REPLAY,472,TERGR2H_37041F5B573A8B0265E2,R02ZF_REUSED_R02ZF_PERSON017,2,8,8,REJECTED_ANCHOR,MULTIPLE_ACTIVE_OPTICAL_HYPOTHESES,0,0,False,False
R02ZF,CAUSAL_REPLAY,473,TERGR2H_37041F5B573A8B0265E2,R02ZF_REUSED_R02ZF_PERSON017,2,9,11,REJECTED_ANCHOR,MULTIPLE_ACTIVE_OPTICAL_HYPOTHESES,0,0,False,False
R02ZF,CAUSAL_REPLAY,474,TERGR2H_37041F5B573A8B0265E2,R02ZF_REUSED_R02ZF_PERSON017,2,6,6,REJECTED_ANCHOR,MULTIPLE_ACTIVE_OPTICAL_HYPOTHESES,0,0,False,False
R02ZF,CAUSAL_REPLAY,475,TERGR2H_37041F5B573A8B0265E2,R02ZF_REUSED_R02ZF_PERSON017,2,6,6,REJECTED_ANCHOR,MULTIPLE_ACTIVE_OPTICAL_HYPOTHESES,0,0,False,False
R02ZF,CAUSAL_REPLAY,476,TERGR2H_37041F5B573A8B0265E2,R02ZF_REUSED_R02ZF_PERSON017,2,5,5,REJECTED_ANCHOR,MULTIPLE_ACTIVE_OPTICAL_HYPOTHESES,0,0,False,False
R02ZF,CAUSAL_REPLAY,477,TERGR2H_37041F5B573A8B0265E2,R02ZF_REUSED_R02ZF_PERSON017,2,7,7,REJECTED_ANCHOR,MULTIPLE_ACTIVE_OPTICAL_HYPOTHESES,0,0,False,False
R02ZF,CAUSAL_REPLAY,478,TERGR2H_37041F5B573A8B0265E2,R02ZF_REUSED_R02ZF_PERSON017,2,8,8,REJECTED_ANCHOR,MULTIPLE_ACTIVE_OPTICAL_HYPOTHESES,0,0,False,False
R02ZF,CAUSAL_REPLAY,479,TERGR2H_37041F5B573A8B0265E2,R02ZF_REUSED_R02ZF_PERSON017,2,9,9,REJECTED_ANCHOR,MULTIPLE_ACTIVE_OPTICAL_HYPOTHESES,0,0,False,False
R02ZF,CAUSAL_REPLAY,480,TERGR2H_37041F5B573A8B0265E2,R02ZF_REUSED_R02ZF_PERSON017,2,7,8,REJECTED_ANCHOR,MULTIPLE_ACTIVE_OPTICAL_HYPOTHESES,0,0,False,False
R02ZF,CAUSAL_REPLAY,481,TERGR2H_37041F5B573A8B0265E2,R02ZF_REUSED_R02ZF_PERSON017,2,5,6,REJECTED_ANCHOR,MULTIPLE_ACTIVE_OPTICAL_HYPOTHESES,0,0,False,False
R02ZF,CAUSAL_REPLAY,482,TERGR2H_37041F5B573A8B0265E2,R02ZF_REUSED_R02ZF_PERSON017,2,7,9,REJECTED_ANCHOR,MULTIPLE_ACTIVE_OPTICAL_HYPOTHESES,0,0,False,False
R02ZF,CAUSAL_REPLAY,483,TERGR2H_37041F5B573A8B0265E2,R02ZF_REUSED_R02ZF_PERSON017,2,7,9,REJECTED_ANCHOR,MULTIPLE_ACTIVE_OPTICAL_HYPOTHESES,0,0,False,False
R02ZF,CAUSAL_REPLAY,484,TERGR2H_37041F5B573A8B0265E2,R02ZF_REUSED_R02ZF_PERSON017,3,11,12,REJECTED_ANCHOR,MULTIPLE_ACTIVE_OPTICAL_HYPOTHESES,0,0,False,False
R02ZF,CAUSAL_REPLAY,485,TERGR2H_37041F5B573A8B0265E2,R02ZF_REUSED_R02ZF_PERSON017,3,8,10,REJECTED_ANCHOR,MULTIPLE_ACTIVE_OPTICAL_HYPOTHESES,0,0,False,False
R02ZF,CAUSAL_REPLAY,486,TERGR2H_37041F5B573A8B0265E2,R02ZF_REUSED_R02ZF_PERSON017,3,8,10,REJECTED_ANCHOR,MULTIPLE_ACTIVE_OPTICAL_HYPOTHESES,0,0,False,False
R02ZF,CAUSAL_REPLAY,487,TERGR2H_37041F5B573A8B0265E2,R02ZF_REUSED_R02ZF_PERSON017,3,8,10,REJECTED_ANCHOR,MULTIPLE_ACTIVE_OPTICAL_HYPOTHESES,0,0,False,False
R02ZF,CAUSAL_REPLAY,488,TERGR2H_37041F5B573A8B0265E2,R02ZF_REUSED_R02ZF_PERSON017,3,8,11,REJECTED_ANCHOR,MULTIPLE_ACTIVE_OPTICAL_HYPOTHESES,0,0,False,False
R02ZF,CAUSAL_REPLAY,489,TERGR2H_37041F5B573A8B0265E2,R02ZF_REUSED_R02ZF_PERSON017,3,6,8,REJECTED_ANCHOR,MULTIPLE_ACTIVE_OPTICAL_HYPOTHESES,0,0,False,False
R02ZF,CAUSAL_REPLAY,490,TERGR2H_37041F5B573A8B0265E2,R02ZF_REUSED_R02ZF_PERSON017,4,11,13,REJECTED_ANCHOR,MULTIPLE_ACTIVE_OPTICAL_HYPOTHESES,0,0,False,False
R02ZF,CAUSAL_REPLAY,491,TERGR2H_37041F5B573A8B0265E2,R02ZF_REUSED_R02ZF_PERSON017,4,10,13,REJECTED_ANCHOR,MULTIPLE_ACTIVE_OPTICAL_HYPOTHESES,0,0,False,False
R02ZF,CAUSAL_REPLAY,492,TERGR2H_37041F5B573A8B0265E2,R02ZF_REUSED_R02ZF_PERSON017,4,11,15,REJECTED_ANCHOR,MULTIPLE_ACTIVE_OPTICAL_HYPOTHESES,0,0,False,False
R02ZF,CAUSAL_REPLAY,493,TERGR2H_37041F5B573A8B0265E2,R02ZF_REUSED_R02ZF_PERSON017,4,11,14,REJECTED_ANCHOR,MULTIPLE_ACTIVE_OPTICAL_HYPOTHESES,0,0,False,False
R02ZF,FIXED_LAG_100MS,453,TERGR2H_37041F5B573A8B0265E2,R02ZF_REUSED_R02ZF_PERSON017,2,7,7,REJECTED_ANCHOR,MULTIPLE_ACTIVE_OPTICAL_HYPOTHESES,0,0,False,False
R02ZF,FIXED_LAG_100MS,454,TERGR2H_37041F5B573A8B0265E2,R02ZF_REUSED_R02ZF_PERSON017,2,5,5,REJECTED_ANCHOR,MULTIPLE_ACTIVE_OPTICAL_HYPOTHESES,0,0,False,False
R02ZF,FIXED_LAG_100MS,455,TERGR2H_37041F5B573A8B0265E2,R02ZF_REUSED_R02ZF_PERSON017,2,5,5,REJECTED_ANCHOR,MULTIPLE_ACTIVE_OPTICAL_HYPOTHESES,0,0,False,False
R02ZF,FIXED_LAG_100MS,456,TERGR2H_37041F5B573A8B0265E2,R02ZF_REUSED_R02ZF_PERSON017,2,6,6,REJECTED_ANCHOR,MULTIPLE_ACTIVE_OPTICAL_HYPOTHESES,0,0,False,False
R02ZF,FIXED_LAG_100MS,457,TERGR2H_37041F5B573A8B0265E2,R02ZF_REUSED_R02ZF_PERSON017,2,7,7,REJECTED_ANCHOR,MULTIPLE_ACTIVE_OPTICAL_HYPOTHESES,0,0,False,False
R02ZF,FIXED_LAG_100MS,458,TERGR2H_37041F5B573A8B0265E2,R02ZF_REUSED_R02ZF_PERSON017,2,7,7,REJECTED_ANCHOR,MULTIPLE_ACTIVE_OPTICAL_HYPOTHESES,0,0,False,False
R02ZF,FIXED_LAG_100MS,459,TERGR2H_37041F5B573A8B0265E2,R02ZF_REUSED_R02ZF_PERSON017,2,7,7,REJECTED_ANCHOR,MULTIPLE_ACTIVE_OPTICAL_HYPOTHESES,0,0,False,False
R02ZF,FIXED_LAG_100MS,460,TERGR2H_37041F5B573A8B0265E2,R02ZF_REUSED_R02ZF_PERSON017,2,5,5,REJECTED_ANCHOR,MULTIPLE_ACTIVE_OPTICAL_HYPOTHESES,0,0,False,False
R02ZF,FIXED_LAG_100MS,461,TERGR2H_37041F5B573A8B0265E2,R02ZF_REUSED_R02ZF_PERSON017,2,5,5,REJECTED_ANCHOR,MULTIPLE_ACTIVE_OPTICAL_HYPOTHESES,0,0,False,False
R02ZF,FIXED_LAG_100MS,462,TERGR2H_37041F5B573A8B0265E2,R02ZF_REUSED_R02ZF_PERSON017,2,7,7,REJECTED_ANCHOR,MULTIPLE_ACTIVE_OPTICAL_HYPOTHESES,0,0,False,False
R02ZF,FIXED_LAG_100MS,463,TERGR2H_37041F5B573A8B0265E2,R02ZF_REUSED_R02ZF_PERSON017,2,8,8,REJECTED_ANCHOR,MULTIPLE_ACTIVE_OPTICAL_HYPOTHESES,0,0,False,False
R02ZF,FIXED_LAG_100MS,464,TERGR2H_37041F5B573A8B0265E2,R02ZF_REUSED_R02ZF_PERSON017,2,9,9,REJECTED_ANCHOR,MULTIPLE_ACTIVE_OPTICAL_HYPOTHESES,0,0,False,False
R02ZF,FIXED_LAG_100MS,465,TERGR2H_37041F5B573A8B0265E2,R02ZF_REUSED_R02ZF_PERSON017,2,16,16,REJECTED_ANCHOR,MULTIPLE_ACTIVE_OPTICAL_HYPOTHESES,0,0,False,False
R02ZF,FIXED_LAG_100MS,466,TERGR2H_37041F5B573A8B0265E2,R02ZF_REUSED_R02ZF_PERSON017,2,10,10,REJECTED_ANCHOR,MULTIPLE_ACTIVE_OPTICAL_HYPOTHESES,0,0,False,False
R02ZF,FIXED_LAG_100MS,467,TERGR2H_37041F5B573A8B0265E2,R02ZF_REUSED_R02ZF_PERSON017,2,9,9,REJECTED_ANCHOR,MULTIPLE_ACTIVE_OPTICAL_HYPOTHESES,0,0,False,False
R02ZF,FIXED_LAG_100MS,468,TERGR2H_37041F5B573A8B0265E2,R02ZF_REUSED_R02ZF_PERSON017,2,9,9,REJECTED_ANCHOR,MULTIPLE_ACTIVE_OPTICAL_HYPOTHESES,0,0,False,False
R02ZF,FIXED_LAG_100MS,469,TERGR2H_37041F5B573A8B0265E2,R02ZF_REUSED_R02ZF_PERSON017,2,9,9,REJECTED_ANCHOR,MULTIPLE_ACTIVE_OPTICAL_HYPOTHESES,0,0,False,False
R02ZF,FIXED_LAG_100MS,470,TERGR2H_37041F5B573A8B0265E2,R02ZF_REUSED_R02ZF_PERSON017,2,8,8,REJECTED_ANCHOR,MULTIPLE_ACTIVE_OPTICAL_HYPOTHESES,0,0,False,False
R02ZF,FIXED_LAG_100MS,471,TERGR2H_37041F5B573A8B0265E2,R02ZF_REUSED_R02ZF_PERSON017,2,10,10,REJECTED_ANCHOR,MULTIPLE_ACTIVE_OPTICAL_HYPOTHESES,0,0,False,False
R02ZF,FIXED_LAG_100MS,472,TERGR2H_37041F5B573A8B0265E2,R02ZF_REUSED_R02ZF_PERSON017,2,8,8,REJECTED_ANCHOR,MULTIPLE_ACTIVE_OPTICAL_HYPOTHESES,0,0,False,False
R02ZF,FIXED_LAG_100MS,473,TERGR2H_37041F5B573A8B0265E2,R02ZF_REUSED_R02ZF_PERSON017,2,9,11,REJECTED_ANCHOR,MULTIPLE_ACTIVE_OPTICAL_HYPOTHESES,0,0,False,False
R02ZF,FIXED_LAG_100MS,474,TERGR2H_37041F5B573A8B0265E2,R02ZF_REUSED_R02ZF_PERSON017,2,6,6,REJECTED_ANCHOR,MULTIPLE_ACTIVE_OPTICAL_HYPOTHESES,0,0,False,False
R02ZF,FIXED_LAG_100MS,475,TERGR2H_37041F5B573A8B0265E2,R02ZF_REUSED_R02ZF_PERSON017,2,6,6,REJECTED_ANCHOR,MULTIPLE_ACTIVE_OPTICAL_HYPOTHESES,0,0,False,False
R02ZF,FIXED_LAG_100MS,476,TERGR2H_37041F5B573A8B0265E2,R02ZF_REUSED_R02ZF_PERSON017,2,5,5,REJECTED_ANCHOR,MULTIPLE_ACTIVE_OPTICAL_HYPOTHESES,0,0,False,False
R02ZF,FIXED_LAG_100MS,477,TERGR2H_37041F5B573A8B0265E2,R02ZF_REUSED_R02ZF_PERSON017,2,7,8,REJECTED_ANCHOR,MULTIPLE_ACTIVE_OPTICAL_HYPOTHESES,0,0,False,False
R02ZF,FIXED_LAG_100MS,478,TERGR2H_37041F5B573A8B0265E2,R02ZF_REUSED_R02ZF_PERSON017,2,9,9,REJECTED_ANCHOR,MULTIPLE_ACTIVE_OPTICAL_HYPOTHESES,0,0,False,False
R02ZF,FIXED_LAG_100MS,479,TERGR2H_37041F5B573A8B0265E2,R02ZF_REUSED_R02ZF_PERSON017,2,9,9,REJECTED_ANCHOR,MULTIPLE_ACTIVE_OPTICAL_HYPOTHESES,0,0,False,False
R02ZF,FIXED_LAG_100MS,480,TERGR2H_37041F5B573A8B0265E2,R02ZF_REUSED_R02ZF_PERSON017,2,8,9,REJECTED_ANCHOR,MULTIPLE_ACTIVE_OPTICAL_HYPOTHESES,0,0,False,False
R02ZF,FIXED_LAG_100MS,481,TERGR2H_37041F5B573A8B0265E2,R02ZF_REUSED_R02ZF_PERSON017,2,6,7,REJECTED_ANCHOR,MULTIPLE_ACTIVE_OPTICAL_HYPOTHESES,0,0,False,False
R02ZF,FIXED_LAG_100MS,482,TERGR2H_37041F5B573A8B0265E2,R02ZF_REUSED_R02ZF_PERSON017,3,8,10,REJECTED_ANCHOR,MULTIPLE_ACTIVE_OPTICAL_HYPOTHESES,0,0,False,False
R02ZF,FIXED_LAG_100MS,483,TERGR2H_37041F5B573A8B0265E2,R02ZF_REUSED_R02ZF_PERSON017,3,8,10,REJECTED_ANCHOR,MULTIPLE_ACTIVE_OPTICAL_HYPOTHESES,0,0,False,False
R02ZF,FIXED_LAG_100MS,484,TERGR2H_37041F5B573A8B0265E2,R02ZF_REUSED_R02ZF_PERSON017,3,11,12,REJECTED_ANCHOR,MULTIPLE_ACTIVE_OPTICAL_HYPOTHESES,0,0,False,False
R02ZF,FIXED_LAG_100MS,485,TERGR2H_37041F5B573A8B0265E2,R02ZF_REUSED_R02ZF_PERSON017,3,9,11,REJECTED_ANCHOR,MULTIPLE_ACTIVE_OPTICAL_HYPOTHESES,0,0,False,False
R02ZF,FIXED_LAG_100MS,486,TERGR2H_37041F5B573A8B0265E2,R02ZF_REUSED_R02ZF_PERSON017,3,8,10,REJECTED_ANCHOR,MULTIPLE_ACTIVE_OPTICAL_HYPOTHESES,0,0,False,False
R02ZF,FIXED_LAG_100MS,487,TERGR2H_37041F5B573A8B0265E2,R02ZF_REUSED_R02ZF_PERSON017,4,8,10,REJECTED_ANCHOR,MULTIPLE_ACTIVE_OPTICAL_HYPOTHESES,0,0,False,False
R02ZF,FIXED_LAG_100MS,488,TERGR2H_37041F5B573A8B0265E2,R02ZF_REUSED_R02ZF_PERSON017,5,8,11,REJECTED_ANCHOR,MULTIPLE_ACTIVE_OPTICAL_HYPOTHESES,0,0,False,False
R02ZF,FIXED_LAG_100MS,489,TERGR2H_37041F5B573A8B0265E2,R02ZF_REUSED_R02ZF_PERSON017,4,6,8,REJECTED_ANCHOR,MULTIPLE_ACTIVE_OPTICAL_HYPOTHESES,0,0,False,False
R02ZF,FIXED_LAG_100MS,490,TERGR2H_37041F5B573A8B0265E2,R02ZF_REUSED_R02ZF_PERSON017,4,11,13,REJECTED_ANCHOR,MULTIPLE_ACTIVE_OPTICAL_HYPOTHESES,0,0,False,False
R02ZF,FIXED_LAG_100MS,491,TERGR2H_37041F5B573A8B0265E2,R02ZF_REUSED_R02ZF_PERSON017,4,10,13,REJECTED_ANCHOR,MULTIPLE_ACTIVE_OPTICAL_HYPOTHESES,0,0,False,False
R02ZF,FIXED_LAG_100MS,492,TERGR2H_37041F5B573A8B0265E2,R02ZF_REUSED_R02ZF_PERSON017,4,11,15,REJECTED_ANCHOR,MULTIPLE_ACTIVE_OPTICAL_HYPOTHESES,0,0,False,False
R02ZF,FIXED_LAG_100MS,493,TERGR2H_37041F5B573A8B0265E2,R02ZF_REUSED_R02ZF_PERSON017,4,11,14,REJECTED_ANCHOR,MULTIPLE_ACTIVE_OPTICAL_HYPOTHESES,0,0,False,False
R02ZF,FULL_CONTEXT_OFFLINE,453,TERGR2H_37041F5B573A8B0265E2,R02ZF_REUSED_R02ZF_PERSON017,2,8,8,REJECTED_ANCHOR,MULTIPLE_ACTIVE_OPTICAL_HYPOTHESES,0,0,False,False
R02ZF,FULL_CONTEXT_OFFLINE,454,TERGR2H_37041F5B573A8B0265E2,R02ZF_REUSED_R02ZF_PERSON017,2,6,6,REJECTED_ANCHOR,MULTIPLE_ACTIVE_OPTICAL_HYPOTHESES,0,0,False,False
R02ZF,FULL_CONTEXT_OFFLINE,455,TERGR2H_37041F5B573A8B0265E2,R02ZF_REUSED_R02ZF_PERSON017,2,6,6,REJECTED_ANCHOR,MULTIPLE_ACTIVE_OPTICAL_HYPOTHESES,0,0,False,False
R02ZF,FULL_CONTEXT_OFFLINE,456,TERGR2H_37041F5B573A8B0265E2,R02ZF_REUSED_R02ZF_PERSON017,2,6,6,REJECTED_ANCHOR,MULTIPLE_ACTIVE_OPTICAL_HYPOTHESES,0,0,False,False
R02ZF,FULL_CONTEXT_OFFLINE,457,TERGR2H_37041F5B573A8B0265E2,R02ZF_REUSED_R02ZF_PERSON017,2,7,7,REJECTED_ANCHOR,MULTIPLE_ACTIVE_OPTICAL_HYPOTHESES,0,0,False,False
R02ZF,FULL_CONTEXT_OFFLINE,458,TERGR2H_37041F5B573A8B0265E2,R02ZF_REUSED_R02ZF_PERSON017,2,7,7,REJECTED_ANCHOR,MULTIPLE_ACTIVE_OPTICAL_HYPOTHESES,0,0,False,False
R02ZF,FULL_CONTEXT_OFFLINE,459,TERGR2H_37041F5B573A8B0265E2,R02ZF_REUSED_R02ZF_PERSON017,2,7,7,REJECTED_ANCHOR,MULTIPLE_ACTIVE_OPTICAL_HYPOTHESES,0,0,False,False
R02ZF,FULL_CONTEXT_OFFLINE,460,TERGR2H_37041F5B573A8B0265E2,R02ZF_REUSED_R02ZF_PERSON017,2,5,5,REJECTED_ANCHOR,MULTIPLE_ACTIVE_OPTICAL_HYPOTHESES,0,0,False,False
R02ZF,FULL_CONTEXT_OFFLINE,461,TERGR2H_37041F5B573A8B0265E2,R02ZF_REUSED_R02ZF_PERSON017,2,5,5,REJECTED_ANCHOR,MULTIPLE_ACTIVE_OPTICAL_HYPOTHESES,0,0,False,False
R02ZF,FULL_CONTEXT_OFFLINE,462,TERGR2H_37041F5B573A8B0265E2,R02ZF_REUSED_R02ZF_PERSON017,2,7,7,REJECTED_ANCHOR,MULTIPLE_ACTIVE_OPTICAL_HYPOTHESES,0,0,False,False
R02ZF,FULL_CONTEXT_OFFLINE,463,TERGR2H_37041F5B573A8B0265E2,R02ZF_REUSED_R02ZF_PERSON017,2,11,11,REJECTED_ANCHOR,MULTIPLE_ACTIVE_OPTICAL_HYPOTHESES,0,0,False,False
R02ZF,FULL_CONTEXT_OFFLINE,464,TERGR2H_37041F5B573A8B0265E2,R02ZF_REUSED_R02ZF_PERSON017,2,10,10,REJECTED_ANCHOR,MULTIPLE_ACTIVE_OPTICAL_HYPOTHESES,0,0,False,False
R02ZF,FULL_CONTEXT_OFFLINE,465,TERGR2H_37041F5B573A8B0265E2,R02ZF_REUSED_R02ZF_PERSON017,2,17,17,REJECTED_ANCHOR,MULTIPLE_ACTIVE_OPTICAL_HYPOTHESES,0,0,False,False
R02ZF,FULL_CONTEXT_OFFLINE,466,TERGR2H_37041F5B573A8B0265E2,R02ZF_REUSED_R02ZF_PERSON017,2,11,11,REJECTED_ANCHOR,MULTIPLE_ACTIVE_OPTICAL_HYPOTHESES,0,0,False,False
R02ZF,FULL_CONTEXT_OFFLINE,467,TERGR2H_37041F5B573A8B0265E2,R02ZF_REUSED_R02ZF_PERSON017,2,9,9,REJECTED_ANCHOR,MULTIPLE_ACTIVE_OPTICAL_HYPOTHESES,0,0,False,False
R02ZF,FULL_CONTEXT_OFFLINE,468,TERGR2H_37041F5B573A8B0265E2,R02ZF_REUSED_R02ZF_PERSON017,2,9,9,REJECTED_ANCHOR,MULTIPLE_ACTIVE_OPTICAL_HYPOTHESES,0,0,False,False
R02ZF,FULL_CONTEXT_OFFLINE,469,TERGR2H_37041F5B573A8B0265E2,R02ZF_REUSED_R02ZF_PERSON017,2,9,9,REJECTED_ANCHOR,MULTIPLE_ACTIVE_OPTICAL_HYPOTHESES,0,0,False,False
R02ZF,FULL_CONTEXT_OFFLINE,470,TERGR2H_37041F5B573A8B0265E2,R02ZF_REUSED_R02ZF_PERSON017,2,8,8,REJECTED_ANCHOR,MULTIPLE_ACTIVE_OPTICAL_HYPOTHESES,0,0,False,False
R02ZF,FULL_CONTEXT_OFFLINE,471,TERGR2H_37041F5B573A8B0265E2,R02ZF_REUSED_R02ZF_PERSON017,2,11,11,REJECTED_ANCHOR,MULTIPLE_ACTIVE_OPTICAL_HYPOTHESES,0,0,False,False
R02ZF,FULL_CONTEXT_OFFLINE,472,TERGR2H_37041F5B573A8B0265E2,R02ZF_REUSED_R02ZF_PERSON017,2,8,8,REJECTED_ANCHOR,MULTIPLE_ACTIVE_OPTICAL_HYPOTHESES,0,0,False,False
R02ZF,FULL_CONTEXT_OFFLINE,473,TERGR2H_37041F5B573A8B0265E2,R02ZF_REUSED_R02ZF_PERSON017,2,9,11,REJECTED_ANCHOR,MULTIPLE_ACTIVE_OPTICAL_HYPOTHESES,0,0,False,False
R02ZF,FULL_CONTEXT_OFFLINE,474,TERGR2H_37041F5B573A8B0265E2,R02ZF_REUSED_R02ZF_PERSON017,2,6,6,REJECTED_ANCHOR,MULTIPLE_ACTIVE_OPTICAL_HYPOTHESES,0,0,False,False
R02ZF,FULL_CONTEXT_OFFLINE,475,TERGR2H_37041F5B573A8B0265E2,R02ZF_REUSED_R02ZF_PERSON017,2,7,7,REJECTED_ANCHOR,MULTIPLE_ACTIVE_OPTICAL_HYPOTHESES,0,0,False,False
R02ZF,FULL_CONTEXT_OFFLINE,476,TERGR2H_37041F5B573A8B0265E2,R02ZF_REUSED_R02ZF_PERSON017,2,5,5,REJECTED_ANCHOR,MULTIPLE_ACTIVE_OPTICAL_HYPOTHESES,0,0,False,False
R02ZF,FULL_CONTEXT_OFFLINE,477,TERGR2H_37041F5B573A8B0265E2,R02ZF_REUSED_R02ZF_PERSON017,2,8,9,REJECTED_ANCHOR,MULTIPLE_ACTIVE_OPTICAL_HYPOTHESES,0,0,False,False
R02ZF,FULL_CONTEXT_OFFLINE,478,TERGR2H_37041F5B573A8B0265E2,R02ZF_REUSED_R02ZF_PERSON017,2,9,9,REJECTED_ANCHOR,MULTIPLE_ACTIVE_OPTICAL_HYPOTHESES,0,0,False,False
R02ZF,FULL_CONTEXT_OFFLINE,479,TERGR2H_37041F5B573A8B0265E2,R02ZF_REUSED_R02ZF_PERSON017,2,11,11,REJECTED_ANCHOR,MULTIPLE_ACTIVE_OPTICAL_HYPOTHESES,0,0,False,False
R02ZF,FULL_CONTEXT_OFFLINE,480,TERGR2H_37041F5B573A8B0265E2,R02ZF_REUSED_R02ZF_PERSON017,2,8,9,REJECTED_ANCHOR,MULTIPLE_ACTIVE_OPTICAL_HYPOTHESES,0,0,False,False
R02ZF,FULL_CONTEXT_OFFLINE,481,TERGR2H_37041F5B573A8B0265E2,R02ZF_REUSED_R02ZF_PERSON017,2,6,7,REJECTED_ANCHOR,MULTIPLE_ACTIVE_OPTICAL_HYPOTHESES,0,0,False,False
R02ZF,FULL_CONTEXT_OFFLINE,482,TERGR2H_37041F5B573A8B0265E2,R02ZF_REUSED_R02ZF_PERSON017,3,8,10,REJECTED_ANCHOR,MULTIPLE_ACTIVE_OPTICAL_HYPOTHESES,0,0,False,False
R02ZF,FULL_CONTEXT_OFFLINE,483,TERGR2H_37041F5B573A8B0265E2,R02ZF_REUSED_R02ZF_PERSON017,3,8,10,REJECTED_ANCHOR,MULTIPLE_ACTIVE_OPTICAL_HYPOTHESES,0,0,False,False
R02ZF,FULL_CONTEXT_OFFLINE,484,TERGR2H_37041F5B573A8B0265E2,R02ZF_REUSED_R02ZF_PERSON017,3,11,12,REJECTED_ANCHOR,MULTIPLE_ACTIVE_OPTICAL_HYPOTHESES,0,0,False,False
R02ZF,FULL_CONTEXT_OFFLINE,485,TERGR2H_37041F5B573A8B0265E2,R02ZF_REUSED_R02ZF_PERSON017,3,9,12,REJECTED_ANCHOR,MULTIPLE_ACTIVE_OPTICAL_HYPOTHESES,0,0,False,False
R02ZF,FULL_CONTEXT_OFFLINE,486,TERGR2H_37041F5B573A8B0265E2,R02ZF_REUSED_R02ZF_PERSON017,3,8,11,REJECTED_ANCHOR,MULTIPLE_ACTIVE_OPTICAL_HYPOTHESES,0,0,False,False
R02ZF,FULL_CONTEXT_OFFLINE,487,TERGR2H_37041F5B573A8B0265E2,R02ZF_REUSED_R02ZF_PERSON017,4,10,13,REJECTED_ANCHOR,MULTIPLE_ACTIVE_OPTICAL_HYPOTHESES,0,0,False,False
R02ZF,FULL_CONTEXT_OFFLINE,488,TERGR2H_37041F5B573A8B0265E2,R02ZF_REUSED_R02ZF_PERSON017,5,9,13,REJECTED_ANCHOR,MULTIPLE_ACTIVE_OPTICAL_HYPOTHESES,0,0,False,False
R02ZF,FULL_CONTEXT_OFFLINE,489,TERGR2H_37041F5B573A8B0265E2,R02ZF_REUSED_R02ZF_PERSON017,4,6,9,REJECTED_ANCHOR,MULTIPLE_ACTIVE_OPTICAL_HYPOTHESES,0,0,False,False
R02ZF,FULL_CONTEXT_OFFLINE,490,TERGR2H_37041F5B573A8B0265E2,R02ZF_REUSED_R02ZF_PERSON017,4,10,13,REJECTED_ANCHOR,MULTIPLE_ACTIVE_OPTICAL_HYPOTHESES,0,0,False,False
R02ZF,FULL_CONTEXT_OFFLINE,491,TERGR2H_37041F5B573A8B0265E2,R02ZF_REUSED_R02ZF_PERSON017,4,9,13,REJECTED_ANCHOR,MULTIPLE_ACTIVE_OPTICAL_HYPOTHESES,0,0,False,False
R02ZF,FULL_CONTEXT_OFFLINE,492,TERGR2H_37041F5B573A8B0265E2,R02ZF_REUSED_R02ZF_PERSON017,4,11,15,REJECTED_ANCHOR,MULTIPLE_ACTIVE_OPTICAL_HYPOTHESES,0,0,False,False
R02ZF,FULL_CONTEXT_OFFLINE,493,TERGR2H_37041F5B573A8B0265E2,R02ZF_REUSED_R02ZF_PERSON017,4,11,14,REJECTED_ANCHOR,MULTIPLE_ACTIVE_OPTICAL_HYPOTHESES,0,0,False,False
R02ZF,CAUSAL_REPLAY,455,TERGR2H_553E6BCFB2342485D890,R02ZF_REUSED_R02ZF_PERSON018,2,5,5,REJECTED_ANCHOR,MULTIPLE_ACTIVE_OPTICAL_HYPOTHESES,0,0,False,False
R02ZF,CAUSAL_REPLAY,456,TERGR2H_553E6BCFB2342485D890,R02ZF_REUSED_R02ZF_PERSON018,2,5,5,REJECTED_ANCHOR,MULTIPLE_ACTIVE_OPTICAL_HYPOTHESES,0,0,False,False
R02ZF,CAUSAL_REPLAY,457,TERGR2H_553E6BCFB2342485D890,R02ZF_REUSED_R02ZF_PERSON018,2,6,6,REJECTED_ANCHOR,MULTIPLE_ACTIVE_OPTICAL_HYPOTHESES,0,0,False,False
R02ZF,CAUSAL_REPLAY,458,TERGR2H_553E6BCFB2342485D890,R02ZF_REUSED_R02ZF_PERSON018,2,6,6,REJECTED_ANCHOR,MULTIPLE_ACTIVE_OPTICAL_HYPOTHESES,0,0,False,False
R02ZF,CAUSAL_REPLAY,459,TERGR2H_553E6BCFB2342485D890,R02ZF_REUSED_R02ZF_PERSON018,2,5,5,REJECTED_ANCHOR,MULTIPLE_ACTIVE_OPTICAL_HYPOTHESES,0,0,False,False
R02ZF,CAUSAL_REPLAY,460,TERGR2H_553E6BCFB2342485D890,R02ZF_REUSED_R02ZF_PERSON018,2,4,4,REJECTED_ANCHOR,MULTIPLE_ACTIVE_OPTICAL_HYPOTHESES,0,0,False,False
R02ZF,CAUSAL_REPLAY,461,TERGR2H_553E6BCFB2342485D890,R02ZF_REUSED_R02ZF_PERSON018,2,4,4,REJECTED_ANCHOR,MULTIPLE_ACTIVE_OPTICAL_HYPOTHESES,0,0,False,False
R02ZF,CAUSAL_REPLAY,462,TERGR2H_553E6BCFB2342485D890,R02ZF_REUSED_R02ZF_PERSON018,2,6,6,REJECTED_ANCHOR,MULTIPLE_ACTIVE_OPTICAL_HYPOTHESES,0,0,False,False
R02ZF,CAUSAL_REPLAY,463,TERGR2H_553E6BCFB2342485D890,R02ZF_REUSED_R02ZF_PERSON018,2,10,10,REJECTED_ANCHOR,MULTIPLE_ACTIVE_OPTICAL_HYPOTHESES,0,0,False,False
R02ZF,CAUSAL_REPLAY,464,TERGR2H_553E6BCFB2342485D890,R02ZF_REUSED_R02ZF_PERSON018,2,9,9,REJECTED_ANCHOR,MULTIPLE_ACTIVE_OPTICAL_HYPOTHESES,0,0,False,False
R02ZF,CAUSAL_REPLAY,465,TERGR2H_553E6BCFB2342485D890,R02ZF_REUSED_R02ZF_PERSON018,2,14,14,REJECTED_ANCHOR,MULTIPLE_ACTIVE_OPTICAL_HYPOTHESES,0,0,False,False
R02ZF,CAUSAL_REPLAY,466,TERGR2H_553E6BCFB2342485D890,R02ZF_REUSED_R02ZF_PERSON018,2,8,8,REJECTED_ANCHOR,MULTIPLE_ACTIVE_OPTICAL_HYPOTHESES,0,0,False,False
R02ZF,CAUSAL_REPLAY,467,TERGR2H_553E6BCFB2342485D890,R02ZF_REUSED_R02ZF_PERSON018,2,7,7,REJECTED_ANCHOR,MULTIPLE_ACTIVE_OPTICAL_HYPOTHESES,0,0,False,False
R02ZF,CAUSAL_REPLAY,468,TERGR2H_553E6BCFB2342485D890,R02ZF_REUSED_R02ZF_PERSON018,2,7,7,REJECTED_ANCHOR,MULTIPLE_ACTIVE_OPTICAL_HYPOTHESES,0,0,False,False
R02ZF,CAUSAL_REPLAY,469,TERGR2H_553E6BCFB2342485D890,R02ZF_REUSED_R02ZF_PERSON018,2,7,7,REJECTED_ANCHOR,MULTIPLE_ACTIVE_OPTICAL_HYPOTHESES,0,0,False,False
R02ZF,CAUSAL_REPLAY,470,TERGR2H_553E6BCFB2342485D890,R02ZF_REUSED_R02ZF_PERSON018,2,6,6,REJECTED_ANCHOR,MULTIPLE_ACTIVE_OPTICAL_HYPOTHESES,0,0,False,False
R02ZF,CAUSAL_REPLAY,471,TERGR2H_553E6BCFB2342485D890,R02ZF_REUSED_R02ZF_PERSON018,2,7,7,REJECTED_ANCHOR,MULTIPLE_ACTIVE_OPTICAL_HYPOTHESES,0,0,False,False
R02ZF,CAUSAL_REPLAY,472,TERGR2H_553E6BCFB2342485D890,R02ZF_REUSED_R02ZF_PERSON018,2,7,7,REJECTED_ANCHOR,MULTIPLE_ACTIVE_OPTICAL_HYPOTHESES,0,0,False,False
R02ZF,CAUSAL_REPLAY,473,TERGR2H_553E6BCFB2342485D890,R02ZF_REUSED_R02ZF_PERSON018,2,7,9,REJECTED_ANCHOR,MULTIPLE_ACTIVE_OPTICAL_HYPOTHESES,0,0,False,False
R02ZF,CAUSAL_REPLAY,474,TERGR2H_553E6BCFB2342485D890,R02ZF_REUSED_R02ZF_PERSON018,2,5,5,REJECTED_ANCHOR,MULTIPLE_ACTIVE_OPTICAL_HYPOTHESES,0,0,False,False
R02ZF,CAUSAL_REPLAY,475,TERGR2H_553E6BCFB2342485D890,R02ZF_REUSED_R02ZF_PERSON018,2,6,6,REJECTED_ANCHOR,MULTIPLE_ACTIVE_OPTICAL_HYPOTHESES,0,0,False,False
R02ZF,CAUSAL_REPLAY,476,TERGR2H_553E6BCFB2342485D890,R02ZF_REUSED_R02ZF_PERSON018,2,4,4,REJECTED_ANCHOR,MULTIPLE_ACTIVE_OPTICAL_HYPOTHESES,0,0,False,False
R02ZF,CAUSAL_REPLAY,477,TERGR2H_553E6BCFB2342485D890,R02ZF_REUSED_R02ZF_PERSON018,2,6,7,REJECTED_ANCHOR,MULTIPLE_ACTIVE_OPTICAL_HYPOTHESES,0,0,False,False
R02ZF,CAUSAL_REPLAY,478,TERGR2H_553E6BCFB2342485D890,R02ZF_REUSED_R02ZF_PERSON018,2,7,7,REJECTED_ANCHOR,MULTIPLE_ACTIVE_OPTICAL_HYPOTHESES,0,0,False,False
R02ZF,CAUSAL_REPLAY,479,TERGR2H_553E6BCFB2342485D890,R02ZF_REUSED_R02ZF_PERSON018,2,7,7,REJECTED_ANCHOR,MULTIPLE_ACTIVE_OPTICAL_HYPOTHESES,0,0,False,False
R02ZF,CAUSAL_REPLAY,480,TERGR2H_553E6BCFB2342485D890,R02ZF_REUSED_R02ZF_PERSON018,2,7,8,REJECTED_ANCHOR,MULTIPLE_ACTIVE_OPTICAL_HYPOTHESES,0,0,False,False
R02ZF,CAUSAL_REPLAY,481,TERGR2H_553E6BCFB2342485D890,R02ZF_REUSED_R02ZF_PERSON018,2,5,6,REJECTED_ANCHOR,MULTIPLE_ACTIVE_OPTICAL_HYPOTHESES,0,0,False,False
R02ZF,CAUSAL_REPLAY,482,TERGR2H_553E6BCFB2342485D890,R02ZF_REUSED_R02ZF_PERSON018,2,7,9,REJECTED_ANCHOR,MULTIPLE_ACTIVE_OPTICAL_HYPOTHESES,0,0,False,False
R02ZF,CAUSAL_REPLAY,483,TERGR2H_553E6BCFB2342485D890,R02ZF_REUSED_R02ZF_PERSON018,2,8,10,REJECTED_ANCHOR,MULTIPLE_ACTIVE_OPTICAL_HYPOTHESES,0,0,False,False
R02ZF,CAUSAL_REPLAY,484,TERGR2H_553E6BCFB2342485D890,R02ZF_REUSED_R02ZF_PERSON018,3,9,10,REJECTED_ANCHOR,MULTIPLE_ACTIVE_OPTICAL_HYPOTHESES,0,0,False,False
R02ZF,CAUSAL_REPLAY,485,TERGR2H_553E6BCFB2342485D890,R02ZF_REUSED_R02ZF_PERSON018,3,8,11,REJECTED_ANCHOR,MULTIPLE_ACTIVE_OPTICAL_HYPOTHESES,0,0,False,False
R02ZF,CAUSAL_REPLAY,486,TERGR2H_553E6BCFB2342485D890,R02ZF_REUSED_R02ZF_PERSON018,3,8,10,REJECTED_ANCHOR,MULTIPLE_ACTIVE_OPTICAL_HYPOTHESES,0,0,False,False
R02ZF,CAUSAL_REPLAY,487,TERGR2H_553E6BCFB2342485D890,R02ZF_REUSED_R02ZF_PERSON018,3,10,12,REJECTED_ANCHOR,MULTIPLE_ACTIVE_OPTICAL_HYPOTHESES,0,0,False,False
R02ZF,CAUSAL_REPLAY,488,TERGR2H_553E6BCFB2342485D890,R02ZF_REUSED_R02ZF_PERSON018,3,10,13,REJECTED_ANCHOR,MULTIPLE_ACTIVE_OPTICAL_HYPOTHESES,0,0,False,False
R02ZF,CAUSAL_REPLAY,489,TERGR2H_553E6BCFB2342485D890,R02ZF_REUSED_R02ZF_PERSON018,3,7,9,REJECTED_ANCHOR,MULTIPLE_ACTIVE_OPTICAL_HYPOTHESES,0,0,False,False
R02ZF,CAUSAL_REPLAY,490,TERGR2H_553E6BCFB2342485D890,R02ZF_REUSED_R02ZF_PERSON018,4,10,12,REJECTED_ANCHOR,MULTIPLE_ACTIVE_OPTICAL_HYPOTHESES,0,0,False,False
R02ZF,CAUSAL_REPLAY,491,TERGR2H_553E6BCFB2342485D890,R02ZF_REUSED_R02ZF_PERSON018,4,11,14,REJECTED_ANCHOR,MULTIPLE_ACTIVE_OPTICAL_HYPOTHESES,0,0,False,False
R02ZF,CAUSAL_REPLAY,492,TERGR2H_553E6BCFB2342485D890,R02ZF_REUSED_R02ZF_PERSON018,4,11,15,REJECTED_ANCHOR,MULTIPLE_ACTIVE_OPTICAL_HYPOTHESES,0,0,False,False
R02ZF,CAUSAL_REPLAY,493,TERGR2H_553E6BCFB2342485D890,R02ZF_REUSED_R02ZF_PERSON018,4,11,14,REJECTED_ANCHOR,MULTIPLE_ACTIVE_OPTICAL_HYPOTHESES,0,0,False,False
R02ZF,FIXED_LAG_100MS,453,TERGR2H_553E6BCFB2342485D890,R02ZF_REUSED_R02ZF_PERSON018,2,7,7,REJECTED_ANCHOR,MULTIPLE_ACTIVE_OPTICAL_HYPOTHESES,0,0,False,False
R02ZF,FIXED_LAG_100MS,454,TERGR2H_553E6BCFB2342485D890,R02ZF_REUSED_R02ZF_PERSON018,2,5,5,REJECTED_ANCHOR,MULTIPLE_ACTIVE_OPTICAL_HYPOTHESES,0,0,False,False
R02ZF,FIXED_LAG_100MS,455,TERGR2H_553E6BCFB2342485D890,R02ZF_REUSED_R02ZF_PERSON018,2,5,5,REJECTED_ANCHOR,MULTIPLE_ACTIVE_OPTICAL_HYPOTHESES,0,0,False,False
R02ZF,FIXED_LAG_100MS,456,TERGR2H_553E6BCFB2342485D890,R02ZF_REUSED_R02ZF_PERSON018,2,5,5,REJECTED_ANCHOR,MULTIPLE_ACTIVE_OPTICAL_HYPOTHESES,0,0,False,False
R02ZF,FIXED_LAG_100MS,457,TERGR2H_553E6BCFB2342485D890,R02ZF_REUSED_R02ZF_PERSON018,2,6,6,REJECTED_ANCHOR,MULTIPLE_ACTIVE_OPTICAL_HYPOTHESES,0,0,False,False
R02ZF,FIXED_LAG_100MS,458,TERGR2H_553E6BCFB2342485D890,R02ZF_REUSED_R02ZF_PERSON018,2,6,6,REJECTED_ANCHOR,MULTIPLE_ACTIVE_OPTICAL_HYPOTHESES,0,0,False,False
R02ZF,FIXED_LAG_100MS,459,TERGR2H_553E6BCFB2342485D890,R02ZF_REUSED_R02ZF_PERSON018,2,6,6,REJECTED_ANCHOR,MULTIPLE_ACTIVE_OPTICAL_HYPOTHESES,0,0,False,False
R02ZF,FIXED_LAG_100MS,460,TERGR2H_553E6BCFB2342485D890,R02ZF_REUSED_R02ZF_PERSON018,2,4,4,REJECTED_ANCHOR,MULTIPLE_ACTIVE_OPTICAL_HYPOTHESES,0,0,False,False
R02ZF,FIXED_LAG_100MS,461,TERGR2H_553E6BCFB2342485D890,R02ZF_REUSED_R02ZF_PERSON018,2,5,5,REJECTED_ANCHOR,MULTIPLE_ACTIVE_OPTICAL_HYPOTHESES,0,0,False,False
R02ZF,FIXED_LAG_100MS,462,TERGR2H_553E6BCFB2342485D890,R02ZF_REUSED_R02ZF_PERSON018,2,8,8,REJECTED_ANCHOR,MULTIPLE_ACTIVE_OPTICAL_HYPOTHESES,0,0,False,False
R02ZF,FIXED_LAG_100MS,463,TERGR2H_553E6BCFB2342485D890,R02ZF_REUSED_R02ZF_PERSON018,2,10,10,REJECTED_ANCHOR,MULTIPLE_ACTIVE_OPTICAL_HYPOTHESES,0,0,False,False
R02ZF,FIXED_LAG_100MS,464,TERGR2H_553E6BCFB2342485D890,R02ZF_REUSED_R02ZF_PERSON018,2,10,10,REJECTED_ANCHOR,MULTIPLE_ACTIVE_OPTICAL_HYPOTHESES,0,0,False,False
R02ZF,FIXED_LAG_100MS,465,TERGR2H_553E6BCFB2342485D890,R02ZF_REUSED_R02ZF_PERSON018,2,16,16,REJECTED_ANCHOR,MULTIPLE_ACTIVE_OPTICAL_HYPOTHESES,0,0,False,False
R02ZF,FIXED_LAG_100MS,466,TERGR2H_553E6BCFB2342485D890,R02ZF_REUSED_R02ZF_PERSON018,2,9,9,REJECTED_ANCHOR,MULTIPLE_ACTIVE_OPTICAL_HYPOTHESES,0,0,False,False
R02ZF,FIXED_LAG_100MS,467,TERGR2H_553E6BCFB2342485D890,R02ZF_REUSED_R02ZF_PERSON018,2,8,8,REJECTED_ANCHOR,MULTIPLE_ACTIVE_OPTICAL_HYPOTHESES,0,0,False,False
R02ZF,FIXED_LAG_100MS,468,TERGR2H_553E6BCFB2342485D890,R02ZF_REUSED_R02ZF_PERSON018,2,8,8,REJECTED_ANCHOR,MULTIPLE_ACTIVE_OPTICAL_HYPOTHESES,0,0,False,False
R02ZF,FIXED_LAG_100MS,469,TERGR2H_553E6BCFB2342485D890,R02ZF_REUSED_R02ZF_PERSON018,2,8,8,REJECTED_ANCHOR,MULTIPLE_ACTIVE_OPTICAL_HYPOTHESES,0,0,False,False
R02ZF,FIXED_LAG_100MS,470,TERGR2H_553E6BCFB2342485D890,R02ZF_REUSED_R02ZF_PERSON018,2,8,8,REJECTED_ANCHOR,MULTIPLE_ACTIVE_OPTICAL_HYPOTHESES,0,0,False,False
R02ZF,FIXED_LAG_100MS,471,TERGR2H_553E6BCFB2342485D890,R02ZF_REUSED_R02ZF_PERSON018,2,9,9,REJECTED_ANCHOR,MULTIPLE_ACTIVE_OPTICAL_HYPOTHESES,0,0,False,False
R02ZF,FIXED_LAG_100MS,472,TERGR2H_553E6BCFB2342485D890,R02ZF_REUSED_R02ZF_PERSON018,2,9,9,REJECTED_ANCHOR,MULTIPLE_ACTIVE_OPTICAL_HYPOTHESES,0,0,False,False
R02ZF,FIXED_LAG_100MS,473,TERGR2H_553E6BCFB2342485D890,R02ZF_REUSED_R02ZF_PERSON018,2,9,11,REJECTED_ANCHOR,MULTIPLE_ACTIVE_OPTICAL_HYPOTHESES,0,0,False,False
R02ZF,FIXED_LAG_100MS,474,TERGR2H_553E6BCFB2342485D890,R02ZF_REUSED_R02ZF_PERSON018,2,5,5,REJECTED_ANCHOR,MULTIPLE_ACTIVE_OPTICAL_HYPOTHESES,0,0,False,False
R02ZF,FIXED_LAG_100MS,475,TERGR2H_553E6BCFB2342485D890,R02ZF_REUSED_R02ZF_PERSON018,2,7,7,REJECTED_ANCHOR,MULTIPLE_ACTIVE_OPTICAL_HYPOTHESES,0,0,False,False
R02ZF,FIXED_LAG_100MS,476,TERGR2H_553E6BCFB2342485D890,R02ZF_REUSED_R02ZF_PERSON018,2,4,4,REJECTED_ANCHOR,MULTIPLE_ACTIVE_OPTICAL_HYPOTHESES,0,0,False,False
R02ZF,FIXED_LAG_100MS,477,TERGR2H_553E6BCFB2342485D890,R02ZF_REUSED_R02ZF_PERSON018,2,6,7,REJECTED_ANCHOR,MULTIPLE_ACTIVE_OPTICAL_HYPOTHESES,0,0,False,False
R02ZF,FIXED_LAG_100MS,478,TERGR2H_553E6BCFB2342485D890,R02ZF_REUSED_R02ZF_PERSON018,2,7,7,REJECTED_ANCHOR,MULTIPLE_ACTIVE_OPTICAL_HYPOTHESES,0,0,False,False
R02ZF,FIXED_LAG_100MS,479,TERGR2H_553E6BCFB2342485D890,R02ZF_REUSED_R02ZF_PERSON018,2,8,8,REJECTED_ANCHOR,MULTIPLE_ACTIVE_OPTICAL_HYPOTHESES,0,0,False,False
R02ZF,FIXED_LAG_100MS,480,TERGR2H_553E6BCFB2342485D890,R02ZF_REUSED_R02ZF_PERSON018,2,7,8,REJECTED_ANCHOR,MULTIPLE_ACTIVE_OPTICAL_HYPOTHESES,0,0,False,False
R02ZF,FIXED_LAG_100MS,481,TERGR2H_553E6BCFB2342485D890,R02ZF_REUSED_R02ZF_PERSON018,2,5,6,REJECTED_ANCHOR,MULTIPLE_ACTIVE_OPTICAL_HYPOTHESES,0,0,False,False
R02ZF,FIXED_LAG_100MS,482,TERGR2H_553E6BCFB2342485D890,R02ZF_REUSED_R02ZF_PERSON018,3,8,10,REJECTED_ANCHOR,MULTIPLE_ACTIVE_OPTICAL_HYPOTHESES,0,0,False,False
R02ZF,FIXED_LAG_100MS,483,TERGR2H_553E6BCFB2342485D890,R02ZF_REUSED_R02ZF_PERSON018,3,8,10,REJECTED_ANCHOR,MULTIPLE_ACTIVE_OPTICAL_HYPOTHESES,0,0,False,False
R02ZF,FIXED_LAG_100MS,484,TERGR2H_553E6BCFB2342485D890,R02ZF_REUSED_R02ZF_PERSON018,3,11,12,REJECTED_ANCHOR,MULTIPLE_ACTIVE_OPTICAL_HYPOTHESES,0,0,False,False
R02ZF,FIXED_LAG_100MS,485,TERGR2H_553E6BCFB2342485D890,R02ZF_REUSED_R02ZF_PERSON018,3,9,12,REJECTED_ANCHOR,MULTIPLE_ACTIVE_OPTICAL_HYPOTHESES,0,0,False,False
R02ZF,FIXED_LAG_100MS,486,TERGR2H_553E6BCFB2342485D890,R02ZF_REUSED_R02ZF_PERSON018,3,10,12,REJECTED_ANCHOR,MULTIPLE_ACTIVE_OPTICAL_HYPOTHESES,0,0,False,False
R02ZF,FIXED_LAG_100MS,487,TERGR2H_553E6BCFB2342485D890,R02ZF_REUSED_R02ZF_PERSON018,4,10,12,REJECTED_ANCHOR,MULTIPLE_ACTIVE_OPTICAL_HYPOTHESES,0,0,False,False
R02ZF,FIXED_LAG_100MS,488,TERGR2H_553E6BCFB2342485D890,R02ZF_REUSED_R02ZF_PERSON018,5,10,13,REJECTED_ANCHOR,MULTIPLE_ACTIVE_OPTICAL_HYPOTHESES,0,0,False,False
R02ZF,FIXED_LAG_100MS,489,TERGR2H_553E6BCFB2342485D890,R02ZF_REUSED_R02ZF_PERSON018,4,7,9,REJECTED_ANCHOR,MULTIPLE_ACTIVE_OPTICAL_HYPOTHESES,0,0,False,False
R02ZF,FIXED_LAG_100MS,490,TERGR2H_553E6BCFB2342485D890,R02ZF_REUSED_R02ZF_PERSON018,4,10,12,REJECTED_ANCHOR,MULTIPLE_ACTIVE_OPTICAL_HYPOTHESES,0,0,False,False
R02ZF,FIXED_LAG_100MS,491,TERGR2H_553E6BCFB2342485D890,R02ZF_REUSED_R02ZF_PERSON018,4,12,15,REJECTED_ANCHOR,MULTIPLE_ACTIVE_OPTICAL_HYPOTHESES,0,0,False,False
R02ZF,FIXED_LAG_100MS,492,TERGR2H_553E6BCFB2342485D890,R02ZF_REUSED_R02ZF_PERSON018,4,12,16,REJECTED_ANCHOR,MULTIPLE_ACTIVE_OPTICAL_HYPOTHESES,0,0,False,False
R02ZF,FIXED_LAG_100MS,493,TERGR2H_553E6BCFB2342485D890,R02ZF_REUSED_R02ZF_PERSON018,4,13,16,REJECTED_ANCHOR,MULTIPLE_ACTIVE_OPTICAL_HYPOTHESES,0,0,False,False
R02ZF,FULL_CONTEXT_OFFLINE,453,TERGR2H_553E6BCFB2342485D890,R02ZF_REUSED_R02ZF_PERSON018,2,7,7,REJECTED_ANCHOR,MULTIPLE_ACTIVE_OPTICAL_HYPOTHESES,0,0,False,False
R02ZF,FULL_CONTEXT_OFFLINE,454,TERGR2H_553E6BCFB2342485D890,R02ZF_REUSED_R02ZF_PERSON018,2,5,5,REJECTED_ANCHOR,MULTIPLE_ACTIVE_OPTICAL_HYPOTHESES,0,0,False,False
R02ZF,FULL_CONTEXT_OFFLINE,455,TERGR2H_553E6BCFB2342485D890,R02ZF_REUSED_R02ZF_PERSON018,2,5,5,REJECTED_ANCHOR,MULTIPLE_ACTIVE_OPTICAL_HYPOTHESES,0,0,False,False
R02ZF,FULL_CONTEXT_OFFLINE,456,TERGR2H_553E6BCFB2342485D890,R02ZF_REUSED_R02ZF_PERSON018,2,5,5,REJECTED_ANCHOR,MULTIPLE_ACTIVE_OPTICAL_HYPOTHESES,0,0,False,False
R02ZF,FULL_CONTEXT_OFFLINE,457,TERGR2H_553E6BCFB2342485D890,R02ZF_REUSED_R02ZF_PERSON018,2,6,6,REJECTED_ANCHOR,MULTIPLE_ACTIVE_OPTICAL_HYPOTHESES,0,0,False,False
R02ZF,FULL_CONTEXT_OFFLINE,458,TERGR2H_553E6BCFB2342485D890,R02ZF_REUSED_R02ZF_PERSON018,2,6,6,REJECTED_ANCHOR,MULTIPLE_ACTIVE_OPTICAL_HYPOTHESES,0,0,False,False
R02ZF,FULL_CONTEXT_OFFLINE,459,TERGR2H_553E6BCFB2342485D890,R02ZF_REUSED_R02ZF_PERSON018,2,6,6,REJECTED_ANCHOR,MULTIPLE_ACTIVE_OPTICAL_HYPOTHESES,0,0,False,False
R02ZF,FULL_CONTEXT_OFFLINE,460,TERGR2H_553E6BCFB2342485D890,R02ZF_REUSED_R02ZF_PERSON018,2,5,5,REJECTED_ANCHOR,MULTIPLE_ACTIVE_OPTICAL_HYPOTHESES,0,0,False,False
R02ZF,FULL_CONTEXT_OFFLINE,461,TERGR2H_553E6BCFB2342485D890,R02ZF_REUSED_R02ZF_PERSON018,2,5,5,REJECTED_ANCHOR,MULTIPLE_ACTIVE_OPTICAL_HYPOTHESES,0,0,False,False
R02ZF,FULL_CONTEXT_OFFLINE,462,TERGR2H_553E6BCFB2342485D890,R02ZF_REUSED_R02ZF_PERSON018,2,8,8,REJECTED_ANCHOR,MULTIPLE_ACTIVE_OPTICAL_HYPOTHESES,0,0,False,False
R02ZF,FULL_CONTEXT_OFFLINE,463,TERGR2H_553E6BCFB2342485D890,R02ZF_REUSED_R02ZF_PERSON018,2,12,12,REJECTED_ANCHOR,MULTIPLE_ACTIVE_OPTICAL_HYPOTHESES,0,0,False,False
R02ZF,FULL_CONTEXT_OFFLINE,464,TERGR2H_553E6BCFB2342485D890,R02ZF_REUSED_R02ZF_PERSON018,2,11,11,REJECTED_ANCHOR,MULTIPLE_ACTIVE_OPTICAL_HYPOTHESES,0,0,False,False
R02ZF,FULL_CONTEXT_OFFLINE,465,TERGR2H_553E6BCFB2342485D890,R02ZF_REUSED_R02ZF_PERSON018,2,18,18,REJECTED_ANCHOR,MULTIPLE_ACTIVE_OPTICAL_HYPOTHESES,0,0,False,False
R02ZF,FULL_CONTEXT_OFFLINE,466,TERGR2H_553E6BCFB2342485D890,R02ZF_REUSED_R02ZF_PERSON018,2,11,11,REJECTED_ANCHOR,MULTIPLE_ACTIVE_OPTICAL_HYPOTHESES,0,0,False,False
R02ZF,FULL_CONTEXT_OFFLINE,467,TERGR2H_553E6BCFB2342485D890,R02ZF_REUSED_R02ZF_PERSON018,2,11,11,REJECTED_ANCHOR,MULTIPLE_ACTIVE_OPTICAL_HYPOTHESES,0,0,False,False
R02ZF,FULL_CONTEXT_OFFLINE,468,TERGR2H_553E6BCFB2342485D890,R02ZF_REUSED_R02ZF_PERSON018,2,12,12,REJECTED_ANCHOR,MULTIPLE_ACTIVE_OPTICAL_HYPOTHESES,0,0,False,False
R02ZF,FULL_CONTEXT_OFFLINE,469,TERGR2H_553E6BCFB2342485D890,R02ZF_REUSED_R02ZF_PERSON018,2,10,10,REJECTED_ANCHOR,MULTIPLE_ACTIVE_OPTICAL_HYPOTHESES,0,0,False,False
R02ZF,FULL_CONTEXT_OFFLINE,470,TERGR2H_553E6BCFB2342485D890,R02ZF_REUSED_R02ZF_PERSON018,2,8,8,REJECTED_ANCHOR,MULTIPLE_ACTIVE_OPTICAL_HYPOTHESES,0,0,False,False
R02ZF,FULL_CONTEXT_OFFLINE,471,TERGR2H_553E6BCFB2342485D890,R02ZF_REUSED_R02ZF_PERSON018,2,11,11,REJECTED_ANCHOR,MULTIPLE_ACTIVE_OPTICAL_HYPOTHESES,0,0,False,False
R02ZF,FULL_CONTEXT_OFFLINE,472,TERGR2H_553E6BCFB2342485D890,R02ZF_REUSED_R02ZF_PERSON018,2,10,10,REJECTED_ANCHOR,MULTIPLE_ACTIVE_OPTICAL_HYPOTHESES,0,0,False,False
R02ZF,FULL_CONTEXT_OFFLINE,473,TERGR2H_553E6BCFB2342485D890,R02ZF_REUSED_R02ZF_PERSON018,2,9,11,REJECTED_ANCHOR,MULTIPLE_ACTIVE_OPTICAL_HYPOTHESES,0,0,False,False
R02ZF,FULL_CONTEXT_OFFLINE,474,TERGR2H_553E6BCFB2342485D890,R02ZF_REUSED_R02ZF_PERSON018,2,5,5,REJECTED_ANCHOR,MULTIPLE_ACTIVE_OPTICAL_HYPOTHESES,0,0,False,False
R02ZF,FULL_CONTEXT_OFFLINE,475,TERGR2H_553E6BCFB2342485D890,R02ZF_REUSED_R02ZF_PERSON018,2,8,8,REJECTED_ANCHOR,MULTIPLE_ACTIVE_OPTICAL_HYPOTHESES,0,0,False,False
R02ZF,FULL_CONTEXT_OFFLINE,476,TERGR2H_553E6BCFB2342485D890,R02ZF_REUSED_R02ZF_PERSON018,2,6,6,REJECTED_ANCHOR,MULTIPLE_ACTIVE_OPTICAL_HYPOTHESES,0,0,False,False
R02ZF,FULL_CONTEXT_OFFLINE,477,TERGR2H_553E6BCFB2342485D890,R02ZF_REUSED_R02ZF_PERSON018,2,6,7,REJECTED_ANCHOR,MULTIPLE_ACTIVE_OPTICAL_HYPOTHESES,0,0,False,False
R02ZF,FULL_CONTEXT_OFFLINE,478,TERGR2H_553E6BCFB2342485D890,R02ZF_REUSED_R02ZF_PERSON018,2,8,10,REJECTED_ANCHOR,MULTIPLE_ACTIVE_OPTICAL_HYPOTHESES,0,0,False,False
R02ZF,FULL_CONTEXT_OFFLINE,479,TERGR2H_553E6BCFB2342485D890,R02ZF_REUSED_R02ZF_PERSON018,2,9,10,REJECTED_ANCHOR,MULTIPLE_ACTIVE_OPTICAL_HYPOTHESES,0,0,False,False
R02ZF,FULL_CONTEXT_OFFLINE,480,TERGR2H_553E6BCFB2342485D890,R02ZF_REUSED_R02ZF_PERSON018,2,7,9,REJECTED_ANCHOR,MULTIPLE_ACTIVE_OPTICAL_HYPOTHESES,0,0,False,False
R02ZF,FULL_CONTEXT_OFFLINE,481,TERGR2H_553E6BCFB2342485D890,R02ZF_REUSED_R02ZF_PERSON018,2,6,8,REJECTED_ANCHOR,MULTIPLE_ACTIVE_OPTICAL_HYPOTHESES,0,0,False,False
R02ZF,FULL_CONTEXT_OFFLINE,482,TERGR2H_553E6BCFB2342485D890,R02ZF_REUSED_R02ZF_PERSON018,3,7,10,REJECTED_ANCHOR,MULTIPLE_ACTIVE_OPTICAL_HYPOTHESES,0,0,False,False
R02ZF,FULL_CONTEXT_OFFLINE,483,TERGR2H_553E6BCFB2342485D890,R02ZF_REUSED_R02ZF_PERSON018,3,8,11,REJECTED_ANCHOR,MULTIPLE_ACTIVE_OPTICAL_HYPOTHESES,0,0,False,False
R02ZF,FULL_CONTEXT_OFFLINE,484,TERGR2H_553E6BCFB2342485D890,R02ZF_REUSED_R02ZF_PERSON018,3,10,12,REJECTED_ANCHOR,MULTIPLE_ACTIVE_OPTICAL_HYPOTHESES,0,0,False,False
R02ZF,FULL_CONTEXT_OFFLINE,485,TERGR2H_553E6BCFB2342485D890,R02ZF_REUSED_R02ZF_PERSON018,3,8,12,REJECTED_ANCHOR,MULTIPLE_ACTIVE_OPTICAL_HYPOTHESES,0,0,False,False
R02ZF,FULL_CONTEXT_OFFLINE,486,TERGR2H_553E6BCFB2342485D890,R02ZF_REUSED_R02ZF_PERSON018,3,9,12,REJECTED_ANCHOR,MULTIPLE_ACTIVE_OPTICAL_HYPOTHESES,0,0,False,False
R02ZF,FULL_CONTEXT_OFFLINE,487,TERGR2H_553E6BCFB2342485D890,R02ZF_REUSED_R02ZF_PERSON018,4,9,12,REJECTED_ANCHOR,MULTIPLE_ACTIVE_OPTICAL_HYPOTHESES,0,0,False,False
R02ZF,FULL_CONTEXT_OFFLINE,488,TERGR2H_553E6BCFB2342485D890,R02ZF_REUSED_R02ZF_PERSON018,5,9,13,REJECTED_ANCHOR,MULTIPLE_ACTIVE_OPTICAL_HYPOTHESES,0,0,False,False
R02ZF,FULL_CONTEXT_OFFLINE,489,TERGR2H_553E6BCFB2342485D890,R02ZF_REUSED_R02ZF_PERSON018,4,6,9,REJECTED_ANCHOR,MULTIPLE_ACTIVE_OPTICAL_HYPOTHESES,0,0,False,False
R02ZF,FULL_CONTEXT_OFFLINE,490,TERGR2H_553E6BCFB2342485D890,R02ZF_REUSED_R02ZF_PERSON018,4,10,13,REJECTED_ANCHOR,MULTIPLE_ACTIVE_OPTICAL_HYPOTHESES,0,0,False,False
R02ZF,FULL_CONTEXT_OFFLINE,491,TERGR2H_553E6BCFB2342485D890,R02ZF_REUSED_R02ZF_PERSON018,4,11,15,REJECTED_ANCHOR,MULTIPLE_ACTIVE_OPTICAL_HYPOTHESES,0,0,False,False
R02ZF,FULL_CONTEXT_OFFLINE,492,TERGR2H_553E6BCFB2342485D890,R02ZF_REUSED_R02ZF_PERSON018,4,12,16,REJECTED_ANCHOR,MULTIPLE_ACTIVE_OPTICAL_HYPOTHESES,0,0,False,False
R02ZF,FULL_CONTEXT_OFFLINE,493,TERGR2H_553E6BCFB2342485D890,R02ZF_REUSED_R02ZF_PERSON018,4,13,16,REJECTED_ANCHOR,MULTIPLE_ACTIVE_OPTICAL_HYPOTHESES,0,0,False,False
R02ZF,CAUSAL_REPLAY,484,TERGR2H_5D0A6A7E37574EB10BDD,R02ZF_REUSED_R02ZF_PERSON021,3,5,5,REJECTED_ANCHOR,MULTIPLE_ACTIVE_OPTICAL_HYPOTHESES,0,0,False,False
R02ZF,CAUSAL_REPLAY,485,TERGR2H_5D0A6A7E37574EB10BDD,R02ZF_REUSED_R02ZF_PERSON021,3,4,4,REJECTED_ANCHOR,MULTIPLE_ACTIVE_OPTICAL_HYPOTHESES,0,0,False,False
R02ZF,CAUSAL_REPLAY,486,TERGR2H_5D0A6A7E37574EB10BDD,R02ZF_REUSED_R02ZF_PERSON021,3,3,3,REJECTED_ANCHOR,MULTIPLE_ACTIVE_OPTICAL_HYPOTHESES,0,0,False,False
R02ZF,CAUSAL_REPLAY,487,TERGR2H_5D0A6A7E37574EB10BDD,R02ZF_REUSED_R02ZF_PERSON021,3,7,7,REJECTED_ANCHOR,MULTIPLE_ACTIVE_OPTICAL_HYPOTHESES,0,0,False,False
R02ZF,CAUSAL_REPLAY,488,TERGR2H_5D0A6A7E37574EB10BDD,R02ZF_REUSED_R02ZF_PERSON021,3,6,7,REJECTED_ANCHOR,MULTIPLE_ACTIVE_OPTICAL_HYPOTHESES,0,0,False,False
R02ZF,CAUSAL_REPLAY,489,TERGR2H_5D0A6A7E37574EB10BDD,R02ZF_REUSED_R02ZF_PERSON021,3,6,6,REJECTED_ANCHOR,MULTIPLE_ACTIVE_OPTICAL_HYPOTHESES,0,0,False,False
R02ZF,CAUSAL_REPLAY,490,TERGR2H_5D0A6A7E37574EB10BDD,R02ZF_REUSED_R02ZF_PERSON021,4,9,9,REJECTED_ANCHOR,MULTIPLE_ACTIVE_OPTICAL_HYPOTHESES,0,0,False,False
R02ZF,CAUSAL_REPLAY,491,TERGR2H_5D0A6A7E37574EB10BDD,R02ZF_REUSED_R02ZF_PERSON021,4,9,10,REJECTED_ANCHOR,MULTIPLE_ACTIVE_OPTICAL_HYPOTHESES,0,0,False,False
R02ZF,CAUSAL_REPLAY,492,TERGR2H_5D0A6A7E37574EB10BDD,R02ZF_REUSED_R02ZF_PERSON021,4,8,9,REJECTED_ANCHOR,MULTIPLE_ACTIVE_OPTICAL_HYPOTHESES,0,0,False,False
R02ZF,CAUSAL_REPLAY,493,TERGR2H_5D0A6A7E37574EB10BDD,R02ZF_REUSED_R02ZF_PERSON021,4,10,11,REJECTED_ANCHOR,MULTIPLE_ACTIVE_OPTICAL_HYPOTHESES,0,0,False,False
R02ZF,FIXED_LAG_100MS,482,TERGR2H_5D0A6A7E37574EB10BDD,R02ZF_REUSED_R02ZF_PERSON021,3,4,4,REJECTED_ANCHOR,MULTIPLE_ACTIVE_OPTICAL_HYPOTHESES,0,0,False,False
R02ZF,FIXED_LAG_100MS,483,TERGR2H_5D0A6A7E37574EB10BDD,R02ZF_REUSED_R02ZF_PERSON021,3,5,5,REJECTED_ANCHOR,MULTIPLE_ACTIVE_OPTICAL_HYPOTHESES,0,0,False,False
R02ZF,FIXED_LAG_100MS,484,TERGR2H_5D0A6A7E37574EB10BDD,R02ZF_REUSED_R02ZF_PERSON021,3,8,8,REJECTED_ANCHOR,MULTIPLE_ACTIVE_OPTICAL_HYPOTHESES,0,0,False,False
R02ZF,FIXED_LAG_100MS,485,TERGR2H_5D0A6A7E37574EB10BDD,R02ZF_REUSED_R02ZF_PERSON021,3,5,5,REJECTED_ANCHOR,MULTIPLE_ACTIVE_OPTICAL_HYPOTHESES,0,0,False,False
R02ZF,FIXED_LAG_100MS,486,TERGR2H_5D0A6A7E37574EB10BDD,R02ZF_REUSED_R02ZF_PERSON021,3,5,5,REJECTED_ANCHOR,MULTIPLE_ACTIVE_OPTICAL_HYPOTHESES,0,0,False,False
R02ZF,FIXED_LAG_100MS,487,TERGR2H_5D0A6A7E37574EB10BDD,R02ZF_REUSED_R02ZF_PERSON021,4,9,9,REJECTED_ANCHOR,MULTIPLE_ACTIVE_OPTICAL_HYPOTHESES,0,0,False,False
R02ZF,FIXED_LAG_100MS,488,TERGR2H_5D0A6A7E37574EB10BDD,R02ZF_REUSED_R02ZF_PERSON021,5,8,9,REJECTED_ANCHOR,MULTIPLE_ACTIVE_OPTICAL_HYPOTHESES,0,0,False,False
R02ZF,FIXED_LAG_100MS,489,TERGR2H_5D0A6A7E37574EB10BDD,R02ZF_REUSED_R02ZF_PERSON021,4,9,9,REJECTED_ANCHOR,MULTIPLE_ACTIVE_OPTICAL_HYPOTHESES,0,0,False,False
R02ZF,FIXED_LAG_100MS,490,TERGR2H_5D0A6A7E37574EB10BDD,R02ZF_REUSED_R02ZF_PERSON021,4,11,11,REJECTED_ANCHOR,MULTIPLE_ACTIVE_OPTICAL_HYPOTHESES,0,0,False,False
R02ZF,FIXED_LAG_100MS,491,TERGR2H_5D0A6A7E37574EB10BDD,R02ZF_REUSED_R02ZF_PERSON021,4,12,13,REJECTED_ANCHOR,MULTIPLE_ACTIVE_OPTICAL_HYPOTHESES,0,0,False,False
R02ZF,FIXED_LAG_100MS,492,TERGR2H_5D0A6A7E37574EB10BDD,R02ZF_REUSED_R02ZF_PERSON021,4,10,12,REJECTED_ANCHOR,MULTIPLE_ACTIVE_OPTICAL_HYPOTHESES,0,0,False,False
R02ZF,FIXED_LAG_100MS,493,TERGR2H_5D0A6A7E37574EB10BDD,R02ZF_REUSED_R02ZF_PERSON021,4,12,14,REJECTED_ANCHOR,MULTIPLE_ACTIVE_OPTICAL_HYPOTHESES,0,0,False,False
R02ZF,FULL_CONTEXT_OFFLINE,482,TERGR2H_5D0A6A7E37574EB10BDD,R02ZF_REUSED_R02ZF_PERSON021,3,5,6,REJECTED_ANCHOR,MULTIPLE_ACTIVE_OPTICAL_HYPOTHESES,0,0,False,False
R02ZF,FULL_CONTEXT_OFFLINE,483,TERGR2H_5D0A6A7E37574EB10BDD,R02ZF_REUSED_R02ZF_PERSON021,3,6,8,REJECTED_ANCHOR,MULTIPLE_ACTIVE_OPTICAL_HYPOTHESES,0,0,False,False
R02ZF,FULL_CONTEXT_OFFLINE,484,TERGR2H_5D0A6A7E37574EB10BDD,R02ZF_REUSED_R02ZF_PERSON021,3,9,10,REJECTED_ANCHOR,MULTIPLE_ACTIVE_OPTICAL_HYPOTHESES,0,0,False,False
R02ZF,FULL_CONTEXT_OFFLINE,485,TERGR2H_5D0A6A7E37574EB10BDD,R02ZF_REUSED_R02ZF_PERSON021,3,7,9,REJECTED_ANCHOR,MULTIPLE_ACTIVE_OPTICAL_HYPOTHESES,0,0,False,False
R02ZF,FULL_CONTEXT_OFFLINE,486,TERGR2H_5D0A6A7E37574EB10BDD,R02ZF_REUSED_R02ZF_PERSON021,3,6,8,REJECTED_ANCHOR,MULTIPLE_ACTIVE_OPTICAL_HYPOTHESES,0,0,False,False
R02ZF,FULL_CONTEXT_OFFLINE,487,TERGR2H_5D0A6A7E37574EB10BDD,R02ZF_REUSED_R02ZF_PERSON021,4,9,11,REJECTED_ANCHOR,MULTIPLE_ACTIVE_OPTICAL_HYPOTHESES,0,0,False,False
R02ZF,FULL_CONTEXT_OFFLINE,488,TERGR2H_5D0A6A7E37574EB10BDD,R02ZF_REUSED_R02ZF_PERSON021,5,7,11,REJECTED_ANCHOR,MULTIPLE_ACTIVE_OPTICAL_HYPOTHESES,0,0,False,False
R02ZF,FULL_CONTEXT_OFFLINE,489,TERGR2H_5D0A6A7E37574EB10BDD,R02ZF_REUSED_R02ZF_PERSON021,4,7,9,REJECTED_ANCHOR,MULTIPLE_ACTIVE_OPTICAL_HYPOTHESES,0,0,False,False
R02ZF,FULL_CONTEXT_OFFLINE,490,TERGR2H_5D0A6A7E37574EB10BDD,R02ZF_REUSED_R02ZF_PERSON021,4,8,12,REJECTED_ANCHOR,MULTIPLE_ACTIVE_OPTICAL_HYPOTHESES,0,0,False,False
R02ZF,FULL_CONTEXT_OFFLINE,491,TERGR2H_5D0A6A7E37574EB10BDD,R02ZF_REUSED_R02ZF_PERSON021,4,10,14,REJECTED_ANCHOR,MULTIPLE_ACTIVE_OPTICAL_HYPOTHESES,0,0,False,False
R02ZF,FULL_CONTEXT_OFFLINE,492,TERGR2H_5D0A6A7E37574EB10BDD,R02ZF_REUSED_R02ZF_PERSON021,4,9,12,REJECTED_ANCHOR,MULTIPLE_ACTIVE_OPTICAL_HYPOTHESES,0,0,False,False
R02ZF,FULL_CONTEXT_OFFLINE,493,TERGR2H_5D0A6A7E37574EB10BDD,R02ZF_REUSED_R02ZF_PERSON021,4,11,14,REJECTED_ANCHOR,MULTIPLE_ACTIVE_OPTICAL_HYPOTHESES,0,0,False,False
R02ZF,FIXED_LAG_100MS,487,TERGR2H_E0A311F6B20970F1DC1D,R02ZF_REUSED_R02ZF_PERSON023,4,5,5,REJECTED_ANCHOR,MULTIPLE_ACTIVE_OPTICAL_HYPOTHESES,0,0,False,False
R02ZF,FIXED_LAG_100MS,488,TERGR2H_E0A311F6B20970F1DC1D,R02ZF_REUSED_R02ZF_PERSON023,5,4,4,REJECTED_ANCHOR,MULTIPLE_ACTIVE_OPTICAL_HYPOTHESES,0,0,False,False
R02ZF,FULL_CONTEXT_OFFLINE,487,TERGR2H_E0A311F6B20970F1DC1D,R02ZF_REUSED_R02ZF_PERSON023,4,5,5,REJECTED_ANCHOR,MULTIPLE_ACTIVE_OPTICAL_HYPOTHESES,0,0,False,False
R02ZF,FULL_CONTEXT_OFFLINE,488,TERGR2H_E0A311F6B20970F1DC1D,R02ZF_REUSED_R02ZF_PERSON023,5,3,4,REJECTED_ANCHOR,MULTIPLE_ACTIVE_OPTICAL_HYPOTHESES,0,0,False,False
R02ZF,CAUSAL_REPLAY,490,TERGR2H_8202DF2DF0B98A632E4D,R02ZF_REUSED_R02ZF_PERSON024,4,4,4,REJECTED_ANCHOR,MULTIPLE_ACTIVE_OPTICAL_HYPOTHESES,0,0,False,False
R02ZF,CAUSAL_REPLAY,491,TERGR2H_8202DF2DF0B98A632E4D,R02ZF_REUSED_R02ZF_PERSON024,4,5,5,REJECTED_ANCHOR,MULTIPLE_ACTIVE_OPTICAL_HYPOTHESES,0,0,False,False
R02ZF,CAUSAL_REPLAY,492,TERGR2H_8202DF2DF0B98A632E4D,R02ZF_REUSED_R02ZF_PERSON024,4,4,4,REJECTED_ANCHOR,MULTIPLE_ACTIVE_OPTICAL_HYPOTHESES,0,0,False,False
R02ZF,CAUSAL_REPLAY,493,TERGR2H_8202DF2DF0B98A632E4D,R02ZF_REUSED_R02ZF_PERSON024,4,6,6,REJECTED_ANCHOR,MULTIPLE_ACTIVE_OPTICAL_HYPOTHESES,0,0,False,False
R02ZF,FIXED_LAG_100MS,488,TERGR2H_8202DF2DF0B98A632E4D,R02ZF_REUSED_R02ZF_PERSON024,5,4,4,REJECTED_ANCHOR,MULTIPLE_ACTIVE_OPTICAL_HYPOTHESES,0,0,False,False
R02ZF,FIXED_LAG_100MS,489,TERGR2H_8202DF2DF0B98A632E4D,R02ZF_REUSED_R02ZF_PERSON024,4,5,5,REJECTED_ANCHOR,MULTIPLE_ACTIVE_OPTICAL_HYPOTHESES,0,0,False,False
R02ZF,FIXED_LAG_100MS,490,TERGR2H_8202DF2DF0B98A632E4D,R02ZF_REUSED_R02ZF_PERSON024,4,6,6,REJECTED_ANCHOR,MULTIPLE_ACTIVE_OPTICAL_HYPOTHESES,0,0,False,False
R02ZF,FIXED_LAG_100MS,491,TERGR2H_8202DF2DF0B98A632E4D,R02ZF_REUSED_R02ZF_PERSON024,4,9,9,REJECTED_ANCHOR,MULTIPLE_ACTIVE_OPTICAL_HYPOTHESES,0,0,False,False
R02ZF,FIXED_LAG_100MS,492,TERGR2H_8202DF2DF0B98A632E4D,R02ZF_REUSED_R02ZF_PERSON024,4,8,8,REJECTED_ANCHOR,MULTIPLE_ACTIVE_OPTICAL_HYPOTHESES,0,0,False,False
R02ZF,FIXED_LAG_100MS,493,TERGR2H_8202DF2DF0B98A632E4D,R02ZF_REUSED_R02ZF_PERSON024,4,10,10,REJECTED_ANCHOR,MULTIPLE_ACTIVE_OPTICAL_HYPOTHESES,0,0,False,False
R02ZF,FULL_CONTEXT_OFFLINE,488,TERGR2H_8202DF2DF0B98A632E4D,R02ZF_REUSED_R02ZF_PERSON024,5,6,8,REJECTED_ANCHOR,MULTIPLE_ACTIVE_OPTICAL_HYPOTHESES,0,0,False,False
R02ZF,FULL_CONTEXT_OFFLINE,489,TERGR2H_8202DF2DF0B98A632E4D,R02ZF_REUSED_R02ZF_PERSON024,4,6,6,REJECTED_ANCHOR,MULTIPLE_ACTIVE_OPTICAL_HYPOTHESES,0,0,False,False
R02ZF,FULL_CONTEXT_OFFLINE,490,TERGR2H_8202DF2DF0B98A632E4D,R02ZF_REUSED_R02ZF_PERSON024,4,6,8,REJECTED_ANCHOR,MULTIPLE_ACTIVE_OPTICAL_HYPOTHESES,0,0,False,False
R02ZF,FULL_CONTEXT_OFFLINE,491,TERGR2H_8202DF2DF0B98A632E4D,R02ZF_REUSED_R02ZF_PERSON024,4,7,10,REJECTED_ANCHOR,MULTIPLE_ACTIVE_OPTICAL_HYPOTHESES,0,0,False,False
R02ZF,FULL_CONTEXT_OFFLINE,492,TERGR2H_8202DF2DF0B98A632E4D,R02ZF_REUSED_R02ZF_PERSON024,4,7,8,REJECTED_ANCHOR,MULTIPLE_ACTIVE_OPTICAL_HYPOTHESES,0,0,False,False
R02ZF,FULL_CONTEXT_OFFLINE,493,TERGR2H_8202DF2DF0B98A632E4D,R02ZF_REUSED_R02ZF_PERSON024,4,9,10,REJECTED_ANCHOR,MULTIPLE_ACTIVE_OPTICAL_HYPOTHESES,0,0,False,False
R03ZF,CAUSAL_REPLAY,434,TERGR2H_732731650B0CF0D92381,R03ZF_I01_T0004,1,3,3,REJECTED_ANCHOR,SAR_P0_CONTINUITY_INTERFACE_UNAVAILABLE,0,0,False,False
R03ZF,CAUSAL_REPLAY,435,TERGR2H_732731650B0CF0D92381,R03ZF_I01_T0004,1,6,6,REJECTED_ANCHOR,SAR_P0_CONTINUITY_INTERFACE_UNAVAILABLE,0,0,False,False
R03ZF,CAUSAL_REPLAY,436,TERGR2H_732731650B0CF0D92381,R03ZF_I01_T0004,1,1,1,REJECTED_ANCHOR,SAR_P0_CONTINUITY_INTERFACE_UNAVAILABLE,0,0,False,False
R03ZF,CAUSAL_REPLAY,437,TERGR2H_732731650B0CF0D92381,R03ZF_I01_T0004,1,7,7,REJECTED_ANCHOR,SAR_P0_CONTINUITY_INTERFACE_UNAVAILABLE,0,0,False,False
R03ZF,CAUSAL_REPLAY,438,TERGR2H_732731650B0CF0D92381,R03ZF_I01_T0004,1,13,13,REJECTED_ANCHOR,SAR_P0_CONTINUITY_INTERFACE_UNAVAILABLE,0,0,False,False
R03ZF,CAUSAL_REPLAY,439,TERGR2H_732731650B0CF0D92381,R03ZF_I01_T0004,1,7,7,REJECTED_ANCHOR,SAR_P0_CONTINUITY_INTERFACE_UNAVAILABLE,0,0,False,False
R03ZF,CAUSAL_REPLAY,440,TERGR2H_732731650B0CF0D92381,R03ZF_I01_T0004,1,13,13,REJECTED_ANCHOR,SAR_P0_CONTINUITY_INTERFACE_UNAVAILABLE,0,0,False,False
R03ZF,CAUSAL_REPLAY,441,TERGR2H_732731650B0CF0D92381,R03ZF_I01_T0004,1,8,8,REJECTED_ANCHOR,SAR_P0_CONTINUITY_INTERFACE_UNAVAILABLE,0,0,False,False
R03ZF,CAUSAL_REPLAY,442,TERGR2H_732731650B0CF0D92381,R03ZF_I01_T0004,1,8,8,REJECTED_ANCHOR,SAR_P0_CONTINUITY_INTERFACE_UNAVAILABLE,0,0,False,False
R03ZF,CAUSAL_REPLAY,443,TERGR2H_732731650B0CF0D92381,R03ZF_I01_T0004,1,8,8,REJECTED_ANCHOR,SAR_P0_CONTINUITY_INTERFACE_UNAVAILABLE,0,0,False,False
R03ZF,CAUSAL_REPLAY,444,TERGR2H_732731650B0CF0D92381,R03ZF_I01_T0004,1,8,8,REJECTED_ANCHOR,SAR_P0_CONTINUITY_INTERFACE_UNAVAILABLE,0,0,False,False
R03ZF,CAUSAL_REPLAY,445,TERGR2H_732731650B0CF0D92381,R03ZF_I01_T0004,1,4,4,REJECTED_ANCHOR,SAR_P0_CONTINUITY_INTERFACE_UNAVAILABLE,0,0,False,False
R03ZF,CAUSAL_REPLAY,446,TERGR2H_732731650B0CF0D92381,R03ZF_I01_T0004,1,2,2,REJECTED_ANCHOR,SAR_P0_CONTINUITY_INTERFACE_UNAVAILABLE,0,0,False,False
R03ZF,CAUSAL_REPLAY,447,TERGR2H_732731650B0CF0D92381,R03ZF_I01_T0004,1,4,4,REJECTED_ANCHOR,SAR_P0_CONTINUITY_INTERFACE_UNAVAILABLE,0,0,False,False
R03ZF,CAUSAL_REPLAY,448,TERGR2H_732731650B0CF0D92381,R03ZF_I01_T0004,1,3,3,REJECTED_ANCHOR,SAR_P0_CONTINUITY_INTERFACE_UNAVAILABLE,0,0,False,False
R03ZF,CAUSAL_REPLAY,449,TERGR2H_732731650B0CF0D92381,R03ZF_I01_T0004,1,3,3,REJECTED_ANCHOR,SAR_P0_CONTINUITY_INTERFACE_UNAVAILABLE,0,0,False,False
R03ZF,CAUSAL_REPLAY,450,TERGR2H_732731650B0CF0D92381,R03ZF_I01_T0004,1,3,3,REJECTED_ANCHOR,SAR_P0_CONTINUITY_INTERFACE_UNAVAILABLE,0,0,False,False
R03ZF,CAUSAL_REPLAY,451,TERGR2H_732731650B0CF0D92381,R03ZF_I01_T0004,1,1,1,REJECTED_ANCHOR,SAR_P0_CONTINUITY_INTERFACE_UNAVAILABLE,0,0,False,False
R03ZF,CAUSAL_REPLAY,452,TERGR2H_732731650B0CF0D92381,R03ZF_I01_T0004,1,2,2,REJECTED_ANCHOR,SAR_P0_CONTINUITY_INTERFACE_UNAVAILABLE,0,0,False,False
R03ZF,CAUSAL_REPLAY,453,TERGR2H_732731650B0CF0D92381,R03ZF_I01_T0004,1,4,4,REJECTED_ANCHOR,SAR_P0_CONTINUITY_INTERFACE_UNAVAILABLE,0,0,False,False
R03ZF,CAUSAL_REPLAY,454,TERGR2H_732731650B0CF0D92381,R03ZF_I01_T0004,1,7,7,REJECTED_ANCHOR,SAR_P0_CONTINUITY_INTERFACE_UNAVAILABLE,0,0,False,False
R03ZF,CAUSAL_REPLAY,455,TERGR2H_732731650B0CF0D92381,R03ZF_I01_T0004,1,3,3,REJECTED_ANCHOR,SAR_P0_CONTINUITY_INTERFACE_UNAVAILABLE,0,0,False,False
R03ZF,CAUSAL_REPLAY,456,TERGR2H_732731650B0CF0D92381,R03ZF_I01_T0004,1,4,4,REJECTED_ANCHOR,SAR_P0_CONTINUITY_INTERFACE_UNAVAILABLE,0,0,False,False
R03ZF,CAUSAL_REPLAY,457,TERGR2H_732731650B0CF0D92381,R03ZF_I01_T0004,1,1,1,REJECTED_ANCHOR,SAR_P0_CONTINUITY_INTERFACE_UNAVAILABLE,0,0,False,False
R03ZF,CAUSAL_REPLAY,458,TERGR2H_732731650B0CF0D92381,R03ZF_I01_T0004,1,2,2,REJECTED_ANCHOR,SAR_P0_CONTINUITY_INTERFACE_UNAVAILABLE,0,0,False,False
R03ZF,CAUSAL_REPLAY,459,TERGR2H_732731650B0CF0D92381,R03ZF_I01_T0004,1,1,1,AMBIGUOUS_ANCHOR,SINGLETON_Q95_EXPLANATION_ALSO_OCCURS_IN_NO_OPTICAL_CONTROL_TIME,35,407,False,False
R03ZF,CAUSAL_REPLAY,460,TERGR2H_732731650B0CF0D92381,R03ZF_I01_T0004,1,2,2,REJECTED_ANCHOR,NATURAL_LOW_AMBIGUITY_NOT_REACHED,0,0,False,False
R03ZF,CAUSAL_REPLAY,461,TERGR2H_732731650B0CF0D92381,R03ZF_I01_T0004,1,3,3,REJECTED_ANCHOR,NATURAL_LOW_AMBIGUITY_NOT_REACHED,0,0,False,False
R03ZF,CAUSAL_REPLAY,462,TERGR2H_732731650B0CF0D92381,R03ZF_I01_T0004,1,3,3,REJECTED_ANCHOR,NATURAL_LOW_AMBIGUITY_NOT_REACHED,0,0,False,False
R03ZF,CAUSAL_REPLAY,463,TERGR2H_732731650B0CF0D92381,R03ZF_I01_T0004,1,2,2,REJECTED_ANCHOR,NATURAL_LOW_AMBIGUITY_NOT_REACHED,0,0,False,False
R03ZF,CAUSAL_REPLAY,464,TERGR2H_732731650B0CF0D92381,R03ZF_I01_T0004,1,4,4,REJECTED_ANCHOR,NATURAL_LOW_AMBIGUITY_NOT_REACHED,0,0,False,False
R03ZF,CAUSAL_REPLAY,465,TERGR2H_732731650B0CF0D92381,R03ZF_I01_T0004,1,4,4,REJECTED_ANCHOR,NATURAL_LOW_AMBIGUITY_NOT_REACHED,0,0,False,False
R03ZF,CAUSAL_REPLAY,466,TERGR2H_732731650B0CF0D92381,R03ZF_I01_T0004,1,1,1,AMBIGUOUS_ANCHOR,SINGLETON_Q95_EXPLANATION_ALSO_OCCURS_IN_NO_OPTICAL_CONTROL_TIME,24,418,False,False
R03ZF,CAUSAL_REPLAY,467,TERGR2H_732731650B0CF0D92381,R03ZF_I01_T0004,1,5,5,REJECTED_ANCHOR,NATURAL_LOW_AMBIGUITY_NOT_REACHED,0,0,False,False
R03ZF,CAUSAL_REPLAY,468,TERGR2H_732731650B0CF0D92381,R03ZF_I01_T0004,1,4,4,REJECTED_ANCHOR,NATURAL_LOW_AMBIGUITY_NOT_REACHED,0,0,False,False
R03ZF,CAUSAL_REPLAY,469,TERGR2H_732731650B0CF0D92381,R03ZF_I01_T0004,1,3,3,REJECTED_ANCHOR,NATURAL_LOW_AMBIGUITY_NOT_REACHED,0,0,False,False
R03ZF,CAUSAL_REPLAY,470,TERGR2H_732731650B0CF0D92381,R03ZF_I01_T0004,1,1,1,AMBIGUOUS_ANCHOR,SINGLETON_Q95_EXPLANATION_ALSO_OCCURS_IN_NO_OPTICAL_CONTROL_TIME,11,424,False,False
R03ZF,CAUSAL_REPLAY,471,TERGR2H_732731650B0CF0D92381,R03ZF_I01_T0004,1,6,6,REJECTED_ANCHOR,NATURAL_LOW_AMBIGUITY_NOT_REACHED,0,0,False,False
R03ZF,CAUSAL_REPLAY,472,TERGR2H_732731650B0CF0D92381,R03ZF_I01_T0004,1,4,4,REJECTED_ANCHOR,NATURAL_LOW_AMBIGUITY_NOT_REACHED,0,0,False,False
R03ZF,CAUSAL_REPLAY,473,TERGR2H_732731650B0CF0D92381,R03ZF_I01_T0004,1,3,3,REJECTED_ANCHOR,NATURAL_LOW_AMBIGUITY_NOT_REACHED,0,0,False,False
R03ZF,CAUSAL_REPLAY,474,TERGR2H_732731650B0CF0D92381,R03ZF_I01_T0004,1,2,2,REJECTED_ANCHOR,NATURAL_LOW_AMBIGUITY_NOT_REACHED,0,0,False,False
R03ZF,CAUSAL_REPLAY,475,TERGR2H_732731650B0CF0D92381,R03ZF_I01_T0004,1,5,5,REJECTED_ANCHOR,NATURAL_LOW_AMBIGUITY_NOT_REACHED,0,0,False,False
R03ZF,CAUSAL_REPLAY,476,TERGR2H_732731650B0CF0D92381,R03ZF_I01_T0004,1,7,7,REJECTED_ANCHOR,NATURAL_LOW_AMBIGUITY_NOT_REACHED,0,0,False,False
R03ZF,CAUSAL_REPLAY,477,TERGR2H_732731650B0CF0D92381,R03ZF_I01_T0004,1,8,8,REJECTED_ANCHOR,NATURAL_LOW_AMBIGUITY_NOT_REACHED,0,0,False,False
R03ZF,CAUSAL_REPLAY,478,TERGR2H_732731650B0CF0D92381,R03ZF_I01_T0004,1,6,6,REJECTED_ANCHOR,NATURAL_LOW_AMBIGUITY_NOT_REACHED,0,0,False,False
R03ZF,CAUSAL_REPLAY,479,TERGR2H_732731650B0CF0D92381,R03ZF_I01_T0004,1,4,4,REJECTED_ANCHOR,NATURAL_LOW_AMBIGUITY_NOT_REACHED,0,0,False,False
R03ZF,CAUSAL_REPLAY,480,TERGR2H_732731650B0CF0D92381,R03ZF_I01_T0004,1,6,6,REJECTED_ANCHOR,NATURAL_LOW_AMBIGUITY_NOT_REACHED,0,0,False,False
R03ZF,CAUSAL_REPLAY,481,TERGR2H_732731650B0CF0D92381,R03ZF_I01_T0004,1,5,5,REJECTED_ANCHOR,NATURAL_LOW_AMBIGUITY_NOT_REACHED,0,0,False,False
R03ZF,CAUSAL_REPLAY,482,TERGR2H_732731650B0CF0D92381,R03ZF_I01_T0004,1,5,5,REJECTED_ANCHOR,NATURAL_LOW_AMBIGUITY_NOT_REACHED,0,0,False,False
R03ZF,CAUSAL_REPLAY,483,TERGR2H_732731650B0CF0D92381,R03ZF_I01_T0004,1,6,6,REJECTED_ANCHOR,NATURAL_LOW_AMBIGUITY_NOT_REACHED,0,0,False,False
R03ZF,CAUSAL_REPLAY,484,TERGR2H_732731650B0CF0D92381,R03ZF_I01_T0004,1,5,5,REJECTED_ANCHOR,NATURAL_LOW_AMBIGUITY_NOT_REACHED,0,0,False,False
R03ZF,CAUSAL_REPLAY,485,TERGR2H_732731650B0CF0D92381,R03ZF_I01_T0004,1,4,4,REJECTED_ANCHOR,NATURAL_LOW_AMBIGUITY_NOT_REACHED,0,0,False,False
R03ZF,CAUSAL_REPLAY,486,TERGR2H_732731650B0CF0D92381,R03ZF_I01_T0004,1,5,5,REJECTED_ANCHOR,NATURAL_LOW_AMBIGUITY_NOT_REACHED,0,0,False,False
R03ZF,CAUSAL_REPLAY,487,TERGR2H_732731650B0CF0D92381,R03ZF_I01_T0004,1,3,3,REJECTED_ANCHOR,NATURAL_LOW_AMBIGUITY_NOT_REACHED,0,0,False,False
R03ZF,CAUSAL_REPLAY,488,TERGR2H_732731650B0CF0D92381,R03ZF_I01_T0004,1,4,4,REJECTED_ANCHOR,NATURAL_LOW_AMBIGUITY_NOT_REACHED,0,0,False,False
R03ZF,CAUSAL_REPLAY,489,TERGR2H_732731650B0CF0D92381,R03ZF_I01_T0004,1,6,6,REJECTED_ANCHOR,NATURAL_LOW_AMBIGUITY_NOT_REACHED,0,0,False,False
R03ZF,CAUSAL_REPLAY,490,TERGR2H_732731650B0CF0D92381,R03ZF_I01_T0004,1,7,7,REJECTED_ANCHOR,NATURAL_LOW_AMBIGUITY_NOT_REACHED,0,0,False,False
R03ZF,CAUSAL_REPLAY,491,TERGR2H_732731650B0CF0D92381,R03ZF_I01_T0004,1,6,6,REJECTED_ANCHOR,NATURAL_LOW_AMBIGUITY_NOT_REACHED,0,0,False,False
R03ZF,CAUSAL_REPLAY,492,TERGR2H_732731650B0CF0D92381,R03ZF_I01_T0004,1,6,6,REJECTED_ANCHOR,NATURAL_LOW_AMBIGUITY_NOT_REACHED,0,0,False,False
R03ZF,CAUSAL_REPLAY,493,TERGR2H_732731650B0CF0D92381,R03ZF_I01_T0004,1,4,4,REJECTED_ANCHOR,NATURAL_LOW_AMBIGUITY_NOT_REACHED,0,0,False,False
R03ZF,FIXED_LAG_100MS,432,TERGR2H_732731650B0CF0D92381,R03ZF_I01_T0004,1,16,16,REJECTED_ANCHOR,SAR_P0_CONTINUITY_INTERFACE_UNAVAILABLE,0,0,False,False
R03ZF,FIXED_LAG_100MS,433,TERGR2H_732731650B0CF0D92381,R03ZF_I01_T0004,1,4,4,REJECTED_ANCHOR,SAR_P0_CONTINUITY_INTERFACE_UNAVAILABLE,0,0,False,False
R03ZF,FIXED_LAG_100MS,434,TERGR2H_732731650B0CF0D92381,R03ZF_I01_T0004,1,3,3,REJECTED_ANCHOR,SAR_P0_CONTINUITY_INTERFACE_UNAVAILABLE,0,0,False,False
R03ZF,FIXED_LAG_100MS,435,TERGR2H_732731650B0CF0D92381,R03ZF_I01_T0004,1,6,6,REJECTED_ANCHOR,SAR_P0_CONTINUITY_INTERFACE_UNAVAILABLE,0,0,False,False
R03ZF,FIXED_LAG_100MS,436,TERGR2H_732731650B0CF0D92381,R03ZF_I01_T0004,1,1,1,REJECTED_ANCHOR,SAR_P0_CONTINUITY_INTERFACE_UNAVAILABLE,0,0,False,False
R03ZF,FIXED_LAG_100MS,437,TERGR2H_732731650B0CF0D92381,R03ZF_I01_T0004,1,7,7,REJECTED_ANCHOR,SAR_P0_CONTINUITY_INTERFACE_UNAVAILABLE,0,0,False,False
R03ZF,FIXED_LAG_100MS,438,TERGR2H_732731650B0CF0D92381,R03ZF_I01_T0004,1,15,15,REJECTED_ANCHOR,SAR_P0_CONTINUITY_INTERFACE_UNAVAILABLE,0,0,False,False
R03ZF,FIXED_LAG_100MS,439,TERGR2H_732731650B0CF0D92381,R03ZF_I01_T0004,1,8,8,REJECTED_ANCHOR,SAR_P0_CONTINUITY_INTERFACE_UNAVAILABLE,0,0,False,False
R03ZF,FIXED_LAG_100MS,440,TERGR2H_732731650B0CF0D92381,R03ZF_I01_T0004,1,13,13,REJECTED_ANCHOR,SAR_P0_CONTINUITY_INTERFACE_UNAVAILABLE,0,0,False,False
R03ZF,FIXED_LAG_100MS,441,TERGR2H_732731650B0CF0D92381,R03ZF_I01_T0004,1,8,8,REJECTED_ANCHOR,SAR_P0_CONTINUITY_INTERFACE_UNAVAILABLE,0,0,False,False
R03ZF,FIXED_LAG_100MS,442,TERGR2H_732731650B0CF0D92381,R03ZF_I01_T0004,1,8,8,REJECTED_ANCHOR,SAR_P0_CONTINUITY_INTERFACE_UNAVAILABLE,0,0,False,False
R03ZF,FIXED_LAG_100MS,443,TERGR2H_732731650B0CF0D92381,R03ZF_I01_T0004,1,8,8,REJECTED_ANCHOR,SAR_P0_CONTINUITY_INTERFACE_UNAVAILABLE,0,0,False,False
R03ZF,FIXED_LAG_100MS,444,TERGR2H_732731650B0CF0D92381,R03ZF_I01_T0004,1,8,8,REJECTED_ANCHOR,SAR_P0_CONTINUITY_INTERFACE_UNAVAILABLE,0,0,False,False
R03ZF,FIXED_LAG_100MS,445,TERGR2H_732731650B0CF0D92381,R03ZF_I01_T0004,1,4,4,REJECTED_ANCHOR,SAR_P0_CONTINUITY_INTERFACE_UNAVAILABLE,0,0,False,False
R03ZF,FIXED_LAG_100MS,446,TERGR2H_732731650B0CF0D92381,R03ZF_I01_T0004,1,2,2,REJECTED_ANCHOR,SAR_P0_CONTINUITY_INTERFACE_UNAVAILABLE,0,0,False,False
R03ZF,FIXED_LAG_100MS,447,TERGR2H_732731650B0CF0D92381,R03ZF_I01_T0004,1,4,4,REJECTED_ANCHOR,SAR_P0_CONTINUITY_INTERFACE_UNAVAILABLE,0,0,False,False
R03ZF,FIXED_LAG_100MS,448,TERGR2H_732731650B0CF0D92381,R03ZF_I01_T0004,1,3,3,REJECTED_ANCHOR,SAR_P0_CONTINUITY_INTERFACE_UNAVAILABLE,0,0,False,False
R03ZF,FIXED_LAG_100MS,449,TERGR2H_732731650B0CF0D92381,R03ZF_I01_T0004,1,3,3,REJECTED_ANCHOR,SAR_P0_CONTINUITY_INTERFACE_UNAVAILABLE,0,0,False,False
R03ZF,FIXED_LAG_100MS,450,TERGR2H_732731650B0CF0D92381,R03ZF_I01_T0004,1,3,3,REJECTED_ANCHOR,SAR_P0_CONTINUITY_INTERFACE_UNAVAILABLE,0,0,False,False
R03ZF,FIXED_LAG_100MS,451,TERGR2H_732731650B0CF0D92381,R03ZF_I01_T0004,1,1,1,REJECTED_ANCHOR,SAR_P0_CONTINUITY_INTERFACE_UNAVAILABLE,0,0,False,False
R03ZF,FIXED_LAG_100MS,452,TERGR2H_732731650B0CF0D92381,R03ZF_I01_T0004,1,2,2,REJECTED_ANCHOR,SAR_P0_CONTINUITY_INTERFACE_UNAVAILABLE,0,0,False,False
R03ZF,FIXED_LAG_100MS,453,TERGR2H_732731650B0CF0D92381,R03ZF_I01_T0004,1,4,4,REJECTED_ANCHOR,SAR_P0_CONTINUITY_INTERFACE_UNAVAILABLE,0,0,False,False
R03ZF,FIXED_LAG_100MS,454,TERGR2H_732731650B0CF0D92381,R03ZF_I01_T0004,1,7,7,REJECTED_ANCHOR,SAR_P0_CONTINUITY_INTERFACE_UNAVAILABLE,0,0,False,False
R03ZF,FIXED_LAG_100MS,455,TERGR2H_732731650B0CF0D92381,R03ZF_I01_T0004,1,3,3,REJECTED_ANCHOR,SAR_P0_CONTINUITY_INTERFACE_UNAVAILABLE,0,0,False,False
R03ZF,FIXED_LAG_100MS,456,TERGR2H_732731650B0CF0D92381,R03ZF_I01_T0004,1,5,5,REJECTED_ANCHOR,SAR_P0_CONTINUITY_INTERFACE_UNAVAILABLE,0,0,False,False
R03ZF,FIXED_LAG_100MS,457,TERGR2H_732731650B0CF0D92381,R03ZF_I01_T0004,1,2,2,REJECTED_ANCHOR,SAR_P0_CONTINUITY_INTERFACE_UNAVAILABLE,0,0,False,False
R03ZF,FIXED_LAG_100MS,458,TERGR2H_732731650B0CF0D92381,R03ZF_I01_T0004,1,2,2,REJECTED_ANCHOR,SAR_P0_CONTINUITY_INTERFACE_UNAVAILABLE,0,0,False,False
R03ZF,FIXED_LAG_100MS,459,TERGR2H_732731650B0CF0D92381,R03ZF_I01_T0004,1,2,2,REJECTED_ANCHOR,NATURAL_LOW_AMBIGUITY_NOT_REACHED,0,0,False,False
R03ZF,FIXED_LAG_100MS,460,TERGR2H_732731650B0CF0D92381,R03ZF_I01_T0004,1,2,2,REJECTED_ANCHOR,NATURAL_LOW_AMBIGUITY_NOT_REACHED,0,0,False,False
R03ZF,FIXED_LAG_100MS,461,TERGR2H_732731650B0CF0D92381,R03ZF_I01_T0004,1,3,3,REJECTED_ANCHOR,NATURAL_LOW_AMBIGUITY_NOT_REACHED,0,0,False,False
R03ZF,FIXED_LAG_100MS,462,TERGR2H_732731650B0CF0D92381,R03ZF_I01_T0004,1,3,3,REJECTED_ANCHOR,NATURAL_LOW_AMBIGUITY_NOT_REACHED,0,0,False,False
R03ZF,FIXED_LAG_100MS,463,TERGR2H_732731650B0CF0D92381,R03ZF_I01_T0004,1,3,3,REJECTED_ANCHOR,NATURAL_LOW_AMBIGUITY_NOT_REACHED,0,0,False,False
R03ZF,FIXED_LAG_100MS,464,TERGR2H_732731650B0CF0D92381,R03ZF_I01_T0004,1,4,4,REJECTED_ANCHOR,NATURAL_LOW_AMBIGUITY_NOT_REACHED,0,0,False,False
R03ZF,FIXED_LAG_100MS,465,TERGR2H_732731650B0CF0D92381,R03ZF_I01_T0004,1,4,4,REJECTED_ANCHOR,NATURAL_LOW_AMBIGUITY_NOT_REACHED,0,0,False,False
R03ZF,FIXED_LAG_100MS,466,TERGR2H_732731650B0CF0D92381,R03ZF_I01_T0004,1,1,1,AMBIGUOUS_ANCHOR,SINGLETON_Q95_EXPLANATION_ALSO_OCCURS_IN_NO_OPTICAL_CONTROL_TIME,17,421,False,False
R03ZF,FIXED_LAG_100MS,467,TERGR2H_732731650B0CF0D92381,R03ZF_I01_T0004,1,6,6,REJECTED_ANCHOR,NATURAL_LOW_AMBIGUITY_NOT_REACHED,0,0,False,False
R03ZF,FIXED_LAG_100MS,468,TERGR2H_732731650B0CF0D92381,R03ZF_I01_T0004,1,4,4,REJECTED_ANCHOR,NATURAL_LOW_AMBIGUITY_NOT_REACHED,0,0,False,False
R03ZF,FIXED_LAG_100MS,469,TERGR2H_732731650B0CF0D92381,R03ZF_I01_T0004,1,3,3,REJECTED_ANCHOR,NATURAL_LOW_AMBIGUITY_NOT_REACHED,0,0,False,False
R03ZF,FIXED_LAG_100MS,470,TERGR2H_732731650B0CF0D92381,R03ZF_I01_T0004,1,1,1,AMBIGUOUS_ANCHOR,SINGLETON_Q95_EXPLANATION_ALSO_OCCURS_IN_NO_OPTICAL_CONTROL_TIME,7,422,False,False
R03ZF,FIXED_LAG_100MS,471,TERGR2H_732731650B0CF0D92381,R03ZF_I01_T0004,1,6,6,REJECTED_ANCHOR,NATURAL_LOW_AMBIGUITY_NOT_REACHED,0,0,False,False
R03ZF,FIXED_LAG_100MS,472,TERGR2H_732731650B0CF0D92381,R03ZF_I01_T0004,1,4,4,REJECTED_ANCHOR,NATURAL_LOW_AMBIGUITY_NOT_REACHED,0,0,False,False
R03ZF,FIXED_LAG_100MS,473,TERGR2H_732731650B0CF0D92381,R03ZF_I01_T0004,1,4,4,REJECTED_ANCHOR,NATURAL_LOW_AMBIGUITY_NOT_REACHED,0,0,False,False
R03ZF,FIXED_LAG_100MS,474,TERGR2H_732731650B0CF0D92381,R03ZF_I01_T0004,1,2,2,REJECTED_ANCHOR,NATURAL_LOW_AMBIGUITY_NOT_REACHED,0,0,False,False
R03ZF,FIXED_LAG_100MS,475,TERGR2H_732731650B0CF0D92381,R03ZF_I01_T0004,1,5,5,REJECTED_ANCHOR,NATURAL_LOW_AMBIGUITY_NOT_REACHED,0,0,False,False
R03ZF,FIXED_LAG_100MS,476,TERGR2H_732731650B0CF0D92381,R03ZF_I01_T0004,1,8,8,REJECTED_ANCHOR,NATURAL_LOW_AMBIGUITY_NOT_REACHED,0,0,False,False
R03ZF,FIXED_LAG_100MS,477,TERGR2H_732731650B0CF0D92381,R03ZF_I01_T0004,1,8,8,REJECTED_ANCHOR,NATURAL_LOW_AMBIGUITY_NOT_REACHED,0,0,False,False
R03ZF,FIXED_LAG_100MS,478,TERGR2H_732731650B0CF0D92381,R03ZF_I01_T0004,1,6,6,REJECTED_ANCHOR,NATURAL_LOW_AMBIGUITY_NOT_REACHED,0,0,False,False
R03ZF,FIXED_LAG_100MS,479,TERGR2H_732731650B0CF0D92381,R03ZF_I01_T0004,1,4,4,REJECTED_ANCHOR,NATURAL_LOW_AMBIGUITY_NOT_REACHED,0,0,False,False
R03ZF,FIXED_LAG_100MS,480,TERGR2H_732731650B0CF0D92381,R03ZF_I01_T0004,1,7,7,REJECTED_ANCHOR,NATURAL_LOW_AMBIGUITY_NOT_REACHED,0,0,False,False
R03ZF,FIXED_LAG_100MS,481,TERGR2H_732731650B0CF0D92381,R03ZF_I01_T0004,1,5,5,REJECTED_ANCHOR,NATURAL_LOW_AMBIGUITY_NOT_REACHED,0,0,False,False
R03ZF,FIXED_LAG_100MS,482,TERGR2H_732731650B0CF0D92381,R03ZF_I01_T0004,1,5,5,REJECTED_ANCHOR,NATURAL_LOW_AMBIGUITY_NOT_REACHED,0,0,False,False
R03ZF,FIXED_LAG_100MS,483,TERGR2H_732731650B0CF0D92381,R03ZF_I01_T0004,1,6,6,REJECTED_ANCHOR,NATURAL_LOW_AMBIGUITY_NOT_REACHED,0,0,False,False
R03ZF,FIXED_LAG_100MS,484,TERGR2H_732731650B0CF0D92381,R03ZF_I01_T0004,1,5,5,REJECTED_ANCHOR,NATURAL_LOW_AMBIGUITY_NOT_REACHED,0,0,False,False
R03ZF,FIXED_LAG_100MS,485,TERGR2H_732731650B0CF0D92381,R03ZF_I01_T0004,1,5,5,REJECTED_ANCHOR,NATURAL_LOW_AMBIGUITY_NOT_REACHED,0,0,False,False
R03ZF,FIXED_LAG_100MS,486,TERGR2H_732731650B0CF0D92381,R03ZF_I01_T0004,1,5,5,REJECTED_ANCHOR,NATURAL_LOW_AMBIGUITY_NOT_REACHED,0,0,False,False
R03ZF,FIXED_LAG_100MS,487,TERGR2H_732731650B0CF0D92381,R03ZF_I01_T0004,1,3,3,REJECTED_ANCHOR,NATURAL_LOW_AMBIGUITY_NOT_REACHED,0,0,False,False
R03ZF,FIXED_LAG_100MS,488,TERGR2H_732731650B0CF0D92381,R03ZF_I01_T0004,1,4,4,REJECTED_ANCHOR,NATURAL_LOW_AMBIGUITY_NOT_REACHED,0,0,False,False
R03ZF,FIXED_LAG_100MS,489,TERGR2H_732731650B0CF0D92381,R03ZF_I01_T0004,1,6,6,REJECTED_ANCHOR,NATURAL_LOW_AMBIGUITY_NOT_REACHED,0,0,False,False
R03ZF,FIXED_LAG_100MS,490,TERGR2H_732731650B0CF0D92381,R03ZF_I01_T0004,1,7,7,REJECTED_ANCHOR,NATURAL_LOW_AMBIGUITY_NOT_REACHED,0,0,False,False
R03ZF,FIXED_LAG_100MS,491,TERGR2H_732731650B0CF0D92381,R03ZF_I01_T0004,1,6,6,REJECTED_ANCHOR,NATURAL_LOW_AMBIGUITY_NOT_REACHED,0,0,False,False
R03ZF,FIXED_LAG_100MS,492,TERGR2H_732731650B0CF0D92381,R03ZF_I01_T0004,1,6,6,REJECTED_ANCHOR,NATURAL_LOW_AMBIGUITY_NOT_REACHED,0,0,False,False
R03ZF,FIXED_LAG_100MS,493,TERGR2H_732731650B0CF0D92381,R03ZF_I01_T0004,1,4,4,REJECTED_ANCHOR,NATURAL_LOW_AMBIGUITY_NOT_REACHED,0,0,False,False
R03ZF,FULL_CONTEXT_OFFLINE,432,TERGR2H_732731650B0CF0D92381,R03ZF_I01_T0004,1,19,19,REJECTED_ANCHOR,SAR_P0_CONTINUITY_INTERFACE_UNAVAILABLE,0,0,False,False
R03ZF,FULL_CONTEXT_OFFLINE,433,TERGR2H_732731650B0CF0D92381,R03ZF_I01_T0004,1,5,5,REJECTED_ANCHOR,SAR_P0_CONTINUITY_INTERFACE_UNAVAILABLE,0,0,False,False
R03ZF,FULL_CONTEXT_OFFLINE,434,TERGR2H_732731650B0CF0D92381,R03ZF_I01_T0004,1,3,3,REJECTED_ANCHOR,SAR_P0_CONTINUITY_INTERFACE_UNAVAILABLE,0,0,False,False
R03ZF,FULL_CONTEXT_OFFLINE,435,TERGR2H_732731650B0CF0D92381,R03ZF_I01_T0004,1,6,6,REJECTED_ANCHOR,SAR_P0_CONTINUITY_INTERFACE_UNAVAILABLE,0,0,False,False
R03ZF,FULL_CONTEXT_OFFLINE,436,TERGR2H_732731650B0CF0D92381,R03ZF_I01_T0004,1,1,1,REJECTED_ANCHOR,SAR_P0_CONTINUITY_INTERFACE_UNAVAILABLE,0,0,False,False
R03ZF,FULL_CONTEXT_OFFLINE,437,TERGR2H_732731650B0CF0D92381,R03ZF_I01_T0004,1,7,7,REJECTED_ANCHOR,SAR_P0_CONTINUITY_INTERFACE_UNAVAILABLE,0,0,False,False
R03ZF,FULL_CONTEXT_OFFLINE,438,TERGR2H_732731650B0CF0D92381,R03ZF_I01_T0004,1,16,16,REJECTED_ANCHOR,SAR_P0_CONTINUITY_INTERFACE_UNAVAILABLE,0,0,False,False
R03ZF,FULL_CONTEXT_OFFLINE,439,TERGR2H_732731650B0CF0D92381,R03ZF_I01_T0004,1,8,8,REJECTED_ANCHOR,SAR_P0_CONTINUITY_INTERFACE_UNAVAILABLE,0,0,False,False
R03ZF,FULL_CONTEXT_OFFLINE,440,TERGR2H_732731650B0CF0D92381,R03ZF_I01_T0004,1,14,14,REJECTED_ANCHOR,SAR_P0_CONTINUITY_INTERFACE_UNAVAILABLE,0,0,False,False
R03ZF,FULL_CONTEXT_OFFLINE,441,TERGR2H_732731650B0CF0D92381,R03ZF_I01_T0004,1,8,8,REJECTED_ANCHOR,SAR_P0_CONTINUITY_INTERFACE_UNAVAILABLE,0,0,False,False
R03ZF,FULL_CONTEXT_OFFLINE,442,TERGR2H_732731650B0CF0D92381,R03ZF_I01_T0004,1,8,8,REJECTED_ANCHOR,SAR_P0_CONTINUITY_INTERFACE_UNAVAILABLE,0,0,False,False
R03ZF,FULL_CONTEXT_OFFLINE,443,TERGR2H_732731650B0CF0D92381,R03ZF_I01_T0004,1,8,8,REJECTED_ANCHOR,SAR_P0_CONTINUITY_INTERFACE_UNAVAILABLE,0,0,False,False
R03ZF,FULL_CONTEXT_OFFLINE,444,TERGR2H_732731650B0CF0D92381,R03ZF_I01_T0004,1,8,8,REJECTED_ANCHOR,SAR_P0_CONTINUITY_INTERFACE_UNAVAILABLE,0,0,False,False
R03ZF,FULL_CONTEXT_OFFLINE,445,TERGR2H_732731650B0CF0D92381,R03ZF_I01_T0004,1,4,4,REJECTED_ANCHOR,SAR_P0_CONTINUITY_INTERFACE_UNAVAILABLE,0,0,False,False
R03ZF,FULL_CONTEXT_OFFLINE,446,TERGR2H_732731650B0CF0D92381,R03ZF_I01_T0004,1,2,2,REJECTED_ANCHOR,SAR_P0_CONTINUITY_INTERFACE_UNAVAILABLE,0,0,False,False
R03ZF,FULL_CONTEXT_OFFLINE,447,TERGR2H_732731650B0CF0D92381,R03ZF_I01_T0004,1,4,4,REJECTED_ANCHOR,SAR_P0_CONTINUITY_INTERFACE_UNAVAILABLE,0,0,False,False
R03ZF,FULL_CONTEXT_OFFLINE,448,TERGR2H_732731650B0CF0D92381,R03ZF_I01_T0004,1,3,3,REJECTED_ANCHOR,SAR_P0_CONTINUITY_INTERFACE_UNAVAILABLE,0,0,False,False
R03ZF,FULL_CONTEXT_OFFLINE,449,TERGR2H_732731650B0CF0D92381,R03ZF_I01_T0004,1,3,3,REJECTED_ANCHOR,SAR_P0_CONTINUITY_INTERFACE_UNAVAILABLE,0,0,False,False
R03ZF,FULL_CONTEXT_OFFLINE,450,TERGR2H_732731650B0CF0D92381,R03ZF_I01_T0004,1,3,3,REJECTED_ANCHOR,SAR_P0_CONTINUITY_INTERFACE_UNAVAILABLE,0,0,False,False
R03ZF,FULL_CONTEXT_OFFLINE,451,TERGR2H_732731650B0CF0D92381,R03ZF_I01_T0004,1,1,1,REJECTED_ANCHOR,SAR_P0_CONTINUITY_INTERFACE_UNAVAILABLE,0,0,False,False
R03ZF,FULL_CONTEXT_OFFLINE,452,TERGR2H_732731650B0CF0D92381,R03ZF_I01_T0004,1,2,2,REJECTED_ANCHOR,SAR_P0_CONTINUITY_INTERFACE_UNAVAILABLE,0,0,False,False
R03ZF,FULL_CONTEXT_OFFLINE,453,TERGR2H_732731650B0CF0D92381,R03ZF_I01_T0004,1,4,4,REJECTED_ANCHOR,SAR_P0_CONTINUITY_INTERFACE_UNAVAILABLE,0,0,False,False
R03ZF,FULL_CONTEXT_OFFLINE,454,TERGR2H_732731650B0CF0D92381,R03ZF_I01_T0004,1,7,7,REJECTED_ANCHOR,SAR_P0_CONTINUITY_INTERFACE_UNAVAILABLE,0,0,False,False
R03ZF,FULL_CONTEXT_OFFLINE,455,TERGR2H_732731650B0CF0D92381,R03ZF_I01_T0004,1,3,3,REJECTED_ANCHOR,SAR_P0_CONTINUITY_INTERFACE_UNAVAILABLE,0,0,False,False
R03ZF,FULL_CONTEXT_OFFLINE,456,TERGR2H_732731650B0CF0D92381,R03ZF_I01_T0004,1,6,6,REJECTED_ANCHOR,SAR_P0_CONTINUITY_INTERFACE_UNAVAILABLE,0,0,False,False
R03ZF,FULL_CONTEXT_OFFLINE,457,TERGR2H_732731650B0CF0D92381,R03ZF_I01_T0004,1,2,2,REJECTED_ANCHOR,SAR_P0_CONTINUITY_INTERFACE_UNAVAILABLE,0,0,False,False
R03ZF,FULL_CONTEXT_OFFLINE,458,TERGR2H_732731650B0CF0D92381,R03ZF_I01_T0004,1,3,3,REJECTED_ANCHOR,SAR_P0_CONTINUITY_INTERFACE_UNAVAILABLE,0,0,False,False
R03ZF,FULL_CONTEXT_OFFLINE,459,TERGR2H_732731650B0CF0D92381,R03ZF_I01_T0004,1,2,2,REJECTED_ANCHOR,NATURAL_LOW_AMBIGUITY_NOT_REACHED,0,0,False,False
R03ZF,FULL_CONTEXT_OFFLINE,460,TERGR2H_732731650B0CF0D92381,R03ZF_I01_T0004,1,2,2,REJECTED_ANCHOR,NATURAL_LOW_AMBIGUITY_NOT_REACHED,0,0,False,False
R03ZF,FULL_CONTEXT_OFFLINE,461,TERGR2H_732731650B0CF0D92381,R03ZF_I01_T0004,1,3,3,REJECTED_ANCHOR,NATURAL_LOW_AMBIGUITY_NOT_REACHED,0,0,False,False
R03ZF,FULL_CONTEXT_OFFLINE,462,TERGR2H_732731650B0CF0D92381,R03ZF_I01_T0004,1,3,3,REJECTED_ANCHOR,NATURAL_LOW_AMBIGUITY_NOT_REACHED,0,0,False,False
R03ZF,FULL_CONTEXT_OFFLINE,463,TERGR2H_732731650B0CF0D92381,R03ZF_I01_T0004,1,3,3,REJECTED_ANCHOR,NATURAL_LOW_AMBIGUITY_NOT_REACHED,0,0,False,False
R03ZF,FULL_CONTEXT_OFFLINE,464,TERGR2H_732731650B0CF0D92381,R03ZF_I01_T0004,1,6,6,REJECTED_ANCHOR,NATURAL_LOW_AMBIGUITY_NOT_REACHED,0,0,False,False
R03ZF,FULL_CONTEXT_OFFLINE,465,TERGR2H_732731650B0CF0D92381,R03ZF_I01_T0004,1,6,6,REJECTED_ANCHOR,NATURAL_LOW_AMBIGUITY_NOT_REACHED,0,0,False,False
R03ZF,FULL_CONTEXT_OFFLINE,466,TERGR2H_732731650B0CF0D92381,R03ZF_I01_T0004,1,2,2,REJECTED_ANCHOR,NATURAL_LOW_AMBIGUITY_NOT_REACHED,0,0,False,False
R03ZF,FULL_CONTEXT_OFFLINE,467,TERGR2H_732731650B0CF0D92381,R03ZF_I01_T0004,1,6,6,REJECTED_ANCHOR,NATURAL_LOW_AMBIGUITY_NOT_REACHED,0,0,False,False
R03ZF,FULL_CONTEXT_OFFLINE,468,TERGR2H_732731650B0CF0D92381,R03ZF_I01_T0004,1,5,5,REJECTED_ANCHOR,NATURAL_LOW_AMBIGUITY_NOT_REACHED,0,0,False,False
R03ZF,FULL_CONTEXT_OFFLINE,469,TERGR2H_732731650B0CF0D92381,R03ZF_I01_T0004,1,4,4,REJECTED_ANCHOR,NATURAL_LOW_AMBIGUITY_NOT_REACHED,0,0,False,False
R03ZF,FULL_CONTEXT_OFFLINE,470,TERGR2H_732731650B0CF0D92381,R03ZF_I01_T0004,1,2,2,REJECTED_ANCHOR,NATURAL_LOW_AMBIGUITY_NOT_REACHED,0,0,False,False
R03ZF,FULL_CONTEXT_OFFLINE,471,TERGR2H_732731650B0CF0D92381,R03ZF_I01_T0004,1,6,6,REJECTED_ANCHOR,NATURAL_LOW_AMBIGUITY_NOT_REACHED,0,0,False,False
R03ZF,FULL_CONTEXT_OFFLINE,472,TERGR2H_732731650B0CF0D92381,R03ZF_I01_T0004,1,4,4,REJECTED_ANCHOR,NATURAL_LOW_AMBIGUITY_NOT_REACHED,0,0,False,False
R03ZF,FULL_CONTEXT_OFFLINE,473,TERGR2H_732731650B0CF0D92381,R03ZF_I01_T0004,1,4,4,REJECTED_ANCHOR,NATURAL_LOW_AMBIGUITY_NOT_REACHED,0,0,False,False
R03ZF,FULL_CONTEXT_OFFLINE,474,TERGR2H_732731650B0CF0D92381,R03ZF_I01_T0004,1,3,3,REJECTED_ANCHOR,NATURAL_LOW_AMBIGUITY_NOT_REACHED,0,0,False,False
R03ZF,FULL_CONTEXT_OFFLINE,475,TERGR2H_732731650B0CF0D92381,R03ZF_I01_T0004,1,6,6,REJECTED_ANCHOR,NATURAL_LOW_AMBIGUITY_NOT_REACHED,0,0,False,False
R03ZF,FULL_CONTEXT_OFFLINE,476,TERGR2H_732731650B0CF0D92381,R03ZF_I01_T0004,1,8,8,REJECTED_ANCHOR,NATURAL_LOW_AMBIGUITY_NOT_REACHED,0,0,False,False
R03ZF,FULL_CONTEXT_OFFLINE,477,TERGR2H_732731650B0CF0D92381,R03ZF_I01_T0004,1,8,8,REJECTED_ANCHOR,NATURAL_LOW_AMBIGUITY_NOT_REACHED,0,0,False,False
R03ZF,FULL_CONTEXT_OFFLINE,478,TERGR2H_732731650B0CF0D92381,R03ZF_I01_T0004,1,6,6,REJECTED_ANCHOR,NATURAL_LOW_AMBIGUITY_NOT_REACHED,0,0,False,False
R03ZF,FULL_CONTEXT_OFFLINE,479,TERGR2H_732731650B0CF0D92381,R03ZF_I01_T0004,1,4,4,REJECTED_ANCHOR,NATURAL_LOW_AMBIGUITY_NOT_REACHED,0,0,False,False
R03ZF,FULL_CONTEXT_OFFLINE,480,TERGR2H_732731650B0CF0D92381,R03ZF_I01_T0004,1,7,7,REJECTED_ANCHOR,NATURAL_LOW_AMBIGUITY_NOT_REACHED,0,0,False,False
R03ZF,FULL_CONTEXT_OFFLINE,481,TERGR2H_732731650B0CF0D92381,R03ZF_I01_T0004,1,5,5,REJECTED_ANCHOR,NATURAL_LOW_AMBIGUITY_NOT_REACHED,0,0,False,False
R03ZF,FULL_CONTEXT_OFFLINE,482,TERGR2H_732731650B0CF0D92381,R03ZF_I01_T0004,1,5,5,REJECTED_ANCHOR,NATURAL_LOW_AMBIGUITY_NOT_REACHED,0,0,False,False
R03ZF,FULL_CONTEXT_OFFLINE,483,TERGR2H_732731650B0CF0D92381,R03ZF_I01_T0004,1,7,7,REJECTED_ANCHOR,NATURAL_LOW_AMBIGUITY_NOT_REACHED,0,0,False,False
R03ZF,FULL_CONTEXT_OFFLINE,484,TERGR2H_732731650B0CF0D92381,R03ZF_I01_T0004,1,5,5,REJECTED_ANCHOR,NATURAL_LOW_AMBIGUITY_NOT_REACHED,0,0,False,False
R03ZF,FULL_CONTEXT_OFFLINE,485,TERGR2H_732731650B0CF0D92381,R03ZF_I01_T0004,1,5,5,REJECTED_ANCHOR,NATURAL_LOW_AMBIGUITY_NOT_REACHED,0,0,False,False
R03ZF,FULL_CONTEXT_OFFLINE,486,TERGR2H_732731650B0CF0D92381,R03ZF_I01_T0004,1,5,5,REJECTED_ANCHOR,NATURAL_LOW_AMBIGUITY_NOT_REACHED,0,0,False,False
R03ZF,FULL_CONTEXT_OFFLINE,487,TERGR2H_732731650B0CF0D92381,R03ZF_I01_T0004,1,3,3,REJECTED_ANCHOR,NATURAL_LOW_AMBIGUITY_NOT_REACHED,0,0,False,False
R03ZF,FULL_CONTEXT_OFFLINE,488,TERGR2H_732731650B0CF0D92381,R03ZF_I01_T0004,1,4,4,REJECTED_ANCHOR,NATURAL_LOW_AMBIGUITY_NOT_REACHED,0,0,False,False
R03ZF,FULL_CONTEXT_OFFLINE,489,TERGR2H_732731650B0CF0D92381,R03ZF_I01_T0004,1,6,6,REJECTED_ANCHOR,NATURAL_LOW_AMBIGUITY_NOT_REACHED,0,0,False,False
R03ZF,FULL_CONTEXT_OFFLINE,490,TERGR2H_732731650B0CF0D92381,R03ZF_I01_T0004,1,7,7,REJECTED_ANCHOR,NATURAL_LOW_AMBIGUITY_NOT_REACHED,0,0,False,False
R03ZF,FULL_CONTEXT_OFFLINE,491,TERGR2H_732731650B0CF0D92381,R03ZF_I01_T0004,1,6,6,REJECTED_ANCHOR,NATURAL_LOW_AMBIGUITY_NOT_REACHED,0,0,False,False
R03ZF,FULL_CONTEXT_OFFLINE,492,TERGR2H_732731650B0CF0D92381,R03ZF_I01_T0004,1,6,6,REJECTED_ANCHOR,NATURAL_LOW_AMBIGUITY_NOT_REACHED,0,0,False,False
R03ZF,FULL_CONTEXT_OFFLINE,493,TERGR2H_732731650B0CF0D92381,R03ZF_I01_T0004,1,4,4,REJECTED_ANCHOR,NATURAL_LOW_AMBIGUITY_NOT_REACHED,0,0,False,False
