run_id,timing_condition,pair_index,from_frame_uid,to_frame_uid,from_frame,to_frame,base_edge_id,source_region_id,destination_region_id,source_theta_min_deg,source_theta_max_deg,destination_theta_min_deg,destination_theta_max_deg,source_touches_boundary,destination_touches_boundary,source_truncated,destination_truncated,reference_used,identity_assignment_performed,hypothesis_pruned,hypothesis_id,source_track_id,destination_track_id,static_feasible,angular_availability_state,source_optical_frame_index,destination_optical_frame_index,source_optical_timestamp_ms,destination_optical_timestamp_ms,optical_delta_interval_low_deg,optical_delta_interval_high_deg,optical_direction_state,L1_deg,U1_deg,L2_deg,U2_deg,source_fragment_observation_count,destination_fragment_observation_count,width1_deg,width2_deg,c1_deg,c2_deg,h1_deg,h2_deg,delta_c_deg,all_pairs_low_recomputed_deg,all_pairs_high_recomputed_deg,all_pairs_low_center_halfwidth_deg,all_pairs_high_center_halfwidth_deg,eta,eta_gt_1_old_observability_condition,eta_gt_0_5_diagnostic_only,frozen_all_pairs_direction_state_recomputed,d_left_deg,d_right_deg,d_mid_deg,d_width_deg,corresponding_boundary_state,midpoint_descriptor_state,width_deformation_state,optical_frame_separation,optical_time_separation_ms,frame_separation_stratum,time_separation_stratum,pair_mean_spatial_support_width_deg,abs_midpoint_movement_deg,boundary_asymmetry_abs_deg,relative_width_change_abs,optical_interval_width_stratum,bank_row_multiplicity,record_semantics
R02ZF,NOMINAL,0,R02ZF_SARF000472,R02ZF_SARF000473,472,473,R02ZF_SARF000472__R02ZF_SARF000472__Q095__R0006__TO__R02ZF_SARF000473__Q095__R0007,R02ZF_SARF000472__Q095__R0006,R02ZF_SARF000473__Q095__R0007,-36.04598236083984,-23.38577651977539,-27.497255325317383,-22.77695083618164,False,False,False,False,False,False,False,H_D4C26614CE88858690A9,R02ZF_REUSED_R02ZF_PERSON017,R02ZF_REUSED_R02ZF_PERSON017,True,ANGULAR_DYNAMIC_AVAILABLE,283.0,284.0,15722.0,15778.0,-1.7877064781169452,3.589323409716308,OPTICAL_DIRECTION_INDETERMINATE,-34.81405658340101,-32.11811402370477,-33.905820501821715,-31.224733173684704,26.0,26.0,2.695942559696242,2.6810873281370107,-33.46608530355289,-32.56527683775321,1.347971279848121,1.3405436640685053,0.9008084657996775,-1.7877064781169452,3.5893234097163074,-1.7877064781169487,3.589323409716304,0.33505800956693976,False,False,OPTICAL_DIRECTION_INDETERMINATE,0.9082360815792967,0.8933808500200655,0.9008084657996811,-0.014855231559231186,COHERENT_POSITIVE_SHIFT,MIDPOINT_POSITIVE,SUPPORT_WIDTH_CONTRACTION,1,56,FRAME_GAP_1,TIME_GAP_LE_60MS,2.6885149439166263,0.9008084657996811,0.014855231559231186,0.005525441319507824,WIDTH_Q4,56,DEDUPLICATED_RUNTIME_LEGAL_OPTICAL_DYNAMIC_PAIR_SIGNATURE
R02ZF,NOMINAL,0,R02ZF_SARF000472,R02ZF_SARF000473,472,473,R02ZF_SARF000472__R02ZF_SARF000472__Q095__R0006__TO__R02ZF_SARF000473__Q095__R0007,R02ZF_SARF000472__Q095__R0006,R02ZF_SARF000473__Q095__R0007,-36.04598236083984,-23.38577651977539,-27.497255325317383,-22.77695083618164,False,False,False,False,False,False,False,H_24BEC56B1757E171149F,R02ZF_REUSED_R02ZF_PERSON018,R02ZF_REUSED_R02ZF_PERSON018,True,ANGULAR_DYNAMIC_AVAILABLE,283.0,284.0,15722.0,15778.0,-1.8311605734407088,3.622935049508907,OPTICAL_DIRECTION_INDETERMINATE,-31.25874030197656,-28.59199879017525,-30.42315936361596,-27.63580525246765,26.0,26.0,2.666741511801309,2.787354111148307,-29.925369546075906,-29.029482308041807,1.3333707559006545,1.3936770555741536,0.8958872380340992,-1.8311605734407088,3.622935049508907,-1.8311605734407088,3.622935049508907,0.32851907996053675,False,False,OPTICAL_DIRECTION_INDETERMINATE,0.8355809383606001,0.9561935377075983,0.8958872380340974,0.1206125993469982,COHERENT_POSITIVE_SHIFT,MIDPOINT_POSITIVE,SUPPORT_WIDTH_EXPANSION,1,56,FRAME_GAP_1,TIME_GAP_LE_60MS,2.727047811474808,0.8958872380340974,0.1206125993469982,0.04422826722710446,WIDTH_Q4,42,DEDUPLICATED_RUNTIME_LEGAL_OPTICAL_DYNAMIC_PAIR_SIGNATURE
R02ZF,NOMINAL,2,R02ZF_SARF000474,R02ZF_SARF000475,474,475,R02ZF_SARF000474__R02ZF_SARF000474__Q095__R0007__TO__R02ZF_SARF000475__Q095__R0007,R02ZF_SARF000474__Q095__R0007,R02ZF_SARF000475__Q095__R0007,-35.31859588623047,-22.58708953857422,-35.24443435668945,-21.751665115356445,False,False,False,False,False,False,False,H_7B33B0D9EDC70F81A5BF,R02ZF_REUSED_R02ZF_PERSON017,R02ZF_REUSED_R02ZF_PERSON017,True,ANGULAR_DYNAMIC_AVAILABLE,284.0,285.0,15778.0,15833.0,-1.7527000496695777,3.598244686276839,OPTICAL_DIRECTION_INDETERMINATE,-33.905820501821715,-31.224733173684704,-32.97743322335428,-30.30757581554488,26.0,26.0,2.6810873281370107,2.6698574078094026,-32.56527683775321,-31.64250451944958,1.3405436640685053,1.3349287039047013,0.9227723183036289,-1.7527000496695777,3.5982446862768356,-1.7527000496695777,3.5982446862768356,0.3449007096278372,False,False,OPTICAL_DIRECTION_INDETERMINATE,0.928387278467433,0.9171573581398249,0.9227723183036289,-0.011229920327608056,COHERENT_POSITIVE_SHIFT,MIDPOINT_POSITIVE,SUPPORT_WIDTH_CONTRACTION,1,55,FRAME_GAP_1,TIME_GAP_LE_60MS,2.6754723679732066,0.9227723183036289,0.011229920327608056,0.0041973598613971996,WIDTH_Q3,25,DEDUPLICATED_RUNTIME_LEGAL_OPTICAL_DYNAMIC_PAIR_SIGNATURE
R02ZF,NOMINAL,2,R02ZF_SARF000474,R02ZF_SARF000475,474,475,R02ZF_SARF000474__R02ZF_SARF000474__Q095__R0007__TO__R02ZF_SARF000475__Q095__R0007,R02ZF_SARF000474__Q095__R0007,R02ZF_SARF000475__Q095__R0007,-35.31859588623047,-22.58708953857422,-35.24443435668945,-21.751665115356445,False,False,False,False,False,False,False,H_F03D79919937CC162070,R02ZF_REUSED_R02ZF_PERSON018,R02ZF_REUSED_R02ZF_PERSON018,True,ANGULAR_DYNAMIC_AVAILABLE,284.0,285.0,15778.0,15833.0,-1.9116758471274051,3.577312277542635,OPTICAL_DIRECTION_INDETERMINATE,-30.42315936361596,-27.63580525246765,-29.547481099595057,-26.845847086073324,26.0,26.0,2.787354111148307,2.7016340135217334,-29.029482308041807,-28.19666409283419,1.3936770555741536,1.3508170067608667,0.8328182152076167,-1.9116758471274053,3.577312277542635,-1.9116758471274036,3.577312277542637,0.30345054363100116,False,False,OPTICAL_DIRECTION_INDETERMINATE,0.8756782640209018,0.789958166394328,0.8328182152076149,-0.08572009762657373,COHERENT_POSITIVE_SHIFT,MIDPOINT_POSITIVE,SUPPORT_WIDTH_CONTRACTION,1,55,FRAME_GAP_1,TIME_GAP_LE_60MS,2.7444940623350202,0.8328182152076149,0.08572009762657373,0.031233478987250176,WIDTH_Q4,30,DEDUPLICATED_RUNTIME_LEGAL_OPTICAL_DYNAMIC_PAIR_SIGNATURE
R02ZF,NOMINAL,3,R02ZF_SARF000475,R02ZF_SARF000476,475,476,R02ZF_SARF000475__R02ZF_SARF000475__Q095__R0007__TO__R02ZF_SARF000476__Q095__R0007,R02ZF_SARF000475__Q095__R0007,R02ZF_SARF000476__Q095__R0007,-35.24443435668945,-21.751665115356445,-33.86088562011719,-21.478654861450195,False,False,False,False,False,False,False,H_A1BC28EC3925AD4C803A,R02ZF_REUSED_R02ZF_PERSON017,R02ZF_REUSED_R02ZF_PERSON017,True,ANGULAR_DYNAMIC_AVAILABLE,285.0,286.0,15833.0,15889.0,-1.729745441515508,3.5722417243841704,OPTICAL_DIRECTION_INDETERMINATE,-32.97743322335428,-30.30757581554488,-32.037321257060384,-29.40519149897011,26.0,26.0,2.6698574078094026,2.6321297580902723,-31.64250451944958,-30.721256378015248,1.3349287039047013,1.3160648790451361,0.921248141434333,-1.7297454415155045,3.5722417243841704,-1.7297454415155045,3.5722417243841704,0.34751051355214274,False,False,OPTICAL_DIRECTION_INDETERMINATE,0.9401119662938981,0.9023843165747678,0.921248141434333,-0.03772764971913034,COHERENT_POSITIVE_SHIFT,MIDPOINT_POSITIVE,SUPPORT_WIDTH_CONTRACTION,1,56,FRAME_GAP_1,TIME_GAP_LE_60MS,2.6509935829498374,0.921248141434333,0.03772764971913034,0.014231513030352073,WIDTH_Q3,20,DEDUPLICATED_RUNTIME_LEGAL_OPTICAL_DYNAMIC_PAIR_SIGNATURE
R02ZF,NOMINAL,3,R02ZF_SARF000475,R02ZF_SARF000476,475,476,R02ZF_SARF000475__R02ZF_SARF000475__Q095__R0007__TO__R02ZF_SARF000476__Q095__R0007,R02ZF_SARF000475__Q095__R0007,R02ZF_SARF000476__Q095__R0007,-35.24443435668945,-21.751665115356445,-33.86088562011719,-21.478654861450195,False,False,False,False,False,False,False,H_93566C1D8346EED4EA1F,R02ZF_REUSED_R02ZF_PERSON018,R02ZF_REUSED_R02ZF_PERSON018,True,ANGULAR_DYNAMIC_AVAILABLE,285.0,286.0,15833.0,15889.0,-1.8897498345728396,3.550262817279432,OPTICAL_DIRECTION_INDETERMINATE,-29.547481099595057,-26.845847086073324,-28.735596920646163,-25.997218282315625,26.0,26.0,2.7016340135217334,2.7383786383305377,-28.19666409283419,-27.366407601480894,1.3508170067608667,1.3691893191652689,0.8302564913532962,-1.8897498345728394,3.5502628172794317,-1.8897498345728394,3.5502628172794317,0.3052406472145251,False,False,OPTICAL_DIRECTION_INDETERMINATE,0.811884178948894,0.8486288037576983,0.8302564913532962,0.03674462480880436,COHERENT_POSITIVE_SHIFT,MIDPOINT_POSITIVE,SUPPORT_WIDTH_EXPANSION,1,56,FRAME_GAP_1,TIME_GAP_LE_60MS,2.7200063259261356,0.8302564913532962,0.03674462480880436,0.013509021820489029,WIDTH_Q4,24,DEDUPLICATED_RUNTIME_LEGAL_OPTICAL_DYNAMIC_PAIR_SIGNATURE
R02ZF,NOMINAL,5,R02ZF_SARF000477,R02ZF_SARF000478,477,478,R02ZF_SARF000477__R02ZF_SARF000477__Q095__R0007__TO__R02ZF_SARF000478__Q095__R0009,R02ZF_SARF000477__Q095__R0007,R02ZF_SARF000478__Q095__R0009,-33.67852020263672,-21.3183650970459,-25.352163314819336,-22.38740539550781,False,False,False,False,False,False,False,H_D6EAD7645BECA0FC28EE,R02ZF_REUSED_R02ZF_PERSON017,R02ZF_REUSED_R02ZF_PERSON017,True,ANGULAR_DYNAMIC_AVAILABLE,286.0,287.0,15889.0,15944.0,-1.735805529679709,3.521830774797348,OPTICAL_DIRECTION_INDETERMINATE,-32.037321257060384,-29.40519149897011,-31.14099702864982,-28.51549048226304,26.0,26.0,2.6321297580902723,2.625506546386781,-30.721256378015248,-29.82824375545643,1.3160648790451361,1.3127532731933904,0.8930126225588175,-1.735805529679709,3.521830774797344,-1.735805529679709,3.521830774797344,0.33970117780812925,False,False,OPTICAL_DIRECTION_INDETERMINATE,0.8963242284105633,0.8897010167070718,0.8930126225588175,-0.0066232117034914495,COHERENT_POSITIVE_SHIFT,MIDPOINT_POSITIVE,SUPPORT_WIDTH_CONTRACTION,1,55,FRAME_GAP_1,TIME_GAP_LE_60MS,2.6288181522385266,0.8930126225588175,0.0066232117034914495,0.002519463622027854,WIDTH_Q3,28,DEDUPLICATED_RUNTIME_LEGAL_OPTICAL_DYNAMIC_PAIR_SIGNATURE
R02ZF,NOMINAL,5,R02ZF_SARF000477,R02ZF_SARF000478,477,478,R02ZF_SARF000477__R02ZF_SARF000477__Q095__R0007__TO__R02ZF_SARF000478__Q095__R0009,R02ZF_SARF000477__Q095__R0007,R02ZF_SARF000478__Q095__R0009,-33.67852020263672,-21.3183650970459,-25.352163314819336,-22.38740539550781,False,False,False,False,False,False,False,H_7633E36486A050716480,R02ZF_REUSED_R02ZF_PERSON018,R02ZF_REUSED_R02ZF_PERSON018,True,ANGULAR_DYNAMIC_AVAILABLE,286.0,287.0,15889.0,15944.0,-1.816109225155035,3.588665889744288,OPTICAL_DIRECTION_INDETERMINATE,-28.735596920646163,-25.997218282315625,-27.81332750747066,-25.146931030901875,26.0,26.0,2.7383786383305377,2.666396476568785,-27.366407601480894,-26.480129269186268,1.3691893191652689,1.3331982382843925,0.8862783322946264,-1.816109225155035,3.588665889744288,-1.816109225155035,3.588665889744288,0.3279612244555472,False,False,OPTICAL_DIRECTION_INDETERMINATE,0.9222694131755027,0.8502872514137501,0.8862783322946264,-0.07198216176175265,COHERENT_POSITIVE_SHIFT,MIDPOINT_POSITIVE,SUPPORT_WIDTH_CONTRACTION,1,55,FRAME_GAP_1,TIME_GAP_LE_60MS,2.7023875574496614,0.8862783322946264,0.07198216176175265,0.02663650576813814,WIDTH_Q4,36,DEDUPLICATED_RUNTIME_LEGAL_OPTICAL_DYNAMIC_PAIR_SIGNATURE
R02ZF,NOMINAL,7,R02ZF_SARF000479,R02ZF_SARF000480,479,480,R02ZF_SARF000479__R02ZF_SARF000479__Q095__R0008__TO__R02ZF_SARF000480__Q095__R0009,R02ZF_SARF000479__Q095__R0008,R02ZF_SARF000480__Q095__R0009,-26.504234313964844,-22.346281051635746,-25.797929763793945,-22.209640502929688,False,False,False,False,False,False,False,H_F10944E67858DB60A8D7,R02ZF_REUSED_R02ZF_PERSON017,R02ZF_REUSED_R02ZF_PERSON017,True,ANGULAR_DYNAMIC_AVAILABLE,287.0,288.0,15944.0,16000.0,-1.9126425967898832,3.3262210242086283,OPTICAL_DIRECTION_INDETERMINATE,-31.14099702864982,-28.51549048226304,-30.42813307905292,-27.814776004441192,26.0,26.0,2.625506546386781,2.613357074611727,-29.82824375545643,-29.121454541747056,1.3127532731933904,1.3066785373058636,0.7067892137093743,-1.9126425967898797,3.3262210242086283,-1.9126425967898797,3.3262210242086283,0.26982539147475,False,False,OPTICAL_DIRECTION_INDETERMINATE,0.7128639495969011,0.7007144778218475,0.7067892137093743,-0.012149471775053655,COHERENT_POSITIVE_SHIFT,MIDPOINT_POSITIVE,SUPPORT_WIDTH_CONTRACTION,1,56,FRAME_GAP_1,TIME_GAP_LE_60MS,2.619431810499254,0.7067892137093743,0.012149471775053655,0.00463820883840378,WIDTH_Q3,42,DEDUPLICATED_RUNTIME_LEGAL_OPTICAL_DYNAMIC_PAIR_SIGNATURE
R02ZF,NOMINAL,7,R02ZF_SARF000479,R02ZF_SARF000480,479,480,R02ZF_SARF000479__R02ZF_SARF000479__Q095__R0008__TO__R02ZF_SARF000480__Q095__R0009,R02ZF_SARF000479__Q095__R0008,R02ZF_SARF000480__Q095__R0009,-26.504234313964844,-22.346281051635746,-25.797929763793945,-22.209640502929688,False,False,False,False,False,False,False,H_1CB75FC0C1B2C302AD04,R02ZF_REUSED_R02ZF_PERSON018,R02ZF_REUSED_R02ZF_PERSON018,True,ANGULAR_DYNAMIC_AVAILABLE,287.0,288.0,15944.0,16000.0,-1.9460866015397755,3.3015396123634098,OPTICAL_DIRECTION_INDETERMINATE,-27.81332750747066,-25.146931030901875,-27.09301763244165,-24.51178789510725,26.0,26.0,2.666396476568785,2.5812297373344,-26.480129269186268,-25.802402763774452,1.3331982382843925,1.2906148686672,0.6777265054118153,-1.9460866015397755,3.3015396123634098,-1.9460866015397773,3.301539612363408,0.258298315385433,False,False,OPTICAL_DIRECTION_INDETERMINATE,0.7203098750290096,0.6351431357946247,0.6777265054118153,-0.08516673923438489,COHERENT_POSITIVE_SHIFT,MIDPOINT_POSITIVE,SUPPORT_WIDTH_CONTRACTION,1,56,FRAME_GAP_1,TIME_GAP_LE_60MS,2.6238131069515926,0.6777265054118153,0.08516673923438489,0.03245914848460133,WIDTH_Q3,49,DEDUPLICATED_RUNTIME_LEGAL_OPTICAL_DYNAMIC_PAIR_SIGNATURE
R02ZF,NOMINAL,8,R02ZF_SARF000480,R02ZF_SARF000481,480,481,R02ZF_SARF000480__R02ZF_SARF000480__Q095__R0009__TO__R02ZF_SARF000481__Q095__R0008,R02ZF_SARF000480__Q095__R0009,R02ZF_SARF000481__Q095__R0008,-25.797929763793945,-22.209640502929688,-29.24764060974121,-19.2650146484375,False,False,False,False,False,False,False,H_E0159F8C589F4560EC57,R02ZF_REUSED_R02ZF_PERSON017,R02ZF_REUSED_R02ZF_PERSON017,True,ANGULAR_DYNAMIC_AVAILABLE,288.0,289.0,16000.0,16056.0,-1.7414204898408414,3.434710192178194,OPTICAL_DIRECTION_INDETERMINATE,-30.42813307905292,-27.814776004441192,-29.556196494282037,-26.993422886874725,26.0,26.0,2.613357074611727,2.562773607407312,-29.121454541747056,-28.27480969057838,1.3066785373058636,1.281386803703656,0.8466448511686764,-1.741420489840845,3.434710192178194,-1.7414204898408432,3.434710192178196,0.3271342642525509,False,False,OPTICAL_DIRECTION_INDETERMINATE,0.8719365847708822,0.821353117566467,0.8466448511686764,-0.0505834672044152,COHERENT_POSITIVE_SHIFT,MIDPOINT_POSITIVE,SUPPORT_WIDTH_CONTRACTION,1,56,FRAME_GAP_1,TIME_GAP_LE_60MS,2.5880653410095196,0.8466448511686764,0.0505834672044152,0.01954489571916459,WIDTH_Q3,35,DEDUPLICATED_RUNTIME_LEGAL_OPTICAL_DYNAMIC_PAIR_SIGNATURE
R02ZF,NOMINAL,8,R02ZF_SARF000480,R02ZF_SARF000481,480,481,R02ZF_SARF000480__R02ZF_SARF000480__Q095__R0009__TO__R02ZF_SARF000481__Q095__R0008,R02ZF_SARF000480__Q095__R0009,R02ZF_SARF000481__Q095__R0008,-25.797929763793945,-22.209640502929688,-29.24764060974121,-19.2650146484375,False,False,False,False,False,False,False,H_2372918A681CFB0724E7,R02ZF_REUSED_R02ZF_PERSON018,R02ZF_REUSED_R02ZF_PERSON018,True,ANGULAR_DYNAMIC_AVAILABLE,288.0,289.0,16000.0,16056.0,-1.7816870780697052,3.381685437945805,OPTICAL_DIRECTION_INDETERMINATE,-27.09301763244165,-24.51178789510725,-26.29347497317696,-23.71133219449585,26.0,26.0,2.5812297373344,2.58214277868111,-25.802402763774452,-25.002403583836404,1.2906148686672,1.291071389340555,0.7999991799380481,-1.7816870780697087,3.3816854379458015,-1.781687078069707,3.3816854379458032,0.3098746710436435,False,False,OPTICAL_DIRECTION_INDETERMINATE,0.7995426592646915,0.8004557006114013,0.7999991799380464,0.0009130413467097753,COHERENT_POSITIVE_SHIFT,MIDPOINT_POSITIVE,SUPPORT_WIDTH_EXPANSION,1,56,FRAME_GAP_1,TIME_GAP_LE_60MS,2.581686258007755,0.7999991799380464,0.0009130413467097753,0.000353660846230926,WIDTH_Q3,42,DEDUPLICATED_RUNTIME_LEGAL_OPTICAL_DYNAMIC_PAIR_SIGNATURE
R02ZF,NOMINAL,10,R02ZF_SARF000482,R02ZF_SARF000483,482,483,R02ZF_SARF000482__R02ZF_SARF000482__Q095__R0001__TO__R02ZF_SARF000483__Q095__R0001,R02ZF_SARF000482__Q095__R0001,R02ZF_SARF000483__Q095__R0001,-44.41036605834961,-36.1633415222168,-43.61362838745117,-34.70704650878906,False,False,False,False,False,False,False,H_CB6E8AA383807F9A94B9,R02ZF_REUSED_R02ZF_PERSON021,R02ZF_REUSED_R02ZF_PERSON021,True,ANGULAR_DYNAMIC_AVAILABLE,289.0,290.0,16056.0,16111.0,-4.156611430326059,6.80102240068571,OPTICAL_DIRECTION_INDETERMINATE,-45.34263864419872,-40.76871858100274,-44.9253300113288,-38.54161624351301,9.0,9.0,4.573920063195985,6.383713767815792,-43.05567861260073,-41.73347312742091,2.2869600315979923,3.191856883907896,1.322205485179822,-4.156611430326066,6.80102240068571,-4.156611430326066,6.80102240068571,0.2413304743653285,False,False,OPTICAL_DIRECTION_INDETERMINATE,0.4173086328699185,2.2271023374897254,1.322205485179822,1.809793704619807,COHERENT_POSITIVE_SHIFT,MIDPOINT_POSITIVE,SUPPORT_WIDTH_EXPANSION,1,55,FRAME_GAP_1,TIME_GAP_LE_60MS,5.478816915505888,1.322205485179822,1.809793704619807,0.3303256401026679,WIDTH_Q4,6,DEDUPLICATED_RUNTIME_LEGAL_OPTICAL_DYNAMIC_PAIR_SIGNATURE
R02ZF,NOMINAL,10,R02ZF_SARF000482,R02ZF_SARF000483,482,483,R02ZF_SARF000482__R02ZF_SARF000482__Q095__R0006__TO__R02ZF_SARF000483__Q095__R0003,R02ZF_SARF000482__Q095__R0006,R02ZF_SARF000483__Q095__R0003,-31.085893630981445,-27.94162940979004,-24.03499984741211,-20.807846069335938,False,False,False,False,False,False,False,H_0586FD2846E5CAC8A413,R02ZF_REUSED_R02ZF_PERSON017,R02ZF_REUSED_R02ZF_PERSON017,True,ANGULAR_DYNAMIC_AVAILABLE,289.0,290.0,16056.0,16111.0,-1.45629932287439,3.7151082825101542,OPTICAL_DIRECTION_INDETERMINATE,-29.556196494282037,-26.993422886874725,-28.449722209749115,-25.84108821177188,26.0,26.0,2.562773607407312,2.608633997977236,-28.27480969057838,-27.145405210760497,1.281386803703656,1.304316998988618,1.1294044798178824,-1.45629932287439,3.7151082825101582,-1.4562993228743917,3.7151082825101565,0.43678803374227526,False,False,OPTICAL_DIRECTION_INDETERMINATE,1.106474284532922,1.1523346751028463,1.1294044798178842,0.04586039056992419,COHERENT_POSITIVE_SHIFT,MIDPOINT_POSITIVE,SUPPORT_WIDTH_EXPANSION,1,55,FRAME_GAP_1,TIME_GAP_LE_60MS,2.585703802692274,1.1294044798178842,0.04586039056992419,0.017736134557320007,WIDTH_Q3,72,DEDUPLICATED_RUNTIME_LEGAL_OPTICAL_DYNAMIC_PAIR_SIGNATURE
R02ZF,NOMINAL,10,R02ZF_SARF000482,R02ZF_SARF000483,482,483,R02ZF_SARF000482__R02ZF_SARF000482__Q095__R0006__TO__R02ZF_SARF000483__Q095__R0003,R02ZF_SARF000482__Q095__R0006,R02ZF_SARF000483__Q095__R0003,-31.085893630981445,-27.94162940979004,-24.03499984741211,-20.807846069335938,False,False,False,False,False,False,False,H_A5B2E7152481BE2C4222,R02ZF_REUSED_R02ZF_PERSON018,R02ZF_REUSED_R02ZF_PERSON018,True,ANGULAR_DYNAMIC_AVAILABLE,289.0,290.0,16056.0,16111.0,-1.437166142678393,3.6522093360138257,OPTICAL_DIRECTION_INDETERMINATE,-26.29347497317696,-23.71133219449585,-25.14849833717424,-22.64126563716313,26.0,26.0,2.58214277868111,2.5072327000111088,-25.002403583836404,-23.894881987168684,1.291071389340555,1.2536163500055544,1.1075215966677199,-1.4371661426783895,3.6522093360138292,-1.4371661426783895,3.6522093360138292,0.4352288807554486,False,False,OPTICAL_DIRECTION_INDETERMINATE,1.1449766360027205,1.0700665573327193,1.1075215966677199,-0.07491007867000121,COHERENT_POSITIVE_SHIFT,MIDPOINT_POSITIVE,SUPPORT_WIDTH_CONTRACTION,1,55,FRAME_GAP_1,TIME_GAP_LE_60MS,2.5446877393461094,1.1075215966677199,0.07491007867000121,0.02943782748340287,WIDTH_Q2,81,DEDUPLICATED_RUNTIME_LEGAL_OPTICAL_DYNAMIC_PAIR_SIGNATURE
R02ZF,NOMINAL,12,R02ZF_SARF000484,R02ZF_SARF000485,484,485,R02ZF_SARF000484__R02ZF_SARF000484__Q095__R0001__TO__R02ZF_SARF000485__Q095__R0001,R02ZF_SARF000484__Q095__R0001,R02ZF_SARF000485__Q095__R0001,-43.00187683105469,-34.41638946533203,-42.81047439575195,-33.816497802734375,False,False,False,False,False,False,False,H_A0908E85C5498B962B25,R02ZF_REUSED_R02ZF_PERSON021,R02ZF_REUSED_R02ZF_PERSON021,True,ANGULAR_DYNAMIC_AVAILABLE,290.0,291.0,16111.0,16167.0,-5.071979477656669,8.123241446448624,OPTICAL_DIRECTION_INDETERMINATE,-44.9253300113288,-38.54161624351301,-43.61359572116968,-36.80208856488017,9.0,9.0,6.383713767815792,6.811507156289508,-41.73347312742091,-40.207842143024926,3.191856883907896,3.405753578144754,1.5256309843959812,-5.071979477656669,8.123241446448631,-5.071979477656669,8.123241446448631,0.23123993045223323,False,False,OPTICAL_DIRECTION_INDETERMINATE,1.311734290159123,1.7395276786328395,1.5256309843959812,0.4277933884737166,COHERENT_POSITIVE_SHIFT,MIDPOINT_POSITIVE,SUPPORT_WIDTH_EXPANSION,1,56,FRAME_GAP_1,TIME_GAP_LE_60MS,6.59761046205265,1.5256309843959812,0.4277933884737166,0.06484065570925227,WIDTH_Q4,20,DEDUPLICATED_RUNTIME_LEGAL_OPTICAL_DYNAMIC_PAIR_SIGNATURE
R02ZF,NOMINAL,12,R02ZF_SARF000484,R02ZF_SARF000485,484,485,R02ZF_SARF000484__R02ZF_SARF000484__Q095__R0001__TO__R02ZF_SARF000485__Q095__R0009,R02ZF_SARF000484__Q095__R0001,R02ZF_SARF000485__Q095__R0009,-43.00187683105469,-34.41638946533203,-27.13807487487793,-17.69550132751465,False,False,False,False,False,False,False,H_A1E7A485D522C04FE7D1,R02ZF_REUSED_R02ZF_PERSON017,R02ZF_REUSED_R02ZF_PERSON017,True,ANGULAR_DYNAMIC_AVAILABLE,290.0,291.0,16111.0,16167.0,-1.6396725291163357,3.5686196682015776,OPTICAL_DIRECTION_INDETERMINATE,-28.449722209749115,-25.84108821177188,-27.48076074088821,-24.881102541547538,26.0,26.0,2.608633997977236,2.5996581993406735,-27.145405210760497,-26.180931641217875,1.304316998988618,1.2998290996703368,0.9644735695426228,-1.639672529116332,3.5686196682015776,-1.639672529116332,3.5686196682015776,0.370360775856352,False,False,OPTICAL_DIRECTION_INDETERMINATE,0.9689614688609041,0.9599856702243414,0.9644735695426228,-0.008975798636562615,COHERENT_POSITIVE_SHIFT,MIDPOINT_POSITIVE,SUPPORT_WIDTH_CONTRACTION,1,56,FRAME_GAP_1,TIME_GAP_LE_60MS,2.604146098658955,0.9644735695426228,0.008975798636562615,0.003446733899140621,WIDTH_Q3,90,DEDUPLICATED_RUNTIME_LEGAL_OPTICAL_DYNAMIC_PAIR_SIGNATURE
R02ZF,NOMINAL,12,R02ZF_SARF000484,R02ZF_SARF000485,484,485,R02ZF_SARF000484__R02ZF_SARF000484__Q095__R0006__TO__R02ZF_SARF000485__Q095__R0009,R02ZF_SARF000484__Q095__R0006,R02ZF_SARF000485__Q095__R0009,-25.837854385375977,-18.41628646850586,-27.13807487487793,-17.69550132751465,False,False,False,False,False,False,False,H_43C3B44F9BB871C5F817,R02ZF_REUSED_R02ZF_PERSON018,R02ZF_REUSED_R02ZF_PERSON018,True,ANGULAR_DYNAMIC_AVAILABLE,290.0,291.0,16111.0,16167.0,-1.5708851983104817,3.4623569539995778,OPTICAL_DIRECTION_INDETERMINATE,-25.14849833717424,-22.64126563716313,-24.21215083547361,-21.68614138317466,26.0,26.0,2.5072327000111088,2.5260094522989505,-23.894881987168684,-22.949146109324136,1.2536163500055544,1.2630047261494752,0.9457358778445482,-1.5708851983104815,3.4623569539995778,-1.5708851983104815,3.4623569539995778,0.3757958982404583,False,False,OPTICAL_DIRECTION_INDETERMINATE,0.9363475017006273,0.955124253988469,0.9457358778445482,0.018776752287841703,COHERENT_POSITIVE_SHIFT,MIDPOINT_POSITIVE,SUPPORT_WIDTH_EXPANSION,1,56,FRAME_GAP_1,TIME_GAP_LE_60MS,2.5166210761550296,0.9457358778445482,0.018776752287841703,0.0074610963349831735,WIDTH_Q1,80,DEDUPLICATED_RUNTIME_LEGAL_OPTICAL_DYNAMIC_PAIR_SIGNATURE
R02ZF,NOMINAL,13,R02ZF_SARF000485,R02ZF_SARF000486,485,486,R02ZF_SARF000485__R02ZF_SARF000485__Q095__R0001__TO__R02ZF_SARF000486__Q095__R0001,R02ZF_SARF000485__Q095__R0001,R02ZF_SARF000486__Q095__R0001,-42.81047439575195,-33.816497802734375,-42.55290985107422,-32.75892639160156,False,False,False,False,False,False,False,H_38CCBDFA5D960EBD7DCD,R02ZF_REUSED_R02ZF_PERSON021,R02ZF_REUSED_R02ZF_PERSON021,True,ANGULAR_DYNAMIC_AVAILABLE,291.0,292.0,16167.0,16222.0,-4.9382911415510335,8.748770132747843,OPTICAL_DIRECTION_INDETERMINATE,-43.61359572116968,-36.80208856488017,-41.740379706431206,-34.86482558842184,9.0,9.0,6.811507156289508,6.875554118009369,-40.207842143024926,-38.302602647426525,3.405753578144754,3.4377770590046843,1.9052394955984013,-4.9382911415510335,8.748770132747843,-4.938291141551037,8.74877013274784,0.2784000827374096,False,False,OPTICAL_DIRECTION_INDETERMINATE,1.8732160147384747,1.9372629764583351,1.9052394955984013,0.06404696171986046,COHERENT_POSITIVE_SHIFT,MIDPOINT_POSITIVE,SUPPORT_WIDTH_EXPANSION,1,55,FRAME_GAP_1,TIME_GAP_LE_60MS,6.843530637149438,1.9052394955984013,0.06404696171986046,0.009358760136498516,WIDTH_Q4,12,DEDUPLICATED_RUNTIME_LEGAL_OPTICAL_DYNAMIC_PAIR_SIGNATURE
R02ZF,NOMINAL,13,R02ZF_SARF000485,R02ZF_SARF000486,485,486,R02ZF_SARF000485__R02ZF_SARF000485__Q095__R0009__TO__R02ZF_SARF000486__Q095__R0005,R02ZF_SARF000485__Q095__R0009,R02ZF_SARF000486__Q095__R0005,-27.13807487487793,-17.69550132751465,-15.45474338531494,-3.202420473098755,False,False,False,False,False,False,False,H_9C486EDB7CB7E76D9956,R02ZF_REUSED_R02ZF_PERSON018,R02ZF_REUSED_R02ZF_PERSON018,True,ANGULAR_DYNAMIC_AVAILABLE,291.0,292.0,16167.0,16222.0,-1.6300359554587232,3.4285906993604165,OPTICAL_DIRECTION_INDETERMINATE,-24.21215083547361,-21.68614138317466,-23.316177338633384,-20.783560136113195,26.0,26.0,2.5260094522989505,2.532617202520189,-22.949146109324136,-22.049868737373288,1.2630047261494752,1.2663086012600946,0.8992773719508484,-1.6300359554587232,3.4285906993604165,-1.6300359554587214,3.4285906993604183,0.35554209998642416,False,False,OPTICAL_DIRECTION_INDETERMINATE,0.8959734968402273,0.902581247061466,0.8992773719508484,0.006607750221238717,COHERENT_POSITIVE_SHIFT,MIDPOINT_POSITIVE,SUPPORT_WIDTH_EXPANSION,1,55,FRAME_GAP_1,TIME_GAP_LE_60MS,2.52931332740957,0.8992773719508484,0.006607750221238717,0.0026124680361393317,WIDTH_Q1,100,DEDUPLICATED_RUNTIME_LEGAL_OPTICAL_DYNAMIC_PAIR_SIGNATURE
R02ZF,NOMINAL,13,R02ZF_SARF000485,R02ZF_SARF000486,485,486,R02ZF_SARF000485__R02ZF_SARF000485__Q095__R0009__TO__R02ZF_SARF000486__Q095__R0008,R02ZF_SARF000485__Q095__R0009,R02ZF_SARF000486__Q095__R0008,-27.13807487487793,-17.69550132751465,-24.48238182067871,-19.45222282409668,False,False,False,False,False,False,False,H_EA81BB13F3E468651C9C,R02ZF_REUSED_R02ZF_PERSON017,R02ZF_REUSED_R02ZF_PERSON017,True,ANGULAR_DYNAMIC_AVAILABLE,291.0,292.0,16167.0,16222.0,-1.646941054361296,3.5158585729651364,OPTICAL_DIRECTION_INDETERMINATE,-27.48076074088821,-24.881102541547538,-26.528043595908837,-23.96490216792308,26.0,26.0,2.5996581993406735,2.5631414279857587,-26.180931641217875,-25.246472881915956,1.2998290996703368,1.2815707139928794,0.9344587593019185,-1.6469410543612995,3.515858572965133,-1.6469410543612977,3.5158585729651346,0.36199691127111594,False,False,OPTICAL_DIRECTION_INDETERMINATE,0.9527171449793741,0.9162003736244593,0.9344587593019185,-0.03651677135491482,COHERENT_POSITIVE_SHIFT,MIDPOINT_POSITIVE,SUPPORT_WIDTH_CONTRACTION,1,55,FRAME_GAP_1,TIME_GAP_LE_60MS,2.581399813663216,0.9344587593019185,0.03651677135491482,0.014146112183642935,WIDTH_Q3,81,DEDUPLICATED_RUNTIME_LEGAL_OPTICAL_DYNAMIC_PAIR_SIGNATURE
R02ZF,NOMINAL,15,R02ZF_SARF000487,R02ZF_SARF000488,487,488,R02ZF_SARF000487__R02ZF_SARF000487__Q095__R0002__TO__R02ZF_SARF000488__Q095__R0001,R02ZF_SARF000487__Q095__R0002,R02ZF_SARF000488__Q095__R0001,-41.71758270263672,-32.44511413574219,-40.87164688110352,-31.36233901977539,False,False,False,False,False,False,False,H_17615E7C7E6B532EE85E,R02ZF_REUSED_R02ZF_PERSON017,R02ZF_REUSED_R02ZF_PERSON017,True,ANGULAR_DYNAMIC_AVAILABLE,292.0,293.0,16222.0,16278.0,-1.6709356507905009,3.448946150596249,OPTICAL_DIRECTION_INDETERMINATE,-26.528043595908837,-23.96490216792308,-25.63583781871358,-23.079097445312584,26.0,26.0,2.5631414279857587,2.556740373400995,-25.246472881915956,-24.357467632013083,1.2815707139928794,1.2783701867004975,0.8890052499028727,-1.6709356507905007,3.448946150596253,-1.6709356507905042,3.4489461505962495,0.3472756928341899,False,False,OPTICAL_DIRECTION_INDETERMINATE,0.8922057771952581,0.8858047226104944,0.8890052499028744,-0.006401054584763699,COHERENT_POSITIVE_SHIFT,MIDPOINT_POSITIVE,SUPPORT_WIDTH_CONTRACTION,1,56,FRAME_GAP_1,TIME_GAP_LE_60MS,2.559940900693377,0.8890052499028744,0.006401054584763699,0.0025004696721826394,WIDTH_Q2,88,DEDUPLICATED_RUNTIME_LEGAL_OPTICAL_DYNAMIC_PAIR_SIGNATURE
R02ZF,NOMINAL,15,R02ZF_SARF000487,R02ZF_SARF000488,487,488,R02ZF_SARF000487__R02ZF_SARF000487__Q095__R0002__TO__R02ZF_SARF000488__Q095__R0001,R02ZF_SARF000487__Q095__R0002,R02ZF_SARF000488__Q095__R0001,-41.71758270263672,-32.44511413574219,-40.87164688110352,-31.36233901977539,False,False,False,False,False,False,False,H_A212E9E1D15FA133F9CE,R02ZF_REUSED_R02ZF_PERSON021,R02ZF_REUSED_R02ZF_PERSON021,True,ANGULAR_DYNAMIC_AVAILABLE,292.0,293.0,16222.0,16278.0,-5.040102575738416,8.877341124364122,OPTICAL_DIRECTION_INDETERMINATE,-41.740379706431206,-34.86482558842184,-39.90492816416025,-32.863038582067084,9.0,9.0,6.875554118009369,7.0418895820931695,-38.302602647426525,-36.383983373113665,3.4377770590046843,3.5209447910465848,1.91861927431286,-5.040102575738416,8.877341124364122,-5.040102575738409,8.87734112436413,0.2757143216320285,False,False,OPTICAL_DIRECTION_INDETERMINATE,1.8354515422709525,2.0017870063547534,1.9186192743128565,0.16633546408380084,COHERENT_POSITIVE_SHIFT,MIDPOINT_POSITIVE,SUPPORT_WIDTH_EXPANSION,1,56,FRAME_GAP_1,TIME_GAP_LE_60MS,6.958721850051269,1.9186192743128565,0.16633546408380084,0.023903163205549787,WIDTH_Q4,49,DEDUPLICATED_RUNTIME_LEGAL_OPTICAL_DYNAMIC_PAIR_SIGNATURE
R02ZF,NOMINAL,15,R02ZF_SARF000487,R02ZF_SARF000488,487,488,R02ZF_SARF000487__R02ZF_SARF000487__Q095__R0002__TO__R02ZF_SARF000488__Q095__R0001,R02ZF_SARF000487__Q095__R0002,R02ZF_SARF000488__Q095__R0001,-41.71758270263672,-32.44511413574219,-40.87164688110352,-31.36233901977539,False,False,False,False,False,False,False,H_63F721C65E970641E1E3,R02ZF_REUSED_R02ZF_PERSON023,R02ZF_REUSED_R02ZF_PERSON023,True,ANGULAR_DYNAMIC_AVAILABLE,292.0,293.0,16222.0,16278.0,-1.1398212481232406,4.842557393140446,OPTICAL_DIRECTION_INDETERMINATE,-44.27517870751308,-41.23886204360154,-42.37868329172478,-39.43262131437263,2.0,2.0,3.036316663911535,2.9460619773521515,-42.75702037555731,-40.90565230304871,1.5181583319557674,1.4730309886760757,1.851368072508599,-1.1398212481232406,4.842557393140446,-1.1398212481232441,4.842557393140442,0.618940452795387,False,True,OPTICAL_DIRECTION_INDETERMINATE,1.8964954157882943,1.8062407292289109,1.851368072508599,-0.0902546865593834,COHERENT_POSITIVE_SHIFT,MIDPOINT_POSITIVE,SUPPORT_WIDTH_CONTRACTION,1,56,FRAME_GAP_1,TIME_GAP_LE_60MS,2.991189320631843,1.851368072508599,0.0902546865593834,0.030173511899380036,WIDTH_Q4,16,DEDUPLICATED_RUNTIME_LEGAL_OPTICAL_DYNAMIC_PAIR_SIGNATURE
R02ZF,NOMINAL,15,R02ZF_SARF000487,R02ZF_SARF000488,487,488,R02ZF_SARF000487__R02ZF_SARF000487__Q095__R0005__TO__R02ZF_SARF000488__Q095__R0005,R02ZF_SARF000487__Q095__R0005,R02ZF_SARF000488__Q095__R0005,-14.942096710205078,-2.754918336868286,-15.307104110717772,-1.8291800022125244,False,False,False,False,False,False,False,H_4126A0D76ACB9655C31F,R02ZF_REUSED_R02ZF_PERSON018,R02ZF_REUSED_R02ZF_PERSON018,True,ANGULAR_DYNAMIC_AVAILABLE,292.0,293.0,16222.0,16278.0,-1.7201959404242864,3.387752849971001,OPTICAL_DIRECTION_INDETERMINATE,-23.316177338633384,-20.783560136113195,-22.50375607653748,-19.928424488662383,26.0,26.0,2.532617202520189,2.575331587875098,-22.049868737373288,-21.216090282599932,1.2663086012600946,1.287665793937549,0.8337784547733555,-1.7201959404242864,3.387752849971001,-1.7201959404242881,3.3877528499709992,0.326463122081861,False,False,OPTICAL_DIRECTION_INDETERMINATE,0.8124212620959028,0.8551356474508118,0.8337784547733573,0.04271438535490901,COHERENT_POSITIVE_SHIFT,MIDPOINT_POSITIVE,SUPPORT_WIDTH_EXPANSION,1,56,FRAME_GAP_1,TIME_GAP_LE_60MS,2.5539743951976437,0.8337784547733573,0.04271438535490901,0.016724672508552495,WIDTH_Q2,110,DEDUPLICATED_RUNTIME_LEGAL_OPTICAL_DYNAMIC_PAIR_SIGNATURE
R02ZF,NOMINAL,17,R02ZF_SARF000489,R02ZF_SARF000490,489,490,R02ZF_SARF000489__R02ZF_SARF000489__Q095__R0001__TO__R02ZF_SARF000490__Q095__R0005,R02ZF_SARF000489__Q095__R0001,R02ZF_SARF000490__Q095__R0005,-40.52164459228516,-30.30726623535156,-52.5504150390625,-46.31864547729492,False,False,False,False,False,False,False,H_A793F4E7C94D12AFCBB1,R02ZF_REUSED_R02ZF_PERSON024,R02ZF_REUSED_R02ZF_PERSON024,True,ANGULAR_DYNAMIC_AVAILABLE,293.0,294.0,16278.0,16333.0,-4.186966342366887,6.888893666348508,OPTICAL_DIRECTION_INDETERMINATE,-45.18926599463623,-40.32654006129996,-44.513506403666845,-38.30037232828772,5.0,5.0,4.862725933336272,6.2131340753791235,-42.7579030279681,-41.40693936597728,2.431362966668136,3.1065670376895618,1.3509636619908179,-4.186966342366887,6.888893666348508,-4.18696634236688,6.888893666348515,0.2439474065088885,False,False,OPTICAL_DIRECTION_INDETERMINATE,0.6757595909693848,2.0261677330122367,1.3509636619908143,1.350408142042852,COHERENT_POSITIVE_SHIFT,MIDPOINT_POSITIVE,SUPPORT_WIDTH_EXPANSION,1,55,FRAME_GAP_1,TIME_GAP_LE_60MS,5.5379300043576976,1.3509636619908143,1.350408142042852,0.24384709466899004,WIDTH_Q4,12,DEDUPLICATED_RUNTIME_LEGAL_OPTICAL_DYNAMIC_PAIR_SIGNATURE
R02ZF,NOMINAL,17,R02ZF_SARF000489,R02ZF_SARF000490,489,490,R02ZF_SARF000489__R02ZF_SARF000489__Q095__R0001__TO__R02ZF_SARF000490__Q095__R0006,R02ZF_SARF000489__Q095__R0001,R02ZF_SARF000490__Q095__R0006,-40.52164459228516,-30.30726623535156,-23.80506134033203,-18.76361083984375,False,False,False,False,False,False,False,H_5C3933EC5E600DB611A5,R02ZF_REUSED_R02ZF_PERSON017,R02ZF_REUSED_R02ZF_PERSON017,True,ANGULAR_DYNAMIC_AVAILABLE,293.0,294.0,16278.0,16333.0,-1.677649190114753,3.4341698539821515,OPTICAL_DIRECTION_INDETERMINATE,-25.63583781871358,-23.079097445312584,-24.756746635427337,-22.201667964731428,26.0,26.0,2.556740373400995,2.5550786706959094,-24.357467632013083,-23.47920730007938,1.2783701867004975,1.2775393353479547,0.8782603319337028,-1.677649190114753,3.4341698539821515,-1.6776491901147494,3.434169853982155,0.3436194921445477,False,False,OPTICAL_DIRECTION_INDETERMINATE,0.879091183286242,0.8774294805811564,0.878260331933701,-0.0016617027050855881,COHERENT_POSITIVE_SHIFT,MIDPOINT_POSITIVE,SUPPORT_WIDTH_CONTRACTION,1,55,FRAME_GAP_1,TIME_GAP_LE_60MS,2.5559095220484522,0.878260331933701,0.0016617027050855881,0.0006501414430952957,WIDTH_Q2,88,DEDUPLICATED_RUNTIME_LEGAL_OPTICAL_DYNAMIC_PAIR_SIGNATURE
R02ZF,NOMINAL,17,R02ZF_SARF000489,R02ZF_SARF000490,489,490,R02ZF_SARF000489__R02ZF_SARF000489__Q095__R0001__TO__R02ZF_SARF000490__Q095__R0009,R02ZF_SARF000489__Q095__R0001,R02ZF_SARF000490__Q095__R0009,-40.52164459228516,-30.30726623535156,-30.67096328735352,-25.24152183532715,False,False,False,False,False,False,False,H_7CA9732360AF235F79C4,R02ZF_REUSED_R02ZF_PERSON021,R02ZF_REUSED_R02ZF_PERSON021,True,ANGULAR_DYNAMIC_AVAILABLE,293.0,294.0,16278.0,16333.0,-5.065364607017834,8.97140635481312,OPTICAL_DIRECTION_INDETERMINATE,-39.90492816416025,-32.863038582067084,-37.92840318908492,-30.93352180934713,9.0,9.0,7.0418895820931695,6.994881379737787,-36.383983373113665,-34.43096249921602,3.5209447910465848,3.4974406898688937,1.9530208738976427,-5.065364607017834,8.971406354813123,-5.065364607017836,8.971406354813121,0.27827210107058564,False,False,OPTICAL_DIRECTION_INDETERMINATE,1.9765249750753355,1.9295167727199534,1.9530208738976462,-0.04700820235538217,COHERENT_POSITIVE_SHIFT,MIDPOINT_POSITIVE,SUPPORT_WIDTH_CONTRACTION,1,55,FRAME_GAP_1,TIME_GAP_LE_60MS,7.018385480915478,1.9530208738976462,0.04700820235538217,0.006697865553724247,WIDTH_Q4,48,DEDUPLICATED_RUNTIME_LEGAL_OPTICAL_DYNAMIC_PAIR_SIGNATURE
R02ZF,NOMINAL,17,R02ZF_SARF000489,R02ZF_SARF000490,489,490,R02ZF_SARF000489__R02ZF_SARF000489__Q095__R0006__TO__R02ZF_SARF000490__Q095__R0006,R02ZF_SARF000489__Q095__R0006,R02ZF_SARF000490__Q095__R0006,-24.661911010742188,-18.76163101196289,-23.80506134033203,-18.76361083984375,False,False,False,False,False,False,False,H_751F20183C75CB7A56AE,R02ZF_REUSED_R02ZF_PERSON018,R02ZF_REUSED_R02ZF_PERSON018,True,ANGULAR_DYNAMIC_AVAILABLE,293.0,294.0,16278.0,16333.0,-1.6596617872969084,3.428797394996895,OPTICAL_DIRECTION_INDETERMINATE,-22.50375607653748,-19.928424488662383,-21.58808627595929,-19.074958681540583,26.0,26.0,2.575331587875098,2.513127594418709,-21.216090282599932,-20.33152247874994,1.287665793937549,1.2565637972093544,0.8845678038499933,-1.6596617872969084,3.4287973949968986,-1.6596617872969102,3.428797394996897,0.3476760929626805,False,False,OPTICAL_DIRECTION_INDETERMINATE,0.9156698005781898,0.8534658071218004,0.8845678038499933,-0.062203993456389384,COHERENT_POSITIVE_SHIFT,MIDPOINT_POSITIVE,SUPPORT_WIDTH_CONTRACTION,1,55,FRAME_GAP_1,TIME_GAP_LE_60MS,2.5442295911469035,0.8845678038499933,0.062203993456389384,0.024449048809446747,WIDTH_Q2,77,DEDUPLICATED_RUNTIME_LEGAL_OPTICAL_DYNAMIC_PAIR_SIGNATURE
R02ZF,NOMINAL,18,R02ZF_SARF000490,R02ZF_SARF000491,490,491,R02ZF_SARF000490__R02ZF_SARF000490__Q095__R0005__TO__R02ZF_SARF000491__Q095__R0004,R02ZF_SARF000490__Q095__R0005,R02ZF_SARF000491__Q095__R0004,-52.5504150390625,-46.31864547729492,-39.4007682800293,-29.21651077270508,False,False,False,False,False,False,False,H_52DF3EB9B3FC56CDCAAF,R02ZF_REUSED_R02ZF_PERSON024,R02ZF_REUSED_R02ZF_PERSON024,True,ANGULAR_DYNAMIC_AVAILABLE,294.0,295.0,16333.0,16389.0,-4.794307898052836,8.294707224359087,OPTICAL_DIRECTION_INDETERMINATE,-44.513506403666845,-38.30037232828772,-43.09468022634056,-36.21879917930776,5.0,5.0,6.2131340753791235,6.875881047032799,-41.40693936597728,-39.656739702824154,3.1065670376895618,3.4379405235163993,1.7501996631531256,-4.7943078980528355,8.294707224359087,-4.7943078980528355,8.294707224359087,0.26743030652570826,False,False,OPTICAL_DIRECTION_INDETERMINATE,1.418826177326288,2.081573148979963,1.7501996631531291,0.6627469716536751,COHERENT_POSITIVE_SHIFT,MIDPOINT_POSITIVE,SUPPORT_WIDTH_EXPANSION,1,56,FRAME_GAP_1,TIME_GAP_LE_60MS,6.544507561205961,1.7501996631531291,0.6627469716536751,0.10126766077592403,WIDTH_Q4,24,DEDUPLICATED_RUNTIME_LEGAL_OPTICAL_DYNAMIC_PAIR_SIGNATURE
R02ZF,NOMINAL,18,R02ZF_SARF000490,R02ZF_SARF000491,490,491,R02ZF_SARF000490__R02ZF_SARF000490__Q095__R0006__TO__R02ZF_SARF000491__Q095__R0003,R02ZF_SARF000490__Q095__R0006,R02ZF_SARF000491__Q095__R0003,-23.80506134033203,-18.76361083984375,-23.409751892089844,-18.416059494018555,False,False,False,False,False,False,False,H_C05F9E04DA84C7C81E0C,R02ZF_REUSED_R02ZF_PERSON017,R02ZF_REUSED_R02ZF_PERSON017,True,ANGULAR_DYNAMIC_AVAILABLE,294.0,295.0,16333.0,16389.0,-1.6826603386169694,3.4006509830964227,OPTICAL_DIRECTION_INDETERMINATE,-24.756746635427337,-22.201667964731428,-23.8843283033484,-21.356095652330914,26.0,26.0,2.5550786706959094,2.528232651017486,-23.47920730007938,-22.62021197783966,1.2775393353479547,1.264116325508743,0.8589953222397213,-1.682660338616973,3.4006509830964227,-1.6826603386169765,3.400650983096419,0.33796683613317857,False,False,OPTICAL_DIRECTION_INDETERMINATE,0.8724183320789365,0.8455723124005132,0.8589953222397231,-0.02684601967842326,COHERENT_POSITIVE_SHIFT,MIDPOINT_POSITIVE,SUPPORT_WIDTH_CONTRACTION,1,56,FRAME_GAP_1,TIME_GAP_LE_60MS,2.541655660856698,0.8589953222397231,0.02684601967842326,0.01056241413495582,WIDTH_Q2,143,DEDUPLICATED_RUNTIME_LEGAL_OPTICAL_DYNAMIC_PAIR_SIGNATURE
R02ZF,NOMINAL,18,R02ZF_SARF000490,R02ZF_SARF000491,490,491,R02ZF_SARF000490__R02ZF_SARF000490__Q095__R0006__TO__R02ZF_SARF000491__Q095__R0003,R02ZF_SARF000490__Q095__R0006,R02ZF_SARF000491__Q095__R0003,-23.80506134033203,-18.76361083984375,-23.409751892089844,-18.416059494018555,False,False,False,False,False,False,False,H_D0AB13EC0E99698021E0,R02ZF_REUSED_R02ZF_PERSON018,R02ZF_REUSED_R02ZF_PERSON018,True,ANGULAR_DYNAMIC_AVAILABLE,294.0,295.0,16333.0,16389.0,-1.6002441161010132,3.3485832133767346,OPTICAL_DIRECTION_INDETERMINATE,-21.58808627595929,-19.074958681540583,-20.6752027976416,-18.23950306258256,26.0,26.0,2.513127594418709,2.435699735059039,-20.33152247874994,-19.45735293011208,1.2565637972093544,1.2178498675295195,0.8741695486378589,-1.6002441161010168,3.348583213376731,-1.600244116101015,3.348583213376733,0.3532835116031864,False,False,OPTICAL_DIRECTION_INDETERMINATE,0.912883478317692,0.8354556189580222,0.8741695486378571,-0.07742785935966978,COHERENT_POSITIVE_SHIFT,MIDPOINT_POSITIVE,SUPPORT_WIDTH_CONTRACTION,1,56,FRAME_GAP_1,TIME_GAP_LE_60MS,2.474413664738874,0.8741695486378571,0.07742785935966978,0.03129139660964521,WIDTH_Q1,110,DEDUPLICATED_RUNTIME_LEGAL_OPTICAL_DYNAMIC_PAIR_SIGNATURE
R02ZF,NOMINAL,18,R02ZF_SARF000490,R02ZF_SARF000491,490,491,R02ZF_SARF000490__R02ZF_SARF000490__Q095__R0009__TO__R02ZF_SARF000491__Q095__R0003,R02ZF_SARF000490__Q095__R0009,R02ZF_SARF000491__Q095__R0003,-30.67096328735352,-25.24152183532715,-23.409751892089844,-18.416059494018555,False,False,False,False,False,False,False,H_9BEC1925017D82C4B101,R02ZF_REUSED_R02ZF_PERSON021,R02ZF_REUSED_R02ZF_PERSON021,True,ANGULAR_DYNAMIC_AVAILABLE,294.0,295.0,16333.0,16389.0,-4.867677321167626,8.72243047668998,OPTICAL_DIRECTION_INDETERMINATE,-37.92840318908492,-30.93352180934713,-35.80119913051476,-29.20597271239494,9.0,9.0,6.994881379737787,6.595226418119822,-34.43096249921602,-32.50358592145485,3.4974406898688937,3.297613209059911,1.9273765777611729,-4.86767732116763,8.72243047668998,-4.867677321167632,8.722430476689977,0.2836440455704128,False,False,OPTICAL_DIRECTION_INDETERMINATE,2.1272040585701575,1.7275490969521918,1.9273765777611747,-0.39965496161796565,COHERENT_POSITIVE_SHIFT,MIDPOINT_POSITIVE,SUPPORT_WIDTH_CONTRACTION,1,56,FRAME_GAP_1,TIME_GAP_LE_60MS,6.7950538989288045,1.9273765777611747,0.39965496161796565,0.058815569024547196,WIDTH_Q4,88,DEDUPLICATED_RUNTIME_LEGAL_OPTICAL_DYNAMIC_PAIR_SIGNATURE
R02ZF,NOMINAL,20,R02ZF_SARF000492,R02ZF_SARF000493,492,493,R02ZF_SARF000492__R02ZF_SARF000492__Q095__R0005__TO__R02ZF_SARF000493__Q095__R0002,R02ZF_SARF000492__Q095__R0005,R02ZF_SARF000493__Q095__R0002,-21.98810577392578,-18.032283782958984,-38.88214492797852,-27.573383331298828,False,False,False,False,False,False,False,H_F94A25A5A2BBEAF7B668,R02ZF_REUSED_R02ZF_PERSON017,R02ZF_REUSED_R02ZF_PERSON017,True,ANGULAR_DYNAMIC_AVAILABLE,295.0,296.0,16389.0,16444.0,-1.6253014861486008,3.394759343737864,OPTICAL_DIRECTION_INDETERMINATE,-23.8843283033484,-21.356095652330914,-22.981397138479515,-20.489568959610533,26.0,26.0,2.528232651017486,2.491828178868982,-22.62021197783966,-21.735483049045023,1.264116325508743,1.245914089434491,0.8847289287946367,-1.6253014861486008,3.394759343737867,-1.6253014861485973,3.3947593437378707,0.3524773737909648,False,False,OPTICAL_DIRECTION_INDETERMINATE,0.9029311648688854,0.866526692720381,0.8847289287946349,-0.036404472148504397,COHERENT_POSITIVE_SHIFT,MIDPOINT_POSITIVE,SUPPORT_WIDTH_CONTRACTION,1,55,FRAME_GAP_1,TIME_GAP_LE_60MS,2.510030414943234,0.8847289287946349,0.036404472148504397,0.01450359801689005,WIDTH_Q1,195,DEDUPLICATED_RUNTIME_LEGAL_OPTICAL_DYNAMIC_PAIR_SIGNATURE
R02ZF,NOMINAL,20,R02ZF_SARF000492,R02ZF_SARF000493,492,493,R02ZF_SARF000492__R02ZF_SARF000492__Q095__R0005__TO__R02ZF_SARF000493__Q095__R0003,R02ZF_SARF000492__Q095__R0005,R02ZF_SARF000493__Q095__R0003,-21.98810577392578,-18.032283782958984,-21.58045959472656,-17.649946212768555,False,False,False,False,False,False,False,H_6E7ED46B0067A2520C7E,R02ZF_REUSED_R02ZF_PERSON018,R02ZF_REUSED_R02ZF_PERSON018,True,ANGULAR_DYNAMIC_AVAILABLE,295.0,296.0,16389.0,16444.0,-1.6109418358538292,3.3386846082436925,OPTICAL_DIRECTION_INDETERMINATE,-20.6752027976416,-18.23950306258256,-19.850444898436383,-17.336518189397907,26.0,26.0,2.435699735059039,2.5139267090384756,-19.45735293011208,-18.593481543917143,1.2178498675295195,1.2569633545192378,0.863871386194937,-1.6109418358538221,3.3386846082436925,-1.6109418358538203,3.3386846082436943,0.34906528642181206,False,False,OPTICAL_DIRECTION_INDETERMINATE,0.8247578992052169,0.9029848731846535,0.863871386194937,0.07822697397943656,COHERENT_POSITIVE_SHIFT,MIDPOINT_POSITIVE,SUPPORT_WIDTH_EXPANSION,1,55,FRAME_GAP_1,TIME_GAP_LE_60MS,2.4748132220487573,0.863871386194937,0.07822697397943656,0.031609243591593915,WIDTH_Q1,144,DEDUPLICATED_RUNTIME_LEGAL_OPTICAL_DYNAMIC_PAIR_SIGNATURE
R02ZF,NOMINAL,20,R02ZF_SARF000492,R02ZF_SARF000493,492,493,R02ZF_SARF000492__R02ZF_SARF000492__Q095__R0007__TO__R02ZF_SARF000493__Q095__R0002,R02ZF_SARF000492__Q095__R0007,R02ZF_SARF000493__Q095__R0002,-38.64152145385742,-28.599842071533203,-38.88214492797852,-27.573383331298828,False,False,False,False,False,False,False,H_C78231BC565A91560B27,R02ZF_REUSED_R02ZF_PERSON021,R02ZF_REUSED_R02ZF_PERSON021,True,ANGULAR_DYNAMIC_AVAILABLE,295.0,296.0,16389.0,16444.0,-4.502288264265246,8.522109855902649,OPTICAL_DIRECTION_INDETERMINATE,-35.80119913051476,-29.20597271239494,-33.708260976660185,-27.27908927461211,9.0,9.0,6.595226418119822,6.429171702048073,-32.50358592145485,-30.49367512563615,3.297613209059911,3.2145858510240366,2.0099107958187012,-4.502288264265246,8.522109855902649,-4.502288264265246,8.522109855902649,0.30863780072975716,False,False,OPTICAL_DIRECTION_INDETERMINATE,2.0929381538545755,1.926883437782827,2.0099107958187012,-0.1660547160717485,COHERENT_POSITIVE_SHIFT,MIDPOINT_POSITIVE,SUPPORT_WIDTH_CONTRACTION,1,55,FRAME_GAP_1,TIME_GAP_LE_60MS,6.512199060083947,2.0099107958187012,0.1660547160717485,0.025499023377459212,WIDTH_Q4,108,DEDUPLICATED_RUNTIME_LEGAL_OPTICAL_DYNAMIC_PAIR_SIGNATURE
R02ZF,NOMINAL,20,R02ZF_SARF000492,R02ZF_SARF000493,492,493,R02ZF_SARF000492__R02ZF_SARF000492__Q095__R0007__TO__R02ZF_SARF000493__Q095__R0002,R02ZF_SARF000492__Q095__R0007,R02ZF_SARF000493__Q095__R0002,-38.64152145385742,-28.599842071533203,-38.88214492797852,-27.573383331298828,False,False,False,False,False,False,False,H_1C02F8AAA14D8175F77C,R02ZF_REUSED_R02ZF_PERSON024,R02ZF_REUSED_R02ZF_PERSON024,True,ANGULAR_DYNAMIC_AVAILABLE,295.0,296.0,16389.0,16444.0,-5.17492834815755,9.031725471244698,OPTICAL_DIRECTION_INDETERMINATE,-43.09468022634056,-36.21879917930776,-41.39372752746531,-34.06295475509586,5.0,5.0,6.875881047032799,7.33077277236945,-39.656739702824154,-37.72834114128058,3.4379405235163993,3.665386386184725,1.928398561543574,-5.17492834815755,9.031725471244698,-5.17492834815755,9.031725471244698,0.2714782222552548,False,False,OPTICAL_DIRECTION_INDETERMINATE,1.7009526988752484,2.1558444242118995,1.9283985615435775,0.4548917253366511,COHERENT_POSITIVE_SHIFT,MIDPOINT_POSITIVE,SUPPORT_WIDTH_EXPANSION,1,55,FRAME_GAP_1,TIME_GAP_LE_60MS,7.103326909701124,1.9283985615435775,0.4548917253366511,0.06403924965291945,WIDTH_Q4,32,DEDUPLICATED_RUNTIME_LEGAL_OPTICAL_DYNAMIC_PAIR_SIGNATURE
R02ZF,SAR_SHIFT_MINUS_1,1,R02ZF_SARF000473,R02ZF_SARF000474,473,474,R02ZF_SARF000473__R02ZF_SARF000473__Q095__R0007__TO__R02ZF_SARF000474__Q095__R0007,R02ZF_SARF000473__Q095__R0007,R02ZF_SARF000474__Q095__R0007,-27.497255325317383,-22.77695083618164,-35.31859588623047,-22.58708953857422,False,False,False,False,False,False,False,H_2801B7B8C0C83FEB8CA4,R02ZF_REUSED_R02ZF_PERSON017,R02ZF_REUSED_R02ZF_PERSON017,True,ANGULAR_DYNAMIC_AVAILABLE,283.0,284.0,15722.0,15778.0,-1.7877064781169452,3.589323409716308,OPTICAL_DIRECTION_INDETERMINATE,-34.81405658340101,-32.11811402370477,-33.905820501821715,-31.224733173684704,26.0,26.0,2.695942559696242,2.6810873281370107,-33.46608530355289,-32.56527683775321,1.347971279848121,1.3405436640685053,0.9008084657996775,-1.7877064781169452,3.5893234097163074,-1.7877064781169487,3.589323409716304,0.33505800956693976,False,False,OPTICAL_DIRECTION_INDETERMINATE,0.9082360815792967,0.8933808500200655,0.9008084657996811,-0.014855231559231186,COHERENT_POSITIVE_SHIFT,MIDPOINT_POSITIVE,SUPPORT_WIDTH_CONTRACTION,1,56,FRAME_GAP_1,TIME_GAP_LE_60MS,2.6885149439166263,0.9008084657996811,0.014855231559231186,0.005525441319507824,WIDTH_Q4,45,DEDUPLICATED_RUNTIME_LEGAL_OPTICAL_DYNAMIC_PAIR_SIGNATURE
R02ZF,SAR_SHIFT_MINUS_1,1,R02ZF_SARF000473,R02ZF_SARF000474,473,474,R02ZF_SARF000473__R02ZF_SARF000473__Q095__R0007__TO__R02ZF_SARF000474__Q095__R0007,R02ZF_SARF000473__Q095__R0007,R02ZF_SARF000474__Q095__R0007,-27.497255325317383,-22.77695083618164,-35.31859588623047,-22.58708953857422,False,False,False,False,False,False,False,H_1685D27A9AC80AA8CC72,R02ZF_REUSED_R02ZF_PERSON018,R02ZF_REUSED_R02ZF_PERSON018,True,ANGULAR_DYNAMIC_AVAILABLE,283.0,284.0,15722.0,15778.0,-1.8311605734407088,3.622935049508907,OPTICAL_DIRECTION_INDETERMINATE,-31.25874030197656,-28.59199879017525,-30.42315936361596,-27.63580525246765,26.0,26.0,2.666741511801309,2.787354111148307,-29.925369546075906,-29.029482308041807,1.3333707559006545,1.3936770555741536,0.8958872380340992,-1.8311605734407088,3.622935049508907,-1.8311605734407088,3.622935049508907,0.32851907996053675,False,False,OPTICAL_DIRECTION_INDETERMINATE,0.8355809383606001,0.9561935377075983,0.8958872380340974,0.1206125993469982,COHERENT_POSITIVE_SHIFT,MIDPOINT_POSITIVE,SUPPORT_WIDTH_EXPANSION,1,56,FRAME_GAP_1,TIME_GAP_LE_60MS,2.727047811474808,0.8958872380340974,0.1206125993469982,0.04422826722710446,WIDTH_Q4,35,DEDUPLICATED_RUNTIME_LEGAL_OPTICAL_DYNAMIC_PAIR_SIGNATURE
R02ZF,SAR_SHIFT_MINUS_1,3,R02ZF_SARF000475,R02ZF_SARF000476,475,476,R02ZF_SARF000475__R02ZF_SARF000475__Q095__R0007__TO__R02ZF_SARF000476__Q095__R0007,R02ZF_SARF000475__Q095__R0007,R02ZF_SARF000476__Q095__R0007,-35.24443435668945,-21.751665115356445,-33.86088562011719,-21.478654861450195,False,False,False,False,False,False,False,H_FB793F79605E581FF814,R02ZF_REUSED_R02ZF_PERSON017,R02ZF_REUSED_R02ZF_PERSON017,True,ANGULAR_DYNAMIC_AVAILABLE,284.0,285.0,15778.0,15833.0,-1.7527000496695777,3.598244686276839,OPTICAL_DIRECTION_INDETERMINATE,-33.905820501821715,-31.224733173684704,-32.97743322335428,-30.30757581554488,26.0,26.0,2.6810873281370107,2.6698574078094026,-32.56527683775321,-31.64250451944958,1.3405436640685053,1.3349287039047013,0.9227723183036289,-1.7527000496695777,3.5982446862768356,-1.7527000496695777,3.5982446862768356,0.3449007096278372,False,False,OPTICAL_DIRECTION_INDETERMINATE,0.928387278467433,0.9171573581398249,0.9227723183036289,-0.011229920327608056,COHERENT_POSITIVE_SHIFT,MIDPOINT_POSITIVE,SUPPORT_WIDTH_CONTRACTION,1,55,FRAME_GAP_1,TIME_GAP_LE_60MS,2.6754723679732066,0.9227723183036289,0.011229920327608056,0.0041973598613971996,WIDTH_Q3,20,DEDUPLICATED_RUNTIME_LEGAL_OPTICAL_DYNAMIC_PAIR_SIGNATURE
R02ZF,SAR_SHIFT_MINUS_1,3,R02ZF_SARF000475,R02ZF_SARF000476,475,476,R02ZF_SARF000475__R02ZF_SARF000475__Q095__R0007__TO__R02ZF_SARF000476__Q095__R0007,R02ZF_SARF000475__Q095__R0007,R02ZF_SARF000476__Q095__R0007,-35.24443435668945,-21.751665115356445,-33.86088562011719,-21.478654861450195,False,False,False,False,False,False,False,H_F2D7D7C0524F12E3A97D,R02ZF_REUSED_R02ZF_PERSON018,R02ZF_REUSED_R02ZF_PERSON018,True,ANGULAR_DYNAMIC_AVAILABLE,284.0,285.0,15778.0,15833.0,-1.9116758471274051,3.577312277542635,OPTICAL_DIRECTION_INDETERMINATE,-30.42315936361596,-27.63580525246765,-29.547481099595057,-26.845847086073324,26.0,26.0,2.787354111148307,2.7016340135217334,-29.029482308041807,-28.19666409283419,1.3936770555741536,1.3508170067608667,0.8328182152076167,-1.9116758471274053,3.577312277542635,-1.9116758471274036,3.577312277542637,0.30345054363100116,False,False,OPTICAL_DIRECTION_INDETERMINATE,0.8756782640209018,0.789958166394328,0.8328182152076149,-0.08572009762657373,COHERENT_POSITIVE_SHIFT,MIDPOINT_POSITIVE,SUPPORT_WIDTH_CONTRACTION,1,55,FRAME_GAP_1,TIME_GAP_LE_60MS,2.7444940623350202,0.8328182152076149,0.08572009762657373,0.031233478987250176,WIDTH_Q4,20,DEDUPLICATED_RUNTIME_LEGAL_OPTICAL_DYNAMIC_PAIR_SIGNATURE
R02ZF,SAR_SHIFT_MINUS_1,4,R02ZF_SARF000476,R02ZF_SARF000477,476,477,R02ZF_SARF000476__R02ZF_SARF000476__Q095__R0007__TO__R02ZF_SARF000477__Q095__R0007,R02ZF_SARF000476__Q095__R0007,R02ZF_SARF000477__Q095__R0007,-33.86088562011719,-21.478654861450195,-33.67852020263672,-21.3183650970459,False,False,False,False,False,False,False,H_FDCBCAD2E9809B3872BE,R02ZF_REUSED_R02ZF_PERSON017,R02ZF_REUSED_R02ZF_PERSON017,True,ANGULAR_DYNAMIC_AVAILABLE,285.0,286.0,15833.0,15889.0,-1.729745441515508,3.5722417243841704,OPTICAL_DIRECTION_INDETERMINATE,-32.97743322335428,-30.30757581554488,-32.037321257060384,-29.40519149897011,26.0,26.0,2.6698574078094026,2.6321297580902723,-31.64250451944958,-30.721256378015248,1.3349287039047013,1.3160648790451361,0.921248141434333,-1.7297454415155045,3.5722417243841704,-1.7297454415155045,3.5722417243841704,0.34751051355214274,False,False,OPTICAL_DIRECTION_INDETERMINATE,0.9401119662938981,0.9023843165747678,0.921248141434333,-0.03772764971913034,COHERENT_POSITIVE_SHIFT,MIDPOINT_POSITIVE,SUPPORT_WIDTH_CONTRACTION,1,56,FRAME_GAP_1,TIME_GAP_LE_60MS,2.6509935829498374,0.921248141434333,0.03772764971913034,0.014231513030352073,WIDTH_Q3,16,DEDUPLICATED_RUNTIME_LEGAL_OPTICAL_DYNAMIC_PAIR_SIGNATURE
R02ZF,SAR_SHIFT_MINUS_1,4,R02ZF_SARF000476,R02ZF_SARF000477,476,477,R02ZF_SARF000476__R02ZF_SARF000476__Q095__R0007__TO__R02ZF_SARF000477__Q095__R0007,R02ZF_SARF000476__Q095__R0007,R02ZF_SARF000477__Q095__R0007,-33.86088562011719,-21.478654861450195,-33.67852020263672,-21.3183650970459,False,False,False,False,False,False,False,H_FE53AAE33EE79F9F6E81,R02ZF_REUSED_R02ZF_PERSON018,R02ZF_REUSED_R02ZF_PERSON018,True,ANGULAR_DYNAMIC_AVAILABLE,285.0,286.0,15833.0,15889.0,-1.8897498345728396,3.550262817279432,OPTICAL_DIRECTION_INDETERMINATE,-29.547481099595057,-26.845847086073324,-28.735596920646163,-25.997218282315625,26.0,26.0,2.7016340135217334,2.7383786383305377,-28.19666409283419,-27.366407601480894,1.3508170067608667,1.3691893191652689,0.8302564913532962,-1.8897498345728394,3.5502628172794317,-1.8897498345728394,3.5502628172794317,0.3052406472145251,False,False,OPTICAL_DIRECTION_INDETERMINATE,0.811884178948894,0.8486288037576983,0.8302564913532962,0.03674462480880436,COHERENT_POSITIVE_SHIFT,MIDPOINT_POSITIVE,SUPPORT_WIDTH_EXPANSION,1,56,FRAME_GAP_1,TIME_GAP_LE_60MS,2.7200063259261356,0.8302564913532962,0.03674462480880436,0.013509021820489029,WIDTH_Q4,24,DEDUPLICATED_RUNTIME_LEGAL_OPTICAL_DYNAMIC_PAIR_SIGNATURE
R02ZF,SAR_SHIFT_MINUS_1,6,R02ZF_SARF000478,R02ZF_SARF000479,478,479,R02ZF_SARF000478__R02ZF_SARF000478__Q095__R0009__TO__R02ZF_SARF000479__Q095__R0008,R02ZF_SARF000478__Q095__R0009,R02ZF_SARF000479__Q095__R0008,-25.352163314819336,-22.38740539550781,-26.504234313964844,-22.346281051635746,False,False,False,False,False,False,False,H_5240DD5036E73124304B,R02ZF_REUSED_R02ZF_PERSON017,R02ZF_REUSED_R02ZF_PERSON017,True,ANGULAR_DYNAMIC_AVAILABLE,286.0,287.0,15889.0,15944.0,-1.735805529679709,3.521830774797348,OPTICAL_DIRECTION_INDETERMINATE,-32.037321257060384,-29.40519149897011,-31.14099702864982,-28.51549048226304,26.0,26.0,2.6321297580902723,2.625506546386781,-30.721256378015248,-29.82824375545643,1.3160648790451361,1.3127532731933904,0.8930126225588175,-1.735805529679709,3.521830774797344,-1.735805529679709,3.521830774797344,0.33970117780812925,False,False,OPTICAL_DIRECTION_INDETERMINATE,0.8963242284105633,0.8897010167070718,0.8930126225588175,-0.0066232117034914495,COHERENT_POSITIVE_SHIFT,MIDPOINT_POSITIVE,SUPPORT_WIDTH_CONTRACTION,1,55,FRAME_GAP_1,TIME_GAP_LE_60MS,2.6288181522385266,0.8930126225588175,0.0066232117034914495,0.002519463622027854,WIDTH_Q3,36,DEDUPLICATED_RUNTIME_LEGAL_OPTICAL_DYNAMIC_PAIR_SIGNATURE
R02ZF,SAR_SHIFT_MINUS_1,6,R02ZF_SARF000478,R02ZF_SARF000479,478,479,R02ZF_SARF000478__R02ZF_SARF000478__Q095__R0009__TO__R02ZF_SARF000479__Q095__R0008,R02ZF_SARF000478__Q095__R0009,R02ZF_SARF000479__Q095__R0008,-25.352163314819336,-22.38740539550781,-26.504234313964844,-22.346281051635746,False,False,False,False,False,False,False,H_03BE6907C58881E9568A,R02ZF_REUSED_R02ZF_PERSON018,R02ZF_REUSED_R02ZF_PERSON018,True,ANGULAR_DYNAMIC_AVAILABLE,286.0,287.0,15889.0,15944.0,-1.816109225155035,3.588665889744288,OPTICAL_DIRECTION_INDETERMINATE,-28.735596920646163,-25.997218282315625,-27.81332750747066,-25.146931030901875,26.0,26.0,2.7383786383305377,2.666396476568785,-27.366407601480894,-26.480129269186268,1.3691893191652689,1.3331982382843925,0.8862783322946264,-1.816109225155035,3.588665889744288,-1.816109225155035,3.588665889744288,0.3279612244555472,False,False,OPTICAL_DIRECTION_INDETERMINATE,0.9222694131755027,0.8502872514137501,0.8862783322946264,-0.07198216176175265,COHERENT_POSITIVE_SHIFT,MIDPOINT_POSITIVE,SUPPORT_WIDTH_CONTRACTION,1,55,FRAME_GAP_1,TIME_GAP_LE_60MS,2.7023875574496614,0.8862783322946264,0.07198216176175265,0.02663650576813814,WIDTH_Q4,42,DEDUPLICATED_RUNTIME_LEGAL_OPTICAL_DYNAMIC_PAIR_SIGNATURE
R02ZF,SAR_SHIFT_MINUS_1,8,R02ZF_SARF000480,R02ZF_SARF000481,480,481,R02ZF_SARF000480__R02ZF_SARF000480__Q095__R0009__TO__R02ZF_SARF000481__Q095__R0008,R02ZF_SARF000480__Q095__R0009,R02ZF_SARF000481__Q095__R0008,-25.797929763793945,-22.209640502929688,-29.24764060974121,-19.2650146484375,False,False,False,False,False,False,False,H_F3AF6EE3EF42145E2536,R02ZF_REUSED_R02ZF_PERSON017,R02ZF_REUSED_R02ZF_PERSON017,True,ANGULAR_DYNAMIC_AVAILABLE,287.0,288.0,15944.0,16000.0,-1.9126425967898832,3.3262210242086283,OPTICAL_DIRECTION_INDETERMINATE,-31.14099702864982,-28.51549048226304,-30.42813307905292,-27.814776004441192,26.0,26.0,2.625506546386781,2.613357074611727,-29.82824375545643,-29.121454541747056,1.3127532731933904,1.3066785373058636,0.7067892137093743,-1.9126425967898797,3.3262210242086283,-1.9126425967898797,3.3262210242086283,0.26982539147475,False,False,OPTICAL_DIRECTION_INDETERMINATE,0.7128639495969011,0.7007144778218475,0.7067892137093743,-0.012149471775053655,COHERENT_POSITIVE_SHIFT,MIDPOINT_POSITIVE,SUPPORT_WIDTH_CONTRACTION,1,56,FRAME_GAP_1,TIME_GAP_LE_60MS,2.619431810499254,0.7067892137093743,0.012149471775053655,0.00463820883840378,WIDTH_Q3,35,DEDUPLICATED_RUNTIME_LEGAL_OPTICAL_DYNAMIC_PAIR_SIGNATURE
R02ZF,SAR_SHIFT_MINUS_1,8,R02ZF_SARF000480,R02ZF_SARF000481,480,481,R02ZF_SARF000480__R02ZF_SARF000480__Q095__R0009__TO__R02ZF_SARF000481__Q095__R0008,R02ZF_SARF000480__Q095__R0009,R02ZF_SARF000481__Q095__R0008,-25.797929763793945,-22.209640502929688,-29.24764060974121,-19.2650146484375,False,False,False,False,False,False,False,H_978B797AE2EF641FF273,R02ZF_REUSED_R02ZF_PERSON018,R02ZF_REUSED_R02ZF_PERSON018,True,ANGULAR_DYNAMIC_AVAILABLE,287.0,288.0,15944.0,16000.0,-1.9460866015397755,3.3015396123634098,OPTICAL_DIRECTION_INDETERMINATE,-27.81332750747066,-25.146931030901875,-27.09301763244165,-24.51178789510725,26.0,26.0,2.666396476568785,2.5812297373344,-26.480129269186268,-25.802402763774452,1.3331982382843925,1.2906148686672,0.6777265054118153,-1.9460866015397755,3.3015396123634098,-1.9460866015397773,3.301539612363408,0.258298315385433,False,False,OPTICAL_DIRECTION_INDETERMINATE,0.7203098750290096,0.6351431357946247,0.6777265054118153,-0.08516673923438489,COHERENT_POSITIVE_SHIFT,MIDPOINT_POSITIVE,SUPPORT_WIDTH_CONTRACTION,1,56,FRAME_GAP_1,TIME_GAP_LE_60MS,2.6238131069515926,0.6777265054118153,0.08516673923438489,0.03245914848460133,WIDTH_Q3,42,DEDUPLICATED_RUNTIME_LEGAL_OPTICAL_DYNAMIC_PAIR_SIGNATURE
R02ZF,SAR_SHIFT_MINUS_1,9,R02ZF_SARF000481,R02ZF_SARF000482,481,482,R02ZF_SARF000481__R02ZF_SARF000481__Q095__R0008__TO__R02ZF_SARF000482__Q095__R0006,R02ZF_SARF000481__Q095__R0008,R02ZF_SARF000482__Q095__R0006,-29.24764060974121,-19.2650146484375,-31.085893630981445,-27.94162940979004,False,False,False,False,False,False,False,H_5ADCEB62E27A568DD467,R02ZF_REUSED_R02ZF_PERSON017,R02ZF_REUSED_R02ZF_PERSON017,True,ANGULAR_DYNAMIC_AVAILABLE,288.0,289.0,16000.0,16056.0,-1.7414204898408414,3.434710192178194,OPTICAL_DIRECTION_INDETERMINATE,-30.42813307905292,-27.814776004441192,-29.556196494282037,-26.993422886874725,26.0,26.0,2.613357074611727,2.562773607407312,-29.121454541747056,-28.27480969057838,1.3066785373058636,1.281386803703656,0.8466448511686764,-1.741420489840845,3.434710192178194,-1.7414204898408432,3.434710192178196,0.3271342642525509,False,False,OPTICAL_DIRECTION_INDETERMINATE,0.8719365847708822,0.821353117566467,0.8466448511686764,-0.0505834672044152,COHERENT_POSITIVE_SHIFT,MIDPOINT_POSITIVE,SUPPORT_WIDTH_CONTRACTION,1,56,FRAME_GAP_1,TIME_GAP_LE_60MS,2.5880653410095196,0.8466448511686764,0.0505834672044152,0.01954489571916459,WIDTH_Q3,40,DEDUPLICATED_RUNTIME_LEGAL_OPTICAL_DYNAMIC_PAIR_SIGNATURE
R02ZF,SAR_SHIFT_MINUS_1,9,R02ZF_SARF000481,R02ZF_SARF000482,481,482,R02ZF_SARF000481__R02ZF_SARF000481__Q095__R0008__TO__R02ZF_SARF000482__Q095__R0006,R02ZF_SARF000481__Q095__R0008,R02ZF_SARF000482__Q095__R0006,-29.24764060974121,-19.2650146484375,-31.085893630981445,-27.94162940979004,False,False,False,False,False,False,False,H_F27B1BD9A6C96716A127,R02ZF_REUSED_R02ZF_PERSON018,R02ZF_REUSED_R02ZF_PERSON018,True,ANGULAR_DYNAMIC_AVAILABLE,288.0,289.0,16000.0,16056.0,-1.7816870780697052,3.381685437945805,OPTICAL_DIRECTION_INDETERMINATE,-27.09301763244165,-24.51178789510725,-26.29347497317696,-23.71133219449585,26.0,26.0,2.5812297373344,2.58214277868111,-25.802402763774452,-25.002403583836404,1.2906148686672,1.291071389340555,0.7999991799380481,-1.7816870780697087,3.3816854379458015,-1.781687078069707,3.3816854379458032,0.3098746710436435,False,False,OPTICAL_DIRECTION_INDETERMINATE,0.7995426592646915,0.8004557006114013,0.7999991799380464,0.0009130413467097753,COHERENT_POSITIVE_SHIFT,MIDPOINT_POSITIVE,SUPPORT_WIDTH_EXPANSION,1,56,FRAME_GAP_1,TIME_GAP_LE_60MS,2.581686258007755,0.7999991799380464,0.0009130413467097753,0.000353660846230926,WIDTH_Q3,54,DEDUPLICATED_RUNTIME_LEGAL_OPTICAL_DYNAMIC_PAIR_SIGNATURE
R02ZF,SAR_SHIFT_MINUS_1,11,R02ZF_SARF000483,R02ZF_SARF000484,483,484,R02ZF_SARF000483__R02ZF_SARF000483__Q095__R0001__TO__R02ZF_SARF000484__Q095__R0001,R02ZF_SARF000483__Q095__R0001,R02ZF_SARF000484__Q095__R0001,-43.61362838745117,-34.70704650878906,-43.00187683105469,-34.41638946533203,False,False,False,False,False,False,False,H_C587A5CA2CA5F08E8F46,R02ZF_REUSED_R02ZF_PERSON017,R02ZF_REUSED_R02ZF_PERSON017,True,ANGULAR_DYNAMIC_AVAILABLE,289.0,290.0,16056.0,16111.0,-1.45629932287439,3.7151082825101542,OPTICAL_DIRECTION_INDETERMINATE,-29.556196494282037,-26.993422886874725,-28.449722209749115,-25.84108821177188,26.0,26.0,2.562773607407312,2.608633997977236,-28.27480969057838,-27.145405210760497,1.281386803703656,1.304316998988618,1.1294044798178824,-1.45629932287439,3.7151082825101582,-1.4562993228743917,3.7151082825101565,0.43678803374227526,False,False,OPTICAL_DIRECTION_INDETERMINATE,1.106474284532922,1.1523346751028463,1.1294044798178842,0.04586039056992419,COHERENT_POSITIVE_SHIFT,MIDPOINT_POSITIVE,SUPPORT_WIDTH_EXPANSION,1,55,FRAME_GAP_1,TIME_GAP_LE_60MS,2.585703802692274,1.1294044798178842,0.04586039056992419,0.017736134557320007,WIDTH_Q3,90,DEDUPLICATED_RUNTIME_LEGAL_OPTICAL_DYNAMIC_PAIR_SIGNATURE
R02ZF,SAR_SHIFT_MINUS_1,11,R02ZF_SARF000483,R02ZF_SARF000484,483,484,R02ZF_SARF000483__R02ZF_SARF000483__Q095__R0001__TO__R02ZF_SARF000484__Q095__R0001,R02ZF_SARF000483__Q095__R0001,R02ZF_SARF000484__Q095__R0001,-43.61362838745117,-34.70704650878906,-43.00187683105469,-34.41638946533203,False,False,False,False,False,False,False,H_F2A31DE5D3ABCDA990A9,R02ZF_REUSED_R02ZF_PERSON021,R02ZF_REUSED_R02ZF_PERSON021,True,ANGULAR_DYNAMIC_AVAILABLE,289.0,290.0,16056.0,16111.0,-4.156611430326059,6.80102240068571,OPTICAL_DIRECTION_INDETERMINATE,-45.34263864419872,-40.76871858100274,-44.9253300113288,-38.54161624351301,9.0,9.0,4.573920063195985,6.383713767815792,-43.05567861260073,-41.73347312742091,2.2869600315979923,3.191856883907896,1.322205485179822,-4.156611430326066,6.80102240068571,-4.156611430326066,6.80102240068571,0.2413304743653285,False,False,OPTICAL_DIRECTION_INDETERMINATE,0.4173086328699185,2.2271023374897254,1.322205485179822,1.809793704619807,COHERENT_POSITIVE_SHIFT,MIDPOINT_POSITIVE,SUPPORT_WIDTH_EXPANSION,1,55,FRAME_GAP_1,TIME_GAP_LE_60MS,5.478816915505888,1.322205485179822,1.809793704619807,0.3303256401026679,WIDTH_Q4,15,DEDUPLICATED_RUNTIME_LEGAL_OPTICAL_DYNAMIC_PAIR_SIGNATURE
R02ZF,SAR_SHIFT_MINUS_1,11,R02ZF_SARF000483,R02ZF_SARF000484,483,484,R02ZF_SARF000483__R02ZF_SARF000483__Q095__R0003__TO__R02ZF_SARF000484__Q095__R0006,R02ZF_SARF000483__Q095__R0003,R02ZF_SARF000484__Q095__R0006,-24.03499984741211,-20.807846069335938,-25.837854385375977,-18.41628646850586,False,False,False,False,False,False,False,H_321D72C2ED72729AEC1D,R02ZF_REUSED_R02ZF_PERSON018,R02ZF_REUSED_R02ZF_PERSON018,True,ANGULAR_DYNAMIC_AVAILABLE,289.0,290.0,16056.0,16111.0,-1.437166142678393,3.6522093360138257,OPTICAL_DIRECTION_INDETERMINATE,-26.29347497317696,-23.71133219449585,-25.14849833717424,-22.64126563716313,26.0,26.0,2.58214277868111,2.5072327000111088,-25.002403583836404,-23.894881987168684,1.291071389340555,1.2536163500055544,1.1075215966677199,-1.4371661426783895,3.6522093360138292,-1.4371661426783895,3.6522093360138292,0.4352288807554486,False,False,OPTICAL_DIRECTION_INDETERMINATE,1.1449766360027205,1.0700665573327193,1.1075215966677199,-0.07491007867000121,COHERENT_POSITIVE_SHIFT,MIDPOINT_POSITIVE,SUPPORT_WIDTH_CONTRACTION,1,55,FRAME_GAP_1,TIME_GAP_LE_60MS,2.5446877393461094,1.1075215966677199,0.07491007867000121,0.02943782748340287,WIDTH_Q2,72,DEDUPLICATED_RUNTIME_LEGAL_OPTICAL_DYNAMIC_PAIR_SIGNATURE
R02ZF,SAR_SHIFT_MINUS_1,13,R02ZF_SARF000485,R02ZF_SARF000486,485,486,R02ZF_SARF000485__R02ZF_SARF000485__Q095__R0001__TO__R02ZF_SARF000486__Q095__R0001,R02ZF_SARF000485__Q095__R0001,R02ZF_SARF000486__Q095__R0001,-42.81047439575195,-33.816497802734375,-42.55290985107422,-32.75892639160156,False,False,False,False,False,False,False,H_2082D7AB811DD708E881,R02ZF_REUSED_R02ZF_PERSON017,R02ZF_REUSED_R02ZF_PERSON017,True,ANGULAR_DYNAMIC_AVAILABLE,290.0,291.0,16111.0,16167.0,-1.6396725291163357,3.5686196682015776,OPTICAL_DIRECTION_INDETERMINATE,-28.449722209749115,-25.84108821177188,-27.48076074088821,-24.881102541547538,26.0,26.0,2.608633997977236,2.5996581993406735,-27.145405210760497,-26.180931641217875,1.304316998988618,1.2998290996703368,0.9644735695426228,-1.639672529116332,3.5686196682015776,-1.639672529116332,3.5686196682015776,0.370360775856352,False,False,OPTICAL_DIRECTION_INDETERMINATE,0.9689614688609041,0.9599856702243414,0.9644735695426228,-0.008975798636562615,COHERENT_POSITIVE_SHIFT,MIDPOINT_POSITIVE,SUPPORT_WIDTH_CONTRACTION,1,56,FRAME_GAP_1,TIME_GAP_LE_60MS,2.604146098658955,0.9644735695426228,0.008975798636562615,0.003446733899140621,WIDTH_Q3,100,DEDUPLICATED_RUNTIME_LEGAL_OPTICAL_DYNAMIC_PAIR_SIGNATURE
R02ZF,SAR_SHIFT_MINUS_1,13,R02ZF_SARF000485,R02ZF_SARF000486,485,486,R02ZF_SARF000485__R02ZF_SARF000485__Q095__R0001__TO__R02ZF_SARF000486__Q095__R0001,R02ZF_SARF000485__Q095__R0001,R02ZF_SARF000486__Q095__R0001,-42.81047439575195,-33.816497802734375,-42.55290985107422,-32.75892639160156,False,False,False,False,False,False,False,H_B9270AB00A7ECF293498,R02ZF_REUSED_R02ZF_PERSON021,R02ZF_REUSED_R02ZF_PERSON021,True,ANGULAR_DYNAMIC_AVAILABLE,290.0,291.0,16111.0,16167.0,-5.071979477656669,8.123241446448624,OPTICAL_DIRECTION_INDETERMINATE,-44.9253300113288,-38.54161624351301,-43.61359572116968,-36.80208856488017,9.0,9.0,6.383713767815792,6.811507156289508,-41.73347312742091,-40.207842143024926,3.191856883907896,3.405753578144754,1.5256309843959812,-5.071979477656669,8.123241446448631,-5.071979477656669,8.123241446448631,0.23123993045223323,False,False,OPTICAL_DIRECTION_INDETERMINATE,1.311734290159123,1.7395276786328395,1.5256309843959812,0.4277933884737166,COHERENT_POSITIVE_SHIFT,MIDPOINT_POSITIVE,SUPPORT_WIDTH_EXPANSION,1,56,FRAME_GAP_1,TIME_GAP_LE_60MS,6.59761046205265,1.5256309843959812,0.4277933884737166,0.06484065570925227,WIDTH_Q4,12,DEDUPLICATED_RUNTIME_LEGAL_OPTICAL_DYNAMIC_PAIR_SIGNATURE
R02ZF,SAR_SHIFT_MINUS_1,13,R02ZF_SARF000485,R02ZF_SARF000486,485,486,R02ZF_SARF000485__R02ZF_SARF000485__Q095__R0009__TO__R02ZF_SARF000486__Q095__R0008,R02ZF_SARF000485__Q095__R0009,R02ZF_SARF000486__Q095__R0008,-27.13807487487793,-17.69550132751465,-24.48238182067871,-19.45222282409668,False,False,False,False,False,False,False,H_FEEC3FA7FF38502486B3,R02ZF_REUSED_R02ZF_PERSON018,R02ZF_REUSED_R02ZF_PERSON018,True,ANGULAR_DYNAMIC_AVAILABLE,290.0,291.0,16111.0,16167.0,-1.5708851983104817,3.4623569539995778,OPTICAL_DIRECTION_INDETERMINATE,-25.14849833717424,-22.64126563716313,-24.21215083547361,-21.68614138317466,26.0,26.0,2.5072327000111088,2.5260094522989505,-23.894881987168684,-22.949146109324136,1.2536163500055544,1.2630047261494752,0.9457358778445482,-1.5708851983104815,3.4623569539995778,-1.5708851983104815,3.4623569539995778,0.3757958982404583,False,False,OPTICAL_DIRECTION_INDETERMINATE,0.9363475017006273,0.955124253988469,0.9457358778445482,0.018776752287841703,COHERENT_POSITIVE_SHIFT,MIDPOINT_POSITIVE,SUPPORT_WIDTH_EXPANSION,1,56,FRAME_GAP_1,TIME_GAP_LE_60MS,2.5166210761550296,0.9457358778445482,0.018776752287841703,0.0074610963349831735,WIDTH_Q1,90,DEDUPLICATED_RUNTIME_LEGAL_OPTICAL_DYNAMIC_PAIR_SIGNATURE
R02ZF,SAR_SHIFT_MINUS_1,14,R02ZF_SARF000486,R02ZF_SARF000487,486,487,R02ZF_SARF000486__R02ZF_SARF000486__Q095__R0001__TO__R02ZF_SARF000487__Q095__R0002,R02ZF_SARF000486__Q095__R0001,R02ZF_SARF000487__Q095__R0002,-42.55290985107422,-32.75892639160156,-41.71758270263672,-32.44511413574219,False,False,False,False,False,False,False,H_8AC7FEFF167E5B8FD1C6,R02ZF_REUSED_R02ZF_PERSON017,R02ZF_REUSED_R02ZF_PERSON017,True,ANGULAR_DYNAMIC_AVAILABLE,291.0,292.0,16167.0,16222.0,-1.646941054361296,3.5158585729651364,OPTICAL_DIRECTION_INDETERMINATE,-27.48076074088821,-24.881102541547538,-26.528043595908837,-23.96490216792308,26.0,26.0,2.5996581993406735,2.5631414279857587,-26.180931641217875,-25.246472881915956,1.2998290996703368,1.2815707139928794,0.9344587593019185,-1.6469410543612995,3.515858572965133,-1.6469410543612977,3.5158585729651346,0.36199691127111594,False,False,OPTICAL_DIRECTION_INDETERMINATE,0.9527171449793741,0.9162003736244593,0.9344587593019185,-0.03651677135491482,COHERENT_POSITIVE_SHIFT,MIDPOINT_POSITIVE,SUPPORT_WIDTH_CONTRACTION,1,55,FRAME_GAP_1,TIME_GAP_LE_60MS,2.581399813663216,0.9344587593019185,0.03651677135491482,0.014146112183642935,WIDTH_Q3,80,DEDUPLICATED_RUNTIME_LEGAL_OPTICAL_DYNAMIC_PAIR_SIGNATURE
R02ZF,SAR_SHIFT_MINUS_1,14,R02ZF_SARF000486,R02ZF_SARF000487,486,487,R02ZF_SARF000486__R02ZF_SARF000486__Q095__R0001__TO__R02ZF_SARF000487__Q095__R0002,R02ZF_SARF000486__Q095__R0001,R02ZF_SARF000487__Q095__R0002,-42.55290985107422,-32.75892639160156,-41.71758270263672,-32.44511413574219,False,False,False,False,False,False,False,H_B648499537127EE8FD2F,R02ZF_REUSED_R02ZF_PERSON021,R02ZF_REUSED_R02ZF_PERSON021,True,ANGULAR_DYNAMIC_AVAILABLE,291.0,292.0,16167.0,16222.0,-4.9382911415510335,8.748770132747843,OPTICAL_DIRECTION_INDETERMINATE,-43.61359572116968,-36.80208856488017,-41.740379706431206,-34.86482558842184,9.0,9.0,6.811507156289508,6.875554118009369,-40.207842143024926,-38.302602647426525,3.405753578144754,3.4377770590046843,1.9052394955984013,-4.9382911415510335,8.748770132747843,-4.938291141551037,8.74877013274784,0.2784000827374096,False,False,OPTICAL_DIRECTION_INDETERMINATE,1.8732160147384747,1.9372629764583351,1.9052394955984013,0.06404696171986046,COHERENT_POSITIVE_SHIFT,MIDPOINT_POSITIVE,SUPPORT_WIDTH_EXPANSION,1,55,FRAME_GAP_1,TIME_GAP_LE_60MS,6.843530637149438,1.9052394955984013,0.06404696171986046,0.009358760136498516,WIDTH_Q4,21,DEDUPLICATED_RUNTIME_LEGAL_OPTICAL_DYNAMIC_PAIR_SIGNATURE
R02ZF,SAR_SHIFT_MINUS_1,14,R02ZF_SARF000486,R02ZF_SARF000487,486,487,R02ZF_SARF000486__R02ZF_SARF000486__Q095__R0008__TO__R02ZF_SARF000487__Q095__R0005,R02ZF_SARF000486__Q095__R0008,R02ZF_SARF000487__Q095__R0005,-24.48238182067871,-19.45222282409668,-14.942096710205078,-2.754918336868286,False,False,False,False,False,False,False,H_7057F38CEB30F338E7DF,R02ZF_REUSED_R02ZF_PERSON018,R02ZF_REUSED_R02ZF_PERSON018,True,ANGULAR_DYNAMIC_AVAILABLE,291.0,292.0,16167.0,16222.0,-1.6300359554587232,3.4285906993604165,OPTICAL_DIRECTION_INDETERMINATE,-24.21215083547361,-21.68614138317466,-23.316177338633384,-20.783560136113195,26.0,26.0,2.5260094522989505,2.532617202520189,-22.949146109324136,-22.049868737373288,1.2630047261494752,1.2663086012600946,0.8992773719508484,-1.6300359554587232,3.4285906993604165,-1.6300359554587214,3.4285906993604183,0.35554209998642416,False,False,OPTICAL_DIRECTION_INDETERMINATE,0.8959734968402273,0.902581247061466,0.8992773719508484,0.006607750221238717,COHERENT_POSITIVE_SHIFT,MIDPOINT_POSITIVE,SUPPORT_WIDTH_EXPANSION,1,55,FRAME_GAP_1,TIME_GAP_LE_60MS,2.52931332740957,0.8992773719508484,0.006607750221238717,0.0026124680361393317,WIDTH_Q1,90,DEDUPLICATED_RUNTIME_LEGAL_OPTICAL_DYNAMIC_PAIR_SIGNATURE
R02ZF,SAR_SHIFT_MINUS_1,16,R02ZF_SARF000488,R02ZF_SARF000489,488,489,R02ZF_SARF000488__R02ZF_SARF000488__Q095__R0001__TO__R02ZF_SARF000489__Q095__R0001,R02ZF_SARF000488__Q095__R0001,R02ZF_SARF000489__Q095__R0001,-40.87164688110352,-31.36233901977539,-40.52164459228516,-30.30726623535156,False,False,False,False,False,False,False,H_FDC1C381B757D0807996,R02ZF_REUSED_R02ZF_PERSON017,R02ZF_REUSED_R02ZF_PERSON017,True,ANGULAR_DYNAMIC_AVAILABLE,292.0,293.0,16222.0,16278.0,-1.6709356507905009,3.448946150596249,OPTICAL_DIRECTION_INDETERMINATE,-26.528043595908837,-23.96490216792308,-25.63583781871358,-23.079097445312584,26.0,26.0,2.5631414279857587,2.556740373400995,-25.246472881915956,-24.357467632013083,1.2815707139928794,1.2783701867004975,0.8890052499028727,-1.6709356507905007,3.448946150596253,-1.6709356507905042,3.4489461505962495,0.3472756928341899,False,False,OPTICAL_DIRECTION_INDETERMINATE,0.8922057771952581,0.8858047226104944,0.8890052499028744,-0.006401054584763699,COHERENT_POSITIVE_SHIFT,MIDPOINT_POSITIVE,SUPPORT_WIDTH_CONTRACTION,1,56,FRAME_GAP_1,TIME_GAP_LE_60MS,2.559940900693377,0.8890052499028744,0.006401054584763699,0.0025004696721826394,WIDTH_Q2,88,DEDUPLICATED_RUNTIME_LEGAL_OPTICAL_DYNAMIC_PAIR_SIGNATURE
R02ZF,SAR_SHIFT_MINUS_1,16,R02ZF_SARF000488,R02ZF_SARF000489,488,489,R02ZF_SARF000488__R02ZF_SARF000488__Q095__R0001__TO__R02ZF_SARF000489__Q095__R0001,R02ZF_SARF000488__Q095__R0001,R02ZF_SARF000489__Q095__R0001,-40.87164688110352,-31.36233901977539,-40.52164459228516,-30.30726623535156,False,False,False,False,False,False,False,H_C3BC1F6F2FC94F0C05DA,R02ZF_REUSED_R02ZF_PERSON021,R02ZF_REUSED_R02ZF_PERSON021,True,ANGULAR_DYNAMIC_AVAILABLE,292.0,293.0,16222.0,16278.0,-5.040102575738416,8.877341124364122,OPTICAL_DIRECTION_INDETERMINATE,-41.740379706431206,-34.86482558842184,-39.90492816416025,-32.863038582067084,9.0,9.0,6.875554118009369,7.0418895820931695,-38.302602647426525,-36.383983373113665,3.4377770590046843,3.5209447910465848,1.91861927431286,-5.040102575738416,8.877341124364122,-5.040102575738409,8.87734112436413,0.2757143216320285,False,False,OPTICAL_DIRECTION_INDETERMINATE,1.8354515422709525,2.0017870063547534,1.9186192743128565,0.16633546408380084,COHERENT_POSITIVE_SHIFT,MIDPOINT_POSITIVE,SUPPORT_WIDTH_EXPANSION,1,56,FRAME_GAP_1,TIME_GAP_LE_60MS,6.958721850051269,1.9186192743128565,0.16633546408380084,0.023903163205549787,WIDTH_Q4,42,DEDUPLICATED_RUNTIME_LEGAL_OPTICAL_DYNAMIC_PAIR_SIGNATURE
R02ZF,SAR_SHIFT_MINUS_1,16,R02ZF_SARF000488,R02ZF_SARF000489,488,489,R02ZF_SARF000488__R02ZF_SARF000488__Q095__R0001__TO__R02ZF_SARF000489__Q095__R0001,R02ZF_SARF000488__Q095__R0001,R02ZF_SARF000489__Q095__R0001,-40.87164688110352,-31.36233901977539,-40.52164459228516,-30.30726623535156,False,False,False,False,False,False,False,H_F8BC928E5527DECFDBA3,R02ZF_REUSED_R02ZF_PERSON023,R02ZF_REUSED_R02ZF_PERSON023,True,ANGULAR_DYNAMIC_AVAILABLE,292.0,293.0,16222.0,16278.0,-1.1398212481232406,4.842557393140446,OPTICAL_DIRECTION_INDETERMINATE,-44.27517870751308,-41.23886204360154,-42.37868329172478,-39.43262131437263,2.0,2.0,3.036316663911535,2.9460619773521515,-42.75702037555731,-40.90565230304871,1.5181583319557674,1.4730309886760757,1.851368072508599,-1.1398212481232406,4.842557393140446,-1.1398212481232441,4.842557393140442,0.618940452795387,False,True,OPTICAL_DIRECTION_INDETERMINATE,1.8964954157882943,1.8062407292289109,1.851368072508599,-0.0902546865593834,COHERENT_POSITIVE_SHIFT,MIDPOINT_POSITIVE,SUPPORT_WIDTH_CONTRACTION,1,56,FRAME_GAP_1,TIME_GAP_LE_60MS,2.991189320631843,1.851368072508599,0.0902546865593834,0.030173511899380036,WIDTH_Q4,12,DEDUPLICATED_RUNTIME_LEGAL_OPTICAL_DYNAMIC_PAIR_SIGNATURE
R02ZF,SAR_SHIFT_MINUS_1,16,R02ZF_SARF000488,R02ZF_SARF000489,488,489,R02ZF_SARF000488__R02ZF_SARF000488__Q095__R0005__TO__R02ZF_SARF000489__Q095__R0006,R02ZF_SARF000488__Q095__R0005,R02ZF_SARF000489__Q095__R0006,-15.307104110717772,-1.8291800022125244,-24.661911010742188,-18.76163101196289,False,False,False,False,False,False,False,H_A14FE6DB27FA3E47556D,R02ZF_REUSED_R02ZF_PERSON018,R02ZF_REUSED_R02ZF_PERSON018,True,ANGULAR_DYNAMIC_AVAILABLE,292.0,293.0,16222.0,16278.0,-1.7201959404242864,3.387752849971001,OPTICAL_DIRECTION_INDETERMINATE,-23.316177338633384,-20.783560136113195,-22.50375607653748,-19.928424488662383,26.0,26.0,2.532617202520189,2.575331587875098,-22.049868737373288,-21.216090282599932,1.2663086012600946,1.287665793937549,0.8337784547733555,-1.7201959404242864,3.387752849971001,-1.7201959404242881,3.3877528499709992,0.326463122081861,False,False,OPTICAL_DIRECTION_INDETERMINATE,0.8124212620959028,0.8551356474508118,0.8337784547733573,0.04271438535490901,COHERENT_POSITIVE_SHIFT,MIDPOINT_POSITIVE,SUPPORT_WIDTH_EXPANSION,1,56,FRAME_GAP_1,TIME_GAP_LE_60MS,2.5539743951976437,0.8337784547733573,0.04271438535490901,0.016724672508552495,WIDTH_Q2,77,DEDUPLICATED_RUNTIME_LEGAL_OPTICAL_DYNAMIC_PAIR_SIGNATURE
R02ZF,SAR_SHIFT_MINUS_1,18,R02ZF_SARF000490,R02ZF_SARF000491,490,491,R02ZF_SARF000490__R02ZF_SARF000490__Q095__R0005__TO__R02ZF_SARF000491__Q095__R0004,R02ZF_SARF000490__Q095__R0005,R02ZF_SARF000491__Q095__R0004,-52.5504150390625,-46.31864547729492,-39.4007682800293,-29.21651077270508,False,False,False,False,False,False,False,H_51C6B878797A7813FA36,R02ZF_REUSED_R02ZF_PERSON024,R02ZF_REUSED_R02ZF_PERSON024,True,ANGULAR_DYNAMIC_AVAILABLE,293.0,294.0,16278.0,16333.0,-4.186966342366887,6.888893666348508,OPTICAL_DIRECTION_INDETERMINATE,-45.18926599463623,-40.32654006129996,-44.513506403666845,-38.30037232828772,5.0,5.0,4.862725933336272,6.2131340753791235,-42.7579030279681,-41.40693936597728,2.431362966668136,3.1065670376895618,1.3509636619908179,-4.186966342366887,6.888893666348508,-4.18696634236688,6.888893666348515,0.2439474065088885,False,False,OPTICAL_DIRECTION_INDETERMINATE,0.6757595909693848,2.0261677330122367,1.3509636619908143,1.350408142042852,COHERENT_POSITIVE_SHIFT,MIDPOINT_POSITIVE,SUPPORT_WIDTH_EXPANSION,1,55,FRAME_GAP_1,TIME_GAP_LE_60MS,5.5379300043576976,1.3509636619908143,1.350408142042852,0.24384709466899004,WIDTH_Q4,20,DEDUPLICATED_RUNTIME_LEGAL_OPTICAL_DYNAMIC_PAIR_SIGNATURE
R02ZF,SAR_SHIFT_MINUS_1,18,R02ZF_SARF000490,R02ZF_SARF000491,490,491,R02ZF_SARF000490__R02ZF_SARF000490__Q095__R0006__TO__R02ZF_SARF000491__Q095__R0003,R02ZF_SARF000490__Q095__R0006,R02ZF_SARF000491__Q095__R0003,-23.80506134033203,-18.76361083984375,-23.409751892089844,-18.416059494018555,False,False,False,False,False,False,False,H_DBD4A8A6C0494A6BEAFA,R02ZF_REUSED_R02ZF_PERSON017,R02ZF_REUSED_R02ZF_PERSON017,True,ANGULAR_DYNAMIC_AVAILABLE,293.0,294.0,16278.0,16333.0,-1.677649190114753,3.4341698539821515,OPTICAL_DIRECTION_INDETERMINATE,-25.63583781871358,-23.079097445312584,-24.756746635427337,-22.201667964731428,26.0,26.0,2.556740373400995,2.5550786706959094,-24.357467632013083,-23.47920730007938,1.2783701867004975,1.2775393353479547,0.8782603319337028,-1.677649190114753,3.4341698539821515,-1.6776491901147494,3.434169853982155,0.3436194921445477,False,False,OPTICAL_DIRECTION_INDETERMINATE,0.879091183286242,0.8774294805811564,0.878260331933701,-0.0016617027050855881,COHERENT_POSITIVE_SHIFT,MIDPOINT_POSITIVE,SUPPORT_WIDTH_CONTRACTION,1,55,FRAME_GAP_1,TIME_GAP_LE_60MS,2.5559095220484522,0.878260331933701,0.0016617027050855881,0.0006501414430952957,WIDTH_Q2,156,DEDUPLICATED_RUNTIME_LEGAL_OPTICAL_DYNAMIC_PAIR_SIGNATURE
R02ZF,SAR_SHIFT_MINUS_1,18,R02ZF_SARF000490,R02ZF_SARF000491,490,491,R02ZF_SARF000490__R02ZF_SARF000490__Q095__R0006__TO__R02ZF_SARF000491__Q095__R0003,R02ZF_SARF000490__Q095__R0006,R02ZF_SARF000491__Q095__R0003,-23.80506134033203,-18.76361083984375,-23.409751892089844,-18.416059494018555,False,False,False,False,False,False,False,H_544E1FBD27F24019F887,R02ZF_REUSED_R02ZF_PERSON018,R02ZF_REUSED_R02ZF_PERSON018,True,ANGULAR_DYNAMIC_AVAILABLE,293.0,294.0,16278.0,16333.0,-1.6596617872969084,3.428797394996895,OPTICAL_DIRECTION_INDETERMINATE,-22.50375607653748,-19.928424488662383,-21.58808627595929,-19.074958681540583,26.0,26.0,2.575331587875098,2.513127594418709,-21.216090282599932,-20.33152247874994,1.287665793937549,1.2565637972093544,0.8845678038499933,-1.6596617872969084,3.4287973949968986,-1.6596617872969102,3.428797394996897,0.3476760929626805,False,False,OPTICAL_DIRECTION_INDETERMINATE,0.9156698005781898,0.8534658071218004,0.8845678038499933,-0.062203993456389384,COHERENT_POSITIVE_SHIFT,MIDPOINT_POSITIVE,SUPPORT_WIDTH_CONTRACTION,1,55,FRAME_GAP_1,TIME_GAP_LE_60MS,2.5442295911469035,0.8845678038499933,0.062203993456389384,0.024449048809446747,WIDTH_Q2,110,DEDUPLICATED_RUNTIME_LEGAL_OPTICAL_DYNAMIC_PAIR_SIGNATURE
R02ZF,SAR_SHIFT_MINUS_1,18,R02ZF_SARF000490,R02ZF_SARF000491,490,491,R02ZF_SARF000490__R02ZF_SARF000490__Q095__R0009__TO__R02ZF_SARF000491__Q095__R0004,R02ZF_SARF000490__Q095__R0009,R02ZF_SARF000491__Q095__R0004,-30.67096328735352,-25.24152183532715,-39.4007682800293,-29.21651077270508,False,False,False,False,False,False,False,H_7DF52A15A45C667DE69D,R02ZF_REUSED_R02ZF_PERSON021,R02ZF_REUSED_R02ZF_PERSON021,True,ANGULAR_DYNAMIC_AVAILABLE,293.0,294.0,16278.0,16333.0,-5.065364607017834,8.97140635481312,OPTICAL_DIRECTION_INDETERMINATE,-39.90492816416025,-32.863038582067084,-37.92840318908492,-30.93352180934713,9.0,9.0,7.0418895820931695,6.994881379737787,-36.383983373113665,-34.43096249921602,3.5209447910465848,3.4974406898688937,1.9530208738976427,-5.065364607017834,8.971406354813123,-5.065364607017836,8.971406354813121,0.27827210107058564,False,False,OPTICAL_DIRECTION_INDETERMINATE,1.9765249750753355,1.9295167727199534,1.9530208738976462,-0.04700820235538217,COHERENT_POSITIVE_SHIFT,MIDPOINT_POSITIVE,SUPPORT_WIDTH_CONTRACTION,1,55,FRAME_GAP_1,TIME_GAP_LE_60MS,7.018385480915478,1.9530208738976462,0.04700820235538217,0.006697865553724247,WIDTH_Q4,63,DEDUPLICATED_RUNTIME_LEGAL_OPTICAL_DYNAMIC_PAIR_SIGNATURE
R02ZF,SAR_SHIFT_MINUS_1,19,R02ZF_SARF000491,R02ZF_SARF000492,491,492,R02ZF_SARF000491__R02ZF_SARF000491__Q095__R0003__TO__R02ZF_SARF000492__Q095__R0005,R02ZF_SARF000491__Q095__R0003,R02ZF_SARF000492__Q095__R0005,-23.409751892089844,-18.416059494018555,-21.98810577392578,-18.032283782958984,False,False,False,False,False,False,False,H_F3C412D757099037D659,R02ZF_REUSED_R02ZF_PERSON017,R02ZF_REUSED_R02ZF_PERSON017,True,ANGULAR_DYNAMIC_AVAILABLE,294.0,295.0,16333.0,16389.0,-1.6826603386169694,3.4006509830964227,OPTICAL_DIRECTION_INDETERMINATE,-24.756746635427337,-22.201667964731428,-23.8843283033484,-21.356095652330914,26.0,26.0,2.5550786706959094,2.528232651017486,-23.47920730007938,-22.62021197783966,1.2775393353479547,1.264116325508743,0.8589953222397213,-1.682660338616973,3.4006509830964227,-1.6826603386169765,3.400650983096419,0.33796683613317857,False,False,OPTICAL_DIRECTION_INDETERMINATE,0.8724183320789365,0.8455723124005132,0.8589953222397231,-0.02684601967842326,COHERENT_POSITIVE_SHIFT,MIDPOINT_POSITIVE,SUPPORT_WIDTH_CONTRACTION,1,56,FRAME_GAP_1,TIME_GAP_LE_60MS,2.541655660856698,0.8589953222397231,0.02684601967842326,0.01056241413495582,WIDTH_Q2,195,DEDUPLICATED_RUNTIME_LEGAL_OPTICAL_DYNAMIC_PAIR_SIGNATURE
R02ZF,SAR_SHIFT_MINUS_1,19,R02ZF_SARF000491,R02ZF_SARF000492,491,492,R02ZF_SARF000491__R02ZF_SARF000491__Q095__R0003__TO__R02ZF_SARF000492__Q095__R0005,R02ZF_SARF000491__Q095__R0003,R02ZF_SARF000492__Q095__R0005,-23.409751892089844,-18.416059494018555,-21.98810577392578,-18.032283782958984,False,False,False,False,False,False,False,H_22E9F938404314B5C0FA,R02ZF_REUSED_R02ZF_PERSON018,R02ZF_REUSED_R02ZF_PERSON018,True,ANGULAR_DYNAMIC_AVAILABLE,294.0,295.0,16333.0,16389.0,-1.6002441161010132,3.3485832133767346,OPTICAL_DIRECTION_INDETERMINATE,-21.58808627595929,-19.074958681540583,-20.6752027976416,-18.23950306258256,26.0,26.0,2.513127594418709,2.435699735059039,-20.33152247874994,-19.45735293011208,1.2565637972093544,1.2178498675295195,0.8741695486378589,-1.6002441161010168,3.348583213376731,-1.600244116101015,3.348583213376733,0.3532835116031864,False,False,OPTICAL_DIRECTION_INDETERMINATE,0.912883478317692,0.8354556189580222,0.8741695486378571,-0.07742785935966978,COHERENT_POSITIVE_SHIFT,MIDPOINT_POSITIVE,SUPPORT_WIDTH_CONTRACTION,1,56,FRAME_GAP_1,TIME_GAP_LE_60MS,2.474413664738874,0.8741695486378571,0.07742785935966978,0.03129139660964521,WIDTH_Q1,120,DEDUPLICATED_RUNTIME_LEGAL_OPTICAL_DYNAMIC_PAIR_SIGNATURE
R02ZF,SAR_SHIFT_MINUS_1,19,R02ZF_SARF000491,R02ZF_SARF000492,491,492,R02ZF_SARF000491__R02ZF_SARF000491__Q095__R0004__TO__R02ZF_SARF000492__Q095__R0007,R02ZF_SARF000491__Q095__R0004,R02ZF_SARF000492__Q095__R0007,-39.4007682800293,-29.21651077270508,-38.64152145385742,-28.599842071533203,False,False,False,False,False,False,False,H_65AE05004136C3629522,R02ZF_REUSED_R02ZF_PERSON021,R02ZF_REUSED_R02ZF_PERSON021,True,ANGULAR_DYNAMIC_AVAILABLE,294.0,295.0,16333.0,16389.0,-4.867677321167626,8.72243047668998,OPTICAL_DIRECTION_INDETERMINATE,-37.92840318908492,-30.93352180934713,-35.80119913051476,-29.20597271239494,9.0,9.0,6.994881379737787,6.595226418119822,-34.43096249921602,-32.50358592145485,3.4974406898688937,3.297613209059911,1.9273765777611729,-4.86767732116763,8.72243047668998,-4.867677321167632,8.722430476689977,0.2836440455704128,False,False,OPTICAL_DIRECTION_INDETERMINATE,2.1272040585701575,1.7275490969521918,1.9273765777611747,-0.39965496161796565,COHERENT_POSITIVE_SHIFT,MIDPOINT_POSITIVE,SUPPORT_WIDTH_CONTRACTION,1,56,FRAME_GAP_1,TIME_GAP_LE_60MS,6.7950538989288045,1.9273765777611747,0.39965496161796565,0.058815569024547196,WIDTH_Q4,81,DEDUPLICATED_RUNTIME_LEGAL_OPTICAL_DYNAMIC_PAIR_SIGNATURE
R02ZF,SAR_SHIFT_MINUS_1,19,R02ZF_SARF000491,R02ZF_SARF000492,491,492,R02ZF_SARF000491__R02ZF_SARF000491__Q095__R0004__TO__R02ZF_SARF000492__Q095__R0007,R02ZF_SARF000491__Q095__R0004,R02ZF_SARF000492__Q095__R0007,-39.4007682800293,-29.21651077270508,-38.64152145385742,-28.599842071533203,False,False,False,False,False,False,False,H_9049F6D5CBBA6ECC571C,R02ZF_REUSED_R02ZF_PERSON024,R02ZF_REUSED_R02ZF_PERSON024,True,ANGULAR_DYNAMIC_AVAILABLE,294.0,295.0,16333.0,16389.0,-4.794307898052836,8.294707224359087,OPTICAL_DIRECTION_INDETERMINATE,-44.513506403666845,-38.30037232828772,-43.09468022634056,-36.21879917930776,5.0,5.0,6.2131340753791235,6.875881047032799,-41.40693936597728,-39.656739702824154,3.1065670376895618,3.4379405235163993,1.7501996631531256,-4.7943078980528355,8.294707224359087,-4.7943078980528355,8.294707224359087,0.26743030652570826,False,False,OPTICAL_DIRECTION_INDETERMINATE,1.418826177326288,2.081573148979963,1.7501996631531291,0.6627469716536751,COHERENT_POSITIVE_SHIFT,MIDPOINT_POSITIVE,SUPPORT_WIDTH_EXPANSION,1,56,FRAME_GAP_1,TIME_GAP_LE_60MS,6.544507561205961,1.7501996631531291,0.6627469716536751,0.10126766077592403,WIDTH_Q4,20,DEDUPLICATED_RUNTIME_LEGAL_OPTICAL_DYNAMIC_PAIR_SIGNATURE
R02ZF,SAR_SHIFT_MINUS_1,21,R02ZF_SARF000493,R02ZF_SARF000494,493,494,R02ZF_SARF000493__R02ZF_SARF000493__Q095__R0002__TO__R02ZF_SARF000494__Q095__R0001,R02ZF_SARF000493__Q095__R0002,R02ZF_SARF000494__Q095__R0001,-38.88214492797852,-27.573383331298828,-36.97657775878906,-26.52735710144043,False,False,False,False,False,False,False,H_2CDBE1E48ED3DA35B0D3,R02ZF_REUSED_R02ZF_PERSON017,R02ZF_REUSED_R02ZF_PERSON017,True,ANGULAR_DYNAMIC_AVAILABLE,295.0,296.0,16389.0,16444.0,-1.6253014861486008,3.394759343737864,OPTICAL_DIRECTION_INDETERMINATE,-23.8843283033484,-21.356095652330914,-22.981397138479515,-20.489568959610533,26.0,26.0,2.528232651017486,2.491828178868982,-22.62021197783966,-21.735483049045023,1.264116325508743,1.245914089434491,0.8847289287946367,-1.6253014861486008,3.394759343737867,-1.6253014861485973,3.3947593437378707,0.3524773737909648,False,False,OPTICAL_DIRECTION_INDETERMINATE,0.9029311648688854,0.866526692720381,0.8847289287946349,-0.036404472148504397,COHERENT_POSITIVE_SHIFT,MIDPOINT_POSITIVE,SUPPORT_WIDTH_CONTRACTION,1,55,FRAME_GAP_1,TIME_GAP_LE_60MS,2.510030414943234,0.8847289287946349,0.036404472148504397,0.01450359801689005,WIDTH_Q1,182,DEDUPLICATED_RUNTIME_LEGAL_OPTICAL_DYNAMIC_PAIR_SIGNATURE
R02ZF,SAR_SHIFT_MINUS_1,21,R02ZF_SARF000493,R02ZF_SARF000494,493,494,R02ZF_SARF000493__R02ZF_SARF000493__Q095__R0002__TO__R02ZF_SARF000494__Q095__R0001,R02ZF_SARF000493__Q095__R0002,R02ZF_SARF000494__Q095__R0001,-38.88214492797852,-27.573383331298828,-36.97657775878906,-26.52735710144043,False,False,False,False,False,False,False,H_B6A4BD90C66691565722,R02ZF_REUSED_R02ZF_PERSON021,R02ZF_REUSED_R02ZF_PERSON021,True,ANGULAR_DYNAMIC_AVAILABLE,295.0,296.0,16389.0,16444.0,-4.502288264265246,8.522109855902649,OPTICAL_DIRECTION_INDETERMINATE,-35.80119913051476,-29.20597271239494,-33.708260976660185,-27.27908927461211,9.0,9.0,6.595226418119822,6.429171702048073,-32.50358592145485,-30.49367512563615,3.297613209059911,3.2145858510240366,2.0099107958187012,-4.502288264265246,8.522109855902649,-4.502288264265246,8.522109855902649,0.30863780072975716,False,False,OPTICAL_DIRECTION_INDETERMINATE,2.0929381538545755,1.926883437782827,2.0099107958187012,-0.1660547160717485,COHERENT_POSITIVE_SHIFT,MIDPOINT_POSITIVE,SUPPORT_WIDTH_CONTRACTION,1,55,FRAME_GAP_1,TIME_GAP_LE_60MS,6.512199060083947,2.0099107958187012,0.1660547160717485,0.025499023377459212,WIDTH_Q4,81,DEDUPLICATED_RUNTIME_LEGAL_OPTICAL_DYNAMIC_PAIR_SIGNATURE
R02ZF,SAR_SHIFT_MINUS_1,21,R02ZF_SARF000493,R02ZF_SARF000494,493,494,R02ZF_SARF000493__R02ZF_SARF000493__Q095__R0002__TO__R02ZF_SARF000494__Q095__R0001,R02ZF_SARF000493__Q095__R0002,R02ZF_SARF000494__Q095__R0001,-38.88214492797852,-27.573383331298828,-36.97657775878906,-26.52735710144043,False,False,False,False,False,False,False,H_13B34536329A508F29A4,R02ZF_REUSED_R02ZF_PERSON024,R02ZF_REUSED_R02ZF_PERSON024,True,ANGULAR_DYNAMIC_AVAILABLE,295.0,296.0,16389.0,16444.0,-5.17492834815755,9.031725471244698,OPTICAL_DIRECTION_INDETERMINATE,-43.09468022634056,-36.21879917930776,-41.39372752746531,-34.06295475509586,5.0,5.0,6.875881047032799,7.33077277236945,-39.656739702824154,-37.72834114128058,3.4379405235163993,3.665386386184725,1.928398561543574,-5.17492834815755,9.031725471244698,-5.17492834815755,9.031725471244698,0.2714782222552548,False,False,OPTICAL_DIRECTION_INDETERMINATE,1.7009526988752484,2.1558444242118995,1.9283985615435775,0.4548917253366511,COHERENT_POSITIVE_SHIFT,MIDPOINT_POSITIVE,SUPPORT_WIDTH_EXPANSION,1,55,FRAME_GAP_1,TIME_GAP_LE_60MS,7.103326909701124,1.9283985615435775,0.4548917253366511,0.06403924965291945,WIDTH_Q4,30,DEDUPLICATED_RUNTIME_LEGAL_OPTICAL_DYNAMIC_PAIR_SIGNATURE
R02ZF,SAR_SHIFT_MINUS_1,21,R02ZF_SARF000493,R02ZF_SARF000494,493,494,R02ZF_SARF000493__R02ZF_SARF000493__Q095__R0003__TO__R02ZF_SARF000494__Q095__R0007,R02ZF_SARF000493__Q095__R0003,R02ZF_SARF000494__Q095__R0007,-21.58045959472656,-17.649946212768555,-21.10737609863281,-17.3017578125,False,False,False,False,False,False,False,H_15D8C4432DCE7E0739D6,R02ZF_REUSED_R02ZF_PERSON018,R02ZF_REUSED_R02ZF_PERSON018,True,ANGULAR_DYNAMIC_AVAILABLE,295.0,296.0,16389.0,16444.0,-1.6109418358538292,3.3386846082436925,OPTICAL_DIRECTION_INDETERMINATE,-20.6752027976416,-18.23950306258256,-19.850444898436383,-17.336518189397907,26.0,26.0,2.435699735059039,2.5139267090384756,-19.45735293011208,-18.593481543917143,1.2178498675295195,1.2569633545192378,0.863871386194937,-1.6109418358538221,3.3386846082436925,-1.6109418358538203,3.3386846082436943,0.34906528642181206,False,False,OPTICAL_DIRECTION_INDETERMINATE,0.8247578992052169,0.9029848731846535,0.863871386194937,0.07822697397943656,COHERENT_POSITIVE_SHIFT,MIDPOINT_POSITIVE,SUPPORT_WIDTH_EXPANSION,1,55,FRAME_GAP_1,TIME_GAP_LE_60MS,2.4748132220487573,0.863871386194937,0.07822697397943656,0.031609243591593915,WIDTH_Q1,121,DEDUPLICATED_RUNTIME_LEGAL_OPTICAL_DYNAMIC_PAIR_SIGNATURE
R02ZF,SAR_SHIFT_PLUS_1,1,R02ZF_SARF000473,R02ZF_SARF000474,473,474,R02ZF_SARF000473__R02ZF_SARF000473__Q095__R0007__TO__R02ZF_SARF000474__Q095__R0007,R02ZF_SARF000473__Q095__R0007,R02ZF_SARF000474__Q095__R0007,-27.497255325317383,-22.77695083618164,-35.31859588623047,-22.58708953857422,False,False,False,False,False,False,False,H_D6C07D2A80F96997355A,R02ZF_REUSED_R02ZF_PERSON017,R02ZF_REUSED_R02ZF_PERSON017,True,ANGULAR_DYNAMIC_AVAILABLE,284.0,285.0,15778.0,15833.0,-1.7527000496695777,3.598244686276839,OPTICAL_DIRECTION_INDETERMINATE,-33.905820501821715,-31.224733173684704,-32.97743322335428,-30.30757581554488,26.0,26.0,2.6810873281370107,2.6698574078094026,-32.56527683775321,-31.64250451944958,1.3405436640685053,1.3349287039047013,0.9227723183036289,-1.7527000496695777,3.5982446862768356,-1.7527000496695777,3.5982446862768356,0.3449007096278372,False,False,OPTICAL_DIRECTION_INDETERMINATE,0.928387278467433,0.9171573581398249,0.9227723183036289,-0.011229920327608056,COHERENT_POSITIVE_SHIFT,MIDPOINT_POSITIVE,SUPPORT_WIDTH_CONTRACTION,1,55,FRAME_GAP_1,TIME_GAP_LE_60MS,2.6754723679732066,0.9227723183036289,0.011229920327608056,0.0041973598613971996,WIDTH_Q3,40,DEDUPLICATED_RUNTIME_LEGAL_OPTICAL_DYNAMIC_PAIR_SIGNATURE
R02ZF,SAR_SHIFT_PLUS_1,1,R02ZF_SARF000473,R02ZF_SARF000474,473,474,R02ZF_SARF000473__R02ZF_SARF000473__Q095__R0007__TO__R02ZF_SARF000474__Q095__R0007,R02ZF_SARF000473__Q095__R0007,R02ZF_SARF000474__Q095__R0007,-27.497255325317383,-22.77695083618164,-35.31859588623047,-22.58708953857422,False,False,False,False,False,False,False,H_6051BC27F61766229373,R02ZF_REUSED_R02ZF_PERSON018,R02ZF_REUSED_R02ZF_PERSON018,True,ANGULAR_DYNAMIC_AVAILABLE,284.0,285.0,15778.0,15833.0,-1.9116758471274051,3.577312277542635,OPTICAL_DIRECTION_INDETERMINATE,-30.42315936361596,-27.63580525246765,-29.547481099595057,-26.845847086073324,26.0,26.0,2.787354111148307,2.7016340135217334,-29.029482308041807,-28.19666409283419,1.3936770555741536,1.3508170067608667,0.8328182152076167,-1.9116758471274053,3.577312277542635,-1.9116758471274036,3.577312277542637,0.30345054363100116,False,False,OPTICAL_DIRECTION_INDETERMINATE,0.8756782640209018,0.789958166394328,0.8328182152076149,-0.08572009762657373,COHERENT_POSITIVE_SHIFT,MIDPOINT_POSITIVE,SUPPORT_WIDTH_CONTRACTION,1,55,FRAME_GAP_1,TIME_GAP_LE_60MS,2.7444940623350202,0.8328182152076149,0.08572009762657373,0.031233478987250176,WIDTH_Q4,35,DEDUPLICATED_RUNTIME_LEGAL_OPTICAL_DYNAMIC_PAIR_SIGNATURE
R02ZF,SAR_SHIFT_PLUS_1,2,R02ZF_SARF000474,R02ZF_SARF000475,474,475,R02ZF_SARF000474__R02ZF_SARF000474__Q095__R0007__TO__R02ZF_SARF000475__Q095__R0007,R02ZF_SARF000474__Q095__R0007,R02ZF_SARF000475__Q095__R0007,-35.31859588623047,-22.58708953857422,-35.24443435668945,-21.751665115356445,False,False,False,False,False,False,False,H_4E79FEFC081EA2809807,R02ZF_REUSED_R02ZF_PERSON017,R02ZF_REUSED_R02ZF_PERSON017,True,ANGULAR_DYNAMIC_AVAILABLE,285.0,286.0,15833.0,15889.0,-1.729745441515508,3.5722417243841704,OPTICAL_DIRECTION_INDETERMINATE,-32.97743322335428,-30.30757581554488,-32.037321257060384,-29.40519149897011,26.0,26.0,2.6698574078094026,2.6321297580902723,-31.64250451944958,-30.721256378015248,1.3349287039047013,1.3160648790451361,0.921248141434333,-1.7297454415155045,3.5722417243841704,-1.7297454415155045,3.5722417243841704,0.34751051355214274,False,False,OPTICAL_DIRECTION_INDETERMINATE,0.9401119662938981,0.9023843165747678,0.921248141434333,-0.03772764971913034,COHERENT_POSITIVE_SHIFT,MIDPOINT_POSITIVE,SUPPORT_WIDTH_CONTRACTION,1,56,FRAME_GAP_1,TIME_GAP_LE_60MS,2.6509935829498374,0.921248141434333,0.03772764971913034,0.014231513030352073,WIDTH_Q3,25,DEDUPLICATED_RUNTIME_LEGAL_OPTICAL_DYNAMIC_PAIR_SIGNATURE
R02ZF,SAR_SHIFT_PLUS_1,2,R02ZF_SARF000474,R02ZF_SARF000475,474,475,R02ZF_SARF000474__R02ZF_SARF000474__Q095__R0007__TO__R02ZF_SARF000475__Q095__R0007,R02ZF_SARF000474__Q095__R0007,R02ZF_SARF000475__Q095__R0007,-35.31859588623047,-22.58708953857422,-35.24443435668945,-21.751665115356445,False,False,False,False,False,False,False,H_F81A9A541514ABE7594F,R02ZF_REUSED_R02ZF_PERSON018,R02ZF_REUSED_R02ZF_PERSON018,True,ANGULAR_DYNAMIC_AVAILABLE,285.0,286.0,15833.0,15889.0,-1.8897498345728396,3.550262817279432,OPTICAL_DIRECTION_INDETERMINATE,-29.547481099595057,-26.845847086073324,-28.735596920646163,-25.997218282315625,26.0,26.0,2.7016340135217334,2.7383786383305377,-28.19666409283419,-27.366407601480894,1.3508170067608667,1.3691893191652689,0.8302564913532962,-1.8897498345728394,3.5502628172794317,-1.8897498345728394,3.5502628172794317,0.3052406472145251,False,False,OPTICAL_DIRECTION_INDETERMINATE,0.811884178948894,0.8486288037576983,0.8302564913532962,0.03674462480880436,COHERENT_POSITIVE_SHIFT,MIDPOINT_POSITIVE,SUPPORT_WIDTH_EXPANSION,1,56,FRAME_GAP_1,TIME_GAP_LE_60MS,2.7200063259261356,0.8302564913532962,0.03674462480880436,0.013509021820489029,WIDTH_Q4,30,DEDUPLICATED_RUNTIME_LEGAL_OPTICAL_DYNAMIC_PAIR_SIGNATURE
R02ZF,SAR_SHIFT_PLUS_1,4,R02ZF_SARF000476,R02ZF_SARF000477,476,477,R02ZF_SARF000476__R02ZF_SARF000476__Q095__R0007__TO__R02ZF_SARF000477__Q095__R0007,R02ZF_SARF000476__Q095__R0007,R02ZF_SARF000477__Q095__R0007,-33.86088562011719,-21.478654861450195,-33.67852020263672,-21.3183650970459,False,False,False,False,False,False,False,H_2D5DE8BA7D834CD59896,R02ZF_REUSED_R02ZF_PERSON017,R02ZF_REUSED_R02ZF_PERSON017,True,ANGULAR_DYNAMIC_AVAILABLE,286.0,287.0,15889.0,15944.0,-1.735805529679709,3.521830774797348,OPTICAL_DIRECTION_INDETERMINATE,-32.037321257060384,-29.40519149897011,-31.14099702864982,-28.51549048226304,26.0,26.0,2.6321297580902723,2.625506546386781,-30.721256378015248,-29.82824375545643,1.3160648790451361,1.3127532731933904,0.8930126225588175,-1.735805529679709,3.521830774797344,-1.735805529679709,3.521830774797344,0.33970117780812925,False,False,OPTICAL_DIRECTION_INDETERMINATE,0.8963242284105633,0.8897010167070718,0.8930126225588175,-0.0066232117034914495,COHERENT_POSITIVE_SHIFT,MIDPOINT_POSITIVE,SUPPORT_WIDTH_CONTRACTION,1,55,FRAME_GAP_1,TIME_GAP_LE_60MS,2.6288181522385266,0.8930126225588175,0.0066232117034914495,0.002519463622027854,WIDTH_Q3,16,DEDUPLICATED_RUNTIME_LEGAL_OPTICAL_DYNAMIC_PAIR_SIGNATURE
R02ZF,SAR_SHIFT_PLUS_1,4,R02ZF_SARF000476,R02ZF_SARF000477,476,477,R02ZF_SARF000476__R02ZF_SARF000476__Q095__R0007__TO__R02ZF_SARF000477__Q095__R0007,R02ZF_SARF000476__Q095__R0007,R02ZF_SARF000477__Q095__R0007,-33.86088562011719,-21.478654861450195,-33.67852020263672,-21.3183650970459,False,False,False,False,False,False,False,H_4EE7E493CF3B5B55D91C,R02ZF_REUSED_R02ZF_PERSON018,R02ZF_REUSED_R02ZF_PERSON018,True,ANGULAR_DYNAMIC_AVAILABLE,286.0,287.0,15889.0,15944.0,-1.816109225155035,3.588665889744288,OPTICAL_DIRECTION_INDETERMINATE,-28.735596920646163,-25.997218282315625,-27.81332750747066,-25.146931030901875,26.0,26.0,2.7383786383305377,2.666396476568785,-27.366407601480894,-26.480129269186268,1.3691893191652689,1.3331982382843925,0.8862783322946264,-1.816109225155035,3.588665889744288,-1.816109225155035,3.588665889744288,0.3279612244555472,False,False,OPTICAL_DIRECTION_INDETERMINATE,0.9222694131755027,0.8502872514137501,0.8862783322946264,-0.07198216176175265,COHERENT_POSITIVE_SHIFT,MIDPOINT_POSITIVE,SUPPORT_WIDTH_CONTRACTION,1,55,FRAME_GAP_1,TIME_GAP_LE_60MS,2.7023875574496614,0.8862783322946264,0.07198216176175265,0.02663650576813814,WIDTH_Q4,24,DEDUPLICATED_RUNTIME_LEGAL_OPTICAL_DYNAMIC_PAIR_SIGNATURE
R02ZF,SAR_SHIFT_PLUS_1,6,R02ZF_SARF000478,R02ZF_SARF000479,478,479,R02ZF_SARF000478__R02ZF_SARF000478__Q095__R0009__TO__R02ZF_SARF000479__Q095__R0008,R02ZF_SARF000478__Q095__R0009,R02ZF_SARF000479__Q095__R0008,-25.352163314819336,-22.38740539550781,-26.504234313964844,-22.346281051635746,False,False,False,False,False,False,False,H_2961A4D8BC93F3137273,R02ZF_REUSED_R02ZF_PERSON017,R02ZF_REUSED_R02ZF_PERSON017,True,ANGULAR_DYNAMIC_AVAILABLE,287.0,288.0,15944.0,16000.0,-1.9126425967898832,3.3262210242086283,OPTICAL_DIRECTION_INDETERMINATE,-31.14099702864982,-28.51549048226304,-30.42813307905292,-27.814776004441192,26.0,26.0,2.625506546386781,2.613357074611727,-29.82824375545643,-29.121454541747056,1.3127532731933904,1.3066785373058636,0.7067892137093743,-1.9126425967898797,3.3262210242086283,-1.9126425967898797,3.3262210242086283,0.26982539147475,False,False,OPTICAL_DIRECTION_INDETERMINATE,0.7128639495969011,0.7007144778218475,0.7067892137093743,-0.012149471775053655,COHERENT_POSITIVE_SHIFT,MIDPOINT_POSITIVE,SUPPORT_WIDTH_CONTRACTION,1,56,FRAME_GAP_1,TIME_GAP_LE_60MS,2.619431810499254,0.7067892137093743,0.012149471775053655,0.00463820883840378,WIDTH_Q3,42,DEDUPLICATED_RUNTIME_LEGAL_OPTICAL_DYNAMIC_PAIR_SIGNATURE
R02ZF,SAR_SHIFT_PLUS_1,6,R02ZF_SARF000478,R02ZF_SARF000479,478,479,R02ZF_SARF000478__R02ZF_SARF000478__Q095__R0009__TO__R02ZF_SARF000479__Q095__R0008,R02ZF_SARF000478__Q095__R0009,R02ZF_SARF000479__Q095__R0008,-25.352163314819336,-22.38740539550781,-26.504234313964844,-22.346281051635746,False,False,False,False,False,False,False,H_69260CEC370FD099F93D,R02ZF_REUSED_R02ZF_PERSON018,R02ZF_REUSED_R02ZF_PERSON018,True,ANGULAR_DYNAMIC_AVAILABLE,287.0,288.0,15944.0,16000.0,-1.9460866015397755,3.3015396123634098,OPTICAL_DIRECTION_INDETERMINATE,-27.81332750747066,-25.146931030901875,-27.09301763244165,-24.51178789510725,26.0,26.0,2.666396476568785,2.5812297373344,-26.480129269186268,-25.802402763774452,1.3331982382843925,1.2906148686672,0.6777265054118153,-1.9460866015397755,3.3015396123634098,-1.9460866015397773,3.301539612363408,0.258298315385433,False,False,OPTICAL_DIRECTION_INDETERMINATE,0.7203098750290096,0.6351431357946247,0.6777265054118153,-0.08516673923438489,COHERENT_POSITIVE_SHIFT,MIDPOINT_POSITIVE,SUPPORT_WIDTH_CONTRACTION,1,56,FRAME_GAP_1,TIME_GAP_LE_60MS,2.6238131069515926,0.6777265054118153,0.08516673923438489,0.03245914848460133,WIDTH_Q3,48,DEDUPLICATED_RUNTIME_LEGAL_OPTICAL_DYNAMIC_PAIR_SIGNATURE
R02ZF,SAR_SHIFT_PLUS_1,7,R02ZF_SARF000479,R02ZF_SARF000480,479,480,R02ZF_SARF000479__R02ZF_SARF000479__Q095__R0008__TO__R02ZF_SARF000480__Q095__R0009,R02ZF_SARF000479__Q095__R0008,R02ZF_SARF000480__Q095__R0009,-26.504234313964844,-22.346281051635746,-25.797929763793945,-22.209640502929688,False,False,False,False,False,False,False,H_6B9F3528350B61708D25,R02ZF_REUSED_R02ZF_PERSON017,R02ZF_REUSED_R02ZF_PERSON017,True,ANGULAR_DYNAMIC_AVAILABLE,288.0,289.0,16000.0,16056.0,-1.7414204898408414,3.434710192178194,OPTICAL_DIRECTION_INDETERMINATE,-30.42813307905292,-27.814776004441192,-29.556196494282037,-26.993422886874725,26.0,26.0,2.613357074611727,2.562773607407312,-29.121454541747056,-28.27480969057838,1.3066785373058636,1.281386803703656,0.8466448511686764,-1.741420489840845,3.434710192178194,-1.7414204898408432,3.434710192178196,0.3271342642525509,False,False,OPTICAL_DIRECTION_INDETERMINATE,0.8719365847708822,0.821353117566467,0.8466448511686764,-0.0505834672044152,COHERENT_POSITIVE_SHIFT,MIDPOINT_POSITIVE,SUPPORT_WIDTH_CONTRACTION,1,56,FRAME_GAP_1,TIME_GAP_LE_60MS,2.5880653410095196,0.8466448511686764,0.0505834672044152,0.01954489571916459,WIDTH_Q3,42,DEDUPLICATED_RUNTIME_LEGAL_OPTICAL_DYNAMIC_PAIR_SIGNATURE
R02ZF,SAR_SHIFT_PLUS_1,7,R02ZF_SARF000479,R02ZF_SARF000480,479,480,R02ZF_SARF000479__R02ZF_SARF000479__Q095__R0008__TO__R02ZF_SARF000480__Q095__R0009,R02ZF_SARF000479__Q095__R0008,R02ZF_SARF000480__Q095__R0009,-26.504234313964844,-22.346281051635746,-25.797929763793945,-22.209640502929688,False,False,False,False,False,False,False,H_2092CC5929F93258217C,R02ZF_REUSED_R02ZF_PERSON018,R02ZF_REUSED_R02ZF_PERSON018,True,ANGULAR_DYNAMIC_AVAILABLE,288.0,289.0,16000.0,16056.0,-1.7816870780697052,3.381685437945805,OPTICAL_DIRECTION_INDETERMINATE,-27.09301763244165,-24.51178789510725,-26.29347497317696,-23.71133219449585,26.0,26.0,2.5812297373344,2.58214277868111,-25.802402763774452,-25.002403583836404,1.2906148686672,1.291071389340555,0.7999991799380481,-1.7816870780697087,3.3816854379458015,-1.781687078069707,3.3816854379458032,0.3098746710436435,False,False,OPTICAL_DIRECTION_INDETERMINATE,0.7995426592646915,0.8004557006114013,0.7999991799380464,0.0009130413467097753,COHERENT_POSITIVE_SHIFT,MIDPOINT_POSITIVE,SUPPORT_WIDTH_EXPANSION,1,56,FRAME_GAP_1,TIME_GAP_LE_60MS,2.581686258007755,0.7999991799380464,0.0009130413467097753,0.000353660846230926,WIDTH_Q3,56,DEDUPLICATED_RUNTIME_LEGAL_OPTICAL_DYNAMIC_PAIR_SIGNATURE
R02ZF,SAR_SHIFT_PLUS_1,9,R02ZF_SARF000481,R02ZF_SARF000482,481,482,R02ZF_SARF000481__R02ZF_SARF000481__Q095__R0001__TO__R02ZF_SARF000482__Q095__R0001,R02ZF_SARF000481__Q095__R0001,R02ZF_SARF000482__Q095__R0001,-45.1884994506836,-36.64247131347656,-44.41036605834961,-36.1633415222168,False,False,False,False,False,False,False,H_48615235F8643FB8F6BA,R02ZF_REUSED_R02ZF_PERSON021,R02ZF_REUSED_R02ZF_PERSON021,True,ANGULAR_DYNAMIC_AVAILABLE,289.0,290.0,16056.0,16111.0,-4.156611430326059,6.80102240068571,OPTICAL_DIRECTION_INDETERMINATE,-45.34263864419872,-40.76871858100274,-44.9253300113288,-38.54161624351301,9.0,9.0,4.573920063195985,6.383713767815792,-43.05567861260073,-41.73347312742091,2.2869600315979923,3.191856883907896,1.322205485179822,-4.156611430326066,6.80102240068571,-4.156611430326066,6.80102240068571,0.2413304743653285,False,False,OPTICAL_DIRECTION_INDETERMINATE,0.4173086328699185,2.2271023374897254,1.322205485179822,1.809793704619807,COHERENT_POSITIVE_SHIFT,MIDPOINT_POSITIVE,SUPPORT_WIDTH_EXPANSION,1,55,FRAME_GAP_1,TIME_GAP_LE_60MS,5.478816915505888,1.322205485179822,1.809793704619807,0.3303256401026679,WIDTH_Q4,9,DEDUPLICATED_RUNTIME_LEGAL_OPTICAL_DYNAMIC_PAIR_SIGNATURE
R02ZF,SAR_SHIFT_PLUS_1,9,R02ZF_SARF000481,R02ZF_SARF000482,481,482,R02ZF_SARF000481__R02ZF_SARF000481__Q095__R0008__TO__R02ZF_SARF000482__Q095__R0006,R02ZF_SARF000481__Q095__R0008,R02ZF_SARF000482__Q095__R0006,-29.24764060974121,-19.2650146484375,-31.085893630981445,-27.94162940979004,False,False,False,False,False,False,False,H_D5628F52148BA6571847,R02ZF_REUSED_R02ZF_PERSON017,R02ZF_REUSED_R02ZF_PERSON017,True,ANGULAR_DYNAMIC_AVAILABLE,289.0,290.0,16056.0,16111.0,-1.45629932287439,3.7151082825101542,OPTICAL_DIRECTION_INDETERMINATE,-29.556196494282037,-26.993422886874725,-28.449722209749115,-25.84108821177188,26.0,26.0,2.562773607407312,2.608633997977236,-28.27480969057838,-27.145405210760497,1.281386803703656,1.304316998988618,1.1294044798178824,-1.45629932287439,3.7151082825101582,-1.4562993228743917,3.7151082825101565,0.43678803374227526,False,False,OPTICAL_DIRECTION_INDETERMINATE,1.106474284532922,1.1523346751028463,1.1294044798178842,0.04586039056992419,COHERENT_POSITIVE_SHIFT,MIDPOINT_POSITIVE,SUPPORT_WIDTH_EXPANSION,1,55,FRAME_GAP_1,TIME_GAP_LE_60MS,2.585703802692274,1.1294044798178842,0.04586039056992419,0.017736134557320007,WIDTH_Q3,40,DEDUPLICATED_RUNTIME_LEGAL_OPTICAL_DYNAMIC_PAIR_SIGNATURE
R02ZF,SAR_SHIFT_PLUS_1,9,R02ZF_SARF000481,R02ZF_SARF000482,481,482,R02ZF_SARF000481__R02ZF_SARF000481__Q095__R0008__TO__R02ZF_SARF000482__Q095__R0006,R02ZF_SARF000481__Q095__R0008,R02ZF_SARF000482__Q095__R0006,-29.24764060974121,-19.2650146484375,-31.085893630981445,-27.94162940979004,False,False,False,False,False,False,False,H_EDE33CEAFE05898176DE,R02ZF_REUSED_R02ZF_PERSON018,R02ZF_REUSED_R02ZF_PERSON018,True,ANGULAR_DYNAMIC_AVAILABLE,289.0,290.0,16056.0,16111.0,-1.437166142678393,3.6522093360138257,OPTICAL_DIRECTION_INDETERMINATE,-26.29347497317696,-23.71133219449585,-25.14849833717424,-22.64126563716313,26.0,26.0,2.58214277868111,2.5072327000111088,-25.002403583836404,-23.894881987168684,1.291071389340555,1.2536163500055544,1.1075215966677199,-1.4371661426783895,3.6522093360138292,-1.4371661426783895,3.6522093360138292,0.4352288807554486,False,False,OPTICAL_DIRECTION_INDETERMINATE,1.1449766360027205,1.0700665573327193,1.1075215966677199,-0.07491007867000121,COHERENT_POSITIVE_SHIFT,MIDPOINT_POSITIVE,SUPPORT_WIDTH_CONTRACTION,1,55,FRAME_GAP_1,TIME_GAP_LE_60MS,2.5446877393461094,1.1075215966677199,0.07491007867000121,0.02943782748340287,WIDTH_Q2,54,DEDUPLICATED_RUNTIME_LEGAL_OPTICAL_DYNAMIC_PAIR_SIGNATURE
R02ZF,SAR_SHIFT_PLUS_1,11,R02ZF_SARF000483,R02ZF_SARF000484,483,484,R02ZF_SARF000483__R02ZF_SARF000483__Q095__R0001__TO__R02ZF_SARF000484__Q095__R0001,R02ZF_SARF000483__Q095__R0001,R02ZF_SARF000484__Q095__R0001,-43.61362838745117,-34.70704650878906,-43.00187683105469,-34.41638946533203,False,False,False,False,False,False,False,H_7BEAD976DCC43728DCA7,R02ZF_REUSED_R02ZF_PERSON021,R02ZF_REUSED_R02ZF_PERSON021,True,ANGULAR_DYNAMIC_AVAILABLE,290.0,291.0,16111.0,16167.0,-5.071979477656669,8.123241446448624,OPTICAL_DIRECTION_INDETERMINATE,-44.9253300113288,-38.54161624351301,-43.61359572116968,-36.80208856488017,9.0,9.0,6.383713767815792,6.811507156289508,-41.73347312742091,-40.207842143024926,3.191856883907896,3.405753578144754,1.5256309843959812,-5.071979477656669,8.123241446448631,-5.071979477656669,8.123241446448631,0.23123993045223323,False,False,OPTICAL_DIRECTION_INDETERMINATE,1.311734290159123,1.7395276786328395,1.5256309843959812,0.4277933884737166,COHERENT_POSITIVE_SHIFT,MIDPOINT_POSITIVE,SUPPORT_WIDTH_EXPANSION,1,56,FRAME_GAP_1,TIME_GAP_LE_60MS,6.59761046205265,1.5256309843959812,0.4277933884737166,0.06484065570925227,WIDTH_Q4,21,DEDUPLICATED_RUNTIME_LEGAL_OPTICAL_DYNAMIC_PAIR_SIGNATURE
R02ZF,SAR_SHIFT_PLUS_1,11,R02ZF_SARF000483,R02ZF_SARF000484,483,484,R02ZF_SARF000483__R02ZF_SARF000483__Q095__R0003__TO__R02ZF_SARF000484__Q095__R0006,R02ZF_SARF000483__Q095__R0003,R02ZF_SARF000484__Q095__R0006,-24.03499984741211,-20.807846069335938,-25.837854385375977,-18.41628646850586,False,False,False,False,False,False,False,H_84BFF04FAEBD0ADA2F66,R02ZF_REUSED_R02ZF_PERSON017,R02ZF_REUSED_R02ZF_PERSON017,True,ANGULAR_DYNAMIC_AVAILABLE,290.0,291.0,16111.0,16167.0,-1.6396725291163357,3.5686196682015776,OPTICAL_DIRECTION_INDETERMINATE,-28.449722209749115,-25.84108821177188,-27.48076074088821,-24.881102541547538,26.0,26.0,2.608633997977236,2.5996581993406735,-27.145405210760497,-26.180931641217875,1.304316998988618,1.2998290996703368,0.9644735695426228,-1.639672529116332,3.5686196682015776,-1.639672529116332,3.5686196682015776,0.370360775856352,False,False,OPTICAL_DIRECTION_INDETERMINATE,0.9689614688609041,0.9599856702243414,0.9644735695426228,-0.008975798636562615,COHERENT_POSITIVE_SHIFT,MIDPOINT_POSITIVE,SUPPORT_WIDTH_CONTRACTION,1,56,FRAME_GAP_1,TIME_GAP_LE_60MS,2.604146098658955,0.9644735695426228,0.008975798636562615,0.003446733899140621,WIDTH_Q3,72,DEDUPLICATED_RUNTIME_LEGAL_OPTICAL_DYNAMIC_PAIR_SIGNATURE
R02ZF,SAR_SHIFT_PLUS_1,11,R02ZF_SARF000483,R02ZF_SARF000484,483,484,R02ZF_SARF000483__R02ZF_SARF000483__Q095__R0003__TO__R02ZF_SARF000484__Q095__R0006,R02ZF_SARF000483__Q095__R0003,R02ZF_SARF000484__Q095__R0006,-24.03499984741211,-20.807846069335938,-25.837854385375977,-18.41628646850586,False,False,False,False,False,False,False,H_21CFBB7C2083ADB201BF,R02ZF_REUSED_R02ZF_PERSON018,R02ZF_REUSED_R02ZF_PERSON018,True,ANGULAR_DYNAMIC_AVAILABLE,290.0,291.0,16111.0,16167.0,-1.5708851983104817,3.4623569539995778,OPTICAL_DIRECTION_INDETERMINATE,-25.14849833717424,-22.64126563716313,-24.21215083547361,-21.68614138317466,26.0,26.0,2.5072327000111088,2.5260094522989505,-23.894881987168684,-22.949146109324136,1.2536163500055544,1.2630047261494752,0.9457358778445482,-1.5708851983104815,3.4623569539995778,-1.5708851983104815,3.4623569539995778,0.3757958982404583,False,False,OPTICAL_DIRECTION_INDETERMINATE,0.9363475017006273,0.955124253988469,0.9457358778445482,0.018776752287841703,COHERENT_POSITIVE_SHIFT,MIDPOINT_POSITIVE,SUPPORT_WIDTH_EXPANSION,1,56,FRAME_GAP_1,TIME_GAP_LE_60MS,2.5166210761550296,0.9457358778445482,0.018776752287841703,0.0074610963349831735,WIDTH_Q1,81,DEDUPLICATED_RUNTIME_LEGAL_OPTICAL_DYNAMIC_PAIR_SIGNATURE
R02ZF,SAR_SHIFT_PLUS_1,12,R02ZF_SARF000484,R02ZF_SARF000485,484,485,R02ZF_SARF000484__R02ZF_SARF000484__Q095__R0001__TO__R02ZF_SARF000485__Q095__R0001,R02ZF_SARF000484__Q095__R0001,R02ZF_SARF000485__Q095__R0001,-43.00187683105469,-34.41638946533203,-42.81047439575195,-33.816497802734375,False,False,False,False,False,False,False,H_8D45872EFE2626CFA031,R02ZF_REUSED_R02ZF_PERSON021,R02ZF_REUSED_R02ZF_PERSON021,True,ANGULAR_DYNAMIC_AVAILABLE,291.0,292.0,16167.0,16222.0,-4.9382911415510335,8.748770132747843,OPTICAL_DIRECTION_INDETERMINATE,-43.61359572116968,-36.80208856488017,-41.740379706431206,-34.86482558842184,9.0,9.0,6.811507156289508,6.875554118009369,-40.207842143024926,-38.302602647426525,3.405753578144754,3.4377770590046843,1.9052394955984013,-4.9382911415510335,8.748770132747843,-4.938291141551037,8.74877013274784,0.2784000827374096,False,False,OPTICAL_DIRECTION_INDETERMINATE,1.8732160147384747,1.9372629764583351,1.9052394955984013,0.06404696171986046,COHERENT_POSITIVE_SHIFT,MIDPOINT_POSITIVE,SUPPORT_WIDTH_EXPANSION,1,55,FRAME_GAP_1,TIME_GAP_LE_60MS,6.843530637149438,1.9052394955984013,0.06404696171986046,0.009358760136498516,WIDTH_Q4,28,DEDUPLICATED_RUNTIME_LEGAL_OPTICAL_DYNAMIC_PAIR_SIGNATURE
R02ZF,SAR_SHIFT_PLUS_1,12,R02ZF_SARF000484,R02ZF_SARF000485,484,485,R02ZF_SARF000484__R02ZF_SARF000484__Q095__R0006__TO__R02ZF_SARF000485__Q095__R0004,R02ZF_SARF000484__Q095__R0006,R02ZF_SARF000485__Q095__R0004,-25.837854385375977,-18.41628646850586,-14.90241527557373,-3.510418653488159,False,False,False,False,False,False,False,H_CCBA44EE9E47834D1463,R02ZF_REUSED_R02ZF_PERSON018,R02ZF_REUSED_R02ZF_PERSON018,True,ANGULAR_DYNAMIC_AVAILABLE,291.0,292.0,16167.0,16222.0,-1.6300359554587232,3.4285906993604165,OPTICAL_DIRECTION_INDETERMINATE,-24.21215083547361,-21.68614138317466,-23.316177338633384,-20.783560136113195,26.0,26.0,2.5260094522989505,2.532617202520189,-22.949146109324136,-22.049868737373288,1.2630047261494752,1.2663086012600946,0.8992773719508484,-1.6300359554587232,3.4285906993604165,-1.6300359554587214,3.4285906993604183,0.35554209998642416,False,False,OPTICAL_DIRECTION_INDETERMINATE,0.8959734968402273,0.902581247061466,0.8992773719508484,0.006607750221238717,COHERENT_POSITIVE_SHIFT,MIDPOINT_POSITIVE,SUPPORT_WIDTH_EXPANSION,1,55,FRAME_GAP_1,TIME_GAP_LE_60MS,2.52931332740957,0.8992773719508484,0.006607750221238717,0.0026124680361393317,WIDTH_Q1,99,DEDUPLICATED_RUNTIME_LEGAL_OPTICAL_DYNAMIC_PAIR_SIGNATURE
R02ZF,SAR_SHIFT_PLUS_1,12,R02ZF_SARF000484,R02ZF_SARF000485,484,485,R02ZF_SARF000484__R02ZF_SARF000484__Q095__R0006__TO__R02ZF_SARF000485__Q095__R0009,R02ZF_SARF000484__Q095__R0006,R02ZF_SARF000485__Q095__R0009,-25.837854385375977,-18.41628646850586,-27.13807487487793,-17.69550132751465,False,False,False,False,False,False,False,H_920929462AC9D00C05E9,R02ZF_REUSED_R02ZF_PERSON017,R02ZF_REUSED_R02ZF_PERSON017,True,ANGULAR_DYNAMIC_AVAILABLE,291.0,292.0,16167.0,16222.0,-1.646941054361296,3.5158585729651364,OPTICAL_DIRECTION_INDETERMINATE,-27.48076074088821,-24.881102541547538,-26.528043595908837,-23.96490216792308,26.0,26.0,2.5996581993406735,2.5631414279857587,-26.180931641217875,-25.246472881915956,1.2998290996703368,1.2815707139928794,0.9344587593019185,-1.6469410543612995,3.515858572965133,-1.6469410543612977,3.5158585729651346,0.36199691127111594,False,False,OPTICAL_DIRECTION_INDETERMINATE,0.9527171449793741,0.9162003736244593,0.9344587593019185,-0.03651677135491482,COHERENT_POSITIVE_SHIFT,MIDPOINT_POSITIVE,SUPPORT_WIDTH_CONTRACTION,1,55,FRAME_GAP_1,TIME_GAP_LE_60MS,2.581399813663216,0.9344587593019185,0.03651677135491482,0.014146112183642935,WIDTH_Q3,72,DEDUPLICATED_RUNTIME_LEGAL_OPTICAL_DYNAMIC_PAIR_SIGNATURE
R02ZF,SAR_SHIFT_PLUS_1,14,R02ZF_SARF000486,R02ZF_SARF000487,486,487,R02ZF_SARF000486__R02ZF_SARF000486__Q095__R0001__TO__R02ZF_SARF000487__Q095__R0002,R02ZF_SARF000486__Q095__R0001,R02ZF_SARF000487__Q095__R0002,-42.55290985107422,-32.75892639160156,-41.71758270263672,-32.44511413574219,False,False,False,False,False,False,False,H_038D05BAFC9C46AB3CE3,R02ZF_REUSED_R02ZF_PERSON021,R02ZF_REUSED_R02ZF_PERSON021,True,ANGULAR_DYNAMIC_AVAILABLE,292.0,293.0,16222.0,16278.0,-5.040102575738416,8.877341124364122,OPTICAL_DIRECTION_INDETERMINATE,-41.740379706431206,-34.86482558842184,-39.90492816416025,-32.863038582067084,9.0,9.0,6.875554118009369,7.0418895820931695,-38.302602647426525,-36.383983373113665,3.4377770590046843,3.5209447910465848,1.91861927431286,-5.040102575738416,8.877341124364122,-5.040102575738409,8.87734112436413,0.2757143216320285,False,False,OPTICAL_DIRECTION_INDETERMINATE,1.8354515422709525,2.0017870063547534,1.9186192743128565,0.16633546408380084,COHERENT_POSITIVE_SHIFT,MIDPOINT_POSITIVE,SUPPORT_WIDTH_EXPANSION,1,56,FRAME_GAP_1,TIME_GAP_LE_60MS,6.958721850051269,1.9186192743128565,0.16633546408380084,0.023903163205549787,WIDTH_Q4,21,DEDUPLICATED_RUNTIME_LEGAL_OPTICAL_DYNAMIC_PAIR_SIGNATURE
R02ZF,SAR_SHIFT_PLUS_1,14,R02ZF_SARF000486,R02ZF_SARF000487,486,487,R02ZF_SARF000486__R02ZF_SARF000486__Q095__R0001__TO__R02ZF_SARF000487__Q095__R0002,R02ZF_SARF000486__Q095__R0001,R02ZF_SARF000487__Q095__R0002,-42.55290985107422,-32.75892639160156,-41.71758270263672,-32.44511413574219,False,False,False,False,False,False,False,H_A944ED5B495B76F81AED,R02ZF_REUSED_R02ZF_PERSON023,R02ZF_REUSED_R02ZF_PERSON023,True,ANGULAR_DYNAMIC_AVAILABLE,292.0,293.0,16222.0,16278.0,-1.1398212481232406,4.842557393140446,OPTICAL_DIRECTION_INDETERMINATE,-44.27517870751308,-41.23886204360154,-42.37868329172478,-39.43262131437263,2.0,2.0,3.036316663911535,2.9460619773521515,-42.75702037555731,-40.90565230304871,1.5181583319557674,1.4730309886760757,1.851368072508599,-1.1398212481232406,4.842557393140446,-1.1398212481232441,4.842557393140442,0.618940452795387,False,True,OPTICAL_DIRECTION_INDETERMINATE,1.8964954157882943,1.8062407292289109,1.851368072508599,-0.0902546865593834,COHERENT_POSITIVE_SHIFT,MIDPOINT_POSITIVE,SUPPORT_WIDTH_CONTRACTION,1,56,FRAME_GAP_1,TIME_GAP_LE_60MS,2.991189320631843,1.851368072508599,0.0902546865593834,0.030173511899380036,WIDTH_Q4,10,DEDUPLICATED_RUNTIME_LEGAL_OPTICAL_DYNAMIC_PAIR_SIGNATURE
R02ZF,SAR_SHIFT_PLUS_1,14,R02ZF_SARF000486,R02ZF_SARF000487,486,487,R02ZF_SARF000486__R02ZF_SARF000486__Q095__R0005__TO__R02ZF_SARF000487__Q095__R0005,R02ZF_SARF000486__Q095__R0005,R02ZF_SARF000487__Q095__R0005,-15.45474338531494,-3.202420473098755,-14.942096710205078,-2.754918336868286,False,False,False,False,False,False,False,H_2D720B53888449D637A4,R02ZF_REUSED_R02ZF_PERSON018,R02ZF_REUSED_R02ZF_PERSON018,True,ANGULAR_DYNAMIC_AVAILABLE,292.0,293.0,16222.0,16278.0,-1.7201959404242864,3.387752849971001,OPTICAL_DIRECTION_INDETERMINATE,-23.316177338633384,-20.783560136113195,-22.50375607653748,-19.928424488662383,26.0,26.0,2.532617202520189,2.575331587875098,-22.049868737373288,-21.216090282599932,1.2663086012600946,1.287665793937549,0.8337784547733555,-1.7201959404242864,3.387752849971001,-1.7201959404242881,3.3877528499709992,0.326463122081861,False,False,OPTICAL_DIRECTION_INDETERMINATE,0.8124212620959028,0.8551356474508118,0.8337784547733573,0.04271438535490901,COHERENT_POSITIVE_SHIFT,MIDPOINT_POSITIVE,SUPPORT_WIDTH_EXPANSION,1,56,FRAME_GAP_1,TIME_GAP_LE_60MS,2.5539743951976437,0.8337784547733573,0.04271438535490901,0.016724672508552495,WIDTH_Q2,100,DEDUPLICATED_RUNTIME_LEGAL_OPTICAL_DYNAMIC_PAIR_SIGNATURE
R02ZF,SAR_SHIFT_PLUS_1,14,R02ZF_SARF000486,R02ZF_SARF000487,486,487,R02ZF_SARF000486__R02ZF_SARF000486__Q095__R0008__TO__R02ZF_SARF000487__Q095__R0007,R02ZF_SARF000486__Q095__R0008,R02ZF_SARF000487__Q095__R0007,-24.48238182067871,-19.45222282409668,-23.80506134033203,-19.111024856567383,False,False,False,False,False,False,False,H_305035B963B3FD039AB4,R02ZF_REUSED_R02ZF_PERSON017,R02ZF_REUSED_R02ZF_PERSON017,True,ANGULAR_DYNAMIC_AVAILABLE,292.0,293.0,16222.0,16278.0,-1.6709356507905009,3.448946150596249,OPTICAL_DIRECTION_INDETERMINATE,-26.528043595908837,-23.96490216792308,-25.63583781871358,-23.079097445312584,26.0,26.0,2.5631414279857587,2.556740373400995,-25.246472881915956,-24.357467632013083,1.2815707139928794,1.2783701867004975,0.8890052499028727,-1.6709356507905007,3.448946150596253,-1.6709356507905042,3.4489461505962495,0.3472756928341899,False,False,OPTICAL_DIRECTION_INDETERMINATE,0.8922057771952581,0.8858047226104944,0.8890052499028744,-0.006401054584763699,COHERENT_POSITIVE_SHIFT,MIDPOINT_POSITIVE,SUPPORT_WIDTH_CONTRACTION,1,56,FRAME_GAP_1,TIME_GAP_LE_60MS,2.559940900693377,0.8890052499028744,0.006401054584763699,0.0025004696721826394,WIDTH_Q2,63,DEDUPLICATED_RUNTIME_LEGAL_OPTICAL_DYNAMIC_PAIR_SIGNATURE
R02ZF,SAR_SHIFT_PLUS_1,16,R02ZF_SARF000488,R02ZF_SARF000489,488,489,R02ZF_SARF000488__R02ZF_SARF000488__Q095__R0001__TO__R02ZF_SARF000489__Q095__R0001,R02ZF_SARF000488__Q095__R0001,R02ZF_SARF000489__Q095__R0001,-40.87164688110352,-31.36233901977539,-40.52164459228516,-30.30726623535156,False,False,False,False,False,False,False,H_60AAA80CA753F8EE288F,R02ZF_REUSED_R02ZF_PERSON017,R02ZF_REUSED_R02ZF_PERSON017,True,ANGULAR_DYNAMIC_AVAILABLE,293.0,294.0,16278.0,16333.0,-1.677649190114753,3.4341698539821515,OPTICAL_DIRECTION_INDETERMINATE,-25.63583781871358,-23.079097445312584,-24.756746635427337,-22.201667964731428,26.0,26.0,2.556740373400995,2.5550786706959094,-24.357467632013083,-23.47920730007938,1.2783701867004975,1.2775393353479547,0.8782603319337028,-1.677649190114753,3.4341698539821515,-1.6776491901147494,3.434169853982155,0.3436194921445477,False,False,OPTICAL_DIRECTION_INDETERMINATE,0.879091183286242,0.8774294805811564,0.878260331933701,-0.0016617027050855881,COHERENT_POSITIVE_SHIFT,MIDPOINT_POSITIVE,SUPPORT_WIDTH_CONTRACTION,1,55,FRAME_GAP_1,TIME_GAP_LE_60MS,2.5559095220484522,0.878260331933701,0.0016617027050855881,0.0006501414430952957,WIDTH_Q2,77,DEDUPLICATED_RUNTIME_LEGAL_OPTICAL_DYNAMIC_PAIR_SIGNATURE
R02ZF,SAR_SHIFT_PLUS_1,16,R02ZF_SARF000488,R02ZF_SARF000489,488,489,R02ZF_SARF000488__R02ZF_SARF000488__Q095__R0001__TO__R02ZF_SARF000489__Q095__R0001,R02ZF_SARF000488__Q095__R0001,R02ZF_SARF000489__Q095__R0001,-40.87164688110352,-31.36233901977539,-40.52164459228516,-30.30726623535156,False,False,False,False,False,False,False,H_226823AB5C0708E68B7D,R02ZF_REUSED_R02ZF_PERSON021,R02ZF_REUSED_R02ZF_PERSON021,True,ANGULAR_DYNAMIC_AVAILABLE,293.0,294.0,16278.0,16333.0,-5.065364607017834,8.97140635481312,OPTICAL_DIRECTION_INDETERMINATE,-39.90492816416025,-32.863038582067084,-37.92840318908492,-30.93352180934713,9.0,9.0,7.0418895820931695,6.994881379737787,-36.383983373113665,-34.43096249921602,3.5209447910465848,3.4974406898688937,1.9530208738976427,-5.065364607017834,8.971406354813123,-5.065364607017836,8.971406354813121,0.27827210107058564,False,False,OPTICAL_DIRECTION_INDETERMINATE,1.9765249750753355,1.9295167727199534,1.9530208738976462,-0.04700820235538217,COHERENT_POSITIVE_SHIFT,MIDPOINT_POSITIVE,SUPPORT_WIDTH_CONTRACTION,1,55,FRAME_GAP_1,TIME_GAP_LE_60MS,7.018385480915478,1.9530208738976462,0.04700820235538217,0.006697865553724247,WIDTH_Q4,49,DEDUPLICATED_RUNTIME_LEGAL_OPTICAL_DYNAMIC_PAIR_SIGNATURE
R02ZF,SAR_SHIFT_PLUS_1,16,R02ZF_SARF000488,R02ZF_SARF000489,488,489,R02ZF_SARF000488__R02ZF_SARF000488__Q095__R0001__TO__R02ZF_SARF000489__Q095__R0001,R02ZF_SARF000488__Q095__R0001,R02ZF_SARF000489__Q095__R0001,-40.87164688110352,-31.36233901977539,-40.52164459228516,-30.30726623535156,False,False,False,False,False,False,False,H_FFFEA9957D39B4D6285F,R02ZF_REUSED_R02ZF_PERSON024,R02ZF_REUSED_R02ZF_PERSON024,True,ANGULAR_DYNAMIC_AVAILABLE,293.0,294.0,16278.0,16333.0,-4.186966342366887,6.888893666348508,OPTICAL_DIRECTION_INDETERMINATE,-45.18926599463623,-40.32654006129996,-44.513506403666845,-38.30037232828772,5.0,5.0,4.862725933336272,6.2131340753791235,-42.7579030279681,-41.40693936597728,2.431362966668136,3.1065670376895618,1.3509636619908179,-4.186966342366887,6.888893666348508,-4.18696634236688,6.888893666348515,0.2439474065088885,False,False,OPTICAL_DIRECTION_INDETERMINATE,0.6757595909693848,2.0261677330122367,1.3509636619908143,1.350408142042852,COHERENT_POSITIVE_SHIFT,MIDPOINT_POSITIVE,SUPPORT_WIDTH_EXPANSION,1,55,FRAME_GAP_1,TIME_GAP_LE_60MS,5.5379300043576976,1.3509636619908143,1.350408142042852,0.24384709466899004,WIDTH_Q4,12,DEDUPLICATED_RUNTIME_LEGAL_OPTICAL_DYNAMIC_PAIR_SIGNATURE
R02ZF,SAR_SHIFT_PLUS_1,16,R02ZF_SARF000488,R02ZF_SARF000489,488,489,R02ZF_SARF000488__R02ZF_SARF000488__Q095__R0005__TO__R02ZF_SARF000489__Q095__R0006,R02ZF_SARF000488__Q095__R0005,R02ZF_SARF000489__Q095__R0006,-15.307104110717772,-1.8291800022125244,-24.661911010742188,-18.76163101196289,False,False,False,False,False,False,False,H_BC5C86C33656DD5186B8,R02ZF_REUSED_R02ZF_PERSON018,R02ZF_REUSED_R02ZF_PERSON018,True,ANGULAR_DYNAMIC_AVAILABLE,293.0,294.0,16278.0,16333.0,-1.6596617872969084,3.428797394996895,OPTICAL_DIRECTION_INDETERMINATE,-22.50375607653748,-19.928424488662383,-21.58808627595929,-19.074958681540583,26.0,26.0,2.575331587875098,2.513127594418709,-21.216090282599932,-20.33152247874994,1.287665793937549,1.2565637972093544,0.8845678038499933,-1.6596617872969084,3.4287973949968986,-1.6596617872969102,3.428797394996897,0.3476760929626805,False,False,OPTICAL_DIRECTION_INDETERMINATE,0.9156698005781898,0.8534658071218004,0.8845678038499933,-0.062203993456389384,COHERENT_POSITIVE_SHIFT,MIDPOINT_POSITIVE,SUPPORT_WIDTH_CONTRACTION,1,55,FRAME_GAP_1,TIME_GAP_LE_60MS,2.5442295911469035,0.8845678038499933,0.062203993456389384,0.024449048809446747,WIDTH_Q2,77,DEDUPLICATED_RUNTIME_LEGAL_OPTICAL_DYNAMIC_PAIR_SIGNATURE
R02ZF,SAR_SHIFT_PLUS_1,17,R02ZF_SARF000489,R02ZF_SARF000490,489,490,R02ZF_SARF000489__R02ZF_SARF000489__Q095__R0001__TO__R02ZF_SARF000490__Q095__R0005,R02ZF_SARF000489__Q095__R0001,R02ZF_SARF000490__Q095__R0005,-40.52164459228516,-30.30726623535156,-52.5504150390625,-46.31864547729492,False,False,False,False,False,False,False,H_78CB76D6C49F5A211042,R02ZF_REUSED_R02ZF_PERSON024,R02ZF_REUSED_R02ZF_PERSON024,True,ANGULAR_DYNAMIC_AVAILABLE,294.0,295.0,16333.0,16389.0,-4.794307898052836,8.294707224359087,OPTICAL_DIRECTION_INDETERMINATE,-44.513506403666845,-38.30037232828772,-43.09468022634056,-36.21879917930776,5.0,5.0,6.2131340753791235,6.875881047032799,-41.40693936597728,-39.656739702824154,3.1065670376895618,3.4379405235163993,1.7501996631531256,-4.7943078980528355,8.294707224359087,-4.7943078980528355,8.294707224359087,0.26743030652570826,False,False,OPTICAL_DIRECTION_INDETERMINATE,1.418826177326288,2.081573148979963,1.7501996631531291,0.6627469716536751,COHERENT_POSITIVE_SHIFT,MIDPOINT_POSITIVE,SUPPORT_WIDTH_EXPANSION,1,56,FRAME_GAP_1,TIME_GAP_LE_60MS,6.544507561205961,1.7501996631531291,0.6627469716536751,0.10126766077592403,WIDTH_Q4,18,DEDUPLICATED_RUNTIME_LEGAL_OPTICAL_DYNAMIC_PAIR_SIGNATURE
R02ZF,SAR_SHIFT_PLUS_1,17,R02ZF_SARF000489,R02ZF_SARF000490,489,490,R02ZF_SARF000489__R02ZF_SARF000489__Q095__R0001__TO__R02ZF_SARF000490__Q095__R0006,R02ZF_SARF000489__Q095__R0001,R02ZF_SARF000490__Q095__R0006,-40.52164459228516,-30.30726623535156,-23.80506134033203,-18.76361083984375,False,False,False,False,False,False,False,H_39FEC9C887442AABF6FB,R02ZF_REUSED_R02ZF_PERSON017,R02ZF_REUSED_R02ZF_PERSON017,True,ANGULAR_DYNAMIC_AVAILABLE,294.0,295.0,16333.0,16389.0,-1.6826603386169694,3.4006509830964227,OPTICAL_DIRECTION_INDETERMINATE,-24.756746635427337,-22.201667964731428,-23.8843283033484,-21.356095652330914,26.0,26.0,2.5550786706959094,2.528232651017486,-23.47920730007938,-22.62021197783966,1.2775393353479547,1.264116325508743,0.8589953222397213,-1.682660338616973,3.4006509830964227,-1.6826603386169765,3.400650983096419,0.33796683613317857,False,False,OPTICAL_DIRECTION_INDETERMINATE,0.8724183320789365,0.8455723124005132,0.8589953222397231,-0.02684601967842326,COHERENT_POSITIVE_SHIFT,MIDPOINT_POSITIVE,SUPPORT_WIDTH_CONTRACTION,1,56,FRAME_GAP_1,TIME_GAP_LE_60MS,2.541655660856698,0.8589953222397231,0.02684601967842326,0.01056241413495582,WIDTH_Q2,77,DEDUPLICATED_RUNTIME_LEGAL_OPTICAL_DYNAMIC_PAIR_SIGNATURE
R02ZF,SAR_SHIFT_PLUS_1,17,R02ZF_SARF000489,R02ZF_SARF000490,489,490,R02ZF_SARF000489__R02ZF_SARF000489__Q095__R0001__TO__R02ZF_SARF000490__Q095__R0006,R02ZF_SARF000489__Q095__R0001,R02ZF_SARF000490__Q095__R0006,-40.52164459228516,-30.30726623535156,-23.80506134033203,-18.76361083984375,False,False,False,False,False,False,False,H_F0064FEA7B7ABC30938F,R02ZF_REUSED_R02ZF_PERSON021,R02ZF_REUSED_R02ZF_PERSON021,True,ANGULAR_DYNAMIC_AVAILABLE,294.0,295.0,16333.0,16389.0,-4.867677321167626,8.72243047668998,OPTICAL_DIRECTION_INDETERMINATE,-37.92840318908492,-30.93352180934713,-35.80119913051476,-29.20597271239494,9.0,9.0,6.994881379737787,6.595226418119822,-34.43096249921602,-32.50358592145485,3.4974406898688937,3.297613209059911,1.9273765777611729,-4.86767732116763,8.72243047668998,-4.867677321167632,8.722430476689977,0.2836440455704128,False,False,OPTICAL_DIRECTION_INDETERMINATE,2.1272040585701575,1.7275490969521918,1.9273765777611747,-0.39965496161796565,COHERENT_POSITIVE_SHIFT,MIDPOINT_POSITIVE,SUPPORT_WIDTH_CONTRACTION,1,56,FRAME_GAP_1,TIME_GAP_LE_60MS,6.7950538989288045,1.9273765777611747,0.39965496161796565,0.058815569024547196,WIDTH_Q4,63,DEDUPLICATED_RUNTIME_LEGAL_OPTICAL_DYNAMIC_PAIR_SIGNATURE
R02ZF,SAR_SHIFT_PLUS_1,17,R02ZF_SARF000489,R02ZF_SARF000490,489,490,R02ZF_SARF000489__R02ZF_SARF000489__Q095__R0006__TO__R02ZF_SARF000490__Q095__R0006,R02ZF_SARF000489__Q095__R0006,R02ZF_SARF000490__Q095__R0006,-24.661911010742188,-18.76163101196289,-23.80506134033203,-18.76361083984375,False,False,False,False,False,False,False,H_97E86DF9E31C00A529D1,R02ZF_REUSED_R02ZF_PERSON018,R02ZF_REUSED_R02ZF_PERSON018,True,ANGULAR_DYNAMIC_AVAILABLE,294.0,295.0,16333.0,16389.0,-1.6002441161010132,3.3485832133767346,OPTICAL_DIRECTION_INDETERMINATE,-21.58808627595929,-19.074958681540583,-20.6752027976416,-18.23950306258256,26.0,26.0,2.513127594418709,2.435699735059039,-20.33152247874994,-19.45735293011208,1.2565637972093544,1.2178498675295195,0.8741695486378589,-1.6002441161010168,3.348583213376731,-1.600244116101015,3.348583213376733,0.3532835116031864,False,False,OPTICAL_DIRECTION_INDETERMINATE,0.912883478317692,0.8354556189580222,0.8741695486378571,-0.07742785935966978,COHERENT_POSITIVE_SHIFT,MIDPOINT_POSITIVE,SUPPORT_WIDTH_CONTRACTION,1,56,FRAME_GAP_1,TIME_GAP_LE_60MS,2.474413664738874,0.8741695486378571,0.07742785935966978,0.03129139660964521,WIDTH_Q1,77,DEDUPLICATED_RUNTIME_LEGAL_OPTICAL_DYNAMIC_PAIR_SIGNATURE
R02ZF,SAR_SHIFT_PLUS_1,19,R02ZF_SARF000491,R02ZF_SARF000492,491,492,R02ZF_SARF000491__R02ZF_SARF000491__Q095__R0003__TO__R02ZF_SARF000492__Q095__R0005,R02ZF_SARF000491__Q095__R0003,R02ZF_SARF000492__Q095__R0005,-23.409751892089844,-18.416059494018555,-21.98810577392578,-18.032283782958984,False,False,False,False,False,False,False,H_1A382C978D17C51BBDEB,R02ZF_REUSED_R02ZF_PERSON017,R02ZF_REUSED_R02ZF_PERSON017,True,ANGULAR_DYNAMIC_AVAILABLE,295.0,296.0,16389.0,16444.0,-1.6253014861486008,3.394759343737864,OPTICAL_DIRECTION_INDETERMINATE,-23.8843283033484,-21.356095652330914,-22.981397138479515,-20.489568959610533,26.0,26.0,2.528232651017486,2.491828178868982,-22.62021197783966,-21.735483049045023,1.264116325508743,1.245914089434491,0.8847289287946367,-1.6253014861486008,3.394759343737867,-1.6253014861485973,3.3947593437378707,0.3524773737909648,False,False,OPTICAL_DIRECTION_INDETERMINATE,0.9029311648688854,0.866526692720381,0.8847289287946349,-0.036404472148504397,COHERENT_POSITIVE_SHIFT,MIDPOINT_POSITIVE,SUPPORT_WIDTH_CONTRACTION,1,55,FRAME_GAP_1,TIME_GAP_LE_60MS,2.510030414943234,0.8847289287946349,0.036404472148504397,0.01450359801689005,WIDTH_Q1,195,DEDUPLICATED_RUNTIME_LEGAL_OPTICAL_DYNAMIC_PAIR_SIGNATURE
R02ZF,SAR_SHIFT_PLUS_1,19,R02ZF_SARF000491,R02ZF_SARF000492,491,492,R02ZF_SARF000491__R02ZF_SARF000491__Q095__R0003__TO__R02ZF_SARF000492__Q095__R0005,R02ZF_SARF000491__Q095__R0003,R02ZF_SARF000492__Q095__R0005,-23.409751892089844,-18.416059494018555,-21.98810577392578,-18.032283782958984,False,False,False,False,False,False,False,H_41686211DBC01064601E,R02ZF_REUSED_R02ZF_PERSON018,R02ZF_REUSED_R02ZF_PERSON018,True,ANGULAR_DYNAMIC_AVAILABLE,295.0,296.0,16389.0,16444.0,-1.6109418358538292,3.3386846082436925,OPTICAL_DIRECTION_INDETERMINATE,-20.6752027976416,-18.23950306258256,-19.850444898436383,-17.336518189397907,26.0,26.0,2.435699735059039,2.5139267090384756,-19.45735293011208,-18.593481543917143,1.2178498675295195,1.2569633545192378,0.863871386194937,-1.6109418358538221,3.3386846082436925,-1.6109418358538203,3.3386846082436943,0.34906528642181206,False,False,OPTICAL_DIRECTION_INDETERMINATE,0.8247578992052169,0.9029848731846535,0.863871386194937,0.07822697397943656,COHERENT_POSITIVE_SHIFT,MIDPOINT_POSITIVE,SUPPORT_WIDTH_EXPANSION,1,55,FRAME_GAP_1,TIME_GAP_LE_60MS,2.4748132220487573,0.863871386194937,0.07822697397943656,0.031609243591593915,WIDTH_Q1,120,DEDUPLICATED_RUNTIME_LEGAL_OPTICAL_DYNAMIC_PAIR_SIGNATURE
R02ZF,SAR_SHIFT_PLUS_1,19,R02ZF_SARF000491,R02ZF_SARF000492,491,492,R02ZF_SARF000491__R02ZF_SARF000491__Q095__R0003__TO__R02ZF_SARF000492__Q095__R0005,R02ZF_SARF000491__Q095__R0003,R02ZF_SARF000492__Q095__R0005,-23.409751892089844,-18.416059494018555,-21.98810577392578,-18.032283782958984,False,False,False,False,False,False,False,H_47A3BD37E48A1F9BA4A6,R02ZF_REUSED_R02ZF_PERSON021,R02ZF_REUSED_R02ZF_PERSON021,True,ANGULAR_DYNAMIC_AVAILABLE,295.0,296.0,16389.0,16444.0,-4.502288264265246,8.522109855902649,OPTICAL_DIRECTION_INDETERMINATE,-35.80119913051476,-29.20597271239494,-33.708260976660185,-27.27908927461211,9.0,9.0,6.595226418119822,6.429171702048073,-32.50358592145485,-30.49367512563615,3.297613209059911,3.2145858510240366,2.0099107958187012,-4.502288264265246,8.522109855902649,-4.502288264265246,8.522109855902649,0.30863780072975716,False,False,OPTICAL_DIRECTION_INDETERMINATE,2.0929381538545755,1.926883437782827,2.0099107958187012,-0.1660547160717485,COHERENT_POSITIVE_SHIFT,MIDPOINT_POSITIVE,SUPPORT_WIDTH_CONTRACTION,1,55,FRAME_GAP_1,TIME_GAP_LE_60MS,6.512199060083947,2.0099107958187012,0.1660547160717485,0.025499023377459212,WIDTH_Q4,121,DEDUPLICATED_RUNTIME_LEGAL_OPTICAL_DYNAMIC_PAIR_SIGNATURE
R02ZF,SAR_SHIFT_PLUS_1,19,R02ZF_SARF000491,R02ZF_SARF000492,491,492,R02ZF_SARF000491__R02ZF_SARF000491__Q095__R0004__TO__R02ZF_SARF000492__Q095__R0007,R02ZF_SARF000491__Q095__R0004,R02ZF_SARF000492__Q095__R0007,-39.4007682800293,-29.21651077270508,-38.64152145385742,-28.599842071533203,False,False,False,False,False,False,False,H_58B537801D7609DDECB4,R02ZF_REUSED_R02ZF_PERSON024,R02ZF_REUSED_R02ZF_PERSON024,True,ANGULAR_DYNAMIC_AVAILABLE,295.0,296.0,16389.0,16444.0,-5.17492834815755,9.031725471244698,OPTICAL_DIRECTION_INDETERMINATE,-43.09468022634056,-36.21879917930776,-41.39372752746531,-34.06295475509586,5.0,5.0,6.875881047032799,7.33077277236945,-39.656739702824154,-37.72834114128058,3.4379405235163993,3.665386386184725,1.928398561543574,-5.17492834815755,9.031725471244698,-5.17492834815755,9.031725471244698,0.2714782222552548,False,False,OPTICAL_DIRECTION_INDETERMINATE,1.7009526988752484,2.1558444242118995,1.9283985615435775,0.4548917253366511,COHERENT_POSITIVE_SHIFT,MIDPOINT_POSITIVE,SUPPORT_WIDTH_EXPANSION,1,55,FRAME_GAP_1,TIME_GAP_LE_60MS,7.103326909701124,1.9283985615435775,0.4548917253366511,0.06403924965291945,WIDTH_Q4,36,DEDUPLICATED_RUNTIME_LEGAL_OPTICAL_DYNAMIC_PAIR_SIGNATURE
R02ZF,OPTICAL_SHIFT_MINUS_1_NOMINAL_STEP,0,R02ZF_SARF000472,R02ZF_SARF000473,472,473,R02ZF_SARF000472__R02ZF_SARF000472__Q095__R0006__TO__R02ZF_SARF000473__Q095__R0007,R02ZF_SARF000472__Q095__R0006,R02ZF_SARF000473__Q095__R0007,-36.04598236083984,-23.38577651977539,-27.497255325317383,-22.77695083618164,False,False,False,False,False,False,False,H_81DB884C622232618417,R02ZF_REUSED_R02ZF_PERSON017,R02ZF_REUSED_R02ZF_PERSON017,True,ANGULAR_DYNAMIC_AVAILABLE,282.0,283.0,15667.0,15722.0,-1.775642451390432,3.5884421050970303,OPTICAL_DIRECTION_INDETERMINATE,-35.7065561288018,-33.03841413201058,-34.81405658340101,-32.11811402370477,26.0,26.0,2.6681419967912205,2.695942559696242,-34.37248513040619,-33.46608530355289,1.3340709983956103,1.347971279848121,0.9063998268533027,-1.775642451390432,3.5884421050970303,-1.7756424513904285,3.588442105097034,0.3379513567723608,False,False,OPTICAL_DIRECTION_INDETERMINATE,0.8924995454007885,0.9203001083058098,0.9063998268533027,0.02780056290502131,COHERENT_POSITIVE_SHIFT,MIDPOINT_POSITIVE,SUPPORT_WIDTH_EXPANSION,1,55,FRAME_GAP_1,TIME_GAP_LE_60MS,2.682042278243731,0.9063998268533027,0.02780056290502131,0.010365445440787689,WIDTH_Q3,63,DEDUPLICATED_RUNTIME_LEGAL_OPTICAL_DYNAMIC_PAIR_SIGNATURE
R02ZF,OPTICAL_SHIFT_MINUS_1_NOMINAL_STEP,0,R02ZF_SARF000472,R02ZF_SARF000473,472,473,R02ZF_SARF000472__R02ZF_SARF000472__Q095__R0006__TO__R02ZF_SARF000473__Q095__R0007,R02ZF_SARF000472__Q095__R0006,R02ZF_SARF000473__Q095__R0007,-36.04598236083984,-23.38577651977539,-27.497255325317383,-22.77695083618164,False,False,False,False,False,False,False,H_B46D196319C6D883362C,R02ZF_REUSED_R02ZF_PERSON018,R02ZF_REUSED_R02ZF_PERSON018,True,ANGULAR_DYNAMIC_AVAILABLE,282.0,283.0,15667.0,15722.0,-1.77197889332529,3.578101627012632,OPTICAL_DIRECTION_INDETERMINATE,-32.17010041718788,-29.48676140865127,-31.25874030197656,-28.59199879017525,26.0,26.0,2.6833390085366133,2.666741511801309,-30.828430912919575,-29.925369546075906,1.3416695042683067,1.3333707559006545,0.9030613668436693,-1.77197889332529,3.5781016270126322,-1.7719788933252918,3.5781016270126305,0.33758795345630804,False,False,OPTICAL_DIRECTION_INDETERMINATE,0.9113601152113233,0.8947626184760189,0.9030613668436693,-0.016597496735304418,COHERENT_POSITIVE_SHIFT,MIDPOINT_POSITIVE,SUPPORT_WIDTH_CONTRACTION,1,55,FRAME_GAP_1,TIME_GAP_LE_60MS,2.675040260168961,0.9030613668436693,0.016597496735304418,0.006204578294554747,WIDTH_Q3,42,DEDUPLICATED_RUNTIME_LEGAL_OPTICAL_DYNAMIC_PAIR_SIGNATURE
R02ZF,OPTICAL_SHIFT_MINUS_1_NOMINAL_STEP,2,R02ZF_SARF000474,R02ZF_SARF000475,474,475,R02ZF_SARF000474__R02ZF_SARF000474__Q095__R0007__TO__R02ZF_SARF000475__Q095__R0007,R02ZF_SARF000474__Q095__R0007,R02ZF_SARF000475__Q095__R0007,-35.31859588623047,-22.58708953857422,-35.24443435668945,-21.751665115356445,False,False,False,False,False,False,False,H_EBB9ADFEDD099D695FD2,R02ZF_REUSED_R02ZF_PERSON017,R02ZF_REUSED_R02ZF_PERSON017,True,ANGULAR_DYNAMIC_AVAILABLE,283.0,284.0,15722.0,15778.0,-1.7877064781169452,3.589323409716308,OPTICAL_DIRECTION_INDETERMINATE,-34.81405658340101,-32.11811402370477,-33.905820501821715,-31.224733173684704,26.0,26.0,2.695942559696242,2.6810873281370107,-33.46608530355289,-32.56527683775321,1.347971279848121,1.3405436640685053,0.9008084657996775,-1.7877064781169452,3.5893234097163074,-1.7877064781169487,3.589323409716304,0.33505800956693976,False,False,OPTICAL_DIRECTION_INDETERMINATE,0.9082360815792967,0.8933808500200655,0.9008084657996811,-0.014855231559231186,COHERENT_POSITIVE_SHIFT,MIDPOINT_POSITIVE,SUPPORT_WIDTH_CONTRACTION,1,56,FRAME_GAP_1,TIME_GAP_LE_60MS,2.6885149439166263,0.9008084657996811,0.014855231559231186,0.005525441319507824,WIDTH_Q4,25,DEDUPLICATED_RUNTIME_LEGAL_OPTICAL_DYNAMIC_PAIR_SIGNATURE
R02ZF,OPTICAL_SHIFT_MINUS_1_NOMINAL_STEP,2,R02ZF_SARF000474,R02ZF_SARF000475,474,475,R02ZF_SARF000474__R02ZF_SARF000474__Q095__R0007__TO__R02ZF_SARF000475__Q095__R0007,R02ZF_SARF000474__Q095__R0007,R02ZF_SARF000475__Q095__R0007,-35.31859588623047,-22.58708953857422,-35.24443435668945,-21.751665115356445,False,False,False,False,False,False,False,H_0BAD7C18DE9977511776,R02ZF_REUSED_R02ZF_PERSON018,R02ZF_REUSED_R02ZF_PERSON018,True,ANGULAR_DYNAMIC_AVAILABLE,283.0,284.0,15722.0,15778.0,-1.8311605734407088,3.622935049508907,OPTICAL_DIRECTION_INDETERMINATE,-31.25874030197656,-28.59199879017525,-30.42315936361596,-27.63580525246765,26.0,26.0,2.666741511801309,2.787354111148307,-29.925369546075906,-29.029482308041807,1.3333707559006545,1.3936770555741536,0.8958872380340992,-1.8311605734407088,3.622935049508907,-1.8311605734407088,3.622935049508907,0.32851907996053675,False,False,OPTICAL_DIRECTION_INDETERMINATE,0.8355809383606001,0.9561935377075983,0.8958872380340974,0.1206125993469982,COHERENT_POSITIVE_SHIFT,MIDPOINT_POSITIVE,SUPPORT_WIDTH_EXPANSION,1,56,FRAME_GAP_1,TIME_GAP_LE_60MS,2.727047811474808,0.8958872380340974,0.1206125993469982,0.04422826722710446,WIDTH_Q4,25,DEDUPLICATED_RUNTIME_LEGAL_OPTICAL_DYNAMIC_PAIR_SIGNATURE
R02ZF,OPTICAL_SHIFT_MINUS_1_NOMINAL_STEP,3,R02ZF_SARF000475,R02ZF_SARF000476,475,476,R02ZF_SARF000475__R02ZF_SARF000475__Q095__R0007__TO__R02ZF_SARF000476__Q095__R0007,R02ZF_SARF000475__Q095__R0007,R02ZF_SARF000476__Q095__R0007,-35.24443435668945,-21.751665115356445,-33.86088562011719,-21.478654861450195,False,False,False,False,False,False,False,H_9CDBF8F9613B565DC4E3,R02ZF_REUSED_R02ZF_PERSON017,R02ZF_REUSED_R02ZF_PERSON017,True,ANGULAR_DYNAMIC_AVAILABLE,284.0,285.0,15778.0,15833.0,-1.7527000496695777,3.598244686276839,OPTICAL_DIRECTION_INDETERMINATE,-33.905820501821715,-31.224733173684704,-32.97743322335428,-30.30757581554488,26.0,26.0,2.6810873281370107,2.6698574078094026,-32.56527683775321,-31.64250451944958,1.3405436640685053,1.3349287039047013,0.9227723183036289,-1.7527000496695777,3.5982446862768356,-1.7527000496695777,3.5982446862768356,0.3449007096278372,False,False,OPTICAL_DIRECTION_INDETERMINATE,0.928387278467433,0.9171573581398249,0.9227723183036289,-0.011229920327608056,COHERENT_POSITIVE_SHIFT,MIDPOINT_POSITIVE,SUPPORT_WIDTH_CONTRACTION,1,55,FRAME_GAP_1,TIME_GAP_LE_60MS,2.6754723679732066,0.9227723183036289,0.011229920327608056,0.0041973598613971996,WIDTH_Q3,20,DEDUPLICATED_RUNTIME_LEGAL_OPTICAL_DYNAMIC_PAIR_SIGNATURE
R02ZF,OPTICAL_SHIFT_MINUS_1_NOMINAL_STEP,3,R02ZF_SARF000475,R02ZF_SARF000476,475,476,R02ZF_SARF000475__R02ZF_SARF000475__Q095__R0007__TO__R02ZF_SARF000476__Q095__R0007,R02ZF_SARF000475__Q095__R0007,R02ZF_SARF000476__Q095__R0007,-35.24443435668945,-21.751665115356445,-33.86088562011719,-21.478654861450195,False,False,False,False,False,False,False,H_B9FAAFD982F299B5DF91,R02ZF_REUSED_R02ZF_PERSON018,R02ZF_REUSED_R02ZF_PERSON018,True,ANGULAR_DYNAMIC_AVAILABLE,284.0,285.0,15778.0,15833.0,-1.9116758471274051,3.577312277542635,OPTICAL_DIRECTION_INDETERMINATE,-30.42315936361596,-27.63580525246765,-29.547481099595057,-26.845847086073324,26.0,26.0,2.787354111148307,2.7016340135217334,-29.029482308041807,-28.19666409283419,1.3936770555741536,1.3508170067608667,0.8328182152076167,-1.9116758471274053,3.577312277542635,-1.9116758471274036,3.577312277542637,0.30345054363100116,False,False,OPTICAL_DIRECTION_INDETERMINATE,0.8756782640209018,0.789958166394328,0.8328182152076149,-0.08572009762657373,COHERENT_POSITIVE_SHIFT,MIDPOINT_POSITIVE,SUPPORT_WIDTH_CONTRACTION,1,55,FRAME_GAP_1,TIME_GAP_LE_60MS,2.7444940623350202,0.8328182152076149,0.08572009762657373,0.031233478987250176,WIDTH_Q4,20,DEDUPLICATED_RUNTIME_LEGAL_OPTICAL_DYNAMIC_PAIR_SIGNATURE
R02ZF,OPTICAL_SHIFT_MINUS_1_NOMINAL_STEP,5,R02ZF_SARF000477,R02ZF_SARF000478,477,478,R02ZF_SARF000477__R02ZF_SARF000477__Q095__R0007__TO__R02ZF_SARF000478__Q095__R0009,R02ZF_SARF000477__Q095__R0007,R02ZF_SARF000478__Q095__R0009,-33.67852020263672,-21.3183650970459,-25.352163314819336,-22.38740539550781,False,False,False,False,False,False,False,H_6515B85EA4F169E4197F,R02ZF_REUSED_R02ZF_PERSON017,R02ZF_REUSED_R02ZF_PERSON017,True,ANGULAR_DYNAMIC_AVAILABLE,285.0,286.0,15833.0,15889.0,-1.729745441515508,3.5722417243841704,OPTICAL_DIRECTION_INDETERMINATE,-32.97743322335428,-30.30757581554488,-32.037321257060384,-29.40519149897011,26.0,26.0,2.6698574078094026,2.6321297580902723,-31.64250451944958,-30.721256378015248,1.3349287039047013,1.3160648790451361,0.921248141434333,-1.7297454415155045,3.5722417243841704,-1.7297454415155045,3.5722417243841704,0.34751051355214274,False,False,OPTICAL_DIRECTION_INDETERMINATE,0.9401119662938981,0.9023843165747678,0.921248141434333,-0.03772764971913034,COHERENT_POSITIVE_SHIFT,MIDPOINT_POSITIVE,SUPPORT_WIDTH_CONTRACTION,1,56,FRAME_GAP_1,TIME_GAP_LE_60MS,2.6509935829498374,0.921248141434333,0.03772764971913034,0.014231513030352073,WIDTH_Q3,30,DEDUPLICATED_RUNTIME_LEGAL_OPTICAL_DYNAMIC_PAIR_SIGNATURE
R02ZF,OPTICAL_SHIFT_MINUS_1_NOMINAL_STEP,5,R02ZF_SARF000477,R02ZF_SARF000478,477,478,R02ZF_SARF000477__R02ZF_SARF000477__Q095__R0007__TO__R02ZF_SARF000478__Q095__R0009,R02ZF_SARF000477__Q095__R0007,R02ZF_SARF000478__Q095__R0009,-33.67852020263672,-21.3183650970459,-25.352163314819336,-22.38740539550781,False,False,False,False,False,False,False,H_B021082962CDD6DB4779,R02ZF_REUSED_R02ZF_PERSON018,R02ZF_REUSED_R02ZF_PERSON018,True,ANGULAR_DYNAMIC_AVAILABLE,285.0,286.0,15833.0,15889.0,-1.8897498345728396,3.550262817279432,OPTICAL_DIRECTION_INDETERMINATE,-29.547481099595057,-26.845847086073324,-28.735596920646163,-25.997218282315625,26.0,26.0,2.7016340135217334,2.7383786383305377,-28.19666409283419,-27.366407601480894,1.3508170067608667,1.3691893191652689,0.8302564913532962,-1.8897498345728394,3.5502628172794317,-1.8897498345728394,3.5502628172794317,0.3052406472145251,False,False,OPTICAL_DIRECTION_INDETERMINATE,0.811884178948894,0.8486288037576983,0.8302564913532962,0.03674462480880436,COHERENT_POSITIVE_SHIFT,MIDPOINT_POSITIVE,SUPPORT_WIDTH_EXPANSION,1,56,FRAME_GAP_1,TIME_GAP_LE_60MS,2.7200063259261356,0.8302564913532962,0.03674462480880436,0.013509021820489029,WIDTH_Q4,30,DEDUPLICATED_RUNTIME_LEGAL_OPTICAL_DYNAMIC_PAIR_SIGNATURE
R02ZF,OPTICAL_SHIFT_MINUS_1_NOMINAL_STEP,7,R02ZF_SARF000479,R02ZF_SARF000480,479,480,R02ZF_SARF000479__R02ZF_SARF000479__Q095__R0008__TO__R02ZF_SARF000480__Q095__R0009,R02ZF_SARF000479__Q095__R0008,R02ZF_SARF000480__Q095__R0009,-26.504234313964844,-22.346281051635746,-25.797929763793945,-22.209640502929688,False,False,False,False,False,False,False,H_F6323D4B68BF81980394,R02ZF_REUSED_R02ZF_PERSON017,R02ZF_REUSED_R02ZF_PERSON017,True,ANGULAR_DYNAMIC_AVAILABLE,286.0,287.0,15889.0,15944.0,-1.735805529679709,3.521830774797348,OPTICAL_DIRECTION_INDETERMINATE,-32.037321257060384,-29.40519149897011,-31.14099702864982,-28.51549048226304,26.0,26.0,2.6321297580902723,2.625506546386781,-30.721256378015248,-29.82824375545643,1.3160648790451361,1.3127532731933904,0.8930126225588175,-1.735805529679709,3.521830774797344,-1.735805529679709,3.521830774797344,0.33970117780812925,False,False,OPTICAL_DIRECTION_INDETERMINATE,0.8963242284105633,0.8897010167070718,0.8930126225588175,-0.0066232117034914495,COHERENT_POSITIVE_SHIFT,MIDPOINT_POSITIVE,SUPPORT_WIDTH_CONTRACTION,1,55,FRAME_GAP_1,TIME_GAP_LE_60MS,2.6288181522385266,0.8930126225588175,0.0066232117034914495,0.002519463622027854,WIDTH_Q3,42,DEDUPLICATED_RUNTIME_LEGAL_OPTICAL_DYNAMIC_PAIR_SIGNATURE
R02ZF,OPTICAL_SHIFT_MINUS_1_NOMINAL_STEP,7,R02ZF_SARF000479,R02ZF_SARF000480,479,480,R02ZF_SARF000479__R02ZF_SARF000479__Q095__R0008__TO__R02ZF_SARF000480__Q095__R0009,R02ZF_SARF000479__Q095__R0008,R02ZF_SARF000480__Q095__R0009,-26.504234313964844,-22.346281051635746,-25.797929763793945,-22.209640502929688,False,False,False,False,False,False,False,H_AC374EF69081BAA9334B,R02ZF_REUSED_R02ZF_PERSON018,R02ZF_REUSED_R02ZF_PERSON018,True,ANGULAR_DYNAMIC_AVAILABLE,286.0,287.0,15889.0,15944.0,-1.816109225155035,3.588665889744288,OPTICAL_DIRECTION_INDETERMINATE,-28.735596920646163,-25.997218282315625,-27.81332750747066,-25.146931030901875,26.0,26.0,2.7383786383305377,2.666396476568785,-27.366407601480894,-26.480129269186268,1.3691893191652689,1.3331982382843925,0.8862783322946264,-1.816109225155035,3.588665889744288,-1.816109225155035,3.588665889744288,0.3279612244555472,False,False,OPTICAL_DIRECTION_INDETERMINATE,0.9222694131755027,0.8502872514137501,0.8862783322946264,-0.07198216176175265,COHERENT_POSITIVE_SHIFT,MIDPOINT_POSITIVE,SUPPORT_WIDTH_CONTRACTION,1,55,FRAME_GAP_1,TIME_GAP_LE_60MS,2.7023875574496614,0.8862783322946264,0.07198216176175265,0.02663650576813814,WIDTH_Q4,42,DEDUPLICATED_RUNTIME_LEGAL_OPTICAL_DYNAMIC_PAIR_SIGNATURE
R02ZF,OPTICAL_SHIFT_MINUS_1_NOMINAL_STEP,8,R02ZF_SARF000480,R02ZF_SARF000481,480,481,R02ZF_SARF000480__R02ZF_SARF000480__Q095__R0009__TO__R02ZF_SARF000481__Q095__R0008,R02ZF_SARF000480__Q095__R0009,R02ZF_SARF000481__Q095__R0008,-25.797929763793945,-22.209640502929688,-29.24764060974121,-19.2650146484375,False,False,False,False,False,False,False,H_9D952CF2F974C9D656C5,R02ZF_REUSED_R02ZF_PERSON017,R02ZF_REUSED_R02ZF_PERSON017,True,ANGULAR_DYNAMIC_AVAILABLE,287.0,288.0,15944.0,16000.0,-1.9126425967898832,3.3262210242086283,OPTICAL_DIRECTION_INDETERMINATE,-31.14099702864982,-28.51549048226304,-30.42813307905292,-27.814776004441192,26.0,26.0,2.625506546386781,2.613357074611727,-29.82824375545643,-29.121454541747056,1.3127532731933904,1.3066785373058636,0.7067892137093743,-1.9126425967898797,3.3262210242086283,-1.9126425967898797,3.3262210242086283,0.26982539147475,False,False,OPTICAL_DIRECTION_INDETERMINATE,0.7128639495969011,0.7007144778218475,0.7067892137093743,-0.012149471775053655,COHERENT_POSITIVE_SHIFT,MIDPOINT_POSITIVE,SUPPORT_WIDTH_CONTRACTION,1,56,FRAME_GAP_1,TIME_GAP_LE_60MS,2.619431810499254,0.7067892137093743,0.012149471775053655,0.00463820883840378,WIDTH_Q3,35,DEDUPLICATED_RUNTIME_LEGAL_OPTICAL_DYNAMIC_PAIR_SIGNATURE
R02ZF,OPTICAL_SHIFT_MINUS_1_NOMINAL_STEP,8,R02ZF_SARF000480,R02ZF_SARF000481,480,481,R02ZF_SARF000480__R02ZF_SARF000480__Q095__R0009__TO__R02ZF_SARF000481__Q095__R0008,R02ZF_SARF000480__Q095__R0009,R02ZF_SARF000481__Q095__R0008,-25.797929763793945,-22.209640502929688,-29.24764060974121,-19.2650146484375,False,False,False,False,False,False,False,H_21C0E674481A18A0537F,R02ZF_REUSED_R02ZF_PERSON018,R02ZF_REUSED_R02ZF_PERSON018,True,ANGULAR_DYNAMIC_AVAILABLE,287.0,288.0,15944.0,16000.0,-1.9460866015397755,3.3015396123634098,OPTICAL_DIRECTION_INDETERMINATE,-27.81332750747066,-25.146931030901875,-27.09301763244165,-24.51178789510725,26.0,26.0,2.666396476568785,2.5812297373344,-26.480129269186268,-25.802402763774452,1.3331982382843925,1.2906148686672,0.6777265054118153,-1.9460866015397755,3.3015396123634098,-1.9460866015397773,3.301539612363408,0.258298315385433,False,False,OPTICAL_DIRECTION_INDETERMINATE,0.7203098750290096,0.6351431357946247,0.6777265054118153,-0.08516673923438489,COHERENT_POSITIVE_SHIFT,MIDPOINT_POSITIVE,SUPPORT_WIDTH_CONTRACTION,1,56,FRAME_GAP_1,TIME_GAP_LE_60MS,2.6238131069515926,0.6777265054118153,0.08516673923438489,0.03245914848460133,WIDTH_Q3,42,DEDUPLICATED_RUNTIME_LEGAL_OPTICAL_DYNAMIC_PAIR_SIGNATURE
R02ZF,OPTICAL_SHIFT_MINUS_1_NOMINAL_STEP,10,R02ZF_SARF000482,R02ZF_SARF000483,482,483,R02ZF_SARF000482__R02ZF_SARF000482__Q095__R0001__TO__R02ZF_SARF000483__Q095__R0001,R02ZF_SARF000482__Q095__R0001,R02ZF_SARF000483__Q095__R0001,-44.41036605834961,-36.1633415222168,-43.61362838745117,-34.70704650878906,False,False,False,False,False,False,False,H_9313D9031C6DC997F8C2,R02ZF_REUSED_R02ZF_PERSON017,R02ZF_REUSED_R02ZF_PERSON017,True,ANGULAR_DYNAMIC_AVAILABLE,288.0,289.0,16000.0,16056.0,-1.7414204898408414,3.434710192178194,OPTICAL_DIRECTION_INDETERMINATE,-30.42813307905292,-27.814776004441192,-29.556196494282037,-26.993422886874725,26.0,26.0,2.613357074611727,2.562773607407312,-29.121454541747056,-28.27480969057838,1.3066785373058636,1.281386803703656,0.8466448511686764,-1.741420489840845,3.434710192178194,-1.7414204898408432,3.434710192178196,0.3271342642525509,False,False,OPTICAL_DIRECTION_INDETERMINATE,0.8719365847708822,0.821353117566467,0.8466448511686764,-0.0505834672044152,COHERENT_POSITIVE_SHIFT,MIDPOINT_POSITIVE,SUPPORT_WIDTH_CONTRACTION,1,56,FRAME_GAP_1,TIME_GAP_LE_60MS,2.5880653410095196,0.8466448511686764,0.0505834672044152,0.01954489571916459,WIDTH_Q3,81,DEDUPLICATED_RUNTIME_LEGAL_OPTICAL_DYNAMIC_PAIR_SIGNATURE
R02ZF,OPTICAL_SHIFT_MINUS_1_NOMINAL_STEP,10,R02ZF_SARF000482,R02ZF_SARF000483,482,483,R02ZF_SARF000482__R02ZF_SARF000482__Q095__R0006__TO__R02ZF_SARF000483__Q095__R0003,R02ZF_SARF000482__Q095__R0006,R02ZF_SARF000483__Q095__R0003,-31.085893630981445,-27.94162940979004,-24.03499984741211,-20.807846069335938,False,False,False,False,False,False,False,H_D205A9BFBAEF5B8A3E0A,R02ZF_REUSED_R02ZF_PERSON018,R02ZF_REUSED_R02ZF_PERSON018,True,ANGULAR_DYNAMIC_AVAILABLE,288.0,289.0,16000.0,16056.0,-1.7816870780697052,3.381685437945805,OPTICAL_DIRECTION_INDETERMINATE,-27.09301763244165,-24.51178789510725,-26.29347497317696,-23.71133219449585,26.0,26.0,2.5812297373344,2.58214277868111,-25.802402763774452,-25.002403583836404,1.2906148686672,1.291071389340555,0.7999991799380481,-1.7816870780697087,3.3816854379458015,-1.781687078069707,3.3816854379458032,0.3098746710436435,False,False,OPTICAL_DIRECTION_INDETERMINATE,0.7995426592646915,0.8004557006114013,0.7999991799380464,0.0009130413467097753,COHERENT_POSITIVE_SHIFT,MIDPOINT_POSITIVE,SUPPORT_WIDTH_EXPANSION,1,56,FRAME_GAP_1,TIME_GAP_LE_60MS,2.581686258007755,0.7999991799380464,0.0009130413467097753,0.000353660846230926,WIDTH_Q3,81,DEDUPLICATED_RUNTIME_LEGAL_OPTICAL_DYNAMIC_PAIR_SIGNATURE
R02ZF,OPTICAL_SHIFT_MINUS_1_NOMINAL_STEP,12,R02ZF_SARF000484,R02ZF_SARF000485,484,485,R02ZF_SARF000484__R02ZF_SARF000484__Q095__R0001__TO__R02ZF_SARF000485__Q095__R0001,R02ZF_SARF000484__Q095__R0001,R02ZF_SARF000485__Q095__R0001,-43.00187683105469,-34.41638946533203,-42.81047439575195,-33.816497802734375,False,False,False,False,False,False,False,H_799CB07BED7773700E5E,R02ZF_REUSED_R02ZF_PERSON017,R02ZF_REUSED_R02ZF_PERSON017,True,ANGULAR_DYNAMIC_AVAILABLE,289.0,290.0,16056.0,16111.0,-1.45629932287439,3.7151082825101542,OPTICAL_DIRECTION_INDETERMINATE,-29.556196494282037,-26.993422886874725,-28.449722209749115,-25.84108821177188,26.0,26.0,2.562773607407312,2.608633997977236,-28.27480969057838,-27.145405210760497,1.281386803703656,1.304316998988618,1.1294044798178824,-1.45629932287439,3.7151082825101582,-1.4562993228743917,3.7151082825101565,0.43678803374227526,False,False,OPTICAL_DIRECTION_INDETERMINATE,1.106474284532922,1.1523346751028463,1.1294044798178842,0.04586039056992419,COHERENT_POSITIVE_SHIFT,MIDPOINT_POSITIVE,SUPPORT_WIDTH_EXPANSION,1,55,FRAME_GAP_1,TIME_GAP_LE_60MS,2.585703802692274,1.1294044798178842,0.04586039056992419,0.017736134557320007,WIDTH_Q3,90,DEDUPLICATED_RUNTIME_LEGAL_OPTICAL_DYNAMIC_PAIR_SIGNATURE
R02ZF,OPTICAL_SHIFT_MINUS_1_NOMINAL_STEP,12,R02ZF_SARF000484,R02ZF_SARF000485,484,485,R02ZF_SARF000484__R02ZF_SARF000484__Q095__R0001__TO__R02ZF_SARF000485__Q095__R0001,R02ZF_SARF000484__Q095__R0001,R02ZF_SARF000485__Q095__R0001,-43.00187683105469,-34.41638946533203,-42.81047439575195,-33.816497802734375,False,False,False,False,False,False,False,H_E687416BDC5FE5CE7844,R02ZF_REUSED_R02ZF_PERSON021,R02ZF_REUSED_R02ZF_PERSON021,True,ANGULAR_DYNAMIC_AVAILABLE,289.0,290.0,16056.0,16111.0,-4.156611430326059,6.80102240068571,OPTICAL_DIRECTION_INDETERMINATE,-45.34263864419872,-40.76871858100274,-44.9253300113288,-38.54161624351301,9.0,9.0,4.573920063195985,6.383713767815792,-43.05567861260073,-41.73347312742091,2.2869600315979923,3.191856883907896,1.322205485179822,-4.156611430326066,6.80102240068571,-4.156611430326066,6.80102240068571,0.2413304743653285,False,False,OPTICAL_DIRECTION_INDETERMINATE,0.4173086328699185,2.2271023374897254,1.322205485179822,1.809793704619807,COHERENT_POSITIVE_SHIFT,MIDPOINT_POSITIVE,SUPPORT_WIDTH_EXPANSION,1,55,FRAME_GAP_1,TIME_GAP_LE_60MS,5.478816915505888,1.322205485179822,1.809793704619807,0.3303256401026679,WIDTH_Q4,16,DEDUPLICATED_RUNTIME_LEGAL_OPTICAL_DYNAMIC_PAIR_SIGNATURE
R02ZF,OPTICAL_SHIFT_MINUS_1_NOMINAL_STEP,12,R02ZF_SARF000484,R02ZF_SARF000485,484,485,R02ZF_SARF000484__R02ZF_SARF000484__Q095__R0006__TO__R02ZF_SARF000485__Q095__R0009,R02ZF_SARF000484__Q095__R0006,R02ZF_SARF000485__Q095__R0009,-25.837854385375977,-18.41628646850586,-27.13807487487793,-17.69550132751465,False,False,False,False,False,False,False,H_42E706FDA61A1432A4F6,R02ZF_REUSED_R02ZF_PERSON018,R02ZF_REUSED_R02ZF_PERSON018,True,ANGULAR_DYNAMIC_AVAILABLE,289.0,290.0,16056.0,16111.0,-1.437166142678393,3.6522093360138257,OPTICAL_DIRECTION_INDETERMINATE,-26.29347497317696,-23.71133219449585,-25.14849833717424,-22.64126563716313,26.0,26.0,2.58214277868111,2.5072327000111088,-25.002403583836404,-23.894881987168684,1.291071389340555,1.2536163500055544,1.1075215966677199,-1.4371661426783895,3.6522093360138292,-1.4371661426783895,3.6522093360138292,0.4352288807554486,False,False,OPTICAL_DIRECTION_INDETERMINATE,1.1449766360027205,1.0700665573327193,1.1075215966677199,-0.07491007867000121,COHERENT_POSITIVE_SHIFT,MIDPOINT_POSITIVE,SUPPORT_WIDTH_CONTRACTION,1,55,FRAME_GAP_1,TIME_GAP_LE_60MS,2.5446877393461094,1.1075215966677199,0.07491007867000121,0.02943782748340287,WIDTH_Q2,80,DEDUPLICATED_RUNTIME_LEGAL_OPTICAL_DYNAMIC_PAIR_SIGNATURE
R02ZF,OPTICAL_SHIFT_MINUS_1_NOMINAL_STEP,13,R02ZF_SARF000485,R02ZF_SARF000486,485,486,R02ZF_SARF000485__R02ZF_SARF000485__Q095__R0001__TO__R02ZF_SARF000486__Q095__R0001,R02ZF_SARF000485__Q095__R0001,R02ZF_SARF000486__Q095__R0001,-42.81047439575195,-33.816497802734375,-42.55290985107422,-32.75892639160156,False,False,False,False,False,False,False,H_F5195301FA06A843BB25,R02ZF_REUSED_R02ZF_PERSON017,R02ZF_REUSED_R02ZF_PERSON017,True,ANGULAR_DYNAMIC_AVAILABLE,290.0,291.0,16111.0,16167.0,-1.6396725291163357,3.5686196682015776,OPTICAL_DIRECTION_INDETERMINATE,-28.449722209749115,-25.84108821177188,-27.48076074088821,-24.881102541547538,26.0,26.0,2.608633997977236,2.5996581993406735,-27.145405210760497,-26.180931641217875,1.304316998988618,1.2998290996703368,0.9644735695426228,-1.639672529116332,3.5686196682015776,-1.639672529116332,3.5686196682015776,0.370360775856352,False,False,OPTICAL_DIRECTION_INDETERMINATE,0.9689614688609041,0.9599856702243414,0.9644735695426228,-0.008975798636562615,COHERENT_POSITIVE_SHIFT,MIDPOINT_POSITIVE,SUPPORT_WIDTH_CONTRACTION,1,56,FRAME_GAP_1,TIME_GAP_LE_60MS,2.604146098658955,0.9644735695426228,0.008975798636562615,0.003446733899140621,WIDTH_Q3,100,DEDUPLICATED_RUNTIME_LEGAL_OPTICAL_DYNAMIC_PAIR_SIGNATURE
R02ZF,OPTICAL_SHIFT_MINUS_1_NOMINAL_STEP,13,R02ZF_SARF000485,R02ZF_SARF000486,485,486,R02ZF_SARF000485__R02ZF_SARF000485__Q095__R0001__TO__R02ZF_SARF000486__Q095__R0001,R02ZF_SARF000485__Q095__R0001,R02ZF_SARF000486__Q095__R0001,-42.81047439575195,-33.816497802734375,-42.55290985107422,-32.75892639160156,False,False,False,False,False,False,False,H_9D4A0C1E2115898B9FE8,R02ZF_REUSED_R02ZF_PERSON021,R02ZF_REUSED_R02ZF_PERSON021,True,ANGULAR_DYNAMIC_AVAILABLE,290.0,291.0,16111.0,16167.0,-5.071979477656669,8.123241446448624,OPTICAL_DIRECTION_INDETERMINATE,-44.9253300113288,-38.54161624351301,-43.61359572116968,-36.80208856488017,9.0,9.0,6.383713767815792,6.811507156289508,-41.73347312742091,-40.207842143024926,3.191856883907896,3.405753578144754,1.5256309843959812,-5.071979477656669,8.123241446448631,-5.071979477656669,8.123241446448631,0.23123993045223323,False,False,OPTICAL_DIRECTION_INDETERMINATE,1.311734290159123,1.7395276786328395,1.5256309843959812,0.4277933884737166,COHERENT_POSITIVE_SHIFT,MIDPOINT_POSITIVE,SUPPORT_WIDTH_EXPANSION,1,56,FRAME_GAP_1,TIME_GAP_LE_60MS,6.59761046205265,1.5256309843959812,0.4277933884737166,0.06484065570925227,WIDTH_Q4,12,DEDUPLICATED_RUNTIME_LEGAL_OPTICAL_DYNAMIC_PAIR_SIGNATURE
R02ZF,OPTICAL_SHIFT_MINUS_1_NOMINAL_STEP,13,R02ZF_SARF000485,R02ZF_SARF000486,485,486,R02ZF_SARF000485__R02ZF_SARF000485__Q095__R0009__TO__R02ZF_SARF000486__Q095__R0008,R02ZF_SARF000485__Q095__R0009,R02ZF_SARF000486__Q095__R0008,-27.13807487487793,-17.69550132751465,-24.48238182067871,-19.45222282409668,False,False,False,False,False,False,False,H_4E64357ABA7C09B20487,R02ZF_REUSED_R02ZF_PERSON018,R02ZF_REUSED_R02ZF_PERSON018,True,ANGULAR_DYNAMIC_AVAILABLE,290.0,291.0,16111.0,16167.0,-1.5708851983104817,3.4623569539995778,OPTICAL_DIRECTION_INDETERMINATE,-25.14849833717424,-22.64126563716313,-24.21215083547361,-21.68614138317466,26.0,26.0,2.5072327000111088,2.5260094522989505,-23.894881987168684,-22.949146109324136,1.2536163500055544,1.2630047261494752,0.9457358778445482,-1.5708851983104815,3.4623569539995778,-1.5708851983104815,3.4623569539995778,0.3757958982404583,False,False,OPTICAL_DIRECTION_INDETERMINATE,0.9363475017006273,0.955124253988469,0.9457358778445482,0.018776752287841703,COHERENT_POSITIVE_SHIFT,MIDPOINT_POSITIVE,SUPPORT_WIDTH_EXPANSION,1,56,FRAME_GAP_1,TIME_GAP_LE_60MS,2.5166210761550296,0.9457358778445482,0.018776752287841703,0.0074610963349831735,WIDTH_Q1,90,DEDUPLICATED_RUNTIME_LEGAL_OPTICAL_DYNAMIC_PAIR_SIGNATURE
R02ZF,OPTICAL_SHIFT_MINUS_1_NOMINAL_STEP,15,R02ZF_SARF000487,R02ZF_SARF000488,487,488,R02ZF_SARF000487__R02ZF_SARF000487__Q095__R0002__TO__R02ZF_SARF000488__Q095__R0001,R02ZF_SARF000487__Q095__R0002,R02ZF_SARF000488__Q095__R0001,-41.71758270263672,-32.44511413574219,-40.87164688110352,-31.36233901977539,False,False,False,False,False,False,False,H_239C7F31D85DEC2961DC,R02ZF_REUSED_R02ZF_PERSON017,R02ZF_REUSED_R02ZF_PERSON017,True,ANGULAR_DYNAMIC_AVAILABLE,291.0,292.0,16167.0,16222.0,-1.646941054361296,3.5158585729651364,OPTICAL_DIRECTION_INDETERMINATE,-27.48076074088821,-24.881102541547538,-26.528043595908837,-23.96490216792308,26.0,26.0,2.5996581993406735,2.5631414279857587,-26.180931641217875,-25.246472881915956,1.2998290996703368,1.2815707139928794,0.9344587593019185,-1.6469410543612995,3.515858572965133,-1.6469410543612977,3.5158585729651346,0.36199691127111594,False,False,OPTICAL_DIRECTION_INDETERMINATE,0.9527171449793741,0.9162003736244593,0.9344587593019185,-0.03651677135491482,COHERENT_POSITIVE_SHIFT,MIDPOINT_POSITIVE,SUPPORT_WIDTH_CONTRACTION,1,55,FRAME_GAP_1,TIME_GAP_LE_60MS,2.581399813663216,0.9344587593019185,0.03651677135491482,0.014146112183642935,WIDTH_Q3,99,DEDUPLICATED_RUNTIME_LEGAL_OPTICAL_DYNAMIC_PAIR_SIGNATURE
R02ZF,OPTICAL_SHIFT_MINUS_1_NOMINAL_STEP,15,R02ZF_SARF000487,R02ZF_SARF000488,487,488,R02ZF_SARF000487__R02ZF_SARF000487__Q095__R0002__TO__R02ZF_SARF000488__Q095__R0001,R02ZF_SARF000487__Q095__R0002,R02ZF_SARF000488__Q095__R0001,-41.71758270263672,-32.44511413574219,-40.87164688110352,-31.36233901977539,False,False,False,False,False,False,False,H_3F625FFE9E505369FC9B,R02ZF_REUSED_R02ZF_PERSON021,R02ZF_REUSED_R02ZF_PERSON021,True,ANGULAR_DYNAMIC_AVAILABLE,291.0,292.0,16167.0,16222.0,-4.9382911415510335,8.748770132747843,OPTICAL_DIRECTION_INDETERMINATE,-43.61359572116968,-36.80208856488017,-41.740379706431206,-34.86482558842184,9.0,9.0,6.811507156289508,6.875554118009369,-40.207842143024926,-38.302602647426525,3.405753578144754,3.4377770590046843,1.9052394955984013,-4.9382911415510335,8.748770132747843,-4.938291141551037,8.74877013274784,0.2784000827374096,False,False,OPTICAL_DIRECTION_INDETERMINATE,1.8732160147384747,1.9372629764583351,1.9052394955984013,0.06404696171986046,COHERENT_POSITIVE_SHIFT,MIDPOINT_POSITIVE,SUPPORT_WIDTH_EXPANSION,1,55,FRAME_GAP_1,TIME_GAP_LE_60MS,6.843530637149438,1.9052394955984013,0.06404696171986046,0.009358760136498516,WIDTH_Q4,42,DEDUPLICATED_RUNTIME_LEGAL_OPTICAL_DYNAMIC_PAIR_SIGNATURE
R02ZF,OPTICAL_SHIFT_MINUS_1_NOMINAL_STEP,15,R02ZF_SARF000487,R02ZF_SARF000488,487,488,R02ZF_SARF000487__R02ZF_SARF000487__Q095__R0007__TO__R02ZF_SARF000488__Q095__R0005,R02ZF_SARF000487__Q095__R0007,R02ZF_SARF000488__Q095__R0005,-23.80506134033203,-19.111024856567383,-15.307104110717772,-1.8291800022125244,False,False,False,False,False,False,False,H_4A6CC798C96B28FDABF8,R02ZF_REUSED_R02ZF_PERSON018,R02ZF_REUSED_R02ZF_PERSON018,True,ANGULAR_DYNAMIC_AVAILABLE,291.0,292.0,16167.0,16222.0,-1.6300359554587232,3.4285906993604165,OPTICAL_DIRECTION_INDETERMINATE,-24.21215083547361,-21.68614138317466,-23.316177338633384,-20.783560136113195,26.0,26.0,2.5260094522989505,2.532617202520189,-22.949146109324136,-22.049868737373288,1.2630047261494752,1.2663086012600946,0.8992773719508484,-1.6300359554587232,3.4285906993604165,-1.6300359554587214,3.4285906993604183,0.35554209998642416,False,False,OPTICAL_DIRECTION_INDETERMINATE,0.8959734968402273,0.902581247061466,0.8992773719508484,0.006607750221238717,COHERENT_POSITIVE_SHIFT,MIDPOINT_POSITIVE,SUPPORT_WIDTH_EXPANSION,1,55,FRAME_GAP_1,TIME_GAP_LE_60MS,2.52931332740957,0.8992773719508484,0.006607750221238717,0.0026124680361393317,WIDTH_Q1,77,DEDUPLICATED_RUNTIME_LEGAL_OPTICAL_DYNAMIC_PAIR_SIGNATURE
R02ZF,OPTICAL_SHIFT_MINUS_1_NOMINAL_STEP,17,R02ZF_SARF000489,R02ZF_SARF000490,489,490,R02ZF_SARF000489__R02ZF_SARF000489__Q095__R0001__TO__R02ZF_SARF000490__Q095__R0005,R02ZF_SARF000489__Q095__R0001,R02ZF_SARF000490__Q095__R0005,-40.52164459228516,-30.30726623535156,-52.5504150390625,-46.31864547729492,False,False,False,False,False,False,False,H_C10D9F13D61B9E3FD501,R02ZF_REUSED_R02ZF_PERSON023,R02ZF_REUSED_R02ZF_PERSON023,True,ANGULAR_DYNAMIC_AVAILABLE,292.0,293.0,16222.0,16278.0,-1.1398212481232406,4.842557393140446,OPTICAL_DIRECTION_INDETERMINATE,-44.27517870751308,-41.23886204360154,-42.37868329172478,-39.43262131437263,2.0,2.0,3.036316663911535,2.9460619773521515,-42.75702037555731,-40.90565230304871,1.5181583319557674,1.4730309886760757,1.851368072508599,-1.1398212481232406,4.842557393140446,-1.1398212481232441,4.842557393140442,0.618940452795387,False,True,OPTICAL_DIRECTION_INDETERMINATE,1.8964954157882943,1.8062407292289109,1.851368072508599,-0.0902546865593834,COHERENT_POSITIVE_SHIFT,MIDPOINT_POSITIVE,SUPPORT_WIDTH_CONTRACTION,1,56,FRAME_GAP_1,TIME_GAP_LE_60MS,2.991189320631843,1.851368072508599,0.0902546865593834,0.030173511899380036,WIDTH_Q4,12,DEDUPLICATED_RUNTIME_LEGAL_OPTICAL_DYNAMIC_PAIR_SIGNATURE
R02ZF,OPTICAL_SHIFT_MINUS_1_NOMINAL_STEP,17,R02ZF_SARF000489,R02ZF_SARF000490,489,490,R02ZF_SARF000489__R02ZF_SARF000489__Q095__R0001__TO__R02ZF_SARF000490__Q095__R0006,R02ZF_SARF000489__Q095__R0001,R02ZF_SARF000490__Q095__R0006,-40.52164459228516,-30.30726623535156,-23.80506134033203,-18.76361083984375,False,False,False,False,False,False,False,H_8D9DB35D6E3E91075CA7,R02ZF_REUSED_R02ZF_PERSON017,R02ZF_REUSED_R02ZF_PERSON017,True,ANGULAR_DYNAMIC_AVAILABLE,292.0,293.0,16222.0,16278.0,-1.6709356507905009,3.448946150596249,OPTICAL_DIRECTION_INDETERMINATE,-26.528043595908837,-23.96490216792308,-25.63583781871358,-23.079097445312584,26.0,26.0,2.5631414279857587,2.556740373400995,-25.246472881915956,-24.357467632013083,1.2815707139928794,1.2783701867004975,0.8890052499028727,-1.6709356507905007,3.448946150596253,-1.6709356507905042,3.4489461505962495,0.3472756928341899,False,False,OPTICAL_DIRECTION_INDETERMINATE,0.8922057771952581,0.8858047226104944,0.8890052499028744,-0.006401054584763699,COHERENT_POSITIVE_SHIFT,MIDPOINT_POSITIVE,SUPPORT_WIDTH_CONTRACTION,1,56,FRAME_GAP_1,TIME_GAP_LE_60MS,2.559940900693377,0.8890052499028744,0.006401054584763699,0.0025004696721826394,WIDTH_Q2,96,DEDUPLICATED_RUNTIME_LEGAL_OPTICAL_DYNAMIC_PAIR_SIGNATURE
R02ZF,OPTICAL_SHIFT_MINUS_1_NOMINAL_STEP,17,R02ZF_SARF000489,R02ZF_SARF000490,489,490,R02ZF_SARF000489__R02ZF_SARF000489__Q095__R0001__TO__R02ZF_SARF000490__Q095__R0009,R02ZF_SARF000489__Q095__R0001,R02ZF_SARF000490__Q095__R0009,-40.52164459228516,-30.30726623535156,-30.67096328735352,-25.24152183532715,False,False,False,False,False,False,False,H_F1C93435007139CD2F9E,R02ZF_REUSED_R02ZF_PERSON021,R02ZF_REUSED_R02ZF_PERSON021,True,ANGULAR_DYNAMIC_AVAILABLE,292.0,293.0,16222.0,16278.0,-5.040102575738416,8.877341124364122,OPTICAL_DIRECTION_INDETERMINATE,-41.740379706431206,-34.86482558842184,-39.90492816416025,-32.863038582067084,9.0,9.0,6.875554118009369,7.0418895820931695,-38.302602647426525,-36.383983373113665,3.4377770590046843,3.5209447910465848,1.91861927431286,-5.040102575738416,8.877341124364122,-5.040102575738409,8.87734112436413,0.2757143216320285,False,False,OPTICAL_DIRECTION_INDETERMINATE,1.8354515422709525,2.0017870063547534,1.9186192743128565,0.16633546408380084,COHERENT_POSITIVE_SHIFT,MIDPOINT_POSITIVE,SUPPORT_WIDTH_EXPANSION,1,56,FRAME_GAP_1,TIME_GAP_LE_60MS,6.958721850051269,1.9186192743128565,0.16633546408380084,0.023903163205549787,WIDTH_Q4,35,DEDUPLICATED_RUNTIME_LEGAL_OPTICAL_DYNAMIC_PAIR_SIGNATURE
R02ZF,OPTICAL_SHIFT_MINUS_1_NOMINAL_STEP,17,R02ZF_SARF000489,R02ZF_SARF000490,489,490,R02ZF_SARF000489__R02ZF_SARF000489__Q095__R0006__TO__R02ZF_SARF000490__Q095__R0006,R02ZF_SARF000489__Q095__R0006,R02ZF_SARF000490__Q095__R0006,-24.661911010742188,-18.76163101196289,-23.80506134033203,-18.76361083984375,False,False,False,False,False,False,False,H_724F4769915245795B60,R02ZF_REUSED_R02ZF_PERSON018,R02ZF_REUSED_R02ZF_PERSON018,True,ANGULAR_DYNAMIC_AVAILABLE,292.0,293.0,16222.0,16278.0,-1.7201959404242864,3.387752849971001,OPTICAL_DIRECTION_INDETERMINATE,-23.316177338633384,-20.783560136113195,-22.50375607653748,-19.928424488662383,26.0,26.0,2.532617202520189,2.575331587875098,-22.049868737373288,-21.216090282599932,1.2663086012600946,1.287665793937549,0.8337784547733555,-1.7201959404242864,3.387752849971001,-1.7201959404242881,3.3877528499709992,0.326463122081861,False,False,OPTICAL_DIRECTION_INDETERMINATE,0.8124212620959028,0.8551356474508118,0.8337784547733573,0.04271438535490901,COHERENT_POSITIVE_SHIFT,MIDPOINT_POSITIVE,SUPPORT_WIDTH_EXPANSION,1,56,FRAME_GAP_1,TIME_GAP_LE_60MS,2.5539743951976437,0.8337784547733573,0.04271438535490901,0.016724672508552495,WIDTH_Q2,77,DEDUPLICATED_RUNTIME_LEGAL_OPTICAL_DYNAMIC_PAIR_SIGNATURE
R02ZF,OPTICAL_SHIFT_MINUS_1_NOMINAL_STEP,18,R02ZF_SARF000490,R02ZF_SARF000491,490,491,R02ZF_SARF000490__R02ZF_SARF000490__Q095__R0005__TO__R02ZF_SARF000491__Q095__R0004,R02ZF_SARF000490__Q095__R0005,R02ZF_SARF000491__Q095__R0004,-52.5504150390625,-46.31864547729492,-39.4007682800293,-29.21651077270508,False,False,False,False,False,False,False,H_6298B2971A5E0B0BD6BE,R02ZF_REUSED_R02ZF_PERSON024,R02ZF_REUSED_R02ZF_PERSON024,True,ANGULAR_DYNAMIC_AVAILABLE,293.0,294.0,16278.0,16333.0,-4.186966342366887,6.888893666348508,OPTICAL_DIRECTION_INDETERMINATE,-45.18926599463623,-40.32654006129996,-44.513506403666845,-38.30037232828772,5.0,5.0,4.862725933336272,6.2131340753791235,-42.7579030279681,-41.40693936597728,2.431362966668136,3.1065670376895618,1.3509636619908179,-4.186966342366887,6.888893666348508,-4.18696634236688,6.888893666348515,0.2439474065088885,False,False,OPTICAL_DIRECTION_INDETERMINATE,0.6757595909693848,2.0261677330122367,1.3509636619908143,1.350408142042852,COHERENT_POSITIVE_SHIFT,MIDPOINT_POSITIVE,SUPPORT_WIDTH_EXPANSION,1,55,FRAME_GAP_1,TIME_GAP_LE_60MS,5.5379300043576976,1.3509636619908143,1.350408142042852,0.24384709466899004,WIDTH_Q4,20,DEDUPLICATED_RUNTIME_LEGAL_OPTICAL_DYNAMIC_PAIR_SIGNATURE
R02ZF,OPTICAL_SHIFT_MINUS_1_NOMINAL_STEP,18,R02ZF_SARF000490,R02ZF_SARF000491,490,491,R02ZF_SARF000490__R02ZF_SARF000490__Q095__R0006__TO__R02ZF_SARF000491__Q095__R0003,R02ZF_SARF000490__Q095__R0006,R02ZF_SARF000491__Q095__R0003,-23.80506134033203,-18.76361083984375,-23.409751892089844,-18.416059494018555,False,False,False,False,False,False,False,H_B06DA49455A089530D0B,R02ZF_REUSED_R02ZF_PERSON017,R02ZF_REUSED_R02ZF_PERSON017,True,ANGULAR_DYNAMIC_AVAILABLE,293.0,294.0,16278.0,16333.0,-1.677649190114753,3.4341698539821515,OPTICAL_DIRECTION_INDETERMINATE,-25.63583781871358,-23.079097445312584,-24.756746635427337,-22.201667964731428,26.0,26.0,2.556740373400995,2.5550786706959094,-24.357467632013083,-23.47920730007938,1.2783701867004975,1.2775393353479547,0.8782603319337028,-1.677649190114753,3.4341698539821515,-1.6776491901147494,3.434169853982155,0.3436194921445477,False,False,OPTICAL_DIRECTION_INDETERMINATE,0.879091183286242,0.8774294805811564,0.878260331933701,-0.0016617027050855881,COHERENT_POSITIVE_SHIFT,MIDPOINT_POSITIVE,SUPPORT_WIDTH_CONTRACTION,1,55,FRAME_GAP_1,TIME_GAP_LE_60MS,2.5559095220484522,0.878260331933701,0.0016617027050855881,0.0006501414430952957,WIDTH_Q2,156,DEDUPLICATED_RUNTIME_LEGAL_OPTICAL_DYNAMIC_PAIR_SIGNATURE
R02ZF,OPTICAL_SHIFT_MINUS_1_NOMINAL_STEP,18,R02ZF_SARF000490,R02ZF_SARF000491,490,491,R02ZF_SARF000490__R02ZF_SARF000490__Q095__R0006__TO__R02ZF_SARF000491__Q095__R0003,R02ZF_SARF000490__Q095__R0006,R02ZF_SARF000491__Q095__R0003,-23.80506134033203,-18.76361083984375,-23.409751892089844,-18.416059494018555,False,False,False,False,False,False,False,H_AF8DCE4EA9583677AB52,R02ZF_REUSED_R02ZF_PERSON018,R02ZF_REUSED_R02ZF_PERSON018,True,ANGULAR_DYNAMIC_AVAILABLE,293.0,294.0,16278.0,16333.0,-1.6596617872969084,3.428797394996895,OPTICAL_DIRECTION_INDETERMINATE,-22.50375607653748,-19.928424488662383,-21.58808627595929,-19.074958681540583,26.0,26.0,2.575331587875098,2.513127594418709,-21.216090282599932,-20.33152247874994,1.287665793937549,1.2565637972093544,0.8845678038499933,-1.6596617872969084,3.4287973949968986,-1.6596617872969102,3.428797394996897,0.3476760929626805,False,False,OPTICAL_DIRECTION_INDETERMINATE,0.9156698005781898,0.8534658071218004,0.8845678038499933,-0.062203993456389384,COHERENT_POSITIVE_SHIFT,MIDPOINT_POSITIVE,SUPPORT_WIDTH_CONTRACTION,1,55,FRAME_GAP_1,TIME_GAP_LE_60MS,2.5442295911469035,0.8845678038499933,0.062203993456389384,0.024449048809446747,WIDTH_Q2,110,DEDUPLICATED_RUNTIME_LEGAL_OPTICAL_DYNAMIC_PAIR_SIGNATURE
R02ZF,OPTICAL_SHIFT_MINUS_1_NOMINAL_STEP,18,R02ZF_SARF000490,R02ZF_SARF000491,490,491,R02ZF_SARF000490__R02ZF_SARF000490__Q095__R0009__TO__R02ZF_SARF000491__Q095__R0004,R02ZF_SARF000490__Q095__R0009,R02ZF_SARF000491__Q095__R0004,-30.67096328735352,-25.24152183532715,-39.4007682800293,-29.21651077270508,False,False,False,False,False,False,False,H_FE5AA997704C5D65EF3D,R02ZF_REUSED_R02ZF_PERSON021,R02ZF_REUSED_R02ZF_PERSON021,True,ANGULAR_DYNAMIC_AVAILABLE,293.0,294.0,16278.0,16333.0,-5.065364607017834,8.97140635481312,OPTICAL_DIRECTION_INDETERMINATE,-39.90492816416025,-32.863038582067084,-37.92840318908492,-30.93352180934713,9.0,9.0,7.0418895820931695,6.994881379737787,-36.383983373113665,-34.43096249921602,3.5209447910465848,3.4974406898688937,1.9530208738976427,-5.065364607017834,8.971406354813123,-5.065364607017836,8.971406354813121,0.27827210107058564,False,False,OPTICAL_DIRECTION_INDETERMINATE,1.9765249750753355,1.9295167727199534,1.9530208738976462,-0.04700820235538217,COHERENT_POSITIVE_SHIFT,MIDPOINT_POSITIVE,SUPPORT_WIDTH_CONTRACTION,1,55,FRAME_GAP_1,TIME_GAP_LE_60MS,7.018385480915478,1.9530208738976462,0.04700820235538217,0.006697865553724247,WIDTH_Q4,63,DEDUPLICATED_RUNTIME_LEGAL_OPTICAL_DYNAMIC_PAIR_SIGNATURE
R02ZF,OPTICAL_SHIFT_MINUS_1_NOMINAL_STEP,20,R02ZF_SARF000492,R02ZF_SARF000493,492,493,R02ZF_SARF000492__R02ZF_SARF000492__Q095__R0005__TO__R02ZF_SARF000493__Q095__R0002,R02ZF_SARF000492__Q095__R0005,R02ZF_SARF000493__Q095__R0002,-21.98810577392578,-18.032283782958984,-38.88214492797852,-27.573383331298828,False,False,False,False,False,False,False,H_3AABBDDD08B36EF27E78,R02ZF_REUSED_R02ZF_PERSON017,R02ZF_REUSED_R02ZF_PERSON017,True,ANGULAR_DYNAMIC_AVAILABLE,294.0,295.0,16333.0,16389.0,-1.6826603386169694,3.4006509830964227,OPTICAL_DIRECTION_INDETERMINATE,-24.756746635427337,-22.201667964731428,-23.8843283033484,-21.356095652330914,26.0,26.0,2.5550786706959094,2.528232651017486,-23.47920730007938,-22.62021197783966,1.2775393353479547,1.264116325508743,0.8589953222397213,-1.682660338616973,3.4006509830964227,-1.6826603386169765,3.400650983096419,0.33796683613317857,False,False,OPTICAL_DIRECTION_INDETERMINATE,0.8724183320789365,0.8455723124005132,0.8589953222397231,-0.02684601967842326,COHERENT_POSITIVE_SHIFT,MIDPOINT_POSITIVE,SUPPORT_WIDTH_CONTRACTION,1,56,FRAME_GAP_1,TIME_GAP_LE_60MS,2.541655660856698,0.8589953222397231,0.02684601967842326,0.01056241413495582,WIDTH_Q2,210,DEDUPLICATED_RUNTIME_LEGAL_OPTICAL_DYNAMIC_PAIR_SIGNATURE
R02ZF,OPTICAL_SHIFT_MINUS_1_NOMINAL_STEP,20,R02ZF_SARF000492,R02ZF_SARF000493,492,493,R02ZF_SARF000492__R02ZF_SARF000492__Q095__R0005__TO__R02ZF_SARF000493__Q095__R0003,R02ZF_SARF000492__Q095__R0005,R02ZF_SARF000493__Q095__R0003,-21.98810577392578,-18.032283782958984,-21.58045959472656,-17.649946212768555,False,False,False,False,False,False,False,H_3A457F286852B81BCAED,R02ZF_REUSED_R02ZF_PERSON018,R02ZF_REUSED_R02ZF_PERSON018,True,ANGULAR_DYNAMIC_AVAILABLE,294.0,295.0,16333.0,16389.0,-1.6002441161010132,3.3485832133767346,OPTICAL_DIRECTION_INDETERMINATE,-21.58808627595929,-19.074958681540583,-20.6752027976416,-18.23950306258256,26.0,26.0,2.513127594418709,2.435699735059039,-20.33152247874994,-19.45735293011208,1.2565637972093544,1.2178498675295195,0.8741695486378589,-1.6002441161010168,3.348583213376731,-1.600244116101015,3.348583213376733,0.3532835116031864,False,False,OPTICAL_DIRECTION_INDETERMINATE,0.912883478317692,0.8354556189580222,0.8741695486378571,-0.07742785935966978,COHERENT_POSITIVE_SHIFT,MIDPOINT_POSITIVE,SUPPORT_WIDTH_CONTRACTION,1,56,FRAME_GAP_1,TIME_GAP_LE_60MS,2.474413664738874,0.8741695486378571,0.07742785935966978,0.03129139660964521,WIDTH_Q1,143,DEDUPLICATED_RUNTIME_LEGAL_OPTICAL_DYNAMIC_PAIR_SIGNATURE
R02ZF,OPTICAL_SHIFT_MINUS_1_NOMINAL_STEP,20,R02ZF_SARF000492,R02ZF_SARF000493,492,493,R02ZF_SARF000492__R02ZF_SARF000492__Q095__R0007__TO__R02ZF_SARF000493__Q095__R0002,R02ZF_SARF000492__Q095__R0007,R02ZF_SARF000493__Q095__R0002,-38.64152145385742,-28.599842071533203,-38.88214492797852,-27.573383331298828,False,False,False,False,False,False,False,H_9DC94296A6C098302372,R02ZF_REUSED_R02ZF_PERSON021,R02ZF_REUSED_R02ZF_PERSON021,True,ANGULAR_DYNAMIC_AVAILABLE,294.0,295.0,16333.0,16389.0,-4.867677321167626,8.72243047668998,OPTICAL_DIRECTION_INDETERMINATE,-37.92840318908492,-30.93352180934713,-35.80119913051476,-29.20597271239494,9.0,9.0,6.994881379737787,6.595226418119822,-34.43096249921602,-32.50358592145485,3.4974406898688937,3.297613209059911,1.9273765777611729,-4.86767732116763,8.72243047668998,-4.867677321167632,8.722430476689977,0.2836440455704128,False,False,OPTICAL_DIRECTION_INDETERMINATE,2.1272040585701575,1.7275490969521918,1.9273765777611747,-0.39965496161796565,COHERENT_POSITIVE_SHIFT,MIDPOINT_POSITIVE,SUPPORT_WIDTH_CONTRACTION,1,56,FRAME_GAP_1,TIME_GAP_LE_60MS,6.7950538989288045,1.9273765777611747,0.39965496161796565,0.058815569024547196,WIDTH_Q4,72,DEDUPLICATED_RUNTIME_LEGAL_OPTICAL_DYNAMIC_PAIR_SIGNATURE
R02ZF,OPTICAL_SHIFT_MINUS_1_NOMINAL_STEP,20,R02ZF_SARF000492,R02ZF_SARF000493,492,493,R02ZF_SARF000492__R02ZF_SARF000492__Q095__R0007__TO__R02ZF_SARF000493__Q095__R0002,R02ZF_SARF000492__Q095__R0007,R02ZF_SARF000493__Q095__R0002,-38.64152145385742,-28.599842071533203,-38.88214492797852,-27.573383331298828,False,False,False,False,False,False,False,H_0DF3FA6DF66BC8F35A23,R02ZF_REUSED_R02ZF_PERSON024,R02ZF_REUSED_R02ZF_PERSON024,True,ANGULAR_DYNAMIC_AVAILABLE,294.0,295.0,16333.0,16389.0,-4.794307898052836,8.294707224359087,OPTICAL_DIRECTION_INDETERMINATE,-44.513506403666845,-38.30037232828772,-43.09468022634056,-36.21879917930776,5.0,5.0,6.2131340753791235,6.875881047032799,-41.40693936597728,-39.656739702824154,3.1065670376895618,3.4379405235163993,1.7501996631531256,-4.7943078980528355,8.294707224359087,-4.7943078980528355,8.294707224359087,0.26743030652570826,False,False,OPTICAL_DIRECTION_INDETERMINATE,1.418826177326288,2.081573148979963,1.7501996631531291,0.6627469716536751,COHERENT_POSITIVE_SHIFT,MIDPOINT_POSITIVE,SUPPORT_WIDTH_EXPANSION,1,56,FRAME_GAP_1,TIME_GAP_LE_60MS,6.544507561205961,1.7501996631531291,0.6627469716536751,0.10126766077592403,WIDTH_Q4,18,DEDUPLICATED_RUNTIME_LEGAL_OPTICAL_DYNAMIC_PAIR_SIGNATURE
R02ZF,OPTICAL_SHIFT_PLUS_1_NOMINAL_STEP,0,R02ZF_SARF000472,R02ZF_SARF000473,472,473,R02ZF_SARF000472__R02ZF_SARF000472__Q095__R0006__TO__R02ZF_SARF000473__Q095__R0007,R02ZF_SARF000472__Q095__R0006,R02ZF_SARF000473__Q095__R0007,-36.04598236083984,-23.38577651977539,-27.497255325317383,-22.77695083618164,False,False,False,False,False,False,False,H_66C8F3940E77B4F48695,R02ZF_REUSED_R02ZF_PERSON017,R02ZF_REUSED_R02ZF_PERSON017,True,ANGULAR_DYNAMIC_AVAILABLE,284.0,285.0,15778.0,15833.0,-1.7527000496695777,3.598244686276839,OPTICAL_DIRECTION_INDETERMINATE,-33.905820501821715,-31.224733173684704,-32.97743322335428,-30.30757581554488,26.0,26.0,2.6810873281370107,2.6698574078094026,-32.56527683775321,-31.64250451944958,1.3405436640685053,1.3349287039047013,0.9227723183036289,-1.7527000496695777,3.5982446862768356,-1.7527000496695777,3.5982446862768356,0.3449007096278372,False,False,OPTICAL_DIRECTION_INDETERMINATE,0.928387278467433,0.9171573581398249,0.9227723183036289,-0.011229920327608056,COHERENT_POSITIVE_SHIFT,MIDPOINT_POSITIVE,SUPPORT_WIDTH_CONTRACTION,1,55,FRAME_GAP_1,TIME_GAP_LE_60MS,2.6754723679732066,0.9227723183036289,0.011229920327608056,0.0041973598613971996,WIDTH_Q3,56,DEDUPLICATED_RUNTIME_LEGAL_OPTICAL_DYNAMIC_PAIR_SIGNATURE
R02ZF,OPTICAL_SHIFT_PLUS_1_NOMINAL_STEP,0,R02ZF_SARF000472,R02ZF_SARF000473,472,473,R02ZF_SARF000472__R02ZF_SARF000472__Q095__R0006__TO__R02ZF_SARF000473__Q095__R0007,R02ZF_SARF000472__Q095__R0006,R02ZF_SARF000473__Q095__R0007,-36.04598236083984,-23.38577651977539,-27.497255325317383,-22.77695083618164,False,False,False,False,False,False,False,H_1A2AA31981DBDF99FB45,R02ZF_REUSED_R02ZF_PERSON018,R02ZF_REUSED_R02ZF_PERSON018,True,ANGULAR_DYNAMIC_AVAILABLE,284.0,285.0,15778.0,15833.0,-1.9116758471274051,3.577312277542635,OPTICAL_DIRECTION_INDETERMINATE,-30.42315936361596,-27.63580525246765,-29.547481099595057,-26.845847086073324,26.0,26.0,2.787354111148307,2.7016340135217334,-29.029482308041807,-28.19666409283419,1.3936770555741536,1.3508170067608667,0.8328182152076167,-1.9116758471274053,3.577312277542635,-1.9116758471274036,3.577312277542637,0.30345054363100116,False,False,OPTICAL_DIRECTION_INDETERMINATE,0.8756782640209018,0.789958166394328,0.8328182152076149,-0.08572009762657373,COHERENT_POSITIVE_SHIFT,MIDPOINT_POSITIVE,SUPPORT_WIDTH_CONTRACTION,1,55,FRAME_GAP_1,TIME_GAP_LE_60MS,2.7444940623350202,0.8328182152076149,0.08572009762657373,0.031233478987250176,WIDTH_Q4,64,DEDUPLICATED_RUNTIME_LEGAL_OPTICAL_DYNAMIC_PAIR_SIGNATURE
R02ZF,OPTICAL_SHIFT_PLUS_1_NOMINAL_STEP,2,R02ZF_SARF000474,R02ZF_SARF000475,474,475,R02ZF_SARF000474__R02ZF_SARF000474__Q095__R0007__TO__R02ZF_SARF000475__Q095__R0007,R02ZF_SARF000474__Q095__R0007,R02ZF_SARF000475__Q095__R0007,-35.31859588623047,-22.58708953857422,-35.24443435668945,-21.751665115356445,False,False,False,False,False,False,False,H_F354EB5C11604EFB7C9D,R02ZF_REUSED_R02ZF_PERSON017,R02ZF_REUSED_R02ZF_PERSON017,True,ANGULAR_DYNAMIC_AVAILABLE,285.0,286.0,15833.0,15889.0,-1.729745441515508,3.5722417243841704,OPTICAL_DIRECTION_INDETERMINATE,-32.97743322335428,-30.30757581554488,-32.037321257060384,-29.40519149897011,26.0,26.0,2.6698574078094026,2.6321297580902723,-31.64250451944958,-30.721256378015248,1.3349287039047013,1.3160648790451361,0.921248141434333,-1.7297454415155045,3.5722417243841704,-1.7297454415155045,3.5722417243841704,0.34751051355214274,False,False,OPTICAL_DIRECTION_INDETERMINATE,0.9401119662938981,0.9023843165747678,0.921248141434333,-0.03772764971913034,COHERENT_POSITIVE_SHIFT,MIDPOINT_POSITIVE,SUPPORT_WIDTH_CONTRACTION,1,56,FRAME_GAP_1,TIME_GAP_LE_60MS,2.6509935829498374,0.921248141434333,0.03772764971913034,0.014231513030352073,WIDTH_Q3,25,DEDUPLICATED_RUNTIME_LEGAL_OPTICAL_DYNAMIC_PAIR_SIGNATURE
R02ZF,OPTICAL_SHIFT_PLUS_1_NOMINAL_STEP,2,R02ZF_SARF000474,R02ZF_SARF000475,474,475,R02ZF_SARF000474__R02ZF_SARF000474__Q095__R0007__TO__R02ZF_SARF000475__Q095__R0007,R02ZF_SARF000474__Q095__R0007,R02ZF_SARF000475__Q095__R0007,-35.31859588623047,-22.58708953857422,-35.24443435668945,-21.751665115356445,False,False,False,False,False,False,False,H_327087EF557E72D40BED,R02ZF_REUSED_R02ZF_PERSON018,R02ZF_REUSED_R02ZF_PERSON018,True,ANGULAR_DYNAMIC_AVAILABLE,285.0,286.0,15833.0,15889.0,-1.8897498345728396,3.550262817279432,OPTICAL_DIRECTION_INDETERMINATE,-29.547481099595057,-26.845847086073324,-28.735596920646163,-25.997218282315625,26.0,26.0,2.7016340135217334,2.7383786383305377,-28.19666409283419,-27.366407601480894,1.3508170067608667,1.3691893191652689,0.8302564913532962,-1.8897498345728394,3.5502628172794317,-1.8897498345728394,3.5502628172794317,0.3052406472145251,False,False,OPTICAL_DIRECTION_INDETERMINATE,0.811884178948894,0.8486288037576983,0.8302564913532962,0.03674462480880436,COHERENT_POSITIVE_SHIFT,MIDPOINT_POSITIVE,SUPPORT_WIDTH_EXPANSION,1,56,FRAME_GAP_1,TIME_GAP_LE_60MS,2.7200063259261356,0.8302564913532962,0.03674462480880436,0.013509021820489029,WIDTH_Q4,30,DEDUPLICATED_RUNTIME_LEGAL_OPTICAL_DYNAMIC_PAIR_SIGNATURE
R02ZF,OPTICAL_SHIFT_PLUS_1_NOMINAL_STEP,3,R02ZF_SARF000475,R02ZF_SARF000476,475,476,R02ZF_SARF000475__R02ZF_SARF000475__Q095__R0007__TO__R02ZF_SARF000476__Q095__R0007,R02ZF_SARF000475__Q095__R0007,R02ZF_SARF000476__Q095__R0007,-35.24443435668945,-21.751665115356445,-33.86088562011719,-21.478654861450195,False,False,False,False,False,False,False,H_A77A5E33D5E61D730A4D,R02ZF_REUSED_R02ZF_PERSON017,R02ZF_REUSED_R02ZF_PERSON017,True,ANGULAR_DYNAMIC_AVAILABLE,286.0,287.0,15889.0,15944.0,-1.735805529679709,3.521830774797348,OPTICAL_DIRECTION_INDETERMINATE,-32.037321257060384,-29.40519149897011,-31.14099702864982,-28.51549048226304,26.0,26.0,2.6321297580902723,2.625506546386781,-30.721256378015248,-29.82824375545643,1.3160648790451361,1.3127532731933904,0.8930126225588175,-1.735805529679709,3.521830774797344,-1.735805529679709,3.521830774797344,0.33970117780812925,False,False,OPTICAL_DIRECTION_INDETERMINATE,0.8963242284105633,0.8897010167070718,0.8930126225588175,-0.0066232117034914495,COHERENT_POSITIVE_SHIFT,MIDPOINT_POSITIVE,SUPPORT_WIDTH_CONTRACTION,1,55,FRAME_GAP_1,TIME_GAP_LE_60MS,2.6288181522385266,0.8930126225588175,0.0066232117034914495,0.002519463622027854,WIDTH_Q3,20,DEDUPLICATED_RUNTIME_LEGAL_OPTICAL_DYNAMIC_PAIR_SIGNATURE
R02ZF,OPTICAL_SHIFT_PLUS_1_NOMINAL_STEP,3,R02ZF_SARF000475,R02ZF_SARF000476,475,476,R02ZF_SARF000475__R02ZF_SARF000475__Q095__R0007__TO__R02ZF_SARF000476__Q095__R0007,R02ZF_SARF000475__Q095__R0007,R02ZF_SARF000476__Q095__R0007,-35.24443435668945,-21.751665115356445,-33.86088562011719,-21.478654861450195,False,False,False,False,False,False,False,H_C7E0B105296FE0E147F4,R02ZF_REUSED_R02ZF_PERSON018,R02ZF_REUSED_R02ZF_PERSON018,True,ANGULAR_DYNAMIC_AVAILABLE,286.0,287.0,15889.0,15944.0,-1.816109225155035,3.588665889744288,OPTICAL_DIRECTION_INDETERMINATE,-28.735596920646163,-25.997218282315625,-27.81332750747066,-25.146931030901875,26.0,26.0,2.7383786383305377,2.666396476568785,-27.366407601480894,-26.480129269186268,1.3691893191652689,1.3331982382843925,0.8862783322946264,-1.816109225155035,3.588665889744288,-1.816109225155035,3.588665889744288,0.3279612244555472,False,False,OPTICAL_DIRECTION_INDETERMINATE,0.9222694131755027,0.8502872514137501,0.8862783322946264,-0.07198216176175265,COHERENT_POSITIVE_SHIFT,MIDPOINT_POSITIVE,SUPPORT_WIDTH_CONTRACTION,1,55,FRAME_GAP_1,TIME_GAP_LE_60MS,2.7023875574496614,0.8862783322946264,0.07198216176175265,0.02663650576813814,WIDTH_Q4,24,DEDUPLICATED_RUNTIME_LEGAL_OPTICAL_DYNAMIC_PAIR_SIGNATURE
R02ZF,OPTICAL_SHIFT_PLUS_1_NOMINAL_STEP,5,R02ZF_SARF000477,R02ZF_SARF000478,477,478,R02ZF_SARF000477__R02ZF_SARF000477__Q095__R0007__TO__R02ZF_SARF000478__Q095__R0009,R02ZF_SARF000477__Q095__R0007,R02ZF_SARF000478__Q095__R0009,-33.67852020263672,-21.3183650970459,-25.352163314819336,-22.38740539550781,False,False,False,False,False,False,False,H_C13882366F124A9325B1,R02ZF_REUSED_R02ZF_PERSON017,R02ZF_REUSED_R02ZF_PERSON017,True,ANGULAR_DYNAMIC_AVAILABLE,287.0,288.0,15944.0,16000.0,-1.9126425967898832,3.3262210242086283,OPTICAL_DIRECTION_INDETERMINATE,-31.14099702864982,-28.51549048226304,-30.42813307905292,-27.814776004441192,26.0,26.0,2.625506546386781,2.613357074611727,-29.82824375545643,-29.121454541747056,1.3127532731933904,1.3066785373058636,0.7067892137093743,-1.9126425967898797,3.3262210242086283,-1.9126425967898797,3.3262210242086283,0.26982539147475,False,False,OPTICAL_DIRECTION_INDETERMINATE,0.7128639495969011,0.7007144778218475,0.7067892137093743,-0.012149471775053655,COHERENT_POSITIVE_SHIFT,MIDPOINT_POSITIVE,SUPPORT_WIDTH_CONTRACTION,1,56,FRAME_GAP_1,TIME_GAP_LE_60MS,2.619431810499254,0.7067892137093743,0.012149471775053655,0.00463820883840378,WIDTH_Q3,24,DEDUPLICATED_RUNTIME_LEGAL_OPTICAL_DYNAMIC_PAIR_SIGNATURE
R02ZF,OPTICAL_SHIFT_PLUS_1_NOMINAL_STEP,5,R02ZF_SARF000477,R02ZF_SARF000478,477,478,R02ZF_SARF000477__R02ZF_SARF000477__Q095__R0007__TO__R02ZF_SARF000478__Q095__R0009,R02ZF_SARF000477__Q095__R0007,R02ZF_SARF000478__Q095__R0009,-33.67852020263672,-21.3183650970459,-25.352163314819336,-22.38740539550781,False,False,False,False,False,False,False,H_A2BA90E970143FB6804F,R02ZF_REUSED_R02ZF_PERSON018,R02ZF_REUSED_R02ZF_PERSON018,True,ANGULAR_DYNAMIC_AVAILABLE,287.0,288.0,15944.0,16000.0,-1.9460866015397755,3.3015396123634098,OPTICAL_DIRECTION_INDETERMINATE,-27.81332750747066,-25.146931030901875,-27.09301763244165,-24.51178789510725,26.0,26.0,2.666396476568785,2.5812297373344,-26.480129269186268,-25.802402763774452,1.3331982382843925,1.2906148686672,0.6777265054118153,-1.9460866015397755,3.3015396123634098,-1.9460866015397773,3.301539612363408,0.258298315385433,False,False,OPTICAL_DIRECTION_INDETERMINATE,0.7203098750290096,0.6351431357946247,0.6777265054118153,-0.08516673923438489,COHERENT_POSITIVE_SHIFT,MIDPOINT_POSITIVE,SUPPORT_WIDTH_CONTRACTION,1,56,FRAME_GAP_1,TIME_GAP_LE_60MS,2.6238131069515926,0.6777265054118153,0.08516673923438489,0.03245914848460133,WIDTH_Q3,36,DEDUPLICATED_RUNTIME_LEGAL_OPTICAL_DYNAMIC_PAIR_SIGNATURE
R02ZF,OPTICAL_SHIFT_PLUS_1_NOMINAL_STEP,7,R02ZF_SARF000479,R02ZF_SARF000480,479,480,R02ZF_SARF000479__R02ZF_SARF000479__Q095__R0008__TO__R02ZF_SARF000480__Q095__R0009,R02ZF_SARF000479__Q095__R0008,R02ZF_SARF000480__Q095__R0009,-26.504234313964844,-22.346281051635746,-25.797929763793945,-22.209640502929688,False,False,False,False,False,False,False,H_3268BF7F2B88F42A0E76,R02ZF_REUSED_R02ZF_PERSON017,R02ZF_REUSED_R02ZF_PERSON017,True,ANGULAR_DYNAMIC_AVAILABLE,288.0,289.0,16000.0,16056.0,-1.7414204898408414,3.434710192178194,OPTICAL_DIRECTION_INDETERMINATE,-30.42813307905292,-27.814776004441192,-29.556196494282037,-26.993422886874725,26.0,26.0,2.613357074611727,2.562773607407312,-29.121454541747056,-28.27480969057838,1.3066785373058636,1.281386803703656,0.8466448511686764,-1.741420489840845,3.434710192178194,-1.7414204898408432,3.434710192178196,0.3271342642525509,False,False,OPTICAL_DIRECTION_INDETERMINATE,0.8719365847708822,0.821353117566467,0.8466448511686764,-0.0505834672044152,COHERENT_POSITIVE_SHIFT,MIDPOINT_POSITIVE,SUPPORT_WIDTH_CONTRACTION,1,56,FRAME_GAP_1,TIME_GAP_LE_60MS,2.5880653410095196,0.8466448511686764,0.0505834672044152,0.01954489571916459,WIDTH_Q3,42,DEDUPLICATED_RUNTIME_LEGAL_OPTICAL_DYNAMIC_PAIR_SIGNATURE
R02ZF,OPTICAL_SHIFT_PLUS_1_NOMINAL_STEP,7,R02ZF_SARF000479,R02ZF_SARF000480,479,480,R02ZF_SARF000479__R02ZF_SARF000479__Q095__R0008__TO__R02ZF_SARF000480__Q095__R0009,R02ZF_SARF000479__Q095__R0008,R02ZF_SARF000480__Q095__R0009,-26.504234313964844,-22.346281051635746,-25.797929763793945,-22.209640502929688,False,False,False,False,False,False,False,H_00BF96482CC308BB3C2B,R02ZF_REUSED_R02ZF_PERSON018,R02ZF_REUSED_R02ZF_PERSON018,True,ANGULAR_DYNAMIC_AVAILABLE,288.0,289.0,16000.0,16056.0,-1.7816870780697052,3.381685437945805,OPTICAL_DIRECTION_INDETERMINATE,-27.09301763244165,-24.51178789510725,-26.29347497317696,-23.71133219449585,26.0,26.0,2.5812297373344,2.58214277868111,-25.802402763774452,-25.002403583836404,1.2906148686672,1.291071389340555,0.7999991799380481,-1.7816870780697087,3.3816854379458015,-1.781687078069707,3.3816854379458032,0.3098746710436435,False,False,OPTICAL_DIRECTION_INDETERMINATE,0.7995426592646915,0.8004557006114013,0.7999991799380464,0.0009130413467097753,COHERENT_POSITIVE_SHIFT,MIDPOINT_POSITIVE,SUPPORT_WIDTH_EXPANSION,1,56,FRAME_GAP_1,TIME_GAP_LE_60MS,2.581686258007755,0.7999991799380464,0.0009130413467097753,0.000353660846230926,WIDTH_Q3,56,DEDUPLICATED_RUNTIME_LEGAL_OPTICAL_DYNAMIC_PAIR_SIGNATURE
R02ZF,OPTICAL_SHIFT_PLUS_1_NOMINAL_STEP,8,R02ZF_SARF000480,R02ZF_SARF000481,480,481,R02ZF_SARF000480__R02ZF_SARF000480__Q095__R0001__TO__R02ZF_SARF000481__Q095__R0001,R02ZF_SARF000480__Q095__R0001,R02ZF_SARF000481__Q095__R0001,-44.994136810302734,-37.63072967529297,-45.1884994506836,-36.64247131347656,False,False,False,False,False,False,False,H_54A263F4CE22FB03CDF9,R02ZF_REUSED_R02ZF_PERSON021,R02ZF_REUSED_R02ZF_PERSON021,True,ANGULAR_DYNAMIC_AVAILABLE,289.0,290.0,16056.0,16111.0,-4.156611430326059,6.80102240068571,OPTICAL_DIRECTION_INDETERMINATE,-45.34263864419872,-40.76871858100274,-44.9253300113288,-38.54161624351301,9.0,9.0,4.573920063195985,6.383713767815792,-43.05567861260073,-41.73347312742091,2.2869600315979923,3.191856883907896,1.322205485179822,-4.156611430326066,6.80102240068571,-4.156611430326066,6.80102240068571,0.2413304743653285,False,False,OPTICAL_DIRECTION_INDETERMINATE,0.4173086328699185,2.2271023374897254,1.322205485179822,1.809793704619807,COHERENT_POSITIVE_SHIFT,MIDPOINT_POSITIVE,SUPPORT_WIDTH_EXPANSION,1,55,FRAME_GAP_1,TIME_GAP_LE_60MS,5.478816915505888,1.322205485179822,1.809793704619807,0.3303256401026679,WIDTH_Q4,12,DEDUPLICATED_RUNTIME_LEGAL_OPTICAL_DYNAMIC_PAIR_SIGNATURE
R02ZF,OPTICAL_SHIFT_PLUS_1_NOMINAL_STEP,8,R02ZF_SARF000480,R02ZF_SARF000481,480,481,R02ZF_SARF000480__R02ZF_SARF000480__Q095__R0009__TO__R02ZF_SARF000481__Q095__R0008,R02ZF_SARF000480__Q095__R0009,R02ZF_SARF000481__Q095__R0008,-25.797929763793945,-22.209640502929688,-29.24764060974121,-19.2650146484375,False,False,False,False,False,False,False,H_1E9304A0FB8DFA6DACC2,R02ZF_REUSED_R02ZF_PERSON017,R02ZF_REUSED_R02ZF_PERSON017,True,ANGULAR_DYNAMIC_AVAILABLE,289.0,290.0,16056.0,16111.0,-1.45629932287439,3.7151082825101542,OPTICAL_DIRECTION_INDETERMINATE,-29.556196494282037,-26.993422886874725,-28.449722209749115,-25.84108821177188,26.0,26.0,2.562773607407312,2.608633997977236,-28.27480969057838,-27.145405210760497,1.281386803703656,1.304316998988618,1.1294044798178824,-1.45629932287439,3.7151082825101582,-1.4562993228743917,3.7151082825101565,0.43678803374227526,False,False,OPTICAL_DIRECTION_INDETERMINATE,1.106474284532922,1.1523346751028463,1.1294044798178842,0.04586039056992419,COHERENT_POSITIVE_SHIFT,MIDPOINT_POSITIVE,SUPPORT_WIDTH_EXPANSION,1,55,FRAME_GAP_1,TIME_GAP_LE_60MS,2.585703802692274,1.1294044798178842,0.04586039056992419,0.017736134557320007,WIDTH_Q3,42,DEDUPLICATED_RUNTIME_LEGAL_OPTICAL_DYNAMIC_PAIR_SIGNATURE
R02ZF,OPTICAL_SHIFT_PLUS_1_NOMINAL_STEP,8,R02ZF_SARF000480,R02ZF_SARF000481,480,481,R02ZF_SARF000480__R02ZF_SARF000480__Q095__R0009__TO__R02ZF_SARF000481__Q095__R0008,R02ZF_SARF000480__Q095__R0009,R02ZF_SARF000481__Q095__R0008,-25.797929763793945,-22.209640502929688,-29.24764060974121,-19.2650146484375,False,False,False,False,False,False,False,H_CD0F677FF9002A446FD8,R02ZF_REUSED_R02ZF_PERSON018,R02ZF_REUSED_R02ZF_PERSON018,True,ANGULAR_DYNAMIC_AVAILABLE,289.0,290.0,16056.0,16111.0,-1.437166142678393,3.6522093360138257,OPTICAL_DIRECTION_INDETERMINATE,-26.29347497317696,-23.71133219449585,-25.14849833717424,-22.64126563716313,26.0,26.0,2.58214277868111,2.5072327000111088,-25.002403583836404,-23.894881987168684,1.291071389340555,1.2536163500055544,1.1075215966677199,-1.4371661426783895,3.6522093360138292,-1.4371661426783895,3.6522093360138292,0.4352288807554486,False,False,OPTICAL_DIRECTION_INDETERMINATE,1.1449766360027205,1.0700665573327193,1.1075215966677199,-0.07491007867000121,COHERENT_POSITIVE_SHIFT,MIDPOINT_POSITIVE,SUPPORT_WIDTH_CONTRACTION,1,55,FRAME_GAP_1,TIME_GAP_LE_60MS,2.5446877393461094,1.1075215966677199,0.07491007867000121,0.02943782748340287,WIDTH_Q2,42,DEDUPLICATED_RUNTIME_LEGAL_OPTICAL_DYNAMIC_PAIR_SIGNATURE
R02ZF,OPTICAL_SHIFT_PLUS_1_NOMINAL_STEP,10,R02ZF_SARF000482,R02ZF_SARF000483,482,483,R02ZF_SARF000482__R02ZF_SARF000482__Q095__R0001__TO__R02ZF_SARF000483__Q095__R0001,R02ZF_SARF000482__Q095__R0001,R02ZF_SARF000483__Q095__R0001,-44.41036605834961,-36.1633415222168,-43.61362838745117,-34.70704650878906,False,False,False,False,False,False,False,H_0CF5AEF954933D916DBB,R02ZF_REUSED_R02ZF_PERSON021,R02ZF_REUSED_R02ZF_PERSON021,True,ANGULAR_DYNAMIC_AVAILABLE,290.0,291.0,16111.0,16167.0,-5.071979477656669,8.123241446448624,OPTICAL_DIRECTION_INDETERMINATE,-44.9253300113288,-38.54161624351301,-43.61359572116968,-36.80208856488017,9.0,9.0,6.383713767815792,6.811507156289508,-41.73347312742091,-40.207842143024926,3.191856883907896,3.405753578144754,1.5256309843959812,-5.071979477656669,8.123241446448631,-5.071979477656669,8.123241446448631,0.23123993045223323,False,False,OPTICAL_DIRECTION_INDETERMINATE,1.311734290159123,1.7395276786328395,1.5256309843959812,0.4277933884737166,COHERENT_POSITIVE_SHIFT,MIDPOINT_POSITIVE,SUPPORT_WIDTH_EXPANSION,1,56,FRAME_GAP_1,TIME_GAP_LE_60MS,6.59761046205265,1.5256309843959812,0.4277933884737166,0.06484065570925227,WIDTH_Q4,15,DEDUPLICATED_RUNTIME_LEGAL_OPTICAL_DYNAMIC_PAIR_SIGNATURE
R02ZF,OPTICAL_SHIFT_PLUS_1_NOMINAL_STEP,10,R02ZF_SARF000482,R02ZF_SARF000483,482,483,R02ZF_SARF000482__R02ZF_SARF000482__Q095__R0006__TO__R02ZF_SARF000483__Q095__R0003,R02ZF_SARF000482__Q095__R0006,R02ZF_SARF000483__Q095__R0003,-31.085893630981445,-27.94162940979004,-24.03499984741211,-20.807846069335938,False,False,False,False,False,False,False,H_D2D86EABF66DB74AF22C,R02ZF_REUSED_R02ZF_PERSON017,R02ZF_REUSED_R02ZF_PERSON017,True,ANGULAR_DYNAMIC_AVAILABLE,290.0,291.0,16111.0,16167.0,-1.6396725291163357,3.5686196682015776,OPTICAL_DIRECTION_INDETERMINATE,-28.449722209749115,-25.84108821177188,-27.48076074088821,-24.881102541547538,26.0,26.0,2.608633997977236,2.5996581993406735,-27.145405210760497,-26.180931641217875,1.304316998988618,1.2998290996703368,0.9644735695426228,-1.639672529116332,3.5686196682015776,-1.639672529116332,3.5686196682015776,0.370360775856352,False,False,OPTICAL_DIRECTION_INDETERMINATE,0.9689614688609041,0.9599856702243414,0.9644735695426228,-0.008975798636562615,COHERENT_POSITIVE_SHIFT,MIDPOINT_POSITIVE,SUPPORT_WIDTH_CONTRACTION,1,56,FRAME_GAP_1,TIME_GAP_LE_60MS,2.604146098658955,0.9644735695426228,0.008975798636562615,0.003446733899140621,WIDTH_Q3,72,DEDUPLICATED_RUNTIME_LEGAL_OPTICAL_DYNAMIC_PAIR_SIGNATURE
R02ZF,OPTICAL_SHIFT_PLUS_1_NOMINAL_STEP,10,R02ZF_SARF000482,R02ZF_SARF000483,482,483,R02ZF_SARF000482__R02ZF_SARF000482__Q095__R0006__TO__R02ZF_SARF000483__Q095__R0003,R02ZF_SARF000482__Q095__R0006,R02ZF_SARF000483__Q095__R0003,-31.085893630981445,-27.94162940979004,-24.03499984741211,-20.807846069335938,False,False,False,False,False,False,False,H_449302E132E93080F8C1,R02ZF_REUSED_R02ZF_PERSON018,R02ZF_REUSED_R02ZF_PERSON018,True,ANGULAR_DYNAMIC_AVAILABLE,290.0,291.0,16111.0,16167.0,-1.5708851983104817,3.4623569539995778,OPTICAL_DIRECTION_INDETERMINATE,-25.14849833717424,-22.64126563716313,-24.21215083547361,-21.68614138317466,26.0,26.0,2.5072327000111088,2.5260094522989505,-23.894881987168684,-22.949146109324136,1.2536163500055544,1.2630047261494752,0.9457358778445482,-1.5708851983104815,3.4623569539995778,-1.5708851983104815,3.4623569539995778,0.3757958982404583,False,False,OPTICAL_DIRECTION_INDETERMINATE,0.9363475017006273,0.955124253988469,0.9457358778445482,0.018776752287841703,COHERENT_POSITIVE_SHIFT,MIDPOINT_POSITIVE,SUPPORT_WIDTH_EXPANSION,1,56,FRAME_GAP_1,TIME_GAP_LE_60MS,2.5166210761550296,0.9457358778445482,0.018776752287841703,0.0074610963349831735,WIDTH_Q1,81,DEDUPLICATED_RUNTIME_LEGAL_OPTICAL_DYNAMIC_PAIR_SIGNATURE
R02ZF,OPTICAL_SHIFT_PLUS_1_NOMINAL_STEP,12,R02ZF_SARF000484,R02ZF_SARF000485,484,485,R02ZF_SARF000484__R02ZF_SARF000484__Q095__R0001__TO__R02ZF_SARF000485__Q095__R0001,R02ZF_SARF000484__Q095__R0001,R02ZF_SARF000485__Q095__R0001,-43.00187683105469,-34.41638946533203,-42.81047439575195,-33.816497802734375,False,False,False,False,False,False,False,H_B9398B0C001942169746,R02ZF_REUSED_R02ZF_PERSON021,R02ZF_REUSED_R02ZF_PERSON021,True,ANGULAR_DYNAMIC_AVAILABLE,291.0,292.0,16167.0,16222.0,-4.9382911415510335,8.748770132747843,OPTICAL_DIRECTION_INDETERMINATE,-43.61359572116968,-36.80208856488017,-41.740379706431206,-34.86482558842184,9.0,9.0,6.811507156289508,6.875554118009369,-40.207842143024926,-38.302602647426525,3.405753578144754,3.4377770590046843,1.9052394955984013,-4.9382911415510335,8.748770132747843,-4.938291141551037,8.74877013274784,0.2784000827374096,False,False,OPTICAL_DIRECTION_INDETERMINATE,1.8732160147384747,1.9372629764583351,1.9052394955984013,0.06404696171986046,COHERENT_POSITIVE_SHIFT,MIDPOINT_POSITIVE,SUPPORT_WIDTH_EXPANSION,1,55,FRAME_GAP_1,TIME_GAP_LE_60MS,6.843530637149438,1.9052394955984013,0.06404696171986046,0.009358760136498516,WIDTH_Q4,28,DEDUPLICATED_RUNTIME_LEGAL_OPTICAL_DYNAMIC_PAIR_SIGNATURE
R02ZF,OPTICAL_SHIFT_PLUS_1_NOMINAL_STEP,12,R02ZF_SARF000484,R02ZF_SARF000485,484,485,R02ZF_SARF000484__R02ZF_SARF000484__Q095__R0006__TO__R02ZF_SARF000485__Q095__R0004,R02ZF_SARF000484__Q095__R0006,R02ZF_SARF000485__Q095__R0004,-25.837854385375977,-18.41628646850586,-14.90241527557373,-3.510418653488159,False,False,False,False,False,False,False,H_F8DDD5734ECD59CF7A75,R02ZF_REUSED_R02ZF_PERSON018,R02ZF_REUSED_R02ZF_PERSON018,True,ANGULAR_DYNAMIC_AVAILABLE,291.0,292.0,16167.0,16222.0,-1.6300359554587232,3.4285906993604165,OPTICAL_DIRECTION_INDETERMINATE,-24.21215083547361,-21.68614138317466,-23.316177338633384,-20.783560136113195,26.0,26.0,2.5260094522989505,2.532617202520189,-22.949146109324136,-22.049868737373288,1.2630047261494752,1.2663086012600946,0.8992773719508484,-1.6300359554587232,3.4285906993604165,-1.6300359554587214,3.4285906993604183,0.35554209998642416,False,False,OPTICAL_DIRECTION_INDETERMINATE,0.8959734968402273,0.902581247061466,0.8992773719508484,0.006607750221238717,COHERENT_POSITIVE_SHIFT,MIDPOINT_POSITIVE,SUPPORT_WIDTH_EXPANSION,1,55,FRAME_GAP_1,TIME_GAP_LE_60MS,2.52931332740957,0.8992773719508484,0.006607750221238717,0.0026124680361393317,WIDTH_Q1,99,DEDUPLICATED_RUNTIME_LEGAL_OPTICAL_DYNAMIC_PAIR_SIGNATURE
R02ZF,OPTICAL_SHIFT_PLUS_1_NOMINAL_STEP,12,R02ZF_SARF000484,R02ZF_SARF000485,484,485,R02ZF_SARF000484__R02ZF_SARF000484__Q095__R0006__TO__R02ZF_SARF000485__Q095__R0009,R02ZF_SARF000484__Q095__R0006,R02ZF_SARF000485__Q095__R0009,-25.837854385375977,-18.41628646850586,-27.13807487487793,-17.69550132751465,False,False,False,False,False,False,False,H_558DD5B0413CCD3D5DDA,R02ZF_REUSED_R02ZF_PERSON017,R02ZF_REUSED_R02ZF_PERSON017,True,ANGULAR_DYNAMIC_AVAILABLE,291.0,292.0,16167.0,16222.0,-1.646941054361296,3.5158585729651364,OPTICAL_DIRECTION_INDETERMINATE,-27.48076074088821,-24.881102541547538,-26.528043595908837,-23.96490216792308,26.0,26.0,2.5996581993406735,2.5631414279857587,-26.180931641217875,-25.246472881915956,1.2998290996703368,1.2815707139928794,0.9344587593019185,-1.6469410543612995,3.515858572965133,-1.6469410543612977,3.5158585729651346,0.36199691127111594,False,False,OPTICAL_DIRECTION_INDETERMINATE,0.9527171449793741,0.9162003736244593,0.9344587593019185,-0.03651677135491482,COHERENT_POSITIVE_SHIFT,MIDPOINT_POSITIVE,SUPPORT_WIDTH_CONTRACTION,1,55,FRAME_GAP_1,TIME_GAP_LE_60MS,2.581399813663216,0.9344587593019185,0.03651677135491482,0.014146112183642935,WIDTH_Q3,72,DEDUPLICATED_RUNTIME_LEGAL_OPTICAL_DYNAMIC_PAIR_SIGNATURE
R02ZF,OPTICAL_SHIFT_PLUS_1_NOMINAL_STEP,13,R02ZF_SARF000485,R02ZF_SARF000486,485,486,R02ZF_SARF000485__R02ZF_SARF000485__Q095__R0001__TO__R02ZF_SARF000486__Q095__R0001,R02ZF_SARF000485__Q095__R0001,R02ZF_SARF000486__Q095__R0001,-42.81047439575195,-33.816497802734375,-42.55290985107422,-32.75892639160156,False,False,False,False,False,False,False,H_94D3CA4BE15E64CA56E7,R02ZF_REUSED_R02ZF_PERSON021,R02ZF_REUSED_R02ZF_PERSON021,True,ANGULAR_DYNAMIC_AVAILABLE,292.0,293.0,16222.0,16278.0,-5.040102575738416,8.877341124364122,OPTICAL_DIRECTION_INDETERMINATE,-41.740379706431206,-34.86482558842184,-39.90492816416025,-32.863038582067084,9.0,9.0,6.875554118009369,7.0418895820931695,-38.302602647426525,-36.383983373113665,3.4377770590046843,3.5209447910465848,1.91861927431286,-5.040102575738416,8.877341124364122,-5.040102575738409,8.87734112436413,0.2757143216320285,False,False,OPTICAL_DIRECTION_INDETERMINATE,1.8354515422709525,2.0017870063547534,1.9186192743128565,0.16633546408380084,COHERENT_POSITIVE_SHIFT,MIDPOINT_POSITIVE,SUPPORT_WIDTH_EXPANSION,1,56,FRAME_GAP_1,TIME_GAP_LE_60MS,6.958721850051269,1.9186192743128565,0.16633546408380084,0.023903163205549787,WIDTH_Q4,16,DEDUPLICATED_RUNTIME_LEGAL_OPTICAL_DYNAMIC_PAIR_SIGNATURE
R02ZF,OPTICAL_SHIFT_PLUS_1_NOMINAL_STEP,13,R02ZF_SARF000485,R02ZF_SARF000486,485,486,R02ZF_SARF000485__R02ZF_SARF000485__Q095__R0001__TO__R02ZF_SARF000486__Q095__R0001,R02ZF_SARF000485__Q095__R0001,R02ZF_SARF000486__Q095__R0001,-42.81047439575195,-33.816497802734375,-42.55290985107422,-32.75892639160156,False,False,False,False,False,False,False,H_4B6D6CEFF96DAB878ED4,R02ZF_REUSED_R02ZF_PERSON023,R02ZF_REUSED_R02ZF_PERSON023,True,ANGULAR_DYNAMIC_AVAILABLE,292.0,293.0,16222.0,16278.0,-1.1398212481232406,4.842557393140446,OPTICAL_DIRECTION_INDETERMINATE,-44.27517870751308,-41.23886204360154,-42.37868329172478,-39.43262131437263,2.0,2.0,3.036316663911535,2.9460619773521515,-42.75702037555731,-40.90565230304871,1.5181583319557674,1.4730309886760757,1.851368072508599,-1.1398212481232406,4.842557393140446,-1.1398212481232441,4.842557393140442,0.618940452795387,False,True,OPTICAL_DIRECTION_INDETERMINATE,1.8964954157882943,1.8062407292289109,1.851368072508599,-0.0902546865593834,COHERENT_POSITIVE_SHIFT,MIDPOINT_POSITIVE,SUPPORT_WIDTH_CONTRACTION,1,56,FRAME_GAP_1,TIME_GAP_LE_60MS,2.991189320631843,1.851368072508599,0.0902546865593834,0.030173511899380036,WIDTH_Q4,6,DEDUPLICATED_RUNTIME_LEGAL_OPTICAL_DYNAMIC_PAIR_SIGNATURE
R02ZF,OPTICAL_SHIFT_PLUS_1_NOMINAL_STEP,13,R02ZF_SARF000485,R02ZF_SARF000486,485,486,R02ZF_SARF000485__R02ZF_SARF000485__Q095__R0004__TO__R02ZF_SARF000486__Q095__R0005,R02ZF_SARF000485__Q095__R0004,R02ZF_SARF000486__Q095__R0005,-14.90241527557373,-3.510418653488159,-15.45474338531494,-3.202420473098755,False,False,False,False,False,False,False,H_AB05372B85E79A551008,R02ZF_REUSED_R02ZF_PERSON018,R02ZF_REUSED_R02ZF_PERSON018,True,ANGULAR_DYNAMIC_AVAILABLE,292.0,293.0,16222.0,16278.0,-1.7201959404242864,3.387752849971001,OPTICAL_DIRECTION_INDETERMINATE,-23.316177338633384,-20.783560136113195,-22.50375607653748,-19.928424488662383,26.0,26.0,2.532617202520189,2.575331587875098,-22.049868737373288,-21.216090282599932,1.2663086012600946,1.287665793937549,0.8337784547733555,-1.7201959404242864,3.387752849971001,-1.7201959404242881,3.3877528499709992,0.326463122081861,False,False,OPTICAL_DIRECTION_INDETERMINATE,0.8124212620959028,0.8551356474508118,0.8337784547733573,0.04271438535490901,COHERENT_POSITIVE_SHIFT,MIDPOINT_POSITIVE,SUPPORT_WIDTH_EXPANSION,1,56,FRAME_GAP_1,TIME_GAP_LE_60MS,2.5539743951976437,0.8337784547733573,0.04271438535490901,0.016724672508552495,WIDTH_Q2,121,DEDUPLICATED_RUNTIME_LEGAL_OPTICAL_DYNAMIC_PAIR_SIGNATURE
R02ZF,OPTICAL_SHIFT_PLUS_1_NOMINAL_STEP,13,R02ZF_SARF000485,R02ZF_SARF000486,485,486,R02ZF_SARF000485__R02ZF_SARF000485__Q095__R0009__TO__R02ZF_SARF000486__Q095__R0008,R02ZF_SARF000485__Q095__R0009,R02ZF_SARF000486__Q095__R0008,-27.13807487487793,-17.69550132751465,-24.48238182067871,-19.45222282409668,False,False,False,False,False,False,False,H_D726AF21ED71BE056C16,R02ZF_REUSED_R02ZF_PERSON017,R02ZF_REUSED_R02ZF_PERSON017,True,ANGULAR_DYNAMIC_AVAILABLE,292.0,293.0,16222.0,16278.0,-1.6709356507905009,3.448946150596249,OPTICAL_DIRECTION_INDETERMINATE,-26.528043595908837,-23.96490216792308,-25.63583781871358,-23.079097445312584,26.0,26.0,2.5631414279857587,2.556740373400995,-25.246472881915956,-24.357467632013083,1.2815707139928794,1.2783701867004975,0.8890052499028727,-1.6709356507905007,3.448946150596253,-1.6709356507905042,3.4489461505962495,0.3472756928341899,False,False,OPTICAL_DIRECTION_INDETERMINATE,0.8922057771952581,0.8858047226104944,0.8890052499028744,-0.006401054584763699,COHERENT_POSITIVE_SHIFT,MIDPOINT_POSITIVE,SUPPORT_WIDTH_CONTRACTION,1,56,FRAME_GAP_1,TIME_GAP_LE_60MS,2.559940900693377,0.8890052499028744,0.006401054584763699,0.0025004696721826394,WIDTH_Q2,81,DEDUPLICATED_RUNTIME_LEGAL_OPTICAL_DYNAMIC_PAIR_SIGNATURE
R02ZF,OPTICAL_SHIFT_PLUS_1_NOMINAL_STEP,15,R02ZF_SARF000487,R02ZF_SARF000488,487,488,R02ZF_SARF000487__R02ZF_SARF000487__Q095__R0002__TO__R02ZF_SARF000488__Q095__R0001,R02ZF_SARF000487__Q095__R0002,R02ZF_SARF000488__Q095__R0001,-41.71758270263672,-32.44511413574219,-40.87164688110352,-31.36233901977539,False,False,False,False,False,False,False,H_C8D8CB2323BFCB6A8399,R02ZF_REUSED_R02ZF_PERSON021,R02ZF_REUSED_R02ZF_PERSON021,True,ANGULAR_DYNAMIC_AVAILABLE,293.0,294.0,16278.0,16333.0,-5.065364607017834,8.97140635481312,OPTICAL_DIRECTION_INDETERMINATE,-39.90492816416025,-32.863038582067084,-37.92840318908492,-30.93352180934713,9.0,9.0,7.0418895820931695,6.994881379737787,-36.383983373113665,-34.43096249921602,3.5209447910465848,3.4974406898688937,1.9530208738976427,-5.065364607017834,8.971406354813123,-5.065364607017836,8.971406354813121,0.27827210107058564,False,False,OPTICAL_DIRECTION_INDETERMINATE,1.9765249750753355,1.9295167727199534,1.9530208738976462,-0.04700820235538217,COHERENT_POSITIVE_SHIFT,MIDPOINT_POSITIVE,SUPPORT_WIDTH_CONTRACTION,1,55,FRAME_GAP_1,TIME_GAP_LE_60MS,7.018385480915478,1.9530208738976462,0.04700820235538217,0.006697865553724247,WIDTH_Q4,56,DEDUPLICATED_RUNTIME_LEGAL_OPTICAL_DYNAMIC_PAIR_SIGNATURE
R02ZF,OPTICAL_SHIFT_PLUS_1_NOMINAL_STEP,15,R02ZF_SARF000487,R02ZF_SARF000488,487,488,R02ZF_SARF000487__R02ZF_SARF000487__Q095__R0002__TO__R02ZF_SARF000488__Q095__R0001,R02ZF_SARF000487__Q095__R0002,R02ZF_SARF000488__Q095__R0001,-41.71758270263672,-32.44511413574219,-40.87164688110352,-31.36233901977539,False,False,False,False,False,False,False,H_361A78A1ABA2411BECA1,R02ZF_REUSED_R02ZF_PERSON024,R02ZF_REUSED_R02ZF_PERSON024,True,ANGULAR_DYNAMIC_AVAILABLE,293.0,294.0,16278.0,16333.0,-4.186966342366887,6.888893666348508,OPTICAL_DIRECTION_INDETERMINATE,-45.18926599463623,-40.32654006129996,-44.513506403666845,-38.30037232828772,5.0,5.0,4.862725933336272,6.2131340753791235,-42.7579030279681,-41.40693936597728,2.431362966668136,3.1065670376895618,1.3509636619908179,-4.186966342366887,6.888893666348508,-4.18696634236688,6.888893666348515,0.2439474065088885,False,False,OPTICAL_DIRECTION_INDETERMINATE,0.6757595909693848,2.0261677330122367,1.3509636619908143,1.350408142042852,COHERENT_POSITIVE_SHIFT,MIDPOINT_POSITIVE,SUPPORT_WIDTH_EXPANSION,1,55,FRAME_GAP_1,TIME_GAP_LE_60MS,5.5379300043576976,1.3509636619908143,1.350408142042852,0.24384709466899004,WIDTH_Q4,16,DEDUPLICATED_RUNTIME_LEGAL_OPTICAL_DYNAMIC_PAIR_SIGNATURE
R02ZF,OPTICAL_SHIFT_PLUS_1_NOMINAL_STEP,15,R02ZF_SARF000487,R02ZF_SARF000488,487,488,R02ZF_SARF000487__R02ZF_SARF000487__Q095__R0005__TO__R02ZF_SARF000488__Q095__R0005,R02ZF_SARF000487__Q095__R0005,R02ZF_SARF000488__Q095__R0005,-14.942096710205078,-2.754918336868286,-15.307104110717772,-1.8291800022125244,False,False,False,False,False,False,False,H_BFC5F6FC6E90E96E5EED,R02ZF_REUSED_R02ZF_PERSON018,R02ZF_REUSED_R02ZF_PERSON018,True,ANGULAR_DYNAMIC_AVAILABLE,293.0,294.0,16278.0,16333.0,-1.6596617872969084,3.428797394996895,OPTICAL_DIRECTION_INDETERMINATE,-22.50375607653748,-19.928424488662383,-21.58808627595929,-19.074958681540583,26.0,26.0,2.575331587875098,2.513127594418709,-21.216090282599932,-20.33152247874994,1.287665793937549,1.2565637972093544,0.8845678038499933,-1.6596617872969084,3.4287973949968986,-1.6596617872969102,3.428797394996897,0.3476760929626805,False,False,OPTICAL_DIRECTION_INDETERMINATE,0.9156698005781898,0.8534658071218004,0.8845678038499933,-0.062203993456389384,COHERENT_POSITIVE_SHIFT,MIDPOINT_POSITIVE,SUPPORT_WIDTH_CONTRACTION,1,55,FRAME_GAP_1,TIME_GAP_LE_60MS,2.5442295911469035,0.8845678038499933,0.062203993456389384,0.024449048809446747,WIDTH_Q2,110,DEDUPLICATED_RUNTIME_LEGAL_OPTICAL_DYNAMIC_PAIR_SIGNATURE
R02ZF,OPTICAL_SHIFT_PLUS_1_NOMINAL_STEP,15,R02ZF_SARF000487,R02ZF_SARF000488,487,488,R02ZF_SARF000487__R02ZF_SARF000487__Q095__R0007__TO__R02ZF_SARF000488__Q095__R0008,R02ZF_SARF000487__Q095__R0007,R02ZF_SARF000488__Q095__R0008,-23.80506134033203,-19.111024856567383,-23.69438743591309,-19.14275932312012,False,False,False,False,False,False,False,H_C44D81009B634CA72D0E,R02ZF_REUSED_R02ZF_PERSON017,R02ZF_REUSED_R02ZF_PERSON017,True,ANGULAR_DYNAMIC_AVAILABLE,293.0,294.0,16278.0,16333.0,-1.677649190114753,3.4341698539821515,OPTICAL_DIRECTION_INDETERMINATE,-25.63583781871358,-23.079097445312584,-24.756746635427337,-22.201667964731428,26.0,26.0,2.556740373400995,2.5550786706959094,-24.357467632013083,-23.47920730007938,1.2783701867004975,1.2775393353479547,0.8782603319337028,-1.677649190114753,3.4341698539821515,-1.6776491901147494,3.434169853982155,0.3436194921445477,False,False,OPTICAL_DIRECTION_INDETERMINATE,0.879091183286242,0.8774294805811564,0.878260331933701,-0.0016617027050855881,COHERENT_POSITIVE_SHIFT,MIDPOINT_POSITIVE,SUPPORT_WIDTH_CONTRACTION,1,55,FRAME_GAP_1,TIME_GAP_LE_60MS,2.5559095220484522,0.878260331933701,0.0016617027050855881,0.0006501414430952957,WIDTH_Q2,63,DEDUPLICATED_RUNTIME_LEGAL_OPTICAL_DYNAMIC_PAIR_SIGNATURE
R02ZF,OPTICAL_SHIFT_PLUS_1_NOMINAL_STEP,17,R02ZF_SARF000489,R02ZF_SARF000490,489,490,R02ZF_SARF000489__R02ZF_SARF000489__Q095__R0001__TO__R02ZF_SARF000490__Q095__R0005,R02ZF_SARF000489__Q095__R0001,R02ZF_SARF000490__Q095__R0005,-40.52164459228516,-30.30726623535156,-52.5504150390625,-46.31864547729492,False,False,False,False,False,False,False,H_8BC1CC4B116726834168,R02ZF_REUSED_R02ZF_PERSON024,R02ZF_REUSED_R02ZF_PERSON024,True,ANGULAR_DYNAMIC_AVAILABLE,294.0,295.0,16333.0,16389.0,-4.794307898052836,8.294707224359087,OPTICAL_DIRECTION_INDETERMINATE,-44.513506403666845,-38.30037232828772,-43.09468022634056,-36.21879917930776,5.0,5.0,6.2131340753791235,6.875881047032799,-41.40693936597728,-39.656739702824154,3.1065670376895618,3.4379405235163993,1.7501996631531256,-4.7943078980528355,8.294707224359087,-4.7943078980528355,8.294707224359087,0.26743030652570826,False,False,OPTICAL_DIRECTION_INDETERMINATE,1.418826177326288,2.081573148979963,1.7501996631531291,0.6627469716536751,COHERENT_POSITIVE_SHIFT,MIDPOINT_POSITIVE,SUPPORT_WIDTH_EXPANSION,1,56,FRAME_GAP_1,TIME_GAP_LE_60MS,6.544507561205961,1.7501996631531291,0.6627469716536751,0.10126766077592403,WIDTH_Q4,18,DEDUPLICATED_RUNTIME_LEGAL_OPTICAL_DYNAMIC_PAIR_SIGNATURE
R02ZF,OPTICAL_SHIFT_PLUS_1_NOMINAL_STEP,17,R02ZF_SARF000489,R02ZF_SARF000490,489,490,R02ZF_SARF000489__R02ZF_SARF000489__Q095__R0001__TO__R02ZF_SARF000490__Q095__R0006,R02ZF_SARF000489__Q095__R0001,R02ZF_SARF000490__Q095__R0006,-40.52164459228516,-30.30726623535156,-23.80506134033203,-18.76361083984375,False,False,False,False,False,False,False,H_00689821050137D296D2,R02ZF_REUSED_R02ZF_PERSON017,R02ZF_REUSED_R02ZF_PERSON017,True,ANGULAR_DYNAMIC_AVAILABLE,294.0,295.0,16333.0,16389.0,-1.6826603386169694,3.4006509830964227,OPTICAL_DIRECTION_INDETERMINATE,-24.756746635427337,-22.201667964731428,-23.8843283033484,-21.356095652330914,26.0,26.0,2.5550786706959094,2.528232651017486,-23.47920730007938,-22.62021197783966,1.2775393353479547,1.264116325508743,0.8589953222397213,-1.682660338616973,3.4006509830964227,-1.6826603386169765,3.400650983096419,0.33796683613317857,False,False,OPTICAL_DIRECTION_INDETERMINATE,0.8724183320789365,0.8455723124005132,0.8589953222397231,-0.02684601967842326,COHERENT_POSITIVE_SHIFT,MIDPOINT_POSITIVE,SUPPORT_WIDTH_CONTRACTION,1,56,FRAME_GAP_1,TIME_GAP_LE_60MS,2.541655660856698,0.8589953222397231,0.02684601967842326,0.01056241413495582,WIDTH_Q2,77,DEDUPLICATED_RUNTIME_LEGAL_OPTICAL_DYNAMIC_PAIR_SIGNATURE
R02ZF,OPTICAL_SHIFT_PLUS_1_NOMINAL_STEP,17,R02ZF_SARF000489,R02ZF_SARF000490,489,490,R02ZF_SARF000489__R02ZF_SARF000489__Q095__R0001__TO__R02ZF_SARF000490__Q095__R0006,R02ZF_SARF000489__Q095__R0001,R02ZF_SARF000490__Q095__R0006,-40.52164459228516,-30.30726623535156,-23.80506134033203,-18.76361083984375,False,False,False,False,False,False,False,H_E1986F12E3E51644B33A,R02ZF_REUSED_R02ZF_PERSON021,R02ZF_REUSED_R02ZF_PERSON021,True,ANGULAR_DYNAMIC_AVAILABLE,294.0,295.0,16333.0,16389.0,-4.867677321167626,8.72243047668998,OPTICAL_DIRECTION_INDETERMINATE,-37.92840318908492,-30.93352180934713,-35.80119913051476,-29.20597271239494,9.0,9.0,6.994881379737787,6.595226418119822,-34.43096249921602,-32.50358592145485,3.4974406898688937,3.297613209059911,1.9273765777611729,-4.86767732116763,8.72243047668998,-4.867677321167632,8.722430476689977,0.2836440455704128,False,False,OPTICAL_DIRECTION_INDETERMINATE,2.1272040585701575,1.7275490969521918,1.9273765777611747,-0.39965496161796565,COHERENT_POSITIVE_SHIFT,MIDPOINT_POSITIVE,SUPPORT_WIDTH_CONTRACTION,1,56,FRAME_GAP_1,TIME_GAP_LE_60MS,6.7950538989288045,1.9273765777611747,0.39965496161796565,0.058815569024547196,WIDTH_Q4,63,DEDUPLICATED_RUNTIME_LEGAL_OPTICAL_DYNAMIC_PAIR_SIGNATURE
R02ZF,OPTICAL_SHIFT_PLUS_1_NOMINAL_STEP,17,R02ZF_SARF000489,R02ZF_SARF000490,489,490,R02ZF_SARF000489__R02ZF_SARF000489__Q095__R0006__TO__R02ZF_SARF000490__Q095__R0006,R02ZF_SARF000489__Q095__R0006,R02ZF_SARF000490__Q095__R0006,-24.661911010742188,-18.76163101196289,-23.80506134033203,-18.76361083984375,False,False,False,False,False,False,False,H_2CA786D276E19F4EA741,R02ZF_REUSED_R02ZF_PERSON018,R02ZF_REUSED_R02ZF_PERSON018,True,ANGULAR_DYNAMIC_AVAILABLE,294.0,295.0,16333.0,16389.0,-1.6002441161010132,3.3485832133767346,OPTICAL_DIRECTION_INDETERMINATE,-21.58808627595929,-19.074958681540583,-20.6752027976416,-18.23950306258256,26.0,26.0,2.513127594418709,2.435699735059039,-20.33152247874994,-19.45735293011208,1.2565637972093544,1.2178498675295195,0.8741695486378589,-1.6002441161010168,3.348583213376731,-1.600244116101015,3.348583213376733,0.3532835116031864,False,False,OPTICAL_DIRECTION_INDETERMINATE,0.912883478317692,0.8354556189580222,0.8741695486378571,-0.07742785935966978,COHERENT_POSITIVE_SHIFT,MIDPOINT_POSITIVE,SUPPORT_WIDTH_CONTRACTION,1,56,FRAME_GAP_1,TIME_GAP_LE_60MS,2.474413664738874,0.8741695486378571,0.07742785935966978,0.03129139660964521,WIDTH_Q1,77,DEDUPLICATED_RUNTIME_LEGAL_OPTICAL_DYNAMIC_PAIR_SIGNATURE
R02ZF,OPTICAL_SHIFT_PLUS_1_NOMINAL_STEP,18,R02ZF_SARF000490,R02ZF_SARF000491,490,491,R02ZF_SARF000490__R02ZF_SARF000490__Q095__R0005__TO__R02ZF_SARF000491__Q095__R0004,R02ZF_SARF000490__Q095__R0005,R02ZF_SARF000491__Q095__R0004,-52.5504150390625,-46.31864547729492,-39.4007682800293,-29.21651077270508,False,False,False,False,False,False,False,H_C93E3B6CDE45068E419D,R02ZF_REUSED_R02ZF_PERSON024,R02ZF_REUSED_R02ZF_PERSON024,True,ANGULAR_DYNAMIC_AVAILABLE,295.0,296.0,16389.0,16444.0,-5.17492834815755,9.031725471244698,OPTICAL_DIRECTION_INDETERMINATE,-43.09468022634056,-36.21879917930776,-41.39372752746531,-34.06295475509586,5.0,5.0,6.875881047032799,7.33077277236945,-39.656739702824154,-37.72834114128058,3.4379405235163993,3.665386386184725,1.928398561543574,-5.17492834815755,9.031725471244698,-5.17492834815755,9.031725471244698,0.2714782222552548,False,False,OPTICAL_DIRECTION_INDETERMINATE,1.7009526988752484,2.1558444242118995,1.9283985615435775,0.4548917253366511,COHERENT_POSITIVE_SHIFT,MIDPOINT_POSITIVE,SUPPORT_WIDTH_EXPANSION,1,55,FRAME_GAP_1,TIME_GAP_LE_60MS,7.103326909701124,1.9283985615435775,0.4548917253366511,0.06403924965291945,WIDTH_Q4,54,DEDUPLICATED_RUNTIME_LEGAL_OPTICAL_DYNAMIC_PAIR_SIGNATURE
R02ZF,OPTICAL_SHIFT_PLUS_1_NOMINAL_STEP,18,R02ZF_SARF000490,R02ZF_SARF000491,490,491,R02ZF_SARF000490__R02ZF_SARF000490__Q095__R0006__TO__R02ZF_SARF000491__Q095__R0003,R02ZF_SARF000490__Q095__R0006,R02ZF_SARF000491__Q095__R0003,-23.80506134033203,-18.76361083984375,-23.409751892089844,-18.416059494018555,False,False,False,False,False,False,False,H_B5E772FB04540FBD2892,R02ZF_REUSED_R02ZF_PERSON017,R02ZF_REUSED_R02ZF_PERSON017,True,ANGULAR_DYNAMIC_AVAILABLE,295.0,296.0,16389.0,16444.0,-1.6253014861486008,3.394759343737864,OPTICAL_DIRECTION_INDETERMINATE,-23.8843283033484,-21.356095652330914,-22.981397138479515,-20.489568959610533,26.0,26.0,2.528232651017486,2.491828178868982,-22.62021197783966,-21.735483049045023,1.264116325508743,1.245914089434491,0.8847289287946367,-1.6253014861486008,3.394759343737867,-1.6253014861485973,3.3947593437378707,0.3524773737909648,False,False,OPTICAL_DIRECTION_INDETERMINATE,0.9029311648688854,0.866526692720381,0.8847289287946349,-0.036404472148504397,COHERENT_POSITIVE_SHIFT,MIDPOINT_POSITIVE,SUPPORT_WIDTH_CONTRACTION,1,55,FRAME_GAP_1,TIME_GAP_LE_60MS,2.510030414943234,0.8847289287946349,0.036404472148504397,0.01450359801689005,WIDTH_Q1,121,DEDUPLICATED_RUNTIME_LEGAL_OPTICAL_DYNAMIC_PAIR_SIGNATURE
R02ZF,OPTICAL_SHIFT_PLUS_1_NOMINAL_STEP,18,R02ZF_SARF000490,R02ZF_SARF000491,490,491,R02ZF_SARF000490__R02ZF_SARF000490__Q095__R0006__TO__R02ZF_SARF000491__Q095__R0003,R02ZF_SARF000490__Q095__R0006,R02ZF_SARF000491__Q095__R0003,-23.80506134033203,-18.76361083984375,-23.409751892089844,-18.416059494018555,False,False,False,False,False,False,False,H_35FDF227487036AC90B0,R02ZF_REUSED_R02ZF_PERSON018,R02ZF_REUSED_R02ZF_PERSON018,True,ANGULAR_DYNAMIC_AVAILABLE,295.0,296.0,16389.0,16444.0,-1.6109418358538292,3.3386846082436925,OPTICAL_DIRECTION_INDETERMINATE,-20.6752027976416,-18.23950306258256,-19.850444898436383,-17.336518189397907,26.0,26.0,2.435699735059039,2.5139267090384756,-19.45735293011208,-18.593481543917143,1.2178498675295195,1.2569633545192378,0.863871386194937,-1.6109418358538221,3.3386846082436925,-1.6109418358538203,3.3386846082436943,0.34906528642181206,False,False,OPTICAL_DIRECTION_INDETERMINATE,0.8247578992052169,0.9029848731846535,0.863871386194937,0.07822697397943656,COHERENT_POSITIVE_SHIFT,MIDPOINT_POSITIVE,SUPPORT_WIDTH_EXPANSION,1,55,FRAME_GAP_1,TIME_GAP_LE_60MS,2.4748132220487573,0.863871386194937,0.07822697397943656,0.031609243591593915,WIDTH_Q1,110,DEDUPLICATED_RUNTIME_LEGAL_OPTICAL_DYNAMIC_PAIR_SIGNATURE
R02ZF,OPTICAL_SHIFT_PLUS_1_NOMINAL_STEP,18,R02ZF_SARF000490,R02ZF_SARF000491,490,491,R02ZF_SARF000490__R02ZF_SARF000490__Q095__R0006__TO__R02ZF_SARF000491__Q095__R0003,R02ZF_SARF000490__Q095__R0006,R02ZF_SARF000491__Q095__R0003,-23.80506134033203,-18.76361083984375,-23.409751892089844,-18.416059494018555,False,False,False,False,False,False,False,H_A0C60CCAC5204CDDFC29,R02ZF_REUSED_R02ZF_PERSON021,R02ZF_REUSED_R02ZF_PERSON021,True,ANGULAR_DYNAMIC_AVAILABLE,295.0,296.0,16389.0,16444.0,-4.502288264265246,8.522109855902649,OPTICAL_DIRECTION_INDETERMINATE,-35.80119913051476,-29.20597271239494,-33.708260976660185,-27.27908927461211,9.0,9.0,6.595226418119822,6.429171702048073,-32.50358592145485,-30.49367512563615,3.297613209059911,3.2145858510240366,2.0099107958187012,-4.502288264265246,8.522109855902649,-4.502288264265246,8.522109855902649,0.30863780072975716,False,False,OPTICAL_DIRECTION_INDETERMINATE,2.0929381538545755,1.926883437782827,2.0099107958187012,-0.1660547160717485,COHERENT_POSITIVE_SHIFT,MIDPOINT_POSITIVE,SUPPORT_WIDTH_CONTRACTION,1,55,FRAME_GAP_1,TIME_GAP_LE_60MS,6.512199060083947,2.0099107958187012,0.1660547160717485,0.025499023377459212,WIDTH_Q4,99,DEDUPLICATED_RUNTIME_LEGAL_OPTICAL_DYNAMIC_PAIR_SIGNATURE
R02ZF,OPTICAL_SHIFT_PLUS_1_NOMINAL_STEP,20,R02ZF_SARF000492,R02ZF_SARF000493,492,493,R02ZF_SARF000492__R02ZF_SARF000492__Q095__R0005__TO__R02ZF_SARF000493__Q095__R0002,R02ZF_SARF000492__Q095__R0005,R02ZF_SARF000493__Q095__R0002,-21.98810577392578,-18.032283782958984,-38.88214492797852,-27.573383331298828,False,False,False,False,False,False,False,H_3D5EFF70AE750383F6C3,R02ZF_REUSED_R02ZF_PERSON017,R02ZF_REUSED_R02ZF_PERSON017,True,ANGULAR_DYNAMIC_AVAILABLE,296.0,297.0,16444.0,16500.0,-1.62894714144538,3.3679263442582474,OPTICAL_DIRECTION_INDETERMINATE,-22.981397138479515,-20.489568959610533,-22.118516101055917,-19.613470794221268,26.0,26.0,2.491828178868982,2.505045306834649,-21.735483049045023,-20.865993447638594,1.245914089434491,1.2525226534173246,0.8694896014064284,-1.6289471414453836,3.3679263442582474,-1.628947141445387,3.367926344258244,0.34801345437065506,False,False,OPTICAL_DIRECTION_INDETERMINATE,0.8628810374235982,0.8760981653892657,0.8694896014064302,0.01321712796566743,COHERENT_POSITIVE_SHIFT,MIDPOINT_POSITIVE,SUPPORT_WIDTH_EXPANSION,1,56,FRAME_GAP_1,TIME_GAP_LE_60MS,2.4984367428518155,0.8694896014064302,0.01321712796566743,0.005290159137901916,WIDTH_Q1,180,DEDUPLICATED_RUNTIME_LEGAL_OPTICAL_DYNAMIC_PAIR_SIGNATURE
R02ZF,OPTICAL_SHIFT_PLUS_1_NOMINAL_STEP,20,R02ZF_SARF000492,R02ZF_SARF000493,492,493,R02ZF_SARF000492__R02ZF_SARF000492__Q095__R0005__TO__R02ZF_SARF000493__Q095__R0002,R02ZF_SARF000492__Q095__R0005,R02ZF_SARF000493__Q095__R0002,-21.98810577392578,-18.032283782958984,-38.88214492797852,-27.573383331298828,False,False,False,False,False,False,False,H_B9219BB3253F4D957ADB,R02ZF_REUSED_R02ZF_PERSON021,R02ZF_REUSED_R02ZF_PERSON021,True,ANGULAR_DYNAMIC_AVAILABLE,296.0,297.0,16444.0,16500.0,-4.6449432441825245,8.007172438282804,OPTICAL_DIRECTION_INDETERMINATE,-33.708260976660185,-27.27908927461211,-31.92403251879464,-25.70108853837738,9.0,9.0,6.429171702048073,6.222943980417259,-30.49367512563615,-28.812560528586012,3.2145858510240366,3.1114719902086296,1.6811145970501364,-4.644943244182528,8.007172438282804,-4.64494324418253,8.007172438282803,0.2657444239748782,False,False,OPTICAL_DIRECTION_INDETERMINATE,1.7842284578655452,1.5780007362347312,1.6811145970501364,-0.20622772163081393,COHERENT_POSITIVE_SHIFT,MIDPOINT_POSITIVE,SUPPORT_WIDTH_CONTRACTION,1,56,FRAME_GAP_1,TIME_GAP_LE_60MS,6.326057841232666,1.6811145970501364,0.20622772163081393,0.032599721154403696,WIDTH_Q4,132,DEDUPLICATED_RUNTIME_LEGAL_OPTICAL_DYNAMIC_PAIR_SIGNATURE
R02ZF,OPTICAL_SHIFT_PLUS_1_NOMINAL_STEP,20,R02ZF_SARF000492,R02ZF_SARF000493,492,493,R02ZF_SARF000492__R02ZF_SARF000492__Q095__R0005__TO__R02ZF_SARF000493__Q095__R0003,R02ZF_SARF000492__Q095__R0005,R02ZF_SARF000493__Q095__R0003,-21.98810577392578,-18.032283782958984,-21.58045959472656,-17.649946212768555,False,False,False,False,False,False,False,H_BD7662A30356A2B66C17,R02ZF_REUSED_R02ZF_PERSON018,R02ZF_REUSED_R02ZF_PERSON018,True,ANGULAR_DYNAMIC_AVAILABLE,296.0,297.0,16444.0,16500.0,-1.6900916163297524,3.366075848690386,OPTICAL_DIRECTION_INDETERMINATE,-19.850444898436383,-17.336518189397907,-19.02660980572766,-16.484369049746,26.0,26.0,2.5139267090384756,2.542240755981659,-18.593481543917143,-17.75548942773683,1.2569633545192378,1.2711203779908296,0.8379921161803132,-1.6900916163297524,3.3660758486903823,-1.6900916163297541,3.3660758486903806,0.3314732441034669,False,False,OPTICAL_DIRECTION_INDETERMINATE,0.8238350927087232,0.8521491396519068,0.837992116180315,0.028314046943183513,COHERENT_POSITIVE_SHIFT,MIDPOINT_POSITIVE,SUPPORT_WIDTH_EXPANSION,1,56,FRAME_GAP_1,TIME_GAP_LE_60MS,2.5280837325100673,0.837992116180315,0.028314046943183513,0.011199805836759705,WIDTH_Q1,132,DEDUPLICATED_RUNTIME_LEGAL_OPTICAL_DYNAMIC_PAIR_SIGNATURE
R02ZF,OPTICAL_SHIFT_PLUS_1_NOMINAL_STEP,20,R02ZF_SARF000492,R02ZF_SARF000493,492,493,R02ZF_SARF000492__R02ZF_SARF000492__Q095__R0007__TO__R02ZF_SARF000493__Q095__R0002,R02ZF_SARF000492__Q095__R0007,R02ZF_SARF000493__Q095__R0002,-38.64152145385742,-28.599842071533203,-38.88214492797852,-27.573383331298828,False,False,False,False,False,False,False,H_700BC33CE4B50BBE91A3,R02ZF_REUSED_R02ZF_PERSON024,R02ZF_REUSED_R02ZF_PERSON024,True,ANGULAR_DYNAMIC_AVAILABLE,296.0,297.0,16444.0,16500.0,-5.015711677049694,9.49021158484581,OPTICAL_DIRECTION_INDETERMINATE,-41.39372752746531,-34.06295475509586,-39.07866643214555,-31.9035159426195,5.0,5.0,7.33077277236945,7.175150489526054,-37.72834114128058,-35.49109118738252,3.665386386184725,3.587575244763027,2.2372499538980577,-5.015711677049694,9.49021158484581,-5.015711677049694,9.49021158484581,0.3084601942952391,False,False,OPTICAL_DIRECTION_INDETERMINATE,2.3150610953197557,2.1594388124763597,2.2372499538980612,-0.15562228284339596,COHERENT_POSITIVE_SHIFT,MIDPOINT_POSITIVE,SUPPORT_WIDTH_CONTRACTION,1,56,FRAME_GAP_1,TIME_GAP_LE_60MS,7.252961630947752,2.2372499538980612,0.15562228284339596,0.02145637751334149,WIDTH_Q4,54,DEDUPLICATED_RUNTIME_LEGAL_OPTICAL_DYNAMIC_PAIR_SIGNATURE
