seed_frame,path_kind,direction,source_frame,destination_frame,object_type,status,reasons,best_score,best_offset_m,second_score,second_offset_m,second_ratio,node_support_fraction,p0_dx_px,p0_dy_px,pair_separation_m
264,PAIR_SAFE_FROZEN,F264_BACKWARD_PAIR_SAFE,264,263,SAR_BOUNDARY_NEAR,SUPPORTED,,0.030621953308582306,-0.019999444484710693,-0.021177999675273895,0.24000108242034912,-0.6915953225406563,0.8846153846153846,3.413010597229004,0.010510200634598732,2.1576055509856173
264,PAIR_SAFE_FROZEN,F264_BACKWARD_PAIR_SAFE,264,263,SAR_BOUNDARY_FAR,SUPPORTED,,0.0045190006494522095,0.16000092029571533,,,,0.5384615384615384,3.413010597229004,0.010510200634598732,2.1576055509856173
264,PAIR_SAFE_FROZEN,F264_BACKWARD_PAIR_SAFE,263,262,SAR_BOUNDARY_NEAR,SUPPORTED,,0.03669577091932297,-0.00999942421913147,-0.011033251881599426,-0.25999993085861206,-0.30066821339866234,0.8846153846153846,3.3899121284484863,0.045094747096300125,2.097605429392142
264,PAIR_SAFE_FROZEN,F264_BACKWARD_PAIR_SAFE,263,262,SAR_BOUNDARY_FAR,SUPPORTED,,0.005162373185157776,-0.06999954581260681,-0.005790427327156067,0.13000085949897766,-1.1216599651888777,0.5384615384615384,3.3899121284484863,0.045094747096300125,2.097605429392142
264,PAIR_SAFE_FROZEN,F264_BACKWARD_PAIR_SAFE,262,261,SAR_BOUNDARY_NEAR,SUPPORTED,,0.03578048199415207,5.960464477539062e-07,-0.04180452227592468,0.20000100135803223,-1.1683610713449075,0.9230769230769231,3.425725221633911,0.01761237531900406,2.1676055712511966
264,PAIR_SAFE_FROZEN,F264_BACKWARD_PAIR_SAFE,262,261,SAR_BOUNDARY_FAR,SUPPORTED,,0.006058506667613983,0.07000073790550232,-0.008417591452598572,-0.1499997079372406,-1.3893838720348666,0.5384615384615384,3.425725221633911,0.01761237531900406,2.1676055712511966
264,PAIR_SAFE_FROZEN,F264_BACKWARD_PAIR_SAFE,261,260,SAR_BOUNDARY_NEAR,SUPPORTED,,0.03486134856939316,0.010000616312026978,-0.012944243848323822,-0.2699999511241913,-0.3713064577108282,0.9230769230769231,3.363478422164917,-0.0011898470111191273,2.057605348329825
264,PAIR_SAFE_FROZEN,F264_BACKWARD_PAIR_SAFE,261,260,SAR_BOUNDARY_FAR,SUPPORTED,,0.008639715611934662,-0.09999960660934448,0.0033471211791038513,0.16000092029571533,0.3874110363633071,0.5769230769230769,3.363478422164917,-0.0011898470111191273,2.057605348329825
264,PAIR_SAFE_FROZEN,F264_BACKWARD_PAIR_SAFE,260,259,SAR_BOUNDARY_NEAR,SUPPORTED,,0.026409313082695007,-0.00999942421913147,-0.02064184844493866,-0.2399998903274536,-0.7816124705819955,0.8076923076923077,3.271677255630493,-0.04554662108421326,2.0276052875330874
264,PAIR_SAFE_FROZEN,F264_BACKWARD_PAIR_SAFE,260,259,SAR_BOUNDARY_FAR,SUPPORTED,,0.009145230054855347,-0.03999948501586914,0.00038295984268188477,0.17000094056129456,0.041875364576374474,0.5769230769230769,3.271677255630493,-0.04554662108421326,2.0276052875330874
264,PAIR_SAFE_FROZEN,F264_BACKWARD_PAIR_SAFE,259,258,SAR_BOUNDARY_NEAR,SUPPORTED,,0.030939795076847076,-0.019999444484710693,-0.03851868212223053,0.22000104188919067,-1.2449559548329039,0.8461538461538461,3.3675053119659424,0.04898912459611893,2.057605348329825
264,PAIR_SAFE_FROZEN,F264_BACKWARD_PAIR_SAFE,259,258,SAR_BOUNDARY_FAR,SUPPORTED,,0.00800015777349472,0.010000616312026978,0.0010722950100898743,0.24000108242034912,0.13403423288006758,0.5769230769230769,3.3675053119659424,0.04898912459611893,2.057605348329825
264,PAIR_SAFE_FROZEN,F264_BACKWARD_PAIR_SAFE,258,257,SAR_BOUNDARY_NEAR,SUPPORTED,,0.025421269237995148,0.030000656843185425,-0.0250459685921669,0.2700011134147644,-0.9852367463514641,0.8076923076923077,3.374603509902954,0.009882723912596703,2.017605267267508
264,PAIR_SAFE_FROZEN,F264_BACKWARD_PAIR_SAFE,258,257,SAR_BOUNDARY_FAR,SUPPORTED,,0.004051782190799713,-0.00999942421913147,-0.000980384647846222,0.280001163482666,-0.2419638079441581,0.5384615384615384,3.374603509902954,0.009882723912596703,2.017605267267508
264,PAIR_SAFE_FROZEN,F264_BACKWARD_PAIR_SAFE,257,256,SAR_BOUNDARY_NEAR,SUPPORTED,,0.04200369119644165,-0.019999444484710693,-0.012683816254138947,-0.2799999713897705,-0.3019690863552834,1.0,3.3396146297454834,-0.08994075655937195,1.9976052267363498
264,PAIR_SAFE_FROZEN,F264_BACKWARD_PAIR_SAFE,257,256,SAR_BOUNDARY_FAR,SUPPORTED,,0.004932612180709839,-0.03999948501586914,0.0001685023307800293,0.25000113248825073,0.03416087148286217,0.5384615384615384,3.3396146297454834,-0.08994075655937195,1.9976052267363498
264,PAIR_SAFE_FROZEN,F264_BACKWARD_PAIR_SAFE,256,255,SAR_BOUNDARY_NEAR,SUPPORTED,,0.02596507966518402,0.010000616312026978,-0.004515171051025391,-0.28999999165534973,-0.173893980270728,0.9230769230769231,3.41288161277771,0.02473543956875801,2.057605348329825
264,PAIR_SAFE_FROZEN,F264_BACKWARD_PAIR_SAFE,256,255,SAR_BOUNDARY_FAR,SUPPORTED,,0.0074486806988716125,0.07000073790550232,-0.004285387694835663,0.280001163482666,-0.575321707035294,0.5384615384615384,3.41288161277771,0.02473543956875801,2.057605348329825
264,PAIR_SAFE_FROZEN,F264_BACKWARD_PAIR_SAFE,255,254,SAR_BOUNDARY_NEAR,SUPPORTED,,0.03415288031101227,-0.00999942421913147,,,,0.9230769230769231,3.4155919551849365,-0.010805630125105381,2.047605328064246
264,PAIR_SAFE_FROZEN,F264_BACKWARD_PAIR_SAFE,255,254,SAR_BOUNDARY_FAR,SUPPORTED,,0.012358322739601135,-0.019999444484710693,-0.004530489444732666,0.20000100135803223,-0.3665942005394567,0.5769230769230769,3.4155919551849365,-0.010805630125105381,2.047605328064246
264,PAIR_SAFE_FROZEN,F264_BACKWARD_PAIR_SAFE,254,253,SAR_BOUNDARY_NEAR,SUPPORTED,,0.0228477343916893,0.0200006365776062,-0.01089920848608017,0.2700011134147644,-0.4770367292979683,0.7692307692307693,3.3311173915863037,0.006492289714515209,2.047605328064246
264,PAIR_SAFE_FROZEN,F264_BACKWARD_PAIR_SAFE,254,253,SAR_BOUNDARY_FAR,SUPPORTED,,0.011343441903591156,0.0200006365776062,-0.00834481418132782,0.2300010323524475,-0.7356509825017028,0.6153846153846154,3.3311173915863037,0.006492289714515209,2.047605328064246
264,PAIR_SAFE_FROZEN,F264_BACKWARD_PAIR_SAFE,253,252,SAR_BOUNDARY_NEAR,SUPPORTED,,0.02548636496067047,-0.019999444484710693,,,,0.8846153846153846,3.434725522994995,-0.029802070930600166,2.017605267267508
264,PAIR_SAFE_FROZEN,F264_BACKWARD_PAIR_SAFE,253,252,SAR_BOUNDARY_FAR,SUPPORTED,,0.010271146893501282,-0.049999505281448364,0.0014399662613868713,0.17000094056129456,0.1401952748137563,0.6153846153846154,3.434725522994995,-0.029802070930600166,2.017605267267508
264,PAIR_SAFE_FROZEN,F264_BACKWARD_PAIR_SAFE,252,251,SAR_BOUNDARY_NEAR,SUPPORTED,,0.028132662177085876,0.010000616312026978,-0.005981914699077606,-0.24999991059303284,-0.21263237234440938,0.8461538461538461,3.4145126342773438,0.010120299644768238,2.057605348329825
264,PAIR_SAFE_FROZEN,F264_BACKWARD_PAIR_SAFE,252,251,SAR_BOUNDARY_FAR,SUPPORTED,,0.014368884265422821,0.05000069737434387,-0.008249074220657349,0.25000113248825073,-0.5740928848948879,0.6153846153846154,3.4145126342773438,0.010120299644768238,2.057605348329825
264,PAIR_SAFE_FROZEN,F264_BACKWARD_PAIR_SAFE,251,250,SAR_BOUNDARY_NEAR,SUPPORTED,,0.022234976291656494,-0.00999942421913147,-0.013641245663166046,-0.2399998903274536,-0.613503944606625,0.8461538461538461,3.2430851459503174,-0.04451834410429001,2.007605247001929
264,PAIR_SAFE_FROZEN,F264_BACKWARD_PAIR_SAFE,251,250,SAR_BOUNDARY_FAR,SUPPORTED,,0.013300418853759766,-0.05999952554702759,-0.012331478297710419,0.2700011134147644,-0.9271496208726203,0.6153846153846154,3.2430851459503174,-0.04451834410429001,2.007605247001929
264,PAIR_SAFE_FROZEN,F264_BACKWARD_PAIR_SAFE,250,249,SAR_BOUNDARY_NEAR,SUPPORTED,,0.028423704206943512,0.010000616312026978,,,,0.8846153846153846,3.3580915927886963,-0.025229917839169502,2.097605429392142
264,PAIR_SAFE_FROZEN,F264_BACKWARD_PAIR_SAFE,250,249,SAR_BOUNDARY_FAR,SUPPORTED,,0.011366426944732666,0.10000079870223999,,,,0.6153846153846154,3.3580915927886963,-0.025229917839169502,2.097605429392142
264,PAIR_SAFE_FROZEN,F264_BACKWARD_PAIR_SAFE,249,248,SAR_BOUNDARY_NEAR,SUPPORTED,,0.027435660362243652,-0.019999444484710693,0.00432751327753067,-0.28999999165534973,0.15773315533115792,0.8461538461538461,3.359560489654541,-0.03570718690752983,2.1076054496577212
264,PAIR_SAFE_FROZEN,F264_BACKWARD_PAIR_SAFE,249,248,SAR_BOUNDARY_FAR,SUPPORTED,,0.013488046824932098,-0.00999942421913147,-0.008363977074623108,0.21000105142593384,-0.6201029091300782,0.6153846153846154,3.359560489654541,-0.03570718690752983,2.1076054496577212
264,PAIR_SAFE_FROZEN,F264_BACKWARD_PAIR_SAFE,248,247,SAR_BOUNDARY_NEAR,SUPPORTED,,0.0411994531750679,5.960464477539062e-07,,,,0.9230769230769231,3.2325141429901123,-0.00246770610101521,2.057605348329825
264,PAIR_SAFE_FROZEN,F264_BACKWARD_PAIR_SAFE,248,247,SAR_BOUNDARY_FAR,SUPPORTED,,0.010202206671237946,-0.049999505281448364,0.0003982856869697571,0.22000104188919067,0.03903917062301863,0.6153846153846154,3.2325141429901123,-0.00246770610101521,2.057605348329825
264,PAIR_SAFE_FROZEN,F264_BACKWARD_PAIR_SAFE,247,246,SAR_BOUNDARY_NEAR,SUPPORTED,,0.028707101941108704,0.030000656843185425,-0.0026922598481178284,-0.2799999713897705,-0.09378375614650603,0.9230769230769231,3.139277458190918,-0.07472478598356247,2.047605328064246
264,PAIR_SAFE_FROZEN,F264_BACKWARD_PAIR_SAFE,247,246,SAR_BOUNDARY_FAR,SUPPORTED,,0.00896523892879486,0.0200006365776062,-0.0019110143184661865,0.24000108242034912,-0.21315821403580504,0.6153846153846154,3.139277458190918,-0.07472478598356247,2.047605328064246
264,PAIR_SAFE_FROZEN,F264_BACKWARD_PAIR_SAFE,246,245,SAR_BOUNDARY_NEAR,SUPPORTED,,0.03712468594312668,-0.029999464750289917,,,,0.8846153846153846,3.4004132747650146,-0.013522403314709663,2.0276052875330874
264,PAIR_SAFE_FROZEN,F264_BACKWARD_PAIR_SAFE,246,245,SAR_BOUNDARY_FAR,SUPPORTED,,0.014843761920928955,-0.049999505281448364,-0.007218897342681885,0.22000104188919067,-0.4863253251524874,0.5384615384615384,3.4004132747650146,-0.013522403314709663,2.0276052875330874
264,PAIR_SAFE_FROZEN,F264_BACKWARD_PAIR_SAFE,245,244,SAR_BOUNDARY_NEAR,SUPPORTED,,0.038694851100444794,0.0200006365776062,,,,0.8461538461538461,3.411144971847534,0.012028254568576813,2.087605409126563
264,PAIR_SAFE_FROZEN,F264_BACKWARD_PAIR_SAFE,245,244,SAR_BOUNDARY_FAR,SUPPORTED,,0.011404722929000854,0.08000075817108154,-0.03831955045461655,-0.20999982953071594,-3.359972065360263,0.5384615384615384,3.411144971847534,0.012028254568576813,2.087605409126563
264,PAIR_SAFE_FROZEN,F264_BACKWARD_PAIR_SAFE,244,243,SAR_BOUNDARY_NEAR,SUPPORTED,,0.03610600531101227,-0.019999444484710693,,,,0.8846153846153846,3.413383722305298,0.05713585764169693,2.0776053888609836
264,PAIR_SAFE_FROZEN,F264_BACKWARD_PAIR_SAFE,244,243,SAR_BOUNDARY_FAR,SUPPORTED,,0.01626838743686676,-0.029999464750289917,-0.011247709393501282,0.24000108242034912,-0.6913844065461693,0.6538461538461539,3.413383722305298,0.05713585764169693,2.0776053888609836
264,PAIR_SAFE_FROZEN,F264_BACKWARD_PAIR_SAFE,243,242,SAR_BOUNDARY_NEAR,SUPPORTED,,0.02951134741306305,-0.019999444484710693,-0.022556692361831665,-0.21999984979629517,-0.7643396299772832,0.6923076923076923,3.4398715496063232,-0.039439909160137177,2.1276054901888797
264,PAIR_SAFE_FROZEN,F264_BACKWARD_PAIR_SAFE,243,242,SAR_BOUNDARY_FAR,SUPPORTED,,0.014774814248085022,0.030000656843185425,0.0004327446222305298,0.280001163482666,0.02928934435075001,0.6538461538461539,3.4398715496063232,-0.039439909160137177,2.1276054901888797
264,PAIR_SAFE_FROZEN,F264_BACKWARD_PAIR_SAFE,242,241,SAR_BOUNDARY_NEAR,SUPPORTED,,0.033582255244255066,0.030000656843185425,-0.0004097744822502136,-0.24999991059303284,-0.012202113266955588,1.0,3.359771490097046,-0.07017160207033157,2.057605348329825
264,PAIR_SAFE_FROZEN,F264_BACKWARD_PAIR_SAFE,242,241,SAR_BOUNDARY_FAR,SUPPORTED,,0.010041370987892151,-0.03999948501586914,-0.009800083935260773,0.2300010323524475,-0.9759707062987394,0.6538461538461539,3.359771490097046,-0.07017160207033157,2.057605348329825
264,PAIR_SAFE_FROZEN,F264_BACKWARD_PAIR_SAFE,241,240,SAR_BOUNDARY_NEAR,SUPPORTED,,0.027485445141792297,0.030000656843185425,-0.004687502980232239,-0.28999999165534973,-0.17054491772100772,0.8076923076923077,3.3176465034484863,-0.09380267560482025,2.0676053685954043
264,PAIR_SAFE_FROZEN,F264_BACKWARD_PAIR_SAFE,241,240,SAR_BOUNDARY_FAR,SUPPORTED,,0.012771911919116974,0.04000067710876465,-0.025245100259780884,-0.25999993085861206,-1.976610895820074,0.6153846153846154,3.3176465034484863,-0.09380267560482025,2.0676053685954043
264,PAIR_SAFE_FROZEN,F264_BACKWARD_PAIR_SAFE,240,239,SAR_BOUNDARY_NEAR,SUPPORTED,,0.028661131858825684,-0.029999464750289917,-0.014399498701095581,0.24000108242034912,-0.502405095933485,0.7692307692307693,3.2587578296661377,-0.056556690484285355,2.147605530720038
264,PAIR_SAFE_FROZEN,F264_BACKWARD_PAIR_SAFE,240,239,SAR_BOUNDARY_FAR,SUPPORTED,,0.011194095015525818,0.05000069737434387,-0.008685663342475891,0.2900012135505676,-0.7759147416945434,0.6153846153846154,3.2587578296661377,-0.056556690484285355,2.147605530720038
264,PAIR_SAFE_FROZEN,F264_BACKWARD_PAIR_SAFE,239,238,SAR_BOUNDARY_NEAR,SUPPORTED,,0.027427978813648224,0.04000067710876465,-0.001753978431224823,-0.28999999165534973,-0.06394851196078799,0.8846153846153846,3.424652099609375,-0.16110897064208984,2.0276052875330874
264,PAIR_SAFE_FROZEN,F264_BACKWARD_PAIR_SAFE,239,238,SAR_BOUNDARY_FAR,SUPPORTED,,0.007513798773288727,-0.07999956607818604,-0.013890162110328674,0.2300010323524475,-1.8486204554356287,0.5769230769230769,3.424652099609375,-0.16110897064208984,2.0276052875330874
264,PAIR_SAFE_FROZEN,F264_BACKWARD_PAIR_SAFE,238,237,SAR_BOUNDARY_NEAR,SUPPORTED,,0.02540210634469986,-0.00999942421913147,-0.00814567506313324,0.2900012135505676,-0.3206692765000896,0.9615384615384616,3.337693214416504,-0.016652828082442284,1.9976052267363498
264,PAIR_SAFE_FROZEN,F264_BACKWARD_PAIR_SAFE,238,237,SAR_BOUNDARY_FAR,SUPPORTED,,0.009474582970142365,-0.03999948501586914,-0.006514228880405426,0.18000096082687378,-0.6875478214644358,0.5384615384615384,3.337693214416504,-0.016652828082442284,1.9976052267363498
264,PAIR_SAFE_FROZEN,F264_BACKWARD_PAIR_SAFE,237,236,SAR_BOUNDARY_NEAR,SUPPORTED,,0.031223192811012268,5.960464477539062e-07,-0.016727939248085022,0.26000112295150757,-0.5357536415105235,0.9615384615384616,3.326414108276367,-0.0839194506406784,2.057605348329825
264,PAIR_SAFE_FROZEN,F264_BACKWARD_PAIR_SAFE,237,236,SAR_BOUNDARY_FAR,SUPPORTED,,0.018167883157730103,0.060000717639923096,-0.017252616584300995,0.25000113248825073,-0.9496217272269456,0.6923076923076923,3.326414108276367,-0.0839194506406784,2.057605348329825
264,PAIR_SAFE_FROZEN,F264_BACKWARD_PAIR_SAFE,236,235,SAR_BOUNDARY_NEAR,SUPPORTED,,0.030001536011695862,-0.019999444484710693,-0.009953275322914124,0.280001163482666,-0.33175885791427207,0.9230769230769231,3.4589455127716064,-0.03813055157661438,2.1076054496577212
264,PAIR_SAFE_FROZEN,F264_BACKWARD_PAIR_SAFE,236,235,SAR_BOUNDARY_FAR,SUPPORTED,,0.00935586541891098,0.030000656843185425,-0.023759186267852783,-0.1499997079372406,-2.539496369820414,0.6153846153846154,3.4589455127716064,-0.03813055157661438,2.1076054496577212
264,PAIR_SAFE_FROZEN,F264_BACKWARD_PAIR_SAFE,235,234,SAR_BOUNDARY_NEAR,SUPPORTED,,0.026482075452804565,0.010000616312026978,-0.014322921633720398,0.2900012135505676,-0.5408534410094182,0.8076923076923077,3.372838258743286,-0.056378673762083054,2.0676053685954043
264,PAIR_SAFE_FROZEN,F264_BACKWARD_PAIR_SAFE,235,234,SAR_BOUNDARY_FAR,SUPPORTED,,0.01320464164018631,-0.029999464750289917,-0.016471348702907562,0.17000094056129456,-1.2473908154220201,0.6538461538461539,3.372838258743286,-0.056378673762083054,2.0676053685954043
264,PAIR_SAFE_FROZEN,F264_BACKWARD_PAIR_SAFE,234,233,SAR_BOUNDARY_NEAR,SUPPORTED,,0.025666341185569763,0.010000616312026978,-0.002684585750102997,-0.2799999713897705,-0.10459557638906225,0.8076923076923077,3.2796363830566406,-0.01887519843876362,2.0376053077986667
264,PAIR_SAFE_FROZEN,F264_BACKWARD_PAIR_SAFE,234,233,SAR_BOUNDARY_FAR,SUPPORTED,,0.00880054384469986,-0.019999444484710693,-0.010225184261798859,0.280001163482666,-1.1618809521592226,0.6153846153846154,3.2796363830566406,-0.01887519843876362,2.0376053077986667
264,PAIR_SAFE_FROZEN,F264_BACKWARD_PAIR_SAFE,233,232,SAR_BOUNDARY_NEAR,SUPPORTED,,0.02371322363615036,5.960464477539062e-07,,,,0.8846153846153846,3.295888662338257,-0.06482458859682083,2.087605409126563
264,PAIR_SAFE_FROZEN,F264_BACKWARD_PAIR_SAFE,233,232,SAR_BOUNDARY_FAR,SUPPORTED,,0.00894608348608017,0.05000069737434387,-0.036642156541347504,-0.19999980926513672,-4.095888060776716,0.6153846153846154,3.295888662338257,-0.06482458859682083,2.087605409126563
264,PAIR_SAFE_FROZEN,F264_BACKWARD_PAIR_SAFE,232,231,SAR_BOUNDARY_NEAR,SUPPORTED,,0.031115956604480743,0.010000616312026978,-0.007027417421340942,-0.25999993085861206,-0.22584609917886903,0.8461538461538461,3.401381254196167,-0.10631038248538971,2.017605267267508
264,PAIR_SAFE_FROZEN,F264_BACKWARD_PAIR_SAFE,232,231,SAR_BOUNDARY_FAR,SUPPORTED,,0.01896444708108902,-0.05999952554702759,-0.012637853622436523,0.190000981092453,-0.6663971571857081,0.8076923076923077,3.401381254196167,-0.10631038248538971,2.017605267267508
264,PAIR_SAFE_FROZEN,F264_BACKWARD_PAIR_SAFE,231,230,SAR_BOUNDARY_NEAR,SUPPORTED,,0.02112438529729843,-0.05999952554702759,-0.02282474935054779,0.17000094056129456,-1.0804929482831775,0.7307692307692307,3.4090986251831055,-0.018546534702181816,2.0776053888609836
264,PAIR_SAFE_FROZEN,F264_BACKWARD_PAIR_SAFE,231,230,SAR_BOUNDARY_FAR,SUPPORTED,,0.014414846897125244,5.960464477539062e-07,-0.011182613670825958,0.21000105142593384,-0.7757705475911859,0.7307692307692307,3.4090986251831055,-0.018546534702181816,2.0776053888609836
264,PAIR_SAFE_FROZEN,F264_BACKWARD_PAIR_SAFE,230,229,SAR_BOUNDARY_NEAR,SUPPORTED,,0.024103842675685883,0.04000067710876465,0.00014553219079971313,-0.2699999511241913,0.006037717419493238,0.9230769230769231,3.42233943939209,-0.09190696477890015,2.0376053077986667
264,PAIR_SAFE_FROZEN,F264_BACKWARD_PAIR_SAFE,230,229,SAR_BOUNDARY_FAR,SUPPORTED,,0.01614583283662796,5.960464477539062e-07,-0.009539678692817688,0.280001163482666,-0.5908446339897843,0.6538461538461539,3.42233943939209,-0.09190696477890015,2.0376053077986667
264,PAIR_SAFE_FROZEN,F264_BACKWARD_PAIR_SAFE,229,228,SAR_BOUNDARY_NEAR,SUPPORTED,,0.02593827247619629,5.960464477539062e-07,-0.044512100517749786,0.18000096082687378,-1.716078067982315,0.8076923076923077,3.3690924644470215,-0.05145573616027832,2.0776053888609836
264,PAIR_SAFE_FROZEN,F264_BACKWARD_PAIR_SAFE,229,228,SAR_BOUNDARY_FAR,SUPPORTED,,0.022970274090766907,0.04000067710876465,-0.013503365218639374,-0.2699999511241913,-0.5878626073542224,0.7307692307692307,3.3690924644470215,-0.05145573616027832,2.0776053888609836
264,PAIR_SAFE_FROZEN,F264_BACKWARD_PAIR_SAFE,228,227,SAR_BOUNDARY_NEAR,SUPPORTED,,0.028603702783584595,0.0200006365776062,-0.004001989960670471,-0.2799999713897705,-0.13991160483485296,0.8461538461538461,3.372631788253784,-0.050584468990564346,2.0276052875330874
264,PAIR_SAFE_FROZEN,F264_BACKWARD_PAIR_SAFE,228,227,SAR_BOUNDARY_FAR,SUPPORTED,,0.020151637494564056,-0.029999464750289917,-0.010171569883823395,0.2700011134147644,-0.5047515313118944,0.7307692307692307,3.372631788253784,-0.050584468990564346,2.0276052875330874
264,PAIR_SAFE_FROZEN,F264_BACKWARD_PAIR_SAFE,227,226,SAR_BOUNDARY_NEAR,SUPPORTED,,0.029063262045383453,-0.00999942421913147,-0.016314342617988586,-0.2699999511241913,-0.5613390056667791,0.8461538461538461,3.3335072994232178,0.0036786722484976053,2.0676053685954043
264,PAIR_SAFE_FROZEN,F264_BACKWARD_PAIR_SAFE,227,226,SAR_BOUNDARY_FAR,SUPPORTED,,0.016923263669013977,0.030000656843185425,-0.017187491059303284,0.24000108242034912,-1.0156132644067408,0.7307692307692307,3.3335072994232178,0.0036786722484976053,2.0676053685954043
264,PAIR_SAFE_FROZEN,F264_BACKWARD_PAIR_SAFE,226,225,SAR_BOUNDARY_NEAR,SUPPORTED,,0.02456340193748474,0.0200006365776062,,,,0.8076923076923077,3.350428819656372,-0.04762547090649605,2.057605348329825
264,PAIR_SAFE_FROZEN,F264_BACKWARD_PAIR_SAFE,226,225,SAR_BOUNDARY_FAR,SUPPORTED,,0.0155024453997612,0.010000616312026978,-0.011071547865867615,0.280001163482666,-0.7141807360300821,0.6538461538461539,3.350428819656372,-0.04762547090649605,2.057605348329825
264,PAIR_SAFE_FROZEN,F264_BACKWARD_PAIR_SAFE,225,224,SAR_BOUNDARY_NEAR,SUPPORTED,,0.03583027422428131,-0.03999948501586914,-0.019178912043571472,0.26000112295150757,-0.5352711487364054,0.8846153846153846,3.29306697845459,-0.028490720316767693,2.087605409126563
264,PAIR_SAFE_FROZEN,F264_BACKWARD_PAIR_SAFE,225,224,SAR_BOUNDARY_FAR,SUPPORTED,,0.013181686401367188,-0.00999942421913147,-0.009267762303352356,0.22000104188919067,-0.7030786517870062,0.6153846153846154,3.29306697845459,-0.028490720316767693,2.087605409126563
264,PAIR_SAFE_FROZEN,F264_BACKWARD_PAIR_SAFE,224,223,SAR_BOUNDARY_NEAR,SUPPORTED,,0.031548723578453064,0.030000656843185425,-0.003278195858001709,-0.2699999511241913,-0.10390898540949622,0.8846153846153846,3.4270238876342773,-0.1131216511130333,2.057605348329825
264,PAIR_SAFE_FROZEN,F264_BACKWARD_PAIR_SAFE,224,223,SAR_BOUNDARY_FAR,SUPPORTED,,0.01586242765188217,5.960464477539062e-07,-0.014185063540935516,0.280001163482666,-0.8942555233184861,0.7307692307692307,3.4270238876342773,-0.1131216511130333,2.057605348329825
264,PAIR_SAFE_FROZEN,F264_BACKWARD_PAIR_SAFE,223,222,SAR_BOUNDARY_NEAR,SUPPORTED,,0.03188573569059372,-0.00999942421913147,-0.01246553659439087,-0.2699999511241913,-0.39094398559128113,0.8846153846153846,3.3844821453094482,-0.06460344791412354,2.1176054699233005
264,PAIR_SAFE_FROZEN,F264_BACKWARD_PAIR_SAFE,223,222,SAR_BOUNDARY_FAR,SUPPORTED,,0.018263638019561768,0.05000069737434387,-0.015356943011283875,0.2700011134147644,-0.8408479731604077,0.6923076923076923,3.3844821453094482,-0.06460344791412354,2.1176054699233005
264,PAIR_SAFE_FROZEN,F264_BACKWARD_PAIR_SAFE,222,221,SAR_BOUNDARY_NEAR,SUPPORTED,,0.03608302026987076,5.960464477539062e-07,-0.01610754430294037,-0.2399998903274536,-0.4464023294743465,0.9615384615384616,3.337445020675659,-0.08488178998231888,2.1176054699233005
264,PAIR_SAFE_FROZEN,F264_BACKWARD_PAIR_SAFE,222,221,SAR_BOUNDARY_FAR,SUPPORTED,,0.021128207445144653,5.960464477539062e-07,-0.019546568393707275,0.25000113248825073,-0.9251408783474036,0.7307692307692307,3.337445020675659,-0.08488178998231888,2.1176054699233005
264,PAIR_SAFE_FROZEN,F264_BACKWARD_PAIR_SAFE,221,220,SAR_BOUNDARY_NEAR,SUPPORTED,,0.0389208048582077,0.010000616312026978,-0.01413525640964508,-0.25999993085861206,-0.3631799614920915,1.0,3.3454477787017822,-0.1295483410358429,2.1076054496577212
264,PAIR_SAFE_FROZEN,F264_BACKWARD_PAIR_SAFE,221,220,SAR_BOUNDARY_FAR,SUPPORTED,,0.02161458134651184,5.960464477539062e-07,-0.017049625515937805,0.2300010323524475,-0.7888020240877472,0.7307692307692307,3.3454477787017822,-0.1295483410358429,2.1076054496577212
264,PAIR_SAFE_FROZEN,F264_BACKWARD_PAIR_SAFE,220,219,SAR_BOUNDARY_NEAR,SUPPORTED,,0.03936121612787247,0.010000616312026978,-0.01749386638402939,-0.2399998903274536,-0.44444425515708674,1.0,3.33091402053833,-0.10936346650123596,2.057605348329825
264,PAIR_SAFE_FROZEN,F264_BACKWARD_PAIR_SAFE,220,219,SAR_BOUNDARY_FAR,SUPPORTED,,0.01721048355102539,-0.03999948501586914,-0.014162078499794006,0.16000092029571533,-0.8228751073615382,0.7307692307692307,3.33091402053833,-0.10936346650123596,2.057605348329825
264,PAIR_SAFE_FROZEN,F264_BACKWARD_PAIR_SAFE,219,218,SAR_BOUNDARY_NEAR,SUPPORTED,,0.03524432331323624,0.010000616312026978,-0.017486199736595154,0.26000112295150757,-0.49614230300821516,0.9615384615384616,3.4074957370758057,-0.14861567318439484,2.0776053888609836
264,PAIR_SAFE_FROZEN,F264_BACKWARD_PAIR_SAFE,219,218,SAR_BOUNDARY_FAR,SUPPORTED,,0.020415909588336945,0.030000656843185425,-0.01902957260608673,0.2700011134147644,-0.9320952624593228,0.6923076923076923,3.4074957370758057,-0.14861567318439484,2.0776053888609836
264,PAIR_SAFE_FROZEN,F264_BACKWARD_PAIR_SAFE,218,217,SAR_BOUNDARY_NEAR,SUPPORTED,,0.031924016773700714,-0.019999444484710693,,,,0.9230769230769231,3.306525230407715,-0.07720897346735,2.0676053685954043
264,PAIR_SAFE_FROZEN,F264_BACKWARD_PAIR_SAFE,218,217,SAR_BOUNDARY_FAR,SUPPORTED,,0.028944559395313263,-0.029999464750289917,-0.02369409054517746,0.25000113248825073,-0.8186025643566727,0.8461538461538461,3.306525230407715,-0.07720897346735,2.0676053685954043
264,PAIR_SAFE_FROZEN,F264_BACKWARD_PAIR_SAFE,217,216,SAR_BOUNDARY_NEAR,SUPPORTED,,0.04612056910991669,5.960464477539062e-07,,,,0.9615384615384616,3.3470351696014404,-0.07243173569440842,2.0776053888609836
264,PAIR_SAFE_FROZEN,F264_BACKWARD_PAIR_SAFE,217,216,SAR_BOUNDARY_FAR,SUPPORTED,,0.025505512952804565,0.010000616312026978,-0.025321684777736664,0.24000108242034912,-0.9927926101542024,0.7307692307692307,3.3470351696014404,-0.07243173569440842,2.0776053888609836
264,PAIR_SAFE_FROZEN,F264_BACKWARD_PAIR_SAFE,216,215,SAR_BOUNDARY_NEAR,SUPPORTED,,0.034811586141586304,5.960464477539062e-07,0.002351410686969757,-0.2799999713897705,0.06754678391860852,0.9615384615384616,3.3518307209014893,-0.12657029926776886,2.0676053685954043
264,PAIR_SAFE_FROZEN,F264_BACKWARD_PAIR_SAFE,216,215,SAR_BOUNDARY_FAR,SUPPORTED,,0.02823987603187561,-0.00999942421913147,-0.011443033814430237,0.2900012135505676,-0.40520835861722526,0.7307692307692307,3.3518307209014893,-0.12657029926776886,2.0676053685954043
264,PAIR_SAFE_FROZEN,F264_BACKWARD_PAIR_SAFE,215,214,SAR_BOUNDARY_NEAR,SUPPORTED,,0.034869030117988586,5.960464477539062e-07,-0.007383577525615692,-0.2699999511241913,-0.21175173214257478,0.8461538461538461,3.2831058502197266,-0.08069150149822235,2.087605409126563
264,PAIR_SAFE_FROZEN,F264_BACKWARD_PAIR_SAFE,215,214,SAR_BOUNDARY_FAR,SUPPORTED,,0.016896456480026245,0.0200006365776062,-0.0185355544090271,0.280001163482666,-1.0970083834405442,0.6923076923076923,3.2831058502197266,-0.08069150149822235,2.087605409126563
264,PAIR_SAFE_FROZEN,F264_BACKWARD_PAIR_SAFE,214,213,SAR_BOUNDARY_NEAR,SUPPORTED,,0.0284007266163826,0.030000656843185425,-0.012729786336421967,-0.21999984979629517,-0.4482204454965934,0.8846153846153846,3.3753409385681152,-0.08061816543340683,2.057605348329825
264,PAIR_SAFE_FROZEN,F264_BACKWARD_PAIR_SAFE,214,213,SAR_BOUNDARY_FAR,SUPPORTED,,0.017363667488098145,5.960464477539062e-07,,,,0.6923076923076923,3.3753409385681152,-0.08061816543340683,2.057605348329825
264,PAIR_SAFE_FROZEN,F264_BACKWARD_PAIR_SAFE,213,212,SAR_BOUNDARY_NEAR,SUPPORTED,,0.02289368212223053,0.0200006365776062,-0.00808057188987732,-0.2799999713897705,-0.3529607796043789,0.8846153846153846,3.29156494140625,-0.08254213631153107,2.0376053077986667
264,PAIR_SAFE_FROZEN,F264_BACKWARD_PAIR_SAFE,213,212,SAR_BOUNDARY_FAR,SUPPORTED,,0.014376543462276459,5.960464477539062e-07,-0.012783385813236237,0.21000105142593384,-0.8891835403119942,0.6923076923076923,3.29156494140625,-0.08254213631153107,2.0376053077986667
264,PAIR_SAFE_FROZEN,F264_BACKWARD_PAIR_SAFE,212,211,SAR_BOUNDARY_NEAR,SUPPORTED,,0.035018377006053925,-0.03999948501586914,-0.013093598186969757,0.2700011134147644,-0.37390648300765494,0.9230769230769231,3.36651349067688,-0.0015646434621885419,2.1076054496577212
264,PAIR_SAFE_FROZEN,F264_BACKWARD_PAIR_SAFE,212,211,SAR_BOUNDARY_FAR,SUPPORTED,,0.016199462115764618,0.030000656843185425,-0.02468213438987732,0.280001163482666,-1.523639131564605,0.6153846153846154,3.36651349067688,-0.0015646434621885419,2.1076054496577212
264,PAIR_SAFE_FROZEN,F264_BACKWARD_PAIR_SAFE,211,210,SAR_BOUNDARY_NEAR,SUPPORTED,,0.04345893859863281,0.010000616312026978,-0.00985371321439743,-0.28999999165534973,-0.22673616825762563,0.9615384615384616,3.352847099304199,-0.1529773473739624,2.137605510454459
264,PAIR_SAFE_FROZEN,F264_BACKWARD_PAIR_SAFE,211,210,SAR_BOUNDARY_FAR,SUPPORTED,,0.00984986126422882,0.04000067710876465,-0.0265701562166214,-0.17999976873397827,-2.697515782594291,0.5769230769230769,3.352847099304199,-0.1529773473739624,2.137605510454459
264,PAIR_SAFE_FROZEN,F264_BACKWARD_PAIR_SAFE,210,209,SAR_BOUNDARY_NEAR,SUPPORTED,,0.04352022707462311,5.960464477539062e-07,,,,0.8846153846153846,3.3561248779296875,-0.12403517961502075,2.087605409126563
264,PAIR_SAFE_FROZEN,F264_BACKWARD_PAIR_SAFE,210,209,SAR_BOUNDARY_FAR,SUPPORTED,,0.014950975775718689,-0.049999505281448364,-0.018577665090560913,0.1500009000301361,-1.2425720815314405,0.6538461538461539,3.3561248779296875,-0.12403517961502075,2.087605409126563
264,PAIR_SAFE_FROZEN,F264_BACKWARD_PAIR_SAFE,209,208,SAR_BOUNDARY_NEAR,SUPPORTED,,0.04493717849254608,0.010000616312026978,-0.0027726590633392334,-0.2799999713897705,-0.06170078221086235,0.9230769230769231,3.3658230304718018,-0.1400453746318817,2.057605348329825
264,PAIR_SAFE_FROZEN,F264_BACKWARD_PAIR_SAFE,209,208,SAR_BOUNDARY_FAR,SUPPORTED,,0.028347119688987732,-0.019999444484710693,-0.02674633264541626,0.20000100135803223,-0.943529111206549,0.7692307692307693,3.3658230304718018,-0.1400453746318817,2.057605348329825
264,PAIR_SAFE_FROZEN,F264_BACKWARD_PAIR_SAFE,208,207,SAR_BOUNDARY_NEAR,SUPPORTED,,0.040937140583992004,0.010000616312026978,0.0010761469602584839,-0.28999999165534973,0.02628779013156817,0.9615384615384616,3.3512463569641113,-0.1477534919977188,2.0776053888609836
264,PAIR_SAFE_FROZEN,F264_BACKWARD_PAIR_SAFE,208,207,SAR_BOUNDARY_FAR,SUPPORTED,,0.017664283514022827,0.030000656843185425,-0.012438744306564331,0.2700011134147644,-0.7041748563812288,0.7692307692307693,3.3512463569641113,-0.1477534919977188,2.0776053888609836
264,PAIR_SAFE_FROZEN,F264_BACKWARD_PAIR_SAFE,207,206,SAR_BOUNDARY_NEAR,SUPPORTED,,0.04751073569059372,-0.029999464750289917,,,,0.8846153846153846,3.3193063735961914,-0.09688576310873032,2.147605530720038
264,PAIR_SAFE_FROZEN,F264_BACKWARD_PAIR_SAFE,207,206,SAR_BOUNDARY_FAR,SUPPORTED,,0.018424496054649353,0.04000067710876465,-0.055346205830574036,-0.1899997889995575,-3.0039467927052272,0.6538461538461539,3.3193063735961914,-0.09688576310873032,2.147605530720038
264,PAIR_SAFE_FROZEN,F264_BACKWARD_PAIR_SAFE,206,205,SAR_BOUNDARY_NEAR,SUPPORTED,,0.03805144131183624,0.010000616312026978,-0.035347722470760345,0.2700011134147644,-0.928945691730345,0.8846153846153846,3.3927512168884277,-0.07797950506210327,2.1276054901888797
264,PAIR_SAFE_FROZEN,F264_BACKWARD_PAIR_SAFE,206,205,SAR_BOUNDARY_FAR,SUPPORTED,,0.02365197241306305,-0.00999942421913147,-0.016329661011695862,0.24000108242034912,-0.6904143437389156,0.7307692307692307,3.3927512168884277,-0.07797950506210327,2.1276054901888797
264,PAIR_SAFE_FROZEN,F264_BACKWARD_PAIR_SAFE,205,204,SAR_BOUNDARY_NEAR,SUPPORTED,,0.041452206671237946,0.04000067710876465,-0.036623015999794006,-0.1499997079372406,-0.8834997926709961,0.9230769230769231,3.286322832107544,-0.08169930428266525,2.047605328064246
264,PAIR_SAFE_FROZEN,F264_BACKWARD_PAIR_SAFE,205,204,SAR_BOUNDARY_FAR,SUPPORTED,,0.011504292488098145,-0.03999948501586914,-0.015498615801334381,0.24000108242034912,-1.3472028651365213,0.5769230769230769,3.286322832107544,-0.08169930428266525,2.047605328064246
264,PAIR_SAFE_FROZEN,F264_BACKWARD_PAIR_SAFE,204,203,SAR_BOUNDARY_NEAR,SUPPORTED,,0.04814647138118744,-0.03999948501586914,-0.0064951032400131226,-0.2799999713897705,-0.13490299608022766,0.8846153846153846,3.3419933319091797,-0.14260417222976685,2.137605510454459
264,PAIR_SAFE_FROZEN,F264_BACKWARD_PAIR_SAFE,204,203,SAR_BOUNDARY_FAR,SUPPORTED,,0.019722729921340942,0.05000069737434387,-0.021783113479614258,0.2900012135505676,-1.1044674629978013,0.6153846153846154,3.3419933319091797,-0.14260417222976685,2.137605510454459
264,PAIR_SAFE_FROZEN,F264_BACKWARD_PAIR_SAFE,203,202,SAR_BOUNDARY_NEAR,SUPPORTED,,0.04204964637756348,0.010000616312026978,0.000651039183139801,-0.2799999713897705,0.015482631584915717,0.8076923076923077,3.338536262512207,-0.12960048019886017,2.087605409126563
264,PAIR_SAFE_FROZEN,F264_BACKWARD_PAIR_SAFE,203,202,SAR_BOUNDARY_FAR,SUPPORTED,,0.009543508291244507,-0.03999948501586914,-0.016000308096408844,0.22000104188919067,-1.6765645932416693,0.6538461538461539,3.338536262512207,-0.12960048019886017,2.087605409126563
264,PAIR_SAFE_FROZEN,F264_BACKWARD_PAIR_SAFE,202,201,SAR_BOUNDARY_NEAR,SUPPORTED,,0.03373163193464279,5.960464477539062e-07,-0.006184883415699005,-0.21999984979629517,-0.1833555941699653,0.8076923076923077,3.3411476612091064,-0.16470497846603394,2.1276054901888797
264,PAIR_SAFE_FROZEN,F264_BACKWARD_PAIR_SAFE,202,201,SAR_BOUNDARY_FAR,SUPPORTED,,0.016126669943332672,0.04000067710876465,-0.02154950052499771,-0.28999999165534973,-1.3362647465794404,0.6153846153846154,3.3411476612091064,-0.16470497846603394,2.1276054901888797
264,PAIR_SAFE_FROZEN,F264_BACKWARD_PAIR_SAFE,201,200,SAR_BOUNDARY_NEAR,SUPPORTED,,0.03332185000181198,0.010000616312026978,-0.003929212689399719,-0.24999991059303284,-0.11791700308314382,0.8461538461538461,3.403669595718384,-0.142923042178154,2.1076054496577212
264,PAIR_SAFE_FROZEN,F264_BACKWARD_PAIR_SAFE,201,200,SAR_BOUNDARY_FAR,SUPPORTED,,0.016559429466724396,-0.00999942421913147,-0.01825980842113495,0.18000096082687378,-1.1026834262513334,0.6538461538461539,3.403669595718384,-0.142923042178154,2.1076054496577212
264,PAIR_SAFE_FROZEN,F264_BACKWARD_PAIR_SAFE,200,199,SAR_BOUNDARY_NEAR,SUPPORTED,,0.03748086094856262,-0.00999942421913147,,,,0.7307692307692307,3.365966558456421,-0.11387225240468979,2.1076054496577212
264,PAIR_SAFE_FROZEN,F264_BACKWARD_PAIR_SAFE,200,199,SAR_BOUNDARY_FAR,SUPPORTED,,0.015134833753108978,-0.00999942421913147,-0.01743260771036148,0.18000096082687378,-1.151820231046839,0.5769230769230769,3.365966558456421,-0.11387225240468979,2.1076054496577212
264,PAIR_SAFE_FROZEN,F264_BACKWARD_PAIR_SAFE,199,198,SAR_BOUNDARY_NEAR,SUPPORTED,,0.03200060874223709,0.030000656843185425,0.001003369688987732,-0.24999991059303284,0.03135470631417709,0.9230769230769231,3.3417301177978516,-0.17273031175136566,2.087605409126563
264,PAIR_SAFE_FROZEN,F264_BACKWARD_PAIR_SAFE,199,198,SAR_BOUNDARY_FAR,SUPPORTED,,0.01769302785396576,0.010000616312026978,-0.020182304084300995,0.25000113248825073,-1.1406924948562314,0.7307692307692307,3.3417301177978516,-0.17273031175136566,2.087605409126563
264,PAIR_SAFE_FROZEN,F264_BACKWARD_PAIR_SAFE,198,197,SAR_BOUNDARY_NEAR,SUPPORTED,,0.022058814764022827,-0.00999942421913147,-0.0049019455909729,-0.2799999713897705,-0.222221621760377,0.7692307692307693,3.2999320030212402,-0.13052937388420105,2.097605429392142
264,PAIR_SAFE_FROZEN,F264_BACKWARD_PAIR_SAFE,198,197,SAR_BOUNDARY_FAR,SUPPORTED,,0.024211086332798004,5.960464477539062e-07,-0.022012859582901,0.25000113248825073,-0.9092057778952639,0.6923076923076923,3.2999320030212402,-0.13052937388420105,2.097605429392142
264,PAIR_SAFE_FROZEN,F264_BACKWARD_PAIR_SAFE,197,196,SAR_BOUNDARY_NEAR,SUPPORTED,,0.026317410171031952,0.04000067710876465,-0.00474877655506134,-0.24999991059303284,-0.18044239627683442,0.6923076923076923,3.284621477127075,-0.12876299023628235,2.087605409126563
264,PAIR_SAFE_FROZEN,F264_BACKWARD_PAIR_SAFE,197,196,SAR_BOUNDARY_FAR,SUPPORTED,,0.019267000257968903,0.030000656843185425,-0.009788602590560913,0.2900012135505676,-0.5080501613899294,0.7692307692307693,3.284621477127075,-0.12876299023628235,2.087605409126563
264,PAIR_SAFE_FROZEN,F264_BACKWARD_PAIR_SAFE,196,195,SAR_BOUNDARY_NEAR,SUPPORTED,,0.026623792946338654,-0.019999444484710693,,,,0.8846153846153846,3.3919475078582764,-0.1416275054216385,2.097605429392142
264,PAIR_SAFE_FROZEN,F264_BACKWARD_PAIR_SAFE,196,195,SAR_BOUNDARY_FAR,SUPPORTED,,0.01842065155506134,-0.00999942421913147,,,,0.7307692307692307,3.3919475078582764,-0.1416275054216385,2.097605429392142
264,PAIR_SAFE_FROZEN,F264_BACKWARD_PAIR_SAFE,195,194,SAR_BOUNDARY_NEAR,SUPPORTED,,0.0390242338180542,0.010000616312026978,,,,0.9230769230769231,3.3806982040405273,-0.18617475032806396,2.0676053685954043
264,PAIR_SAFE_FROZEN,F264_BACKWARD_PAIR_SAFE,195,194,SAR_BOUNDARY_FAR,SUPPORTED,,0.020343154668807983,-0.019999444484710693,-0.014522068202495575,0.280001163482666,-0.7138552716586362,0.6923076923076923,3.3806982040405273,-0.18617475032806396,2.0676053685954043
264,PAIR_SAFE_FROZEN,F264_BACKWARD_PAIR_SAFE,194,193,SAR_BOUNDARY_NEAR,SUPPORTED,,0.036102183163166046,0.010000616312026978,-0.01796875149011612,0.280001163482666,-0.4977192489691063,0.8846153846153846,3.3102164268493652,-0.17266060411930084,2.0776053888609836
264,PAIR_SAFE_FROZEN,F264_BACKWARD_PAIR_SAFE,194,193,SAR_BOUNDARY_FAR,SUPPORTED,,0.02059207111597061,0.0200006365776062,-0.02233455330133438,0.2700011134147644,-1.0846190835079406,0.8461538461538461,3.3102164268493652,-0.17266060411930084,2.0776053888609836
264,PAIR_SAFE_FROZEN,F264_BACKWARD_PAIR_SAFE,193,192,SAR_BOUNDARY_NEAR,SUPPORTED,,0.04467296600341797,-0.019999444484710693,-0.00922180712223053,0.2900012135505676,-0.2064292557052281,0.9615384615384616,3.3458220958709717,-0.1316174864768982,2.087605409126563
264,PAIR_SAFE_FROZEN,F264_BACKWARD_PAIR_SAFE,193,192,SAR_BOUNDARY_FAR,SUPPORTED,,0.029384970664978027,-0.00999942421913147,,,,0.7307692307692307,3.3458220958709717,-0.1316174864768982,2.087605409126563
264,PAIR_SAFE_FROZEN,F264_BACKWARD_PAIR_SAFE,192,191,SAR_BOUNDARY_NEAR,SUPPORTED,,0.04004288464784622,0.04000067710876465,-0.001654401421546936,-0.28999999165534973,-0.041315740264379806,0.9615384615384616,3.3071117401123047,-0.17132306098937988,2.0676053685954043
264,PAIR_SAFE_FROZEN,F264_BACKWARD_PAIR_SAFE,192,191,SAR_BOUNDARY_FAR,SUPPORTED,,0.028056055307388306,0.0200006365776062,-0.023165591061115265,-0.28999999165534973,-0.8256895278865101,0.8076923076923077,3.3071117401123047,-0.17132306098937988,2.0676053685954043
264,PAIR_SAFE_FROZEN,F264_BACKWARD_PAIR_SAFE,191,190,SAR_BOUNDARY_NEAR,SUPPORTED,,0.03819318115711212,-0.019999444484710693,,,,0.9230769230769231,3.2746453285217285,-0.14445482194423676,2.0676053685954043
264,PAIR_SAFE_FROZEN,F264_BACKWARD_PAIR_SAFE,191,190,SAR_BOUNDARY_FAR,SUPPORTED,,0.01917126774787903,-0.019999444484710693,-0.02475106716156006,0.21000105142593384,-1.2910501009667625,0.6538461538461539,3.2746453285217285,-0.14445482194423676,2.0676053685954043
264,PAIR_SAFE_FROZEN,F264_BACKWARD_PAIR_SAFE,190,189,SAR_BOUNDARY_NEAR,SUPPORTED,,0.035363055765628815,5.960464477539062e-07,-0.0025428906083106995,-0.28999999165534973,-0.07190811295166032,0.9230769230769231,3.3324625492095947,-0.11731155216693878,2.0776053888609836
264,PAIR_SAFE_FROZEN,F264_BACKWARD_PAIR_SAFE,190,189,SAR_BOUNDARY_FAR,SUPPORTED,,0.027171403169631958,0.010000616312026978,-0.019366584718227386,0.2700011134147644,-0.7127561501819087,0.7692307692307693,3.3324625492095947,-0.11731155216693878,2.0776053888609836
264,PAIR_SAFE_FROZEN,F264_BACKWARD_PAIR_SAFE,189,188,SAR_BOUNDARY_NEAR,SUPPORTED,,0.04226408898830414,0.0200006365776062,-0.034784793853759766,-0.19999980926513672,-0.8230342753486503,1.0,3.3517041206359863,-0.11577542871236801,2.0776053888609836
264,PAIR_SAFE_FROZEN,F264_BACKWARD_PAIR_SAFE,189,188,SAR_BOUNDARY_FAR,SUPPORTED,,0.0301317498087883,0.0200006365776062,-0.026439957320690155,0.2700011134147644,-0.8774783239763465,0.8461538461538461,3.3517041206359863,-0.11577542871236801,2.0776053888609836
264,PAIR_SAFE_FROZEN,F264_BACKWARD_PAIR_SAFE,188,187,SAR_BOUNDARY_NEAR,SUPPORTED,,0.050252765417099,0.010000616312026978,,,,1.0,3.291785955429077,-0.18047849833965302,2.0676053685954043
264,PAIR_SAFE_FROZEN,F264_BACKWARD_PAIR_SAFE,188,187,SAR_BOUNDARY_FAR,SUPPORTED,,0.028301149606704712,5.960464477539062e-07,-0.01743260771036148,0.26000112295150757,-0.6159681833642401,0.6538461538461539,3.291785955429077,-0.18047849833965302,2.0676053685954043
264,PAIR_SAFE_FROZEN,F264_BACKWARD_PAIR_SAFE,187,186,SAR_BOUNDARY_NEAR,SUPPORTED,,0.043830446898937225,-0.00999942421913147,-0.053933076560497284,0.17000094056129456,-1.2304934212707062,1.0,3.185572385787964,-0.13837981224060059,2.097605429392142
264,PAIR_SAFE_FROZEN,F264_BACKWARD_PAIR_SAFE,187,186,SAR_BOUNDARY_FAR,SUPPORTED,,0.03823911398649216,0.0200006365776062,-0.026340395212173462,0.2700011134147644,-0.6888338265755353,0.8076923076923077,3.185572385787964,-0.13837981224060059,2.097605429392142
264,PAIR_SAFE_FROZEN,F264_BACKWARD_PAIR_SAFE,186,185,SAR_BOUNDARY_NEAR,SUPPORTED,,0.030399806797504425,0.010000616312026978,-0.0003676414489746094,-0.2699999511241913,-0.01209354557492746,0.9230769230769231,3.262136697769165,-0.16833727061748505,2.087605409126563
264,PAIR_SAFE_FROZEN,F264_BACKWARD_PAIR_SAFE,186,185,SAR_BOUNDARY_FAR,SUPPORTED,,0.028163306415081024,5.960464477539062e-07,-0.015180759131908417,0.25000113248825073,-0.5390261678855772,0.7307692307692307,3.262136697769165,-0.16833727061748505,2.087605409126563
264,PAIR_SAFE_FROZEN,F264_BACKWARD_PAIR_SAFE,185,184,SAR_BOUNDARY_NEAR,SUPPORTED,,0.022303931415081024,0.010000616312026978,-0.021476715803146362,0.2700011134147644,-0.962911668057976,0.8846153846153846,3.2945022583007812,-0.16660428047180176,2.0776053888609836
264,PAIR_SAFE_FROZEN,F264_BACKWARD_PAIR_SAFE,185,184,SAR_BOUNDARY_FAR,SUPPORTED,,0.026761643588542938,5.960464477539062e-07,-0.012863807380199432,0.24000108242034912,-0.4806807675185773,0.5769230769230769,3.2945022583007812,-0.16660428047180176,2.0776053888609836
264,PAIR_SAFE_FROZEN,F264_BACKWARD_PAIR_SAFE,184,183,SAR_BOUNDARY_NEAR,SUPPORTED,,0.026654422283172607,-0.029999464750289917,-0.022066473960876465,-0.21999984979629517,-0.8278729032820722,0.9615384615384616,3.2401342391967773,-0.1475583016872406,2.1076054496577212
264,PAIR_SAFE_FROZEN,F264_BACKWARD_PAIR_SAFE,184,183,SAR_BOUNDARY_FAR,SUPPORTED,,0.01679304987192154,5.960464477539062e-07,-0.013296559453010559,0.26000112295150757,-0.7917894339873776,0.6923076923076923,3.2401342391967773,-0.1475583016872406,2.1076054496577212
264,PAIR_SAFE_FROZEN,F264_BACKWARD_PAIR_SAFE,183,182,SAR_BOUNDARY_NEAR,SUPPORTED,,0.026424624025821686,0.010000616312026978,0.0002527683973312378,-0.24999991059303284,0.00956563836383204,0.8846153846153846,3.3431196212768555,-0.09410566836595535,2.1076054496577212
264,PAIR_SAFE_FROZEN,F264_BACKWARD_PAIR_SAFE,183,182,SAR_BOUNDARY_FAR,SUPPORTED,,0.022617951035499573,0.010000616312026978,-0.015877753496170044,0.2700011134147644,-0.7019978720110155,0.6538461538461539,3.3431196212768555,-0.09410566836595535,2.1076054496577212
264,PAIR_SAFE_FROZEN,F264_BACKWARD_PAIR_SAFE,182,181,SAR_BOUNDARY_NEAR,SUPPORTED,,0.02798330783843994,0.0200006365776062,0.0016735568642616272,-0.2799999713897705,0.05980554100050694,0.9230769230769231,3.2528369426727295,-0.07956013083457947,2.1076054496577212
264,PAIR_SAFE_FROZEN,F264_BACKWARD_PAIR_SAFE,182,181,SAR_BOUNDARY_FAR,SUPPORTED,,0.01666666567325592,0.0200006365776062,-0.010933659970760345,0.280001163482666,-0.6560196373474382,0.6923076923076923,3.2528369426727295,-0.07956013083457947,2.1076054496577212
264,PAIR_SAFE_FROZEN,F264_BACKWARD_PAIR_SAFE,181,180,SAR_BOUNDARY_NEAR,SUPPORTED,,0.0344439297914505,0.0200006365776062,-0.009267762303352356,-0.24999991059303284,-0.2690680871627126,0.9615384615384616,3.232046127319336,-0.057184893637895584,2.097605429392142
264,PAIR_SAFE_FROZEN,F264_BACKWARD_PAIR_SAFE,181,180,SAR_BOUNDARY_FAR,SUPPORTED,,0.020067408680915833,0.010000616312026978,-0.013556979596614838,0.26000112295150757,-0.6755720089314554,0.8076923076923077,3.232046127319336,-0.057184893637895584,2.097605429392142
264,PAIR_SAFE_FROZEN,F264_BACKWARD_PAIR_SAFE,180,179,SAR_BOUNDARY_NEAR,SUPPORTED,,0.03028874099254608,5.960464477539062e-07,-0.00270756334066391,-0.2799999713897705,-0.08939174267197929,0.8846153846153846,3.235919237136841,-0.19818882644176483,2.0676053685954043
264,PAIR_SAFE_FROZEN,F264_BACKWARD_PAIR_SAFE,180,179,SAR_BOUNDARY_FAR,SUPPORTED,,0.02293582260608673,-0.029999464750289917,-0.012775756418704987,0.280001163482666,-0.5570219406612669,0.8076923076923077,3.235919237136841,-0.19818882644176483,2.0676053685954043
264,PAIR_SAFE_FROZEN,F264_BACKWARD_PAIR_SAFE,179,178,SAR_BOUNDARY_NEAR,SUPPORTED,,0.030177690088748932,0.010000616312026978,,,,1.0,3.3239188194274902,-0.15598765015602112,2.047605328064246
264,PAIR_SAFE_FROZEN,F264_BACKWARD_PAIR_SAFE,179,178,SAR_BOUNDARY_FAR,SUPPORTED,,0.015575207769870758,-0.00999942421913147,-0.016628384590148926,0.26000112295150757,-1.0676187975042921,0.6153846153846154,3.3239188194274902,-0.15598765015602112,2.047605328064246
264,PAIR_SAFE_FROZEN,F264_BACKWARD_PAIR_SAFE,178,177,SAR_BOUNDARY_NEAR,SUPPORTED,,0.03219592571258545,-0.00999942421913147,-0.006939336657524109,0.2900012135505676,-0.21553462135153048,0.8461538461538461,3.336590528488159,-0.1602877527475357,2.097605429392142
264,PAIR_SAFE_FROZEN,F264_BACKWARD_PAIR_SAFE,178,177,SAR_BOUNDARY_FAR,SUPPORTED,,0.018512554466724396,0.04000067710876465,-0.022196710109710693,0.25000113248825073,-1.1990084971584243,0.6923076923076923,3.336590528488159,-0.1602877527475357,2.097605429392142
264,PAIR_SAFE_FROZEN,F264_BACKWARD_PAIR_SAFE,177,176,SAR_BOUNDARY_NEAR,SUPPORTED,,0.024885103106498718,5.960464477539062e-07,0.001704201102256775,-0.28999999165534973,0.06848278244873836,0.7692307692307693,3.2594475746154785,-0.12538447976112366,2.0776053888609836
264,PAIR_SAFE_FROZEN,F264_BACKWARD_PAIR_SAFE,177,176,SAR_BOUNDARY_FAR,SUPPORTED,,0.0245366171002388,-0.019999444484710693,,,,0.6538461538461539,3.2594475746154785,-0.12538447976112366,2.0776053888609836
264,PAIR_SAFE_FROZEN,F264_BACKWARD_PAIR_SAFE,176,175,SAR_BOUNDARY_NEAR,SUPPORTED,,0.0195503830909729,0.0200006365776062,,,,0.9615384615384616,3.236722230911255,-0.10462863743305206,2.1076054496577212
264,PAIR_SAFE_FROZEN,F264_BACKWARD_PAIR_SAFE,176,175,SAR_BOUNDARY_FAR,SUPPORTED,,0.016789212822914124,0.05000069737434387,-0.014395684003829956,0.280001163482666,-0.8574365073377681,0.6153846153846154,3.236722230911255,-0.10462863743305206,2.1076054496577212
264,PAIR_SAFE_FROZEN,F264_BACKWARD_PAIR_SAFE,175,174,SAR_BOUNDARY_NEAR,SUPPORTED,,0.02064952254295349,-0.03999948501586914,-0.006004899740219116,-0.25999993085861206,-0.2908009000076492,0.6923076923076923,3.3372802734375,-0.17146266996860504,2.1076054496577212
264,PAIR_SAFE_FROZEN,F264_BACKWARD_PAIR_SAFE,175,174,SAR_BOUNDARY_FAR,SUPPORTED,,0.019569553434848785,-0.03999948501586914,-0.017505362629890442,0.22000104188919067,-0.894520290826744,0.6923076923076923,3.3372802734375,-0.17146266996860504,2.1076054496577212
264,PAIR_SAFE_FROZEN,F264_BACKWARD_PAIR_SAFE,174,173,SAR_BOUNDARY_NEAR,SUPPORTED,,0.019297651946544647,0.010000616312026978,-0.03264398127794266,0.21000105142593384,-1.6916037955481804,0.7692307692307693,3.251570701599121,-0.16414831578731537,2.0776053888609836
264,PAIR_SAFE_FROZEN,F264_BACKWARD_PAIR_SAFE,174,173,SAR_BOUNDARY_FAR,SUPPORTED,,0.013097435235977173,-0.019999444484710693,-0.012561261653900146,0.2700011134147644,-0.9590627040778016,0.6153846153846154,3.251570701599121,-0.16414831578731537,2.0776053888609836
264,PAIR_SAFE_FROZEN,F264_BACKWARD_PAIR_SAFE,173,172,SAR_BOUNDARY_NEAR,SUPPORTED,,0.023368574678897858,0.05000069737434387,0.0027726665139198303,-0.2799999713897705,0.11864936360126345,0.8461538461538461,3.2922003269195557,-0.18949507176876068,2.0776053888609836
264,PAIR_SAFE_FROZEN,F264_BACKWARD_PAIR_SAFE,173,172,SAR_BOUNDARY_FAR,SUPPORTED,,0.018206194043159485,0.05000069737434387,-0.026018694043159485,-0.25999993085861206,-1.429112201126701,0.6153846153846154,3.2922003269195557,-0.18949507176876068,2.0776053888609836
264,PAIR_SAFE_FROZEN,F264_BACKWARD_PAIR_SAFE,172,171,SAR_BOUNDARY_NEAR,SUPPORTED,,0.02450215071439743,-0.05999952554702759,-0.04216451942920685,0.14000087976455688,-1.7208497295068483,0.6923076923076923,3.3201260566711426,-0.17663076519966125,2.187605611782355
264,PAIR_SAFE_FROZEN,F264_BACKWARD_PAIR_SAFE,172,171,SAR_BOUNDARY_FAR,SUPPORTED,,0.019018083810806274,0.05000069737434387,-0.008670352399349213,0.280001163482666,-0.45590042012658644,0.6923076923076923,3.3201260566711426,-0.17663076519966125,2.187605611782355
264,PAIR_SAFE_FROZEN,F264_BACKWARD_PAIR_SAFE,171,170,SAR_BOUNDARY_NEAR,SUPPORTED,,0.03077511489391327,0.05000069737434387,0.000348508358001709,-0.2699999511241913,0.011324356032563092,0.8076923076923077,3.294729471206665,-0.12851226329803467,2.097605429392142
264,PAIR_SAFE_FROZEN,F264_BACKWARD_PAIR_SAFE,171,170,SAR_BOUNDARY_FAR,SUPPORTED,,0.0119408518075943,-0.03999948501586914,-0.010110288858413696,0.18000096082687378,-0.8466974568751974,0.6538461538461539,3.294729471206665,-0.12851226329803467,2.097605429392142
264,PAIR_SAFE_FROZEN,F264_BACKWARD_PAIR_SAFE,170,169,SAR_BOUNDARY_NEAR,SUPPORTED,,0.023747697472572327,0.010000616312026978,-0.006663598120212555,-0.25999993085861206,-0.2805997561619923,0.8076923076923077,3.2799627780914307,-0.14552730321884155,2.087605409126563
264,PAIR_SAFE_FROZEN,F264_BACKWARD_PAIR_SAFE,170,169,SAR_BOUNDARY_FAR,SUPPORTED,,0.011757053434848785,5.960464477539062e-07,-0.006479792296886444,0.21000105142593384,-0.5511408392242103,0.6153846153846154,3.2799627780914307,-0.14552730321884155,2.087605409126563
264,PAIR_SAFE_FROZEN,F264_BACKWARD_PAIR_SAFE,169,168,SAR_BOUNDARY_NEAR,SUPPORTED,,0.03583409637212753,0.010000616312026978,-0.00803462415933609,-0.25999993085861206,-0.22421729505604554,0.9230769230769231,3.248532772064209,-0.12524054944515228,2.0776053888609836
264,PAIR_SAFE_FROZEN,F264_BACKWARD_PAIR_SAFE,169,168,SAR_BOUNDARY_FAR,SUPPORTED,,0.019163623452186584,5.960464477539062e-07,-0.007605694234371185,0.24000108242034912,-0.3968818450929941,0.7692307692307693,3.248532772064209,-0.12524054944515228,2.0776053888609836
264,PAIR_SAFE_FROZEN,F264_BACKWARD_PAIR_SAFE,168,167,SAR_BOUNDARY_NEAR,SUPPORTED,,0.03216911107301712,0.010000616312026978,-0.005706176161766052,-0.28999999165534973,-0.17738059807789627,0.8846153846153846,3.216728448867798,-0.15804928541183472,2.057605348329825
264,PAIR_SAFE_FROZEN,F264_BACKWARD_PAIR_SAFE,168,167,SAR_BOUNDARY_FAR,SUPPORTED,,0.013028502464294434,-0.00999942421913147,-0.012224264442920685,0.26000112295150757,-0.9382708777483965,0.6153846153846154,3.216728448867798,-0.15804928541183472,2.057605348329825
264,PAIR_SAFE_FROZEN,F264_BACKWARD_PAIR_SAFE,167,166,SAR_BOUNDARY_NEAR,SUPPORTED,,0.022349894046783447,0.010000616312026978,-0.004595592617988586,-0.28999999165534973,-0.20562033128071922,0.8076923076923077,3.1718404293060303,-0.18081210553646088,2.1276054901888797
264,PAIR_SAFE_FROZEN,F264_BACKWARD_PAIR_SAFE,167,166,SAR_BOUNDARY_FAR,SUPPORTED,,0.009175851941108704,0.08000075817108154,-0.006288297474384308,0.280001163482666,-0.6853093875907181,0.5384615384615384,3.1718404293060303,-0.18081210553646088,2.1276054901888797
264,PAIR_SAFE_FROZEN,F264_BACKWARD_PAIR_SAFE,166,165,SAR_BOUNDARY_NEAR,PROPAGATION_AMBIGUOUS,SAR_BOUNDARY_FAR:BOUNDARY_RESPONSE_TOO_WEAK,0.02619101107120514,5.960464477539062e-07,-0.03578047454357147,0.20000100135803223,-1.3661356732772016,0.8846153846153846,3.263113498687744,-0.14683854579925537,2.0676053685954043
264,PAIR_SAFE_FROZEN,F264_BACKWARD_PAIR_SAFE,166,165,SAR_BOUNDARY_FAR,PROPAGATION_AMBIGUOUS,SAR_BOUNDARY_FAR:BOUNDARY_RESPONSE_TOO_WEAK,0.002428002655506134,-0.05999952554702759,-0.003576904535293579,0.21000105142593384,-1.4731880655822218,0.5,3.263113498687744,-0.14683854579925537,2.0676053685954043
264,BOUNDARY_INDEPENDENT_DIAGNOSTIC,BACKWARD,264,263,SAR_BOUNDARY_NEAR,SUPPORTED,,0.030621953308582306,-0.019999444484710693,-0.021177999675273895,0.24000108242034912,-0.6915953225406563,0.8846153846153846,3.413010597229004,0.010510200634598732,
264,BOUNDARY_INDEPENDENT_DIAGNOSTIC,BACKWARD,263,262,SAR_BOUNDARY_NEAR,SUPPORTED,,0.03669577091932297,-0.00999942421913147,-0.011033251881599426,-0.25999993085861206,-0.30066821339866234,0.8846153846153846,3.3899121284484863,0.045094747096300125,
264,BOUNDARY_INDEPENDENT_DIAGNOSTIC,BACKWARD,262,261,SAR_BOUNDARY_NEAR,SUPPORTED,,0.03578048199415207,5.960464477539062e-07,-0.04180452227592468,0.20000100135803223,-1.1683610713449075,0.9230769230769231,3.425725221633911,0.01761237531900406,
264,BOUNDARY_INDEPENDENT_DIAGNOSTIC,BACKWARD,261,260,SAR_BOUNDARY_NEAR,SUPPORTED,,0.03486134856939316,0.010000616312026978,-0.012944243848323822,-0.2699999511241913,-0.3713064577108282,0.9230769230769231,3.363478422164917,-0.0011898470111191273,
264,BOUNDARY_INDEPENDENT_DIAGNOSTIC,BACKWARD,260,259,SAR_BOUNDARY_NEAR,SUPPORTED,,0.026409313082695007,-0.00999942421913147,-0.02064184844493866,-0.2399998903274536,-0.7816124705819955,0.8076923076923077,3.271677255630493,-0.04554662108421326,
264,BOUNDARY_INDEPENDENT_DIAGNOSTIC,BACKWARD,259,258,SAR_BOUNDARY_NEAR,SUPPORTED,,0.030939795076847076,-0.019999444484710693,-0.03851868212223053,0.22000104188919067,-1.2449559548329039,0.8461538461538461,3.3675053119659424,0.04898912459611893,
264,BOUNDARY_INDEPENDENT_DIAGNOSTIC,BACKWARD,258,257,SAR_BOUNDARY_NEAR,SUPPORTED,,0.025421269237995148,0.030000656843185425,-0.0250459685921669,0.2700011134147644,-0.9852367463514641,0.8076923076923077,3.374603509902954,0.009882723912596703,
264,BOUNDARY_INDEPENDENT_DIAGNOSTIC,BACKWARD,257,256,SAR_BOUNDARY_NEAR,SUPPORTED,,0.04200369119644165,-0.019999444484710693,-0.012683816254138947,-0.2799999713897705,-0.3019690863552834,1.0,3.3396146297454834,-0.08994075655937195,
264,BOUNDARY_INDEPENDENT_DIAGNOSTIC,BACKWARD,256,255,SAR_BOUNDARY_NEAR,SUPPORTED,,0.02596507966518402,0.010000616312026978,-0.004515171051025391,-0.28999999165534973,-0.173893980270728,0.9230769230769231,3.41288161277771,0.02473543956875801,
264,BOUNDARY_INDEPENDENT_DIAGNOSTIC,BACKWARD,255,254,SAR_BOUNDARY_NEAR,SUPPORTED,,0.03415288031101227,-0.00999942421913147,,,,0.9230769230769231,3.4155919551849365,-0.010805630125105381,
264,BOUNDARY_INDEPENDENT_DIAGNOSTIC,BACKWARD,254,253,SAR_BOUNDARY_NEAR,SUPPORTED,,0.0228477343916893,0.0200006365776062,-0.01089920848608017,0.2700011134147644,-0.4770367292979683,0.7692307692307693,3.3311173915863037,0.006492289714515209,
264,BOUNDARY_INDEPENDENT_DIAGNOSTIC,BACKWARD,253,252,SAR_BOUNDARY_NEAR,SUPPORTED,,0.02548636496067047,-0.019999444484710693,,,,0.8846153846153846,3.434725522994995,-0.029802070930600166,
264,BOUNDARY_INDEPENDENT_DIAGNOSTIC,BACKWARD,252,251,SAR_BOUNDARY_NEAR,SUPPORTED,,0.028132662177085876,0.010000616312026978,-0.005981914699077606,-0.24999991059303284,-0.21263237234440938,0.8461538461538461,3.4145126342773438,0.010120299644768238,
264,BOUNDARY_INDEPENDENT_DIAGNOSTIC,BACKWARD,251,250,SAR_BOUNDARY_NEAR,SUPPORTED,,0.022234976291656494,-0.00999942421913147,-0.013641245663166046,-0.2399998903274536,-0.613503944606625,0.8461538461538461,3.2430851459503174,-0.04451834410429001,
264,BOUNDARY_INDEPENDENT_DIAGNOSTIC,BACKWARD,250,249,SAR_BOUNDARY_NEAR,SUPPORTED,,0.028423704206943512,0.010000616312026978,,,,0.8846153846153846,3.3580915927886963,-0.025229917839169502,
264,BOUNDARY_INDEPENDENT_DIAGNOSTIC,BACKWARD,249,248,SAR_BOUNDARY_NEAR,SUPPORTED,,0.027435660362243652,-0.019999444484710693,0.00432751327753067,-0.28999999165534973,0.15773315533115792,0.8461538461538461,3.359560489654541,-0.03570718690752983,
264,BOUNDARY_INDEPENDENT_DIAGNOSTIC,BACKWARD,248,247,SAR_BOUNDARY_NEAR,SUPPORTED,,0.0411994531750679,5.960464477539062e-07,,,,0.9230769230769231,3.2325141429901123,-0.00246770610101521,
264,BOUNDARY_INDEPENDENT_DIAGNOSTIC,BACKWARD,247,246,SAR_BOUNDARY_NEAR,SUPPORTED,,0.028707101941108704,0.030000656843185425,-0.0026922598481178284,-0.2799999713897705,-0.09378375614650603,0.9230769230769231,3.139277458190918,-0.07472478598356247,
264,BOUNDARY_INDEPENDENT_DIAGNOSTIC,BACKWARD,246,245,SAR_BOUNDARY_NEAR,SUPPORTED,,0.03712468594312668,-0.029999464750289917,,,,0.8846153846153846,3.4004132747650146,-0.013522403314709663,
264,BOUNDARY_INDEPENDENT_DIAGNOSTIC,BACKWARD,245,244,SAR_BOUNDARY_NEAR,SUPPORTED,,0.038694851100444794,0.0200006365776062,,,,0.8461538461538461,3.411144971847534,0.012028254568576813,
264,BOUNDARY_INDEPENDENT_DIAGNOSTIC,BACKWARD,244,243,SAR_BOUNDARY_NEAR,SUPPORTED,,0.03610600531101227,-0.019999444484710693,,,,0.8846153846153846,3.413383722305298,0.05713585764169693,
264,BOUNDARY_INDEPENDENT_DIAGNOSTIC,BACKWARD,243,242,SAR_BOUNDARY_NEAR,SUPPORTED,,0.02951134741306305,-0.019999444484710693,-0.022556692361831665,-0.21999984979629517,-0.7643396299772832,0.6923076923076923,3.4398715496063232,-0.039439909160137177,
264,BOUNDARY_INDEPENDENT_DIAGNOSTIC,BACKWARD,242,241,SAR_BOUNDARY_NEAR,SUPPORTED,,0.033582255244255066,0.030000656843185425,-0.0004097744822502136,-0.24999991059303284,-0.012202113266955588,1.0,3.359771490097046,-0.07017160207033157,
264,BOUNDARY_INDEPENDENT_DIAGNOSTIC,BACKWARD,241,240,SAR_BOUNDARY_NEAR,SUPPORTED,,0.027485445141792297,0.030000656843185425,-0.004687502980232239,-0.28999999165534973,-0.17054491772100772,0.8076923076923077,3.3176465034484863,-0.09380267560482025,
264,BOUNDARY_INDEPENDENT_DIAGNOSTIC,BACKWARD,240,239,SAR_BOUNDARY_NEAR,SUPPORTED,,0.028661131858825684,-0.029999464750289917,-0.014399498701095581,0.24000108242034912,-0.502405095933485,0.7692307692307693,3.2587578296661377,-0.056556690484285355,
264,BOUNDARY_INDEPENDENT_DIAGNOSTIC,BACKWARD,239,238,SAR_BOUNDARY_NEAR,SUPPORTED,,0.027427978813648224,0.04000067710876465,-0.001753978431224823,-0.28999999165534973,-0.06394851196078799,0.8846153846153846,3.424652099609375,-0.16110897064208984,
264,BOUNDARY_INDEPENDENT_DIAGNOSTIC,BACKWARD,238,237,SAR_BOUNDARY_NEAR,SUPPORTED,,0.02540210634469986,-0.00999942421913147,-0.00814567506313324,0.2900012135505676,-0.3206692765000896,0.9615384615384616,3.337693214416504,-0.016652828082442284,
264,BOUNDARY_INDEPENDENT_DIAGNOSTIC,BACKWARD,237,236,SAR_BOUNDARY_NEAR,SUPPORTED,,0.031223192811012268,5.960464477539062e-07,-0.016727939248085022,0.26000112295150757,-0.5357536415105235,0.9615384615384616,3.326414108276367,-0.0839194506406784,
264,BOUNDARY_INDEPENDENT_DIAGNOSTIC,BACKWARD,236,235,SAR_BOUNDARY_NEAR,SUPPORTED,,0.030001536011695862,-0.019999444484710693,-0.009953275322914124,0.280001163482666,-0.33175885791427207,0.9230769230769231,3.4589455127716064,-0.03813055157661438,
264,BOUNDARY_INDEPENDENT_DIAGNOSTIC,BACKWARD,235,234,SAR_BOUNDARY_NEAR,SUPPORTED,,0.026482075452804565,0.010000616312026978,-0.014322921633720398,0.2900012135505676,-0.5408534410094182,0.8076923076923077,3.372838258743286,-0.056378673762083054,
264,BOUNDARY_INDEPENDENT_DIAGNOSTIC,BACKWARD,234,233,SAR_BOUNDARY_NEAR,SUPPORTED,,0.025666341185569763,0.010000616312026978,-0.002684585750102997,-0.2799999713897705,-0.10459557638906225,0.8076923076923077,3.2796363830566406,-0.01887519843876362,
264,BOUNDARY_INDEPENDENT_DIAGNOSTIC,BACKWARD,233,232,SAR_BOUNDARY_NEAR,SUPPORTED,,0.02371322363615036,5.960464477539062e-07,,,,0.8846153846153846,3.295888662338257,-0.06482458859682083,
264,BOUNDARY_INDEPENDENT_DIAGNOSTIC,BACKWARD,232,231,SAR_BOUNDARY_NEAR,SUPPORTED,,0.031115956604480743,0.010000616312026978,-0.007027417421340942,-0.25999993085861206,-0.22584609917886903,0.8461538461538461,3.401381254196167,-0.10631038248538971,
264,BOUNDARY_INDEPENDENT_DIAGNOSTIC,BACKWARD,231,230,SAR_BOUNDARY_NEAR,SUPPORTED,,0.02112438529729843,-0.05999952554702759,-0.02282474935054779,0.17000094056129456,-1.0804929482831775,0.7307692307692307,3.4090986251831055,-0.018546534702181816,
264,BOUNDARY_INDEPENDENT_DIAGNOSTIC,BACKWARD,230,229,SAR_BOUNDARY_NEAR,SUPPORTED,,0.024103842675685883,0.04000067710876465,0.00014553219079971313,-0.2699999511241913,0.006037717419493238,0.9230769230769231,3.42233943939209,-0.09190696477890015,
264,BOUNDARY_INDEPENDENT_DIAGNOSTIC,BACKWARD,229,228,SAR_BOUNDARY_NEAR,SUPPORTED,,0.02593827247619629,5.960464477539062e-07,-0.044512100517749786,0.18000096082687378,-1.716078067982315,0.8076923076923077,3.3690924644470215,-0.05145573616027832,
264,BOUNDARY_INDEPENDENT_DIAGNOSTIC,BACKWARD,228,227,SAR_BOUNDARY_NEAR,SUPPORTED,,0.028603702783584595,0.0200006365776062,-0.004001989960670471,-0.2799999713897705,-0.13991160483485296,0.8461538461538461,3.372631788253784,-0.050584468990564346,
264,BOUNDARY_INDEPENDENT_DIAGNOSTIC,BACKWARD,227,226,SAR_BOUNDARY_NEAR,SUPPORTED,,0.029063262045383453,-0.00999942421913147,-0.016314342617988586,-0.2699999511241913,-0.5613390056667791,0.8461538461538461,3.3335072994232178,0.0036786722484976053,
264,BOUNDARY_INDEPENDENT_DIAGNOSTIC,BACKWARD,226,225,SAR_BOUNDARY_NEAR,SUPPORTED,,0.02456340193748474,0.0200006365776062,,,,0.8076923076923077,3.350428819656372,-0.04762547090649605,
264,BOUNDARY_INDEPENDENT_DIAGNOSTIC,BACKWARD,225,224,SAR_BOUNDARY_NEAR,SUPPORTED,,0.03583027422428131,-0.03999948501586914,-0.019178912043571472,0.26000112295150757,-0.5352711487364054,0.8846153846153846,3.29306697845459,-0.028490720316767693,
264,BOUNDARY_INDEPENDENT_DIAGNOSTIC,BACKWARD,224,223,SAR_BOUNDARY_NEAR,SUPPORTED,,0.031548723578453064,0.030000656843185425,-0.003278195858001709,-0.2699999511241913,-0.10390898540949622,0.8846153846153846,3.4270238876342773,-0.1131216511130333,
264,BOUNDARY_INDEPENDENT_DIAGNOSTIC,BACKWARD,223,222,SAR_BOUNDARY_NEAR,SUPPORTED,,0.03188573569059372,-0.00999942421913147,-0.01246553659439087,-0.2699999511241913,-0.39094398559128113,0.8846153846153846,3.3844821453094482,-0.06460344791412354,
264,BOUNDARY_INDEPENDENT_DIAGNOSTIC,BACKWARD,222,221,SAR_BOUNDARY_NEAR,SUPPORTED,,0.03608302026987076,5.960464477539062e-07,-0.01610754430294037,-0.2399998903274536,-0.4464023294743465,0.9615384615384616,3.337445020675659,-0.08488178998231888,
264,BOUNDARY_INDEPENDENT_DIAGNOSTIC,BACKWARD,221,220,SAR_BOUNDARY_NEAR,SUPPORTED,,0.0389208048582077,0.010000616312026978,-0.01413525640964508,-0.25999993085861206,-0.3631799614920915,1.0,3.3454477787017822,-0.1295483410358429,
264,BOUNDARY_INDEPENDENT_DIAGNOSTIC,BACKWARD,220,219,SAR_BOUNDARY_NEAR,SUPPORTED,,0.03936121612787247,0.010000616312026978,-0.01749386638402939,-0.2399998903274536,-0.44444425515708674,1.0,3.33091402053833,-0.10936346650123596,
264,BOUNDARY_INDEPENDENT_DIAGNOSTIC,BACKWARD,219,218,SAR_BOUNDARY_NEAR,SUPPORTED,,0.03524432331323624,0.010000616312026978,-0.017486199736595154,0.26000112295150757,-0.49614230300821516,0.9615384615384616,3.4074957370758057,-0.14861567318439484,
264,BOUNDARY_INDEPENDENT_DIAGNOSTIC,BACKWARD,218,217,SAR_BOUNDARY_NEAR,SUPPORTED,,0.031924016773700714,-0.019999444484710693,,,,0.9230769230769231,3.306525230407715,-0.07720897346735,
264,BOUNDARY_INDEPENDENT_DIAGNOSTIC,BACKWARD,217,216,SAR_BOUNDARY_NEAR,SUPPORTED,,0.04612056910991669,5.960464477539062e-07,,,,0.9615384615384616,3.3470351696014404,-0.07243173569440842,
264,BOUNDARY_INDEPENDENT_DIAGNOSTIC,BACKWARD,216,215,SAR_BOUNDARY_NEAR,SUPPORTED,,0.034811586141586304,5.960464477539062e-07,0.002351410686969757,-0.2799999713897705,0.06754678391860852,0.9615384615384616,3.3518307209014893,-0.12657029926776886,
264,BOUNDARY_INDEPENDENT_DIAGNOSTIC,BACKWARD,215,214,SAR_BOUNDARY_NEAR,SUPPORTED,,0.034869030117988586,5.960464477539062e-07,-0.007383577525615692,-0.2699999511241913,-0.21175173214257478,0.8461538461538461,3.2831058502197266,-0.08069150149822235,
264,BOUNDARY_INDEPENDENT_DIAGNOSTIC,BACKWARD,214,213,SAR_BOUNDARY_NEAR,SUPPORTED,,0.0284007266163826,0.030000656843185425,-0.012729786336421967,-0.21999984979629517,-0.4482204454965934,0.8846153846153846,3.3753409385681152,-0.08061816543340683,
264,BOUNDARY_INDEPENDENT_DIAGNOSTIC,BACKWARD,213,212,SAR_BOUNDARY_NEAR,SUPPORTED,,0.02289368212223053,0.0200006365776062,-0.00808057188987732,-0.2799999713897705,-0.3529607796043789,0.8846153846153846,3.29156494140625,-0.08254213631153107,
264,BOUNDARY_INDEPENDENT_DIAGNOSTIC,BACKWARD,212,211,SAR_BOUNDARY_NEAR,SUPPORTED,,0.035018377006053925,-0.03999948501586914,-0.013093598186969757,0.2700011134147644,-0.37390648300765494,0.9230769230769231,3.36651349067688,-0.0015646434621885419,
264,BOUNDARY_INDEPENDENT_DIAGNOSTIC,BACKWARD,211,210,SAR_BOUNDARY_NEAR,SUPPORTED,,0.04345893859863281,0.010000616312026978,-0.00985371321439743,-0.28999999165534973,-0.22673616825762563,0.9615384615384616,3.352847099304199,-0.1529773473739624,
264,BOUNDARY_INDEPENDENT_DIAGNOSTIC,BACKWARD,210,209,SAR_BOUNDARY_NEAR,SUPPORTED,,0.04352022707462311,5.960464477539062e-07,,,,0.8846153846153846,3.3561248779296875,-0.12403517961502075,
264,BOUNDARY_INDEPENDENT_DIAGNOSTIC,BACKWARD,209,208,SAR_BOUNDARY_NEAR,SUPPORTED,,0.04493717849254608,0.010000616312026978,-0.0027726590633392334,-0.2799999713897705,-0.06170078221086235,0.9230769230769231,3.3658230304718018,-0.1400453746318817,
264,BOUNDARY_INDEPENDENT_DIAGNOSTIC,BACKWARD,208,207,SAR_BOUNDARY_NEAR,SUPPORTED,,0.040937140583992004,0.010000616312026978,0.0010761469602584839,-0.28999999165534973,0.02628779013156817,0.9615384615384616,3.3512463569641113,-0.1477534919977188,
264,BOUNDARY_INDEPENDENT_DIAGNOSTIC,BACKWARD,207,206,SAR_BOUNDARY_NEAR,SUPPORTED,,0.04751073569059372,-0.029999464750289917,,,,0.8846153846153846,3.3193063735961914,-0.09688576310873032,
264,BOUNDARY_INDEPENDENT_DIAGNOSTIC,BACKWARD,206,205,SAR_BOUNDARY_NEAR,SUPPORTED,,0.03805144131183624,0.010000616312026978,-0.035347722470760345,0.2700011134147644,-0.928945691730345,0.8846153846153846,3.3927512168884277,-0.07797950506210327,
264,BOUNDARY_INDEPENDENT_DIAGNOSTIC,BACKWARD,205,204,SAR_BOUNDARY_NEAR,SUPPORTED,,0.041452206671237946,0.04000067710876465,-0.036623015999794006,-0.1499997079372406,-0.8834997926709961,0.9230769230769231,3.286322832107544,-0.08169930428266525,
264,BOUNDARY_INDEPENDENT_DIAGNOSTIC,BACKWARD,204,203,SAR_BOUNDARY_NEAR,SUPPORTED,,0.04814647138118744,-0.03999948501586914,-0.0064951032400131226,-0.2799999713897705,-0.13490299608022766,0.8846153846153846,3.3419933319091797,-0.14260417222976685,
264,BOUNDARY_INDEPENDENT_DIAGNOSTIC,BACKWARD,203,202,SAR_BOUNDARY_NEAR,SUPPORTED,,0.04204964637756348,0.010000616312026978,0.000651039183139801,-0.2799999713897705,0.015482631584915717,0.8076923076923077,3.338536262512207,-0.12960048019886017,
264,BOUNDARY_INDEPENDENT_DIAGNOSTIC,BACKWARD,202,201,SAR_BOUNDARY_NEAR,SUPPORTED,,0.03373163193464279,5.960464477539062e-07,-0.006184883415699005,-0.21999984979629517,-0.1833555941699653,0.8076923076923077,3.3411476612091064,-0.16470497846603394,
264,BOUNDARY_INDEPENDENT_DIAGNOSTIC,BACKWARD,201,200,SAR_BOUNDARY_NEAR,SUPPORTED,,0.03332185000181198,0.010000616312026978,-0.003929212689399719,-0.24999991059303284,-0.11791700308314382,0.8461538461538461,3.403669595718384,-0.142923042178154,
264,BOUNDARY_INDEPENDENT_DIAGNOSTIC,BACKWARD,200,199,SAR_BOUNDARY_NEAR,SUPPORTED,,0.03748086094856262,-0.00999942421913147,,,,0.7307692307692307,3.365966558456421,-0.11387225240468979,
264,BOUNDARY_INDEPENDENT_DIAGNOSTIC,BACKWARD,199,198,SAR_BOUNDARY_NEAR,SUPPORTED,,0.03200060874223709,0.030000656843185425,0.001003369688987732,-0.24999991059303284,0.03135470631417709,0.9230769230769231,3.3417301177978516,-0.17273031175136566,
264,BOUNDARY_INDEPENDENT_DIAGNOSTIC,BACKWARD,198,197,SAR_BOUNDARY_NEAR,SUPPORTED,,0.022058814764022827,-0.00999942421913147,-0.0049019455909729,-0.2799999713897705,-0.222221621760377,0.7692307692307693,3.2999320030212402,-0.13052937388420105,
264,BOUNDARY_INDEPENDENT_DIAGNOSTIC,BACKWARD,197,196,SAR_BOUNDARY_NEAR,SUPPORTED,,0.026317410171031952,0.04000067710876465,-0.00474877655506134,-0.24999991059303284,-0.18044239627683442,0.6923076923076923,3.284621477127075,-0.12876299023628235,
264,BOUNDARY_INDEPENDENT_DIAGNOSTIC,BACKWARD,196,195,SAR_BOUNDARY_NEAR,SUPPORTED,,0.026623792946338654,-0.019999444484710693,,,,0.8846153846153846,3.3919475078582764,-0.1416275054216385,
264,BOUNDARY_INDEPENDENT_DIAGNOSTIC,BACKWARD,195,194,SAR_BOUNDARY_NEAR,SUPPORTED,,0.0390242338180542,0.010000616312026978,,,,0.9230769230769231,3.3806982040405273,-0.18617475032806396,
264,BOUNDARY_INDEPENDENT_DIAGNOSTIC,BACKWARD,194,193,SAR_BOUNDARY_NEAR,SUPPORTED,,0.036102183163166046,0.010000616312026978,-0.01796875149011612,0.280001163482666,-0.4977192489691063,0.8846153846153846,3.3102164268493652,-0.17266060411930084,
264,BOUNDARY_INDEPENDENT_DIAGNOSTIC,BACKWARD,193,192,SAR_BOUNDARY_NEAR,SUPPORTED,,0.04467296600341797,-0.019999444484710693,-0.00922180712223053,0.2900012135505676,-0.2064292557052281,0.9615384615384616,3.3458220958709717,-0.1316174864768982,
264,BOUNDARY_INDEPENDENT_DIAGNOSTIC,BACKWARD,192,191,SAR_BOUNDARY_NEAR,SUPPORTED,,0.04004288464784622,0.04000067710876465,-0.001654401421546936,-0.28999999165534973,-0.041315740264379806,0.9615384615384616,3.3071117401123047,-0.17132306098937988,
264,BOUNDARY_INDEPENDENT_DIAGNOSTIC,BACKWARD,191,190,SAR_BOUNDARY_NEAR,SUPPORTED,,0.03819318115711212,-0.019999444484710693,,,,0.9230769230769231,3.2746453285217285,-0.14445482194423676,
264,BOUNDARY_INDEPENDENT_DIAGNOSTIC,BACKWARD,190,189,SAR_BOUNDARY_NEAR,SUPPORTED,,0.035363055765628815,5.960464477539062e-07,-0.0025428906083106995,-0.28999999165534973,-0.07190811295166032,0.9230769230769231,3.3324625492095947,-0.11731155216693878,
264,BOUNDARY_INDEPENDENT_DIAGNOSTIC,BACKWARD,189,188,SAR_BOUNDARY_NEAR,SUPPORTED,,0.04226408898830414,0.0200006365776062,-0.034784793853759766,-0.19999980926513672,-0.8230342753486503,1.0,3.3517041206359863,-0.11577542871236801,
264,BOUNDARY_INDEPENDENT_DIAGNOSTIC,BACKWARD,188,187,SAR_BOUNDARY_NEAR,SUPPORTED,,0.050252765417099,0.010000616312026978,,,,1.0,3.291785955429077,-0.18047849833965302,
264,BOUNDARY_INDEPENDENT_DIAGNOSTIC,BACKWARD,187,186,SAR_BOUNDARY_NEAR,SUPPORTED,,0.043830446898937225,-0.00999942421913147,-0.053933076560497284,0.17000094056129456,-1.2304934212707062,1.0,3.185572385787964,-0.13837981224060059,
264,BOUNDARY_INDEPENDENT_DIAGNOSTIC,BACKWARD,186,185,SAR_BOUNDARY_NEAR,SUPPORTED,,0.030399806797504425,0.010000616312026978,-0.0003676414489746094,-0.2699999511241913,-0.01209354557492746,0.9230769230769231,3.262136697769165,-0.16833727061748505,
264,BOUNDARY_INDEPENDENT_DIAGNOSTIC,BACKWARD,185,184,SAR_BOUNDARY_NEAR,SUPPORTED,,0.022303931415081024,0.010000616312026978,-0.021476715803146362,0.2700011134147644,-0.962911668057976,0.8846153846153846,3.2945022583007812,-0.16660428047180176,
264,BOUNDARY_INDEPENDENT_DIAGNOSTIC,BACKWARD,184,183,SAR_BOUNDARY_NEAR,SUPPORTED,,0.026654422283172607,-0.029999464750289917,-0.022066473960876465,-0.21999984979629517,-0.8278729032820722,0.9615384615384616,3.2401342391967773,-0.1475583016872406,
264,BOUNDARY_INDEPENDENT_DIAGNOSTIC,BACKWARD,183,182,SAR_BOUNDARY_NEAR,SUPPORTED,,0.026424624025821686,0.010000616312026978,0.0002527683973312378,-0.24999991059303284,0.00956563836383204,0.8846153846153846,3.3431196212768555,-0.09410566836595535,
264,BOUNDARY_INDEPENDENT_DIAGNOSTIC,BACKWARD,182,181,SAR_BOUNDARY_NEAR,SUPPORTED,,0.02798330783843994,0.0200006365776062,0.0016735568642616272,-0.2799999713897705,0.05980554100050694,0.9230769230769231,3.2528369426727295,-0.07956013083457947,
264,BOUNDARY_INDEPENDENT_DIAGNOSTIC,BACKWARD,181,180,SAR_BOUNDARY_NEAR,SUPPORTED,,0.0344439297914505,0.0200006365776062,-0.009267762303352356,-0.24999991059303284,-0.2690680871627126,0.9615384615384616,3.232046127319336,-0.057184893637895584,
264,BOUNDARY_INDEPENDENT_DIAGNOSTIC,BACKWARD,180,179,SAR_BOUNDARY_NEAR,SUPPORTED,,0.03028874099254608,5.960464477539062e-07,-0.00270756334066391,-0.2799999713897705,-0.08939174267197929,0.8846153846153846,3.235919237136841,-0.19818882644176483,
264,BOUNDARY_INDEPENDENT_DIAGNOSTIC,BACKWARD,179,178,SAR_BOUNDARY_NEAR,SUPPORTED,,0.030177690088748932,0.010000616312026978,,,,1.0,3.3239188194274902,-0.15598765015602112,
264,BOUNDARY_INDEPENDENT_DIAGNOSTIC,BACKWARD,178,177,SAR_BOUNDARY_NEAR,SUPPORTED,,0.03219592571258545,-0.00999942421913147,-0.006939336657524109,0.2900012135505676,-0.21553462135153048,0.8461538461538461,3.336590528488159,-0.1602877527475357,
264,BOUNDARY_INDEPENDENT_DIAGNOSTIC,BACKWARD,177,176,SAR_BOUNDARY_NEAR,SUPPORTED,,0.024885103106498718,5.960464477539062e-07,0.001704201102256775,-0.28999999165534973,0.06848278244873836,0.7692307692307693,3.2594475746154785,-0.12538447976112366,
264,BOUNDARY_INDEPENDENT_DIAGNOSTIC,BACKWARD,176,175,SAR_BOUNDARY_NEAR,SUPPORTED,,0.0195503830909729,0.0200006365776062,,,,0.9615384615384616,3.236722230911255,-0.10462863743305206,
264,BOUNDARY_INDEPENDENT_DIAGNOSTIC,BACKWARD,175,174,SAR_BOUNDARY_NEAR,SUPPORTED,,0.02064952254295349,-0.03999948501586914,-0.006004899740219116,-0.25999993085861206,-0.2908009000076492,0.6923076923076923,3.3372802734375,-0.17146266996860504,
264,BOUNDARY_INDEPENDENT_DIAGNOSTIC,BACKWARD,174,173,SAR_BOUNDARY_NEAR,SUPPORTED,,0.019297651946544647,0.010000616312026978,-0.03264398127794266,0.21000105142593384,-1.6916037955481804,0.7692307692307693,3.251570701599121,-0.16414831578731537,
264,BOUNDARY_INDEPENDENT_DIAGNOSTIC,BACKWARD,173,172,SAR_BOUNDARY_NEAR,SUPPORTED,,0.023368574678897858,0.05000069737434387,0.0027726665139198303,-0.2799999713897705,0.11864936360126345,0.8461538461538461,3.2922003269195557,-0.18949507176876068,
264,BOUNDARY_INDEPENDENT_DIAGNOSTIC,BACKWARD,172,171,SAR_BOUNDARY_NEAR,SUPPORTED,,0.02450215071439743,-0.05999952554702759,-0.04216451942920685,0.14000087976455688,-1.7208497295068483,0.6923076923076923,3.3201260566711426,-0.17663076519966125,
264,BOUNDARY_INDEPENDENT_DIAGNOSTIC,BACKWARD,171,170,SAR_BOUNDARY_NEAR,SUPPORTED,,0.03077511489391327,0.05000069737434387,0.000348508358001709,-0.2699999511241913,0.011324356032563092,0.8076923076923077,3.294729471206665,-0.12851226329803467,
264,BOUNDARY_INDEPENDENT_DIAGNOSTIC,BACKWARD,170,169,SAR_BOUNDARY_NEAR,SUPPORTED,,0.023747697472572327,0.010000616312026978,-0.006663598120212555,-0.25999993085861206,-0.2805997561619923,0.8076923076923077,3.2799627780914307,-0.14552730321884155,
264,BOUNDARY_INDEPENDENT_DIAGNOSTIC,BACKWARD,169,168,SAR_BOUNDARY_NEAR,SUPPORTED,,0.03583409637212753,0.010000616312026978,-0.00803462415933609,-0.25999993085861206,-0.22421729505604554,0.9230769230769231,3.248532772064209,-0.12524054944515228,
264,BOUNDARY_INDEPENDENT_DIAGNOSTIC,BACKWARD,168,167,SAR_BOUNDARY_NEAR,SUPPORTED,,0.03216911107301712,0.010000616312026978,-0.005706176161766052,-0.28999999165534973,-0.17738059807789627,0.8846153846153846,3.216728448867798,-0.15804928541183472,
264,BOUNDARY_INDEPENDENT_DIAGNOSTIC,BACKWARD,167,166,SAR_BOUNDARY_NEAR,SUPPORTED,,0.022349894046783447,0.010000616312026978,-0.004595592617988586,-0.28999999165534973,-0.20562033128071922,0.8076923076923077,3.1718404293060303,-0.18081210553646088,
264,BOUNDARY_INDEPENDENT_DIAGNOSTIC,BACKWARD,166,165,SAR_BOUNDARY_NEAR,SUPPORTED,,0.02619101107120514,5.960464477539062e-07,-0.03578047454357147,0.20000100135803223,-1.3661356732772016,0.8846153846153846,3.263113498687744,-0.14683854579925537,
264,BOUNDARY_INDEPENDENT_DIAGNOSTIC,BACKWARD,165,164,SAR_BOUNDARY_NEAR,SUPPORTED,,0.037124693393707275,-0.029999464750289917,-0.01026347279548645,0.2700011134147644,-0.27645946288747353,0.9615384615384616,3.272019147872925,-0.13991373777389526,
264,BOUNDARY_INDEPENDENT_DIAGNOSTIC,BACKWARD,164,163,SAR_BOUNDARY_NEAR,SUPPORTED,,0.028144150972366333,0.04000067710876465,-0.0027649998664855957,-0.2799999713897705,-0.09824420957663436,0.9230769230769231,3.2684590816497803,-0.11726381629705429,
264,BOUNDARY_INDEPENDENT_DIAGNOSTIC,BACKWARD,163,162,SAR_BOUNDARY_NEAR,SUPPORTED,,0.028048396110534668,-0.019999444484710693,-0.011443011462688446,-0.2799999713897705,-0.40797382558322387,0.8846153846153846,3.2588701248168945,-0.19649533927440643,
264,BOUNDARY_INDEPENDENT_DIAGNOSTIC,BACKWARD,162,161,SAR_BOUNDARY_NEAR,SUPPORTED,,0.02806372195482254,0.030000656843185425,,,,1.0,3.235311269760132,-0.1693122237920761,
264,BOUNDARY_INDEPENDENT_DIAGNOSTIC,BACKWARD,161,160,SAR_BOUNDARY_NEAR,SUPPORTED,,0.02685355395078659,0.010000616312026978,-0.014667585492134094,-0.2399998903274536,-0.5462064916626967,0.7692307692307693,3.2899434566497803,-0.16983309388160706,
264,BOUNDARY_INDEPENDENT_DIAGNOSTIC,BACKWARD,160,159,SAR_BOUNDARY_NEAR,SUPPORTED,,0.03423713147640228,5.960464477539062e-07,-0.0064491406083106995,-0.2699999511241913,-0.18836684997268907,1.0,3.241393566131592,-0.19502101838588715,
264,BOUNDARY_INDEPENDENT_DIAGNOSTIC,BACKWARD,159,158,SAR_BOUNDARY_NEAR,SUPPORTED,,0.03622090816497803,-0.019999444484710693,-0.010707713663578033,0.280001163482666,-0.2956224513975968,0.8846153846153846,3.233727216720581,-0.19639120995998383,
264,BOUNDARY_INDEPENDENT_DIAGNOSTIC,BACKWARD,158,157,SAR_BOUNDARY_NEAR,SUPPORTED,,0.0324103906750679,0.030000656843185425,-0.009260103106498718,-0.2399998903274536,-0.28571402299146514,0.9615384615384616,3.162724733352661,-0.20913702249526978,
264,BOUNDARY_INDEPENDENT_DIAGNOSTIC,BACKWARD,157,156,SAR_BOUNDARY_NEAR,SUPPORTED,,0.035386040806770325,0.0200006365776062,-0.00934436172246933,0.280001163482666,-0.2640691501345213,1.0,3.1946473121643066,-0.1888807713985443,
264,BOUNDARY_INDEPENDENT_DIAGNOSTIC,BACKWARD,156,155,SAR_BOUNDARY_NEAR,SUPPORTED,,0.029312193393707275,-0.029999464750289917,-0.029009655117988586,0.2300010323524475,-0.9896787568349069,0.8076923076923077,3.169243335723877,-0.1639341115951538,
264,BOUNDARY_INDEPENDENT_DIAGNOSTIC,BACKWARD,155,154,SAR_BOUNDARY_NEAR,SUPPORTED,,0.026095271110534668,0.010000616312026978,-0.01293656975030899,-0.2299998700618744,-0.49574383402694344,0.8846153846153846,3.2330875396728516,-0.2104317545890808,
264,BOUNDARY_INDEPENDENT_DIAGNOSTIC,BACKWARD,154,153,SAR_BOUNDARY_NEAR,SUPPORTED,,0.030614271759986877,0.04000067710876465,-0.006253816187381744,-0.24999991059303284,-0.2042778033856594,0.9615384615384616,3.1883280277252197,-0.2048845738172531,
264,BOUNDARY_INDEPENDENT_DIAGNOSTIC,BACKWARD,153,152,SAR_BOUNDARY_NEAR,SUPPORTED,,0.030154719948768616,-0.029999464750289917,-0.008409924805164337,-0.2799999713897705,-0.2788924858016385,0.8461538461538461,3.211853265762329,-0.2097780406475067,
264,BOUNDARY_INDEPENDENT_DIAGNOSTIC,BACKWARD,152,151,SAR_BOUNDARY_NEAR,SUPPORTED,,0.02762714773416519,0.05000069737434387,-0.0018803700804710388,-0.2799999713897705,-0.06806240363878294,0.8076923076923077,3.1943531036376953,-0.15880028903484344,
264,BOUNDARY_INDEPENDENT_DIAGNOSTIC,BACKWARD,151,150,SAR_BOUNDARY_NEAR,SUPPORTED,,0.02933517098426819,5.960464477539062e-07,-0.020419731736183167,0.24000108242034912,-0.6960836105960938,0.7692307692307693,3.1641430854797363,-0.19356773793697357,
264,BOUNDARY_INDEPENDENT_DIAGNOSTIC,BACKWARD,150,149,SAR_BOUNDARY_NEAR,SUPPORTED,,0.04174327850341797,-0.00999942421913147,,,,1.0,3.1134369373321533,-0.2213289588689804,
264,BOUNDARY_INDEPENDENT_DIAGNOSTIC,BACKWARD,149,148,SAR_BOUNDARY_NEAR,SUPPORTED,,0.03877145051956177,0.010000616312026978,-0.014989279210567474,-0.2299998700618744,-0.38660609829402115,0.9615384615384616,3.161857843399048,-0.2512061297893524,
264,BOUNDARY_INDEPENDENT_DIAGNOSTIC,BACKWARD,148,147,SAR_BOUNDARY_NEAR,SUPPORTED,,0.04000459611415863,0.010000616312026978,-0.002282463014125824,-0.2699999511241913,-0.0570550195685641,0.9615384615384616,3.160459041595459,-0.24330353736877441,
264,BOUNDARY_INDEPENDENT_DIAGNOSTIC,BACKWARD,147,146,SAR_BOUNDARY_NEAR,SUPPORTED,,0.026194848120212555,0.010000616312026978,,,,0.9615384615384616,3.1663882732391357,-0.21945394575595856,
264,BOUNDARY_INDEPENDENT_DIAGNOSTIC,BACKWARD,146,145,SAR_BOUNDARY_NEAR,SUPPORTED,,0.03610599786043167,0.010000616312026978,-0.014054849743843079,-0.2399998903274536,-0.38926634289882617,0.9230769230769231,3.15510630607605,-0.1874239593744278,
264,BOUNDARY_INDEPENDENT_DIAGNOSTIC,BACKWARD,145,144,SAR_BOUNDARY_NEAR,SUPPORTED,,0.0250842422246933,-0.019999444484710693,-0.017650887370109558,0.2900012135505676,-0.703664364743447,0.8461538461538461,3.2363715171813965,-0.2219981551170349,
264,BOUNDARY_INDEPENDENT_DIAGNOSTIC,BACKWARD,144,143,SAR_BOUNDARY_NEAR,SUPPORTED,,0.027133122086524963,0.010000616312026978,-0.004197299480438232,-0.2799999713897705,-0.154692831405595,0.8076923076923077,3.1352548599243164,-0.24749591946601868,
264,BOUNDARY_INDEPENDENT_DIAGNOSTIC,BACKWARD,143,142,SAR_BOUNDARY_NEAR,SUPPORTED,,0.03870634734630585,0.0200006365776062,-0.024532780051231384,0.280001163482666,-0.6338180100472024,0.8846153846153846,3.098188877105713,-0.2566215991973877,
264,BOUNDARY_INDEPENDENT_DIAGNOSTIC,BACKWARD,142,141,SAR_BOUNDARY_NEAR,SUPPORTED,,0.022763483226299286,0.0200006365776062,-0.010263480246067047,-0.2799999713897705,-0.4508747692097211,0.7692307692307693,3.194286346435547,-0.25252988934516907,
264,BOUNDARY_INDEPENDENT_DIAGNOSTIC,BACKWARD,141,140,SAR_BOUNDARY_NEAR,SUPPORTED,,0.02909773588180542,0.010000616312026978,-0.009784765541553497,0.280001163482666,-0.3362724021311855,0.8076923076923077,3.140730142593384,-0.28813767433166504,
264,BOUNDARY_INDEPENDENT_DIAGNOSTIC,BACKWARD,140,139,SAR_BOUNDARY_NEAR,SUPPORTED,,0.01813725382089615,5.960464477539062e-07,,,,0.9230769230769231,3.098829746246338,-0.250765860080719,
264,BOUNDARY_INDEPENDENT_DIAGNOSTIC,BACKWARD,139,138,SAR_BOUNDARY_NEAR,SUPPORTED,,0.0231311172246933,-0.019999444484710693,-0.0033700987696647644,-0.2699999511241913,-0.14569546022909188,0.8846153846153846,3.1609485149383545,-0.2952258288860321,
264,BOUNDARY_INDEPENDENT_DIAGNOSTIC,BACKWARD,138,137,SAR_BOUNDARY_NEAR,SUPPORTED,,0.024915747344493866,0.0200006365776062,-0.011569388210773468,-0.19999980926513672,-0.46434040491786366,0.8846153846153846,3.1174681186676025,-0.1776021271944046,
264,BOUNDARY_INDEPENDENT_DIAGNOSTIC,BACKWARD,137,136,SAR_BOUNDARY_NEAR,SUPPORTED,,0.03316865116357803,0.010000616312026978,-0.04852940887212753,0.20000100135803223,-1.4631107135709185,0.8846153846153846,3.2175960540771484,-0.17502325773239136,
264,BOUNDARY_INDEPENDENT_DIAGNOSTIC,BACKWARD,136,135,SAR_BOUNDARY_NEAR,SUPPORTED,,0.0322878360748291,0.0200006365776062,-0.014591000974178314,-0.21999984979629517,-0.4519039597563227,0.9615384615384616,3.123258113861084,-0.24345171451568604,
264,BOUNDARY_INDEPENDENT_DIAGNOSTIC,BACKWARD,135,134,SAR_BOUNDARY_NEAR,SUPPORTED,,0.03609068691730499,5.960464477539062e-07,-0.0030943751335144043,-0.28999999165534973,-0.08573888162906353,0.8461538461538461,3.171806573867798,-0.31438201665878296,
264,BOUNDARY_INDEPENDENT_DIAGNOSTIC,BACKWARD,134,133,SAR_BOUNDARY_NEAR,SUPPORTED,,0.028599880635738373,0.030000656843185425,,,,0.9230769230769231,3.1620922088623047,-0.2098766267299652,
264,BOUNDARY_INDEPENDENT_DIAGNOSTIC,BACKWARD,133,132,SAR_BOUNDARY_NEAR,SUPPORTED,,0.033352479338645935,-0.029999464750289917,-0.007885262370109558,-0.25999993085861206,-0.23642207495419407,0.8846153846153846,3.079392194747925,-0.24713191390037537,
264,BOUNDARY_INDEPENDENT_DIAGNOSTIC,BACKWARD,132,131,SAR_BOUNDARY_NEAR,SUPPORTED,,0.02333025634288788,0.05000069737434387,-0.0030215904116630554,-0.2799999713897705,-0.12951381104666573,0.8076923076923077,3.0989019870758057,-0.23734374344348907,
264,BOUNDARY_INDEPENDENT_DIAGNOSTIC,BACKWARD,131,130,SAR_BOUNDARY_NEAR,SUPPORTED,,0.020013779401779175,-0.029999464750289917,-0.005572155117988586,-0.2799999713897705,-0.27841593564747874,0.8846153846153846,3.105590581893921,-0.2284649759531021,
264,BOUNDARY_INDEPENDENT_DIAGNOSTIC,BACKWARD,130,129,SAR_BOUNDARY_NEAR,SUPPORTED,,0.02393534779548645,0.010000616312026978,-0.0048215389251708984,-0.25999993085861206,-0.20144010299612644,0.7692307692307693,3.0783793926239014,-0.2639271020889282,
264,BOUNDARY_INDEPENDENT_DIAGNOSTIC,BACKWARD,129,128,SAR_BOUNDARY_NEAR,SUPPORTED,,0.0277496799826622,0.0200006365776062,-0.006204038858413696,-0.2399998903274536,-0.22357154613278188,0.8461538461538461,3.0448408126831055,-0.22742338478565216,
264,BOUNDARY_INDEPENDENT_DIAGNOSTIC,BACKWARD,128,127,SAR_BOUNDARY_NEAR,SUPPORTED,,0.02411152422428131,0.0200006365776062,-0.011975318193435669,0.280001163482666,-0.4966636734386134,0.8461538461538461,3.1172447204589844,-0.1118805855512619,
264,BOUNDARY_INDEPENDENT_DIAGNOSTIC,BACKWARD,127,126,SAR_BOUNDARY_NEAR,SUPPORTED,,0.024031102657318115,-0.00999942421913147,-0.013197004795074463,0.2900012135505676,-0.54916351460284,0.8076923076923077,3.0709593296051025,-0.17985691130161285,
264,BOUNDARY_INDEPENDENT_DIAGNOSTIC,BACKWARD,126,125,SAR_BOUNDARY_NEAR,SUPPORTED,,0.018918514251708984,0.010000616312026978,-0.011473648250102997,-0.19999980926513672,-0.6064772369250158,0.8461538461538461,3.0704538822174072,-0.35512083768844604,
264,BOUNDARY_INDEPENDENT_DIAGNOSTIC,BACKWARD,125,124,SAR_BOUNDARY_NEAR,SUPPORTED,,0.02437959611415863,0.030000656843185425,-0.01714155077934265,0.280001163482666,-0.7031105314081708,0.8076923076923077,3.118366241455078,-0.26825806498527527,
264,BOUNDARY_INDEPENDENT_DIAGNOSTIC,BACKWARD,124,123,SAR_BOUNDARY_NEAR,SUPPORTED,,0.014522053301334381,-0.029999464750289917,-0.013587623834609985,-0.25999993085861206,-0.9356544527598908,0.7692307692307693,3.031865358352661,-0.18882985413074493,
264,BOUNDARY_INDEPENDENT_DIAGNOSTIC,BACKWARD,123,122,SAR_BOUNDARY_NEAR,SUPPORTED,,0.021852023899555206,0.060000717639923096,-0.004913449287414551,-0.24999991059303284,-0.22485099366537684,0.7692307692307693,3.050957679748535,-0.2350044548511505,
264,BOUNDARY_INDEPENDENT_DIAGNOSTIC,BACKWARD,122,121,SAR_BOUNDARY_NEAR,SUPPORTED,,0.01917126029729843,-0.00999942421913147,-0.014414824545383453,-0.20999982953071594,-0.7518975968113456,0.6923076923076923,3.0582566261291504,-0.20088085532188416,
264,BOUNDARY_INDEPENDENT_DIAGNOSTIC,BACKWARD,121,120,SAR_BOUNDARY_NEAR,SUPPORTED,,0.026501230895519257,-0.00999942421913147,-0.0066252946853637695,0.2900012135505676,-0.2499995080033793,0.8076923076923077,3.0544300079345703,-0.28236621618270874,
264,BOUNDARY_INDEPENDENT_DIAGNOSTIC,BACKWARD,120,119,SAR_BOUNDARY_NEAR,SUPPORTED,,0.03132660686969757,0.0200006365776062,-0.006617642939090729,-0.2699999511241913,-0.2112467196532548,0.8461538461538461,3.05649995803833,-0.25357818603515625,
264,BOUNDARY_INDEPENDENT_DIAGNOSTIC,BACKWARD,119,118,SAR_BOUNDARY_NEAR,SUPPORTED,,0.031295955181121826,0.0200006365776062,-0.006410844624042511,-0.24999991059303284,-0.20484578875897758,0.8461538461538461,2.973007917404175,-0.3095424175262451,
264,BOUNDARY_INDEPENDENT_DIAGNOSTIC,BACKWARD,118,117,SAR_BOUNDARY_NEAR,SUPPORTED,,0.022526048123836517,5.960464477539062e-07,-0.013304218649864197,-0.2399998903274536,-0.590614855154553,0.8461538461538461,3.071399211883545,-0.2363242655992508,
264,BOUNDARY_INDEPENDENT_DIAGNOSTIC,BACKWARD,117,116,SAR_BOUNDARY_NEAR,SUPPORTED,,0.025991879403591156,-0.00999942421913147,-0.020212918519973755,-0.2399998903274536,-0.7776628309987098,0.8461538461538461,3.0489614009857178,-0.1983797401189804,
264,BOUNDARY_INDEPENDENT_DIAGNOSTIC,BACKWARD,116,115,SAR_BOUNDARY_NEAR,SUPPORTED,,0.02513786405324936,-0.00999942421913147,,,,0.8461538461538461,3.091339349746704,-0.22691741585731506,
264,BOUNDARY_INDEPENDENT_DIAGNOSTIC,BACKWARD,115,114,SAR_BOUNDARY_NEAR,SUPPORTED,,0.02526041865348816,0.05000069737434387,0.00040211528539657593,-0.28999999165534973,0.015918789427547698,0.8461538461538461,3.0293023586273193,-0.26883426308631897,
264,BOUNDARY_INDEPENDENT_DIAGNOSTIC,BACKWARD,114,113,SAR_BOUNDARY_NEAR,SUPPORTED,,0.022081799805164337,0.0200006365776062,-0.009374991059303284,-0.24999991059303284,-0.42455737947188193,0.7692307692307693,2.9157252311706543,-0.3093433678150177,
264,BOUNDARY_INDEPENDENT_DIAGNOSTIC,BACKWARD,113,112,SAR_BOUNDARY_NEAR,SUPPORTED,,0.01697687804698944,-0.049999505281448364,-0.01343826949596405,0.26000112295150757,-0.791563057634563,0.8846153846153846,2.945871591567993,-0.3128241002559662,
264,BOUNDARY_INDEPENDENT_DIAGNOSTIC,BACKWARD,112,111,SAR_BOUNDARY_NEAR,SUPPORTED,,0.022908993065357208,0.010000616312026978,-0.006640635430812836,-0.2799999713897705,-0.28987024492380464,0.8076923076923077,2.9730002880096436,-0.2620479464530945,
264,BOUNDARY_INDEPENDENT_DIAGNOSTIC,BACKWARD,111,110,SAR_BOUNDARY_NEAR,SUPPORTED,,0.02513020485639572,0.05000069737434387,-0.002175241708755493,-0.2399998903274536,-0.08655885302908252,0.8461538461538461,2.9095709323883057,-0.4755436182022095,
264,BOUNDARY_INDEPENDENT_DIAGNOSTIC,BACKWARD,110,109,SAR_BOUNDARY_NEAR,SUPPORTED,,0.024111516773700714,-0.00999942421913147,,,,0.8461538461538461,2.8370025157928467,-0.25193116068840027,
264,BOUNDARY_INDEPENDENT_DIAGNOSTIC,BACKWARD,109,108,SAR_BOUNDARY_NEAR,SUPPORTED,,0.026194840669631958,0.010000616312026978,-0.02437959611415863,0.280001163482666,-0.9307022104708671,0.9615384615384616,2.9141695499420166,-0.17016668617725372,
264,BOUNDARY_INDEPENDENT_DIAGNOSTIC,BACKWARD,108,107,SAR_BOUNDARY_NEAR,SUPPORTED,,0.02282474935054779,5.960464477539062e-07,,,,0.8076923076923077,3.012769937515259,-0.3296827971935272,
264,BOUNDARY_INDEPENDENT_DIAGNOSTIC,BACKWARD,107,106,SAR_BOUNDARY_NEAR,SUPPORTED,,0.030867040157318115,0.010000616312026978,,,,0.8461538461538461,2.913999557495117,-0.3884904980659485,
264,BOUNDARY_INDEPENDENT_DIAGNOSTIC,BACKWARD,106,105,SAR_BOUNDARY_NEAR,SUPPORTED,,0.026122093200683594,0.0200006365776062,-0.005575984716415405,-0.24999991059303284,-0.21345857215873826,0.8461538461538461,3.0191736221313477,-0.27611419558525085,
264,BOUNDARY_INDEPENDENT_DIAGNOSTIC,BACKWARD,105,104,SAR_BOUNDARY_NEAR,SUPPORTED,,0.026903338730335236,0.0200006365776062,-0.0007812455296516418,-0.2699999511241913,-0.029038980532581166,0.8461538461538461,2.834171772003174,-0.33531394600868225,
264,BOUNDARY_INDEPENDENT_DIAGNOSTIC,BACKWARD,104,103,SAR_BOUNDARY_NEAR,SUPPORTED,,0.018750011920928955,-0.00999942421913147,-0.02746628224849701,0.2300010323524475,-1.4648674552488612,0.9230769230769231,2.88632869720459,-0.22457411885261536,
264,BOUNDARY_INDEPENDENT_DIAGNOSTIC,BACKWARD,103,102,SAR_BOUNDARY_NEAR,SUPPORTED,,0.0182100310921669,0.030000656843185425,-0.0049211084842681885,-0.25999993085861206,-0.2702416299764045,0.8846153846153846,2.9308078289031982,-0.291524738073349,
264,BOUNDARY_INDEPENDENT_DIAGNOSTIC,BACKWARD,102,101,SAR_BOUNDARY_NEAR,SUPPORTED,,0.026148900389671326,-0.00999942421913147,-0.009715825319290161,0.2700011134147644,-0.3715577012610389,0.8846153846153846,2.8998522758483887,-0.2711012065410614,
264,BOUNDARY_INDEPENDENT_DIAGNOSTIC,BACKWARD,101,100,SAR_BOUNDARY_NEAR,SUPPORTED,,0.027167581021785736,0.010000616312026978,-0.0017463192343711853,-0.25999993085861206,-0.0642795261370826,0.8846153846153846,2.9281342029571533,-0.19377119839191437,
264,BOUNDARY_INDEPENDENT_DIAGNOSTIC,BACKWARD,100,99,SAR_BOUNDARY_NEAR,SUPPORTED,,0.02206265926361084,5.960464477539062e-07,0.0013403743505477905,-0.2699999511241913,0.0607530730784817,0.8846153846153846,2.9081544876098633,-0.2949043810367584,
264,BOUNDARY_INDEPENDENT_DIAGNOSTIC,BACKWARD,99,98,SAR_BOUNDARY_NEAR,SUPPORTED,,0.02320772409439087,0.030000656843185425,,,,0.8076923076923077,2.914186954498291,-0.3546990156173706,
264,BOUNDARY_INDEPENDENT_DIAGNOSTIC,BACKWARD,98,97,SAR_BOUNDARY_NEAR,SUPPORTED,,0.02403491735458374,0.010000616312026978,-0.006878063082695007,-0.2399998903274536,-0.2861696165301471,0.8076923076923077,2.7415943145751953,-0.22801443934440613,
264,BOUNDARY_INDEPENDENT_DIAGNOSTIC,BACKWARD,97,96,SAR_BOUNDARY_NEAR,SUPPORTED,,0.018665745854377747,0.030000656843185425,-0.008915454149246216,-0.2299998700618744,-0.4776371766122189,0.6923076923076923,2.798759698867798,-0.3481493592262268,
264,BOUNDARY_INDEPENDENT_DIAGNOSTIC,BACKWARD,96,95,SAR_BOUNDARY_NEAR,SUPPORTED,,0.023835793137550354,-0.00999942421913147,-0.008256740868091583,-0.28999999165534973,-0.34640092823612006,0.8846153846153846,2.8501148223876953,-0.29633840918540955,
264,BOUNDARY_INDEPENDENT_DIAGNOSTIC,BACKWARD,95,94,SAR_BOUNDARY_NEAR,SUPPORTED,,0.027588851749897003,0.0200006365776062,-0.046055443584918976,0.21000105142593384,-1.669349779484422,0.8846153846153846,2.8615598678588867,-0.3077600598335266,
264,BOUNDARY_INDEPENDENT_DIAGNOSTIC,BACKWARD,94,93,SAR_BOUNDARY_NEAR,SUPPORTED,,0.03383883833885193,-0.00999942421913147,,,,0.8846153846153846,2.9083175659179688,-0.10536948591470718,
264,BOUNDARY_INDEPENDENT_DIAGNOSTIC,BACKWARD,93,92,SAR_BOUNDARY_NEAR,SUPPORTED,,0.027604185044765472,0.010000616312026978,-0.008992031216621399,-0.2699999511241913,-0.32574883851992364,0.8461538461538461,2.920146942138672,-0.20564870536327362,
264,BOUNDARY_INDEPENDENT_DIAGNOSTIC,BACKWARD,92,91,SAR_BOUNDARY_NEAR,SUPPORTED,,0.02676163613796234,0.010000616312026978,-0.00661381334066391,-0.2399998903274536,-0.24713785459783524,0.9230769230769231,2.8088600635528564,-0.16879522800445557,
264,BOUNDARY_INDEPENDENT_DIAGNOSTIC,BACKWARD,91,90,SAR_BOUNDARY_NEAR,SUPPORTED,,0.018075980246067047,-0.00999942421913147,-0.0033394619822502136,-0.28999999165534973,-0.18474583047726056,0.7307692307692307,2.938748359680176,-0.1726982295513153,
264,BOUNDARY_INDEPENDENT_DIAGNOSTIC,BACKWARD,90,89,SAR_BOUNDARY_NEAR,SUPPORTED,,0.019286148250102997,0.0200006365776062,-0.004308372735977173,-0.2299998700618744,-0.22339207809180686,0.7692307692307693,2.7835967540740967,-0.3191277086734772,
264,BOUNDARY_INDEPENDENT_DIAGNOSTIC,BACKWARD,89,88,SAR_BOUNDARY_NEAR,SUPPORTED,,0.021729469299316406,0.0200006365776062,-0.0026577934622764587,-0.2799999713897705,-0.1223128565942506,0.7307692307692307,2.668271541595459,-0.4836430847644806,
264,BOUNDARY_INDEPENDENT_DIAGNOSTIC,BACKWARD,88,87,SAR_BOUNDARY_NEAR,SUPPORTED,,0.019638486206531525,0.010000616312026978,-0.003825835883617401,-0.2799999713897705,-0.19481317670732554,0.8461538461538461,2.7645249366760254,-0.24834145605564117,
264,BOUNDARY_INDEPENDENT_DIAGNOSTIC,BACKWARD,87,86,SAR_BOUNDARY_NEAR,SUPPORTED,,0.02805989235639572,0.0200006365776062,,,,0.8076923076923077,2.6432278156280518,-0.33161625266075134,
264,BOUNDARY_INDEPENDENT_DIAGNOSTIC,BACKWARD,86,85,SAR_BOUNDARY_NEAR,SUPPORTED,,0.03281250596046448,5.960464477539062e-07,-0.017202824354171753,0.2900012135505676,-0.5242764565101884,0.8461538461538461,2.8121209144592285,-0.2988411784172058,
264,BOUNDARY_INDEPENDENT_DIAGNOSTIC,BACKWARD,85,84,SAR_BOUNDARY_NEAR,SUPPORTED,,0.022583484649658203,0.04000067710876465,-0.0008425265550613403,-0.2799999713897705,-0.03730719896117058,0.7307692307692307,2.863222360610962,-0.3030659556388855,
264,BOUNDARY_INDEPENDENT_DIAGNOSTIC,BACKWARD,84,83,SAR_BOUNDARY_NEAR,SUPPORTED,,0.022047340869903564,-0.00999942421913147,-0.012446373701095581,-0.2299998700618744,-0.5645294720365078,0.6153846153846154,2.6795589923858643,-0.43556976318359375,
264,BOUNDARY_INDEPENDENT_DIAGNOSTIC,BACKWARD,83,82,SAR_BOUNDARY_NEAR,SUPPORTED,,0.026416979730129242,0.0200006365776062,-0.02090992033481598,0.280001163482666,-0.7915333451601085,0.7692307692307693,2.6056597232818604,-0.40771350264549255,
264,BOUNDARY_INDEPENDENT_DIAGNOSTIC,BACKWARD,82,81,SAR_BOUNDARY_NEAR,SUPPORTED,,0.026022523641586304,0.0200006365776062,-0.005575969815254211,-0.28999999165534973,-0.21427475259714307,0.7307692307692307,2.6271746158599854,-0.39634451270103455,
264,BOUNDARY_INDEPENDENT_DIAGNOSTIC,BACKWARD,81,80,SAR_BOUNDARY_NEAR,SUPPORTED,,0.019175097346305847,0.010000616312026978,,,,0.7307692307692307,2.5929160118103027,-0.3587777018547058,
264,BOUNDARY_INDEPENDENT_DIAGNOSTIC,BACKWARD,80,79,SAR_BOUNDARY_NEAR,SUPPORTED,,0.022388160228729248,0.010000616312026978,-0.009903490543365479,-0.24999991059303284,-0.44235392467206763,0.8076923076923077,2.685429573059082,-0.38409319519996643,
264,BOUNDARY_INDEPENDENT_DIAGNOSTIC,BACKWARD,79,78,SAR_BOUNDARY_NEAR,SUPPORTED,,0.01703432947397232,0.04000067710876465,-0.009834550321102142,-0.21999984979629517,-0.5773370966041773,0.6153846153846154,2.7809698581695557,-0.3599933385848999,
264,BOUNDARY_INDEPENDENT_DIAGNOSTIC,BACKWARD,78,77,SAR_BOUNDARY_NEAR,SUPPORTED,,0.022434137761592865,-0.03999948501586914,-0.0053232088685035706,-0.28999999165534973,-0.23728163413602987,0.6923076923076923,2.7419612407684326,-0.28909072279930115,
264,BOUNDARY_INDEPENDENT_DIAGNOSTIC,BACKWARD,77,76,SAR_BOUNDARY_NEAR,SUPPORTED,,0.016459867358207703,0.030000656843185425,0.0007735863327980042,-0.2799999713897705,0.04699833333785985,0.7307692307692307,2.6941823959350586,-0.29712650179862976,
264,BOUNDARY_INDEPENDENT_DIAGNOSTIC,BACKWARD,76,75,SAR_BOUNDARY_NEAR,SUPPORTED,,0.020592086017131805,0.030000656843185425,-0.005039826035499573,-0.21999984979629517,-0.24474577424096985,0.7307692307692307,2.755225419998169,-0.3161695599555969,
264,BOUNDARY_INDEPENDENT_DIAGNOSTIC,BACKWARD,75,74,SAR_BOUNDARY_NEAR,SUPPORTED,,0.0206916481256485,5.960464477539062e-07,-0.007498480379581451,-0.21999984979629517,-0.36239164391581985,0.6923076923076923,2.7467334270477295,-0.27783840894699097,
264,BOUNDARY_INDEPENDENT_DIAGNOSTIC,BACKWARD,74,73,SAR_BOUNDARY_NEAR,SUPPORTED,,0.023713216185569763,0.010000616312026978,0.0006280690431594849,-0.28999999165534973,0.02648603370561285,0.6153846153846154,2.6482949256896973,-0.44741499423980713,
264,BOUNDARY_INDEPENDENT_DIAGNOSTIC,BACKWARD,73,72,SAR_BOUNDARY_NEAR,SUPPORTED,,0.02539825439453125,0.04000067710876465,0.0018688589334487915,-0.24999991059303284,0.07358218027185341,0.7692307692307693,2.735344409942627,-0.36631157994270325,
264,BOUNDARY_INDEPENDENT_DIAGNOSTIC,BACKWARD,72,71,SAR_BOUNDARY_NEAR,SUPPORTED,,0.025176167488098145,0.010000616312026978,-0.010462626814842224,-0.2299998700618744,-0.41557662896024017,0.6538461538461539,2.6670477390289307,-0.3901240825653076,
264,BOUNDARY_INDEPENDENT_DIAGNOSTIC,BACKWARD,71,70,SAR_BOUNDARY_NEAR,SUPPORTED,,0.01461780071258545,5.960464477539062e-07,-0.0022327005863189697,-0.25999993085861206,-0.1527384748375101,0.5769230769230769,2.687777519226074,-0.4600793421268463,
264,BOUNDARY_INDEPENDENT_DIAGNOSTIC,BACKWARD,70,69,SAR_BOUNDARY_NEAR,SUPPORTED,,0.0180453360080719,0.07000073790550232,0.0024394840002059937,-0.2699999511241913,0.13518639936185076,0.6538461538461539,2.6195428371429443,-0.4081788957118988,
264,BOUNDARY_INDEPENDENT_DIAGNOSTIC,BACKWARD,69,68,SAR_BOUNDARY_NEAR,SUPPORTED,,0.015919864177703857,-0.029999464750289917,-0.01843981444835663,0.2700011134147644,-1.158289684040271,0.6153846153846154,2.61323881149292,-0.3248503804206848,
264,BOUNDARY_INDEPENDENT_DIAGNOSTIC,BACKWARD,68,67,SAR_BOUNDARY_NEAR,SUPPORTED,,0.008903950452804565,0.05000069737434387,0.0015471726655960083,-0.2799999713897705,0.17376249719681222,0.6538461538461539,2.6687638759613037,-0.29405975341796875,
264,BOUNDARY_INDEPENDENT_DIAGNOSTIC,BACKWARD,67,66,SAR_BOUNDARY_NEAR,SUPPORTED,,0.0122089684009552,-0.03999948501586914,-0.004714302718639374,-0.25999993085861206,-0.38613440249960335,0.5384615384615384,2.681185483932495,-0.2702280580997467,
264,BOUNDARY_INDEPENDENT_DIAGNOSTIC,BACKWARD,66,65,SAR_BOUNDARY_NEAR,SUPPORTED,,0.011940859258174896,0.030000656843185425,0.0025160759687423706,-0.28999999165534973,0.21071146676649977,0.5769230769230769,2.563577651977539,-0.36864161491394043,
264,BOUNDARY_INDEPENDENT_DIAGNOSTIC,BACKWARD,65,64,SAR_BOUNDARY_NEAR,SUPPORTED,,0.013020843267440796,-0.049999505281448364,-0.004576429724693298,-0.28999999165534973,-0.3514695347064707,0.5384615384615384,2.475640296936035,-0.3621198534965515,
264,BOUNDARY_INDEPENDENT_DIAGNOSTIC,BACKWARD,64,63,SAR_BOUNDARY_NEAR,PROPAGATION_AMBIGUOUS,BOUNDARY_RESPONSE_TOO_WEAK,0.00678233802318573,0.08000075817108154,-0.0035194456577301025,-0.20999982953071594,-0.5189133372147949,0.5384615384615384,2.45310640335083,-0.3423406481742859,
264,BOUNDARY_INDEPENDENT_DIAGNOSTIC,BACKWARD,264,263,SAR_BOUNDARY_FAR,SUPPORTED,,0.0045190006494522095,0.16000092029571533,,,,0.5384615384615384,3.413010597229004,0.010510200634598732,
264,BOUNDARY_INDEPENDENT_DIAGNOSTIC,BACKWARD,263,262,SAR_BOUNDARY_FAR,SUPPORTED,,0.005162373185157776,-0.06999954581260681,-0.005790427327156067,0.13000085949897766,-1.1216599651888777,0.5384615384615384,3.3899121284484863,0.045094747096300125,
264,BOUNDARY_INDEPENDENT_DIAGNOSTIC,BACKWARD,262,261,SAR_BOUNDARY_FAR,SUPPORTED,,0.006058506667613983,0.07000073790550232,-0.008417591452598572,-0.1499997079372406,-1.3893838720348666,0.5384615384615384,3.425725221633911,0.01761237531900406,
264,BOUNDARY_INDEPENDENT_DIAGNOSTIC,BACKWARD,261,260,SAR_BOUNDARY_FAR,SUPPORTED,,0.008639715611934662,-0.09999960660934448,0.0033471211791038513,0.16000092029571533,0.3874110363633071,0.5769230769230769,3.363478422164917,-0.0011898470111191273,
264,BOUNDARY_INDEPENDENT_DIAGNOSTIC,BACKWARD,260,259,SAR_BOUNDARY_FAR,SUPPORTED,,0.009145230054855347,-0.03999948501586914,0.00038295984268188477,0.17000094056129456,0.041875364576374474,0.5769230769230769,3.271677255630493,-0.04554662108421326,
264,BOUNDARY_INDEPENDENT_DIAGNOSTIC,BACKWARD,259,258,SAR_BOUNDARY_FAR,SUPPORTED,,0.00800015777349472,0.010000616312026978,0.0010722950100898743,0.24000108242034912,0.13403423288006758,0.5769230769230769,3.3675053119659424,0.04898912459611893,
264,BOUNDARY_INDEPENDENT_DIAGNOSTIC,BACKWARD,258,257,SAR_BOUNDARY_FAR,SUPPORTED,,0.004051782190799713,-0.00999942421913147,-0.000980384647846222,0.280001163482666,-0.2419638079441581,0.5384615384615384,3.374603509902954,0.009882723912596703,
264,BOUNDARY_INDEPENDENT_DIAGNOSTIC,BACKWARD,257,256,SAR_BOUNDARY_FAR,SUPPORTED,,0.004932612180709839,-0.03999948501586914,0.0001685023307800293,0.25000113248825073,0.03416087148286217,0.5384615384615384,3.3396146297454834,-0.08994075655937195,
264,BOUNDARY_INDEPENDENT_DIAGNOSTIC,BACKWARD,256,255,SAR_BOUNDARY_FAR,SUPPORTED,,0.0074486806988716125,0.07000073790550232,-0.004285387694835663,0.280001163482666,-0.575321707035294,0.5384615384615384,3.41288161277771,0.02473543956875801,
264,BOUNDARY_INDEPENDENT_DIAGNOSTIC,BACKWARD,255,254,SAR_BOUNDARY_FAR,SUPPORTED,,0.012358322739601135,-0.019999444484710693,-0.004530489444732666,0.20000100135803223,-0.3665942005394567,0.5769230769230769,3.4155919551849365,-0.010805630125105381,
264,BOUNDARY_INDEPENDENT_DIAGNOSTIC,BACKWARD,254,253,SAR_BOUNDARY_FAR,SUPPORTED,,0.011343441903591156,0.0200006365776062,-0.00834481418132782,0.2300010323524475,-0.7356509825017028,0.6153846153846154,3.3311173915863037,0.006492289714515209,
264,BOUNDARY_INDEPENDENT_DIAGNOSTIC,BACKWARD,253,252,SAR_BOUNDARY_FAR,SUPPORTED,,0.010271146893501282,-0.049999505281448364,0.0014399662613868713,0.17000094056129456,0.1401952748137563,0.6153846153846154,3.434725522994995,-0.029802070930600166,
264,BOUNDARY_INDEPENDENT_DIAGNOSTIC,BACKWARD,252,251,SAR_BOUNDARY_FAR,SUPPORTED,,0.014368884265422821,0.05000069737434387,-0.008249074220657349,0.25000113248825073,-0.5740928848948879,0.6153846153846154,3.4145126342773438,0.010120299644768238,
264,BOUNDARY_INDEPENDENT_DIAGNOSTIC,BACKWARD,251,250,SAR_BOUNDARY_FAR,SUPPORTED,,0.013300418853759766,-0.05999952554702759,-0.012331478297710419,0.2700011134147644,-0.9271496208726203,0.6153846153846154,3.2430851459503174,-0.04451834410429001,
264,BOUNDARY_INDEPENDENT_DIAGNOSTIC,BACKWARD,250,249,SAR_BOUNDARY_FAR,SUPPORTED,,0.011366426944732666,0.10000079870223999,,,,0.6153846153846154,3.3580915927886963,-0.025229917839169502,
264,BOUNDARY_INDEPENDENT_DIAGNOSTIC,BACKWARD,249,248,SAR_BOUNDARY_FAR,SUPPORTED,,0.013488046824932098,-0.00999942421913147,-0.008363977074623108,0.21000105142593384,-0.6201029091300782,0.6153846153846154,3.359560489654541,-0.03570718690752983,
264,BOUNDARY_INDEPENDENT_DIAGNOSTIC,BACKWARD,248,247,SAR_BOUNDARY_FAR,SUPPORTED,,0.010202206671237946,-0.049999505281448364,0.0003982856869697571,0.22000104188919067,0.03903917062301863,0.6153846153846154,3.2325141429901123,-0.00246770610101521,
264,BOUNDARY_INDEPENDENT_DIAGNOSTIC,BACKWARD,247,246,SAR_BOUNDARY_FAR,SUPPORTED,,0.00896523892879486,0.0200006365776062,-0.0019110143184661865,0.24000108242034912,-0.21315821403580504,0.6153846153846154,3.139277458190918,-0.07472478598356247,
264,BOUNDARY_INDEPENDENT_DIAGNOSTIC,BACKWARD,246,245,SAR_BOUNDARY_FAR,SUPPORTED,,0.014843761920928955,-0.049999505281448364,-0.007218897342681885,0.22000104188919067,-0.4863253251524874,0.5384615384615384,3.4004132747650146,-0.013522403314709663,
264,BOUNDARY_INDEPENDENT_DIAGNOSTIC,BACKWARD,245,244,SAR_BOUNDARY_FAR,SUPPORTED,,0.011404722929000854,0.08000075817108154,-0.03831955045461655,-0.20999982953071594,-3.359972065360263,0.5384615384615384,3.411144971847534,0.012028254568576813,
264,BOUNDARY_INDEPENDENT_DIAGNOSTIC,BACKWARD,244,243,SAR_BOUNDARY_FAR,SUPPORTED,,0.01626838743686676,-0.029999464750289917,-0.011247709393501282,0.24000108242034912,-0.6913844065461693,0.6538461538461539,3.413383722305298,0.05713585764169693,
264,BOUNDARY_INDEPENDENT_DIAGNOSTIC,BACKWARD,243,242,SAR_BOUNDARY_FAR,SUPPORTED,,0.014774814248085022,0.030000656843185425,0.0004327446222305298,0.280001163482666,0.02928934435075001,0.6538461538461539,3.4398715496063232,-0.039439909160137177,
264,BOUNDARY_INDEPENDENT_DIAGNOSTIC,BACKWARD,242,241,SAR_BOUNDARY_FAR,SUPPORTED,,0.010041370987892151,-0.03999948501586914,-0.009800083935260773,0.2300010323524475,-0.9759707062987394,0.6538461538461539,3.359771490097046,-0.07017160207033157,
264,BOUNDARY_INDEPENDENT_DIAGNOSTIC,BACKWARD,241,240,SAR_BOUNDARY_FAR,SUPPORTED,,0.012771911919116974,0.04000067710876465,-0.025245100259780884,-0.25999993085861206,-1.976610895820074,0.6153846153846154,3.3176465034484863,-0.09380267560482025,
264,BOUNDARY_INDEPENDENT_DIAGNOSTIC,BACKWARD,240,239,SAR_BOUNDARY_FAR,SUPPORTED,,0.011194095015525818,0.05000069737434387,-0.008685663342475891,0.2900012135505676,-0.7759147416945434,0.6153846153846154,3.2587578296661377,-0.056556690484285355,
264,BOUNDARY_INDEPENDENT_DIAGNOSTIC,BACKWARD,239,238,SAR_BOUNDARY_FAR,SUPPORTED,,0.007513798773288727,-0.07999956607818604,-0.013890162110328674,0.2300010323524475,-1.8486204554356287,0.5769230769230769,3.424652099609375,-0.16110897064208984,
264,BOUNDARY_INDEPENDENT_DIAGNOSTIC,BACKWARD,238,237,SAR_BOUNDARY_FAR,SUPPORTED,,0.009474582970142365,-0.03999948501586914,-0.006514228880405426,0.18000096082687378,-0.6875478214644358,0.5384615384615384,3.337693214416504,-0.016652828082442284,
264,BOUNDARY_INDEPENDENT_DIAGNOSTIC,BACKWARD,237,236,SAR_BOUNDARY_FAR,SUPPORTED,,0.018167883157730103,0.060000717639923096,-0.017252616584300995,0.25000113248825073,-0.9496217272269456,0.6923076923076923,3.326414108276367,-0.0839194506406784,
264,BOUNDARY_INDEPENDENT_DIAGNOSTIC,BACKWARD,236,235,SAR_BOUNDARY_FAR,SUPPORTED,,0.00935586541891098,0.030000656843185425,-0.023759186267852783,-0.1499997079372406,-2.539496369820414,0.6153846153846154,3.4589455127716064,-0.03813055157661438,
264,BOUNDARY_INDEPENDENT_DIAGNOSTIC,BACKWARD,235,234,SAR_BOUNDARY_FAR,SUPPORTED,,0.01320464164018631,-0.029999464750289917,-0.016471348702907562,0.17000094056129456,-1.2473908154220201,0.6538461538461539,3.372838258743286,-0.056378673762083054,
264,BOUNDARY_INDEPENDENT_DIAGNOSTIC,BACKWARD,234,233,SAR_BOUNDARY_FAR,SUPPORTED,,0.00880054384469986,-0.019999444484710693,-0.010225184261798859,0.280001163482666,-1.1618809521592226,0.6153846153846154,3.2796363830566406,-0.01887519843876362,
264,BOUNDARY_INDEPENDENT_DIAGNOSTIC,BACKWARD,233,232,SAR_BOUNDARY_FAR,SUPPORTED,,0.00894608348608017,0.05000069737434387,-0.036642156541347504,-0.19999980926513672,-4.095888060776716,0.6153846153846154,3.295888662338257,-0.06482458859682083,
264,BOUNDARY_INDEPENDENT_DIAGNOSTIC,BACKWARD,232,231,SAR_BOUNDARY_FAR,SUPPORTED,,0.01896444708108902,-0.05999952554702759,-0.012637853622436523,0.190000981092453,-0.6663971571857081,0.8076923076923077,3.401381254196167,-0.10631038248538971,
264,BOUNDARY_INDEPENDENT_DIAGNOSTIC,BACKWARD,231,230,SAR_BOUNDARY_FAR,SUPPORTED,,0.014414846897125244,5.960464477539062e-07,-0.011182613670825958,0.21000105142593384,-0.7757705475911859,0.7307692307692307,3.4090986251831055,-0.018546534702181816,
264,BOUNDARY_INDEPENDENT_DIAGNOSTIC,BACKWARD,230,229,SAR_BOUNDARY_FAR,SUPPORTED,,0.01614583283662796,5.960464477539062e-07,-0.009539678692817688,0.280001163482666,-0.5908446339897843,0.6538461538461539,3.42233943939209,-0.09190696477890015,
264,BOUNDARY_INDEPENDENT_DIAGNOSTIC,BACKWARD,229,228,SAR_BOUNDARY_FAR,SUPPORTED,,0.022970274090766907,0.04000067710876465,-0.013503365218639374,-0.2699999511241913,-0.5878626073542224,0.7307692307692307,3.3690924644470215,-0.05145573616027832,
264,BOUNDARY_INDEPENDENT_DIAGNOSTIC,BACKWARD,228,227,SAR_BOUNDARY_FAR,SUPPORTED,,0.020151637494564056,-0.029999464750289917,-0.010171569883823395,0.2700011134147644,-0.5047515313118944,0.7307692307692307,3.372631788253784,-0.050584468990564346,
264,BOUNDARY_INDEPENDENT_DIAGNOSTIC,BACKWARD,227,226,SAR_BOUNDARY_FAR,SUPPORTED,,0.016923263669013977,0.030000656843185425,-0.017187491059303284,0.24000108242034912,-1.0156132644067408,0.7307692307692307,3.3335072994232178,0.0036786722484976053,
264,BOUNDARY_INDEPENDENT_DIAGNOSTIC,BACKWARD,226,225,SAR_BOUNDARY_FAR,SUPPORTED,,0.0155024453997612,0.010000616312026978,-0.011071547865867615,0.280001163482666,-0.7141807360300821,0.6538461538461539,3.350428819656372,-0.04762547090649605,
264,BOUNDARY_INDEPENDENT_DIAGNOSTIC,BACKWARD,225,224,SAR_BOUNDARY_FAR,SUPPORTED,,0.013181686401367188,-0.00999942421913147,-0.009267762303352356,0.22000104188919067,-0.7030786517870062,0.6153846153846154,3.29306697845459,-0.028490720316767693,
264,BOUNDARY_INDEPENDENT_DIAGNOSTIC,BACKWARD,224,223,SAR_BOUNDARY_FAR,SUPPORTED,,0.01586242765188217,5.960464477539062e-07,-0.014185063540935516,0.280001163482666,-0.8942555233184861,0.7307692307692307,3.4270238876342773,-0.1131216511130333,
264,BOUNDARY_INDEPENDENT_DIAGNOSTIC,BACKWARD,223,222,SAR_BOUNDARY_FAR,SUPPORTED,,0.018263638019561768,0.05000069737434387,-0.015356943011283875,0.2700011134147644,-0.8408479731604077,0.6923076923076923,3.3844821453094482,-0.06460344791412354,
264,BOUNDARY_INDEPENDENT_DIAGNOSTIC,BACKWARD,222,221,SAR_BOUNDARY_FAR,SUPPORTED,,0.021128207445144653,5.960464477539062e-07,-0.019546568393707275,0.25000113248825073,-0.9251408783474036,0.7307692307692307,3.337445020675659,-0.08488178998231888,
264,BOUNDARY_INDEPENDENT_DIAGNOSTIC,BACKWARD,221,220,SAR_BOUNDARY_FAR,SUPPORTED,,0.02161458134651184,5.960464477539062e-07,-0.017049625515937805,0.2300010323524475,-0.7888020240877472,0.7307692307692307,3.3454477787017822,-0.1295483410358429,
264,BOUNDARY_INDEPENDENT_DIAGNOSTIC,BACKWARD,220,219,SAR_BOUNDARY_FAR,SUPPORTED,,0.01721048355102539,-0.03999948501586914,-0.014162078499794006,0.16000092029571533,-0.8228751073615382,0.7307692307692307,3.33091402053833,-0.10936346650123596,
264,BOUNDARY_INDEPENDENT_DIAGNOSTIC,BACKWARD,219,218,SAR_BOUNDARY_FAR,SUPPORTED,,0.020415909588336945,0.030000656843185425,-0.01902957260608673,0.2700011134147644,-0.9320952624593228,0.6923076923076923,3.4074957370758057,-0.14861567318439484,
264,BOUNDARY_INDEPENDENT_DIAGNOSTIC,BACKWARD,218,217,SAR_BOUNDARY_FAR,SUPPORTED,,0.028944559395313263,-0.029999464750289917,-0.02369409054517746,0.25000113248825073,-0.8186025643566727,0.8461538461538461,3.306525230407715,-0.07720897346735,
264,BOUNDARY_INDEPENDENT_DIAGNOSTIC,BACKWARD,217,216,SAR_BOUNDARY_FAR,SUPPORTED,,0.025505512952804565,0.010000616312026978,-0.025321684777736664,0.24000108242034912,-0.9927926101542024,0.7307692307692307,3.3470351696014404,-0.07243173569440842,
264,BOUNDARY_INDEPENDENT_DIAGNOSTIC,BACKWARD,216,215,SAR_BOUNDARY_FAR,SUPPORTED,,0.02823987603187561,-0.00999942421913147,-0.011443033814430237,0.2900012135505676,-0.40520835861722526,0.7307692307692307,3.3518307209014893,-0.12657029926776886,
264,BOUNDARY_INDEPENDENT_DIAGNOSTIC,BACKWARD,215,214,SAR_BOUNDARY_FAR,SUPPORTED,,0.016896456480026245,0.0200006365776062,-0.0185355544090271,0.280001163482666,-1.0970083834405442,0.6923076923076923,3.2831058502197266,-0.08069150149822235,
264,BOUNDARY_INDEPENDENT_DIAGNOSTIC,BACKWARD,214,213,SAR_BOUNDARY_FAR,SUPPORTED,,0.017363667488098145,5.960464477539062e-07,,,,0.6923076923076923,3.3753409385681152,-0.08061816543340683,
264,BOUNDARY_INDEPENDENT_DIAGNOSTIC,BACKWARD,213,212,SAR_BOUNDARY_FAR,SUPPORTED,,0.014376543462276459,5.960464477539062e-07,-0.012783385813236237,0.21000105142593384,-0.8891835403119942,0.6923076923076923,3.29156494140625,-0.08254213631153107,
264,BOUNDARY_INDEPENDENT_DIAGNOSTIC,BACKWARD,212,211,SAR_BOUNDARY_FAR,SUPPORTED,,0.016199462115764618,0.030000656843185425,-0.02468213438987732,0.280001163482666,-1.523639131564605,0.6153846153846154,3.36651349067688,-0.0015646434621885419,
264,BOUNDARY_INDEPENDENT_DIAGNOSTIC,BACKWARD,211,210,SAR_BOUNDARY_FAR,SUPPORTED,,0.00984986126422882,0.04000067710876465,-0.0265701562166214,-0.17999976873397827,-2.697515782594291,0.5769230769230769,3.352847099304199,-0.1529773473739624,
264,BOUNDARY_INDEPENDENT_DIAGNOSTIC,BACKWARD,210,209,SAR_BOUNDARY_FAR,SUPPORTED,,0.014950975775718689,-0.049999505281448364,-0.018577665090560913,0.1500009000301361,-1.2425720815314405,0.6538461538461539,3.3561248779296875,-0.12403517961502075,
264,BOUNDARY_INDEPENDENT_DIAGNOSTIC,BACKWARD,209,208,SAR_BOUNDARY_FAR,SUPPORTED,,0.028347119688987732,-0.019999444484710693,-0.02674633264541626,0.20000100135803223,-0.943529111206549,0.7692307692307693,3.3658230304718018,-0.1400453746318817,
264,BOUNDARY_INDEPENDENT_DIAGNOSTIC,BACKWARD,208,207,SAR_BOUNDARY_FAR,SUPPORTED,,0.017664283514022827,0.030000656843185425,-0.012438744306564331,0.2700011134147644,-0.7041748563812288,0.7692307692307693,3.3512463569641113,-0.1477534919977188,
264,BOUNDARY_INDEPENDENT_DIAGNOSTIC,BACKWARD,207,206,SAR_BOUNDARY_FAR,SUPPORTED,,0.018424496054649353,0.04000067710876465,-0.055346205830574036,-0.1899997889995575,-3.0039467927052272,0.6538461538461539,3.3193063735961914,-0.09688576310873032,
264,BOUNDARY_INDEPENDENT_DIAGNOSTIC,BACKWARD,206,205,SAR_BOUNDARY_FAR,SUPPORTED,,0.02365197241306305,-0.00999942421913147,-0.016329661011695862,0.24000108242034912,-0.6904143437389156,0.7307692307692307,3.3927512168884277,-0.07797950506210327,
264,BOUNDARY_INDEPENDENT_DIAGNOSTIC,BACKWARD,205,204,SAR_BOUNDARY_FAR,SUPPORTED,,0.011504292488098145,-0.03999948501586914,-0.015498615801334381,0.24000108242034912,-1.3472028651365213,0.5769230769230769,3.286322832107544,-0.08169930428266525,
264,BOUNDARY_INDEPENDENT_DIAGNOSTIC,BACKWARD,204,203,SAR_BOUNDARY_FAR,SUPPORTED,,0.019722729921340942,0.05000069737434387,-0.021783113479614258,0.2900012135505676,-1.1044674629978013,0.6153846153846154,3.3419933319091797,-0.14260417222976685,
264,BOUNDARY_INDEPENDENT_DIAGNOSTIC,BACKWARD,203,202,SAR_BOUNDARY_FAR,SUPPORTED,,0.009543508291244507,-0.03999948501586914,-0.016000308096408844,0.22000104188919067,-1.6765645932416693,0.6538461538461539,3.338536262512207,-0.12960048019886017,
264,BOUNDARY_INDEPENDENT_DIAGNOSTIC,BACKWARD,202,201,SAR_BOUNDARY_FAR,SUPPORTED,,0.016126669943332672,0.04000067710876465,-0.02154950052499771,-0.28999999165534973,-1.3362647465794404,0.6153846153846154,3.3411476612091064,-0.16470497846603394,
264,BOUNDARY_INDEPENDENT_DIAGNOSTIC,BACKWARD,201,200,SAR_BOUNDARY_FAR,SUPPORTED,,0.016559429466724396,-0.00999942421913147,-0.01825980842113495,0.18000096082687378,-1.1026834262513334,0.6538461538461539,3.403669595718384,-0.142923042178154,
264,BOUNDARY_INDEPENDENT_DIAGNOSTIC,BACKWARD,200,199,SAR_BOUNDARY_FAR,SUPPORTED,,0.015134833753108978,-0.00999942421913147,-0.01743260771036148,0.18000096082687378,-1.151820231046839,0.5769230769230769,3.365966558456421,-0.11387225240468979,
264,BOUNDARY_INDEPENDENT_DIAGNOSTIC,BACKWARD,199,198,SAR_BOUNDARY_FAR,SUPPORTED,,0.01769302785396576,0.010000616312026978,-0.020182304084300995,0.25000113248825073,-1.1406924948562314,0.7307692307692307,3.3417301177978516,-0.17273031175136566,
264,BOUNDARY_INDEPENDENT_DIAGNOSTIC,BACKWARD,198,197,SAR_BOUNDARY_FAR,SUPPORTED,,0.024211086332798004,5.960464477539062e-07,-0.022012859582901,0.25000113248825073,-0.9092057778952639,0.6923076923076923,3.2999320030212402,-0.13052937388420105,
264,BOUNDARY_INDEPENDENT_DIAGNOSTIC,BACKWARD,197,196,SAR_BOUNDARY_FAR,SUPPORTED,,0.019267000257968903,0.030000656843185425,-0.009788602590560913,0.2900012135505676,-0.5080501613899294,0.7692307692307693,3.284621477127075,-0.12876299023628235,
264,BOUNDARY_INDEPENDENT_DIAGNOSTIC,BACKWARD,196,195,SAR_BOUNDARY_FAR,SUPPORTED,,0.01842065155506134,-0.00999942421913147,,,,0.7307692307692307,3.3919475078582764,-0.1416275054216385,
264,BOUNDARY_INDEPENDENT_DIAGNOSTIC,BACKWARD,195,194,SAR_BOUNDARY_FAR,SUPPORTED,,0.020343154668807983,-0.019999444484710693,-0.014522068202495575,0.280001163482666,-0.7138552716586362,0.6923076923076923,3.3806982040405273,-0.18617475032806396,
264,BOUNDARY_INDEPENDENT_DIAGNOSTIC,BACKWARD,194,193,SAR_BOUNDARY_FAR,SUPPORTED,,0.02059207111597061,0.0200006365776062,-0.02233455330133438,0.2700011134147644,-1.0846190835079406,0.8461538461538461,3.3102164268493652,-0.17266060411930084,
264,BOUNDARY_INDEPENDENT_DIAGNOSTIC,BACKWARD,193,192,SAR_BOUNDARY_FAR,SUPPORTED,,0.029384970664978027,-0.00999942421913147,,,,0.7307692307692307,3.3458220958709717,-0.1316174864768982,
264,BOUNDARY_INDEPENDENT_DIAGNOSTIC,BACKWARD,192,191,SAR_BOUNDARY_FAR,SUPPORTED,,0.028056055307388306,0.0200006365776062,-0.023165591061115265,-0.28999999165534973,-0.8256895278865101,0.8076923076923077,3.3071117401123047,-0.17132306098937988,
264,BOUNDARY_INDEPENDENT_DIAGNOSTIC,BACKWARD,191,190,SAR_BOUNDARY_FAR,SUPPORTED,,0.01917126774787903,-0.019999444484710693,-0.02475106716156006,0.21000105142593384,-1.2910501009667625,0.6538461538461539,3.2746453285217285,-0.14445482194423676,
264,BOUNDARY_INDEPENDENT_DIAGNOSTIC,BACKWARD,190,189,SAR_BOUNDARY_FAR,SUPPORTED,,0.027171403169631958,0.010000616312026978,-0.019366584718227386,0.2700011134147644,-0.7127561501819087,0.7692307692307693,3.3324625492095947,-0.11731155216693878,
264,BOUNDARY_INDEPENDENT_DIAGNOSTIC,BACKWARD,189,188,SAR_BOUNDARY_FAR,SUPPORTED,,0.0301317498087883,0.0200006365776062,-0.026439957320690155,0.2700011134147644,-0.8774783239763465,0.8461538461538461,3.3517041206359863,-0.11577542871236801,
264,BOUNDARY_INDEPENDENT_DIAGNOSTIC,BACKWARD,188,187,SAR_BOUNDARY_FAR,SUPPORTED,,0.028301149606704712,5.960464477539062e-07,-0.01743260771036148,0.26000112295150757,-0.6159681833642401,0.6538461538461539,3.291785955429077,-0.18047849833965302,
264,BOUNDARY_INDEPENDENT_DIAGNOSTIC,BACKWARD,187,186,SAR_BOUNDARY_FAR,SUPPORTED,,0.03823911398649216,0.0200006365776062,-0.026340395212173462,0.2700011134147644,-0.6888338265755353,0.8076923076923077,3.185572385787964,-0.13837981224060059,
264,BOUNDARY_INDEPENDENT_DIAGNOSTIC,BACKWARD,186,185,SAR_BOUNDARY_FAR,SUPPORTED,,0.028163306415081024,5.960464477539062e-07,-0.015180759131908417,0.25000113248825073,-0.5390261678855772,0.7307692307692307,3.262136697769165,-0.16833727061748505,
264,BOUNDARY_INDEPENDENT_DIAGNOSTIC,BACKWARD,185,184,SAR_BOUNDARY_FAR,SUPPORTED,,0.026761643588542938,5.960464477539062e-07,-0.012863807380199432,0.24000108242034912,-0.4806807675185773,0.5769230769230769,3.2945022583007812,-0.16660428047180176,
264,BOUNDARY_INDEPENDENT_DIAGNOSTIC,BACKWARD,184,183,SAR_BOUNDARY_FAR,SUPPORTED,,0.01679304987192154,5.960464477539062e-07,-0.013296559453010559,0.26000112295150757,-0.7917894339873776,0.6923076923076923,3.2401342391967773,-0.1475583016872406,
264,BOUNDARY_INDEPENDENT_DIAGNOSTIC,BACKWARD,183,182,SAR_BOUNDARY_FAR,SUPPORTED,,0.022617951035499573,0.010000616312026978,-0.015877753496170044,0.2700011134147644,-0.7019978720110155,0.6538461538461539,3.3431196212768555,-0.09410566836595535,
264,BOUNDARY_INDEPENDENT_DIAGNOSTIC,BACKWARD,182,181,SAR_BOUNDARY_FAR,SUPPORTED,,0.01666666567325592,0.0200006365776062,-0.010933659970760345,0.280001163482666,-0.6560196373474382,0.6923076923076923,3.2528369426727295,-0.07956013083457947,
264,BOUNDARY_INDEPENDENT_DIAGNOSTIC,BACKWARD,181,180,SAR_BOUNDARY_FAR,SUPPORTED,,0.020067408680915833,0.010000616312026978,-0.013556979596614838,0.26000112295150757,-0.6755720089314554,0.8076923076923077,3.232046127319336,-0.057184893637895584,
264,BOUNDARY_INDEPENDENT_DIAGNOSTIC,BACKWARD,180,179,SAR_BOUNDARY_FAR,SUPPORTED,,0.02293582260608673,-0.029999464750289917,-0.012775756418704987,0.280001163482666,-0.5570219406612669,0.8076923076923077,3.235919237136841,-0.19818882644176483,
264,BOUNDARY_INDEPENDENT_DIAGNOSTIC,BACKWARD,179,178,SAR_BOUNDARY_FAR,SUPPORTED,,0.015575207769870758,-0.00999942421913147,-0.016628384590148926,0.26000112295150757,-1.0676187975042921,0.6153846153846154,3.3239188194274902,-0.15598765015602112,
264,BOUNDARY_INDEPENDENT_DIAGNOSTIC,BACKWARD,178,177,SAR_BOUNDARY_FAR,SUPPORTED,,0.018512554466724396,0.04000067710876465,-0.022196710109710693,0.25000113248825073,-1.1990084971584243,0.6923076923076923,3.336590528488159,-0.1602877527475357,
264,BOUNDARY_INDEPENDENT_DIAGNOSTIC,BACKWARD,177,176,SAR_BOUNDARY_FAR,SUPPORTED,,0.0245366171002388,-0.019999444484710693,,,,0.6538461538461539,3.2594475746154785,-0.12538447976112366,
264,BOUNDARY_INDEPENDENT_DIAGNOSTIC,BACKWARD,176,175,SAR_BOUNDARY_FAR,SUPPORTED,,0.016789212822914124,0.05000069737434387,-0.014395684003829956,0.280001163482666,-0.8574365073377681,0.6153846153846154,3.236722230911255,-0.10462863743305206,
264,BOUNDARY_INDEPENDENT_DIAGNOSTIC,BACKWARD,175,174,SAR_BOUNDARY_FAR,SUPPORTED,,0.019569553434848785,-0.03999948501586914,-0.017505362629890442,0.22000104188919067,-0.894520290826744,0.6923076923076923,3.3372802734375,-0.17146266996860504,
264,BOUNDARY_INDEPENDENT_DIAGNOSTIC,BACKWARD,174,173,SAR_BOUNDARY_FAR,SUPPORTED,,0.013097435235977173,-0.019999444484710693,-0.012561261653900146,0.2700011134147644,-0.9590627040778016,0.6153846153846154,3.251570701599121,-0.16414831578731537,
264,BOUNDARY_INDEPENDENT_DIAGNOSTIC,BACKWARD,173,172,SAR_BOUNDARY_FAR,SUPPORTED,,0.018206194043159485,0.05000069737434387,-0.026018694043159485,-0.25999993085861206,-1.429112201126701,0.6153846153846154,3.2922003269195557,-0.18949507176876068,
264,BOUNDARY_INDEPENDENT_DIAGNOSTIC,BACKWARD,172,171,SAR_BOUNDARY_FAR,SUPPORTED,,0.019018083810806274,0.05000069737434387,-0.008670352399349213,0.280001163482666,-0.45590042012658644,0.6923076923076923,3.3201260566711426,-0.17663076519966125,
264,BOUNDARY_INDEPENDENT_DIAGNOSTIC,BACKWARD,171,170,SAR_BOUNDARY_FAR,SUPPORTED,,0.0119408518075943,-0.03999948501586914,-0.010110288858413696,0.18000096082687378,-0.8466974568751974,0.6538461538461539,3.294729471206665,-0.12851226329803467,
264,BOUNDARY_INDEPENDENT_DIAGNOSTIC,BACKWARD,170,169,SAR_BOUNDARY_FAR,SUPPORTED,,0.011757053434848785,5.960464477539062e-07,-0.006479792296886444,0.21000105142593384,-0.5511408392242103,0.6153846153846154,3.2799627780914307,-0.14552730321884155,
264,BOUNDARY_INDEPENDENT_DIAGNOSTIC,BACKWARD,169,168,SAR_BOUNDARY_FAR,SUPPORTED,,0.019163623452186584,5.960464477539062e-07,-0.007605694234371185,0.24000108242034912,-0.3968818450929941,0.7692307692307693,3.248532772064209,-0.12524054944515228,
264,BOUNDARY_INDEPENDENT_DIAGNOSTIC,BACKWARD,168,167,SAR_BOUNDARY_FAR,SUPPORTED,,0.013028502464294434,-0.00999942421913147,-0.012224264442920685,0.26000112295150757,-0.9382708777483965,0.6153846153846154,3.216728448867798,-0.15804928541183472,
264,BOUNDARY_INDEPENDENT_DIAGNOSTIC,BACKWARD,167,166,SAR_BOUNDARY_FAR,SUPPORTED,,0.009175851941108704,0.08000075817108154,-0.006288297474384308,0.280001163482666,-0.6853093875907181,0.5384615384615384,3.1718404293060303,-0.18081210553646088,
264,BOUNDARY_INDEPENDENT_DIAGNOSTIC,BACKWARD,166,165,SAR_BOUNDARY_FAR,PROPAGATION_AMBIGUOUS,BOUNDARY_RESPONSE_TOO_WEAK,0.002428002655506134,-0.05999952554702759,-0.003576904535293579,0.21000105142593384,-1.4731880655822218,0.5,3.263113498687744,-0.14683854579925537,
264,PAIR_SAFE_FROZEN,F264_FORWARD_PAIR_SAFE,264,265,SAR_BOUNDARY_NEAR,SUPPORTED,,0.03218059986829758,-0.019999444484710693,,,,0.8846153846153846,3.3895938396453857,-0.03708164021372795,2.0276052875330874
264,PAIR_SAFE_FROZEN,F264_FORWARD_PAIR_SAFE,264,265,SAR_BOUNDARY_FAR,SUPPORTED,,0.005641087889671326,0.030000656843185425,0.00023361295461654663,0.26000112295150757,0.041412748601964776,0.5384615384615384,3.3895938396453857,-0.03708164021372795,2.0276052875330874
264,PAIR_SAFE_FROZEN,F264_FORWARD_PAIR_SAFE,265,266,SAR_BOUNDARY_NEAR,SUPPORTED,,0.027948811650276184,-0.019999444484710693,-0.024590224027633667,0.2300010323524475,-0.8798307539988259,0.8846153846153846,3.374127149581909,-0.051388826221227646,2.087605409126563
264,PAIR_SAFE_FROZEN,F264_FORWARD_PAIR_SAFE,265,266,SAR_BOUNDARY_FAR,SUPPORTED,,0.00853247195482254,0.04000067710876465,,,,0.5769230769230769,3.374127149581909,-0.051388826221227646,2.087605409126563
264,PAIR_SAFE_FROZEN,F264_FORWARD_PAIR_SAFE,266,267,SAR_BOUNDARY_NEAR,SUPPORTED,,0.022403500974178314,0.0200006365776062,,,,0.8461538461538461,3.406799793243408,0.0048013110645115376,2.087605409126563
264,PAIR_SAFE_FROZEN,F264_FORWARD_PAIR_SAFE,266,267,SAR_BOUNDARY_FAR,SUPPORTED,,0.00885416567325592,0.0200006365776062,-0.00119868665933609,0.26000112295150757,-0.1353810967143672,0.5769230769230769,3.406799793243408,0.0048013110645115376,2.087605409126563
264,PAIR_SAFE_FROZEN,F264_FORWARD_PAIR_SAFE,267,268,SAR_BOUNDARY_NEAR,SUPPORTED,,0.02375919371843338,0.010000616312026978,-0.0059206485748291016,-0.24999991059303284,-0.2491940023299534,0.7307692307692307,3.291834592819214,0.04475526511669159,2.0376053077986667
264,PAIR_SAFE_FROZEN,F264_FORWARD_PAIR_SAFE,267,268,SAR_BOUNDARY_FAR,SUPPORTED,,0.006188720464706421,-0.03999948501586914,-0.003833487629890442,0.22000104188919067,-0.6194313754761411,0.5769230769230769,3.291834592819214,0.04475526511669159,2.0376053077986667
264,PAIR_SAFE_FROZEN,F264_FORWARD_PAIR_SAFE,268,269,SAR_BOUNDARY_NEAR,SUPPORTED,,0.03543198108673096,-0.00999942421913147,-0.040219053626060486,0.190000981092453,-1.1351059803179409,0.8846153846153846,3.3890910148620605,0.032095156610012054,2.0776053888609836
264,PAIR_SAFE_FROZEN,F264_FORWARD_PAIR_SAFE,268,269,SAR_BOUNDARY_FAR,SUPPORTED,,0.005706191062927246,0.030000656843185425,-0.00501684844493866,0.24000108242034912,-0.8791939122986608,0.5384615384615384,3.3890910148620605,0.032095156610012054,2.0776053888609836
264,PAIR_SAFE_FROZEN,F264_FORWARD_PAIR_SAFE,269,270,SAR_BOUNDARY_NEAR,PROPAGATION_AMBIGUOUS,SAR_BOUNDARY_FAR:BOUNDARY_RESPONSE_TOO_WEAK,0.028220750391483307,5.960464477539062e-07,-0.005545340478420258,-0.2799999713897705,-0.19649868984680777,0.8461538461538461,3.434288263320923,0.06435936689376831,2.147605530720038
264,PAIR_SAFE_FROZEN,F264_FORWARD_PAIR_SAFE,269,270,SAR_BOUNDARY_FAR,PROPAGATION_AMBIGUOUS,SAR_BOUNDARY_FAR:BOUNDARY_RESPONSE_TOO_WEAK,0.0019914284348487854,0.07000073790550232,-0.02162224054336548,0.2900012135505676,-10.857653815215969,0.5,3.434288263320923,0.06435936689376831,2.147605530720038
264,BOUNDARY_INDEPENDENT_DIAGNOSTIC,FORWARD,264,265,SAR_BOUNDARY_NEAR,SUPPORTED,,0.03218059986829758,-0.019999444484710693,,,,0.8846153846153846,3.3895938396453857,-0.03708164021372795,
264,BOUNDARY_INDEPENDENT_DIAGNOSTIC,FORWARD,265,266,SAR_BOUNDARY_NEAR,SUPPORTED,,0.027948811650276184,-0.019999444484710693,-0.024590224027633667,0.2300010323524475,-0.8798307539988259,0.8846153846153846,3.374127149581909,-0.051388826221227646,
264,BOUNDARY_INDEPENDENT_DIAGNOSTIC,FORWARD,266,267,SAR_BOUNDARY_NEAR,SUPPORTED,,0.022403500974178314,0.0200006365776062,,,,0.8461538461538461,3.406799793243408,0.0048013110645115376,
264,BOUNDARY_INDEPENDENT_DIAGNOSTIC,FORWARD,267,268,SAR_BOUNDARY_NEAR,SUPPORTED,,0.02375919371843338,0.010000616312026978,-0.0059206485748291016,-0.24999991059303284,-0.2491940023299534,0.7307692307692307,3.291834592819214,0.04475526511669159,
264,BOUNDARY_INDEPENDENT_DIAGNOSTIC,FORWARD,268,269,SAR_BOUNDARY_NEAR,SUPPORTED,,0.03543198108673096,-0.00999942421913147,-0.040219053626060486,0.190000981092453,-1.1351059803179409,0.8846153846153846,3.3890910148620605,0.032095156610012054,
264,BOUNDARY_INDEPENDENT_DIAGNOSTIC,FORWARD,269,270,SAR_BOUNDARY_NEAR,SUPPORTED,,0.028220750391483307,5.960464477539062e-07,-0.005545340478420258,-0.2799999713897705,-0.19649868984680777,0.8461538461538461,3.434288263320923,0.06435936689376831,
264,BOUNDARY_INDEPENDENT_DIAGNOSTIC,FORWARD,270,271,SAR_BOUNDARY_NEAR,SUPPORTED,,0.03403797745704651,0.0200006365776062,-0.04006587713956833,0.20000100135803223,-1.1770933566816242,0.8461538461538461,3.4278676509857178,-0.0038430180866271257,
264,BOUNDARY_INDEPENDENT_DIAGNOSTIC,FORWARD,271,272,SAR_BOUNDARY_NEAR,SUPPORTED,,0.039188869297504425,-0.00999942421913147,-0.01431141048669815,0.280001163482666,-0.36519069682904864,1.0,3.4174253940582275,0.004256404470652342,
264,BOUNDARY_INDEPENDENT_DIAGNOSTIC,FORWARD,272,273,SAR_BOUNDARY_NEAR,SUPPORTED,,0.0393076092004776,5.960464477539062e-07,-0.025727637112140656,-0.21999984979629517,-0.6545205275885376,0.9615384615384616,3.40218186378479,0.03375372663140297,
264,BOUNDARY_INDEPENDENT_DIAGNOSTIC,FORWARD,273,274,SAR_BOUNDARY_NEAR,SUPPORTED,,0.04512868821620941,5.960464477539062e-07,-0.005204513669013977,-0.2799999713897705,-0.11532605698794962,0.8846153846153846,3.4289941787719727,0.0010626567527651787,
264,BOUNDARY_INDEPENDENT_DIAGNOSTIC,FORWARD,274,275,SAR_BOUNDARY_NEAR,SUPPORTED,,0.02952282875776291,-0.019999444484710693,-0.01951976865530014,0.26000112295150757,-0.6611754183673032,0.8461538461538461,3.387573719024658,0.025827081874012947,
264,BOUNDARY_INDEPENDENT_DIAGNOSTIC,FORWARD,275,276,SAR_BOUNDARY_NEAR,SUPPORTED,,0.051516540348529816,0.0200006365776062,-0.0012829378247261047,-0.25999993085861206,-0.024903415797072587,1.0,3.3898239135742188,0.06435471773147583,
264,BOUNDARY_INDEPENDENT_DIAGNOSTIC,FORWARD,276,277,SAR_BOUNDARY_NEAR,SUPPORTED,,0.031755514442920685,0.010000616312026978,-0.005307890474796295,-0.2699999511241913,-0.16714862183502094,0.9615384615384616,3.388350009918213,0.028554899618029594,
264,BOUNDARY_INDEPENDENT_DIAGNOSTIC,FORWARD,277,278,SAR_BOUNDARY_NEAR,SUPPORTED,,0.033356308937072754,-0.019999444484710693,-0.04281938821077347,0.190000981092453,-1.2836968350291087,0.9230769230769231,3.3571012020111084,-0.06962589174509048,
264,BOUNDARY_INDEPENDENT_DIAGNOSTIC,FORWARD,278,279,SAR_BOUNDARY_NEAR,SUPPORTED,,0.03309973329305649,0.0200006365776062,-0.007659323513507843,-0.25999993085861206,-0.23140136646099746,0.8461538461538461,3.3921241760253906,-0.023045893758535385,
264,BOUNDARY_INDEPENDENT_DIAGNOSTIC,FORWARD,279,280,SAR_BOUNDARY_NEAR,SUPPORTED,,0.03641621768474579,-0.019999444484710693,-0.009122245013713837,-0.2699999511241913,-0.2504995189968619,0.7307692307692307,3.351917028427124,0.007710361387580633,
264,BOUNDARY_INDEPENDENT_DIAGNOSTIC,FORWARD,280,281,SAR_BOUNDARY_NEAR,SUPPORTED,,0.05064723640680313,0.010000616312026978,-0.05947842448949814,0.20000100135803223,-1.174366632993795,0.9230769230769231,3.367656707763672,0.023570194840431213,
264,BOUNDARY_INDEPENDENT_DIAGNOSTIC,FORWARD,281,282,SAR_BOUNDARY_NEAR,SUPPORTED,,0.03583027422428131,0.010000616312026978,-0.0033241435885429382,-0.28999999165534973,-0.09277471804249397,0.9615384615384616,3.3516006469726562,-0.015025845728814602,
264,BOUNDARY_INDEPENDENT_DIAGNOSTIC,FORWARD,282,283,SAR_BOUNDARY_NEAR,PROPAGATION_AMBIGUOUS,P0_UNAVAILABLE,,,,,,0.0,,,
264,BOUNDARY_INDEPENDENT_DIAGNOSTIC,FORWARD,264,265,SAR_BOUNDARY_FAR,SUPPORTED,,0.005641087889671326,0.030000656843185425,0.00023361295461654663,0.26000112295150757,0.041412748601964776,0.5384615384615384,3.3895938396453857,-0.03708164021372795,
264,BOUNDARY_INDEPENDENT_DIAGNOSTIC,FORWARD,265,266,SAR_BOUNDARY_FAR,SUPPORTED,,0.00853247195482254,0.04000067710876465,,,,0.5769230769230769,3.374127149581909,-0.051388826221227646,
264,BOUNDARY_INDEPENDENT_DIAGNOSTIC,FORWARD,266,267,SAR_BOUNDARY_FAR,SUPPORTED,,0.00885416567325592,0.0200006365776062,-0.00119868665933609,0.26000112295150757,-0.1353810967143672,0.5769230769230769,3.406799793243408,0.0048013110645115376,
264,BOUNDARY_INDEPENDENT_DIAGNOSTIC,FORWARD,267,268,SAR_BOUNDARY_FAR,SUPPORTED,,0.006188720464706421,-0.03999948501586914,-0.003833487629890442,0.22000104188919067,-0.6194313754761411,0.5769230769230769,3.291834592819214,0.04475526511669159,
264,BOUNDARY_INDEPENDENT_DIAGNOSTIC,FORWARD,268,269,SAR_BOUNDARY_FAR,SUPPORTED,,0.005706191062927246,0.030000656843185425,-0.00501684844493866,0.24000108242034912,-0.8791939122986608,0.5384615384615384,3.3890910148620605,0.032095156610012054,
264,BOUNDARY_INDEPENDENT_DIAGNOSTIC,FORWARD,269,270,SAR_BOUNDARY_FAR,PROPAGATION_AMBIGUOUS,BOUNDARY_RESPONSE_TOO_WEAK,0.0019914284348487854,0.07000073790550232,-0.02162224054336548,0.2900012135505676,-10.857653815215969,0.5,3.434288263320923,0.06435936689376831,
