path,size_bytes,sha256
output/person_terg_r2_runtime_grounding_and_full_stream_hypothesis_management_20260830/figures/01_full_stream_observability_and_anchor_overview.png,125719,E85DF574B7039BD17203429651FCA483896E5CFFEA2FAFA2D266F82CA7D35777
output/person_terg_r2_runtime_grounding_and_full_stream_hypothesis_management_20260830/figures/02_lifecycle_R01ZF_causal_replay.png,88012,6E397F0804CFB07C8F746AA12AEF933FF70F65F89854D9687E54B4868DF66B36
output/person_terg_r2_runtime_grounding_and_full_stream_hypothesis_management_20260830/figures/02_lifecycle_R01ZF_fixed_lag_100ms.png,86067,C182AD4E22EB54A06E8FD21DB9FE31DEC889DA0F12F56C7174649AAD2040C148
output/person_terg_r2_runtime_grounding_and_full_stream_hypothesis_management_20260830/figures/02_lifecycle_R01ZF_full_context_offline.png,86060,7FE9261426F6485BE2B461B9A612B67254CB80926F54FA3258662754D6EBB68A
output/person_terg_r2_runtime_grounding_and_full_stream_hypothesis_management_20260830/figures/02_lifecycle_R02ZF_causal_replay.png,169655,FBE508D3A34BA8C36DDA014B08FFDC482886499763EA6F931F652E7AF2513EBC
output/person_terg_r2_runtime_grounding_and_full_stream_hypothesis_management_20260830/figures/02_lifecycle_R02ZF_fixed_lag_100ms.png,168984,C936FCA30ECC6CED3735B8212AF4E75C0C57324D961EA169B594A3E7DF2259DD
output/person_terg_r2_runtime_grounding_and_full_stream_hypothesis_management_20260830/figures/02_lifecycle_R02ZF_full_context_offline.png,168904,3E8FB48EED0AA63B7BBB64F1A49C987535C4DE228BB8611D471FC94C8765C06B
output/person_terg_r2_runtime_grounding_and_full_stream_hypothesis_management_20260830/figures/02_lifecycle_R03ZF_causal_replay.png,62697,4B896FD7F4979F83F231CE086497BB498CAD728291E7886E0C1EE33D85A25F15
output/person_terg_r2_runtime_grounding_and_full_stream_hypothesis_management_20260830/figures/02_lifecycle_R03ZF_fixed_lag_100ms.png,62810,5A986CBA47733925D82375AA8057754ED3AD2BF5BBDBCEE69C3AEE392524CB6F
output/person_terg_r2_runtime_grounding_and_full_stream_hypothesis_management_20260830/figures/02_lifecycle_R03ZF_full_context_offline.png,61560,F32FE6D639C037D86A30168243CF0CE593CB552AD74346D6F62AEEC726A2D289
output/person_terg_r2_runtime_grounding_and_full_stream_hypothesis_management_20260830/figures/03_full_stream_q95_and_shell_burden.png,608810,79AC9526EE8098F0C692B1FCD8504C73DE05FAD8058B42303426011DA548BF53
output/person_terg_r2_runtime_grounding_and_full_stream_hypothesis_management_20260830/figures/04_negative_time_structural_control.png,81715,BDA517AF9B0F25F79755932133F843B54608683571B17CB70F0BD290BE79DDD1
output/person_terg_r2_runtime_grounding_and_full_stream_hypothesis_management_20260830/figures/05_r1_semantic_corrections.png,115276,45639602DE2AD5FBE44D869BB3DCFAF878DD8B555FA69F84284BEDC57A5BC383
output/person_terg_r2_runtime_grounding_and_full_stream_hypothesis_management_20260830/figures/06_r02_anchor_relation_propagation_chain_blocked.png,108039,0DA0BBE08DB0043EEBEBDC23F5BBF6604A3655933E5EA6CE9FE3D537C1745DF7
output/person_terg_r2_runtime_grounding_and_full_stream_hypothesis_management_20260830/post_reference_evaluation_only/exploratory_event_metrics_offline_proxy_only.csv,519,6B101D8B8471473D06C4A7DDE1D26D6A53D56185522EF6A82DC19E76A975A96E
output/person_terg_r2_runtime_grounding_and_full_stream_hypothesis_management_20260830/post_reference_evaluation_only/exploratory_event_metrics_offline_proxy_only.parquet,7385,7D6463F41D413B941026727980BC482905F1610EA8E46C7A7938FA1C510971E2
output/person_terg_r2_runtime_grounding_and_full_stream_hypothesis_management_20260830/post_reference_evaluation_only/r1_one_anchor_specific_likely_family_retention_correction.csv,38369,077BB7B4780C0B6A5CE77B258286CADFDD64E5C1023FBB27701EBCA0723BF9B2
output/person_terg_r2_runtime_grounding_and_full_stream_hypothesis_management_20260830/post_reference_evaluation_only/r1_one_anchor_specific_likely_family_retention_correction.parquet,18647,247992869F8836619A1F637F0ADDC2C8D81ECA03E88B0AA24EE4A784333F373A
output/person_terg_r2_runtime_grounding_and_full_stream_hypothesis_management_20260830/post_reference_evaluation_only/r1_two_anchor_specific_likely_family_retention_correction.csv,35634,4F444FB068E9F7E388CD47CA93CDE01044579C3559EDC9CDACFFF8D8788C4299
output/person_terg_r2_runtime_grounding_and_full_stream_hypothesis_management_20260830/post_reference_evaluation_only/r1_two_anchor_specific_likely_family_retention_correction.parquet,19492,841B1DB6A48C4A6E9467BE3BEC59F7A6F8E7A67050F0A669BD826370148D29B4
output/person_terg_r2_runtime_grounding_and_full_stream_hypothesis_management_20260830/post_reference_evaluation_only/sparse_anchor_requirement_diagnostic.csv,8646,FC8A4D9100A2B757546C01957E0D7AD1FFBAE1407F7C8803C0A9612865D541C8
output/person_terg_r2_runtime_grounding_and_full_stream_hypothesis_management_20260830/post_reference_evaluation_only/sparse_anchor_requirement_diagnostic.parquet,8032,155B53A5D0C7F6A6236D7240D3AFF6E3C2E492BF298A432718D403951A5219C9
output/person_terg_r2_runtime_grounding_and_full_stream_hypothesis_management_20260830/pre_reference/automatically_generated_reasoning_intervals_pre_reference.csv,78447,8FB7AC553BC06A04700DF53F4AC83D069A72378B72BAE812AF4F67A926C5E30B
output/person_terg_r2_runtime_grounding_and_full_stream_hypothesis_management_20260830/pre_reference/automatically_generated_reasoning_intervals_pre_reference.parquet,14227,FCA15F2B89B18A648C230E45EA1EDEC027CBBB3D3139B692C4A570EB9EA0375B
output/person_terg_r2_runtime_grounding_and_full_stream_hypothesis_management_20260830/pre_reference/failure_root_cause_diagnosis_pre_reference.csv,2126,C85FD91835083EDA16D9DBFD5FB7B28B20FEA48BD73CCB1B3DA886BC334AD0C5
output/person_terg_r2_runtime_grounding_and_full_stream_hypothesis_management_20260830/pre_reference/failure_root_cause_diagnosis_pre_reference.parquet,4233,7F1AB9B9A89584736A943632D87278B77DA9F346BC46388130B49CB00462ECE0
output/person_terg_r2_runtime_grounding_and_full_stream_hypothesis_management_20260830/pre_reference/frozen_coverage_q95_recomputation_parity.csv,10126,0B3F7714EF5AC5AE2A4628CF5409F709104C0B93C60FFB4BEB9CC11D053AC625
output/person_terg_r2_runtime_grounding_and_full_stream_hypothesis_management_20260830/pre_reference/frozen_coverage_q95_recomputation_parity.parquet,6822,9F78860A97465B014A7F3FB0D760F4C5416DC56B25C7B7893004E3A7C29D849F
output/person_terg_r2_runtime_grounding_and_full_stream_hypothesis_management_20260830/pre_reference/full_stream_available_frozen_p0_q95_edges_pre_reference.csv,1080372,4388D42BDA5B2D0CE4996F37EAC61F5BE4DE18D89F07D5795510A259482E70A2
output/person_terg_r2_runtime_grounding_and_full_stream_hypothesis_management_20260830/pre_reference/full_stream_available_frozen_p0_q95_edges_pre_reference.parquet,97809,46502564D1081BDB4C262F6E316932BA2A9EEE52F03835DCE5A83E4F4CB00746
output/person_terg_r2_runtime_grounding_and_full_stream_hypothesis_management_20260830/pre_reference/full_stream_frame_observability_pre_reference.csv,255238,C7697645E0F1258051C4DA0E1F26AD5C620A4A6A85FAC8554CDAAC50E39BD49A
output/person_terg_r2_runtime_grounding_and_full_stream_hypothesis_management_20260830/pre_reference/full_stream_frame_observability_pre_reference.parquet,23924,B350BB70B416F51C0B72374AF3887831BF3394ED29DCBA525551A6034FD1EAEB
output/person_terg_r2_runtime_grounding_and_full_stream_hypothesis_management_20260830/pre_reference/full_stream_frame_registry_pre_reference.csv,512697,07DF696B028506FE35CD53487E4F27FCD9DF40A2F985D5E46A2C3ADFF6B1F0C4
output/person_terg_r2_runtime_grounding_and_full_stream_hypothesis_management_20260830/pre_reference/full_stream_frame_registry_pre_reference.parquet,29304,34BBF058B306DDF4CE2EF8AC1E90343ACAA4AC0F9C2FD4C3698C8D8EA26B7A87
output/person_terg_r2_runtime_grounding_and_full_stream_hypothesis_management_20260830/pre_reference/full_stream_frozen_p0_availability_pre_reference.csv,86841,F4DB69A4228DF1E22CB58AC8249ED3F725A0AC725601977303CEF9C7A1EB21B4
output/person_terg_r2_runtime_grounding_and_full_stream_hypothesis_management_20260830/pre_reference/full_stream_frozen_p0_availability_pre_reference.parquet,8678,A5359AD163778B468AFD105D2BA342BA1F54AF3206A9159E4B0E8F52E827B865
output/person_terg_r2_runtime_grounding_and_full_stream_hypothesis_management_20260830/pre_reference/full_stream_hypothesis_lifecycle_pre_reference.csv,22862458,B09DEFF0BBE84174C3F9A3959B06FCF65EBB81C99B0A26DCEF9BA7547239B216
output/person_terg_r2_runtime_grounding_and_full_stream_hypothesis_management_20260830/pre_reference/full_stream_hypothesis_lifecycle_pre_reference.parquet,252059,569859E458F321EA7E21C74E4ACED3C827B5F6F936C1A7DF7E7E7AFD1E90B86D
output/person_terg_r2_runtime_grounding_and_full_stream_hypothesis_management_20260830/pre_reference/full_stream_hypothesis_lifecycle_with_anchor_state_pre_reference.csv,23092524,B38958150EF69B6F9D4E866E8F09E2F98D860979F0E977F168CBA520335F6B48
output/person_terg_r2_runtime_grounding_and_full_stream_hypothesis_management_20260830/pre_reference/full_stream_hypothesis_lifecycle_with_anchor_state_pre_reference.parquet,252214,756CCAC52036AA5E8DE60207DAE373A3A65551E52990375563D0A2487E416223
output/person_terg_r2_runtime_grounding_and_full_stream_hypothesis_management_20260830/pre_reference/full_stream_optical_shells_pre_reference.csv,846309,096142331AA13E26479020DECB8291C1777178A4F5DC7BE2789B735D0BDAD25C
output/person_terg_r2_runtime_grounding_and_full_stream_hypothesis_management_20260830/pre_reference/full_stream_optical_shells_pre_reference.parquet,65525,34A0AE4BA41613E0A63DF9DAE420355F88E22629C6ECF49A0A4D72894ABB1F1C
output/person_terg_r2_runtime_grounding_and_full_stream_hypothesis_management_20260830/pre_reference/full_stream_q95_frame_summary_pre_reference.csv,287642,2950D32848A8B63BD9998E48812B89A195C4716197D996EA888244FCDCE30887
output/person_terg_r2_runtime_grounding_and_full_stream_hypothesis_management_20260830/pre_reference/full_stream_q95_frame_summary_pre_reference.parquet,23405,6BC78BBAFDE9794D7C82D9E3F6B34313C838F6CC9A1AC6801A031C76FC655B8D
output/person_terg_r2_runtime_grounding_and_full_stream_hypothesis_management_20260830/pre_reference/full_stream_q95_masks/R01ZF_SARF000000.npz,6684,EEF60F5A920636CE346AF51325B5713C6FA1EABD8313487BCBF2B64F7871FB5E
output/person_terg_r2_runtime_grounding_and_full_stream_hypothesis_management_20260830/pre_reference/full_stream_q95_masks/R01ZF_SARF000001.npz,6916,830A704506A80E2C633B55E4CB42153B281616A6FB291644B7C15773184510F4
output/person_terg_r2_runtime_grounding_and_full_stream_hypothesis_management_20260830/pre_reference/full_stream_q95_masks/R01ZF_SARF000002.npz,6917,D0AD7190E4E8AFE960492CA07C2C8F465AF9357EBF4131F2FBF18E4BFCBD7E46
output/person_terg_r2_runtime_grounding_and_full_stream_hypothesis_management_20260830/pre_reference/full_stream_q95_masks/R01ZF_SARF000003.npz,6753,6E69768A959A048D58831FA12DA285812D0C9010A15241432A1AC75BCD11B5E9
output/person_terg_r2_runtime_grounding_and_full_stream_hypothesis_management_20260830/pre_reference/full_stream_q95_masks/R01ZF_SARF000004.npz,6596,A5A406EE01CBD1FC8488F59BE909DA2AB8295532606AF1CE4D5954CE2FBCDFF0
output/person_terg_r2_runtime_grounding_and_full_stream_hypothesis_management_20260830/pre_reference/full_stream_q95_masks/R01ZF_SARF000005.npz,6677,1BB6B01DDF73E4E6A09F2B2DC12A4A1A8B34AFC7669664A3B3840DC453A6014C
output/person_terg_r2_runtime_grounding_and_full_stream_hypothesis_management_20260830/pre_reference/full_stream_q95_masks/R01ZF_SARF000006.npz,6691,4E50859D0D56A6184E487F41DC9714E5CB1F12759BCDBEABD78B79DE78D58D82
output/person_terg_r2_runtime_grounding_and_full_stream_hypothesis_management_20260830/pre_reference/full_stream_q95_masks/R01ZF_SARF000007.npz,6619,5B6226803AD249F9ECF016F8B62897BDDB9C6564894A36F9FF225F7471FF2BC6
output/person_terg_r2_runtime_grounding_and_full_stream_hypothesis_management_20260830/pre_reference/full_stream_q95_masks/R01ZF_SARF000008.npz,6668,7A2F240EB6E366B8C79D2644AD8C066D90C46AD714441DFC9909D47D9AA8ECBE
output/person_terg_r2_runtime_grounding_and_full_stream_hypothesis_management_20260830/pre_reference/full_stream_q95_masks/R01ZF_SARF000009.npz,7226,3760B8860EEC809D78669DF0D94BD6943CE49579996010F1F57F40824200CD84
output/person_terg_r2_runtime_grounding_and_full_stream_hypothesis_management_20260830/pre_reference/full_stream_q95_masks/R01ZF_SARF000010.npz,6833,B0E83CBCE233928759B6DCAEA718E73D8D3EDE0F0702A6240D9B9985D927AB65
output/person_terg_r2_runtime_grounding_and_full_stream_hypothesis_management_20260830/pre_reference/full_stream_q95_masks/R01ZF_SARF000011.npz,7139,DE5FF85EB7FB2802F0995EFEDF55F9EBD7AD467C172128A34D48B29C98EBF80B
output/person_terg_r2_runtime_grounding_and_full_stream_hypothesis_management_20260830/pre_reference/full_stream_q95_masks/R01ZF_SARF000012.npz,7146,EEC316BEBE669D6CF59800B2FB7D7E54BC4CDCFACC33F5507306B2D72E03A11C
output/person_terg_r2_runtime_grounding_and_full_stream_hypothesis_management_20260830/pre_reference/full_stream_q95_masks/R01ZF_SARF000013.npz,7153,DAEC4BD36BBDC4A25C3731F6221196A181F476443A0824A5ED8839C7C0F01ACD
output/person_terg_r2_runtime_grounding_and_full_stream_hypothesis_management_20260830/pre_reference/full_stream_q95_masks/R01ZF_SARF000014.npz,7006,76F4AABE21E09152B507EA90412AC1B2CAD9B4FFD27F12BB480D9D3F2AC021F8
output/person_terg_r2_runtime_grounding_and_full_stream_hypothesis_management_20260830/pre_reference/full_stream_q95_masks/R01ZF_SARF000015.npz,6972,BA43C17AD0AF289BB5357590DBC6C925D56CB73EB5970CDD31626593E8D648BA
output/person_terg_r2_runtime_grounding_and_full_stream_hypothesis_management_20260830/pre_reference/full_stream_q95_masks/R01ZF_SARF000016.npz,6839,9F8F9FADFFA0453A244C6D63EDD99AA417643FD05D04E65441D15D0B2277C745
output/person_terg_r2_runtime_grounding_and_full_stream_hypothesis_management_20260830/pre_reference/full_stream_q95_masks/R01ZF_SARF000017.npz,6892,50E28D3B71DC7046167937CF50B015DA6E7BCEEFCA17C3205E7CEBB23BAAB95A
output/person_terg_r2_runtime_grounding_and_full_stream_hypothesis_management_20260830/pre_reference/full_stream_q95_masks/R01ZF_SARF000018.npz,6668,336939944CC0282BCF659B24D58D8EB444D2BC1AB0BB4AADE038A695D970A415
output/person_terg_r2_runtime_grounding_and_full_stream_hypothesis_management_20260830/pre_reference/full_stream_q95_masks/R01ZF_SARF000019.npz,6886,859A08A9C22D3802FED4786E9E2C9B07D9FE8376B5397520F1CADC3AD22FD933
output/person_terg_r2_runtime_grounding_and_full_stream_hypothesis_management_20260830/pre_reference/full_stream_q95_masks/R01ZF_SARF000020.npz,6859,2A27DA7D1BAAEEE3DB5C7F52BECF1BE71BC6550CD351987F4827202C1152335F
output/person_terg_r2_runtime_grounding_and_full_stream_hypothesis_management_20260830/pre_reference/full_stream_q95_masks/R01ZF_SARF000021.npz,6861,C7BBD612313AE9EEBCB7D23FDB5A3D7BB5A3D3728687AD870505892B90D7708E
output/person_terg_r2_runtime_grounding_and_full_stream_hypothesis_management_20260830/pre_reference/full_stream_q95_masks/R01ZF_SARF000022.npz,6681,0C647DAFF38B305D995FB5D2ADB0D11CC22CBDDF2929A56A78835535D46172C8
output/person_terg_r2_runtime_grounding_and_full_stream_hypothesis_management_20260830/pre_reference/full_stream_q95_masks/R01ZF_SARF000023.npz,6886,EDAB26E7B8B887E9FB29B638E7AD22044FDDBFACDAAC24E261200618757BB159
output/person_terg_r2_runtime_grounding_and_full_stream_hypothesis_management_20260830/pre_reference/full_stream_q95_masks/R01ZF_SARF000024.npz,6768,A1A89846C9DDDE7EE307C75582B552983053D96BA993D7E03C0D14578E76B543
output/person_terg_r2_runtime_grounding_and_full_stream_hypothesis_management_20260830/pre_reference/full_stream_q95_masks/R01ZF_SARF000025.npz,6850,7B8412D264AC83D21526DE16CC0A8F6A69E76136613967EBB61118FA1463DAC5
output/person_terg_r2_runtime_grounding_and_full_stream_hypothesis_management_20260830/pre_reference/full_stream_q95_masks/R01ZF_SARF000026.npz,6687,2444AF024742A5099299BFFBD469D7DCE23F28A7663093039E8D6B0F613788D3
output/person_terg_r2_runtime_grounding_and_full_stream_hypothesis_management_20260830/pre_reference/full_stream_q95_masks/R01ZF_SARF000027.npz,6634,2DB913E4C9182C1AE37B37FE4BD2B938242FD985506E62BAC212A9BC9F7F627F
output/person_terg_r2_runtime_grounding_and_full_stream_hypothesis_management_20260830/pre_reference/full_stream_q95_masks/R01ZF_SARF000028.npz,6728,2AFB07BAE097C81F79D76C4D44FB02F9CFB423C52323DE0906002CAF4CE52DDF
output/person_terg_r2_runtime_grounding_and_full_stream_hypothesis_management_20260830/pre_reference/full_stream_q95_masks/R01ZF_SARF000029.npz,6619,BC0F04A8762A632949A27E81FA505882D1466B174CCBBE681395E31142415976
output/person_terg_r2_runtime_grounding_and_full_stream_hypothesis_management_20260830/pre_reference/full_stream_q95_masks/R01ZF_SARF000030.npz,6852,289D0855FF37304A95BDE21B929D3EB46F6441156533AC41530B1BF3F2AEB1BF
output/person_terg_r2_runtime_grounding_and_full_stream_hypothesis_management_20260830/pre_reference/full_stream_q95_masks/R01ZF_SARF000031.npz,6925,B45C4E02B7DD96DA68222D2F002E488227768BE7F0996E90CA8E7DB5BCB79A53
output/person_terg_r2_runtime_grounding_and_full_stream_hypothesis_management_20260830/pre_reference/full_stream_q95_masks/R01ZF_SARF000032.npz,7168,78FC441A0EB89CF9AB5D742F82EEEDA926E465E4CAF62C5E111BC4FEB8DE0C3F
output/person_terg_r2_runtime_grounding_and_full_stream_hypothesis_management_20260830/pre_reference/full_stream_q95_masks/R01ZF_SARF000033.npz,6904,F56561EA22121D89319EEBCB021081767209FC15BAAD6D28C69C799BC65B626D
output/person_terg_r2_runtime_grounding_and_full_stream_hypothesis_management_20260830/pre_reference/full_stream_q95_masks/R01ZF_SARF000034.npz,6748,7BF08AD11249A194F4FC31D8764AAC3C3C39194E8924AEFA535F3B34C014880A
output/person_terg_r2_runtime_grounding_and_full_stream_hypothesis_management_20260830/pre_reference/full_stream_q95_masks/R01ZF_SARF000035.npz,6849,77F3FA338F9A6F0B1A99B11A9A7909C8B0041B73ECCFDD499ECE9143483DA139
output/person_terg_r2_runtime_grounding_and_full_stream_hypothesis_management_20260830/pre_reference/full_stream_q95_masks/R01ZF_SARF000036.npz,6839,4E63D1DDDC8D9012C4FC3B2D48E21CFBA45272F247D0DD172DD85DF27649DE51
output/person_terg_r2_runtime_grounding_and_full_stream_hypothesis_management_20260830/pre_reference/full_stream_q95_masks/R01ZF_SARF000037.npz,6512,3706E0EE4027200B6F526B2B2F8B3910A16872BA801344D9594844D0BC805B2A
output/person_terg_r2_runtime_grounding_and_full_stream_hypothesis_management_20260830/pre_reference/full_stream_q95_masks/R01ZF_SARF000038.npz,6860,946326F5CA519CA90C64E61833F67C76849C3F79318674F6D9AFB2E69E28A86A
output/person_terg_r2_runtime_grounding_and_full_stream_hypothesis_management_20260830/pre_reference/full_stream_q95_masks/R01ZF_SARF000039.npz,6581,66B961020D41CFABAE301DB3552107BD2ADD47139106AA2705628A56D9327B26
output/person_terg_r2_runtime_grounding_and_full_stream_hypothesis_management_20260830/pre_reference/full_stream_q95_masks/R01ZF_SARF000040.npz,6097,D8BE4094E16A1F817EF0DB2FDF6DD936EAE4C687DC2E6FFE783F3C76CC9474F1
output/person_terg_r2_runtime_grounding_and_full_stream_hypothesis_management_20260830/pre_reference/full_stream_q95_masks/R01ZF_SARF000041.npz,6319,8710408E7EF6FB0957C92C64EE739B0A02E04BB11785A4BF5BB9058573F2A3C9
output/person_terg_r2_runtime_grounding_and_full_stream_hypothesis_management_20260830/pre_reference/full_stream_q95_masks/R01ZF_SARF000042.npz,6963,DE6E518598B528D3D0F11178C65D495AF452B92AB0B821A13B2312CE20F6F0D6
output/person_terg_r2_runtime_grounding_and_full_stream_hypothesis_management_20260830/pre_reference/full_stream_q95_masks/R01ZF_SARF000043.npz,6626,3946A67643B948FE2A32869EAB51765AB0BC0E9AB383D805BA55E1C539DD46AC
output/person_terg_r2_runtime_grounding_and_full_stream_hypothesis_management_20260830/pre_reference/full_stream_q95_masks/R01ZF_SARF000044.npz,6896,F03AA1EA32DA4464CF3D780C082B23E177E356D70BF6C90BEAE6C3CAD4E85256
output/person_terg_r2_runtime_grounding_and_full_stream_hypothesis_management_20260830/pre_reference/full_stream_q95_masks/R01ZF_SARF000045.npz,6909,63F46D06DD8AA33E8CBA22A72BFA98BEBB13115F68EC3570006FC1676C62024C
output/person_terg_r2_runtime_grounding_and_full_stream_hypothesis_management_20260830/pre_reference/full_stream_q95_masks/R01ZF_SARF000046.npz,6916,5B62F73FB92D51DC9C52821616112E225265F24A8C8966542E22D328484EEB46
output/person_terg_r2_runtime_grounding_and_full_stream_hypothesis_management_20260830/pre_reference/full_stream_q95_masks/R01ZF_SARF000047.npz,6859,EAD6D937403360314CEB09276A6B1B64F4ACB173C07CA5BDE7D27126554C83B0
output/person_terg_r2_runtime_grounding_and_full_stream_hypothesis_management_20260830/pre_reference/full_stream_q95_masks/R01ZF_SARF000048.npz,6922,C6890F4D82653B74A2FBECB46390616473F6B81A2B99D7F67EAAE8D0D283939E
output/person_terg_r2_runtime_grounding_and_full_stream_hypothesis_management_20260830/pre_reference/full_stream_q95_masks/R01ZF_SARF000049.npz,6703,C89C1612A93B11D8F43CB79FB065EEFFDB06D7802FF327C6F05A0E35CAAC7A3A
output/person_terg_r2_runtime_grounding_and_full_stream_hypothesis_management_20260830/pre_reference/full_stream_q95_masks/R01ZF_SARF000050.npz,6956,940F0A27700AD528BD3327B849ADD1AFBD2D8CD78699CC603BAC33B0167C41FC
output/person_terg_r2_runtime_grounding_and_full_stream_hypothesis_management_20260830/pre_reference/full_stream_q95_masks/R01ZF_SARF000051.npz,7012,9969961CD3CEC668789E31D98793076BD840F8DE2CC51F78C3271D87D4D557FF
output/person_terg_r2_runtime_grounding_and_full_stream_hypothesis_management_20260830/pre_reference/full_stream_q95_masks/R01ZF_SARF000052.npz,7068,F34D4F43D42ED2331F924AE633D64EC141647B2F546408B83AA92C16E7B002D3
output/person_terg_r2_runtime_grounding_and_full_stream_hypothesis_management_20260830/pre_reference/full_stream_q95_masks/R01ZF_SARF000053.npz,6773,01F879C58A005860F9EDC541F8353AAF3C7A9CF1FC98DF7FB1DD071F5C41DAD9
output/person_terg_r2_runtime_grounding_and_full_stream_hypothesis_management_20260830/pre_reference/full_stream_q95_masks/R01ZF_SARF000054.npz,6920,13C69D4396B0C8E07CB5588DA1C488A64203AD7602548441D1AF1DD7B2025D03
output/person_terg_r2_runtime_grounding_and_full_stream_hypothesis_management_20260830/pre_reference/full_stream_q95_masks/R01ZF_SARF000055.npz,6609,6D110A26FF93992E47CBA3E08F714EAE1A7ADFCA532F6ADF102D1123DDE73AA1
output/person_terg_r2_runtime_grounding_and_full_stream_hypothesis_management_20260830/pre_reference/full_stream_q95_masks/R01ZF_SARF000056.npz,6787,7154C2D3C54F300F3D297EC89B8EE547B9257E00A0A6F787052D35A205A0C6C3
output/person_terg_r2_runtime_grounding_and_full_stream_hypothesis_management_20260830/pre_reference/full_stream_q95_masks/R01ZF_SARF000057.npz,6534,D04A9695B30AB6F80535F3EA560692C0A8BB5430E48841ED3DE1BC939C051859
output/person_terg_r2_runtime_grounding_and_full_stream_hypothesis_management_20260830/pre_reference/full_stream_q95_masks/R01ZF_SARF000058.npz,6616,8E05F9DFC7080D5B23269D583B20C655931DE8D7929F37C11EB63BC1C8070BBE
output/person_terg_r2_runtime_grounding_and_full_stream_hypothesis_management_20260830/pre_reference/full_stream_q95_masks/R01ZF_SARF000059.npz,6700,4C27A29CD9024C2E357A5900825C70EFE9DDAAFEAE28457AEA615CE0E808CC16
output/person_terg_r2_runtime_grounding_and_full_stream_hypothesis_management_20260830/pre_reference/full_stream_q95_masks/R01ZF_SARF000060.npz,6836,CC92E3AC833F9925583B9BABCBB8D60A69D66E6211B2D8652AB511F7C595A162
output/person_terg_r2_runtime_grounding_and_full_stream_hypothesis_management_20260830/pre_reference/full_stream_q95_masks/R01ZF_SARF000061.npz,7085,A44EFA84BEDCA2E41808D1C1A11C263BF802006741C34CD56FB4C11121C0CF62
output/person_terg_r2_runtime_grounding_and_full_stream_hypothesis_management_20260830/pre_reference/full_stream_q95_masks/R01ZF_SARF000062.npz,7125,F8FDAE908E97640898BEE85A313EF7FEE616B8A503C606460C97EA2BB84ECC48
output/person_terg_r2_runtime_grounding_and_full_stream_hypothesis_management_20260830/pre_reference/full_stream_q95_masks/R01ZF_SARF000063.npz,6997,D0A04305046CA6D5D07B49CC57D3143C9F26BDD190BC3EB60E2CA0537AB8BED7
output/person_terg_r2_runtime_grounding_and_full_stream_hypothesis_management_20260830/pre_reference/full_stream_q95_masks/R01ZF_SARF000064.npz,6846,D18747515AC0A6C373207EEB6D11FEECB20B30F25A784034CD1442598AAAC6EE
output/person_terg_r2_runtime_grounding_and_full_stream_hypothesis_management_20260830/pre_reference/full_stream_q95_masks/R01ZF_SARF000065.npz,6990,85CA953B8C39F00EA32CC1AB49E199DFEFE560FE782F4756C265F5C7E0FF448F
output/person_terg_r2_runtime_grounding_and_full_stream_hypothesis_management_20260830/pre_reference/full_stream_q95_masks/R01ZF_SARF000066.npz,6668,FA51C9EE44828A6F3A8477BF725DC03180DE2BB0C805E822E881766A6E143C63
output/person_terg_r2_runtime_grounding_and_full_stream_hypothesis_management_20260830/pre_reference/full_stream_q95_masks/R01ZF_SARF000067.npz,6950,CDE159B268BCB44D771BEFE2D7B1BA20374D5C260E7F17900F73BC6091B46A4B
output/person_terg_r2_runtime_grounding_and_full_stream_hypothesis_management_20260830/pre_reference/full_stream_q95_masks/R01ZF_SARF000068.npz,6857,08267E68E4D2407BE066DA0038CE273CC62894BCAAB7CE5D3D03D5E9FF027AF2
output/person_terg_r2_runtime_grounding_and_full_stream_hypothesis_management_20260830/pre_reference/full_stream_q95_masks/R01ZF_SARF000069.npz,7047,0DB25AD5A8A80514BAFE9C0C49CCA5BC18E5CF3CD6592C5AB699A48AB8D15CCC
output/person_terg_r2_runtime_grounding_and_full_stream_hypothesis_management_20260830/pre_reference/full_stream_q95_masks/R01ZF_SARF000070.npz,6932,26D6AEF9A5367AA34E0EDDEAB2D1A2ABF8DA5788E6137C233D1816243A7FA687
output/person_terg_r2_runtime_grounding_and_full_stream_hypothesis_management_20260830/pre_reference/full_stream_q95_masks/R01ZF_SARF000071.npz,6671,F96C3835FB3D2257CD152710855B3334F883B4EC81A8613DFFD9621050B76606
output/person_terg_r2_runtime_grounding_and_full_stream_hypothesis_management_20260830/pre_reference/full_stream_q95_masks/R01ZF_SARF000072.npz,6846,96183A4378933A35181F79303011346DC84536CF4880B91299DA8E6E064AD090
output/person_terg_r2_runtime_grounding_and_full_stream_hypothesis_management_20260830/pre_reference/full_stream_q95_masks/R01ZF_SARF000073.npz,6684,7F7C84A146E6F6D3CA2A585E808661DD0E55671821FF91B8B2E0481A26811AED
output/person_terg_r2_runtime_grounding_and_full_stream_hypothesis_management_20260830/pre_reference/full_stream_q95_masks/R01ZF_SARF000074.npz,6485,86FB8C675527A6F3BE7B8B83EFC5EE5C8C97A6DA2697B72E1E3421ADF55841A1
output/person_terg_r2_runtime_grounding_and_full_stream_hypothesis_management_20260830/pre_reference/full_stream_q95_masks/R01ZF_SARF000075.npz,6628,AD78AE899EC9CBE52B2A9AC5F129AD8C3E4C53C41DB792F10E41A52CCA231CAA
output/person_terg_r2_runtime_grounding_and_full_stream_hypothesis_management_20260830/pre_reference/full_stream_q95_masks/R01ZF_SARF000076.npz,6768,FB1A3882C1C3B94FD2ADEE90DCCB2471D1EEA9C53A7FA9EF8B1AF2B8E213FB5B
output/person_terg_r2_runtime_grounding_and_full_stream_hypothesis_management_20260830/pre_reference/full_stream_q95_masks/R01ZF_SARF000077.npz,6649,72EF7E4D405B3C8477A1630F41E5802928C4A65E365C3790B172802CCC922E93
output/person_terg_r2_runtime_grounding_and_full_stream_hypothesis_management_20260830/pre_reference/full_stream_q95_masks/R01ZF_SARF000078.npz,6681,E988227454338850BFC6F898E14BC2419061CA6C59E72A0DE9317D93B293E664
output/person_terg_r2_runtime_grounding_and_full_stream_hypothesis_management_20260830/pre_reference/full_stream_q95_masks/R01ZF_SARF000079.npz,6790,39956F339CEB2029A948399C023A1038340FB0924B08CCD144E2DFF741CE5829
output/person_terg_r2_runtime_grounding_and_full_stream_hypothesis_management_20260830/pre_reference/full_stream_q95_masks/R01ZF_SARF000080.npz,6704,B953E319EA001DDD36348F34F561016F755D4A33053C9E9294A00622D9E04FB5
output/person_terg_r2_runtime_grounding_and_full_stream_hypothesis_management_20260830/pre_reference/full_stream_q95_masks/R01ZF_SARF000081.npz,6719,609ADD806CBBEC011AC359EAAF176C5C6294D43B4A60078AC7777F044DB6C16A
output/person_terg_r2_runtime_grounding_and_full_stream_hypothesis_management_20260830/pre_reference/full_stream_q95_masks/R01ZF_SARF000082.npz,6615,E6AA536DC8653EA31F81E9D82CBDB3132129E1D1031351073BB82F11C1791B2E
output/person_terg_r2_runtime_grounding_and_full_stream_hypothesis_management_20260830/pre_reference/full_stream_q95_masks/R01ZF_SARF000083.npz,6592,D565092D14FF401DCF79A04856A57670CACAB51F0B2CB3F0B4DD2B5D4B9BFD1C
output/person_terg_r2_runtime_grounding_and_full_stream_hypothesis_management_20260830/pre_reference/full_stream_q95_masks/R01ZF_SARF000084.npz,6517,E08B6F847149B9AAE27F122D6B72C5DDF372A38E9827734FAEE8D7CF2F1938B7
output/person_terg_r2_runtime_grounding_and_full_stream_hypothesis_management_20260830/pre_reference/full_stream_q95_masks/R01ZF_SARF000085.npz,6653,35A248D50DC8D79DFB7C1AB5F3EA543B2A1FEFE4DC0305AAE807CCDB29BF8D1B
output/person_terg_r2_runtime_grounding_and_full_stream_hypothesis_management_20260830/pre_reference/full_stream_q95_masks/R01ZF_SARF000086.npz,6732,49E242083DA4FBA1E6E53B40BC65FFD5B08694178E0CA198EA4478228E9442BE
output/person_terg_r2_runtime_grounding_and_full_stream_hypothesis_management_20260830/pre_reference/full_stream_q95_masks/R01ZF_SARF000087.npz,6601,A9DB262FA049FAB330C8BB7DA56EA9626FB776874C7E6ABB0CBB8D3E34930F35
output/person_terg_r2_runtime_grounding_and_full_stream_hypothesis_management_20260830/pre_reference/full_stream_q95_masks/R01ZF_SARF000088.npz,6625,0B1C29CC347BD806628023D1C3BA9082B128DA55FA553FCDE0420E4666113A48
output/person_terg_r2_runtime_grounding_and_full_stream_hypothesis_management_20260830/pre_reference/full_stream_q95_masks/R01ZF_SARF000089.npz,6479,7B41CBBB4A6CB1AB55FA13BE7A6B928A897CA8FE99AADFF332C7914F2CF80CC7
output/person_terg_r2_runtime_grounding_and_full_stream_hypothesis_management_20260830/pre_reference/full_stream_q95_masks/R01ZF_SARF000090.npz,6584,465BC135EFEC4349A588CC002A364F8745654332F7F104344D9DD9BA2FBC37A8
output/person_terg_r2_runtime_grounding_and_full_stream_hypothesis_management_20260830/pre_reference/full_stream_q95_masks/R01ZF_SARF000091.npz,6719,D736A617866DAF0B7CBDCB8C1E9A4C77A711CFAC60762196ED01332E582F508B
output/person_terg_r2_runtime_grounding_and_full_stream_hypothesis_management_20260830/pre_reference/full_stream_q95_masks/R01ZF_SARF000092.npz,6567,175A2CD5E65B5968C6BA3D08AE6982E42CAE34C2678592184778ED11C9E5B531
output/person_terg_r2_runtime_grounding_and_full_stream_hypothesis_management_20260830/pre_reference/full_stream_q95_masks/R01ZF_SARF000093.npz,6678,49B965734A2DF85F1E91020CEAE0D4B70B5677EF1C399FF0A6905FE96589DE69
output/person_terg_r2_runtime_grounding_and_full_stream_hypothesis_management_20260830/pre_reference/full_stream_q95_masks/R01ZF_SARF000094.npz,6791,063D87A2A80324E26FCD8D1896AFA3551413149D0036C41423980588661EFECA
output/person_terg_r2_runtime_grounding_and_full_stream_hypothesis_management_20260830/pre_reference/full_stream_q95_masks/R01ZF_SARF000095.npz,6783,DE6C2115A4258A04A293D6AA81AF1A219349E0496C6844AAA04D86DF66FE903E
output/person_terg_r2_runtime_grounding_and_full_stream_hypothesis_management_20260830/pre_reference/full_stream_q95_masks/R01ZF_SARF000096.npz,6736,573863343E137968B6F4A7A42E7C56689C251BABA28563B5B1AEF06C68370863
output/person_terg_r2_runtime_grounding_and_full_stream_hypothesis_management_20260830/pre_reference/full_stream_q95_masks/R01ZF_SARF000097.npz,6637,A6242E1599C5666DCF0ACFF6BE524C05FA820A175735234B8B63843F3936619A
output/person_terg_r2_runtime_grounding_and_full_stream_hypothesis_management_20260830/pre_reference/full_stream_q95_masks/R01ZF_SARF000098.npz,6622,91D09E123D2F69722225CF91C5AF97AC9D7B58A43D81F4C251D1E28A5899998E
output/person_terg_r2_runtime_grounding_and_full_stream_hypothesis_management_20260830/pre_reference/full_stream_q95_masks/R01ZF_SARF000099.npz,6784,B58F1E5B907D58248ED2AFC40781752CBD8139B773606ECC64F2AC40535C6358
output/person_terg_r2_runtime_grounding_and_full_stream_hypothesis_management_20260830/pre_reference/full_stream_q95_masks/R01ZF_SARF000100.npz,6757,E9470640AD1EE7AE47198792D00E79A72904E2A6201246AEB3E2BB59F374ADC5
output/person_terg_r2_runtime_grounding_and_full_stream_hypothesis_management_20260830/pre_reference/full_stream_q95_masks/R01ZF_SARF000101.npz,6678,908832F33E1494F8837D56C21BBB3A689416EE3FA920D927370FA1C96AF93EA9
output/person_terg_r2_runtime_grounding_and_full_stream_hypothesis_management_20260830/pre_reference/full_stream_q95_masks/R01ZF_SARF000102.npz,6782,07080DD6BE5B9CAC8F4F80542E3A00665F73B9A84869E2B4D9F46E24F4F50A3D
output/person_terg_r2_runtime_grounding_and_full_stream_hypothesis_management_20260830/pre_reference/full_stream_q95_masks/R01ZF_SARF000103.npz,6555,F224690742BE7E037D7AD38E2E57DC41A04FB0EB11F47A9492060E0081F65A0B
output/person_terg_r2_runtime_grounding_and_full_stream_hypothesis_management_20260830/pre_reference/full_stream_q95_masks/R01ZF_SARF000104.npz,6681,94AA461664C2C518991233E92C04990FABF0A09B3E0233580A07BFA60E0F640B
output/person_terg_r2_runtime_grounding_and_full_stream_hypothesis_management_20260830/pre_reference/full_stream_q95_masks/R01ZF_SARF000105.npz,6605,386CD7CD872C35B9DCC4AECE478BAECF6AF33CE52A0346733F4D78E331A36C09
output/person_terg_r2_runtime_grounding_and_full_stream_hypothesis_management_20260830/pre_reference/full_stream_q95_masks/R01ZF_SARF000106.npz,6656,8FB3C9C835553E971B9A85DE3E191635FF0F9D4E97CD12D78B165D275B4BBA95
output/person_terg_r2_runtime_grounding_and_full_stream_hypothesis_management_20260830/pre_reference/full_stream_q95_masks/R01ZF_SARF000107.npz,6785,F3D61FABA50E07BDC499D00D5A7B4631DDDB422AD6C0342B25E78C74EAA898E6
output/person_terg_r2_runtime_grounding_and_full_stream_hypothesis_management_20260830/pre_reference/full_stream_q95_masks/R01ZF_SARF000108.npz,6814,591AC3341CE4B9525BE8B9855399652F2F03029AE6DC7B86D08D158FEA9BF75B
output/person_terg_r2_runtime_grounding_and_full_stream_hypothesis_management_20260830/pre_reference/full_stream_q95_masks/R01ZF_SARF000109.npz,6752,2F80E3B85A0F0EE7544132BF0165494CC006CAFD8EE21B38D3002D77CA7B2150
output/person_terg_r2_runtime_grounding_and_full_stream_hypothesis_management_20260830/pre_reference/full_stream_q95_masks/R01ZF_SARF000110.npz,6798,FBF2C25A8A64D4887940F7E088C956E90056396C00A46A801B916F4129006B66
output/person_terg_r2_runtime_grounding_and_full_stream_hypothesis_management_20260830/pre_reference/full_stream_q95_masks/R01ZF_SARF000111.npz,6626,3117AA7C66A7EAE5B1FA6BB998FE494EB01D41DD27FA53EE77334DAB2A846753
output/person_terg_r2_runtime_grounding_and_full_stream_hypothesis_management_20260830/pre_reference/full_stream_q95_masks/R01ZF_SARF000112.npz,6577,0683F302FABC6E54AFF301E93A35B4427D838B29E01E915D56DBC5DA334F059B
output/person_terg_r2_runtime_grounding_and_full_stream_hypothesis_management_20260830/pre_reference/full_stream_q95_masks/R01ZF_SARF000113.npz,6492,20854DD8D086ADB24DE78E5F9584FF2CD9C3CE5B1C952D2D7ABCB33C930E29BD
output/person_terg_r2_runtime_grounding_and_full_stream_hypothesis_management_20260830/pre_reference/full_stream_q95_masks/R01ZF_SARF000114.npz,6519,57242F151BE2EDB11B1EB92EF61E51A980FEF516E82189BAEF3879F2DEB6B240
output/person_terg_r2_runtime_grounding_and_full_stream_hypothesis_management_20260830/pre_reference/full_stream_q95_masks/R01ZF_SARF000115.npz,6502,C043E294FCE32071FDEE1A0A93859DEFE34C44B291B857007A4A2E7F39D11449
output/person_terg_r2_runtime_grounding_and_full_stream_hypothesis_management_20260830/pre_reference/full_stream_q95_masks/R01ZF_SARF000116.npz,6659,8A42789CAF3B8530BBC8B3E5346914A38D54973D61DADDE1A74F6A29654CCB4B
output/person_terg_r2_runtime_grounding_and_full_stream_hypothesis_management_20260830/pre_reference/full_stream_q95_masks/R01ZF_SARF000117.npz,6743,C5DD928D0F4C2B7E6F9857DE2A9DC6B632764139D1C02FB83CE00BACF5859F99
output/person_terg_r2_runtime_grounding_and_full_stream_hypothesis_management_20260830/pre_reference/full_stream_q95_masks/R01ZF_SARF000118.npz,6375,4D5D146263FF7B30948C90F165FC56B66D89510DD042375A8BA5524A3E4411E4
output/person_terg_r2_runtime_grounding_and_full_stream_hypothesis_management_20260830/pre_reference/full_stream_q95_masks/R01ZF_SARF000119.npz,6443,16B424E7250E90101B33573C362118FACAE5D0172276BC87B143F451CB1B6E89
output/person_terg_r2_runtime_grounding_and_full_stream_hypothesis_management_20260830/pre_reference/full_stream_q95_masks/R01ZF_SARF000120.npz,6614,1B9C8980BDA53C3861CA7719336ECE1096FE9C9EAF797574C268973CECD6AF83
output/person_terg_r2_runtime_grounding_and_full_stream_hypothesis_management_20260830/pre_reference/full_stream_q95_masks/R01ZF_SARF000121.npz,6454,80775708740554885F2434DA8C24CDD789182ED79839F651E89904D41EE50785
output/person_terg_r2_runtime_grounding_and_full_stream_hypothesis_management_20260830/pre_reference/full_stream_q95_masks/R01ZF_SARF000122.npz,6440,4B74108E22ED2F66A801446F69C36E7ABB92E87545A5E87DD65EEA08A54B82CA
output/person_terg_r2_runtime_grounding_and_full_stream_hypothesis_management_20260830/pre_reference/full_stream_q95_masks/R01ZF_SARF000123.npz,6575,4D4F59FA78FA74946EA0F67E87C928EFEEEDC9A46148B4E350145E6D9EE99469
output/person_terg_r2_runtime_grounding_and_full_stream_hypothesis_management_20260830/pre_reference/full_stream_q95_masks/R01ZF_SARF000124.npz,6583,E76AA957241DAE37F9626E549591214A36B2482BE85E97F43837E99DD2256E1A
output/person_terg_r2_runtime_grounding_and_full_stream_hypothesis_management_20260830/pre_reference/full_stream_q95_masks/R01ZF_SARF000125.npz,6641,93284840E85AE1B435E67E16B2665EEE61579AB885BA97DC73EFEA3E00DADEC7
output/person_terg_r2_runtime_grounding_and_full_stream_hypothesis_management_20260830/pre_reference/full_stream_q95_masks/R01ZF_SARF000126.npz,6640,D1C975860C16E277EA43219724DBB64C94CC8510AE1170E021025F61CE5E173C
output/person_terg_r2_runtime_grounding_and_full_stream_hypothesis_management_20260830/pre_reference/full_stream_q95_masks/R01ZF_SARF000127.npz,6796,DCD4AA9598C97938629C2788189E3735391E7D5BDBB77186CCA15D4A69CF1C19
output/person_terg_r2_runtime_grounding_and_full_stream_hypothesis_management_20260830/pre_reference/full_stream_q95_masks/R01ZF_SARF000128.npz,6520,6E1CE50F712A340877778208EDCB7ED22D5FE87916AB0349FCADC54E994E349C
output/person_terg_r2_runtime_grounding_and_full_stream_hypothesis_management_20260830/pre_reference/full_stream_q95_masks/R01ZF_SARF000129.npz,6197,AFEE042EFFC35A8B6E76CC3152E9C0DD83C2A33583D9B553421259F59FD24FF8
output/person_terg_r2_runtime_grounding_and_full_stream_hypothesis_management_20260830/pre_reference/full_stream_q95_masks/R01ZF_SARF000130.npz,6761,D5222B1EEE22EDBD43FB004B71786D442407B802618CE4DF4D22F076C4D6D63E
output/person_terg_r2_runtime_grounding_and_full_stream_hypothesis_management_20260830/pre_reference/full_stream_q95_masks/R01ZF_SARF000131.npz,6478,98C68CA0EBDB25023F375C3B5916166001C3E4889355414612B792D272929339
output/person_terg_r2_runtime_grounding_and_full_stream_hypothesis_management_20260830/pre_reference/full_stream_q95_masks/R01ZF_SARF000132.npz,6687,7B7441C2139AB5150A7EB07DC4049ED746A864D684F5D9DF9F403134473F37FB
output/person_terg_r2_runtime_grounding_and_full_stream_hypothesis_management_20260830/pre_reference/full_stream_q95_masks/R01ZF_SARF000133.npz,6702,60763BFF36B9D9CF26310C6A9D9786D9DF71458137E58D0D5C17424901D0FAB5
output/person_terg_r2_runtime_grounding_and_full_stream_hypothesis_management_20260830/pre_reference/full_stream_q95_masks/R01ZF_SARF000134.npz,6723,E25B78F31B382DD260047AF124DCEDB3FD5881ED5912F71C70BA69EFCB722071
output/person_terg_r2_runtime_grounding_and_full_stream_hypothesis_management_20260830/pre_reference/full_stream_q95_masks/R01ZF_SARF000135.npz,7040,A230A10BE26E6FF306EDD920CAA6E4C43C5F9DE10F64ECB55F30998B745DCEEA
output/person_terg_r2_runtime_grounding_and_full_stream_hypothesis_management_20260830/pre_reference/full_stream_q95_masks/R01ZF_SARF000136.npz,6642,A87AFCA72DBBBE8023E2813A558EBFA6539850EE065192F0FB33D5B62E9DAB9E
output/person_terg_r2_runtime_grounding_and_full_stream_hypothesis_management_20260830/pre_reference/full_stream_q95_masks/R01ZF_SARF000137.npz,6880,F41F78B26ED9A1062E124884A7ECF0E587CA15928E53A2A3C196218F6395F59B
output/person_terg_r2_runtime_grounding_and_full_stream_hypothesis_management_20260830/pre_reference/full_stream_q95_masks/R01ZF_SARF000138.npz,6783,53F2E129319D3BEFE2F6DD266D83FC2802E8F69FF1A8344DB2F7B0721B38D244
output/person_terg_r2_runtime_grounding_and_full_stream_hypothesis_management_20260830/pre_reference/full_stream_q95_masks/R01ZF_SARF000139.npz,6762,BA68E11B0AA3298B55D60DBD71B7C731FD1819D4E2FEC774DABAAEA6D6F623B2
output/person_terg_r2_runtime_grounding_and_full_stream_hypothesis_management_20260830/pre_reference/full_stream_q95_masks/R01ZF_SARF000140.npz,6462,B7EE4D0789BE2B5FAD06B170FA58F75A89D1740730429562009F25DF96710477
output/person_terg_r2_runtime_grounding_and_full_stream_hypothesis_management_20260830/pre_reference/full_stream_q95_masks/R01ZF_SARF000141.npz,6385,42D6797C7CF4C47EC0F74DED70FF2315E4BD042EA2930A27A352D60474936ADF
output/person_terg_r2_runtime_grounding_and_full_stream_hypothesis_management_20260830/pre_reference/full_stream_q95_masks/R01ZF_SARF000142.npz,6228,3EE769AD9C0A39FA7BDB26E890965C5355A568F3AF1B5D04820AD5C06DCFF0FA
output/person_terg_r2_runtime_grounding_and_full_stream_hypothesis_management_20260830/pre_reference/full_stream_q95_masks/R01ZF_SARF000143.npz,6356,E78621F5818DCE41E5BAFDFD13F02E8B26A6379CCD74BCC5CCD64DD5D01D68D4
output/person_terg_r2_runtime_grounding_and_full_stream_hypothesis_management_20260830/pre_reference/full_stream_q95_masks/R01ZF_SARF000144.npz,6445,3558C57EDB94CBA90A0C3CEB67A2A91FE051B242A840D47F32F4D757CD2E8041
output/person_terg_r2_runtime_grounding_and_full_stream_hypothesis_management_20260830/pre_reference/full_stream_q95_masks/R01ZF_SARF000145.npz,6667,2115AA8CB91F42386AFB0CC7DE218AFF91747D501EF3EEE1D1919696AB77F14B
output/person_terg_r2_runtime_grounding_and_full_stream_hypothesis_management_20260830/pre_reference/full_stream_q95_masks/R01ZF_SARF000146.npz,6500,2BB0873A5445BA05EEDA95A3995453CFC227E449DC1412C1F3B22CB3AB1B07B0
output/person_terg_r2_runtime_grounding_and_full_stream_hypothesis_management_20260830/pre_reference/full_stream_q95_masks/R01ZF_SARF000147.npz,6392,DE48046759FA81293186B7E8DF22060F8ACBFDA18C571584214A192E661FABDA
output/person_terg_r2_runtime_grounding_and_full_stream_hypothesis_management_20260830/pre_reference/full_stream_q95_masks/R01ZF_SARF000148.npz,6706,5B550E68AFE9266131188BF02DCCC905139F86274F0C5B633AFFED4F98D0F942
output/person_terg_r2_runtime_grounding_and_full_stream_hypothesis_management_20260830/pre_reference/full_stream_q95_masks/R01ZF_SARF000149.npz,6712,785726F80DDF8F2757569D27ED49BCAF95D9D2A23B777B180CBF9DD5F2088BB3
output/person_terg_r2_runtime_grounding_and_full_stream_hypothesis_management_20260830/pre_reference/full_stream_q95_masks/R01ZF_SARF000150.npz,6496,0B0B9E742F380EB522865913F9BAF9153F4712145C50363C2D5EB54C818B9957
output/person_terg_r2_runtime_grounding_and_full_stream_hypothesis_management_20260830/pre_reference/full_stream_q95_masks/R01ZF_SARF000151.npz,6376,D3B169DA5FD0EFF9F9E1F7E396DF59B8E7C38CCF7F7A43B167390E8F0ADF8500
output/person_terg_r2_runtime_grounding_and_full_stream_hypothesis_management_20260830/pre_reference/full_stream_q95_masks/R01ZF_SARF000152.npz,6423,0B4578E855DFFD99BD056C87CB07337D7E8E3F76755666B788648688D5D5CE06
output/person_terg_r2_runtime_grounding_and_full_stream_hypothesis_management_20260830/pre_reference/full_stream_q95_masks/R01ZF_SARF000153.npz,6497,EE18A3AEE57FDE6A8D1E22EA1A320C8F8175AC1205EA3AA4EEF0DA3D0A984E32
output/person_terg_r2_runtime_grounding_and_full_stream_hypothesis_management_20260830/pre_reference/full_stream_q95_masks/R01ZF_SARF000154.npz,6442,0A8BB4D1D9043199A14A00170B7998D18473CC6BE5A9C18CBA9CA8CC8CD71FF7
output/person_terg_r2_runtime_grounding_and_full_stream_hypothesis_management_20260830/pre_reference/full_stream_q95_masks/R01ZF_SARF000155.npz,6298,A5E6199C8A0CA363B72600F059687596CBD968052B98908AAB73C1C0BE7FC99B
output/person_terg_r2_runtime_grounding_and_full_stream_hypothesis_management_20260830/pre_reference/full_stream_q95_masks/R01ZF_SARF000156.npz,6323,AB050EF9F2906475F026C3061E62DDC46B3693A00F32490FEBFE98900E57C3E6
output/person_terg_r2_runtime_grounding_and_full_stream_hypothesis_management_20260830/pre_reference/full_stream_q95_masks/R01ZF_SARF000157.npz,6410,43547857D4317375D2B349B099336860396A1630927FCBCF0AF9756B0B09A79C
output/person_terg_r2_runtime_grounding_and_full_stream_hypothesis_management_20260830/pre_reference/full_stream_q95_masks/R01ZF_SARF000158.npz,6326,46DB64A228F08564B55BF238C4F274543E474A6EDB04A85BCE6384E93511FD05
output/person_terg_r2_runtime_grounding_and_full_stream_hypothesis_management_20260830/pre_reference/full_stream_q95_masks/R01ZF_SARF000159.npz,6261,7FA5A6B6670E3307AA37DB82DC8D464E26B408293DC3F823F21D125D2D0664AD
output/person_terg_r2_runtime_grounding_and_full_stream_hypothesis_management_20260830/pre_reference/full_stream_q95_masks/R01ZF_SARF000160.npz,6383,D75ED9BDF61E00AF0CBAA0AF12CCBFD39AB7DFFFFDA24DD5592E743E316FB434
output/person_terg_r2_runtime_grounding_and_full_stream_hypothesis_management_20260830/pre_reference/full_stream_q95_masks/R01ZF_SARF000161.npz,6495,BF6733D399560F0C5409EEAA5098A4296F93A55BE39EFD4DEF78B098EA139441
output/person_terg_r2_runtime_grounding_and_full_stream_hypothesis_management_20260830/pre_reference/full_stream_q95_masks/R01ZF_SARF000162.npz,6391,0EBBD80FABD8E2042629D0449E7644EB82A965F2BA9E6450EB9FB817C8EA1F78
output/person_terg_r2_runtime_grounding_and_full_stream_hypothesis_management_20260830/pre_reference/full_stream_q95_masks/R01ZF_SARF000163.npz,6600,80369C9A24BA67E6797214420D7937E0BD46D356CDCB0FECEC21DE07BD2E74E1
output/person_terg_r2_runtime_grounding_and_full_stream_hypothesis_management_20260830/pre_reference/full_stream_q95_masks/R01ZF_SARF000164.npz,6517,8558C0E9FBAF51322E32E8AECE29BB5184FA5A272F2B414C4D6B86C1F4A38ED8
output/person_terg_r2_runtime_grounding_and_full_stream_hypothesis_management_20260830/pre_reference/full_stream_q95_masks/R01ZF_SARF000165.npz,6552,5810D49ECD12E26382BC64F42C47B90A298C8D0A7DC36A187ACF0D9A6FC53D92
output/person_terg_r2_runtime_grounding_and_full_stream_hypothesis_management_20260830/pre_reference/full_stream_q95_masks/R01ZF_SARF000166.npz,6620,395E1886DB6C9AFA4AC3187E6B8E506CBB827BD077CD8004AA02FCC3973F8F60
output/person_terg_r2_runtime_grounding_and_full_stream_hypothesis_management_20260830/pre_reference/full_stream_q95_masks/R01ZF_SARF000167.npz,6396,1F5483CD88C07242AFCA9B76BCFB7F351FE3997D3E1DC76EF1C83D070FEE3D7C
output/person_terg_r2_runtime_grounding_and_full_stream_hypothesis_management_20260830/pre_reference/full_stream_q95_masks/R01ZF_SARF000168.npz,6587,D0FE8D2FECD3619AEFF9225DB87F7756B5B703CDB31E719934D1038053D24F79
output/person_terg_r2_runtime_grounding_and_full_stream_hypothesis_management_20260830/pre_reference/full_stream_q95_masks/R01ZF_SARF000169.npz,6668,F003043B6C65E9DBBC4417EAA74BDA06E5AD05C65AB6AED509E2A981626807E7
output/person_terg_r2_runtime_grounding_and_full_stream_hypothesis_management_20260830/pre_reference/full_stream_q95_masks/R01ZF_SARF000170.npz,6685,36B8C6C29ED05D4B1DDBD7B0F3A8862DA3BCE91FFEEA0BAD47E5AE67C63C5FBB
output/person_terg_r2_runtime_grounding_and_full_stream_hypothesis_management_20260830/pre_reference/full_stream_q95_masks/R01ZF_SARF000171.npz,6350,4CE1E32413E28B0E3DAE9891221941E2F7CFEE738F4692F8E1EF0C7668281767
output/person_terg_r2_runtime_grounding_and_full_stream_hypothesis_management_20260830/pre_reference/full_stream_q95_masks/R01ZF_SARF000172.npz,6496,663226BDF46D74686964571F3F7839B122669556E5E73B9D3945ECA54B69009A
output/person_terg_r2_runtime_grounding_and_full_stream_hypothesis_management_20260830/pre_reference/full_stream_q95_masks/R01ZF_SARF000173.npz,6438,ECE4B9271A26137D6270594B5C4CA0A4863719230B5338F7C906A30328024FAD
output/person_terg_r2_runtime_grounding_and_full_stream_hypothesis_management_20260830/pre_reference/full_stream_q95_masks/R01ZF_SARF000174.npz,6575,DBD83BFB541C672A335EA46E383F2365508565F67B8B1F1876D154F4A529263F
output/person_terg_r2_runtime_grounding_and_full_stream_hypothesis_management_20260830/pre_reference/full_stream_q95_masks/R01ZF_SARF000175.npz,6724,D2F3A30791393D5A9B96F2FAC0DF53F8E6E0C1A5286B78E3B01F0A893ED37D0A
output/person_terg_r2_runtime_grounding_and_full_stream_hypothesis_management_20260830/pre_reference/full_stream_q95_masks/R01ZF_SARF000176.npz,6618,D9C0276DAB4A901254B160B85C63D8BA59693920CC1882408C71816EE1645CB8
output/person_terg_r2_runtime_grounding_and_full_stream_hypothesis_management_20260830/pre_reference/full_stream_q95_masks/R01ZF_SARF000177.npz,6771,ABAA03569D393DA2C07E19530D847DBE41E0E7923B3E18F11809D18C067C7D89
output/person_terg_r2_runtime_grounding_and_full_stream_hypothesis_management_20260830/pre_reference/full_stream_q95_masks/R01ZF_SARF000178.npz,6605,9ECA4708FBF28FBD9049BEAF9AC869A6BA485C9083DB315A262F1D174284FA31
output/person_terg_r2_runtime_grounding_and_full_stream_hypothesis_management_20260830/pre_reference/full_stream_q95_masks/R01ZF_SARF000179.npz,6729,0777BAD0D1F5BA76D5A71F7363D1003C980A3895C4B5436E13242832382ABC57
output/person_terg_r2_runtime_grounding_and_full_stream_hypothesis_management_20260830/pre_reference/full_stream_q95_masks/R01ZF_SARF000180.npz,6636,A3CF1CD3693980B3A34880FC5C3CD63973ECD67FD1BAA18C0284DD2A68E4EB42
output/person_terg_r2_runtime_grounding_and_full_stream_hypothesis_management_20260830/pre_reference/full_stream_q95_masks/R01ZF_SARF000181.npz,7006,7F4E9175642140F11BEB60B6B4465C99EBB03DB9CD270A6AB86193D020A25648
output/person_terg_r2_runtime_grounding_and_full_stream_hypothesis_management_20260830/pre_reference/full_stream_q95_masks/R01ZF_SARF000182.npz,6727,DDECA4006315AA257122864EC55F2FFD81A7125644829D238EEB437B6E0A9CF9
output/person_terg_r2_runtime_grounding_and_full_stream_hypothesis_management_20260830/pre_reference/full_stream_q95_masks/R01ZF_SARF000183.npz,6680,CD30FF4F917734CDD689329FCDA326661C7480C42FCBF3D8BD846B00C29759C9
output/person_terg_r2_runtime_grounding_and_full_stream_hypothesis_management_20260830/pre_reference/full_stream_q95_masks/R01ZF_SARF000184.npz,6648,8C5C3D7B3FF06244C567F6D95B9E25E7B6AC0FBBB897A2CA1C766D35DE8549AE
output/person_terg_r2_runtime_grounding_and_full_stream_hypothesis_management_20260830/pre_reference/full_stream_q95_masks/R01ZF_SARF000185.npz,6904,1D6C054552EAE70469916100F539BA090714D8F35F34E01450D15BD12FD5853B
output/person_terg_r2_runtime_grounding_and_full_stream_hypothesis_management_20260830/pre_reference/full_stream_q95_masks/R01ZF_SARF000186.npz,6832,41DE0A3A2B85EAA6D9FA415005B5B3040DEE5A4430EECE25674956C3FC66F553
output/person_terg_r2_runtime_grounding_and_full_stream_hypothesis_management_20260830/pre_reference/full_stream_q95_masks/R01ZF_SARF000187.npz,6977,CD3E695C1634102EAB9BBC35F1DF4510EA3CD3C65D05EB33493ACE74FAF70183
output/person_terg_r2_runtime_grounding_and_full_stream_hypothesis_management_20260830/pre_reference/full_stream_q95_masks/R01ZF_SARF000188.npz,6890,C5D64C9C6A0F2A97F42AF38E00DE0D594B9BEEDCF2819C5331A2851C7F9ACA2A
output/person_terg_r2_runtime_grounding_and_full_stream_hypothesis_management_20260830/pre_reference/full_stream_q95_masks/R01ZF_SARF000189.npz,6826,DF9773121B1028CB591786D11835735FE5D038A82FD26F5054E8715A2DD02228
output/person_terg_r2_runtime_grounding_and_full_stream_hypothesis_management_20260830/pre_reference/full_stream_q95_masks/R01ZF_SARF000190.npz,6776,BFE7BCB2785857C9E177B832A62C7817BB8C2EE657BB9649647D907C9E03BC4D
output/person_terg_r2_runtime_grounding_and_full_stream_hypothesis_management_20260830/pre_reference/full_stream_q95_masks/R01ZF_SARF000191.npz,6618,BDA4844EBE1B6FABE3D91DC8669966FA79334FEA1DB618C9DB09C90D27D3B3A3
output/person_terg_r2_runtime_grounding_and_full_stream_hypothesis_management_20260830/pre_reference/full_stream_q95_masks/R01ZF_SARF000192.npz,6515,8DD6016AB42885BB6FBC5068FB76324337CEA9E45B32DC494178432522EEF0BD
output/person_terg_r2_runtime_grounding_and_full_stream_hypothesis_management_20260830/pre_reference/full_stream_q95_masks/R01ZF_SARF000193.npz,6726,04520AF7C87AD5AFE5E24FA7E2E40E8A1C02E032F98CD3EF91BF50D2C4CA9B1C
output/person_terg_r2_runtime_grounding_and_full_stream_hypothesis_management_20260830/pre_reference/full_stream_q95_masks/R01ZF_SARF000194.npz,6368,3AFA925DBE0A1D4296220263AD00D3E211A16FCCE6A5612F9724A56F83087F78
output/person_terg_r2_runtime_grounding_and_full_stream_hypothesis_management_20260830/pre_reference/full_stream_q95_masks/R01ZF_SARF000195.npz,6427,A6B09149DED824497A4AC83B3B5537391EE1481BCFC72740C0FE0671E961A73E
output/person_terg_r2_runtime_grounding_and_full_stream_hypothesis_management_20260830/pre_reference/full_stream_q95_masks/R01ZF_SARF000196.npz,6652,D3D2676102B62AB0AAEBB1406EE2CDB3628F8945786D7420062383A2461FE581
output/person_terg_r2_runtime_grounding_and_full_stream_hypothesis_management_20260830/pre_reference/full_stream_q95_masks/R01ZF_SARF000197.npz,6876,2200A6E03402F2E2CBCA946EEDDEFADDB2411AEBE949E3251B3AD8FBB671AEBA
output/person_terg_r2_runtime_grounding_and_full_stream_hypothesis_management_20260830/pre_reference/full_stream_q95_masks/R01ZF_SARF000198.npz,6635,1718275247ABDC45AFC028655CF506DF4EF5674AD15BE492B9B501875C434D05
output/person_terg_r2_runtime_grounding_and_full_stream_hypothesis_management_20260830/pre_reference/full_stream_q95_masks/R01ZF_SARF000199.npz,6900,A335BC6E70BC56C4886385693513D957314981F359C79AAB9257A65FCE54D00D
output/person_terg_r2_runtime_grounding_and_full_stream_hypothesis_management_20260830/pre_reference/full_stream_q95_masks/R01ZF_SARF000200.npz,6701,ED81A51FF49FC6D26A8D84B8F04667047BACC7E31B891FD39E3AB8824BEC2108
output/person_terg_r2_runtime_grounding_and_full_stream_hypothesis_management_20260830/pre_reference/full_stream_q95_masks/R01ZF_SARF000201.npz,6592,415CD8CCDA7F272EC5D09FFACDF89035D2A44EF7344246689CB391E3A71B6435
output/person_terg_r2_runtime_grounding_and_full_stream_hypothesis_management_20260830/pre_reference/full_stream_q95_masks/R01ZF_SARF000202.npz,6457,74421429D0AD54CF33491ABA747A160B45662ECD9C6DF83A3D9CC2677974B1D3
output/person_terg_r2_runtime_grounding_and_full_stream_hypothesis_management_20260830/pre_reference/full_stream_q95_masks/R01ZF_SARF000203.npz,7044,D879E0BB5A1A62C95F39CBCFAAB69E9F6BC6CB96D799757500B93463BDB4F18A
output/person_terg_r2_runtime_grounding_and_full_stream_hypothesis_management_20260830/pre_reference/full_stream_q95_masks/R01ZF_SARF000204.npz,6573,2168FC32D04054A625BDB017F03B9243EFC3027101A2B80FC234E57D13837652
output/person_terg_r2_runtime_grounding_and_full_stream_hypothesis_management_20260830/pre_reference/full_stream_q95_masks/R01ZF_SARF000205.npz,6628,79FC1932789DD6F4CC5EC83E333FE37B54E0EDF4895A1F0014D47E0714231598
output/person_terg_r2_runtime_grounding_and_full_stream_hypothesis_management_20260830/pre_reference/full_stream_q95_masks/R01ZF_SARF000206.npz,6697,F22200CDBCD93E7B85627EB87EAB6BDBBB37E6ABCCC4455C41D9EC192D72FA5D
output/person_terg_r2_runtime_grounding_and_full_stream_hypothesis_management_20260830/pre_reference/full_stream_q95_masks/R01ZF_SARF000207.npz,6834,B592A662D11955BE939A0BFA5A054C790CFB9D881A42AC7FDA4968D1FAB60DBF
output/person_terg_r2_runtime_grounding_and_full_stream_hypothesis_management_20260830/pre_reference/full_stream_q95_masks/R01ZF_SARF000208.npz,6622,FC20ADFC2344325DCBDEBFF1C69F670B2470D22B3830ECE54853A8453B1BBDAC
output/person_terg_r2_runtime_grounding_and_full_stream_hypothesis_management_20260830/pre_reference/full_stream_q95_masks/R01ZF_SARF000209.npz,6553,B16DA54D020478DFED52CE65A61AE0200C51F5201C7A74ABF35D1C14DB81C76B
output/person_terg_r2_runtime_grounding_and_full_stream_hypothesis_management_20260830/pre_reference/full_stream_q95_masks/R01ZF_SARF000210.npz,6596,78BD869883A1C0B833DC6C86E80E2A7C77165C1F75E56D7CFA0BB3EF190F11C7
output/person_terg_r2_runtime_grounding_and_full_stream_hypothesis_management_20260830/pre_reference/full_stream_q95_masks/R01ZF_SARF000211.npz,6292,1EA07ABBDAF888026BED798644CB0102FD2C6ABFE9CDD5340175D316B985334F
output/person_terg_r2_runtime_grounding_and_full_stream_hypothesis_management_20260830/pre_reference/full_stream_q95_masks/R01ZF_SARF000212.npz,6351,33F1DE80FFFE55B94C1D93DD1F28B702683308271080AED4E98BA31839BBA443
output/person_terg_r2_runtime_grounding_and_full_stream_hypothesis_management_20260830/pre_reference/full_stream_q95_masks/R01ZF_SARF000213.npz,6510,1B276AD63AE648C84C5A20B94F36F3D029AD271BF79E37DD968BC7F71B6798D7
output/person_terg_r2_runtime_grounding_and_full_stream_hypothesis_management_20260830/pre_reference/full_stream_q95_masks/R01ZF_SARF000214.npz,6459,392DF7B8AB7D4811C70B3D87BA76D493D36E02967579529F47EF2D750F712793
output/person_terg_r2_runtime_grounding_and_full_stream_hypothesis_management_20260830/pre_reference/full_stream_q95_masks/R01ZF_SARF000215.npz,6387,43D13104586084CAB8DFD51125B0BD2E8D89BCB3FC0E4748BFCBC8FECD8271AE
output/person_terg_r2_runtime_grounding_and_full_stream_hypothesis_management_20260830/pre_reference/full_stream_q95_masks/R01ZF_SARF000216.npz,6076,8E81FB69919E7D7275F4B418F60D02C3A871246116CE69EB3C222260FC17FE53
output/person_terg_r2_runtime_grounding_and_full_stream_hypothesis_management_20260830/pre_reference/full_stream_q95_masks/R01ZF_SARF000217.npz,6328,030F64CB002DA2DD560721F01D729CDF71E7C258F70CF5D427D9C58B81377DC2
output/person_terg_r2_runtime_grounding_and_full_stream_hypothesis_management_20260830/pre_reference/full_stream_q95_masks/R01ZF_SARF000218.npz,6226,ED366CF9F6CF89B4E829D1B1E690DC02D11289AB0A85CC3F527E297FCF74D13D
output/person_terg_r2_runtime_grounding_and_full_stream_hypothesis_management_20260830/pre_reference/full_stream_q95_masks/R01ZF_SARF000219.npz,6376,7483B8B9F496BD324F93E68B44F7297CBAFD5324AFF6BADB7F32490B83DB915C
output/person_terg_r2_runtime_grounding_and_full_stream_hypothesis_management_20260830/pre_reference/full_stream_q95_masks/R01ZF_SARF000220.npz,6406,3804620D9DD5BCBC1634EB401E3F72823635363ABC27399714363E4A7F4DC217
output/person_terg_r2_runtime_grounding_and_full_stream_hypothesis_management_20260830/pre_reference/full_stream_q95_masks/R01ZF_SARF000221.npz,6569,7248866D95B39C74EE5E1AC597235D7BA1F0991321410649551DE2EF5CEDA532
output/person_terg_r2_runtime_grounding_and_full_stream_hypothesis_management_20260830/pre_reference/full_stream_q95_masks/R01ZF_SARF000222.npz,6489,8C715BF8989EBC96A8285D8F936EB360EA5F4BFCA5759E6CE93004550C452ECC
output/person_terg_r2_runtime_grounding_and_full_stream_hypothesis_management_20260830/pre_reference/full_stream_q95_masks/R01ZF_SARF000223.npz,6444,B9049D8CDD11620BBEC5021178F4C5E49FB12E83A3330E310C4E688E2B850143
output/person_terg_r2_runtime_grounding_and_full_stream_hypothesis_management_20260830/pre_reference/full_stream_q95_masks/R01ZF_SARF000224.npz,6462,8251CAE8B534BCCA8511F97BFC301E95400D62A2C42CBB449454F26AD256B2A5
output/person_terg_r2_runtime_grounding_and_full_stream_hypothesis_management_20260830/pre_reference/full_stream_q95_masks/R01ZF_SARF000225.npz,6405,376F82736B160328AE43BAC9FADEB5A33A5C2D500387DA276847FB21B942B943
output/person_terg_r2_runtime_grounding_and_full_stream_hypothesis_management_20260830/pre_reference/full_stream_q95_masks/R01ZF_SARF000226.npz,6562,98D1147BE2A89AEA003C07FAD1684F2BE6BAD30C61D6ABED8462C0C58BDAB174
output/person_terg_r2_runtime_grounding_and_full_stream_hypothesis_management_20260830/pre_reference/full_stream_q95_masks/R01ZF_SARF000227.npz,6352,D7D54C6F2C77710922FC8A1C33F7888E51A48457EDD79B5731D8B9F0D0E71FF0
output/person_terg_r2_runtime_grounding_and_full_stream_hypothesis_management_20260830/pre_reference/full_stream_q95_masks/R01ZF_SARF000228.npz,6183,1A72369614B320551ACB9C6FBBEB4E3414CF5CAC8DDA5573687B235F8C1852C0
output/person_terg_r2_runtime_grounding_and_full_stream_hypothesis_management_20260830/pre_reference/full_stream_q95_masks/R01ZF_SARF000229.npz,6282,DABF639A54B644B808D88D97A57F86D2B982E52558F7B5FAA16CD1427DF9D88F
output/person_terg_r2_runtime_grounding_and_full_stream_hypothesis_management_20260830/pre_reference/full_stream_q95_masks/R01ZF_SARF000230.npz,6465,85079FE85D048DB28054DACD5E1E75AED02BC5B6EE9AAC068DD4E2F75E7D025A
output/person_terg_r2_runtime_grounding_and_full_stream_hypothesis_management_20260830/pre_reference/full_stream_q95_masks/R01ZF_SARF000231.npz,6612,FEAAC65D7B11A7C4D0173C6E933682627268C04331589C075992653E919C4986
output/person_terg_r2_runtime_grounding_and_full_stream_hypothesis_management_20260830/pre_reference/full_stream_q95_masks/R01ZF_SARF000232.npz,6636,CC9C586C618B5ADE646E1BF0608DA595C261DE5FB1ADFA874DF19CD34D2CE8CC
output/person_terg_r2_runtime_grounding_and_full_stream_hypothesis_management_20260830/pre_reference/full_stream_q95_masks/R01ZF_SARF000233.npz,6429,9555F080077242B9315C3232078533FCD97352478461D4141139965EB76D555D
output/person_terg_r2_runtime_grounding_and_full_stream_hypothesis_management_20260830/pre_reference/full_stream_q95_masks/R01ZF_SARF000234.npz,6415,427CD8EDDC2FC239EDDA1C375390F9D4E642E66B72BC7590C00191326DD25E2F
output/person_terg_r2_runtime_grounding_and_full_stream_hypothesis_management_20260830/pre_reference/full_stream_q95_masks/R01ZF_SARF000235.npz,6148,5DEF17A7BCEE7FD9A4A7A645D5A90599428079B3EFBCF19A774249C48D467635
output/person_terg_r2_runtime_grounding_and_full_stream_hypothesis_management_20260830/pre_reference/full_stream_q95_masks/R01ZF_SARF000236.npz,6352,5A935094406DB659C1CFDB5C1EC9075C0EFE0305B57CCCB25FD1BCD35CB74873
output/person_terg_r2_runtime_grounding_and_full_stream_hypothesis_management_20260830/pre_reference/full_stream_q95_masks/R01ZF_SARF000237.npz,6526,CB0A2BC3A79865F4DA1CBC217F10BA3D2F0302A7A06C6F843CD7B1DF6C9F8E0C
output/person_terg_r2_runtime_grounding_and_full_stream_hypothesis_management_20260830/pre_reference/full_stream_q95_masks/R01ZF_SARF000238.npz,6662,B7D24100175B83161CEFD1233AD511C5582D12E6D32B3E7E46901853EBA02433
output/person_terg_r2_runtime_grounding_and_full_stream_hypothesis_management_20260830/pre_reference/full_stream_q95_masks/R01ZF_SARF000239.npz,6710,89CEE0C1013F719263AAF62271B4E543886EF58A382D6D658EB37A92D5C3AA42
output/person_terg_r2_runtime_grounding_and_full_stream_hypothesis_management_20260830/pre_reference/full_stream_q95_masks/R01ZF_SARF000240.npz,6737,BA25FB7A0755362A0ECB0F75983406F27A2010055087BC0AAB303A7726B9CBC3
output/person_terg_r2_runtime_grounding_and_full_stream_hypothesis_management_20260830/pre_reference/full_stream_q95_masks/R01ZF_SARF000241.npz,6616,9AA7D9054B7C02CCD9AA57C37BED265F29EABED02D5FD99D1DFA8337E237FF60
output/person_terg_r2_runtime_grounding_and_full_stream_hypothesis_management_20260830/pre_reference/full_stream_q95_masks/R01ZF_SARF000242.npz,6404,499AF75F9EFBB5BAC1CB44377848FB251DEF3FC5BEBF6BC9068EC0C33F2CB85A
output/person_terg_r2_runtime_grounding_and_full_stream_hypothesis_management_20260830/pre_reference/full_stream_q95_masks/R01ZF_SARF000243.npz,6570,CD4D3B8A5E4172A723CCD81DF4C7AD60E81EFF2F1E01AD9983629334FFD1F768
output/person_terg_r2_runtime_grounding_and_full_stream_hypothesis_management_20260830/pre_reference/full_stream_q95_masks/R01ZF_SARF000244.npz,6576,5B25F920E385B737A12A52A6D264C86D46EB9794A42521B4072A22D44574AC38
output/person_terg_r2_runtime_grounding_and_full_stream_hypothesis_management_20260830/pre_reference/full_stream_q95_masks/R01ZF_SARF000245.npz,6511,C51141FF37C60FD3C996281EAAF96879FF9C6FCC8BAB20A92133415BEEBE4F56
output/person_terg_r2_runtime_grounding_and_full_stream_hypothesis_management_20260830/pre_reference/full_stream_q95_masks/R01ZF_SARF000246.npz,6740,884AAD1B43021E2D5D7E1A11DB8E080CAE0B02D0201AB21986E0510252A8E3E4
output/person_terg_r2_runtime_grounding_and_full_stream_hypothesis_management_20260830/pre_reference/full_stream_q95_masks/R01ZF_SARF000247.npz,6467,2AA3A1A898C459C24F62B8CD0A67391FC8604B08E35C610B452FC5A3BF6B9298
output/person_terg_r2_runtime_grounding_and_full_stream_hypothesis_management_20260830/pre_reference/full_stream_q95_masks/R01ZF_SARF000248.npz,6573,D617D8B6AFD1657544DB03401FB034573B75E536B12F92BE9C3253E5C38FFD5E
output/person_terg_r2_runtime_grounding_and_full_stream_hypothesis_management_20260830/pre_reference/full_stream_q95_masks/R01ZF_SARF000249.npz,6567,288EFA4B63F25AEEC6DAC20ED19E755320FDFDAF874851763D97E97421686DC8
output/person_terg_r2_runtime_grounding_and_full_stream_hypothesis_management_20260830/pre_reference/full_stream_q95_masks/R01ZF_SARF000250.npz,6575,AE7C1F121461073B37257F5AA8E6358ADA6AFA078DDA92934DCAF59B76B7267E
output/person_terg_r2_runtime_grounding_and_full_stream_hypothesis_management_20260830/pre_reference/full_stream_q95_masks/R01ZF_SARF000251.npz,6645,9784DE605426DECDE03F57ADB73701AEBF02E7A5AACFBBDC9A83B117E8E482CE
output/person_terg_r2_runtime_grounding_and_full_stream_hypothesis_management_20260830/pre_reference/full_stream_q95_masks/R01ZF_SARF000252.npz,6426,5EC87901BA1F2DA0BB2F04AC28829CF1671117316A89387B6A492DD959EDB8B5
output/person_terg_r2_runtime_grounding_and_full_stream_hypothesis_management_20260830/pre_reference/full_stream_q95_masks/R01ZF_SARF000253.npz,6689,53E0787EEC59FAC9EA9FD2ED04227CAEBD01640B04D27972B09BA823C43C67CD
output/person_terg_r2_runtime_grounding_and_full_stream_hypothesis_management_20260830/pre_reference/full_stream_q95_masks/R01ZF_SARF000254.npz,6756,85F9A6D077A4A6CBF461E8DA26C51BBC8EC3E1F23BC897BDBE560DC0F2AFAF21
output/person_terg_r2_runtime_grounding_and_full_stream_hypothesis_management_20260830/pre_reference/full_stream_q95_masks/R01ZF_SARF000255.npz,6357,BA75DF2EC68C3A7BD571AA1CD39D346C46DD0810CE3ABAD9B6DCB49906FF0179
output/person_terg_r2_runtime_grounding_and_full_stream_hypothesis_management_20260830/pre_reference/full_stream_q95_masks/R01ZF_SARF000256.npz,6420,174B1F873759B18CFE7ABE2C40E18E691A11CAC1F1A48B25B645294D551706AA
output/person_terg_r2_runtime_grounding_and_full_stream_hypothesis_management_20260830/pre_reference/full_stream_q95_masks/R01ZF_SARF000257.npz,6331,F577CA1EB2709E6B5EF8E14F09242ECA9E3A356D6440E7DBF7CFDA4E91A31CD8
output/person_terg_r2_runtime_grounding_and_full_stream_hypothesis_management_20260830/pre_reference/full_stream_q95_masks/R01ZF_SARF000258.npz,6529,A039BA2C3BBA242B9CB925E7DD7B4F1691452A0768BA77D93D0644255D618B11
output/person_terg_r2_runtime_grounding_and_full_stream_hypothesis_management_20260830/pre_reference/full_stream_q95_masks/R01ZF_SARF000259.npz,6734,6063223F4ECD62673D4F8EA0FE129B6EF23D31A6CB58493BAC722521F7723BE1
output/person_terg_r2_runtime_grounding_and_full_stream_hypothesis_management_20260830/pre_reference/full_stream_q95_masks/R01ZF_SARF000260.npz,6607,70D9478E32BF1BA807CB373BBC2612AAEA442D7666FAE5D4CA9634D9E7E3AC28
output/person_terg_r2_runtime_grounding_and_full_stream_hypothesis_management_20260830/pre_reference/full_stream_q95_masks/R01ZF_SARF000261.npz,6614,BC5DDD0F9330AF30CC9F2CA23D280CCC7F0CE3005B1D1D4664CCD18121122469
output/person_terg_r2_runtime_grounding_and_full_stream_hypothesis_management_20260830/pre_reference/full_stream_q95_masks/R01ZF_SARF000262.npz,6808,32BEECE7DB903294D9B7D1466A7B1C560CD8CE839D766142817B349440FD922F
output/person_terg_r2_runtime_grounding_and_full_stream_hypothesis_management_20260830/pre_reference/full_stream_q95_masks/R01ZF_SARF000263.npz,6816,1C7F65FABB3E8DF64FE5BC9028B407A47E33BAA0A77043901FC887BB1E2B7577
output/person_terg_r2_runtime_grounding_and_full_stream_hypothesis_management_20260830/pre_reference/full_stream_q95_masks/R01ZF_SARF000264.npz,6553,037FB6C8ED54B15DAF02B5E9DF02D2A50CDCE10C521798715E5182C4B58647E9
output/person_terg_r2_runtime_grounding_and_full_stream_hypothesis_management_20260830/pre_reference/full_stream_q95_masks/R01ZF_SARF000265.npz,6714,337019C92F6A8F112B07955BCD6D2B367E0C6DE8FE8606571380C18BADB24093
output/person_terg_r2_runtime_grounding_and_full_stream_hypothesis_management_20260830/pre_reference/full_stream_q95_masks/R01ZF_SARF000266.npz,6706,CEADECBEC0472A160C88CB65B62F639FCA47D91DCCB20F09564A666BC597C92D
output/person_terg_r2_runtime_grounding_and_full_stream_hypothesis_management_20260830/pre_reference/full_stream_q95_masks/R01ZF_SARF000267.npz,6634,96CC407DA8F0739236B67240ADEB587DE29D97CD633E9031454C3C971560E4E8
output/person_terg_r2_runtime_grounding_and_full_stream_hypothesis_management_20260830/pre_reference/full_stream_q95_masks/R01ZF_SARF000268.npz,6606,75B0F664ACA073460A1BDE5D87C44EE8DF666872AC2FB9DB5A9F846D727D37D0
output/person_terg_r2_runtime_grounding_and_full_stream_hypothesis_management_20260830/pre_reference/full_stream_q95_masks/R01ZF_SARF000269.npz,6517,F0A21129232E7FAF4C4290EB4D5F91F720EC5E60B0478B026D10A9299DED936F
output/person_terg_r2_runtime_grounding_and_full_stream_hypothesis_management_20260830/pre_reference/full_stream_q95_masks/R01ZF_SARF000270.npz,6843,1ADDF7A3488C6CAF35C932700B5DFEDFA4DA42A5FB7D52EF1664ADEB59292B7B
output/person_terg_r2_runtime_grounding_and_full_stream_hypothesis_management_20260830/pre_reference/full_stream_q95_masks/R01ZF_SARF000271.npz,6642,D9FF71473B14818E2DC3A6DC3F4333BB5073A3064CE3BD8D97CF4594A52A45B9
output/person_terg_r2_runtime_grounding_and_full_stream_hypothesis_management_20260830/pre_reference/full_stream_q95_masks/R01ZF_SARF000272.npz,6593,B81AF58A9DE10328811A6E968A0F16A096A872B16BB2131FE4FCE7C98E72D084
output/person_terg_r2_runtime_grounding_and_full_stream_hypothesis_management_20260830/pre_reference/full_stream_q95_masks/R01ZF_SARF000273.npz,6793,085A5279CE70124D259A7CD744B656E4B527A956DCFF7B9872264144ED810DB5
output/person_terg_r2_runtime_grounding_and_full_stream_hypothesis_management_20260830/pre_reference/full_stream_q95_masks/R01ZF_SARF000274.npz,6743,9C862DDEA77A73CB407F64A24CFA1A75106D19D3F0E215B4882232533B3E4083
output/person_terg_r2_runtime_grounding_and_full_stream_hypothesis_management_20260830/pre_reference/full_stream_q95_masks/R01ZF_SARF000275.npz,6914,37557F90C9CD1DF4CF956C520C3A905388231EA03502B7BFB9B1D741D49BCE16
output/person_terg_r2_runtime_grounding_and_full_stream_hypothesis_management_20260830/pre_reference/full_stream_q95_masks/R01ZF_SARF000276.npz,6728,4A0449844273C32F8B09FFA935FAC0B289A15E5FD00EB74F5E50E3964D7CFB4B
output/person_terg_r2_runtime_grounding_and_full_stream_hypothesis_management_20260830/pre_reference/full_stream_q95_masks/R01ZF_SARF000277.npz,6676,D79A3A2F0E7A2AB80B865E82F6EE8EB8FE6C5E00F33228910383B49AD3D0734B
output/person_terg_r2_runtime_grounding_and_full_stream_hypothesis_management_20260830/pre_reference/full_stream_q95_masks/R01ZF_SARF000278.npz,6714,38E54864D35B16A8864FDDA3B8B43D0055FB012DB6DEBDC7B2455B495A2940B4
output/person_terg_r2_runtime_grounding_and_full_stream_hypothesis_management_20260830/pre_reference/full_stream_q95_masks/R01ZF_SARF000279.npz,6860,E15EFB1F3B8145D122AEBEB9E83B1DCDCC1742FCD3C090B443C9231C7F9F22D5
output/person_terg_r2_runtime_grounding_and_full_stream_hypothesis_management_20260830/pre_reference/full_stream_q95_masks/R01ZF_SARF000280.npz,6701,D8FA3826B28976468D7FBE780C1DDA1C62B6EE2501C1D5D83562BCB0BDCE54D0
output/person_terg_r2_runtime_grounding_and_full_stream_hypothesis_management_20260830/pre_reference/full_stream_q95_masks/R01ZF_SARF000281.npz,6963,A546BEB48E3B2E551ACD03A2250380F62CD8EE5D86D3AA3EB4F190B75119549D
output/person_terg_r2_runtime_grounding_and_full_stream_hypothesis_management_20260830/pre_reference/full_stream_q95_masks/R01ZF_SARF000282.npz,6786,6D4F6ADCB37EF0FBAA5892DB502CCFB1090B8DC804EFBC5B39D24A97EB414EA7
output/person_terg_r2_runtime_grounding_and_full_stream_hypothesis_management_20260830/pre_reference/full_stream_q95_masks/R01ZF_SARF000283.npz,6813,DE8CABCEC3D2400B822344E3CDBE41C37FDA905500FBC0A344515BDD4FF683B8
output/person_terg_r2_runtime_grounding_and_full_stream_hypothesis_management_20260830/pre_reference/full_stream_q95_masks/R01ZF_SARF000284.npz,6678,6F37689AAEA0377EDE7028AAC0391B94450391ED52F451C289DEA4CA84A2A0DA
output/person_terg_r2_runtime_grounding_and_full_stream_hypothesis_management_20260830/pre_reference/full_stream_q95_masks/R01ZF_SARF000285.npz,6745,D3C6342B36DF733E3AB76849E93B9BC22BF2FBF8B8FCFA4F72467DBB090371BA
output/person_terg_r2_runtime_grounding_and_full_stream_hypothesis_management_20260830/pre_reference/full_stream_q95_masks/R01ZF_SARF000286.npz,6741,1A0C6FB4E61EF460E04525111D025BD12968E61B8EB74D6894C8C10E63833163
output/person_terg_r2_runtime_grounding_and_full_stream_hypothesis_management_20260830/pre_reference/full_stream_q95_masks/R01ZF_SARF000287.npz,6634,7882679EE5239CA3940DCD13F450FE0F36854C539CEFE19FDF95624278D2CF82
output/person_terg_r2_runtime_grounding_and_full_stream_hypothesis_management_20260830/pre_reference/full_stream_q95_masks/R01ZF_SARF000288.npz,6467,642DCCBB118DB3B5D819848894371606F7ED4E59B90B376A7D37747FB26AEA33
output/person_terg_r2_runtime_grounding_and_full_stream_hypothesis_management_20260830/pre_reference/full_stream_q95_masks/R01ZF_SARF000289.npz,6594,E9A7D6C270044D2DC3920B804A61A4387406D4174169681171E972EC8052BC03
output/person_terg_r2_runtime_grounding_and_full_stream_hypothesis_management_20260830/pre_reference/full_stream_q95_masks/R01ZF_SARF000290.npz,6583,1C71227B722C615EF0135DFCD6A48814CA3D824D7F28585E0B71544A5A0B40B1
output/person_terg_r2_runtime_grounding_and_full_stream_hypothesis_management_20260830/pre_reference/full_stream_q95_masks/R01ZF_SARF000291.npz,6313,C6F8D4C0D6A8D0F3E20BCC87C9C7D30D4EC50C1A262C119C88A3DFA58089C00D
output/person_terg_r2_runtime_grounding_and_full_stream_hypothesis_management_20260830/pre_reference/full_stream_q95_masks/R01ZF_SARF000292.npz,6327,5B18E6FB8B14F722D59FC0DFFA0589E6AB83CC33C09B1EB52F7A322822542D2F
output/person_terg_r2_runtime_grounding_and_full_stream_hypothesis_management_20260830/pre_reference/full_stream_q95_masks/R01ZF_SARF000293.npz,6277,BAE504C46609FA8E0A2D095D683124FE58FF7DB55975FCC2B0C1DDE3612D63BE
output/person_terg_r2_runtime_grounding_and_full_stream_hypothesis_management_20260830/pre_reference/full_stream_q95_masks/R01ZF_SARF000294.npz,6175,6804D8C805E462BC162E420B0F67A50627CD6087ABB0260258A496ED82094291
output/person_terg_r2_runtime_grounding_and_full_stream_hypothesis_management_20260830/pre_reference/full_stream_q95_masks/R01ZF_SARF000295.npz,6303,A9AFFD2548272087DC30AA51F5A78AACC231C3283DBF7648B9DA1E7E05E5B2FF
output/person_terg_r2_runtime_grounding_and_full_stream_hypothesis_management_20260830/pre_reference/full_stream_q95_masks/R01ZF_SARF000296.npz,6090,0AD07597AC58A1DA2AF4B7FC14C1A721BEB59B448AF9F9EC50397F00C3AC1DDE
output/person_terg_r2_runtime_grounding_and_full_stream_hypothesis_management_20260830/pre_reference/full_stream_q95_masks/R01ZF_SARF000297.npz,6286,FB0C80A52FDFBEC871E801879B2A9CD826C1747EBD1A8043D97F424AE97FDAF1
output/person_terg_r2_runtime_grounding_and_full_stream_hypothesis_management_20260830/pre_reference/full_stream_q95_masks/R01ZF_SARF000298.npz,6152,280BD85B08CF1EAD6119C8FF1D4A975801BE1CB8561A2A4591001DA6DA68FD8C
output/person_terg_r2_runtime_grounding_and_full_stream_hypothesis_management_20260830/pre_reference/full_stream_q95_masks/R01ZF_SARF000299.npz,6104,688FA3A57EB4015987B740B208607499D97DA66970E29C353A2251470FF7A70C
output/person_terg_r2_runtime_grounding_and_full_stream_hypothesis_management_20260830/pre_reference/full_stream_q95_masks/R01ZF_SARF000300.npz,6405,B07D4069060C1B671C6753EA0849FAA96B5C6C27972E54A9497C5FBEEDD1A76A
output/person_terg_r2_runtime_grounding_and_full_stream_hypothesis_management_20260830/pre_reference/full_stream_q95_masks/R01ZF_SARF000301.npz,6315,D732534C785600753367227E5B34F3245F0DDA6E49121C0B1FDFB0A79B76B81A
output/person_terg_r2_runtime_grounding_and_full_stream_hypothesis_management_20260830/pre_reference/full_stream_q95_masks/R01ZF_SARF000302.npz,6208,0A5F1FCE59464752D751DABFC0354C9A1491938E7C069698600EEA4B60715BD5
output/person_terg_r2_runtime_grounding_and_full_stream_hypothesis_management_20260830/pre_reference/full_stream_q95_masks/R01ZF_SARF000303.npz,6308,404432C59C967DDC9AC4DE86C6A466E78A84251774C931FF525C04D142B0D8CE
output/person_terg_r2_runtime_grounding_and_full_stream_hypothesis_management_20260830/pre_reference/full_stream_q95_masks/R01ZF_SARF000304.npz,6248,38AABD42842F530533C37D59F03B8BEA4E60422E311DC774D74B32AAA2DED996
output/person_terg_r2_runtime_grounding_and_full_stream_hypothesis_management_20260830/pre_reference/full_stream_q95_masks/R01ZF_SARF000305.npz,6156,5B5E4F0A042E8120C0B4A70BDBA3B2FBF4A4FEF488A2213C1F9F2D76BCB327CA
output/person_terg_r2_runtime_grounding_and_full_stream_hypothesis_management_20260830/pre_reference/full_stream_q95_masks/R01ZF_SARF000306.npz,6057,AE77A92E0AC3F336770B78151861E8210EB9028AC7715DA9E05B4296AF079556
output/person_terg_r2_runtime_grounding_and_full_stream_hypothesis_management_20260830/pre_reference/full_stream_q95_masks/R01ZF_SARF000307.npz,6285,422EDA7D5C6014FB75EA79FC32D56861583A21AD578EF4ED9D51A8A01BDB746D
output/person_terg_r2_runtime_grounding_and_full_stream_hypothesis_management_20260830/pre_reference/full_stream_q95_masks/R01ZF_SARF000308.npz,6236,032E2D9211482812F206B4764944C8CE0682D81185CA5AFFF32C0351B8124802
output/person_terg_r2_runtime_grounding_and_full_stream_hypothesis_management_20260830/pre_reference/full_stream_q95_masks/R01ZF_SARF000309.npz,5996,5CC8247179E598989614A3435DD9426A48F28E0CB875DAA6F5E2BC91153CA867
output/person_terg_r2_runtime_grounding_and_full_stream_hypothesis_management_20260830/pre_reference/full_stream_q95_masks/R01ZF_SARF000310.npz,6062,546BE313AD6BCC6CA28AFFC0E1E24FE532D8F818E4990D7BE29A83446AD68A41
output/person_terg_r2_runtime_grounding_and_full_stream_hypothesis_management_20260830/pre_reference/full_stream_q95_masks/R01ZF_SARF000311.npz,6056,7F0E9ADB423DFCC7757BC17B7F4EB7073C4D45043D259B8C7DA0EC94C0410FC6
output/person_terg_r2_runtime_grounding_and_full_stream_hypothesis_management_20260830/pre_reference/full_stream_q95_masks/R01ZF_SARF000312.npz,6535,935E9B3CAFC68DA1564065623A882810E65B2B1D43E62172EC8E4D33ACDDB613
output/person_terg_r2_runtime_grounding_and_full_stream_hypothesis_management_20260830/pre_reference/full_stream_q95_masks/R01ZF_SARF000313.npz,6337,E3B001A5A895914E1C00D997604E53DBDDD52EACD080D742AD89562005406239
output/person_terg_r2_runtime_grounding_and_full_stream_hypothesis_management_20260830/pre_reference/full_stream_q95_masks/R01ZF_SARF000314.npz,6541,97A271E1D1BB32416405025A16D2B15910A236F545BC095D184248B68C7794C2
output/person_terg_r2_runtime_grounding_and_full_stream_hypothesis_management_20260830/pre_reference/full_stream_q95_masks/R01ZF_SARF000315.npz,6184,65F001DB95461E40A293971AEC6F9D9D6EB9B8403C449F832FB08847E4D51F7E
output/person_terg_r2_runtime_grounding_and_full_stream_hypothesis_management_20260830/pre_reference/full_stream_q95_masks/R01ZF_SARF000316.npz,6284,73C849D71048A6C555D03AA7C67E066ADB5A359A0513EE8229E2F4F8113EA6C6
output/person_terg_r2_runtime_grounding_and_full_stream_hypothesis_management_20260830/pre_reference/full_stream_q95_masks/R01ZF_SARF000317.npz,6567,15D95BD6CA1AEF4EE1428E3E2486425466181DA75D062E350E639DE4C956F3BD
output/person_terg_r2_runtime_grounding_and_full_stream_hypothesis_management_20260830/pre_reference/full_stream_q95_masks/R01ZF_SARF000318.npz,6718,E0CA666D74C3C33CB79FAB5C57FC495ADB856B4E7004B17EA854316574060494
output/person_terg_r2_runtime_grounding_and_full_stream_hypothesis_management_20260830/pre_reference/full_stream_q95_masks/R01ZF_SARF000319.npz,6595,5B6265DFB98612112A1A1A351A28277E94F168AA3F791C925EF9B327E5B6173C
output/person_terg_r2_runtime_grounding_and_full_stream_hypothesis_management_20260830/pre_reference/full_stream_q95_masks/R01ZF_SARF000320.npz,6540,A48B1F872BC3FB0C7EBCA6DE0C7C8E9778E4D92C8083C2E50D9BB1B4C747082A
output/person_terg_r2_runtime_grounding_and_full_stream_hypothesis_management_20260830/pre_reference/full_stream_q95_masks/R01ZF_SARF000321.npz,6692,E1C4D1D5FD5768B79D84E6C14052C38A944C55FD327D62DF3108697DBD0CD572
output/person_terg_r2_runtime_grounding_and_full_stream_hypothesis_management_20260830/pre_reference/full_stream_q95_masks/R01ZF_SARF000322.npz,6448,4FB8133B743E9D93EC16810C9AD690AB178A7019CCD85BFA84447FDFEFAD04FC
output/person_terg_r2_runtime_grounding_and_full_stream_hypothesis_management_20260830/pre_reference/full_stream_q95_masks/R01ZF_SARF000323.npz,6692,403338075F0F8FB14107AF33DB7A95CDD4CD6B6540BC37F0D87F449DAFAEF797
output/person_terg_r2_runtime_grounding_and_full_stream_hypothesis_management_20260830/pre_reference/full_stream_q95_masks/R01ZF_SARF000324.npz,6613,71CD2988C05D53E63F8EE8F0772AA58367270A902D057C9E8A1765DAD91679FC
output/person_terg_r2_runtime_grounding_and_full_stream_hypothesis_management_20260830/pre_reference/full_stream_q95_masks/R01ZF_SARF000325.npz,6550,368E260CD748F7D34C315541170D994BDE80D10482060A26B0D25848292D29B5
output/person_terg_r2_runtime_grounding_and_full_stream_hypothesis_management_20260830/pre_reference/full_stream_q95_masks/R01ZF_SARF000326.npz,6582,50FDFBF37B9F0F22D7AE0A41D018D85D2ECE289DD6FD58C20901EEAAF4D77D7C
output/person_terg_r2_runtime_grounding_and_full_stream_hypothesis_management_20260830/pre_reference/full_stream_q95_masks/R01ZF_SARF000327.npz,6611,E8225E16C7F498FCBE669DE367FCE590B38025DC20C305BE2B2E181DE6C4C62B
output/person_terg_r2_runtime_grounding_and_full_stream_hypothesis_management_20260830/pre_reference/full_stream_q95_masks/R01ZF_SARF000328.npz,6717,31D7835F5A3E4AE5CFF943AD130E2EB5CCA9DCD81618997113983006714CA816
output/person_terg_r2_runtime_grounding_and_full_stream_hypothesis_management_20260830/pre_reference/full_stream_q95_masks/R01ZF_SARF000329.npz,6434,4FA94C5060779C7FCABD909CF73A2326D4B5F57BC9EB7C57D0A0E5B3668DAA0A
output/person_terg_r2_runtime_grounding_and_full_stream_hypothesis_management_20260830/pre_reference/full_stream_q95_masks/R01ZF_SARF000330.npz,6543,6D452FFB61B3F6D2D971991AA82AA4A4F6007F82BDFA09C542FD33A5B3375F50
output/person_terg_r2_runtime_grounding_and_full_stream_hypothesis_management_20260830/pre_reference/full_stream_q95_masks/R01ZF_SARF000331.npz,6131,03841CB1F35E0C30E838EF510143852C48A337530C9C613964C7B18C01E1FC91
output/person_terg_r2_runtime_grounding_and_full_stream_hypothesis_management_20260830/pre_reference/full_stream_q95_masks/R01ZF_SARF000332.npz,6511,78DCBF64F7CC99359B9DB0BC4B4316566BAB1111768D0090EF14CC3630A27094
output/person_terg_r2_runtime_grounding_and_full_stream_hypothesis_management_20260830/pre_reference/full_stream_q95_masks/R01ZF_SARF000333.npz,6614,5B991A23A9BBCCC3EE4CFA1F34E4D079C39A306082382A8DD26A383DE5E33286
output/person_terg_r2_runtime_grounding_and_full_stream_hypothesis_management_20260830/pre_reference/full_stream_q95_masks/R01ZF_SARF000334.npz,6531,EA76CDE41113A6AC3A38BEF118AB6503C7A01F6BDAD85FD7A925223EDACDA162
output/person_terg_r2_runtime_grounding_and_full_stream_hypothesis_management_20260830/pre_reference/full_stream_q95_masks/R01ZF_SARF000335.npz,6642,FEF93C770E4CA0242926DC953838054E3C2DF1F0515D533D4C6CD0ABADDE1834
output/person_terg_r2_runtime_grounding_and_full_stream_hypothesis_management_20260830/pre_reference/full_stream_q95_masks/R01ZF_SARF000336.npz,6486,B94922F4D89DD19486A3447A9CD7E65468E09C227D2C3F920B3D0210F51AB8CF
output/person_terg_r2_runtime_grounding_and_full_stream_hypothesis_management_20260830/pre_reference/full_stream_q95_masks/R01ZF_SARF000337.npz,6656,475A2B4D43E67CB011F460C1701ADFE122096DEA6CD81500BD8492A3704FB224
output/person_terg_r2_runtime_grounding_and_full_stream_hypothesis_management_20260830/pre_reference/full_stream_q95_masks/R01ZF_SARF000338.npz,6393,6474EDA5947CD18BAC61D51C90D2E87AABB6CC00970B8D4B1D50AFA085FC620B
output/person_terg_r2_runtime_grounding_and_full_stream_hypothesis_management_20260830/pre_reference/full_stream_q95_masks/R01ZF_SARF000339.npz,6445,F72D59C68D768FD2A089D075F75D9F8C434EF25D5609F1D047850B0DC284C8AA
output/person_terg_r2_runtime_grounding_and_full_stream_hypothesis_management_20260830/pre_reference/full_stream_q95_masks/R01ZF_SARF000340.npz,6391,5E5C0A010ABEBA677358AC427585B9D83936AB7975A9BC3D9F9C3D0F3B2C82D5
output/person_terg_r2_runtime_grounding_and_full_stream_hypothesis_management_20260830/pre_reference/full_stream_q95_masks/R01ZF_SARF000341.npz,6645,424E35168FD98939603EA4818A4140ECC210DFD17262B378ADE2FE171906CEAE
output/person_terg_r2_runtime_grounding_and_full_stream_hypothesis_management_20260830/pre_reference/full_stream_q95_masks/R01ZF_SARF000342.npz,6465,689E737FEA719DA36AA16ADA3692B75B6842017B91246A3E4748F909C78429A2
output/person_terg_r2_runtime_grounding_and_full_stream_hypothesis_management_20260830/pre_reference/full_stream_q95_masks/R01ZF_SARF000343.npz,6551,E8DC0EB398C197A02787DB80A84FC740B6E3C15167C31608EF3CE1207A111BC4
output/person_terg_r2_runtime_grounding_and_full_stream_hypothesis_management_20260830/pre_reference/full_stream_q95_masks/R01ZF_SARF000344.npz,6684,BBA5231D12C14ADE11A9EDC103B948351F368D28376BC0CA752757C5D01844D8
output/person_terg_r2_runtime_grounding_and_full_stream_hypothesis_management_20260830/pre_reference/full_stream_q95_masks/R01ZF_SARF000345.npz,6652,D146D7306DBD78D3BB7F4DBB1DD435102D031AE0812E7D9F8C38671B8899A09A
output/person_terg_r2_runtime_grounding_and_full_stream_hypothesis_management_20260830/pre_reference/full_stream_q95_masks/R01ZF_SARF000346.npz,6850,8C7B4665519D523A34674B57256B9562225A85EB5806A43566B95D5B332BE4E7
output/person_terg_r2_runtime_grounding_and_full_stream_hypothesis_management_20260830/pre_reference/full_stream_q95_masks/R01ZF_SARF000347.npz,6620,4E6C907D7D2A27E8D2EE8110AF5FF7291B0E8E9F055A3DBFF4F4BC9E1A942454
output/person_terg_r2_runtime_grounding_and_full_stream_hypothesis_management_20260830/pre_reference/full_stream_q95_masks/R01ZF_SARF000348.npz,6586,2A99998CE704D9A6B27E51FD55B7A43B46780833C2DDC9D55AE590F03ACF305F
output/person_terg_r2_runtime_grounding_and_full_stream_hypothesis_management_20260830/pre_reference/full_stream_q95_masks/R01ZF_SARF000349.npz,6583,BD84FEB9A6E4C6E66DB72201B2392769247EF8EB19325AC0114703E1056836DF
output/person_terg_r2_runtime_grounding_and_full_stream_hypothesis_management_20260830/pre_reference/full_stream_q95_masks/R01ZF_SARF000350.npz,6351,8DD7F0E4EADF3890BDE03161F94B534A07FFB0CF1F308D2CE2F8740875B90E65
output/person_terg_r2_runtime_grounding_and_full_stream_hypothesis_management_20260830/pre_reference/full_stream_q95_masks/R01ZF_SARF000351.npz,6567,E5DBCE0D01DC34D49794E06DD24A1200664CE931EEE06B98EE5D2017E3422CF2
output/person_terg_r2_runtime_grounding_and_full_stream_hypothesis_management_20260830/pre_reference/full_stream_q95_masks/R01ZF_SARF000352.npz,6635,FC78B2280BCD9F6EAFABD559F22B5C987F504C6543F06B8921CCC8944A4189DF
output/person_terg_r2_runtime_grounding_and_full_stream_hypothesis_management_20260830/pre_reference/full_stream_q95_masks/R01ZF_SARF000353.npz,6495,C85A4E262B1BFC19B096A7A0C518B40E3C10EB41576CB5BDEC5633DAF755F840
output/person_terg_r2_runtime_grounding_and_full_stream_hypothesis_management_20260830/pre_reference/full_stream_q95_masks/R01ZF_SARF000354.npz,6653,F2405B76EE7582348756F0420B00D2B768B304F7B20B0EDD19ABF135BC521919
output/person_terg_r2_runtime_grounding_and_full_stream_hypothesis_management_20260830/pre_reference/full_stream_q95_masks/R01ZF_SARF000355.npz,6787,62D21EF77D104DA2C3A0E9D2A6902B01D719C6C0BE27461C755149F7DF6043C4
output/person_terg_r2_runtime_grounding_and_full_stream_hypothesis_management_20260830/pre_reference/full_stream_q95_masks/R01ZF_SARF000356.npz,6840,BD5CF39FFFBBCB46607E55FFED9C5D50FA0B8116C0AC058A7C45E6A0B3B3A2E0
output/person_terg_r2_runtime_grounding_and_full_stream_hypothesis_management_20260830/pre_reference/full_stream_q95_masks/R01ZF_SARF000357.npz,6994,F89EB929836CAEE7E02907F903F2B75EDC83254065EAFD00E04F98A41B30194A
output/person_terg_r2_runtime_grounding_and_full_stream_hypothesis_management_20260830/pre_reference/full_stream_q95_masks/R01ZF_SARF000358.npz,6665,ED7370B034B1163AD2E2326B9DF9C343ABEA5976D6155A90629854CFC73B4554
output/person_terg_r2_runtime_grounding_and_full_stream_hypothesis_management_20260830/pre_reference/full_stream_q95_masks/R01ZF_SARF000359.npz,6675,23AF1851D8210D2D2E994165DE5D79E728E9B813B7B4189A855733698933F403
output/person_terg_r2_runtime_grounding_and_full_stream_hypothesis_management_20260830/pre_reference/full_stream_q95_masks/R01ZF_SARF000360.npz,6464,9FE28EDEB81E5830258EF2869EF3C970B5AF37ADFBD566AD23EA55DE3EE29A2B
output/person_terg_r2_runtime_grounding_and_full_stream_hypothesis_management_20260830/pre_reference/full_stream_q95_masks/R01ZF_SARF000361.npz,6476,CFD9499BF8BA969B11AC7E203BD9585355FF61FF2E6526C26FB538A33F307BBB
output/person_terg_r2_runtime_grounding_and_full_stream_hypothesis_management_20260830/pre_reference/full_stream_q95_masks/R01ZF_SARF000362.npz,6433,28C435CEAE662D0EC065791D7CCC20667F5658D00939537A1C19D5089FB40775
output/person_terg_r2_runtime_grounding_and_full_stream_hypothesis_management_20260830/pre_reference/full_stream_q95_masks/R01ZF_SARF000363.npz,6564,99D6A10CF416F44204D59C5227FEEE7852B632AC3D769D71F6F2CCF46D4BF431
output/person_terg_r2_runtime_grounding_and_full_stream_hypothesis_management_20260830/pre_reference/full_stream_q95_masks/R01ZF_SARF000364.npz,6821,F44C57ECEA2999013635AEA9FD8496F44E3F18D130AAE4DA7E9B53ECD64DE775
output/person_terg_r2_runtime_grounding_and_full_stream_hypothesis_management_20260830/pre_reference/full_stream_q95_masks/R01ZF_SARF000365.npz,6685,4CC446F0B1E56415AAA031D741043A6CE3F22AD0EC98B95E209FE4E1A2BB4104
output/person_terg_r2_runtime_grounding_and_full_stream_hypothesis_management_20260830/pre_reference/full_stream_q95_masks/R01ZF_SARF000366.npz,6556,C11D4F30FCFC4CAA1792AAA20B73E16BAA60DC2863E8BA51F0815E287F8D2A69
output/person_terg_r2_runtime_grounding_and_full_stream_hypothesis_management_20260830/pre_reference/full_stream_q95_masks/R01ZF_SARF000367.npz,6587,2185FFD44599DF5FBB1C2F8CD92EA2FD6870E44AB9F5AFF439F599FCFE8D3FA2
output/person_terg_r2_runtime_grounding_and_full_stream_hypothesis_management_20260830/pre_reference/full_stream_q95_masks/R01ZF_SARF000368.npz,6492,68A94D526E54CF9F1C8613E5663274F626D0FCF5AEC0CA5850AA8C252E73A3E5
output/person_terg_r2_runtime_grounding_and_full_stream_hypothesis_management_20260830/pre_reference/full_stream_q95_masks/R01ZF_SARF000369.npz,6666,422D7E0383B486EF7A78F811AFEE43B254A09DED90C684CE9C85EBDC4F6FD81E
output/person_terg_r2_runtime_grounding_and_full_stream_hypothesis_management_20260830/pre_reference/full_stream_q95_masks/R01ZF_SARF000370.npz,6478,960DA4A613EC93C21FCD5E7BD0B21DE3DA91DAE99B60FA99959C6E3797697A77
output/person_terg_r2_runtime_grounding_and_full_stream_hypothesis_management_20260830/pre_reference/full_stream_q95_masks/R01ZF_SARF000371.npz,6506,BCC178D32E453737E0FE640F9F75A59C9B4374C02EC2900B405E508C4AEBD64A
output/person_terg_r2_runtime_grounding_and_full_stream_hypothesis_management_20260830/pre_reference/full_stream_q95_masks/R01ZF_SARF000372.npz,6411,0A771FCDFD7198CAF1DB8ED00D83E880CAE1BF82A97B851324177AE4E7570FF4
output/person_terg_r2_runtime_grounding_and_full_stream_hypothesis_management_20260830/pre_reference/full_stream_q95_masks/R01ZF_SARF000373.npz,6459,C0F4B9F7694218A0F220879D787E801E45AC4FE528E8D9751F277D106E4B5666
output/person_terg_r2_runtime_grounding_and_full_stream_hypothesis_management_20260830/pre_reference/full_stream_q95_masks/R01ZF_SARF000374.npz,6688,CC06897F579AECDC1ED6EF878395F5FBE840CE366BB2EAE8C29C9D32585EA43A
output/person_terg_r2_runtime_grounding_and_full_stream_hypothesis_management_20260830/pre_reference/full_stream_q95_masks/R01ZF_SARF000375.npz,6571,D3BE32779DC4DDAD318DB31501FDE900135FA238E64233E26408F0384C8BBB18
output/person_terg_r2_runtime_grounding_and_full_stream_hypothesis_management_20260830/pre_reference/full_stream_q95_masks/R01ZF_SARF000376.npz,6961,EE3BB7AE4DE4CA6A8E30A25F624836B1C3B5C76037949049C5CB663A381FCEA9
output/person_terg_r2_runtime_grounding_and_full_stream_hypothesis_management_20260830/pre_reference/full_stream_q95_masks/R01ZF_SARF000377.npz,6765,75385A0AE35E3E09A69838C8358D137DBAA5F764C3CE1C9E0844B79E5288D9CB
output/person_terg_r2_runtime_grounding_and_full_stream_hypothesis_management_20260830/pre_reference/full_stream_q95_masks/R01ZF_SARF000378.npz,6537,3EF1CE973E1245539BB12009BA11196099811D8FC65C55AC083B6D13E84C6AC9
output/person_terg_r2_runtime_grounding_and_full_stream_hypothesis_management_20260830/pre_reference/full_stream_q95_masks/R01ZF_SARF000379.npz,6345,4349C5D9224258273994DCC8ACFC28A7F41F45194BC5999D74F2A7AD903B684A
output/person_terg_r2_runtime_grounding_and_full_stream_hypothesis_management_20260830/pre_reference/full_stream_q95_masks/R01ZF_SARF000380.npz,6475,BCC20866D28FF3D7937E0618497270CD961497B0BDF09D150382827A516D2AE5
output/person_terg_r2_runtime_grounding_and_full_stream_hypothesis_management_20260830/pre_reference/full_stream_q95_masks/R01ZF_SARF000381.npz,6719,D212ECFFE82B5BEB45FE219135A16FC479624DD12091DBEFCBA1E77BEA48C383
output/person_terg_r2_runtime_grounding_and_full_stream_hypothesis_management_20260830/pre_reference/full_stream_q95_masks/R01ZF_SARF000382.npz,6660,ABB71E80366A592C46F121F1A6562B5429CF96FDC7AB7B10F15E4D73626992D7
output/person_terg_r2_runtime_grounding_and_full_stream_hypothesis_management_20260830/pre_reference/full_stream_q95_masks/R01ZF_SARF000383.npz,6590,A9F17A8AE3F37A989BD039FC538A45BC36E8889750BFEAAA3475456967EB780D
output/person_terg_r2_runtime_grounding_and_full_stream_hypothesis_management_20260830/pre_reference/full_stream_q95_masks/R01ZF_SARF000384.npz,6512,C84D07438EEE3EDFD72CBBE97A413EC92AAB5728C3C74CF05287C661B66AA55C
output/person_terg_r2_runtime_grounding_and_full_stream_hypothesis_management_20260830/pre_reference/full_stream_q95_masks/R01ZF_SARF000385.npz,6562,9EB656E154DFA31D3DE332BA56287D24A38F60A0A5AFB887A793341974D4E135
output/person_terg_r2_runtime_grounding_and_full_stream_hypothesis_management_20260830/pre_reference/full_stream_q95_masks/R01ZF_SARF000386.npz,6560,F271F542DCFCADE54C6760D6DAA9ED6983A87531BDE3FCF7E20225E18C296555
output/person_terg_r2_runtime_grounding_and_full_stream_hypothesis_management_20260830/pre_reference/full_stream_q95_masks/R01ZF_SARF000387.npz,6685,3B1A11504F17853740556176AAAC439A4E0C7D0E478507B41F1A981FAD6A46BC
output/person_terg_r2_runtime_grounding_and_full_stream_hypothesis_management_20260830/pre_reference/full_stream_q95_masks/R01ZF_SARF000388.npz,6446,4261A5A4054D63BEDE15D1543C206D5FB9E508F08F8CC23CB454DA36362E1187
output/person_terg_r2_runtime_grounding_and_full_stream_hypothesis_management_20260830/pre_reference/full_stream_q95_masks/R01ZF_SARF000389.npz,6638,F5C35F63CDC34CC8A9796FAA96BBBAC358B6710F74F5A41B7E487D6894AE91A3
output/person_terg_r2_runtime_grounding_and_full_stream_hypothesis_management_20260830/pre_reference/full_stream_q95_masks/R01ZF_SARF000390.npz,6641,6F0DCAAF603C0EC4A22A96679F4D0131D494046BF66422209D8D75BEB7ECA480
output/person_terg_r2_runtime_grounding_and_full_stream_hypothesis_management_20260830/pre_reference/full_stream_q95_masks/R01ZF_SARF000391.npz,6953,C5FB17827727CE977146821DA83132223F494FE86BE30F19591938339C837D93
output/person_terg_r2_runtime_grounding_and_full_stream_hypothesis_management_20260830/pre_reference/full_stream_q95_masks/R01ZF_SARF000392.npz,6685,9A78A73E7792329140965EA202157FE81ADC6CC05EE3D0C0DB4B3E161D2B2336
output/person_terg_r2_runtime_grounding_and_full_stream_hypothesis_management_20260830/pre_reference/full_stream_q95_masks/R01ZF_SARF000393.npz,6935,5E9969E038C5E0026FBAEC4E2600AAB21DA9E5C58994862C65B8053AE3DDF260
output/person_terg_r2_runtime_grounding_and_full_stream_hypothesis_management_20260830/pre_reference/full_stream_q95_masks/R01ZF_SARF000394.npz,6795,2A3C88DA57FD1AB384E18D1C2944BBF741F8E5642D05F56F165AF153363FCF29
output/person_terg_r2_runtime_grounding_and_full_stream_hypothesis_management_20260830/pre_reference/full_stream_q95_masks/R01ZF_SARF000395.npz,6613,FA4B85DFED177A964118838B493CD57B897BADE684F13CAD96B0D221E30A63AE
output/person_terg_r2_runtime_grounding_and_full_stream_hypothesis_management_20260830/pre_reference/full_stream_q95_masks/R01ZF_SARF000396.npz,6748,7A54A741877CF777D44A1570D2B547F32D0373484465B9CF1B4199C806CEF46C
output/person_terg_r2_runtime_grounding_and_full_stream_hypothesis_management_20260830/pre_reference/full_stream_q95_masks/R01ZF_SARF000397.npz,7316,44B75403A0DF87D9D5A489084DFB5B18EA7FEF9523A528B3BC1406F2A4EEE3AD
output/person_terg_r2_runtime_grounding_and_full_stream_hypothesis_management_20260830/pre_reference/full_stream_q95_masks/R01ZF_SARF000398.npz,7059,F2DE6B5BB4FC37CCF2FF9F5C9629201A7A2BD59FC2375741BB633122D7C35F0F
output/person_terg_r2_runtime_grounding_and_full_stream_hypothesis_management_20260830/pre_reference/full_stream_q95_masks/R01ZF_SARF000399.npz,6878,184B5F52174C67EB29866CE630E3DC440F72E12D0C98B25C09E9E3DF2242EE77
output/person_terg_r2_runtime_grounding_and_full_stream_hypothesis_management_20260830/pre_reference/full_stream_q95_masks/R01ZF_SARF000400.npz,6657,0DE39AEE8CB8888ACDCD9B88862472DF7AB1DEA6B2E5A1ED452F3315D417C13A
output/person_terg_r2_runtime_grounding_and_full_stream_hypothesis_management_20260830/pre_reference/full_stream_q95_masks/R01ZF_SARF000401.npz,6740,5845736661D7BCDB95E76F4A5A35E7DF2FBABC4B86E6E52016268081EFB525D3
output/person_terg_r2_runtime_grounding_and_full_stream_hypothesis_management_20260830/pre_reference/full_stream_q95_masks/R01ZF_SARF000402.npz,6495,2988C7BE5B864A2DF4E012B39414612FFF18035EA09638DF9825B4820D362547
output/person_terg_r2_runtime_grounding_and_full_stream_hypothesis_management_20260830/pre_reference/full_stream_q95_masks/R01ZF_SARF000403.npz,6828,52484E107CC3DD880C40D472AC31EEF54E8B5C99E822AC00E2B8D979B63F1E60
output/person_terg_r2_runtime_grounding_and_full_stream_hypothesis_management_20260830/pre_reference/full_stream_q95_masks/R01ZF_SARF000404.npz,6551,23F5B588E707D414A4342961C6EB0D50EFDFCA0E3CD78C593C5685B7CE743393
output/person_terg_r2_runtime_grounding_and_full_stream_hypothesis_management_20260830/pre_reference/full_stream_q95_masks/R01ZF_SARF000405.npz,6473,A29039C4158D73978FFE754ED45EE4202C0AB1C570CBF0786ABCBFE580A07DD0
output/person_terg_r2_runtime_grounding_and_full_stream_hypothesis_management_20260830/pre_reference/full_stream_q95_masks/R01ZF_SARF000406.npz,6377,5416581CBA51E781FF79D1A59E05D389B177DF40C9FF833AF1481A4BB4CDEF28
output/person_terg_r2_runtime_grounding_and_full_stream_hypothesis_management_20260830/pre_reference/full_stream_q95_masks/R01ZF_SARF000407.npz,6359,829C72A791C82AC628EE0932ADD37345220DD7DBCA5BF40530B51F8992866B52
output/person_terg_r2_runtime_grounding_and_full_stream_hypothesis_management_20260830/pre_reference/full_stream_q95_masks/R01ZF_SARF000408.npz,6593,79023F5404884A24DB78678DF20FF9DD45DBC04E793CFE6F1AD445FABDC6617D
output/person_terg_r2_runtime_grounding_and_full_stream_hypothesis_management_20260830/pre_reference/full_stream_q95_masks/R01ZF_SARF000409.npz,6715,2C4C5239483F09DC4CDF0D4F5FE8B1BB469A2974CE76B1A9786CA2C6E57478D1
output/person_terg_r2_runtime_grounding_and_full_stream_hypothesis_management_20260830/pre_reference/full_stream_q95_masks/R01ZF_SARF000410.npz,6765,2E7D4FDD982992B1F8E879153FA133E39AD5205D25DB7B20CE3FA2F84BA538EC
output/person_terg_r2_runtime_grounding_and_full_stream_hypothesis_management_20260830/pre_reference/full_stream_q95_masks/R01ZF_SARF000411.npz,6758,8C2F7290992662957069E8CBBB36A081117C1B08DD4F282E83965265B887E565
output/person_terg_r2_runtime_grounding_and_full_stream_hypothesis_management_20260830/pre_reference/full_stream_q95_masks/R01ZF_SARF000412.npz,6760,3BA5A035962C4B71822D9EFA28FDA7CA3545FAE5428543FB8051E70EA060C560
output/person_terg_r2_runtime_grounding_and_full_stream_hypothesis_management_20260830/pre_reference/full_stream_q95_masks/R01ZF_SARF000413.npz,6704,025C6D6B690152BB479866F9A9DDD2D6A45074C8AED6E17E05FE707536E7A52A
output/person_terg_r2_runtime_grounding_and_full_stream_hypothesis_management_20260830/pre_reference/full_stream_q95_masks/R01ZF_SARF000414.npz,6709,987F3B80FB807DE9656DB4881728F6523F7FEF9C59FAE1722ABB08A3923693BB
output/person_terg_r2_runtime_grounding_and_full_stream_hypothesis_management_20260830/pre_reference/full_stream_q95_masks/R01ZF_SARF000415.npz,6712,DCC1B72A17C07EE1587A0520AB64A974741555AAD491B380A73B7495C4271EF8
output/person_terg_r2_runtime_grounding_and_full_stream_hypothesis_management_20260830/pre_reference/full_stream_q95_masks/R01ZF_SARF000416.npz,6711,D4360417B8E7CA144B5895229C7E5EE18B09D124DD7E1BC4AE9574F80E908C55
output/person_terg_r2_runtime_grounding_and_full_stream_hypothesis_management_20260830/pre_reference/full_stream_q95_masks/R01ZF_SARF000417.npz,6695,23C70F9DB789F293EDFE81819B8EFE6167FBA0CAF889559B34B11C1F9A7EFDF1
output/person_terg_r2_runtime_grounding_and_full_stream_hypothesis_management_20260830/pre_reference/full_stream_q95_masks/R01ZF_SARF000418.npz,6530,870DF301EED4A94222D9F47C936A88A5D22E94DE2922E9F5130FB0516E12970B
output/person_terg_r2_runtime_grounding_and_full_stream_hypothesis_management_20260830/pre_reference/full_stream_q95_masks/R01ZF_SARF000419.npz,6643,28258A108988C07D75173D59ADC6A6E7FF583CA8C00F65EB6CECC80FA3E4580B
output/person_terg_r2_runtime_grounding_and_full_stream_hypothesis_management_20260830/pre_reference/full_stream_q95_masks/R01ZF_SARF000420.npz,6731,E935CAC138012FA3A91BB5FB3EECFD9E487103804BA21DA24D32B094A9BD1285
output/person_terg_r2_runtime_grounding_and_full_stream_hypothesis_management_20260830/pre_reference/full_stream_q95_masks/R01ZF_SARF000421.npz,7012,D933D6782DC27C79AA570300DC8AA0FE6282DAE2029DCB344D68A94FC1D93494
output/person_terg_r2_runtime_grounding_and_full_stream_hypothesis_management_20260830/pre_reference/full_stream_q95_masks/R01ZF_SARF000422.npz,7073,458C68F422F41CA1D07A80557E678F0223F4C159869E0ED081ACB58110295465
output/person_terg_r2_runtime_grounding_and_full_stream_hypothesis_management_20260830/pre_reference/full_stream_q95_masks/R01ZF_SARF000423.npz,7015,49CB7905FE1820A69952B247121F92E4A11912553063A19DE728B3F7C0EC8DA6
output/person_terg_r2_runtime_grounding_and_full_stream_hypothesis_management_20260830/pre_reference/full_stream_q95_masks/R01ZF_SARF000424.npz,7073,EFAB6C761DE621C544F8CA816A51DF39298C7D8F0DC62FAE22B38D14FB09FE35
output/person_terg_r2_runtime_grounding_and_full_stream_hypothesis_management_20260830/pre_reference/full_stream_q95_masks/R01ZF_SARF000425.npz,7031,FA53C444D7B2E4D50252115A7985C93E88FDE1365B73976D220337AD3382300C
output/person_terg_r2_runtime_grounding_and_full_stream_hypothesis_management_20260830/pre_reference/full_stream_q95_masks/R01ZF_SARF000426.npz,6851,498896098DF142DEE0AA2989DDA0FBE6F240A47FB46EE313BFEC2FBB2CE455A7
output/person_terg_r2_runtime_grounding_and_full_stream_hypothesis_management_20260830/pre_reference/full_stream_q95_masks/R01ZF_SARF000427.npz,6669,92C467F7A1A965E69801DA0A2899549DCB7B69D59F2617500AAC23F175ADF578
output/person_terg_r2_runtime_grounding_and_full_stream_hypothesis_management_20260830/pre_reference/full_stream_q95_masks/R01ZF_SARF000428.npz,7240,3604E80F10014722ECEB56E8CA4CDF04BF30477880705D92CBD61B07FEB0E2BF
output/person_terg_r2_runtime_grounding_and_full_stream_hypothesis_management_20260830/pre_reference/full_stream_q95_masks/R01ZF_SARF000429.npz,6577,5549035B1D24A680659FA21A93E68A2CF0D034CA39AF3DDBA146142902695EFB
output/person_terg_r2_runtime_grounding_and_full_stream_hypothesis_management_20260830/pre_reference/full_stream_q95_masks/R01ZF_SARF000430.npz,7001,D04A03672E15170DB1328F9763FEA793B5AA88D31D5CE1E06ABBDE8B380229C7
output/person_terg_r2_runtime_grounding_and_full_stream_hypothesis_management_20260830/pre_reference/full_stream_q95_masks/R01ZF_SARF000431.npz,7029,1E7864ECF913BD490730107D6ACF40B657247710D5C45BFDA66C097084C36FFC
output/person_terg_r2_runtime_grounding_and_full_stream_hypothesis_management_20260830/pre_reference/full_stream_q95_masks/R01ZF_SARF000432.npz,6645,AFBC98260B72A27BD3A1CD29A7FBB98BEB6EA75AEB39955B617B1D196C7C39E5
output/person_terg_r2_runtime_grounding_and_full_stream_hypothesis_management_20260830/pre_reference/full_stream_q95_masks/R01ZF_SARF000433.npz,6714,AFDDE115DD21FAA87180E580892A1A33FB38C97A921D796198C32EABD146CCCF
output/person_terg_r2_runtime_grounding_and_full_stream_hypothesis_management_20260830/pre_reference/full_stream_q95_masks/R01ZF_SARF000434.npz,6584,62FFAD784A1DD1BA169103C25E98E9B0DB2E89630E3EBCBBE48045B3A4CBCA4D
output/person_terg_r2_runtime_grounding_and_full_stream_hypothesis_management_20260830/pre_reference/full_stream_q95_masks/R01ZF_SARF000435.npz,6892,033E1186BD8104B3DC7EE353676729053009F908B6C1C9FC2626B7E898DA266A
output/person_terg_r2_runtime_grounding_and_full_stream_hypothesis_management_20260830/pre_reference/full_stream_q95_masks/R01ZF_SARF000436.npz,6775,E8CBA11A8F9C6125718E580B98D524F23381A5319FBCB1F4A2AF708D52B82E1B
output/person_terg_r2_runtime_grounding_and_full_stream_hypothesis_management_20260830/pre_reference/full_stream_q95_masks/R01ZF_SARF000437.npz,6654,73B5F4CEF0B8AB4CF76644568EF7D850105FC776132337E089049613AE3F3446
output/person_terg_r2_runtime_grounding_and_full_stream_hypothesis_management_20260830/pre_reference/full_stream_q95_masks/R01ZF_SARF000438.npz,6548,5F392B046838B09CA68F2800FB5EEB8A210192A0B232BF509143CF540A0F5B0C
output/person_terg_r2_runtime_grounding_and_full_stream_hypothesis_management_20260830/pre_reference/full_stream_q95_masks/R01ZF_SARF000439.npz,6965,86F9B611DA6E499B64C18E9B97DCFA6BCA9B2AFC0B4491FCA75287EFC6834495
output/person_terg_r2_runtime_grounding_and_full_stream_hypothesis_management_20260830/pre_reference/full_stream_q95_masks/R01ZF_SARF000440.npz,7071,1B49291BB832EF163BA9E80441CE1632DB39B1A0D762B5E4B486A2DB3B475D3D
output/person_terg_r2_runtime_grounding_and_full_stream_hypothesis_management_20260830/pre_reference/full_stream_q95_masks/R01ZF_SARF000441.npz,6580,AD518299DC46070B7C954EB18D1DD9528180436A3B2022631725909D9C921CC8
output/person_terg_r2_runtime_grounding_and_full_stream_hypothesis_management_20260830/pre_reference/full_stream_q95_masks/R01ZF_SARF000442.npz,6370,FEA73C1B9B3C40CDBE66CE1F09DC3AA36D204095E566A777CF4A7909E60EF778
output/person_terg_r2_runtime_grounding_and_full_stream_hypothesis_management_20260830/pre_reference/full_stream_q95_masks/R01ZF_SARF000443.npz,6268,4ADB71FA4BF9B1366C06CAC1721BCB3F3C581492A395F325E6E24CF59ECFEE57
output/person_terg_r2_runtime_grounding_and_full_stream_hypothesis_management_20260830/pre_reference/full_stream_q95_masks/R01ZF_SARF000444.npz,6557,2A2212B670148DAA6D477EAB25EDB90C77348EC183387B2C6171640960648BD9
output/person_terg_r2_runtime_grounding_and_full_stream_hypothesis_management_20260830/pre_reference/full_stream_q95_masks/R01ZF_SARF000445.npz,6443,49A6B090D58FDDB97E4E1A2B42F2B1BADAD195D04DE81B0DFD76D5AE558E6F80
output/person_terg_r2_runtime_grounding_and_full_stream_hypothesis_management_20260830/pre_reference/full_stream_q95_masks/R01ZF_SARF000446.npz,6372,1DC3E6CB140D7D9E6C6D626E56A95927256C05895BDDDA6068C3A64898ED19E5
output/person_terg_r2_runtime_grounding_and_full_stream_hypothesis_management_20260830/pre_reference/full_stream_q95_masks/R01ZF_SARF000447.npz,6664,046A2836E7346AC3E9E3855FC3C896C814548BA569F583CC037DBE42C1F5EB8E
output/person_terg_r2_runtime_grounding_and_full_stream_hypothesis_management_20260830/pre_reference/full_stream_q95_masks/R01ZF_SARF000448.npz,6439,0F4B201D0B240F08E23B0CDE443B0E4E3B4E11C56B8E2224D2774185C9D82672
output/person_terg_r2_runtime_grounding_and_full_stream_hypothesis_management_20260830/pre_reference/full_stream_q95_masks/R01ZF_SARF000449.npz,6370,3E0B79454F0C254ED06392EBCD37309FF4404423DDDD04C08A36A5821C80A2E0
output/person_terg_r2_runtime_grounding_and_full_stream_hypothesis_management_20260830/pre_reference/full_stream_q95_masks/R01ZF_SARF000450.npz,6240,C1FEEA84D8DD07351D6E9464DF52074506834EF33C2BF574901F208EEDED170F
output/person_terg_r2_runtime_grounding_and_full_stream_hypothesis_management_20260830/pre_reference/full_stream_q95_masks/R01ZF_SARF000451.npz,6315,9D526AE2B604A350394E84328076F9E81DE448FDD1AA569E87F1DA8A7045A6F5
output/person_terg_r2_runtime_grounding_and_full_stream_hypothesis_management_20260830/pre_reference/full_stream_q95_masks/R01ZF_SARF000452.npz,6356,54FC4C2C482E88D97D3A3E25853CFACFE570478AF51E004436BA8A050E405E74
output/person_terg_r2_runtime_grounding_and_full_stream_hypothesis_management_20260830/pre_reference/full_stream_q95_masks/R01ZF_SARF000453.npz,6314,EFE001237CA5F1CF8D1182BA1E169537D8F86EB792F5C483E735A48DE98B0732
output/person_terg_r2_runtime_grounding_and_full_stream_hypothesis_management_20260830/pre_reference/full_stream_q95_masks/R01ZF_SARF000454.npz,6303,2E8FA3FA0E98132DE2BCFB94F56EE7FE661A843C171AB27BECA6CD058987C1EC
output/person_terg_r2_runtime_grounding_and_full_stream_hypothesis_management_20260830/pre_reference/full_stream_q95_masks/R01ZF_SARF000455.npz,6394,4441DD83B603BAC0AADB4B31A68A8F6B632FC65741A52B883D6CC47424570E49
output/person_terg_r2_runtime_grounding_and_full_stream_hypothesis_management_20260830/pre_reference/full_stream_q95_masks/R01ZF_SARF000456.npz,6405,74AD4260A5A322FDFCD83F18A6212F09FA81F4DEA1EA7B78A720EAFA53E27250
output/person_terg_r2_runtime_grounding_and_full_stream_hypothesis_management_20260830/pre_reference/full_stream_q95_masks/R01ZF_SARF000457.npz,6450,46D8BF7F91139225CFC3940AB17C71AA716A41C78A704E733ABF106C64D25588
output/person_terg_r2_runtime_grounding_and_full_stream_hypothesis_management_20260830/pre_reference/full_stream_q95_masks/R01ZF_SARF000458.npz,6518,505D4C4927FFD195F4B8274828208BE531F951EE11D2B25CA2406CE41E79B6BB
output/person_terg_r2_runtime_grounding_and_full_stream_hypothesis_management_20260830/pre_reference/full_stream_q95_masks/R01ZF_SARF000459.npz,6691,819AB310F561C7BF6440A6FD896D2E19EED0C80C527343C64A644682D777F3CA
output/person_terg_r2_runtime_grounding_and_full_stream_hypothesis_management_20260830/pre_reference/full_stream_q95_masks/R01ZF_SARF000460.npz,6503,48ADA40E68838A2DAD748A8BB38F0F5B5CE4CC4D413107B797F63B2ED350C6EE
output/person_terg_r2_runtime_grounding_and_full_stream_hypothesis_management_20260830/pre_reference/full_stream_q95_masks/R01ZF_SARF000461.npz,6950,83007F215A09D6A8A9A9DF463037079CB635EFCC41B5C937575D6B28D05898B7
output/person_terg_r2_runtime_grounding_and_full_stream_hypothesis_management_20260830/pre_reference/full_stream_q95_masks/R01ZF_SARF000462.npz,7244,A3A75DEEBAB1A344EB0837A43299C31B8944D98B89E720B761BB62129EF197F5
output/person_terg_r2_runtime_grounding_and_full_stream_hypothesis_management_20260830/pre_reference/full_stream_q95_masks/R01ZF_SARF000463.npz,6836,7C9C1D41FBD1ACB31780713A81DFF732987334B5D96B3FC670C01246A78A0E5F
output/person_terg_r2_runtime_grounding_and_full_stream_hypothesis_management_20260830/pre_reference/full_stream_q95_masks/R01ZF_SARF000464.npz,6663,8D9E98FD7FB0E77EEAA01692019ADB12653DEF3746479066235BA670F28C6A27
output/person_terg_r2_runtime_grounding_and_full_stream_hypothesis_management_20260830/pre_reference/full_stream_q95_masks/R01ZF_SARF000465.npz,7024,D3682F07E544A9ADF4FD683A130FDFBCD9B03763601DE5E126B90B4C125C8C78
output/person_terg_r2_runtime_grounding_and_full_stream_hypothesis_management_20260830/pre_reference/full_stream_q95_masks/R01ZF_SARF000466.npz,6842,C3D6FAE6C75D86AB3E03E0A702F40C94712BEDA53D5C30FE62D46947C94203D4
output/person_terg_r2_runtime_grounding_and_full_stream_hypothesis_management_20260830/pre_reference/full_stream_q95_masks/R01ZF_SARF000467.npz,6844,624550B96196415E4FE1A8C5CD74D7C26EBF5A4F1D671F3A8918392FCE8405DF
output/person_terg_r2_runtime_grounding_and_full_stream_hypothesis_management_20260830/pre_reference/full_stream_q95_masks/R01ZF_SARF000468.npz,6625,87D50F00AA14EC8B1DE262798C0677D6449B0B33BA45826ED81B26C2DA12A3E4
output/person_terg_r2_runtime_grounding_and_full_stream_hypothesis_management_20260830/pre_reference/full_stream_q95_masks/R01ZF_SARF000469.npz,6675,465DA4247C5FD83B05A61F2DD20EA9F7981B5C4DBCCE00DF067235F0B4D9F36A
output/person_terg_r2_runtime_grounding_and_full_stream_hypothesis_management_20260830/pre_reference/full_stream_q95_masks/R01ZF_SARF000470.npz,6663,652337896E8D80A253217E7D000685E3C32E41EBBCEFA455036741E1907042E3
output/person_terg_r2_runtime_grounding_and_full_stream_hypothesis_management_20260830/pre_reference/full_stream_q95_masks/R01ZF_SARF000471.npz,6739,FB34C0282B77C7E95F2BA2DFE316B141C5C245E51C2AA7704B36BA9C62E7F378
output/person_terg_r2_runtime_grounding_and_full_stream_hypothesis_management_20260830/pre_reference/full_stream_q95_masks/R01ZF_SARF000472.npz,6859,4DC4358ADB598BDFA9600EB81FBB8ACFC1F35366F3994A2D3B13149B8C9D2894
output/person_terg_r2_runtime_grounding_and_full_stream_hypothesis_management_20260830/pre_reference/full_stream_q95_masks/R01ZF_SARF000473.npz,7204,F48727E0EBDBBF8FE50BCBD847044E4415EA27EBE59735551C1749690A36D865
output/person_terg_r2_runtime_grounding_and_full_stream_hypothesis_management_20260830/pre_reference/full_stream_q95_masks/R01ZF_SARF000474.npz,6732,67EF30018A4BAB53002978718B68E4DC1C35BAE9586CF7CD410F5E7182CD716C
output/person_terg_r2_runtime_grounding_and_full_stream_hypothesis_management_20260830/pre_reference/full_stream_q95_masks/R01ZF_SARF000475.npz,6545,A5ADB711BAFB07295E86374CAE81956F9541C0F26914A3B8449A669133928FE0
output/person_terg_r2_runtime_grounding_and_full_stream_hypothesis_management_20260830/pre_reference/full_stream_q95_masks/R01ZF_SARF000476.npz,6798,DDAC2FF66A5887F7E2929FF99262C344847B75A94B8751BABAE26A7352B8B248
output/person_terg_r2_runtime_grounding_and_full_stream_hypothesis_management_20260830/pre_reference/full_stream_q95_masks/R01ZF_SARF000477.npz,6689,9FBF67CD7FD406AB0054B88E543454F157EDB0E3DEAC102DA01BE05E01BF87AE
output/person_terg_r2_runtime_grounding_and_full_stream_hypothesis_management_20260830/pre_reference/full_stream_q95_masks/R01ZF_SARF000478.npz,7617,F2B2B14B2B0C668140585551460CF39CE8FE92A3CFAB3A49D35F159874BB776F
output/person_terg_r2_runtime_grounding_and_full_stream_hypothesis_management_20260830/pre_reference/full_stream_q95_masks/R01ZF_SARF000479.npz,7156,72F9C0ED8D79CA26197F856F255B009FBE9E4C808FB240CB44768426AA38B9E5
output/person_terg_r2_runtime_grounding_and_full_stream_hypothesis_management_20260830/pre_reference/full_stream_q95_masks/R01ZF_SARF000480.npz,6789,FC274CADD4B70B35AE1566C3208F17236E8B7D5B66C060FDB6EF36245B3CEE84
output/person_terg_r2_runtime_grounding_and_full_stream_hypothesis_management_20260830/pre_reference/full_stream_q95_masks/R01ZF_SARF000481.npz,6570,783993DBC8178526E5DE2153FDE8CB034A3927A1950F49D9FA5BB2A202CB7C7A
output/person_terg_r2_runtime_grounding_and_full_stream_hypothesis_management_20260830/pre_reference/full_stream_q95_masks/R01ZF_SARF000482.npz,6776,4783767D7F10BA672DDC300A4E9C8A265997317CDA5BAC9FFB3644EC0E8D1674
output/person_terg_r2_runtime_grounding_and_full_stream_hypothesis_management_20260830/pre_reference/full_stream_q95_masks/R01ZF_SARF000483.npz,6786,0C297860E602EA517B3034ED4365A46DAF198688FC39300C1A39580B6DE130E0
output/person_terg_r2_runtime_grounding_and_full_stream_hypothesis_management_20260830/pre_reference/full_stream_q95_masks/R01ZF_SARF000484.npz,6719,BDE963FEC6CE68ED3FCE8441978564E8B53994489E9536D29D1E055F10D1C9DE
output/person_terg_r2_runtime_grounding_and_full_stream_hypothesis_management_20260830/pre_reference/full_stream_q95_masks/R01ZF_SARF000485.npz,6615,600C9DDD00439D9763BC8C206A12B51EA4F097E3BC5CC6061C5F30E1BCCBFD73
output/person_terg_r2_runtime_grounding_and_full_stream_hypothesis_management_20260830/pre_reference/full_stream_q95_masks/R01ZF_SARF000486.npz,6458,37124E5C29423B426B9ACB0056C580A000C58974377F20EE41751553302E114C
output/person_terg_r2_runtime_grounding_and_full_stream_hypothesis_management_20260830/pre_reference/full_stream_q95_masks/R01ZF_SARF000487.npz,6825,C5F61820401FE9AB6F43600A8DA9168D8A7F6408DB6EF26851605512C788D146
output/person_terg_r2_runtime_grounding_and_full_stream_hypothesis_management_20260830/pre_reference/full_stream_q95_masks/R01ZF_SARF000488.npz,6562,99B1D7D0EF636655ED7CE8FCC37D5C71CA234E827744EC568BBEE4F6CAF2F7E9
output/person_terg_r2_runtime_grounding_and_full_stream_hypothesis_management_20260830/pre_reference/full_stream_q95_masks/R01ZF_SARF000489.npz,6427,D2D012B7E8483C7BC45CA0750A6DEED81339522D7E7371BCC80069257CE6E1EE
output/person_terg_r2_runtime_grounding_and_full_stream_hypothesis_management_20260830/pre_reference/full_stream_q95_masks/R01ZF_SARF000490.npz,6658,222250AFDFC12D1DCBEEFB6C944015076A3390D867BD2156CEEF3069FF8ECAD8
output/person_terg_r2_runtime_grounding_and_full_stream_hypothesis_management_20260830/pre_reference/full_stream_q95_masks/R01ZF_SARF000491.npz,6590,45B2ED01A2EC160A5067954541208785EE766AFC80F7F62F9E56AA14B20B7321
output/person_terg_r2_runtime_grounding_and_full_stream_hypothesis_management_20260830/pre_reference/full_stream_q95_masks/R01ZF_SARF000492.npz,6620,E985AB216C220F000ECE3269A0980992DF3F50FF3C876958766B86B756B8F9A2
output/person_terg_r2_runtime_grounding_and_full_stream_hypothesis_management_20260830/pre_reference/full_stream_q95_masks/R01ZF_SARF000493.npz,6863,F286E400B4016B2AEFCF0F055517A4A6E255FAF341D62B092EC71F96B3C70D23
output/person_terg_r2_runtime_grounding_and_full_stream_hypothesis_management_20260830/pre_reference/full_stream_q95_masks/R01ZF_SARF000494.npz,6822,69F79644416CBCAB2B46782BB1317509B82A1F0F7B4B761D3126DA9A341E7D9D
output/person_terg_r2_runtime_grounding_and_full_stream_hypothesis_management_20260830/pre_reference/full_stream_q95_masks/R02ZF_SARF000000.npz,7902,DC82ACC488EE23842D08F382E5A8E0138FEFE4D0C142F213BBBC1A02B84519FD
output/person_terg_r2_runtime_grounding_and_full_stream_hypothesis_management_20260830/pre_reference/full_stream_q95_masks/R02ZF_SARF000001.npz,7601,B44B0D7669D21B48D0195E68D5EE520A1C642E93ABA38765E6128CA6E887369B
output/person_terg_r2_runtime_grounding_and_full_stream_hypothesis_management_20260830/pre_reference/full_stream_q95_masks/R02ZF_SARF000002.npz,7398,1C15F71269AA797423685FF562673E5D462A00485B5EAA5BE72247D7A67DBFD0
output/person_terg_r2_runtime_grounding_and_full_stream_hypothesis_management_20260830/pre_reference/full_stream_q95_masks/R02ZF_SARF000003.npz,7687,EE08815EB583180EA9C4E045ADAC61F33BCFEB3A3AC07081FBF3CCF6E36F0216
output/person_terg_r2_runtime_grounding_and_full_stream_hypothesis_management_20260830/pre_reference/full_stream_q95_masks/R02ZF_SARF000004.npz,7416,C49D24B105E6AA9CD28DCD4B2CABC27F5B11E5CE62B866D39261AA3299AC37B2
output/person_terg_r2_runtime_grounding_and_full_stream_hypothesis_management_20260830/pre_reference/full_stream_q95_masks/R02ZF_SARF000005.npz,7609,3637AE0484C503C18806CACD1EC2411BB7FB75A5841C3C52E21FD4D044719A3E
output/person_terg_r2_runtime_grounding_and_full_stream_hypothesis_management_20260830/pre_reference/full_stream_q95_masks/R02ZF_SARF000006.npz,7661,83D304B60521FBB6ABF5835A34B15BEC73760FC440DDB08F293D9B3A31797EB1
output/person_terg_r2_runtime_grounding_and_full_stream_hypothesis_management_20260830/pre_reference/full_stream_q95_masks/R02ZF_SARF000007.npz,7519,6A685B4322F6DDA453884B70141961668DA96C295643FF3E706192D611A899B2
output/person_terg_r2_runtime_grounding_and_full_stream_hypothesis_management_20260830/pre_reference/full_stream_q95_masks/R02ZF_SARF000008.npz,7488,6C7ACF90D788D5A719446D33BBAF096FBBFADE2F55BAD4259D2E952BCF51341D
output/person_terg_r2_runtime_grounding_and_full_stream_hypothesis_management_20260830/pre_reference/full_stream_q95_masks/R02ZF_SARF000009.npz,7600,9491C32A6A5DA2A8A8C6373FC8693A34ABC4F78D1EDB05FE56589893C6445673
output/person_terg_r2_runtime_grounding_and_full_stream_hypothesis_management_20260830/pre_reference/full_stream_q95_masks/R02ZF_SARF000010.npz,7370,1A86B495DF94E7F5D65A184AD61E78D6FEAEB1000E6BBE162202B784924F0001
output/person_terg_r2_runtime_grounding_and_full_stream_hypothesis_management_20260830/pre_reference/full_stream_q95_masks/R02ZF_SARF000011.npz,7463,C44D17ACE9E6801B9DD34C9569C5F0B21473476FE5C54267B90124162013CABF
output/person_terg_r2_runtime_grounding_and_full_stream_hypothesis_management_20260830/pre_reference/full_stream_q95_masks/R02ZF_SARF000012.npz,7465,3DEB2BC247A335835C6EE93F5D29ADE76AACAECC5D6FEFEFED417DF428BAA70A
output/person_terg_r2_runtime_grounding_and_full_stream_hypothesis_management_20260830/pre_reference/full_stream_q95_masks/R02ZF_SARF000013.npz,7343,3CAA42AB74B838C3BDCC0407859F23313A7FEA4F419235B68636B434CD7987D2
output/person_terg_r2_runtime_grounding_and_full_stream_hypothesis_management_20260830/pre_reference/full_stream_q95_masks/R02ZF_SARF000014.npz,7121,FCDB32891D57E4F9BA1B1FDFD006FCA2FA288553E70B064309A9EEA024D784A2
output/person_terg_r2_runtime_grounding_and_full_stream_hypothesis_management_20260830/pre_reference/full_stream_q95_masks/R02ZF_SARF000015.npz,7161,B517EE446FA7C34B0FF32DD84EE5B7218AE4EE02FC20130D1B5D35E831AB45FE
output/person_terg_r2_runtime_grounding_and_full_stream_hypothesis_management_20260830/pre_reference/full_stream_q95_masks/R02ZF_SARF000016.npz,7394,215097EE2F80ADF894452B64A95F0299471A869DDC739DE4F191F2F36D955031
output/person_terg_r2_runtime_grounding_and_full_stream_hypothesis_management_20260830/pre_reference/full_stream_q95_masks/R02ZF_SARF000017.npz,7505,654591BABC8A8D7A5FC207BAFB99F3F446629F1D6FAA9145281ECF8FB1562FA6
output/person_terg_r2_runtime_grounding_and_full_stream_hypothesis_management_20260830/pre_reference/full_stream_q95_masks/R02ZF_SARF000018.npz,7066,B5B96D6E7B8B3F95BEF082F67D9E09A81915C016B17411E29A4A690D93D2DB1A
output/person_terg_r2_runtime_grounding_and_full_stream_hypothesis_management_20260830/pre_reference/full_stream_q95_masks/R02ZF_SARF000019.npz,7718,EFDF46D2BC1425DB2AF83C0CD7FFF067DA3EEB56B57022C5348A1AB84618942F
output/person_terg_r2_runtime_grounding_and_full_stream_hypothesis_management_20260830/pre_reference/full_stream_q95_masks/R02ZF_SARF000020.npz,7517,533635A60BA100CEA850CA3E8F15159B55C30F0605D3231B8B9FF5515E69E321
output/person_terg_r2_runtime_grounding_and_full_stream_hypothesis_management_20260830/pre_reference/full_stream_q95_masks/R02ZF_SARF000021.npz,7699,0C8E3D0A5E0C41C158786004B14FCEDE926A8B8C1EAC755803C979DC53AEC162
output/person_terg_r2_runtime_grounding_and_full_stream_hypothesis_management_20260830/pre_reference/full_stream_q95_masks/R02ZF_SARF000022.npz,7445,E9A830B38CB15217F63CEE80EB77F00D87EEA786FA3AA38CD8ABBD1304CB8C17
output/person_terg_r2_runtime_grounding_and_full_stream_hypothesis_management_20260830/pre_reference/full_stream_q95_masks/R02ZF_SARF000023.npz,7762,3C2C2CCB6DB4072F0A5129C5B08374516D14179456CF019C09109C65E0063646
output/person_terg_r2_runtime_grounding_and_full_stream_hypothesis_management_20260830/pre_reference/full_stream_q95_masks/R02ZF_SARF000024.npz,6944,6C397880345E9C86760BB7C47F6C20DEB7AFBD917407C2B0A754398603E02449
output/person_terg_r2_runtime_grounding_and_full_stream_hypothesis_management_20260830/pre_reference/full_stream_q95_masks/R02ZF_SARF000025.npz,7436,3856904627E26EFF0D27C333687FB5F389B09EF3429037A100CE37BE0E3C3D14
output/person_terg_r2_runtime_grounding_and_full_stream_hypothesis_management_20260830/pre_reference/full_stream_q95_masks/R02ZF_SARF000026.npz,7538,3DDE82977FEE7E369426A1FE2FEC6AA730F66314AABB37355274CE07F8E47F1F
output/person_terg_r2_runtime_grounding_and_full_stream_hypothesis_management_20260830/pre_reference/full_stream_q95_masks/R02ZF_SARF000027.npz,7611,7C8CF0F5D003D731E2E087570FEA1A2486205DDBBA11D87D2ECF2D99EDA72BC3
output/person_terg_r2_runtime_grounding_and_full_stream_hypothesis_management_20260830/pre_reference/full_stream_q95_masks/R02ZF_SARF000028.npz,7333,00A8E358EE26D8E64F096B486976AEC1A3A6F241754EA5B80B71DA5A81D047B9
output/person_terg_r2_runtime_grounding_and_full_stream_hypothesis_management_20260830/pre_reference/full_stream_q95_masks/R02ZF_SARF000029.npz,6904,A82406EA00846EB14A65502471889DE918CFA5BC45BE53AC14BEB7335D30F57D
output/person_terg_r2_runtime_grounding_and_full_stream_hypothesis_management_20260830/pre_reference/full_stream_q95_masks/R02ZF_SARF000030.npz,6761,B93CA6A2F3CD52293173DFD6141AA4EA53C47376B3B674D03408E6642837A1DC
output/person_terg_r2_runtime_grounding_and_full_stream_hypothesis_management_20260830/pre_reference/full_stream_q95_masks/R02ZF_SARF000031.npz,7278,F35CA3B0D990A2B99958890CB23353E9EF5222D5DE2C73FC9B462B497ED05908
output/person_terg_r2_runtime_grounding_and_full_stream_hypothesis_management_20260830/pre_reference/full_stream_q95_masks/R02ZF_SARF000032.npz,7165,77DC9BA598B8098EA730E64548AA0B3B2EE3C415A1397F5B444DDDA8BBC61761
output/person_terg_r2_runtime_grounding_and_full_stream_hypothesis_management_20260830/pre_reference/full_stream_q95_masks/R02ZF_SARF000033.npz,7446,91AC610B6792DC4EA8BD26A611D8E06C5C5FC661FFE7EA4C6834FD8888D9D044
output/person_terg_r2_runtime_grounding_and_full_stream_hypothesis_management_20260830/pre_reference/full_stream_q95_masks/R02ZF_SARF000034.npz,6889,C3902F2EDC79FE77C22D2ED3C864D636E54F920B56012ADE103990F197F0127D
output/person_terg_r2_runtime_grounding_and_full_stream_hypothesis_management_20260830/pre_reference/full_stream_q95_masks/R02ZF_SARF000035.npz,7447,E09F5365D6BD28C5DE3DF908930B211CBDDD5A46BAA7F0F7296631B49A53B4C2
output/person_terg_r2_runtime_grounding_and_full_stream_hypothesis_management_20260830/pre_reference/full_stream_q95_masks/R02ZF_SARF000036.npz,7024,EC7D66D474A686407B61CDCEF2466F71D454870AAECAEA977DEDF2F0F159BE59
output/person_terg_r2_runtime_grounding_and_full_stream_hypothesis_management_20260830/pre_reference/full_stream_q95_masks/R02ZF_SARF000037.npz,7430,5D28C5DDF8B950910067F2DB20BB990E0A9D11BB1260AF4C568ED6E63226C873
output/person_terg_r2_runtime_grounding_and_full_stream_hypothesis_management_20260830/pre_reference/full_stream_q95_masks/R02ZF_SARF000038.npz,7324,109C9AD101ACE9B5D8A8C61765DC467178F95E787E792D5C37DAE948C3FE8A8F
output/person_terg_r2_runtime_grounding_and_full_stream_hypothesis_management_20260830/pre_reference/full_stream_q95_masks/R02ZF_SARF000039.npz,7515,271F27FD39D0FC25598D9BF6BE21E4A43E5BEBB1821EB80912AA06B45280F9CC
output/person_terg_r2_runtime_grounding_and_full_stream_hypothesis_management_20260830/pre_reference/full_stream_q95_masks/R02ZF_SARF000040.npz,7203,F3D93C95028E179A3AFD02EA2ED45C811322CC215EF523E464442BC0CFB17414
output/person_terg_r2_runtime_grounding_and_full_stream_hypothesis_management_20260830/pre_reference/full_stream_q95_masks/R02ZF_SARF000041.npz,7697,D25BF3A44538987401559515A0214D213705A99AA7B686CAE73283E9FF66F560
output/person_terg_r2_runtime_grounding_and_full_stream_hypothesis_management_20260830/pre_reference/full_stream_q95_masks/R02ZF_SARF000042.npz,7642,D58A115399E1A5C42C449496F20ED54D38A8EA369758D4A6DECD8255DC63E95B
output/person_terg_r2_runtime_grounding_and_full_stream_hypothesis_management_20260830/pre_reference/full_stream_q95_masks/R02ZF_SARF000043.npz,7396,A6FE611EAEF5230A1886ACFAC91E00C48F20C385A397D50863C5EECBCF854D04
output/person_terg_r2_runtime_grounding_and_full_stream_hypothesis_management_20260830/pre_reference/full_stream_q95_masks/R02ZF_SARF000044.npz,7204,D3DB25F975EED9226C95DBBA1505650062008082BE270BA39320AF54EF87C41A
output/person_terg_r2_runtime_grounding_and_full_stream_hypothesis_management_20260830/pre_reference/full_stream_q95_masks/R02ZF_SARF000045.npz,7383,9F1C660E11250C9A1490CA43B6CEEC0DE4E042ACCF66ECFACA840BBECE57A9CD
output/person_terg_r2_runtime_grounding_and_full_stream_hypothesis_management_20260830/pre_reference/full_stream_q95_masks/R02ZF_SARF000046.npz,7618,A409D762809AF639622E63BB7057D108C27E219F65D168D91B4786AA33E9E0FA
output/person_terg_r2_runtime_grounding_and_full_stream_hypothesis_management_20260830/pre_reference/full_stream_q95_masks/R02ZF_SARF000047.npz,7819,B079B0598B8E72BA8BE8370423776BF0881BB246EF16331EEA49208EC836F465
output/person_terg_r2_runtime_grounding_and_full_stream_hypothesis_management_20260830/pre_reference/full_stream_q95_masks/R02ZF_SARF000048.npz,7650,5E4EA34C6B336BEFBBBD292BB848527657DC877D415D924CF2B0EC78711D4FAD
output/person_terg_r2_runtime_grounding_and_full_stream_hypothesis_management_20260830/pre_reference/full_stream_q95_masks/R02ZF_SARF000049.npz,7407,EF15EDE395C92C66D5528130617AE186C1943C4A75978BBA1E310D5BBB6F9E6C
output/person_terg_r2_runtime_grounding_and_full_stream_hypothesis_management_20260830/pre_reference/full_stream_q95_masks/R02ZF_SARF000050.npz,7373,DA86F32C7339F647DF200AFA1A2D5084FDB3104B5F603DF3D767B40CD195299B
output/person_terg_r2_runtime_grounding_and_full_stream_hypothesis_management_20260830/pre_reference/full_stream_q95_masks/R02ZF_SARF000051.npz,7372,2BFC3955249C7F256C5E463936D92F9DF80B2DA3914A2B78ED5C4137D1DC1733
output/person_terg_r2_runtime_grounding_and_full_stream_hypothesis_management_20260830/pre_reference/full_stream_q95_masks/R02ZF_SARF000052.npz,7397,1EDD79C9DC559F0BE897BB3424BB5E65BC5A152233D0B9D48788B432AB9D7923
output/person_terg_r2_runtime_grounding_and_full_stream_hypothesis_management_20260830/pre_reference/full_stream_q95_masks/R02ZF_SARF000053.npz,7255,C2796D9B259BE9E650583A18E1BCBEF83ED0A1BF2426447F3971EB810047BC68
output/person_terg_r2_runtime_grounding_and_full_stream_hypothesis_management_20260830/pre_reference/full_stream_q95_masks/R02ZF_SARF000054.npz,7454,521388C0B9377AD8FCF593A93B08A4679AB164493D8C1407C0B33F1BB7DBD998
output/person_terg_r2_runtime_grounding_and_full_stream_hypothesis_management_20260830/pre_reference/full_stream_q95_masks/R02ZF_SARF000055.npz,7740,D060DF1D75375FE38CE6E5E4B74E81142DB0E0BCBE58D5D9EE0EF556CA2408F3
output/person_terg_r2_runtime_grounding_and_full_stream_hypothesis_management_20260830/pre_reference/full_stream_q95_masks/R02ZF_SARF000056.npz,7613,17798CE804AE0EA6C4527C4C2794412928F74379CF847696758860A0F429E4DC
output/person_terg_r2_runtime_grounding_and_full_stream_hypothesis_management_20260830/pre_reference/full_stream_q95_masks/R02ZF_SARF000057.npz,7545,B6061246AA172C38B79C5DB0D5F0205DEFF89ED191798F527854E417B1441E56
output/person_terg_r2_runtime_grounding_and_full_stream_hypothesis_management_20260830/pre_reference/full_stream_q95_masks/R02ZF_SARF000058.npz,7649,23C3D4AFCD94DDE877111BDA4530003E6E7DD7B330A093857AAE91F6E2356E44
output/person_terg_r2_runtime_grounding_and_full_stream_hypothesis_management_20260830/pre_reference/full_stream_q95_masks/R02ZF_SARF000059.npz,7631,0402C65B6C8D9FC468A4E9693D6FDE42E177E0EFFADC66E0FB5B1DD20F436CA5
output/person_terg_r2_runtime_grounding_and_full_stream_hypothesis_management_20260830/pre_reference/full_stream_q95_masks/R02ZF_SARF000060.npz,7504,83779FB0DD8E7A521A1287DE5F6C0A8AC24A527A264284036A0864AF99B5812E
output/person_terg_r2_runtime_grounding_and_full_stream_hypothesis_management_20260830/pre_reference/full_stream_q95_masks/R02ZF_SARF000061.npz,7705,D270A7A4C0AC0A015112931D8B3975B6BA1F8B3D330415B30998335E736A591E
output/person_terg_r2_runtime_grounding_and_full_stream_hypothesis_management_20260830/pre_reference/full_stream_q95_masks/R02ZF_SARF000062.npz,7658,A7BD885391D4DB06106DCA4BEEC9B8C10D1EBC6B72A08DD212AC0532EFA25FA2
output/person_terg_r2_runtime_grounding_and_full_stream_hypothesis_management_20260830/pre_reference/full_stream_q95_masks/R02ZF_SARF000063.npz,7884,BB24DB85FD93E392CFB0F463B687162CF75A2F0F9162EC01A4E9D2AC7EDD48A4
output/person_terg_r2_runtime_grounding_and_full_stream_hypothesis_management_20260830/pre_reference/full_stream_q95_masks/R02ZF_SARF000064.npz,8062,A40C02433B0822D746F366F56AB2A5EB0F9876C3034004BA17B3D80DC527213A
output/person_terg_r2_runtime_grounding_and_full_stream_hypothesis_management_20260830/pre_reference/full_stream_q95_masks/R02ZF_SARF000065.npz,7665,8D544615B0815087F51542DB875E2F9E4308D9A3A90BEFD100CA83FB3BD63012
output/person_terg_r2_runtime_grounding_and_full_stream_hypothesis_management_20260830/pre_reference/full_stream_q95_masks/R02ZF_SARF000066.npz,7841,859D77F1488BEE83C6050AE439DC035A794D6CB3F21DBC67193593CB5C2BF532
output/person_terg_r2_runtime_grounding_and_full_stream_hypothesis_management_20260830/pre_reference/full_stream_q95_masks/R02ZF_SARF000067.npz,7367,364958E63FFD00CDF30B2D2FF22DD5E807AF416911249F9061536DB3008434E7
output/person_terg_r2_runtime_grounding_and_full_stream_hypothesis_management_20260830/pre_reference/full_stream_q95_masks/R02ZF_SARF000068.npz,7385,5BA893680B78A1CB031C640A143CE3C4C14A68063ED458342FE753DF8576A336
output/person_terg_r2_runtime_grounding_and_full_stream_hypothesis_management_20260830/pre_reference/full_stream_q95_masks/R02ZF_SARF000069.npz,7390,A7DB3C9122823E5E0AEA3091F813B4EC9451F0EC4D305D65B193AFF35DA25A84
output/person_terg_r2_runtime_grounding_and_full_stream_hypothesis_management_20260830/pre_reference/full_stream_q95_masks/R02ZF_SARF000070.npz,7245,918012BE2D78ADB34775CB49484E07D81CFC4A66EBB783F6AA6134097B315D2F
output/person_terg_r2_runtime_grounding_and_full_stream_hypothesis_management_20260830/pre_reference/full_stream_q95_masks/R02ZF_SARF000071.npz,7392,A4A76CF5B4E25759E1D16F48BCBA34468C59991B8AA6608D0023F14E39D0D4D4
output/person_terg_r2_runtime_grounding_and_full_stream_hypothesis_management_20260830/pre_reference/full_stream_q95_masks/R02ZF_SARF000072.npz,7566,9FDE3507F8C5CAE0AD150900F652D13497E295E169334DA9E9E1BB45ADC55625
output/person_terg_r2_runtime_grounding_and_full_stream_hypothesis_management_20260830/pre_reference/full_stream_q95_masks/R02ZF_SARF000073.npz,7380,47E1C137BA41BCCC18B93D00ECB39661514046A48665EC422715393039D86CE8
output/person_terg_r2_runtime_grounding_and_full_stream_hypothesis_management_20260830/pre_reference/full_stream_q95_masks/R02ZF_SARF000074.npz,6963,81CA3C7DE82F2B4B2ABD33F7B99FA923DE0FE95494471227C00FD2684FCCF95A
output/person_terg_r2_runtime_grounding_and_full_stream_hypothesis_management_20260830/pre_reference/full_stream_q95_masks/R02ZF_SARF000075.npz,7014,C75DFDFE6F927C777FF53ED2E2C75D0CF83F08163F03429E5DACB066CC55C435
output/person_terg_r2_runtime_grounding_and_full_stream_hypothesis_management_20260830/pre_reference/full_stream_q95_masks/R02ZF_SARF000076.npz,6978,779C24C22D7FD8A643AD7EC48C11A2B5F954BBFD662835E614CC8FB4D3A78486
output/person_terg_r2_runtime_grounding_and_full_stream_hypothesis_management_20260830/pre_reference/full_stream_q95_masks/R02ZF_SARF000077.npz,7365,B580478034A196FC1DB75331DE1875404B93BB5FB7616F603AA0D8934C4DBDA5
output/person_terg_r2_runtime_grounding_and_full_stream_hypothesis_management_20260830/pre_reference/full_stream_q95_masks/R02ZF_SARF000078.npz,7267,BEEE7EA7C596951AEFC265D8652603B634407B9F9A02482138034C7DA4F263A4
output/person_terg_r2_runtime_grounding_and_full_stream_hypothesis_management_20260830/pre_reference/full_stream_q95_masks/R02ZF_SARF000079.npz,7575,DFA985FA5D2534DAC3FE54A327C56021B9410A4EDF4E04984F30555A50D890FA
output/person_terg_r2_runtime_grounding_and_full_stream_hypothesis_management_20260830/pre_reference/full_stream_q95_masks/R02ZF_SARF000080.npz,7260,56864FE7D5824291C04FE81137EF98436477208645DA80AC6998A5F539159C05
output/person_terg_r2_runtime_grounding_and_full_stream_hypothesis_management_20260830/pre_reference/full_stream_q95_masks/R02ZF_SARF000081.npz,7219,1DB2CA8FD14662542BEFC2A8F5D2E198287C8D4F032D504FD6B2D894606389EB
output/person_terg_r2_runtime_grounding_and_full_stream_hypothesis_management_20260830/pre_reference/full_stream_q95_masks/R02ZF_SARF000082.npz,7073,6C5F9C6CA8C06214234B00990C693458E0D0693E6CBDEEDAC74EB4946D3942FF
output/person_terg_r2_runtime_grounding_and_full_stream_hypothesis_management_20260830/pre_reference/full_stream_q95_masks/R02ZF_SARF000083.npz,7524,D011EC8103525C8CFB7418B5FD42775B18001BCBE7C9DD44909B2A01BD14ECA3
output/person_terg_r2_runtime_grounding_and_full_stream_hypothesis_management_20260830/pre_reference/full_stream_q95_masks/R02ZF_SARF000084.npz,7388,391113F4703C8CB153F66D4268D4BC8B44B3A26091F7844B43A6824D4FA0D967
output/person_terg_r2_runtime_grounding_and_full_stream_hypothesis_management_20260830/pre_reference/full_stream_q95_masks/R02ZF_SARF000085.npz,7242,5596E42DD554388EB7569832AA73179D2818ADEDD7B267D40985EB992793BFFE
output/person_terg_r2_runtime_grounding_and_full_stream_hypothesis_management_20260830/pre_reference/full_stream_q95_masks/R02ZF_SARF000086.npz,6865,9F5DDA51878373200CA5235167D348B6BC241F1FF2C54CA2AAA41111D1026E6D
output/person_terg_r2_runtime_grounding_and_full_stream_hypothesis_management_20260830/pre_reference/full_stream_q95_masks/R02ZF_SARF000087.npz,6917,4C02C55612A8E215696933F3E41946AC3A3626DF2D3E091FD986BDD71D6A6A62
output/person_terg_r2_runtime_grounding_and_full_stream_hypothesis_management_20260830/pre_reference/full_stream_q95_masks/R02ZF_SARF000088.npz,6761,E9EF90DB691C3413F256786A650A8F64EED085F11A93EAC6FD8E4CBE30C1A266
output/person_terg_r2_runtime_grounding_and_full_stream_hypothesis_management_20260830/pre_reference/full_stream_q95_masks/R02ZF_SARF000089.npz,7023,FA58C7D3265259FCF6508853720AED205BBF34E25D98EFD5E4DBC0FBAF928469
output/person_terg_r2_runtime_grounding_and_full_stream_hypothesis_management_20260830/pre_reference/full_stream_q95_masks/R02ZF_SARF000090.npz,6643,E9EF0B5069B273C8FCA2EE89CE68B9FFC06DDC191D0319A934D3587E362AAA8C
output/person_terg_r2_runtime_grounding_and_full_stream_hypothesis_management_20260830/pre_reference/full_stream_q95_masks/R02ZF_SARF000091.npz,7250,5BD0D1503A633B3AB89A0F2C521BA0097FDE62720F039D709178DA9505AB21C9
output/person_terg_r2_runtime_grounding_and_full_stream_hypothesis_management_20260830/pre_reference/full_stream_q95_masks/R02ZF_SARF000092.npz,7234,C06A0A05D3DCEBE962D4A9748440E4689B57393DB6B03FC23006DFC31794BE06
output/person_terg_r2_runtime_grounding_and_full_stream_hypothesis_management_20260830/pre_reference/full_stream_q95_masks/R02ZF_SARF000093.npz,7468,7EB56F1BBE32A16B1A4AA14FA3D2E5DD2D59C88A71356D1C56C0B4C5ABF0F81C
output/person_terg_r2_runtime_grounding_and_full_stream_hypothesis_management_20260830/pre_reference/full_stream_q95_masks/R02ZF_SARF000094.npz,6843,A924310C580421A99F7117E6DC99D1FA222850317BE395E21245E8EF5EF4645B
output/person_terg_r2_runtime_grounding_and_full_stream_hypothesis_management_20260830/pre_reference/full_stream_q95_masks/R02ZF_SARF000095.npz,7004,9C94046DF25EA7A278D7FDFB6FE5988A5F2EB1F28334ECE61C5023DE6A16655E
output/person_terg_r2_runtime_grounding_and_full_stream_hypothesis_management_20260830/pre_reference/full_stream_q95_masks/R02ZF_SARF000096.npz,7007,680B7AD741B7BDEF2C3F13E7AE8E246E57BA7AEC1F8987E7F97671E38F9B6EEC
output/person_terg_r2_runtime_grounding_and_full_stream_hypothesis_management_20260830/pre_reference/full_stream_q95_masks/R02ZF_SARF000097.npz,6833,E0A20FF5A554C387494ADC3F2C2BE13138E6A41B86E7208EDC9B2F2C71B35E76
output/person_terg_r2_runtime_grounding_and_full_stream_hypothesis_management_20260830/pre_reference/full_stream_q95_masks/R02ZF_SARF000098.npz,6859,2D35CB4158223A2ABE43D5A6E12B1002608AE2C3016FB6F5F7924E754A34BD3D
output/person_terg_r2_runtime_grounding_and_full_stream_hypothesis_management_20260830/pre_reference/full_stream_q95_masks/R02ZF_SARF000099.npz,7123,A8D1A5DEF57DB92C40B7DD5F41E9F73561B032751F15F6383059FC913015C340
output/person_terg_r2_runtime_grounding_and_full_stream_hypothesis_management_20260830/pre_reference/full_stream_q95_masks/R02ZF_SARF000100.npz,6817,C4BD2B6FD052AD1A510678D3D619E5942A896A22E034AECA03D2E7D533FBB836
output/person_terg_r2_runtime_grounding_and_full_stream_hypothesis_management_20260830/pre_reference/full_stream_q95_masks/R02ZF_SARF000101.npz,6680,0A9D7D65C43C28810545D345C2598B6D70155B4E14B93599CB99F1F3D273A873
output/person_terg_r2_runtime_grounding_and_full_stream_hypothesis_management_20260830/pre_reference/full_stream_q95_masks/R02ZF_SARF000102.npz,6553,CFF6D0B1E3B45937FB9A0D5D798C12DF1B973F05932AEDA4608DD799EB156A91
output/person_terg_r2_runtime_grounding_and_full_stream_hypothesis_management_20260830/pre_reference/full_stream_q95_masks/R02ZF_SARF000103.npz,6848,FE864AD28AC7F2D487D3171322C56C6320688A61B8F02670FEB8736814BE7B41
output/person_terg_r2_runtime_grounding_and_full_stream_hypothesis_management_20260830/pre_reference/full_stream_q95_masks/R02ZF_SARF000104.npz,6731,BE6263367C2617FDDD1EC25320DD2D6254794F60F51475B8EB8DCE9C3D0E5BDE
output/person_terg_r2_runtime_grounding_and_full_stream_hypothesis_management_20260830/pre_reference/full_stream_q95_masks/R02ZF_SARF000105.npz,7217,66350713CD3F4D58ACB011CF5A56068CCA6FC2E160322DBA48D2AD18850436F6
output/person_terg_r2_runtime_grounding_and_full_stream_hypothesis_management_20260830/pre_reference/full_stream_q95_masks/R02ZF_SARF000106.npz,6721,5E35BC6D7479E8E777FB1D11A3AB97461C77D8CDD16E46B4A55B02E044135ADF
output/person_terg_r2_runtime_grounding_and_full_stream_hypothesis_management_20260830/pre_reference/full_stream_q95_masks/R02ZF_SARF000107.npz,6958,1AF5A8F16917560A5AA09E154565450B8441B7B808806AC8DF9F503AB4091A22
output/person_terg_r2_runtime_grounding_and_full_stream_hypothesis_management_20260830/pre_reference/full_stream_q95_masks/R02ZF_SARF000108.npz,6546,AD775E337CF130739F7A6D09E817E9E78B574850EA6E11D0C088BCE9F921D88B
output/person_terg_r2_runtime_grounding_and_full_stream_hypothesis_management_20260830/pre_reference/full_stream_q95_masks/R02ZF_SARF000109.npz,6804,8DFA7BD1647DD2043D4259282609958756C6FD698D64D30D0EA605872CA6EC20
output/person_terg_r2_runtime_grounding_and_full_stream_hypothesis_management_20260830/pre_reference/full_stream_q95_masks/R02ZF_SARF000110.npz,6698,B7E04D66DEC9694E7F8FE033D8D480E8870440937158C9809F47C6FA27717B23
output/person_terg_r2_runtime_grounding_and_full_stream_hypothesis_management_20260830/pre_reference/full_stream_q95_masks/R02ZF_SARF000111.npz,6564,60A3A70CAB5967283DDAEC858CC9C693265975CD697582A359C4FD5A113A67CD
output/person_terg_r2_runtime_grounding_and_full_stream_hypothesis_management_20260830/pre_reference/full_stream_q95_masks/R02ZF_SARF000112.npz,6793,7C2CF19AD72DB3F317A57C7A7554D2ED6C12B89D21CFEF9E53C2D72F489353CE
output/person_terg_r2_runtime_grounding_and_full_stream_hypothesis_management_20260830/pre_reference/full_stream_q95_masks/R02ZF_SARF000113.npz,6872,19A6F7482E3A77FD87AD7B0FA4BB13109368B0079E772A6A624E25CDAEC60777
output/person_terg_r2_runtime_grounding_and_full_stream_hypothesis_management_20260830/pre_reference/full_stream_q95_masks/R02ZF_SARF000114.npz,6822,5A600CB88AE8AA04D52FDA1A8AD84CF7DE01D2F8DFB7A9F6B8B3D330AA54AB7C
output/person_terg_r2_runtime_grounding_and_full_stream_hypothesis_management_20260830/pre_reference/full_stream_q95_masks/R02ZF_SARF000115.npz,6765,B35AA21849F37F1783295725DE4BDA31CB545FE7C6FA2279CFFCEB63ACA7554D
output/person_terg_r2_runtime_grounding_and_full_stream_hypothesis_management_20260830/pre_reference/full_stream_q95_masks/R02ZF_SARF000116.npz,6546,4BD31397BEA98A93BBD0FCDC095E5EF217AD328A2D214E6DE62865952C271727
output/person_terg_r2_runtime_grounding_and_full_stream_hypothesis_management_20260830/pre_reference/full_stream_q95_masks/R02ZF_SARF000117.npz,6711,3532EBE22A9594885F1BEE8C603223B1499BEB386BB74EEA2DF727E4A55A524B
output/person_terg_r2_runtime_grounding_and_full_stream_hypothesis_management_20260830/pre_reference/full_stream_q95_masks/R02ZF_SARF000118.npz,6800,2C64740CC87BEB35445194AE51DC18BC88D351620C55B42D508C9D1EE9E3A5A5
output/person_terg_r2_runtime_grounding_and_full_stream_hypothesis_management_20260830/pre_reference/full_stream_q95_masks/R02ZF_SARF000119.npz,6827,F87344EFC0FFB65238DC59B3A9CFCF7F2EF75034592C41999A3BC60CE58A5663
output/person_terg_r2_runtime_grounding_and_full_stream_hypothesis_management_20260830/pre_reference/full_stream_q95_masks/R02ZF_SARF000120.npz,6861,D603A5094217EF5B775543D76E0A74FA52DB25698EA3736660C0967A507E01AC
output/person_terg_r2_runtime_grounding_and_full_stream_hypothesis_management_20260830/pre_reference/full_stream_q95_masks/R02ZF_SARF000121.npz,6952,E4F7EA10B1E4DAE86D4A741188B06476BE79A72FEE7FBA327FA0AFDB22D73077
output/person_terg_r2_runtime_grounding_and_full_stream_hypothesis_management_20260830/pre_reference/full_stream_q95_masks/R02ZF_SARF000122.npz,6974,E3E01B8E008DEC760A93213D1B4B8AC19FB2C105D024BD81A91B1E01480FD23A
output/person_terg_r2_runtime_grounding_and_full_stream_hypothesis_management_20260830/pre_reference/full_stream_q95_masks/R02ZF_SARF000123.npz,6926,63EF08065FCBCCEF268AC23CCD475696B5C19E739E08AE4383CE8FF838009BDF
output/person_terg_r2_runtime_grounding_and_full_stream_hypothesis_management_20260830/pre_reference/full_stream_q95_masks/R02ZF_SARF000124.npz,6723,56F9BEB63895B06E4E5610F19D9A519DE7461B46F37E19423975FE87E3C677B6
output/person_terg_r2_runtime_grounding_and_full_stream_hypothesis_management_20260830/pre_reference/full_stream_q95_masks/R02ZF_SARF000125.npz,6685,48A778662D8CABB5C31907FF6DC556134189E6DE6BEA09F640002AF1032844B4
output/person_terg_r2_runtime_grounding_and_full_stream_hypothesis_management_20260830/pre_reference/full_stream_q95_masks/R02ZF_SARF000126.npz,6850,1FB0364061E1A76AF31F5CFD53513E3DE003D50B02DAC5EB67AE8E3DB0B32DC5
output/person_terg_r2_runtime_grounding_and_full_stream_hypothesis_management_20260830/pre_reference/full_stream_q95_masks/R02ZF_SARF000127.npz,7153,D3F130AF44BE4895E109F60B6A6CC37DC4C9C3EFA619D60EF70A442E35D8CFA9
output/person_terg_r2_runtime_grounding_and_full_stream_hypothesis_management_20260830/pre_reference/full_stream_q95_masks/R02ZF_SARF000128.npz,6836,30426E7547B5DEFE16579EB56BCB10E843613E477CA5D210F65CE666650D235F
output/person_terg_r2_runtime_grounding_and_full_stream_hypothesis_management_20260830/pre_reference/full_stream_q95_masks/R02ZF_SARF000129.npz,6787,EDFE431E7267E690302358AA7FBFFB8277B668B48060DC037156B52584C208D8
output/person_terg_r2_runtime_grounding_and_full_stream_hypothesis_management_20260830/pre_reference/full_stream_q95_masks/R02ZF_SARF000130.npz,6818,D13A85E3F17B6A7BCABDDF150894F95FCD7E42AAE4E3CFEDB7E7A842FF2D6325
output/person_terg_r2_runtime_grounding_and_full_stream_hypothesis_management_20260830/pre_reference/full_stream_q95_masks/R02ZF_SARF000131.npz,6674,361134DD101EA7138FCDC5BEDD5429D38AF7E9790EF417A57A02FDBB40E70BC3
output/person_terg_r2_runtime_grounding_and_full_stream_hypothesis_management_20260830/pre_reference/full_stream_q95_masks/R02ZF_SARF000132.npz,6489,5243A69E1F06255CA0BFEF3948FA597164B5B35057C3BFF5AA4E801534499C5C
output/person_terg_r2_runtime_grounding_and_full_stream_hypothesis_management_20260830/pre_reference/full_stream_q95_masks/R02ZF_SARF000133.npz,7046,579F8A92268FE7BD3C9E08DF95B1EBB168F935F6D67656427E8C22681AE6B30C
output/person_terg_r2_runtime_grounding_and_full_stream_hypothesis_management_20260830/pre_reference/full_stream_q95_masks/R02ZF_SARF000134.npz,7036,B34D0523B5D3BB6D6F9828216C71C342AA30E018BF6DB3336F23C180E26E4AE3
output/person_terg_r2_runtime_grounding_and_full_stream_hypothesis_management_20260830/pre_reference/full_stream_q95_masks/R02ZF_SARF000135.npz,6961,A0856057ABBED26E9FB7701999CB99B6C69DACEEFE9290DE3EF1C0C13056391F
output/person_terg_r2_runtime_grounding_and_full_stream_hypothesis_management_20260830/pre_reference/full_stream_q95_masks/R02ZF_SARF000136.npz,6433,EF9C31490AE4FCDAD0EBB7EE260BE31C07D40741FCC07CA5E0CA3B012A14E6D2
output/person_terg_r2_runtime_grounding_and_full_stream_hypothesis_management_20260830/pre_reference/full_stream_q95_masks/R02ZF_SARF000137.npz,6739,D381CB7538259518DCAE3D1D395AEB705A6373D06719E190290E1A5A9BFE71B0
output/person_terg_r2_runtime_grounding_and_full_stream_hypothesis_management_20260830/pre_reference/full_stream_q95_masks/R02ZF_SARF000138.npz,6732,620E95B80C5FF86B20769A201F5E6E00FF12C925C009F4CC3DAB09446B6614CB
output/person_terg_r2_runtime_grounding_and_full_stream_hypothesis_management_20260830/pre_reference/full_stream_q95_masks/R02ZF_SARF000139.npz,7125,2752085263149B7DFB817FA3B99963EDA99F727E5982418BDC32A3E4F5A054AF
output/person_terg_r2_runtime_grounding_and_full_stream_hypothesis_management_20260830/pre_reference/full_stream_q95_masks/R02ZF_SARF000140.npz,6719,18DE34FE2C37A316B1693C0CCB4841B5210690D4F57C409FCDA5178B9442B5AC
output/person_terg_r2_runtime_grounding_and_full_stream_hypothesis_management_20260830/pre_reference/full_stream_q95_masks/R02ZF_SARF000141.npz,7316,8269D0A2196ECD0EE54494786BFD280E2770457BCCB1A42AD998D15A056733BF
output/person_terg_r2_runtime_grounding_and_full_stream_hypothesis_management_20260830/pre_reference/full_stream_q95_masks/R02ZF_SARF000142.npz,6892,50DDC71255F2D085BA972068873718F64C619297DBC72B2DE7359E2B21398F5E
output/person_terg_r2_runtime_grounding_and_full_stream_hypothesis_management_20260830/pre_reference/full_stream_q95_masks/R02ZF_SARF000143.npz,6660,F15EC9F5C55E733B17BD798DE3A7A8038C6A3392B8A2BB91B70CEB76819520F9
output/person_terg_r2_runtime_grounding_and_full_stream_hypothesis_management_20260830/pre_reference/full_stream_q95_masks/R02ZF_SARF000144.npz,6632,4F98FD28BD14B578D8AB2D40B3A40990AF94C55BA6466CECC176798BF0A2431F
output/person_terg_r2_runtime_grounding_and_full_stream_hypothesis_management_20260830/pre_reference/full_stream_q95_masks/R02ZF_SARF000145.npz,7094,A4880469726D29632D097CE3C59315392B835BA55BDF175D5A78B2FF82C2A615
output/person_terg_r2_runtime_grounding_and_full_stream_hypothesis_management_20260830/pre_reference/full_stream_q95_masks/R02ZF_SARF000146.npz,6717,7E6A27ED1F7B64E7730E15194904CFFFBE2EBB170B35445F5DF09D79AF7FC374
output/person_terg_r2_runtime_grounding_and_full_stream_hypothesis_management_20260830/pre_reference/full_stream_q95_masks/R02ZF_SARF000147.npz,6888,BE9F7FFD79E2C33A285900AD4CAE28BA81BCC36FD29F9682C87981B6AF5806EB
output/person_terg_r2_runtime_grounding_and_full_stream_hypothesis_management_20260830/pre_reference/full_stream_q95_masks/R02ZF_SARF000148.npz,6802,A5A596A25156FE50D6D7B4161CE26A105DE5A9C84067E5525F3190BBF4339C29
output/person_terg_r2_runtime_grounding_and_full_stream_hypothesis_management_20260830/pre_reference/full_stream_q95_masks/R02ZF_SARF000149.npz,6877,B4CDB4D69EE5DE5E9324D7CAE654A59BD3C345A0BE062720CF8A457CA6858D89
output/person_terg_r2_runtime_grounding_and_full_stream_hypothesis_management_20260830/pre_reference/full_stream_q95_masks/R02ZF_SARF000150.npz,6686,F1FF4AC772180752DCD0773FFDB68FC5A0340D0CA58A063D500172D5627231E5
output/person_terg_r2_runtime_grounding_and_full_stream_hypothesis_management_20260830/pre_reference/full_stream_q95_masks/R02ZF_SARF000151.npz,6707,B66C108FE2C5D415B585F0DDCA2059940A498CF12B9D0B774E2563C9D7DFDD8B
output/person_terg_r2_runtime_grounding_and_full_stream_hypothesis_management_20260830/pre_reference/full_stream_q95_masks/R02ZF_SARF000152.npz,6767,22125E4FD9AB2B22963DFCED58D22840B33BF9E606AFDB01491F3EB9D2E32677
output/person_terg_r2_runtime_grounding_and_full_stream_hypothesis_management_20260830/pre_reference/full_stream_q95_masks/R02ZF_SARF000153.npz,6682,C6F42D09E8748D713E84A2CAA90EEC7F29DE97C396D153964A3F1BD3D247E5CA
output/person_terg_r2_runtime_grounding_and_full_stream_hypothesis_management_20260830/pre_reference/full_stream_q95_masks/R02ZF_SARF000154.npz,6477,FAF6D5D4F82FB95CE03F8A06D595E1A2A03BEC9EAB4D1623965A1F4AA640193C
output/person_terg_r2_runtime_grounding_and_full_stream_hypothesis_management_20260830/pre_reference/full_stream_q95_masks/R02ZF_SARF000155.npz,6894,92CDDD95082096D69DAC20DD633818DD558C11F777C2FD887D929221367B6A7E
output/person_terg_r2_runtime_grounding_and_full_stream_hypothesis_management_20260830/pre_reference/full_stream_q95_masks/R02ZF_SARF000156.npz,6748,3C8FA645FDCF45C2A9D0D6C29B5A4BEBBC3515328D50E5133D79B0C694C4358C
output/person_terg_r2_runtime_grounding_and_full_stream_hypothesis_management_20260830/pre_reference/full_stream_q95_masks/R02ZF_SARF000157.npz,6817,926CF754A1389788E69C86CD331A030C6A9AE0547C74B2021C0558D7F0B2314A
output/person_terg_r2_runtime_grounding_and_full_stream_hypothesis_management_20260830/pre_reference/full_stream_q95_masks/R02ZF_SARF000158.npz,6767,0592F56D1CE7F98742222E3D4BFC93A49A59333AE5A032DF3BBA35FF8EAFC2BD
output/person_terg_r2_runtime_grounding_and_full_stream_hypothesis_management_20260830/pre_reference/full_stream_q95_masks/R02ZF_SARF000159.npz,6890,06B715DBDE9146271172C6515F5D10D69E99D9DBC8498DB6B6AF3E341E9A01C9
output/person_terg_r2_runtime_grounding_and_full_stream_hypothesis_management_20260830/pre_reference/full_stream_q95_masks/R02ZF_SARF000160.npz,6903,2C5F21B9DD29C1EABCD630D260F5B68DC617CC576F51001CBF92A14B3B43EE00
output/person_terg_r2_runtime_grounding_and_full_stream_hypothesis_management_20260830/pre_reference/full_stream_q95_masks/R02ZF_SARF000161.npz,7076,E23F358B556405C393BDC5F39A745DC6D90166C91CDE47945ABE91B603E343C1
output/person_terg_r2_runtime_grounding_and_full_stream_hypothesis_management_20260830/pre_reference/full_stream_q95_masks/R02ZF_SARF000162.npz,6856,8D581512DC4700278EB08AF217649A27F7682C73CC7F09A2C2BA59AB3BEA302C
output/person_terg_r2_runtime_grounding_and_full_stream_hypothesis_management_20260830/pre_reference/full_stream_q95_masks/R02ZF_SARF000163.npz,6988,97C2AC7E04F210F7C456AD4D55AB83699B23DC4FE3F38B8A330A745C7E2884C6
output/person_terg_r2_runtime_grounding_and_full_stream_hypothesis_management_20260830/pre_reference/full_stream_q95_masks/R02ZF_SARF000164.npz,6760,1B0AE86175251951C678AE03FC1F8BA594D123897C5C6075D718C9F6C099F6D5
output/person_terg_r2_runtime_grounding_and_full_stream_hypothesis_management_20260830/pre_reference/full_stream_q95_masks/R02ZF_SARF000165.npz,6846,F7BD77CEFCCD9A6AAE5837B659DD5C1FC91142406E72AD3148962F8C48BA9075
output/person_terg_r2_runtime_grounding_and_full_stream_hypothesis_management_20260830/pre_reference/full_stream_q95_masks/R02ZF_SARF000166.npz,6765,AEF0DECF2061377DFA6CBCA7965389482F882A10BA96ECEDF298167314BC2824
output/person_terg_r2_runtime_grounding_and_full_stream_hypothesis_management_20260830/pre_reference/full_stream_q95_masks/R02ZF_SARF000167.npz,6965,2893849DF73CE9D959454DEF8190DA82F841435E88947E00D32638CF40FC886A
output/person_terg_r2_runtime_grounding_and_full_stream_hypothesis_management_20260830/pre_reference/full_stream_q95_masks/R02ZF_SARF000168.npz,6864,99B533B868F462F81D06C884CFE520C2800965DE639B3A057E288EB508DFFD0D
output/person_terg_r2_runtime_grounding_and_full_stream_hypothesis_management_20260830/pre_reference/full_stream_q95_masks/R02ZF_SARF000169.npz,6744,05273D451C1FD7F9EC77D1654A8E1F76342F5BA8C115FE6B5DAC97571C8007DA
output/person_terg_r2_runtime_grounding_and_full_stream_hypothesis_management_20260830/pre_reference/full_stream_q95_masks/R02ZF_SARF000170.npz,6766,CB38450838102C741920F6757903F1BD9746C097CA245EB3041FB1F5FC528EE0
output/person_terg_r2_runtime_grounding_and_full_stream_hypothesis_management_20260830/pre_reference/full_stream_q95_masks/R02ZF_SARF000171.npz,6951,C2364E6C6EB9C82DE3AA3B6CD2F8FC50F976639093B22D5E7FD6F242295917BF
output/person_terg_r2_runtime_grounding_and_full_stream_hypothesis_management_20260830/pre_reference/full_stream_q95_masks/R02ZF_SARF000172.npz,7174,9F9A8BA0E84E1BB26426C4D19F9C72B7E801EED427372A9F48A4A0A0C3465398
output/person_terg_r2_runtime_grounding_and_full_stream_hypothesis_management_20260830/pre_reference/full_stream_q95_masks/R02ZF_SARF000173.npz,7298,3C005A54FD2375A3E6AEA4CDD8F7A371435C59D292C5BF6335D4D9179098D758
output/person_terg_r2_runtime_grounding_and_full_stream_hypothesis_management_20260830/pre_reference/full_stream_q95_masks/R02ZF_SARF000174.npz,6916,97EB333928AAC403105535536465F41FA19169F7C418527CA19CB2B609ECD048
output/person_terg_r2_runtime_grounding_and_full_stream_hypothesis_management_20260830/pre_reference/full_stream_q95_masks/R02ZF_SARF000175.npz,7158,02E8B79A082D6D36C8A7F61AAA88A14FBBF540FD94D2166819F154783F648210
output/person_terg_r2_runtime_grounding_and_full_stream_hypothesis_management_20260830/pre_reference/full_stream_q95_masks/R02ZF_SARF000176.npz,7021,577714D30FC82265BA8155D2EA451F2779FFC1086C228F0C80305CC5F7139BE9
output/person_terg_r2_runtime_grounding_and_full_stream_hypothesis_management_20260830/pre_reference/full_stream_q95_masks/R02ZF_SARF000177.npz,7249,B3210F5DE08A9AC90E2A0A742214C67A0CC8FCAE4A65D5A0EDD7EC9BB3E963FB
output/person_terg_r2_runtime_grounding_and_full_stream_hypothesis_management_20260830/pre_reference/full_stream_q95_masks/R02ZF_SARF000178.npz,6847,13E0E744716AAAF2F4F2493418E7D8F69D75ED39B79B34C80DEE6480A1FA1204
output/person_terg_r2_runtime_grounding_and_full_stream_hypothesis_management_20260830/pre_reference/full_stream_q95_masks/R02ZF_SARF000179.npz,6981,BD3BFAC173D6842FBB9A5DB0A1C531786008DE7464E9E148F28DF7992436BE7C
output/person_terg_r2_runtime_grounding_and_full_stream_hypothesis_management_20260830/pre_reference/full_stream_q95_masks/R02ZF_SARF000180.npz,7051,CF9969DF5BE41D45D3137B6C1B9C1226658BB2FECCCF56D2E6AAA17AF9E4EDE4
output/person_terg_r2_runtime_grounding_and_full_stream_hypothesis_management_20260830/pre_reference/full_stream_q95_masks/R02ZF_SARF000181.npz,7202,59F4B5E4F6CE2DA6EBA05E1CB9C7BC1A206FA7190320E5DF6BCB264F7833D122
output/person_terg_r2_runtime_grounding_and_full_stream_hypothesis_management_20260830/pre_reference/full_stream_q95_masks/R02ZF_SARF000182.npz,6970,B76EDF2550DFB0B800ABA84BCE7425A422CB4827FDDC8DC7773FDDA41A850369
output/person_terg_r2_runtime_grounding_and_full_stream_hypothesis_management_20260830/pre_reference/full_stream_q95_masks/R02ZF_SARF000183.npz,7148,E3EBBE0FA9C74F43787805132AF8A7694732839BD060CDEABE978A1AF7665BD1
output/person_terg_r2_runtime_grounding_and_full_stream_hypothesis_management_20260830/pre_reference/full_stream_q95_masks/R02ZF_SARF000184.npz,7065,411C4DDA306C6BDF2DEB594AEFE2E84C215B777775FC463E0B3A3EB0B6F1D6C1
output/person_terg_r2_runtime_grounding_and_full_stream_hypothesis_management_20260830/pre_reference/full_stream_q95_masks/R02ZF_SARF000185.npz,7007,DD51040910D8B8EB3FD0B34D45345AF0D92721DA0919F1B575EAC4A4216F4F0A
output/person_terg_r2_runtime_grounding_and_full_stream_hypothesis_management_20260830/pre_reference/full_stream_q95_masks/R02ZF_SARF000186.npz,7151,4D1974AB25DEBCF6344EF454EDE5225F2BDE3C44D3C0ED171F8EA84E95079942
output/person_terg_r2_runtime_grounding_and_full_stream_hypothesis_management_20260830/pre_reference/full_stream_q95_masks/R02ZF_SARF000187.npz,6944,BF6596A197B78BBD08D4A08A8096098F9BFF58B07D85065BEB6EF9FE882F9016
output/person_terg_r2_runtime_grounding_and_full_stream_hypothesis_management_20260830/pre_reference/full_stream_q95_masks/R02ZF_SARF000188.npz,7346,4BB0A16D61BDBBAA4124D6AFBCFE0AC555A833277E516DEB26EDBBF516E52697
output/person_terg_r2_runtime_grounding_and_full_stream_hypothesis_management_20260830/pre_reference/full_stream_q95_masks/R02ZF_SARF000189.npz,7189,1B89A99D0754CE5EFAEE73ED64D1B3527561337FB6FB9957B028BFADB3A3FE7F
output/person_terg_r2_runtime_grounding_and_full_stream_hypothesis_management_20260830/pre_reference/full_stream_q95_masks/R02ZF_SARF000190.npz,7080,75635C4E21BBA37CC311BFE954A7978BA0858B8CFA7667E008F51A0ED412C0FB
output/person_terg_r2_runtime_grounding_and_full_stream_hypothesis_management_20260830/pre_reference/full_stream_q95_masks/R02ZF_SARF000191.npz,7109,8E34DBF8437BCFDB1942004B3378ECAD566AACE26308C833E1A7DF443E99ACE2
output/person_terg_r2_runtime_grounding_and_full_stream_hypothesis_management_20260830/pre_reference/full_stream_q95_masks/R02ZF_SARF000192.npz,6963,DA73EBFB4BDA9D5CE92251A69DA43BDE96D1B9E10A58A3D7A315F6435CFEB156
output/person_terg_r2_runtime_grounding_and_full_stream_hypothesis_management_20260830/pre_reference/full_stream_q95_masks/R02ZF_SARF000193.npz,7123,46161DF1C25A352DB23AA423FCFD553880424539249AB96B2820EA842A52F37F
output/person_terg_r2_runtime_grounding_and_full_stream_hypothesis_management_20260830/pre_reference/full_stream_q95_masks/R02ZF_SARF000194.npz,7168,ABCDD5DF85FF8BDE8208EA95DAC7B300C0ADDC01E2C36324555FD23C32087583
output/person_terg_r2_runtime_grounding_and_full_stream_hypothesis_management_20260830/pre_reference/full_stream_q95_masks/R02ZF_SARF000195.npz,7022,CA1458DCD9CA84D1FFD68BC17EE5992C251119443C8A86635B85D91A3119CC33
output/person_terg_r2_runtime_grounding_and_full_stream_hypothesis_management_20260830/pre_reference/full_stream_q95_masks/R02ZF_SARF000196.npz,7020,F8B56966B0CC216BAAAEF74A99C054BB470C5B4D3D386B5196C389EEAC912133
output/person_terg_r2_runtime_grounding_and_full_stream_hypothesis_management_20260830/pre_reference/full_stream_q95_masks/R02ZF_SARF000197.npz,7362,BDB681FF7EEC7F11A2F0194E14D6BDC4884320F59BF8E8757D38530D9D5C783E
output/person_terg_r2_runtime_grounding_and_full_stream_hypothesis_management_20260830/pre_reference/full_stream_q95_masks/R02ZF_SARF000198.npz,7161,2286D9F47B55EE7919AA57DD0904FAAA8C93EFE9CB9A8860BB877657FE21BF48
output/person_terg_r2_runtime_grounding_and_full_stream_hypothesis_management_20260830/pre_reference/full_stream_q95_masks/R02ZF_SARF000199.npz,6892,B751B190A55A353CB4B33C529644B6C25C90AFF50549DE2E946F7A512219DF20
output/person_terg_r2_runtime_grounding_and_full_stream_hypothesis_management_20260830/pre_reference/full_stream_q95_masks/R02ZF_SARF000200.npz,6845,5CB2033ABFAEFD56D6C70CABE1F86EADF2D6B0655DD956AB38B0499CDECADD74
output/person_terg_r2_runtime_grounding_and_full_stream_hypothesis_management_20260830/pre_reference/full_stream_q95_masks/R02ZF_SARF000201.npz,6847,86003E7BEFB58A5CF17B11598AC5F452110A163376F54AEBFACC61789F4ECD72
output/person_terg_r2_runtime_grounding_and_full_stream_hypothesis_management_20260830/pre_reference/full_stream_q95_masks/R02ZF_SARF000202.npz,6716,099F2E2E94CC3219EFB333235129027701FD6BC93E798C784660AF708539506B
output/person_terg_r2_runtime_grounding_and_full_stream_hypothesis_management_20260830/pre_reference/full_stream_q95_masks/R02ZF_SARF000203.npz,6792,F9B38416EDFEB9FFF691F242F39C544AC51C0A9808F189061E0D0C25BDDA3F6F
output/person_terg_r2_runtime_grounding_and_full_stream_hypothesis_management_20260830/pre_reference/full_stream_q95_masks/R02ZF_SARF000204.npz,6842,8DCBF0FE4422815DB588CD7CF0A8F408C0E5639E360C60AA68BD3AFFBEB29F2A
output/person_terg_r2_runtime_grounding_and_full_stream_hypothesis_management_20260830/pre_reference/full_stream_q95_masks/R02ZF_SARF000205.npz,7119,69DD3850522883B7651E9FB5860E3B7886B11BF196E57B05CAD7C1289412533A
output/person_terg_r2_runtime_grounding_and_full_stream_hypothesis_management_20260830/pre_reference/full_stream_q95_masks/R02ZF_SARF000206.npz,6674,E9DB6B2ACA47F0F57C088D4FFD4463270B8D248D69294FE04A7FBFC51BB76FDF
output/person_terg_r2_runtime_grounding_and_full_stream_hypothesis_management_20260830/pre_reference/full_stream_q95_masks/R02ZF_SARF000207.npz,7005,B80718C490B2AD8CEF88A7D1DE98B3FEBF33BCA8BA75271F43ED413E64AFBD17
output/person_terg_r2_runtime_grounding_and_full_stream_hypothesis_management_20260830/pre_reference/full_stream_q95_masks/R02ZF_SARF000208.npz,7187,8F9F4F88CC0FF78EB748F1F0AE7B4D77C32B12801BBEE189F35AC91CEFBDB0D4
output/person_terg_r2_runtime_grounding_and_full_stream_hypothesis_management_20260830/pre_reference/full_stream_q95_masks/R02ZF_SARF000209.npz,6934,9EFEF92EB0D88578C3CE975D718EE834321CE11966B4C8D90044DBA2DA0F0182
output/person_terg_r2_runtime_grounding_and_full_stream_hypothesis_management_20260830/pre_reference/full_stream_q95_masks/R02ZF_SARF000210.npz,6755,F929BEF7435DE4D1DA8E231995E061DAB0EE69CE1D2554497E038E664F4832D4
output/person_terg_r2_runtime_grounding_and_full_stream_hypothesis_management_20260830/pre_reference/full_stream_q95_masks/R02ZF_SARF000211.npz,6759,AD0839FBA7189A5DFEAE7F742BC600250720FAB87599F02B4090FC33147625B6
output/person_terg_r2_runtime_grounding_and_full_stream_hypothesis_management_20260830/pre_reference/full_stream_q95_masks/R02ZF_SARF000212.npz,6807,703F874CF0598EF12F4FDA76F4F0B50B9DBEA536A4438AE764D13BB7DD4FA5E1
output/person_terg_r2_runtime_grounding_and_full_stream_hypothesis_management_20260830/pre_reference/full_stream_q95_masks/R02ZF_SARF000213.npz,6843,950FC1C72B301254437139D52383C39ABF33D8C0F07109E309AD0C4095EE2327
output/person_terg_r2_runtime_grounding_and_full_stream_hypothesis_management_20260830/pre_reference/full_stream_q95_masks/R02ZF_SARF000214.npz,7032,F62539BE6F7D93C69B2564EEE593C6984E2BC740497755FE81883FCCB48841E5
output/person_terg_r2_runtime_grounding_and_full_stream_hypothesis_management_20260830/pre_reference/full_stream_q95_masks/R02ZF_SARF000215.npz,7025,0ACB72462C9E88B8060ACECC7243871E410F7C47A833670B9DFC10BD00EEAE64
output/person_terg_r2_runtime_grounding_and_full_stream_hypothesis_management_20260830/pre_reference/full_stream_q95_masks/R02ZF_SARF000216.npz,7201,785F8478CC5D8FEB79D6ECEF75A15E6E4EE5A38B23F0292D45D47543AA338681
output/person_terg_r2_runtime_grounding_and_full_stream_hypothesis_management_20260830/pre_reference/full_stream_q95_masks/R02ZF_SARF000217.npz,7249,38800FEE31C9486AC59C9056B4788449B11A27692B0BED4C7619A232328A7B44
output/person_terg_r2_runtime_grounding_and_full_stream_hypothesis_management_20260830/pre_reference/full_stream_q95_masks/R02ZF_SARF000218.npz,6816,9714E90C6F205371395C98D8AD8C3913BC36579D2AD010E12A8BE6692A9C80B8
output/person_terg_r2_runtime_grounding_and_full_stream_hypothesis_management_20260830/pre_reference/full_stream_q95_masks/R02ZF_SARF000219.npz,7074,1AE885B6344A58261EDDCE48BB98ECF9524AB68A5BE04891C3D1AC32A3BADFE8
output/person_terg_r2_runtime_grounding_and_full_stream_hypothesis_management_20260830/pre_reference/full_stream_q95_masks/R02ZF_SARF000220.npz,7066,A105B9C2FDCC338A40A120F53B3BA5DF44B45A31079C1F5C30E745D9B3F5ACAC
output/person_terg_r2_runtime_grounding_and_full_stream_hypothesis_management_20260830/pre_reference/full_stream_q95_masks/R02ZF_SARF000221.npz,7096,943653271E9F9AF58D6D8B59CEB69D6E3AC34DCD15D756A6820097D6F044DA96
output/person_terg_r2_runtime_grounding_and_full_stream_hypothesis_management_20260830/pre_reference/full_stream_q95_masks/R02ZF_SARF000222.npz,6721,EFE0F21B3CEA5A7001A6D53593311A76AB4C73C7BCD65CC14CD988A26DC0849C
output/person_terg_r2_runtime_grounding_and_full_stream_hypothesis_management_20260830/pre_reference/full_stream_q95_masks/R02ZF_SARF000223.npz,7286,D9437BD15FB8A821517295FA951BD21C378794DC9748D20013B544FF5D885CA5
output/person_terg_r2_runtime_grounding_and_full_stream_hypothesis_management_20260830/pre_reference/full_stream_q95_masks/R02ZF_SARF000224.npz,6920,B268A8014A0A69A933F8AE3E22639B0D620389DC76F5020B0AF85965412F1385
output/person_terg_r2_runtime_grounding_and_full_stream_hypothesis_management_20260830/pre_reference/full_stream_q95_masks/R02ZF_SARF000225.npz,7151,4B222FB7FBFBE1DE79F16A1E75D5F175230005460CDFC9891A6D1AE2B7828171
output/person_terg_r2_runtime_grounding_and_full_stream_hypothesis_management_20260830/pre_reference/full_stream_q95_masks/R02ZF_SARF000226.npz,6854,50E57BE9EC49CD2B7A5CCBECDC6E3A377543866941E7112E4036815C045913B8
output/person_terg_r2_runtime_grounding_and_full_stream_hypothesis_management_20260830/pre_reference/full_stream_q95_masks/R02ZF_SARF000227.npz,6931,A33E177293457C192EB543CBBB96A0C5A3D28093A9CA6CF5A4027A243B7CA6AD
output/person_terg_r2_runtime_grounding_and_full_stream_hypothesis_management_20260830/pre_reference/full_stream_q95_masks/R02ZF_SARF000228.npz,6859,19301AFA45C2BCE273C794809C91216FB231A826EFF531DD0D0610276E2B84F5
output/person_terg_r2_runtime_grounding_and_full_stream_hypothesis_management_20260830/pre_reference/full_stream_q95_masks/R02ZF_SARF000229.npz,6895,A41D5CEB45493211FC2FC91BF6259BCDE9226BFDF62406284536C9D243C3308C
output/person_terg_r2_runtime_grounding_and_full_stream_hypothesis_management_20260830/pre_reference/full_stream_q95_masks/R02ZF_SARF000230.npz,6864,721AA23C1D6D5A395E87F518E4E76F9B6D307DE565C2EE02DD5ECF28FBC77C79
output/person_terg_r2_runtime_grounding_and_full_stream_hypothesis_management_20260830/pre_reference/full_stream_q95_masks/R02ZF_SARF000231.npz,6807,A25817121A674CF6D02C4D9BE07639A2C1F68C2116449D70F16FB5EE246563EF
output/person_terg_r2_runtime_grounding_and_full_stream_hypothesis_management_20260830/pre_reference/full_stream_q95_masks/R02ZF_SARF000232.npz,6817,DF5F3D54563239E44D160F4056A122CA40212733F3539159205F03E738F447F8
output/person_terg_r2_runtime_grounding_and_full_stream_hypothesis_management_20260830/pre_reference/full_stream_q95_masks/R02ZF_SARF000233.npz,6899,A723DEE29D90A136D5AB0296752F82C7CC780F6117C689599A9223782343F4F4
output/person_terg_r2_runtime_grounding_and_full_stream_hypothesis_management_20260830/pre_reference/full_stream_q95_masks/R02ZF_SARF000234.npz,6771,993FA62C8AC4C4ED4AEED4239714835C4C0A99D929DFBC54D99719E484F72021
output/person_terg_r2_runtime_grounding_and_full_stream_hypothesis_management_20260830/pre_reference/full_stream_q95_masks/R02ZF_SARF000235.npz,7007,85AD8F713D4AE5387E1005727826578AECA8AB01F8177FDDEC0EFFC9CE023244
output/person_terg_r2_runtime_grounding_and_full_stream_hypothesis_management_20260830/pre_reference/full_stream_q95_masks/R02ZF_SARF000236.npz,6577,B3EDB53E8F5E6266ACFB9958D71A174C1CDBDAD57EFFAC9B5E3192DDCA18AEEC
output/person_terg_r2_runtime_grounding_and_full_stream_hypothesis_management_20260830/pre_reference/full_stream_q95_masks/R02ZF_SARF000237.npz,6865,3AF7CD1EC8C91D0CEA2AE996532578ECD2FB50372677AABBBD893C0F15D0C4DB
output/person_terg_r2_runtime_grounding_and_full_stream_hypothesis_management_20260830/pre_reference/full_stream_q95_masks/R02ZF_SARF000238.npz,6857,C777D8B423BA96B5A340AD687220C77558730E114478C8B1B4F5134323B2539B
output/person_terg_r2_runtime_grounding_and_full_stream_hypothesis_management_20260830/pre_reference/full_stream_q95_masks/R02ZF_SARF000239.npz,6764,DAA1D8FDE7DE6C4DF1A26EAABA878C44D0D7C0658E511DA4466CA6740883BC9A
output/person_terg_r2_runtime_grounding_and_full_stream_hypothesis_management_20260830/pre_reference/full_stream_q95_masks/R02ZF_SARF000240.npz,7122,E82380ACFE12C2C31F03B8F84AD4C0F3BE253E05E3797128362E38D927877D84
output/person_terg_r2_runtime_grounding_and_full_stream_hypothesis_management_20260830/pre_reference/full_stream_q95_masks/R02ZF_SARF000241.npz,7144,B79ECD26AE1B605338FFEBC13BEA510E1A4A4780F6AA8FED014568B83261E88A
output/person_terg_r2_runtime_grounding_and_full_stream_hypothesis_management_20260830/pre_reference/full_stream_q95_masks/R02ZF_SARF000242.npz,7056,A24F08E019CD0F393FD4F2C84B049D5F1FE420D5433AB9D8950F115527A98206
output/person_terg_r2_runtime_grounding_and_full_stream_hypothesis_management_20260830/pre_reference/full_stream_q95_masks/R02ZF_SARF000243.npz,7360,5F08310740B23BE3AB748B9F75A3F64F5F17944B00465CF8D32C086EF26A5B28
output/person_terg_r2_runtime_grounding_and_full_stream_hypothesis_management_20260830/pre_reference/full_stream_q95_masks/R02ZF_SARF000244.npz,7066,C3B5C3AB15E0BC9C6889D729E8C13A56E055C2A577AAB5C9551F57B269535FF6
output/person_terg_r2_runtime_grounding_and_full_stream_hypothesis_management_20260830/pre_reference/full_stream_q95_masks/R02ZF_SARF000245.npz,7176,07E14529B96C8F29EECFF2EAC6639B06175056B8ED366CCD97E38249FE9F2BD8
output/person_terg_r2_runtime_grounding_and_full_stream_hypothesis_management_20260830/pre_reference/full_stream_q95_masks/R02ZF_SARF000246.npz,7118,60C4F4473E0B06FAD427A223EB08DB15B255996BB270D67E18FFD980BD25A851
output/person_terg_r2_runtime_grounding_and_full_stream_hypothesis_management_20260830/pre_reference/full_stream_q95_masks/R02ZF_SARF000247.npz,6903,CE4B1D3C95360CDD3327BB72FC92DF51E66CDD0D76E02212526F5E0BAB88F9B3
output/person_terg_r2_runtime_grounding_and_full_stream_hypothesis_management_20260830/pre_reference/full_stream_q95_masks/R02ZF_SARF000248.npz,6896,21DD6472AC6F2D46567E87F335D1AAFBA8445777FA6971D945B9F0F73417BC65
output/person_terg_r2_runtime_grounding_and_full_stream_hypothesis_management_20260830/pre_reference/full_stream_q95_masks/R02ZF_SARF000249.npz,6650,F6EB7763ED2A320D5E393937F15781777301B31679DEEF4894A8D74C04343F60
output/person_terg_r2_runtime_grounding_and_full_stream_hypothesis_management_20260830/pre_reference/full_stream_q95_masks/R02ZF_SARF000250.npz,6983,9F91669CD3E60BDEA047B5645FF8A0ED9DE84CC19D46E0D6203455CD0DCDFF77
output/person_terg_r2_runtime_grounding_and_full_stream_hypothesis_management_20260830/pre_reference/full_stream_q95_masks/R02ZF_SARF000251.npz,6932,AFA12B63B21753E827361222BD35D1D465282CE61991F959DD760CA26022D3D2
output/person_terg_r2_runtime_grounding_and_full_stream_hypothesis_management_20260830/pre_reference/full_stream_q95_masks/R02ZF_SARF000252.npz,6920,A901BC92FC7918C6583864E562A965FCEBDE01C9500C1C4EDC4F273B057BAD6B
output/person_terg_r2_runtime_grounding_and_full_stream_hypothesis_management_20260830/pre_reference/full_stream_q95_masks/R02ZF_SARF000253.npz,6972,DB878789FD7F9446951DD480FE895B40762648A7104F3614ECEE6EF4915038EC
output/person_terg_r2_runtime_grounding_and_full_stream_hypothesis_management_20260830/pre_reference/full_stream_q95_masks/R02ZF_SARF000254.npz,6873,62A16617EC89E2201CF542CE2A432C8ABC8E5DC4824E701659501CEDBA5FD45B
output/person_terg_r2_runtime_grounding_and_full_stream_hypothesis_management_20260830/pre_reference/full_stream_q95_masks/R02ZF_SARF000255.npz,6906,8C8A76025685C3847B63A065124E6B0D80735FC7FD1608F9F706610524170D1A
output/person_terg_r2_runtime_grounding_and_full_stream_hypothesis_management_20260830/pre_reference/full_stream_q95_masks/R02ZF_SARF000256.npz,6936,57E5F9B2357D5EA7F70B98A9A22E3FA588EAD76FEFB07DBF9417C9F4818849DC
output/person_terg_r2_runtime_grounding_and_full_stream_hypothesis_management_20260830/pre_reference/full_stream_q95_masks/R02ZF_SARF000257.npz,6923,14E310D945965AA8D08B852D10EF0B1082C7F6BEEC208081182A37A314EF63AE
output/person_terg_r2_runtime_grounding_and_full_stream_hypothesis_management_20260830/pre_reference/full_stream_q95_masks/R02ZF_SARF000258.npz,6624,B27B9779B00F7ACF42E5CA5AEAF20D4275A3A696ED917F8D5799DE07849AC9AE
output/person_terg_r2_runtime_grounding_and_full_stream_hypothesis_management_20260830/pre_reference/full_stream_q95_masks/R02ZF_SARF000259.npz,6894,CDF55B5975396E6EFC4A9863201D30FD285E264B0C6CBE2C916AA86E983F6A75
output/person_terg_r2_runtime_grounding_and_full_stream_hypothesis_management_20260830/pre_reference/full_stream_q95_masks/R02ZF_SARF000260.npz,6906,0C129A4B67FE79E7DB48634F7F2DFDA1E5D1EE0A24521A7C4018D7CD51A18DDF
output/person_terg_r2_runtime_grounding_and_full_stream_hypothesis_management_20260830/pre_reference/full_stream_q95_masks/R02ZF_SARF000261.npz,6750,E918AEE1AAA5224130E0838BB3A94EA4DF582AE53E3D7AEDEB6736AA0B0CD0A7
output/person_terg_r2_runtime_grounding_and_full_stream_hypothesis_management_20260830/pre_reference/full_stream_q95_masks/R02ZF_SARF000262.npz,6838,9879CE2EF8704B2C4E289AF16F34C700AC6CD00DD8250443E2A20EAA0A3233B3
output/person_terg_r2_runtime_grounding_and_full_stream_hypothesis_management_20260830/pre_reference/full_stream_q95_masks/R02ZF_SARF000263.npz,6788,52D9F862A4ED1D98B9EECA0F22DAF2FE8C1EC0145D88A9099CD80A7EED4E607D
output/person_terg_r2_runtime_grounding_and_full_stream_hypothesis_management_20260830/pre_reference/full_stream_q95_masks/R02ZF_SARF000264.npz,6650,11DECE1674295C7E8C19A44DF8441EA066D76EAB415BF6FBCDC5855838307442
output/person_terg_r2_runtime_grounding_and_full_stream_hypothesis_management_20260830/pre_reference/full_stream_q95_masks/R02ZF_SARF000265.npz,6942,95AA63CA10BE907EDE21F918596E424D42464142BD0D42251B570B6BEBE8C456
output/person_terg_r2_runtime_grounding_and_full_stream_hypothesis_management_20260830/pre_reference/full_stream_q95_masks/R02ZF_SARF000266.npz,6867,6318B70EBAF1D597F991DE1B01A97A883352F6EF55B5CB4531757939D4AC9BEA
output/person_terg_r2_runtime_grounding_and_full_stream_hypothesis_management_20260830/pre_reference/full_stream_q95_masks/R02ZF_SARF000267.npz,7111,791E15BFABA9AE205A3E6CDEBE6453C852626982AE4D14DC5DD74BCE8A54E81E
output/person_terg_r2_runtime_grounding_and_full_stream_hypothesis_management_20260830/pre_reference/full_stream_q95_masks/R02ZF_SARF000268.npz,6762,A7B343C119153A5039ED3C7AB2DF2919A0CD407C0AD67E24D057FFE0B66130B4
output/person_terg_r2_runtime_grounding_and_full_stream_hypothesis_management_20260830/pre_reference/full_stream_q95_masks/R02ZF_SARF000269.npz,6820,EE7AC701D4F504F555F2ECDCC3AC60691D20E8CEBD2669EDC11FB479C845860A
output/person_terg_r2_runtime_grounding_and_full_stream_hypothesis_management_20260830/pre_reference/full_stream_q95_masks/R02ZF_SARF000270.npz,6963,B56DBD751A8113B2B8BB67E48B963D534A0E7459D5EDF4944A25B6889285EBB1
output/person_terg_r2_runtime_grounding_and_full_stream_hypothesis_management_20260830/pre_reference/full_stream_q95_masks/R02ZF_SARF000271.npz,7118,3AD12186296D9D285A6AC84748379498EBE9D7EBC1ECD5E5B55DA7FA088AFB2B
output/person_terg_r2_runtime_grounding_and_full_stream_hypothesis_management_20260830/pre_reference/full_stream_q95_masks/R02ZF_SARF000272.npz,6810,AF9CA559DDBEF4CDF08A799BFD0626F26320C2DB5204A36DCAA20590D8EE0AEA
output/person_terg_r2_runtime_grounding_and_full_stream_hypothesis_management_20260830/pre_reference/full_stream_q95_masks/R02ZF_SARF000273.npz,6992,70D2A317682E494B6EE997D0C3A0DD76192E8C402688859DAB4379693E23494E
output/person_terg_r2_runtime_grounding_and_full_stream_hypothesis_management_20260830/pre_reference/full_stream_q95_masks/R02ZF_SARF000274.npz,6923,7C36988E689803CADC8974A81E8CBBBA84A2B752825DA494CE9E7385D0658D42
output/person_terg_r2_runtime_grounding_and_full_stream_hypothesis_management_20260830/pre_reference/full_stream_q95_masks/R02ZF_SARF000275.npz,6992,C34516F805B73BDE6E155595EC5090829F01317F1EA658132C5B5ABEB74EB5EF
output/person_terg_r2_runtime_grounding_and_full_stream_hypothesis_management_20260830/pre_reference/full_stream_q95_masks/R02ZF_SARF000276.npz,7002,DFAFD8C3F9DB25AAED98C36853BAADBB6D67420EFE1BFD004827B29D1949C2AC
output/person_terg_r2_runtime_grounding_and_full_stream_hypothesis_management_20260830/pre_reference/full_stream_q95_masks/R02ZF_SARF000277.npz,7310,BD2084C71F78A34CC8BAD8B142C3D785BE84ABA7D8E25413F26D92A94444B941
output/person_terg_r2_runtime_grounding_and_full_stream_hypothesis_management_20260830/pre_reference/full_stream_q95_masks/R02ZF_SARF000278.npz,6903,A7C5E843C984B52670E651BC3E6B5BA4D08C780B1AAAF252B53F268A575D2E99
output/person_terg_r2_runtime_grounding_and_full_stream_hypothesis_management_20260830/pre_reference/full_stream_q95_masks/R02ZF_SARF000279.npz,7090,624266BB4AD42C3F905FCFBD61050D7DD8262B8504D793C534077DE7B1E32D57
output/person_terg_r2_runtime_grounding_and_full_stream_hypothesis_management_20260830/pre_reference/full_stream_q95_masks/R02ZF_SARF000280.npz,7008,03364FFD49824C038B9E25321854E7AAA5EB508E117F52C89A2E1FC0035175DC
output/person_terg_r2_runtime_grounding_and_full_stream_hypothesis_management_20260830/pre_reference/full_stream_q95_masks/R02ZF_SARF000281.npz,7135,D96C5AFA5BCF482332CD95E37C6C9001A464B1CD0ED0B786C191749ADA3948F5
output/person_terg_r2_runtime_grounding_and_full_stream_hypothesis_management_20260830/pre_reference/full_stream_q95_masks/R02ZF_SARF000282.npz,6824,53E66C759656455C6BD42F8CED3D593C7016330F23410A0EFD010348FFDAB02F
output/person_terg_r2_runtime_grounding_and_full_stream_hypothesis_management_20260830/pre_reference/full_stream_q95_masks/R02ZF_SARF000283.npz,6672,0C4380CD997E1198B2C447476A46E274C555E1C61591F650490BA7EB7B41E194
output/person_terg_r2_runtime_grounding_and_full_stream_hypothesis_management_20260830/pre_reference/full_stream_q95_masks/R02ZF_SARF000284.npz,6636,2747C0D86F198DEA6A8CA350121D13F45F91147DA74D8A67ADB33D1D23E560D1
output/person_terg_r2_runtime_grounding_and_full_stream_hypothesis_management_20260830/pre_reference/full_stream_q95_masks/R02ZF_SARF000285.npz,6774,5247236FE184A15C441850E70DB71BBA5666A6DD01343384F8371D5DD5BE0101
output/person_terg_r2_runtime_grounding_and_full_stream_hypothesis_management_20260830/pre_reference/full_stream_q95_masks/R02ZF_SARF000286.npz,6436,55A8313611C990A704041B6F3FB7FE3CD1B00630FAA3D4F23BBDC691DBEAA486
output/person_terg_r2_runtime_grounding_and_full_stream_hypothesis_management_20260830/pre_reference/full_stream_q95_masks/R02ZF_SARF000287.npz,6904,829C44A318AD8A60A9815187F9457C3659D6324F6328A659CE751F91DD2E7C51
output/person_terg_r2_runtime_grounding_and_full_stream_hypothesis_management_20260830/pre_reference/full_stream_q95_masks/R02ZF_SARF000288.npz,6585,289608490026F64643264DDFC7EDDB9F3ED085CF3EF480A82BB69D9290EA1F37
output/person_terg_r2_runtime_grounding_and_full_stream_hypothesis_management_20260830/pre_reference/full_stream_q95_masks/R02ZF_SARF000289.npz,6823,67467395701595F99349AD91AD9B706D4BB1DC65D0E7467BEF980B0C4873975D
output/person_terg_r2_runtime_grounding_and_full_stream_hypothesis_management_20260830/pre_reference/full_stream_q95_masks/R02ZF_SARF000290.npz,6618,F2406929DCF18075F175C832A20E37A1659951BB849E45A6EBE5697D5B54D409
output/person_terg_r2_runtime_grounding_and_full_stream_hypothesis_management_20260830/pre_reference/full_stream_q95_masks/R02ZF_SARF000291.npz,6845,F90701A53303B5B78415EDC2FC407703DE97EEB10DB12846DFA02EF1484EFE58
output/person_terg_r2_runtime_grounding_and_full_stream_hypothesis_management_20260830/pre_reference/full_stream_q95_masks/R02ZF_SARF000292.npz,6548,EF7F6D39788AEB454185C03BA63C61773F5080D63EB3ABD0DE3C5B2FDE350CDF
output/person_terg_r2_runtime_grounding_and_full_stream_hypothesis_management_20260830/pre_reference/full_stream_q95_masks/R02ZF_SARF000293.npz,7132,3E2A2EDA3B1104A8ECD188D14C139816F2A004E27E3D23DA79DFFCFB0A9973BB
output/person_terg_r2_runtime_grounding_and_full_stream_hypothesis_management_20260830/pre_reference/full_stream_q95_masks/R02ZF_SARF000294.npz,6757,74D6E7843B58BE74035E47B6836407DA730B8040153DEF370F67C8D87B3C633A
output/person_terg_r2_runtime_grounding_and_full_stream_hypothesis_management_20260830/pre_reference/full_stream_q95_masks/R02ZF_SARF000295.npz,6903,5298DB6E587922B95D8BF3BDC65F995511FFECB12D85191DDB0D688D719E1646
output/person_terg_r2_runtime_grounding_and_full_stream_hypothesis_management_20260830/pre_reference/full_stream_q95_masks/R02ZF_SARF000296.npz,6748,440E27D25088842059E81A381CF64C60F07876AC65AF1265CA406A53F28E4443
output/person_terg_r2_runtime_grounding_and_full_stream_hypothesis_management_20260830/pre_reference/full_stream_q95_masks/R02ZF_SARF000297.npz,6775,1882B8CBCF9DFD1055308D881988F5CF05E3491C56730B973C3DE2BB0F61DC2F
output/person_terg_r2_runtime_grounding_and_full_stream_hypothesis_management_20260830/pre_reference/full_stream_q95_masks/R02ZF_SARF000298.npz,6614,F4AA5CDAF1571F1413816AA04FF8A1F1D40580FC33C66C6E5D4C0E64C39E77EA
output/person_terg_r2_runtime_grounding_and_full_stream_hypothesis_management_20260830/pre_reference/full_stream_q95_masks/R02ZF_SARF000299.npz,6808,9CB79E5733A5BF6158C39A758F74EB14620E23DCF133B13A92DCD69C45CE9E20
output/person_terg_r2_runtime_grounding_and_full_stream_hypothesis_management_20260830/pre_reference/full_stream_q95_masks/R02ZF_SARF000300.npz,6837,AD6BB0E2F03E2CAC1C25FE5E8130F6B825D6A01AC1D6E99D53AEC81A1BF49A6E
output/person_terg_r2_runtime_grounding_and_full_stream_hypothesis_management_20260830/pre_reference/full_stream_q95_masks/R02ZF_SARF000301.npz,6851,CC6257CBD585C4F29D67354F60B75A91FE9D1B872D4D16C4313842C4A461A332
output/person_terg_r2_runtime_grounding_and_full_stream_hypothesis_management_20260830/pre_reference/full_stream_q95_masks/R02ZF_SARF000302.npz,6859,CBB4CB7FC01AC92652E98C8AEC18DAD7C85780603422EF3294CEE9D6B63C0341
output/person_terg_r2_runtime_grounding_and_full_stream_hypothesis_management_20260830/pre_reference/full_stream_q95_masks/R02ZF_SARF000303.npz,6781,1E4F1444E9C44A2E0C53684F1F91B0CBF698CD654A83E0683F3C9B29BBF9CB98
output/person_terg_r2_runtime_grounding_and_full_stream_hypothesis_management_20260830/pre_reference/full_stream_q95_masks/R02ZF_SARF000304.npz,7013,074CC0178AEF41EFE55E9FF185020613728BB212FACA01A338FAB195E1A28D97
output/person_terg_r2_runtime_grounding_and_full_stream_hypothesis_management_20260830/pre_reference/full_stream_q95_masks/R02ZF_SARF000305.npz,6842,DFF74BD0F6FE76B10BA8943D8042A077CF719643529410048710A670BE43BFB9
output/person_terg_r2_runtime_grounding_and_full_stream_hypothesis_management_20260830/pre_reference/full_stream_q95_masks/R02ZF_SARF000306.npz,7165,CD6E95BD2159B57D203C81F7BD47A7A952F736897A971A5DC7019BD673D442CB
output/person_terg_r2_runtime_grounding_and_full_stream_hypothesis_management_20260830/pre_reference/full_stream_q95_masks/R02ZF_SARF000307.npz,6962,EA6A70CD269961C9E805E05A637A7B3881DF35820A316F1DACBADD1ADD010B64
output/person_terg_r2_runtime_grounding_and_full_stream_hypothesis_management_20260830/pre_reference/full_stream_q95_masks/R02ZF_SARF000308.npz,6939,D81031533374AAE0CAAE9634EA9ADFD192CCB20497F0F3FBB33C5C20766346F8
output/person_terg_r2_runtime_grounding_and_full_stream_hypothesis_management_20260830/pre_reference/full_stream_q95_masks/R02ZF_SARF000309.npz,6871,E518E0E5B0F55386E7D62E20330CA08AA616C78795BE468880E07A588742AC69
output/person_terg_r2_runtime_grounding_and_full_stream_hypothesis_management_20260830/pre_reference/full_stream_q95_masks/R02ZF_SARF000310.npz,6913,9B4DB289004ECEC52C23B244022D69B6641D96A76FB56E13770A6E955B1C2832
output/person_terg_r2_runtime_grounding_and_full_stream_hypothesis_management_20260830/pre_reference/full_stream_q95_masks/R02ZF_SARF000311.npz,6832,171326B3CFD8990653841303F5F868F864FD61334FABF9E40E440449726C3FC0
output/person_terg_r2_runtime_grounding_and_full_stream_hypothesis_management_20260830/pre_reference/full_stream_q95_masks/R02ZF_SARF000312.npz,6958,15AAB2823E8B8B6859D93C44DF6F1C4FC097ED9C5B98763F584D8F9EC0A129C4
output/person_terg_r2_runtime_grounding_and_full_stream_hypothesis_management_20260830/pre_reference/full_stream_q95_masks/R02ZF_SARF000313.npz,6867,9E1A1906BE93830125E3D7BDDDBB922F4C1CDAB6E72F7F9B56EE9D055B969DE2
output/person_terg_r2_runtime_grounding_and_full_stream_hypothesis_management_20260830/pre_reference/full_stream_q95_masks/R02ZF_SARF000314.npz,7045,FDEA871177A1CFFB7ADEDEB57E69CB9AC0BF8FC245D165EB5806E8DAF2E190CB
output/person_terg_r2_runtime_grounding_and_full_stream_hypothesis_management_20260830/pre_reference/full_stream_q95_masks/R02ZF_SARF000315.npz,6862,E471D09BA43A0DB1D7145EE8E1CF03855BE8F87C378C8091A1D9C4557AF5256C
output/person_terg_r2_runtime_grounding_and_full_stream_hypothesis_management_20260830/pre_reference/full_stream_q95_masks/R02ZF_SARF000316.npz,6811,EA424C3039598A3320D5B9B9216B0B689ED4436AFF363D60B4836A862F4DC429
output/person_terg_r2_runtime_grounding_and_full_stream_hypothesis_management_20260830/pre_reference/full_stream_q95_masks/R02ZF_SARF000317.npz,6965,EB303F0DFEE61CA13FFB08D41CC896BD8CAF600C39FC757EF63023090B045D02
output/person_terg_r2_runtime_grounding_and_full_stream_hypothesis_management_20260830/pre_reference/full_stream_q95_masks/R02ZF_SARF000318.npz,6813,6F8BABA2129F755F3FDE46741EB9F3E84BC8913ED39970FB2AE5A296E6CCEB8C
output/person_terg_r2_runtime_grounding_and_full_stream_hypothesis_management_20260830/pre_reference/full_stream_q95_masks/R02ZF_SARF000319.npz,7040,D2416A67250F06F482855C52D16FB78651FB5B34FCFE8EB647E472C9C68155C8
output/person_terg_r2_runtime_grounding_and_full_stream_hypothesis_management_20260830/pre_reference/full_stream_q95_masks/R02ZF_SARF000320.npz,6644,B1892683DDD6D2B79F329CAE94C7D72973EB159F81E34717E9110E002176CEC6
output/person_terg_r2_runtime_grounding_and_full_stream_hypothesis_management_20260830/pre_reference/full_stream_q95_masks/R02ZF_SARF000321.npz,6551,0C7E47454AC46BCE24FB30C6385668A3F9140E131C4D1DD6D324532288DA8381
output/person_terg_r2_runtime_grounding_and_full_stream_hypothesis_management_20260830/pre_reference/full_stream_q95_masks/R02ZF_SARF000322.npz,6523,7B96FE2C42F33017507B1DBFE6A87E93861AE6D5626F7B7A9778C81107BCB8CA
output/person_terg_r2_runtime_grounding_and_full_stream_hypothesis_management_20260830/pre_reference/full_stream_q95_masks/R02ZF_SARF000323.npz,6641,65336F02863A67EF95B957F29FC406D4B3365F3F502CDC3DC2843A351366774A
output/person_terg_r2_runtime_grounding_and_full_stream_hypothesis_management_20260830/pre_reference/full_stream_q95_masks/R02ZF_SARF000324.npz,6601,F5F4527B95AB3196624759049555F95C0959BBA5EBE647E4DED58B7D62B0DB48
output/person_terg_r2_runtime_grounding_and_full_stream_hypothesis_management_20260830/pre_reference/full_stream_q95_masks/R02ZF_SARF000325.npz,6744,2C416C17FE2AFC2FDD4B8E13C457878B659051744EE60D43022A486F16C6808D
output/person_terg_r2_runtime_grounding_and_full_stream_hypothesis_management_20260830/pre_reference/full_stream_q95_masks/R02ZF_SARF000326.npz,6692,80A556A1DEFB264DA0DA6EDD7DE27E0265444F3B222344B512626AB794B304F8
output/person_terg_r2_runtime_grounding_and_full_stream_hypothesis_management_20260830/pre_reference/full_stream_q95_masks/R02ZF_SARF000327.npz,6478,87ED972944E054EE1ED39C12A4C5976F21D9AB2FB2B08BDB5D0B2E926563902D
output/person_terg_r2_runtime_grounding_and_full_stream_hypothesis_management_20260830/pre_reference/full_stream_q95_masks/R02ZF_SARF000328.npz,6723,D36E8507C6A81C787FF3C912C77F777D686D99C3F11FEC1AA1F7406572AEEFE3
output/person_terg_r2_runtime_grounding_and_full_stream_hypothesis_management_20260830/pre_reference/full_stream_q95_masks/R02ZF_SARF000329.npz,6810,F2D010AF317864C06066FA0ECCC0D2661B9956E6903442D8393160AEE927B5E0
output/person_terg_r2_runtime_grounding_and_full_stream_hypothesis_management_20260830/pre_reference/full_stream_q95_masks/R02ZF_SARF000330.npz,6681,67E1F1E065186F872B5BE9941BE5C3B394278C67B295A1BFD1CC215FBD0A3331
output/person_terg_r2_runtime_grounding_and_full_stream_hypothesis_management_20260830/pre_reference/full_stream_q95_masks/R02ZF_SARF000331.npz,6885,436C413701D078D9C25BBDD81EC702BA90E8E20906307B35F7BEE7FAA30D523C
output/person_terg_r2_runtime_grounding_and_full_stream_hypothesis_management_20260830/pre_reference/full_stream_q95_masks/R02ZF_SARF000332.npz,6509,CBD42AFF5A9793143E843D86C23BF97FB85AF9E656CC1DB28AF8A34D12EEB248
output/person_terg_r2_runtime_grounding_and_full_stream_hypothesis_management_20260830/pre_reference/full_stream_q95_masks/R02ZF_SARF000333.npz,6483,CDE93E7BAC3B62ABA862486E0F042C06EE94D53B31FDB31ECD7F21043D480DF0
output/person_terg_r2_runtime_grounding_and_full_stream_hypothesis_management_20260830/pre_reference/full_stream_q95_masks/R02ZF_SARF000334.npz,6672,4E0FFD545220D39CBFEC6D83444CB6B69B17D9FBA9389BD7D9CA8329EF2ED83D
output/person_terg_r2_runtime_grounding_and_full_stream_hypothesis_management_20260830/pre_reference/full_stream_q95_masks/R02ZF_SARF000335.npz,6857,41DD887B82F4001E140CB0231231780AE527EFE55B64BCAE19630B2F5094B89C
output/person_terg_r2_runtime_grounding_and_full_stream_hypothesis_management_20260830/pre_reference/full_stream_q95_masks/R02ZF_SARF000336.npz,6579,79EB2A1E05F7274A0F4E9789692836A7141883EC07107B8B63FAE7B5CCBBD4FF
output/person_terg_r2_runtime_grounding_and_full_stream_hypothesis_management_20260830/pre_reference/full_stream_q95_masks/R02ZF_SARF000337.npz,6783,9CCD3A69EDB0BE453ABB852D86037F1B0799FDA5FFD96D8DAD66FFB0B57B62B0
output/person_terg_r2_runtime_grounding_and_full_stream_hypothesis_management_20260830/pre_reference/full_stream_q95_masks/R02ZF_SARF000338.npz,6794,185CEDFE877F1CBA66144B2F218E37CE59E545988A51B3ABDD382C618043DEE6
output/person_terg_r2_runtime_grounding_and_full_stream_hypothesis_management_20260830/pre_reference/full_stream_q95_masks/R02ZF_SARF000339.npz,6847,9487FC0ECBD7CA950DE1A456AF56A22CC722B1354712B5DEAF44F793EEC22420
output/person_terg_r2_runtime_grounding_and_full_stream_hypothesis_management_20260830/pre_reference/full_stream_q95_masks/R02ZF_SARF000340.npz,6621,E77F332B8DA5A9B039768710B0765A4F3DCF14CECA3987EF9C2A0253A7FCF199
output/person_terg_r2_runtime_grounding_and_full_stream_hypothesis_management_20260830/pre_reference/full_stream_q95_masks/R02ZF_SARF000341.npz,6678,239F591D3DB8B37B31648136C5D9DBA6EDDDDC415DA060AF20445F8B7932EA91
output/person_terg_r2_runtime_grounding_and_full_stream_hypothesis_management_20260830/pre_reference/full_stream_q95_masks/R02ZF_SARF000342.npz,6709,79838BACAD616BB8C5F629B367142CA8E9812F2896DA2AB022FDF875CE1013F8
output/person_terg_r2_runtime_grounding_and_full_stream_hypothesis_management_20260830/pre_reference/full_stream_q95_masks/R02ZF_SARF000343.npz,6732,64AA182798E0CC244D5545D05BBA1FC763619CCB59BD2F5039A34FFF0B04F9A3
output/person_terg_r2_runtime_grounding_and_full_stream_hypothesis_management_20260830/pre_reference/full_stream_q95_masks/R02ZF_SARF000344.npz,6632,D46106D7C741157B74F0EE452560C2078E8E672DC6CD08BCD2FAB6D389DBA69F
output/person_terg_r2_runtime_grounding_and_full_stream_hypothesis_management_20260830/pre_reference/full_stream_q95_masks/R02ZF_SARF000345.npz,6690,C61F75E9F46D86202E7E8754A2204E5C40F794E2848E93AEBB10C098F9789CEC
output/person_terg_r2_runtime_grounding_and_full_stream_hypothesis_management_20260830/pre_reference/full_stream_q95_masks/R02ZF_SARF000346.npz,6833,3089A851901B48042CB58CE7DA5B4A5223B9E5244CF5DBEA281FC8108D13D320
output/person_terg_r2_runtime_grounding_and_full_stream_hypothesis_management_20260830/pre_reference/full_stream_q95_masks/R02ZF_SARF000347.npz,6657,D789227A13C74081FCDA5277FFCF53EDE21EF70D24AB715265E994698E99BA0E
output/person_terg_r2_runtime_grounding_and_full_stream_hypothesis_management_20260830/pre_reference/full_stream_q95_masks/R02ZF_SARF000348.npz,6728,154DEAF1F0251D0C177BA5CD3CEFE532791149F993A1A89A5C1702CCE57AD6F2
output/person_terg_r2_runtime_grounding_and_full_stream_hypothesis_management_20260830/pre_reference/full_stream_q95_masks/R02ZF_SARF000349.npz,6818,0BEE32293457C9EF3FF461F7C349C6449D62314C5E030C776C5094326ED53B4C
output/person_terg_r2_runtime_grounding_and_full_stream_hypothesis_management_20260830/pre_reference/full_stream_q95_masks/R02ZF_SARF000350.npz,6852,DF1DB0F79081D0C2BD033362CFDB4032C76371047977D9A0CB2AFD2755C06F67
output/person_terg_r2_runtime_grounding_and_full_stream_hypothesis_management_20260830/pre_reference/full_stream_q95_masks/R02ZF_SARF000351.npz,6802,2DDCF70A436783D8D2F78A845AF4CD3966031927BC25E0F5DFC4E3BA89636747
output/person_terg_r2_runtime_grounding_and_full_stream_hypothesis_management_20260830/pre_reference/full_stream_q95_masks/R02ZF_SARF000352.npz,6865,5D947135ACDD6CA231910BE0CFF4D6613EEF1C3211A5415D6408B6CBD63F9180
output/person_terg_r2_runtime_grounding_and_full_stream_hypothesis_management_20260830/pre_reference/full_stream_q95_masks/R02ZF_SARF000353.npz,7104,6CCEFCCF05615DDA807868118C0DC3D1588C784C6AAB4A4CDB338E23D8029CFE
output/person_terg_r2_runtime_grounding_and_full_stream_hypothesis_management_20260830/pre_reference/full_stream_q95_masks/R02ZF_SARF000354.npz,6795,4406530D24686A5C83B4475755B17E0B810A003532F5C6D80E2BBEB8E6943D94
output/person_terg_r2_runtime_grounding_and_full_stream_hypothesis_management_20260830/pre_reference/full_stream_q95_masks/R02ZF_SARF000355.npz,7113,9AFC27EF491C7FE758919C8D1D1329FC371E631011FE73D6750644AEE038893A
output/person_terg_r2_runtime_grounding_and_full_stream_hypothesis_management_20260830/pre_reference/full_stream_q95_masks/R02ZF_SARF000356.npz,7011,ADF60136E9199DC68088508D1019F8B04874768AC1E1B5AC622EDA128F95ED78
output/person_terg_r2_runtime_grounding_and_full_stream_hypothesis_management_20260830/pre_reference/full_stream_q95_masks/R02ZF_SARF000357.npz,7276,84A4A754A83FFB7566DDF9A39166E037BD7900A6068C1B2EE156B488A17A3642
output/person_terg_r2_runtime_grounding_and_full_stream_hypothesis_management_20260830/pre_reference/full_stream_q95_masks/R02ZF_SARF000358.npz,6900,A78547EFB6F22AECA7BE5A6B63A317F8531C88919126DDF1B3074BDBAB0BE48E
output/person_terg_r2_runtime_grounding_and_full_stream_hypothesis_management_20260830/pre_reference/full_stream_q95_masks/R02ZF_SARF000359.npz,7133,C6A9615939DEE66E49174AF6F6841C9828C99FB4AC3AEBF5ECD7DA7C417F96D7
output/person_terg_r2_runtime_grounding_and_full_stream_hypothesis_management_20260830/pre_reference/full_stream_q95_masks/R02ZF_SARF000360.npz,6672,66FF7CF5A11C57C1CBD23666AC45B8384E5B8D5C83D6576381681CA08D9F282C
output/person_terg_r2_runtime_grounding_and_full_stream_hypothesis_management_20260830/pre_reference/full_stream_q95_masks/R02ZF_SARF000361.npz,7227,C02D949D0706B2D609692EAD4631A200CF2799CCDB1D792DE423967AD26406AD
output/person_terg_r2_runtime_grounding_and_full_stream_hypothesis_management_20260830/pre_reference/full_stream_q95_masks/R02ZF_SARF000362.npz,6869,DFD79E433258C073BA4C3D5CDE7F9D25932E18A7927C7DA1D2730C369C058C8D
output/person_terg_r2_runtime_grounding_and_full_stream_hypothesis_management_20260830/pre_reference/full_stream_q95_masks/R02ZF_SARF000363.npz,6955,691B4C4B7A6EDD75ABFF29792E737A557F2C213A5F1C6F885B8AD73801315855
output/person_terg_r2_runtime_grounding_and_full_stream_hypothesis_management_20260830/pre_reference/full_stream_q95_masks/R02ZF_SARF000364.npz,6894,5AB1C74DEC84F7A9DF9AD8865C1EB1831FE7FACF52AEC05C18262EEBE8C6A873
output/person_terg_r2_runtime_grounding_and_full_stream_hypothesis_management_20260830/pre_reference/full_stream_q95_masks/R02ZF_SARF000365.npz,7030,A09D1EBAC449A1E3D0982F0BEA058FAFD708EE85C29BFC3C543582D394147CBC
output/person_terg_r2_runtime_grounding_and_full_stream_hypothesis_management_20260830/pre_reference/full_stream_q95_masks/R02ZF_SARF000366.npz,6901,B8F009E3619D921E7D2696A9B6FAA1312629ABCCCA16F3D5265E11A56754D553
output/person_terg_r2_runtime_grounding_and_full_stream_hypothesis_management_20260830/pre_reference/full_stream_q95_masks/R02ZF_SARF000367.npz,7142,312BB146FC67368B1190FE79820F128232938CD4EED096A07E5C9D2FD39E7C55
output/person_terg_r2_runtime_grounding_and_full_stream_hypothesis_management_20260830/pre_reference/full_stream_q95_masks/R02ZF_SARF000368.npz,7119,DDE5DAE855153D03953C7F3678B18F2591548CFE8927420C932C7ECA96BC7BFF
output/person_terg_r2_runtime_grounding_and_full_stream_hypothesis_management_20260830/pre_reference/full_stream_q95_masks/R02ZF_SARF000369.npz,7259,489951AA962532964CBD595FE67AA20B7AFC59E79133767DE60F6A4861EEB0C0
output/person_terg_r2_runtime_grounding_and_full_stream_hypothesis_management_20260830/pre_reference/full_stream_q95_masks/R02ZF_SARF000370.npz,6937,32C591EA9C2B83F66075BC1A270EAF3B968EC83E444A635929B582F131A0E1D0
output/person_terg_r2_runtime_grounding_and_full_stream_hypothesis_management_20260830/pre_reference/full_stream_q95_masks/R02ZF_SARF000371.npz,7051,89FD39DB7EECC2F9E17F64A0C753EACEB524FB89B4678693FBD82E4E9EB2F814
output/person_terg_r2_runtime_grounding_and_full_stream_hypothesis_management_20260830/pre_reference/full_stream_q95_masks/R02ZF_SARF000372.npz,6773,09903B6DFAE636549313C8D97E55626DFBB13438A1CF074513CF31BA8610816B
output/person_terg_r2_runtime_grounding_and_full_stream_hypothesis_management_20260830/pre_reference/full_stream_q95_masks/R02ZF_SARF000373.npz,7134,A02FA45483EF800519BA58B7EF8DDC4A05A599CAEA2A7C05B031D74D866417F4
output/person_terg_r2_runtime_grounding_and_full_stream_hypothesis_management_20260830/pre_reference/full_stream_q95_masks/R02ZF_SARF000374.npz,7013,885F59638328ED323B8D8787CA805442194E0B4BCAAC31AF985E455150427AA8
output/person_terg_r2_runtime_grounding_and_full_stream_hypothesis_management_20260830/pre_reference/full_stream_q95_masks/R02ZF_SARF000375.npz,6924,2365895E03F88AB8E6EF060DF72F7293707E77E8F6659E8086A142C54479474B
output/person_terg_r2_runtime_grounding_and_full_stream_hypothesis_management_20260830/pre_reference/full_stream_q95_masks/R02ZF_SARF000376.npz,6788,51766921455F69ED165E9A9518C73D345A9A653F753D5692C1277B77850CC964
output/person_terg_r2_runtime_grounding_and_full_stream_hypothesis_management_20260830/pre_reference/full_stream_q95_masks/R02ZF_SARF000377.npz,7076,9AA1E45D75F2BF540D80EE900EF455A454467E39CCA7F1D8EA309261EBA48091
output/person_terg_r2_runtime_grounding_and_full_stream_hypothesis_management_20260830/pre_reference/full_stream_q95_masks/R02ZF_SARF000378.npz,6646,528B27CFD003AB4D19389AC50FAF3236D07BFC7F2161AEC74926BA5E08F1B893
output/person_terg_r2_runtime_grounding_and_full_stream_hypothesis_management_20260830/pre_reference/full_stream_q95_masks/R02ZF_SARF000379.npz,6765,BF62EB5672838F6CF941017494589B2A2ABE9D39AD89D799317C0AFDF739CA37
output/person_terg_r2_runtime_grounding_and_full_stream_hypothesis_management_20260830/pre_reference/full_stream_q95_masks/R02ZF_SARF000380.npz,6448,DAE4C92F9A51E72D9FB8ABB1A98417EF172FDD08C96F853936184555B08B9AF0
output/person_terg_r2_runtime_grounding_and_full_stream_hypothesis_management_20260830/pre_reference/full_stream_q95_masks/R02ZF_SARF000381.npz,6529,6C10DDBD8453E5267D2732F4362F9C09B56EA33AE9080091B3544CE8777E7196
output/person_terg_r2_runtime_grounding_and_full_stream_hypothesis_management_20260830/pre_reference/full_stream_q95_masks/R02ZF_SARF000382.npz,6487,E18A98F4CEF3D8CABFC333EBC147814F4F6D2F88EE9825AC768B5B202D822078
output/person_terg_r2_runtime_grounding_and_full_stream_hypothesis_management_20260830/pre_reference/full_stream_q95_masks/R02ZF_SARF000383.npz,6586,1274AAEB53E9441041BF5083708262FAB8F4F2381B4DECB2A2F43A991062868A
output/person_terg_r2_runtime_grounding_and_full_stream_hypothesis_management_20260830/pre_reference/full_stream_q95_masks/R02ZF_SARF000384.npz,6436,0BEDFCFC10E25F1FC6DBFCC0A22EEAC90D391FB0F4DBCCB71AF2C6F6E211F6E6
output/person_terg_r2_runtime_grounding_and_full_stream_hypothesis_management_20260830/pre_reference/full_stream_q95_masks/R02ZF_SARF000385.npz,7114,C844276298CC8305A85F765FA1D355BAE7DC106CE79D4D8707666E6563664CB2
output/person_terg_r2_runtime_grounding_and_full_stream_hypothesis_management_20260830/pre_reference/full_stream_q95_masks/R02ZF_SARF000386.npz,6806,4AF09E66C4A4B5B16BFD5FB98B503B80EE0DA2FB1CA8D379C3B34699692A1D30
output/person_terg_r2_runtime_grounding_and_full_stream_hypothesis_management_20260830/pre_reference/full_stream_q95_masks/R02ZF_SARF000387.npz,6704,0E8D3D84C04ABB18856702F86CD8AD76FE78A7988CC51FC8AB8DC2DE9DA45EEA
output/person_terg_r2_runtime_grounding_and_full_stream_hypothesis_management_20260830/pre_reference/full_stream_q95_masks/R02ZF_SARF000388.npz,6666,893CE1DE87D7A44983FD3EDB13F34493F04ECB796E917C9D6A8A6BBAA2D6A80E
output/person_terg_r2_runtime_grounding_and_full_stream_hypothesis_management_20260830/pre_reference/full_stream_q95_masks/R02ZF_SARF000389.npz,6732,4E2D99840551F52783850755314EC8F6423EAA22B9193535C55AE37824401C50
output/person_terg_r2_runtime_grounding_and_full_stream_hypothesis_management_20260830/pre_reference/full_stream_q95_masks/R02ZF_SARF000390.npz,6899,CAC8A8C73E3E3BF87992B89CDB589E4921EFF1216E6E84AF47AD11CAD9ACBDE6
output/person_terg_r2_runtime_grounding_and_full_stream_hypothesis_management_20260830/pre_reference/full_stream_q95_masks/R02ZF_SARF000391.npz,7169,BE84BAB2A715D8C5DB7043A0BCA7648AAF51E85073518FFCA5365D4001EA0D03
output/person_terg_r2_runtime_grounding_and_full_stream_hypothesis_management_20260830/pre_reference/full_stream_q95_masks/R02ZF_SARF000392.npz,6971,AB5D24D2D3F4D7879DEB24D123786DD55B4CDEAB7DC57CC72E55285A45DB9AC7
output/person_terg_r2_runtime_grounding_and_full_stream_hypothesis_management_20260830/pre_reference/full_stream_q95_masks/R02ZF_SARF000393.npz,6728,109296DB251A6E67F37777CEA6434CC9C9A2E7DE48324F47F52A79703824A910
output/person_terg_r2_runtime_grounding_and_full_stream_hypothesis_management_20260830/pre_reference/full_stream_q95_masks/R02ZF_SARF000394.npz,6729,1E4A748FFED693A9639F6BAACECE559F3F17D174664192EB6E3AC04089CDA45A
output/person_terg_r2_runtime_grounding_and_full_stream_hypothesis_management_20260830/pre_reference/full_stream_q95_masks/R02ZF_SARF000395.npz,6712,7C91DB00FE79DD5A17F7FA30A485A970B1F34C1AD2982B97D84F575B937C9F34
output/person_terg_r2_runtime_grounding_and_full_stream_hypothesis_management_20260830/pre_reference/full_stream_q95_masks/R02ZF_SARF000396.npz,6813,F49966623EC8870C35F128750DDB2E37A2F3A8110BEE2904F4D0CECB855962A6
output/person_terg_r2_runtime_grounding_and_full_stream_hypothesis_management_20260830/pre_reference/full_stream_q95_masks/R02ZF_SARF000397.npz,6944,F6960CE9DE23C2A0D93294A4A38B253E88684093E746B98603052CA8FB96E8DF
output/person_terg_r2_runtime_grounding_and_full_stream_hypothesis_management_20260830/pre_reference/full_stream_q95_masks/R02ZF_SARF000398.npz,6928,1C1F2EAE7FE1C9386318123ED7409E8673533968B19D7AE6BCAAB59A9A0E7F5B
output/person_terg_r2_runtime_grounding_and_full_stream_hypothesis_management_20260830/pre_reference/full_stream_q95_masks/R02ZF_SARF000399.npz,6983,A8CFFCFA215880807EB6B9E4B2B2CCCD351C24895535C54F812C60353F03C9F9
output/person_terg_r2_runtime_grounding_and_full_stream_hypothesis_management_20260830/pre_reference/full_stream_q95_masks/R02ZF_SARF000400.npz,7015,F5AD37B2B8A56D4E05ECB60296CAB18C58EE8C7F53A401589C5B1187D39DB81E
output/person_terg_r2_runtime_grounding_and_full_stream_hypothesis_management_20260830/pre_reference/full_stream_q95_masks/R02ZF_SARF000401.npz,6677,8ED366F1AC805520F50ECB2C7C2215F998E6E6A2ECE47DE648B3E8CC14FEB686
output/person_terg_r2_runtime_grounding_and_full_stream_hypothesis_management_20260830/pre_reference/full_stream_q95_masks/R02ZF_SARF000402.npz,7187,9EC8ED84D0CAEA2A85253CCEF319B48833858584F07472C482B347F0E32FFB47
output/person_terg_r2_runtime_grounding_and_full_stream_hypothesis_management_20260830/pre_reference/full_stream_q95_masks/R02ZF_SARF000403.npz,6881,39FBA5E86B9BD8C8A097ACEE407709F3286AA08187A71210BE5D833D42F3F77C
output/person_terg_r2_runtime_grounding_and_full_stream_hypothesis_management_20260830/pre_reference/full_stream_q95_masks/R02ZF_SARF000404.npz,6774,A2610EE6CCFA9172A30286A44BE562D56F356FA7A5A47D6E300C32653EE09428
output/person_terg_r2_runtime_grounding_and_full_stream_hypothesis_management_20260830/pre_reference/full_stream_q95_masks/R02ZF_SARF000405.npz,6794,1C4E64934653E82BA1F88ED9C43ACDEAD80D267F7B95C626DFD3A068018A994E
output/person_terg_r2_runtime_grounding_and_full_stream_hypothesis_management_20260830/pre_reference/full_stream_q95_masks/R02ZF_SARF000406.npz,6654,BD0BAF12DBE03BFFB4367C6FE7207867B1F5F9DB0C909BD3C4A91ED4A13CEE91
output/person_terg_r2_runtime_grounding_and_full_stream_hypothesis_management_20260830/pre_reference/full_stream_q95_masks/R02ZF_SARF000407.npz,6967,566A537292B6C726E6F3670737934AAAC4F3889A9539544862636EBDCB38FE9B
output/person_terg_r2_runtime_grounding_and_full_stream_hypothesis_management_20260830/pre_reference/full_stream_q95_masks/R02ZF_SARF000408.npz,7211,19936ECEB97C83AF6FE4CED79D57EFE684205C90178C828CD96BAFFA06487C51
output/person_terg_r2_runtime_grounding_and_full_stream_hypothesis_management_20260830/pre_reference/full_stream_q95_masks/R02ZF_SARF000409.npz,7378,313AABB9AE89D9B5B100D9E18F5E33CD8560D4EC76D128FE2DDEE8E3A1DFBEA7
output/person_terg_r2_runtime_grounding_and_full_stream_hypothesis_management_20260830/pre_reference/full_stream_q95_masks/R02ZF_SARF000410.npz,7165,4100BDB4B2605E8A49111FD7670280D59DCCAB005D6D3A5B0F0EDF35582EB910
output/person_terg_r2_runtime_grounding_and_full_stream_hypothesis_management_20260830/pre_reference/full_stream_q95_masks/R02ZF_SARF000411.npz,7222,230E3F978D89ED9EBC15C6443F9E039C8147B5095DBE3DA7F983049475AE98DB
output/person_terg_r2_runtime_grounding_and_full_stream_hypothesis_management_20260830/pre_reference/full_stream_q95_masks/R02ZF_SARF000412.npz,6999,0020CE7A05F18069A55DCB110B9663F989D07656961450D94F57B980822C02CF
output/person_terg_r2_runtime_grounding_and_full_stream_hypothesis_management_20260830/pre_reference/full_stream_q95_masks/R02ZF_SARF000413.npz,7185,3D8AFCEDD2ABD0A39B5BB4609679571BA1CA5BD648A72B6918512816615C021C
output/person_terg_r2_runtime_grounding_and_full_stream_hypothesis_management_20260830/pre_reference/full_stream_q95_masks/R02ZF_SARF000414.npz,7019,81D2E7E8A71CBD29501438C0BAF566BFB0D5ACC5AC99EDD735925C8517F39F15
output/person_terg_r2_runtime_grounding_and_full_stream_hypothesis_management_20260830/pre_reference/full_stream_q95_masks/R02ZF_SARF000415.npz,6997,0E784FF4D2090D3752A82A91DD7089DC7F46285872713D92F87DD047C072434C
output/person_terg_r2_runtime_grounding_and_full_stream_hypothesis_management_20260830/pre_reference/full_stream_q95_masks/R02ZF_SARF000416.npz,7038,4F6D8C4997DAC0E9A6BF56DF71DDA9611618D0663B56C4E04BC7C3F696000D05
output/person_terg_r2_runtime_grounding_and_full_stream_hypothesis_management_20260830/pre_reference/full_stream_q95_masks/R02ZF_SARF000417.npz,7131,0B4732F9856368E192C94ACD4D834BC68A78ACD4961028902B0F5D29ABC02B03
output/person_terg_r2_runtime_grounding_and_full_stream_hypothesis_management_20260830/pre_reference/full_stream_q95_masks/R02ZF_SARF000418.npz,7021,5C1C61E249E5DA764F5FA20BC2F8E88529DE4D15B399121302EB23A81ED293CA
output/person_terg_r2_runtime_grounding_and_full_stream_hypothesis_management_20260830/pre_reference/full_stream_q95_masks/R02ZF_SARF000419.npz,7082,0D6197113B513ECEE8A0A95345A86ED29F6DE8BC035532563D3117228A057780
output/person_terg_r2_runtime_grounding_and_full_stream_hypothesis_management_20260830/pre_reference/full_stream_q95_masks/R02ZF_SARF000420.npz,7019,91ED1512FA7E0D713EA01E6DEF96044A7C36B1DFB4DA0656432FE8AF10A87A9B
output/person_terg_r2_runtime_grounding_and_full_stream_hypothesis_management_20260830/pre_reference/full_stream_q95_masks/R02ZF_SARF000421.npz,7139,8799033D852F682A313325FF7FA0CB02569C4C65CC6CB4E0D820EB380C48581D
output/person_terg_r2_runtime_grounding_and_full_stream_hypothesis_management_20260830/pre_reference/full_stream_q95_masks/R02ZF_SARF000422.npz,7272,98600E4573AA30BBE5B941AD1E3907B9E96D183DF8E27BE9FAD8872105346AA9
output/person_terg_r2_runtime_grounding_and_full_stream_hypothesis_management_20260830/pre_reference/full_stream_q95_masks/R02ZF_SARF000423.npz,7022,2BC6D05B0F483573F1D68C470A17FF9134E70C1FD147F22F42B10E59C6BFDB07
output/person_terg_r2_runtime_grounding_and_full_stream_hypothesis_management_20260830/pre_reference/full_stream_q95_masks/R02ZF_SARF000424.npz,6864,40874627168D9466038C5E81EBF9BEC8AA80F78587B9366FC7C29E554CC905C9
output/person_terg_r2_runtime_grounding_and_full_stream_hypothesis_management_20260830/pre_reference/full_stream_q95_masks/R02ZF_SARF000425.npz,7181,1EA5A7F475060C29DFCB0DF6764C003C8431E1CAB9CD8E23DFC7462A9AB9E99E
output/person_terg_r2_runtime_grounding_and_full_stream_hypothesis_management_20260830/pre_reference/full_stream_q95_masks/R02ZF_SARF000426.npz,6894,6EAE9E0A7FCDC93639B23DE4412A67559B5772254663BA536AAC5DC41B1641AF
output/person_terg_r2_runtime_grounding_and_full_stream_hypothesis_management_20260830/pre_reference/full_stream_q95_masks/R02ZF_SARF000427.npz,7197,1916D3B16AACC6EC43C0A381D23337FE88F81F8D2C3315A9B6369F48802E5806
output/person_terg_r2_runtime_grounding_and_full_stream_hypothesis_management_20260830/pre_reference/full_stream_q95_masks/R02ZF_SARF000428.npz,6848,4F88C21486D648133E0D9E0AC9CC3D5D765976824FC9FC8A08922F11ACC5C90D
output/person_terg_r2_runtime_grounding_and_full_stream_hypothesis_management_20260830/pre_reference/full_stream_q95_masks/R02ZF_SARF000429.npz,6983,9938A9204C68B9D74E411BBA4FA75F6C71D3291E6D89B66FD2FAC9EFD7DEE8F1
output/person_terg_r2_runtime_grounding_and_full_stream_hypothesis_management_20260830/pre_reference/full_stream_q95_masks/R02ZF_SARF000430.npz,6821,DE84448A7B3DEEDE0F37A257E6DC984EB80EDCB2C6FE13D116F12B733C34FB6F
output/person_terg_r2_runtime_grounding_and_full_stream_hypothesis_management_20260830/pre_reference/full_stream_q95_masks/R02ZF_SARF000431.npz,7115,D707A0BD10C66DB32E2D852BC01E2A40FD4E19B5613F4D93A825D0E5BAC67425
output/person_terg_r2_runtime_grounding_and_full_stream_hypothesis_management_20260830/pre_reference/full_stream_q95_masks/R02ZF_SARF000432.npz,6886,96A7AD8871BCEE181B9EDBB80333D6990F37D617278B21AB1E64BFD16D3B2E70
output/person_terg_r2_runtime_grounding_and_full_stream_hypothesis_management_20260830/pre_reference/full_stream_q95_masks/R02ZF_SARF000433.npz,7127,77630F223A403B2B929A1C223B85383CDB99FF0B54D22301C1213B5DBD28905B
output/person_terg_r2_runtime_grounding_and_full_stream_hypothesis_management_20260830/pre_reference/full_stream_q95_masks/R02ZF_SARF000434.npz,6965,FE2D9E6E0EFA15E8841CF1D8347422159C9C81B5A03D9D3E7D78AB57CBB831B2
output/person_terg_r2_runtime_grounding_and_full_stream_hypothesis_management_20260830/pre_reference/full_stream_q95_masks/R02ZF_SARF000435.npz,7182,EE2AC65EA49A008DC3B1F7BBB95DFAE69C26C9E7191D539B4E791AE29C93CFAB
output/person_terg_r2_runtime_grounding_and_full_stream_hypothesis_management_20260830/pre_reference/full_stream_q95_masks/R02ZF_SARF000436.npz,7049,1187A073F293C7CE3AA1FEBEC5C4C916CC6B95AE8781BB4F8C1A62B24043912D
output/person_terg_r2_runtime_grounding_and_full_stream_hypothesis_management_20260830/pre_reference/full_stream_q95_masks/R02ZF_SARF000437.npz,6782,3CDA8785C552DB079E966EA3848848461FAC88E9631D25585E2F543D6270091F
output/person_terg_r2_runtime_grounding_and_full_stream_hypothesis_management_20260830/pre_reference/full_stream_q95_masks/R02ZF_SARF000438.npz,6952,F11BC7D64A155062FD35A7C52EF403FBC3BFD4BF506F0EC1A80D4F83880B1762
output/person_terg_r2_runtime_grounding_and_full_stream_hypothesis_management_20260830/pre_reference/full_stream_q95_masks/R02ZF_SARF000439.npz,7225,F215908913348F87A6217C625FDA91D43060665356164FB3E8AD902906CC6332
output/person_terg_r2_runtime_grounding_and_full_stream_hypothesis_management_20260830/pre_reference/full_stream_q95_masks/R02ZF_SARF000440.npz,6641,7F39A967153B74A0821A545FAF31B913CA113EEB018C613BCA5C6F9B7977149E
output/person_terg_r2_runtime_grounding_and_full_stream_hypothesis_management_20260830/pre_reference/full_stream_q95_masks/R02ZF_SARF000441.npz,6775,5FAA50358A6094C596E4857A15FAF6F734ACE11702582520FA2BD13A817CEA74
output/person_terg_r2_runtime_grounding_and_full_stream_hypothesis_management_20260830/pre_reference/full_stream_q95_masks/R02ZF_SARF000442.npz,6847,92E172E9D99AC6135355D78720BDC811AE76D2671078C16BF409367D7ADFE531
output/person_terg_r2_runtime_grounding_and_full_stream_hypothesis_management_20260830/pre_reference/full_stream_q95_masks/R02ZF_SARF000443.npz,6678,4EC1CBE4C2381D6DF1D758FDA766E6F546D40B05F66DC7153D83BD1E7389D1BD
output/person_terg_r2_runtime_grounding_and_full_stream_hypothesis_management_20260830/pre_reference/full_stream_q95_masks/R02ZF_SARF000444.npz,6627,311A45AE80B914380F6B5456273DE6F7891B35ED83ECD6FF99E43C3518B16FD4
output/person_terg_r2_runtime_grounding_and_full_stream_hypothesis_management_20260830/pre_reference/full_stream_q95_masks/R02ZF_SARF000445.npz,6804,89D90EFA8E8EA0A8975C9A427C702629B56CC99CC4514149B6FAAA8D2F290ABC
output/person_terg_r2_runtime_grounding_and_full_stream_hypothesis_management_20260830/pre_reference/full_stream_q95_masks/R02ZF_SARF000446.npz,6553,534DBDFA22390575820FB71C728E3485628AC441C7228CAA2192B073BDD73925
output/person_terg_r2_runtime_grounding_and_full_stream_hypothesis_management_20260830/pre_reference/full_stream_q95_masks/R02ZF_SARF000447.npz,6827,E20595864ED36F19FC8E252F32D172A885BB2E5DE347388539893805428196F4
output/person_terg_r2_runtime_grounding_and_full_stream_hypothesis_management_20260830/pre_reference/full_stream_q95_masks/R02ZF_SARF000448.npz,6860,DBC0B318A90CB5E372B56057D4174DC9319B1CABF0C6A91D53914F670001C532
output/person_terg_r2_runtime_grounding_and_full_stream_hypothesis_management_20260830/pre_reference/full_stream_q95_masks/R02ZF_SARF000449.npz,7033,20443DC9431C5599A212B1B26A806287FD308555406085371FBBA91EF0C059B2
output/person_terg_r2_runtime_grounding_and_full_stream_hypothesis_management_20260830/pre_reference/full_stream_q95_masks/R02ZF_SARF000450.npz,6784,5C8FF9099D01925971A4DBFAF4DE9D756D245663E8C4274E6D18A934E403668E
output/person_terg_r2_runtime_grounding_and_full_stream_hypothesis_management_20260830/pre_reference/full_stream_q95_masks/R02ZF_SARF000451.npz,7453,D889D56F8B7A96843229E0A75416AFA3E1FF02A3DB5954F40697E2AE9FA1AC56
output/person_terg_r2_runtime_grounding_and_full_stream_hypothesis_management_20260830/pre_reference/full_stream_q95_masks/R02ZF_SARF000452.npz,6776,BB9A87CA727E60F47925F93CEE9DA857587966BED184BB0D1CC1AD9ED8337786
output/person_terg_r2_runtime_grounding_and_full_stream_hypothesis_management_20260830/pre_reference/full_stream_q95_masks/R02ZF_SARF000453.npz,7208,80878E581E0D124E9AF116279DB14A2B55B9633D8BD34B725B1244AD090AA0DD
output/person_terg_r2_runtime_grounding_and_full_stream_hypothesis_management_20260830/pre_reference/full_stream_q95_masks/R02ZF_SARF000454.npz,6692,B9251D1A47F8FBCA2BAC351475CE84170D2334DE576DD8DCF1142756210AAFFC
output/person_terg_r2_runtime_grounding_and_full_stream_hypothesis_management_20260830/pre_reference/full_stream_q95_masks/R02ZF_SARF000455.npz,6808,2AC095C6B2FBA8267EB8EBC12CCA17A0D59DC6169628D70708D4041CFCB82B3E
output/person_terg_r2_runtime_grounding_and_full_stream_hypothesis_management_20260830/pre_reference/full_stream_q95_masks/R02ZF_SARF000456.npz,6771,1418F84570B46A7913450C68C351E40B55EFE1E14675F4587D85BE52F66942F8
output/person_terg_r2_runtime_grounding_and_full_stream_hypothesis_management_20260830/pre_reference/full_stream_q95_masks/R02ZF_SARF000457.npz,6791,4EC6A91B536FEBB7E5C3EAE2E0A2F5E3990DB7989925CB53F9AA2CFCB3DA09B7
output/person_terg_r2_runtime_grounding_and_full_stream_hypothesis_management_20260830/pre_reference/full_stream_q95_masks/R02ZF_SARF000458.npz,6726,40E8B6CCC086B4B8548D640E01D7BAF9C7C9152B0A3F6A4A13246387E9C33D89
output/person_terg_r2_runtime_grounding_and_full_stream_hypothesis_management_20260830/pre_reference/full_stream_q95_masks/R02ZF_SARF000459.npz,6836,C145041448CB5BAAAFA91B369879BE8C80C1AA8C950011A7DCF0B056FF798789
output/person_terg_r2_runtime_grounding_and_full_stream_hypothesis_management_20260830/pre_reference/full_stream_q95_masks/R02ZF_SARF000460.npz,6690,DE48488B8B70E56E6AA15F615CFD2974EA05D31E46FB010E8E15EEF06C43D5CA
output/person_terg_r2_runtime_grounding_and_full_stream_hypothesis_management_20260830/pre_reference/full_stream_q95_masks/R02ZF_SARF000461.npz,6667,B706DD7C13797681B9F59B40B9E600B2DA7DC6502A0EA83206AFE96837D026BF
output/person_terg_r2_runtime_grounding_and_full_stream_hypothesis_management_20260830/pre_reference/full_stream_q95_masks/R02ZF_SARF000462.npz,6701,DCD4161F4ED50D10D389A9DD268A72FCE06C75ECEEF0854D45CDA0ECB6D8A79C
output/person_terg_r2_runtime_grounding_and_full_stream_hypothesis_management_20260830/pre_reference/full_stream_q95_masks/R02ZF_SARF000463.npz,6799,4D20C55942AF032A05AEE176C91EC03E2C1F2498FC78DD1B6E02C7E5AFD0B1C0
output/person_terg_r2_runtime_grounding_and_full_stream_hypothesis_management_20260830/pre_reference/full_stream_q95_masks/R02ZF_SARF000464.npz,6574,8D3C81726977FF2E3C5FA80B3234BA8091149C06B02DC857AFE44EAD07CD848C
output/person_terg_r2_runtime_grounding_and_full_stream_hypothesis_management_20260830/pre_reference/full_stream_q95_masks/R02ZF_SARF000465.npz,7236,559B8D1D8BF8E0C7D96A2C0BF795B4A7C60A87254BFB3EE08B2F8B1DC8DFAB47
output/person_terg_r2_runtime_grounding_and_full_stream_hypothesis_management_20260830/pre_reference/full_stream_q95_masks/R02ZF_SARF000466.npz,6771,9C40FE1912EF3A15147C5684BCB924D8FB98FC5654EAF03CC4F4F1DEF98E6C5B
output/person_terg_r2_runtime_grounding_and_full_stream_hypothesis_management_20260830/pre_reference/full_stream_q95_masks/R02ZF_SARF000467.npz,6949,CC9609D424C82D2D1C6B3FE1D0DFD19C844C77208FBE2E34DE1EBA668F75D8F6
output/person_terg_r2_runtime_grounding_and_full_stream_hypothesis_management_20260830/pre_reference/full_stream_q95_masks/R02ZF_SARF000468.npz,6917,0873C02360195FEA2BC9809A5071250C73BF5C14C85109309906BC26D2AA43B1
output/person_terg_r2_runtime_grounding_and_full_stream_hypothesis_management_20260830/pre_reference/full_stream_q95_masks/R02ZF_SARF000469.npz,6758,B0CB8FBC18B92090A3287B91A4E44FDDEDE5930969DD7C32807F270F5C294DDC
output/person_terg_r2_runtime_grounding_and_full_stream_hypothesis_management_20260830/pre_reference/full_stream_q95_masks/R02ZF_SARF000470.npz,6815,53215BA2CFA93DA0215688F22B69D339A05FF9A0329EEBAEE61255C0CFE2BD30
output/person_terg_r2_runtime_grounding_and_full_stream_hypothesis_management_20260830/pre_reference/full_stream_q95_masks/R02ZF_SARF000471.npz,6717,F10D904C007C3C6F66C594B7EF2C457045947DF61781024DCF95A09F7F2B106A
output/person_terg_r2_runtime_grounding_and_full_stream_hypothesis_management_20260830/pre_reference/full_stream_q95_masks/R02ZF_SARF000472.npz,6963,88B03BCE48511FC7D14B5F19B1370EA58C3AEBFE24C0282C3AC6D9E6D4121242
output/person_terg_r2_runtime_grounding_and_full_stream_hypothesis_management_20260830/pre_reference/full_stream_q95_masks/R02ZF_SARF000473.npz,6830,0485C0130E8D4CE3C7EB702F3AA88D382FE495E4883A49F4526FF6AD74981740
output/person_terg_r2_runtime_grounding_and_full_stream_hypothesis_management_20260830/pre_reference/full_stream_q95_masks/R02ZF_SARF000474.npz,6422,7BCEB9EE30B32ADD9CB2F66F955C34A9F34BDE5DD1B82DCA830B3FCD935C56CB
output/person_terg_r2_runtime_grounding_and_full_stream_hypothesis_management_20260830/pre_reference/full_stream_q95_masks/R02ZF_SARF000475.npz,6490,0F0E37EA0F4010D18C6C515B5A2E24F3BB6808670A8CFFB37A2456F6DE28EA4E
output/person_terg_r2_runtime_grounding_and_full_stream_hypothesis_management_20260830/pre_reference/full_stream_q95_masks/R02ZF_SARF000476.npz,6528,F8B061D5C9342D8C98F4DED271DF8CF327BA13BF251A8E190413A30CB4EE8EBA
output/person_terg_r2_runtime_grounding_and_full_stream_hypothesis_management_20260830/pre_reference/full_stream_q95_masks/R02ZF_SARF000477.npz,6460,76C8E6BAEA785B1668CF48FB396516FE6FC7A2B37CAD342DC2EF83781F3B17EC
output/person_terg_r2_runtime_grounding_and_full_stream_hypothesis_management_20260830/pre_reference/full_stream_q95_masks/R02ZF_SARF000478.npz,6912,E3F5881148798A79D6986DD3A4246FA13327670151C53EB194EA9EC8A71BD302
output/person_terg_r2_runtime_grounding_and_full_stream_hypothesis_management_20260830/pre_reference/full_stream_q95_masks/R02ZF_SARF000479.npz,6826,F686C69A87C443078E99C0419B2DCDEEBA696D5E0617CE091C64C605F930546C
output/person_terg_r2_runtime_grounding_and_full_stream_hypothesis_management_20260830/pre_reference/full_stream_q95_masks/R02ZF_SARF000480.npz,6525,F43D55066DB6133429D35DF203F33A0ACA77CEC35C375C603DF38127115A7A4E
output/person_terg_r2_runtime_grounding_and_full_stream_hypothesis_management_20260830/pre_reference/full_stream_q95_masks/R02ZF_SARF000481.npz,6373,D6963EBF424287E72F5D3149589008BEBDE6E1EDB46ABFA64E2C4ACE3C1236E0
output/person_terg_r2_runtime_grounding_and_full_stream_hypothesis_management_20260830/pre_reference/full_stream_q95_masks/R02ZF_SARF000482.npz,6497,9DC8A166C2DBAA912B862FC3C91D2CC7A617AA617D136907F782F767E2F0DDF3
output/person_terg_r2_runtime_grounding_and_full_stream_hypothesis_management_20260830/pre_reference/full_stream_q95_masks/R02ZF_SARF000483.npz,6574,517BCD778B4B3D3A8C3660E068164ECAB24F740D4CE63B4F0F7DA4550B7A55C4
output/person_terg_r2_runtime_grounding_and_full_stream_hypothesis_management_20260830/pre_reference/full_stream_q95_masks/R02ZF_SARF000484.npz,6598,91BA3076E61C8A19E86AA68E0AE3F0C2413CFBECD637420061325E5F6E3EB4E6
output/person_terg_r2_runtime_grounding_and_full_stream_hypothesis_management_20260830/pre_reference/full_stream_q95_masks/R02ZF_SARF000485.npz,6651,8AC8F128B4C0A89CEEBAC27CB8C8FD9197658B32A4C58887510B50A1093F01FE
output/person_terg_r2_runtime_grounding_and_full_stream_hypothesis_management_20260830/pre_reference/full_stream_q95_masks/R02ZF_SARF000486.npz,6751,D576EFBBD44D772840D7793FDD72BA28E9B2B66EC3F79A02DA04FF7852A15B2B
output/person_terg_r2_runtime_grounding_and_full_stream_hypothesis_management_20260830/pre_reference/full_stream_q95_masks/R02ZF_SARF000487.npz,6998,D1D44B03CE0614E8E6022734B48998B9104209394275E752403CEE93F7B3A401
output/person_terg_r2_runtime_grounding_and_full_stream_hypothesis_management_20260830/pre_reference/full_stream_q95_masks/R02ZF_SARF000488.npz,6426,399BA495E9999FA1BC1EED9F071E3A48BF057A8BBE969CBB5A58D85BBA1A118A
output/person_terg_r2_runtime_grounding_and_full_stream_hypothesis_management_20260830/pre_reference/full_stream_q95_masks/R02ZF_SARF000489.npz,6510,3FDB65134D3C8E266D7556E8DCEC041F0982F6124BDAB2E6416B17B5C0BA0AD3
output/person_terg_r2_runtime_grounding_and_full_stream_hypothesis_management_20260830/pre_reference/full_stream_q95_masks/R02ZF_SARF000490.npz,6656,924F99A77D6404CB43AB677C97EB366F6624922A6E585D27AC0C0962A3B6A122
output/person_terg_r2_runtime_grounding_and_full_stream_hypothesis_management_20260830/pre_reference/full_stream_q95_masks/R02ZF_SARF000491.npz,6743,220B917FD70A9B5A7688A4EFCB2D2B52837E2EA58FF789073E311B8127B86730
output/person_terg_r2_runtime_grounding_and_full_stream_hypothesis_management_20260830/pre_reference/full_stream_q95_masks/R02ZF_SARF000492.npz,6741,372D4980E9CA9206BE780D0EC8041EBC6C417D1997AB45226833E0B28BE53B56
output/person_terg_r2_runtime_grounding_and_full_stream_hypothesis_management_20260830/pre_reference/full_stream_q95_masks/R02ZF_SARF000493.npz,6705,E6D1E446475C3C8D7AEF566A0E37B26D062229BFD28C00A433567176ECCCFAFF
output/person_terg_r2_runtime_grounding_and_full_stream_hypothesis_management_20260830/pre_reference/full_stream_q95_masks/R02ZF_SARF000494.npz,6680,73C159A036696D1E9DA08A1F135326297C1F6C01CCD0902772865905DEEFB08F
output/person_terg_r2_runtime_grounding_and_full_stream_hypothesis_management_20260830/pre_reference/full_stream_q95_masks/R03ZF_SARF000000.npz,7186,1CB78E80B96E169C1814C3D2B749142DB3D58D5AAD0F08F25A55E5EFB68620F9
output/person_terg_r2_runtime_grounding_and_full_stream_hypothesis_management_20260830/pre_reference/full_stream_q95_masks/R03ZF_SARF000001.npz,7183,E17A2AB5E9B6B8D44C7B0A81A4CFD58762359D4C3C8C2F85D1FFBBBA4715C8F4
output/person_terg_r2_runtime_grounding_and_full_stream_hypothesis_management_20260830/pre_reference/full_stream_q95_masks/R03ZF_SARF000002.npz,6942,9A13B7E8AE9B22FCBE438F9BAF4606F25221A4B94CEAFFD455D43E96D68ADFF7
output/person_terg_r2_runtime_grounding_and_full_stream_hypothesis_management_20260830/pre_reference/full_stream_q95_masks/R03ZF_SARF000003.npz,7083,9B5FEBE13538F48C7871937FA261038B4A67BCB216242396402AB517AA8AF2ED
output/person_terg_r2_runtime_grounding_and_full_stream_hypothesis_management_20260830/pre_reference/full_stream_q95_masks/R03ZF_SARF000004.npz,6984,CDB442AB127F759D8275589C312151D89535A15B0BAC36E6C32C63B0F1B4082E
output/person_terg_r2_runtime_grounding_and_full_stream_hypothesis_management_20260830/pre_reference/full_stream_q95_masks/R03ZF_SARF000005.npz,7085,AE4FC1C01D3753FCF473DA7BD51BB5502C95DDCA2DE03E539E356BFD242253D8
output/person_terg_r2_runtime_grounding_and_full_stream_hypothesis_management_20260830/pre_reference/full_stream_q95_masks/R03ZF_SARF000006.npz,6833,1802207E11381EAAFADA2E59F391C27BFED9ADF47D1168EA11F1672A8EDD02DA
output/person_terg_r2_runtime_grounding_and_full_stream_hypothesis_management_20260830/pre_reference/full_stream_q95_masks/R03ZF_SARF000007.npz,6769,B380FDB3AFD0DE694AE610F9DE3DB288610C2665F74D9EA824FDBAC49E840451
output/person_terg_r2_runtime_grounding_and_full_stream_hypothesis_management_20260830/pre_reference/full_stream_q95_masks/R03ZF_SARF000008.npz,6611,BEEC092C15640D8FFD5DEC4B57A0FBF0608B5B73F5EB9E088F8F581792DBF571
output/person_terg_r2_runtime_grounding_and_full_stream_hypothesis_management_20260830/pre_reference/full_stream_q95_masks/R03ZF_SARF000009.npz,6908,66418F6273DBFE481E56AD63E02E2483490F7C2BE2E5478321364558F67F2E87
output/person_terg_r2_runtime_grounding_and_full_stream_hypothesis_management_20260830/pre_reference/full_stream_q95_masks/R03ZF_SARF000010.npz,6906,AE41BDC11C9C6A66B89A99060F1940D735CBDE0C035B6AEF4B1147F1625B113A
output/person_terg_r2_runtime_grounding_and_full_stream_hypothesis_management_20260830/pre_reference/full_stream_q95_masks/R03ZF_SARF000011.npz,6949,D0440417D3EA25D2D764B8D957F4B5077F8D48643EDDA0D67A48C61A8EF19906
output/person_terg_r2_runtime_grounding_and_full_stream_hypothesis_management_20260830/pre_reference/full_stream_q95_masks/R03ZF_SARF000012.npz,6859,74E6343B84CD62239BEDECA500E4942356615817536E26B247E71F7908E4706B
output/person_terg_r2_runtime_grounding_and_full_stream_hypothesis_management_20260830/pre_reference/full_stream_q95_masks/R03ZF_SARF000013.npz,6735,DE5C7BB9E45C9619261B9EA75955702CD3C57329A462819EA38E2A528B5B1CFD
output/person_terg_r2_runtime_grounding_and_full_stream_hypothesis_management_20260830/pre_reference/full_stream_q95_masks/R03ZF_SARF000014.npz,6761,BF8BE299C9A5DB15E1C073C2FD6DB760024E69E658F82F74023DCB0670484F9B
output/person_terg_r2_runtime_grounding_and_full_stream_hypothesis_management_20260830/pre_reference/full_stream_q95_masks/R03ZF_SARF000015.npz,6448,6135CBCF63613433312F8767C472F0CEE4D7893D642AB11785ADFE18AA4ADFB0
output/person_terg_r2_runtime_grounding_and_full_stream_hypothesis_management_20260830/pre_reference/full_stream_q95_masks/R03ZF_SARF000016.npz,6802,9D61EDE030E32AED6DD272F60615678B2F67688FDF4E66AC67DBC57EB10FAFBC
output/person_terg_r2_runtime_grounding_and_full_stream_hypothesis_management_20260830/pre_reference/full_stream_q95_masks/R03ZF_SARF000017.npz,6417,033C8C0021A91C27226031F266801877FEB37D90190AE07682723685892D88C8
output/person_terg_r2_runtime_grounding_and_full_stream_hypothesis_management_20260830/pre_reference/full_stream_q95_masks/R03ZF_SARF000018.npz,6575,DB62E1A3B4430F2FBE08BAC97A5BACF67994262413F091883796E408CD002FC8
output/person_terg_r2_runtime_grounding_and_full_stream_hypothesis_management_20260830/pre_reference/full_stream_q95_masks/R03ZF_SARF000019.npz,6771,3C8DED94CB4E49CB35DCF4B4BC6AB380EFFC547D3B3A32958598DF28003AA1F0
output/person_terg_r2_runtime_grounding_and_full_stream_hypothesis_management_20260830/pre_reference/full_stream_q95_masks/R03ZF_SARF000020.npz,6709,9476308C8D6145E58848ED21B61498A256478B0E51AE89ACE39078D3C6E0A7F8
output/person_terg_r2_runtime_grounding_and_full_stream_hypothesis_management_20260830/pre_reference/full_stream_q95_masks/R03ZF_SARF000021.npz,6743,230A2D0764CDADA6EEE5483D09855A3E95CB1F8A8CECA83A7283EA8ED649F3CE
output/person_terg_r2_runtime_grounding_and_full_stream_hypothesis_management_20260830/pre_reference/full_stream_q95_masks/R03ZF_SARF000022.npz,6439,A6748029463593123D525F24331F57CDC400AB1A11F37DEDBC1640735C759EB1
output/person_terg_r2_runtime_grounding_and_full_stream_hypothesis_management_20260830/pre_reference/full_stream_q95_masks/R03ZF_SARF000023.npz,6727,F1188171753F509A194988D1182CCAD26794C39D330DB73D1B57523D94D428EE
output/person_terg_r2_runtime_grounding_and_full_stream_hypothesis_management_20260830/pre_reference/full_stream_q95_masks/R03ZF_SARF000024.npz,6684,4293DE74BF5ECF56D42128FB1FD3F128AE0711AB17D96CCEB0804C11F23F898C
output/person_terg_r2_runtime_grounding_and_full_stream_hypothesis_management_20260830/pre_reference/full_stream_q95_masks/R03ZF_SARF000025.npz,6570,D7B4902C6A7686E8672934363B409C7E545330CA2640237BED5B50784DDB82AA
output/person_terg_r2_runtime_grounding_and_full_stream_hypothesis_management_20260830/pre_reference/full_stream_q95_masks/R03ZF_SARF000026.npz,6640,E0213764A07B98C4E2885CEA212B59D787BDAB91ADC57135C76AB17429482731
output/person_terg_r2_runtime_grounding_and_full_stream_hypothesis_management_20260830/pre_reference/full_stream_q95_masks/R03ZF_SARF000027.npz,6565,FF44F0E420501E909E5A944D059F20AB71D1AA61ED5A9631B9DFA7E251851EF9
output/person_terg_r2_runtime_grounding_and_full_stream_hypothesis_management_20260830/pre_reference/full_stream_q95_masks/R03ZF_SARF000028.npz,6573,3A479DACCFD6C2E71883AA5CA707CEA62E02B3A0DE91D3E8487B509093E891FC
output/person_terg_r2_runtime_grounding_and_full_stream_hypothesis_management_20260830/pre_reference/full_stream_q95_masks/R03ZF_SARF000029.npz,6512,8E7C2ED8AFED778AEAB6A2C90480ACE9AC4C5F25545AD1CC3F144CD2D964DFFE
output/person_terg_r2_runtime_grounding_and_full_stream_hypothesis_management_20260830/pre_reference/full_stream_q95_masks/R03ZF_SARF000030.npz,6638,7E96AB6C8456DB9F738B6C0D4872700FF29F07AFD43D4736364F2E73B306477D
output/person_terg_r2_runtime_grounding_and_full_stream_hypothesis_management_20260830/pre_reference/full_stream_q95_masks/R03ZF_SARF000031.npz,6642,3880C5013B76BB9FDEEBA307A9C370C0C2B75BDAE70BEA79F0DDE26AA355BD3A
output/person_terg_r2_runtime_grounding_and_full_stream_hypothesis_management_20260830/pre_reference/full_stream_q95_masks/R03ZF_SARF000032.npz,6556,F9670E519ADDD79CC70C04CDBCD0E082B5798FF2D11DDCC2D0CD01D912B30F93
output/person_terg_r2_runtime_grounding_and_full_stream_hypothesis_management_20260830/pre_reference/full_stream_q95_masks/R03ZF_SARF000033.npz,6611,B584D2A23365ABB40E8648F783932BB0BE943874F6C262B5E5147B1F39AD44C9
output/person_terg_r2_runtime_grounding_and_full_stream_hypothesis_management_20260830/pre_reference/full_stream_q95_masks/R03ZF_SARF000034.npz,6559,0635CE2208FF88AD956718FAA50F9D6657DCC6E4F03F4D768A75772C6EAE26EC
output/person_terg_r2_runtime_grounding_and_full_stream_hypothesis_management_20260830/pre_reference/full_stream_q95_masks/R03ZF_SARF000035.npz,6778,A1AE457B33009ECA28FD7DFE50FC3B3E69C3353980C4796022D0F46098DD85CA
output/person_terg_r2_runtime_grounding_and_full_stream_hypothesis_management_20260830/pre_reference/full_stream_q95_masks/R03ZF_SARF000036.npz,6465,053F5F70B4442EFC7945B6226C5D400DC8550FE3544C91AB8EA8F797B7EA1FA1
output/person_terg_r2_runtime_grounding_and_full_stream_hypothesis_management_20260830/pre_reference/full_stream_q95_masks/R03ZF_SARF000037.npz,6492,CC811BEB126664038E1AAE10BD367E273DCAFA13426A6A226B0C292E8F05A739
output/person_terg_r2_runtime_grounding_and_full_stream_hypothesis_management_20260830/pre_reference/full_stream_q95_masks/R03ZF_SARF000038.npz,6566,C06CAB93514E56022ED92AC80F1536CAE1B147CFA4D390AD3C89CC5EA072B302
output/person_terg_r2_runtime_grounding_and_full_stream_hypothesis_management_20260830/pre_reference/full_stream_q95_masks/R03ZF_SARF000039.npz,6629,A9E1A991727BF237999FAFE2384DE0A7A4A0237E24EB9652163FD7500580340B
output/person_terg_r2_runtime_grounding_and_full_stream_hypothesis_management_20260830/pre_reference/full_stream_q95_masks/R03ZF_SARF000040.npz,6735,AF83C575DFC542F9AE6A3AA0FF25605AA948805EB80CD20AD71909CC2EDC4A04
output/person_terg_r2_runtime_grounding_and_full_stream_hypothesis_management_20260830/pre_reference/full_stream_q95_masks/R03ZF_SARF000041.npz,6573,061379C795DC98B20DAF8B3B236514CA61E15420B7BE83CF7A722D00246BFE1C
output/person_terg_r2_runtime_grounding_and_full_stream_hypothesis_management_20260830/pre_reference/full_stream_q95_masks/R03ZF_SARF000042.npz,6473,C4C518D0017B15A7FA5D468804F956AD75402F89CBF3E21BE82907BA9CAD3D81
output/person_terg_r2_runtime_grounding_and_full_stream_hypothesis_management_20260830/pre_reference/full_stream_q95_masks/R03ZF_SARF000043.npz,6594,FF151F72B31425161C0698279B2A5FDD7DA00F0B96D0EAB973704241B4894327
output/person_terg_r2_runtime_grounding_and_full_stream_hypothesis_management_20260830/pre_reference/full_stream_q95_masks/R03ZF_SARF000044.npz,6533,619FFDECCB5E358A529D47A577E92679CAAA7F32ADA000F8E6E67884DACAA191
output/person_terg_r2_runtime_grounding_and_full_stream_hypothesis_management_20260830/pre_reference/full_stream_q95_masks/R03ZF_SARF000045.npz,6470,400D9F4B14B1E5D8AFD536C48FE3C811760038DFE4B44434F41FDFB949F59230
output/person_terg_r2_runtime_grounding_and_full_stream_hypothesis_management_20260830/pre_reference/full_stream_q95_masks/R03ZF_SARF000046.npz,6403,06D47A49CF34A32801A79B8C641D669779E62271297735B59763AD87CB48295C
output/person_terg_r2_runtime_grounding_and_full_stream_hypothesis_management_20260830/pre_reference/full_stream_q95_masks/R03ZF_SARF000047.npz,6744,B071BEBF714FA0D2A5D6656E33E17A7D60A328B9C46A80A1620C14C56A25AABB
output/person_terg_r2_runtime_grounding_and_full_stream_hypothesis_management_20260830/pre_reference/full_stream_q95_masks/R03ZF_SARF000048.npz,6614,5651858E726B117B1ED1F8298B543327B2FD44020DC557F21BBBFD0DE2E33483
output/person_terg_r2_runtime_grounding_and_full_stream_hypothesis_management_20260830/pre_reference/full_stream_q95_masks/R03ZF_SARF000049.npz,6937,5AE0EEFC8ACBDB769EA57DB90E72ABD7F1E510BCCE3A14B379734BEE2A04530C
output/person_terg_r2_runtime_grounding_and_full_stream_hypothesis_management_20260830/pre_reference/full_stream_q95_masks/R03ZF_SARF000050.npz,6872,F568662127166FA76E19A3778FB43C71FEBD0F213D42E2D3D064FC5DB6236C0F
output/person_terg_r2_runtime_grounding_and_full_stream_hypothesis_management_20260830/pre_reference/full_stream_q95_masks/R03ZF_SARF000051.npz,6622,7B33EB4859F464C34B9AA56D681F5647868C0C070CA419BB56F4530578A0C394
output/person_terg_r2_runtime_grounding_and_full_stream_hypothesis_management_20260830/pre_reference/full_stream_q95_masks/R03ZF_SARF000052.npz,6783,204560FDC9F8CC497562EBB79A41663FE3DAB1569AA547E6BBC7C1036FAE8180
output/person_terg_r2_runtime_grounding_and_full_stream_hypothesis_management_20260830/pre_reference/full_stream_q95_masks/R03ZF_SARF000053.npz,6349,212CCE93160584834212E1C72A4D77BAE53D39ADC2E642B18D0130040068AA28
output/person_terg_r2_runtime_grounding_and_full_stream_hypothesis_management_20260830/pre_reference/full_stream_q95_masks/R03ZF_SARF000054.npz,6440,9AFB97A42C08700E97D8F8E489196C000ACCA4592ADF9B52144F14F60D938B75
output/person_terg_r2_runtime_grounding_and_full_stream_hypothesis_management_20260830/pre_reference/full_stream_q95_masks/R03ZF_SARF000055.npz,6670,2DB108036F1AD08F3FF965E8AF7FF200B34A5A1A8CBE3656C72AD31FC5024A42
output/person_terg_r2_runtime_grounding_and_full_stream_hypothesis_management_20260830/pre_reference/full_stream_q95_masks/R03ZF_SARF000056.npz,6678,98683D4E2932F27A68DC4706396FEA11A0559C40198C841F8F28937BF1A42992
output/person_terg_r2_runtime_grounding_and_full_stream_hypothesis_management_20260830/pre_reference/full_stream_q95_masks/R03ZF_SARF000057.npz,6823,D7860F685F9C460B2CEB7893E6E9D2F67EAC63152C1F436A720AFF41068C26B7
output/person_terg_r2_runtime_grounding_and_full_stream_hypothesis_management_20260830/pre_reference/full_stream_q95_masks/R03ZF_SARF000058.npz,6687,64B8D8D977F38CFFF19D1AB0C002A189F6086B5411F2DD63F1AFAD005E7B7D70
output/person_terg_r2_runtime_grounding_and_full_stream_hypothesis_management_20260830/pre_reference/full_stream_q95_masks/R03ZF_SARF000059.npz,6721,5586049E22C8341907226F9E6CD9320A50B48B1C535EE98E8BDDA0827F0B7251
output/person_terg_r2_runtime_grounding_and_full_stream_hypothesis_management_20260830/pre_reference/full_stream_q95_masks/R03ZF_SARF000060.npz,6465,B93F8C4D36CAF694C408483E9DA5D17F097D25C31FE3DB9CC94F62B94E57B438
output/person_terg_r2_runtime_grounding_and_full_stream_hypothesis_management_20260830/pre_reference/full_stream_q95_masks/R03ZF_SARF000061.npz,6661,470F089001A9E6DFB0D9B2E30E6DCF782ED3F54ABD34CEF51F78B57CDE69EC18
output/person_terg_r2_runtime_grounding_and_full_stream_hypothesis_management_20260830/pre_reference/full_stream_q95_masks/R03ZF_SARF000062.npz,6540,5FB20FDB43C214F82F8A53B31F19B2A65C3F80E923015967305569CDB8C57E03
output/person_terg_r2_runtime_grounding_and_full_stream_hypothesis_management_20260830/pre_reference/full_stream_q95_masks/R03ZF_SARF000063.npz,6865,432BF7AF5F810BCD979F1955410718A8DF2F66FBCCD4B376A481AB4F18BE91F7
output/person_terg_r2_runtime_grounding_and_full_stream_hypothesis_management_20260830/pre_reference/full_stream_q95_masks/R03ZF_SARF000064.npz,6752,B5FB76164ADCFE2E0ED5321F8E1A481F932D75F4784E630ACBB70BE5D59AB221
output/person_terg_r2_runtime_grounding_and_full_stream_hypothesis_management_20260830/pre_reference/full_stream_q95_masks/R03ZF_SARF000065.npz,6573,A293CD7F35EF754CB03FD8272BA2F5F3B734226451AAD9ABF6A6DC93FEB58049
output/person_terg_r2_runtime_grounding_and_full_stream_hypothesis_management_20260830/pre_reference/full_stream_q95_masks/R03ZF_SARF000066.npz,6438,407851D4C54E7FD91BCFE3AA2874E1487B359A9525F10BF25D8D29F1FAC54C46
output/person_terg_r2_runtime_grounding_and_full_stream_hypothesis_management_20260830/pre_reference/full_stream_q95_masks/R03ZF_SARF000067.npz,6332,F648946D808B6152BF8BEF353AF1416AC73A50D5941FD42582DD4C8BB54388EE
output/person_terg_r2_runtime_grounding_and_full_stream_hypothesis_management_20260830/pre_reference/full_stream_q95_masks/R03ZF_SARF000068.npz,6485,9375B0FF03F13A63A345AED9E72E4EC4725DF3E66039B55A0E174CE62BD87D45
output/person_terg_r2_runtime_grounding_and_full_stream_hypothesis_management_20260830/pre_reference/full_stream_q95_masks/R03ZF_SARF000069.npz,6591,A6BA1E472C05401101A1FEB04D680B3ED9012BD643B9D3DDDE2A325513B53502
output/person_terg_r2_runtime_grounding_and_full_stream_hypothesis_management_20260830/pre_reference/full_stream_q95_masks/R03ZF_SARF000070.npz,6450,CDEBC825D52DF4CA7E465BD6235CED0EE522316548C5A545A710C67527847182
output/person_terg_r2_runtime_grounding_and_full_stream_hypothesis_management_20260830/pre_reference/full_stream_q95_masks/R03ZF_SARF000071.npz,6481,C657FD0601365A71BBE99B2D503887F47D7F5C1E7BE02A11F419EE3273B59BBC
output/person_terg_r2_runtime_grounding_and_full_stream_hypothesis_management_20260830/pre_reference/full_stream_q95_masks/R03ZF_SARF000072.npz,6304,0B443E558C3828D6E00EFB8A83CECCDF7B9CDF2EB1385DD156959CE50E5B4399
output/person_terg_r2_runtime_grounding_and_full_stream_hypothesis_management_20260830/pre_reference/full_stream_q95_masks/R03ZF_SARF000073.npz,6368,975CD0D6D3D487BCDD40B76802F3FF95D5AAC6303C5AECC6CF3F1F2B58705D83
output/person_terg_r2_runtime_grounding_and_full_stream_hypothesis_management_20260830/pre_reference/full_stream_q95_masks/R03ZF_SARF000074.npz,6362,F11FFC8F1E0A4C35362077E902E4FCCF514F7AACB3815F622C02C9F05A8F9D77
output/person_terg_r2_runtime_grounding_and_full_stream_hypothesis_management_20260830/pre_reference/full_stream_q95_masks/R03ZF_SARF000075.npz,6574,585DFFFB6B720EA32B53978C7E76F88BF7FB25A058249B1710C002788D0BC283
output/person_terg_r2_runtime_grounding_and_full_stream_hypothesis_management_20260830/pre_reference/full_stream_q95_masks/R03ZF_SARF000076.npz,6519,F6D68CC016FB07E59EF764F5F1E19F75EBE65A7042C76C9EF280D862EF6063CD
output/person_terg_r2_runtime_grounding_and_full_stream_hypothesis_management_20260830/pre_reference/full_stream_q95_masks/R03ZF_SARF000077.npz,6665,A0B33644D20F90AACB8B2B9105D170105416F018CA881379DBD2307ADBEA2BB8
output/person_terg_r2_runtime_grounding_and_full_stream_hypothesis_management_20260830/pre_reference/full_stream_q95_masks/R03ZF_SARF000078.npz,6577,823E7572E74EFEE89EA46461E54750834B46D5D12FB2D4B3A43F2A709709EBC6
output/person_terg_r2_runtime_grounding_and_full_stream_hypothesis_management_20260830/pre_reference/full_stream_q95_masks/R03ZF_SARF000079.npz,6680,979124FC12D280ADA423250973A302E4952E166252B370C7F1F08E1CB48F109D
output/person_terg_r2_runtime_grounding_and_full_stream_hypothesis_management_20260830/pre_reference/full_stream_q95_masks/R03ZF_SARF000080.npz,6557,0F1C18A0469A356C58D4AB6DBAB8E9F3528EDEC694BB936AB55684137F67D5F1
output/person_terg_r2_runtime_grounding_and_full_stream_hypothesis_management_20260830/pre_reference/full_stream_q95_masks/R03ZF_SARF000081.npz,6652,6F9CCE6ECA2CB6C058C4516149E1D5CB10255976421719A27DF3614E21D20800
output/person_terg_r2_runtime_grounding_and_full_stream_hypothesis_management_20260830/pre_reference/full_stream_q95_masks/R03ZF_SARF000082.npz,6423,5C5FDEEE8D869B71457B47CF889A0825780A589C37F5ACA9FEA01A4ABD09375B
output/person_terg_r2_runtime_grounding_and_full_stream_hypothesis_management_20260830/pre_reference/full_stream_q95_masks/R03ZF_SARF000083.npz,6565,125631098C9305720F31DB33CE231DADF0330ECC4C4A8AB94B8C93332303FD2F
output/person_terg_r2_runtime_grounding_and_full_stream_hypothesis_management_20260830/pre_reference/full_stream_q95_masks/R03ZF_SARF000084.npz,6569,AEC403058264B38D421EDDC353388DC9C6015A49CA0279CF50F0FF59AD993C65
output/person_terg_r2_runtime_grounding_and_full_stream_hypothesis_management_20260830/pre_reference/full_stream_q95_masks/R03ZF_SARF000085.npz,6563,B3E84A8539E4A1A71D0E1F2EB7A23A635CE3CF2243BEB89580AD5975D33F2199
output/person_terg_r2_runtime_grounding_and_full_stream_hypothesis_management_20260830/pre_reference/full_stream_q95_masks/R03ZF_SARF000086.npz,6321,7058CDC68EF0A5077BBB3BF219F05289184DE663FE808E095157891FC6026F99
output/person_terg_r2_runtime_grounding_and_full_stream_hypothesis_management_20260830/pre_reference/full_stream_q95_masks/R03ZF_SARF000087.npz,6569,25A49862E55CF5F1073876E0DE5A09E2C9B5B8B3D2591F77644EF66470B1B13E
output/person_terg_r2_runtime_grounding_and_full_stream_hypothesis_management_20260830/pre_reference/full_stream_q95_masks/R03ZF_SARF000088.npz,6544,CC5A26411089F692F30A99F492BDC315BCB2DBFA620272E6B03629757A1812E1
output/person_terg_r2_runtime_grounding_and_full_stream_hypothesis_management_20260830/pre_reference/full_stream_q95_masks/R03ZF_SARF000089.npz,6713,EBE15E71D474E17DD6D28D59DD634AFE4DC0AEE96F0357C24E2AEB68E279F3A8
output/person_terg_r2_runtime_grounding_and_full_stream_hypothesis_management_20260830/pre_reference/full_stream_q95_masks/R03ZF_SARF000090.npz,6541,84EFF6E8C592387054CBB453E17BE72DB9CBFC3B5B852F4DEEF922C85635AFE3
output/person_terg_r2_runtime_grounding_and_full_stream_hypothesis_management_20260830/pre_reference/full_stream_q95_masks/R03ZF_SARF000091.npz,6493,E5060DD84AEB5598CFB8892DBA480BC993A28F417A2CF0E9D185D28F26D61A9A
output/person_terg_r2_runtime_grounding_and_full_stream_hypothesis_management_20260830/pre_reference/full_stream_q95_masks/R03ZF_SARF000092.npz,6588,C47F9B6E08DE1638DB9336D111FE58D9260BC8D7DA1120A4917A8B6DC6149B8A
output/person_terg_r2_runtime_grounding_and_full_stream_hypothesis_management_20260830/pre_reference/full_stream_q95_masks/R03ZF_SARF000093.npz,6379,D4470E8035ED35BB7D806548895DEF047AEC32F08300045DFC7A5466B580209D
output/person_terg_r2_runtime_grounding_and_full_stream_hypothesis_management_20260830/pre_reference/full_stream_q95_masks/R03ZF_SARF000094.npz,6569,D6BF34A13281DCD94B9719D380A41A8CBCB4B419C1DC7A15594F42FB15BD4ECC
output/person_terg_r2_runtime_grounding_and_full_stream_hypothesis_management_20260830/pre_reference/full_stream_q95_masks/R03ZF_SARF000095.npz,6504,71C407F966F2EA81FCB76C35409D2D623297A9B5F36D71B04FA2A77E94D73AEF
output/person_terg_r2_runtime_grounding_and_full_stream_hypothesis_management_20260830/pre_reference/full_stream_q95_masks/R03ZF_SARF000096.npz,6489,3EBE1777011668F42D47023B004F7C667CBC008D42D4D9F0089BEE9D64F8D8B1
output/person_terg_r2_runtime_grounding_and_full_stream_hypothesis_management_20260830/pre_reference/full_stream_q95_masks/R03ZF_SARF000097.npz,6604,2BCE60EF9B339EA9965FB7B28D375ED1C14143479D0ABFAB9C1D4DE8187B9BB7
output/person_terg_r2_runtime_grounding_and_full_stream_hypothesis_management_20260830/pre_reference/full_stream_q95_masks/R03ZF_SARF000098.npz,6495,028EB1768E2596C5BA881A286DE35667ECD1AEC0A0C495498910FBFF4835D783
output/person_terg_r2_runtime_grounding_and_full_stream_hypothesis_management_20260830/pre_reference/full_stream_q95_masks/R03ZF_SARF000099.npz,6572,C45A803DC48C4309EDBBC25BF4C010BC1F42A0002E7E847206AB99FA4699F32B
output/person_terg_r2_runtime_grounding_and_full_stream_hypothesis_management_20260830/pre_reference/full_stream_q95_masks/R03ZF_SARF000100.npz,6359,5AA03CACA1793A3CCECE588CC8345CA56925A90178C4E7C58912A0C48236ABF2
output/person_terg_r2_runtime_grounding_and_full_stream_hypothesis_management_20260830/pre_reference/full_stream_q95_masks/R03ZF_SARF000101.npz,6136,3C4C836203F481AE7ADC192E32846922226DB6994DD8D1A0BC1D7D708A10C0A1
output/person_terg_r2_runtime_grounding_and_full_stream_hypothesis_management_20260830/pre_reference/full_stream_q95_masks/R03ZF_SARF000102.npz,6299,509CCCF0B8CC59136F13C6BD4D1BA74E59159043CB3882B5A0BCA4C279ADECE5
output/person_terg_r2_runtime_grounding_and_full_stream_hypothesis_management_20260830/pre_reference/full_stream_q95_masks/R03ZF_SARF000103.npz,6450,002F31BDF406F0FD3EA2B8DEEE119647C898566C13E4A3605F57AE9322433206
output/person_terg_r2_runtime_grounding_and_full_stream_hypothesis_management_20260830/pre_reference/full_stream_q95_masks/R03ZF_SARF000104.npz,6390,74D876FA6CF64BF83179BA94FE72181F1A47B3D91145181FC84F12A6251EFF8E
output/person_terg_r2_runtime_grounding_and_full_stream_hypothesis_management_20260830/pre_reference/full_stream_q95_masks/R03ZF_SARF000105.npz,6524,FE94A9963BFA12D5C50060E0A94D035189CB875E133241D40FFEEF1EDBCD9F29
output/person_terg_r2_runtime_grounding_and_full_stream_hypothesis_management_20260830/pre_reference/full_stream_q95_masks/R03ZF_SARF000106.npz,6604,271E4F034C95A4659C6090EFC703F26F5BDE011917DBB229832F6E2845151F5D
output/person_terg_r2_runtime_grounding_and_full_stream_hypothesis_management_20260830/pre_reference/full_stream_q95_masks/R03ZF_SARF000107.npz,6501,4140CF617BB3515E30AFB406995835413322B814250B612B11C67836F8502D5B
output/person_terg_r2_runtime_grounding_and_full_stream_hypothesis_management_20260830/pre_reference/full_stream_q95_masks/R03ZF_SARF000108.npz,6559,C69596DB6EBBF2F5DBB732EBA7C6DE36588A3377985129C7545D6A3E2CF97774
output/person_terg_r2_runtime_grounding_and_full_stream_hypothesis_management_20260830/pre_reference/full_stream_q95_masks/R03ZF_SARF000109.npz,6585,A821DFEAA7E3244A6C9CFBE22E91DF68916E34DB88EAC8F4248C9D31C53B8E4A
output/person_terg_r2_runtime_grounding_and_full_stream_hypothesis_management_20260830/pre_reference/full_stream_q95_masks/R03ZF_SARF000110.npz,6496,8CB99F55A58CEB19E5455445C7AD901C1867C4EAC2DDA2D0545D9617F891A33D
output/person_terg_r2_runtime_grounding_and_full_stream_hypothesis_management_20260830/pre_reference/full_stream_q95_masks/R03ZF_SARF000111.npz,6742,9A48CB0FC597A64C91E5A9B72E11461E95EACEC48C38D54AA0F345C2D54D1ADB
output/person_terg_r2_runtime_grounding_and_full_stream_hypothesis_management_20260830/pre_reference/full_stream_q95_masks/R03ZF_SARF000112.npz,6746,8A2FDA615BA37DFCAF770F3619E237B8C2A4A150B2C377B56A5F94E6B1028EF3
output/person_terg_r2_runtime_grounding_and_full_stream_hypothesis_management_20260830/pre_reference/full_stream_q95_masks/R03ZF_SARF000113.npz,6930,5028326A5EA24A6A2378E20D321627D708E0F7F16E348F7721C3C313A88DD674
output/person_terg_r2_runtime_grounding_and_full_stream_hypothesis_management_20260830/pre_reference/full_stream_q95_masks/R03ZF_SARF000114.npz,6600,18BB2021C7B02A185C4F1170821F1005A3DEADD3E98E78C9BD841C2A4032205B
output/person_terg_r2_runtime_grounding_and_full_stream_hypothesis_management_20260830/pre_reference/full_stream_q95_masks/R03ZF_SARF000115.npz,6616,F78461F31833789587CADF02EB976A9E5FFB71A12088B34CD4962CFF5CA6477C
output/person_terg_r2_runtime_grounding_and_full_stream_hypothesis_management_20260830/pre_reference/full_stream_q95_masks/R03ZF_SARF000116.npz,6946,1F9A9854F61D3C0D8D2A9B3891C010D56DE8B31AC5C3D192F055EF28362919FC
output/person_terg_r2_runtime_grounding_and_full_stream_hypothesis_management_20260830/pre_reference/full_stream_q95_masks/R03ZF_SARF000117.npz,6423,9A98059890AC326BE519139B66EB973CD6DEC3A58EC2FD4BD729C69D30D4420B
output/person_terg_r2_runtime_grounding_and_full_stream_hypothesis_management_20260830/pre_reference/full_stream_q95_masks/R03ZF_SARF000118.npz,6940,6AFE51838C38FDC657DC6437F296CBFDBDBC22779A2A32732A159DEE2C0BC6F9
output/person_terg_r2_runtime_grounding_and_full_stream_hypothesis_management_20260830/pre_reference/full_stream_q95_masks/R03ZF_SARF000119.npz,6750,61FBF3194A4273AEE7F21A2A6664ACFD426190E14EBE93443BC95E49E207668E
output/person_terg_r2_runtime_grounding_and_full_stream_hypothesis_management_20260830/pre_reference/full_stream_q95_masks/R03ZF_SARF000120.npz,6724,7C791BA6D509712CE799792BB07FEC0D5293646A808C8B2CC7183DFA4E6B850A
output/person_terg_r2_runtime_grounding_and_full_stream_hypothesis_management_20260830/pre_reference/full_stream_q95_masks/R03ZF_SARF000121.npz,6563,93115ACB5AE801170927A06FFBAA8DAB61649053DB684D80A4E84BBC116575DB
output/person_terg_r2_runtime_grounding_and_full_stream_hypothesis_management_20260830/pre_reference/full_stream_q95_masks/R03ZF_SARF000122.npz,6630,16D3706221B100DB50D375B414D350EFF5963A58ADAF16D30DD7D1CCF23905C3
output/person_terg_r2_runtime_grounding_and_full_stream_hypothesis_management_20260830/pre_reference/full_stream_q95_masks/R03ZF_SARF000123.npz,6782,845C1B21428DA3699755AE95A478143B8C810292118957976DEE44ACDB6AF2DF
output/person_terg_r2_runtime_grounding_and_full_stream_hypothesis_management_20260830/pre_reference/full_stream_q95_masks/R03ZF_SARF000124.npz,6526,AAB63EDDA3F64EB01B3A4EB2983D65895E82F62BB0ADE3E08AF264F69B7EF697
output/person_terg_r2_runtime_grounding_and_full_stream_hypothesis_management_20260830/pre_reference/full_stream_q95_masks/R03ZF_SARF000125.npz,6548,00723BE9CB65D355D5FB4886716620EA3FFB56E86196AF09624FE864E5230FBD
output/person_terg_r2_runtime_grounding_and_full_stream_hypothesis_management_20260830/pre_reference/full_stream_q95_masks/R03ZF_SARF000126.npz,6797,E6710DA4FBFD3B254A47B56E80F8E50EBFAB7A8BD6634B0FCEC5AFFB97B25859
output/person_terg_r2_runtime_grounding_and_full_stream_hypothesis_management_20260830/pre_reference/full_stream_q95_masks/R03ZF_SARF000127.npz,6764,6F81532C37DB7891FEA07E1FE9D2FE70394DBD1DE7F2EA777FE945609F26588E
output/person_terg_r2_runtime_grounding_and_full_stream_hypothesis_management_20260830/pre_reference/full_stream_q95_masks/R03ZF_SARF000128.npz,6914,46C8749D1748BC30844AFB3D57CBC08AC3B68FE97A384FB4ED3EFADD0BF01710
output/person_terg_r2_runtime_grounding_and_full_stream_hypothesis_management_20260830/pre_reference/full_stream_q95_masks/R03ZF_SARF000129.npz,6808,B77A7646FC3073032AB44DA8C19FACF3F5320861DF574043B3CDE2FDEDA2D07B
output/person_terg_r2_runtime_grounding_and_full_stream_hypothesis_management_20260830/pre_reference/full_stream_q95_masks/R03ZF_SARF000130.npz,6909,75244AFD1548DFCBA4964C8951949E0678E70631D987E42C2B7F3D9B9E226963
output/person_terg_r2_runtime_grounding_and_full_stream_hypothesis_management_20260830/pre_reference/full_stream_q95_masks/R03ZF_SARF000131.npz,6857,E7946E4A678B47DE7A4966DEF4903933C33152F1DEFAFF81B1B76DACE4A16D73
output/person_terg_r2_runtime_grounding_and_full_stream_hypothesis_management_20260830/pre_reference/full_stream_q95_masks/R03ZF_SARF000132.npz,6589,AF8307440A0233D9952E5184FBB6863BA7F737323B69D7F2EFB006ACFE1B0BBD
output/person_terg_r2_runtime_grounding_and_full_stream_hypothesis_management_20260830/pre_reference/full_stream_q95_masks/R03ZF_SARF000133.npz,6711,B8C3816FB4B6C4B044173298CCF55573A35C1D4896409CC72EDF924680781B39
output/person_terg_r2_runtime_grounding_and_full_stream_hypothesis_management_20260830/pre_reference/full_stream_q95_masks/R03ZF_SARF000134.npz,7069,E376E4207A8F69A946A47F3CF0236784AB88EAFB3B28076366BB307A1690E752
output/person_terg_r2_runtime_grounding_and_full_stream_hypothesis_management_20260830/pre_reference/full_stream_q95_masks/R03ZF_SARF000135.npz,6626,C4EB6BD640159A3A31326B2D690521EBF698849E06B41DC0560795A8E43F72A1
output/person_terg_r2_runtime_grounding_and_full_stream_hypothesis_management_20260830/pre_reference/full_stream_q95_masks/R03ZF_SARF000136.npz,6752,003B0747ADB7E5D36DD5DDAF5AF2DFB79BEBFF92FDB7A46BC056ED43F7B0C8CB
output/person_terg_r2_runtime_grounding_and_full_stream_hypothesis_management_20260830/pre_reference/full_stream_q95_masks/R03ZF_SARF000137.npz,6669,03EA8D593909BD9182CC78DDE8FCA14B47755C040DC1B6A1A133808E2D45DD65
output/person_terg_r2_runtime_grounding_and_full_stream_hypothesis_management_20260830/pre_reference/full_stream_q95_masks/R03ZF_SARF000138.npz,6780,435606773C0C961F23CAA04B606D751980AE7023208A85D4DE92ABE5472F9643
output/person_terg_r2_runtime_grounding_and_full_stream_hypothesis_management_20260830/pre_reference/full_stream_q95_masks/R03ZF_SARF000139.npz,6750,EAAB19B3A9244DD977E2E721BE24034890249CEB497325465F3EA996376BE608
output/person_terg_r2_runtime_grounding_and_full_stream_hypothesis_management_20260830/pre_reference/full_stream_q95_masks/R03ZF_SARF000140.npz,6539,9248583B57C279188EB14135099A95984E47A190C717E01F285294E5B728388E
output/person_terg_r2_runtime_grounding_and_full_stream_hypothesis_management_20260830/pre_reference/full_stream_q95_masks/R03ZF_SARF000141.npz,6712,5DBF4436AE4D349C50BFBD6639EDCC6DD9412A41B8E14E95DC2433DD75DB6051
output/person_terg_r2_runtime_grounding_and_full_stream_hypothesis_management_20260830/pre_reference/full_stream_q95_masks/R03ZF_SARF000142.npz,6461,368A848E7034909B76DF04E07938DF36D8E75518B715DA0E468A775D865378E1
output/person_terg_r2_runtime_grounding_and_full_stream_hypothesis_management_20260830/pre_reference/full_stream_q95_masks/R03ZF_SARF000143.npz,6604,988AB019037F6750A69BB709E9D6D105B48FCF375FCA7D878C672DECFF3AC3DF
output/person_terg_r2_runtime_grounding_and_full_stream_hypothesis_management_20260830/pre_reference/full_stream_q95_masks/R03ZF_SARF000144.npz,6585,885AE94FEE2F4B247855112BD4FA7935CF73B4702BF714A92544B068EBBD09A1
output/person_terg_r2_runtime_grounding_and_full_stream_hypothesis_management_20260830/pre_reference/full_stream_q95_masks/R03ZF_SARF000145.npz,6702,53CE861FCF9466A13DD0CEBC72B0001FD66F63C1E2FF1286B0C185FD1643ED75
output/person_terg_r2_runtime_grounding_and_full_stream_hypothesis_management_20260830/pre_reference/full_stream_q95_masks/R03ZF_SARF000146.npz,6677,D21BA5A19BB4380BD757DA04A89C3046DDCDA4CBA3614CF9A84A41A7EBF00322
output/person_terg_r2_runtime_grounding_and_full_stream_hypothesis_management_20260830/pre_reference/full_stream_q95_masks/R03ZF_SARF000147.npz,6664,28665F7F4B5F64D45A42D52419CBCB7257496D8B6891E5AD8D2F228A35C0C35D
output/person_terg_r2_runtime_grounding_and_full_stream_hypothesis_management_20260830/pre_reference/full_stream_q95_masks/R03ZF_SARF000148.npz,6688,5B16878BAE4A12F5F28E743C9DD86E3239F59A24C1C89F7EC65E16DAE5DDF83B
output/person_terg_r2_runtime_grounding_and_full_stream_hypothesis_management_20260830/pre_reference/full_stream_q95_masks/R03ZF_SARF000149.npz,6601,5C6C4DAAA61C55103D72842EB90094C2D475BBBC830DA53F251A2FEFABA274BC
output/person_terg_r2_runtime_grounding_and_full_stream_hypothesis_management_20260830/pre_reference/full_stream_q95_masks/R03ZF_SARF000150.npz,6565,A62F8A7AC5DE7840F73BDAB2464772FA2D9EBEB7FA4156AA5E5D60A08115E527
output/person_terg_r2_runtime_grounding_and_full_stream_hypothesis_management_20260830/pre_reference/full_stream_q95_masks/R03ZF_SARF000151.npz,6717,75F7F95413C99D03F45B636410067942FB7EFACA46D2E42A6FCE78E8A17E2DEA
output/person_terg_r2_runtime_grounding_and_full_stream_hypothesis_management_20260830/pre_reference/full_stream_q95_masks/R03ZF_SARF000152.npz,6545,AA240404241B654051C9B0D3A13AE700B73151F561897DA0E45B36C04C11AAF9
output/person_terg_r2_runtime_grounding_and_full_stream_hypothesis_management_20260830/pre_reference/full_stream_q95_masks/R03ZF_SARF000153.npz,6980,1041F0F8B50395F2CBF3241F480C9F3BB0E92FF22307555FE0CF5846519A990B
output/person_terg_r2_runtime_grounding_and_full_stream_hypothesis_management_20260830/pre_reference/full_stream_q95_masks/R03ZF_SARF000154.npz,6678,FEFE31B4C000AF2195429E9D80CF0D691E592E655F7E86AC5E7B5CAC1156C34B
output/person_terg_r2_runtime_grounding_and_full_stream_hypothesis_management_20260830/pre_reference/full_stream_q95_masks/R03ZF_SARF000155.npz,6483,A51E83D03BF5919ADD799A2BE49854018B8E4E1D2DBC301CB9CDE133EBF27225
output/person_terg_r2_runtime_grounding_and_full_stream_hypothesis_management_20260830/pre_reference/full_stream_q95_masks/R03ZF_SARF000156.npz,6526,98497FA076AB5E07CE0D25AE0A1A6DBE5341D5E3D7DF20CB1783B264155FF088
output/person_terg_r2_runtime_grounding_and_full_stream_hypothesis_management_20260830/pre_reference/full_stream_q95_masks/R03ZF_SARF000157.npz,6589,454657C7059EEA57AA19F4528B0C4A08CC700EF16338CE1B490DB9C106ACD2D3
output/person_terg_r2_runtime_grounding_and_full_stream_hypothesis_management_20260830/pre_reference/full_stream_q95_masks/R03ZF_SARF000158.npz,6712,18F1CD89359FC15C120946A5FEDE3D0B71FE569B44E67454D3287EB705D0F5FB
output/person_terg_r2_runtime_grounding_and_full_stream_hypothesis_management_20260830/pre_reference/full_stream_q95_masks/R03ZF_SARF000159.npz,6588,440DC97302EA4AE36E734B8305B2677204BC207135C6C5EAC677C7CD3F0CCC1F
output/person_terg_r2_runtime_grounding_and_full_stream_hypothesis_management_20260830/pre_reference/full_stream_q95_masks/R03ZF_SARF000160.npz,6462,14A0A312CABEBBA952243976169ADB1484234680098A6239DD7EFF3DB9FF883D
output/person_terg_r2_runtime_grounding_and_full_stream_hypothesis_management_20260830/pre_reference/full_stream_q95_masks/R03ZF_SARF000161.npz,6572,6D77E8DA62C70E1F66A52D409AB1D74F315A120626E03D7082F12BA01A2E7EB8
output/person_terg_r2_runtime_grounding_and_full_stream_hypothesis_management_20260830/pre_reference/full_stream_q95_masks/R03ZF_SARF000162.npz,6644,5BE12A925F1D0D904569101B035A13A34A3B7D7BA4E261EAACDD7052332E155D
output/person_terg_r2_runtime_grounding_and_full_stream_hypothesis_management_20260830/pre_reference/full_stream_q95_masks/R03ZF_SARF000163.npz,6593,83EBE3416FFF1D165FAD19FD3E64E127AE3EDC25D0D95E08DB34480AC270D46A
output/person_terg_r2_runtime_grounding_and_full_stream_hypothesis_management_20260830/pre_reference/full_stream_q95_masks/R03ZF_SARF000164.npz,6434,4FCCE254B4DA48DF65765050E4B4B3B2072594743FA3892C89AA41E82533C50D
output/person_terg_r2_runtime_grounding_and_full_stream_hypothesis_management_20260830/pre_reference/full_stream_q95_masks/R03ZF_SARF000165.npz,6576,C2EBD0A67DA9CB65FF40213D3ED87B9CE8341D0CD903611B204BC7EB9CC733B3
output/person_terg_r2_runtime_grounding_and_full_stream_hypothesis_management_20260830/pre_reference/full_stream_q95_masks/R03ZF_SARF000166.npz,6387,D29B72EEC099E0AA0529BFA7D6A7E19EF12C5BE5EF2C88BCC5F106CD2FF08ECF
output/person_terg_r2_runtime_grounding_and_full_stream_hypothesis_management_20260830/pre_reference/full_stream_q95_masks/R03ZF_SARF000167.npz,6491,3C7688DAF7AA8682E86EC7D4E8480370779E79754AFBE6B9CBAE68AD9782F395
output/person_terg_r2_runtime_grounding_and_full_stream_hypothesis_management_20260830/pre_reference/full_stream_q95_masks/R03ZF_SARF000168.npz,6269,52F3A70E5C3EC7C0287C392507CA03354A7EB19A29679413D830196728E720C0
output/person_terg_r2_runtime_grounding_and_full_stream_hypothesis_management_20260830/pre_reference/full_stream_q95_masks/R03ZF_SARF000169.npz,6488,D5842085C71E2C3900E82E75875F2289D0286751D3A39A891A3406F9496D97A3
output/person_terg_r2_runtime_grounding_and_full_stream_hypothesis_management_20260830/pre_reference/full_stream_q95_masks/R03ZF_SARF000170.npz,6401,21D0D9BDE0921325EF449E105088A0927E7450D47D25311E9D45C832690CDF2A
output/person_terg_r2_runtime_grounding_and_full_stream_hypothesis_management_20260830/pre_reference/full_stream_q95_masks/R03ZF_SARF000171.npz,6097,789910C8738AB37C0055A0F09320A6F20EE6159CE0AFB5F3871B4C410451AF8B
output/person_terg_r2_runtime_grounding_and_full_stream_hypothesis_management_20260830/pre_reference/full_stream_q95_masks/R03ZF_SARF000172.npz,6574,94EF4C31F47C6771A44A428983D59C8CDB044CE9A28D51FBB62F381516154E88
output/person_terg_r2_runtime_grounding_and_full_stream_hypothesis_management_20260830/pre_reference/full_stream_q95_masks/R03ZF_SARF000173.npz,6476,DA2EA439F06AF832F78C58628F2D40A93E1D1865542B971390D755E337EDDF19
output/person_terg_r2_runtime_grounding_and_full_stream_hypothesis_management_20260830/pre_reference/full_stream_q95_masks/R03ZF_SARF000174.npz,6669,5E37E8826D4021C9A2FFC0E892F0A98AA7F12D36B4F8F8EA125D193EA727A9A3
output/person_terg_r2_runtime_grounding_and_full_stream_hypothesis_management_20260830/pre_reference/full_stream_q95_masks/R03ZF_SARF000175.npz,6518,0C05115C6490427C352BBC77EFCC05A53ECC53BA32DD323D39E539555E5911A5
output/person_terg_r2_runtime_grounding_and_full_stream_hypothesis_management_20260830/pre_reference/full_stream_q95_masks/R03ZF_SARF000176.npz,6604,142115DDD1317DCA95ECD0BD00288AC0312B73E132C74ED4AB88E3C200ADB3BD
output/person_terg_r2_runtime_grounding_and_full_stream_hypothesis_management_20260830/pre_reference/full_stream_q95_masks/R03ZF_SARF000177.npz,6807,04001DAEF32EACFCABF5A367F2001CAE540F3920197228B2FFDFE2E3D32AD1ED
output/person_terg_r2_runtime_grounding_and_full_stream_hypothesis_management_20260830/pre_reference/full_stream_q95_masks/R03ZF_SARF000178.npz,6550,360226D78D46DE8065CA52DB35D028DC6413ACF05A6DF49910A74EDE2DC58EA8
output/person_terg_r2_runtime_grounding_and_full_stream_hypothesis_management_20260830/pre_reference/full_stream_q95_masks/R03ZF_SARF000179.npz,6786,CFA0AE305E304891F27B819A845D9EF12B8513EA43C0DDB230EAB4E3BC4A8D9E
output/person_terg_r2_runtime_grounding_and_full_stream_hypothesis_management_20260830/pre_reference/full_stream_q95_masks/R03ZF_SARF000180.npz,6611,DD0590F7CCDC917F96C789FE876E51307569E60F032AD20F81A972CECD390645
output/person_terg_r2_runtime_grounding_and_full_stream_hypothesis_management_20260830/pre_reference/full_stream_q95_masks/R03ZF_SARF000181.npz,6745,396F2C2AD4B7A3819A6EA09C6E951FC6A97AD2CB58A50F314A990BA2CEA30859
output/person_terg_r2_runtime_grounding_and_full_stream_hypothesis_management_20260830/pre_reference/full_stream_q95_masks/R03ZF_SARF000182.npz,6645,2503262778843E2A427871384D8B8E446DBE1D2D029C9ACDE6C2A78CD197AE12
output/person_terg_r2_runtime_grounding_and_full_stream_hypothesis_management_20260830/pre_reference/full_stream_q95_masks/R03ZF_SARF000183.npz,6566,F4827FA14653689CF8884D6C76928A353811B96D7F14DEB0DA2F7AA4CB5911B1
output/person_terg_r2_runtime_grounding_and_full_stream_hypothesis_management_20260830/pre_reference/full_stream_q95_masks/R03ZF_SARF000184.npz,6531,52D05D78BE05F3E27AC6F02A025C9776364EE4435AF75EB6DBF017E1FC4D2898
output/person_terg_r2_runtime_grounding_and_full_stream_hypothesis_management_20260830/pre_reference/full_stream_q95_masks/R03ZF_SARF000185.npz,6333,C844CD5317B68317B49D0DDF6AAF8C6AAC3A1A2BF202ACF972C8F52A744784E8
output/person_terg_r2_runtime_grounding_and_full_stream_hypothesis_management_20260830/pre_reference/full_stream_q95_masks/R03ZF_SARF000186.npz,6452,00CECE97479228C58C7E0DF88A808629D0B295EACF45E013824912299E73F288
output/person_terg_r2_runtime_grounding_and_full_stream_hypothesis_management_20260830/pre_reference/full_stream_q95_masks/R03ZF_SARF000187.npz,6503,41631FCBC258DF36019115707EFF56B386AB9D9521A8D53EB1AA45BD218F4F5A
output/person_terg_r2_runtime_grounding_and_full_stream_hypothesis_management_20260830/pre_reference/full_stream_q95_masks/R03ZF_SARF000188.npz,6462,356168EC4E3BD9750AAF5A47F7EEDFCA16309102CA5B37B7D38BDDEEC5A04D5A
output/person_terg_r2_runtime_grounding_and_full_stream_hypothesis_management_20260830/pre_reference/full_stream_q95_masks/R03ZF_SARF000189.npz,6604,AC95B2970CC4A736FCF55C251EA96278751A161A8AD11F681140BE4722E4489C
output/person_terg_r2_runtime_grounding_and_full_stream_hypothesis_management_20260830/pre_reference/full_stream_q95_masks/R03ZF_SARF000190.npz,6595,41FE12C757A7EFF6EF0E5259AF1115B78DCF15861ADB51EAAEB3457A669EB226
output/person_terg_r2_runtime_grounding_and_full_stream_hypothesis_management_20260830/pre_reference/full_stream_q95_masks/R03ZF_SARF000191.npz,6564,8B897E507E9376D613057F36BD674E10E0340BCBE8A25A6AE664E65ABE02305E
output/person_terg_r2_runtime_grounding_and_full_stream_hypothesis_management_20260830/pre_reference/full_stream_q95_masks/R03ZF_SARF000192.npz,6665,9F2D1E3F086C59D1FB71EA3DDCD1ED85911CE717E5EA817095ABA10854C93CD2
output/person_terg_r2_runtime_grounding_and_full_stream_hypothesis_management_20260830/pre_reference/full_stream_q95_masks/R03ZF_SARF000193.npz,6576,A83CDAEC5B047E631C63ADA2B9A8CBB1AE38FB976208A1BD6B1DF77CCE47C18B
output/person_terg_r2_runtime_grounding_and_full_stream_hypothesis_management_20260830/pre_reference/full_stream_q95_masks/R03ZF_SARF000194.npz,6604,FC48B580C4F0AD4E4574BC7BB4FB0B2663EE398F5186DDDEC0122A2960E50FD4
output/person_terg_r2_runtime_grounding_and_full_stream_hypothesis_management_20260830/pre_reference/full_stream_q95_masks/R03ZF_SARF000195.npz,6482,3E772F5877CD79D447597A1677A1251B2DE688FCF3491B6CBD60B043E43E323D
output/person_terg_r2_runtime_grounding_and_full_stream_hypothesis_management_20260830/pre_reference/full_stream_q95_masks/R03ZF_SARF000196.npz,6554,6EBAACAA2E093E7804CE82BD09640761EF0DF552C2AEB91248945824EC0B5BD7
output/person_terg_r2_runtime_grounding_and_full_stream_hypothesis_management_20260830/pre_reference/full_stream_q95_masks/R03ZF_SARF000197.npz,6479,9840E42972B5BA19F73A1D4549CECCD4E0B6F445F94798FEB3C6ED2B7671883A
output/person_terg_r2_runtime_grounding_and_full_stream_hypothesis_management_20260830/pre_reference/full_stream_q95_masks/R03ZF_SARF000198.npz,6635,FCFCDFE5FAE4CACCA44113E23B55890AD004D8F06FD4CC28BE2E6B4FB3EC032F
output/person_terg_r2_runtime_grounding_and_full_stream_hypothesis_management_20260830/pre_reference/full_stream_q95_masks/R03ZF_SARF000199.npz,6567,7E928AE1B40C57F88698D85593308141A1439A1F35D535285FAAFEEA414B4AFB
output/person_terg_r2_runtime_grounding_and_full_stream_hypothesis_management_20260830/pre_reference/full_stream_q95_masks/R03ZF_SARF000200.npz,6573,A941103978A9370A204FA22A386AA6949A93B52858BD26451E17E2A23A7B07DB
output/person_terg_r2_runtime_grounding_and_full_stream_hypothesis_management_20260830/pre_reference/full_stream_q95_masks/R03ZF_SARF000201.npz,6923,7C8E4C227D57F203F6C84F1ED8D0A23FF357274B8714FCB11D9FAD0FA6135FEA
output/person_terg_r2_runtime_grounding_and_full_stream_hypothesis_management_20260830/pre_reference/full_stream_q95_masks/R03ZF_SARF000202.npz,6709,06E5EDFB2FB704A8A07554F6829C6C09F8B29C421682BBE4F6643D5D4E78C9A7
output/person_terg_r2_runtime_grounding_and_full_stream_hypothesis_management_20260830/pre_reference/full_stream_q95_masks/R03ZF_SARF000203.npz,6511,8C595B9D0559A51349E3906C2E2ED59CF7A21D45339352990F9EA9B5B8D3F248
output/person_terg_r2_runtime_grounding_and_full_stream_hypothesis_management_20260830/pre_reference/full_stream_q95_masks/R03ZF_SARF000204.npz,6590,298F74201886BDC78DD18777F3C45F20648A5ABD0FB466FD8214FDC1608F33D9
output/person_terg_r2_runtime_grounding_and_full_stream_hypothesis_management_20260830/pre_reference/full_stream_q95_masks/R03ZF_SARF000205.npz,6716,CFDD64AE0A79C2FF0CFB917F145C3D81B6048D8F6E3344B18DA8D7B89BC47DE9
output/person_terg_r2_runtime_grounding_and_full_stream_hypothesis_management_20260830/pre_reference/full_stream_q95_masks/R03ZF_SARF000206.npz,6831,B3886B8DA5550332784739D163DA3D62D1D73626CCB18B10F21C0D6630142F0F
output/person_terg_r2_runtime_grounding_and_full_stream_hypothesis_management_20260830/pre_reference/full_stream_q95_masks/R03ZF_SARF000207.npz,6738,36929501B2B14A488293BE50FC6B2A09DD58E0A8470BB7B903B87655463CB436
output/person_terg_r2_runtime_grounding_and_full_stream_hypothesis_management_20260830/pre_reference/full_stream_q95_masks/R03ZF_SARF000208.npz,6751,F57D230EA7B7D9FC4526B7A92D0F4115F6B14B67B0DAEABB83502F2A73B4AF9B
output/person_terg_r2_runtime_grounding_and_full_stream_hypothesis_management_20260830/pre_reference/full_stream_q95_masks/R03ZF_SARF000209.npz,6802,53D53C4F1326304A2F00AED69D0B753E9DFFA2CB4BF16183A203C242DBF5CEC7
output/person_terg_r2_runtime_grounding_and_full_stream_hypothesis_management_20260830/pre_reference/full_stream_q95_masks/R03ZF_SARF000210.npz,6631,70F2695A55AA960FD7CD92AF25119B5972F50E64C2F34DB9BA87C7B96884E4F7
output/person_terg_r2_runtime_grounding_and_full_stream_hypothesis_management_20260830/pre_reference/full_stream_q95_masks/R03ZF_SARF000211.npz,6430,30BE397C06AC4FD7AD31E702DC7885D6A611EA69E73FACB2CC2E65BFE077723E
output/person_terg_r2_runtime_grounding_and_full_stream_hypothesis_management_20260830/pre_reference/full_stream_q95_masks/R03ZF_SARF000212.npz,6627,AA083BC02189AC98EE812EE7D3ECF9AD064039812A5C277F066E02F4D4B17993
output/person_terg_r2_runtime_grounding_and_full_stream_hypothesis_management_20260830/pre_reference/full_stream_q95_masks/R03ZF_SARF000213.npz,6955,72978ED052A102F45D32A92D81E51CF9CDD309043155D0AC8780B3B8A40E4981
output/person_terg_r2_runtime_grounding_and_full_stream_hypothesis_management_20260830/pre_reference/full_stream_q95_masks/R03ZF_SARF000214.npz,6723,483C6622EFB0DE553847BD4AB73F323C48472E32896DFED065FB670D5BA6EFFA
output/person_terg_r2_runtime_grounding_and_full_stream_hypothesis_management_20260830/pre_reference/full_stream_q95_masks/R03ZF_SARF000215.npz,6746,56E92726F633055DFB4C20439057D30953179BBC90AFC37AAA766F12873EF602
output/person_terg_r2_runtime_grounding_and_full_stream_hypothesis_management_20260830/pre_reference/full_stream_q95_masks/R03ZF_SARF000216.npz,6500,DE3DCECA347B5069170858ABD89AE8D4A388BE3D6E2FD919945329C85E5C34D2
output/person_terg_r2_runtime_grounding_and_full_stream_hypothesis_management_20260830/pre_reference/full_stream_q95_masks/R03ZF_SARF000217.npz,6302,41E566687F82A75DD00F77171748FD3E84E60DECFC9DCC3475097CF79558C4AC
output/person_terg_r2_runtime_grounding_and_full_stream_hypothesis_management_20260830/pre_reference/full_stream_q95_masks/R03ZF_SARF000218.npz,6303,97CB209FD595B18DBCF3CD5339F8521EA711F4A6F3BBDDB7B2B12EE4B35A10DC
output/person_terg_r2_runtime_grounding_and_full_stream_hypothesis_management_20260830/pre_reference/full_stream_q95_masks/R03ZF_SARF000219.npz,6628,CC508F091B93EA7386BB26D608F431BFD2191D5A5DDB7183DBC97BDD828A7D06
output/person_terg_r2_runtime_grounding_and_full_stream_hypothesis_management_20260830/pre_reference/full_stream_q95_masks/R03ZF_SARF000220.npz,6287,5E347900B72858BACBD89AA3BA63CED2E3961C31819C1AF618C7337449786062
output/person_terg_r2_runtime_grounding_and_full_stream_hypothesis_management_20260830/pre_reference/full_stream_q95_masks/R03ZF_SARF000221.npz,6389,AB53A07006F6B20C29A4848BB0A7A2DB42A57F60770D956D59DCE8A8A3394C2E
output/person_terg_r2_runtime_grounding_and_full_stream_hypothesis_management_20260830/pre_reference/full_stream_q95_masks/R03ZF_SARF000222.npz,6644,4BA6527067D6CAA59307A7EB5D05026F807130836310F684DA918579D0B06759
output/person_terg_r2_runtime_grounding_and_full_stream_hypothesis_management_20260830/pre_reference/full_stream_q95_masks/R03ZF_SARF000223.npz,6407,D39FBE0673781977B0E20954ED2B4FB543C387B16874AAE14709BCFD2FE6E5D2
output/person_terg_r2_runtime_grounding_and_full_stream_hypothesis_management_20260830/pre_reference/full_stream_q95_masks/R03ZF_SARF000224.npz,6475,B947E3591C2D0870FC22FD2267CFC13E3B663299C4F3E12CC8B66C1885239C85
output/person_terg_r2_runtime_grounding_and_full_stream_hypothesis_management_20260830/pre_reference/full_stream_q95_masks/R03ZF_SARF000225.npz,6655,1D4C36ACD129F2374D0DC1B55EE220F114ADE1B3568836C6E243AB6EA3A17B9E
output/person_terg_r2_runtime_grounding_and_full_stream_hypothesis_management_20260830/pre_reference/full_stream_q95_masks/R03ZF_SARF000226.npz,6578,060B7A6EB83496B1EAD1FF748A276E0C4623242A9C51E9EBE93D078CBDF7F889
output/person_terg_r2_runtime_grounding_and_full_stream_hypothesis_management_20260830/pre_reference/full_stream_q95_masks/R03ZF_SARF000227.npz,6515,7C887F2174D14A3CEAD9A9648885543DABED2FE63DABCC07727E55D028811B6E
output/person_terg_r2_runtime_grounding_and_full_stream_hypothesis_management_20260830/pre_reference/full_stream_q95_masks/R03ZF_SARF000228.npz,6623,ABDAF9CBA29CF4EB49458491846FD8F8A14D2D7CBF9EA82162B3F60F0E61856D
output/person_terg_r2_runtime_grounding_and_full_stream_hypothesis_management_20260830/pre_reference/full_stream_q95_masks/R03ZF_SARF000229.npz,6603,304FE47AA35F051B2A3A51CB97A2E9175EFCCA802BE8CD34A5B1774B6D7C42B1
output/person_terg_r2_runtime_grounding_and_full_stream_hypothesis_management_20260830/pre_reference/full_stream_q95_masks/R03ZF_SARF000230.npz,6645,8CAC135344DF0626100702AD4CDF09520DC599D5A6A19776AA02EF1972E7A940
output/person_terg_r2_runtime_grounding_and_full_stream_hypothesis_management_20260830/pre_reference/full_stream_q95_masks/R03ZF_SARF000231.npz,6534,36E21F0173F4F54046E2D0433FAE45FB0B313CE027891D50A6C18368438126CE
output/person_terg_r2_runtime_grounding_and_full_stream_hypothesis_management_20260830/pre_reference/full_stream_q95_masks/R03ZF_SARF000232.npz,6312,8F5F23C1C38D085A5808BE5DAB54BA4C1AD74DC0E17446F0E7D4FB7B9EB0A38A
output/person_terg_r2_runtime_grounding_and_full_stream_hypothesis_management_20260830/pre_reference/full_stream_q95_masks/R03ZF_SARF000233.npz,6590,8506206263C6777306441D784627BA1259E3D6DF61471E37DD7AC5087A0BC12C
output/person_terg_r2_runtime_grounding_and_full_stream_hypothesis_management_20260830/pre_reference/full_stream_q95_masks/R03ZF_SARF000234.npz,6718,8D047DCA2A032FAE53CC11652C3DC8617A8878F931291AE59259BC04EECAAEB7
output/person_terg_r2_runtime_grounding_and_full_stream_hypothesis_management_20260830/pre_reference/full_stream_q95_masks/R03ZF_SARF000235.npz,6555,AB315D81A5F8E0E05D2919A2A8683549BFC2B916242D7AD8C3752D1358B31D88
output/person_terg_r2_runtime_grounding_and_full_stream_hypothesis_management_20260830/pre_reference/full_stream_q95_masks/R03ZF_SARF000236.npz,6479,6EFC3AE5B4E570D7244EB34F549A3D6405ABAC277172EB83E2D5BB26DCB3DF4D
output/person_terg_r2_runtime_grounding_and_full_stream_hypothesis_management_20260830/pre_reference/full_stream_q95_masks/R03ZF_SARF000237.npz,6487,B7F97AF8F8252527452A9F169CD116BA5A78C364AF84BC6F75E2CE54A7C19AFF
output/person_terg_r2_runtime_grounding_and_full_stream_hypothesis_management_20260830/pre_reference/full_stream_q95_masks/R03ZF_SARF000238.npz,6494,569E9B829BEEB9DA57B475F456D22CF0AAAAC80C8E07E90D44CD5881A09A34E5
output/person_terg_r2_runtime_grounding_and_full_stream_hypothesis_management_20260830/pre_reference/full_stream_q95_masks/R03ZF_SARF000239.npz,6242,7B42828FE502E0426C9275E275659F8B21B38C797D861CFCF19F8EDBA4245413
output/person_terg_r2_runtime_grounding_and_full_stream_hypothesis_management_20260830/pre_reference/full_stream_q95_masks/R03ZF_SARF000240.npz,6482,5E3F164D3BBF945614627EBD27BA538F709E653FF717833FA7EE58C1FC467A01
output/person_terg_r2_runtime_grounding_and_full_stream_hypothesis_management_20260830/pre_reference/full_stream_q95_masks/R03ZF_SARF000241.npz,6710,91B04BBF4C00A763BCFBA12D5DD7F40685479DD82396B3220BEB070802902C6F
output/person_terg_r2_runtime_grounding_and_full_stream_hypothesis_management_20260830/pre_reference/full_stream_q95_masks/R03ZF_SARF000242.npz,6340,3290440BE8746B50918406BD931F2CBEB489AF7EC04447968409BB91F00E83A3
output/person_terg_r2_runtime_grounding_and_full_stream_hypothesis_management_20260830/pre_reference/full_stream_q95_masks/R03ZF_SARF000243.npz,6285,3251888AD948400A4FCB1AA015BF6A056BE4AA5353ADC3CF05629AC691D7EA02
output/person_terg_r2_runtime_grounding_and_full_stream_hypothesis_management_20260830/pre_reference/full_stream_q95_masks/R03ZF_SARF000244.npz,6214,1DBF1453988DB1CDEEFED3EC2EE41113618BE49854BEF92B3D726C3D3E6993F8
output/person_terg_r2_runtime_grounding_and_full_stream_hypothesis_management_20260830/pre_reference/full_stream_q95_masks/R03ZF_SARF000245.npz,6306,E9B334DDBA6FC3DA2A1E5CB421B0B352070C82D7D03519B0298E3046F4A7C69A
output/person_terg_r2_runtime_grounding_and_full_stream_hypothesis_management_20260830/pre_reference/full_stream_q95_masks/R03ZF_SARF000246.npz,6257,1805C52A19092C772FE3C1E35A0E9846B7D0BC161F65B46A9BD080AC9C668CEA
output/person_terg_r2_runtime_grounding_and_full_stream_hypothesis_management_20260830/pre_reference/full_stream_q95_masks/R03ZF_SARF000247.npz,6186,44B93F43DC1876B424198395462652E089FACA5FF61B082669F3E6056553B6C3
output/person_terg_r2_runtime_grounding_and_full_stream_hypothesis_management_20260830/pre_reference/full_stream_q95_masks/R03ZF_SARF000248.npz,6074,A36B71EACA3C5BDF3F9AB1B470FC94E42CBE0FEF4A6DC5243FE023C9F854FEBD
output/person_terg_r2_runtime_grounding_and_full_stream_hypothesis_management_20260830/pre_reference/full_stream_q95_masks/R03ZF_SARF000249.npz,6327,ECD7A073D8E8BF429C7452B67D573C7B17F1BDA1582C74E73E55B7C2AB8E7C04
output/person_terg_r2_runtime_grounding_and_full_stream_hypothesis_management_20260830/pre_reference/full_stream_q95_masks/R03ZF_SARF000250.npz,6184,6B187267FBD73BC34B6DD6FC6A45A62D53FAF4C5B3EB104AD9DF7D03E4E2EF89
output/person_terg_r2_runtime_grounding_and_full_stream_hypothesis_management_20260830/pre_reference/full_stream_q95_masks/R03ZF_SARF000251.npz,5928,7BB82B6990DEC9A941521A5D95934CF07C600B9FE9AC19629FBE5ECA79F1A83A
output/person_terg_r2_runtime_grounding_and_full_stream_hypothesis_management_20260830/pre_reference/full_stream_q95_masks/R03ZF_SARF000252.npz,6228,7602D086AFA0FDF6AE7466CFAC36D77420934E6F3570A077250F06F92941FFC6
output/person_terg_r2_runtime_grounding_and_full_stream_hypothesis_management_20260830/pre_reference/full_stream_q95_masks/R03ZF_SARF000253.npz,6185,2ECC0B726F82AA9F9DE5A4F36C1AAA2E04EA3500673CE8815650CDA1584CE5D6
output/person_terg_r2_runtime_grounding_and_full_stream_hypothesis_management_20260830/pre_reference/full_stream_q95_masks/R03ZF_SARF000254.npz,6000,AF58EAB190F580A623F284EB6C15B0EDDE03C152C387E0DE9FA299242ABDE0D3
output/person_terg_r2_runtime_grounding_and_full_stream_hypothesis_management_20260830/pre_reference/full_stream_q95_masks/R03ZF_SARF000255.npz,6143,18F3B130137791840AC0108886B595779DFC768870CE7CEC29F4E33121AF53B0
output/person_terg_r2_runtime_grounding_and_full_stream_hypothesis_management_20260830/pre_reference/full_stream_q95_masks/R03ZF_SARF000256.npz,6254,41C8458BB54CB0D096D8CF179E378E8409E22845668B88F03D441F3CD7C534FC
output/person_terg_r2_runtime_grounding_and_full_stream_hypothesis_management_20260830/pre_reference/full_stream_q95_masks/R03ZF_SARF000257.npz,6211,727121310E07E1B6FA2B188A5985B73CCBA555FEF5364C5B6E67CD97D144997D
output/person_terg_r2_runtime_grounding_and_full_stream_hypothesis_management_20260830/pre_reference/full_stream_q95_masks/R03ZF_SARF000258.npz,6486,060FBAA83045F80395605D94C91B0FBB673A91BC30809D213CD11FC488AF0636
output/person_terg_r2_runtime_grounding_and_full_stream_hypothesis_management_20260830/pre_reference/full_stream_q95_masks/R03ZF_SARF000259.npz,6358,4704C34F0B4FAF2A07C8516573BA8A2EBA23830823FFDBA5B3753EC4E6FEADE9
output/person_terg_r2_runtime_grounding_and_full_stream_hypothesis_management_20260830/pre_reference/full_stream_q95_masks/R03ZF_SARF000260.npz,6225,43F26C5BBF0F168F0A32B15A8F414AA99BE1B85E37DA59C730D9418931283C94
output/person_terg_r2_runtime_grounding_and_full_stream_hypothesis_management_20260830/pre_reference/full_stream_q95_masks/R03ZF_SARF000261.npz,6277,3CD1C4AF162D3BAC03C2BEFF80B28D1F63A6BA026A227A2BCEE536087B056D70
output/person_terg_r2_runtime_grounding_and_full_stream_hypothesis_management_20260830/pre_reference/full_stream_q95_masks/R03ZF_SARF000262.npz,6344,0B5CF89C6221BEB80157937739F2C0E96D6273A2991979165DB741C59BFFD6D0
output/person_terg_r2_runtime_grounding_and_full_stream_hypothesis_management_20260830/pre_reference/full_stream_q95_masks/R03ZF_SARF000263.npz,6455,ADDFFEF044DE1FB6CECD5E53637DBD40B6257373BD712254E929E31609934522
output/person_terg_r2_runtime_grounding_and_full_stream_hypothesis_management_20260830/pre_reference/full_stream_q95_masks/R03ZF_SARF000264.npz,6387,59398D50483E7E8C02713C350EF16D00F249702D5E7A29700E9ABDF2D2E852E1
output/person_terg_r2_runtime_grounding_and_full_stream_hypothesis_management_20260830/pre_reference/full_stream_q95_masks/R03ZF_SARF000265.npz,6450,021B8E9F8113E283BF3CBCFD008E4CCE890E3146432A74674B50BA24690A9379
output/person_terg_r2_runtime_grounding_and_full_stream_hypothesis_management_20260830/pre_reference/full_stream_q95_masks/R03ZF_SARF000266.npz,6358,D21C8CB4C4A7399CD922BD4164A376C8A220A872725DDD41E2BB4FBF6E804BEA
output/person_terg_r2_runtime_grounding_and_full_stream_hypothesis_management_20260830/pre_reference/full_stream_q95_masks/R03ZF_SARF000267.npz,6354,7FD63F47DEEAA1D5BF6A512EF2CEEA68D13A9E589F77995F5FE67AA91B92968D
output/person_terg_r2_runtime_grounding_and_full_stream_hypothesis_management_20260830/pre_reference/full_stream_q95_masks/R03ZF_SARF000268.npz,6403,5F7CFB187DA65A84915A2893A0D69D3FAE296C85B7D3BA6CD4ECDCC5DAD354ED
output/person_terg_r2_runtime_grounding_and_full_stream_hypothesis_management_20260830/pre_reference/full_stream_q95_masks/R03ZF_SARF000269.npz,6292,11C6E8BA7ECA7C01DAC696573537A03DBBB328BB2FDB6758C7A6B71C87CCF6CB
output/person_terg_r2_runtime_grounding_and_full_stream_hypothesis_management_20260830/pre_reference/full_stream_q95_masks/R03ZF_SARF000270.npz,6420,D7F94A5DB85B5C75648FC5FB16DAD6C0B1C817D0459891E4BB0EB08427FCB156
output/person_terg_r2_runtime_grounding_and_full_stream_hypothesis_management_20260830/pre_reference/full_stream_q95_masks/R03ZF_SARF000271.npz,6239,01634385A96DC22E97DB3C75DBC1A5557A2350D01D27C12C18271D4E405506C0
output/person_terg_r2_runtime_grounding_and_full_stream_hypothesis_management_20260830/pre_reference/full_stream_q95_masks/R03ZF_SARF000272.npz,6366,6FA34425D3FB0A61738CA8CED4817B5E1FAF2FEEC3AECD744DC8CD162A00E656
output/person_terg_r2_runtime_grounding_and_full_stream_hypothesis_management_20260830/pre_reference/full_stream_q95_masks/R03ZF_SARF000273.npz,6302,9FA17BEC366D3DDA4C3804ABBC304FE33F5168CC208286670DD3FDFAC346CFF2
output/person_terg_r2_runtime_grounding_and_full_stream_hypothesis_management_20260830/pre_reference/full_stream_q95_masks/R03ZF_SARF000274.npz,6590,10F093B89B2A35CB76DA80A4A575F8CECFBAB574377343CEFE73BB22FF4490E9
output/person_terg_r2_runtime_grounding_and_full_stream_hypothesis_management_20260830/pre_reference/full_stream_q95_masks/R03ZF_SARF000275.npz,6516,4B71D58695B8F32CEEFB69A49C2C504D4F0BFF0630980B4C9FE15A808B947873
output/person_terg_r2_runtime_grounding_and_full_stream_hypothesis_management_20260830/pre_reference/full_stream_q95_masks/R03ZF_SARF000276.npz,6288,29F3993E65F1D869B1FEFBE36F45AB535937058A9D915C513FCB49B8648E2BEB
output/person_terg_r2_runtime_grounding_and_full_stream_hypothesis_management_20260830/pre_reference/full_stream_q95_masks/R03ZF_SARF000277.npz,6251,AD6D3FA3A6E03213D232C0095EA52D2C7DEE75867E51F79160DFE4984785D5EB
output/person_terg_r2_runtime_grounding_and_full_stream_hypothesis_management_20260830/pre_reference/full_stream_q95_masks/R03ZF_SARF000278.npz,6271,59280688A3E51691B1DFDCC7D3F71281B65DCB29AB58EE5AE911BA16AF4C72E9
output/person_terg_r2_runtime_grounding_and_full_stream_hypothesis_management_20260830/pre_reference/full_stream_q95_masks/R03ZF_SARF000279.npz,6551,E8A2BDF2B5C73EFF65C386F7A037BEA907EE504FA4B4E8965BE2F62D5C0B76F8
output/person_terg_r2_runtime_grounding_and_full_stream_hypothesis_management_20260830/pre_reference/full_stream_q95_masks/R03ZF_SARF000280.npz,6536,02A611B12761B3CA0FF4C626D77B1AF0353F3CA34CEF3E2D114B0A7A9D3436FF
output/person_terg_r2_runtime_grounding_and_full_stream_hypothesis_management_20260830/pre_reference/full_stream_q95_masks/R03ZF_SARF000281.npz,6437,F7E3BDB6A4F873A7DDEC19ED5051AC0A473224C5ABA639A992A02764D1986E9B
output/person_terg_r2_runtime_grounding_and_full_stream_hypothesis_management_20260830/pre_reference/full_stream_q95_masks/R03ZF_SARF000282.npz,6486,09C9590DBFD69ED5D1563357452B8AAC8E2C7E8E649ECF8B16F5502E43166FCE
output/person_terg_r2_runtime_grounding_and_full_stream_hypothesis_management_20260830/pre_reference/full_stream_q95_masks/R03ZF_SARF000283.npz,6655,E0E8EC9308DC5F7EDB2363A6894B6EA3BB2B83B1E5E33FDA778519BD7CFB343B
output/person_terg_r2_runtime_grounding_and_full_stream_hypothesis_management_20260830/pre_reference/full_stream_q95_masks/R03ZF_SARF000284.npz,6622,88963764957AAAD4E880614181BE7B3223F5FED5AEF8E5E3FDA918279ABF652E
output/person_terg_r2_runtime_grounding_and_full_stream_hypothesis_management_20260830/pre_reference/full_stream_q95_masks/R03ZF_SARF000285.npz,6714,DE07313C69515898353BFEDD324DEE9660ACA02C80FE6CF579003D5C9346CFDD
output/person_terg_r2_runtime_grounding_and_full_stream_hypothesis_management_20260830/pre_reference/full_stream_q95_masks/R03ZF_SARF000286.npz,6547,EC6967063575B41DD07E6CBA74F3919C2101B6F45A42CB4DB1FC3B085E456098
output/person_terg_r2_runtime_grounding_and_full_stream_hypothesis_management_20260830/pre_reference/full_stream_q95_masks/R03ZF_SARF000287.npz,6386,9F8D522393634A66A817091EC4F244C308832B5536BF98F32F124866B17EE07D
output/person_terg_r2_runtime_grounding_and_full_stream_hypothesis_management_20260830/pre_reference/full_stream_q95_masks/R03ZF_SARF000288.npz,6596,AC1AB8AA308CF83182F4A9FBF5BE48E99A7F6F1CA951140E1918E2AD448AB9C4
output/person_terg_r2_runtime_grounding_and_full_stream_hypothesis_management_20260830/pre_reference/full_stream_q95_masks/R03ZF_SARF000289.npz,6373,4D18BE75D0ED7BC9FE95448AE7668533D4D0DB9419C4FB17AF769F8913BA40A2
output/person_terg_r2_runtime_grounding_and_full_stream_hypothesis_management_20260830/pre_reference/full_stream_q95_masks/R03ZF_SARF000290.npz,6489,82F33A76D794174096075844999E9B4358D55268DC1EA379919544608BD5B34E
output/person_terg_r2_runtime_grounding_and_full_stream_hypothesis_management_20260830/pre_reference/full_stream_q95_masks/R03ZF_SARF000291.npz,6502,403DFDB33BA0076FA44C351DC745EB068065E11C35779463C69487F51DEF89CC
output/person_terg_r2_runtime_grounding_and_full_stream_hypothesis_management_20260830/pre_reference/full_stream_q95_masks/R03ZF_SARF000292.npz,6604,C8FD2C840E557E06FA1D40024BC2498954397A0BB94C75563FD7636724AF3E1A
output/person_terg_r2_runtime_grounding_and_full_stream_hypothesis_management_20260830/pre_reference/full_stream_q95_masks/R03ZF_SARF000293.npz,6677,937791FB58D0A331C0B70B0896D4A98B98E25F4DB46D461B8189DCF87D759F5C
output/person_terg_r2_runtime_grounding_and_full_stream_hypothesis_management_20260830/pre_reference/full_stream_q95_masks/R03ZF_SARF000294.npz,6442,CC41058460A99A762FF5CCEA72DF9424CBE2652BE6F3B8CF922A4ECA01CE60BB
output/person_terg_r2_runtime_grounding_and_full_stream_hypothesis_management_20260830/pre_reference/full_stream_q95_masks/R03ZF_SARF000295.npz,6350,44BF07C348EF66837A6345C1E81865CFD1336B357E20EBBCF826A8B5EDA15B99
output/person_terg_r2_runtime_grounding_and_full_stream_hypothesis_management_20260830/pre_reference/full_stream_q95_masks/R03ZF_SARF000296.npz,6726,53928F74F131A7BF7560EA35F9F83FB78064E76FAD68449416497160FC4074FC
output/person_terg_r2_runtime_grounding_and_full_stream_hypothesis_management_20260830/pre_reference/full_stream_q95_masks/R03ZF_SARF000297.npz,6932,2BD4CD405CABF7404E6848FAFF9D1BBAFE20B41280798CDA3047EB4BCDEFBE02
output/person_terg_r2_runtime_grounding_and_full_stream_hypothesis_management_20260830/pre_reference/full_stream_q95_masks/R03ZF_SARF000298.npz,6929,EBC9E9632A86D3C9C8A7C593DC9618637971FCD72BEE832B2F12D2662F0CF9C3
output/person_terg_r2_runtime_grounding_and_full_stream_hypothesis_management_20260830/pre_reference/full_stream_q95_masks/R03ZF_SARF000299.npz,6595,76E20FB57A739B7E0CEC394C38DAC2001A7A5B2A85AC322AA55D9C51A23BC709
output/person_terg_r2_runtime_grounding_and_full_stream_hypothesis_management_20260830/pre_reference/full_stream_q95_masks/R03ZF_SARF000300.npz,6563,8687A8F3CD193B7477D53080C15950228E91C4D56D05A41722691F6E50F3F935
output/person_terg_r2_runtime_grounding_and_full_stream_hypothesis_management_20260830/pre_reference/full_stream_q95_masks/R03ZF_SARF000301.npz,6582,5209F54D20A71DC0EFD413C6CE92FC4314C387266A6B5D55A5F7B06516937A35
output/person_terg_r2_runtime_grounding_and_full_stream_hypothesis_management_20260830/pre_reference/full_stream_q95_masks/R03ZF_SARF000302.npz,6511,0AE987E616E09E01718CE1B04E63CE08D0BDA212FB289C7818EC42A2BC6CA21E
output/person_terg_r2_runtime_grounding_and_full_stream_hypothesis_management_20260830/pre_reference/full_stream_q95_masks/R03ZF_SARF000303.npz,6667,8E788AA21F8C95DDAA877D4AA631B88C435C71BAF9CD7C42E785B4644A69521E
output/person_terg_r2_runtime_grounding_and_full_stream_hypothesis_management_20260830/pre_reference/full_stream_q95_masks/R03ZF_SARF000304.npz,6675,8B82933DEC05C022DC7DB3A717CB8DD18E495F2679BD0E4A13501DC82D676B9C
output/person_terg_r2_runtime_grounding_and_full_stream_hypothesis_management_20260830/pre_reference/full_stream_q95_masks/R03ZF_SARF000305.npz,6734,01F8071BCE3C936A34566121CFA9857110699069AD88E385495FAC69BE58302D
output/person_terg_r2_runtime_grounding_and_full_stream_hypothesis_management_20260830/pre_reference/full_stream_q95_masks/R03ZF_SARF000306.npz,6619,9E70759F78266552BD6BA3BB88FBDBA720611509579B3F2339EC71A58432D0CC
output/person_terg_r2_runtime_grounding_and_full_stream_hypothesis_management_20260830/pre_reference/full_stream_q95_masks/R03ZF_SARF000307.npz,6623,D069996C40201FF73E72FB4D4CED7B240D532E9617778927CF1DA75EF75748B2
output/person_terg_r2_runtime_grounding_and_full_stream_hypothesis_management_20260830/pre_reference/full_stream_q95_masks/R03ZF_SARF000308.npz,6589,04D3C331E1F7D14B4BEEA927F6E936F37C1E00EDAB63654262E39517F5669231
output/person_terg_r2_runtime_grounding_and_full_stream_hypothesis_management_20260830/pre_reference/full_stream_q95_masks/R03ZF_SARF000309.npz,6666,5D8CCD1EBE2804BF88344B6B7A582265E400283BC140704A964993373DF3FF1D
output/person_terg_r2_runtime_grounding_and_full_stream_hypothesis_management_20260830/pre_reference/full_stream_q95_masks/R03ZF_SARF000310.npz,6598,8B9E23BC91E11D685B848106FABA858C4255C09144CB985353CC190E9BABD21F
output/person_terg_r2_runtime_grounding_and_full_stream_hypothesis_management_20260830/pre_reference/full_stream_q95_masks/R03ZF_SARF000311.npz,6840,06F375B6841257FC3754C5C19C17B9397BD1B993D1F7CD1DDAABDE7A13E90714
output/person_terg_r2_runtime_grounding_and_full_stream_hypothesis_management_20260830/pre_reference/full_stream_q95_masks/R03ZF_SARF000312.npz,6812,44E4D5379B22B9949F3E469176F9BF99BFE3527B66A4A440B6F71303934916F1
output/person_terg_r2_runtime_grounding_and_full_stream_hypothesis_management_20260830/pre_reference/full_stream_q95_masks/R03ZF_SARF000313.npz,6579,D18980FDC8B93C5177AEAA181A45E6B07985CD98A87D4736086BE6CAA3BF0040
output/person_terg_r2_runtime_grounding_and_full_stream_hypothesis_management_20260830/pre_reference/full_stream_q95_masks/R03ZF_SARF000314.npz,6671,0D87E12E9939A92A4E7F1A442D9275B9C2AEA84AB9711C1AF15670D3B48E94EA
output/person_terg_r2_runtime_grounding_and_full_stream_hypothesis_management_20260830/pre_reference/full_stream_q95_masks/R03ZF_SARF000315.npz,6476,BBD9B57C518F61BA9AD912DFA5746111C51B409F517F60E2A272A3BC718079DB
output/person_terg_r2_runtime_grounding_and_full_stream_hypothesis_management_20260830/pre_reference/full_stream_q95_masks/R03ZF_SARF000316.npz,6609,0D377B912FA6AFEF8044EF3960554C60A1DCC18239D35310DB095C16E075501F
output/person_terg_r2_runtime_grounding_and_full_stream_hypothesis_management_20260830/pre_reference/full_stream_q95_masks/R03ZF_SARF000317.npz,6809,B80387F3DEBED6601E7C7420C3E6FBB603F560805D870B12ED48225FECA069C1
output/person_terg_r2_runtime_grounding_and_full_stream_hypothesis_management_20260830/pre_reference/full_stream_q95_masks/R03ZF_SARF000318.npz,6715,702614F480890CE796800599A86B9EB0877E6277AE6040A93ECFB5C5CAFEF911
output/person_terg_r2_runtime_grounding_and_full_stream_hypothesis_management_20260830/pre_reference/full_stream_q95_masks/R03ZF_SARF000319.npz,6828,502A58196D33D87ED9818E1ADB62D240B0A05740330EDCE16BF3CAB9712FC4F5
output/person_terg_r2_runtime_grounding_and_full_stream_hypothesis_management_20260830/pre_reference/full_stream_q95_masks/R03ZF_SARF000320.npz,6755,D0BDFD13D629894B4E22C0A51770F17EF0277F147DBAD1037DA98295A7BB34C3
output/person_terg_r2_runtime_grounding_and_full_stream_hypothesis_management_20260830/pre_reference/full_stream_q95_masks/R03ZF_SARF000321.npz,6718,0621EDD5D9807C2F256968C7016ADF1B306A5D9B07FD3861AFF57DD9D67BC125
output/person_terg_r2_runtime_grounding_and_full_stream_hypothesis_management_20260830/pre_reference/full_stream_q95_masks/R03ZF_SARF000322.npz,6704,84CA880E35C320CAD9C4D6EBC029D9F0B47D4BCC60AA993BF0BDE124BAE7ECC7
output/person_terg_r2_runtime_grounding_and_full_stream_hypothesis_management_20260830/pre_reference/full_stream_q95_masks/R03ZF_SARF000323.npz,7019,50CE803D63F75D40428EB97B5BE4B9ACC3C0D395EFA26CA0A90665CBDC133A86
output/person_terg_r2_runtime_grounding_and_full_stream_hypothesis_management_20260830/pre_reference/full_stream_q95_masks/R03ZF_SARF000324.npz,6756,25814875EBA8C87883FC3074AC85F01251E760D40B7D2729837E6837049C0508
output/person_terg_r2_runtime_grounding_and_full_stream_hypothesis_management_20260830/pre_reference/full_stream_q95_masks/R03ZF_SARF000325.npz,6818,0369B27AD963A4FB211DB31CBB535DD6D939AD2F0382E0B93F629EC570BF3FF4
output/person_terg_r2_runtime_grounding_and_full_stream_hypothesis_management_20260830/pre_reference/full_stream_q95_masks/R03ZF_SARF000326.npz,6662,9B6971210B872AF34F6490CBA29D1F0DB4BC5042CC49C7144BADD0786A815C08
output/person_terg_r2_runtime_grounding_and_full_stream_hypothesis_management_20260830/pre_reference/full_stream_q95_masks/R03ZF_SARF000327.npz,6943,DFEDF269DF61684B1574AE2355710BEC810004479BE2D0D76E462C24162432E5
output/person_terg_r2_runtime_grounding_and_full_stream_hypothesis_management_20260830/pre_reference/full_stream_q95_masks/R03ZF_SARF000328.npz,6787,5AAC28797655CAC8C5618CBCCE963DCD9DDB72DDD59A8AF4D70A128DA8333376
output/person_terg_r2_runtime_grounding_and_full_stream_hypothesis_management_20260830/pre_reference/full_stream_q95_masks/R03ZF_SARF000329.npz,6461,35FEDAEA04B3F8C9B5C31816B41296D31C7B33ED538B1EDA843DBD5E9F2E2310
output/person_terg_r2_runtime_grounding_and_full_stream_hypothesis_management_20260830/pre_reference/full_stream_q95_masks/R03ZF_SARF000330.npz,6681,D1326C57549CC1E02A0B9E128055A54393E634348F9B7C2654CB3FE552EF615A
output/person_terg_r2_runtime_grounding_and_full_stream_hypothesis_management_20260830/pre_reference/full_stream_q95_masks/R03ZF_SARF000331.npz,6605,8135ECF53F7142D3677E2A3122812F9D011475E3B807483BA6B279C75870CC91
output/person_terg_r2_runtime_grounding_and_full_stream_hypothesis_management_20260830/pre_reference/full_stream_q95_masks/R03ZF_SARF000332.npz,6587,17499E323F71324D5F83BFD4CE1DFA59E42CBAFF6F1F3BAFEF73A833EC8E4CB8
output/person_terg_r2_runtime_grounding_and_full_stream_hypothesis_management_20260830/pre_reference/full_stream_q95_masks/R03ZF_SARF000333.npz,6684,EB3365ECDCC5938F77F59750E7EE5793842F22C1CF9C95469B3E084DF43D639D
output/person_terg_r2_runtime_grounding_and_full_stream_hypothesis_management_20260830/pre_reference/full_stream_q95_masks/R03ZF_SARF000334.npz,6686,21962B4D579AD641C7DECDF88B7758304593955E5180F16BF815BD3259EEA3F3
output/person_terg_r2_runtime_grounding_and_full_stream_hypothesis_management_20260830/pre_reference/full_stream_q95_masks/R03ZF_SARF000335.npz,6508,B7DAB54E2387E18598FB572BEF1CEF9A7D8C504A82F1AC1DF7E5991DD41866C8
output/person_terg_r2_runtime_grounding_and_full_stream_hypothesis_management_20260830/pre_reference/full_stream_q95_masks/R03ZF_SARF000336.npz,7080,31B3652F5EB4D38E0A092608E897B419032B0903CBFA84802D3C9066A18EF33F
output/person_terg_r2_runtime_grounding_and_full_stream_hypothesis_management_20260830/pre_reference/full_stream_q95_masks/R03ZF_SARF000337.npz,7007,5FE9B43A4FC639314D3CA55EB060ADEF955C637619509340AB02A84BBC3D7CDF
output/person_terg_r2_runtime_grounding_and_full_stream_hypothesis_management_20260830/pre_reference/full_stream_q95_masks/R03ZF_SARF000338.npz,7138,16FCC6311D8C066A5F184BE312724762CDE72C923201F6EE9DD0A119ED69B136
output/person_terg_r2_runtime_grounding_and_full_stream_hypothesis_management_20260830/pre_reference/full_stream_q95_masks/R03ZF_SARF000339.npz,6634,974D01F2E7A3CD4158437EC8A5DA2C8B690BDBF07AC2B69D88DDE048B820EAEA
output/person_terg_r2_runtime_grounding_and_full_stream_hypothesis_management_20260830/pre_reference/full_stream_q95_masks/R03ZF_SARF000340.npz,6721,E967EECE2FE48D3C70EFCDFEE38A00785703251B95F0982A01A77E767C3D816A
output/person_terg_r2_runtime_grounding_and_full_stream_hypothesis_management_20260830/pre_reference/full_stream_q95_masks/R03ZF_SARF000341.npz,6745,9BCBFE18555B1584E428BD2845D38B14D2ECE6DE9F5C7ED6D92E4E029DAC48DB
output/person_terg_r2_runtime_grounding_and_full_stream_hypothesis_management_20260830/pre_reference/full_stream_q95_masks/R03ZF_SARF000342.npz,6690,91606C569F26DB0FE2B0EB82A1CD9EC91C830918A4A18F4D9F5D68DD995075E3
output/person_terg_r2_runtime_grounding_and_full_stream_hypothesis_management_20260830/pre_reference/full_stream_q95_masks/R03ZF_SARF000343.npz,6766,6F45329C2D0DE240BE8C225B3BF9BAB6ACD61087C73A25D72FBF1C17D96508F2
output/person_terg_r2_runtime_grounding_and_full_stream_hypothesis_management_20260830/pre_reference/full_stream_q95_masks/R03ZF_SARF000344.npz,6614,9B8135853B0E41F012E3CBC76195080A8CD68122D9E4723F92660B8799EB79F7
output/person_terg_r2_runtime_grounding_and_full_stream_hypothesis_management_20260830/pre_reference/full_stream_q95_masks/R03ZF_SARF000345.npz,6660,A317A87535F022AB6DB437184F6F4AC77525E3C0C199A7CBB304C8AFB3FC1631
output/person_terg_r2_runtime_grounding_and_full_stream_hypothesis_management_20260830/pre_reference/full_stream_q95_masks/R03ZF_SARF000346.npz,6716,9F0BA662783725B690565CA3EA10F505C900B8D91271FDED65D76C12DFAAA8CD
output/person_terg_r2_runtime_grounding_and_full_stream_hypothesis_management_20260830/pre_reference/full_stream_q95_masks/R03ZF_SARF000347.npz,6800,27F71A00734B64570A2F9D641C2D95E917D2281AAC6853131064924374EFB1F3
output/person_terg_r2_runtime_grounding_and_full_stream_hypothesis_management_20260830/pre_reference/full_stream_q95_masks/R03ZF_SARF000348.npz,6747,CEB332F20BAA15D34E98F9FD6DEC8E7BBAC4985A5A11A852556B82878F537D43
output/person_terg_r2_runtime_grounding_and_full_stream_hypothesis_management_20260830/pre_reference/full_stream_q95_masks/R03ZF_SARF000349.npz,6895,29A92139621EA43BB4C1C207E4D50C694B0BBCEE6BE548DEB435E8E49BED74EB
output/person_terg_r2_runtime_grounding_and_full_stream_hypothesis_management_20260830/pre_reference/full_stream_q95_masks/R03ZF_SARF000350.npz,6746,994F7FC1B9D0B892256924C6E95298D20923DAC7F62861A37084D32734673B8F
output/person_terg_r2_runtime_grounding_and_full_stream_hypothesis_management_20260830/pre_reference/full_stream_q95_masks/R03ZF_SARF000351.npz,6717,7CFC39636FBBAFB417C7EDF3575F382C6EFD49E461AA037111A6A26F1A47C726
output/person_terg_r2_runtime_grounding_and_full_stream_hypothesis_management_20260830/pre_reference/full_stream_q95_masks/R03ZF_SARF000352.npz,6630,435A1E158DC943352F5341386B70CCB3758E3F2EEC42B03ACEFCB5A0515D1240
output/person_terg_r2_runtime_grounding_and_full_stream_hypothesis_management_20260830/pre_reference/full_stream_q95_masks/R03ZF_SARF000353.npz,6971,60F75187DB1A9723A58532BECC42342077350720ED6073495EAC67AF676B0573
output/person_terg_r2_runtime_grounding_and_full_stream_hypothesis_management_20260830/pre_reference/full_stream_q95_masks/R03ZF_SARF000354.npz,7015,CE0191FF034781CD2A9631A61FB56BD0440F84AEF722D78649F3C607C35ACD93
output/person_terg_r2_runtime_grounding_and_full_stream_hypothesis_management_20260830/pre_reference/full_stream_q95_masks/R03ZF_SARF000355.npz,6938,83FA9E545FA4D86353501EDF62FA346D1BB19F2C61A550C5D330A7C6BE14C599
output/person_terg_r2_runtime_grounding_and_full_stream_hypothesis_management_20260830/pre_reference/full_stream_q95_masks/R03ZF_SARF000356.npz,6940,E81A1DC325D80C97BFC144C77141338F48C4C4DD5DBEEDD00FCBF1C2A1AAD91D
output/person_terg_r2_runtime_grounding_and_full_stream_hypothesis_management_20260830/pre_reference/full_stream_q95_masks/R03ZF_SARF000357.npz,7071,E1549C6911F988204316C6F21BF329320AEC5BAFCA761FD4689FA328F54878E2
output/person_terg_r2_runtime_grounding_and_full_stream_hypothesis_management_20260830/pre_reference/full_stream_q95_masks/R03ZF_SARF000358.npz,7116,17AF3366AE851EA5C6196AA7F91A0D0C4D842B7D4DBF60B822CA505DE960081B
output/person_terg_r2_runtime_grounding_and_full_stream_hypothesis_management_20260830/pre_reference/full_stream_q95_masks/R03ZF_SARF000359.npz,6978,7FA3288C425D1282C3DA3144B17E803A15E76F3575CAD3AA3042F89942A43A6A
output/person_terg_r2_runtime_grounding_and_full_stream_hypothesis_management_20260830/pre_reference/full_stream_q95_masks/R03ZF_SARF000360.npz,6763,6B657C1CA4A241A32A398801AE72EE6228F332F1CEF3D7CCD859D7F648F58ABA
output/person_terg_r2_runtime_grounding_and_full_stream_hypothesis_management_20260830/pre_reference/full_stream_q95_masks/R03ZF_SARF000361.npz,6740,831467CDA66C163D3B57A991F4C76EC58276A22BA1F36544FB41F8F7A4FADA4D
output/person_terg_r2_runtime_grounding_and_full_stream_hypothesis_management_20260830/pre_reference/full_stream_q95_masks/R03ZF_SARF000362.npz,6515,14257BE55DA422B25E40D6D30BCED887071935D3997FD2CDBB5561D923BB2B88
output/person_terg_r2_runtime_grounding_and_full_stream_hypothesis_management_20260830/pre_reference/full_stream_q95_masks/R03ZF_SARF000363.npz,6592,16232CE9A203C4CFDF22C9497DAFBE15D29818E4D6DB5AC955EBC1959BE0667B
output/person_terg_r2_runtime_grounding_and_full_stream_hypothesis_management_20260830/pre_reference/full_stream_q95_masks/R03ZF_SARF000364.npz,6557,974F61B5C93291FCE6018C0DE6B8A4BFDF9F2ABC408F60952751D3E2AFD23EBD
output/person_terg_r2_runtime_grounding_and_full_stream_hypothesis_management_20260830/pre_reference/full_stream_q95_masks/R03ZF_SARF000365.npz,6662,C9FA311460A09979D53102EF32A15F55B772CF433DEDE4EB417DB91D2C1C87AE
output/person_terg_r2_runtime_grounding_and_full_stream_hypothesis_management_20260830/pre_reference/full_stream_q95_masks/R03ZF_SARF000366.npz,6549,6E5974EF5EC4B34D479ED23B02B5BF663F0E09674401B25CA128556C995B784A
output/person_terg_r2_runtime_grounding_and_full_stream_hypothesis_management_20260830/pre_reference/full_stream_q95_masks/R03ZF_SARF000367.npz,6931,F995C93FDD054323B79EF802DA7D3DBAC44047F9F29CC0FEBC3CB5B87196DC87
output/person_terg_r2_runtime_grounding_and_full_stream_hypothesis_management_20260830/pre_reference/full_stream_q95_masks/R03ZF_SARF000368.npz,6548,321909A92FE534A08C4C1AB48B4ECABA9EE5ED3623D4A0A2B8B84A82F6B4A588
output/person_terg_r2_runtime_grounding_and_full_stream_hypothesis_management_20260830/pre_reference/full_stream_q95_masks/R03ZF_SARF000369.npz,6643,FEFB60271FB91857FD0DFAA6B5E012FE70A56AA39443C6D6A8C73EB8C44E7C73
output/person_terg_r2_runtime_grounding_and_full_stream_hypothesis_management_20260830/pre_reference/full_stream_q95_masks/R03ZF_SARF000370.npz,6703,DCD3660F77D8F6CBBE718D24B75EA8493D9CCFD12BEFCCF579621BE7558022C0
output/person_terg_r2_runtime_grounding_and_full_stream_hypothesis_management_20260830/pre_reference/full_stream_q95_masks/R03ZF_SARF000371.npz,6649,98C4051F77DD9C448393087B82B47AC607780B8FEFDF5D37DF8DAB1E58463C6A
output/person_terg_r2_runtime_grounding_and_full_stream_hypothesis_management_20260830/pre_reference/full_stream_q95_masks/R03ZF_SARF000372.npz,6769,0F799D982FBF65A93641BDC98FD3930A8B645178D7E606B72F7C8E16505D69E2
output/person_terg_r2_runtime_grounding_and_full_stream_hypothesis_management_20260830/pre_reference/full_stream_q95_masks/R03ZF_SARF000373.npz,7100,B21F10B5102569AAB2C984414C50E8D7AB87F645EEB5309DF22AFE7CE78CA308
output/person_terg_r2_runtime_grounding_and_full_stream_hypothesis_management_20260830/pre_reference/full_stream_q95_masks/R03ZF_SARF000374.npz,7096,F1A255084CBB4324397A0EE7AE67802B91B2C12293E6A9C3B45E98A031AEDF50
output/person_terg_r2_runtime_grounding_and_full_stream_hypothesis_management_20260830/pre_reference/full_stream_q95_masks/R03ZF_SARF000375.npz,6909,3C500E76F0320B0AEC4B0BCBB7D41BC464FCC1FA3BFE42815AE1E7D39DD4AA6E
output/person_terg_r2_runtime_grounding_and_full_stream_hypothesis_management_20260830/pre_reference/full_stream_q95_masks/R03ZF_SARF000376.npz,6885,B03ACC664294AE060183FDCAD79A33EAAD158462F4EB9814D36CB4582967E2AB
output/person_terg_r2_runtime_grounding_and_full_stream_hypothesis_management_20260830/pre_reference/full_stream_q95_masks/R03ZF_SARF000377.npz,6799,0A09D4382BDC597822B6251C3320F1B281E293D61C472D047E17663A59F812F2
output/person_terg_r2_runtime_grounding_and_full_stream_hypothesis_management_20260830/pre_reference/full_stream_q95_masks/R03ZF_SARF000378.npz,6796,414EE41863274D422A4C3D93C3C70BB0D9E1586AA48423C1EF3037FEA39D4131
output/person_terg_r2_runtime_grounding_and_full_stream_hypothesis_management_20260830/pre_reference/full_stream_q95_masks/R03ZF_SARF000379.npz,6890,FF4E9854DC9A116975360C58646D2A1112EFD279D6DBAC778E849124F214951A
output/person_terg_r2_runtime_grounding_and_full_stream_hypothesis_management_20260830/pre_reference/full_stream_q95_masks/R03ZF_SARF000380.npz,7042,59031C6B396CE915B199A485411E67EE7C409F7F8B39834C239539FA74F28227
output/person_terg_r2_runtime_grounding_and_full_stream_hypothesis_management_20260830/pre_reference/full_stream_q95_masks/R03ZF_SARF000381.npz,6958,9AC7AC52DED9D2188A215D3B6D7CEB94467DAF207259E065C4F1B324C48D94E3
output/person_terg_r2_runtime_grounding_and_full_stream_hypothesis_management_20260830/pre_reference/full_stream_q95_masks/R03ZF_SARF000382.npz,7116,8601F5D8E52C17FCC2203FBD326D56F433DDF1ADBE17DCD8A863459712DB207D
output/person_terg_r2_runtime_grounding_and_full_stream_hypothesis_management_20260830/pre_reference/full_stream_q95_masks/R03ZF_SARF000383.npz,6892,087E884A7293790A917CAEE40502B691B2A23152F0B880BAB787277E4686F60B
output/person_terg_r2_runtime_grounding_and_full_stream_hypothesis_management_20260830/pre_reference/full_stream_q95_masks/R03ZF_SARF000384.npz,7683,0AEABCA4C70EA677A46B51359B9AB959C12E785297014E4D3683CBFCB74BE97F
output/person_terg_r2_runtime_grounding_and_full_stream_hypothesis_management_20260830/pre_reference/full_stream_q95_masks/R03ZF_SARF000385.npz,7249,14E2D67A28A9B7C784141A2B68C8CCF57553A49BAA052BBF21709A388D909E2B
output/person_terg_r2_runtime_grounding_and_full_stream_hypothesis_management_20260830/pre_reference/full_stream_q95_masks/R03ZF_SARF000386.npz,7255,495A5A4469321828E499C8CBA41A1A9A8191CD117FBB8DCE6F89D34C936E1E3F
output/person_terg_r2_runtime_grounding_and_full_stream_hypothesis_management_20260830/pre_reference/full_stream_q95_masks/R03ZF_SARF000387.npz,6752,D4A615C4CA88811D35BFD3A951FA689D4567CB98F907C5E86DA9B8DB08911617
output/person_terg_r2_runtime_grounding_and_full_stream_hypothesis_management_20260830/pre_reference/full_stream_q95_masks/R03ZF_SARF000388.npz,7131,32F2F2BB5D80F68EC8F2DAADACCAB00516D8E275EE7E3BF72722BE52F06450ED
output/person_terg_r2_runtime_grounding_and_full_stream_hypothesis_management_20260830/pre_reference/full_stream_q95_masks/R03ZF_SARF000389.npz,7048,47DCA12E217267034A1114B0A4EFF0CE532A9565AD770806D90E08C5A37F1A16
output/person_terg_r2_runtime_grounding_and_full_stream_hypothesis_management_20260830/pre_reference/full_stream_q95_masks/R03ZF_SARF000390.npz,7254,B7EC47FD394C57ADFA012567DE9FC407CC7A45AEAC91CAC817B6CB7636AAC395
output/person_terg_r2_runtime_grounding_and_full_stream_hypothesis_management_20260830/pre_reference/full_stream_q95_masks/R03ZF_SARF000391.npz,6577,2984ABF032A600E7306FA2844273E324E105DC71BB94BE0E54400DB0EE939696
output/person_terg_r2_runtime_grounding_and_full_stream_hypothesis_management_20260830/pre_reference/full_stream_q95_masks/R03ZF_SARF000392.npz,7071,1F58DC7F8E2471F8FDDF62DB749D589F104C599340FFEADD626D5F99290C720E
output/person_terg_r2_runtime_grounding_and_full_stream_hypothesis_management_20260830/pre_reference/full_stream_q95_masks/R03ZF_SARF000393.npz,6369,8D204CE8FF62A3EBFDBA5138DF35B110E53455B1D91118175C585F017FF43D68
output/person_terg_r2_runtime_grounding_and_full_stream_hypothesis_management_20260830/pre_reference/full_stream_q95_masks/R03ZF_SARF000394.npz,6858,571CE36995AADA69E8DF3F8C36531257406612A247C22BD23679D6152BC8C014
output/person_terg_r2_runtime_grounding_and_full_stream_hypothesis_management_20260830/pre_reference/full_stream_q95_masks/R03ZF_SARF000395.npz,6785,9FF6C437C5193E1F178814979E23CEDDF99E4E214B5CA4DF622B50FBE6BA6CFF
output/person_terg_r2_runtime_grounding_and_full_stream_hypothesis_management_20260830/pre_reference/full_stream_q95_masks/R03ZF_SARF000396.npz,6900,BEA6407117C09DA0F4912303A7E2E7C0C3D7E30FED0841D2A7ABDBCBE84E62C3
output/person_terg_r2_runtime_grounding_and_full_stream_hypothesis_management_20260830/pre_reference/full_stream_q95_masks/R03ZF_SARF000397.npz,6691,F70E707E126BDE9730071711954E24B794F8846E50D6DBBADF7EE33E35FC75BD
output/person_terg_r2_runtime_grounding_and_full_stream_hypothesis_management_20260830/pre_reference/full_stream_q95_masks/R03ZF_SARF000398.npz,6595,F7F5272A3CBD1CE1AF93007AB5D65E4253223DF443F0F1844169E9A09BC58216
output/person_terg_r2_runtime_grounding_and_full_stream_hypothesis_management_20260830/pre_reference/full_stream_q95_masks/R03ZF_SARF000399.npz,6655,2BBBC590F055B0384DF2B38B004652AA270736686B66C9EA2C9E849F6EB546C3
output/person_terg_r2_runtime_grounding_and_full_stream_hypothesis_management_20260830/pre_reference/full_stream_q95_masks/R03ZF_SARF000400.npz,6662,F1ED0363FC4793B9EF606A0B974BEDB26D287D5D58B070CFB26821CE72405ACB
output/person_terg_r2_runtime_grounding_and_full_stream_hypothesis_management_20260830/pre_reference/full_stream_q95_masks/R03ZF_SARF000401.npz,6778,7BC5D1699E4EA2DCA16C146AD4EC4FEF1453361494F45FC233FF10D217212898
output/person_terg_r2_runtime_grounding_and_full_stream_hypothesis_management_20260830/pre_reference/full_stream_q95_masks/R03ZF_SARF000402.npz,6503,6BCF08A4E1611CB65B83D91DA56267919BC4E1DE2AB442DD7247076BA51F5EA2
output/person_terg_r2_runtime_grounding_and_full_stream_hypothesis_management_20260830/pre_reference/full_stream_q95_masks/R03ZF_SARF000403.npz,6541,00F9FE7459E9A659E0AE53820718B6E15D8693C6233B27DEA51FE4E950EEB014
output/person_terg_r2_runtime_grounding_and_full_stream_hypothesis_management_20260830/pre_reference/full_stream_q95_masks/R03ZF_SARF000404.npz,6458,3877E00ACFDF40986E5B9EA70BB6641EBDC601FC6D7B0D9AFBFF8C0E00A94DE3
output/person_terg_r2_runtime_grounding_and_full_stream_hypothesis_management_20260830/pre_reference/full_stream_q95_masks/R03ZF_SARF000405.npz,6607,C0CE662B45080903C9D80F766BD31F2DD6EAD82EAF032D6A861D2FC932E5F0EC
output/person_terg_r2_runtime_grounding_and_full_stream_hypothesis_management_20260830/pre_reference/full_stream_q95_masks/R03ZF_SARF000406.npz,6415,4CF5DFCD9A7EA23B7DC3AEC12ACD11C0EE2673D01023B6A8FB290F47ED974858
output/person_terg_r2_runtime_grounding_and_full_stream_hypothesis_management_20260830/pre_reference/full_stream_q95_masks/R03ZF_SARF000407.npz,6667,FB1E2F97AE4C20CD4E4B5D5851F54736E08C4C9D475FE02A3561CA939828B977
output/person_terg_r2_runtime_grounding_and_full_stream_hypothesis_management_20260830/pre_reference/full_stream_q95_masks/R03ZF_SARF000408.npz,6325,2132F5C09A1794D6B51F19D36863DC94CF94F91F059C3CA1B3924A6978D055FC
output/person_terg_r2_runtime_grounding_and_full_stream_hypothesis_management_20260830/pre_reference/full_stream_q95_masks/R03ZF_SARF000409.npz,6421,C1D99D6D00D11088046101D56FCB8DC34D8B93D4A53912F55A94EB8F2460FD20
output/person_terg_r2_runtime_grounding_and_full_stream_hypothesis_management_20260830/pre_reference/full_stream_q95_masks/R03ZF_SARF000410.npz,6180,169A92BAD6B102D5BABD843B9535E88F25EDDCD1D76951DF076AC3107B524B6F
output/person_terg_r2_runtime_grounding_and_full_stream_hypothesis_management_20260830/pre_reference/full_stream_q95_masks/R03ZF_SARF000411.npz,6160,23442D0A56DE99C5752B3A3592639BAFE5B0E1342C8FE94C506031009966030F
output/person_terg_r2_runtime_grounding_and_full_stream_hypothesis_management_20260830/pre_reference/full_stream_q95_masks/R03ZF_SARF000412.npz,6261,9F8400910B8E2604661D5FD4059C86F0EB037D3A73F46AB3C2131E6297F15E59
output/person_terg_r2_runtime_grounding_and_full_stream_hypothesis_management_20260830/pre_reference/full_stream_q95_masks/R03ZF_SARF000413.npz,6366,5CED5698066F785BE889A45DA93F07FB0DBD7E77D3D80B2E4FA6AC3CB5D6C063
output/person_terg_r2_runtime_grounding_and_full_stream_hypothesis_management_20260830/pre_reference/full_stream_q95_masks/R03ZF_SARF000414.npz,6287,0C3516D23A6492176DC5B7158F2DE82C432D790C0A9FF01E806D5FBE8384B979
output/person_terg_r2_runtime_grounding_and_full_stream_hypothesis_management_20260830/pre_reference/full_stream_q95_masks/R03ZF_SARF000415.npz,6538,57102BBBC9CFABB0BA73E09C9863D906B3E77B6B742880247C8081BBF4CCF4BB
output/person_terg_r2_runtime_grounding_and_full_stream_hypothesis_management_20260830/pre_reference/full_stream_q95_masks/R03ZF_SARF000416.npz,6526,867FE6504AD5B9A019D1915EFE014478FF256474D607C95F5476794980029699
output/person_terg_r2_runtime_grounding_and_full_stream_hypothesis_management_20260830/pre_reference/full_stream_q95_masks/R03ZF_SARF000417.npz,6433,5B33BD8F91EEE43265383C4FE9A76D5C6C1C51169B4E259FA17A0DA07EF58BFE
output/person_terg_r2_runtime_grounding_and_full_stream_hypothesis_management_20260830/pre_reference/full_stream_q95_masks/R03ZF_SARF000418.npz,6206,8544E12FEE2C0804D1018630197078EEB23D3ED5D5F4CEF619DE7367F5F0876E
output/person_terg_r2_runtime_grounding_and_full_stream_hypothesis_management_20260830/pre_reference/full_stream_q95_masks/R03ZF_SARF000419.npz,6317,F3B45EC6656188F0C4E9D6FCF204048FC207663FD1F550B6A4E124B0354C228F
output/person_terg_r2_runtime_grounding_and_full_stream_hypothesis_management_20260830/pre_reference/full_stream_q95_masks/R03ZF_SARF000420.npz,6355,AD6FCD7F4A511E1A1A3A6C62AF197E293FE667E687397E6BCE3FAD641AEECAF1
output/person_terg_r2_runtime_grounding_and_full_stream_hypothesis_management_20260830/pre_reference/full_stream_q95_masks/R03ZF_SARF000421.npz,6395,992D5D27DB6568D77147CDB5EDC1C17118C80EDB9D012012EEF3E3E43E1D2B13
output/person_terg_r2_runtime_grounding_and_full_stream_hypothesis_management_20260830/pre_reference/full_stream_q95_masks/R03ZF_SARF000422.npz,6431,733DDC2204A03FC15C356026563FC8103DF74D189D1AE4B823911C8F4A0C6BDA
output/person_terg_r2_runtime_grounding_and_full_stream_hypothesis_management_20260830/pre_reference/full_stream_q95_masks/R03ZF_SARF000423.npz,6885,EE0C1FBF1347463ADB7C836283560E73A4FA35C1CF055AB2CF6AB70A3662DF16
output/person_terg_r2_runtime_grounding_and_full_stream_hypothesis_management_20260830/pre_reference/full_stream_q95_masks/R03ZF_SARF000424.npz,7687,D236ACF671E5595CB701658ACD5B2B6C7937AF639EB0E237A5C9F643BE230860
output/person_terg_r2_runtime_grounding_and_full_stream_hypothesis_management_20260830/pre_reference/full_stream_q95_masks/R03ZF_SARF000425.npz,7497,EDA3243993EE0DCB8C3E7B2E9F8F867B089AA0F70BC687772CA96C1AB560C88A
output/person_terg_r2_runtime_grounding_and_full_stream_hypothesis_management_20260830/pre_reference/full_stream_q95_masks/R03ZF_SARF000426.npz,7212,454EDA824173D508EB125628CA442BC1D22E001155F1589502D4F7319DD312FE
output/person_terg_r2_runtime_grounding_and_full_stream_hypothesis_management_20260830/pre_reference/full_stream_q95_masks/R03ZF_SARF000427.npz,6939,2D20678B07207A9A9054FA7CE1A50203FE1A8C171DF7E5B899ACDCCFEF4EDF93
output/person_terg_r2_runtime_grounding_and_full_stream_hypothesis_management_20260830/pre_reference/full_stream_q95_masks/R03ZF_SARF000428.npz,6963,3034EB9176C29B6A56BD6EF6C4B1B7370D7DDFFC1102FE7E7D07665C525A0A9B
output/person_terg_r2_runtime_grounding_and_full_stream_hypothesis_management_20260830/pre_reference/full_stream_q95_masks/R03ZF_SARF000429.npz,7299,C1FAFD877C9AA96752B3E5E15DF99D3056072F181BF60A80C8E573647CEFA186
output/person_terg_r2_runtime_grounding_and_full_stream_hypothesis_management_20260830/pre_reference/full_stream_q95_masks/R03ZF_SARF000430.npz,7602,0C6F19764CD133A34237966DCE2B4219AC3066E7AF5CC5115B59E7567A78DD94
output/person_terg_r2_runtime_grounding_and_full_stream_hypothesis_management_20260830/pre_reference/full_stream_q95_masks/R03ZF_SARF000431.npz,7853,EA46B96776FD406070997FF75F8A13BEC069AB41E7C10B9CB11E4BBA192FF981
output/person_terg_r2_runtime_grounding_and_full_stream_hypothesis_management_20260830/pre_reference/full_stream_q95_masks/R03ZF_SARF000432.npz,8078,EB8A439721931FB318D9F805DE17BD349054D1B20861D312566031D83F901D8D
output/person_terg_r2_runtime_grounding_and_full_stream_hypothesis_management_20260830/pre_reference/full_stream_q95_masks/R03ZF_SARF000433.npz,7703,F8FF0331031CCE1CC8265810F2D6AA6D597E9D3A314638EECFD35420E5EF32CA
output/person_terg_r2_runtime_grounding_and_full_stream_hypothesis_management_20260830/pre_reference/full_stream_q95_masks/R03ZF_SARF000434.npz,6811,22474BB95C3F55400B57321084257673BF5A49A0680ECE9D94430C10AC88F1C8
output/person_terg_r2_runtime_grounding_and_full_stream_hypothesis_management_20260830/pre_reference/full_stream_q95_masks/R03ZF_SARF000435.npz,7212,25B3E0E088442F9C2BE79508C8124BCAE94D379BAE52FE98ADE69348518E2772
output/person_terg_r2_runtime_grounding_and_full_stream_hypothesis_management_20260830/pre_reference/full_stream_q95_masks/R03ZF_SARF000436.npz,6858,CE3ECCFA64A84CE7620303EFD11F6B0F0DC1BD871117D31C31A6F9E7ADE52538
output/person_terg_r2_runtime_grounding_and_full_stream_hypothesis_management_20260830/pre_reference/full_stream_q95_masks/R03ZF_SARF000437.npz,7437,6478A07884D03D38368A7F222A2B5594D20BB595CD006E0FE8E8590E12329850
output/person_terg_r2_runtime_grounding_and_full_stream_hypothesis_management_20260830/pre_reference/full_stream_q95_masks/R03ZF_SARF000438.npz,7646,AD5516AE1ED944D05603C7E23F0AB332F26EC5CFF14B2D4AF65B17CCE132B7F0
output/person_terg_r2_runtime_grounding_and_full_stream_hypothesis_management_20260830/pre_reference/full_stream_q95_masks/R03ZF_SARF000439.npz,7848,940BEB93B2844DE06E56292541266621B1654C734D4DA44C0D3076668AC53FAB
output/person_terg_r2_runtime_grounding_and_full_stream_hypothesis_management_20260830/pre_reference/full_stream_q95_masks/R03ZF_SARF000440.npz,7753,B83DF9A1ACCC6AF93C3A88B4AA5FC22F03A0AC743A85626F14461A27A227016F
output/person_terg_r2_runtime_grounding_and_full_stream_hypothesis_management_20260830/pre_reference/full_stream_q95_masks/R03ZF_SARF000441.npz,7709,2143575B528B7F3EB1093DA1F8F601B42A36A5942B0812DF30B84323C777E8C5
output/person_terg_r2_runtime_grounding_and_full_stream_hypothesis_management_20260830/pre_reference/full_stream_q95_masks/R03ZF_SARF000442.npz,6805,A852939A1146C8BB15A664663C914073F377DE3601C22B8BA4B8206440DA9B57
output/person_terg_r2_runtime_grounding_and_full_stream_hypothesis_management_20260830/pre_reference/full_stream_q95_masks/R03ZF_SARF000443.npz,6877,8BCD82A6528DC765FD0C846A95EB107BA2162DC5976F31E96D1EB10DF9FEBE0B
output/person_terg_r2_runtime_grounding_and_full_stream_hypothesis_management_20260830/pre_reference/full_stream_q95_masks/R03ZF_SARF000444.npz,6672,F2AF6C5E844223AF34E3EA70FA821D9808A2AE1B9D74E3E83F3B541FEF2A0D42
output/person_terg_r2_runtime_grounding_and_full_stream_hypothesis_management_20260830/pre_reference/full_stream_q95_masks/R03ZF_SARF000445.npz,7012,941A088D76010FC56FB1DD5FFF90F18C8FE16D31AE70D4D922B9946168F73A94
output/person_terg_r2_runtime_grounding_and_full_stream_hypothesis_management_20260830/pre_reference/full_stream_q95_masks/R03ZF_SARF000446.npz,6751,7828C7C8A594BC55E7F3070B16E69C0F38AEF6622CD2A88CD7C4D9CDC92EC6CB
output/person_terg_r2_runtime_grounding_and_full_stream_hypothesis_management_20260830/pre_reference/full_stream_q95_masks/R03ZF_SARF000447.npz,6752,AAB069FE13F07D80C89AD920DD8A49BB3DCEF259836D3A108B3AAA47B9DB64A6
output/person_terg_r2_runtime_grounding_and_full_stream_hypothesis_management_20260830/pre_reference/full_stream_q95_masks/R03ZF_SARF000448.npz,6645,B19F1763F82B2296E6FE4C129900A89C9360CCBD6B6969A5DF216731D15991F9
output/person_terg_r2_runtime_grounding_and_full_stream_hypothesis_management_20260830/pre_reference/full_stream_q95_masks/R03ZF_SARF000449.npz,6515,FB66858462755D557C07C1F2D5536B370BB871AD1307472D2AC95E2D33411C32
output/person_terg_r2_runtime_grounding_and_full_stream_hypothesis_management_20260830/pre_reference/full_stream_q95_masks/R03ZF_SARF000450.npz,6602,356DA6DEECCEE993CA57581DA15F6F5A6D10091A87CCDDE2B6AF53F5ED40D8D3
output/person_terg_r2_runtime_grounding_and_full_stream_hypothesis_management_20260830/pre_reference/full_stream_q95_masks/R03ZF_SARF000451.npz,6563,C7AA1EB2478438D04B2A2BD1C101311824BB08BFBA116F43127539E1C0F404EE
output/person_terg_r2_runtime_grounding_and_full_stream_hypothesis_management_20260830/pre_reference/full_stream_q95_masks/R03ZF_SARF000452.npz,6570,117176BA7558597151DBC59D3A2108CB776288A1D5C02AC479820BD93D4B38AB
output/person_terg_r2_runtime_grounding_and_full_stream_hypothesis_management_20260830/pre_reference/full_stream_q95_masks/R03ZF_SARF000453.npz,6800,B4415A63B6B29751F8EC301E60056650275BA87D013667EB5424F2F22113A083
output/person_terg_r2_runtime_grounding_and_full_stream_hypothesis_management_20260830/pre_reference/full_stream_q95_masks/R03ZF_SARF000454.npz,6544,97A4E34C3C991D4EA2F727C7C8D9B05CFCD960643BC6A2D5A70D2130A64A0AEF
output/person_terg_r2_runtime_grounding_and_full_stream_hypothesis_management_20260830/pre_reference/full_stream_q95_masks/R03ZF_SARF000455.npz,6697,3AB47F076A6827DC9CDF45C8AD541F54B12F8793C7A4382B1DB7CDB2586C93D8
output/person_terg_r2_runtime_grounding_and_full_stream_hypothesis_management_20260830/pre_reference/full_stream_q95_masks/R03ZF_SARF000456.npz,6622,E3CEA717F9A288839115AFF9D2C61186BE958F59792C6A9E61E81656368DAE7C
output/person_terg_r2_runtime_grounding_and_full_stream_hypothesis_management_20260830/pre_reference/full_stream_q95_masks/R03ZF_SARF000457.npz,6617,79F74F45A3DD3FB8899879CE614256B005929C5F5A4372ED9F1647F07974DC2E
output/person_terg_r2_runtime_grounding_and_full_stream_hypothesis_management_20260830/pre_reference/full_stream_q95_masks/R03ZF_SARF000458.npz,6716,1C175B80B60AC926762B49D85E6A265116E3BEC517192F80879873C7EA4F9142
output/person_terg_r2_runtime_grounding_and_full_stream_hypothesis_management_20260830/pre_reference/full_stream_q95_masks/R03ZF_SARF000459.npz,7019,8AE1EF58342DB4B6B18368876AE38F4FA9CC07A32F2FE296BCED135456FEBFF5
output/person_terg_r2_runtime_grounding_and_full_stream_hypothesis_management_20260830/pre_reference/full_stream_q95_masks/R03ZF_SARF000460.npz,6926,A6A2A926F4D33C6B48047A01DCF60586C2A4E468CE4051B853A806813B825EE1
output/person_terg_r2_runtime_grounding_and_full_stream_hypothesis_management_20260830/pre_reference/full_stream_q95_masks/R03ZF_SARF000461.npz,6770,EA58A66413B185162F0558AFA1457A763EAF2AF49B5BBD27ADFD91C57024F5FE
output/person_terg_r2_runtime_grounding_and_full_stream_hypothesis_management_20260830/pre_reference/full_stream_q95_masks/R03ZF_SARF000462.npz,6605,66BCD06CB1CC01D7BDD98677A0C7D90D53B4061B4E5FF168EC579D204D5BF370
output/person_terg_r2_runtime_grounding_and_full_stream_hypothesis_management_20260830/pre_reference/full_stream_q95_masks/R03ZF_SARF000463.npz,6413,78AAD07C4C8F94E67E50969D9AAF096FBCD36C9378D3EE089B7579FC6D1D404F
output/person_terg_r2_runtime_grounding_and_full_stream_hypothesis_management_20260830/pre_reference/full_stream_q95_masks/R03ZF_SARF000464.npz,6702,0EF049461DEC64A87F7740BE4E74BC53C3C28178696292BF327B60548DCACC2B
output/person_terg_r2_runtime_grounding_and_full_stream_hypothesis_management_20260830/pre_reference/full_stream_q95_masks/R03ZF_SARF000465.npz,6948,2ECFD2CF6D5F227D16B6397E54448685D99D6CBD89D137F5FCADA670F0DA8AEE
output/person_terg_r2_runtime_grounding_and_full_stream_hypothesis_management_20260830/pre_reference/full_stream_q95_masks/R03ZF_SARF000466.npz,6424,18BC99BD4ED965174163E2EE07CD2A8958CB3ECAB33979218A8C7BCB027EF5C1
output/person_terg_r2_runtime_grounding_and_full_stream_hypothesis_management_20260830/pre_reference/full_stream_q95_masks/R03ZF_SARF000467.npz,6983,56EEB457235FA474F9B51EE682192E5BE88BD0AE26951DF301ACD607574F6E6B
output/person_terg_r2_runtime_grounding_and_full_stream_hypothesis_management_20260830/pre_reference/full_stream_q95_masks/R03ZF_SARF000468.npz,6662,E61F55D8D40AA80B60A437D0921D7BDED2E7C76E44FEBBFEE4D91AB1A57003C0
output/person_terg_r2_runtime_grounding_and_full_stream_hypothesis_management_20260830/pre_reference/full_stream_q95_masks/R03ZF_SARF000469.npz,6525,09E07C48FB9F74C7FA966826EF53647E7CDF42D9F2356CFF8D54F9E530191232
output/person_terg_r2_runtime_grounding_and_full_stream_hypothesis_management_20260830/pre_reference/full_stream_q95_masks/R03ZF_SARF000470.npz,6485,4F5D4AA9DA344A51467B8E2C3405E9D0EEB9AF9BFF047FA7E851B6B2117B345F
output/person_terg_r2_runtime_grounding_and_full_stream_hypothesis_management_20260830/pre_reference/full_stream_q95_masks/R03ZF_SARF000471.npz,6725,B8AE318D5A3FBE0D6945E5831C36643F19F6228C93E0B58F3081FA806767C5D9
output/person_terg_r2_runtime_grounding_and_full_stream_hypothesis_management_20260830/pre_reference/full_stream_q95_masks/R03ZF_SARF000472.npz,6997,325227798C785A5B81E4B6C16CBAA2F7FBB12011AAA7A6794DB92AECF15D2E4A
output/person_terg_r2_runtime_grounding_and_full_stream_hypothesis_management_20260830/pre_reference/full_stream_q95_masks/R03ZF_SARF000473.npz,7016,6EEE7399EAE32D6CF8391BFB41AD560E8FA7F06623B36DE701C825AFA37F959B
output/person_terg_r2_runtime_grounding_and_full_stream_hypothesis_management_20260830/pre_reference/full_stream_q95_masks/R03ZF_SARF000474.npz,6880,80D6473D0DC5C71456158CF4DB3AC98DA76C4560AC952ED3C0727078578A6F7D
output/person_terg_r2_runtime_grounding_and_full_stream_hypothesis_management_20260830/pre_reference/full_stream_q95_masks/R03ZF_SARF000475.npz,6751,99EE103872874AF3B382E45498C547DE6B10B7F3163FF8E565277E523FE88CE1
output/person_terg_r2_runtime_grounding_and_full_stream_hypothesis_management_20260830/pre_reference/full_stream_q95_masks/R03ZF_SARF000476.npz,7187,25B6ED089C4B9B31CC85C4876EF10B2A40C80AAED648A589FAF2CD93D9031117
output/person_terg_r2_runtime_grounding_and_full_stream_hypothesis_management_20260830/pre_reference/full_stream_q95_masks/R03ZF_SARF000477.npz,7026,36186F22ED1F725C0990C987DB3A10F348739CB4F48597D461BCD26241EC91B7
output/person_terg_r2_runtime_grounding_and_full_stream_hypothesis_management_20260830/pre_reference/full_stream_q95_masks/R03ZF_SARF000478.npz,6925,5ED2CBF9627CAF57D28A003D6A00918E8578D247129AAABB26C55C5C82661570
output/person_terg_r2_runtime_grounding_and_full_stream_hypothesis_management_20260830/pre_reference/full_stream_q95_masks/R03ZF_SARF000479.npz,6533,EB4DDDCD531AE415D0FCFA983BC9AD21B4B61F39EA1864E08AD3E01145D182DA
output/person_terg_r2_runtime_grounding_and_full_stream_hypothesis_management_20260830/pre_reference/full_stream_q95_masks/R03ZF_SARF000480.npz,6913,66BA260AA43728B906DDD798BD3882E65FB756ED54711BE96098A3DA786DFF1B
output/person_terg_r2_runtime_grounding_and_full_stream_hypothesis_management_20260830/pre_reference/full_stream_q95_masks/R03ZF_SARF000481.npz,6950,C41E0CBA03ED3443A6E1843F1082F53A87A9A9B9BC87C087A448769740E0BA5B
output/person_terg_r2_runtime_grounding_and_full_stream_hypothesis_management_20260830/pre_reference/full_stream_q95_masks/R03ZF_SARF000482.npz,6902,3040365549903B66D1DB30B118748BFB37582B0D35822E1580A0928650107775
output/person_terg_r2_runtime_grounding_and_full_stream_hypothesis_management_20260830/pre_reference/full_stream_q95_masks/R03ZF_SARF000483.npz,7241,EA5511758832E8FBFDF2AD332768790E217765080D1FED959791FEA5F88B55F1
output/person_terg_r2_runtime_grounding_and_full_stream_hypothesis_management_20260830/pre_reference/full_stream_q95_masks/R03ZF_SARF000484.npz,7056,C89A4B44217246B816286B173CC5976B097150AB2260DF99F5BCEAA876C3E9A9
output/person_terg_r2_runtime_grounding_and_full_stream_hypothesis_management_20260830/pre_reference/full_stream_q95_masks/R03ZF_SARF000485.npz,6829,30489882DC0D3886D15209FB47C7F5F97D382615C0047B9BE8806A5AF293428E
output/person_terg_r2_runtime_grounding_and_full_stream_hypothesis_management_20260830/pre_reference/full_stream_q95_masks/R03ZF_SARF000486.npz,6878,3CEFF97958F2B285A0160BCBEA654E918ADD8098FE24A3A1A3E4F6A80CA15F83
output/person_terg_r2_runtime_grounding_and_full_stream_hypothesis_management_20260830/pre_reference/full_stream_q95_masks/R03ZF_SARF000487.npz,6952,1259EDCB4A39DAFB214EA5D1517E930B37F63D5DE5D209FD7F488B8698915BE7
output/person_terg_r2_runtime_grounding_and_full_stream_hypothesis_management_20260830/pre_reference/full_stream_q95_masks/R03ZF_SARF000488.npz,6911,DD22C2D7754AB447EF7CDC84DF8721DC3D744DF8E510FB4CF3D54417D35FBDC5
output/person_terg_r2_runtime_grounding_and_full_stream_hypothesis_management_20260830/pre_reference/full_stream_q95_masks/R03ZF_SARF000489.npz,6779,021B4D6F5A5A9E4CA0D7CECE53DE2F38A1C1366D86A97B35E942C5B7B5B83223
output/person_terg_r2_runtime_grounding_and_full_stream_hypothesis_management_20260830/pre_reference/full_stream_q95_masks/R03ZF_SARF000490.npz,6871,E3167BFC763A109DAD34464B8DA5E3C644896819EE75AFCE4818E5C16597AC37
output/person_terg_r2_runtime_grounding_and_full_stream_hypothesis_management_20260830/pre_reference/full_stream_q95_masks/R03ZF_SARF000491.npz,6761,8CCCF10976AD3D3AE146C056E4E549CE515F88DE1D2CE43CA6AA7A593031C196
output/person_terg_r2_runtime_grounding_and_full_stream_hypothesis_management_20260830/pre_reference/full_stream_q95_masks/R03ZF_SARF000492.npz,6716,C299BF957EF13367FC6A815D96423811D795BA5DE3BBA37AD80CAB80928BBC68
output/person_terg_r2_runtime_grounding_and_full_stream_hypothesis_management_20260830/pre_reference/full_stream_q95_masks/R03ZF_SARF000493.npz,6672,A9C25A80167F04AAB371211AEE330224BFAFEB7F9D30C491CB19836CB649514C
output/person_terg_r2_runtime_grounding_and_full_stream_hypothesis_management_20260830/pre_reference/full_stream_q95_masks/R03ZF_SARF000494.npz,6926,F2048E529833332B9D67D39E7BA8A70CA3BD6042125AE2FAE4F20B7845451FF9
output/person_terg_r2_runtime_grounding_and_full_stream_hypothesis_management_20260830/pre_reference/full_stream_q95_response_regions_pre_reference.csv,29433334,CFD665BBC26D22ADA8D4D1B9E7A376DCA16057676D63CD695C78F3D9EF153383
output/person_terg_r2_runtime_grounding_and_full_stream_hypothesis_management_20260830/pre_reference/full_stream_q95_response_regions_pre_reference.parquet,7061199,0DDE80ACF2C127898B2285A86935A2B2C0865713FA27696D5AAEB74D43F965BB
output/person_terg_r2_runtime_grounding_and_full_stream_hypothesis_management_20260830/pre_reference/full_stream_shell_q95_pixel_edges_pre_reference.csv,10845511,2250F96D15B75E666E7D97F1BC9C596FE2605AA69FA091E47659AA06B1E79CED
output/person_terg_r2_runtime_grounding_and_full_stream_hypothesis_management_20260830/pre_reference/full_stream_shell_q95_pixel_edges_pre_reference.parquet,586728,A397F438ED7C5ED309D3B26EB8F9362196E31AD5F99BD12569F5B185973E1562
output/person_terg_r2_runtime_grounding_and_full_stream_hypothesis_management_20260830/pre_reference/negative_time_no_optical_admission_audit_pre_reference.csv,2558,D2ABFE22FCE10BE345FEECD0D3C65B190675EFF5D655F4C2163D858DCF5114DC
output/person_terg_r2_runtime_grounding_and_full_stream_hypothesis_management_20260830/pre_reference/negative_time_no_optical_admission_audit_pre_reference.parquet,12728,C38C42567044A08127590B2DE0390F9F4D59099014077460A166039CAB7C1315
output/person_terg_r2_runtime_grounding_and_full_stream_hypothesis_management_20260830/pre_reference/r1_independent_visual_review_ledger_correction.csv,5344,CF396857349675140A5B516794049DA03404947F34BED2F7AE42E6564A6E492F
output/person_terg_r2_runtime_grounding_and_full_stream_hypothesis_management_20260830/pre_reference/r1_independent_visual_review_ledger_correction.parquet,10937,07415E8C6C6B5DEBDFAC804117D7390839A8FE17C95044CCB4F3849881F724D2
output/person_terg_r2_runtime_grounding_and_full_stream_hypothesis_management_20260830/pre_reference/r1_temporal_overlap_cluster_assignment_correction.csv,8263,F19691BA62BDC0D59E598274235D524DF15900359538D7A975548DD251C7008D
output/person_terg_r2_runtime_grounding_and_full_stream_hypothesis_management_20260830/pre_reference/r1_temporal_overlap_cluster_assignment_correction.parquet,9872,4B9D73654D479AC8500DD3F286776E953D745EA86E4B2CDD87421E2D6F914C68
output/person_terg_r2_runtime_grounding_and_full_stream_hypothesis_management_20260830/pre_reference/r1_temporal_overlap_cluster_registry_correction.csv,2211,19296E30496472212575CDC4908D65EB97F3ECCBF89F108776461BADAE408061
output/person_terg_r2_runtime_grounding_and_full_stream_hypothesis_management_20260830/pre_reference/r1_temporal_overlap_cluster_registry_correction.parquet,13459,AD725FF5EC2B093E450C8B70AD1B759C2162B34609A9D8689B521D9EF42B9189
output/person_terg_r2_runtime_grounding_and_full_stream_hypothesis_management_20260830/pre_reference/runtime_anchor_source_registry_pre_reference.csv,825,A9AE5F463185E53E66748205EA6D91917FF10906627036A3BF167D0190E388AC
output/person_terg_r2_runtime_grounding_and_full_stream_hypothesis_management_20260830/pre_reference/runtime_anchor_source_registry_pre_reference.parquet,5232,868093B401EA4440C2665F4CAFA13E1C8B697287B7AE7D795B2DB83F773071EE
output/person_terg_r2_runtime_grounding_and_full_stream_hypothesis_management_20260830/pre_reference/runtime_candidate_family_membership_pre_reference.csv,5102774,A7405568BB86F157D66801F3127BE816EB1C50D0AB08660ECF0B57A1A3C86A0E
output/person_terg_r2_runtime_grounding_and_full_stream_hypothesis_management_20260830/pre_reference/runtime_candidate_family_membership_pre_reference.parquet,308830,C3DEE0DA1AF1BE8D481C5CD16CE66965E1C1AD7CAC481A551646A4853895F6E2
output/person_terg_r2_runtime_grounding_and_full_stream_hypothesis_management_20260830/pre_reference/runtime_unary_anchor_hypothesis_ledger_pre_reference.csv,230681,1CBE9DAE869BDE60E6D0186E130598F5546A6C4409E1254D261ECC58037A865D
output/person_terg_r2_runtime_grounding_and_full_stream_hypothesis_management_20260830/pre_reference/runtime_unary_anchor_hypothesis_ledger_pre_reference.parquet,14426,D0A1DA1775D5A8A528BF6AFE2AB2AD7C6F1CDECF24A0B222B39B42FCC7604FFA
output/person_terg_r2_runtime_grounding_and_full_stream_hypothesis_management_20260830/pre_reference/stream_hypothesis_object_registry_pre_reference.csv,17458,DEA0C78E423D349427B693B1D604C4C1068229BFED8B20A5CA3A0C1F21FAD456
output/person_terg_r2_runtime_grounding_and_full_stream_hypothesis_management_20260830/pre_reference/stream_hypothesis_object_registry_pre_reference.parquet,12917,EF4F1A801BAB16C40643E2062F1FA2D3C5F66E006B0E69F5798702F2DCCEE8E9
output/person_terg_r2_runtime_grounding_and_full_stream_hypothesis_management_20260830/TERG_R2_SCIENTIFIC_REPORT.md,6735,F2AC30FAD535196C955A72B4C0C3CD9F01718F197627533C6D1475D7AA542D06
output/person_terg_r2_runtime_grounding_and_full_stream_hypothesis_management_20260830/terg_r2_summary.json,1653,C5618321A63C8B7989E0BA45E000A48F58F189BCFDF6E0981167DDDE7E4AD567
