run_id,frame_index,hypothesis_id,shell_id,footpoint_state,range_state,range_min_m,range_max_m,range_half_width_m,geometry_provenance,calibration_provenance,failure_reason,theta_intervals_json,theta_width_deg,omega_state,fallback_range_min_m,fallback_range_max_m,N_region_angle_only,N_region_angle_plus_runtime_range,candidate_contraction_state,person_rejected_due_to_range,manual_reference_used
R01ZF,0,R01ZF_REUSED_R01ZF_PERSON001,R01ZF_SARF000000__CAUSAL_REPLAY__R01ZF_REUSED_R01ZF_PERSON001,FOOTPOINT_UNAVAILABLE,RANGE_UNAVAILABLE,,,,PERSON_C0_CALIBRATION_ASSET_RECOVERY_AUDIT,CALIBRATION_ASSETS_INSUFFICIENT_FOR_RUNTIME_RANGE_PROTOTYPE,MISSING_PERSON_CAMERA_K;MISSING_CAMERA_HEIGHT_ATTITUDE;MISSING_CAMERA_RADAR_R_T;MISSING_GROUND_PLANE;MISSING_RUNTIME_FOOTPOINT_INTERVAL,"[[-45.52255059771674, -26.272904641432696]]",19.24964595628404,THETA_X_FULL_RADIAL_FALLBACK,0.0,20.0,10,10,NOT_A_RANGE_CONTRACTION_RESULT_FALLBACK_ONLY,False,False
R01ZF,0,R01ZF_REUSED_R01ZF_PERSON002,R01ZF_SARF000000__CAUSAL_REPLAY__R01ZF_REUSED_R01ZF_PERSON002,FOOTPOINT_UNAVAILABLE,RANGE_UNAVAILABLE,,,,PERSON_C0_CALIBRATION_ASSET_RECOVERY_AUDIT,CALIBRATION_ASSETS_INSUFFICIENT_FOR_RUNTIME_RANGE_PROTOTYPE,MISSING_PERSON_CAMERA_K;MISSING_CAMERA_HEIGHT_ATTITUDE;MISSING_CAMERA_RADAR_R_T;MISSING_GROUND_PLANE;MISSING_RUNTIME_FOOTPOINT_INTERVAL,"[[-39.00286899289302, -20.163203014826422]]",18.8396659780666,THETA_X_FULL_RADIAL_FALLBACK,0.0,20.0,9,9,NOT_A_RANGE_CONTRACTION_RESULT_FALLBACK_ONLY,False,False
R01ZF,1,R01ZF_REUSED_R01ZF_PERSON001,R01ZF_SARF000001__CAUSAL_REPLAY__R01ZF_REUSED_R01ZF_PERSON001,FOOTPOINT_UNAVAILABLE,RANGE_UNAVAILABLE,,,,PERSON_C0_CALIBRATION_ASSET_RECOVERY_AUDIT,CALIBRATION_ASSETS_INSUFFICIENT_FOR_RUNTIME_RANGE_PROTOTYPE,MISSING_PERSON_CAMERA_K;MISSING_CAMERA_HEIGHT_ATTITUDE;MISSING_CAMERA_RADAR_R_T;MISSING_GROUND_PLANE;MISSING_RUNTIME_FOOTPOINT_INTERVAL,"[[-45.52255059771674, -26.272904641432696]]",19.24964595628404,THETA_X_FULL_RADIAL_FALLBACK,0.0,20.0,10,10,NOT_A_RANGE_CONTRACTION_RESULT_FALLBACK_ONLY,False,False
R01ZF,1,R01ZF_REUSED_R01ZF_PERSON002,R01ZF_SARF000001__CAUSAL_REPLAY__R01ZF_REUSED_R01ZF_PERSON002,FOOTPOINT_UNAVAILABLE,RANGE_UNAVAILABLE,,,,PERSON_C0_CALIBRATION_ASSET_RECOVERY_AUDIT,CALIBRATION_ASSETS_INSUFFICIENT_FOR_RUNTIME_RANGE_PROTOTYPE,MISSING_PERSON_CAMERA_K;MISSING_CAMERA_HEIGHT_ATTITUDE;MISSING_CAMERA_RADAR_R_T;MISSING_GROUND_PLANE;MISSING_RUNTIME_FOOTPOINT_INTERVAL,"[[-39.00286899289302, -20.163203014826422]]",18.8396659780666,THETA_X_FULL_RADIAL_FALLBACK,0.0,20.0,11,11,NOT_A_RANGE_CONTRACTION_RESULT_FALLBACK_ONLY,False,False
R01ZF,2,R01ZF_REUSED_R01ZF_PERSON001,R01ZF_SARF000002__CAUSAL_REPLAY__R01ZF_REUSED_R01ZF_PERSON001,FOOTPOINT_UNAVAILABLE,RANGE_UNAVAILABLE,,,,PERSON_C0_CALIBRATION_ASSET_RECOVERY_AUDIT,CALIBRATION_ASSETS_INSUFFICIENT_FOR_RUNTIME_RANGE_PROTOTYPE,MISSING_PERSON_CAMERA_K;MISSING_CAMERA_HEIGHT_ATTITUDE;MISSING_CAMERA_RADAR_R_T;MISSING_GROUND_PLANE;MISSING_RUNTIME_FOOTPOINT_INTERVAL,"[[-45.52255059771674, -24.50131309898274]]",21.021237498733996,THETA_X_FULL_RADIAL_FALLBACK,0.0,20.0,10,10,NOT_A_RANGE_CONTRACTION_RESULT_FALLBACK_ONLY,False,False
R01ZF,2,R01ZF_REUSED_R01ZF_PERSON002,R01ZF_SARF000002__CAUSAL_REPLAY__R01ZF_REUSED_R01ZF_PERSON002,FOOTPOINT_UNAVAILABLE,RANGE_UNAVAILABLE,,,,PERSON_C0_CALIBRATION_ASSET_RECOVERY_AUDIT,CALIBRATION_ASSETS_INSUFFICIENT_FOR_RUNTIME_RANGE_PROTOTYPE,MISSING_PERSON_CAMERA_K;MISSING_CAMERA_HEIGHT_ATTITUDE;MISSING_CAMERA_RADAR_R_T;MISSING_GROUND_PLANE;MISSING_RUNTIME_FOOTPOINT_INTERVAL,"[[-39.00286899289302, -18.392116005027773]]",20.610752987865247,THETA_X_FULL_RADIAL_FALLBACK,0.0,20.0,12,12,NOT_A_RANGE_CONTRACTION_RESULT_FALLBACK_ONLY,False,False
R01ZF,3,R01ZF_REUSED_R01ZF_PERSON001,R01ZF_SARF000003__CAUSAL_REPLAY__R01ZF_REUSED_R01ZF_PERSON001,FOOTPOINT_UNAVAILABLE,RANGE_UNAVAILABLE,,,,PERSON_C0_CALIBRATION_ASSET_RECOVERY_AUDIT,CALIBRATION_ASSETS_INSUFFICIENT_FOR_RUNTIME_RANGE_PROTOTYPE,MISSING_PERSON_CAMERA_K;MISSING_CAMERA_HEIGHT_ATTITUDE;MISSING_CAMERA_RADAR_R_T;MISSING_GROUND_PLANE;MISSING_RUNTIME_FOOTPOINT_INTERVAL,"[[-45.52255059771674, -24.50131309898274]]",21.021237498733996,THETA_X_FULL_RADIAL_FALLBACK,0.0,20.0,9,9,NOT_A_RANGE_CONTRACTION_RESULT_FALLBACK_ONLY,False,False
R01ZF,3,R01ZF_REUSED_R01ZF_PERSON002,R01ZF_SARF000003__CAUSAL_REPLAY__R01ZF_REUSED_R01ZF_PERSON002,FOOTPOINT_UNAVAILABLE,RANGE_UNAVAILABLE,,,,PERSON_C0_CALIBRATION_ASSET_RECOVERY_AUDIT,CALIBRATION_ASSETS_INSUFFICIENT_FOR_RUNTIME_RANGE_PROTOTYPE,MISSING_PERSON_CAMERA_K;MISSING_CAMERA_HEIGHT_ATTITUDE;MISSING_CAMERA_RADAR_R_T;MISSING_GROUND_PLANE;MISSING_RUNTIME_FOOTPOINT_INTERVAL,"[[-39.00286899289302, -18.392116005027773]]",20.610752987865247,THETA_X_FULL_RADIAL_FALLBACK,0.0,20.0,11,11,NOT_A_RANGE_CONTRACTION_RESULT_FALLBACK_ONLY,False,False
R01ZF,4,R01ZF_REUSED_R01ZF_PERSON001,R01ZF_SARF000004__CAUSAL_REPLAY__R01ZF_REUSED_R01ZF_PERSON001,FOOTPOINT_UNAVAILABLE,RANGE_UNAVAILABLE,,,,PERSON_C0_CALIBRATION_ASSET_RECOVERY_AUDIT,CALIBRATION_ASSETS_INSUFFICIENT_FOR_RUNTIME_RANGE_PROTOTYPE,MISSING_PERSON_CAMERA_K;MISSING_CAMERA_HEIGHT_ATTITUDE;MISSING_CAMERA_RADAR_R_T;MISSING_GROUND_PLANE;MISSING_RUNTIME_FOOTPOINT_INTERVAL,"[[-45.52255059771674, -22.667432931793446]]",22.85511766592329,THETA_X_FULL_RADIAL_FALLBACK,0.0,20.0,9,9,NOT_A_RANGE_CONTRACTION_RESULT_FALLBACK_ONLY,False,False
R01ZF,4,R01ZF_REUSED_R01ZF_PERSON002,R01ZF_SARF000004__CAUSAL_REPLAY__R01ZF_REUSED_R01ZF_PERSON002,FOOTPOINT_UNAVAILABLE,RANGE_UNAVAILABLE,,,,PERSON_C0_CALIBRATION_ASSET_RECOVERY_AUDIT,CALIBRATION_ASSETS_INSUFFICIENT_FOR_RUNTIME_RANGE_PROTOTYPE,MISSING_PERSON_CAMERA_K;MISSING_CAMERA_HEIGHT_ATTITUDE;MISSING_CAMERA_RADAR_R_T;MISSING_GROUND_PLANE;MISSING_RUNTIME_FOOTPOINT_INTERVAL,"[[-39.00286899289302, -16.58440968982289]]",22.41845930307013,THETA_X_FULL_RADIAL_FALLBACK,0.0,20.0,11,11,NOT_A_RANGE_CONTRACTION_RESULT_FALLBACK_ONLY,False,False
R01ZF,5,R01ZF_REUSED_R01ZF_PERSON001,R01ZF_SARF000005__CAUSAL_REPLAY__R01ZF_REUSED_R01ZF_PERSON001,FOOTPOINT_UNAVAILABLE,RANGE_UNAVAILABLE,,,,PERSON_C0_CALIBRATION_ASSET_RECOVERY_AUDIT,CALIBRATION_ASSETS_INSUFFICIENT_FOR_RUNTIME_RANGE_PROTOTYPE,MISSING_PERSON_CAMERA_K;MISSING_CAMERA_HEIGHT_ATTITUDE;MISSING_CAMERA_RADAR_R_T;MISSING_GROUND_PLANE;MISSING_RUNTIME_FOOTPOINT_INTERVAL,"[[-45.52255059771674, -20.746874054939024]]",24.775676542777713,THETA_X_FULL_RADIAL_FALLBACK,0.0,20.0,13,13,NOT_A_RANGE_CONTRACTION_RESULT_FALLBACK_ONLY,False,False
R01ZF,5,R01ZF_REUSED_R01ZF_PERSON002,R01ZF_SARF000005__CAUSAL_REPLAY__R01ZF_REUSED_R01ZF_PERSON002,FOOTPOINT_UNAVAILABLE,RANGE_UNAVAILABLE,,,,PERSON_C0_CALIBRATION_ASSET_RECOVERY_AUDIT,CALIBRATION_ASSETS_INSUFFICIENT_FOR_RUNTIME_RANGE_PROTOTYPE,MISSING_PERSON_CAMERA_K;MISSING_CAMERA_HEIGHT_ATTITUDE;MISSING_CAMERA_RADAR_R_T;MISSING_GROUND_PLANE;MISSING_RUNTIME_FOOTPOINT_INTERVAL,"[[-39.00286899289302, -14.745070804839543]]",24.257798188053478,THETA_X_FULL_RADIAL_FALLBACK,0.0,20.0,15,15,NOT_A_RANGE_CONTRACTION_RESULT_FALLBACK_ONLY,False,False
R01ZF,6,R01ZF_REUSED_R01ZF_PERSON001,R01ZF_SARF000006__CAUSAL_REPLAY__R01ZF_REUSED_R01ZF_PERSON001,FOOTPOINT_UNAVAILABLE,RANGE_UNAVAILABLE,,,,PERSON_C0_CALIBRATION_ASSET_RECOVERY_AUDIT,CALIBRATION_ASSETS_INSUFFICIENT_FOR_RUNTIME_RANGE_PROTOTYPE,MISSING_PERSON_CAMERA_K;MISSING_CAMERA_HEIGHT_ATTITUDE;MISSING_CAMERA_RADAR_R_T;MISSING_GROUND_PLANE;MISSING_RUNTIME_FOOTPOINT_INTERVAL,"[[-45.52255059771674, -20.746874054939024]]",24.775676542777713,THETA_X_FULL_RADIAL_FALLBACK,0.0,20.0,11,11,NOT_A_RANGE_CONTRACTION_RESULT_FALLBACK_ONLY,False,False
R01ZF,6,R01ZF_REUSED_R01ZF_PERSON002,R01ZF_SARF000006__CAUSAL_REPLAY__R01ZF_REUSED_R01ZF_PERSON002,FOOTPOINT_UNAVAILABLE,RANGE_UNAVAILABLE,,,,PERSON_C0_CALIBRATION_ASSET_RECOVERY_AUDIT,CALIBRATION_ASSETS_INSUFFICIENT_FOR_RUNTIME_RANGE_PROTOTYPE,MISSING_PERSON_CAMERA_K;MISSING_CAMERA_HEIGHT_ATTITUDE;MISSING_CAMERA_RADAR_R_T;MISSING_GROUND_PLANE;MISSING_RUNTIME_FOOTPOINT_INTERVAL,"[[-39.00286899289302, -14.745070804839543]]",24.257798188053478,THETA_X_FULL_RADIAL_FALLBACK,0.0,20.0,13,13,NOT_A_RANGE_CONTRACTION_RESULT_FALLBACK_ONLY,False,False
R01ZF,7,R01ZF_REUSED_R01ZF_PERSON001,R01ZF_SARF000007__CAUSAL_REPLAY__R01ZF_REUSED_R01ZF_PERSON001,FOOTPOINT_UNAVAILABLE,RANGE_UNAVAILABLE,,,,PERSON_C0_CALIBRATION_ASSET_RECOVERY_AUDIT,CALIBRATION_ASSETS_INSUFFICIENT_FOR_RUNTIME_RANGE_PROTOTYPE,MISSING_PERSON_CAMERA_K;MISSING_CAMERA_HEIGHT_ATTITUDE;MISSING_CAMERA_RADAR_R_T;MISSING_GROUND_PLANE;MISSING_RUNTIME_FOOTPOINT_INTERVAL,"[[-45.52255059771674, -18.878242980677054]]",26.644307617039683,THETA_X_FULL_RADIAL_FALLBACK,0.0,20.0,12,12,NOT_A_RANGE_CONTRACTION_RESULT_FALLBACK_ONLY,False,False
R01ZF,7,R01ZF_REUSED_R01ZF_PERSON002,R01ZF_SARF000007__CAUSAL_REPLAY__R01ZF_REUSED_R01ZF_PERSON002,FOOTPOINT_UNAVAILABLE,RANGE_UNAVAILABLE,,,,PERSON_C0_CALIBRATION_ASSET_RECOVERY_AUDIT,CALIBRATION_ASSETS_INSUFFICIENT_FOR_RUNTIME_RANGE_PROTOTYPE,MISSING_PERSON_CAMERA_K;MISSING_CAMERA_HEIGHT_ATTITUDE;MISSING_CAMERA_RADAR_R_T;MISSING_GROUND_PLANE;MISSING_RUNTIME_FOOTPOINT_INTERVAL,"[[-39.00286899289302, -12.900673573136284]]",26.102195419756736,THETA_X_FULL_RADIAL_FALLBACK,0.0,20.0,14,14,NOT_A_RANGE_CONTRACTION_RESULT_FALLBACK_ONLY,False,False
R01ZF,8,R01ZF_REUSED_R01ZF_PERSON001,R01ZF_SARF000008__CAUSAL_REPLAY__R01ZF_REUSED_R01ZF_PERSON001,FOOTPOINT_UNAVAILABLE,RANGE_UNAVAILABLE,,,,PERSON_C0_CALIBRATION_ASSET_RECOVERY_AUDIT,CALIBRATION_ASSETS_INSUFFICIENT_FOR_RUNTIME_RANGE_PROTOTYPE,MISSING_PERSON_CAMERA_K;MISSING_CAMERA_HEIGHT_ATTITUDE;MISSING_CAMERA_RADAR_R_T;MISSING_GROUND_PLANE;MISSING_RUNTIME_FOOTPOINT_INTERVAL,"[[-43.59074715281272, -18.878242980677054]]",24.712504172135663,THETA_X_FULL_RADIAL_FALLBACK,0.0,20.0,11,11,NOT_A_RANGE_CONTRACTION_RESULT_FALLBACK_ONLY,False,False
R01ZF,8,R01ZF_REUSED_R01ZF_PERSON002,R01ZF_SARF000008__CAUSAL_REPLAY__R01ZF_REUSED_R01ZF_PERSON002,FOOTPOINT_UNAVAILABLE,RANGE_UNAVAILABLE,,,,PERSON_C0_CALIBRATION_ASSET_RECOVERY_AUDIT,CALIBRATION_ASSETS_INSUFFICIENT_FOR_RUNTIME_RANGE_PROTOTYPE,MISSING_PERSON_CAMERA_K;MISSING_CAMERA_HEIGHT_ATTITUDE;MISSING_CAMERA_RADAR_R_T;MISSING_GROUND_PLANE;MISSING_RUNTIME_FOOTPOINT_INTERVAL,"[[-37.154004205929965, -12.900673573136284]]",24.25333063279368,THETA_X_FULL_RADIAL_FALLBACK,0.0,20.0,17,17,NOT_A_RANGE_CONTRACTION_RESULT_FALLBACK_ONLY,False,False
R01ZF,9,R01ZF_REUSED_R01ZF_PERSON001,R01ZF_SARF000009__CAUSAL_REPLAY__R01ZF_REUSED_R01ZF_PERSON001,FOOTPOINT_UNAVAILABLE,RANGE_UNAVAILABLE,,,,PERSON_C0_CALIBRATION_ASSET_RECOVERY_AUDIT,CALIBRATION_ASSETS_INSUFFICIENT_FOR_RUNTIME_RANGE_PROTOTYPE,MISSING_PERSON_CAMERA_K;MISSING_CAMERA_HEIGHT_ATTITUDE;MISSING_CAMERA_RADAR_R_T;MISSING_GROUND_PLANE;MISSING_RUNTIME_FOOTPOINT_INTERVAL,"[[-43.59074715281272, -17.05099823162981]]",26.53974892118291,THETA_X_FULL_RADIAL_FALLBACK,0.0,20.0,17,17,NOT_A_RANGE_CONTRACTION_RESULT_FALLBACK_ONLY,False,False
R01ZF,9,R01ZF_REUSED_R01ZF_PERSON002,R01ZF_SARF000009__CAUSAL_REPLAY__R01ZF_REUSED_R01ZF_PERSON002,FOOTPOINT_UNAVAILABLE,RANGE_UNAVAILABLE,,,,PERSON_C0_CALIBRATION_ASSET_RECOVERY_AUDIT,CALIBRATION_ASSETS_INSUFFICIENT_FOR_RUNTIME_RANGE_PROTOTYPE,MISSING_PERSON_CAMERA_K;MISSING_CAMERA_HEIGHT_ATTITUDE;MISSING_CAMERA_RADAR_R_T;MISSING_GROUND_PLANE;MISSING_RUNTIME_FOOTPOINT_INTERVAL,"[[-37.154004205929965, -11.096455043329911]]",26.057549162600054,THETA_X_FULL_RADIAL_FALLBACK,0.0,20.0,19,19,NOT_A_RANGE_CONTRACTION_RESULT_FALLBACK_ONLY,False,False
R01ZF,10,R01ZF_REUSED_R01ZF_PERSON001,R01ZF_SARF000010__CAUSAL_REPLAY__R01ZF_REUSED_R01ZF_PERSON001,FOOTPOINT_UNAVAILABLE,RANGE_UNAVAILABLE,,,,PERSON_C0_CALIBRATION_ASSET_RECOVERY_AUDIT,CALIBRATION_ASSETS_INSUFFICIENT_FOR_RUNTIME_RANGE_PROTOTYPE,MISSING_PERSON_CAMERA_K;MISSING_CAMERA_HEIGHT_ATTITUDE;MISSING_CAMERA_RADAR_R_T;MISSING_GROUND_PLANE;MISSING_RUNTIME_FOOTPOINT_INTERVAL,"[[-41.61359110504178, -15.199614036453905]]",26.413977068587872,THETA_X_FULL_RADIAL_FALLBACK,0.0,20.0,16,16,NOT_A_RANGE_CONTRACTION_RESULT_FALLBACK_ONLY,False,False
R01ZF,10,R01ZF_REUSED_R01ZF_PERSON002,R01ZF_SARF000010__CAUSAL_REPLAY__R01ZF_REUSED_R01ZF_PERSON002,FOOTPOINT_UNAVAILABLE,RANGE_UNAVAILABLE,,,,PERSON_C0_CALIBRATION_ASSET_RECOVERY_AUDIT,CALIBRATION_ASSETS_INSUFFICIENT_FOR_RUNTIME_RANGE_PROTOTYPE,MISSING_PERSON_CAMERA_K;MISSING_CAMERA_HEIGHT_ATTITUDE;MISSING_CAMERA_RADAR_R_T;MISSING_GROUND_PLANE;MISSING_RUNTIME_FOOTPOINT_INTERVAL,"[[-35.31154047355433, -9.253859481453638]]",26.057680992100693,THETA_X_FULL_RADIAL_FALLBACK,0.0,20.0,17,17,NOT_A_RANGE_CONTRACTION_RESULT_FALLBACK_ONLY,False,False
R01ZF,11,R01ZF_REUSED_R01ZF_PERSON001,R01ZF_SARF000011__CAUSAL_REPLAY__R01ZF_REUSED_R01ZF_PERSON001,FOOTPOINT_UNAVAILABLE,RANGE_UNAVAILABLE,,,,PERSON_C0_CALIBRATION_ASSET_RECOVERY_AUDIT,CALIBRATION_ASSETS_INSUFFICIENT_FOR_RUNTIME_RANGE_PROTOTYPE,MISSING_PERSON_CAMERA_K;MISSING_CAMERA_HEIGHT_ATTITUDE;MISSING_CAMERA_RADAR_R_T;MISSING_GROUND_PLANE;MISSING_RUNTIME_FOOTPOINT_INTERVAL,"[[-39.51104323168481, -15.199614036453905]]",24.311429195230904,THETA_X_FULL_RADIAL_FALLBACK,0.0,20.0,19,19,NOT_A_RANGE_CONTRACTION_RESULT_FALLBACK_ONLY,False,False
R01ZF,11,R01ZF_REUSED_R01ZF_PERSON002,R01ZF_SARF000011__CAUSAL_REPLAY__R01ZF_REUSED_R01ZF_PERSON002,FOOTPOINT_UNAVAILABLE,RANGE_UNAVAILABLE,,,,PERSON_C0_CALIBRATION_ASSET_RECOVERY_AUDIT,CALIBRATION_ASSETS_INSUFFICIENT_FOR_RUNTIME_RANGE_PROTOTYPE,MISSING_PERSON_CAMERA_K;MISSING_CAMERA_HEIGHT_ATTITUDE;MISSING_CAMERA_RADAR_R_T;MISSING_GROUND_PLANE;MISSING_RUNTIME_FOOTPOINT_INTERVAL,"[[-33.196209207559136, -9.253859481453638]]",23.942349726105498,THETA_X_FULL_RADIAL_FALLBACK,0.0,20.0,20,20,NOT_A_RANGE_CONTRACTION_RESULT_FALLBACK_ONLY,False,False
R01ZF,12,R01ZF_REUSED_R01ZF_PERSON001,R01ZF_SARF000012__CAUSAL_REPLAY__R01ZF_REUSED_R01ZF_PERSON001,FOOTPOINT_UNAVAILABLE,RANGE_UNAVAILABLE,,,,PERSON_C0_CALIBRATION_ASSET_RECOVERY_AUDIT,CALIBRATION_ASSETS_INSUFFICIENT_FOR_RUNTIME_RANGE_PROTOTYPE,MISSING_PERSON_CAMERA_K;MISSING_CAMERA_HEIGHT_ATTITUDE;MISSING_CAMERA_RADAR_R_T;MISSING_GROUND_PLANE;MISSING_RUNTIME_FOOTPOINT_INTERVAL,"[[-39.51104323168481, -13.38389541722324]]",26.12714781446157,THETA_X_FULL_RADIAL_FALLBACK,0.0,20.0,24,24,NOT_A_RANGE_CONTRACTION_RESULT_FALLBACK_ONLY,False,False
R01ZF,12,R01ZF_REUSED_R01ZF_PERSON002,R01ZF_SARF000012__CAUSAL_REPLAY__R01ZF_REUSED_R01ZF_PERSON002,FOOTPOINT_UNAVAILABLE,RANGE_UNAVAILABLE,,,,PERSON_C0_CALIBRATION_ASSET_RECOVERY_AUDIT,CALIBRATION_ASSETS_INSUFFICIENT_FOR_RUNTIME_RANGE_PROTOTYPE,MISSING_PERSON_CAMERA_K;MISSING_CAMERA_HEIGHT_ATTITUDE;MISSING_CAMERA_RADAR_R_T;MISSING_GROUND_PLANE;MISSING_RUNTIME_FOOTPOINT_INTERVAL,"[[-33.196209207559136, -7.494615968785951]]",25.701593238773185,THETA_X_FULL_RADIAL_FALLBACK,0.0,20.0,25,25,NOT_A_RANGE_CONTRACTION_RESULT_FALLBACK_ONLY,False,False
R01ZF,13,R01ZF_REUSED_R01ZF_PERSON001,R01ZF_SARF000013__CAUSAL_REPLAY__R01ZF_REUSED_R01ZF_PERSON001,FOOTPOINT_UNAVAILABLE,RANGE_UNAVAILABLE,,,,PERSON_C0_CALIBRATION_ASSET_RECOVERY_AUDIT,CALIBRATION_ASSETS_INSUFFICIENT_FOR_RUNTIME_RANGE_PROTOTYPE,MISSING_PERSON_CAMERA_K;MISSING_CAMERA_HEIGHT_ATTITUDE;MISSING_CAMERA_RADAR_R_T;MISSING_GROUND_PLANE;MISSING_RUNTIME_FOOTPOINT_INTERVAL,"[[-37.48025129416156, -13.38389541722324]]",24.096355876938322,THETA_X_FULL_RADIAL_FALLBACK,0.0,20.0,18,18,NOT_A_RANGE_CONTRACTION_RESULT_FALLBACK_ONLY,False,False
R01ZF,13,R01ZF_REUSED_R01ZF_PERSON002,R01ZF_SARF000013__CAUSAL_REPLAY__R01ZF_REUSED_R01ZF_PERSON002,FOOTPOINT_UNAVAILABLE,RANGE_UNAVAILABLE,,,,PERSON_C0_CALIBRATION_ASSET_RECOVERY_AUDIT,CALIBRATION_ASSETS_INSUFFICIENT_FOR_RUNTIME_RANGE_PROTOTYPE,MISSING_PERSON_CAMERA_K;MISSING_CAMERA_HEIGHT_ATTITUDE;MISSING_CAMERA_RADAR_R_T;MISSING_GROUND_PLANE;MISSING_RUNTIME_FOOTPOINT_INTERVAL,"[[-31.29859354618582, -7.494615968785951]]",23.80397757739987,THETA_X_FULL_RADIAL_FALLBACK,0.0,20.0,21,21,NOT_A_RANGE_CONTRACTION_RESULT_FALLBACK_ONLY,False,False
R01ZF,14,R01ZF_REUSED_R01ZF_PERSON001,R01ZF_SARF000014__CAUSAL_REPLAY__R01ZF_REUSED_R01ZF_PERSON001,FOOTPOINT_UNAVAILABLE,RANGE_UNAVAILABLE,,,,PERSON_C0_CALIBRATION_ASSET_RECOVERY_AUDIT,CALIBRATION_ASSETS_INSUFFICIENT_FOR_RUNTIME_RANGE_PROTOTYPE,MISSING_PERSON_CAMERA_K;MISSING_CAMERA_HEIGHT_ATTITUDE;MISSING_CAMERA_RADAR_R_T;MISSING_GROUND_PLANE;MISSING_RUNTIME_FOOTPOINT_INTERVAL,"[[-37.48025129416156, -11.598006070415533]]",25.88224522374603,THETA_X_FULL_RADIAL_FALLBACK,0.0,20.0,23,23,NOT_A_RANGE_CONTRACTION_RESULT_FALLBACK_ONLY,False,False
R01ZF,14,R01ZF_REUSED_R01ZF_PERSON002,R01ZF_SARF000014__CAUSAL_REPLAY__R01ZF_REUSED_R01ZF_PERSON002,FOOTPOINT_UNAVAILABLE,RANGE_UNAVAILABLE,,,,PERSON_C0_CALIBRATION_ASSET_RECOVERY_AUDIT,CALIBRATION_ASSETS_INSUFFICIENT_FOR_RUNTIME_RANGE_PROTOTYPE,MISSING_PERSON_CAMERA_K;MISSING_CAMERA_HEIGHT_ATTITUDE;MISSING_CAMERA_RADAR_R_T;MISSING_GROUND_PLANE;MISSING_RUNTIME_FOOTPOINT_INTERVAL,"[[-31.29859354618582, -5.686104028860555]]",25.612489517325265,THETA_X_FULL_RADIAL_FALLBACK,0.0,20.0,25,25,NOT_A_RANGE_CONTRACTION_RESULT_FALLBACK_ONLY,False,False
R01ZF,15,R01ZF_REUSED_R01ZF_PERSON001,R01ZF_SARF000015__CAUSAL_REPLAY__R01ZF_REUSED_R01ZF_PERSON001,FOOTPOINT_UNAVAILABLE,RANGE_UNAVAILABLE,,,,PERSON_C0_CALIBRATION_ASSET_RECOVERY_AUDIT,CALIBRATION_ASSETS_INSUFFICIENT_FOR_RUNTIME_RANGE_PROTOTYPE,MISSING_PERSON_CAMERA_K;MISSING_CAMERA_HEIGHT_ATTITUDE;MISSING_CAMERA_RADAR_R_T;MISSING_GROUND_PLANE;MISSING_RUNTIME_FOOTPOINT_INTERVAL,"[[-35.47684164569549, -9.831223863411534]]",25.645617782283953,THETA_X_FULL_RADIAL_FALLBACK,0.0,20.0,23,23,NOT_A_RANGE_CONTRACTION_RESULT_FALLBACK_ONLY,False,False
R01ZF,15,R01ZF_REUSED_R01ZF_PERSON002,R01ZF_SARF000015__CAUSAL_REPLAY__R01ZF_REUSED_R01ZF_PERSON002,FOOTPOINT_UNAVAILABLE,RANGE_UNAVAILABLE,,,,PERSON_C0_CALIBRATION_ASSET_RECOVERY_AUDIT,CALIBRATION_ASSETS_INSUFFICIENT_FOR_RUNTIME_RANGE_PROTOTYPE,MISSING_PERSON_CAMERA_K;MISSING_CAMERA_HEIGHT_ATTITUDE;MISSING_CAMERA_RADAR_R_T;MISSING_GROUND_PLANE;MISSING_RUNTIME_FOOTPOINT_INTERVAL,"[[-29.425402147759847, -3.9106829208285987]]",25.51471922693125,THETA_X_FULL_RADIAL_FALLBACK,0.0,20.0,22,22,NOT_A_RANGE_CONTRACTION_RESULT_FALLBACK_ONLY,False,False
R01ZF,16,R01ZF_REUSED_R01ZF_PERSON001,R01ZF_SARF000016__CAUSAL_REPLAY__R01ZF_REUSED_R01ZF_PERSON001,FOOTPOINT_UNAVAILABLE,RANGE_UNAVAILABLE,,,,PERSON_C0_CALIBRATION_ASSET_RECOVERY_AUDIT,CALIBRATION_ASSETS_INSUFFICIENT_FOR_RUNTIME_RANGE_PROTOTYPE,MISSING_PERSON_CAMERA_K;MISSING_CAMERA_HEIGHT_ATTITUDE;MISSING_CAMERA_RADAR_R_T;MISSING_GROUND_PLANE;MISSING_RUNTIME_FOOTPOINT_INTERVAL,"[[-33.49385417697982, -9.831223863411534]]",23.66263031356829,THETA_X_FULL_RADIAL_FALLBACK,0.0,20.0,19,19,NOT_A_RANGE_CONTRACTION_RESULT_FALLBACK_ONLY,False,False
R01ZF,16,R01ZF_REUSED_R01ZF_PERSON002,R01ZF_SARF000016__CAUSAL_REPLAY__R01ZF_REUSED_R01ZF_PERSON002,FOOTPOINT_UNAVAILABLE,RANGE_UNAVAILABLE,,,,PERSON_C0_CALIBRATION_ASSET_RECOVERY_AUDIT,CALIBRATION_ASSETS_INSUFFICIENT_FOR_RUNTIME_RANGE_PROTOTYPE,MISSING_PERSON_CAMERA_K;MISSING_CAMERA_HEIGHT_ATTITUDE;MISSING_CAMERA_RADAR_R_T;MISSING_GROUND_PLANE;MISSING_RUNTIME_FOOTPOINT_INTERVAL,"[[-27.53500130331306, -3.9106829208285987]]",23.62431838248446,THETA_X_FULL_RADIAL_FALLBACK,0.0,20.0,19,19,NOT_A_RANGE_CONTRACTION_RESULT_FALLBACK_ONLY,False,False
R01ZF,17,R01ZF_REUSED_R01ZF_PERSON001,R01ZF_SARF000017__CAUSAL_REPLAY__R01ZF_REUSED_R01ZF_PERSON001,FOOTPOINT_UNAVAILABLE,RANGE_UNAVAILABLE,,,,PERSON_C0_CALIBRATION_ASSET_RECOVERY_AUDIT,CALIBRATION_ASSETS_INSUFFICIENT_FOR_RUNTIME_RANGE_PROTOTYPE,MISSING_PERSON_CAMERA_K;MISSING_CAMERA_HEIGHT_ATTITUDE;MISSING_CAMERA_RADAR_R_T;MISSING_GROUND_PLANE;MISSING_RUNTIME_FOOTPOINT_INTERVAL,"[[-33.49385417697982, -8.05411338475368]]",25.439740792226143,THETA_X_FULL_RADIAL_FALLBACK,0.0,20.0,21,21,NOT_A_RANGE_CONTRACTION_RESULT_FALLBACK_ONLY,False,False
R01ZF,17,R01ZF_REUSED_R01ZF_PERSON002,R01ZF_SARF000017__CAUSAL_REPLAY__R01ZF_REUSED_R01ZF_PERSON002,FOOTPOINT_UNAVAILABLE,RANGE_UNAVAILABLE,,,,PERSON_C0_CALIBRATION_ASSET_RECOVERY_AUDIT,CALIBRATION_ASSETS_INSUFFICIENT_FOR_RUNTIME_RANGE_PROTOTYPE,MISSING_PERSON_CAMERA_K;MISSING_CAMERA_HEIGHT_ATTITUDE;MISSING_CAMERA_RADAR_R_T;MISSING_GROUND_PLANE;MISSING_RUNTIME_FOOTPOINT_INTERVAL,"[[-27.53500130331306, -2.1270070075923186]]",25.40799429572074,THETA_X_FULL_RADIAL_FALLBACK,0.0,20.0,21,21,NOT_A_RANGE_CONTRACTION_RESULT_FALLBACK_ONLY,False,False
R01ZF,17,R01ZF_REUSED_R01ZF_PERSON003,R01ZF_SARF000017__CAUSAL_REPLAY__R01ZF_REUSED_R01ZF_PERSON003,FOOTPOINT_UNAVAILABLE,RANGE_UNAVAILABLE,,,,PERSON_C0_CALIBRATION_ASSET_RECOVERY_AUDIT,CALIBRATION_ASSETS_INSUFFICIENT_FOR_RUNTIME_RANGE_PROTOTYPE,MISSING_PERSON_CAMERA_K;MISSING_CAMERA_HEIGHT_ATTITUDE;MISSING_CAMERA_RADAR_R_T;MISSING_GROUND_PLANE;MISSING_RUNTIME_FOOTPOINT_INTERVAL,"[[-51.31129259505707, -34.91378311121255]]",16.397509483844516,THETA_X_FULL_RADIAL_FALLBACK,0.0,20.0,9,9,NOT_A_RANGE_CONTRACTION_RESULT_FALLBACK_ONLY,False,False
R01ZF,18,R01ZF_REUSED_R01ZF_PERSON001,R01ZF_SARF000018__CAUSAL_REPLAY__R01ZF_REUSED_R01ZF_PERSON001,FOOTPOINT_UNAVAILABLE,RANGE_UNAVAILABLE,,,,PERSON_C0_CALIBRATION_ASSET_RECOVERY_AUDIT,CALIBRATION_ASSETS_INSUFFICIENT_FOR_RUNTIME_RANGE_PROTOTYPE,MISSING_PERSON_CAMERA_K;MISSING_CAMERA_HEIGHT_ATTITUDE;MISSING_CAMERA_RADAR_R_T;MISSING_GROUND_PLANE;MISSING_RUNTIME_FOOTPOINT_INTERVAL,"[[-31.543675978382623, -8.05411338475368]]",23.489562593628943,THETA_X_FULL_RADIAL_FALLBACK,0.0,20.0,19,19,NOT_A_RANGE_CONTRACTION_RESULT_FALLBACK_ONLY,False,False
R01ZF,18,R01ZF_REUSED_R01ZF_PERSON002,R01ZF_SARF000018__CAUSAL_REPLAY__R01ZF_REUSED_R01ZF_PERSON002,FOOTPOINT_UNAVAILABLE,RANGE_UNAVAILABLE,,,,PERSON_C0_CALIBRATION_ASSET_RECOVERY_AUDIT,CALIBRATION_ASSETS_INSUFFICIENT_FOR_RUNTIME_RANGE_PROTOTYPE,MISSING_PERSON_CAMERA_K;MISSING_CAMERA_HEIGHT_ATTITUDE;MISSING_CAMERA_RADAR_R_T;MISSING_GROUND_PLANE;MISSING_RUNTIME_FOOTPOINT_INTERVAL,"[[-25.70999928328123, -2.1270070075923186]]",23.582992275688913,THETA_X_FULL_RADIAL_FALLBACK,0.0,20.0,20,20,NOT_A_RANGE_CONTRACTION_RESULT_FALLBACK_ONLY,False,False
R01ZF,18,R01ZF_REUSED_R01ZF_PERSON003,R01ZF_SARF000018__CAUSAL_REPLAY__R01ZF_REUSED_R01ZF_PERSON003,FOOTPOINT_UNAVAILABLE,RANGE_UNAVAILABLE,,,,PERSON_C0_CALIBRATION_ASSET_RECOVERY_AUDIT,CALIBRATION_ASSETS_INSUFFICIENT_FOR_RUNTIME_RANGE_PROTOTYPE,MISSING_PERSON_CAMERA_K;MISSING_CAMERA_HEIGHT_ATTITUDE;MISSING_CAMERA_RADAR_R_T;MISSING_GROUND_PLANE;MISSING_RUNTIME_FOOTPOINT_INTERVAL,"[[-51.31129259505707, -34.91378311121255]]",16.397509483844516,THETA_X_FULL_RADIAL_FALLBACK,0.0,20.0,8,8,NOT_A_RANGE_CONTRACTION_RESULT_FALLBACK_ONLY,False,False
R01ZF,19,R01ZF_REUSED_R01ZF_PERSON001,R01ZF_SARF000019__CAUSAL_REPLAY__R01ZF_REUSED_R01ZF_PERSON001,FOOTPOINT_UNAVAILABLE,RANGE_UNAVAILABLE,,,,PERSON_C0_CALIBRATION_ASSET_RECOVERY_AUDIT,CALIBRATION_ASSETS_INSUFFICIENT_FOR_RUNTIME_RANGE_PROTOTYPE,MISSING_PERSON_CAMERA_K;MISSING_CAMERA_HEIGHT_ATTITUDE;MISSING_CAMERA_RADAR_R_T;MISSING_GROUND_PLANE;MISSING_RUNTIME_FOOTPOINT_INTERVAL,"[[-31.543675978382623, -6.273015470620898]]",25.270660507761725,THETA_X_FULL_RADIAL_FALLBACK,0.0,20.0,20,20,NOT_A_RANGE_CONTRACTION_RESULT_FALLBACK_ONLY,False,False
R01ZF,19,R01ZF_REUSED_R01ZF_PERSON002,R01ZF_SARF000019__CAUSAL_REPLAY__R01ZF_REUSED_R01ZF_PERSON002,FOOTPOINT_UNAVAILABLE,RANGE_UNAVAILABLE,,,,PERSON_C0_CALIBRATION_ASSET_RECOVERY_AUDIT,CALIBRATION_ASSETS_INSUFFICIENT_FOR_RUNTIME_RANGE_PROTOTYPE,MISSING_PERSON_CAMERA_K;MISSING_CAMERA_HEIGHT_ATTITUDE;MISSING_CAMERA_RADAR_R_T;MISSING_GROUND_PLANE;MISSING_RUNTIME_FOOTPOINT_INTERVAL,"[[-25.70999928328123, -0.3553194411864524]]",25.35467984209478,THETA_X_FULL_RADIAL_FALLBACK,0.0,20.0,23,23,NOT_A_RANGE_CONTRACTION_RESULT_FALLBACK_ONLY,False,False
R01ZF,19,R01ZF_REUSED_R01ZF_PERSON003,R01ZF_SARF000019__CAUSAL_REPLAY__R01ZF_REUSED_R01ZF_PERSON003,FOOTPOINT_UNAVAILABLE,RANGE_UNAVAILABLE,,,,PERSON_C0_CALIBRATION_ASSET_RECOVERY_AUDIT,CALIBRATION_ASSETS_INSUFFICIENT_FOR_RUNTIME_RANGE_PROTOTYPE,MISSING_PERSON_CAMERA_K;MISSING_CAMERA_HEIGHT_ATTITUDE;MISSING_CAMERA_RADAR_R_T;MISSING_GROUND_PLANE;MISSING_RUNTIME_FOOTPOINT_INTERVAL,"[[-51.31129259505707, -33.46634037079409]]",17.844952224262975,THETA_X_FULL_RADIAL_FALLBACK,0.0,20.0,9,9,NOT_A_RANGE_CONTRACTION_RESULT_FALLBACK_ONLY,False,False
R01ZF,20,R01ZF_REUSED_R01ZF_PERSON001,R01ZF_SARF000020__CAUSAL_REPLAY__R01ZF_REUSED_R01ZF_PERSON001,FOOTPOINT_UNAVAILABLE,RANGE_UNAVAILABLE,,,,PERSON_C0_CALIBRATION_ASSET_RECOVERY_AUDIT,CALIBRATION_ASSETS_INSUFFICIENT_FOR_RUNTIME_RANGE_PROTOTYPE,MISSING_PERSON_CAMERA_K;MISSING_CAMERA_HEIGHT_ATTITUDE;MISSING_CAMERA_RADAR_R_T;MISSING_GROUND_PLANE;MISSING_RUNTIME_FOOTPOINT_INTERVAL,"[[-29.61594134519011, -4.5289274678187255]]",25.087013877371383,THETA_X_FULL_RADIAL_FALLBACK,0.0,20.0,21,21,NOT_A_RANGE_CONTRACTION_RESULT_FALLBACK_ONLY,False,False
R01ZF,20,R01ZF_REUSED_R01ZF_PERSON002,R01ZF_SARF000020__CAUSAL_REPLAY__R01ZF_REUSED_R01ZF_PERSON002,FOOTPOINT_UNAVAILABLE,RANGE_UNAVAILABLE,,,,PERSON_C0_CALIBRATION_ASSET_RECOVERY_AUDIT,CALIBRATION_ASSETS_INSUFFICIENT_FOR_RUNTIME_RANGE_PROTOTYPE,MISSING_PERSON_CAMERA_K;MISSING_CAMERA_HEIGHT_ATTITUDE;MISSING_CAMERA_RADAR_R_T;MISSING_GROUND_PLANE;MISSING_RUNTIME_FOOTPOINT_INTERVAL,"[[-23.864168202332102, 1.3457693594394655]]",25.209937561771568,THETA_X_FULL_RADIAL_FALLBACK,0.0,20.0,21,21,NOT_A_RANGE_CONTRACTION_RESULT_FALLBACK_ONLY,False,False
R01ZF,20,R01ZF_REUSED_R01ZF_PERSON003,R01ZF_SARF000020__CAUSAL_REPLAY__R01ZF_REUSED_R01ZF_PERSON003,FOOTPOINT_UNAVAILABLE,RANGE_UNAVAILABLE,,,,PERSON_C0_CALIBRATION_ASSET_RECOVERY_AUDIT,CALIBRATION_ASSETS_INSUFFICIENT_FOR_RUNTIME_RANGE_PROTOTYPE,MISSING_PERSON_CAMERA_K;MISSING_CAMERA_HEIGHT_ATTITUDE;MISSING_CAMERA_RADAR_R_T;MISSING_GROUND_PLANE;MISSING_RUNTIME_FOOTPOINT_INTERVAL,"[[-51.31129259505707, -31.67282159514518]]",19.63847099991189,THETA_X_FULL_RADIAL_FALLBACK,0.0,20.0,7,7,NOT_A_RANGE_CONTRACTION_RESULT_FALLBACK_ONLY,False,False
R01ZF,21,R01ZF_REUSED_R01ZF_PERSON001,R01ZF_SARF000021__CAUSAL_REPLAY__R01ZF_REUSED_R01ZF_PERSON001,FOOTPOINT_UNAVAILABLE,RANGE_UNAVAILABLE,,,,PERSON_C0_CALIBRATION_ASSET_RECOVERY_AUDIT,CALIBRATION_ASSETS_INSUFFICIENT_FOR_RUNTIME_RANGE_PROTOTYPE,MISSING_PERSON_CAMERA_K;MISSING_CAMERA_HEIGHT_ATTITUDE;MISSING_CAMERA_RADAR_R_T;MISSING_GROUND_PLANE;MISSING_RUNTIME_FOOTPOINT_INTERVAL,"[[-27.670460182835107, -4.5289274678187255]]",23.141532715016382,THETA_X_FULL_RADIAL_FALLBACK,0.0,20.0,15,15,NOT_A_RANGE_CONTRACTION_RESULT_FALLBACK_ONLY,False,False
R01ZF,21,R01ZF_REUSED_R01ZF_PERSON002,R01ZF_SARF000021__CAUSAL_REPLAY__R01ZF_REUSED_R01ZF_PERSON002,FOOTPOINT_UNAVAILABLE,RANGE_UNAVAILABLE,,,,PERSON_C0_CALIBRATION_ASSET_RECOVERY_AUDIT,CALIBRATION_ASSETS_INSUFFICIENT_FOR_RUNTIME_RANGE_PROTOTYPE,MISSING_PERSON_CAMERA_K;MISSING_CAMERA_HEIGHT_ATTITUDE;MISSING_CAMERA_RADAR_R_T;MISSING_GROUND_PLANE;MISSING_RUNTIME_FOOTPOINT_INTERVAL,"[[-22.054953171740177, 1.3457693594394655]]",23.400722531179643,THETA_X_FULL_RADIAL_FALLBACK,0.0,20.0,18,18,NOT_A_RANGE_CONTRACTION_RESULT_FALLBACK_ONLY,False,False
R01ZF,21,R01ZF_REUSED_R01ZF_PERSON003,R01ZF_SARF000021__CAUSAL_REPLAY__R01ZF_REUSED_R01ZF_PERSON003,FOOTPOINT_UNAVAILABLE,RANGE_UNAVAILABLE,,,,PERSON_C0_CALIBRATION_ASSET_RECOVERY_AUDIT,CALIBRATION_ASSETS_INSUFFICIENT_FOR_RUNTIME_RANGE_PROTOTYPE,MISSING_PERSON_CAMERA_K;MISSING_CAMERA_HEIGHT_ATTITUDE;MISSING_CAMERA_RADAR_R_T;MISSING_GROUND_PLANE;MISSING_RUNTIME_FOOTPOINT_INTERVAL,"[[-51.31129259505707, -31.67282159514518]]",19.63847099991189,THETA_X_FULL_RADIAL_FALLBACK,0.0,20.0,7,7,NOT_A_RANGE_CONTRACTION_RESULT_FALLBACK_ONLY,False,False
R01ZF,22,R01ZF_REUSED_R01ZF_PERSON001,R01ZF_SARF000022__CAUSAL_REPLAY__R01ZF_REUSED_R01ZF_PERSON001,FOOTPOINT_UNAVAILABLE,RANGE_UNAVAILABLE,,,,PERSON_C0_CALIBRATION_ASSET_RECOVERY_AUDIT,CALIBRATION_ASSETS_INSUFFICIENT_FOR_RUNTIME_RANGE_PROTOTYPE,MISSING_PERSON_CAMERA_K;MISSING_CAMERA_HEIGHT_ATTITUDE;MISSING_CAMERA_RADAR_R_T;MISSING_GROUND_PLANE;MISSING_RUNTIME_FOOTPOINT_INTERVAL,"[[-27.670460182835107, -2.714250464389039]]",24.95620971844607,THETA_X_FULL_RADIAL_FALLBACK,0.0,20.0,18,18,NOT_A_RANGE_CONTRACTION_RESULT_FALLBACK_ONLY,False,False
R01ZF,22,R01ZF_REUSED_R01ZF_PERSON002,R01ZF_SARF000022__CAUSAL_REPLAY__R01ZF_REUSED_R01ZF_PERSON002,FOOTPOINT_UNAVAILABLE,RANGE_UNAVAILABLE,,,,PERSON_C0_CALIBRATION_ASSET_RECOVERY_AUDIT,CALIBRATION_ASSETS_INSUFFICIENT_FOR_RUNTIME_RANGE_PROTOTYPE,MISSING_PERSON_CAMERA_K;MISSING_CAMERA_HEIGHT_ATTITUDE;MISSING_CAMERA_RADAR_R_T;MISSING_GROUND_PLANE;MISSING_RUNTIME_FOOTPOINT_INTERVAL,"[[-22.054953171740177, 3.0337793716984294]]",25.088732543438606,THETA_X_FULL_RADIAL_FALLBACK,0.0,20.0,20,20,NOT_A_RANGE_CONTRACTION_RESULT_FALLBACK_ONLY,False,False
R01ZF,22,R01ZF_REUSED_R01ZF_PERSON003,R01ZF_SARF000022__CAUSAL_REPLAY__R01ZF_REUSED_R01ZF_PERSON003,FOOTPOINT_UNAVAILABLE,RANGE_UNAVAILABLE,,,,PERSON_C0_CALIBRATION_ASSET_RECOVERY_AUDIT,CALIBRATION_ASSETS_INSUFFICIENT_FOR_RUNTIME_RANGE_PROTOTYPE,MISSING_PERSON_CAMERA_K;MISSING_CAMERA_HEIGHT_ATTITUDE;MISSING_CAMERA_RADAR_R_T;MISSING_GROUND_PLANE;MISSING_RUNTIME_FOOTPOINT_INTERVAL,"[[-51.31129259505707, -29.896816205751193]]",21.414476389305875,THETA_X_FULL_RADIAL_FALLBACK,0.0,20.0,10,10,NOT_A_RANGE_CONTRACTION_RESULT_FALLBACK_ONLY,False,False
R01ZF,23,R01ZF_REUSED_R01ZF_PERSON001,R01ZF_SARF000023__CAUSAL_REPLAY__R01ZF_REUSED_R01ZF_PERSON001,FOOTPOINT_UNAVAILABLE,RANGE_UNAVAILABLE,,,,PERSON_C0_CALIBRATION_ASSET_RECOVERY_AUDIT,CALIBRATION_ASSETS_INSUFFICIENT_FOR_RUNTIME_RANGE_PROTOTYPE,MISSING_PERSON_CAMERA_K;MISSING_CAMERA_HEIGHT_ATTITUDE;MISSING_CAMERA_RADAR_R_T;MISSING_GROUND_PLANE;MISSING_RUNTIME_FOOTPOINT_INTERVAL,"[[-25.776737560509336, -2.714250464389039]]",23.062487096120297,THETA_X_FULL_RADIAL_FALLBACK,0.0,20.0,19,19,NOT_A_RANGE_CONTRACTION_RESULT_FALLBACK_ONLY,False,False
R01ZF,23,R01ZF_REUSED_R01ZF_PERSON002,R01ZF_SARF000023__CAUSAL_REPLAY__R01ZF_REUSED_R01ZF_PERSON002,FOOTPOINT_UNAVAILABLE,RANGE_UNAVAILABLE,,,,PERSON_C0_CALIBRATION_ASSET_RECOVERY_AUDIT,CALIBRATION_ASSETS_INSUFFICIENT_FOR_RUNTIME_RANGE_PROTOTYPE,MISSING_PERSON_CAMERA_K;MISSING_CAMERA_HEIGHT_ATTITUDE;MISSING_CAMERA_RADAR_R_T;MISSING_GROUND_PLANE;MISSING_RUNTIME_FOOTPOINT_INTERVAL,"[[-20.25748235927694, 3.0337793716984294]]",23.291261730975368,THETA_X_FULL_RADIAL_FALLBACK,0.0,20.0,21,21,NOT_A_RANGE_CONTRACTION_RESULT_FALLBACK_ONLY,False,False
R01ZF,23,R01ZF_REUSED_R01ZF_PERSON003,R01ZF_SARF000023__CAUSAL_REPLAY__R01ZF_REUSED_R01ZF_PERSON003,FOOTPOINT_UNAVAILABLE,RANGE_UNAVAILABLE,,,,PERSON_C0_CALIBRATION_ASSET_RECOVERY_AUDIT,CALIBRATION_ASSETS_INSUFFICIENT_FOR_RUNTIME_RANGE_PROTOTYPE,MISSING_PERSON_CAMERA_K;MISSING_CAMERA_HEIGHT_ATTITUDE;MISSING_CAMERA_RADAR_R_T;MISSING_GROUND_PLANE;MISSING_RUNTIME_FOOTPOINT_INTERVAL,"[[-51.31129259505707, -29.896816205751193]]",21.414476389305875,THETA_X_FULL_RADIAL_FALLBACK,0.0,20.0,10,10,NOT_A_RANGE_CONTRACTION_RESULT_FALLBACK_ONLY,False,False
R01ZF,24,R01ZF_REUSED_R01ZF_PERSON001,R01ZF_SARF000024__CAUSAL_REPLAY__R01ZF_REUSED_R01ZF_PERSON001,FOOTPOINT_UNAVAILABLE,RANGE_UNAVAILABLE,,,,PERSON_C0_CALIBRATION_ASSET_RECOVERY_AUDIT,CALIBRATION_ASSETS_INSUFFICIENT_FOR_RUNTIME_RANGE_PROTOTYPE,MISSING_PERSON_CAMERA_K;MISSING_CAMERA_HEIGHT_ATTITUDE;MISSING_CAMERA_RADAR_R_T;MISSING_GROUND_PLANE;MISSING_RUNTIME_FOOTPOINT_INTERVAL,"[[-25.776737560509336, -0.9877983190714446]]",24.78893924143789,THETA_X_FULL_RADIAL_FALLBACK,0.0,20.0,22,22,NOT_A_RANGE_CONTRACTION_RESULT_FALLBACK_ONLY,False,False
R01ZF,24,R01ZF_REUSED_R01ZF_PERSON002,R01ZF_SARF000024__CAUSAL_REPLAY__R01ZF_REUSED_R01ZF_PERSON002,FOOTPOINT_UNAVAILABLE,RANGE_UNAVAILABLE,,,,PERSON_C0_CALIBRATION_ASSET_RECOVERY_AUDIT,CALIBRATION_ASSETS_INSUFFICIENT_FOR_RUNTIME_RANGE_PROTOTYPE,MISSING_PERSON_CAMERA_K;MISSING_CAMERA_HEIGHT_ATTITUDE;MISSING_CAMERA_RADAR_R_T;MISSING_GROUND_PLANE;MISSING_RUNTIME_FOOTPOINT_INTERVAL,"[[-20.25748235927694, 4.742227838947663]]",24.9997101982246,THETA_X_FULL_RADIAL_FALLBACK,0.0,20.0,24,24,NOT_A_RANGE_CONTRACTION_RESULT_FALLBACK_ONLY,False,False
R01ZF,24,R01ZF_REUSED_R01ZF_PERSON003,R01ZF_SARF000024__CAUSAL_REPLAY__R01ZF_REUSED_R01ZF_PERSON003,FOOTPOINT_UNAVAILABLE,RANGE_UNAVAILABLE,,,,PERSON_C0_CALIBRATION_ASSET_RECOVERY_AUDIT,CALIBRATION_ASSETS_INSUFFICIENT_FOR_RUNTIME_RANGE_PROTOTYPE,MISSING_PERSON_CAMERA_K;MISSING_CAMERA_HEIGHT_ATTITUDE;MISSING_CAMERA_RADAR_R_T;MISSING_GROUND_PLANE;MISSING_RUNTIME_FOOTPOINT_INTERVAL,"[[-51.31129259505707, -28.10657892674844]]",23.204713668308628,THETA_X_FULL_RADIAL_FALLBACK,0.0,20.0,11,11,NOT_A_RANGE_CONTRACTION_RESULT_FALLBACK_ONLY,False,False
R01ZF,25,R01ZF_REUSED_R01ZF_PERSON001,R01ZF_SARF000025__CAUSAL_REPLAY__R01ZF_REUSED_R01ZF_PERSON001,FOOTPOINT_UNAVAILABLE,RANGE_UNAVAILABLE,,,,PERSON_C0_CALIBRATION_ASSET_RECOVERY_AUDIT,CALIBRATION_ASSETS_INSUFFICIENT_FOR_RUNTIME_RANGE_PROTOTYPE,MISSING_PERSON_CAMERA_K;MISSING_CAMERA_HEIGHT_ATTITUDE;MISSING_CAMERA_RADAR_R_T;MISSING_GROUND_PLANE;MISSING_RUNTIME_FOOTPOINT_INTERVAL,"[[-23.924731650903478, 0.7690885378485461]]",24.693820188752024,THETA_X_FULL_RADIAL_FALLBACK,0.0,20.0,22,22,NOT_A_RANGE_CONTRACTION_RESULT_FALLBACK_ONLY,False,False
R01ZF,25,R01ZF_REUSED_R01ZF_PERSON002,R01ZF_SARF000025__CAUSAL_REPLAY__R01ZF_REUSED_R01ZF_PERSON002,FOOTPOINT_UNAVAILABLE,RANGE_UNAVAILABLE,,,,PERSON_C0_CALIBRATION_ASSET_RECOVERY_AUDIT,CALIBRATION_ASSETS_INSUFFICIENT_FOR_RUNTIME_RANGE_PROTOTYPE,MISSING_PERSON_CAMERA_K;MISSING_CAMERA_HEIGHT_ATTITUDE;MISSING_CAMERA_RADAR_R_T;MISSING_GROUND_PLANE;MISSING_RUNTIME_FOOTPOINT_INTERVAL,"[[-18.43532199734456, 6.4031753707472845]]",24.838497368091843,THETA_X_FULL_RADIAL_FALLBACK,0.0,20.0,22,22,NOT_A_RANGE_CONTRACTION_RESULT_FALLBACK_ONLY,False,False
R01ZF,25,R01ZF_REUSED_R01ZF_PERSON003,R01ZF_SARF000025__CAUSAL_REPLAY__R01ZF_REUSED_R01ZF_PERSON003,FOOTPOINT_UNAVAILABLE,RANGE_UNAVAILABLE,,,,PERSON_C0_CALIBRATION_ASSET_RECOVERY_AUDIT,CALIBRATION_ASSETS_INSUFFICIENT_FOR_RUNTIME_RANGE_PROTOTYPE,MISSING_PERSON_CAMERA_K;MISSING_CAMERA_HEIGHT_ATTITUDE;MISSING_CAMERA_RADAR_R_T;MISSING_GROUND_PLANE;MISSING_RUNTIME_FOOTPOINT_INTERVAL,"[[-51.15983345678501, -26.320616341330748]]",24.83921711545426,THETA_X_FULL_RADIAL_FALLBACK,0.0,20.0,12,12,NOT_A_RANGE_CONTRACTION_RESULT_FALLBACK_ONLY,False,False
R01ZF,26,R01ZF_REUSED_R01ZF_PERSON001,R01ZF_SARF000026__CAUSAL_REPLAY__R01ZF_REUSED_R01ZF_PERSON001,FOOTPOINT_UNAVAILABLE,RANGE_UNAVAILABLE,,,,PERSON_C0_CALIBRATION_ASSET_RECOVERY_AUDIT,CALIBRATION_ASSETS_INSUFFICIENT_FOR_RUNTIME_RANGE_PROTOTYPE,MISSING_PERSON_CAMERA_K;MISSING_CAMERA_HEIGHT_ATTITUDE;MISSING_CAMERA_RADAR_R_T;MISSING_GROUND_PLANE;MISSING_RUNTIME_FOOTPOINT_INTERVAL,"[[-22.082826159494925, 0.7690885378485461]]",22.85191469734347,THETA_X_FULL_RADIAL_FALLBACK,0.0,20.0,18,18,NOT_A_RANGE_CONTRACTION_RESULT_FALLBACK_ONLY,False,False
R01ZF,26,R01ZF_REUSED_R01ZF_PERSON002,R01ZF_SARF000026__CAUSAL_REPLAY__R01ZF_REUSED_R01ZF_PERSON002,FOOTPOINT_UNAVAILABLE,RANGE_UNAVAILABLE,,,,PERSON_C0_CALIBRATION_ASSET_RECOVERY_AUDIT,CALIBRATION_ASSETS_INSUFFICIENT_FOR_RUNTIME_RANGE_PROTOTYPE,MISSING_PERSON_CAMERA_K;MISSING_CAMERA_HEIGHT_ATTITUDE;MISSING_CAMERA_RADAR_R_T;MISSING_GROUND_PLANE;MISSING_RUNTIME_FOOTPOINT_INTERVAL,"[[-16.68170320998778, 6.4031753707472845]]",23.084878580735065,THETA_X_FULL_RADIAL_FALLBACK,0.0,20.0,18,18,NOT_A_RANGE_CONTRACTION_RESULT_FALLBACK_ONLY,False,False
R01ZF,26,R01ZF_REUSED_R01ZF_PERSON003,R01ZF_SARF000026__CAUSAL_REPLAY__R01ZF_REUSED_R01ZF_PERSON003,FOOTPOINT_UNAVAILABLE,RANGE_UNAVAILABLE,,,,PERSON_C0_CALIBRATION_ASSET_RECOVERY_AUDIT,CALIBRATION_ASSETS_INSUFFICIENT_FOR_RUNTIME_RANGE_PROTOTYPE,MISSING_PERSON_CAMERA_K;MISSING_CAMERA_HEIGHT_ATTITUDE;MISSING_CAMERA_RADAR_R_T;MISSING_GROUND_PLANE;MISSING_RUNTIME_FOOTPOINT_INTERVAL,"[[-51.14409582711323, -26.320616341330748]]",24.823479485782485,THETA_X_FULL_RADIAL_FALLBACK,0.0,20.0,11,11,NOT_A_RANGE_CONTRACTION_RESULT_FALLBACK_ONLY,False,False
R01ZF,27,R01ZF_REUSED_R01ZF_PERSON001,R01ZF_SARF000027__CAUSAL_REPLAY__R01ZF_REUSED_R01ZF_PERSON001,FOOTPOINT_UNAVAILABLE,RANGE_UNAVAILABLE,,,,PERSON_C0_CALIBRATION_ASSET_RECOVERY_AUDIT,CALIBRATION_ASSETS_INSUFFICIENT_FOR_RUNTIME_RANGE_PROTOTYPE,MISSING_PERSON_CAMERA_K;MISSING_CAMERA_HEIGHT_ATTITUDE;MISSING_CAMERA_RADAR_R_T;MISSING_GROUND_PLANE;MISSING_RUNTIME_FOOTPOINT_INTERVAL,"[[-22.082826159494925, 2.529634070264123]]",24.612460229759048,THETA_X_FULL_RADIAL_FALLBACK,0.0,20.0,21,21,NOT_A_RANGE_CONTRACTION_RESULT_FALLBACK_ONLY,False,False
R01ZF,27,R01ZF_REUSED_R01ZF_PERSON002,R01ZF_SARF000027__CAUSAL_REPLAY__R01ZF_REUSED_R01ZF_PERSON002,FOOTPOINT_UNAVAILABLE,RANGE_UNAVAILABLE,,,,PERSON_C0_CALIBRATION_ASSET_RECOVERY_AUDIT,CALIBRATION_ASSETS_INSUFFICIENT_FOR_RUNTIME_RANGE_PROTOTYPE,MISSING_PERSON_CAMERA_K;MISSING_CAMERA_HEIGHT_ATTITUDE;MISSING_CAMERA_RADAR_R_T;MISSING_GROUND_PLANE;MISSING_RUNTIME_FOOTPOINT_INTERVAL,"[[-16.68170320998778, 8.234856752087154]]",24.916559962074935,THETA_X_FULL_RADIAL_FALLBACK,0.0,20.0,20,20,NOT_A_RANGE_CONTRACTION_RESULT_FALLBACK_ONLY,False,False
R01ZF,27,R01ZF_REUSED_R01ZF_PERSON003,R01ZF_SARF000027__CAUSAL_REPLAY__R01ZF_REUSED_R01ZF_PERSON003,FOOTPOINT_UNAVAILABLE,RANGE_UNAVAILABLE,,,,PERSON_C0_CALIBRATION_ASSET_RECOVERY_AUDIT,CALIBRATION_ASSETS_INSUFFICIENT_FOR_RUNTIME_RANGE_PROTOTYPE,MISSING_PERSON_CAMERA_K;MISSING_CAMERA_HEIGHT_ATTITUDE;MISSING_CAMERA_RADAR_R_T;MISSING_GROUND_PLANE;MISSING_RUNTIME_FOOTPOINT_INTERVAL,"[[-51.14409582711323, -24.363590332625208]]",26.780505494488025,THETA_X_FULL_RADIAL_FALLBACK,0.0,20.0,11,11,NOT_A_RANGE_CONTRACTION_RESULT_FALLBACK_ONLY,False,False
R01ZF,28,R01ZF_REUSED_R01ZF_PERSON001,R01ZF_SARF000028__CAUSAL_REPLAY__R01ZF_REUSED_R01ZF_PERSON001,FOOTPOINT_UNAVAILABLE,RANGE_UNAVAILABLE,,,,PERSON_C0_CALIBRATION_ASSET_RECOVERY_AUDIT,CALIBRATION_ASSETS_INSUFFICIENT_FOR_RUNTIME_RANGE_PROTOTYPE,MISSING_PERSON_CAMERA_K;MISSING_CAMERA_HEIGHT_ATTITUDE;MISSING_CAMERA_RADAR_R_T;MISSING_GROUND_PLANE;MISSING_RUNTIME_FOOTPOINT_INTERVAL,"[[-20.191902879625793, 2.529634070264123]]",22.721536949889916,THETA_X_FULL_RADIAL_FALLBACK,0.0,20.0,20,20,NOT_A_RANGE_CONTRACTION_RESULT_FALLBACK_ONLY,False,False
R01ZF,28,R01ZF_REUSED_R01ZF_PERSON002,R01ZF_SARF000028__CAUSAL_REPLAY__R01ZF_REUSED_R01ZF_PERSON002,FOOTPOINT_UNAVAILABLE,RANGE_UNAVAILABLE,,,,PERSON_C0_CALIBRATION_ASSET_RECOVERY_AUDIT,CALIBRATION_ASSETS_INSUFFICIENT_FOR_RUNTIME_RANGE_PROTOTYPE,MISSING_PERSON_CAMERA_K;MISSING_CAMERA_HEIGHT_ATTITUDE;MISSING_CAMERA_RADAR_R_T;MISSING_GROUND_PLANE;MISSING_RUNTIME_FOOTPOINT_INTERVAL,"[[-14.984058251597055, 8.234856752087154]]",23.21891500368421,THETA_X_FULL_RADIAL_FALLBACK,0.0,20.0,18,18,NOT_A_RANGE_CONTRACTION_RESULT_FALLBACK_ONLY,False,False
R01ZF,28,R01ZF_REUSED_R01ZF_PERSON003,R01ZF_SARF000028__CAUSAL_REPLAY__R01ZF_REUSED_R01ZF_PERSON003,FOOTPOINT_UNAVAILABLE,RANGE_UNAVAILABLE,,,,PERSON_C0_CALIBRATION_ASSET_RECOVERY_AUDIT,CALIBRATION_ASSETS_INSUFFICIENT_FOR_RUNTIME_RANGE_PROTOTYPE,MISSING_PERSON_CAMERA_K;MISSING_CAMERA_HEIGHT_ATTITUDE;MISSING_CAMERA_RADAR_R_T;MISSING_GROUND_PLANE;MISSING_RUNTIME_FOOTPOINT_INTERVAL,"[[-50.00362753620764, -24.363590332625208]]",25.64003720358243,THETA_X_FULL_RADIAL_FALLBACK,0.0,20.0,12,12,NOT_A_RANGE_CONTRACTION_RESULT_FALLBACK_ONLY,False,False
R01ZF,29,R01ZF_REUSED_R01ZF_PERSON001,R01ZF_SARF000029__CAUSAL_REPLAY__R01ZF_REUSED_R01ZF_PERSON001,FOOTPOINT_UNAVAILABLE,RANGE_UNAVAILABLE,,,,PERSON_C0_CALIBRATION_ASSET_RECOVERY_AUDIT,CALIBRATION_ASSETS_INSUFFICIENT_FOR_RUNTIME_RANGE_PROTOTYPE,MISSING_PERSON_CAMERA_K;MISSING_CAMERA_HEIGHT_ATTITUDE;MISSING_CAMERA_RADAR_R_T;MISSING_GROUND_PLANE;MISSING_RUNTIME_FOOTPOINT_INTERVAL,"[[-20.191902879625793, 4.211176299423755]]",24.40307917904955,THETA_X_FULL_RADIAL_FALLBACK,0.0,20.0,20,20,NOT_A_RANGE_CONTRACTION_RESULT_FALLBACK_ONLY,False,False
R01ZF,29,R01ZF_REUSED_R01ZF_PERSON002,R01ZF_SARF000029__CAUSAL_REPLAY__R01ZF_REUSED_R01ZF_PERSON002,FOOTPOINT_UNAVAILABLE,RANGE_UNAVAILABLE,,,,PERSON_C0_CALIBRATION_ASSET_RECOVERY_AUDIT,CALIBRATION_ASSETS_INSUFFICIENT_FOR_RUNTIME_RANGE_PROTOTYPE,MISSING_PERSON_CAMERA_K;MISSING_CAMERA_HEIGHT_ATTITUDE;MISSING_CAMERA_RADAR_R_T;MISSING_GROUND_PLANE;MISSING_RUNTIME_FOOTPOINT_INTERVAL,"[[-14.984058251597055, 9.917499187933089]]",24.901557439530144,THETA_X_FULL_RADIAL_FALLBACK,0.0,20.0,22,22,NOT_A_RANGE_CONTRACTION_RESULT_FALLBACK_ONLY,False,False
R01ZF,29,R01ZF_REUSED_R01ZF_PERSON003,R01ZF_SARF000029__CAUSAL_REPLAY__R01ZF_REUSED_R01ZF_PERSON003,FOOTPOINT_UNAVAILABLE,RANGE_UNAVAILABLE,,,,PERSON_C0_CALIBRATION_ASSET_RECOVERY_AUDIT,CALIBRATION_ASSETS_INSUFFICIENT_FOR_RUNTIME_RANGE_PROTOTYPE,MISSING_PERSON_CAMERA_K;MISSING_CAMERA_HEIGHT_ATTITUDE;MISSING_CAMERA_RADAR_R_T;MISSING_GROUND_PLANE;MISSING_RUNTIME_FOOTPOINT_INTERVAL,"[[-50.00362753620764, -22.468285756305075]]",27.535341779902563,THETA_X_FULL_RADIAL_FALLBACK,0.0,20.0,13,13,NOT_A_RANGE_CONTRACTION_RESULT_FALLBACK_ONLY,False,False
R01ZF,30,R01ZF_REUSED_R01ZF_PERSON001,R01ZF_SARF000030__CAUSAL_REPLAY__R01ZF_REUSED_R01ZF_PERSON001,FOOTPOINT_UNAVAILABLE,RANGE_UNAVAILABLE,,,,PERSON_C0_CALIBRATION_ASSET_RECOVERY_AUDIT,CALIBRATION_ASSETS_INSUFFICIENT_FOR_RUNTIME_RANGE_PROTOTYPE,MISSING_PERSON_CAMERA_K;MISSING_CAMERA_HEIGHT_ATTITUDE;MISSING_CAMERA_RADAR_R_T;MISSING_GROUND_PLANE;MISSING_RUNTIME_FOOTPOINT_INTERVAL,"[[-18.37405871315569, 5.929048134598716]]",24.303106847754407,THETA_X_FULL_RADIAL_FALLBACK,0.0,20.0,22,22,NOT_A_RANGE_CONTRACTION_RESULT_FALLBACK_ONLY,False,False
R01ZF,30,R01ZF_REUSED_R01ZF_PERSON002,R01ZF_SARF000030__CAUSAL_REPLAY__R01ZF_REUSED_R01ZF_PERSON002,FOOTPOINT_UNAVAILABLE,RANGE_UNAVAILABLE,,,,PERSON_C0_CALIBRATION_ASSET_RECOVERY_AUDIT,CALIBRATION_ASSETS_INSUFFICIENT_FOR_RUNTIME_RANGE_PROTOTYPE,MISSING_PERSON_CAMERA_K;MISSING_CAMERA_HEIGHT_ATTITUDE;MISSING_CAMERA_RADAR_R_T;MISSING_GROUND_PLANE;MISSING_RUNTIME_FOOTPOINT_INTERVAL,"[[-13.192719952145069, 11.557969204146005]]",24.750689156291074,THETA_X_FULL_RADIAL_FALLBACK,0.0,20.0,19,19,NOT_A_RANGE_CONTRACTION_RESULT_FALLBACK_ONLY,False,False
R01ZF,30,R01ZF_REUSED_R01ZF_PERSON003,R01ZF_SARF000030__CAUSAL_REPLAY__R01ZF_REUSED_R01ZF_PERSON003,FOOTPOINT_UNAVAILABLE,RANGE_UNAVAILABLE,,,,PERSON_C0_CALIBRATION_ASSET_RECOVERY_AUDIT,CALIBRATION_ASSETS_INSUFFICIENT_FOR_RUNTIME_RANGE_PROTOTYPE,MISSING_PERSON_CAMERA_K;MISSING_CAMERA_HEIGHT_ATTITUDE;MISSING_CAMERA_RADAR_R_T;MISSING_GROUND_PLANE;MISSING_RUNTIME_FOOTPOINT_INTERVAL,"[[-48.374790659558705, -20.721566046088963]]",27.653224613469742,THETA_X_FULL_RADIAL_FALLBACK,0.0,20.0,14,14,NOT_A_RANGE_CONTRACTION_RESULT_FALLBACK_ONLY,False,False
R01ZF,31,R01ZF_REUSED_R01ZF_PERSON001,R01ZF_SARF000031__CAUSAL_REPLAY__R01ZF_REUSED_R01ZF_PERSON001,FOOTPOINT_UNAVAILABLE,RANGE_UNAVAILABLE,,,,PERSON_C0_CALIBRATION_ASSET_RECOVERY_AUDIT,CALIBRATION_ASSETS_INSUFFICIENT_FOR_RUNTIME_RANGE_PROTOTYPE,MISSING_PERSON_CAMERA_K;MISSING_CAMERA_HEIGHT_ATTITUDE;MISSING_CAMERA_RADAR_R_T;MISSING_GROUND_PLANE;MISSING_RUNTIME_FOOTPOINT_INTERVAL,"[[-16.54882558461827, 5.929048134598716]]",22.477873719216987,THETA_X_FULL_RADIAL_FALLBACK,0.0,20.0,24,24,NOT_A_RANGE_CONTRACTION_RESULT_FALLBACK_ONLY,False,False
R01ZF,31,R01ZF_REUSED_R01ZF_PERSON002,R01ZF_SARF000031__CAUSAL_REPLAY__R01ZF_REUSED_R01ZF_PERSON002,FOOTPOINT_UNAVAILABLE,RANGE_UNAVAILABLE,,,,PERSON_C0_CALIBRATION_ASSET_RECOVERY_AUDIT,CALIBRATION_ASSETS_INSUFFICIENT_FOR_RUNTIME_RANGE_PROTOTYPE,MISSING_PERSON_CAMERA_K;MISSING_CAMERA_HEIGHT_ATTITUDE;MISSING_CAMERA_RADAR_R_T;MISSING_GROUND_PLANE;MISSING_RUNTIME_FOOTPOINT_INTERVAL,"[[-11.423359746037569, 11.557969204146005]]",22.981328950183574,THETA_X_FULL_RADIAL_FALLBACK,0.0,20.0,21,21,NOT_A_RANGE_CONTRACTION_RESULT_FALLBACK_ONLY,False,False
R01ZF,31,R01ZF_REUSED_R01ZF_PERSON003,R01ZF_SARF000031__CAUSAL_REPLAY__R01ZF_REUSED_R01ZF_PERSON003,FOOTPOINT_UNAVAILABLE,RANGE_UNAVAILABLE,,,,PERSON_C0_CALIBRATION_ASSET_RECOVERY_AUDIT,CALIBRATION_ASSETS_INSUFFICIENT_FOR_RUNTIME_RANGE_PROTOTYPE,MISSING_PERSON_CAMERA_K;MISSING_CAMERA_HEIGHT_ATTITUDE;MISSING_CAMERA_RADAR_R_T;MISSING_GROUND_PLANE;MISSING_RUNTIME_FOOTPOINT_INTERVAL,"[[-46.564802351303896, -20.721566046088963]]",25.843236305214933,THETA_X_FULL_RADIAL_FALLBACK,0.0,20.0,11,11,NOT_A_RANGE_CONTRACTION_RESULT_FALLBACK_ONLY,False,False
R01ZF,32,R01ZF_REUSED_R01ZF_PERSON001,R01ZF_SARF000032__CAUSAL_REPLAY__R01ZF_REUSED_R01ZF_PERSON001,FOOTPOINT_UNAVAILABLE,RANGE_UNAVAILABLE,,,,PERSON_C0_CALIBRATION_ASSET_RECOVERY_AUDIT,CALIBRATION_ASSETS_INSUFFICIENT_FOR_RUNTIME_RANGE_PROTOTYPE,MISSING_PERSON_CAMERA_K;MISSING_CAMERA_HEIGHT_ATTITUDE;MISSING_CAMERA_RADAR_R_T;MISSING_GROUND_PLANE;MISSING_RUNTIME_FOOTPOINT_INTERVAL,"[[-16.54882558461827, 7.713863315115077]]",24.262688899733348,THETA_X_FULL_RADIAL_FALLBACK,0.0,20.0,21,21,NOT_A_RANGE_CONTRACTION_RESULT_FALLBACK_ONLY,False,False
R01ZF,32,R01ZF_REUSED_R01ZF_PERSON002,R01ZF_SARF000032__CAUSAL_REPLAY__R01ZF_REUSED_R01ZF_PERSON002,FOOTPOINT_UNAVAILABLE,RANGE_UNAVAILABLE,,,,PERSON_C0_CALIBRATION_ASSET_RECOVERY_AUDIT,CALIBRATION_ASSETS_INSUFFICIENT_FOR_RUNTIME_RANGE_PROTOTYPE,MISSING_PERSON_CAMERA_K;MISSING_CAMERA_HEIGHT_ATTITUDE;MISSING_CAMERA_RADAR_R_T;MISSING_GROUND_PLANE;MISSING_RUNTIME_FOOTPOINT_INTERVAL,"[[-11.423359746037569, 13.123927885237222]]",24.54728763127479,THETA_X_FULL_RADIAL_FALLBACK,0.0,20.0,23,23,NOT_A_RANGE_CONTRACTION_RESULT_FALLBACK_ONLY,False,False
R01ZF,32,R01ZF_REUSED_R01ZF_PERSON003,R01ZF_SARF000032__CAUSAL_REPLAY__R01ZF_REUSED_R01ZF_PERSON003,FOOTPOINT_UNAVAILABLE,RANGE_UNAVAILABLE,,,,PERSON_C0_CALIBRATION_ASSET_RECOVERY_AUDIT,CALIBRATION_ASSETS_INSUFFICIENT_FOR_RUNTIME_RANGE_PROTOTYPE,MISSING_PERSON_CAMERA_K;MISSING_CAMERA_HEIGHT_ATTITUDE;MISSING_CAMERA_RADAR_R_T;MISSING_GROUND_PLANE;MISSING_RUNTIME_FOOTPOINT_INTERVAL,"[[-46.564802351303896, -19.0170545610506]]",27.547747790253297,THETA_X_FULL_RADIAL_FALLBACK,0.0,20.0,18,18,NOT_A_RANGE_CONTRACTION_RESULT_FALLBACK_ONLY,False,False
R01ZF,33,R01ZF_REUSED_R01ZF_PERSON001,R01ZF_SARF000033__CAUSAL_REPLAY__R01ZF_REUSED_R01ZF_PERSON001,FOOTPOINT_UNAVAILABLE,RANGE_UNAVAILABLE,,,,PERSON_C0_CALIBRATION_ASSET_RECOVERY_AUDIT,CALIBRATION_ASSETS_INSUFFICIENT_FOR_RUNTIME_RANGE_PROTOTYPE,MISSING_PERSON_CAMERA_K;MISSING_CAMERA_HEIGHT_ATTITUDE;MISSING_CAMERA_RADAR_R_T;MISSING_GROUND_PLANE;MISSING_RUNTIME_FOOTPOINT_INTERVAL,"[[-14.740053240740629, 7.713863315115077]]",22.453916555855706,THETA_X_FULL_RADIAL_FALLBACK,0.0,20.0,25,25,NOT_A_RANGE_CONTRACTION_RESULT_FALLBACK_ONLY,False,False
R01ZF,33,R01ZF_REUSED_R01ZF_PERSON002,R01ZF_SARF000033__CAUSAL_REPLAY__R01ZF_REUSED_R01ZF_PERSON002,FOOTPOINT_UNAVAILABLE,RANGE_UNAVAILABLE,,,,PERSON_C0_CALIBRATION_ASSET_RECOVERY_AUDIT,CALIBRATION_ASSETS_INSUFFICIENT_FOR_RUNTIME_RANGE_PROTOTYPE,MISSING_PERSON_CAMERA_K;MISSING_CAMERA_HEIGHT_ATTITUDE;MISSING_CAMERA_RADAR_R_T;MISSING_GROUND_PLANE;MISSING_RUNTIME_FOOTPOINT_INTERVAL,"[[-9.768222477365264, 13.123927885237222]]",22.892150362602486,THETA_X_FULL_RADIAL_FALLBACK,0.0,20.0,21,21,NOT_A_RANGE_CONTRACTION_RESULT_FALLBACK_ONLY,False,False
R01ZF,33,R01ZF_REUSED_R01ZF_PERSON003,R01ZF_SARF000033__CAUSAL_REPLAY__R01ZF_REUSED_R01ZF_PERSON003,FOOTPOINT_UNAVAILABLE,RANGE_UNAVAILABLE,,,,PERSON_C0_CALIBRATION_ASSET_RECOVERY_AUDIT,CALIBRATION_ASSETS_INSUFFICIENT_FOR_RUNTIME_RANGE_PROTOTYPE,MISSING_PERSON_CAMERA_K;MISSING_CAMERA_HEIGHT_ATTITUDE;MISSING_CAMERA_RADAR_R_T;MISSING_GROUND_PLANE;MISSING_RUNTIME_FOOTPOINT_INTERVAL,"[[-44.70343166466297, -19.0170545610506]]",25.686377103612372,THETA_X_FULL_RADIAL_FALLBACK,0.0,20.0,12,12,NOT_A_RANGE_CONTRACTION_RESULT_FALLBACK_ONLY,False,False
R01ZF,34,R01ZF_REUSED_R01ZF_PERSON001,R01ZF_SARF000034__CAUSAL_REPLAY__R01ZF_REUSED_R01ZF_PERSON001,FOOTPOINT_UNAVAILABLE,RANGE_UNAVAILABLE,,,,PERSON_C0_CALIBRATION_ASSET_RECOVERY_AUDIT,CALIBRATION_ASSETS_INSUFFICIENT_FOR_RUNTIME_RANGE_PROTOTYPE,MISSING_PERSON_CAMERA_K;MISSING_CAMERA_HEIGHT_ATTITUDE;MISSING_CAMERA_RADAR_R_T;MISSING_GROUND_PLANE;MISSING_RUNTIME_FOOTPOINT_INTERVAL,"[[-14.740053240740629, 9.397755689918988]]",24.137808930659617,THETA_X_FULL_RADIAL_FALLBACK,0.0,20.0,23,23,NOT_A_RANGE_CONTRACTION_RESULT_FALLBACK_ONLY,False,False
R01ZF,34,R01ZF_REUSED_R01ZF_PERSON002,R01ZF_SARF000034__CAUSAL_REPLAY__R01ZF_REUSED_R01ZF_PERSON002,FOOTPOINT_UNAVAILABLE,RANGE_UNAVAILABLE,,,,PERSON_C0_CALIBRATION_ASSET_RECOVERY_AUDIT,CALIBRATION_ASSETS_INSUFFICIENT_FOR_RUNTIME_RANGE_PROTOTYPE,MISSING_PERSON_CAMERA_K;MISSING_CAMERA_HEIGHT_ATTITUDE;MISSING_CAMERA_RADAR_R_T;MISSING_GROUND_PLANE;MISSING_RUNTIME_FOOTPOINT_INTERVAL,"[[-9.768222477365264, 14.730490052165898]]",24.49871252953116,THETA_X_FULL_RADIAL_FALLBACK,0.0,20.0,19,19,NOT_A_RANGE_CONTRACTION_RESULT_FALLBACK_ONLY,False,False
R01ZF,34,R01ZF_REUSED_R01ZF_PERSON003,R01ZF_SARF000034__CAUSAL_REPLAY__R01ZF_REUSED_R01ZF_PERSON003,FOOTPOINT_UNAVAILABLE,RANGE_UNAVAILABLE,,,,PERSON_C0_CALIBRATION_ASSET_RECOVERY_AUDIT,CALIBRATION_ASSETS_INSUFFICIENT_FOR_RUNTIME_RANGE_PROTOTYPE,MISSING_PERSON_CAMERA_K;MISSING_CAMERA_HEIGHT_ATTITUDE;MISSING_CAMERA_RADAR_R_T;MISSING_GROUND_PLANE;MISSING_RUNTIME_FOOTPOINT_INTERVAL,"[[-44.70343166466297, -17.322443308671133]]",27.38098835599184,THETA_X_FULL_RADIAL_FALLBACK,0.0,20.0,14,14,NOT_A_RANGE_CONTRACTION_RESULT_FALLBACK_ONLY,False,False
R01ZF,35,R01ZF_REUSED_R01ZF_PERSON001,R01ZF_SARF000035__CAUSAL_REPLAY__R01ZF_REUSED_R01ZF_PERSON001,FOOTPOINT_UNAVAILABLE,RANGE_UNAVAILABLE,,,,PERSON_C0_CALIBRATION_ASSET_RECOVERY_AUDIT,CALIBRATION_ASSETS_INSUFFICIENT_FOR_RUNTIME_RANGE_PROTOTYPE,MISSING_PERSON_CAMERA_K;MISSING_CAMERA_HEIGHT_ATTITUDE;MISSING_CAMERA_RADAR_R_T;MISSING_GROUND_PLANE;MISSING_RUNTIME_FOOTPOINT_INTERVAL,"[[-12.92306515225777, 11.02143941653383]]",23.9445045687916,THETA_X_FULL_RADIAL_FALLBACK,0.0,20.0,19,19,NOT_A_RANGE_CONTRACTION_RESULT_FALLBACK_ONLY,False,False
R01ZF,35,R01ZF_REUSED_R01ZF_PERSON002,R01ZF_SARF000035__CAUSAL_REPLAY__R01ZF_REUSED_R01ZF_PERSON002,FOOTPOINT_UNAVAILABLE,RANGE_UNAVAILABLE,,,,PERSON_C0_CALIBRATION_ASSET_RECOVERY_AUDIT,CALIBRATION_ASSETS_INSUFFICIENT_FOR_RUNTIME_RANGE_PROTOTYPE,MISSING_PERSON_CAMERA_K;MISSING_CAMERA_HEIGHT_ATTITUDE;MISSING_CAMERA_RADAR_R_T;MISSING_GROUND_PLANE;MISSING_RUNTIME_FOOTPOINT_INTERVAL,"[[-8.044494808371141, 16.436018740133477]]",24.480513548504618,THETA_X_FULL_RADIAL_FALLBACK,0.0,20.0,18,18,NOT_A_RANGE_CONTRACTION_RESULT_FALLBACK_ONLY,False,False
R01ZF,35,R01ZF_REUSED_R01ZF_PERSON003,R01ZF_SARF000035__CAUSAL_REPLAY__R01ZF_REUSED_R01ZF_PERSON003,FOOTPOINT_UNAVAILABLE,RANGE_UNAVAILABLE,,,,PERSON_C0_CALIBRATION_ASSET_RECOVERY_AUDIT,CALIBRATION_ASSETS_INSUFFICIENT_FOR_RUNTIME_RANGE_PROTOTYPE,MISSING_PERSON_CAMERA_K;MISSING_CAMERA_HEIGHT_ATTITUDE;MISSING_CAMERA_RADAR_R_T;MISSING_GROUND_PLANE;MISSING_RUNTIME_FOOTPOINT_INTERVAL,"[[-42.83355919594841, -15.6760474750781]]",27.15751172087031,THETA_X_FULL_RADIAL_FALLBACK,0.0,20.0,16,16,NOT_A_RANGE_CONTRACTION_RESULT_FALLBACK_ONLY,False,False
R01ZF,36,R01ZF_REUSED_R01ZF_PERSON001,R01ZF_SARF000036__CAUSAL_REPLAY__R01ZF_REUSED_R01ZF_PERSON001,FOOTPOINT_UNAVAILABLE,RANGE_UNAVAILABLE,,,,PERSON_C0_CALIBRATION_ASSET_RECOVERY_AUDIT,CALIBRATION_ASSETS_INSUFFICIENT_FOR_RUNTIME_RANGE_PROTOTYPE,MISSING_PERSON_CAMERA_K;MISSING_CAMERA_HEIGHT_ATTITUDE;MISSING_CAMERA_RADAR_R_T;MISSING_GROUND_PLANE;MISSING_RUNTIME_FOOTPOINT_INTERVAL,"[[-11.095882249144879, 11.02143941653383]]",22.11732166567871,THETA_X_FULL_RADIAL_FALLBACK,0.0,20.0,19,19,NOT_A_RANGE_CONTRACTION_RESULT_FALLBACK_ONLY,False,False
R01ZF,36,R01ZF_REUSED_R01ZF_PERSON002,R01ZF_SARF000036__CAUSAL_REPLAY__R01ZF_REUSED_R01ZF_PERSON002,FOOTPOINT_UNAVAILABLE,RANGE_UNAVAILABLE,,,,PERSON_C0_CALIBRATION_ASSET_RECOVERY_AUDIT,CALIBRATION_ASSETS_INSUFFICIENT_FOR_RUNTIME_RANGE_PROTOTYPE,MISSING_PERSON_CAMERA_K;MISSING_CAMERA_HEIGHT_ATTITUDE;MISSING_CAMERA_RADAR_R_T;MISSING_GROUND_PLANE;MISSING_RUNTIME_FOOTPOINT_INTERVAL,"[[-6.3142114699483685, 16.436018740133477]]",22.750230210081845,THETA_X_FULL_RADIAL_FALLBACK,0.0,20.0,16,16,NOT_A_RANGE_CONTRACTION_RESULT_FALLBACK_ONLY,False,False
R01ZF,36,R01ZF_REUSED_R01ZF_PERSON003,R01ZF_SARF000036__CAUSAL_REPLAY__R01ZF_REUSED_R01ZF_PERSON003,FOOTPOINT_UNAVAILABLE,RANGE_UNAVAILABLE,,,,PERSON_C0_CALIBRATION_ASSET_RECOVERY_AUDIT,CALIBRATION_ASSETS_INSUFFICIENT_FOR_RUNTIME_RANGE_PROTOTYPE,MISSING_PERSON_CAMERA_K;MISSING_CAMERA_HEIGHT_ATTITUDE;MISSING_CAMERA_RADAR_R_T;MISSING_GROUND_PLANE;MISSING_RUNTIME_FOOTPOINT_INTERVAL,"[[-41.05830084038428, -15.6760474750781]]",25.382253365306177,THETA_X_FULL_RADIAL_FALLBACK,0.0,20.0,12,12,NOT_A_RANGE_CONTRACTION_RESULT_FALLBACK_ONLY,False,False
R01ZF,37,R01ZF_REUSED_R01ZF_PERSON001,R01ZF_SARF000037__CAUSAL_REPLAY__R01ZF_REUSED_R01ZF_PERSON001,FOOTPOINT_UNAVAILABLE,RANGE_UNAVAILABLE,,,,PERSON_C0_CALIBRATION_ASSET_RECOVERY_AUDIT,CALIBRATION_ASSETS_INSUFFICIENT_FOR_RUNTIME_RANGE_PROTOTYPE,MISSING_PERSON_CAMERA_K;MISSING_CAMERA_HEIGHT_ATTITUDE;MISSING_CAMERA_RADAR_R_T;MISSING_GROUND_PLANE;MISSING_RUNTIME_FOOTPOINT_INTERVAL,"[[-11.095882249144879, 12.741788344278831]]",23.83767059342371,THETA_X_FULL_RADIAL_FALLBACK,0.0,20.0,19,19,NOT_A_RANGE_CONTRACTION_RESULT_FALLBACK_ONLY,False,False
R01ZF,37,R01ZF_REUSED_R01ZF_PERSON002,R01ZF_SARF000037__CAUSAL_REPLAY__R01ZF_REUSED_R01ZF_PERSON002,FOOTPOINT_UNAVAILABLE,RANGE_UNAVAILABLE,,,,PERSON_C0_CALIBRATION_ASSET_RECOVERY_AUDIT,CALIBRATION_ASSETS_INSUFFICIENT_FOR_RUNTIME_RANGE_PROTOTYPE,MISSING_PERSON_CAMERA_K;MISSING_CAMERA_HEIGHT_ATTITUDE;MISSING_CAMERA_RADAR_R_T;MISSING_GROUND_PLANE;MISSING_RUNTIME_FOOTPOINT_INTERVAL,"[[-6.3142114699483685, 18.05481989269237]]",24.36903136264074,THETA_X_FULL_RADIAL_FALLBACK,0.0,20.0,17,17,NOT_A_RANGE_CONTRACTION_RESULT_FALLBACK_ONLY,False,False
R01ZF,37,R01ZF_REUSED_R01ZF_PERSON003,R01ZF_SARF000037__CAUSAL_REPLAY__R01ZF_REUSED_R01ZF_PERSON003,FOOTPOINT_UNAVAILABLE,RANGE_UNAVAILABLE,,,,PERSON_C0_CALIBRATION_ASSET_RECOVERY_AUDIT,CALIBRATION_ASSETS_INSUFFICIENT_FOR_RUNTIME_RANGE_PROTOTYPE,MISSING_PERSON_CAMERA_K;MISSING_CAMERA_HEIGHT_ATTITUDE;MISSING_CAMERA_RADAR_R_T;MISSING_GROUND_PLANE;MISSING_RUNTIME_FOOTPOINT_INTERVAL,"[[-41.05830084038428, -14.005141119734258]]",27.05315972065002,THETA_X_FULL_RADIAL_FALLBACK,0.0,20.0,15,15,NOT_A_RANGE_CONTRACTION_RESULT_FALLBACK_ONLY,False,False
R01ZF,38,R01ZF_REUSED_R01ZF_PERSON001,R01ZF_SARF000038__CAUSAL_REPLAY__R01ZF_REUSED_R01ZF_PERSON001,FOOTPOINT_UNAVAILABLE,RANGE_UNAVAILABLE,,,,PERSON_C0_CALIBRATION_ASSET_RECOVERY_AUDIT,CALIBRATION_ASSETS_INSUFFICIENT_FOR_RUNTIME_RANGE_PROTOTYPE,MISSING_PERSON_CAMERA_K;MISSING_CAMERA_HEIGHT_ATTITUDE;MISSING_CAMERA_RADAR_R_T;MISSING_GROUND_PLANE;MISSING_RUNTIME_FOOTPOINT_INTERVAL,"[[-9.31280200994626, 12.741788344278831]]",22.05459035422509,THETA_X_FULL_RADIAL_FALLBACK,0.0,20.0,18,18,NOT_A_RANGE_CONTRACTION_RESULT_FALLBACK_ONLY,False,False
R01ZF,38,R01ZF_REUSED_R01ZF_PERSON002,R01ZF_SARF000038__CAUSAL_REPLAY__R01ZF_REUSED_R01ZF_PERSON002,FOOTPOINT_UNAVAILABLE,RANGE_UNAVAILABLE,,,,PERSON_C0_CALIBRATION_ASSET_RECOVERY_AUDIT,CALIBRATION_ASSETS_INSUFFICIENT_FOR_RUNTIME_RANGE_PROTOTYPE,MISSING_PERSON_CAMERA_K;MISSING_CAMERA_HEIGHT_ATTITUDE;MISSING_CAMERA_RADAR_R_T;MISSING_GROUND_PLANE;MISSING_RUNTIME_FOOTPOINT_INTERVAL,"[[-4.65814000210662, 18.05481989269237]]",22.712959894798992,THETA_X_FULL_RADIAL_FALLBACK,0.0,20.0,16,16,NOT_A_RANGE_CONTRACTION_RESULT_FALLBACK_ONLY,False,False
R01ZF,38,R01ZF_REUSED_R01ZF_PERSON003,R01ZF_SARF000038__CAUSAL_REPLAY__R01ZF_REUSED_R01ZF_PERSON003,FOOTPOINT_UNAVAILABLE,RANGE_UNAVAILABLE,,,,PERSON_C0_CALIBRATION_ASSET_RECOVERY_AUDIT,CALIBRATION_ASSETS_INSUFFICIENT_FOR_RUNTIME_RANGE_PROTOTYPE,MISSING_PERSON_CAMERA_K;MISSING_CAMERA_HEIGHT_ATTITUDE;MISSING_CAMERA_RADAR_R_T;MISSING_GROUND_PLANE;MISSING_RUNTIME_FOOTPOINT_INTERVAL,"[[-39.17344497254034, -14.005141119734258]]",25.16830385280608,THETA_X_FULL_RADIAL_FALLBACK,0.0,20.0,16,16,NOT_A_RANGE_CONTRACTION_RESULT_FALLBACK_ONLY,False,False
R01ZF,39,R01ZF_REUSED_R01ZF_PERSON001,R01ZF_SARF000039__CAUSAL_REPLAY__R01ZF_REUSED_R01ZF_PERSON001,FOOTPOINT_UNAVAILABLE,RANGE_UNAVAILABLE,,,,PERSON_C0_CALIBRATION_ASSET_RECOVERY_AUDIT,CALIBRATION_ASSETS_INSUFFICIENT_FOR_RUNTIME_RANGE_PROTOTYPE,MISSING_PERSON_CAMERA_K;MISSING_CAMERA_HEIGHT_ATTITUDE;MISSING_CAMERA_RADAR_R_T;MISSING_GROUND_PLANE;MISSING_RUNTIME_FOOTPOINT_INTERVAL,"[[-9.31280200994626, 14.372974959690588]]",23.685776969636848,THETA_X_FULL_RADIAL_FALLBACK,0.0,20.0,17,17,NOT_A_RANGE_CONTRACTION_RESULT_FALLBACK_ONLY,False,False
R01ZF,39,R01ZF_REUSED_R01ZF_PERSON002,R01ZF_SARF000039__CAUSAL_REPLAY__R01ZF_REUSED_R01ZF_PERSON002,FOOTPOINT_UNAVAILABLE,RANGE_UNAVAILABLE,,,,PERSON_C0_CALIBRATION_ASSET_RECOVERY_AUDIT,CALIBRATION_ASSETS_INSUFFICIENT_FOR_RUNTIME_RANGE_PROTOTYPE,MISSING_PERSON_CAMERA_K;MISSING_CAMERA_HEIGHT_ATTITUDE;MISSING_CAMERA_RADAR_R_T;MISSING_GROUND_PLANE;MISSING_RUNTIME_FOOTPOINT_INTERVAL,"[[-4.65814000210662, 19.808790225379745]]",24.466930227486365,THETA_X_FULL_RADIAL_FALLBACK,0.0,20.0,17,17,NOT_A_RANGE_CONTRACTION_RESULT_FALLBACK_ONLY,False,False
R01ZF,39,R01ZF_REUSED_R01ZF_PERSON003,R01ZF_SARF000039__CAUSAL_REPLAY__R01ZF_REUSED_R01ZF_PERSON003,FOOTPOINT_UNAVAILABLE,RANGE_UNAVAILABLE,,,,PERSON_C0_CALIBRATION_ASSET_RECOVERY_AUDIT,CALIBRATION_ASSETS_INSUFFICIENT_FOR_RUNTIME_RANGE_PROTOTYPE,MISSING_PERSON_CAMERA_K;MISSING_CAMERA_HEIGHT_ATTITUDE;MISSING_CAMERA_RADAR_R_T;MISSING_GROUND_PLANE;MISSING_RUNTIME_FOOTPOINT_INTERVAL,"[[-39.17344497254034, -12.42204948628659]]",26.75139548625375,THETA_X_FULL_RADIAL_FALLBACK,0.0,20.0,17,17,NOT_A_RANGE_CONTRACTION_RESULT_FALLBACK_ONLY,False,False
R01ZF,40,R01ZF_REUSED_R01ZF_PERSON001,R01ZF_SARF000040__CAUSAL_REPLAY__R01ZF_REUSED_R01ZF_PERSON001,FOOTPOINT_UNAVAILABLE,RANGE_UNAVAILABLE,,,,PERSON_C0_CALIBRATION_ASSET_RECOVERY_AUDIT,CALIBRATION_ASSETS_INSUFFICIENT_FOR_RUNTIME_RANGE_PROTOTYPE,MISSING_PERSON_CAMERA_K;MISSING_CAMERA_HEIGHT_ATTITUDE;MISSING_CAMERA_RADAR_R_T;MISSING_GROUND_PLANE;MISSING_RUNTIME_FOOTPOINT_INTERVAL,"[[-7.553805881032012, 16.03927379265273]]",23.59307967368474,THETA_X_FULL_RADIAL_FALLBACK,0.0,20.0,9,9,NOT_A_RANGE_CONTRACTION_RESULT_FALLBACK_ONLY,False,False
R01ZF,40,R01ZF_REUSED_R01ZF_PERSON002,R01ZF_SARF000040__CAUSAL_REPLAY__R01ZF_REUSED_R01ZF_PERSON002,FOOTPOINT_UNAVAILABLE,RANGE_UNAVAILABLE,,,,PERSON_C0_CALIBRATION_ASSET_RECOVERY_AUDIT,CALIBRATION_ASSETS_INSUFFICIENT_FOR_RUNTIME_RANGE_PROTOTYPE,MISSING_PERSON_CAMERA_K;MISSING_CAMERA_HEIGHT_ATTITUDE;MISSING_CAMERA_RADAR_R_T;MISSING_GROUND_PLANE;MISSING_RUNTIME_FOOTPOINT_INTERVAL,"[[-2.9948651100086323, 21.623460718711357]]",24.61832582871999,THETA_X_FULL_RADIAL_FALLBACK,0.0,20.0,10,10,NOT_A_RANGE_CONTRACTION_RESULT_FALLBACK_ONLY,False,False
R01ZF,40,R01ZF_REUSED_R01ZF_PERSON003,R01ZF_SARF000040__CAUSAL_REPLAY__R01ZF_REUSED_R01ZF_PERSON003,FOOTPOINT_UNAVAILABLE,RANGE_UNAVAILABLE,,,,PERSON_C0_CALIBRATION_ASSET_RECOVERY_AUDIT,CALIBRATION_ASSETS_INSUFFICIENT_FOR_RUNTIME_RANGE_PROTOTYPE,MISSING_PERSON_CAMERA_K;MISSING_CAMERA_HEIGHT_ATTITUDE;MISSING_CAMERA_RADAR_R_T;MISSING_GROUND_PLANE;MISSING_RUNTIME_FOOTPOINT_INTERVAL,"[[-37.337849394332856, -10.843371699782953]]",26.494477694549904,THETA_X_FULL_RADIAL_FALLBACK,0.0,20.0,13,13,NOT_A_RANGE_CONTRACTION_RESULT_FALLBACK_ONLY,False,False
R01ZF,41,R01ZF_REUSED_R01ZF_PERSON001,R01ZF_SARF000041__CAUSAL_REPLAY__R01ZF_REUSED_R01ZF_PERSON001,FOOTPOINT_UNAVAILABLE,RANGE_UNAVAILABLE,,,,PERSON_C0_CALIBRATION_ASSET_RECOVERY_AUDIT,CALIBRATION_ASSETS_INSUFFICIENT_FOR_RUNTIME_RANGE_PROTOTYPE,MISSING_PERSON_CAMERA_K;MISSING_CAMERA_HEIGHT_ATTITUDE;MISSING_CAMERA_RADAR_R_T;MISSING_GROUND_PLANE;MISSING_RUNTIME_FOOTPOINT_INTERVAL,"[[-5.798862288584083, 16.03927379265273]]",21.83813608123681,THETA_X_FULL_RADIAL_FALLBACK,0.0,20.0,12,12,NOT_A_RANGE_CONTRACTION_RESULT_FALLBACK_ONLY,False,False
R01ZF,41,R01ZF_REUSED_R01ZF_PERSON002,R01ZF_SARF000041__CAUSAL_REPLAY__R01ZF_REUSED_R01ZF_PERSON002,FOOTPOINT_UNAVAILABLE,RANGE_UNAVAILABLE,,,,PERSON_C0_CALIBRATION_ASSET_RECOVERY_AUDIT,CALIBRATION_ASSETS_INSUFFICIENT_FOR_RUNTIME_RANGE_PROTOTYPE,MISSING_PERSON_CAMERA_K;MISSING_CAMERA_HEIGHT_ATTITUDE;MISSING_CAMERA_RADAR_R_T;MISSING_GROUND_PLANE;MISSING_RUNTIME_FOOTPOINT_INTERVAL,"[[-1.3507657137494533, 21.623460718711357]]",22.97422643246081,THETA_X_FULL_RADIAL_FALLBACK,0.0,20.0,13,13,NOT_A_RANGE_CONTRACTION_RESULT_FALLBACK_ONLY,False,False
R01ZF,41,R01ZF_REUSED_R01ZF_PERSON003,R01ZF_SARF000041__CAUSAL_REPLAY__R01ZF_REUSED_R01ZF_PERSON003,FOOTPOINT_UNAVAILABLE,RANGE_UNAVAILABLE,,,,PERSON_C0_CALIBRATION_ASSET_RECOVERY_AUDIT,CALIBRATION_ASSETS_INSUFFICIENT_FOR_RUNTIME_RANGE_PROTOTYPE,MISSING_PERSON_CAMERA_K;MISSING_CAMERA_HEIGHT_ATTITUDE;MISSING_CAMERA_RADAR_R_T;MISSING_GROUND_PLANE;MISSING_RUNTIME_FOOTPOINT_INTERVAL,"[[-35.5306280814824, -10.843371699782953]]",24.687256381699445,THETA_X_FULL_RADIAL_FALLBACK,0.0,20.0,14,14,NOT_A_RANGE_CONTRACTION_RESULT_FALLBACK_ONLY,False,False
R01ZF,42,R01ZF_REUSED_R01ZF_PERSON001,R01ZF_SARF000042__CAUSAL_REPLAY__R01ZF_REUSED_R01ZF_PERSON001,FOOTPOINT_UNAVAILABLE,RANGE_UNAVAILABLE,,,,PERSON_C0_CALIBRATION_ASSET_RECOVERY_AUDIT,CALIBRATION_ASSETS_INSUFFICIENT_FOR_RUNTIME_RANGE_PROTOTYPE,MISSING_PERSON_CAMERA_K;MISSING_CAMERA_HEIGHT_ATTITUDE;MISSING_CAMERA_RADAR_R_T;MISSING_GROUND_PLANE;MISSING_RUNTIME_FOOTPOINT_INTERVAL,"[[-5.798862288584083, 17.73835748286688]]",23.537219771450964,THETA_X_FULL_RADIAL_FALLBACK,0.0,20.0,16,16,NOT_A_RANGE_CONTRACTION_RESULT_FALLBACK_ONLY,False,False
R01ZF,42,R01ZF_REUSED_R01ZF_PERSON002,R01ZF_SARF000042__CAUSAL_REPLAY__R01ZF_REUSED_R01ZF_PERSON002,FOOTPOINT_UNAVAILABLE,RANGE_UNAVAILABLE,,,,PERSON_C0_CALIBRATION_ASSET_RECOVERY_AUDIT,CALIBRATION_ASSETS_INSUFFICIENT_FOR_RUNTIME_RANGE_PROTOTYPE,MISSING_PERSON_CAMERA_K;MISSING_CAMERA_HEIGHT_ATTITUDE;MISSING_CAMERA_RADAR_R_T;MISSING_GROUND_PLANE;MISSING_RUNTIME_FOOTPOINT_INTERVAL,"[[-1.3507657137494533, 23.09146845416703]]",24.44223416791648,THETA_X_FULL_RADIAL_FALLBACK,0.0,20.0,14,14,NOT_A_RANGE_CONTRACTION_RESULT_FALLBACK_ONLY,False,False
R01ZF,42,R01ZF_REUSED_R01ZF_PERSON003,R01ZF_SARF000042__CAUSAL_REPLAY__R01ZF_REUSED_R01ZF_PERSON003,FOOTPOINT_UNAVAILABLE,RANGE_UNAVAILABLE,,,,PERSON_C0_CALIBRATION_ASSET_RECOVERY_AUDIT,CALIBRATION_ASSETS_INSUFFICIENT_FOR_RUNTIME_RANGE_PROTOTYPE,MISSING_PERSON_CAMERA_K;MISSING_CAMERA_HEIGHT_ATTITUDE;MISSING_CAMERA_RADAR_R_T;MISSING_GROUND_PLANE;MISSING_RUNTIME_FOOTPOINT_INTERVAL,"[[-35.5306280814824, -9.241750697798206]]",26.28887738368419,THETA_X_FULL_RADIAL_FALLBACK,0.0,20.0,20,20,NOT_A_RANGE_CONTRACTION_RESULT_FALLBACK_ONLY,False,False
R01ZF,43,R01ZF_REUSED_R01ZF_PERSON001,R01ZF_SARF000043__CAUSAL_REPLAY__R01ZF_REUSED_R01ZF_PERSON001,FOOTPOINT_UNAVAILABLE,RANGE_UNAVAILABLE,,,,PERSON_C0_CALIBRATION_ASSET_RECOVERY_AUDIT,CALIBRATION_ASSETS_INSUFFICIENT_FOR_RUNTIME_RANGE_PROTOTYPE,MISSING_PERSON_CAMERA_K;MISSING_CAMERA_HEIGHT_ATTITUDE;MISSING_CAMERA_RADAR_R_T;MISSING_GROUND_PLANE;MISSING_RUNTIME_FOOTPOINT_INTERVAL,"[[-4.058520847609479, 17.73835748286688]]",21.79687833047636,THETA_X_FULL_RADIAL_FALLBACK,0.0,20.0,17,17,NOT_A_RANGE_CONTRACTION_RESULT_FALLBACK_ONLY,False,False
R01ZF,43,R01ZF_REUSED_R01ZF_PERSON002,R01ZF_SARF000043__CAUSAL_REPLAY__R01ZF_REUSED_R01ZF_PERSON002,FOOTPOINT_UNAVAILABLE,RANGE_UNAVAILABLE,,,,PERSON_C0_CALIBRATION_ASSET_RECOVERY_AUDIT,CALIBRATION_ASSETS_INSUFFICIENT_FOR_RUNTIME_RANGE_PROTOTYPE,MISSING_PERSON_CAMERA_K;MISSING_CAMERA_HEIGHT_ATTITUDE;MISSING_CAMERA_RADAR_R_T;MISSING_GROUND_PLANE;MISSING_RUNTIME_FOOTPOINT_INTERVAL,"[[0.30036458915103736, 23.09146845416703]]",22.79110386501599,THETA_X_FULL_RADIAL_FALLBACK,0.0,20.0,16,16,NOT_A_RANGE_CONTRACTION_RESULT_FALLBACK_ONLY,False,False
R01ZF,43,R01ZF_REUSED_R01ZF_PERSON003,R01ZF_SARF000043__CAUSAL_REPLAY__R01ZF_REUSED_R01ZF_PERSON003,FOOTPOINT_UNAVAILABLE,RANGE_UNAVAILABLE,,,,PERSON_C0_CALIBRATION_ASSET_RECOVERY_AUDIT,CALIBRATION_ASSETS_INSUFFICIENT_FOR_RUNTIME_RANGE_PROTOTYPE,MISSING_PERSON_CAMERA_K;MISSING_CAMERA_HEIGHT_ATTITUDE;MISSING_CAMERA_RADAR_R_T;MISSING_GROUND_PLANE;MISSING_RUNTIME_FOOTPOINT_INTERVAL,"[[-33.64824767868265, -9.241750697798206]]",24.406496980884445,THETA_X_FULL_RADIAL_FALLBACK,0.0,20.0,17,17,NOT_A_RANGE_CONTRACTION_RESULT_FALLBACK_ONLY,False,False
R01ZF,44,R01ZF_REUSED_R01ZF_PERSON001,R01ZF_SARF000044__CAUSAL_REPLAY__R01ZF_REUSED_R01ZF_PERSON001,FOOTPOINT_UNAVAILABLE,RANGE_UNAVAILABLE,,,,PERSON_C0_CALIBRATION_ASSET_RECOVERY_AUDIT,CALIBRATION_ASSETS_INSUFFICIENT_FOR_RUNTIME_RANGE_PROTOTYPE,MISSING_PERSON_CAMERA_K;MISSING_CAMERA_HEIGHT_ATTITUDE;MISSING_CAMERA_RADAR_R_T;MISSING_GROUND_PLANE;MISSING_RUNTIME_FOOTPOINT_INTERVAL,"[[-4.058520847609479, 19.44937418406984]]",23.50789503167932,THETA_X_FULL_RADIAL_FALLBACK,0.0,20.0,20,20,NOT_A_RANGE_CONTRACTION_RESULT_FALLBACK_ONLY,False,False
R01ZF,44,R01ZF_REUSED_R01ZF_PERSON002,R01ZF_SARF000044__CAUSAL_REPLAY__R01ZF_REUSED_R01ZF_PERSON002,FOOTPOINT_UNAVAILABLE,RANGE_UNAVAILABLE,,,,PERSON_C0_CALIBRATION_ASSET_RECOVERY_AUDIT,CALIBRATION_ASSETS_INSUFFICIENT_FOR_RUNTIME_RANGE_PROTOTYPE,MISSING_PERSON_CAMERA_K;MISSING_CAMERA_HEIGHT_ATTITUDE;MISSING_CAMERA_RADAR_R_T;MISSING_GROUND_PLANE;MISSING_RUNTIME_FOOTPOINT_INTERVAL,"[[0.30036458915103736, 24.79579277386847]]",24.495428184717433,THETA_X_FULL_RADIAL_FALLBACK,0.0,20.0,21,21,NOT_A_RANGE_CONTRACTION_RESULT_FALLBACK_ONLY,False,False
R01ZF,44,R01ZF_REUSED_R01ZF_PERSON003,R01ZF_SARF000044__CAUSAL_REPLAY__R01ZF_REUSED_R01ZF_PERSON003,FOOTPOINT_UNAVAILABLE,RANGE_UNAVAILABLE,,,,PERSON_C0_CALIBRATION_ASSET_RECOVERY_AUDIT,CALIBRATION_ASSETS_INSUFFICIENT_FOR_RUNTIME_RANGE_PROTOTYPE,MISSING_PERSON_CAMERA_K;MISSING_CAMERA_HEIGHT_ATTITUDE;MISSING_CAMERA_RADAR_R_T;MISSING_GROUND_PLANE;MISSING_RUNTIME_FOOTPOINT_INTERVAL,"[[-33.64824767868265, -7.599597821060129]]",26.04864985762252,THETA_X_FULL_RADIAL_FALLBACK,0.0,20.0,20,20,NOT_A_RANGE_CONTRACTION_RESULT_FALLBACK_ONLY,False,False
R01ZF,45,R01ZF_REUSED_R01ZF_PERSON001,R01ZF_SARF000045__CAUSAL_REPLAY__R01ZF_REUSED_R01ZF_PERSON001,FOOTPOINT_UNAVAILABLE,RANGE_UNAVAILABLE,,,,PERSON_C0_CALIBRATION_ASSET_RECOVERY_AUDIT,CALIBRATION_ASSETS_INSUFFICIENT_FOR_RUNTIME_RANGE_PROTOTYPE,MISSING_PERSON_CAMERA_K;MISSING_CAMERA_HEIGHT_ATTITUDE;MISSING_CAMERA_RADAR_R_T;MISSING_GROUND_PLANE;MISSING_RUNTIME_FOOTPOINT_INTERVAL,"[[-2.345525076387055, 21.12732609377698]]",23.472851170164034,THETA_X_FULL_RADIAL_FALLBACK,0.0,20.0,17,17,NOT_A_RANGE_CONTRACTION_RESULT_FALLBACK_ONLY,False,False
R01ZF,45,R01ZF_REUSED_R01ZF_PERSON002,R01ZF_SARF000045__CAUSAL_REPLAY__R01ZF_REUSED_R01ZF_PERSON002,FOOTPOINT_UNAVAILABLE,RANGE_UNAVAILABLE,,,,PERSON_C0_CALIBRATION_ASSET_RECOVERY_AUDIT,CALIBRATION_ASSETS_INSUFFICIENT_FOR_RUNTIME_RANGE_PROTOTYPE,MISSING_PERSON_CAMERA_K;MISSING_CAMERA_HEIGHT_ATTITUDE;MISSING_CAMERA_RADAR_R_T;MISSING_GROUND_PLANE;MISSING_RUNTIME_FOOTPOINT_INTERVAL,"[[1.8757596583641245, 26.34123162373284]]",24.465471965368714,THETA_X_FULL_RADIAL_FALLBACK,0.0,20.0,14,14,NOT_A_RANGE_CONTRACTION_RESULT_FALLBACK_ONLY,False,False
R01ZF,45,R01ZF_REUSED_R01ZF_PERSON003,R01ZF_SARF000045__CAUSAL_REPLAY__R01ZF_REUSED_R01ZF_PERSON003,FOOTPOINT_UNAVAILABLE,RANGE_UNAVAILABLE,,,,PERSON_C0_CALIBRATION_ASSET_RECOVERY_AUDIT,CALIBRATION_ASSETS_INSUFFICIENT_FOR_RUNTIME_RANGE_PROTOTYPE,MISSING_PERSON_CAMERA_K;MISSING_CAMERA_HEIGHT_ATTITUDE;MISSING_CAMERA_RADAR_R_T;MISSING_GROUND_PLANE;MISSING_RUNTIME_FOOTPOINT_INTERVAL,"[[-31.730820159321247, -5.958593976749235]]",25.772226182572012,THETA_X_FULL_RADIAL_FALLBACK,0.0,20.0,22,22,NOT_A_RANGE_CONTRACTION_RESULT_FALLBACK_ONLY,False,False
R01ZF,46,R01ZF_REUSED_R01ZF_PERSON001,R01ZF_SARF000046__CAUSAL_REPLAY__R01ZF_REUSED_R01ZF_PERSON001,FOOTPOINT_UNAVAILABLE,RANGE_UNAVAILABLE,,,,PERSON_C0_CALIBRATION_ASSET_RECOVERY_AUDIT,CALIBRATION_ASSETS_INSUFFICIENT_FOR_RUNTIME_RANGE_PROTOTYPE,MISSING_PERSON_CAMERA_K;MISSING_CAMERA_HEIGHT_ATTITUDE;MISSING_CAMERA_RADAR_R_T;MISSING_GROUND_PLANE;MISSING_RUNTIME_FOOTPOINT_INTERVAL,"[[-0.7027049145298463, 21.12732609377698]]",21.830031008306825,THETA_X_FULL_RADIAL_FALLBACK,0.0,20.0,16,16,NOT_A_RANGE_CONTRACTION_RESULT_FALLBACK_ONLY,False,False
R01ZF,46,R01ZF_REUSED_R01ZF_PERSON002,R01ZF_SARF000046__CAUSAL_REPLAY__R01ZF_REUSED_R01ZF_PERSON002,FOOTPOINT_UNAVAILABLE,RANGE_UNAVAILABLE,,,,PERSON_C0_CALIBRATION_ASSET_RECOVERY_AUDIT,CALIBRATION_ASSETS_INSUFFICIENT_FOR_RUNTIME_RANGE_PROTOTYPE,MISSING_PERSON_CAMERA_K;MISSING_CAMERA_HEIGHT_ATTITUDE;MISSING_CAMERA_RADAR_R_T;MISSING_GROUND_PLANE;MISSING_RUNTIME_FOOTPOINT_INTERVAL,"[[3.576334161188953, 26.34123162373284]]",22.764897462543885,THETA_X_FULL_RADIAL_FALLBACK,0.0,20.0,14,14,NOT_A_RANGE_CONTRACTION_RESULT_FALLBACK_ONLY,False,False
R01ZF,46,R01ZF_REUSED_R01ZF_PERSON003,R01ZF_SARF000046__CAUSAL_REPLAY__R01ZF_REUSED_R01ZF_PERSON003,FOOTPOINT_UNAVAILABLE,RANGE_UNAVAILABLE,,,,PERSON_C0_CALIBRATION_ASSET_RECOVERY_AUDIT,CALIBRATION_ASSETS_INSUFFICIENT_FOR_RUNTIME_RANGE_PROTOTYPE,MISSING_PERSON_CAMERA_K;MISSING_CAMERA_HEIGHT_ATTITUDE;MISSING_CAMERA_RADAR_R_T;MISSING_GROUND_PLANE;MISSING_RUNTIME_FOOTPOINT_INTERVAL,"[[-29.800092508234425, -5.958593976749235]]",23.84149853148519,THETA_X_FULL_RADIAL_FALLBACK,0.0,20.0,20,20,NOT_A_RANGE_CONTRACTION_RESULT_FALLBACK_ONLY,False,False
R01ZF,47,R01ZF_REUSED_R01ZF_PERSON001,R01ZF_SARF000047__CAUSAL_REPLAY__R01ZF_REUSED_R01ZF_PERSON001,FOOTPOINT_UNAVAILABLE,RANGE_UNAVAILABLE,,,,PERSON_C0_CALIBRATION_ASSET_RECOVERY_AUDIT,CALIBRATION_ASSETS_INSUFFICIENT_FOR_RUNTIME_RANGE_PROTOTYPE,MISSING_PERSON_CAMERA_K;MISSING_CAMERA_HEIGHT_ATTITUDE;MISSING_CAMERA_RADAR_R_T;MISSING_GROUND_PLANE;MISSING_RUNTIME_FOOTPOINT_INTERVAL,"[[-0.7027049145298463, 22.8108376278063]]",23.513542542336147,THETA_X_FULL_RADIAL_FALLBACK,0.0,20.0,16,16,NOT_A_RANGE_CONTRACTION_RESULT_FALLBACK_ONLY,False,False
R01ZF,47,R01ZF_REUSED_R01ZF_PERSON002,R01ZF_SARF000047__CAUSAL_REPLAY__R01ZF_REUSED_R01ZF_PERSON002,FOOTPOINT_UNAVAILABLE,RANGE_UNAVAILABLE,,,,PERSON_C0_CALIBRATION_ASSET_RECOVERY_AUDIT,CALIBRATION_ASSETS_INSUFFICIENT_FOR_RUNTIME_RANGE_PROTOTYPE,MISSING_PERSON_CAMERA_K;MISSING_CAMERA_HEIGHT_ATTITUDE;MISSING_CAMERA_RADAR_R_T;MISSING_GROUND_PLANE;MISSING_RUNTIME_FOOTPOINT_INTERVAL,"[[3.576334161188953, 28.000974787263658]]",24.424640626074705,THETA_X_FULL_RADIAL_FALLBACK,0.0,20.0,15,15,NOT_A_RANGE_CONTRACTION_RESULT_FALLBACK_ONLY,False,False
R01ZF,47,R01ZF_REUSED_R01ZF_PERSON003,R01ZF_SARF000047__CAUSAL_REPLAY__R01ZF_REUSED_R01ZF_PERSON003,FOOTPOINT_UNAVAILABLE,RANGE_UNAVAILABLE,,,,PERSON_C0_CALIBRATION_ASSET_RECOVERY_AUDIT,CALIBRATION_ASSETS_INSUFFICIENT_FOR_RUNTIME_RANGE_PROTOTYPE,MISSING_PERSON_CAMERA_K;MISSING_CAMERA_HEIGHT_ATTITUDE;MISSING_CAMERA_RADAR_R_T;MISSING_GROUND_PLANE;MISSING_RUNTIME_FOOTPOINT_INTERVAL,"[[-29.800092508234425, -4.321060015068483]]",25.479032493165942,THETA_X_FULL_RADIAL_FALLBACK,0.0,20.0,20,20,NOT_A_RANGE_CONTRACTION_RESULT_FALLBACK_ONLY,False,False
R01ZF,48,R01ZF_REUSED_R01ZF_PERSON001,R01ZF_SARF000048__CAUSAL_REPLAY__R01ZF_REUSED_R01ZF_PERSON001,FOOTPOINT_UNAVAILABLE,RANGE_UNAVAILABLE,,,,PERSON_C0_CALIBRATION_ASSET_RECOVERY_AUDIT,CALIBRATION_ASSETS_INSUFFICIENT_FOR_RUNTIME_RANGE_PROTOTYPE,MISSING_PERSON_CAMERA_K;MISSING_CAMERA_HEIGHT_ATTITUDE;MISSING_CAMERA_RADAR_R_T;MISSING_GROUND_PLANE;MISSING_RUNTIME_FOOTPOINT_INTERVAL,"[[0.9044496713847892, 22.8108376278063]]",21.90638795642151,THETA_X_FULL_RADIAL_FALLBACK,0.0,20.0,15,15,NOT_A_RANGE_CONTRACTION_RESULT_FALLBACK_ONLY,False,False
R01ZF,48,R01ZF_REUSED_R01ZF_PERSON002,R01ZF_SARF000048__CAUSAL_REPLAY__R01ZF_REUSED_R01ZF_PERSON002,FOOTPOINT_UNAVAILABLE,RANGE_UNAVAILABLE,,,,PERSON_C0_CALIBRATION_ASSET_RECOVERY_AUDIT,CALIBRATION_ASSETS_INSUFFICIENT_FOR_RUNTIME_RANGE_PROTOTYPE,MISSING_PERSON_CAMERA_K;MISSING_CAMERA_HEIGHT_ATTITUDE;MISSING_CAMERA_RADAR_R_T;MISSING_GROUND_PLANE;MISSING_RUNTIME_FOOTPOINT_INTERVAL,"[[5.209158066434021, 28.000974787263658]]",22.791816720829637,THETA_X_FULL_RADIAL_FALLBACK,0.0,20.0,15,15,NOT_A_RANGE_CONTRACTION_RESULT_FALLBACK_ONLY,False,False
R01ZF,48,R01ZF_REUSED_R01ZF_PERSON003,R01ZF_SARF000048__CAUSAL_REPLAY__R01ZF_REUSED_R01ZF_PERSON003,FOOTPOINT_UNAVAILABLE,RANGE_UNAVAILABLE,,,,PERSON_C0_CALIBRATION_ASSET_RECOVERY_AUDIT,CALIBRATION_ASSETS_INSUFFICIENT_FOR_RUNTIME_RANGE_PROTOTYPE,MISSING_PERSON_CAMERA_K;MISSING_CAMERA_HEIGHT_ATTITUDE;MISSING_CAMERA_RADAR_R_T;MISSING_GROUND_PLANE;MISSING_RUNTIME_FOOTPOINT_INTERVAL,"[[-27.8050141586317, -4.321060015068483]]",23.483954143563217,THETA_X_FULL_RADIAL_FALLBACK,0.0,20.0,21,21,NOT_A_RANGE_CONTRACTION_RESULT_FALLBACK_ONLY,False,False
R01ZF,49,R01ZF_REUSED_R01ZF_PERSON001,R01ZF_SARF000049__CAUSAL_REPLAY__R01ZF_REUSED_R01ZF_PERSON001,FOOTPOINT_UNAVAILABLE,RANGE_UNAVAILABLE,,,,PERSON_C0_CALIBRATION_ASSET_RECOVERY_AUDIT,CALIBRATION_ASSETS_INSUFFICIENT_FOR_RUNTIME_RANGE_PROTOTYPE,MISSING_PERSON_CAMERA_K;MISSING_CAMERA_HEIGHT_ATTITUDE;MISSING_CAMERA_RADAR_R_T;MISSING_GROUND_PLANE;MISSING_RUNTIME_FOOTPOINT_INTERVAL,"[[0.9044496713847892, 24.516665780314554]]",23.612216108929765,THETA_X_FULL_RADIAL_FALLBACK,0.0,20.0,15,15,NOT_A_RANGE_CONTRACTION_RESULT_FALLBACK_ONLY,False,False
R01ZF,49,R01ZF_REUSED_R01ZF_PERSON002,R01ZF_SARF000049__CAUSAL_REPLAY__R01ZF_REUSED_R01ZF_PERSON002,FOOTPOINT_UNAVAILABLE,RANGE_UNAVAILABLE,,,,PERSON_C0_CALIBRATION_ASSET_RECOVERY_AUDIT,CALIBRATION_ASSETS_INSUFFICIENT_FOR_RUNTIME_RANGE_PROTOTYPE,MISSING_PERSON_CAMERA_K;MISSING_CAMERA_HEIGHT_ATTITUDE;MISSING_CAMERA_RADAR_R_T;MISSING_GROUND_PLANE;MISSING_RUNTIME_FOOTPOINT_INTERVAL,"[[5.209158066434021, 29.648342253091386]]",24.439184186657364,THETA_X_FULL_RADIAL_FALLBACK,0.0,20.0,15,15,NOT_A_RANGE_CONTRACTION_RESULT_FALLBACK_ONLY,False,False
R01ZF,49,R01ZF_REUSED_R01ZF_PERSON003,R01ZF_SARF000049__CAUSAL_REPLAY__R01ZF_REUSED_R01ZF_PERSON003,FOOTPOINT_UNAVAILABLE,RANGE_UNAVAILABLE,,,,PERSON_C0_CALIBRATION_ASSET_RECOVERY_AUDIT,CALIBRATION_ASSETS_INSUFFICIENT_FOR_RUNTIME_RANGE_PROTOTYPE,MISSING_PERSON_CAMERA_K;MISSING_CAMERA_HEIGHT_ATTITUDE;MISSING_CAMERA_RADAR_R_T;MISSING_GROUND_PLANE;MISSING_RUNTIME_FOOTPOINT_INTERVAL,"[[-27.8050141586317, -2.7168805442771244]]",25.088133614354575,THETA_X_FULL_RADIAL_FALLBACK,0.0,20.0,19,19,NOT_A_RANGE_CONTRACTION_RESULT_FALLBACK_ONLY,False,False
R01ZF,50,R01ZF_REUSED_R01ZF_PERSON001,R01ZF_SARF000050__CAUSAL_REPLAY__R01ZF_REUSED_R01ZF_PERSON001,FOOTPOINT_UNAVAILABLE,RANGE_UNAVAILABLE,,,,PERSON_C0_CALIBRATION_ASSET_RECOVERY_AUDIT,CALIBRATION_ASSETS_INSUFFICIENT_FOR_RUNTIME_RANGE_PROTOTYPE,MISSING_PERSON_CAMERA_K;MISSING_CAMERA_HEIGHT_ATTITUDE;MISSING_CAMERA_RADAR_R_T;MISSING_GROUND_PLANE;MISSING_RUNTIME_FOOTPOINT_INTERVAL,"[[2.5515469681158365, 26.229544369755672]]",23.677997401639836,THETA_X_FULL_RADIAL_FALLBACK,0.0,20.0,14,14,NOT_A_RANGE_CONTRACTION_RESULT_FALLBACK_ONLY,False,False
R01ZF,50,R01ZF_REUSED_R01ZF_PERSON002,R01ZF_SARF000050__CAUSAL_REPLAY__R01ZF_REUSED_R01ZF_PERSON002,FOOTPOINT_UNAVAILABLE,RANGE_UNAVAILABLE,,,,PERSON_C0_CALIBRATION_ASSET_RECOVERY_AUDIT,CALIBRATION_ASSETS_INSUFFICIENT_FOR_RUNTIME_RANGE_PROTOTYPE,MISSING_PERSON_CAMERA_K;MISSING_CAMERA_HEIGHT_ATTITUDE;MISSING_CAMERA_RADAR_R_T;MISSING_GROUND_PLANE;MISSING_RUNTIME_FOOTPOINT_INTERVAL,"[[6.8157788242506925, 31.262319422482335]]",24.446540598231643,THETA_X_FULL_RADIAL_FALLBACK,0.0,20.0,11,11,NOT_A_RANGE_CONTRACTION_RESULT_FALLBACK_ONLY,False,False
R01ZF,50,R01ZF_REUSED_R01ZF_PERSON003,R01ZF_SARF000050__CAUSAL_REPLAY__R01ZF_REUSED_R01ZF_PERSON003,FOOTPOINT_UNAVAILABLE,RANGE_UNAVAILABLE,,,,PERSON_C0_CALIBRATION_ASSET_RECOVERY_AUDIT,CALIBRATION_ASSETS_INSUFFICIENT_FOR_RUNTIME_RANGE_PROTOTYPE,MISSING_PERSON_CAMERA_K;MISSING_CAMERA_HEIGHT_ATTITUDE;MISSING_CAMERA_RADAR_R_T;MISSING_GROUND_PLANE;MISSING_RUNTIME_FOOTPOINT_INTERVAL,"[[-25.947640672618142, -1.106513224635549]]",24.841127447982593,THETA_X_FULL_RADIAL_FALLBACK,0.0,20.0,19,19,NOT_A_RANGE_CONTRACTION_RESULT_FALLBACK_ONLY,False,False
R01ZF,51,R01ZF_REUSED_R01ZF_PERSON001,R01ZF_SARF000051__CAUSAL_REPLAY__R01ZF_REUSED_R01ZF_PERSON001,FOOTPOINT_UNAVAILABLE,RANGE_UNAVAILABLE,,,,PERSON_C0_CALIBRATION_ASSET_RECOVERY_AUDIT,CALIBRATION_ASSETS_INSUFFICIENT_FOR_RUNTIME_RANGE_PROTOTYPE,MISSING_PERSON_CAMERA_K;MISSING_CAMERA_HEIGHT_ATTITUDE;MISSING_CAMERA_RADAR_R_T;MISSING_GROUND_PLANE;MISSING_RUNTIME_FOOTPOINT_INTERVAL,"[[4.199252959075352, 26.229544369755672]]",22.03029141068032,THETA_X_FULL_RADIAL_FALLBACK,0.0,20.0,12,12,NOT_A_RANGE_CONTRACTION_RESULT_FALLBACK_ONLY,False,False
R01ZF,51,R01ZF_REUSED_R01ZF_PERSON002,R01ZF_SARF000051__CAUSAL_REPLAY__R01ZF_REUSED_R01ZF_PERSON002,FOOTPOINT_UNAVAILABLE,RANGE_UNAVAILABLE,,,,PERSON_C0_CALIBRATION_ASSET_RECOVERY_AUDIT,CALIBRATION_ASSETS_INSUFFICIENT_FOR_RUNTIME_RANGE_PROTOTYPE,MISSING_PERSON_CAMERA_K;MISSING_CAMERA_HEIGHT_ATTITUDE;MISSING_CAMERA_RADAR_R_T;MISSING_GROUND_PLANE;MISSING_RUNTIME_FOOTPOINT_INTERVAL,"[[8.372753569081425, 31.262319422482335]]",22.88956585340091,THETA_X_FULL_RADIAL_FALLBACK,0.0,20.0,14,14,NOT_A_RANGE_CONTRACTION_RESULT_FALLBACK_ONLY,False,False
R01ZF,51,R01ZF_REUSED_R01ZF_PERSON003,R01ZF_SARF000051__CAUSAL_REPLAY__R01ZF_REUSED_R01ZF_PERSON003,FOOTPOINT_UNAVAILABLE,RANGE_UNAVAILABLE,,,,PERSON_C0_CALIBRATION_ASSET_RECOVERY_AUDIT,CALIBRATION_ASSETS_INSUFFICIENT_FOR_RUNTIME_RANGE_PROTOTYPE,MISSING_PERSON_CAMERA_K;MISSING_CAMERA_HEIGHT_ATTITUDE;MISSING_CAMERA_RADAR_R_T;MISSING_GROUND_PLANE;MISSING_RUNTIME_FOOTPOINT_INTERVAL,"[[-24.13803178105281, -1.106513224635549]]",23.03151855641726,THETA_X_FULL_RADIAL_FALLBACK,0.0,20.0,17,17,NOT_A_RANGE_CONTRACTION_RESULT_FALLBACK_ONLY,False,False
R01ZF,52,R01ZF_REUSED_R01ZF_PERSON001,R01ZF_SARF000052__CAUSAL_REPLAY__R01ZF_REUSED_R01ZF_PERSON001,FOOTPOINT_UNAVAILABLE,RANGE_UNAVAILABLE,,,,PERSON_C0_CALIBRATION_ASSET_RECOVERY_AUDIT,CALIBRATION_ASSETS_INSUFFICIENT_FOR_RUNTIME_RANGE_PROTOTYPE,MISSING_PERSON_CAMERA_K;MISSING_CAMERA_HEIGHT_ATTITUDE;MISSING_CAMERA_RADAR_R_T;MISSING_GROUND_PLANE;MISSING_RUNTIME_FOOTPOINT_INTERVAL,"[[4.199252959075352, 27.917027064017404]]",23.717774104942052,THETA_X_FULL_RADIAL_FALLBACK,0.0,20.0,14,14,NOT_A_RANGE_CONTRACTION_RESULT_FALLBACK_ONLY,False,False
R01ZF,52,R01ZF_REUSED_R01ZF_PERSON002,R01ZF_SARF000052__CAUSAL_REPLAY__R01ZF_REUSED_R01ZF_PERSON002,FOOTPOINT_UNAVAILABLE,RANGE_UNAVAILABLE,,,,PERSON_C0_CALIBRATION_ASSET_RECOVERY_AUDIT,CALIBRATION_ASSETS_INSUFFICIENT_FOR_RUNTIME_RANGE_PROTOTYPE,MISSING_PERSON_CAMERA_K;MISSING_CAMERA_HEIGHT_ATTITUDE;MISSING_CAMERA_RADAR_R_T;MISSING_GROUND_PLANE;MISSING_RUNTIME_FOOTPOINT_INTERVAL,"[[8.372753569081425, 32.80782337333544]]",24.435069804254013,THETA_X_FULL_RADIAL_FALLBACK,0.0,20.0,13,13,NOT_A_RANGE_CONTRACTION_RESULT_FALLBACK_ONLY,False,False
R01ZF,52,R01ZF_REUSED_R01ZF_PERSON003,R01ZF_SARF000052__CAUSAL_REPLAY__R01ZF_REUSED_R01ZF_PERSON003,FOOTPOINT_UNAVAILABLE,RANGE_UNAVAILABLE,,,,PERSON_C0_CALIBRATION_ASSET_RECOVERY_AUDIT,CALIBRATION_ASSETS_INSUFFICIENT_FOR_RUNTIME_RANGE_PROTOTYPE,MISSING_PERSON_CAMERA_K;MISSING_CAMERA_HEIGHT_ATTITUDE;MISSING_CAMERA_RADAR_R_T;MISSING_GROUND_PLANE;MISSING_RUNTIME_FOOTPOINT_INTERVAL,"[[-24.13803178105281, 0.5262683649640465]]",24.664300146016856,THETA_X_FULL_RADIAL_FALLBACK,0.0,20.0,21,21,NOT_A_RANGE_CONTRACTION_RESULT_FALLBACK_ONLY,False,False
R01ZF,53,R01ZF_REUSED_R01ZF_PERSON001,R01ZF_SARF000053__CAUSAL_REPLAY__R01ZF_REUSED_R01ZF_PERSON001,FOOTPOINT_UNAVAILABLE,RANGE_UNAVAILABLE,,,,PERSON_C0_CALIBRATION_ASSET_RECOVERY_AUDIT,CALIBRATION_ASSETS_INSUFFICIENT_FOR_RUNTIME_RANGE_PROTOTYPE,MISSING_PERSON_CAMERA_K;MISSING_CAMERA_HEIGHT_ATTITUDE;MISSING_CAMERA_RADAR_R_T;MISSING_GROUND_PLANE;MISSING_RUNTIME_FOOTPOINT_INTERVAL,"[[5.793966746298182, 27.917027064017404]]",22.123060317719222,THETA_X_FULL_RADIAL_FALLBACK,0.0,20.0,13,13,NOT_A_RANGE_CONTRACTION_RESULT_FALLBACK_ONLY,False,False
R01ZF,53,R01ZF_REUSED_R01ZF_PERSON002,R01ZF_SARF000053__CAUSAL_REPLAY__R01ZF_REUSED_R01ZF_PERSON002,FOOTPOINT_UNAVAILABLE,RANGE_UNAVAILABLE,,,,PERSON_C0_CALIBRATION_ASSET_RECOVERY_AUDIT,CALIBRATION_ASSETS_INSUFFICIENT_FOR_RUNTIME_RANGE_PROTOTYPE,MISSING_PERSON_CAMERA_K;MISSING_CAMERA_HEIGHT_ATTITUDE;MISSING_CAMERA_RADAR_R_T;MISSING_GROUND_PLANE;MISSING_RUNTIME_FOOTPOINT_INTERVAL,"[[10.014203355155637, 32.80782337333544]]",22.7936200181798,THETA_X_FULL_RADIAL_FALLBACK,0.0,20.0,13,13,NOT_A_RANGE_CONTRACTION_RESULT_FALLBACK_ONLY,False,False
R01ZF,53,R01ZF_REUSED_R01ZF_PERSON003,R01ZF_SARF000053__CAUSAL_REPLAY__R01ZF_REUSED_R01ZF_PERSON003,FOOTPOINT_UNAVAILABLE,RANGE_UNAVAILABLE,,,,PERSON_C0_CALIBRATION_ASSET_RECOVERY_AUDIT,CALIBRATION_ASSETS_INSUFFICIENT_FOR_RUNTIME_RANGE_PROTOTYPE,MISSING_PERSON_CAMERA_K;MISSING_CAMERA_HEIGHT_ATTITUDE;MISSING_CAMERA_RADAR_R_T;MISSING_GROUND_PLANE;MISSING_RUNTIME_FOOTPOINT_INTERVAL,"[[-22.53079256385523, 0.5262683649640465]]",23.057060928819276,THETA_X_FULL_RADIAL_FALLBACK,0.0,20.0,19,19,NOT_A_RANGE_CONTRACTION_RESULT_FALLBACK_ONLY,False,False
R01ZF,54,R01ZF_REUSED_R01ZF_PERSON001,R01ZF_SARF000054__CAUSAL_REPLAY__R01ZF_REUSED_R01ZF_PERSON001,FOOTPOINT_UNAVAILABLE,RANGE_UNAVAILABLE,,,,PERSON_C0_CALIBRATION_ASSET_RECOVERY_AUDIT,CALIBRATION_ASSETS_INSUFFICIENT_FOR_RUNTIME_RANGE_PROTOTYPE,MISSING_PERSON_CAMERA_K;MISSING_CAMERA_HEIGHT_ATTITUDE;MISSING_CAMERA_RADAR_R_T;MISSING_GROUND_PLANE;MISSING_RUNTIME_FOOTPOINT_INTERVAL,"[[5.793966746298182, 29.548334116254182]]",23.754367369956,THETA_X_FULL_RADIAL_FALLBACK,0.0,20.0,12,12,NOT_A_RANGE_CONTRACTION_RESULT_FALLBACK_ONLY,False,False
R01ZF,54,R01ZF_REUSED_R01ZF_PERSON002,R01ZF_SARF000054__CAUSAL_REPLAY__R01ZF_REUSED_R01ZF_PERSON002,FOOTPOINT_UNAVAILABLE,RANGE_UNAVAILABLE,,,,PERSON_C0_CALIBRATION_ASSET_RECOVERY_AUDIT,CALIBRATION_ASSETS_INSUFFICIENT_FOR_RUNTIME_RANGE_PROTOTYPE,MISSING_PERSON_CAMERA_K;MISSING_CAMERA_HEIGHT_ATTITUDE;MISSING_CAMERA_RADAR_R_T;MISSING_GROUND_PLANE;MISSING_RUNTIME_FOOTPOINT_INTERVAL,"[[10.014203355155637, 34.49163437190545]]",24.47743101674981,THETA_X_FULL_RADIAL_FALLBACK,0.0,20.0,14,14,NOT_A_RANGE_CONTRACTION_RESULT_FALLBACK_ONLY,False,False
R01ZF,54,R01ZF_REUSED_R01ZF_PERSON003,R01ZF_SARF000054__CAUSAL_REPLAY__R01ZF_REUSED_R01ZF_PERSON003,FOOTPOINT_UNAVAILABLE,RANGE_UNAVAILABLE,,,,PERSON_C0_CALIBRATION_ASSET_RECOVERY_AUDIT,CALIBRATION_ASSETS_INSUFFICIENT_FOR_RUNTIME_RANGE_PROTOTYPE,MISSING_PERSON_CAMERA_K;MISSING_CAMERA_HEIGHT_ATTITUDE;MISSING_CAMERA_RADAR_R_T;MISSING_GROUND_PLANE;MISSING_RUNTIME_FOOTPOINT_INTERVAL,"[[-22.53079256385523, 2.178743003255235]]",24.709535567110464,THETA_X_FULL_RADIAL_FALLBACK,0.0,20.0,17,17,NOT_A_RANGE_CONTRACTION_RESULT_FALLBACK_ONLY,False,False
R01ZF,55,R01ZF_REUSED_R01ZF_PERSON001,R01ZF_SARF000055__CAUSAL_REPLAY__R01ZF_REUSED_R01ZF_PERSON001,FOOTPOINT_UNAVAILABLE,RANGE_UNAVAILABLE,,,,PERSON_C0_CALIBRATION_ASSET_RECOVERY_AUDIT,CALIBRATION_ASSETS_INSUFFICIENT_FOR_RUNTIME_RANGE_PROTOTYPE,MISSING_PERSON_CAMERA_K;MISSING_CAMERA_HEIGHT_ATTITUDE;MISSING_CAMERA_RADAR_R_T;MISSING_GROUND_PLANE;MISSING_RUNTIME_FOOTPOINT_INTERVAL,"[[7.383817489764617, 31.186444221675714]]",23.802626731911097,THETA_X_FULL_RADIAL_FALLBACK,0.0,20.0,12,12,NOT_A_RANGE_CONTRACTION_RESULT_FALLBACK_ONLY,False,False
R01ZF,55,R01ZF_REUSED_R01ZF_PERSON002,R01ZF_SARF000055__CAUSAL_REPLAY__R01ZF_REUSED_R01ZF_PERSON002,FOOTPOINT_UNAVAILABLE,RANGE_UNAVAILABLE,,,,PERSON_C0_CALIBRATION_ASSET_RECOVERY_AUDIT,CALIBRATION_ASSETS_INSUFFICIENT_FOR_RUNTIME_RANGE_PROTOTYPE,MISSING_PERSON_CAMERA_K;MISSING_CAMERA_HEIGHT_ATTITUDE;MISSING_CAMERA_RADAR_R_T;MISSING_GROUND_PLANE;MISSING_RUNTIME_FOOTPOINT_INTERVAL,"[[11.545756164406704, 36.049155965030295]]",24.50339980062359,THETA_X_FULL_RADIAL_FALLBACK,0.0,20.0,12,12,NOT_A_RANGE_CONTRACTION_RESULT_FALLBACK_ONLY,False,False
R01ZF,55,R01ZF_REUSED_R01ZF_PERSON003,R01ZF_SARF000055__CAUSAL_REPLAY__R01ZF_REUSED_R01ZF_PERSON003,FOOTPOINT_UNAVAILABLE,RANGE_UNAVAILABLE,,,,PERSON_C0_CALIBRATION_ASSET_RECOVERY_AUDIT,CALIBRATION_ASSETS_INSUFFICIENT_FOR_RUNTIME_RANGE_PROTOTYPE,MISSING_PERSON_CAMERA_K;MISSING_CAMERA_HEIGHT_ATTITUDE;MISSING_CAMERA_RADAR_R_T;MISSING_GROUND_PLANE;MISSING_RUNTIME_FOOTPOINT_INTERVAL,"[[-20.915220420271112, 3.868956683935849]]",24.78417710420696,THETA_X_FULL_RADIAL_FALLBACK,0.0,20.0,19,19,NOT_A_RANGE_CONTRACTION_RESULT_FALLBACK_ONLY,False,False
R01ZF,56,R01ZF_REUSED_R01ZF_PERSON001,R01ZF_SARF000056__CAUSAL_REPLAY__R01ZF_REUSED_R01ZF_PERSON001,FOOTPOINT_UNAVAILABLE,RANGE_UNAVAILABLE,,,,PERSON_C0_CALIBRATION_ASSET_RECOVERY_AUDIT,CALIBRATION_ASSETS_INSUFFICIENT_FOR_RUNTIME_RANGE_PROTOTYPE,MISSING_PERSON_CAMERA_K;MISSING_CAMERA_HEIGHT_ATTITUDE;MISSING_CAMERA_RADAR_R_T;MISSING_GROUND_PLANE;MISSING_RUNTIME_FOOTPOINT_INTERVAL,"[[8.92111871620331, 31.186444221675714]]",22.265325505472404,THETA_X_FULL_RADIAL_FALLBACK,0.0,20.0,11,11,NOT_A_RANGE_CONTRACTION_RESULT_FALLBACK_ONLY,False,False
R01ZF,56,R01ZF_REUSED_R01ZF_PERSON002,R01ZF_SARF000056__CAUSAL_REPLAY__R01ZF_REUSED_R01ZF_PERSON002,FOOTPOINT_UNAVAILABLE,RANGE_UNAVAILABLE,,,,PERSON_C0_CALIBRATION_ASSET_RECOVERY_AUDIT,CALIBRATION_ASSETS_INSUFFICIENT_FOR_RUNTIME_RANGE_PROTOTYPE,MISSING_PERSON_CAMERA_K;MISSING_CAMERA_HEIGHT_ATTITUDE;MISSING_CAMERA_RADAR_R_T;MISSING_GROUND_PLANE;MISSING_RUNTIME_FOOTPOINT_INTERVAL,"[[13.089359166425211, 36.049155965030295]]",22.959796798605083,THETA_X_FULL_RADIAL_FALLBACK,0.0,20.0,10,10,NOT_A_RANGE_CONTRACTION_RESULT_FALLBACK_ONLY,False,False
R01ZF,56,R01ZF_REUSED_R01ZF_PERSON003,R01ZF_SARF000056__CAUSAL_REPLAY__R01ZF_REUSED_R01ZF_PERSON003,FOOTPOINT_UNAVAILABLE,RANGE_UNAVAILABLE,,,,PERSON_C0_CALIBRATION_ASSET_RECOVERY_AUDIT,CALIBRATION_ASSETS_INSUFFICIENT_FOR_RUNTIME_RANGE_PROTOTYPE,MISSING_PERSON_CAMERA_K;MISSING_CAMERA_HEIGHT_ATTITUDE;MISSING_CAMERA_RADAR_R_T;MISSING_GROUND_PLANE;MISSING_RUNTIME_FOOTPOINT_INTERVAL,"[[-19.288620169423652, 3.868956683935849]]",23.1575768533595,THETA_X_FULL_RADIAL_FALLBACK,0.0,20.0,17,17,NOT_A_RANGE_CONTRACTION_RESULT_FALLBACK_ONLY,False,False
R01ZF,57,R01ZF_REUSED_R01ZF_PERSON001,R01ZF_SARF000057__CAUSAL_REPLAY__R01ZF_REUSED_R01ZF_PERSON001,FOOTPOINT_UNAVAILABLE,RANGE_UNAVAILABLE,,,,PERSON_C0_CALIBRATION_ASSET_RECOVERY_AUDIT,CALIBRATION_ASSETS_INSUFFICIENT_FOR_RUNTIME_RANGE_PROTOTYPE,MISSING_PERSON_CAMERA_K;MISSING_CAMERA_HEIGHT_ATTITUDE;MISSING_CAMERA_RADAR_R_T;MISSING_GROUND_PLANE;MISSING_RUNTIME_FOOTPOINT_INTERVAL,"[[8.92111871620331, 32.83237946578076]]",23.91126074957745,THETA_X_FULL_RADIAL_FALLBACK,0.0,20.0,13,13,NOT_A_RANGE_CONTRACTION_RESULT_FALLBACK_ONLY,False,False
R01ZF,57,R01ZF_REUSED_R01ZF_PERSON002,R01ZF_SARF000057__CAUSAL_REPLAY__R01ZF_REUSED_R01ZF_PERSON002,FOOTPOINT_UNAVAILABLE,RANGE_UNAVAILABLE,,,,PERSON_C0_CALIBRATION_ASSET_RECOVERY_AUDIT,CALIBRATION_ASSETS_INSUFFICIENT_FOR_RUNTIME_RANGE_PROTOTYPE,MISSING_PERSON_CAMERA_K;MISSING_CAMERA_HEIGHT_ATTITUDE;MISSING_CAMERA_RADAR_R_T;MISSING_GROUND_PLANE;MISSING_RUNTIME_FOOTPOINT_INTERVAL,"[[13.089359166425211, 37.61035576394228]]",24.52099659751707,THETA_X_FULL_RADIAL_FALLBACK,0.0,20.0,12,12,NOT_A_RANGE_CONTRACTION_RESULT_FALLBACK_ONLY,False,False
R01ZF,57,R01ZF_REUSED_R01ZF_PERSON003,R01ZF_SARF000057__CAUSAL_REPLAY__R01ZF_REUSED_R01ZF_PERSON003,FOOTPOINT_UNAVAILABLE,RANGE_UNAVAILABLE,,,,PERSON_C0_CALIBRATION_ASSET_RECOVERY_AUDIT,CALIBRATION_ASSETS_INSUFFICIENT_FOR_RUNTIME_RANGE_PROTOTYPE,MISSING_PERSON_CAMERA_K;MISSING_CAMERA_HEIGHT_ATTITUDE;MISSING_CAMERA_RADAR_R_T;MISSING_GROUND_PLANE;MISSING_RUNTIME_FOOTPOINT_INTERVAL,"[[-19.288620169423652, 5.659943438054569]]",24.94856360747822,THETA_X_FULL_RADIAL_FALLBACK,0.0,20.0,13,13,NOT_A_RANGE_CONTRACTION_RESULT_FALLBACK_ONLY,False,False
R01ZF,58,R01ZF_REUSED_R01ZF_PERSON001,R01ZF_SARF000058__CAUSAL_REPLAY__R01ZF_REUSED_R01ZF_PERSON001,FOOTPOINT_UNAVAILABLE,RANGE_UNAVAILABLE,,,,PERSON_C0_CALIBRATION_ASSET_RECOVERY_AUDIT,CALIBRATION_ASSETS_INSUFFICIENT_FOR_RUNTIME_RANGE_PROTOTYPE,MISSING_PERSON_CAMERA_K;MISSING_CAMERA_HEIGHT_ATTITUDE;MISSING_CAMERA_RADAR_R_T;MISSING_GROUND_PLANE;MISSING_RUNTIME_FOOTPOINT_INTERVAL,"[[10.515467937896723, 32.83237946578076]]",22.316911527884038,THETA_X_FULL_RADIAL_FALLBACK,0.0,20.0,12,12,NOT_A_RANGE_CONTRACTION_RESULT_FALLBACK_ONLY,False,False
R01ZF,58,R01ZF_REUSED_R01ZF_PERSON002,R01ZF_SARF000058__CAUSAL_REPLAY__R01ZF_REUSED_R01ZF_PERSON002,FOOTPOINT_UNAVAILABLE,RANGE_UNAVAILABLE,,,,PERSON_C0_CALIBRATION_ASSET_RECOVERY_AUDIT,CALIBRATION_ASSETS_INSUFFICIENT_FOR_RUNTIME_RANGE_PROTOTYPE,MISSING_PERSON_CAMERA_K;MISSING_CAMERA_HEIGHT_ATTITUDE;MISSING_CAMERA_RADAR_R_T;MISSING_GROUND_PLANE;MISSING_RUNTIME_FOOTPOINT_INTERVAL,"[[14.712880140572224, 37.61035576394228]]",22.897475623370056,THETA_X_FULL_RADIAL_FALLBACK,0.0,20.0,12,12,NOT_A_RANGE_CONTRACTION_RESULT_FALLBACK_ONLY,False,False
R01ZF,58,R01ZF_REUSED_R01ZF_PERSON003,R01ZF_SARF000058__CAUSAL_REPLAY__R01ZF_REUSED_R01ZF_PERSON003,FOOTPOINT_UNAVAILABLE,RANGE_UNAVAILABLE,,,,PERSON_C0_CALIBRATION_ASSET_RECOVERY_AUDIT,CALIBRATION_ASSETS_INSUFFICIENT_FOR_RUNTIME_RANGE_PROTOTYPE,MISSING_PERSON_CAMERA_K;MISSING_CAMERA_HEIGHT_ATTITUDE;MISSING_CAMERA_RADAR_R_T;MISSING_GROUND_PLANE;MISSING_RUNTIME_FOOTPOINT_INTERVAL,"[[-17.570657192865006, 5.659943438054569]]",23.230600630919575,THETA_X_FULL_RADIAL_FALLBACK,0.0,20.0,16,16,NOT_A_RANGE_CONTRACTION_RESULT_FALLBACK_ONLY,False,False
R01ZF,59,R01ZF_REUSED_R01ZF_PERSON001,R01ZF_SARF000059__CAUSAL_REPLAY__R01ZF_REUSED_R01ZF_PERSON001,FOOTPOINT_UNAVAILABLE,RANGE_UNAVAILABLE,,,,PERSON_C0_CALIBRATION_ASSET_RECOVERY_AUDIT,CALIBRATION_ASSETS_INSUFFICIENT_FOR_RUNTIME_RANGE_PROTOTYPE,MISSING_PERSON_CAMERA_K;MISSING_CAMERA_HEIGHT_ATTITUDE;MISSING_CAMERA_RADAR_R_T;MISSING_GROUND_PLANE;MISSING_RUNTIME_FOOTPOINT_INTERVAL,"[[10.515467937896723, 34.49340511876258]]",23.977937180865858,THETA_X_FULL_RADIAL_FALLBACK,0.0,20.0,14,14,NOT_A_RANGE_CONTRACTION_RESULT_FALLBACK_ONLY,False,False
R01ZF,59,R01ZF_REUSED_R01ZF_PERSON002,R01ZF_SARF000059__CAUSAL_REPLAY__R01ZF_REUSED_R01ZF_PERSON002,FOOTPOINT_UNAVAILABLE,RANGE_UNAVAILABLE,,,,PERSON_C0_CALIBRATION_ASSET_RECOVERY_AUDIT,CALIBRATION_ASSETS_INSUFFICIENT_FOR_RUNTIME_RANGE_PROTOTYPE,MISSING_PERSON_CAMERA_K;MISSING_CAMERA_HEIGHT_ATTITUDE;MISSING_CAMERA_RADAR_R_T;MISSING_GROUND_PLANE;MISSING_RUNTIME_FOOTPOINT_INTERVAL,"[[14.712880140572224, 39.189647127251945]]",24.47676698667972,THETA_X_FULL_RADIAL_FALLBACK,0.0,20.0,13,13,NOT_A_RANGE_CONTRACTION_RESULT_FALLBACK_ONLY,False,False
R01ZF,59,R01ZF_REUSED_R01ZF_PERSON003,R01ZF_SARF000059__CAUSAL_REPLAY__R01ZF_REUSED_R01ZF_PERSON003,FOOTPOINT_UNAVAILABLE,RANGE_UNAVAILABLE,,,,PERSON_C0_CALIBRATION_ASSET_RECOVERY_AUDIT,CALIBRATION_ASSETS_INSUFFICIENT_FOR_RUNTIME_RANGE_PROTOTYPE,MISSING_PERSON_CAMERA_K;MISSING_CAMERA_HEIGHT_ATTITUDE;MISSING_CAMERA_RADAR_R_T;MISSING_GROUND_PLANE;MISSING_RUNTIME_FOOTPOINT_INTERVAL,"[[-17.570657192865006, 7.370283088991286]]",24.940940281856292,THETA_X_FULL_RADIAL_FALLBACK,0.0,20.0,17,17,NOT_A_RANGE_CONTRACTION_RESULT_FALLBACK_ONLY,False,False
R01ZF,60,R01ZF_REUSED_R01ZF_PERSON001,R01ZF_SARF000060__CAUSAL_REPLAY__R01ZF_REUSED_R01ZF_PERSON001,FOOTPOINT_UNAVAILABLE,RANGE_UNAVAILABLE,,,,PERSON_C0_CALIBRATION_ASSET_RECOVERY_AUDIT,CALIBRATION_ASSETS_INSUFFICIENT_FOR_RUNTIME_RANGE_PROTOTYPE,MISSING_PERSON_CAMERA_K;MISSING_CAMERA_HEIGHT_ATTITUDE;MISSING_CAMERA_RADAR_R_T;MISSING_GROUND_PLANE;MISSING_RUNTIME_FOOTPOINT_INTERVAL,"[[12.111444684276343, 35.97892501982879]]",23.86748033555245,THETA_X_FULL_RADIAL_FALLBACK,0.0,20.0,12,12,NOT_A_RANGE_CONTRACTION_RESULT_FALLBACK_ONLY,False,False
R01ZF,60,R01ZF_REUSED_R01ZF_PERSON002,R01ZF_SARF000060__CAUSAL_REPLAY__R01ZF_REUSED_R01ZF_PERSON002,FOOTPOINT_UNAVAILABLE,RANGE_UNAVAILABLE,,,,PERSON_C0_CALIBRATION_ASSET_RECOVERY_AUDIT,CALIBRATION_ASSETS_INSUFFICIENT_FOR_RUNTIME_RANGE_PROTOTYPE,MISSING_PERSON_CAMERA_K;MISSING_CAMERA_HEIGHT_ATTITUDE;MISSING_CAMERA_RADAR_R_T;MISSING_GROUND_PLANE;MISSING_RUNTIME_FOOTPOINT_INTERVAL,"[[16.216628318106316, 40.74753328590354]]",24.530904967797227,THETA_X_FULL_RADIAL_FALLBACK,0.0,20.0,16,16,NOT_A_RANGE_CONTRACTION_RESULT_FALLBACK_ONLY,False,False
R01ZF,60,R01ZF_REUSED_R01ZF_PERSON003,R01ZF_SARF000060__CAUSAL_REPLAY__R01ZF_REUSED_R01ZF_PERSON003,FOOTPOINT_UNAVAILABLE,RANGE_UNAVAILABLE,,,,PERSON_C0_CALIBRATION_ASSET_RECOVERY_AUDIT,CALIBRATION_ASSETS_INSUFFICIENT_FOR_RUNTIME_RANGE_PROTOTYPE,MISSING_PERSON_CAMERA_K;MISSING_CAMERA_HEIGHT_ATTITUDE;MISSING_CAMERA_RADAR_R_T;MISSING_GROUND_PLANE;MISSING_RUNTIME_FOOTPOINT_INTERVAL,"[[-15.88692757052624, 9.088197239809048]]",24.975124810335288,THETA_X_FULL_RADIAL_FALLBACK,0.0,20.0,19,19,NOT_A_RANGE_CONTRACTION_RESULT_FALLBACK_ONLY,False,False
R01ZF,61,R01ZF_REUSED_R01ZF_PERSON001,R01ZF_SARF000061__CAUSAL_REPLAY__R01ZF_REUSED_R01ZF_PERSON001,FOOTPOINT_UNAVAILABLE,RANGE_UNAVAILABLE,,,,PERSON_C0_CALIBRATION_ASSET_RECOVERY_AUDIT,CALIBRATION_ASSETS_INSUFFICIENT_FOR_RUNTIME_RANGE_PROTOTYPE,MISSING_PERSON_CAMERA_K;MISSING_CAMERA_HEIGHT_ATTITUDE;MISSING_CAMERA_RADAR_R_T;MISSING_GROUND_PLANE;MISSING_RUNTIME_FOOTPOINT_INTERVAL,"[[13.657078837101565, 35.97892501982879]]",22.321846182727228,THETA_X_FULL_RADIAL_FALLBACK,0.0,20.0,17,17,NOT_A_RANGE_CONTRACTION_RESULT_FALLBACK_ONLY,False,False
R01ZF,61,R01ZF_REUSED_R01ZF_PERSON002,R01ZF_SARF000061__CAUSAL_REPLAY__R01ZF_REUSED_R01ZF_PERSON002,FOOTPOINT_UNAVAILABLE,RANGE_UNAVAILABLE,,,,PERSON_C0_CALIBRATION_ASSET_RECOVERY_AUDIT,CALIBRATION_ASSETS_INSUFFICIENT_FOR_RUNTIME_RANGE_PROTOTYPE,MISSING_PERSON_CAMERA_K;MISSING_CAMERA_HEIGHT_ATTITUDE;MISSING_CAMERA_RADAR_R_T;MISSING_GROUND_PLANE;MISSING_RUNTIME_FOOTPOINT_INTERVAL,"[[17.70539024834612, 40.74753328590354]]",23.042143037557423,THETA_X_FULL_RADIAL_FALLBACK,0.0,20.0,20,20,NOT_A_RANGE_CONTRACTION_RESULT_FALLBACK_ONLY,False,False
R01ZF,61,R01ZF_REUSED_R01ZF_PERSON003,R01ZF_SARF000061__CAUSAL_REPLAY__R01ZF_REUSED_R01ZF_PERSON003,FOOTPOINT_UNAVAILABLE,RANGE_UNAVAILABLE,,,,PERSON_C0_CALIBRATION_ASSET_RECOVERY_AUDIT,CALIBRATION_ASSETS_INSUFFICIENT_FOR_RUNTIME_RANGE_PROTOTYPE,MISSING_PERSON_CAMERA_K;MISSING_CAMERA_HEIGHT_ATTITUDE;MISSING_CAMERA_RADAR_R_T;MISSING_GROUND_PLANE;MISSING_RUNTIME_FOOTPOINT_INTERVAL,"[[-14.10773711532346, 9.088197239809048]]",23.195934355132508,THETA_X_FULL_RADIAL_FALLBACK,0.0,20.0,21,21,NOT_A_RANGE_CONTRACTION_RESULT_FALLBACK_ONLY,False,False
R01ZF,62,R01ZF_REUSED_R01ZF_PERSON001,R01ZF_SARF000062__CAUSAL_REPLAY__R01ZF_REUSED_R01ZF_PERSON001,FOOTPOINT_UNAVAILABLE,RANGE_UNAVAILABLE,,,,PERSON_C0_CALIBRATION_ASSET_RECOVERY_AUDIT,CALIBRATION_ASSETS_INSUFFICIENT_FOR_RUNTIME_RANGE_PROTOTYPE,MISSING_PERSON_CAMERA_K;MISSING_CAMERA_HEIGHT_ATTITUDE;MISSING_CAMERA_RADAR_R_T;MISSING_GROUND_PLANE;MISSING_RUNTIME_FOOTPOINT_INTERVAL,"[[13.657078837101565, 37.16501943947006]]",23.507940602368492,THETA_X_FULL_RADIAL_FALLBACK,0.0,20.0,17,17,NOT_A_RANGE_CONTRACTION_RESULT_FALLBACK_ONLY,False,False
R01ZF,62,R01ZF_REUSED_R01ZF_PERSON002,R01ZF_SARF000062__CAUSAL_REPLAY__R01ZF_REUSED_R01ZF_PERSON002,FOOTPOINT_UNAVAILABLE,RANGE_UNAVAILABLE,,,,PERSON_C0_CALIBRATION_ASSET_RECOVERY_AUDIT,CALIBRATION_ASSETS_INSUFFICIENT_FOR_RUNTIME_RANGE_PROTOTYPE,MISSING_PERSON_CAMERA_K;MISSING_CAMERA_HEIGHT_ATTITUDE;MISSING_CAMERA_RADAR_R_T;MISSING_GROUND_PLANE;MISSING_RUNTIME_FOOTPOINT_INTERVAL,"[[17.70539024834612, 42.35747419407868]]",24.652083945732556,THETA_X_FULL_RADIAL_FALLBACK,0.0,20.0,20,20,NOT_A_RANGE_CONTRACTION_RESULT_FALLBACK_ONLY,False,False
R01ZF,62,R01ZF_REUSED_R01ZF_PERSON003,R01ZF_SARF000062__CAUSAL_REPLAY__R01ZF_REUSED_R01ZF_PERSON003,FOOTPOINT_UNAVAILABLE,RANGE_UNAVAILABLE,,,,PERSON_C0_CALIBRATION_ASSET_RECOVERY_AUDIT,CALIBRATION_ASSETS_INSUFFICIENT_FOR_RUNTIME_RANGE_PROTOTYPE,MISSING_PERSON_CAMERA_K;MISSING_CAMERA_HEIGHT_ATTITUDE;MISSING_CAMERA_RADAR_R_T;MISSING_GROUND_PLANE;MISSING_RUNTIME_FOOTPOINT_INTERVAL,"[[-14.10773711532346, 10.757451657597578]]",24.865188772921037,THETA_X_FULL_RADIAL_FALLBACK,0.0,20.0,18,18,NOT_A_RANGE_CONTRACTION_RESULT_FALLBACK_ONLY,False,False
R01ZF,63,R01ZF_REUSED_R01ZF_PERSON001,R01ZF_SARF000063__CAUSAL_REPLAY__R01ZF_REUSED_R01ZF_PERSON001,FOOTPOINT_UNAVAILABLE,RANGE_UNAVAILABLE,,,,PERSON_C0_CALIBRATION_ASSET_RECOVERY_AUDIT,CALIBRATION_ASSETS_INSUFFICIENT_FOR_RUNTIME_RANGE_PROTOTYPE,MISSING_PERSON_CAMERA_K;MISSING_CAMERA_HEIGHT_ATTITUDE;MISSING_CAMERA_RADAR_R_T;MISSING_GROUND_PLANE;MISSING_RUNTIME_FOOTPOINT_INTERVAL,"[[15.196717188988401, 37.16501943947006]]",21.968302250481656,THETA_X_FULL_RADIAL_FALLBACK,0.0,20.0,17,17,NOT_A_RANGE_CONTRACTION_RESULT_FALLBACK_ONLY,False,False
R01ZF,63,R01ZF_REUSED_R01ZF_PERSON002,R01ZF_SARF000063__CAUSAL_REPLAY__R01ZF_REUSED_R01ZF_PERSON002,FOOTPOINT_UNAVAILABLE,RANGE_UNAVAILABLE,,,,PERSON_C0_CALIBRATION_ASSET_RECOVERY_AUDIT,CALIBRATION_ASSETS_INSUFFICIENT_FOR_RUNTIME_RANGE_PROTOTYPE,MISSING_PERSON_CAMERA_K;MISSING_CAMERA_HEIGHT_ATTITUDE;MISSING_CAMERA_RADAR_R_T;MISSING_GROUND_PLANE;MISSING_RUNTIME_FOOTPOINT_INTERVAL,"[[19.300436050602656, 42.35747419407868]]",23.05703814347602,THETA_X_FULL_RADIAL_FALLBACK,0.0,20.0,17,17,NOT_A_RANGE_CONTRACTION_RESULT_FALLBACK_ONLY,False,False
R01ZF,63,R01ZF_REUSED_R01ZF_PERSON003,R01ZF_SARF000063__CAUSAL_REPLAY__R01ZF_REUSED_R01ZF_PERSON003,FOOTPOINT_UNAVAILABLE,RANGE_UNAVAILABLE,,,,PERSON_C0_CALIBRATION_ASSET_RECOVERY_AUDIT,CALIBRATION_ASSETS_INSUFFICIENT_FOR_RUNTIME_RANGE_PROTOTYPE,MISSING_PERSON_CAMERA_K;MISSING_CAMERA_HEIGHT_ATTITUDE;MISSING_CAMERA_RADAR_R_T;MISSING_GROUND_PLANE;MISSING_RUNTIME_FOOTPOINT_INTERVAL,"[[-12.291312150379895, 10.757451657597578]]",23.048763807977473,THETA_X_FULL_RADIAL_FALLBACK,0.0,20.0,19,19,NOT_A_RANGE_CONTRACTION_RESULT_FALLBACK_ONLY,False,False
R01ZF,64,R01ZF_REUSED_R01ZF_PERSON001,R01ZF_SARF000064__CAUSAL_REPLAY__R01ZF_REUSED_R01ZF_PERSON001,FOOTPOINT_UNAVAILABLE,RANGE_UNAVAILABLE,,,,PERSON_C0_CALIBRATION_ASSET_RECOVERY_AUDIT,CALIBRATION_ASSETS_INSUFFICIENT_FOR_RUNTIME_RANGE_PROTOTYPE,MISSING_PERSON_CAMERA_K;MISSING_CAMERA_HEIGHT_ATTITUDE;MISSING_CAMERA_RADAR_R_T;MISSING_GROUND_PLANE;MISSING_RUNTIME_FOOTPOINT_INTERVAL,"[[15.196717188988401, 38.71667543363131]]",23.519958244642908,THETA_X_FULL_RADIAL_FALLBACK,0.0,20.0,17,17,NOT_A_RANGE_CONTRACTION_RESULT_FALLBACK_ONLY,False,False
R01ZF,64,R01ZF_REUSED_R01ZF_PERSON002,R01ZF_SARF000064__CAUSAL_REPLAY__R01ZF_REUSED_R01ZF_PERSON002,FOOTPOINT_UNAVAILABLE,RANGE_UNAVAILABLE,,,,PERSON_C0_CALIBRATION_ASSET_RECOVERY_AUDIT,CALIBRATION_ASSETS_INSUFFICIENT_FOR_RUNTIME_RANGE_PROTOTYPE,MISSING_PERSON_CAMERA_K;MISSING_CAMERA_HEIGHT_ATTITUDE;MISSING_CAMERA_RADAR_R_T;MISSING_GROUND_PLANE;MISSING_RUNTIME_FOOTPOINT_INTERVAL,"[[19.300436050602656, 43.897685434654576]]",24.59724938405192,THETA_X_FULL_RADIAL_FALLBACK,0.0,20.0,18,18,NOT_A_RANGE_CONTRACTION_RESULT_FALLBACK_ONLY,False,False
R01ZF,64,R01ZF_REUSED_R01ZF_PERSON003,R01ZF_SARF000064__CAUSAL_REPLAY__R01ZF_REUSED_R01ZF_PERSON003,FOOTPOINT_UNAVAILABLE,RANGE_UNAVAILABLE,,,,PERSON_C0_CALIBRATION_ASSET_RECOVERY_AUDIT,CALIBRATION_ASSETS_INSUFFICIENT_FOR_RUNTIME_RANGE_PROTOTYPE,MISSING_PERSON_CAMERA_K;MISSING_CAMERA_HEIGHT_ATTITUDE;MISSING_CAMERA_RADAR_R_T;MISSING_GROUND_PLANE;MISSING_RUNTIME_FOOTPOINT_INTERVAL,"[[-12.291312150379895, 12.343754397249]]",24.635066547628895,THETA_X_FULL_RADIAL_FALLBACK,0.0,20.0,17,17,NOT_A_RANGE_CONTRACTION_RESULT_FALLBACK_ONLY,False,False
R01ZF,65,R01ZF_REUSED_R01ZF_PERSON001,R01ZF_SARF000065__CAUSAL_REPLAY__R01ZF_REUSED_R01ZF_PERSON001,FOOTPOINT_UNAVAILABLE,RANGE_UNAVAILABLE,,,,PERSON_C0_CALIBRATION_ASSET_RECOVERY_AUDIT,CALIBRATION_ASSETS_INSUFFICIENT_FOR_RUNTIME_RANGE_PROTOTYPE,MISSING_PERSON_CAMERA_K;MISSING_CAMERA_HEIGHT_ATTITUDE;MISSING_CAMERA_RADAR_R_T;MISSING_GROUND_PLANE;MISSING_RUNTIME_FOOTPOINT_INTERVAL,"[[16.684261730760582, 40.514074635007745]]",23.829812904247163,THETA_X_FULL_RADIAL_FALLBACK,0.0,20.0,17,17,NOT_A_RANGE_CONTRACTION_RESULT_FALLBACK_ONLY,False,False
R01ZF,65,R01ZF_REUSED_R01ZF_PERSON002,R01ZF_SARF000065__CAUSAL_REPLAY__R01ZF_REUSED_R01ZF_PERSON002,FOOTPOINT_UNAVAILABLE,RANGE_UNAVAILABLE,,,,PERSON_C0_CALIBRATION_ASSET_RECOVERY_AUDIT,CALIBRATION_ASSETS_INSUFFICIENT_FOR_RUNTIME_RANGE_PROTOTYPE,MISSING_PERSON_CAMERA_K;MISSING_CAMERA_HEIGHT_ATTITUDE;MISSING_CAMERA_RADAR_R_T;MISSING_GROUND_PLANE;MISSING_RUNTIME_FOOTPOINT_INTERVAL,"[[20.88935584994867, 45.42184277174026]]",24.532486921791588,THETA_X_FULL_RADIAL_FALLBACK,0.0,20.0,17,17,NOT_A_RANGE_CONTRACTION_RESULT_FALLBACK_ONLY,False,False
R01ZF,65,R01ZF_REUSED_R01ZF_PERSON003,R01ZF_SARF000065__CAUSAL_REPLAY__R01ZF_REUSED_R01ZF_PERSON003,FOOTPOINT_UNAVAILABLE,RANGE_UNAVAILABLE,,,,PERSON_C0_CALIBRATION_ASSET_RECOVERY_AUDIT,CALIBRATION_ASSETS_INSUFFICIENT_FOR_RUNTIME_RANGE_PROTOTYPE,MISSING_PERSON_CAMERA_K;MISSING_CAMERA_HEIGHT_ATTITUDE;MISSING_CAMERA_RADAR_R_T;MISSING_GROUND_PLANE;MISSING_RUNTIME_FOOTPOINT_INTERVAL,"[[-10.49732098569391, 13.690596174965485]]",24.187917160659396,THETA_X_FULL_RADIAL_FALLBACK,0.0,20.0,15,15,NOT_A_RANGE_CONTRACTION_RESULT_FALLBACK_ONLY,False,False
R01ZF,66,R01ZF_REUSED_R01ZF_PERSON001,R01ZF_SARF000066__CAUSAL_REPLAY__R01ZF_REUSED_R01ZF_PERSON001,FOOTPOINT_UNAVAILABLE,RANGE_UNAVAILABLE,,,,PERSON_C0_CALIBRATION_ASSET_RECOVERY_AUDIT,CALIBRATION_ASSETS_INSUFFICIENT_FOR_RUNTIME_RANGE_PROTOTYPE,MISSING_PERSON_CAMERA_K;MISSING_CAMERA_HEIGHT_ATTITUDE;MISSING_CAMERA_RADAR_R_T;MISSING_GROUND_PLANE;MISSING_RUNTIME_FOOTPOINT_INTERVAL,"[[18.232812407823758, 40.514074635007745]]",22.281262227183987,THETA_X_FULL_RADIAL_FALLBACK,0.0,20.0,13,13,NOT_A_RANGE_CONTRACTION_RESULT_FALLBACK_ONLY,False,False
R01ZF,66,R01ZF_REUSED_R01ZF_PERSON002,R01ZF_SARF000066__CAUSAL_REPLAY__R01ZF_REUSED_R01ZF_PERSON002,FOOTPOINT_UNAVAILABLE,RANGE_UNAVAILABLE,,,,PERSON_C0_CALIBRATION_ASSET_RECOVERY_AUDIT,CALIBRATION_ASSETS_INSUFFICIENT_FOR_RUNTIME_RANGE_PROTOTYPE,MISSING_PERSON_CAMERA_K;MISSING_CAMERA_HEIGHT_ATTITUDE;MISSING_CAMERA_RADAR_R_T;MISSING_GROUND_PLANE;MISSING_RUNTIME_FOOTPOINT_INTERVAL,"[[22.346153195376303, 45.42184277174026]]",23.075689576363956,THETA_X_FULL_RADIAL_FALLBACK,0.0,20.0,12,12,NOT_A_RANGE_CONTRACTION_RESULT_FALLBACK_ONLY,False,False
R01ZF,66,R01ZF_REUSED_R01ZF_PERSON003,R01ZF_SARF000066__CAUSAL_REPLAY__R01ZF_REUSED_R01ZF_PERSON003,FOOTPOINT_UNAVAILABLE,RANGE_UNAVAILABLE,,,,PERSON_C0_CALIBRATION_ASSET_RECOVERY_AUDIT,CALIBRATION_ASSETS_INSUFFICIENT_FOR_RUNTIME_RANGE_PROTOTYPE,MISSING_PERSON_CAMERA_K;MISSING_CAMERA_HEIGHT_ATTITUDE;MISSING_CAMERA_RADAR_R_T;MISSING_GROUND_PLANE;MISSING_RUNTIME_FOOTPOINT_INTERVAL,"[[-8.69678391672371, 13.690596174965485]]",22.387380091689195,THETA_X_FULL_RADIAL_FALLBACK,0.0,20.0,15,15,NOT_A_RANGE_CONTRACTION_RESULT_FALLBACK_ONLY,False,False
R01ZF,67,R01ZF_REUSED_R01ZF_PERSON001,R01ZF_SARF000067__CAUSAL_REPLAY__R01ZF_REUSED_R01ZF_PERSON001,FOOTPOINT_UNAVAILABLE,RANGE_UNAVAILABLE,,,,PERSON_C0_CALIBRATION_ASSET_RECOVERY_AUDIT,CALIBRATION_ASSETS_INSUFFICIENT_FOR_RUNTIME_RANGE_PROTOTYPE,MISSING_PERSON_CAMERA_K;MISSING_CAMERA_HEIGHT_ATTITUDE;MISSING_CAMERA_RADAR_R_T;MISSING_GROUND_PLANE;MISSING_RUNTIME_FOOTPOINT_INTERVAL,"[[18.232812407823758, 42.413740977484665]]",24.180928569660907,THETA_X_FULL_RADIAL_FALLBACK,0.0,20.0,18,18,NOT_A_RANGE_CONTRACTION_RESULT_FALLBACK_ONLY,False,False
R01ZF,67,R01ZF_REUSED_R01ZF_PERSON002,R01ZF_SARF000067__CAUSAL_REPLAY__R01ZF_REUSED_R01ZF_PERSON002,FOOTPOINT_UNAVAILABLE,RANGE_UNAVAILABLE,,,,PERSON_C0_CALIBRATION_ASSET_RECOVERY_AUDIT,CALIBRATION_ASSETS_INSUFFICIENT_FOR_RUNTIME_RANGE_PROTOTYPE,MISSING_PERSON_CAMERA_K;MISSING_CAMERA_HEIGHT_ATTITUDE;MISSING_CAMERA_RADAR_R_T;MISSING_GROUND_PLANE;MISSING_RUNTIME_FOOTPOINT_INTERVAL,"[[22.346153195376303, 47.03593061281178]]",24.68977741743548,THETA_X_FULL_RADIAL_FALLBACK,0.0,20.0,19,19,NOT_A_RANGE_CONTRACTION_RESULT_FALLBACK_ONLY,False,False
R01ZF,67,R01ZF_REUSED_R01ZF_PERSON003,R01ZF_SARF000067__CAUSAL_REPLAY__R01ZF_REUSED_R01ZF_PERSON003,FOOTPOINT_UNAVAILABLE,RANGE_UNAVAILABLE,,,,PERSON_C0_CALIBRATION_ASSET_RECOVERY_AUDIT,CALIBRATION_ASSETS_INSUFFICIENT_FOR_RUNTIME_RANGE_PROTOTYPE,MISSING_PERSON_CAMERA_K;MISSING_CAMERA_HEIGHT_ATTITUDE;MISSING_CAMERA_RADAR_R_T;MISSING_GROUND_PLANE;MISSING_RUNTIME_FOOTPOINT_INTERVAL,"[[-8.69678391672371, 15.375393453497523]]",24.072177370221233,THETA_X_FULL_RADIAL_FALLBACK,0.0,20.0,21,21,NOT_A_RANGE_CONTRACTION_RESULT_FALLBACK_ONLY,False,False
R01ZF,68,R01ZF_REUSED_R01ZF_PERSON001,R01ZF_SARF000068__CAUSAL_REPLAY__R01ZF_REUSED_R01ZF_PERSON001,FOOTPOINT_UNAVAILABLE,RANGE_UNAVAILABLE,,,,PERSON_C0_CALIBRATION_ASSET_RECOVERY_AUDIT,CALIBRATION_ASSETS_INSUFFICIENT_FOR_RUNTIME_RANGE_PROTOTYPE,MISSING_PERSON_CAMERA_K;MISSING_CAMERA_HEIGHT_ATTITUDE;MISSING_CAMERA_RADAR_R_T;MISSING_GROUND_PLANE;MISSING_RUNTIME_FOOTPOINT_INTERVAL,"[[19.73472473751464, 42.413740977484665]]",22.679016239970025,THETA_X_FULL_RADIAL_FALLBACK,0.0,20.0,13,13,NOT_A_RANGE_CONTRACTION_RESULT_FALLBACK_ONLY,False,False
R01ZF,68,R01ZF_REUSED_R01ZF_PERSON002,R01ZF_SARF000068__CAUSAL_REPLAY__R01ZF_REUSED_R01ZF_PERSON002,FOOTPOINT_UNAVAILABLE,RANGE_UNAVAILABLE,,,,PERSON_C0_CALIBRATION_ASSET_RECOVERY_AUDIT,CALIBRATION_ASSETS_INSUFFICIENT_FOR_RUNTIME_RANGE_PROTOTYPE,MISSING_PERSON_CAMERA_K;MISSING_CAMERA_HEIGHT_ATTITUDE;MISSING_CAMERA_RADAR_R_T;MISSING_GROUND_PLANE;MISSING_RUNTIME_FOOTPOINT_INTERVAL,"[[22.665460518350272, 47.03593061281178]]",24.37047009446151,THETA_X_FULL_RADIAL_FALLBACK,0.0,20.0,14,14,NOT_A_RANGE_CONTRACTION_RESULT_FALLBACK_ONLY,False,False
R01ZF,68,R01ZF_REUSED_R01ZF_PERSON003,R01ZF_SARF000068__CAUSAL_REPLAY__R01ZF_REUSED_R01ZF_PERSON003,FOOTPOINT_UNAVAILABLE,RANGE_UNAVAILABLE,,,,PERSON_C0_CALIBRATION_ASSET_RECOVERY_AUDIT,CALIBRATION_ASSETS_INSUFFICIENT_FOR_RUNTIME_RANGE_PROTOTYPE,MISSING_PERSON_CAMERA_K;MISSING_CAMERA_HEIGHT_ATTITUDE;MISSING_CAMERA_RADAR_R_T;MISSING_GROUND_PLANE;MISSING_RUNTIME_FOOTPOINT_INTERVAL,"[[-6.970933955541845, 15.375393453497523]]",22.346327409039368,THETA_X_FULL_RADIAL_FALLBACK,0.0,20.0,16,16,NOT_A_RANGE_CONTRACTION_RESULT_FALLBACK_ONLY,False,False
R01ZF,69,R01ZF_REUSED_R01ZF_PERSON001,R01ZF_SARF000069__CAUSAL_REPLAY__R01ZF_REUSED_R01ZF_PERSON001,FOOTPOINT_UNAVAILABLE,RANGE_UNAVAILABLE,,,,PERSON_C0_CALIBRATION_ASSET_RECOVERY_AUDIT,CALIBRATION_ASSETS_INSUFFICIENT_FOR_RUNTIME_RANGE_PROTOTYPE,MISSING_PERSON_CAMERA_K;MISSING_CAMERA_HEIGHT_ATTITUDE;MISSING_CAMERA_RADAR_R_T;MISSING_GROUND_PLANE;MISSING_RUNTIME_FOOTPOINT_INTERVAL,"[[19.73472473751464, 43.66694800503322]]",23.93222326751858,THETA_X_FULL_RADIAL_FALLBACK,0.0,20.0,19,19,NOT_A_RANGE_CONTRACTION_RESULT_FALLBACK_ONLY,False,False
R01ZF,69,R01ZF_REUSED_R01ZF_PERSON002,R01ZF_SARF000069__CAUSAL_REPLAY__R01ZF_REUSED_R01ZF_PERSON002,FOOTPOINT_UNAVAILABLE,RANGE_UNAVAILABLE,,,,PERSON_C0_CALIBRATION_ASSET_RECOVERY_AUDIT,CALIBRATION_ASSETS_INSUFFICIENT_FOR_RUNTIME_RANGE_PROTOTYPE,MISSING_PERSON_CAMERA_K;MISSING_CAMERA_HEIGHT_ATTITUDE;MISSING_CAMERA_RADAR_R_T;MISSING_GROUND_PLANE;MISSING_RUNTIME_FOOTPOINT_INTERVAL,"[[22.665460518350272, 48.53443165076317]]",25.868971132412895,THETA_X_FULL_RADIAL_FALLBACK,0.0,20.0,19,19,NOT_A_RANGE_CONTRACTION_RESULT_FALLBACK_ONLY,False,False
R01ZF,69,R01ZF_REUSED_R01ZF_PERSON003,R01ZF_SARF000069__CAUSAL_REPLAY__R01ZF_REUSED_R01ZF_PERSON003,FOOTPOINT_UNAVAILABLE,RANGE_UNAVAILABLE,,,,PERSON_C0_CALIBRATION_ASSET_RECOVERY_AUDIT,CALIBRATION_ASSETS_INSUFFICIENT_FOR_RUNTIME_RANGE_PROTOTYPE,MISSING_PERSON_CAMERA_K;MISSING_CAMERA_HEIGHT_ATTITUDE;MISSING_CAMERA_RADAR_R_T;MISSING_GROUND_PLANE;MISSING_RUNTIME_FOOTPOINT_INTERVAL,"[[-6.970933955541845, 16.929640466955746]]",23.90057442249759,THETA_X_FULL_RADIAL_FALLBACK,0.0,20.0,19,19,NOT_A_RANGE_CONTRACTION_RESULT_FALLBACK_ONLY,False,False
R01ZF,70,R01ZF_REUSED_R01ZF_PERSON001,R01ZF_SARF000070__CAUSAL_REPLAY__R01ZF_REUSED_R01ZF_PERSON001,FOOTPOINT_UNAVAILABLE,RANGE_UNAVAILABLE,,,,PERSON_C0_CALIBRATION_ASSET_RECOVERY_AUDIT,CALIBRATION_ASSETS_INSUFFICIENT_FOR_RUNTIME_RANGE_PROTOTYPE,MISSING_PERSON_CAMERA_K;MISSING_CAMERA_HEIGHT_ATTITUDE;MISSING_CAMERA_RADAR_R_T;MISSING_GROUND_PLANE;MISSING_RUNTIME_FOOTPOINT_INTERVAL,"[[21.219300674261632, 45.66022956738118]]",24.440928893119548,THETA_X_FULL_RADIAL_FALLBACK,0.0,20.0,17,17,NOT_A_RANGE_CONTRACTION_RESULT_FALLBACK_ONLY,False,False
R01ZF,70,R01ZF_REUSED_R01ZF_PERSON002,R01ZF_SARF000070__CAUSAL_REPLAY__R01ZF_REUSED_R01ZF_PERSON002,FOOTPOINT_UNAVAILABLE,RANGE_UNAVAILABLE,,,,PERSON_C0_CALIBRATION_ASSET_RECOVERY_AUDIT,CALIBRATION_ASSETS_INSUFFICIENT_FOR_RUNTIME_RANGE_PROTOTYPE,MISSING_PERSON_CAMERA_K;MISSING_CAMERA_HEIGHT_ATTITUDE;MISSING_CAMERA_RADAR_R_T;MISSING_GROUND_PLANE;MISSING_RUNTIME_FOOTPOINT_INTERVAL,"[[23.825560113725473, 50.10179651318211]]",26.276236399456636,THETA_X_FULL_RADIAL_FALLBACK,0.0,20.0,15,15,NOT_A_RANGE_CONTRACTION_RESULT_FALLBACK_ONLY,False,False
R01ZF,70,R01ZF_REUSED_R01ZF_PERSON003,R01ZF_SARF000070__CAUSAL_REPLAY__R01ZF_REUSED_R01ZF_PERSON003,FOOTPOINT_UNAVAILABLE,RANGE_UNAVAILABLE,,,,PERSON_C0_CALIBRATION_ASSET_RECOVERY_AUDIT,CALIBRATION_ASSETS_INSUFFICIENT_FOR_RUNTIME_RANGE_PROTOTYPE,MISSING_PERSON_CAMERA_K;MISSING_CAMERA_HEIGHT_ATTITUDE;MISSING_CAMERA_RADAR_R_T;MISSING_GROUND_PLANE;MISSING_RUNTIME_FOOTPOINT_INTERVAL,"[[-5.289476357662494, 18.572939121069304]]",23.862415478731798,THETA_X_FULL_RADIAL_FALLBACK,0.0,20.0,14,14,NOT_A_RANGE_CONTRACTION_RESULT_FALLBACK_ONLY,False,False
R01ZF,71,R01ZF_REUSED_R01ZF_PERSON001,R01ZF_SARF000071__CAUSAL_REPLAY__R01ZF_REUSED_R01ZF_PERSON001,FOOTPOINT_UNAVAILABLE,RANGE_UNAVAILABLE,,,,PERSON_C0_CALIBRATION_ASSET_RECOVERY_AUDIT,CALIBRATION_ASSETS_INSUFFICIENT_FOR_RUNTIME_RANGE_PROTOTYPE,MISSING_PERSON_CAMERA_K;MISSING_CAMERA_HEIGHT_ATTITUDE;MISSING_CAMERA_RADAR_R_T;MISSING_GROUND_PLANE;MISSING_RUNTIME_FOOTPOINT_INTERVAL,"[[22.763053408551812, 45.66022956738118]]",22.897176158829367,THETA_X_FULL_RADIAL_FALLBACK,0.0,20.0,16,16,NOT_A_RANGE_CONTRACTION_RESULT_FALLBACK_ONLY,False,False
R01ZF,71,R01ZF_REUSED_R01ZF_PERSON002,R01ZF_SARF000071__CAUSAL_REPLAY__R01ZF_REUSED_R01ZF_PERSON002,FOOTPOINT_UNAVAILABLE,RANGE_UNAVAILABLE,,,,PERSON_C0_CALIBRATION_ASSET_RECOVERY_AUDIT,CALIBRATION_ASSETS_INSUFFICIENT_FOR_RUNTIME_RANGE_PROTOTYPE,MISSING_PERSON_CAMERA_K;MISSING_CAMERA_HEIGHT_ATTITUDE;MISSING_CAMERA_RADAR_R_T;MISSING_GROUND_PLANE;MISSING_RUNTIME_FOOTPOINT_INTERVAL,"[[25.609131865379254, 50.10179651318211]]",24.492664647802854,THETA_X_FULL_RADIAL_FALLBACK,0.0,20.0,14,14,NOT_A_RANGE_CONTRACTION_RESULT_FALLBACK_ONLY,False,False
R01ZF,71,R01ZF_REUSED_R01ZF_PERSON003,R01ZF_SARF000071__CAUSAL_REPLAY__R01ZF_REUSED_R01ZF_PERSON003,FOOTPOINT_UNAVAILABLE,RANGE_UNAVAILABLE,,,,PERSON_C0_CALIBRATION_ASSET_RECOVERY_AUDIT,CALIBRATION_ASSETS_INSUFFICIENT_FOR_RUNTIME_RANGE_PROTOTYPE,MISSING_PERSON_CAMERA_K;MISSING_CAMERA_HEIGHT_ATTITUDE;MISSING_CAMERA_RADAR_R_T;MISSING_GROUND_PLANE;MISSING_RUNTIME_FOOTPOINT_INTERVAL,"[[-3.6589440071763875, 18.572939121069304]]",22.23188312824569,THETA_X_FULL_RADIAL_FALLBACK,0.0,20.0,11,11,NOT_A_RANGE_CONTRACTION_RESULT_FALLBACK_ONLY,False,False
R01ZF,72,R01ZF_REUSED_R01ZF_PERSON001,R01ZF_SARF000072__CAUSAL_REPLAY__R01ZF_REUSED_R01ZF_PERSON001,FOOTPOINT_UNAVAILABLE,RANGE_UNAVAILABLE,,,,PERSON_C0_CALIBRATION_ASSET_RECOVERY_AUDIT,CALIBRATION_ASSETS_INSUFFICIENT_FOR_RUNTIME_RANGE_PROTOTYPE,MISSING_PERSON_CAMERA_K;MISSING_CAMERA_HEIGHT_ATTITUDE;MISSING_CAMERA_RADAR_R_T;MISSING_GROUND_PLANE;MISSING_RUNTIME_FOOTPOINT_INTERVAL,"[[22.763053408551812, 47.386883525757696]]",24.623830117205884,THETA_X_FULL_RADIAL_FALLBACK,0.0,20.0,19,19,NOT_A_RANGE_CONTRACTION_RESULT_FALLBACK_ONLY,False,False
R01ZF,72,R01ZF_REUSED_R01ZF_PERSON002,R01ZF_SARF000072__CAUSAL_REPLAY__R01ZF_REUSED_R01ZF_PERSON002,FOOTPOINT_UNAVAILABLE,RANGE_UNAVAILABLE,,,,PERSON_C0_CALIBRATION_ASSET_RECOVERY_AUDIT,CALIBRATION_ASSETS_INSUFFICIENT_FOR_RUNTIME_RANGE_PROTOTYPE,MISSING_PERSON_CAMERA_K;MISSING_CAMERA_HEIGHT_ATTITUDE;MISSING_CAMERA_RADAR_R_T;MISSING_GROUND_PLANE;MISSING_RUNTIME_FOOTPOINT_INTERVAL,"[[25.609131865379254, 51.678288534032475]]",26.06915666865322,THETA_X_FULL_RADIAL_FALLBACK,0.0,20.0,18,18,NOT_A_RANGE_CONTRACTION_RESULT_FALLBACK_ONLY,False,False
R01ZF,72,R01ZF_REUSED_R01ZF_PERSON003,R01ZF_SARF000072__CAUSAL_REPLAY__R01ZF_REUSED_R01ZF_PERSON003,FOOTPOINT_UNAVAILABLE,RANGE_UNAVAILABLE,,,,PERSON_C0_CALIBRATION_ASSET_RECOVERY_AUDIT,CALIBRATION_ASSETS_INSUFFICIENT_FOR_RUNTIME_RANGE_PROTOTYPE,MISSING_PERSON_CAMERA_K;MISSING_CAMERA_HEIGHT_ATTITUDE;MISSING_CAMERA_RADAR_R_T;MISSING_GROUND_PLANE;MISSING_RUNTIME_FOOTPOINT_INTERVAL,"[[-3.6589440071763875, 20.19559425208464]]",23.854538259261027,THETA_X_FULL_RADIAL_FALLBACK,0.0,20.0,15,15,NOT_A_RANGE_CONTRACTION_RESULT_FALLBACK_ONLY,False,False
R01ZF,73,R01ZF_REUSED_R01ZF_PERSON001,R01ZF_SARF000073__CAUSAL_REPLAY__R01ZF_REUSED_R01ZF_PERSON001,FOOTPOINT_UNAVAILABLE,RANGE_UNAVAILABLE,,,,PERSON_C0_CALIBRATION_ASSET_RECOVERY_AUDIT,CALIBRATION_ASSETS_INSUFFICIENT_FOR_RUNTIME_RANGE_PROTOTYPE,MISSING_PERSON_CAMERA_K;MISSING_CAMERA_HEIGHT_ATTITUDE;MISSING_CAMERA_RADAR_R_T;MISSING_GROUND_PLANE;MISSING_RUNTIME_FOOTPOINT_INTERVAL,"[[24.332761906516964, 47.386883525757696]]",23.054121619240732,THETA_X_FULL_RADIAL_FALLBACK,0.0,20.0,17,17,NOT_A_RANGE_CONTRACTION_RESULT_FALLBACK_ONLY,False,False
R01ZF,73,R01ZF_REUSED_R01ZF_PERSON002,R01ZF_SARF000073__CAUSAL_REPLAY__R01ZF_REUSED_R01ZF_PERSON002,FOOTPOINT_UNAVAILABLE,RANGE_UNAVAILABLE,,,,PERSON_C0_CALIBRATION_ASSET_RECOVERY_AUDIT,CALIBRATION_ASSETS_INSUFFICIENT_FOR_RUNTIME_RANGE_PROTOTYPE,MISSING_PERSON_CAMERA_K;MISSING_CAMERA_HEIGHT_ATTITUDE;MISSING_CAMERA_RADAR_R_T;MISSING_GROUND_PLANE;MISSING_RUNTIME_FOOTPOINT_INTERVAL,"[[27.67405055425911, 51.678288534032475]]",24.004237979773364,THETA_X_FULL_RADIAL_FALLBACK,0.0,20.0,15,15,NOT_A_RANGE_CONTRACTION_RESULT_FALLBACK_ONLY,False,False
R01ZF,73,R01ZF_REUSED_R01ZF_PERSON003,R01ZF_SARF000073__CAUSAL_REPLAY__R01ZF_REUSED_R01ZF_PERSON003,FOOTPOINT_UNAVAILABLE,RANGE_UNAVAILABLE,,,,PERSON_C0_CALIBRATION_ASSET_RECOVERY_AUDIT,CALIBRATION_ASSETS_INSUFFICIENT_FOR_RUNTIME_RANGE_PROTOTYPE,MISSING_PERSON_CAMERA_K;MISSING_CAMERA_HEIGHT_ATTITUDE;MISSING_CAMERA_RADAR_R_T;MISSING_GROUND_PLANE;MISSING_RUNTIME_FOOTPOINT_INTERVAL,"[[-2.0379456962939173, 20.19559425208464]]",22.233539948378557,THETA_X_FULL_RADIAL_FALLBACK,0.0,20.0,16,16,NOT_A_RANGE_CONTRACTION_RESULT_FALLBACK_ONLY,False,False
R01ZF,74,R01ZF_REUSED_R01ZF_PERSON001,R01ZF_SARF000074__CAUSAL_REPLAY__R01ZF_REUSED_R01ZF_PERSON001,FOOTPOINT_UNAVAILABLE,RANGE_UNAVAILABLE,,,,PERSON_C0_CALIBRATION_ASSET_RECOVERY_AUDIT,CALIBRATION_ASSETS_INSUFFICIENT_FOR_RUNTIME_RANGE_PROTOTYPE,MISSING_PERSON_CAMERA_K;MISSING_CAMERA_HEIGHT_ATTITUDE;MISSING_CAMERA_RADAR_R_T;MISSING_GROUND_PLANE;MISSING_RUNTIME_FOOTPOINT_INTERVAL,"[[24.332761906516964, 48.38565636427052]]",24.052894457753553,THETA_X_FULL_RADIAL_FALLBACK,0.0,20.0,14,14,NOT_A_RANGE_CONTRACTION_RESULT_FALLBACK_ONLY,False,False
R01ZF,74,R01ZF_REUSED_R01ZF_PERSON002,R01ZF_SARF000074__CAUSAL_REPLAY__R01ZF_REUSED_R01ZF_PERSON002,FOOTPOINT_UNAVAILABLE,RANGE_UNAVAILABLE,,,,PERSON_C0_CALIBRATION_ASSET_RECOVERY_AUDIT,CALIBRATION_ASSETS_INSUFFICIENT_FOR_RUNTIME_RANGE_PROTOTYPE,MISSING_PERSON_CAMERA_K;MISSING_CAMERA_HEIGHT_ATTITUDE;MISSING_CAMERA_RADAR_R_T;MISSING_GROUND_PLANE;MISSING_RUNTIME_FOOTPOINT_INTERVAL,"[[27.67405055425911, 53.1213235307235]]",25.44727297646439,THETA_X_FULL_RADIAL_FALLBACK,0.0,20.0,13,13,NOT_A_RANGE_CONTRACTION_RESULT_FALLBACK_ONLY,False,False
R01ZF,74,R01ZF_REUSED_R01ZF_PERSON003,R01ZF_SARF000074__CAUSAL_REPLAY__R01ZF_REUSED_R01ZF_PERSON003,FOOTPOINT_UNAVAILABLE,RANGE_UNAVAILABLE,,,,PERSON_C0_CALIBRATION_ASSET_RECOVERY_AUDIT,CALIBRATION_ASSETS_INSUFFICIENT_FOR_RUNTIME_RANGE_PROTOTYPE,MISSING_PERSON_CAMERA_K;MISSING_CAMERA_HEIGHT_ATTITUDE;MISSING_CAMERA_RADAR_R_T;MISSING_GROUND_PLANE;MISSING_RUNTIME_FOOTPOINT_INTERVAL,"[[-2.0379456962939173, 21.904885777122303]]",23.94283147341622,THETA_X_FULL_RADIAL_FALLBACK,0.0,20.0,18,18,NOT_A_RANGE_CONTRACTION_RESULT_FALLBACK_ONLY,False,False
R01ZF,75,R01ZF_REUSED_R01ZF_PERSON001,R01ZF_SARF000075__CAUSAL_REPLAY__R01ZF_REUSED_R01ZF_PERSON001,FOOTPOINT_UNAVAILABLE,RANGE_UNAVAILABLE,,,,PERSON_C0_CALIBRATION_ASSET_RECOVERY_AUDIT,CALIBRATION_ASSETS_INSUFFICIENT_FOR_RUNTIME_RANGE_PROTOTYPE,MISSING_PERSON_CAMERA_K;MISSING_CAMERA_HEIGHT_ATTITUDE;MISSING_CAMERA_RADAR_R_T;MISSING_GROUND_PLANE;MISSING_RUNTIME_FOOTPOINT_INTERVAL,"[[25.89867501691633, 50.42140981079751]]",24.522734793881185,THETA_X_FULL_RADIAL_FALLBACK,0.0,20.0,14,14,NOT_A_RANGE_CONTRACTION_RESULT_FALLBACK_ONLY,False,False
R01ZF,75,R01ZF_REUSED_R01ZF_PERSON002,R01ZF_SARF000075__CAUSAL_REPLAY__R01ZF_REUSED_R01ZF_PERSON002,FOOTPOINT_UNAVAILABLE,RANGE_UNAVAILABLE,,,,PERSON_C0_CALIBRATION_ASSET_RECOVERY_AUDIT,CALIBRATION_ASSETS_INSUFFICIENT_FOR_RUNTIME_RANGE_PROTOTYPE,MISSING_PERSON_CAMERA_K;MISSING_CAMERA_HEIGHT_ATTITUDE;MISSING_CAMERA_RADAR_R_T;MISSING_GROUND_PLANE;MISSING_RUNTIME_FOOTPOINT_INTERVAL,"[[28.82811528810214, 54.60770927492139]]",25.77959398681925,THETA_X_FULL_RADIAL_FALLBACK,0.0,20.0,13,13,NOT_A_RANGE_CONTRACTION_RESULT_FALLBACK_ONLY,False,False
R01ZF,75,R01ZF_REUSED_R01ZF_PERSON003,R01ZF_SARF000075__CAUSAL_REPLAY__R01ZF_REUSED_R01ZF_PERSON003,FOOTPOINT_UNAVAILABLE,RANGE_UNAVAILABLE,,,,PERSON_C0_CALIBRATION_ASSET_RECOVERY_AUDIT,CALIBRATION_ASSETS_INSUFFICIENT_FOR_RUNTIME_RANGE_PROTOTYPE,MISSING_PERSON_CAMERA_K;MISSING_CAMERA_HEIGHT_ATTITUDE;MISSING_CAMERA_RADAR_R_T;MISSING_GROUND_PLANE;MISSING_RUNTIME_FOOTPOINT_INTERVAL,"[[-0.3978890713486223, 23.49506853562245]]",23.892957606971073,THETA_X_FULL_RADIAL_FALLBACK,0.0,20.0,17,17,NOT_A_RANGE_CONTRACTION_RESULT_FALLBACK_ONLY,False,False
R01ZF,76,R01ZF_REUSED_R01ZF_PERSON001,R01ZF_SARF000076__CAUSAL_REPLAY__R01ZF_REUSED_R01ZF_PERSON001,FOOTPOINT_UNAVAILABLE,RANGE_UNAVAILABLE,,,,PERSON_C0_CALIBRATION_ASSET_RECOVERY_AUDIT,CALIBRATION_ASSETS_INSUFFICIENT_FOR_RUNTIME_RANGE_PROTOTYPE,MISSING_PERSON_CAMERA_K;MISSING_CAMERA_HEIGHT_ATTITUDE;MISSING_CAMERA_RADAR_R_T;MISSING_GROUND_PLANE;MISSING_RUNTIME_FOOTPOINT_INTERVAL,"[[27.38676640698263, 50.42140981079751]]",23.034643403814883,THETA_X_FULL_RADIAL_FALLBACK,0.0,20.0,17,17,NOT_A_RANGE_CONTRACTION_RESULT_FALLBACK_ONLY,False,False
R01ZF,76,R01ZF_REUSED_R01ZF_PERSON002,R01ZF_SARF000076__CAUSAL_REPLAY__R01ZF_REUSED_R01ZF_PERSON002,FOOTPOINT_UNAVAILABLE,RANGE_UNAVAILABLE,,,,PERSON_C0_CALIBRATION_ASSET_RECOVERY_AUDIT,CALIBRATION_ASSETS_INSUFFICIENT_FOR_RUNTIME_RANGE_PROTOTYPE,MISSING_PERSON_CAMERA_K;MISSING_CAMERA_HEIGHT_ATTITUDE;MISSING_CAMERA_RADAR_R_T;MISSING_GROUND_PLANE;MISSING_RUNTIME_FOOTPOINT_INTERVAL,"[[31.045572100547403, 54.60770927492139]]",23.562137174373987,THETA_X_FULL_RADIAL_FALLBACK,0.0,20.0,16,16,NOT_A_RANGE_CONTRACTION_RESULT_FALLBACK_ONLY,False,False
R01ZF,76,R01ZF_REUSED_R01ZF_PERSON003,R01ZF_SARF000076__CAUSAL_REPLAY__R01ZF_REUSED_R01ZF_PERSON003,FOOTPOINT_UNAVAILABLE,RANGE_UNAVAILABLE,,,,PERSON_C0_CALIBRATION_ASSET_RECOVERY_AUDIT,CALIBRATION_ASSETS_INSUFFICIENT_FOR_RUNTIME_RANGE_PROTOTYPE,MISSING_PERSON_CAMERA_K;MISSING_CAMERA_HEIGHT_ATTITUDE;MISSING_CAMERA_RADAR_R_T;MISSING_GROUND_PLANE;MISSING_RUNTIME_FOOTPOINT_INTERVAL,"[[1.1957277642369348, 23.49506853562245]]",22.299340771385516,THETA_X_FULL_RADIAL_FALLBACK,0.0,20.0,18,18,NOT_A_RANGE_CONTRACTION_RESULT_FALLBACK_ONLY,False,False
R01ZF,77,R01ZF_REUSED_R01ZF_PERSON001,R01ZF_SARF000077__CAUSAL_REPLAY__R01ZF_REUSED_R01ZF_PERSON001,FOOTPOINT_UNAVAILABLE,RANGE_UNAVAILABLE,,,,PERSON_C0_CALIBRATION_ASSET_RECOVERY_AUDIT,CALIBRATION_ASSETS_INSUFFICIENT_FOR_RUNTIME_RANGE_PROTOTYPE,MISSING_PERSON_CAMERA_K;MISSING_CAMERA_HEIGHT_ATTITUDE;MISSING_CAMERA_RADAR_R_T;MISSING_GROUND_PLANE;MISSING_RUNTIME_FOOTPOINT_INTERVAL,"[[27.38676640698263, 52.11889201672042]]",24.732125609737793,THETA_X_FULL_RADIAL_FALLBACK,0.0,20.0,17,17,NOT_A_RANGE_CONTRACTION_RESULT_FALLBACK_ONLY,False,False
R01ZF,77,R01ZF_REUSED_R01ZF_PERSON002,R01ZF_SARF000077__CAUSAL_REPLAY__R01ZF_REUSED_R01ZF_PERSON002,FOOTPOINT_UNAVAILABLE,RANGE_UNAVAILABLE,,,,PERSON_C0_CALIBRATION_ASSET_RECOVERY_AUDIT,CALIBRATION_ASSETS_INSUFFICIENT_FOR_RUNTIME_RANGE_PROTOTYPE,MISSING_PERSON_CAMERA_K;MISSING_CAMERA_HEIGHT_ATTITUDE;MISSING_CAMERA_RADAR_R_T;MISSING_GROUND_PLANE;MISSING_RUNTIME_FOOTPOINT_INTERVAL,"[[31.045572100547403, 56.15814788061769]]",25.112575780070287,THETA_X_FULL_RADIAL_FALLBACK,0.0,20.0,16,16,NOT_A_RANGE_CONTRACTION_RESULT_FALLBACK_ONLY,False,False
R01ZF,77,R01ZF_REUSED_R01ZF_PERSON003,R01ZF_SARF000077__CAUSAL_REPLAY__R01ZF_REUSED_R01ZF_PERSON003,FOOTPOINT_UNAVAILABLE,RANGE_UNAVAILABLE,,,,PERSON_C0_CALIBRATION_ASSET_RECOVERY_AUDIT,CALIBRATION_ASSETS_INSUFFICIENT_FOR_RUNTIME_RANGE_PROTOTYPE,MISSING_PERSON_CAMERA_K;MISSING_CAMERA_HEIGHT_ATTITUDE;MISSING_CAMERA_RADAR_R_T;MISSING_GROUND_PLANE;MISSING_RUNTIME_FOOTPOINT_INTERVAL,"[[1.1957277642369348, 25.09334334685377]]",23.897615582616837,THETA_X_FULL_RADIAL_FALLBACK,0.0,20.0,19,19,NOT_A_RANGE_CONTRACTION_RESULT_FALLBACK_ONLY,False,False
R01ZF,78,R01ZF_REUSED_R01ZF_PERSON001,R01ZF_SARF000078__CAUSAL_REPLAY__R01ZF_REUSED_R01ZF_PERSON001,FOOTPOINT_UNAVAILABLE,RANGE_UNAVAILABLE,,,,PERSON_C0_CALIBRATION_ASSET_RECOVERY_AUDIT,CALIBRATION_ASSETS_INSUFFICIENT_FOR_RUNTIME_RANGE_PROTOTYPE,MISSING_PERSON_CAMERA_K;MISSING_CAMERA_HEIGHT_ATTITUDE;MISSING_CAMERA_RADAR_R_T;MISSING_GROUND_PLANE;MISSING_RUNTIME_FOOTPOINT_INTERVAL,"[[28.774348382612118, 52.11889201672042]]",23.344543634108305,THETA_X_FULL_RADIAL_FALLBACK,0.0,20.0,16,16,NOT_A_RANGE_CONTRACTION_RESULT_FALLBACK_ONLY,False,False
R01ZF,78,R01ZF_REUSED_R01ZF_PERSON002,R01ZF_SARF000078__CAUSAL_REPLAY__R01ZF_REUSED_R01ZF_PERSON002,FOOTPOINT_UNAVAILABLE,RANGE_UNAVAILABLE,,,,PERSON_C0_CALIBRATION_ASSET_RECOVERY_AUDIT,CALIBRATION_ASSETS_INSUFFICIENT_FOR_RUNTIME_RANGE_PROTOTYPE,MISSING_PERSON_CAMERA_K;MISSING_CAMERA_HEIGHT_ATTITUDE;MISSING_CAMERA_RADAR_R_T;MISSING_GROUND_PLANE;MISSING_RUNTIME_FOOTPOINT_INTERVAL,"[[32.56409169212337, 56.15814788061769]]",23.59405618849432,THETA_X_FULL_RADIAL_FALLBACK,0.0,20.0,13,13,NOT_A_RANGE_CONTRACTION_RESULT_FALLBACK_ONLY,False,False
R01ZF,78,R01ZF_REUSED_R01ZF_PERSON003,R01ZF_SARF000078__CAUSAL_REPLAY__R01ZF_REUSED_R01ZF_PERSON003,FOOTPOINT_UNAVAILABLE,RANGE_UNAVAILABLE,,,,PERSON_C0_CALIBRATION_ASSET_RECOVERY_AUDIT,CALIBRATION_ASSETS_INSUFFICIENT_FOR_RUNTIME_RANGE_PROTOTYPE,MISSING_PERSON_CAMERA_K;MISSING_CAMERA_HEIGHT_ATTITUDE;MISSING_CAMERA_RADAR_R_T;MISSING_GROUND_PLANE;MISSING_RUNTIME_FOOTPOINT_INTERVAL,"[[2.791925853969701, 25.09334334685377]]",22.30141749288407,THETA_X_FULL_RADIAL_FALLBACK,0.0,20.0,15,15,NOT_A_RANGE_CONTRACTION_RESULT_FALLBACK_ONLY,False,False
R01ZF,79,R01ZF_REUSED_R01ZF_PERSON001,R01ZF_SARF000079__CAUSAL_REPLAY__R01ZF_REUSED_R01ZF_PERSON001,FOOTPOINT_UNAVAILABLE,RANGE_UNAVAILABLE,,,,PERSON_C0_CALIBRATION_ASSET_RECOVERY_AUDIT,CALIBRATION_ASSETS_INSUFFICIENT_FOR_RUNTIME_RANGE_PROTOTYPE,MISSING_PERSON_CAMERA_K;MISSING_CAMERA_HEIGHT_ATTITUDE;MISSING_CAMERA_RADAR_R_T;MISSING_GROUND_PLANE;MISSING_RUNTIME_FOOTPOINT_INTERVAL,"[[28.774348382612118, 53.75883145988708]]",24.98448307727496,THETA_X_FULL_RADIAL_FALLBACK,0.0,20.0,17,17,NOT_A_RANGE_CONTRACTION_RESULT_FALLBACK_ONLY,False,False
R01ZF,79,R01ZF_REUSED_R01ZF_PERSON002,R01ZF_SARF000079__CAUSAL_REPLAY__R01ZF_REUSED_R01ZF_PERSON002,FOOTPOINT_UNAVAILABLE,RANGE_UNAVAILABLE,,,,PERSON_C0_CALIBRATION_ASSET_RECOVERY_AUDIT,CALIBRATION_ASSETS_INSUFFICIENT_FOR_RUNTIME_RANGE_PROTOTYPE,MISSING_PERSON_CAMERA_K;MISSING_CAMERA_HEIGHT_ATTITUDE;MISSING_CAMERA_RADAR_R_T;MISSING_GROUND_PLANE;MISSING_RUNTIME_FOOTPOINT_INTERVAL,"[[32.56409169212337, 57.63872661673997]]",25.074634924616603,THETA_X_FULL_RADIAL_FALLBACK,0.0,20.0,15,15,NOT_A_RANGE_CONTRACTION_RESULT_FALLBACK_ONLY,False,False
R01ZF,79,R01ZF_REUSED_R01ZF_PERSON003,R01ZF_SARF000079__CAUSAL_REPLAY__R01ZF_REUSED_R01ZF_PERSON003,FOOTPOINT_UNAVAILABLE,RANGE_UNAVAILABLE,,,,PERSON_C0_CALIBRATION_ASSET_RECOVERY_AUDIT,CALIBRATION_ASSETS_INSUFFICIENT_FOR_RUNTIME_RANGE_PROTOTYPE,MISSING_PERSON_CAMERA_K;MISSING_CAMERA_HEIGHT_ATTITUDE;MISSING_CAMERA_RADAR_R_T;MISSING_GROUND_PLANE;MISSING_RUNTIME_FOOTPOINT_INTERVAL,"[[2.791925853969701, 26.77183559475695]]",23.97990974078725,THETA_X_FULL_RADIAL_FALLBACK,0.0,20.0,18,18,NOT_A_RANGE_CONTRACTION_RESULT_FALLBACK_ONLY,False,False
R01ZF,80,R01ZF_REUSED_R01ZF_PERSON001,R01ZF_SARF000080__CAUSAL_REPLAY__R01ZF_REUSED_R01ZF_PERSON001,FOOTPOINT_UNAVAILABLE,RANGE_UNAVAILABLE,,,,PERSON_C0_CALIBRATION_ASSET_RECOVERY_AUDIT,CALIBRATION_ASSETS_INSUFFICIENT_FOR_RUNTIME_RANGE_PROTOTYPE,MISSING_PERSON_CAMERA_K;MISSING_CAMERA_HEIGHT_ATTITUDE;MISSING_CAMERA_RADAR_R_T;MISSING_GROUND_PLANE;MISSING_RUNTIME_FOOTPOINT_INTERVAL,"[[30.260896879277837, 55.37658448654959]]",25.115687607271752,THETA_X_FULL_RADIAL_FALLBACK,0.0,20.0,16,16,NOT_A_RANGE_CONTRACTION_RESULT_FALLBACK_ONLY,False,False
R01ZF,80,R01ZF_REUSED_R01ZF_PERSON002,R01ZF_SARF000080__CAUSAL_REPLAY__R01ZF_REUSED_R01ZF_PERSON002,FOOTPOINT_UNAVAILABLE,RANGE_UNAVAILABLE,,,,PERSON_C0_CALIBRATION_ASSET_RECOVERY_AUDIT,CALIBRATION_ASSETS_INSUFFICIENT_FOR_RUNTIME_RANGE_PROTOTYPE,MISSING_PERSON_CAMERA_K;MISSING_CAMERA_HEIGHT_ATTITUDE;MISSING_CAMERA_RADAR_R_T;MISSING_GROUND_PLANE;MISSING_RUNTIME_FOOTPOINT_INTERVAL,"[[33.732302870526624, 59.14610742937201]]",25.413804558845385,THETA_X_FULL_RADIAL_FALLBACK,0.0,20.0,12,12,NOT_A_RANGE_CONTRACTION_RESULT_FALLBACK_ONLY,False,False
R01ZF,80,R01ZF_REUSED_R01ZF_PERSON003,R01ZF_SARF000080__CAUSAL_REPLAY__R01ZF_REUSED_R01ZF_PERSON003,FOOTPOINT_UNAVAILABLE,RANGE_UNAVAILABLE,,,,PERSON_C0_CALIBRATION_ASSET_RECOVERY_AUDIT,CALIBRATION_ASSETS_INSUFFICIENT_FOR_RUNTIME_RANGE_PROTOTYPE,MISSING_PERSON_CAMERA_K;MISSING_CAMERA_HEIGHT_ATTITUDE;MISSING_CAMERA_RADAR_R_T;MISSING_GROUND_PLANE;MISSING_RUNTIME_FOOTPOINT_INTERVAL,"[[4.391587316234528, 28.400714380164573]]",24.009127063930045,THETA_X_FULL_RADIAL_FALLBACK,0.0,20.0,18,18,NOT_A_RANGE_CONTRACTION_RESULT_FALLBACK_ONLY,False,False
R01ZF,81,R01ZF_REUSED_R01ZF_PERSON001,R01ZF_SARF000081__CAUSAL_REPLAY__R01ZF_REUSED_R01ZF_PERSON001,FOOTPOINT_UNAVAILABLE,RANGE_UNAVAILABLE,,,,PERSON_C0_CALIBRATION_ASSET_RECOVERY_AUDIT,CALIBRATION_ASSETS_INSUFFICIENT_FOR_RUNTIME_RANGE_PROTOTYPE,MISSING_PERSON_CAMERA_K;MISSING_CAMERA_HEIGHT_ATTITUDE;MISSING_CAMERA_RADAR_R_T;MISSING_GROUND_PLANE;MISSING_RUNTIME_FOOTPOINT_INTERVAL,"[[31.88023837003277, 55.37658448654959]]",23.49634611651682,THETA_X_FULL_RADIAL_FALLBACK,0.0,20.0,13,13,NOT_A_RANGE_CONTRACTION_RESULT_FALLBACK_ONLY,False,False
R01ZF,81,R01ZF_REUSED_R01ZF_PERSON002,R01ZF_SARF000081__CAUSAL_REPLAY__R01ZF_REUSED_R01ZF_PERSON002,FOOTPOINT_UNAVAILABLE,RANGE_UNAVAILABLE,,,,PERSON_C0_CALIBRATION_ASSET_RECOVERY_AUDIT,CALIBRATION_ASSETS_INSUFFICIENT_FOR_RUNTIME_RANGE_PROTOTYPE,MISSING_PERSON_CAMERA_K;MISSING_CAMERA_HEIGHT_ATTITUDE;MISSING_CAMERA_RADAR_R_T;MISSING_GROUND_PLANE;MISSING_RUNTIME_FOOTPOINT_INTERVAL,"[[35.57137972403454, 59.14610742937201]]",23.574727705337466,THETA_X_FULL_RADIAL_FALLBACK,0.0,20.0,11,11,NOT_A_RANGE_CONTRACTION_RESULT_FALLBACK_ONLY,False,False
R01ZF,81,R01ZF_REUSED_R01ZF_PERSON003,R01ZF_SARF000081__CAUSAL_REPLAY__R01ZF_REUSED_R01ZF_PERSON003,FOOTPOINT_UNAVAILABLE,RANGE_UNAVAILABLE,,,,PERSON_C0_CALIBRATION_ASSET_RECOVERY_AUDIT,CALIBRATION_ASSETS_INSUFFICIENT_FOR_RUNTIME_RANGE_PROTOTYPE,MISSING_PERSON_CAMERA_K;MISSING_CAMERA_HEIGHT_ATTITUDE;MISSING_CAMERA_RADAR_R_T;MISSING_GROUND_PLANE;MISSING_RUNTIME_FOOTPOINT_INTERVAL,"[[5.954720614474141, 28.400714380164573]]",22.44599376569043,THETA_X_FULL_RADIAL_FALLBACK,0.0,20.0,15,15,NOT_A_RANGE_CONTRACTION_RESULT_FALLBACK_ONLY,False,False
R01ZF,82,R01ZF_REUSED_R01ZF_PERSON001,R01ZF_SARF000082__CAUSAL_REPLAY__R01ZF_REUSED_R01ZF_PERSON001,FOOTPOINT_UNAVAILABLE,RANGE_UNAVAILABLE,,,,PERSON_C0_CALIBRATION_ASSET_RECOVERY_AUDIT,CALIBRATION_ASSETS_INSUFFICIENT_FOR_RUNTIME_RANGE_PROTOTYPE,MISSING_PERSON_CAMERA_K;MISSING_CAMERA_HEIGHT_ATTITUDE;MISSING_CAMERA_RADAR_R_T;MISSING_GROUND_PLANE;MISSING_RUNTIME_FOOTPOINT_INTERVAL,"[[31.88023837003277, 56.925623421016226]]",25.045385050983455,THETA_X_FULL_RADIAL_FALLBACK,0.0,20.0,13,13,NOT_A_RANGE_CONTRACTION_RESULT_FALLBACK_ONLY,False,False
R01ZF,82,R01ZF_REUSED_R01ZF_PERSON002,R01ZF_SARF000082__CAUSAL_REPLAY__R01ZF_REUSED_R01ZF_PERSON002,FOOTPOINT_UNAVAILABLE,RANGE_UNAVAILABLE,,,,PERSON_C0_CALIBRATION_ASSET_RECOVERY_AUDIT,CALIBRATION_ASSETS_INSUFFICIENT_FOR_RUNTIME_RANGE_PROTOTYPE,MISSING_PERSON_CAMERA_K;MISSING_CAMERA_HEIGHT_ATTITUDE;MISSING_CAMERA_RADAR_R_T;MISSING_GROUND_PLANE;MISSING_RUNTIME_FOOTPOINT_INTERVAL,"[[35.57137972403454, 59.833559435023005]]",24.262179710988462,THETA_X_FULL_RADIAL_FALLBACK,0.0,20.0,13,13,NOT_A_RANGE_CONTRACTION_RESULT_FALLBACK_ONLY,False,False
R01ZF,82,R01ZF_REUSED_R01ZF_PERSON003,R01ZF_SARF000082__CAUSAL_REPLAY__R01ZF_REUSED_R01ZF_PERSON003,FOOTPOINT_UNAVAILABLE,RANGE_UNAVAILABLE,,,,PERSON_C0_CALIBRATION_ASSET_RECOVERY_AUDIT,CALIBRATION_ASSETS_INSUFFICIENT_FOR_RUNTIME_RANGE_PROTOTYPE,MISSING_PERSON_CAMERA_K;MISSING_CAMERA_HEIGHT_ATTITUDE;MISSING_CAMERA_RADAR_R_T;MISSING_GROUND_PLANE;MISSING_RUNTIME_FOOTPOINT_INTERVAL,"[[5.954720614474141, 30.06203949768974]]",24.107318883215598,THETA_X_FULL_RADIAL_FALLBACK,0.0,20.0,17,17,NOT_A_RANGE_CONTRACTION_RESULT_FALLBACK_ONLY,False,False
R01ZF,83,R01ZF_REUSED_R01ZF_PERSON001,R01ZF_SARF000083__CAUSAL_REPLAY__R01ZF_REUSED_R01ZF_PERSON001,FOOTPOINT_UNAVAILABLE,RANGE_UNAVAILABLE,,,,PERSON_C0_CALIBRATION_ASSET_RECOVERY_AUDIT,CALIBRATION_ASSETS_INSUFFICIENT_FOR_RUNTIME_RANGE_PROTOTYPE,MISSING_PERSON_CAMERA_K;MISSING_CAMERA_HEIGHT_ATTITUDE;MISSING_CAMERA_RADAR_R_T;MISSING_GROUND_PLANE;MISSING_RUNTIME_FOOTPOINT_INTERVAL,"[[33.38185774528105, 56.925623421016226]]",23.543765675735173,THETA_X_FULL_RADIAL_FALLBACK,0.0,20.0,13,13,NOT_A_RANGE_CONTRACTION_RESULT_FALLBACK_ONLY,False,False
R01ZF,83,R01ZF_REUSED_R01ZF_PERSON002,R01ZF_SARF000083__CAUSAL_REPLAY__R01ZF_REUSED_R01ZF_PERSON002,FOOTPOINT_UNAVAILABLE,RANGE_UNAVAILABLE,,,,PERSON_C0_CALIBRATION_ASSET_RECOVERY_AUDIT,CALIBRATION_ASSETS_INSUFFICIENT_FOR_RUNTIME_RANGE_PROTOTYPE,MISSING_PERSON_CAMERA_K;MISSING_CAMERA_HEIGHT_ATTITUDE;MISSING_CAMERA_RADAR_R_T;MISSING_GROUND_PLANE;MISSING_RUNTIME_FOOTPOINT_INTERVAL,"[[36.89795556437569, 59.833559435023005]]",22.935603870647313,THETA_X_FULL_RADIAL_FALLBACK,0.0,20.0,11,11,NOT_A_RANGE_CONTRACTION_RESULT_FALLBACK_ONLY,False,False
R01ZF,83,R01ZF_REUSED_R01ZF_PERSON003,R01ZF_SARF000083__CAUSAL_REPLAY__R01ZF_REUSED_R01ZF_PERSON003,FOOTPOINT_UNAVAILABLE,RANGE_UNAVAILABLE,,,,PERSON_C0_CALIBRATION_ASSET_RECOVERY_AUDIT,CALIBRATION_ASSETS_INSUFFICIENT_FOR_RUNTIME_RANGE_PROTOTYPE,MISSING_PERSON_CAMERA_K;MISSING_CAMERA_HEIGHT_ATTITUDE;MISSING_CAMERA_RADAR_R_T;MISSING_GROUND_PLANE;MISSING_RUNTIME_FOOTPOINT_INTERVAL,"[[7.572675454195576, 30.06203949768974]]",22.489364043494163,THETA_X_FULL_RADIAL_FALLBACK,0.0,20.0,15,15,NOT_A_RANGE_CONTRACTION_RESULT_FALLBACK_ONLY,False,False
R01ZF,84,R01ZF_REUSED_R01ZF_PERSON001,R01ZF_SARF000084__CAUSAL_REPLAY__R01ZF_REUSED_R01ZF_PERSON001,FOOTPOINT_UNAVAILABLE,RANGE_UNAVAILABLE,,,,PERSON_C0_CALIBRATION_ASSET_RECOVERY_AUDIT,CALIBRATION_ASSETS_INSUFFICIENT_FOR_RUNTIME_RANGE_PROTOTYPE,MISSING_PERSON_CAMERA_K;MISSING_CAMERA_HEIGHT_ATTITUDE;MISSING_CAMERA_RADAR_R_T;MISSING_GROUND_PLANE;MISSING_RUNTIME_FOOTPOINT_INTERVAL,"[[33.38185774528105, 58.518514380591995]]",25.136656635310942,THETA_X_FULL_RADIAL_FALLBACK,0.0,20.0,11,11,NOT_A_RANGE_CONTRACTION_RESULT_FALLBACK_ONLY,False,False
R01ZF,84,R01ZF_REUSED_R01ZF_PERSON002,R01ZF_SARF000084__CAUSAL_REPLAY__R01ZF_REUSED_R01ZF_PERSON002,FOOTPOINT_UNAVAILABLE,RANGE_UNAVAILABLE,,,,PERSON_C0_CALIBRATION_ASSET_RECOVERY_AUDIT,CALIBRATION_ASSETS_INSUFFICIENT_FOR_RUNTIME_RANGE_PROTOTYPE,MISSING_PERSON_CAMERA_K;MISSING_CAMERA_HEIGHT_ATTITUDE;MISSING_CAMERA_RADAR_R_T;MISSING_GROUND_PLANE;MISSING_RUNTIME_FOOTPOINT_INTERVAL,"[[36.89795556437569, 59.833559435023005]]",22.935603870647313,THETA_X_FULL_RADIAL_FALLBACK,0.0,20.0,10,10,NOT_A_RANGE_CONTRACTION_RESULT_FALLBACK_ONLY,False,False
R01ZF,84,R01ZF_REUSED_R01ZF_PERSON003,R01ZF_SARF000084__CAUSAL_REPLAY__R01ZF_REUSED_R01ZF_PERSON003,FOOTPOINT_UNAVAILABLE,RANGE_UNAVAILABLE,,,,PERSON_C0_CALIBRATION_ASSET_RECOVERY_AUDIT,CALIBRATION_ASSETS_INSUFFICIENT_FOR_RUNTIME_RANGE_PROTOTYPE,MISSING_PERSON_CAMERA_K;MISSING_CAMERA_HEIGHT_ATTITUDE;MISSING_CAMERA_RADAR_R_T;MISSING_GROUND_PLANE;MISSING_RUNTIME_FOOTPOINT_INTERVAL,"[[7.572675454195576, 31.66744286704146]]",24.094767412845883,THETA_X_FULL_RADIAL_FALLBACK,0.0,20.0,14,14,NOT_A_RANGE_CONTRACTION_RESULT_FALLBACK_ONLY,False,False
R01ZF,85,R01ZF_REUSED_R01ZF_PERSON001,R01ZF_SARF000085__CAUSAL_REPLAY__R01ZF_REUSED_R01ZF_PERSON001,FOOTPOINT_UNAVAILABLE,RANGE_UNAVAILABLE,,,,PERSON_C0_CALIBRATION_ASSET_RECOVERY_AUDIT,CALIBRATION_ASSETS_INSUFFICIENT_FOR_RUNTIME_RANGE_PROTOTYPE,MISSING_PERSON_CAMERA_K;MISSING_CAMERA_HEIGHT_ATTITUDE;MISSING_CAMERA_RADAR_R_T;MISSING_GROUND_PLANE;MISSING_RUNTIME_FOOTPOINT_INTERVAL,"[[34.845353982310925, 59.833559435023005]]",24.98820545271208,THETA_X_FULL_RADIAL_FALLBACK,0.0,20.0,10,10,NOT_A_RANGE_CONTRACTION_RESULT_FALLBACK_ONLY,False,False
R01ZF,85,R01ZF_REUSED_R01ZF_PERSON002,R01ZF_SARF000085__CAUSAL_REPLAY__R01ZF_REUSED_R01ZF_PERSON002,FOOTPOINT_UNAVAILABLE,RANGE_UNAVAILABLE,,,,PERSON_C0_CALIBRATION_ASSET_RECOVERY_AUDIT,CALIBRATION_ASSETS_INSUFFICIENT_FOR_RUNTIME_RANGE_PROTOTYPE,MISSING_PERSON_CAMERA_K;MISSING_CAMERA_HEIGHT_ATTITUDE;MISSING_CAMERA_RADAR_R_T;MISSING_GROUND_PLANE;MISSING_RUNTIME_FOOTPOINT_INTERVAL,"[[38.402725827413875, 59.833559435023005]]",21.43083360760913,THETA_X_FULL_RADIAL_FALLBACK,0.0,20.0,9,9,NOT_A_RANGE_CONTRACTION_RESULT_FALLBACK_ONLY,False,False
R01ZF,85,R01ZF_REUSED_R01ZF_PERSON003,R01ZF_SARF000085__CAUSAL_REPLAY__R01ZF_REUSED_R01ZF_PERSON003,FOOTPOINT_UNAVAILABLE,RANGE_UNAVAILABLE,,,,PERSON_C0_CALIBRATION_ASSET_RECOVERY_AUDIT,CALIBRATION_ASSETS_INSUFFICIENT_FOR_RUNTIME_RANGE_PROTOTYPE,MISSING_PERSON_CAMERA_K;MISSING_CAMERA_HEIGHT_ATTITUDE;MISSING_CAMERA_RADAR_R_T;MISSING_GROUND_PLANE;MISSING_RUNTIME_FOOTPOINT_INTERVAL,"[[9.126290988076732, 33.256388706779774]]",24.13009771870304,THETA_X_FULL_RADIAL_FALLBACK,0.0,20.0,13,13,NOT_A_RANGE_CONTRACTION_RESULT_FALLBACK_ONLY,False,False
R01ZF,86,R01ZF_REUSED_R01ZF_PERSON001,R01ZF_SARF000086__CAUSAL_REPLAY__R01ZF_REUSED_R01ZF_PERSON001,FOOTPOINT_UNAVAILABLE,RANGE_UNAVAILABLE,,,,PERSON_C0_CALIBRATION_ASSET_RECOVERY_AUDIT,CALIBRATION_ASSETS_INSUFFICIENT_FOR_RUNTIME_RANGE_PROTOTYPE,MISSING_PERSON_CAMERA_K;MISSING_CAMERA_HEIGHT_ATTITUDE;MISSING_CAMERA_RADAR_R_T;MISSING_GROUND_PLANE;MISSING_RUNTIME_FOOTPOINT_INTERVAL,"[[36.294606123298834, 59.833559435023005]]",23.53895331172417,THETA_X_FULL_RADIAL_FALLBACK,0.0,20.0,10,10,NOT_A_RANGE_CONTRACTION_RESULT_FALLBACK_ONLY,False,False
R01ZF,86,R01ZF_REUSED_R01ZF_PERSON002,R01ZF_SARF000086__CAUSAL_REPLAY__R01ZF_REUSED_R01ZF_PERSON002,FOOTPOINT_UNAVAILABLE,RANGE_UNAVAILABLE,,,,PERSON_C0_CALIBRATION_ASSET_RECOVERY_AUDIT,CALIBRATION_ASSETS_INSUFFICIENT_FOR_RUNTIME_RANGE_PROTOTYPE,MISSING_PERSON_CAMERA_K;MISSING_CAMERA_HEIGHT_ATTITUDE;MISSING_CAMERA_RADAR_R_T;MISSING_GROUND_PLANE;MISSING_RUNTIME_FOOTPOINT_INTERVAL,"[[39.97421809243231, 59.833559435023005]]",19.859341342590696,THETA_X_FULL_RADIAL_FALLBACK,0.0,20.0,6,6,NOT_A_RANGE_CONTRACTION_RESULT_FALLBACK_ONLY,False,False
R01ZF,86,R01ZF_REUSED_R01ZF_PERSON003,R01ZF_SARF000086__CAUSAL_REPLAY__R01ZF_REUSED_R01ZF_PERSON003,FOOTPOINT_UNAVAILABLE,RANGE_UNAVAILABLE,,,,PERSON_C0_CALIBRATION_ASSET_RECOVERY_AUDIT,CALIBRATION_ASSETS_INSUFFICIENT_FOR_RUNTIME_RANGE_PROTOTYPE,MISSING_PERSON_CAMERA_K;MISSING_CAMERA_HEIGHT_ATTITUDE;MISSING_CAMERA_RADAR_R_T;MISSING_GROUND_PLANE;MISSING_RUNTIME_FOOTPOINT_INTERVAL,"[[10.68226317770025, 33.256388706779774]]",22.574125529079524,THETA_X_FULL_RADIAL_FALLBACK,0.0,20.0,14,14,NOT_A_RANGE_CONTRACTION_RESULT_FALLBACK_ONLY,False,False
R01ZF,87,R01ZF_REUSED_R01ZF_PERSON001,R01ZF_SARF000087__CAUSAL_REPLAY__R01ZF_REUSED_R01ZF_PERSON001,FOOTPOINT_UNAVAILABLE,RANGE_UNAVAILABLE,,,,PERSON_C0_CALIBRATION_ASSET_RECOVERY_AUDIT,CALIBRATION_ASSETS_INSUFFICIENT_FOR_RUNTIME_RANGE_PROTOTYPE,MISSING_PERSON_CAMERA_K;MISSING_CAMERA_HEIGHT_ATTITUDE;MISSING_CAMERA_RADAR_R_T;MISSING_GROUND_PLANE;MISSING_RUNTIME_FOOTPOINT_INTERVAL,"[[36.294606123298834, 59.833559435023005]]",23.53895331172417,THETA_X_FULL_RADIAL_FALLBACK,0.0,20.0,9,9,NOT_A_RANGE_CONTRACTION_RESULT_FALLBACK_ONLY,False,False
R01ZF,87,R01ZF_REUSED_R01ZF_PERSON002,R01ZF_SARF000087__CAUSAL_REPLAY__R01ZF_REUSED_R01ZF_PERSON002,FOOTPOINT_UNAVAILABLE,RANGE_UNAVAILABLE,,,,PERSON_C0_CALIBRATION_ASSET_RECOVERY_AUDIT,CALIBRATION_ASSETS_INSUFFICIENT_FOR_RUNTIME_RANGE_PROTOTYPE,MISSING_PERSON_CAMERA_K;MISSING_CAMERA_HEIGHT_ATTITUDE;MISSING_CAMERA_RADAR_R_T;MISSING_GROUND_PLANE;MISSING_RUNTIME_FOOTPOINT_INTERVAL,"[[39.97421809243231, 59.833559435023005]]",19.859341342590696,THETA_X_FULL_RADIAL_FALLBACK,0.0,20.0,8,8,NOT_A_RANGE_CONTRACTION_RESULT_FALLBACK_ONLY,False,False
R01ZF,87,R01ZF_REUSED_R01ZF_PERSON003,R01ZF_SARF000087__CAUSAL_REPLAY__R01ZF_REUSED_R01ZF_PERSON003,FOOTPOINT_UNAVAILABLE,RANGE_UNAVAILABLE,,,,PERSON_C0_CALIBRATION_ASSET_RECOVERY_AUDIT,CALIBRATION_ASSETS_INSUFFICIENT_FOR_RUNTIME_RANGE_PROTOTYPE,MISSING_PERSON_CAMERA_K;MISSING_CAMERA_HEIGHT_ATTITUDE;MISSING_CAMERA_RADAR_R_T;MISSING_GROUND_PLANE;MISSING_RUNTIME_FOOTPOINT_INTERVAL,"[[10.68226317770025, 34.916730799397286]]",24.234467621697036,THETA_X_FULL_RADIAL_FALLBACK,0.0,20.0,17,17,NOT_A_RANGE_CONTRACTION_RESULT_FALLBACK_ONLY,False,False
R01ZF,88,R01ZF_REUSED_R01ZF_PERSON001,R01ZF_SARF000088__CAUSAL_REPLAY__R01ZF_REUSED_R01ZF_PERSON001,FOOTPOINT_UNAVAILABLE,RANGE_UNAVAILABLE,,,,PERSON_C0_CALIBRATION_ASSET_RECOVERY_AUDIT,CALIBRATION_ASSETS_INSUFFICIENT_FOR_RUNTIME_RANGE_PROTOTYPE,MISSING_PERSON_CAMERA_K;MISSING_CAMERA_HEIGHT_ATTITUDE;MISSING_CAMERA_RADAR_R_T;MISSING_GROUND_PLANE;MISSING_RUNTIME_FOOTPOINT_INTERVAL,"[[37.679382246370935, 59.833559435023005]]",22.15417718865207,THETA_X_FULL_RADIAL_FALLBACK,0.0,20.0,10,10,NOT_A_RANGE_CONTRACTION_RESULT_FALLBACK_ONLY,False,False
R01ZF,88,R01ZF_REUSED_R01ZF_PERSON002,R01ZF_SARF000088__CAUSAL_REPLAY__R01ZF_REUSED_R01ZF_PERSON002,FOOTPOINT_UNAVAILABLE,RANGE_UNAVAILABLE,,,,PERSON_C0_CALIBRATION_ASSET_RECOVERY_AUDIT,CALIBRATION_ASSETS_INSUFFICIENT_FOR_RUNTIME_RANGE_PROTOTYPE,MISSING_PERSON_CAMERA_K;MISSING_CAMERA_HEIGHT_ATTITUDE;MISSING_CAMERA_RADAR_R_T;MISSING_GROUND_PLANE;MISSING_RUNTIME_FOOTPOINT_INTERVAL,"[[41.6155051260387, 59.833559435023005]]",18.218054308984307,THETA_X_FULL_RADIAL_FALLBACK,0.0,20.0,7,7,NOT_A_RANGE_CONTRACTION_RESULT_FALLBACK_ONLY,False,False
R01ZF,88,R01ZF_REUSED_R01ZF_PERSON003,R01ZF_SARF000088__CAUSAL_REPLAY__R01ZF_REUSED_R01ZF_PERSON003,FOOTPOINT_UNAVAILABLE,RANGE_UNAVAILABLE,,,,PERSON_C0_CALIBRATION_ASSET_RECOVERY_AUDIT,CALIBRATION_ASSETS_INSUFFICIENT_FOR_RUNTIME_RANGE_PROTOTYPE,MISSING_PERSON_CAMERA_K;MISSING_CAMERA_HEIGHT_ATTITUDE;MISSING_CAMERA_RADAR_R_T;MISSING_GROUND_PLANE;MISSING_RUNTIME_FOOTPOINT_INTERVAL,"[[12.211472351407771, 34.916730799397286]]",22.705258447989515,THETA_X_FULL_RADIAL_FALLBACK,0.0,20.0,14,14,NOT_A_RANGE_CONTRACTION_RESULT_FALLBACK_ONLY,False,False
R01ZF,89,R01ZF_REUSED_R01ZF_PERSON001,R01ZF_SARF000089__CAUSAL_REPLAY__R01ZF_REUSED_R01ZF_PERSON001,FOOTPOINT_UNAVAILABLE,RANGE_UNAVAILABLE,,,,PERSON_C0_CALIBRATION_ASSET_RECOVERY_AUDIT,CALIBRATION_ASSETS_INSUFFICIENT_FOR_RUNTIME_RANGE_PROTOTYPE,MISSING_PERSON_CAMERA_K;MISSING_CAMERA_HEIGHT_ATTITUDE;MISSING_CAMERA_RADAR_R_T;MISSING_GROUND_PLANE;MISSING_RUNTIME_FOOTPOINT_INTERVAL,"[[37.679382246370935, 59.833559435023005]]",22.15417718865207,THETA_X_FULL_RADIAL_FALLBACK,0.0,20.0,11,11,NOT_A_RANGE_CONTRACTION_RESULT_FALLBACK_ONLY,False,False
R01ZF,89,R01ZF_REUSED_R01ZF_PERSON002,R01ZF_SARF000089__CAUSAL_REPLAY__R01ZF_REUSED_R01ZF_PERSON002,FOOTPOINT_UNAVAILABLE,RANGE_UNAVAILABLE,,,,PERSON_C0_CALIBRATION_ASSET_RECOVERY_AUDIT,CALIBRATION_ASSETS_INSUFFICIENT_FOR_RUNTIME_RANGE_PROTOTYPE,MISSING_PERSON_CAMERA_K;MISSING_CAMERA_HEIGHT_ATTITUDE;MISSING_CAMERA_RADAR_R_T;MISSING_GROUND_PLANE;MISSING_RUNTIME_FOOTPOINT_INTERVAL,"[[41.6155051260387, 59.833559435023005]]",18.218054308984307,THETA_X_FULL_RADIAL_FALLBACK,0.0,20.0,7,7,NOT_A_RANGE_CONTRACTION_RESULT_FALLBACK_ONLY,False,False
R01ZF,89,R01ZF_REUSED_R01ZF_PERSON003,R01ZF_SARF000089__CAUSAL_REPLAY__R01ZF_REUSED_R01ZF_PERSON003,FOOTPOINT_UNAVAILABLE,RANGE_UNAVAILABLE,,,,PERSON_C0_CALIBRATION_ASSET_RECOVERY_AUDIT,CALIBRATION_ASSETS_INSUFFICIENT_FOR_RUNTIME_RANGE_PROTOTYPE,MISSING_PERSON_CAMERA_K;MISSING_CAMERA_HEIGHT_ATTITUDE;MISSING_CAMERA_RADAR_R_T;MISSING_GROUND_PLANE;MISSING_RUNTIME_FOOTPOINT_INTERVAL,"[[12.211472351407771, 36.47331493830099]]",24.261842586893216,THETA_X_FULL_RADIAL_FALLBACK,0.0,20.0,11,11,NOT_A_RANGE_CONTRACTION_RESULT_FALLBACK_ONLY,False,False
R01ZF,90,R01ZF_REUSED_R01ZF_PERSON001,R01ZF_SARF000090__CAUSAL_REPLAY__R01ZF_REUSED_R01ZF_PERSON001,FOOTPOINT_UNAVAILABLE,RANGE_UNAVAILABLE,,,,PERSON_C0_CALIBRATION_ASSET_RECOVERY_AUDIT,CALIBRATION_ASSETS_INSUFFICIENT_FOR_RUNTIME_RANGE_PROTOTYPE,MISSING_PERSON_CAMERA_K;MISSING_CAMERA_HEIGHT_ATTITUDE;MISSING_CAMERA_RADAR_R_T;MISSING_GROUND_PLANE;MISSING_RUNTIME_FOOTPOINT_INTERVAL,"[[39.16107420937833, 59.833559435023005]]",20.672485225644678,THETA_X_FULL_RADIAL_FALLBACK,0.0,20.0,11,11,NOT_A_RANGE_CONTRACTION_RESULT_FALLBACK_ONLY,False,False
R01ZF,90,R01ZF_REUSED_R01ZF_PERSON002,R01ZF_SARF000090__CAUSAL_REPLAY__R01ZF_REUSED_R01ZF_PERSON002,FOOTPOINT_UNAVAILABLE,RANGE_UNAVAILABLE,,,,PERSON_C0_CALIBRATION_ASSET_RECOVERY_AUDIT,CALIBRATION_ASSETS_INSUFFICIENT_FOR_RUNTIME_RANGE_PROTOTYPE,MISSING_PERSON_CAMERA_K;MISSING_CAMERA_HEIGHT_ATTITUDE;MISSING_CAMERA_RADAR_R_T;MISSING_GROUND_PLANE;MISSING_RUNTIME_FOOTPOINT_INTERVAL,"[[43.14323650732902, 59.833559435023005]]",16.690322927693984,THETA_X_FULL_RADIAL_FALLBACK,0.0,20.0,7,7,NOT_A_RANGE_CONTRACTION_RESULT_FALLBACK_ONLY,False,False
R01ZF,90,R01ZF_REUSED_R01ZF_PERSON003,R01ZF_SARF000090__CAUSAL_REPLAY__R01ZF_REUSED_R01ZF_PERSON003,FOOTPOINT_UNAVAILABLE,RANGE_UNAVAILABLE,,,,PERSON_C0_CALIBRATION_ASSET_RECOVERY_AUDIT,CALIBRATION_ASSETS_INSUFFICIENT_FOR_RUNTIME_RANGE_PROTOTYPE,MISSING_PERSON_CAMERA_K;MISSING_CAMERA_HEIGHT_ATTITUDE;MISSING_CAMERA_RADAR_R_T;MISSING_GROUND_PLANE;MISSING_RUNTIME_FOOTPOINT_INTERVAL,"[[13.741990054961263, 38.039338720380925]]",24.297348665419662,THETA_X_FULL_RADIAL_FALLBACK,0.0,20.0,15,15,NOT_A_RANGE_CONTRACTION_RESULT_FALLBACK_ONLY,False,False
R01ZF,91,R01ZF_REUSED_R01ZF_PERSON001,R01ZF_SARF000091__CAUSAL_REPLAY__R01ZF_REUSED_R01ZF_PERSON001,FOOTPOINT_UNAVAILABLE,RANGE_UNAVAILABLE,,,,PERSON_C0_CALIBRATION_ASSET_RECOVERY_AUDIT,CALIBRATION_ASSETS_INSUFFICIENT_FOR_RUNTIME_RANGE_PROTOTYPE,MISSING_PERSON_CAMERA_K;MISSING_CAMERA_HEIGHT_ATTITUDE;MISSING_CAMERA_RADAR_R_T;MISSING_GROUND_PLANE;MISSING_RUNTIME_FOOTPOINT_INTERVAL,"[[40.69855120848365, 59.833559435023005]]",19.135008226539355,THETA_X_FULL_RADIAL_FALLBACK,0.0,20.0,8,8,NOT_A_RANGE_CONTRACTION_RESULT_FALLBACK_ONLY,False,False
R01ZF,91,R01ZF_REUSED_R01ZF_PERSON002,R01ZF_SARF000091__CAUSAL_REPLAY__R01ZF_REUSED_R01ZF_PERSON002,FOOTPOINT_UNAVAILABLE,RANGE_UNAVAILABLE,,,,PERSON_C0_CALIBRATION_ASSET_RECOVERY_AUDIT,CALIBRATION_ASSETS_INSUFFICIENT_FOR_RUNTIME_RANGE_PROTOTYPE,MISSING_PERSON_CAMERA_K;MISSING_CAMERA_HEIGHT_ATTITUDE;MISSING_CAMERA_RADAR_R_T;MISSING_GROUND_PLANE;MISSING_RUNTIME_FOOTPOINT_INTERVAL,"[[44.27543381950815, 59.833559435023005]]",15.558125615514854,THETA_X_FULL_RADIAL_FALLBACK,0.0,20.0,6,6,NOT_A_RANGE_CONTRACTION_RESULT_FALLBACK_ONLY,False,False
R01ZF,91,R01ZF_REUSED_R01ZF_PERSON003,R01ZF_SARF000091__CAUSAL_REPLAY__R01ZF_REUSED_R01ZF_PERSON003,FOOTPOINT_UNAVAILABLE,RANGE_UNAVAILABLE,,,,PERSON_C0_CALIBRATION_ASSET_RECOVERY_AUDIT,CALIBRATION_ASSETS_INSUFFICIENT_FOR_RUNTIME_RANGE_PROTOTYPE,MISSING_PERSON_CAMERA_K;MISSING_CAMERA_HEIGHT_ATTITUDE;MISSING_CAMERA_RADAR_R_T;MISSING_GROUND_PLANE;MISSING_RUNTIME_FOOTPOINT_INTERVAL,"[[15.302636495478396, 38.039338720380925]]",22.73670222490253,THETA_X_FULL_RADIAL_FALLBACK,0.0,20.0,17,17,NOT_A_RANGE_CONTRACTION_RESULT_FALLBACK_ONLY,False,False
R01ZF,92,R01ZF_REUSED_R01ZF_PERSON001,R01ZF_SARF000092__CAUSAL_REPLAY__R01ZF_REUSED_R01ZF_PERSON001,FOOTPOINT_UNAVAILABLE,RANGE_UNAVAILABLE,,,,PERSON_C0_CALIBRATION_ASSET_RECOVERY_AUDIT,CALIBRATION_ASSETS_INSUFFICIENT_FOR_RUNTIME_RANGE_PROTOTYPE,MISSING_PERSON_CAMERA_K;MISSING_CAMERA_HEIGHT_ATTITUDE;MISSING_CAMERA_RADAR_R_T;MISSING_GROUND_PLANE;MISSING_RUNTIME_FOOTPOINT_INTERVAL,"[[40.69855120848365, 59.833559435023005]]",19.135008226539355,THETA_X_FULL_RADIAL_FALLBACK,0.0,20.0,8,8,NOT_A_RANGE_CONTRACTION_RESULT_FALLBACK_ONLY,False,False
R01ZF,92,R01ZF_REUSED_R01ZF_PERSON002,R01ZF_SARF000092__CAUSAL_REPLAY__R01ZF_REUSED_R01ZF_PERSON002,FOOTPOINT_UNAVAILABLE,RANGE_UNAVAILABLE,,,,PERSON_C0_CALIBRATION_ASSET_RECOVERY_AUDIT,CALIBRATION_ASSETS_INSUFFICIENT_FOR_RUNTIME_RANGE_PROTOTYPE,MISSING_PERSON_CAMERA_K;MISSING_CAMERA_HEIGHT_ATTITUDE;MISSING_CAMERA_RADAR_R_T;MISSING_GROUND_PLANE;MISSING_RUNTIME_FOOTPOINT_INTERVAL,"[[44.27543381950815, 59.833559435023005]]",15.558125615514854,THETA_X_FULL_RADIAL_FALLBACK,0.0,20.0,6,6,NOT_A_RANGE_CONTRACTION_RESULT_FALLBACK_ONLY,False,False
R01ZF,92,R01ZF_REUSED_R01ZF_PERSON003,R01ZF_SARF000092__CAUSAL_REPLAY__R01ZF_REUSED_R01ZF_PERSON003,FOOTPOINT_UNAVAILABLE,RANGE_UNAVAILABLE,,,,PERSON_C0_CALIBRATION_ASSET_RECOVERY_AUDIT,CALIBRATION_ASSETS_INSUFFICIENT_FOR_RUNTIME_RANGE_PROTOTYPE,MISSING_PERSON_CAMERA_K;MISSING_CAMERA_HEIGHT_ATTITUDE;MISSING_CAMERA_RADAR_R_T;MISSING_GROUND_PLANE;MISSING_RUNTIME_FOOTPOINT_INTERVAL,"[[15.302636495478396, 39.69785798534872]]",24.395221489870323,THETA_X_FULL_RADIAL_FALLBACK,0.0,20.0,18,18,NOT_A_RANGE_CONTRACTION_RESULT_FALLBACK_ONLY,False,False
R01ZF,93,R01ZF_REUSED_R01ZF_PERSON001,R01ZF_SARF000093__CAUSAL_REPLAY__R01ZF_REUSED_R01ZF_PERSON001,FOOTPOINT_UNAVAILABLE,RANGE_UNAVAILABLE,,,,PERSON_C0_CALIBRATION_ASSET_RECOVERY_AUDIT,CALIBRATION_ASSETS_INSUFFICIENT_FOR_RUNTIME_RANGE_PROTOTYPE,MISSING_PERSON_CAMERA_K;MISSING_CAMERA_HEIGHT_ATTITUDE;MISSING_CAMERA_RADAR_R_T;MISSING_GROUND_PLANE;MISSING_RUNTIME_FOOTPOINT_INTERVAL,"[[42.14537508264239, 59.833559435023005]]",17.688184352380617,THETA_X_FULL_RADIAL_FALLBACK,0.0,20.0,6,6,NOT_A_RANGE_CONTRACTION_RESULT_FALLBACK_ONLY,False,False
R01ZF,93,R01ZF_REUSED_R01ZF_PERSON002,R01ZF_SARF000093__CAUSAL_REPLAY__R01ZF_REUSED_R01ZF_PERSON002,FOOTPOINT_UNAVAILABLE,RANGE_UNAVAILABLE,,,,PERSON_C0_CALIBRATION_ASSET_RECOVERY_AUDIT,CALIBRATION_ASSETS_INSUFFICIENT_FOR_RUNTIME_RANGE_PROTOTYPE,MISSING_PERSON_CAMERA_K;MISSING_CAMERA_HEIGHT_ATTITUDE;MISSING_CAMERA_RADAR_R_T;MISSING_GROUND_PLANE;MISSING_RUNTIME_FOOTPOINT_INTERVAL,"[[45.72613771251562, 59.833559435023005]]",14.107421722507382,THETA_X_FULL_RADIAL_FALLBACK,0.0,20.0,5,5,NOT_A_RANGE_CONTRACTION_RESULT_FALLBACK_ONLY,False,False
R01ZF,93,R01ZF_REUSED_R01ZF_PERSON003,R01ZF_SARF000093__CAUSAL_REPLAY__R01ZF_REUSED_R01ZF_PERSON003,FOOTPOINT_UNAVAILABLE,RANGE_UNAVAILABLE,,,,PERSON_C0_CALIBRATION_ASSET_RECOVERY_AUDIT,CALIBRATION_ASSETS_INSUFFICIENT_FOR_RUNTIME_RANGE_PROTOTYPE,MISSING_PERSON_CAMERA_K;MISSING_CAMERA_HEIGHT_ATTITUDE;MISSING_CAMERA_RADAR_R_T;MISSING_GROUND_PLANE;MISSING_RUNTIME_FOOTPOINT_INTERVAL,"[[16.84806883524469, 39.69785798534872]]",22.84978915010403,THETA_X_FULL_RADIAL_FALLBACK,0.0,20.0,16,16,NOT_A_RANGE_CONTRACTION_RESULT_FALLBACK_ONLY,False,False
R01ZF,94,R01ZF_REUSED_R01ZF_PERSON001,R01ZF_SARF000094__CAUSAL_REPLAY__R01ZF_REUSED_R01ZF_PERSON001,FOOTPOINT_UNAVAILABLE,RANGE_UNAVAILABLE,,,,PERSON_C0_CALIBRATION_ASSET_RECOVERY_AUDIT,CALIBRATION_ASSETS_INSUFFICIENT_FOR_RUNTIME_RANGE_PROTOTYPE,MISSING_PERSON_CAMERA_K;MISSING_CAMERA_HEIGHT_ATTITUDE;MISSING_CAMERA_RADAR_R_T;MISSING_GROUND_PLANE;MISSING_RUNTIME_FOOTPOINT_INTERVAL,"[[42.14537508264239, 59.833559435023005]]",17.688184352380617,THETA_X_FULL_RADIAL_FALLBACK,0.0,20.0,6,6,NOT_A_RANGE_CONTRACTION_RESULT_FALLBACK_ONLY,False,False
R01ZF,94,R01ZF_REUSED_R01ZF_PERSON002,R01ZF_SARF000094__CAUSAL_REPLAY__R01ZF_REUSED_R01ZF_PERSON002,FOOTPOINT_UNAVAILABLE,RANGE_UNAVAILABLE,,,,PERSON_C0_CALIBRATION_ASSET_RECOVERY_AUDIT,CALIBRATION_ASSETS_INSUFFICIENT_FOR_RUNTIME_RANGE_PROTOTYPE,MISSING_PERSON_CAMERA_K;MISSING_CAMERA_HEIGHT_ATTITUDE;MISSING_CAMERA_RADAR_R_T;MISSING_GROUND_PLANE;MISSING_RUNTIME_FOOTPOINT_INTERVAL,"[[45.72613771251562, 59.833559435023005]]",14.107421722507382,THETA_X_FULL_RADIAL_FALLBACK,0.0,20.0,5,5,NOT_A_RANGE_CONTRACTION_RESULT_FALLBACK_ONLY,False,False
R01ZF,94,R01ZF_REUSED_R01ZF_PERSON003,R01ZF_SARF000094__CAUSAL_REPLAY__R01ZF_REUSED_R01ZF_PERSON003,FOOTPOINT_UNAVAILABLE,RANGE_UNAVAILABLE,,,,PERSON_C0_CALIBRATION_ASSET_RECOVERY_AUDIT,CALIBRATION_ASSETS_INSUFFICIENT_FOR_RUNTIME_RANGE_PROTOTYPE,MISSING_PERSON_CAMERA_K;MISSING_CAMERA_HEIGHT_ATTITUDE;MISSING_CAMERA_RADAR_R_T;MISSING_GROUND_PLANE;MISSING_RUNTIME_FOOTPOINT_INTERVAL,"[[16.84806883524469, 41.190818929274826]]",24.342750094030137,THETA_X_FULL_RADIAL_FALLBACK,0.0,20.0,16,16,NOT_A_RANGE_CONTRACTION_RESULT_FALLBACK_ONLY,False,False
R01ZF,95,R01ZF_REUSED_R01ZF_PERSON001,R01ZF_SARF000095__CAUSAL_REPLAY__R01ZF_REUSED_R01ZF_PERSON001,FOOTPOINT_UNAVAILABLE,RANGE_UNAVAILABLE,,,,PERSON_C0_CALIBRATION_ASSET_RECOVERY_AUDIT,CALIBRATION_ASSETS_INSUFFICIENT_FOR_RUNTIME_RANGE_PROTOTYPE,MISSING_PERSON_CAMERA_K;MISSING_CAMERA_HEIGHT_ATTITUDE;MISSING_CAMERA_RADAR_R_T;MISSING_GROUND_PLANE;MISSING_RUNTIME_FOOTPOINT_INTERVAL,"[[43.56344385066686, 59.833559435023005]]",16.270115584356148,THETA_X_FULL_RADIAL_FALLBACK,0.0,20.0,6,6,NOT_A_RANGE_CONTRACTION_RESULT_FALLBACK_ONLY,False,False
R01ZF,95,R01ZF_REUSED_R01ZF_PERSON002,R01ZF_SARF000095__CAUSAL_REPLAY__R01ZF_REUSED_R01ZF_PERSON002,FOOTPOINT_UNAVAILABLE,RANGE_UNAVAILABLE,,,,PERSON_C0_CALIBRATION_ASSET_RECOVERY_AUDIT,CALIBRATION_ASSETS_INSUFFICIENT_FOR_RUNTIME_RANGE_PROTOTYPE,MISSING_PERSON_CAMERA_K;MISSING_CAMERA_HEIGHT_ATTITUDE;MISSING_CAMERA_RADAR_R_T;MISSING_GROUND_PLANE;MISSING_RUNTIME_FOOTPOINT_INTERVAL,"[[47.02979800529381, 59.833559435023005]]",12.803761429729192,THETA_X_FULL_RADIAL_FALLBACK,0.0,20.0,5,5,NOT_A_RANGE_CONTRACTION_RESULT_FALLBACK_ONLY,False,False
R01ZF,95,R01ZF_REUSED_R01ZF_PERSON003,R01ZF_SARF000095__CAUSAL_REPLAY__R01ZF_REUSED_R01ZF_PERSON003,FOOTPOINT_UNAVAILABLE,RANGE_UNAVAILABLE,,,,PERSON_C0_CALIBRATION_ASSET_RECOVERY_AUDIT,CALIBRATION_ASSETS_INSUFFICIENT_FOR_RUNTIME_RANGE_PROTOTYPE,MISSING_PERSON_CAMERA_K;MISSING_CAMERA_HEIGHT_ATTITUDE;MISSING_CAMERA_RADAR_R_T;MISSING_GROUND_PLANE;MISSING_RUNTIME_FOOTPOINT_INTERVAL,"[[18.388507929274482, 42.897317621951245]]",24.508809692676763,THETA_X_FULL_RADIAL_FALLBACK,0.0,20.0,16,16,NOT_A_RANGE_CONTRACTION_RESULT_FALLBACK_ONLY,False,False
R01ZF,96,R01ZF_REUSED_R01ZF_PERSON001,R01ZF_SARF000096__CAUSAL_REPLAY__R01ZF_REUSED_R01ZF_PERSON001,FOOTPOINT_UNAVAILABLE,RANGE_UNAVAILABLE,,,,PERSON_C0_CALIBRATION_ASSET_RECOVERY_AUDIT,CALIBRATION_ASSETS_INSUFFICIENT_FOR_RUNTIME_RANGE_PROTOTYPE,MISSING_PERSON_CAMERA_K;MISSING_CAMERA_HEIGHT_ATTITUDE;MISSING_CAMERA_RADAR_R_T;MISSING_GROUND_PLANE;MISSING_RUNTIME_FOOTPOINT_INTERVAL,"[[44.96885698674444, 59.833559435023005]]",14.864702448278564,THETA_X_FULL_RADIAL_FALLBACK,0.0,20.0,6,6,NOT_A_RANGE_CONTRACTION_RESULT_FALLBACK_ONLY,False,False
R01ZF,96,R01ZF_REUSED_R01ZF_PERSON002,R01ZF_SARF000096__CAUSAL_REPLAY__R01ZF_REUSED_R01ZF_PERSON002,FOOTPOINT_UNAVAILABLE,RANGE_UNAVAILABLE,,,,PERSON_C0_CALIBRATION_ASSET_RECOVERY_AUDIT,CALIBRATION_ASSETS_INSUFFICIENT_FOR_RUNTIME_RANGE_PROTOTYPE,MISSING_PERSON_CAMERA_K;MISSING_CAMERA_HEIGHT_ATTITUDE;MISSING_CAMERA_RADAR_R_T;MISSING_GROUND_PLANE;MISSING_RUNTIME_FOOTPOINT_INTERVAL,"[[48.34503325362947, 59.833559435023005]]",11.488526181393539,THETA_X_FULL_RADIAL_FALLBACK,0.0,20.0,5,5,NOT_A_RANGE_CONTRACTION_RESULT_FALLBACK_ONLY,False,False
R01ZF,96,R01ZF_REUSED_R01ZF_PERSON003,R01ZF_SARF000096__CAUSAL_REPLAY__R01ZF_REUSED_R01ZF_PERSON003,FOOTPOINT_UNAVAILABLE,RANGE_UNAVAILABLE,,,,PERSON_C0_CALIBRATION_ASSET_RECOVERY_AUDIT,CALIBRATION_ASSETS_INSUFFICIENT_FOR_RUNTIME_RANGE_PROTOTYPE,MISSING_PERSON_CAMERA_K;MISSING_CAMERA_HEIGHT_ATTITUDE;MISSING_CAMERA_RADAR_R_T;MISSING_GROUND_PLANE;MISSING_RUNTIME_FOOTPOINT_INTERVAL,"[[19.920542485836265, 42.897317621951245]]",22.97677513611498,THETA_X_FULL_RADIAL_FALLBACK,0.0,20.0,16,16,NOT_A_RANGE_CONTRACTION_RESULT_FALLBACK_ONLY,False,False
R01ZF,97,R01ZF_REUSED_R01ZF_PERSON001,R01ZF_SARF000097__CAUSAL_REPLAY__R01ZF_REUSED_R01ZF_PERSON001,FOOTPOINT_UNAVAILABLE,RANGE_UNAVAILABLE,,,,PERSON_C0_CALIBRATION_ASSET_RECOVERY_AUDIT,CALIBRATION_ASSETS_INSUFFICIENT_FOR_RUNTIME_RANGE_PROTOTYPE,MISSING_PERSON_CAMERA_K;MISSING_CAMERA_HEIGHT_ATTITUDE;MISSING_CAMERA_RADAR_R_T;MISSING_GROUND_PLANE;MISSING_RUNTIME_FOOTPOINT_INTERVAL,"[[44.96885698674444, 59.833559435023005]]",14.864702448278564,THETA_X_FULL_RADIAL_FALLBACK,0.0,20.0,5,5,NOT_A_RANGE_CONTRACTION_RESULT_FALLBACK_ONLY,False,False
R01ZF,97,R01ZF_REUSED_R01ZF_PERSON002,R01ZF_SARF000097__CAUSAL_REPLAY__R01ZF_REUSED_R01ZF_PERSON002,FOOTPOINT_UNAVAILABLE,RANGE_UNAVAILABLE,,,,PERSON_C0_CALIBRATION_ASSET_RECOVERY_AUDIT,CALIBRATION_ASSETS_INSUFFICIENT_FOR_RUNTIME_RANGE_PROTOTYPE,MISSING_PERSON_CAMERA_K;MISSING_CAMERA_HEIGHT_ATTITUDE;MISSING_CAMERA_RADAR_R_T;MISSING_GROUND_PLANE;MISSING_RUNTIME_FOOTPOINT_INTERVAL,"[[48.34503325362947, 59.833559435023005]]",11.488526181393539,THETA_X_FULL_RADIAL_FALLBACK,0.0,20.0,4,4,NOT_A_RANGE_CONTRACTION_RESULT_FALLBACK_ONLY,False,False
R01ZF,97,R01ZF_REUSED_R01ZF_PERSON003,R01ZF_SARF000097__CAUSAL_REPLAY__R01ZF_REUSED_R01ZF_PERSON003,FOOTPOINT_UNAVAILABLE,RANGE_UNAVAILABLE,,,,PERSON_C0_CALIBRATION_ASSET_RECOVERY_AUDIT,CALIBRATION_ASSETS_INSUFFICIENT_FOR_RUNTIME_RANGE_PROTOTYPE,MISSING_PERSON_CAMERA_K;MISSING_CAMERA_HEIGHT_ATTITUDE;MISSING_CAMERA_RADAR_R_T;MISSING_GROUND_PLANE;MISSING_RUNTIME_FOOTPOINT_INTERVAL,"[[19.920542485836265, 44.291325065037256]]",24.37078257920099,THETA_X_FULL_RADIAL_FALLBACK,0.0,20.0,16,16,NOT_A_RANGE_CONTRACTION_RESULT_FALLBACK_ONLY,False,False
R01ZF,98,R01ZF_REUSED_R01ZF_PERSON001,R01ZF_SARF000098__CAUSAL_REPLAY__R01ZF_REUSED_R01ZF_PERSON001,FOOTPOINT_UNAVAILABLE,RANGE_UNAVAILABLE,,,,PERSON_C0_CALIBRATION_ASSET_RECOVERY_AUDIT,CALIBRATION_ASSETS_INSUFFICIENT_FOR_RUNTIME_RANGE_PROTOTYPE,MISSING_PERSON_CAMERA_K;MISSING_CAMERA_HEIGHT_ATTITUDE;MISSING_CAMERA_RADAR_R_T;MISSING_GROUND_PLANE;MISSING_RUNTIME_FOOTPOINT_INTERVAL,"[[46.42168968203772, 59.833559435023005]]",13.411869752985282,THETA_X_FULL_RADIAL_FALLBACK,0.0,20.0,5,5,NOT_A_RANGE_CONTRACTION_RESULT_FALLBACK_ONLY,False,False
R01ZF,98,R01ZF_REUSED_R01ZF_PERSON003,R01ZF_SARF000098__CAUSAL_REPLAY__R01ZF_REUSED_R01ZF_PERSON003,FOOTPOINT_UNAVAILABLE,RANGE_UNAVAILABLE,,,,PERSON_C0_CALIBRATION_ASSET_RECOVERY_AUDIT,CALIBRATION_ASSETS_INSUFFICIENT_FOR_RUNTIME_RANGE_PROTOTYPE,MISSING_PERSON_CAMERA_K;MISSING_CAMERA_HEIGHT_ATTITUDE;MISSING_CAMERA_RADAR_R_T;MISSING_GROUND_PLANE;MISSING_RUNTIME_FOOTPOINT_INTERVAL,"[[21.4378056283535, 44.291325065037256]]",22.853519436683754,THETA_X_FULL_RADIAL_FALLBACK,0.0,20.0,17,17,NOT_A_RANGE_CONTRACTION_RESULT_FALLBACK_ONLY,False,False
R01ZF,99,R01ZF_REUSED_R01ZF_PERSON001,R01ZF_SARF000099__CAUSAL_REPLAY__R01ZF_REUSED_R01ZF_PERSON001,FOOTPOINT_UNAVAILABLE,RANGE_UNAVAILABLE,,,,PERSON_C0_CALIBRATION_ASSET_RECOVERY_AUDIT,CALIBRATION_ASSETS_INSUFFICIENT_FOR_RUNTIME_RANGE_PROTOTYPE,MISSING_PERSON_CAMERA_K;MISSING_CAMERA_HEIGHT_ATTITUDE;MISSING_CAMERA_RADAR_R_T;MISSING_GROUND_PLANE;MISSING_RUNTIME_FOOTPOINT_INTERVAL,"[[46.42168968203772, 59.833559435023005]]",13.411869752985282,THETA_X_FULL_RADIAL_FALLBACK,0.0,20.0,5,5,NOT_A_RANGE_CONTRACTION_RESULT_FALLBACK_ONLY,False,False
R01ZF,99,R01ZF_REUSED_R01ZF_PERSON003,R01ZF_SARF000099__CAUSAL_REPLAY__R01ZF_REUSED_R01ZF_PERSON003,FOOTPOINT_UNAVAILABLE,RANGE_UNAVAILABLE,,,,PERSON_C0_CALIBRATION_ASSET_RECOVERY_AUDIT,CALIBRATION_ASSETS_INSUFFICIENT_FOR_RUNTIME_RANGE_PROTOTYPE,MISSING_PERSON_CAMERA_K;MISSING_CAMERA_HEIGHT_ATTITUDE;MISSING_CAMERA_RADAR_R_T;MISSING_GROUND_PLANE;MISSING_RUNTIME_FOOTPOINT_INTERVAL,"[[21.4378056283535, 45.850929889756074]]",24.413124261402572,THETA_X_FULL_RADIAL_FALLBACK,0.0,20.0,18,18,NOT_A_RANGE_CONTRACTION_RESULT_FALLBACK_ONLY,False,False
R01ZF,100,R01ZF_REUSED_R01ZF_PERSON001,R01ZF_SARF000100__CAUSAL_REPLAY__R01ZF_REUSED_R01ZF_PERSON001,FOOTPOINT_UNAVAILABLE,RANGE_UNAVAILABLE,,,,PERSON_C0_CALIBRATION_ASSET_RECOVERY_AUDIT,CALIBRATION_ASSETS_INSUFFICIENT_FOR_RUNTIME_RANGE_PROTOTYPE,MISSING_PERSON_CAMERA_K;MISSING_CAMERA_HEIGHT_ATTITUDE;MISSING_CAMERA_RADAR_R_T;MISSING_GROUND_PLANE;MISSING_RUNTIME_FOOTPOINT_INTERVAL,"[[47.747874916454506, 59.833559435023005]]",12.085684518568499,THETA_X_FULL_RADIAL_FALLBACK,0.0,20.0,5,5,NOT_A_RANGE_CONTRACTION_RESULT_FALLBACK_ONLY,False,False
R01ZF,100,R01ZF_REUSED_R01ZF_PERSON003,R01ZF_SARF000100__CAUSAL_REPLAY__R01ZF_REUSED_R01ZF_PERSON003,FOOTPOINT_UNAVAILABLE,RANGE_UNAVAILABLE,,,,PERSON_C0_CALIBRATION_ASSET_RECOVERY_AUDIT,CALIBRATION_ASSETS_INSUFFICIENT_FOR_RUNTIME_RANGE_PROTOTYPE,MISSING_PERSON_CAMERA_K;MISSING_CAMERA_HEIGHT_ATTITUDE;MISSING_CAMERA_RADAR_R_T;MISSING_GROUND_PLANE;MISSING_RUNTIME_FOOTPOINT_INTERVAL,"[[22.981180776918137, 47.435221008897656]]",24.45404023197952,THETA_X_FULL_RADIAL_FALLBACK,0.0,20.0,20,20,NOT_A_RANGE_CONTRACTION_RESULT_FALLBACK_ONLY,False,False
R01ZF,101,R01ZF_REUSED_R01ZF_PERSON003,R01ZF_SARF000101__CAUSAL_REPLAY__R01ZF_REUSED_R01ZF_PERSON003,FOOTPOINT_UNAVAILABLE,RANGE_UNAVAILABLE,,,,PERSON_C0_CALIBRATION_ASSET_RECOVERY_AUDIT,CALIBRATION_ASSETS_INSUFFICIENT_FOR_RUNTIME_RANGE_PROTOTYPE,MISSING_PERSON_CAMERA_K;MISSING_CAMERA_HEIGHT_ATTITUDE;MISSING_CAMERA_RADAR_R_T;MISSING_GROUND_PLANE;MISSING_RUNTIME_FOOTPOINT_INTERVAL,"[[24.5303238729646, 47.435221008897656]]",22.904897135933055,THETA_X_FULL_RADIAL_FALLBACK,0.0,20.0,16,16,NOT_A_RANGE_CONTRACTION_RESULT_FALLBACK_ONLY,False,False
R01ZF,102,R01ZF_REUSED_R01ZF_PERSON003,R01ZF_SARF000102__CAUSAL_REPLAY__R01ZF_REUSED_R01ZF_PERSON003,FOOTPOINT_UNAVAILABLE,RANGE_UNAVAILABLE,,,,PERSON_C0_CALIBRATION_ASSET_RECOVERY_AUDIT,CALIBRATION_ASSETS_INSUFFICIENT_FOR_RUNTIME_RANGE_PROTOTYPE,MISSING_PERSON_CAMERA_K;MISSING_CAMERA_HEIGHT_ATTITUDE;MISSING_CAMERA_RADAR_R_T;MISSING_GROUND_PLANE;MISSING_RUNTIME_FOOTPOINT_INTERVAL,"[[24.5303238729646, 49.05009006181791]]",24.51976618885331,THETA_X_FULL_RADIAL_FALLBACK,0.0,20.0,18,18,NOT_A_RANGE_CONTRACTION_RESULT_FALLBACK_ONLY,False,False
R01ZF,103,R01ZF_REUSED_R01ZF_PERSON003,R01ZF_SARF000103__CAUSAL_REPLAY__R01ZF_REUSED_R01ZF_PERSON003,FOOTPOINT_UNAVAILABLE,RANGE_UNAVAILABLE,,,,PERSON_C0_CALIBRATION_ASSET_RECOVERY_AUDIT,CALIBRATION_ASSETS_INSUFFICIENT_FOR_RUNTIME_RANGE_PROTOTYPE,MISSING_PERSON_CAMERA_K;MISSING_CAMERA_HEIGHT_ATTITUDE;MISSING_CAMERA_RADAR_R_T;MISSING_GROUND_PLANE;MISSING_RUNTIME_FOOTPOINT_INTERVAL,"[[25.998683153753547, 49.05009006181791]]",23.051406908064365,THETA_X_FULL_RADIAL_FALLBACK,0.0,20.0,14,14,NOT_A_RANGE_CONTRACTION_RESULT_FALLBACK_ONLY,False,False
R01ZF,104,R01ZF_REUSED_R01ZF_PERSON003,R01ZF_SARF000104__CAUSAL_REPLAY__R01ZF_REUSED_R01ZF_PERSON003,FOOTPOINT_UNAVAILABLE,RANGE_UNAVAILABLE,,,,PERSON_C0_CALIBRATION_ASSET_RECOVERY_AUDIT,CALIBRATION_ASSETS_INSUFFICIENT_FOR_RUNTIME_RANGE_PROTOTYPE,MISSING_PERSON_CAMERA_K;MISSING_CAMERA_HEIGHT_ATTITUDE;MISSING_CAMERA_RADAR_R_T;MISSING_GROUND_PLANE;MISSING_RUNTIME_FOOTPOINT_INTERVAL,"[[25.998683153753547, 50.57998930599048]]",24.581306152236934,THETA_X_FULL_RADIAL_FALLBACK,0.0,20.0,15,15,NOT_A_RANGE_CONTRACTION_RESULT_FALLBACK_ONLY,False,False
R01ZF,105,R01ZF_REUSED_R01ZF_PERSON003,R01ZF_SARF000105__CAUSAL_REPLAY__R01ZF_REUSED_R01ZF_PERSON003,FOOTPOINT_UNAVAILABLE,RANGE_UNAVAILABLE,,,,PERSON_C0_CALIBRATION_ASSET_RECOVERY_AUDIT,CALIBRATION_ASSETS_INSUFFICIENT_FOR_RUNTIME_RANGE_PROTOTYPE,MISSING_PERSON_CAMERA_K;MISSING_CAMERA_HEIGHT_ATTITUDE;MISSING_CAMERA_RADAR_R_T;MISSING_GROUND_PLANE;MISSING_RUNTIME_FOOTPOINT_INTERVAL,"[[27.474229583548208, 52.207494460563396]]",24.733264877015188,THETA_X_FULL_RADIAL_FALLBACK,0.0,20.0,15,15,NOT_A_RANGE_CONTRACTION_RESULT_FALLBACK_ONLY,False,False
R01ZF,106,R01ZF_REUSED_R01ZF_PERSON003,R01ZF_SARF000106__CAUSAL_REPLAY__R01ZF_REUSED_R01ZF_PERSON003,FOOTPOINT_UNAVAILABLE,RANGE_UNAVAILABLE,,,,PERSON_C0_CALIBRATION_ASSET_RECOVERY_AUDIT,CALIBRATION_ASSETS_INSUFFICIENT_FOR_RUNTIME_RANGE_PROTOTYPE,MISSING_PERSON_CAMERA_K;MISSING_CAMERA_HEIGHT_ATTITUDE;MISSING_CAMERA_RADAR_R_T;MISSING_GROUND_PLANE;MISSING_RUNTIME_FOOTPOINT_INTERVAL,"[[28.92521992090022, 52.207494460563396]]",23.282274539663177,THETA_X_FULL_RADIAL_FALLBACK,0.0,20.0,14,14,NOT_A_RANGE_CONTRACTION_RESULT_FALLBACK_ONLY,False,False
R01ZF,107,R01ZF_REUSED_R01ZF_PERSON003,R01ZF_SARF000107__CAUSAL_REPLAY__R01ZF_REUSED_R01ZF_PERSON003,FOOTPOINT_UNAVAILABLE,RANGE_UNAVAILABLE,,,,PERSON_C0_CALIBRATION_ASSET_RECOVERY_AUDIT,CALIBRATION_ASSETS_INSUFFICIENT_FOR_RUNTIME_RANGE_PROTOTYPE,MISSING_PERSON_CAMERA_K;MISSING_CAMERA_HEIGHT_ATTITUDE;MISSING_CAMERA_RADAR_R_T;MISSING_GROUND_PLANE;MISSING_RUNTIME_FOOTPOINT_INTERVAL,"[[28.92521992090022, 53.66375797789573]]",24.73853805699551,THETA_X_FULL_RADIAL_FALLBACK,0.0,20.0,15,15,NOT_A_RANGE_CONTRACTION_RESULT_FALLBACK_ONLY,False,False
R01ZF,108,R01ZF_REUSED_R01ZF_PERSON003,R01ZF_SARF000108__CAUSAL_REPLAY__R01ZF_REUSED_R01ZF_PERSON003,FOOTPOINT_UNAVAILABLE,RANGE_UNAVAILABLE,,,,PERSON_C0_CALIBRATION_ASSET_RECOVERY_AUDIT,CALIBRATION_ASSETS_INSUFFICIENT_FOR_RUNTIME_RANGE_PROTOTYPE,MISSING_PERSON_CAMERA_K;MISSING_CAMERA_HEIGHT_ATTITUDE;MISSING_CAMERA_RADAR_R_T;MISSING_GROUND_PLANE;MISSING_RUNTIME_FOOTPOINT_INTERVAL,"[[30.417406163075654, 53.66375797789573]]",23.246351814820073,THETA_X_FULL_RADIAL_FALLBACK,0.0,20.0,14,14,NOT_A_RANGE_CONTRACTION_RESULT_FALLBACK_ONLY,False,False
R01ZF,109,R01ZF_REUSED_R01ZF_PERSON003,R01ZF_SARF000109__CAUSAL_REPLAY__R01ZF_REUSED_R01ZF_PERSON003,FOOTPOINT_UNAVAILABLE,RANGE_UNAVAILABLE,,,,PERSON_C0_CALIBRATION_ASSET_RECOVERY_AUDIT,CALIBRATION_ASSETS_INSUFFICIENT_FOR_RUNTIME_RANGE_PROTOTYPE,MISSING_PERSON_CAMERA_K;MISSING_CAMERA_HEIGHT_ATTITUDE;MISSING_CAMERA_RADAR_R_T;MISSING_GROUND_PLANE;MISSING_RUNTIME_FOOTPOINT_INTERVAL,"[[30.417406163075654, 55.362776567121145]]",24.94537040404549,THETA_X_FULL_RADIAL_FALLBACK,0.0,20.0,15,15,NOT_A_RANGE_CONTRACTION_RESULT_FALLBACK_ONLY,False,False
R01ZF,110,R01ZF_REUSED_R01ZF_PERSON003,R01ZF_SARF000110__CAUSAL_REPLAY__R01ZF_REUSED_R01ZF_PERSON003,FOOTPOINT_UNAVAILABLE,RANGE_UNAVAILABLE,,,,PERSON_C0_CALIBRATION_ASSET_RECOVERY_AUDIT,CALIBRATION_ASSETS_INSUFFICIENT_FOR_RUNTIME_RANGE_PROTOTYPE,MISSING_PERSON_CAMERA_K;MISSING_CAMERA_HEIGHT_ATTITUDE;MISSING_CAMERA_RADAR_R_T;MISSING_GROUND_PLANE;MISSING_RUNTIME_FOOTPOINT_INTERVAL,"[[31.87346786734372, 56.80512149334713]]",24.93165362600341,THETA_X_FULL_RADIAL_FALLBACK,0.0,20.0,14,14,NOT_A_RANGE_CONTRACTION_RESULT_FALLBACK_ONLY,False,False
R01ZF,111,R01ZF_REUSED_R01ZF_PERSON003,R01ZF_SARF000111__CAUSAL_REPLAY__R01ZF_REUSED_R01ZF_PERSON003,FOOTPOINT_UNAVAILABLE,RANGE_UNAVAILABLE,,,,PERSON_C0_CALIBRATION_ASSET_RECOVERY_AUDIT,CALIBRATION_ASSETS_INSUFFICIENT_FOR_RUNTIME_RANGE_PROTOTYPE,MISSING_PERSON_CAMERA_K;MISSING_CAMERA_HEIGHT_ATTITUDE;MISSING_CAMERA_RADAR_R_T;MISSING_GROUND_PLANE;MISSING_RUNTIME_FOOTPOINT_INTERVAL,"[[33.369924734292255, 56.80512149334713]]",23.435196759054875,THETA_X_FULL_RADIAL_FALLBACK,0.0,20.0,16,16,NOT_A_RANGE_CONTRACTION_RESULT_FALLBACK_ONLY,False,False
R01ZF,112,R01ZF_REUSED_R01ZF_PERSON003,R01ZF_SARF000112__CAUSAL_REPLAY__R01ZF_REUSED_R01ZF_PERSON003,FOOTPOINT_UNAVAILABLE,RANGE_UNAVAILABLE,,,,PERSON_C0_CALIBRATION_ASSET_RECOVERY_AUDIT,CALIBRATION_ASSETS_INSUFFICIENT_FOR_RUNTIME_RANGE_PROTOTYPE,MISSING_PERSON_CAMERA_K;MISSING_CAMERA_HEIGHT_ATTITUDE;MISSING_CAMERA_RADAR_R_T;MISSING_GROUND_PLANE;MISSING_RUNTIME_FOOTPOINT_INTERVAL,"[[33.369924734292255, 58.34203211386145]]",24.972107379569195,THETA_X_FULL_RADIAL_FALLBACK,0.0,20.0,14,14,NOT_A_RANGE_CONTRACTION_RESULT_FALLBACK_ONLY,False,False
R01ZF,113,R01ZF_REUSED_R01ZF_PERSON003,R01ZF_SARF000113__CAUSAL_REPLAY__R01ZF_REUSED_R01ZF_PERSON003,FOOTPOINT_UNAVAILABLE,RANGE_UNAVAILABLE,,,,PERSON_C0_CALIBRATION_ASSET_RECOVERY_AUDIT,CALIBRATION_ASSETS_INSUFFICIENT_FOR_RUNTIME_RANGE_PROTOTYPE,MISSING_PERSON_CAMERA_K;MISSING_CAMERA_HEIGHT_ATTITUDE;MISSING_CAMERA_RADAR_R_T;MISSING_GROUND_PLANE;MISSING_RUNTIME_FOOTPOINT_INTERVAL,"[[34.8294693413866, 58.34203211386145]]",23.51256277247485,THETA_X_FULL_RADIAL_FALLBACK,0.0,20.0,15,15,NOT_A_RANGE_CONTRACTION_RESULT_FALLBACK_ONLY,False,False
R01ZF,114,R01ZF_REUSED_R01ZF_PERSON003,R01ZF_SARF000114__CAUSAL_REPLAY__R01ZF_REUSED_R01ZF_PERSON003,FOOTPOINT_UNAVAILABLE,RANGE_UNAVAILABLE,,,,PERSON_C0_CALIBRATION_ASSET_RECOVERY_AUDIT,CALIBRATION_ASSETS_INSUFFICIENT_FOR_RUNTIME_RANGE_PROTOTYPE,MISSING_PERSON_CAMERA_K;MISSING_CAMERA_HEIGHT_ATTITUDE;MISSING_CAMERA_RADAR_R_T;MISSING_GROUND_PLANE;MISSING_RUNTIME_FOOTPOINT_INTERVAL,"[[34.8294693413866, 59.833559435023005]]",25.004090093636407,THETA_X_FULL_RADIAL_FALLBACK,0.0,20.0,14,14,NOT_A_RANGE_CONTRACTION_RESULT_FALLBACK_ONLY,False,False
R01ZF,115,R01ZF_REUSED_R01ZF_PERSON003,R01ZF_SARF000115__CAUSAL_REPLAY__R01ZF_REUSED_R01ZF_PERSON003,FOOTPOINT_UNAVAILABLE,RANGE_UNAVAILABLE,,,,PERSON_C0_CALIBRATION_ASSET_RECOVERY_AUDIT,CALIBRATION_ASSETS_INSUFFICIENT_FOR_RUNTIME_RANGE_PROTOTYPE,MISSING_PERSON_CAMERA_K;MISSING_CAMERA_HEIGHT_ATTITUDE;MISSING_CAMERA_RADAR_R_T;MISSING_GROUND_PLANE;MISSING_RUNTIME_FOOTPOINT_INTERVAL,"[[36.270707550825534, 59.833559435023005]]",23.56285188419747,THETA_X_FULL_RADIAL_FALLBACK,0.0,20.0,14,14,NOT_A_RANGE_CONTRACTION_RESULT_FALLBACK_ONLY,False,False
R01ZF,116,R01ZF_REUSED_R01ZF_PERSON003,R01ZF_SARF000116__CAUSAL_REPLAY__R01ZF_REUSED_R01ZF_PERSON003,FOOTPOINT_UNAVAILABLE,RANGE_UNAVAILABLE,,,,PERSON_C0_CALIBRATION_ASSET_RECOVERY_AUDIT,CALIBRATION_ASSETS_INSUFFICIENT_FOR_RUNTIME_RANGE_PROTOTYPE,MISSING_PERSON_CAMERA_K;MISSING_CAMERA_HEIGHT_ATTITUDE;MISSING_CAMERA_RADAR_R_T;MISSING_GROUND_PLANE;MISSING_RUNTIME_FOOTPOINT_INTERVAL,"[[37.77741131319135, 59.833559435023005]]",22.056148121831654,THETA_X_FULL_RADIAL_FALLBACK,0.0,20.0,16,16,NOT_A_RANGE_CONTRACTION_RESULT_FALLBACK_ONLY,False,False
R01ZF,117,R01ZF_REUSED_R01ZF_PERSON003,R01ZF_SARF000117__CAUSAL_REPLAY__R01ZF_REUSED_R01ZF_PERSON003,FOOTPOINT_UNAVAILABLE,RANGE_UNAVAILABLE,,,,PERSON_C0_CALIBRATION_ASSET_RECOVERY_AUDIT,CALIBRATION_ASSETS_INSUFFICIENT_FOR_RUNTIME_RANGE_PROTOTYPE,MISSING_PERSON_CAMERA_K;MISSING_CAMERA_HEIGHT_ATTITUDE;MISSING_CAMERA_RADAR_R_T;MISSING_GROUND_PLANE;MISSING_RUNTIME_FOOTPOINT_INTERVAL,"[[37.77741131319135, 59.833559435023005]]",22.056148121831654,THETA_X_FULL_RADIAL_FALLBACK,0.0,20.0,15,15,NOT_A_RANGE_CONTRACTION_RESULT_FALLBACK_ONLY,False,False
R01ZF,118,R01ZF_REUSED_R01ZF_PERSON003,R01ZF_SARF000118__CAUSAL_REPLAY__R01ZF_REUSED_R01ZF_PERSON003,FOOTPOINT_UNAVAILABLE,RANGE_UNAVAILABLE,,,,PERSON_C0_CALIBRATION_ASSET_RECOVERY_AUDIT,CALIBRATION_ASSETS_INSUFFICIENT_FOR_RUNTIME_RANGE_PROTOTYPE,MISSING_PERSON_CAMERA_K;MISSING_CAMERA_HEIGHT_ATTITUDE;MISSING_CAMERA_RADAR_R_T;MISSING_GROUND_PLANE;MISSING_RUNTIME_FOOTPOINT_INTERVAL,"[[39.18723829621297, 59.833559435023005]]",20.646321138810038,THETA_X_FULL_RADIAL_FALLBACK,0.0,20.0,13,13,NOT_A_RANGE_CONTRACTION_RESULT_FALLBACK_ONLY,False,False
R01ZF,119,R01ZF_REUSED_R01ZF_PERSON003,R01ZF_SARF000119__CAUSAL_REPLAY__R01ZF_REUSED_R01ZF_PERSON003,FOOTPOINT_UNAVAILABLE,RANGE_UNAVAILABLE,,,,PERSON_C0_CALIBRATION_ASSET_RECOVERY_AUDIT,CALIBRATION_ASSETS_INSUFFICIENT_FOR_RUNTIME_RANGE_PROTOTYPE,MISSING_PERSON_CAMERA_K;MISSING_CAMERA_HEIGHT_ATTITUDE;MISSING_CAMERA_RADAR_R_T;MISSING_GROUND_PLANE;MISSING_RUNTIME_FOOTPOINT_INTERVAL,"[[39.18723829621297, 59.833559435023005]]",20.646321138810038,THETA_X_FULL_RADIAL_FALLBACK,0.0,20.0,10,10,NOT_A_RANGE_CONTRACTION_RESULT_FALLBACK_ONLY,False,False
R01ZF,120,R01ZF_REUSED_R01ZF_PERSON003,R01ZF_SARF000120__CAUSAL_REPLAY__R01ZF_REUSED_R01ZF_PERSON003,FOOTPOINT_UNAVAILABLE,RANGE_UNAVAILABLE,,,,PERSON_C0_CALIBRATION_ASSET_RECOVERY_AUDIT,CALIBRATION_ASSETS_INSUFFICIENT_FOR_RUNTIME_RANGE_PROTOTYPE,MISSING_PERSON_CAMERA_K;MISSING_CAMERA_HEIGHT_ATTITUDE;MISSING_CAMERA_RADAR_R_T;MISSING_GROUND_PLANE;MISSING_RUNTIME_FOOTPOINT_INTERVAL,"[[40.65548039522325, 59.833559435023005]]",19.178079039799755,THETA_X_FULL_RADIAL_FALLBACK,0.0,20.0,10,10,NOT_A_RANGE_CONTRACTION_RESULT_FALLBACK_ONLY,False,False
R01ZF,121,R01ZF_REUSED_R01ZF_PERSON003,R01ZF_SARF000121__CAUSAL_REPLAY__R01ZF_REUSED_R01ZF_PERSON003,FOOTPOINT_UNAVAILABLE,RANGE_UNAVAILABLE,,,,PERSON_C0_CALIBRATION_ASSET_RECOVERY_AUDIT,CALIBRATION_ASSETS_INSUFFICIENT_FOR_RUNTIME_RANGE_PROTOTYPE,MISSING_PERSON_CAMERA_K;MISSING_CAMERA_HEIGHT_ATTITUDE;MISSING_CAMERA_RADAR_R_T;MISSING_GROUND_PLANE;MISSING_RUNTIME_FOOTPOINT_INTERVAL,"[[42.04435137040183, 59.833559435023005]]",17.789208064621178,THETA_X_FULL_RADIAL_FALLBACK,0.0,20.0,7,7,NOT_A_RANGE_CONTRACTION_RESULT_FALLBACK_ONLY,False,False
R01ZF,122,R01ZF_REUSED_R01ZF_PERSON003,R01ZF_SARF000122__CAUSAL_REPLAY__R01ZF_REUSED_R01ZF_PERSON003,FOOTPOINT_UNAVAILABLE,RANGE_UNAVAILABLE,,,,PERSON_C0_CALIBRATION_ASSET_RECOVERY_AUDIT,CALIBRATION_ASSETS_INSUFFICIENT_FOR_RUNTIME_RANGE_PROTOTYPE,MISSING_PERSON_CAMERA_K;MISSING_CAMERA_HEIGHT_ATTITUDE;MISSING_CAMERA_RADAR_R_T;MISSING_GROUND_PLANE;MISSING_RUNTIME_FOOTPOINT_INTERVAL,"[[42.04435137040183, 59.833559435023005]]",17.789208064621178,THETA_X_FULL_RADIAL_FALLBACK,0.0,20.0,8,8,NOT_A_RANGE_CONTRACTION_RESULT_FALLBACK_ONLY,False,False
R01ZF,123,R01ZF_REUSED_R01ZF_PERSON003,R01ZF_SARF000123__CAUSAL_REPLAY__R01ZF_REUSED_R01ZF_PERSON003,FOOTPOINT_UNAVAILABLE,RANGE_UNAVAILABLE,,,,PERSON_C0_CALIBRATION_ASSET_RECOVERY_AUDIT,CALIBRATION_ASSETS_INSUFFICIENT_FOR_RUNTIME_RANGE_PROTOTYPE,MISSING_PERSON_CAMERA_K;MISSING_CAMERA_HEIGHT_ATTITUDE;MISSING_CAMERA_RADAR_R_T;MISSING_GROUND_PLANE;MISSING_RUNTIME_FOOTPOINT_INTERVAL,"[[43.48164446000597, 59.833559435023005]]",16.35191497501704,THETA_X_FULL_RADIAL_FALLBACK,0.0,20.0,8,8,NOT_A_RANGE_CONTRACTION_RESULT_FALLBACK_ONLY,False,False
R01ZF,124,R01ZF_REUSED_R01ZF_PERSON003,R01ZF_SARF000124__CAUSAL_REPLAY__R01ZF_REUSED_R01ZF_PERSON003,FOOTPOINT_UNAVAILABLE,RANGE_UNAVAILABLE,,,,PERSON_C0_CALIBRATION_ASSET_RECOVERY_AUDIT,CALIBRATION_ASSETS_INSUFFICIENT_FOR_RUNTIME_RANGE_PROTOTYPE,MISSING_PERSON_CAMERA_K;MISSING_CAMERA_HEIGHT_ATTITUDE;MISSING_CAMERA_RADAR_R_T;MISSING_GROUND_PLANE;MISSING_RUNTIME_FOOTPOINT_INTERVAL,"[[43.48164446000597, 59.833559435023005]]",16.35191497501704,THETA_X_FULL_RADIAL_FALLBACK,0.0,20.0,7,7,NOT_A_RANGE_CONTRACTION_RESULT_FALLBACK_ONLY,False,False
R01ZF,124,R01ZF_REUSED_R01ZF_PERSON100001,R01ZF_SARF000124__CAUSAL_REPLAY__R01ZF_REUSED_R01ZF_PERSON100001,FOOTPOINT_UNAVAILABLE,RANGE_UNAVAILABLE,,,,PERSON_C0_CALIBRATION_ASSET_RECOVERY_AUDIT,CALIBRATION_ASSETS_INSUFFICIENT_FOR_RUNTIME_RANGE_PROTOTYPE,MISSING_PERSON_CAMERA_K;MISSING_CAMERA_HEIGHT_ATTITUDE;MISSING_CAMERA_RADAR_R_T;MISSING_GROUND_PLANE;MISSING_RUNTIME_FOOTPOINT_INTERVAL,"[[49.21282290550397, 59.833559435023005]]",10.620736529519036,THETA_X_FULL_RADIAL_FALLBACK,0.0,20.0,4,4,NOT_A_RANGE_CONTRACTION_RESULT_FALLBACK_ONLY,False,False
R01ZF,124,R01ZF_REUSED_R01ZF_PERSON100002,R01ZF_SARF000124__CAUSAL_REPLAY__R01ZF_REUSED_R01ZF_PERSON100002,FOOTPOINT_UNAVAILABLE,RANGE_UNAVAILABLE,,,,PERSON_C0_CALIBRATION_ASSET_RECOVERY_AUDIT,CALIBRATION_ASSETS_INSUFFICIENT_FOR_RUNTIME_RANGE_PROTOTYPE,MISSING_PERSON_CAMERA_K;MISSING_CAMERA_HEIGHT_ATTITUDE;MISSING_CAMERA_RADAR_R_T;MISSING_GROUND_PLANE;MISSING_RUNTIME_FOOTPOINT_INTERVAL,"[[49.05283071888252, 59.833559435023005]]",10.780728716140487,THETA_X_FULL_RADIAL_FALLBACK,0.0,20.0,4,4,NOT_A_RANGE_CONTRACTION_RESULT_FALLBACK_ONLY,False,False
R01ZF,125,R01ZF_REUSED_R01ZF_PERSON003,R01ZF_SARF000125__CAUSAL_REPLAY__R01ZF_REUSED_R01ZF_PERSON003,FOOTPOINT_UNAVAILABLE,RANGE_UNAVAILABLE,,,,PERSON_C0_CALIBRATION_ASSET_RECOVERY_AUDIT,CALIBRATION_ASSETS_INSUFFICIENT_FOR_RUNTIME_RANGE_PROTOTYPE,MISSING_PERSON_CAMERA_K;MISSING_CAMERA_HEIGHT_ATTITUDE;MISSING_CAMERA_RADAR_R_T;MISSING_GROUND_PLANE;MISSING_RUNTIME_FOOTPOINT_INTERVAL,"[[44.89004573140298, 59.833559435023005]]",14.943513703620027,THETA_X_FULL_RADIAL_FALLBACK,0.0,20.0,6,6,NOT_A_RANGE_CONTRACTION_RESULT_FALLBACK_ONLY,False,False
R01ZF,125,R01ZF_REUSED_R01ZF_PERSON100001,R01ZF_SARF000125__CAUSAL_REPLAY__R01ZF_REUSED_R01ZF_PERSON100001,FOOTPOINT_UNAVAILABLE,RANGE_UNAVAILABLE,,,,PERSON_C0_CALIBRATION_ASSET_RECOVERY_AUDIT,CALIBRATION_ASSETS_INSUFFICIENT_FOR_RUNTIME_RANGE_PROTOTYPE,MISSING_PERSON_CAMERA_K;MISSING_CAMERA_HEIGHT_ATTITUDE;MISSING_CAMERA_RADAR_R_T;MISSING_GROUND_PLANE;MISSING_RUNTIME_FOOTPOINT_INTERVAL,"[[49.21282290550397, 59.833559435023005]]",10.620736529519036,THETA_X_FULL_RADIAL_FALLBACK,0.0,20.0,5,5,NOT_A_RANGE_CONTRACTION_RESULT_FALLBACK_ONLY,False,False
R01ZF,125,R01ZF_REUSED_R01ZF_PERSON100002,R01ZF_SARF000125__CAUSAL_REPLAY__R01ZF_REUSED_R01ZF_PERSON100002,FOOTPOINT_UNAVAILABLE,RANGE_UNAVAILABLE,,,,PERSON_C0_CALIBRATION_ASSET_RECOVERY_AUDIT,CALIBRATION_ASSETS_INSUFFICIENT_FOR_RUNTIME_RANGE_PROTOTYPE,MISSING_PERSON_CAMERA_K;MISSING_CAMERA_HEIGHT_ATTITUDE;MISSING_CAMERA_RADAR_R_T;MISSING_GROUND_PLANE;MISSING_RUNTIME_FOOTPOINT_INTERVAL,"[[49.05283071888252, 59.833559435023005]]",10.780728716140487,THETA_X_FULL_RADIAL_FALLBACK,0.0,20.0,5,5,NOT_A_RANGE_CONTRACTION_RESULT_FALLBACK_ONLY,False,False
R01ZF,126,R01ZF_REUSED_R01ZF_PERSON003,R01ZF_SARF000126__CAUSAL_REPLAY__R01ZF_REUSED_R01ZF_PERSON003,FOOTPOINT_UNAVAILABLE,RANGE_UNAVAILABLE,,,,PERSON_C0_CALIBRATION_ASSET_RECOVERY_AUDIT,CALIBRATION_ASSETS_INSUFFICIENT_FOR_RUNTIME_RANGE_PROTOTYPE,MISSING_PERSON_CAMERA_K;MISSING_CAMERA_HEIGHT_ATTITUDE;MISSING_CAMERA_RADAR_R_T;MISSING_GROUND_PLANE;MISSING_RUNTIME_FOOTPOINT_INTERVAL,"[[46.334740803273235, 59.833559435023005]]",13.49881863174977,THETA_X_FULL_RADIAL_FALLBACK,0.0,20.0,6,6,NOT_A_RANGE_CONTRACTION_RESULT_FALLBACK_ONLY,False,False
R01ZF,126,R01ZF_REUSED_R01ZF_PERSON100001,R01ZF_SARF000126__CAUSAL_REPLAY__R01ZF_REUSED_R01ZF_PERSON100001,FOOTPOINT_UNAVAILABLE,RANGE_UNAVAILABLE,,,,PERSON_C0_CALIBRATION_ASSET_RECOVERY_AUDIT,CALIBRATION_ASSETS_INSUFFICIENT_FOR_RUNTIME_RANGE_PROTOTYPE,MISSING_PERSON_CAMERA_K;MISSING_CAMERA_HEIGHT_ATTITUDE;MISSING_CAMERA_RADAR_R_T;MISSING_GROUND_PLANE;MISSING_RUNTIME_FOOTPOINT_INTERVAL,"[[49.21282290550397, 59.833559435023005]]",10.620736529519036,THETA_X_FULL_RADIAL_FALLBACK,0.0,20.0,5,5,NOT_A_RANGE_CONTRACTION_RESULT_FALLBACK_ONLY,False,False
R01ZF,126,R01ZF_REUSED_R01ZF_PERSON100002,R01ZF_SARF000126__CAUSAL_REPLAY__R01ZF_REUSED_R01ZF_PERSON100002,FOOTPOINT_UNAVAILABLE,RANGE_UNAVAILABLE,,,,PERSON_C0_CALIBRATION_ASSET_RECOVERY_AUDIT,CALIBRATION_ASSETS_INSUFFICIENT_FOR_RUNTIME_RANGE_PROTOTYPE,MISSING_PERSON_CAMERA_K;MISSING_CAMERA_HEIGHT_ATTITUDE;MISSING_CAMERA_RADAR_R_T;MISSING_GROUND_PLANE;MISSING_RUNTIME_FOOTPOINT_INTERVAL,"[[49.05283071888252, 59.833559435023005]]",10.780728716140487,THETA_X_FULL_RADIAL_FALLBACK,0.0,20.0,5,5,NOT_A_RANGE_CONTRACTION_RESULT_FALLBACK_ONLY,False,False
R01ZF,127,R01ZF_REUSED_R01ZF_PERSON003,R01ZF_SARF000127__CAUSAL_REPLAY__R01ZF_REUSED_R01ZF_PERSON003,FOOTPOINT_UNAVAILABLE,RANGE_UNAVAILABLE,,,,PERSON_C0_CALIBRATION_ASSET_RECOVERY_AUDIT,CALIBRATION_ASSETS_INSUFFICIENT_FOR_RUNTIME_RANGE_PROTOTYPE,MISSING_PERSON_CAMERA_K;MISSING_CAMERA_HEIGHT_ATTITUDE;MISSING_CAMERA_RADAR_R_T;MISSING_GROUND_PLANE;MISSING_RUNTIME_FOOTPOINT_INTERVAL,"[[46.334740803273235, 59.833559435023005]]",13.49881863174977,THETA_X_FULL_RADIAL_FALLBACK,0.0,20.0,6,6,NOT_A_RANGE_CONTRACTION_RESULT_FALLBACK_ONLY,False,False
R01ZF,127,R01ZF_REUSED_R01ZF_PERSON100001,R01ZF_SARF000127__CAUSAL_REPLAY__R01ZF_REUSED_R01ZF_PERSON100001,FOOTPOINT_UNAVAILABLE,RANGE_UNAVAILABLE,,,,PERSON_C0_CALIBRATION_ASSET_RECOVERY_AUDIT,CALIBRATION_ASSETS_INSUFFICIENT_FOR_RUNTIME_RANGE_PROTOTYPE,MISSING_PERSON_CAMERA_K;MISSING_CAMERA_HEIGHT_ATTITUDE;MISSING_CAMERA_RADAR_R_T;MISSING_GROUND_PLANE;MISSING_RUNTIME_FOOTPOINT_INTERVAL,"[[49.21282290550397, 59.833559435023005]]",10.620736529519036,THETA_X_FULL_RADIAL_FALLBACK,0.0,20.0,5,5,NOT_A_RANGE_CONTRACTION_RESULT_FALLBACK_ONLY,False,False
R01ZF,127,R01ZF_REUSED_R01ZF_PERSON100002,R01ZF_SARF000127__CAUSAL_REPLAY__R01ZF_REUSED_R01ZF_PERSON100002,FOOTPOINT_UNAVAILABLE,RANGE_UNAVAILABLE,,,,PERSON_C0_CALIBRATION_ASSET_RECOVERY_AUDIT,CALIBRATION_ASSETS_INSUFFICIENT_FOR_RUNTIME_RANGE_PROTOTYPE,MISSING_PERSON_CAMERA_K;MISSING_CAMERA_HEIGHT_ATTITUDE;MISSING_CAMERA_RADAR_R_T;MISSING_GROUND_PLANE;MISSING_RUNTIME_FOOTPOINT_INTERVAL,"[[49.05283071888252, 59.833559435023005]]",10.780728716140487,THETA_X_FULL_RADIAL_FALLBACK,0.0,20.0,5,5,NOT_A_RANGE_CONTRACTION_RESULT_FALLBACK_ONLY,False,False
R01ZF,128,R01ZF_REUSED_R01ZF_PERSON003,R01ZF_SARF000128__CAUSAL_REPLAY__R01ZF_REUSED_R01ZF_PERSON003,FOOTPOINT_UNAVAILABLE,RANGE_UNAVAILABLE,,,,PERSON_C0_CALIBRATION_ASSET_RECOVERY_AUDIT,CALIBRATION_ASSETS_INSUFFICIENT_FOR_RUNTIME_RANGE_PROTOTYPE,MISSING_PERSON_CAMERA_K;MISSING_CAMERA_HEIGHT_ATTITUDE;MISSING_CAMERA_RADAR_R_T;MISSING_GROUND_PLANE;MISSING_RUNTIME_FOOTPOINT_INTERVAL,"[[47.76412412290826, 59.833559435023005]]",12.069435312114749,THETA_X_FULL_RADIAL_FALLBACK,0.0,20.0,7,7,NOT_A_RANGE_CONTRACTION_RESULT_FALLBACK_ONLY,False,False
R01ZF,128,R01ZF_REUSED_R01ZF_PERSON100001,R01ZF_SARF000128__CAUSAL_REPLAY__R01ZF_REUSED_R01ZF_PERSON100001,FOOTPOINT_UNAVAILABLE,RANGE_UNAVAILABLE,,,,PERSON_C0_CALIBRATION_ASSET_RECOVERY_AUDIT,CALIBRATION_ASSETS_INSUFFICIENT_FOR_RUNTIME_RANGE_PROTOTYPE,MISSING_PERSON_CAMERA_K;MISSING_CAMERA_HEIGHT_ATTITUDE;MISSING_CAMERA_RADAR_R_T;MISSING_GROUND_PLANE;MISSING_RUNTIME_FOOTPOINT_INTERVAL,"[[49.21282290550397, 59.833559435023005]]",10.620736529519036,THETA_X_FULL_RADIAL_FALLBACK,0.0,20.0,7,7,NOT_A_RANGE_CONTRACTION_RESULT_FALLBACK_ONLY,False,False
R01ZF,128,R01ZF_REUSED_R01ZF_PERSON100002,R01ZF_SARF000128__CAUSAL_REPLAY__R01ZF_REUSED_R01ZF_PERSON100002,FOOTPOINT_UNAVAILABLE,RANGE_UNAVAILABLE,,,,PERSON_C0_CALIBRATION_ASSET_RECOVERY_AUDIT,CALIBRATION_ASSETS_INSUFFICIENT_FOR_RUNTIME_RANGE_PROTOTYPE,MISSING_PERSON_CAMERA_K;MISSING_CAMERA_HEIGHT_ATTITUDE;MISSING_CAMERA_RADAR_R_T;MISSING_GROUND_PLANE;MISSING_RUNTIME_FOOTPOINT_INTERVAL,"[[49.05283071888252, 59.833559435023005]]",10.780728716140487,THETA_X_FULL_RADIAL_FALLBACK,0.0,20.0,7,7,NOT_A_RANGE_CONTRACTION_RESULT_FALLBACK_ONLY,False,False
R01ZF,129,R01ZF_REUSED_R01ZF_PERSON003,R01ZF_SARF000129__CAUSAL_REPLAY__R01ZF_REUSED_R01ZF_PERSON003,FOOTPOINT_UNAVAILABLE,RANGE_UNAVAILABLE,,,,PERSON_C0_CALIBRATION_ASSET_RECOVERY_AUDIT,CALIBRATION_ASSETS_INSUFFICIENT_FOR_RUNTIME_RANGE_PROTOTYPE,MISSING_PERSON_CAMERA_K;MISSING_CAMERA_HEIGHT_ATTITUDE;MISSING_CAMERA_RADAR_R_T;MISSING_GROUND_PLANE;MISSING_RUNTIME_FOOTPOINT_INTERVAL,"[[47.76412412290826, 59.833559435023005]]",12.069435312114749,THETA_X_FULL_RADIAL_FALLBACK,0.0,20.0,5,5,NOT_A_RANGE_CONTRACTION_RESULT_FALLBACK_ONLY,False,False
R01ZF,129,R01ZF_REUSED_R01ZF_PERSON100001,R01ZF_SARF000129__CAUSAL_REPLAY__R01ZF_REUSED_R01ZF_PERSON100001,FOOTPOINT_UNAVAILABLE,RANGE_UNAVAILABLE,,,,PERSON_C0_CALIBRATION_ASSET_RECOVERY_AUDIT,CALIBRATION_ASSETS_INSUFFICIENT_FOR_RUNTIME_RANGE_PROTOTYPE,MISSING_PERSON_CAMERA_K;MISSING_CAMERA_HEIGHT_ATTITUDE;MISSING_CAMERA_RADAR_R_T;MISSING_GROUND_PLANE;MISSING_RUNTIME_FOOTPOINT_INTERVAL,"[[49.21282290550397, 59.833559435023005]]",10.620736529519036,THETA_X_FULL_RADIAL_FALLBACK,0.0,20.0,5,5,NOT_A_RANGE_CONTRACTION_RESULT_FALLBACK_ONLY,False,False
R01ZF,129,R01ZF_REUSED_R01ZF_PERSON100002,R01ZF_SARF000129__CAUSAL_REPLAY__R01ZF_REUSED_R01ZF_PERSON100002,FOOTPOINT_UNAVAILABLE,RANGE_UNAVAILABLE,,,,PERSON_C0_CALIBRATION_ASSET_RECOVERY_AUDIT,CALIBRATION_ASSETS_INSUFFICIENT_FOR_RUNTIME_RANGE_PROTOTYPE,MISSING_PERSON_CAMERA_K;MISSING_CAMERA_HEIGHT_ATTITUDE;MISSING_CAMERA_RADAR_R_T;MISSING_GROUND_PLANE;MISSING_RUNTIME_FOOTPOINT_INTERVAL,"[[49.05283071888252, 59.833559435023005]]",10.780728716140487,THETA_X_FULL_RADIAL_FALLBACK,0.0,20.0,5,5,NOT_A_RANGE_CONTRACTION_RESULT_FALLBACK_ONLY,False,False
R01ZF,130,R01ZF_REUSED_R01ZF_PERSON100001,R01ZF_SARF000130__CAUSAL_REPLAY__R01ZF_REUSED_R01ZF_PERSON100001,FOOTPOINT_UNAVAILABLE,RANGE_UNAVAILABLE,,,,PERSON_C0_CALIBRATION_ASSET_RECOVERY_AUDIT,CALIBRATION_ASSETS_INSUFFICIENT_FOR_RUNTIME_RANGE_PROTOTYPE,MISSING_PERSON_CAMERA_K;MISSING_CAMERA_HEIGHT_ATTITUDE;MISSING_CAMERA_RADAR_R_T;MISSING_GROUND_PLANE;MISSING_RUNTIME_FOOTPOINT_INTERVAL,"[[49.21282290550397, 59.833559435023005]]",10.620736529519036,THETA_X_FULL_RADIAL_FALLBACK,0.0,20.0,5,5,NOT_A_RANGE_CONTRACTION_RESULT_FALLBACK_ONLY,False,False
R01ZF,130,R01ZF_REUSED_R01ZF_PERSON100002,R01ZF_SARF000130__CAUSAL_REPLAY__R01ZF_REUSED_R01ZF_PERSON100002,FOOTPOINT_UNAVAILABLE,RANGE_UNAVAILABLE,,,,PERSON_C0_CALIBRATION_ASSET_RECOVERY_AUDIT,CALIBRATION_ASSETS_INSUFFICIENT_FOR_RUNTIME_RANGE_PROTOTYPE,MISSING_PERSON_CAMERA_K;MISSING_CAMERA_HEIGHT_ATTITUDE;MISSING_CAMERA_RADAR_R_T;MISSING_GROUND_PLANE;MISSING_RUNTIME_FOOTPOINT_INTERVAL,"[[49.05283071888252, 59.833559435023005]]",10.780728716140487,THETA_X_FULL_RADIAL_FALLBACK,0.0,20.0,5,5,NOT_A_RANGE_CONTRACTION_RESULT_FALLBACK_ONLY,False,False
R01ZF,259,R01ZF_REUSED_R01ZF_PERSON100003,R01ZF_SARF000259__CAUSAL_REPLAY__R01ZF_REUSED_R01ZF_PERSON100003,FOOTPOINT_UNAVAILABLE,RANGE_UNAVAILABLE,,,,PERSON_C0_CALIBRATION_ASSET_RECOVERY_AUDIT,CALIBRATION_ASSETS_INSUFFICIENT_FOR_RUNTIME_RANGE_PROTOTYPE,MISSING_PERSON_CAMERA_K;MISSING_CAMERA_HEIGHT_ATTITUDE;MISSING_CAMERA_RADAR_R_T;MISSING_GROUND_PLANE;MISSING_RUNTIME_FOOTPOINT_INTERVAL,"[[-14.504065416484885, 1.4357421790681002]]",15.939807595552985,THETA_X_FULL_RADIAL_FALLBACK,0.0,20.0,19,19,NOT_A_RANGE_CONTRACTION_RESULT_FALLBACK_ONLY,False,False
R01ZF,259,R01ZF_REUSED_R01ZF_PERSON100004,R01ZF_SARF000259__CAUSAL_REPLAY__R01ZF_REUSED_R01ZF_PERSON100004,FOOTPOINT_UNAVAILABLE,RANGE_UNAVAILABLE,,,,PERSON_C0_CALIBRATION_ASSET_RECOVERY_AUDIT,CALIBRATION_ASSETS_INSUFFICIENT_FOR_RUNTIME_RANGE_PROTOTYPE,MISSING_PERSON_CAMERA_K;MISSING_CAMERA_HEIGHT_ATTITUDE;MISSING_CAMERA_RADAR_R_T;MISSING_GROUND_PLANE;MISSING_RUNTIME_FOOTPOINT_INTERVAL,"[[-15.104036116315285, 1.495739249051141]]",16.599775365366426,THETA_X_FULL_RADIAL_FALLBACK,0.0,20.0,21,21,NOT_A_RANGE_CONTRACTION_RESULT_FALLBACK_ONLY,False,False
R01ZF,260,R01ZF_REUSED_R01ZF_PERSON100003,R01ZF_SARF000260__CAUSAL_REPLAY__R01ZF_REUSED_R01ZF_PERSON100003,FOOTPOINT_UNAVAILABLE,RANGE_UNAVAILABLE,,,,PERSON_C0_CALIBRATION_ASSET_RECOVERY_AUDIT,CALIBRATION_ASSETS_INSUFFICIENT_FOR_RUNTIME_RANGE_PROTOTYPE,MISSING_PERSON_CAMERA_K;MISSING_CAMERA_HEIGHT_ATTITUDE;MISSING_CAMERA_RADAR_R_T;MISSING_GROUND_PLANE;MISSING_RUNTIME_FOOTPOINT_INTERVAL,"[[-14.504065416484885, 1.4357421790681002]]",15.939807595552985,THETA_X_FULL_RADIAL_FALLBACK,0.0,20.0,13,13,NOT_A_RANGE_CONTRACTION_RESULT_FALLBACK_ONLY,False,False
R01ZF,260,R01ZF_REUSED_R01ZF_PERSON100004,R01ZF_SARF000260__CAUSAL_REPLAY__R01ZF_REUSED_R01ZF_PERSON100004,FOOTPOINT_UNAVAILABLE,RANGE_UNAVAILABLE,,,,PERSON_C0_CALIBRATION_ASSET_RECOVERY_AUDIT,CALIBRATION_ASSETS_INSUFFICIENT_FOR_RUNTIME_RANGE_PROTOTYPE,MISSING_PERSON_CAMERA_K;MISSING_CAMERA_HEIGHT_ATTITUDE;MISSING_CAMERA_RADAR_R_T;MISSING_GROUND_PLANE;MISSING_RUNTIME_FOOTPOINT_INTERVAL,"[[-15.104036116315285, 1.495739249051141]]",16.599775365366426,THETA_X_FULL_RADIAL_FALLBACK,0.0,20.0,15,15,NOT_A_RANGE_CONTRACTION_RESULT_FALLBACK_ONLY,False,False
R01ZF,260,R01ZF_REUSED_R01ZF_PERSON100005,R01ZF_SARF000260__CAUSAL_REPLAY__R01ZF_REUSED_R01ZF_PERSON100005,FOOTPOINT_UNAVAILABLE,RANGE_UNAVAILABLE,,,,PERSON_C0_CALIBRATION_ASSET_RECOVERY_AUDIT,CALIBRATION_ASSETS_INSUFFICIENT_FOR_RUNTIME_RANGE_PROTOTYPE,MISSING_PERSON_CAMERA_K;MISSING_CAMERA_HEIGHT_ATTITUDE;MISSING_CAMERA_RADAR_R_T;MISSING_GROUND_PLANE;MISSING_RUNTIME_FOOTPOINT_INTERVAL,"[[-10.584256844259578, 5.575540007897885]]",16.159796852157463,THETA_X_FULL_RADIAL_FALLBACK,0.0,20.0,15,15,NOT_A_RANGE_CONTRACTION_RESULT_FALLBACK_ONLY,False,False
R01ZF,261,R01ZF_REUSED_R01ZF_PERSON100003,R01ZF_SARF000261__CAUSAL_REPLAY__R01ZF_REUSED_R01ZF_PERSON100003,FOOTPOINT_UNAVAILABLE,RANGE_UNAVAILABLE,,,,PERSON_C0_CALIBRATION_ASSET_RECOVERY_AUDIT,CALIBRATION_ASSETS_INSUFFICIENT_FOR_RUNTIME_RANGE_PROTOTYPE,MISSING_PERSON_CAMERA_K;MISSING_CAMERA_HEIGHT_ATTITUDE;MISSING_CAMERA_RADAR_R_T;MISSING_GROUND_PLANE;MISSING_RUNTIME_FOOTPOINT_INTERVAL,"[[-14.504065416484885, 1.4357421790681002]]",15.939807595552985,THETA_X_FULL_RADIAL_FALLBACK,0.0,20.0,13,13,NOT_A_RANGE_CONTRACTION_RESULT_FALLBACK_ONLY,False,False
R01ZF,261,R01ZF_REUSED_R01ZF_PERSON100004,R01ZF_SARF000261__CAUSAL_REPLAY__R01ZF_REUSED_R01ZF_PERSON100004,FOOTPOINT_UNAVAILABLE,RANGE_UNAVAILABLE,,,,PERSON_C0_CALIBRATION_ASSET_RECOVERY_AUDIT,CALIBRATION_ASSETS_INSUFFICIENT_FOR_RUNTIME_RANGE_PROTOTYPE,MISSING_PERSON_CAMERA_K;MISSING_CAMERA_HEIGHT_ATTITUDE;MISSING_CAMERA_RADAR_R_T;MISSING_GROUND_PLANE;MISSING_RUNTIME_FOOTPOINT_INTERVAL,"[[-15.104036116315285, 1.495739249051141]]",16.599775365366426,THETA_X_FULL_RADIAL_FALLBACK,0.0,20.0,13,13,NOT_A_RANGE_CONTRACTION_RESULT_FALLBACK_ONLY,False,False
R01ZF,261,R01ZF_REUSED_R01ZF_PERSON100005,R01ZF_SARF000261__CAUSAL_REPLAY__R01ZF_REUSED_R01ZF_PERSON100005,FOOTPOINT_UNAVAILABLE,RANGE_UNAVAILABLE,,,,PERSON_C0_CALIBRATION_ASSET_RECOVERY_AUDIT,CALIBRATION_ASSETS_INSUFFICIENT_FOR_RUNTIME_RANGE_PROTOTYPE,MISSING_PERSON_CAMERA_K;MISSING_CAMERA_HEIGHT_ATTITUDE;MISSING_CAMERA_RADAR_R_T;MISSING_GROUND_PLANE;MISSING_RUNTIME_FOOTPOINT_INTERVAL,"[[-10.584256844259578, 5.575540007897885]]",16.159796852157463,THETA_X_FULL_RADIAL_FALLBACK,0.0,20.0,14,14,NOT_A_RANGE_CONTRACTION_RESULT_FALLBACK_ONLY,False,False
R01ZF,262,R01ZF_REUSED_R01ZF_PERSON100003,R01ZF_SARF000262__CAUSAL_REPLAY__R01ZF_REUSED_R01ZF_PERSON100003,FOOTPOINT_UNAVAILABLE,RANGE_UNAVAILABLE,,,,PERSON_C0_CALIBRATION_ASSET_RECOVERY_AUDIT,CALIBRATION_ASSETS_INSUFFICIENT_FOR_RUNTIME_RANGE_PROTOTYPE,MISSING_PERSON_CAMERA_K;MISSING_CAMERA_HEIGHT_ATTITUDE;MISSING_CAMERA_RADAR_R_T;MISSING_GROUND_PLANE;MISSING_RUNTIME_FOOTPOINT_INTERVAL,"[[-14.504065416484885, 1.4357421790681002]]",15.939807595552985,THETA_X_FULL_RADIAL_FALLBACK,0.0,20.0,14,14,NOT_A_RANGE_CONTRACTION_RESULT_FALLBACK_ONLY,False,False
R01ZF,262,R01ZF_REUSED_R01ZF_PERSON100004,R01ZF_SARF000262__CAUSAL_REPLAY__R01ZF_REUSED_R01ZF_PERSON100004,FOOTPOINT_UNAVAILABLE,RANGE_UNAVAILABLE,,,,PERSON_C0_CALIBRATION_ASSET_RECOVERY_AUDIT,CALIBRATION_ASSETS_INSUFFICIENT_FOR_RUNTIME_RANGE_PROTOTYPE,MISSING_PERSON_CAMERA_K;MISSING_CAMERA_HEIGHT_ATTITUDE;MISSING_CAMERA_RADAR_R_T;MISSING_GROUND_PLANE;MISSING_RUNTIME_FOOTPOINT_INTERVAL,"[[-15.104036116315285, 1.495739249051141]]",16.599775365366426,THETA_X_FULL_RADIAL_FALLBACK,0.0,20.0,15,15,NOT_A_RANGE_CONTRACTION_RESULT_FALLBACK_ONLY,False,False
R01ZF,262,R01ZF_REUSED_R01ZF_PERSON100005,R01ZF_SARF000262__CAUSAL_REPLAY__R01ZF_REUSED_R01ZF_PERSON100005,FOOTPOINT_UNAVAILABLE,RANGE_UNAVAILABLE,,,,PERSON_C0_CALIBRATION_ASSET_RECOVERY_AUDIT,CALIBRATION_ASSETS_INSUFFICIENT_FOR_RUNTIME_RANGE_PROTOTYPE,MISSING_PERSON_CAMERA_K;MISSING_CAMERA_HEIGHT_ATTITUDE;MISSING_CAMERA_RADAR_R_T;MISSING_GROUND_PLANE;MISSING_RUNTIME_FOOTPOINT_INTERVAL,"[[-10.584256844259578, 5.575540007897885]]",16.159796852157463,THETA_X_FULL_RADIAL_FALLBACK,0.0,20.0,14,14,NOT_A_RANGE_CONTRACTION_RESULT_FALLBACK_ONLY,False,False
R01ZF,263,R01ZF_REUSED_R01ZF_PERSON100003,R01ZF_SARF000263__CAUSAL_REPLAY__R01ZF_REUSED_R01ZF_PERSON100003,FOOTPOINT_UNAVAILABLE,RANGE_UNAVAILABLE,,,,PERSON_C0_CALIBRATION_ASSET_RECOVERY_AUDIT,CALIBRATION_ASSETS_INSUFFICIENT_FOR_RUNTIME_RANGE_PROTOTYPE,MISSING_PERSON_CAMERA_K;MISSING_CAMERA_HEIGHT_ATTITUDE;MISSING_CAMERA_RADAR_R_T;MISSING_GROUND_PLANE;MISSING_RUNTIME_FOOTPOINT_INTERVAL,"[[-14.504065416484885, 1.4357421790681002]]",15.939807595552985,THETA_X_FULL_RADIAL_FALLBACK,0.0,20.0,18,18,NOT_A_RANGE_CONTRACTION_RESULT_FALLBACK_ONLY,False,False
R01ZF,263,R01ZF_REUSED_R01ZF_PERSON100004,R01ZF_SARF000263__CAUSAL_REPLAY__R01ZF_REUSED_R01ZF_PERSON100004,FOOTPOINT_UNAVAILABLE,RANGE_UNAVAILABLE,,,,PERSON_C0_CALIBRATION_ASSET_RECOVERY_AUDIT,CALIBRATION_ASSETS_INSUFFICIENT_FOR_RUNTIME_RANGE_PROTOTYPE,MISSING_PERSON_CAMERA_K;MISSING_CAMERA_HEIGHT_ATTITUDE;MISSING_CAMERA_RADAR_R_T;MISSING_GROUND_PLANE;MISSING_RUNTIME_FOOTPOINT_INTERVAL,"[[-15.104036116315285, 1.495739249051141]]",16.599775365366426,THETA_X_FULL_RADIAL_FALLBACK,0.0,20.0,18,18,NOT_A_RANGE_CONTRACTION_RESULT_FALLBACK_ONLY,False,False
R01ZF,263,R01ZF_REUSED_R01ZF_PERSON100005,R01ZF_SARF000263__CAUSAL_REPLAY__R01ZF_REUSED_R01ZF_PERSON100005,FOOTPOINT_UNAVAILABLE,RANGE_UNAVAILABLE,,,,PERSON_C0_CALIBRATION_ASSET_RECOVERY_AUDIT,CALIBRATION_ASSETS_INSUFFICIENT_FOR_RUNTIME_RANGE_PROTOTYPE,MISSING_PERSON_CAMERA_K;MISSING_CAMERA_HEIGHT_ATTITUDE;MISSING_CAMERA_RADAR_R_T;MISSING_GROUND_PLANE;MISSING_RUNTIME_FOOTPOINT_INTERVAL,"[[-10.584256844259578, 5.575540007897885]]",16.159796852157463,THETA_X_FULL_RADIAL_FALLBACK,0.0,20.0,19,19,NOT_A_RANGE_CONTRACTION_RESULT_FALLBACK_ONLY,False,False
R01ZF,264,R01ZF_REUSED_R01ZF_PERSON100003,R01ZF_SARF000264__CAUSAL_REPLAY__R01ZF_REUSED_R01ZF_PERSON100003,FOOTPOINT_UNAVAILABLE,RANGE_UNAVAILABLE,,,,PERSON_C0_CALIBRATION_ASSET_RECOVERY_AUDIT,CALIBRATION_ASSETS_INSUFFICIENT_FOR_RUNTIME_RANGE_PROTOTYPE,MISSING_PERSON_CAMERA_K;MISSING_CAMERA_HEIGHT_ATTITUDE;MISSING_CAMERA_RADAR_R_T;MISSING_GROUND_PLANE;MISSING_RUNTIME_FOOTPOINT_INTERVAL,"[[-14.504065416484885, 1.4357421790681002]]",15.939807595552985,THETA_X_FULL_RADIAL_FALLBACK,0.0,20.0,11,11,NOT_A_RANGE_CONTRACTION_RESULT_FALLBACK_ONLY,False,False
R01ZF,264,R01ZF_REUSED_R01ZF_PERSON100004,R01ZF_SARF000264__CAUSAL_REPLAY__R01ZF_REUSED_R01ZF_PERSON100004,FOOTPOINT_UNAVAILABLE,RANGE_UNAVAILABLE,,,,PERSON_C0_CALIBRATION_ASSET_RECOVERY_AUDIT,CALIBRATION_ASSETS_INSUFFICIENT_FOR_RUNTIME_RANGE_PROTOTYPE,MISSING_PERSON_CAMERA_K;MISSING_CAMERA_HEIGHT_ATTITUDE;MISSING_CAMERA_RADAR_R_T;MISSING_GROUND_PLANE;MISSING_RUNTIME_FOOTPOINT_INTERVAL,"[[-15.104036116315285, 1.495739249051141]]",16.599775365366426,THETA_X_FULL_RADIAL_FALLBACK,0.0,20.0,11,11,NOT_A_RANGE_CONTRACTION_RESULT_FALLBACK_ONLY,False,False
R01ZF,264,R01ZF_REUSED_R01ZF_PERSON100005,R01ZF_SARF000264__CAUSAL_REPLAY__R01ZF_REUSED_R01ZF_PERSON100005,FOOTPOINT_UNAVAILABLE,RANGE_UNAVAILABLE,,,,PERSON_C0_CALIBRATION_ASSET_RECOVERY_AUDIT,CALIBRATION_ASSETS_INSUFFICIENT_FOR_RUNTIME_RANGE_PROTOTYPE,MISSING_PERSON_CAMERA_K;MISSING_CAMERA_HEIGHT_ATTITUDE;MISSING_CAMERA_RADAR_R_T;MISSING_GROUND_PLANE;MISSING_RUNTIME_FOOTPOINT_INTERVAL,"[[-10.584256844259578, 5.575540007897885]]",16.159796852157463,THETA_X_FULL_RADIAL_FALLBACK,0.0,20.0,14,14,NOT_A_RANGE_CONTRACTION_RESULT_FALLBACK_ONLY,False,False
R01ZF,265,R01ZF_REUSED_R01ZF_PERSON100003,R01ZF_SARF000265__CAUSAL_REPLAY__R01ZF_REUSED_R01ZF_PERSON100003,FOOTPOINT_UNAVAILABLE,RANGE_UNAVAILABLE,,,,PERSON_C0_CALIBRATION_ASSET_RECOVERY_AUDIT,CALIBRATION_ASSETS_INSUFFICIENT_FOR_RUNTIME_RANGE_PROTOTYPE,MISSING_PERSON_CAMERA_K;MISSING_CAMERA_HEIGHT_ATTITUDE;MISSING_CAMERA_RADAR_R_T;MISSING_GROUND_PLANE;MISSING_RUNTIME_FOOTPOINT_INTERVAL,"[[-14.504065416484885, 1.4357421790681002]]",15.939807595552985,THETA_X_FULL_RADIAL_FALLBACK,0.0,20.0,15,15,NOT_A_RANGE_CONTRACTION_RESULT_FALLBACK_ONLY,False,False
R01ZF,265,R01ZF_REUSED_R01ZF_PERSON100004,R01ZF_SARF000265__CAUSAL_REPLAY__R01ZF_REUSED_R01ZF_PERSON100004,FOOTPOINT_UNAVAILABLE,RANGE_UNAVAILABLE,,,,PERSON_C0_CALIBRATION_ASSET_RECOVERY_AUDIT,CALIBRATION_ASSETS_INSUFFICIENT_FOR_RUNTIME_RANGE_PROTOTYPE,MISSING_PERSON_CAMERA_K;MISSING_CAMERA_HEIGHT_ATTITUDE;MISSING_CAMERA_RADAR_R_T;MISSING_GROUND_PLANE;MISSING_RUNTIME_FOOTPOINT_INTERVAL,"[[-15.104036116315285, 1.495739249051141]]",16.599775365366426,THETA_X_FULL_RADIAL_FALLBACK,0.0,20.0,15,15,NOT_A_RANGE_CONTRACTION_RESULT_FALLBACK_ONLY,False,False
R01ZF,265,R01ZF_REUSED_R01ZF_PERSON100005,R01ZF_SARF000265__CAUSAL_REPLAY__R01ZF_REUSED_R01ZF_PERSON100005,FOOTPOINT_UNAVAILABLE,RANGE_UNAVAILABLE,,,,PERSON_C0_CALIBRATION_ASSET_RECOVERY_AUDIT,CALIBRATION_ASSETS_INSUFFICIENT_FOR_RUNTIME_RANGE_PROTOTYPE,MISSING_PERSON_CAMERA_K;MISSING_CAMERA_HEIGHT_ATTITUDE;MISSING_CAMERA_RADAR_R_T;MISSING_GROUND_PLANE;MISSING_RUNTIME_FOOTPOINT_INTERVAL,"[[-10.584256844259578, 5.575540007897885]]",16.159796852157463,THETA_X_FULL_RADIAL_FALLBACK,0.0,20.0,15,15,NOT_A_RANGE_CONTRACTION_RESULT_FALLBACK_ONLY,False,False
R01ZF,266,R01ZF_REUSED_R01ZF_PERSON100005,R01ZF_SARF000266__CAUSAL_REPLAY__R01ZF_REUSED_R01ZF_PERSON100005,FOOTPOINT_UNAVAILABLE,RANGE_UNAVAILABLE,,,,PERSON_C0_CALIBRATION_ASSET_RECOVERY_AUDIT,CALIBRATION_ASSETS_INSUFFICIENT_FOR_RUNTIME_RANGE_PROTOTYPE,MISSING_PERSON_CAMERA_K;MISSING_CAMERA_HEIGHT_ATTITUDE;MISSING_CAMERA_RADAR_R_T;MISSING_GROUND_PLANE;MISSING_RUNTIME_FOOTPOINT_INTERVAL,"[[-10.584256844259578, 5.575540007897885]]",16.159796852157463,THETA_X_FULL_RADIAL_FALLBACK,0.0,20.0,17,17,NOT_A_RANGE_CONTRACTION_RESULT_FALLBACK_ONLY,False,False
R01ZF,267,R01ZF_REUSED_R01ZF_PERSON100005,R01ZF_SARF000267__CAUSAL_REPLAY__R01ZF_REUSED_R01ZF_PERSON100005,FOOTPOINT_UNAVAILABLE,RANGE_UNAVAILABLE,,,,PERSON_C0_CALIBRATION_ASSET_RECOVERY_AUDIT,CALIBRATION_ASSETS_INSUFFICIENT_FOR_RUNTIME_RANGE_PROTOTYPE,MISSING_PERSON_CAMERA_K;MISSING_CAMERA_HEIGHT_ATTITUDE;MISSING_CAMERA_RADAR_R_T;MISSING_GROUND_PLANE;MISSING_RUNTIME_FOOTPOINT_INTERVAL,"[[-10.584256844259578, 5.575540007897885]]",16.159796852157463,THETA_X_FULL_RADIAL_FALLBACK,0.0,20.0,15,15,NOT_A_RANGE_CONTRACTION_RESULT_FALLBACK_ONLY,False,False
R01ZF,457,R01ZF_REUSED_R01ZF_PERSON100006,R01ZF_SARF000457__CAUSAL_REPLAY__R01ZF_REUSED_R01ZF_PERSON100006,FOOTPOINT_UNAVAILABLE,RANGE_UNAVAILABLE,,,,PERSON_C0_CALIBRATION_ASSET_RECOVERY_AUDIT,CALIBRATION_ASSETS_INSUFFICIENT_FOR_RUNTIME_RANGE_PROTOTYPE,MISSING_PERSON_CAMERA_K;MISSING_CAMERA_HEIGHT_ATTITUDE;MISSING_CAMERA_RADAR_R_T;MISSING_GROUND_PLANE;MISSING_RUNTIME_FOOTPOINT_INTERVAL,"[[-51.50007117951663, -38.80479263414025]]",12.695278545376382,THETA_X_FULL_RADIAL_FALLBACK,0.0,20.0,0,0,NOT_A_RANGE_CONTRACTION_RESULT_FALLBACK_ONLY,False,False
R01ZF,458,R01ZF_REUSED_R01ZF_PERSON100006,R01ZF_SARF000458__CAUSAL_REPLAY__R01ZF_REUSED_R01ZF_PERSON100006,FOOTPOINT_UNAVAILABLE,RANGE_UNAVAILABLE,,,,PERSON_C0_CALIBRATION_ASSET_RECOVERY_AUDIT,CALIBRATION_ASSETS_INSUFFICIENT_FOR_RUNTIME_RANGE_PROTOTYPE,MISSING_PERSON_CAMERA_K;MISSING_CAMERA_HEIGHT_ATTITUDE;MISSING_CAMERA_RADAR_R_T;MISSING_GROUND_PLANE;MISSING_RUNTIME_FOOTPOINT_INTERVAL,"[[-51.50007117951663, -38.80479263414025]]",12.695278545376382,THETA_X_FULL_RADIAL_FALLBACK,0.0,20.0,1,1,NOT_A_RANGE_CONTRACTION_RESULT_FALLBACK_ONLY,False,False
R01ZF,459,R01ZF_REUSED_R01ZF_PERSON100006,R01ZF_SARF000459__CAUSAL_REPLAY__R01ZF_REUSED_R01ZF_PERSON100006,FOOTPOINT_UNAVAILABLE,RANGE_UNAVAILABLE,,,,PERSON_C0_CALIBRATION_ASSET_RECOVERY_AUDIT,CALIBRATION_ASSETS_INSUFFICIENT_FOR_RUNTIME_RANGE_PROTOTYPE,MISSING_PERSON_CAMERA_K;MISSING_CAMERA_HEIGHT_ATTITUDE;MISSING_CAMERA_RADAR_R_T;MISSING_GROUND_PLANE;MISSING_RUNTIME_FOOTPOINT_INTERVAL,"[[-51.50007117951663, -38.80479263414025]]",12.695278545376382,THETA_X_FULL_RADIAL_FALLBACK,0.0,20.0,1,1,NOT_A_RANGE_CONTRACTION_RESULT_FALLBACK_ONLY,False,False
R01ZF,459,R01ZF_REUSED_R01ZF_PERSON100007,R01ZF_SARF000459__CAUSAL_REPLAY__R01ZF_REUSED_R01ZF_PERSON100007,FOOTPOINT_UNAVAILABLE,RANGE_UNAVAILABLE,,,,PERSON_C0_CALIBRATION_ASSET_RECOVERY_AUDIT,CALIBRATION_ASSETS_INSUFFICIENT_FOR_RUNTIME_RANGE_PROTOTYPE,MISSING_PERSON_CAMERA_K;MISSING_CAMERA_HEIGHT_ATTITUDE;MISSING_CAMERA_RADAR_R_T;MISSING_GROUND_PLANE;MISSING_RUNTIME_FOOTPOINT_INTERVAL,"[[-51.5016336032141, -38.236695377738336]]",13.264938225475767,THETA_X_FULL_RADIAL_FALLBACK,0.0,20.0,1,1,NOT_A_RANGE_CONTRACTION_RESULT_FALLBACK_ONLY,False,False
R01ZF,459,R01ZF_REUSED_R01ZF_PERSON100008,R01ZF_SARF000459__CAUSAL_REPLAY__R01ZF_REUSED_R01ZF_PERSON100008,FOOTPOINT_UNAVAILABLE,RANGE_UNAVAILABLE,,,,PERSON_C0_CALIBRATION_ASSET_RECOVERY_AUDIT,CALIBRATION_ASSETS_INSUFFICIENT_FOR_RUNTIME_RANGE_PROTOTYPE,MISSING_PERSON_CAMERA_K;MISSING_CAMERA_HEIGHT_ATTITUDE;MISSING_CAMERA_RADAR_R_T;MISSING_GROUND_PLANE;MISSING_RUNTIME_FOOTPOINT_INTERVAL,"[[48.012881505843154, 59.833559435023005]]",11.820677929179851,THETA_X_FULL_RADIAL_FALLBACK,0.0,20.0,5,5,NOT_A_RANGE_CONTRACTION_RESULT_FALLBACK_ONLY,False,False
R01ZF,460,R01ZF_REUSED_R01ZF_PERSON014,R01ZF_SARF000460__CAUSAL_REPLAY__R01ZF_REUSED_R01ZF_PERSON014,FOOTPOINT_UNAVAILABLE,RANGE_UNAVAILABLE,,,,PERSON_C0_CALIBRATION_ASSET_RECOVERY_AUDIT,CALIBRATION_ASSETS_INSUFFICIENT_FOR_RUNTIME_RANGE_PROTOTYPE,MISSING_PERSON_CAMERA_K;MISSING_CAMERA_HEIGHT_ATTITUDE;MISSING_CAMERA_RADAR_R_T;MISSING_GROUND_PLANE;MISSING_RUNTIME_FOOTPOINT_INTERVAL,"[[-51.38870106398502, -37.63457675220403]]",13.754124311780984,THETA_X_FULL_RADIAL_FALLBACK,0.0,20.0,0,0,NOT_A_RANGE_CONTRACTION_RESULT_FALLBACK_ONLY,False,False
R01ZF,460,R01ZF_REUSED_R01ZF_PERSON100006,R01ZF_SARF000460__CAUSAL_REPLAY__R01ZF_REUSED_R01ZF_PERSON100006,FOOTPOINT_UNAVAILABLE,RANGE_UNAVAILABLE,,,,PERSON_C0_CALIBRATION_ASSET_RECOVERY_AUDIT,CALIBRATION_ASSETS_INSUFFICIENT_FOR_RUNTIME_RANGE_PROTOTYPE,MISSING_PERSON_CAMERA_K;MISSING_CAMERA_HEIGHT_ATTITUDE;MISSING_CAMERA_RADAR_R_T;MISSING_GROUND_PLANE;MISSING_RUNTIME_FOOTPOINT_INTERVAL,"[[-51.50007117951663, -38.80479263414025]]",12.695278545376382,THETA_X_FULL_RADIAL_FALLBACK,0.0,20.0,0,0,NOT_A_RANGE_CONTRACTION_RESULT_FALLBACK_ONLY,False,False
R01ZF,460,R01ZF_REUSED_R01ZF_PERSON100007,R01ZF_SARF000460__CAUSAL_REPLAY__R01ZF_REUSED_R01ZF_PERSON100007,FOOTPOINT_UNAVAILABLE,RANGE_UNAVAILABLE,,,,PERSON_C0_CALIBRATION_ASSET_RECOVERY_AUDIT,CALIBRATION_ASSETS_INSUFFICIENT_FOR_RUNTIME_RANGE_PROTOTYPE,MISSING_PERSON_CAMERA_K;MISSING_CAMERA_HEIGHT_ATTITUDE;MISSING_CAMERA_RADAR_R_T;MISSING_GROUND_PLANE;MISSING_RUNTIME_FOOTPOINT_INTERVAL,"[[-51.5016336032141, -38.236695377738336]]",13.264938225475767,THETA_X_FULL_RADIAL_FALLBACK,0.0,20.0,0,0,NOT_A_RANGE_CONTRACTION_RESULT_FALLBACK_ONLY,False,False
R01ZF,460,R01ZF_REUSED_R01ZF_PERSON100008,R01ZF_SARF000460__CAUSAL_REPLAY__R01ZF_REUSED_R01ZF_PERSON100008,FOOTPOINT_UNAVAILABLE,RANGE_UNAVAILABLE,,,,PERSON_C0_CALIBRATION_ASSET_RECOVERY_AUDIT,CALIBRATION_ASSETS_INSUFFICIENT_FOR_RUNTIME_RANGE_PROTOTYPE,MISSING_PERSON_CAMERA_K;MISSING_CAMERA_HEIGHT_ATTITUDE;MISSING_CAMERA_RADAR_R_T;MISSING_GROUND_PLANE;MISSING_RUNTIME_FOOTPOINT_INTERVAL,"[[48.012881505843154, 59.833559435023005]]",11.820677929179851,THETA_X_FULL_RADIAL_FALLBACK,0.0,20.0,2,2,NOT_A_RANGE_CONTRACTION_RESULT_FALLBACK_ONLY,False,False
R01ZF,461,R01ZF_REUSED_R01ZF_PERSON014,R01ZF_SARF000461__CAUSAL_REPLAY__R01ZF_REUSED_R01ZF_PERSON014,FOOTPOINT_UNAVAILABLE,RANGE_UNAVAILABLE,,,,PERSON_C0_CALIBRATION_ASSET_RECOVERY_AUDIT,CALIBRATION_ASSETS_INSUFFICIENT_FOR_RUNTIME_RANGE_PROTOTYPE,MISSING_PERSON_CAMERA_K;MISSING_CAMERA_HEIGHT_ATTITUDE;MISSING_CAMERA_RADAR_R_T;MISSING_GROUND_PLANE;MISSING_RUNTIME_FOOTPOINT_INTERVAL,"[[-51.38870106398502, -37.63457675220403]]",13.754124311780984,THETA_X_FULL_RADIAL_FALLBACK,0.0,20.0,7,7,NOT_A_RANGE_CONTRACTION_RESULT_FALLBACK_ONLY,False,False
R01ZF,461,R01ZF_REUSED_R01ZF_PERSON100006,R01ZF_SARF000461__CAUSAL_REPLAY__R01ZF_REUSED_R01ZF_PERSON100006,FOOTPOINT_UNAVAILABLE,RANGE_UNAVAILABLE,,,,PERSON_C0_CALIBRATION_ASSET_RECOVERY_AUDIT,CALIBRATION_ASSETS_INSUFFICIENT_FOR_RUNTIME_RANGE_PROTOTYPE,MISSING_PERSON_CAMERA_K;MISSING_CAMERA_HEIGHT_ATTITUDE;MISSING_CAMERA_RADAR_R_T;MISSING_GROUND_PLANE;MISSING_RUNTIME_FOOTPOINT_INTERVAL,"[[-51.50007117951663, -38.80479263414025]]",12.695278545376382,THETA_X_FULL_RADIAL_FALLBACK,0.0,20.0,7,7,NOT_A_RANGE_CONTRACTION_RESULT_FALLBACK_ONLY,False,False
R01ZF,461,R01ZF_REUSED_R01ZF_PERSON100007,R01ZF_SARF000461__CAUSAL_REPLAY__R01ZF_REUSED_R01ZF_PERSON100007,FOOTPOINT_UNAVAILABLE,RANGE_UNAVAILABLE,,,,PERSON_C0_CALIBRATION_ASSET_RECOVERY_AUDIT,CALIBRATION_ASSETS_INSUFFICIENT_FOR_RUNTIME_RANGE_PROTOTYPE,MISSING_PERSON_CAMERA_K;MISSING_CAMERA_HEIGHT_ATTITUDE;MISSING_CAMERA_RADAR_R_T;MISSING_GROUND_PLANE;MISSING_RUNTIME_FOOTPOINT_INTERVAL,"[[-51.5016336032141, -38.236695377738336]]",13.264938225475767,THETA_X_FULL_RADIAL_FALLBACK,0.0,20.0,7,7,NOT_A_RANGE_CONTRACTION_RESULT_FALLBACK_ONLY,False,False
R01ZF,461,R01ZF_REUSED_R01ZF_PERSON100008,R01ZF_SARF000461__CAUSAL_REPLAY__R01ZF_REUSED_R01ZF_PERSON100008,FOOTPOINT_UNAVAILABLE,RANGE_UNAVAILABLE,,,,PERSON_C0_CALIBRATION_ASSET_RECOVERY_AUDIT,CALIBRATION_ASSETS_INSUFFICIENT_FOR_RUNTIME_RANGE_PROTOTYPE,MISSING_PERSON_CAMERA_K;MISSING_CAMERA_HEIGHT_ATTITUDE;MISSING_CAMERA_RADAR_R_T;MISSING_GROUND_PLANE;MISSING_RUNTIME_FOOTPOINT_INTERVAL,"[[48.012881505843154, 59.833559435023005]]",11.820677929179851,THETA_X_FULL_RADIAL_FALLBACK,0.0,20.0,7,7,NOT_A_RANGE_CONTRACTION_RESULT_FALLBACK_ONLY,False,False
R01ZF,462,R01ZF_REUSED_R01ZF_PERSON014,R01ZF_SARF000462__CAUSAL_REPLAY__R01ZF_REUSED_R01ZF_PERSON014,FOOTPOINT_UNAVAILABLE,RANGE_UNAVAILABLE,,,,PERSON_C0_CALIBRATION_ASSET_RECOVERY_AUDIT,CALIBRATION_ASSETS_INSUFFICIENT_FOR_RUNTIME_RANGE_PROTOTYPE,MISSING_PERSON_CAMERA_K;MISSING_CAMERA_HEIGHT_ATTITUDE;MISSING_CAMERA_RADAR_R_T;MISSING_GROUND_PLANE;MISSING_RUNTIME_FOOTPOINT_INTERVAL,"[[-51.38870106398502, -37.058781100603625]]",14.329919963381393,THETA_X_FULL_RADIAL_FALLBACK,0.0,20.0,13,13,NOT_A_RANGE_CONTRACTION_RESULT_FALLBACK_ONLY,False,False
R01ZF,462,R01ZF_REUSED_R01ZF_PERSON100006,R01ZF_SARF000462__CAUSAL_REPLAY__R01ZF_REUSED_R01ZF_PERSON100006,FOOTPOINT_UNAVAILABLE,RANGE_UNAVAILABLE,,,,PERSON_C0_CALIBRATION_ASSET_RECOVERY_AUDIT,CALIBRATION_ASSETS_INSUFFICIENT_FOR_RUNTIME_RANGE_PROTOTYPE,MISSING_PERSON_CAMERA_K;MISSING_CAMERA_HEIGHT_ATTITUDE;MISSING_CAMERA_RADAR_R_T;MISSING_GROUND_PLANE;MISSING_RUNTIME_FOOTPOINT_INTERVAL,"[[-51.50007117951663, -38.80479263414025]]",12.695278545376382,THETA_X_FULL_RADIAL_FALLBACK,0.0,20.0,13,13,NOT_A_RANGE_CONTRACTION_RESULT_FALLBACK_ONLY,False,False
R01ZF,462,R01ZF_REUSED_R01ZF_PERSON100007,R01ZF_SARF000462__CAUSAL_REPLAY__R01ZF_REUSED_R01ZF_PERSON100007,FOOTPOINT_UNAVAILABLE,RANGE_UNAVAILABLE,,,,PERSON_C0_CALIBRATION_ASSET_RECOVERY_AUDIT,CALIBRATION_ASSETS_INSUFFICIENT_FOR_RUNTIME_RANGE_PROTOTYPE,MISSING_PERSON_CAMERA_K;MISSING_CAMERA_HEIGHT_ATTITUDE;MISSING_CAMERA_RADAR_R_T;MISSING_GROUND_PLANE;MISSING_RUNTIME_FOOTPOINT_INTERVAL,"[[-51.5016336032141, -38.236695377738336]]",13.264938225475767,THETA_X_FULL_RADIAL_FALLBACK,0.0,20.0,13,13,NOT_A_RANGE_CONTRACTION_RESULT_FALLBACK_ONLY,False,False
R01ZF,462,R01ZF_REUSED_R01ZF_PERSON100008,R01ZF_SARF000462__CAUSAL_REPLAY__R01ZF_REUSED_R01ZF_PERSON100008,FOOTPOINT_UNAVAILABLE,RANGE_UNAVAILABLE,,,,PERSON_C0_CALIBRATION_ASSET_RECOVERY_AUDIT,CALIBRATION_ASSETS_INSUFFICIENT_FOR_RUNTIME_RANGE_PROTOTYPE,MISSING_PERSON_CAMERA_K;MISSING_CAMERA_HEIGHT_ATTITUDE;MISSING_CAMERA_RADAR_R_T;MISSING_GROUND_PLANE;MISSING_RUNTIME_FOOTPOINT_INTERVAL,"[[48.012881505843154, 59.833559435023005]]",11.820677929179851,THETA_X_FULL_RADIAL_FALLBACK,0.0,20.0,9,9,NOT_A_RANGE_CONTRACTION_RESULT_FALLBACK_ONLY,False,False
R01ZF,463,R01ZF_REUSED_R01ZF_PERSON014,R01ZF_SARF000463__CAUSAL_REPLAY__R01ZF_REUSED_R01ZF_PERSON014,FOOTPOINT_UNAVAILABLE,RANGE_UNAVAILABLE,,,,PERSON_C0_CALIBRATION_ASSET_RECOVERY_AUDIT,CALIBRATION_ASSETS_INSUFFICIENT_FOR_RUNTIME_RANGE_PROTOTYPE,MISSING_PERSON_CAMERA_K;MISSING_CAMERA_HEIGHT_ATTITUDE;MISSING_CAMERA_RADAR_R_T;MISSING_GROUND_PLANE;MISSING_RUNTIME_FOOTPOINT_INTERVAL,"[[-51.38870106398502, -37.058781100603625]]",14.329919963381393,THETA_X_FULL_RADIAL_FALLBACK,0.0,20.0,0,0,NOT_A_RANGE_CONTRACTION_RESULT_FALLBACK_ONLY,False,False
R01ZF,463,R01ZF_REUSED_R01ZF_PERSON100006,R01ZF_SARF000463__CAUSAL_REPLAY__R01ZF_REUSED_R01ZF_PERSON100006,FOOTPOINT_UNAVAILABLE,RANGE_UNAVAILABLE,,,,PERSON_C0_CALIBRATION_ASSET_RECOVERY_AUDIT,CALIBRATION_ASSETS_INSUFFICIENT_FOR_RUNTIME_RANGE_PROTOTYPE,MISSING_PERSON_CAMERA_K;MISSING_CAMERA_HEIGHT_ATTITUDE;MISSING_CAMERA_RADAR_R_T;MISSING_GROUND_PLANE;MISSING_RUNTIME_FOOTPOINT_INTERVAL,"[[-51.50007117951663, -38.80479263414025]]",12.695278545376382,THETA_X_FULL_RADIAL_FALLBACK,0.0,20.0,0,0,NOT_A_RANGE_CONTRACTION_RESULT_FALLBACK_ONLY,False,False
R01ZF,463,R01ZF_REUSED_R01ZF_PERSON100007,R01ZF_SARF000463__CAUSAL_REPLAY__R01ZF_REUSED_R01ZF_PERSON100007,FOOTPOINT_UNAVAILABLE,RANGE_UNAVAILABLE,,,,PERSON_C0_CALIBRATION_ASSET_RECOVERY_AUDIT,CALIBRATION_ASSETS_INSUFFICIENT_FOR_RUNTIME_RANGE_PROTOTYPE,MISSING_PERSON_CAMERA_K;MISSING_CAMERA_HEIGHT_ATTITUDE;MISSING_CAMERA_RADAR_R_T;MISSING_GROUND_PLANE;MISSING_RUNTIME_FOOTPOINT_INTERVAL,"[[-51.5016336032141, -38.236695377738336]]",13.264938225475767,THETA_X_FULL_RADIAL_FALLBACK,0.0,20.0,0,0,NOT_A_RANGE_CONTRACTION_RESULT_FALLBACK_ONLY,False,False
R01ZF,463,R01ZF_REUSED_R01ZF_PERSON100008,R01ZF_SARF000463__CAUSAL_REPLAY__R01ZF_REUSED_R01ZF_PERSON100008,FOOTPOINT_UNAVAILABLE,RANGE_UNAVAILABLE,,,,PERSON_C0_CALIBRATION_ASSET_RECOVERY_AUDIT,CALIBRATION_ASSETS_INSUFFICIENT_FOR_RUNTIME_RANGE_PROTOTYPE,MISSING_PERSON_CAMERA_K;MISSING_CAMERA_HEIGHT_ATTITUDE;MISSING_CAMERA_RADAR_R_T;MISSING_GROUND_PLANE;MISSING_RUNTIME_FOOTPOINT_INTERVAL,"[[48.012881505843154, 59.833559435023005]]",11.820677929179851,THETA_X_FULL_RADIAL_FALLBACK,0.0,20.0,4,4,NOT_A_RANGE_CONTRACTION_RESULT_FALLBACK_ONLY,False,False
R01ZF,464,R01ZF_REUSED_R01ZF_PERSON014,R01ZF_SARF000464__CAUSAL_REPLAY__R01ZF_REUSED_R01ZF_PERSON014,FOOTPOINT_UNAVAILABLE,RANGE_UNAVAILABLE,,,,PERSON_C0_CALIBRATION_ASSET_RECOVERY_AUDIT,CALIBRATION_ASSETS_INSUFFICIENT_FOR_RUNTIME_RANGE_PROTOTYPE,MISSING_PERSON_CAMERA_K;MISSING_CAMERA_HEIGHT_ATTITUDE;MISSING_CAMERA_RADAR_R_T;MISSING_GROUND_PLANE;MISSING_RUNTIME_FOOTPOINT_INTERVAL,"[[-51.38870106398502, -36.48697817393449]]",14.901722890050529,THETA_X_FULL_RADIAL_FALLBACK,0.0,20.0,0,0,NOT_A_RANGE_CONTRACTION_RESULT_FALLBACK_ONLY,False,False
R01ZF,464,R01ZF_REUSED_R01ZF_PERSON100006,R01ZF_SARF000464__CAUSAL_REPLAY__R01ZF_REUSED_R01ZF_PERSON100006,FOOTPOINT_UNAVAILABLE,RANGE_UNAVAILABLE,,,,PERSON_C0_CALIBRATION_ASSET_RECOVERY_AUDIT,CALIBRATION_ASSETS_INSUFFICIENT_FOR_RUNTIME_RANGE_PROTOTYPE,MISSING_PERSON_CAMERA_K;MISSING_CAMERA_HEIGHT_ATTITUDE;MISSING_CAMERA_RADAR_R_T;MISSING_GROUND_PLANE;MISSING_RUNTIME_FOOTPOINT_INTERVAL,"[[-51.50007117951663, -38.80479263414025]]",12.695278545376382,THETA_X_FULL_RADIAL_FALLBACK,0.0,20.0,0,0,NOT_A_RANGE_CONTRACTION_RESULT_FALLBACK_ONLY,False,False
R01ZF,464,R01ZF_REUSED_R01ZF_PERSON100007,R01ZF_SARF000464__CAUSAL_REPLAY__R01ZF_REUSED_R01ZF_PERSON100007,FOOTPOINT_UNAVAILABLE,RANGE_UNAVAILABLE,,,,PERSON_C0_CALIBRATION_ASSET_RECOVERY_AUDIT,CALIBRATION_ASSETS_INSUFFICIENT_FOR_RUNTIME_RANGE_PROTOTYPE,MISSING_PERSON_CAMERA_K;MISSING_CAMERA_HEIGHT_ATTITUDE;MISSING_CAMERA_RADAR_R_T;MISSING_GROUND_PLANE;MISSING_RUNTIME_FOOTPOINT_INTERVAL,"[[-51.5016336032141, -38.236695377738336]]",13.264938225475767,THETA_X_FULL_RADIAL_FALLBACK,0.0,20.0,0,0,NOT_A_RANGE_CONTRACTION_RESULT_FALLBACK_ONLY,False,False
R01ZF,464,R01ZF_REUSED_R01ZF_PERSON100008,R01ZF_SARF000464__CAUSAL_REPLAY__R01ZF_REUSED_R01ZF_PERSON100008,FOOTPOINT_UNAVAILABLE,RANGE_UNAVAILABLE,,,,PERSON_C0_CALIBRATION_ASSET_RECOVERY_AUDIT,CALIBRATION_ASSETS_INSUFFICIENT_FOR_RUNTIME_RANGE_PROTOTYPE,MISSING_PERSON_CAMERA_K;MISSING_CAMERA_HEIGHT_ATTITUDE;MISSING_CAMERA_RADAR_R_T;MISSING_GROUND_PLANE;MISSING_RUNTIME_FOOTPOINT_INTERVAL,"[[48.012881505843154, 59.833559435023005]]",11.820677929179851,THETA_X_FULL_RADIAL_FALLBACK,0.0,20.0,2,2,NOT_A_RANGE_CONTRACTION_RESULT_FALLBACK_ONLY,False,False
R01ZF,465,R01ZF_REUSED_R01ZF_PERSON014,R01ZF_SARF000465__CAUSAL_REPLAY__R01ZF_REUSED_R01ZF_PERSON014,FOOTPOINT_UNAVAILABLE,RANGE_UNAVAILABLE,,,,PERSON_C0_CALIBRATION_ASSET_RECOVERY_AUDIT,CALIBRATION_ASSETS_INSUFFICIENT_FOR_RUNTIME_RANGE_PROTOTYPE,MISSING_PERSON_CAMERA_K;MISSING_CAMERA_HEIGHT_ATTITUDE;MISSING_CAMERA_RADAR_R_T;MISSING_GROUND_PLANE;MISSING_RUNTIME_FOOTPOINT_INTERVAL,"[[-51.38870106398502, -35.88219691801641]]",15.506504145968606,THETA_X_FULL_RADIAL_FALLBACK,0.0,20.0,2,2,NOT_A_RANGE_CONTRACTION_RESULT_FALLBACK_ONLY,False,False
R01ZF,465,R01ZF_REUSED_R01ZF_PERSON100007,R01ZF_SARF000465__CAUSAL_REPLAY__R01ZF_REUSED_R01ZF_PERSON100007,FOOTPOINT_UNAVAILABLE,RANGE_UNAVAILABLE,,,,PERSON_C0_CALIBRATION_ASSET_RECOVERY_AUDIT,CALIBRATION_ASSETS_INSUFFICIENT_FOR_RUNTIME_RANGE_PROTOTYPE,MISSING_PERSON_CAMERA_K;MISSING_CAMERA_HEIGHT_ATTITUDE;MISSING_CAMERA_RADAR_R_T;MISSING_GROUND_PLANE;MISSING_RUNTIME_FOOTPOINT_INTERVAL,"[[-51.5016336032141, -38.236695377738336]]",13.264938225475767,THETA_X_FULL_RADIAL_FALLBACK,0.0,20.0,1,1,NOT_A_RANGE_CONTRACTION_RESULT_FALLBACK_ONLY,False,False
R01ZF,465,R01ZF_REUSED_R01ZF_PERSON100008,R01ZF_SARF000465__CAUSAL_REPLAY__R01ZF_REUSED_R01ZF_PERSON100008,FOOTPOINT_UNAVAILABLE,RANGE_UNAVAILABLE,,,,PERSON_C0_CALIBRATION_ASSET_RECOVERY_AUDIT,CALIBRATION_ASSETS_INSUFFICIENT_FOR_RUNTIME_RANGE_PROTOTYPE,MISSING_PERSON_CAMERA_K;MISSING_CAMERA_HEIGHT_ATTITUDE;MISSING_CAMERA_RADAR_R_T;MISSING_GROUND_PLANE;MISSING_RUNTIME_FOOTPOINT_INTERVAL,"[[48.012881505843154, 59.833559435023005]]",11.820677929179851,THETA_X_FULL_RADIAL_FALLBACK,0.0,20.0,5,5,NOT_A_RANGE_CONTRACTION_RESULT_FALLBACK_ONLY,False,False
R01ZF,466,R01ZF_REUSED_R01ZF_PERSON014,R01ZF_SARF000466__CAUSAL_REPLAY__R01ZF_REUSED_R01ZF_PERSON014,FOOTPOINT_UNAVAILABLE,RANGE_UNAVAILABLE,,,,PERSON_C0_CALIBRATION_ASSET_RECOVERY_AUDIT,CALIBRATION_ASSETS_INSUFFICIENT_FOR_RUNTIME_RANGE_PROTOTYPE,MISSING_PERSON_CAMERA_K;MISSING_CAMERA_HEIGHT_ATTITUDE;MISSING_CAMERA_RADAR_R_T;MISSING_GROUND_PLANE;MISSING_RUNTIME_FOOTPOINT_INTERVAL,"[[-51.38870106398502, -35.88219691801641]]",15.506504145968606,THETA_X_FULL_RADIAL_FALLBACK,0.0,20.0,0,0,NOT_A_RANGE_CONTRACTION_RESULT_FALLBACK_ONLY,False,False
R01ZF,467,R01ZF_REUSED_R01ZF_PERSON014,R01ZF_SARF000467__CAUSAL_REPLAY__R01ZF_REUSED_R01ZF_PERSON014,FOOTPOINT_UNAVAILABLE,RANGE_UNAVAILABLE,,,,PERSON_C0_CALIBRATION_ASSET_RECOVERY_AUDIT,CALIBRATION_ASSETS_INSUFFICIENT_FOR_RUNTIME_RANGE_PROTOTYPE,MISSING_PERSON_CAMERA_K;MISSING_CAMERA_HEIGHT_ATTITUDE;MISSING_CAMERA_RADAR_R_T;MISSING_GROUND_PLANE;MISSING_RUNTIME_FOOTPOINT_INTERVAL,"[[-51.38870106398502, -35.29334465307011]]",16.09535641091491,THETA_X_FULL_RADIAL_FALLBACK,0.0,20.0,2,2,NOT_A_RANGE_CONTRACTION_RESULT_FALLBACK_ONLY,False,False
R01ZF,468,R01ZF_REUSED_R01ZF_PERSON014,R01ZF_SARF000468__CAUSAL_REPLAY__R01ZF_REUSED_R01ZF_PERSON014,FOOTPOINT_UNAVAILABLE,RANGE_UNAVAILABLE,,,,PERSON_C0_CALIBRATION_ASSET_RECOVERY_AUDIT,CALIBRATION_ASSETS_INSUFFICIENT_FOR_RUNTIME_RANGE_PROTOTYPE,MISSING_PERSON_CAMERA_K;MISSING_CAMERA_HEIGHT_ATTITUDE;MISSING_CAMERA_RADAR_R_T;MISSING_GROUND_PLANE;MISSING_RUNTIME_FOOTPOINT_INTERVAL,"[[-51.29403986705664, -35.29334465307011]]",16.000695213986532,THETA_X_FULL_RADIAL_FALLBACK,0.0,20.0,1,1,NOT_A_RANGE_CONTRACTION_RESULT_FALLBACK_ONLY,False,False
R01ZF,469,R01ZF_REUSED_R01ZF_PERSON014,R01ZF_SARF000469__CAUSAL_REPLAY__R01ZF_REUSED_R01ZF_PERSON014,FOOTPOINT_UNAVAILABLE,RANGE_UNAVAILABLE,,,,PERSON_C0_CALIBRATION_ASSET_RECOVERY_AUDIT,CALIBRATION_ASSETS_INSUFFICIENT_FOR_RUNTIME_RANGE_PROTOTYPE,MISSING_PERSON_CAMERA_K;MISSING_CAMERA_HEIGHT_ATTITUDE;MISSING_CAMERA_RADAR_R_T;MISSING_GROUND_PLANE;MISSING_RUNTIME_FOOTPOINT_INTERVAL,"[[-51.29403986705664, -34.70464212039549]]",16.58939774666115,THETA_X_FULL_RADIAL_FALLBACK,0.0,20.0,2,2,NOT_A_RANGE_CONTRACTION_RESULT_FALLBACK_ONLY,False,False
R01ZF,470,R01ZF_REUSED_R01ZF_PERSON014,R01ZF_SARF000470__CAUSAL_REPLAY__R01ZF_REUSED_R01ZF_PERSON014,FOOTPOINT_UNAVAILABLE,RANGE_UNAVAILABLE,,,,PERSON_C0_CALIBRATION_ASSET_RECOVERY_AUDIT,CALIBRATION_ASSETS_INSUFFICIENT_FOR_RUNTIME_RANGE_PROTOTYPE,MISSING_PERSON_CAMERA_K;MISSING_CAMERA_HEIGHT_ATTITUDE;MISSING_CAMERA_RADAR_R_T;MISSING_GROUND_PLANE;MISSING_RUNTIME_FOOTPOINT_INTERVAL,"[[-51.29403986705664, -34.11550666615636]]",17.178533200900283,THETA_X_FULL_RADIAL_FALLBACK,0.0,20.0,0,0,NOT_A_RANGE_CONTRACTION_RESULT_FALLBACK_ONLY,False,False
R01ZF,471,R01ZF_REUSED_R01ZF_PERSON014,R01ZF_SARF000471__CAUSAL_REPLAY__R01ZF_REUSED_R01ZF_PERSON014,FOOTPOINT_UNAVAILABLE,RANGE_UNAVAILABLE,,,,PERSON_C0_CALIBRATION_ASSET_RECOVERY_AUDIT,CALIBRATION_ASSETS_INSUFFICIENT_FOR_RUNTIME_RANGE_PROTOTYPE,MISSING_PERSON_CAMERA_K;MISSING_CAMERA_HEIGHT_ATTITUDE;MISSING_CAMERA_RADAR_R_T;MISSING_GROUND_PLANE;MISSING_RUNTIME_FOOTPOINT_INTERVAL,"[[-51.05843065844415, -34.11550666615636]]",16.942923992287795,THETA_X_FULL_RADIAL_FALLBACK,0.0,20.0,2,2,NOT_A_RANGE_CONTRACTION_RESULT_FALLBACK_ONLY,False,False
R01ZF,472,R01ZF_REUSED_R01ZF_PERSON014,R01ZF_SARF000472__CAUSAL_REPLAY__R01ZF_REUSED_R01ZF_PERSON014,FOOTPOINT_UNAVAILABLE,RANGE_UNAVAILABLE,,,,PERSON_C0_CALIBRATION_ASSET_RECOVERY_AUDIT,CALIBRATION_ASSETS_INSUFFICIENT_FOR_RUNTIME_RANGE_PROTOTYPE,MISSING_PERSON_CAMERA_K;MISSING_CAMERA_HEIGHT_ATTITUDE;MISSING_CAMERA_RADAR_R_T;MISSING_GROUND_PLANE;MISSING_RUNTIME_FOOTPOINT_INTERVAL,"[[-51.05843065844415, -33.56125354160374]]",17.49717711684041,THETA_X_FULL_RADIAL_FALLBACK,0.0,20.0,5,5,NOT_A_RANGE_CONTRACTION_RESULT_FALLBACK_ONLY,False,False
R01ZF,473,R01ZF_REUSED_R01ZF_PERSON014,R01ZF_SARF000473__CAUSAL_REPLAY__R01ZF_REUSED_R01ZF_PERSON014,FOOTPOINT_UNAVAILABLE,RANGE_UNAVAILABLE,,,,PERSON_C0_CALIBRATION_ASSET_RECOVERY_AUDIT,CALIBRATION_ASSETS_INSUFFICIENT_FOR_RUNTIME_RANGE_PROTOTYPE,MISSING_PERSON_CAMERA_K;MISSING_CAMERA_HEIGHT_ATTITUDE;MISSING_CAMERA_RADAR_R_T;MISSING_GROUND_PLANE;MISSING_RUNTIME_FOOTPOINT_INTERVAL,"[[-50.61677538792931, -33.56125354160374]]",17.05552184632557,THETA_X_FULL_RADIAL_FALLBACK,0.0,20.0,4,4,NOT_A_RANGE_CONTRACTION_RESULT_FALLBACK_ONLY,False,False
R01ZF,474,R01ZF_REUSED_R01ZF_PERSON014,R01ZF_SARF000474__CAUSAL_REPLAY__R01ZF_REUSED_R01ZF_PERSON014,FOOTPOINT_UNAVAILABLE,RANGE_UNAVAILABLE,,,,PERSON_C0_CALIBRATION_ASSET_RECOVERY_AUDIT,CALIBRATION_ASSETS_INSUFFICIENT_FOR_RUNTIME_RANGE_PROTOTYPE,MISSING_PERSON_CAMERA_K;MISSING_CAMERA_HEIGHT_ATTITUDE;MISSING_CAMERA_RADAR_R_T;MISSING_GROUND_PLANE;MISSING_RUNTIME_FOOTPOINT_INTERVAL,"[[-50.61677538792931, -32.96079092243671]]",17.6559844654926,THETA_X_FULL_RADIAL_FALLBACK,0.0,20.0,1,1,NOT_A_RANGE_CONTRACTION_RESULT_FALLBACK_ONLY,False,False
R01ZF,475,R01ZF_REUSED_R01ZF_PERSON014,R01ZF_SARF000475__CAUSAL_REPLAY__R01ZF_REUSED_R01ZF_PERSON014,FOOTPOINT_UNAVAILABLE,RANGE_UNAVAILABLE,,,,PERSON_C0_CALIBRATION_ASSET_RECOVERY_AUDIT,CALIBRATION_ASSETS_INSUFFICIENT_FOR_RUNTIME_RANGE_PROTOTYPE,MISSING_PERSON_CAMERA_K;MISSING_CAMERA_HEIGHT_ATTITUDE;MISSING_CAMERA_RADAR_R_T;MISSING_GROUND_PLANE;MISSING_RUNTIME_FOOTPOINT_INTERVAL,"[[-50.08415949202098, -32.36208399552602]]",17.72207549649496,THETA_X_FULL_RADIAL_FALLBACK,0.0,20.0,6,6,NOT_A_RANGE_CONTRACTION_RESULT_FALLBACK_ONLY,False,False
R01ZF,476,R01ZF_REUSED_R01ZF_PERSON014,R01ZF_SARF000476__CAUSAL_REPLAY__R01ZF_REUSED_R01ZF_PERSON014,FOOTPOINT_UNAVAILABLE,RANGE_UNAVAILABLE,,,,PERSON_C0_CALIBRATION_ASSET_RECOVERY_AUDIT,CALIBRATION_ASSETS_INSUFFICIENT_FOR_RUNTIME_RANGE_PROTOTYPE,MISSING_PERSON_CAMERA_K;MISSING_CAMERA_HEIGHT_ATTITUDE;MISSING_CAMERA_RADAR_R_T;MISSING_GROUND_PLANE;MISSING_RUNTIME_FOOTPOINT_INTERVAL,"[[-49.472887057338106, -32.36208399552602]]",17.110803061812085,THETA_X_FULL_RADIAL_FALLBACK,0.0,20.0,4,4,NOT_A_RANGE_CONTRACTION_RESULT_FALLBACK_ONLY,False,False
R01ZF,477,R01ZF_REUSED_R01ZF_PERSON014,R01ZF_SARF000477__CAUSAL_REPLAY__R01ZF_REUSED_R01ZF_PERSON014,FOOTPOINT_UNAVAILABLE,RANGE_UNAVAILABLE,,,,PERSON_C0_CALIBRATION_ASSET_RECOVERY_AUDIT,CALIBRATION_ASSETS_INSUFFICIENT_FOR_RUNTIME_RANGE_PROTOTYPE,MISSING_PERSON_CAMERA_K;MISSING_CAMERA_HEIGHT_ATTITUDE;MISSING_CAMERA_RADAR_R_T;MISSING_GROUND_PLANE;MISSING_RUNTIME_FOOTPOINT_INTERVAL,"[[-49.472887057338106, -31.787361899894762]]",17.685525157443344,THETA_X_FULL_RADIAL_FALLBACK,0.0,20.0,4,4,NOT_A_RANGE_CONTRACTION_RESULT_FALLBACK_ONLY,False,False
R01ZF,478,R01ZF_REUSED_R01ZF_PERSON014,R01ZF_SARF000478__CAUSAL_REPLAY__R01ZF_REUSED_R01ZF_PERSON014,FOOTPOINT_UNAVAILABLE,RANGE_UNAVAILABLE,,,,PERSON_C0_CALIBRATION_ASSET_RECOVERY_AUDIT,CALIBRATION_ASSETS_INSUFFICIENT_FOR_RUNTIME_RANGE_PROTOTYPE,MISSING_PERSON_CAMERA_K;MISSING_CAMERA_HEIGHT_ATTITUDE;MISSING_CAMERA_RADAR_R_T;MISSING_GROUND_PLANE;MISSING_RUNTIME_FOOTPOINT_INTERVAL,"[[-48.88389685967456, -31.787361899894762]]",17.096534959779795,THETA_X_FULL_RADIAL_FALLBACK,0.0,20.0,11,11,NOT_A_RANGE_CONTRACTION_RESULT_FALLBACK_ONLY,False,False
R01ZF,479,R01ZF_REUSED_R01ZF_PERSON014,R01ZF_SARF000479__CAUSAL_REPLAY__R01ZF_REUSED_R01ZF_PERSON014,FOOTPOINT_UNAVAILABLE,RANGE_UNAVAILABLE,,,,PERSON_C0_CALIBRATION_ASSET_RECOVERY_AUDIT,CALIBRATION_ASSETS_INSUFFICIENT_FOR_RUNTIME_RANGE_PROTOTYPE,MISSING_PERSON_CAMERA_K;MISSING_CAMERA_HEIGHT_ATTITUDE;MISSING_CAMERA_RADAR_R_T;MISSING_GROUND_PLANE;MISSING_RUNTIME_FOOTPOINT_INTERVAL,"[[-48.88389685967456, -31.19089363318487]]",17.693003226489687,THETA_X_FULL_RADIAL_FALLBACK,0.0,20.0,7,7,NOT_A_RANGE_CONTRACTION_RESULT_FALLBACK_ONLY,False,False
R01ZF,480,R01ZF_REUSED_R01ZF_PERSON014,R01ZF_SARF000480__CAUSAL_REPLAY__R01ZF_REUSED_R01ZF_PERSON014,FOOTPOINT_UNAVAILABLE,RANGE_UNAVAILABLE,,,,PERSON_C0_CALIBRATION_ASSET_RECOVERY_AUDIT,CALIBRATION_ASSETS_INSUFFICIENT_FOR_RUNTIME_RANGE_PROTOTYPE,MISSING_PERSON_CAMERA_K;MISSING_CAMERA_HEIGHT_ATTITUDE;MISSING_CAMERA_RADAR_R_T;MISSING_GROUND_PLANE;MISSING_RUNTIME_FOOTPOINT_INTERVAL,"[[-48.26450368713605, -30.589175785606173]]",17.675327901529876,THETA_X_FULL_RADIAL_FALLBACK,0.0,20.0,1,1,NOT_A_RANGE_CONTRACTION_RESULT_FALLBACK_ONLY,False,False
R01ZF,481,R01ZF_REUSED_R01ZF_PERSON014,R01ZF_SARF000481__CAUSAL_REPLAY__R01ZF_REUSED_R01ZF_PERSON014,FOOTPOINT_UNAVAILABLE,RANGE_UNAVAILABLE,,,,PERSON_C0_CALIBRATION_ASSET_RECOVERY_AUDIT,CALIBRATION_ASSETS_INSUFFICIENT_FOR_RUNTIME_RANGE_PROTOTYPE,MISSING_PERSON_CAMERA_K;MISSING_CAMERA_HEIGHT_ATTITUDE;MISSING_CAMERA_RADAR_R_T;MISSING_GROUND_PLANE;MISSING_RUNTIME_FOOTPOINT_INTERVAL,"[[-47.65332056287028, -30.589175785606173]]",17.064144777264104,THETA_X_FULL_RADIAL_FALLBACK,0.0,20.0,1,1,NOT_A_RANGE_CONTRACTION_RESULT_FALLBACK_ONLY,False,False
R01ZF,482,R01ZF_REUSED_R01ZF_PERSON014,R01ZF_SARF000482__CAUSAL_REPLAY__R01ZF_REUSED_R01ZF_PERSON014,FOOTPOINT_UNAVAILABLE,RANGE_UNAVAILABLE,,,,PERSON_C0_CALIBRATION_ASSET_RECOVERY_AUDIT,CALIBRATION_ASSETS_INSUFFICIENT_FOR_RUNTIME_RANGE_PROTOTYPE,MISSING_PERSON_CAMERA_K;MISSING_CAMERA_HEIGHT_ATTITUDE;MISSING_CAMERA_RADAR_R_T;MISSING_GROUND_PLANE;MISSING_RUNTIME_FOOTPOINT_INTERVAL,"[[-47.65332056287028, -30.028577349189213]]",17.624743213681064,THETA_X_FULL_RADIAL_FALLBACK,0.0,20.0,1,1,NOT_A_RANGE_CONTRACTION_RESULT_FALLBACK_ONLY,False,False
R01ZF,483,R01ZF_REUSED_R01ZF_PERSON014,R01ZF_SARF000483__CAUSAL_REPLAY__R01ZF_REUSED_R01ZF_PERSON014,FOOTPOINT_UNAVAILABLE,RANGE_UNAVAILABLE,,,,PERSON_C0_CALIBRATION_ASSET_RECOVERY_AUDIT,CALIBRATION_ASSETS_INSUFFICIENT_FOR_RUNTIME_RANGE_PROTOTYPE,MISSING_PERSON_CAMERA_K;MISSING_CAMERA_HEIGHT_ATTITUDE;MISSING_CAMERA_RADAR_R_T;MISSING_GROUND_PLANE;MISSING_RUNTIME_FOOTPOINT_INTERVAL,"[[-47.06407972640693, -30.028577349189213]]",17.035502377217718,THETA_X_FULL_RADIAL_FALLBACK,0.0,20.0,2,2,NOT_A_RANGE_CONTRACTION_RESULT_FALLBACK_ONLY,False,False
R01ZF,484,R01ZF_REUSED_R01ZF_PERSON014,R01ZF_SARF000484__CAUSAL_REPLAY__R01ZF_REUSED_R01ZF_PERSON014,FOOTPOINT_UNAVAILABLE,RANGE_UNAVAILABLE,,,,PERSON_C0_CALIBRATION_ASSET_RECOVERY_AUDIT,CALIBRATION_ASSETS_INSUFFICIENT_FOR_RUNTIME_RANGE_PROTOTYPE,MISSING_PERSON_CAMERA_K;MISSING_CAMERA_HEIGHT_ATTITUDE;MISSING_CAMERA_RADAR_R_T;MISSING_GROUND_PLANE;MISSING_RUNTIME_FOOTPOINT_INTERVAL,"[[-47.06407972640693, -29.488302627275317]]",17.575777099131614,THETA_X_FULL_RADIAL_FALLBACK,0.0,20.0,1,1,NOT_A_RANGE_CONTRACTION_RESULT_FALLBACK_ONLY,False,False
R01ZF,485,R01ZF_REUSED_R01ZF_PERSON014,R01ZF_SARF000485__CAUSAL_REPLAY__R01ZF_REUSED_R01ZF_PERSON014,FOOTPOINT_UNAVAILABLE,RANGE_UNAVAILABLE,,,,PERSON_C0_CALIBRATION_ASSET_RECOVERY_AUDIT,CALIBRATION_ASSETS_INSUFFICIENT_FOR_RUNTIME_RANGE_PROTOTYPE,MISSING_PERSON_CAMERA_K;MISSING_CAMERA_HEIGHT_ATTITUDE;MISSING_CAMERA_RADAR_R_T;MISSING_GROUND_PLANE;MISSING_RUNTIME_FOOTPOINT_INTERVAL,"[[-46.479808129687115, -28.8879103985507]]",17.591897731136413,THETA_X_FULL_RADIAL_FALLBACK,0.0,20.0,0,0,NOT_A_RANGE_CONTRACTION_RESULT_FALLBACK_ONLY,False,False
R01ZF,486,R01ZF_REUSED_R01ZF_PERSON014,R01ZF_SARF000486__CAUSAL_REPLAY__R01ZF_REUSED_R01ZF_PERSON014,FOOTPOINT_UNAVAILABLE,RANGE_UNAVAILABLE,,,,PERSON_C0_CALIBRATION_ASSET_RECOVERY_AUDIT,CALIBRATION_ASSETS_INSUFFICIENT_FOR_RUNTIME_RANGE_PROTOTYPE,MISSING_PERSON_CAMERA_K;MISSING_CAMERA_HEIGHT_ATTITUDE;MISSING_CAMERA_RADAR_R_T;MISSING_GROUND_PLANE;MISSING_RUNTIME_FOOTPOINT_INTERVAL,"[[-45.918441094736096, -28.8879103985507]]",17.030530696185394,THETA_X_FULL_RADIAL_FALLBACK,0.0,20.0,0,0,NOT_A_RANGE_CONTRACTION_RESULT_FALLBACK_ONLY,False,False
R01ZF,487,R01ZF_REUSED_R01ZF_PERSON014,R01ZF_SARF000487__CAUSAL_REPLAY__R01ZF_REUSED_R01ZF_PERSON014,FOOTPOINT_UNAVAILABLE,RANGE_UNAVAILABLE,,,,PERSON_C0_CALIBRATION_ASSET_RECOVERY_AUDIT,CALIBRATION_ASSETS_INSUFFICIENT_FOR_RUNTIME_RANGE_PROTOTYPE,MISSING_PERSON_CAMERA_K;MISSING_CAMERA_HEIGHT_ATTITUDE;MISSING_CAMERA_RADAR_R_T;MISSING_GROUND_PLANE;MISSING_RUNTIME_FOOTPOINT_INTERVAL,"[[-45.918441094736096, -28.351359453115784]]",17.567081641620312,THETA_X_FULL_RADIAL_FALLBACK,0.0,20.0,0,0,NOT_A_RANGE_CONTRACTION_RESULT_FALLBACK_ONLY,False,False
R01ZF,488,R01ZF_REUSED_R01ZF_PERSON014,R01ZF_SARF000488__CAUSAL_REPLAY__R01ZF_REUSED_R01ZF_PERSON014,FOOTPOINT_UNAVAILABLE,RANGE_UNAVAILABLE,,,,PERSON_C0_CALIBRATION_ASSET_RECOVERY_AUDIT,CALIBRATION_ASSETS_INSUFFICIENT_FOR_RUNTIME_RANGE_PROTOTYPE,MISSING_PERSON_CAMERA_K;MISSING_CAMERA_HEIGHT_ATTITUDE;MISSING_CAMERA_RADAR_R_T;MISSING_GROUND_PLANE;MISSING_RUNTIME_FOOTPOINT_INTERVAL,"[[-45.34616028613281, -28.351359453115784]]",16.994800833017024,THETA_X_FULL_RADIAL_FALLBACK,0.0,20.0,0,0,NOT_A_RANGE_CONTRACTION_RESULT_FALLBACK_ONLY,False,False
R01ZF,489,R01ZF_REUSED_R01ZF_PERSON014,R01ZF_SARF000489__CAUSAL_REPLAY__R01ZF_REUSED_R01ZF_PERSON014,FOOTPOINT_UNAVAILABLE,RANGE_UNAVAILABLE,,,,PERSON_C0_CALIBRATION_ASSET_RECOVERY_AUDIT,CALIBRATION_ASSETS_INSUFFICIENT_FOR_RUNTIME_RANGE_PROTOTYPE,MISSING_PERSON_CAMERA_K;MISSING_CAMERA_HEIGHT_ATTITUDE;MISSING_CAMERA_RADAR_R_T;MISSING_GROUND_PLANE;MISSING_RUNTIME_FOOTPOINT_INTERVAL,"[[-45.34616028613281, -27.808807010404664]]",17.537353275728144,THETA_X_FULL_RADIAL_FALLBACK,0.0,20.0,2,2,NOT_A_RANGE_CONTRACTION_RESULT_FALLBACK_ONLY,False,False
R01ZF,490,R01ZF_REUSED_R01ZF_PERSON014,R01ZF_SARF000490__CAUSAL_REPLAY__R01ZF_REUSED_R01ZF_PERSON014,FOOTPOINT_UNAVAILABLE,RANGE_UNAVAILABLE,,,,PERSON_C0_CALIBRATION_ASSET_RECOVERY_AUDIT,CALIBRATION_ASSETS_INSUFFICIENT_FOR_RUNTIME_RANGE_PROTOTYPE,MISSING_PERSON_CAMERA_K;MISSING_CAMERA_HEIGHT_ATTITUDE;MISSING_CAMERA_RADAR_R_T;MISSING_GROUND_PLANE;MISSING_RUNTIME_FOOTPOINT_INTERVAL,"[[-44.790349620457604, -27.306062193962937]]",17.484287426494667,THETA_X_FULL_RADIAL_FALLBACK,0.0,20.0,1,1,NOT_A_RANGE_CONTRACTION_RESULT_FALLBACK_ONLY,False,False
R01ZF,491,R01ZF_REUSED_R01ZF_PERSON014,R01ZF_SARF000491__CAUSAL_REPLAY__R01ZF_REUSED_R01ZF_PERSON014,FOOTPOINT_UNAVAILABLE,RANGE_UNAVAILABLE,,,,PERSON_C0_CALIBRATION_ASSET_RECOVERY_AUDIT,CALIBRATION_ASSETS_INSUFFICIENT_FOR_RUNTIME_RANGE_PROTOTYPE,MISSING_PERSON_CAMERA_K;MISSING_CAMERA_HEIGHT_ATTITUDE;MISSING_CAMERA_RADAR_R_T;MISSING_GROUND_PLANE;MISSING_RUNTIME_FOOTPOINT_INTERVAL,"[[-44.212161304129374, -27.306062193962937]]",16.906099110166437,THETA_X_FULL_RADIAL_FALLBACK,0.0,20.0,0,0,NOT_A_RANGE_CONTRACTION_RESULT_FALLBACK_ONLY,False,False
R01ZF,492,R01ZF_REUSED_R01ZF_PERSON014,R01ZF_SARF000492__CAUSAL_REPLAY__R01ZF_REUSED_R01ZF_PERSON014,FOOTPOINT_UNAVAILABLE,RANGE_UNAVAILABLE,,,,PERSON_C0_CALIBRATION_ASSET_RECOVERY_AUDIT,CALIBRATION_ASSETS_INSUFFICIENT_FOR_RUNTIME_RANGE_PROTOTYPE,MISSING_PERSON_CAMERA_K;MISSING_CAMERA_HEIGHT_ATTITUDE;MISSING_CAMERA_RADAR_R_T;MISSING_GROUND_PLANE;MISSING_RUNTIME_FOOTPOINT_INTERVAL,"[[-44.212161304129374, -26.736173032881148]]",17.475988271248227,THETA_X_FULL_RADIAL_FALLBACK,0.0,20.0,1,1,NOT_A_RANGE_CONTRACTION_RESULT_FALLBACK_ONLY,False,False
R01ZF,493,R01ZF_REUSED_R01ZF_PERSON014,R01ZF_SARF000493__CAUSAL_REPLAY__R01ZF_REUSED_R01ZF_PERSON014,FOOTPOINT_UNAVAILABLE,RANGE_UNAVAILABLE,,,,PERSON_C0_CALIBRATION_ASSET_RECOVERY_AUDIT,CALIBRATION_ASSETS_INSUFFICIENT_FOR_RUNTIME_RANGE_PROTOTYPE,MISSING_PERSON_CAMERA_K;MISSING_CAMERA_HEIGHT_ATTITUDE;MISSING_CAMERA_RADAR_R_T;MISSING_GROUND_PLANE;MISSING_RUNTIME_FOOTPOINT_INTERVAL,"[[-43.638719256663016, -26.736173032881148]]",16.90254622378187,THETA_X_FULL_RADIAL_FALLBACK,0.0,20.0,2,2,NOT_A_RANGE_CONTRACTION_RESULT_FALLBACK_ONLY,False,False
R01ZF,494,R01ZF_REUSED_R01ZF_PERSON014,R01ZF_SARF000494__CAUSAL_REPLAY__R01ZF_REUSED_R01ZF_PERSON014,FOOTPOINT_UNAVAILABLE,RANGE_UNAVAILABLE,,,,PERSON_C0_CALIBRATION_ASSET_RECOVERY_AUDIT,CALIBRATION_ASSETS_INSUFFICIENT_FOR_RUNTIME_RANGE_PROTOTYPE,MISSING_PERSON_CAMERA_K;MISSING_CAMERA_HEIGHT_ATTITUDE;MISSING_CAMERA_RADAR_R_T;MISSING_GROUND_PLANE;MISSING_RUNTIME_FOOTPOINT_INTERVAL,"[[-43.638719256663016, -26.189070844916053]]",17.449648411746963,THETA_X_FULL_RADIAL_FALLBACK,0.0,20.0,5,5,NOT_A_RANGE_CONTRACTION_RESULT_FALLBACK_ONLY,False,False
R02ZF,94,R02ZF_REUSED_R02ZF_PERSON100001,R02ZF_SARF000094__CAUSAL_REPLAY__R02ZF_REUSED_R02ZF_PERSON100001,FOOTPOINT_UNAVAILABLE,RANGE_UNAVAILABLE,,,,PERSON_C0_CALIBRATION_ASSET_RECOVERY_AUDIT,CALIBRATION_ASSETS_INSUFFICIENT_FOR_RUNTIME_RANGE_PROTOTYPE,MISSING_PERSON_CAMERA_K;MISSING_CAMERA_HEIGHT_ATTITUDE;MISSING_CAMERA_RADAR_R_T;MISSING_GROUND_PLANE;MISSING_RUNTIME_FOOTPOINT_INTERVAL,"[[-24.82356145356782, -11.643619077234693]]",13.179942376333127,THETA_X_FULL_RADIAL_FALLBACK,0.0,20.0,7,7,NOT_A_RANGE_CONTRACTION_RESULT_FALLBACK_ONLY,False,False
R02ZF,95,R02ZF_REUSED_R02ZF_PERSON100001,R02ZF_SARF000095__CAUSAL_REPLAY__R02ZF_REUSED_R02ZF_PERSON100001,FOOTPOINT_UNAVAILABLE,RANGE_UNAVAILABLE,,,,PERSON_C0_CALIBRATION_ASSET_RECOVERY_AUDIT,CALIBRATION_ASSETS_INSUFFICIENT_FOR_RUNTIME_RANGE_PROTOTYPE,MISSING_PERSON_CAMERA_K;MISSING_CAMERA_HEIGHT_ATTITUDE;MISSING_CAMERA_RADAR_R_T;MISSING_GROUND_PLANE;MISSING_RUNTIME_FOOTPOINT_INTERVAL,"[[-24.82356145356782, -11.643619077234693]]",13.179942376333127,THETA_X_FULL_RADIAL_FALLBACK,0.0,20.0,6,6,NOT_A_RANGE_CONTRACTION_RESULT_FALLBACK_ONLY,False,False
R02ZF,96,R02ZF_REUSED_R02ZF_PERSON100001,R02ZF_SARF000096__CAUSAL_REPLAY__R02ZF_REUSED_R02ZF_PERSON100001,FOOTPOINT_UNAVAILABLE,RANGE_UNAVAILABLE,,,,PERSON_C0_CALIBRATION_ASSET_RECOVERY_AUDIT,CALIBRATION_ASSETS_INSUFFICIENT_FOR_RUNTIME_RANGE_PROTOTYPE,MISSING_PERSON_CAMERA_K;MISSING_CAMERA_HEIGHT_ATTITUDE;MISSING_CAMERA_RADAR_R_T;MISSING_GROUND_PLANE;MISSING_RUNTIME_FOOTPOINT_INTERVAL,"[[-24.82356145356782, -11.643619077234693]]",13.179942376333127,THETA_X_FULL_RADIAL_FALLBACK,0.0,20.0,12,12,NOT_A_RANGE_CONTRACTION_RESULT_FALLBACK_ONLY,False,False
R02ZF,97,R02ZF_REUSED_R02ZF_PERSON100001,R02ZF_SARF000097__CAUSAL_REPLAY__R02ZF_REUSED_R02ZF_PERSON100001,FOOTPOINT_UNAVAILABLE,RANGE_UNAVAILABLE,,,,PERSON_C0_CALIBRATION_ASSET_RECOVERY_AUDIT,CALIBRATION_ASSETS_INSUFFICIENT_FOR_RUNTIME_RANGE_PROTOTYPE,MISSING_PERSON_CAMERA_K;MISSING_CAMERA_HEIGHT_ATTITUDE;MISSING_CAMERA_RADAR_R_T;MISSING_GROUND_PLANE;MISSING_RUNTIME_FOOTPOINT_INTERVAL,"[[-24.82356145356782, -11.643619077234693]]",13.179942376333127,THETA_X_FULL_RADIAL_FALLBACK,0.0,20.0,6,6,NOT_A_RANGE_CONTRACTION_RESULT_FALLBACK_ONLY,False,False
R02ZF,98,R02ZF_REUSED_R02ZF_PERSON100001,R02ZF_SARF000098__CAUSAL_REPLAY__R02ZF_REUSED_R02ZF_PERSON100001,FOOTPOINT_UNAVAILABLE,RANGE_UNAVAILABLE,,,,PERSON_C0_CALIBRATION_ASSET_RECOVERY_AUDIT,CALIBRATION_ASSETS_INSUFFICIENT_FOR_RUNTIME_RANGE_PROTOTYPE,MISSING_PERSON_CAMERA_K;MISSING_CAMERA_HEIGHT_ATTITUDE;MISSING_CAMERA_RADAR_R_T;MISSING_GROUND_PLANE;MISSING_RUNTIME_FOOTPOINT_INTERVAL,"[[-24.82356145356782, -11.643619077234693]]",13.179942376333127,THETA_X_FULL_RADIAL_FALLBACK,0.0,20.0,9,9,NOT_A_RANGE_CONTRACTION_RESULT_FALLBACK_ONLY,False,False
R02ZF,99,R02ZF_REUSED_R02ZF_PERSON100001,R02ZF_SARF000099__CAUSAL_REPLAY__R02ZF_REUSED_R02ZF_PERSON100001,FOOTPOINT_UNAVAILABLE,RANGE_UNAVAILABLE,,,,PERSON_C0_CALIBRATION_ASSET_RECOVERY_AUDIT,CALIBRATION_ASSETS_INSUFFICIENT_FOR_RUNTIME_RANGE_PROTOTYPE,MISSING_PERSON_CAMERA_K;MISSING_CAMERA_HEIGHT_ATTITUDE;MISSING_CAMERA_RADAR_R_T;MISSING_GROUND_PLANE;MISSING_RUNTIME_FOOTPOINT_INTERVAL,"[[-24.82356145356782, -11.643619077234693]]",13.179942376333127,THETA_X_FULL_RADIAL_FALLBACK,0.0,20.0,10,10,NOT_A_RANGE_CONTRACTION_RESULT_FALLBACK_ONLY,False,False
R02ZF,100,R02ZF_REUSED_R02ZF_PERSON100001,R02ZF_SARF000100__CAUSAL_REPLAY__R02ZF_REUSED_R02ZF_PERSON100001,FOOTPOINT_UNAVAILABLE,RANGE_UNAVAILABLE,,,,PERSON_C0_CALIBRATION_ASSET_RECOVERY_AUDIT,CALIBRATION_ASSETS_INSUFFICIENT_FOR_RUNTIME_RANGE_PROTOTYPE,MISSING_PERSON_CAMERA_K;MISSING_CAMERA_HEIGHT_ATTITUDE;MISSING_CAMERA_RADAR_R_T;MISSING_GROUND_PLANE;MISSING_RUNTIME_FOOTPOINT_INTERVAL,"[[-24.82356145356782, -11.643619077234693]]",13.179942376333127,THETA_X_FULL_RADIAL_FALLBACK,0.0,20.0,9,9,NOT_A_RANGE_CONTRACTION_RESULT_FALLBACK_ONLY,False,False
R02ZF,107,R02ZF_REUSED_R02ZF_PERSON100002,R02ZF_SARF000107__CAUSAL_REPLAY__R02ZF_REUSED_R02ZF_PERSON100002,FOOTPOINT_UNAVAILABLE,RANGE_UNAVAILABLE,,,,PERSON_C0_CALIBRATION_ASSET_RECOVERY_AUDIT,CALIBRATION_ASSETS_INSUFFICIENT_FOR_RUNTIME_RANGE_PROTOTYPE,MISSING_PERSON_CAMERA_K;MISSING_CAMERA_HEIGHT_ATTITUDE;MISSING_CAMERA_RADAR_R_T;MISSING_GROUND_PLANE;MISSING_RUNTIME_FOOTPOINT_INTERVAL,"[[-21.523722604500602, -8.503772414788916]]",13.019950189711686,THETA_X_FULL_RADIAL_FALLBACK,0.0,20.0,10,10,NOT_A_RANGE_CONTRACTION_RESULT_FALLBACK_ONLY,False,False
R02ZF,108,R02ZF_REUSED_R02ZF_PERSON100002,R02ZF_SARF000108__CAUSAL_REPLAY__R02ZF_REUSED_R02ZF_PERSON100002,FOOTPOINT_UNAVAILABLE,RANGE_UNAVAILABLE,,,,PERSON_C0_CALIBRATION_ASSET_RECOVERY_AUDIT,CALIBRATION_ASSETS_INSUFFICIENT_FOR_RUNTIME_RANGE_PROTOTYPE,MISSING_PERSON_CAMERA_K;MISSING_CAMERA_HEIGHT_ATTITUDE;MISSING_CAMERA_RADAR_R_T;MISSING_GROUND_PLANE;MISSING_RUNTIME_FOOTPOINT_INTERVAL,"[[-21.523722604500602, -8.503772414788916]]",13.019950189711686,THETA_X_FULL_RADIAL_FALLBACK,0.0,20.0,12,12,NOT_A_RANGE_CONTRACTION_RESULT_FALLBACK_ONLY,False,False
R02ZF,109,R02ZF_REUSED_R02ZF_PERSON100002,R02ZF_SARF000109__CAUSAL_REPLAY__R02ZF_REUSED_R02ZF_PERSON100002,FOOTPOINT_UNAVAILABLE,RANGE_UNAVAILABLE,,,,PERSON_C0_CALIBRATION_ASSET_RECOVERY_AUDIT,CALIBRATION_ASSETS_INSUFFICIENT_FOR_RUNTIME_RANGE_PROTOTYPE,MISSING_PERSON_CAMERA_K;MISSING_CAMERA_HEIGHT_ATTITUDE;MISSING_CAMERA_RADAR_R_T;MISSING_GROUND_PLANE;MISSING_RUNTIME_FOOTPOINT_INTERVAL,"[[-21.523722604500602, -8.503772414788916]]",13.019950189711686,THETA_X_FULL_RADIAL_FALLBACK,0.0,20.0,10,10,NOT_A_RANGE_CONTRACTION_RESULT_FALLBACK_ONLY,False,False
R02ZF,109,R02ZF_REUSED_R02ZF_PERSON100003,R02ZF_SARF000109__CAUSAL_REPLAY__R02ZF_REUSED_R02ZF_PERSON100003,FOOTPOINT_UNAVAILABLE,RANGE_UNAVAILABLE,,,,PERSON_C0_CALIBRATION_ASSET_RECOVERY_AUDIT,CALIBRATION_ASSETS_INSUFFICIENT_FOR_RUNTIME_RANGE_PROTOTYPE,MISSING_PERSON_CAMERA_K;MISSING_CAMERA_HEIGHT_ATTITUDE;MISSING_CAMERA_RADAR_R_T;MISSING_GROUND_PLANE;MISSING_RUNTIME_FOOTPOINT_INTERVAL,"[[-22.523673770884606, -9.24373627791308]]",13.279937492971527,THETA_X_FULL_RADIAL_FALLBACK,0.0,20.0,11,11,NOT_A_RANGE_CONTRACTION_RESULT_FALLBACK_ONLY,False,False
R02ZF,109,R02ZF_REUSED_R02ZF_PERSON100004,R02ZF_SARF000109__CAUSAL_REPLAY__R02ZF_REUSED_R02ZF_PERSON100004,FOOTPOINT_UNAVAILABLE,RANGE_UNAVAILABLE,,,,PERSON_C0_CALIBRATION_ASSET_RECOVERY_AUDIT,CALIBRATION_ASSETS_INSUFFICIENT_FOR_RUNTIME_RANGE_PROTOTYPE,MISSING_PERSON_CAMERA_K;MISSING_CAMERA_HEIGHT_ATTITUDE;MISSING_CAMERA_RADAR_R_T;MISSING_GROUND_PLANE;MISSING_RUNTIME_FOOTPOINT_INTERVAL,"[[-20.863754834687157, -7.943799761613871]]",12.919955073073286,THETA_X_FULL_RADIAL_FALLBACK,0.0,20.0,10,10,NOT_A_RANGE_CONTRACTION_RESULT_FALLBACK_ONLY,False,False
R02ZF,110,R02ZF_REUSED_R02ZF_PERSON100002,R02ZF_SARF000110__CAUSAL_REPLAY__R02ZF_REUSED_R02ZF_PERSON100002,FOOTPOINT_UNAVAILABLE,RANGE_UNAVAILABLE,,,,PERSON_C0_CALIBRATION_ASSET_RECOVERY_AUDIT,CALIBRATION_ASSETS_INSUFFICIENT_FOR_RUNTIME_RANGE_PROTOTYPE,MISSING_PERSON_CAMERA_K;MISSING_CAMERA_HEIGHT_ATTITUDE;MISSING_CAMERA_RADAR_R_T;MISSING_GROUND_PLANE;MISSING_RUNTIME_FOOTPOINT_INTERVAL,"[[-21.523722604500602, -8.503772414788916]]",13.019950189711686,THETA_X_FULL_RADIAL_FALLBACK,0.0,20.0,10,10,NOT_A_RANGE_CONTRACTION_RESULT_FALLBACK_ONLY,False,False
R02ZF,110,R02ZF_REUSED_R02ZF_PERSON100003,R02ZF_SARF000110__CAUSAL_REPLAY__R02ZF_REUSED_R02ZF_PERSON100003,FOOTPOINT_UNAVAILABLE,RANGE_UNAVAILABLE,,,,PERSON_C0_CALIBRATION_ASSET_RECOVERY_AUDIT,CALIBRATION_ASSETS_INSUFFICIENT_FOR_RUNTIME_RANGE_PROTOTYPE,MISSING_PERSON_CAMERA_K;MISSING_CAMERA_HEIGHT_ATTITUDE;MISSING_CAMERA_RADAR_R_T;MISSING_GROUND_PLANE;MISSING_RUNTIME_FOOTPOINT_INTERVAL,"[[-22.523673770884606, -9.24373627791308]]",13.279937492971527,THETA_X_FULL_RADIAL_FALLBACK,0.0,20.0,10,10,NOT_A_RANGE_CONTRACTION_RESULT_FALLBACK_ONLY,False,False
R02ZF,110,R02ZF_REUSED_R02ZF_PERSON100004,R02ZF_SARF000110__CAUSAL_REPLAY__R02ZF_REUSED_R02ZF_PERSON100004,FOOTPOINT_UNAVAILABLE,RANGE_UNAVAILABLE,,,,PERSON_C0_CALIBRATION_ASSET_RECOVERY_AUDIT,CALIBRATION_ASSETS_INSUFFICIENT_FOR_RUNTIME_RANGE_PROTOTYPE,MISSING_PERSON_CAMERA_K;MISSING_CAMERA_HEIGHT_ATTITUDE;MISSING_CAMERA_RADAR_R_T;MISSING_GROUND_PLANE;MISSING_RUNTIME_FOOTPOINT_INTERVAL,"[[-20.863754834687157, -7.943799761613871]]",12.919955073073286,THETA_X_FULL_RADIAL_FALLBACK,0.0,20.0,10,10,NOT_A_RANGE_CONTRACTION_RESULT_FALLBACK_ONLY,False,False
R02ZF,111,R02ZF_REUSED_R02ZF_PERSON100002,R02ZF_SARF000111__CAUSAL_REPLAY__R02ZF_REUSED_R02ZF_PERSON100002,FOOTPOINT_UNAVAILABLE,RANGE_UNAVAILABLE,,,,PERSON_C0_CALIBRATION_ASSET_RECOVERY_AUDIT,CALIBRATION_ASSETS_INSUFFICIENT_FOR_RUNTIME_RANGE_PROTOTYPE,MISSING_PERSON_CAMERA_K;MISSING_CAMERA_HEIGHT_ATTITUDE;MISSING_CAMERA_RADAR_R_T;MISSING_GROUND_PLANE;MISSING_RUNTIME_FOOTPOINT_INTERVAL,"[[-21.523722604500602, -8.503772414788916]]",13.019950189711686,THETA_X_FULL_RADIAL_FALLBACK,0.0,20.0,12,12,NOT_A_RANGE_CONTRACTION_RESULT_FALLBACK_ONLY,False,False
R02ZF,111,R02ZF_REUSED_R02ZF_PERSON100003,R02ZF_SARF000111__CAUSAL_REPLAY__R02ZF_REUSED_R02ZF_PERSON100003,FOOTPOINT_UNAVAILABLE,RANGE_UNAVAILABLE,,,,PERSON_C0_CALIBRATION_ASSET_RECOVERY_AUDIT,CALIBRATION_ASSETS_INSUFFICIENT_FOR_RUNTIME_RANGE_PROTOTYPE,MISSING_PERSON_CAMERA_K;MISSING_CAMERA_HEIGHT_ATTITUDE;MISSING_CAMERA_RADAR_R_T;MISSING_GROUND_PLANE;MISSING_RUNTIME_FOOTPOINT_INTERVAL,"[[-22.523673770884606, -9.24373627791308]]",13.279937492971527,THETA_X_FULL_RADIAL_FALLBACK,0.0,20.0,11,11,NOT_A_RANGE_CONTRACTION_RESULT_FALLBACK_ONLY,False,False
R02ZF,111,R02ZF_REUSED_R02ZF_PERSON100004,R02ZF_SARF000111__CAUSAL_REPLAY__R02ZF_REUSED_R02ZF_PERSON100004,FOOTPOINT_UNAVAILABLE,RANGE_UNAVAILABLE,,,,PERSON_C0_CALIBRATION_ASSET_RECOVERY_AUDIT,CALIBRATION_ASSETS_INSUFFICIENT_FOR_RUNTIME_RANGE_PROTOTYPE,MISSING_PERSON_CAMERA_K;MISSING_CAMERA_HEIGHT_ATTITUDE;MISSING_CAMERA_RADAR_R_T;MISSING_GROUND_PLANE;MISSING_RUNTIME_FOOTPOINT_INTERVAL,"[[-20.863754834687157, -7.943799761613871]]",12.919955073073286,THETA_X_FULL_RADIAL_FALLBACK,0.0,20.0,12,12,NOT_A_RANGE_CONTRACTION_RESULT_FALLBACK_ONLY,False,False
R02ZF,112,R02ZF_REUSED_R02ZF_PERSON100002,R02ZF_SARF000112__CAUSAL_REPLAY__R02ZF_REUSED_R02ZF_PERSON100002,FOOTPOINT_UNAVAILABLE,RANGE_UNAVAILABLE,,,,PERSON_C0_CALIBRATION_ASSET_RECOVERY_AUDIT,CALIBRATION_ASSETS_INSUFFICIENT_FOR_RUNTIME_RANGE_PROTOTYPE,MISSING_PERSON_CAMERA_K;MISSING_CAMERA_HEIGHT_ATTITUDE;MISSING_CAMERA_RADAR_R_T;MISSING_GROUND_PLANE;MISSING_RUNTIME_FOOTPOINT_INTERVAL,"[[-21.523722604500602, -8.503772414788916]]",13.019950189711686,THETA_X_FULL_RADIAL_FALLBACK,0.0,20.0,11,11,NOT_A_RANGE_CONTRACTION_RESULT_FALLBACK_ONLY,False,False
R02ZF,112,R02ZF_REUSED_R02ZF_PERSON100003,R02ZF_SARF000112__CAUSAL_REPLAY__R02ZF_REUSED_R02ZF_PERSON100003,FOOTPOINT_UNAVAILABLE,RANGE_UNAVAILABLE,,,,PERSON_C0_CALIBRATION_ASSET_RECOVERY_AUDIT,CALIBRATION_ASSETS_INSUFFICIENT_FOR_RUNTIME_RANGE_PROTOTYPE,MISSING_PERSON_CAMERA_K;MISSING_CAMERA_HEIGHT_ATTITUDE;MISSING_CAMERA_RADAR_R_T;MISSING_GROUND_PLANE;MISSING_RUNTIME_FOOTPOINT_INTERVAL,"[[-22.523673770884606, -9.24373627791308]]",13.279937492971527,THETA_X_FULL_RADIAL_FALLBACK,0.0,20.0,12,12,NOT_A_RANGE_CONTRACTION_RESULT_FALLBACK_ONLY,False,False
R02ZF,112,R02ZF_REUSED_R02ZF_PERSON100004,R02ZF_SARF000112__CAUSAL_REPLAY__R02ZF_REUSED_R02ZF_PERSON100004,FOOTPOINT_UNAVAILABLE,RANGE_UNAVAILABLE,,,,PERSON_C0_CALIBRATION_ASSET_RECOVERY_AUDIT,CALIBRATION_ASSETS_INSUFFICIENT_FOR_RUNTIME_RANGE_PROTOTYPE,MISSING_PERSON_CAMERA_K;MISSING_CAMERA_HEIGHT_ATTITUDE;MISSING_CAMERA_RADAR_R_T;MISSING_GROUND_PLANE;MISSING_RUNTIME_FOOTPOINT_INTERVAL,"[[-20.863754834687157, -7.943799761613871]]",12.919955073073286,THETA_X_FULL_RADIAL_FALLBACK,0.0,20.0,12,12,NOT_A_RANGE_CONTRACTION_RESULT_FALLBACK_ONLY,False,False
R02ZF,113,R02ZF_REUSED_R02ZF_PERSON100002,R02ZF_SARF000113__CAUSAL_REPLAY__R02ZF_REUSED_R02ZF_PERSON100002,FOOTPOINT_UNAVAILABLE,RANGE_UNAVAILABLE,,,,PERSON_C0_CALIBRATION_ASSET_RECOVERY_AUDIT,CALIBRATION_ASSETS_INSUFFICIENT_FOR_RUNTIME_RANGE_PROTOTYPE,MISSING_PERSON_CAMERA_K;MISSING_CAMERA_HEIGHT_ATTITUDE;MISSING_CAMERA_RADAR_R_T;MISSING_GROUND_PLANE;MISSING_RUNTIME_FOOTPOINT_INTERVAL,"[[-21.523722604500602, -8.503772414788916]]",13.019950189711686,THETA_X_FULL_RADIAL_FALLBACK,0.0,20.0,13,13,NOT_A_RANGE_CONTRACTION_RESULT_FALLBACK_ONLY,False,False
R02ZF,113,R02ZF_REUSED_R02ZF_PERSON100003,R02ZF_SARF000113__CAUSAL_REPLAY__R02ZF_REUSED_R02ZF_PERSON100003,FOOTPOINT_UNAVAILABLE,RANGE_UNAVAILABLE,,,,PERSON_C0_CALIBRATION_ASSET_RECOVERY_AUDIT,CALIBRATION_ASSETS_INSUFFICIENT_FOR_RUNTIME_RANGE_PROTOTYPE,MISSING_PERSON_CAMERA_K;MISSING_CAMERA_HEIGHT_ATTITUDE;MISSING_CAMERA_RADAR_R_T;MISSING_GROUND_PLANE;MISSING_RUNTIME_FOOTPOINT_INTERVAL,"[[-22.523673770884606, -9.24373627791308]]",13.279937492971527,THETA_X_FULL_RADIAL_FALLBACK,0.0,20.0,14,14,NOT_A_RANGE_CONTRACTION_RESULT_FALLBACK_ONLY,False,False
R02ZF,113,R02ZF_REUSED_R02ZF_PERSON100004,R02ZF_SARF000113__CAUSAL_REPLAY__R02ZF_REUSED_R02ZF_PERSON100004,FOOTPOINT_UNAVAILABLE,RANGE_UNAVAILABLE,,,,PERSON_C0_CALIBRATION_ASSET_RECOVERY_AUDIT,CALIBRATION_ASSETS_INSUFFICIENT_FOR_RUNTIME_RANGE_PROTOTYPE,MISSING_PERSON_CAMERA_K;MISSING_CAMERA_HEIGHT_ATTITUDE;MISSING_CAMERA_RADAR_R_T;MISSING_GROUND_PLANE;MISSING_RUNTIME_FOOTPOINT_INTERVAL,"[[-20.863754834687157, -7.943799761613871]]",12.919955073073286,THETA_X_FULL_RADIAL_FALLBACK,0.0,20.0,14,14,NOT_A_RANGE_CONTRACTION_RESULT_FALLBACK_ONLY,False,False
R02ZF,114,R02ZF_REUSED_R02ZF_PERSON100002,R02ZF_SARF000114__CAUSAL_REPLAY__R02ZF_REUSED_R02ZF_PERSON100002,FOOTPOINT_UNAVAILABLE,RANGE_UNAVAILABLE,,,,PERSON_C0_CALIBRATION_ASSET_RECOVERY_AUDIT,CALIBRATION_ASSETS_INSUFFICIENT_FOR_RUNTIME_RANGE_PROTOTYPE,MISSING_PERSON_CAMERA_K;MISSING_CAMERA_HEIGHT_ATTITUDE;MISSING_CAMERA_RADAR_R_T;MISSING_GROUND_PLANE;MISSING_RUNTIME_FOOTPOINT_INTERVAL,"[[-21.523722604500602, -8.503772414788916]]",13.019950189711686,THETA_X_FULL_RADIAL_FALLBACK,0.0,20.0,14,14,NOT_A_RANGE_CONTRACTION_RESULT_FALLBACK_ONLY,False,False
R02ZF,114,R02ZF_REUSED_R02ZF_PERSON100003,R02ZF_SARF000114__CAUSAL_REPLAY__R02ZF_REUSED_R02ZF_PERSON100003,FOOTPOINT_UNAVAILABLE,RANGE_UNAVAILABLE,,,,PERSON_C0_CALIBRATION_ASSET_RECOVERY_AUDIT,CALIBRATION_ASSETS_INSUFFICIENT_FOR_RUNTIME_RANGE_PROTOTYPE,MISSING_PERSON_CAMERA_K;MISSING_CAMERA_HEIGHT_ATTITUDE;MISSING_CAMERA_RADAR_R_T;MISSING_GROUND_PLANE;MISSING_RUNTIME_FOOTPOINT_INTERVAL,"[[-22.523673770884606, -9.24373627791308]]",13.279937492971527,THETA_X_FULL_RADIAL_FALLBACK,0.0,20.0,15,15,NOT_A_RANGE_CONTRACTION_RESULT_FALLBACK_ONLY,False,False
R02ZF,114,R02ZF_REUSED_R02ZF_PERSON100004,R02ZF_SARF000114__CAUSAL_REPLAY__R02ZF_REUSED_R02ZF_PERSON100004,FOOTPOINT_UNAVAILABLE,RANGE_UNAVAILABLE,,,,PERSON_C0_CALIBRATION_ASSET_RECOVERY_AUDIT,CALIBRATION_ASSETS_INSUFFICIENT_FOR_RUNTIME_RANGE_PROTOTYPE,MISSING_PERSON_CAMERA_K;MISSING_CAMERA_HEIGHT_ATTITUDE;MISSING_CAMERA_RADAR_R_T;MISSING_GROUND_PLANE;MISSING_RUNTIME_FOOTPOINT_INTERVAL,"[[-20.863754834687157, -7.943799761613871]]",12.919955073073286,THETA_X_FULL_RADIAL_FALLBACK,0.0,20.0,14,14,NOT_A_RANGE_CONTRACTION_RESULT_FALLBACK_ONLY,False,False
R02ZF,114,R02ZF_REUSED_R02ZF_PERSON100005,R02ZF_SARF000114__CAUSAL_REPLAY__R02ZF_REUSED_R02ZF_PERSON100005,FOOTPOINT_UNAVAILABLE,RANGE_UNAVAILABLE,,,,PERSON_C0_CALIBRATION_ASSET_RECOVERY_AUDIT,CALIBRATION_ASSETS_INSUFFICIENT_FOR_RUNTIME_RANGE_PROTOTYPE,MISSING_PERSON_CAMERA_K;MISSING_CAMERA_HEIGHT_ATTITUDE;MISSING_CAMERA_RADAR_R_T;MISSING_GROUND_PLANE;MISSING_RUNTIME_FOOTPOINT_INTERVAL,"[[-51.500539906625875, -38.6204266378382]]",12.880113268787674,THETA_X_FULL_RADIAL_FALLBACK,0.0,20.0,4,4,NOT_A_RANGE_CONTRACTION_RESULT_FALLBACK_ONLY,False,False
R02ZF,115,R02ZF_REUSED_R02ZF_PERSON100003,R02ZF_SARF000115__CAUSAL_REPLAY__R02ZF_REUSED_R02ZF_PERSON100003,FOOTPOINT_UNAVAILABLE,RANGE_UNAVAILABLE,,,,PERSON_C0_CALIBRATION_ASSET_RECOVERY_AUDIT,CALIBRATION_ASSETS_INSUFFICIENT_FOR_RUNTIME_RANGE_PROTOTYPE,MISSING_PERSON_CAMERA_K;MISSING_CAMERA_HEIGHT_ATTITUDE;MISSING_CAMERA_RADAR_R_T;MISSING_GROUND_PLANE;MISSING_RUNTIME_FOOTPOINT_INTERVAL,"[[-22.523673770884606, -9.24373627791308]]",13.279937492971527,THETA_X_FULL_RADIAL_FALLBACK,0.0,20.0,13,13,NOT_A_RANGE_CONTRACTION_RESULT_FALLBACK_ONLY,False,False
R02ZF,115,R02ZF_REUSED_R02ZF_PERSON100004,R02ZF_SARF000115__CAUSAL_REPLAY__R02ZF_REUSED_R02ZF_PERSON100004,FOOTPOINT_UNAVAILABLE,RANGE_UNAVAILABLE,,,,PERSON_C0_CALIBRATION_ASSET_RECOVERY_AUDIT,CALIBRATION_ASSETS_INSUFFICIENT_FOR_RUNTIME_RANGE_PROTOTYPE,MISSING_PERSON_CAMERA_K;MISSING_CAMERA_HEIGHT_ATTITUDE;MISSING_CAMERA_RADAR_R_T;MISSING_GROUND_PLANE;MISSING_RUNTIME_FOOTPOINT_INTERVAL,"[[-20.863754834687157, -7.943799761613871]]",12.919955073073286,THETA_X_FULL_RADIAL_FALLBACK,0.0,20.0,12,12,NOT_A_RANGE_CONTRACTION_RESULT_FALLBACK_ONLY,False,False
R02ZF,115,R02ZF_REUSED_R02ZF_PERSON100005,R02ZF_SARF000115__CAUSAL_REPLAY__R02ZF_REUSED_R02ZF_PERSON100005,FOOTPOINT_UNAVAILABLE,RANGE_UNAVAILABLE,,,,PERSON_C0_CALIBRATION_ASSET_RECOVERY_AUDIT,CALIBRATION_ASSETS_INSUFFICIENT_FOR_RUNTIME_RANGE_PROTOTYPE,MISSING_PERSON_CAMERA_K;MISSING_CAMERA_HEIGHT_ATTITUDE;MISSING_CAMERA_RADAR_R_T;MISSING_GROUND_PLANE;MISSING_RUNTIME_FOOTPOINT_INTERVAL,"[[-51.500539906625875, -38.6204266378382]]",12.880113268787674,THETA_X_FULL_RADIAL_FALLBACK,0.0,20.0,6,6,NOT_A_RANGE_CONTRACTION_RESULT_FALLBACK_ONLY,False,False
R02ZF,116,R02ZF_REUSED_R02ZF_PERSON100005,R02ZF_SARF000116__CAUSAL_REPLAY__R02ZF_REUSED_R02ZF_PERSON100005,FOOTPOINT_UNAVAILABLE,RANGE_UNAVAILABLE,,,,PERSON_C0_CALIBRATION_ASSET_RECOVERY_AUDIT,CALIBRATION_ASSETS_INSUFFICIENT_FOR_RUNTIME_RANGE_PROTOTYPE,MISSING_PERSON_CAMERA_K;MISSING_CAMERA_HEIGHT_ATTITUDE;MISSING_CAMERA_RADAR_R_T;MISSING_GROUND_PLANE;MISSING_RUNTIME_FOOTPOINT_INTERVAL,"[[-51.500539906625875, -38.6204266378382]]",12.880113268787674,THETA_X_FULL_RADIAL_FALLBACK,0.0,20.0,4,4,NOT_A_RANGE_CONTRACTION_RESULT_FALLBACK_ONLY,False,False
R02ZF,117,R02ZF_REUSED_R02ZF_PERSON100005,R02ZF_SARF000117__CAUSAL_REPLAY__R02ZF_REUSED_R02ZF_PERSON100005,FOOTPOINT_UNAVAILABLE,RANGE_UNAVAILABLE,,,,PERSON_C0_CALIBRATION_ASSET_RECOVERY_AUDIT,CALIBRATION_ASSETS_INSUFFICIENT_FOR_RUNTIME_RANGE_PROTOTYPE,MISSING_PERSON_CAMERA_K;MISSING_CAMERA_HEIGHT_ATTITUDE;MISSING_CAMERA_RADAR_R_T;MISSING_GROUND_PLANE;MISSING_RUNTIME_FOOTPOINT_INTERVAL,"[[-51.500539906625875, -38.6204266378382]]",12.880113268787674,THETA_X_FULL_RADIAL_FALLBACK,0.0,20.0,3,3,NOT_A_RANGE_CONTRACTION_RESULT_FALLBACK_ONLY,False,False
R02ZF,118,R02ZF_REUSED_R02ZF_PERSON100005,R02ZF_SARF000118__CAUSAL_REPLAY__R02ZF_REUSED_R02ZF_PERSON100005,FOOTPOINT_UNAVAILABLE,RANGE_UNAVAILABLE,,,,PERSON_C0_CALIBRATION_ASSET_RECOVERY_AUDIT,CALIBRATION_ASSETS_INSUFFICIENT_FOR_RUNTIME_RANGE_PROTOTYPE,MISSING_PERSON_CAMERA_K;MISSING_CAMERA_HEIGHT_ATTITUDE;MISSING_CAMERA_RADAR_R_T;MISSING_GROUND_PLANE;MISSING_RUNTIME_FOOTPOINT_INTERVAL,"[[-51.500539906625875, -38.6204266378382]]",12.880113268787674,THETA_X_FULL_RADIAL_FALLBACK,0.0,20.0,3,3,NOT_A_RANGE_CONTRACTION_RESULT_FALLBACK_ONLY,False,False
R02ZF,119,R02ZF_REUSED_R02ZF_PERSON100005,R02ZF_SARF000119__CAUSAL_REPLAY__R02ZF_REUSED_R02ZF_PERSON100005,FOOTPOINT_UNAVAILABLE,RANGE_UNAVAILABLE,,,,PERSON_C0_CALIBRATION_ASSET_RECOVERY_AUDIT,CALIBRATION_ASSETS_INSUFFICIENT_FOR_RUNTIME_RANGE_PROTOTYPE,MISSING_PERSON_CAMERA_K;MISSING_CAMERA_HEIGHT_ATTITUDE;MISSING_CAMERA_RADAR_R_T;MISSING_GROUND_PLANE;MISSING_RUNTIME_FOOTPOINT_INTERVAL,"[[-51.500539906625875, -38.6204266378382]]",12.880113268787674,THETA_X_FULL_RADIAL_FALLBACK,0.0,20.0,5,5,NOT_A_RANGE_CONTRACTION_RESULT_FALLBACK_ONLY,False,False
R02ZF,120,R02ZF_REUSED_R02ZF_PERSON100005,R02ZF_SARF000120__CAUSAL_REPLAY__R02ZF_REUSED_R02ZF_PERSON100005,FOOTPOINT_UNAVAILABLE,RANGE_UNAVAILABLE,,,,PERSON_C0_CALIBRATION_ASSET_RECOVERY_AUDIT,CALIBRATION_ASSETS_INSUFFICIENT_FOR_RUNTIME_RANGE_PROTOTYPE,MISSING_PERSON_CAMERA_K;MISSING_CAMERA_HEIGHT_ATTITUDE;MISSING_CAMERA_RADAR_R_T;MISSING_GROUND_PLANE;MISSING_RUNTIME_FOOTPOINT_INTERVAL,"[[-51.500539906625875, -38.6204266378382]]",12.880113268787674,THETA_X_FULL_RADIAL_FALLBACK,0.0,20.0,2,2,NOT_A_RANGE_CONTRACTION_RESULT_FALLBACK_ONLY,False,False
R02ZF,122,R02ZF_REUSED_R02ZF_PERSON100006,R02ZF_SARF000122__CAUSAL_REPLAY__R02ZF_REUSED_R02ZF_PERSON100006,FOOTPOINT_UNAVAILABLE,RANGE_UNAVAILABLE,,,,PERSON_C0_CALIBRATION_ASSET_RECOVERY_AUDIT,CALIBRATION_ASSETS_INSUFFICIENT_FOR_RUNTIME_RANGE_PROTOTYPE,MISSING_PERSON_CAMERA_K;MISSING_CAMERA_HEIGHT_ATTITUDE;MISSING_CAMERA_RADAR_R_T;MISSING_GROUND_PLANE;MISSING_RUNTIME_FOOTPOINT_INTERVAL,"[[-16.763955052512735, -3.5240156061965635]]",13.239939446316171,THETA_X_FULL_RADIAL_FALLBACK,0.0,20.0,16,16,NOT_A_RANGE_CONTRACTION_RESULT_FALLBACK_ONLY,False,False
R02ZF,123,R02ZF_REUSED_R02ZF_PERSON100006,R02ZF_SARF000123__CAUSAL_REPLAY__R02ZF_REUSED_R02ZF_PERSON100006,FOOTPOINT_UNAVAILABLE,RANGE_UNAVAILABLE,,,,PERSON_C0_CALIBRATION_ASSET_RECOVERY_AUDIT,CALIBRATION_ASSETS_INSUFFICIENT_FOR_RUNTIME_RANGE_PROTOTYPE,MISSING_PERSON_CAMERA_K;MISSING_CAMERA_HEIGHT_ATTITUDE;MISSING_CAMERA_RADAR_R_T;MISSING_GROUND_PLANE;MISSING_RUNTIME_FOOTPOINT_INTERVAL,"[[-16.763955052512735, -3.5240156061965635]]",13.239939446316171,THETA_X_FULL_RADIAL_FALLBACK,0.0,20.0,14,14,NOT_A_RANGE_CONTRACTION_RESULT_FALLBACK_ONLY,False,False
R02ZF,124,R02ZF_REUSED_R02ZF_PERSON100006,R02ZF_SARF000124__CAUSAL_REPLAY__R02ZF_REUSED_R02ZF_PERSON100006,FOOTPOINT_UNAVAILABLE,RANGE_UNAVAILABLE,,,,PERSON_C0_CALIBRATION_ASSET_RECOVERY_AUDIT,CALIBRATION_ASSETS_INSUFFICIENT_FOR_RUNTIME_RANGE_PROTOTYPE,MISSING_PERSON_CAMERA_K;MISSING_CAMERA_HEIGHT_ATTITUDE;MISSING_CAMERA_RADAR_R_T;MISSING_GROUND_PLANE;MISSING_RUNTIME_FOOTPOINT_INTERVAL,"[[-16.763955052512735, -3.5240156061965635]]",13.239939446316171,THETA_X_FULL_RADIAL_FALLBACK,0.0,20.0,16,16,NOT_A_RANGE_CONTRACTION_RESULT_FALLBACK_ONLY,False,False
R02ZF,125,R02ZF_REUSED_R02ZF_PERSON100006,R02ZF_SARF000125__CAUSAL_REPLAY__R02ZF_REUSED_R02ZF_PERSON100006,FOOTPOINT_UNAVAILABLE,RANGE_UNAVAILABLE,,,,PERSON_C0_CALIBRATION_ASSET_RECOVERY_AUDIT,CALIBRATION_ASSETS_INSUFFICIENT_FOR_RUNTIME_RANGE_PROTOTYPE,MISSING_PERSON_CAMERA_K;MISSING_CAMERA_HEIGHT_ATTITUDE;MISSING_CAMERA_RADAR_R_T;MISSING_GROUND_PLANE;MISSING_RUNTIME_FOOTPOINT_INTERVAL,"[[-16.763955052512735, -3.5240156061965635]]",13.239939446316171,THETA_X_FULL_RADIAL_FALLBACK,0.0,20.0,12,12,NOT_A_RANGE_CONTRACTION_RESULT_FALLBACK_ONLY,False,False
R02ZF,126,R02ZF_REUSED_R02ZF_PERSON100006,R02ZF_SARF000126__CAUSAL_REPLAY__R02ZF_REUSED_R02ZF_PERSON100006,FOOTPOINT_UNAVAILABLE,RANGE_UNAVAILABLE,,,,PERSON_C0_CALIBRATION_ASSET_RECOVERY_AUDIT,CALIBRATION_ASSETS_INSUFFICIENT_FOR_RUNTIME_RANGE_PROTOTYPE,MISSING_PERSON_CAMERA_K;MISSING_CAMERA_HEIGHT_ATTITUDE;MISSING_CAMERA_RADAR_R_T;MISSING_GROUND_PLANE;MISSING_RUNTIME_FOOTPOINT_INTERVAL,"[[-16.763955052512735, -3.5240156061965635]]",13.239939446316171,THETA_X_FULL_RADIAL_FALLBACK,0.0,20.0,14,14,NOT_A_RANGE_CONTRACTION_RESULT_FALLBACK_ONLY,False,False
R02ZF,127,R02ZF_REUSED_R02ZF_PERSON100006,R02ZF_SARF000127__CAUSAL_REPLAY__R02ZF_REUSED_R02ZF_PERSON100006,FOOTPOINT_UNAVAILABLE,RANGE_UNAVAILABLE,,,,PERSON_C0_CALIBRATION_ASSET_RECOVERY_AUDIT,CALIBRATION_ASSETS_INSUFFICIENT_FOR_RUNTIME_RANGE_PROTOTYPE,MISSING_PERSON_CAMERA_K;MISSING_CAMERA_HEIGHT_ATTITUDE;MISSING_CAMERA_RADAR_R_T;MISSING_GROUND_PLANE;MISSING_RUNTIME_FOOTPOINT_INTERVAL,"[[-16.763955052512735, -3.5240156061965635]]",13.239939446316171,THETA_X_FULL_RADIAL_FALLBACK,0.0,20.0,14,14,NOT_A_RANGE_CONTRACTION_RESULT_FALLBACK_ONLY,False,False
R02ZF,128,R02ZF_REUSED_R02ZF_PERSON100006,R02ZF_SARF000128__CAUSAL_REPLAY__R02ZF_REUSED_R02ZF_PERSON100006,FOOTPOINT_UNAVAILABLE,RANGE_UNAVAILABLE,,,,PERSON_C0_CALIBRATION_ASSET_RECOVERY_AUDIT,CALIBRATION_ASSETS_INSUFFICIENT_FOR_RUNTIME_RANGE_PROTOTYPE,MISSING_PERSON_CAMERA_K;MISSING_CAMERA_HEIGHT_ATTITUDE;MISSING_CAMERA_RADAR_R_T;MISSING_GROUND_PLANE;MISSING_RUNTIME_FOOTPOINT_INTERVAL,"[[-16.763955052512735, -3.5240156061965635]]",13.239939446316171,THETA_X_FULL_RADIAL_FALLBACK,0.0,20.0,13,13,NOT_A_RANGE_CONTRACTION_RESULT_FALLBACK_ONLY,False,False
R02ZF,129,R02ZF_REUSED_R02ZF_PERSON100006,R02ZF_SARF000129__CAUSAL_REPLAY__R02ZF_REUSED_R02ZF_PERSON100006,FOOTPOINT_UNAVAILABLE,RANGE_UNAVAILABLE,,,,PERSON_C0_CALIBRATION_ASSET_RECOVERY_AUDIT,CALIBRATION_ASSETS_INSUFFICIENT_FOR_RUNTIME_RANGE_PROTOTYPE,MISSING_PERSON_CAMERA_K;MISSING_CAMERA_HEIGHT_ATTITUDE;MISSING_CAMERA_RADAR_R_T;MISSING_GROUND_PLANE;MISSING_RUNTIME_FOOTPOINT_INTERVAL,"[[-16.763955052512735, -3.5240156061965635]]",13.239939446316171,THETA_X_FULL_RADIAL_FALLBACK,0.0,20.0,12,12,NOT_A_RANGE_CONTRACTION_RESULT_FALLBACK_ONLY,False,False
R02ZF,169,R02ZF_REUSED_R02ZF_PERSON100007,R02ZF_SARF000169__CAUSAL_REPLAY__R02ZF_REUSED_R02ZF_PERSON100007,FOOTPOINT_UNAVAILABLE,RANGE_UNAVAILABLE,,,,PERSON_C0_CALIBRATION_ASSET_RECOVERY_AUDIT,CALIBRATION_ASSETS_INSUFFICIENT_FOR_RUNTIME_RANGE_PROTOTYPE,MISSING_PERSON_CAMERA_K;MISSING_CAMERA_HEIGHT_ATTITUDE;MISSING_CAMERA_RADAR_R_T;MISSING_GROUND_PLANE;MISSING_RUNTIME_FOOTPOINT_INTERVAL,"[[-49.809841223588165, -33.48255255106138]]",16.327288672526784,THETA_X_FULL_RADIAL_FALLBACK,0.0,20.0,11,11,NOT_A_RANGE_CONTRACTION_RESULT_FALLBACK_ONLY,False,False
R02ZF,170,R02ZF_REUSED_R02ZF_PERSON100007,R02ZF_SARF000170__CAUSAL_REPLAY__R02ZF_REUSED_R02ZF_PERSON100007,FOOTPOINT_UNAVAILABLE,RANGE_UNAVAILABLE,,,,PERSON_C0_CALIBRATION_ASSET_RECOVERY_AUDIT,CALIBRATION_ASSETS_INSUFFICIENT_FOR_RUNTIME_RANGE_PROTOTYPE,MISSING_PERSON_CAMERA_K;MISSING_CAMERA_HEIGHT_ATTITUDE;MISSING_CAMERA_RADAR_R_T;MISSING_GROUND_PLANE;MISSING_RUNTIME_FOOTPOINT_INTERVAL,"[[-49.809841223588165, -33.48255255106138]]",16.327288672526784,THETA_X_FULL_RADIAL_FALLBACK,0.0,20.0,7,7,NOT_A_RANGE_CONTRACTION_RESULT_FALLBACK_ONLY,False,False
R02ZF,171,R02ZF_REUSED_R02ZF_PERSON100007,R02ZF_SARF000171__CAUSAL_REPLAY__R02ZF_REUSED_R02ZF_PERSON100007,FOOTPOINT_UNAVAILABLE,RANGE_UNAVAILABLE,,,,PERSON_C0_CALIBRATION_ASSET_RECOVERY_AUDIT,CALIBRATION_ASSETS_INSUFFICIENT_FOR_RUNTIME_RANGE_PROTOTYPE,MISSING_PERSON_CAMERA_K;MISSING_CAMERA_HEIGHT_ATTITUDE;MISSING_CAMERA_RADAR_R_T;MISSING_GROUND_PLANE;MISSING_RUNTIME_FOOTPOINT_INTERVAL,"[[-49.809841223588165, -33.48255255106138]]",16.327288672526784,THETA_X_FULL_RADIAL_FALLBACK,0.0,20.0,9,9,NOT_A_RANGE_CONTRACTION_RESULT_FALLBACK_ONLY,False,False
R02ZF,172,R02ZF_REUSED_R02ZF_PERSON100007,R02ZF_SARF000172__CAUSAL_REPLAY__R02ZF_REUSED_R02ZF_PERSON100007,FOOTPOINT_UNAVAILABLE,RANGE_UNAVAILABLE,,,,PERSON_C0_CALIBRATION_ASSET_RECOVERY_AUDIT,CALIBRATION_ASSETS_INSUFFICIENT_FOR_RUNTIME_RANGE_PROTOTYPE,MISSING_PERSON_CAMERA_K;MISSING_CAMERA_HEIGHT_ATTITUDE;MISSING_CAMERA_RADAR_R_T;MISSING_GROUND_PLANE;MISSING_RUNTIME_FOOTPOINT_INTERVAL,"[[-49.809841223588165, -33.48255255106138]]",16.327288672526784,THETA_X_FULL_RADIAL_FALLBACK,0.0,20.0,7,7,NOT_A_RANGE_CONTRACTION_RESULT_FALLBACK_ONLY,False,False
R02ZF,173,R02ZF_REUSED_R02ZF_PERSON100007,R02ZF_SARF000173__CAUSAL_REPLAY__R02ZF_REUSED_R02ZF_PERSON100007,FOOTPOINT_UNAVAILABLE,RANGE_UNAVAILABLE,,,,PERSON_C0_CALIBRATION_ASSET_RECOVERY_AUDIT,CALIBRATION_ASSETS_INSUFFICIENT_FOR_RUNTIME_RANGE_PROTOTYPE,MISSING_PERSON_CAMERA_K;MISSING_CAMERA_HEIGHT_ATTITUDE;MISSING_CAMERA_RADAR_R_T;MISSING_GROUND_PLANE;MISSING_RUNTIME_FOOTPOINT_INTERVAL,"[[-49.809841223588165, -33.48255255106138]]",16.327288672526784,THETA_X_FULL_RADIAL_FALLBACK,0.0,20.0,6,6,NOT_A_RANGE_CONTRACTION_RESULT_FALLBACK_ONLY,False,False
R02ZF,174,R02ZF_REUSED_R02ZF_PERSON100007,R02ZF_SARF000174__CAUSAL_REPLAY__R02ZF_REUSED_R02ZF_PERSON100007,FOOTPOINT_UNAVAILABLE,RANGE_UNAVAILABLE,,,,PERSON_C0_CALIBRATION_ASSET_RECOVERY_AUDIT,CALIBRATION_ASSETS_INSUFFICIENT_FOR_RUNTIME_RANGE_PROTOTYPE,MISSING_PERSON_CAMERA_K;MISSING_CAMERA_HEIGHT_ATTITUDE;MISSING_CAMERA_RADAR_R_T;MISSING_GROUND_PLANE;MISSING_RUNTIME_FOOTPOINT_INTERVAL,"[[-49.809841223588165, -33.48255255106138]]",16.327288672526784,THETA_X_FULL_RADIAL_FALLBACK,0.0,20.0,7,7,NOT_A_RANGE_CONTRACTION_RESULT_FALLBACK_ONLY,False,False
R02ZF,175,R02ZF_REUSED_R02ZF_PERSON100007,R02ZF_SARF000175__CAUSAL_REPLAY__R02ZF_REUSED_R02ZF_PERSON100007,FOOTPOINT_UNAVAILABLE,RANGE_UNAVAILABLE,,,,PERSON_C0_CALIBRATION_ASSET_RECOVERY_AUDIT,CALIBRATION_ASSETS_INSUFFICIENT_FOR_RUNTIME_RANGE_PROTOTYPE,MISSING_PERSON_CAMERA_K;MISSING_CAMERA_HEIGHT_ATTITUDE;MISSING_CAMERA_RADAR_R_T;MISSING_GROUND_PLANE;MISSING_RUNTIME_FOOTPOINT_INTERVAL,"[[-49.809841223588165, -33.48255255106138]]",16.327288672526784,THETA_X_FULL_RADIAL_FALLBACK,0.0,20.0,9,9,NOT_A_RANGE_CONTRACTION_RESULT_FALLBACK_ONLY,False,False
R02ZF,264,R02ZF_REUSED_R02ZF_PERSON100008,R02ZF_SARF000264__CAUSAL_REPLAY__R02ZF_REUSED_R02ZF_PERSON100008,FOOTPOINT_UNAVAILABLE,RANGE_UNAVAILABLE,,,,PERSON_C0_CALIBRATION_ASSET_RECOVERY_AUDIT,CALIBRATION_ASSETS_INSUFFICIENT_FOR_RUNTIME_RANGE_PROTOTYPE,MISSING_PERSON_CAMERA_K;MISSING_CAMERA_HEIGHT_ATTITUDE;MISSING_CAMERA_RADAR_R_T;MISSING_GROUND_PLANE;MISSING_RUNTIME_FOOTPOINT_INTERVAL,"[[0.9751786391395285, 13.815137618902092]]",12.839958979762564,THETA_X_FULL_RADIAL_FALLBACK,0.0,20.0,12,12,NOT_A_RANGE_CONTRACTION_RESULT_FALLBACK_ONLY,False,False
R02ZF,265,R02ZF_REUSED_R02ZF_PERSON100008,R02ZF_SARF000265__CAUSAL_REPLAY__R02ZF_REUSED_R02ZF_PERSON100008,FOOTPOINT_UNAVAILABLE,RANGE_UNAVAILABLE,,,,PERSON_C0_CALIBRATION_ASSET_RECOVERY_AUDIT,CALIBRATION_ASSETS_INSUFFICIENT_FOR_RUNTIME_RANGE_PROTOTYPE,MISSING_PERSON_CAMERA_K;MISSING_CAMERA_HEIGHT_ATTITUDE;MISSING_CAMERA_RADAR_R_T;MISSING_GROUND_PLANE;MISSING_RUNTIME_FOOTPOINT_INTERVAL,"[[0.9751786391395285, 13.815137618902092]]",12.839958979762564,THETA_X_FULL_RADIAL_FALLBACK,0.0,20.0,14,14,NOT_A_RANGE_CONTRACTION_RESULT_FALLBACK_ONLY,False,False
R02ZF,266,R02ZF_REUSED_R02ZF_PERSON100008,R02ZF_SARF000266__CAUSAL_REPLAY__R02ZF_REUSED_R02ZF_PERSON100008,FOOTPOINT_UNAVAILABLE,RANGE_UNAVAILABLE,,,,PERSON_C0_CALIBRATION_ASSET_RECOVERY_AUDIT,CALIBRATION_ASSETS_INSUFFICIENT_FOR_RUNTIME_RANGE_PROTOTYPE,MISSING_PERSON_CAMERA_K;MISSING_CAMERA_HEIGHT_ATTITUDE;MISSING_CAMERA_RADAR_R_T;MISSING_GROUND_PLANE;MISSING_RUNTIME_FOOTPOINT_INTERVAL,"[[0.9751786391395285, 13.815137618902092]]",12.839958979762564,THETA_X_FULL_RADIAL_FALLBACK,0.0,20.0,13,13,NOT_A_RANGE_CONTRACTION_RESULT_FALLBACK_ONLY,False,False
R02ZF,267,R02ZF_REUSED_R02ZF_PERSON100008,R02ZF_SARF000267__CAUSAL_REPLAY__R02ZF_REUSED_R02ZF_PERSON100008,FOOTPOINT_UNAVAILABLE,RANGE_UNAVAILABLE,,,,PERSON_C0_CALIBRATION_ASSET_RECOVERY_AUDIT,CALIBRATION_ASSETS_INSUFFICIENT_FOR_RUNTIME_RANGE_PROTOTYPE,MISSING_PERSON_CAMERA_K;MISSING_CAMERA_HEIGHT_ATTITUDE;MISSING_CAMERA_RADAR_R_T;MISSING_GROUND_PLANE;MISSING_RUNTIME_FOOTPOINT_INTERVAL,"[[0.9751786391395285, 13.815137618902092]]",12.839958979762564,THETA_X_FULL_RADIAL_FALLBACK,0.0,20.0,13,13,NOT_A_RANGE_CONTRACTION_RESULT_FALLBACK_ONLY,False,False
R02ZF,268,R02ZF_REUSED_R02ZF_PERSON100008,R02ZF_SARF000268__CAUSAL_REPLAY__R02ZF_REUSED_R02ZF_PERSON100008,FOOTPOINT_UNAVAILABLE,RANGE_UNAVAILABLE,,,,PERSON_C0_CALIBRATION_ASSET_RECOVERY_AUDIT,CALIBRATION_ASSETS_INSUFFICIENT_FOR_RUNTIME_RANGE_PROTOTYPE,MISSING_PERSON_CAMERA_K;MISSING_CAMERA_HEIGHT_ATTITUDE;MISSING_CAMERA_RADAR_R_T;MISSING_GROUND_PLANE;MISSING_RUNTIME_FOOTPOINT_INTERVAL,"[[0.9751786391395285, 13.815137618902092]]",12.839958979762564,THETA_X_FULL_RADIAL_FALLBACK,0.0,20.0,13,13,NOT_A_RANGE_CONTRACTION_RESULT_FALLBACK_ONLY,False,False
R02ZF,269,R02ZF_REUSED_R02ZF_PERSON100008,R02ZF_SARF000269__CAUSAL_REPLAY__R02ZF_REUSED_R02ZF_PERSON100008,FOOTPOINT_UNAVAILABLE,RANGE_UNAVAILABLE,,,,PERSON_C0_CALIBRATION_ASSET_RECOVERY_AUDIT,CALIBRATION_ASSETS_INSUFFICIENT_FOR_RUNTIME_RANGE_PROTOTYPE,MISSING_PERSON_CAMERA_K;MISSING_CAMERA_HEIGHT_ATTITUDE;MISSING_CAMERA_RADAR_R_T;MISSING_GROUND_PLANE;MISSING_RUNTIME_FOOTPOINT_INTERVAL,"[[0.9751786391395285, 13.815137618902092]]",12.839958979762564,THETA_X_FULL_RADIAL_FALLBACK,0.0,20.0,12,12,NOT_A_RANGE_CONTRACTION_RESULT_FALLBACK_ONLY,False,False
R02ZF,270,R02ZF_REUSED_R02ZF_PERSON100008,R02ZF_SARF000270__CAUSAL_REPLAY__R02ZF_REUSED_R02ZF_PERSON100008,FOOTPOINT_UNAVAILABLE,RANGE_UNAVAILABLE,,,,PERSON_C0_CALIBRATION_ASSET_RECOVERY_AUDIT,CALIBRATION_ASSETS_INSUFFICIENT_FOR_RUNTIME_RANGE_PROTOTYPE,MISSING_PERSON_CAMERA_K;MISSING_CAMERA_HEIGHT_ATTITUDE;MISSING_CAMERA_RADAR_R_T;MISSING_GROUND_PLANE;MISSING_RUNTIME_FOOTPOINT_INTERVAL,"[[0.9751786391395285, 13.815137618902092]]",12.839958979762564,THETA_X_FULL_RADIAL_FALLBACK,0.0,20.0,14,14,NOT_A_RANGE_CONTRACTION_RESULT_FALLBACK_ONLY,False,False
R02ZF,382,R02ZF_REUSED_R02ZF_PERSON100009,R02ZF_SARF000382__CAUSAL_REPLAY__R02ZF_REUSED_R02ZF_PERSON100009,FOOTPOINT_UNAVAILABLE,RANGE_UNAVAILABLE,,,,PERSON_C0_CALIBRATION_ASSET_RECOVERY_AUDIT,CALIBRATION_ASSETS_INSUFFICIENT_FOR_RUNTIME_RANGE_PROTOTYPE,MISSING_PERSON_CAMERA_K;MISSING_CAMERA_HEIGHT_ATTITUDE;MISSING_CAMERA_RADAR_R_T;MISSING_GROUND_PLANE;MISSING_RUNTIME_FOOTPOINT_INTERVAL,"[[-21.883705024398843, -5.3439267290154575]]",16.539778295383385,THETA_X_FULL_RADIAL_FALLBACK,0.0,20.0,9,9,NOT_A_RANGE_CONTRACTION_RESULT_FALLBACK_ONLY,False,False
R02ZF,383,R02ZF_REUSED_R02ZF_PERSON100009,R02ZF_SARF000383__CAUSAL_REPLAY__R02ZF_REUSED_R02ZF_PERSON100009,FOOTPOINT_UNAVAILABLE,RANGE_UNAVAILABLE,,,,PERSON_C0_CALIBRATION_ASSET_RECOVERY_AUDIT,CALIBRATION_ASSETS_INSUFFICIENT_FOR_RUNTIME_RANGE_PROTOTYPE,MISSING_PERSON_CAMERA_K;MISSING_CAMERA_HEIGHT_ATTITUDE;MISSING_CAMERA_RADAR_R_T;MISSING_GROUND_PLANE;MISSING_RUNTIME_FOOTPOINT_INTERVAL,"[[-21.883705024398843, -5.3439267290154575]]",16.539778295383385,THETA_X_FULL_RADIAL_FALLBACK,0.0,20.0,10,10,NOT_A_RANGE_CONTRACTION_RESULT_FALLBACK_ONLY,False,False
R02ZF,384,R02ZF_REUSED_R02ZF_PERSON100009,R02ZF_SARF000384__CAUSAL_REPLAY__R02ZF_REUSED_R02ZF_PERSON100009,FOOTPOINT_UNAVAILABLE,RANGE_UNAVAILABLE,,,,PERSON_C0_CALIBRATION_ASSET_RECOVERY_AUDIT,CALIBRATION_ASSETS_INSUFFICIENT_FOR_RUNTIME_RANGE_PROTOTYPE,MISSING_PERSON_CAMERA_K;MISSING_CAMERA_HEIGHT_ATTITUDE;MISSING_CAMERA_RADAR_R_T;MISSING_GROUND_PLANE;MISSING_RUNTIME_FOOTPOINT_INTERVAL,"[[-21.883705024398843, -5.3439267290154575]]",16.539778295383385,THETA_X_FULL_RADIAL_FALLBACK,0.0,20.0,8,8,NOT_A_RANGE_CONTRACTION_RESULT_FALLBACK_ONLY,False,False
R02ZF,385,R02ZF_REUSED_R02ZF_PERSON100009,R02ZF_SARF000385__CAUSAL_REPLAY__R02ZF_REUSED_R02ZF_PERSON100009,FOOTPOINT_UNAVAILABLE,RANGE_UNAVAILABLE,,,,PERSON_C0_CALIBRATION_ASSET_RECOVERY_AUDIT,CALIBRATION_ASSETS_INSUFFICIENT_FOR_RUNTIME_RANGE_PROTOTYPE,MISSING_PERSON_CAMERA_K;MISSING_CAMERA_HEIGHT_ATTITUDE;MISSING_CAMERA_RADAR_R_T;MISSING_GROUND_PLANE;MISSING_RUNTIME_FOOTPOINT_INTERVAL,"[[-21.883705024398843, -5.3439267290154575]]",16.539778295383385,THETA_X_FULL_RADIAL_FALLBACK,0.0,20.0,11,11,NOT_A_RANGE_CONTRACTION_RESULT_FALLBACK_ONLY,False,False
R02ZF,385,R02ZF_REUSED_R02ZF_PERSON100010,R02ZF_SARF000385__CAUSAL_REPLAY__R02ZF_REUSED_R02ZF_PERSON100010,FOOTPOINT_UNAVAILABLE,RANGE_UNAVAILABLE,,,,PERSON_C0_CALIBRATION_ASSET_RECOVERY_AUDIT,CALIBRATION_ASSETS_INSUFFICIENT_FOR_RUNTIME_RANGE_PROTOTYPE,MISSING_PERSON_CAMERA_K;MISSING_CAMERA_HEIGHT_ATTITUDE;MISSING_CAMERA_RADAR_R_T;MISSING_GROUND_PLANE;MISSING_RUNTIME_FOOTPOINT_INTERVAL,"[[-13.084134760219591, 3.055663068610194]]",16.139797828829785,THETA_X_FULL_RADIAL_FALLBACK,0.0,20.0,12,12,NOT_A_RANGE_CONTRACTION_RESULT_FALLBACK_ONLY,False,False
R02ZF,386,R02ZF_REUSED_R02ZF_PERSON100009,R02ZF_SARF000386__CAUSAL_REPLAY__R02ZF_REUSED_R02ZF_PERSON100009,FOOTPOINT_UNAVAILABLE,RANGE_UNAVAILABLE,,,,PERSON_C0_CALIBRATION_ASSET_RECOVERY_AUDIT,CALIBRATION_ASSETS_INSUFFICIENT_FOR_RUNTIME_RANGE_PROTOTYPE,MISSING_PERSON_CAMERA_K;MISSING_CAMERA_HEIGHT_ATTITUDE;MISSING_CAMERA_RADAR_R_T;MISSING_GROUND_PLANE;MISSING_RUNTIME_FOOTPOINT_INTERVAL,"[[-21.883705024398843, -5.3439267290154575]]",16.539778295383385,THETA_X_FULL_RADIAL_FALLBACK,0.0,20.0,7,7,NOT_A_RANGE_CONTRACTION_RESULT_FALLBACK_ONLY,False,False
R02ZF,386,R02ZF_REUSED_R02ZF_PERSON100010,R02ZF_SARF000386__CAUSAL_REPLAY__R02ZF_REUSED_R02ZF_PERSON100010,FOOTPOINT_UNAVAILABLE,RANGE_UNAVAILABLE,,,,PERSON_C0_CALIBRATION_ASSET_RECOVERY_AUDIT,CALIBRATION_ASSETS_INSUFFICIENT_FOR_RUNTIME_RANGE_PROTOTYPE,MISSING_PERSON_CAMERA_K;MISSING_CAMERA_HEIGHT_ATTITUDE;MISSING_CAMERA_RADAR_R_T;MISSING_GROUND_PLANE;MISSING_RUNTIME_FOOTPOINT_INTERVAL,"[[-13.084134760219591, 3.055663068610194]]",16.139797828829785,THETA_X_FULL_RADIAL_FALLBACK,0.0,20.0,11,11,NOT_A_RANGE_CONTRACTION_RESULT_FALLBACK_ONLY,False,False
R02ZF,387,R02ZF_REUSED_R02ZF_PERSON100009,R02ZF_SARF000387__CAUSAL_REPLAY__R02ZF_REUSED_R02ZF_PERSON100009,FOOTPOINT_UNAVAILABLE,RANGE_UNAVAILABLE,,,,PERSON_C0_CALIBRATION_ASSET_RECOVERY_AUDIT,CALIBRATION_ASSETS_INSUFFICIENT_FOR_RUNTIME_RANGE_PROTOTYPE,MISSING_PERSON_CAMERA_K;MISSING_CAMERA_HEIGHT_ATTITUDE;MISSING_CAMERA_RADAR_R_T;MISSING_GROUND_PLANE;MISSING_RUNTIME_FOOTPOINT_INTERVAL,"[[-21.883705024398843, -5.3439267290154575]]",16.539778295383385,THETA_X_FULL_RADIAL_FALLBACK,0.0,20.0,7,7,NOT_A_RANGE_CONTRACTION_RESULT_FALLBACK_ONLY,False,False
R02ZF,387,R02ZF_REUSED_R02ZF_PERSON100010,R02ZF_SARF000387__CAUSAL_REPLAY__R02ZF_REUSED_R02ZF_PERSON100010,FOOTPOINT_UNAVAILABLE,RANGE_UNAVAILABLE,,,,PERSON_C0_CALIBRATION_ASSET_RECOVERY_AUDIT,CALIBRATION_ASSETS_INSUFFICIENT_FOR_RUNTIME_RANGE_PROTOTYPE,MISSING_PERSON_CAMERA_K;MISSING_CAMERA_HEIGHT_ATTITUDE;MISSING_CAMERA_RADAR_R_T;MISSING_GROUND_PLANE;MISSING_RUNTIME_FOOTPOINT_INTERVAL,"[[-13.084134760219591, 3.055663068610194]]",16.139797828829785,THETA_X_FULL_RADIAL_FALLBACK,0.0,20.0,9,9,NOT_A_RANGE_CONTRACTION_RESULT_FALLBACK_ONLY,False,False
R02ZF,387,R02ZF_REUSED_R02ZF_PERSON100011,R02ZF_SARF000387__CAUSAL_REPLAY__R02ZF_REUSED_R02ZF_PERSON100011,FOOTPOINT_UNAVAILABLE,RANGE_UNAVAILABLE,,,,PERSON_C0_CALIBRATION_ASSET_RECOVERY_AUDIT,CALIBRATION_ASSETS_INSUFFICIENT_FOR_RUNTIME_RANGE_PROTOTYPE,MISSING_PERSON_CAMERA_K;MISSING_CAMERA_HEIGHT_ATTITUDE;MISSING_CAMERA_RADAR_R_T;MISSING_GROUND_PLANE;MISSING_RUNTIME_FOOTPOINT_INTERVAL,"[[-8.744346698113006, 7.175461874112294]]",15.9198085722253,THETA_X_FULL_RADIAL_FALLBACK,0.0,20.0,10,10,NOT_A_RANGE_CONTRACTION_RESULT_FALLBACK_ONLY,False,False
R02ZF,387,R02ZF_REUSED_R02ZF_PERSON100012,R02ZF_SARF000387__CAUSAL_REPLAY__R02ZF_REUSED_R02ZF_PERSON100012,FOOTPOINT_UNAVAILABLE,RANGE_UNAVAILABLE,,,,PERSON_C0_CALIBRATION_ASSET_RECOVERY_AUDIT,CALIBRATION_ASSETS_INSUFFICIENT_FOR_RUNTIME_RANGE_PROTOTYPE,MISSING_PERSON_CAMERA_K;MISSING_CAMERA_HEIGHT_ATTITUDE;MISSING_CAMERA_RADAR_R_T;MISSING_GROUND_PLANE;MISSING_RUNTIME_FOOTPOINT_INTERVAL,"[[-8.744346698113006, 7.175461874112294]]",15.9198085722253,THETA_X_FULL_RADIAL_FALLBACK,0.0,20.0,10,10,NOT_A_RANGE_CONTRACTION_RESULT_FALLBACK_ONLY,False,False
R02ZF,388,R02ZF_REUSED_R02ZF_PERSON100009,R02ZF_SARF000388__CAUSAL_REPLAY__R02ZF_REUSED_R02ZF_PERSON100009,FOOTPOINT_UNAVAILABLE,RANGE_UNAVAILABLE,,,,PERSON_C0_CALIBRATION_ASSET_RECOVERY_AUDIT,CALIBRATION_ASSETS_INSUFFICIENT_FOR_RUNTIME_RANGE_PROTOTYPE,MISSING_PERSON_CAMERA_K;MISSING_CAMERA_HEIGHT_ATTITUDE;MISSING_CAMERA_RADAR_R_T;MISSING_GROUND_PLANE;MISSING_RUNTIME_FOOTPOINT_INTERVAL,"[[-21.883705024398843, -5.3439267290154575]]",16.539778295383385,THETA_X_FULL_RADIAL_FALLBACK,0.0,20.0,9,9,NOT_A_RANGE_CONTRACTION_RESULT_FALLBACK_ONLY,False,False
R02ZF,388,R02ZF_REUSED_R02ZF_PERSON100010,R02ZF_SARF000388__CAUSAL_REPLAY__R02ZF_REUSED_R02ZF_PERSON100010,FOOTPOINT_UNAVAILABLE,RANGE_UNAVAILABLE,,,,PERSON_C0_CALIBRATION_ASSET_RECOVERY_AUDIT,CALIBRATION_ASSETS_INSUFFICIENT_FOR_RUNTIME_RANGE_PROTOTYPE,MISSING_PERSON_CAMERA_K;MISSING_CAMERA_HEIGHT_ATTITUDE;MISSING_CAMERA_RADAR_R_T;MISSING_GROUND_PLANE;MISSING_RUNTIME_FOOTPOINT_INTERVAL,"[[-13.084134760219591, 3.055663068610194]]",16.139797828829785,THETA_X_FULL_RADIAL_FALLBACK,0.0,20.0,9,9,NOT_A_RANGE_CONTRACTION_RESULT_FALLBACK_ONLY,False,False
R02ZF,388,R02ZF_REUSED_R02ZF_PERSON100011,R02ZF_SARF000388__CAUSAL_REPLAY__R02ZF_REUSED_R02ZF_PERSON100011,FOOTPOINT_UNAVAILABLE,RANGE_UNAVAILABLE,,,,PERSON_C0_CALIBRATION_ASSET_RECOVERY_AUDIT,CALIBRATION_ASSETS_INSUFFICIENT_FOR_RUNTIME_RANGE_PROTOTYPE,MISSING_PERSON_CAMERA_K;MISSING_CAMERA_HEIGHT_ATTITUDE;MISSING_CAMERA_RADAR_R_T;MISSING_GROUND_PLANE;MISSING_RUNTIME_FOOTPOINT_INTERVAL,"[[-8.744346698113006, 7.175461874112294]]",15.9198085722253,THETA_X_FULL_RADIAL_FALLBACK,0.0,20.0,10,10,NOT_A_RANGE_CONTRACTION_RESULT_FALLBACK_ONLY,False,False
R02ZF,388,R02ZF_REUSED_R02ZF_PERSON100012,R02ZF_SARF000388__CAUSAL_REPLAY__R02ZF_REUSED_R02ZF_PERSON100012,FOOTPOINT_UNAVAILABLE,RANGE_UNAVAILABLE,,,,PERSON_C0_CALIBRATION_ASSET_RECOVERY_AUDIT,CALIBRATION_ASSETS_INSUFFICIENT_FOR_RUNTIME_RANGE_PROTOTYPE,MISSING_PERSON_CAMERA_K;MISSING_CAMERA_HEIGHT_ATTITUDE;MISSING_CAMERA_RADAR_R_T;MISSING_GROUND_PLANE;MISSING_RUNTIME_FOOTPOINT_INTERVAL,"[[-8.744346698113006, 7.175461874112294]]",15.9198085722253,THETA_X_FULL_RADIAL_FALLBACK,0.0,20.0,10,10,NOT_A_RANGE_CONTRACTION_RESULT_FALLBACK_ONLY,False,False
R02ZF,389,R02ZF_REUSED_R02ZF_PERSON100009,R02ZF_SARF000389__CAUSAL_REPLAY__R02ZF_REUSED_R02ZF_PERSON100009,FOOTPOINT_UNAVAILABLE,RANGE_UNAVAILABLE,,,,PERSON_C0_CALIBRATION_ASSET_RECOVERY_AUDIT,CALIBRATION_ASSETS_INSUFFICIENT_FOR_RUNTIME_RANGE_PROTOTYPE,MISSING_PERSON_CAMERA_K;MISSING_CAMERA_HEIGHT_ATTITUDE;MISSING_CAMERA_RADAR_R_T;MISSING_GROUND_PLANE;MISSING_RUNTIME_FOOTPOINT_INTERVAL,"[[-21.883705024398843, -5.3439267290154575]]",16.539778295383385,THETA_X_FULL_RADIAL_FALLBACK,0.0,20.0,7,7,NOT_A_RANGE_CONTRACTION_RESULT_FALLBACK_ONLY,False,False
R02ZF,389,R02ZF_REUSED_R02ZF_PERSON100010,R02ZF_SARF000389__CAUSAL_REPLAY__R02ZF_REUSED_R02ZF_PERSON100010,FOOTPOINT_UNAVAILABLE,RANGE_UNAVAILABLE,,,,PERSON_C0_CALIBRATION_ASSET_RECOVERY_AUDIT,CALIBRATION_ASSETS_INSUFFICIENT_FOR_RUNTIME_RANGE_PROTOTYPE,MISSING_PERSON_CAMERA_K;MISSING_CAMERA_HEIGHT_ATTITUDE;MISSING_CAMERA_RADAR_R_T;MISSING_GROUND_PLANE;MISSING_RUNTIME_FOOTPOINT_INTERVAL,"[[-13.084134760219591, 3.055663068610194]]",16.139797828829785,THETA_X_FULL_RADIAL_FALLBACK,0.0,20.0,10,10,NOT_A_RANGE_CONTRACTION_RESULT_FALLBACK_ONLY,False,False
R02ZF,389,R02ZF_REUSED_R02ZF_PERSON100011,R02ZF_SARF000389__CAUSAL_REPLAY__R02ZF_REUSED_R02ZF_PERSON100011,FOOTPOINT_UNAVAILABLE,RANGE_UNAVAILABLE,,,,PERSON_C0_CALIBRATION_ASSET_RECOVERY_AUDIT,CALIBRATION_ASSETS_INSUFFICIENT_FOR_RUNTIME_RANGE_PROTOTYPE,MISSING_PERSON_CAMERA_K;MISSING_CAMERA_HEIGHT_ATTITUDE;MISSING_CAMERA_RADAR_R_T;MISSING_GROUND_PLANE;MISSING_RUNTIME_FOOTPOINT_INTERVAL,"[[-8.744346698113006, 7.175461874112294]]",15.9198085722253,THETA_X_FULL_RADIAL_FALLBACK,0.0,20.0,10,10,NOT_A_RANGE_CONTRACTION_RESULT_FALLBACK_ONLY,False,False
R02ZF,389,R02ZF_REUSED_R02ZF_PERSON100012,R02ZF_SARF000389__CAUSAL_REPLAY__R02ZF_REUSED_R02ZF_PERSON100012,FOOTPOINT_UNAVAILABLE,RANGE_UNAVAILABLE,,,,PERSON_C0_CALIBRATION_ASSET_RECOVERY_AUDIT,CALIBRATION_ASSETS_INSUFFICIENT_FOR_RUNTIME_RANGE_PROTOTYPE,MISSING_PERSON_CAMERA_K;MISSING_CAMERA_HEIGHT_ATTITUDE;MISSING_CAMERA_RADAR_R_T;MISSING_GROUND_PLANE;MISSING_RUNTIME_FOOTPOINT_INTERVAL,"[[-8.744346698113006, 7.175461874112294]]",15.9198085722253,THETA_X_FULL_RADIAL_FALLBACK,0.0,20.0,10,10,NOT_A_RANGE_CONTRACTION_RESULT_FALLBACK_ONLY,False,False
R02ZF,390,R02ZF_REUSED_R02ZF_PERSON100010,R02ZF_SARF000390__CAUSAL_REPLAY__R02ZF_REUSED_R02ZF_PERSON100010,FOOTPOINT_UNAVAILABLE,RANGE_UNAVAILABLE,,,,PERSON_C0_CALIBRATION_ASSET_RECOVERY_AUDIT,CALIBRATION_ASSETS_INSUFFICIENT_FOR_RUNTIME_RANGE_PROTOTYPE,MISSING_PERSON_CAMERA_K;MISSING_CAMERA_HEIGHT_ATTITUDE;MISSING_CAMERA_RADAR_R_T;MISSING_GROUND_PLANE;MISSING_RUNTIME_FOOTPOINT_INTERVAL,"[[-13.084134760219591, 3.055663068610194]]",16.139797828829785,THETA_X_FULL_RADIAL_FALLBACK,0.0,20.0,12,12,NOT_A_RANGE_CONTRACTION_RESULT_FALLBACK_ONLY,False,False
R02ZF,390,R02ZF_REUSED_R02ZF_PERSON100011,R02ZF_SARF000390__CAUSAL_REPLAY__R02ZF_REUSED_R02ZF_PERSON100011,FOOTPOINT_UNAVAILABLE,RANGE_UNAVAILABLE,,,,PERSON_C0_CALIBRATION_ASSET_RECOVERY_AUDIT,CALIBRATION_ASSETS_INSUFFICIENT_FOR_RUNTIME_RANGE_PROTOTYPE,MISSING_PERSON_CAMERA_K;MISSING_CAMERA_HEIGHT_ATTITUDE;MISSING_CAMERA_RADAR_R_T;MISSING_GROUND_PLANE;MISSING_RUNTIME_FOOTPOINT_INTERVAL,"[[-8.744346698113006, 7.175461874112294]]",15.9198085722253,THETA_X_FULL_RADIAL_FALLBACK,0.0,20.0,12,12,NOT_A_RANGE_CONTRACTION_RESULT_FALLBACK_ONLY,False,False
R02ZF,390,R02ZF_REUSED_R02ZF_PERSON100012,R02ZF_SARF000390__CAUSAL_REPLAY__R02ZF_REUSED_R02ZF_PERSON100012,FOOTPOINT_UNAVAILABLE,RANGE_UNAVAILABLE,,,,PERSON_C0_CALIBRATION_ASSET_RECOVERY_AUDIT,CALIBRATION_ASSETS_INSUFFICIENT_FOR_RUNTIME_RANGE_PROTOTYPE,MISSING_PERSON_CAMERA_K;MISSING_CAMERA_HEIGHT_ATTITUDE;MISSING_CAMERA_RADAR_R_T;MISSING_GROUND_PLANE;MISSING_RUNTIME_FOOTPOINT_INTERVAL,"[[-8.744346698113006, 7.175461874112294]]",15.9198085722253,THETA_X_FULL_RADIAL_FALLBACK,0.0,20.0,12,12,NOT_A_RANGE_CONTRACTION_RESULT_FALLBACK_ONLY,False,False
R02ZF,391,R02ZF_REUSED_R02ZF_PERSON100010,R02ZF_SARF000391__CAUSAL_REPLAY__R02ZF_REUSED_R02ZF_PERSON100010,FOOTPOINT_UNAVAILABLE,RANGE_UNAVAILABLE,,,,PERSON_C0_CALIBRATION_ASSET_RECOVERY_AUDIT,CALIBRATION_ASSETS_INSUFFICIENT_FOR_RUNTIME_RANGE_PROTOTYPE,MISSING_PERSON_CAMERA_K;MISSING_CAMERA_HEIGHT_ATTITUDE;MISSING_CAMERA_RADAR_R_T;MISSING_GROUND_PLANE;MISSING_RUNTIME_FOOTPOINT_INTERVAL,"[[-13.084134760219591, 3.055663068610194]]",16.139797828829785,THETA_X_FULL_RADIAL_FALLBACK,0.0,20.0,12,12,NOT_A_RANGE_CONTRACTION_RESULT_FALLBACK_ONLY,False,False
R02ZF,391,R02ZF_REUSED_R02ZF_PERSON100011,R02ZF_SARF000391__CAUSAL_REPLAY__R02ZF_REUSED_R02ZF_PERSON100011,FOOTPOINT_UNAVAILABLE,RANGE_UNAVAILABLE,,,,PERSON_C0_CALIBRATION_ASSET_RECOVERY_AUDIT,CALIBRATION_ASSETS_INSUFFICIENT_FOR_RUNTIME_RANGE_PROTOTYPE,MISSING_PERSON_CAMERA_K;MISSING_CAMERA_HEIGHT_ATTITUDE;MISSING_CAMERA_RADAR_R_T;MISSING_GROUND_PLANE;MISSING_RUNTIME_FOOTPOINT_INTERVAL,"[[-8.744346698113006, 7.175461874112294]]",15.9198085722253,THETA_X_FULL_RADIAL_FALLBACK,0.0,20.0,11,11,NOT_A_RANGE_CONTRACTION_RESULT_FALLBACK_ONLY,False,False
R02ZF,391,R02ZF_REUSED_R02ZF_PERSON100012,R02ZF_SARF000391__CAUSAL_REPLAY__R02ZF_REUSED_R02ZF_PERSON100012,FOOTPOINT_UNAVAILABLE,RANGE_UNAVAILABLE,,,,PERSON_C0_CALIBRATION_ASSET_RECOVERY_AUDIT,CALIBRATION_ASSETS_INSUFFICIENT_FOR_RUNTIME_RANGE_PROTOTYPE,MISSING_PERSON_CAMERA_K;MISSING_CAMERA_HEIGHT_ATTITUDE;MISSING_CAMERA_RADAR_R_T;MISSING_GROUND_PLANE;MISSING_RUNTIME_FOOTPOINT_INTERVAL,"[[-8.744346698113006, 7.175461874112294]]",15.9198085722253,THETA_X_FULL_RADIAL_FALLBACK,0.0,20.0,11,11,NOT_A_RANGE_CONTRACTION_RESULT_FALLBACK_ONLY,False,False
R02ZF,392,R02ZF_REUSED_R02ZF_PERSON100010,R02ZF_SARF000392__CAUSAL_REPLAY__R02ZF_REUSED_R02ZF_PERSON100010,FOOTPOINT_UNAVAILABLE,RANGE_UNAVAILABLE,,,,PERSON_C0_CALIBRATION_ASSET_RECOVERY_AUDIT,CALIBRATION_ASSETS_INSUFFICIENT_FOR_RUNTIME_RANGE_PROTOTYPE,MISSING_PERSON_CAMERA_K;MISSING_CAMERA_HEIGHT_ATTITUDE;MISSING_CAMERA_RADAR_R_T;MISSING_GROUND_PLANE;MISSING_RUNTIME_FOOTPOINT_INTERVAL,"[[-13.084134760219591, 3.055663068610194]]",16.139797828829785,THETA_X_FULL_RADIAL_FALLBACK,0.0,20.0,16,16,NOT_A_RANGE_CONTRACTION_RESULT_FALLBACK_ONLY,False,False
R02ZF,392,R02ZF_REUSED_R02ZF_PERSON100011,R02ZF_SARF000392__CAUSAL_REPLAY__R02ZF_REUSED_R02ZF_PERSON100011,FOOTPOINT_UNAVAILABLE,RANGE_UNAVAILABLE,,,,PERSON_C0_CALIBRATION_ASSET_RECOVERY_AUDIT,CALIBRATION_ASSETS_INSUFFICIENT_FOR_RUNTIME_RANGE_PROTOTYPE,MISSING_PERSON_CAMERA_K;MISSING_CAMERA_HEIGHT_ATTITUDE;MISSING_CAMERA_RADAR_R_T;MISSING_GROUND_PLANE;MISSING_RUNTIME_FOOTPOINT_INTERVAL,"[[-8.744346698113006, 7.175461874112294]]",15.9198085722253,THETA_X_FULL_RADIAL_FALLBACK,0.0,20.0,16,16,NOT_A_RANGE_CONTRACTION_RESULT_FALLBACK_ONLY,False,False
R02ZF,392,R02ZF_REUSED_R02ZF_PERSON100012,R02ZF_SARF000392__CAUSAL_REPLAY__R02ZF_REUSED_R02ZF_PERSON100012,FOOTPOINT_UNAVAILABLE,RANGE_UNAVAILABLE,,,,PERSON_C0_CALIBRATION_ASSET_RECOVERY_AUDIT,CALIBRATION_ASSETS_INSUFFICIENT_FOR_RUNTIME_RANGE_PROTOTYPE,MISSING_PERSON_CAMERA_K;MISSING_CAMERA_HEIGHT_ATTITUDE;MISSING_CAMERA_RADAR_R_T;MISSING_GROUND_PLANE;MISSING_RUNTIME_FOOTPOINT_INTERVAL,"[[-8.744346698113006, 7.175461874112294]]",15.9198085722253,THETA_X_FULL_RADIAL_FALLBACK,0.0,20.0,16,16,NOT_A_RANGE_CONTRACTION_RESULT_FALLBACK_ONLY,False,False
R02ZF,393,R02ZF_REUSED_R02ZF_PERSON100011,R02ZF_SARF000393__CAUSAL_REPLAY__R02ZF_REUSED_R02ZF_PERSON100011,FOOTPOINT_UNAVAILABLE,RANGE_UNAVAILABLE,,,,PERSON_C0_CALIBRATION_ASSET_RECOVERY_AUDIT,CALIBRATION_ASSETS_INSUFFICIENT_FOR_RUNTIME_RANGE_PROTOTYPE,MISSING_PERSON_CAMERA_K;MISSING_CAMERA_HEIGHT_ATTITUDE;MISSING_CAMERA_RADAR_R_T;MISSING_GROUND_PLANE;MISSING_RUNTIME_FOOTPOINT_INTERVAL,"[[-8.744346698113006, 7.175461874112294]]",15.9198085722253,THETA_X_FULL_RADIAL_FALLBACK,0.0,20.0,13,13,NOT_A_RANGE_CONTRACTION_RESULT_FALLBACK_ONLY,False,False
R02ZF,393,R02ZF_REUSED_R02ZF_PERSON100012,R02ZF_SARF000393__CAUSAL_REPLAY__R02ZF_REUSED_R02ZF_PERSON100012,FOOTPOINT_UNAVAILABLE,RANGE_UNAVAILABLE,,,,PERSON_C0_CALIBRATION_ASSET_RECOVERY_AUDIT,CALIBRATION_ASSETS_INSUFFICIENT_FOR_RUNTIME_RANGE_PROTOTYPE,MISSING_PERSON_CAMERA_K;MISSING_CAMERA_HEIGHT_ATTITUDE;MISSING_CAMERA_RADAR_R_T;MISSING_GROUND_PLANE;MISSING_RUNTIME_FOOTPOINT_INTERVAL,"[[-8.744346698113006, 7.175461874112294]]",15.9198085722253,THETA_X_FULL_RADIAL_FALLBACK,0.0,20.0,13,13,NOT_A_RANGE_CONTRACTION_RESULT_FALLBACK_ONLY,False,False
R02ZF,394,R02ZF_REUSED_R02ZF_PERSON100011,R02ZF_SARF000394__CAUSAL_REPLAY__R02ZF_REUSED_R02ZF_PERSON100011,FOOTPOINT_UNAVAILABLE,RANGE_UNAVAILABLE,,,,PERSON_C0_CALIBRATION_ASSET_RECOVERY_AUDIT,CALIBRATION_ASSETS_INSUFFICIENT_FOR_RUNTIME_RANGE_PROTOTYPE,MISSING_PERSON_CAMERA_K;MISSING_CAMERA_HEIGHT_ATTITUDE;MISSING_CAMERA_RADAR_R_T;MISSING_GROUND_PLANE;MISSING_RUNTIME_FOOTPOINT_INTERVAL,"[[-8.744346698113006, 7.175461874112294]]",15.9198085722253,THETA_X_FULL_RADIAL_FALLBACK,0.0,20.0,11,11,NOT_A_RANGE_CONTRACTION_RESULT_FALLBACK_ONLY,False,False
R02ZF,394,R02ZF_REUSED_R02ZF_PERSON100012,R02ZF_SARF000394__CAUSAL_REPLAY__R02ZF_REUSED_R02ZF_PERSON100012,FOOTPOINT_UNAVAILABLE,RANGE_UNAVAILABLE,,,,PERSON_C0_CALIBRATION_ASSET_RECOVERY_AUDIT,CALIBRATION_ASSETS_INSUFFICIENT_FOR_RUNTIME_RANGE_PROTOTYPE,MISSING_PERSON_CAMERA_K;MISSING_CAMERA_HEIGHT_ATTITUDE;MISSING_CAMERA_RADAR_R_T;MISSING_GROUND_PLANE;MISSING_RUNTIME_FOOTPOINT_INTERVAL,"[[-8.744346698113006, 7.175461874112294]]",15.9198085722253,THETA_X_FULL_RADIAL_FALLBACK,0.0,20.0,11,11,NOT_A_RANGE_CONTRACTION_RESULT_FALLBACK_ONLY,False,False
R02ZF,400,R02ZF_REUSED_R02ZF_PERSON100013,R02ZF_SARF000400__CAUSAL_REPLAY__R02ZF_REUSED_R02ZF_PERSON100013,FOOTPOINT_UNAVAILABLE,RANGE_UNAVAILABLE,,,,PERSON_C0_CALIBRATION_ASSET_RECOVERY_AUDIT,CALIBRATION_ASSETS_INSUFFICIENT_FOR_RUNTIME_RANGE_PROTOTYPE,MISSING_PERSON_CAMERA_K;MISSING_CAMERA_HEIGHT_ATTITUDE;MISSING_CAMERA_RADAR_R_T;MISSING_GROUND_PLANE;MISSING_RUNTIME_FOOTPOINT_INTERVAL,"[[-17.043941379100254, -4.0639892360439305]]",12.979952143056323,THETA_X_FULL_RADIAL_FALLBACK,0.0,20.0,16,16,NOT_A_RANGE_CONTRACTION_RESULT_FALLBACK_ONLY,False,False
R02ZF,401,R02ZF_REUSED_R02ZF_PERSON100013,R02ZF_SARF000401__CAUSAL_REPLAY__R02ZF_REUSED_R02ZF_PERSON100013,FOOTPOINT_UNAVAILABLE,RANGE_UNAVAILABLE,,,,PERSON_C0_CALIBRATION_ASSET_RECOVERY_AUDIT,CALIBRATION_ASSETS_INSUFFICIENT_FOR_RUNTIME_RANGE_PROTOTYPE,MISSING_PERSON_CAMERA_K;MISSING_CAMERA_HEIGHT_ATTITUDE;MISSING_CAMERA_RADAR_R_T;MISSING_GROUND_PLANE;MISSING_RUNTIME_FOOTPOINT_INTERVAL,"[[-17.043941379100254, -4.0639892360439305]]",12.979952143056323,THETA_X_FULL_RADIAL_FALLBACK,0.0,20.0,12,12,NOT_A_RANGE_CONTRACTION_RESULT_FALLBACK_ONLY,False,False
R02ZF,402,R02ZF_REUSED_R02ZF_PERSON100013,R02ZF_SARF000402__CAUSAL_REPLAY__R02ZF_REUSED_R02ZF_PERSON100013,FOOTPOINT_UNAVAILABLE,RANGE_UNAVAILABLE,,,,PERSON_C0_CALIBRATION_ASSET_RECOVERY_AUDIT,CALIBRATION_ASSETS_INSUFFICIENT_FOR_RUNTIME_RANGE_PROTOTYPE,MISSING_PERSON_CAMERA_K;MISSING_CAMERA_HEIGHT_ATTITUDE;MISSING_CAMERA_RADAR_R_T;MISSING_GROUND_PLANE;MISSING_RUNTIME_FOOTPOINT_INTERVAL,"[[-17.043941379100254, -4.0639892360439305]]",12.979952143056323,THETA_X_FULL_RADIAL_FALLBACK,0.0,20.0,10,10,NOT_A_RANGE_CONTRACTION_RESULT_FALLBACK_ONLY,False,False
R02ZF,403,R02ZF_REUSED_R02ZF_PERSON100013,R02ZF_SARF000403__CAUSAL_REPLAY__R02ZF_REUSED_R02ZF_PERSON100013,FOOTPOINT_UNAVAILABLE,RANGE_UNAVAILABLE,,,,PERSON_C0_CALIBRATION_ASSET_RECOVERY_AUDIT,CALIBRATION_ASSETS_INSUFFICIENT_FOR_RUNTIME_RANGE_PROTOTYPE,MISSING_PERSON_CAMERA_K;MISSING_CAMERA_HEIGHT_ATTITUDE;MISSING_CAMERA_RADAR_R_T;MISSING_GROUND_PLANE;MISSING_RUNTIME_FOOTPOINT_INTERVAL,"[[-17.043941379100254, -4.0639892360439305]]",12.979952143056323,THETA_X_FULL_RADIAL_FALLBACK,0.0,20.0,16,16,NOT_A_RANGE_CONTRACTION_RESULT_FALLBACK_ONLY,False,False
R02ZF,404,R02ZF_REUSED_R02ZF_PERSON100013,R02ZF_SARF000404__CAUSAL_REPLAY__R02ZF_REUSED_R02ZF_PERSON100013,FOOTPOINT_UNAVAILABLE,RANGE_UNAVAILABLE,,,,PERSON_C0_CALIBRATION_ASSET_RECOVERY_AUDIT,CALIBRATION_ASSETS_INSUFFICIENT_FOR_RUNTIME_RANGE_PROTOTYPE,MISSING_PERSON_CAMERA_K;MISSING_CAMERA_HEIGHT_ATTITUDE;MISSING_CAMERA_RADAR_R_T;MISSING_GROUND_PLANE;MISSING_RUNTIME_FOOTPOINT_INTERVAL,"[[-17.043941379100254, -4.0639892360439305]]",12.979952143056323,THETA_X_FULL_RADIAL_FALLBACK,0.0,20.0,12,12,NOT_A_RANGE_CONTRACTION_RESULT_FALLBACK_ONLY,False,False
R02ZF,405,R02ZF_REUSED_R02ZF_PERSON100013,R02ZF_SARF000405__CAUSAL_REPLAY__R02ZF_REUSED_R02ZF_PERSON100013,FOOTPOINT_UNAVAILABLE,RANGE_UNAVAILABLE,,,,PERSON_C0_CALIBRATION_ASSET_RECOVERY_AUDIT,CALIBRATION_ASSETS_INSUFFICIENT_FOR_RUNTIME_RANGE_PROTOTYPE,MISSING_PERSON_CAMERA_K;MISSING_CAMERA_HEIGHT_ATTITUDE;MISSING_CAMERA_RADAR_R_T;MISSING_GROUND_PLANE;MISSING_RUNTIME_FOOTPOINT_INTERVAL,"[[-17.043941379100254, -4.0639892360439305]]",12.979952143056323,THETA_X_FULL_RADIAL_FALLBACK,0.0,20.0,12,12,NOT_A_RANGE_CONTRACTION_RESULT_FALLBACK_ONLY,False,False
R02ZF,406,R02ZF_REUSED_R02ZF_PERSON100013,R02ZF_SARF000406__CAUSAL_REPLAY__R02ZF_REUSED_R02ZF_PERSON100013,FOOTPOINT_UNAVAILABLE,RANGE_UNAVAILABLE,,,,PERSON_C0_CALIBRATION_ASSET_RECOVERY_AUDIT,CALIBRATION_ASSETS_INSUFFICIENT_FOR_RUNTIME_RANGE_PROTOTYPE,MISSING_PERSON_CAMERA_K;MISSING_CAMERA_HEIGHT_ATTITUDE;MISSING_CAMERA_RADAR_R_T;MISSING_GROUND_PLANE;MISSING_RUNTIME_FOOTPOINT_INTERVAL,"[[-17.043941379100254, -4.0639892360439305]]",12.979952143056323,THETA_X_FULL_RADIAL_FALLBACK,0.0,20.0,10,10,NOT_A_RANGE_CONTRACTION_RESULT_FALLBACK_ONLY,False,False
R02ZF,407,R02ZF_REUSED_R02ZF_PERSON100013,R02ZF_SARF000407__CAUSAL_REPLAY__R02ZF_REUSED_R02ZF_PERSON100013,FOOTPOINT_UNAVAILABLE,RANGE_UNAVAILABLE,,,,PERSON_C0_CALIBRATION_ASSET_RECOVERY_AUDIT,CALIBRATION_ASSETS_INSUFFICIENT_FOR_RUNTIME_RANGE_PROTOTYPE,MISSING_PERSON_CAMERA_K;MISSING_CAMERA_HEIGHT_ATTITUDE;MISSING_CAMERA_RADAR_R_T;MISSING_GROUND_PLANE;MISSING_RUNTIME_FOOTPOINT_INTERVAL,"[[-17.043941379100254, -4.0639892360439305]]",12.979952143056323,THETA_X_FULL_RADIAL_FALLBACK,0.0,20.0,13,13,NOT_A_RANGE_CONTRACTION_RESULT_FALLBACK_ONLY,False,False
R02ZF,419,R02ZF_REUSED_R02ZF_PERSON100014,R02ZF_SARF000419__CAUSAL_REPLAY__R02ZF_REUSED_R02ZF_PERSON100014,FOOTPOINT_UNAVAILABLE,RANGE_UNAVAILABLE,,,,PERSON_C0_CALIBRATION_ASSET_RECOVERY_AUDIT,CALIBRATION_ASSETS_INSUFFICIENT_FOR_RUNTIME_RANGE_PROTOTYPE,MISSING_PERSON_CAMERA_K;MISSING_CAMERA_HEIGHT_ATTITUDE;MISSING_CAMERA_RADAR_R_T;MISSING_GROUND_PLANE;MISSING_RUNTIME_FOOTPOINT_INTERVAL,"[[-11.664204103954305, 1.495739249051141]]",13.159943353005445,THETA_X_FULL_RADIAL_FALLBACK,0.0,20.0,16,16,NOT_A_RANGE_CONTRACTION_RESULT_FALLBACK_ONLY,False,False
R02ZF,420,R02ZF_REUSED_R02ZF_PERSON100014,R02ZF_SARF000420__CAUSAL_REPLAY__R02ZF_REUSED_R02ZF_PERSON100014,FOOTPOINT_UNAVAILABLE,RANGE_UNAVAILABLE,,,,PERSON_C0_CALIBRATION_ASSET_RECOVERY_AUDIT,CALIBRATION_ASSETS_INSUFFICIENT_FOR_RUNTIME_RANGE_PROTOTYPE,MISSING_PERSON_CAMERA_K;MISSING_CAMERA_HEIGHT_ATTITUDE;MISSING_CAMERA_RADAR_R_T;MISSING_GROUND_PLANE;MISSING_RUNTIME_FOOTPOINT_INTERVAL,"[[-11.664204103954305, 1.495739249051141]]",13.159943353005445,THETA_X_FULL_RADIAL_FALLBACK,0.0,20.0,13,13,NOT_A_RANGE_CONTRACTION_RESULT_FALLBACK_ONLY,False,False
R02ZF,420,R02ZF_REUSED_R02ZF_PERSON100015,R02ZF_SARF000420__CAUSAL_REPLAY__R02ZF_REUSED_R02ZF_PERSON100015,FOOTPOINT_UNAVAILABLE,RANGE_UNAVAILABLE,,,,PERSON_C0_CALIBRATION_ASSET_RECOVERY_AUDIT,CALIBRATION_ASSETS_INSUFFICIENT_FOR_RUNTIME_RANGE_PROTOTYPE,MISSING_PERSON_CAMERA_K;MISSING_CAMERA_HEIGHT_ATTITUDE;MISSING_CAMERA_RADAR_R_T;MISSING_GROUND_PLANE;MISSING_RUNTIME_FOOTPOINT_INTERVAL,"[[-10.804246100864063, 2.215704088847623]]",13.019950189711686,THETA_X_FULL_RADIAL_FALLBACK,0.0,20.0,13,13,NOT_A_RANGE_CONTRACTION_RESULT_FALLBACK_ONLY,False,False
R02ZF,421,R02ZF_REUSED_R02ZF_PERSON100014,R02ZF_SARF000421__CAUSAL_REPLAY__R02ZF_REUSED_R02ZF_PERSON100014,FOOTPOINT_UNAVAILABLE,RANGE_UNAVAILABLE,,,,PERSON_C0_CALIBRATION_ASSET_RECOVERY_AUDIT,CALIBRATION_ASSETS_INSUFFICIENT_FOR_RUNTIME_RANGE_PROTOTYPE,MISSING_PERSON_CAMERA_K;MISSING_CAMERA_HEIGHT_ATTITUDE;MISSING_CAMERA_RADAR_R_T;MISSING_GROUND_PLANE;MISSING_RUNTIME_FOOTPOINT_INTERVAL,"[[-11.664204103954305, 1.495739249051141]]",13.159943353005445,THETA_X_FULL_RADIAL_FALLBACK,0.0,20.0,18,18,NOT_A_RANGE_CONTRACTION_RESULT_FALLBACK_ONLY,False,False
R02ZF,421,R02ZF_REUSED_R02ZF_PERSON100015,R02ZF_SARF000421__CAUSAL_REPLAY__R02ZF_REUSED_R02ZF_PERSON100015,FOOTPOINT_UNAVAILABLE,RANGE_UNAVAILABLE,,,,PERSON_C0_CALIBRATION_ASSET_RECOVERY_AUDIT,CALIBRATION_ASSETS_INSUFFICIENT_FOR_RUNTIME_RANGE_PROTOTYPE,MISSING_PERSON_CAMERA_K;MISSING_CAMERA_HEIGHT_ATTITUDE;MISSING_CAMERA_RADAR_R_T;MISSING_GROUND_PLANE;MISSING_RUNTIME_FOOTPOINT_INTERVAL,"[[-10.804246100864063, 2.215704088847623]]",13.019950189711686,THETA_X_FULL_RADIAL_FALLBACK,0.0,20.0,16,16,NOT_A_RANGE_CONTRACTION_RESULT_FALLBACK_ONLY,False,False
R02ZF,422,R02ZF_REUSED_R02ZF_PERSON100014,R02ZF_SARF000422__CAUSAL_REPLAY__R02ZF_REUSED_R02ZF_PERSON100014,FOOTPOINT_UNAVAILABLE,RANGE_UNAVAILABLE,,,,PERSON_C0_CALIBRATION_ASSET_RECOVERY_AUDIT,CALIBRATION_ASSETS_INSUFFICIENT_FOR_RUNTIME_RANGE_PROTOTYPE,MISSING_PERSON_CAMERA_K;MISSING_CAMERA_HEIGHT_ATTITUDE;MISSING_CAMERA_RADAR_R_T;MISSING_GROUND_PLANE;MISSING_RUNTIME_FOOTPOINT_INTERVAL,"[[-11.664204103954305, 1.495739249051141]]",13.159943353005445,THETA_X_FULL_RADIAL_FALLBACK,0.0,20.0,17,17,NOT_A_RANGE_CONTRACTION_RESULT_FALLBACK_ONLY,False,False
R02ZF,422,R02ZF_REUSED_R02ZF_PERSON100015,R02ZF_SARF000422__CAUSAL_REPLAY__R02ZF_REUSED_R02ZF_PERSON100015,FOOTPOINT_UNAVAILABLE,RANGE_UNAVAILABLE,,,,PERSON_C0_CALIBRATION_ASSET_RECOVERY_AUDIT,CALIBRATION_ASSETS_INSUFFICIENT_FOR_RUNTIME_RANGE_PROTOTYPE,MISSING_PERSON_CAMERA_K;MISSING_CAMERA_HEIGHT_ATTITUDE;MISSING_CAMERA_RADAR_R_T;MISSING_GROUND_PLANE;MISSING_RUNTIME_FOOTPOINT_INTERVAL,"[[-10.804246100864063, 2.215704088847623]]",13.019950189711686,THETA_X_FULL_RADIAL_FALLBACK,0.0,20.0,17,17,NOT_A_RANGE_CONTRACTION_RESULT_FALLBACK_ONLY,False,False
R02ZF,423,R02ZF_REUSED_R02ZF_PERSON100014,R02ZF_SARF000423__CAUSAL_REPLAY__R02ZF_REUSED_R02ZF_PERSON100014,FOOTPOINT_UNAVAILABLE,RANGE_UNAVAILABLE,,,,PERSON_C0_CALIBRATION_ASSET_RECOVERY_AUDIT,CALIBRATION_ASSETS_INSUFFICIENT_FOR_RUNTIME_RANGE_PROTOTYPE,MISSING_PERSON_CAMERA_K;MISSING_CAMERA_HEIGHT_ATTITUDE;MISSING_CAMERA_RADAR_R_T;MISSING_GROUND_PLANE;MISSING_RUNTIME_FOOTPOINT_INTERVAL,"[[-11.664204103954305, 1.495739249051141]]",13.159943353005445,THETA_X_FULL_RADIAL_FALLBACK,0.0,20.0,16,16,NOT_A_RANGE_CONTRACTION_RESULT_FALLBACK_ONLY,False,False
R02ZF,423,R02ZF_REUSED_R02ZF_PERSON100015,R02ZF_SARF000423__CAUSAL_REPLAY__R02ZF_REUSED_R02ZF_PERSON100015,FOOTPOINT_UNAVAILABLE,RANGE_UNAVAILABLE,,,,PERSON_C0_CALIBRATION_ASSET_RECOVERY_AUDIT,CALIBRATION_ASSETS_INSUFFICIENT_FOR_RUNTIME_RANGE_PROTOTYPE,MISSING_PERSON_CAMERA_K;MISSING_CAMERA_HEIGHT_ATTITUDE;MISSING_CAMERA_RADAR_R_T;MISSING_GROUND_PLANE;MISSING_RUNTIME_FOOTPOINT_INTERVAL,"[[-10.804246100864063, 2.215704088847623]]",13.019950189711686,THETA_X_FULL_RADIAL_FALLBACK,0.0,20.0,17,17,NOT_A_RANGE_CONTRACTION_RESULT_FALLBACK_ONLY,False,False
R02ZF,424,R02ZF_REUSED_R02ZF_PERSON100014,R02ZF_SARF000424__CAUSAL_REPLAY__R02ZF_REUSED_R02ZF_PERSON100014,FOOTPOINT_UNAVAILABLE,RANGE_UNAVAILABLE,,,,PERSON_C0_CALIBRATION_ASSET_RECOVERY_AUDIT,CALIBRATION_ASSETS_INSUFFICIENT_FOR_RUNTIME_RANGE_PROTOTYPE,MISSING_PERSON_CAMERA_K;MISSING_CAMERA_HEIGHT_ATTITUDE;MISSING_CAMERA_RADAR_R_T;MISSING_GROUND_PLANE;MISSING_RUNTIME_FOOTPOINT_INTERVAL,"[[-11.664204103954305, 1.495739249051141]]",13.159943353005445,THETA_X_FULL_RADIAL_FALLBACK,0.0,20.0,12,12,NOT_A_RANGE_CONTRACTION_RESULT_FALLBACK_ONLY,False,False
R02ZF,424,R02ZF_REUSED_R02ZF_PERSON100015,R02ZF_SARF000424__CAUSAL_REPLAY__R02ZF_REUSED_R02ZF_PERSON100015,FOOTPOINT_UNAVAILABLE,RANGE_UNAVAILABLE,,,,PERSON_C0_CALIBRATION_ASSET_RECOVERY_AUDIT,CALIBRATION_ASSETS_INSUFFICIENT_FOR_RUNTIME_RANGE_PROTOTYPE,MISSING_PERSON_CAMERA_K;MISSING_CAMERA_HEIGHT_ATTITUDE;MISSING_CAMERA_RADAR_R_T;MISSING_GROUND_PLANE;MISSING_RUNTIME_FOOTPOINT_INTERVAL,"[[-10.804246100864063, 2.215704088847623]]",13.019950189711686,THETA_X_FULL_RADIAL_FALLBACK,0.0,20.0,13,13,NOT_A_RANGE_CONTRACTION_RESULT_FALLBACK_ONLY,False,False
R02ZF,425,R02ZF_REUSED_R02ZF_PERSON100014,R02ZF_SARF000425__CAUSAL_REPLAY__R02ZF_REUSED_R02ZF_PERSON100014,FOOTPOINT_UNAVAILABLE,RANGE_UNAVAILABLE,,,,PERSON_C0_CALIBRATION_ASSET_RECOVERY_AUDIT,CALIBRATION_ASSETS_INSUFFICIENT_FOR_RUNTIME_RANGE_PROTOTYPE,MISSING_PERSON_CAMERA_K;MISSING_CAMERA_HEIGHT_ATTITUDE;MISSING_CAMERA_RADAR_R_T;MISSING_GROUND_PLANE;MISSING_RUNTIME_FOOTPOINT_INTERVAL,"[[-11.664204103954305, 1.495739249051141]]",13.159943353005445,THETA_X_FULL_RADIAL_FALLBACK,0.0,20.0,15,15,NOT_A_RANGE_CONTRACTION_RESULT_FALLBACK_ONLY,False,False
R02ZF,425,R02ZF_REUSED_R02ZF_PERSON100015,R02ZF_SARF000425__CAUSAL_REPLAY__R02ZF_REUSED_R02ZF_PERSON100015,FOOTPOINT_UNAVAILABLE,RANGE_UNAVAILABLE,,,,PERSON_C0_CALIBRATION_ASSET_RECOVERY_AUDIT,CALIBRATION_ASSETS_INSUFFICIENT_FOR_RUNTIME_RANGE_PROTOTYPE,MISSING_PERSON_CAMERA_K;MISSING_CAMERA_HEIGHT_ATTITUDE;MISSING_CAMERA_RADAR_R_T;MISSING_GROUND_PLANE;MISSING_RUNTIME_FOOTPOINT_INTERVAL,"[[-10.804246100864063, 2.215704088847623]]",13.019950189711686,THETA_X_FULL_RADIAL_FALLBACK,0.0,20.0,16,16,NOT_A_RANGE_CONTRACTION_RESULT_FALLBACK_ONLY,False,False
R02ZF,425,R02ZF_REUSED_R02ZF_PERSON100016,R02ZF_SARF000425__CAUSAL_REPLAY__R02ZF_REUSED_R02ZF_PERSON100016,FOOTPOINT_UNAVAILABLE,RANGE_UNAVAILABLE,,,,PERSON_C0_CALIBRATION_ASSET_RECOVERY_AUDIT,CALIBRATION_ASSETS_INSUFFICIENT_FOR_RUNTIME_RANGE_PROTOTYPE,MISSING_PERSON_CAMERA_K;MISSING_CAMERA_HEIGHT_ATTITUDE;MISSING_CAMERA_RADAR_R_T;MISSING_GROUND_PLANE;MISSING_RUNTIME_FOOTPOINT_INTERVAL,"[[-9.464311537909495, 3.7356298617513133]]",13.199941399660808,THETA_X_FULL_RADIAL_FALLBACK,0.0,20.0,16,16,NOT_A_RANGE_CONTRACTION_RESULT_FALLBACK_ONLY,False,False
R02ZF,426,R02ZF_REUSED_R02ZF_PERSON100015,R02ZF_SARF000426__CAUSAL_REPLAY__R02ZF_REUSED_R02ZF_PERSON100015,FOOTPOINT_UNAVAILABLE,RANGE_UNAVAILABLE,,,,PERSON_C0_CALIBRATION_ASSET_RECOVERY_AUDIT,CALIBRATION_ASSETS_INSUFFICIENT_FOR_RUNTIME_RANGE_PROTOTYPE,MISSING_PERSON_CAMERA_K;MISSING_CAMERA_HEIGHT_ATTITUDE;MISSING_CAMERA_RADAR_R_T;MISSING_GROUND_PLANE;MISSING_RUNTIME_FOOTPOINT_INTERVAL,"[[-10.804246100864063, 2.215704088847623]]",13.019950189711686,THETA_X_FULL_RADIAL_FALLBACK,0.0,20.0,14,14,NOT_A_RANGE_CONTRACTION_RESULT_FALLBACK_ONLY,False,False
R02ZF,426,R02ZF_REUSED_R02ZF_PERSON100016,R02ZF_SARF000426__CAUSAL_REPLAY__R02ZF_REUSED_R02ZF_PERSON100016,FOOTPOINT_UNAVAILABLE,RANGE_UNAVAILABLE,,,,PERSON_C0_CALIBRATION_ASSET_RECOVERY_AUDIT,CALIBRATION_ASSETS_INSUFFICIENT_FOR_RUNTIME_RANGE_PROTOTYPE,MISSING_PERSON_CAMERA_K;MISSING_CAMERA_HEIGHT_ATTITUDE;MISSING_CAMERA_RADAR_R_T;MISSING_GROUND_PLANE;MISSING_RUNTIME_FOOTPOINT_INTERVAL,"[[-9.464311537909495, 3.7356298617513133]]",13.199941399660808,THETA_X_FULL_RADIAL_FALLBACK,0.0,20.0,14,14,NOT_A_RANGE_CONTRACTION_RESULT_FALLBACK_ONLY,False,False
R02ZF,427,R02ZF_REUSED_R02ZF_PERSON011,R02ZF_SARF000427__CAUSAL_REPLAY__R02ZF_REUSED_R02ZF_PERSON011,FOOTPOINT_UNAVAILABLE,RANGE_UNAVAILABLE,,,,PERSON_C0_CALIBRATION_ASSET_RECOVERY_AUDIT,CALIBRATION_ASSETS_INSUFFICIENT_FOR_RUNTIME_RANGE_PROTOTYPE,MISSING_PERSON_CAMERA_K;MISSING_CAMERA_HEIGHT_ATTITUDE;MISSING_CAMERA_RADAR_R_T;MISSING_GROUND_PLANE;MISSING_RUNTIME_FOOTPOINT_INTERVAL,"[[-8.876140392044064, 4.323286709815662]]",13.199427101859726,THETA_X_FULL_RADIAL_FALLBACK,0.0,20.0,14,14,NOT_A_RANGE_CONTRACTION_RESULT_FALLBACK_ONLY,False,False
R02ZF,427,R02ZF_REUSED_R02ZF_PERSON100015,R02ZF_SARF000427__CAUSAL_REPLAY__R02ZF_REUSED_R02ZF_PERSON100015,FOOTPOINT_UNAVAILABLE,RANGE_UNAVAILABLE,,,,PERSON_C0_CALIBRATION_ASSET_RECOVERY_AUDIT,CALIBRATION_ASSETS_INSUFFICIENT_FOR_RUNTIME_RANGE_PROTOTYPE,MISSING_PERSON_CAMERA_K;MISSING_CAMERA_HEIGHT_ATTITUDE;MISSING_CAMERA_RADAR_R_T;MISSING_GROUND_PLANE;MISSING_RUNTIME_FOOTPOINT_INTERVAL,"[[-10.804246100864063, 2.215704088847623]]",13.019950189711686,THETA_X_FULL_RADIAL_FALLBACK,0.0,20.0,13,13,NOT_A_RANGE_CONTRACTION_RESULT_FALLBACK_ONLY,False,False
R02ZF,427,R02ZF_REUSED_R02ZF_PERSON100016,R02ZF_SARF000427__CAUSAL_REPLAY__R02ZF_REUSED_R02ZF_PERSON100016,FOOTPOINT_UNAVAILABLE,RANGE_UNAVAILABLE,,,,PERSON_C0_CALIBRATION_ASSET_RECOVERY_AUDIT,CALIBRATION_ASSETS_INSUFFICIENT_FOR_RUNTIME_RANGE_PROTOTYPE,MISSING_PERSON_CAMERA_K;MISSING_CAMERA_HEIGHT_ATTITUDE;MISSING_CAMERA_RADAR_R_T;MISSING_GROUND_PLANE;MISSING_RUNTIME_FOOTPOINT_INTERVAL,"[[-9.464311537909495, 3.7356298617513133]]",13.199941399660808,THETA_X_FULL_RADIAL_FALLBACK,0.0,20.0,13,13,NOT_A_RANGE_CONTRACTION_RESULT_FALLBACK_ONLY,False,False
R02ZF,428,R02ZF_REUSED_R02ZF_PERSON011,R02ZF_SARF000428__CAUSAL_REPLAY__R02ZF_REUSED_R02ZF_PERSON011,FOOTPOINT_UNAVAILABLE,RANGE_UNAVAILABLE,,,,PERSON_C0_CALIBRATION_ASSET_RECOVERY_AUDIT,CALIBRATION_ASSETS_INSUFFICIENT_FOR_RUNTIME_RANGE_PROTOTYPE,MISSING_PERSON_CAMERA_K;MISSING_CAMERA_HEIGHT_ATTITUDE;MISSING_CAMERA_RADAR_R_T;MISSING_GROUND_PLANE;MISSING_RUNTIME_FOOTPOINT_INTERVAL,"[[-8.876140392044064, 4.323286709815662]]",13.199427101859726,THETA_X_FULL_RADIAL_FALLBACK,0.0,20.0,14,14,NOT_A_RANGE_CONTRACTION_RESULT_FALLBACK_ONLY,False,False
R02ZF,428,R02ZF_REUSED_R02ZF_PERSON100016,R02ZF_SARF000428__CAUSAL_REPLAY__R02ZF_REUSED_R02ZF_PERSON100016,FOOTPOINT_UNAVAILABLE,RANGE_UNAVAILABLE,,,,PERSON_C0_CALIBRATION_ASSET_RECOVERY_AUDIT,CALIBRATION_ASSETS_INSUFFICIENT_FOR_RUNTIME_RANGE_PROTOTYPE,MISSING_PERSON_CAMERA_K;MISSING_CAMERA_HEIGHT_ATTITUDE;MISSING_CAMERA_RADAR_R_T;MISSING_GROUND_PLANE;MISSING_RUNTIME_FOOTPOINT_INTERVAL,"[[-9.464311537909495, 3.7356298617513133]]",13.199941399660808,THETA_X_FULL_RADIAL_FALLBACK,0.0,20.0,15,15,NOT_A_RANGE_CONTRACTION_RESULT_FALLBACK_ONLY,False,False
R02ZF,429,R02ZF_REUSED_R02ZF_PERSON011,R02ZF_SARF000429__CAUSAL_REPLAY__R02ZF_REUSED_R02ZF_PERSON011,FOOTPOINT_UNAVAILABLE,RANGE_UNAVAILABLE,,,,PERSON_C0_CALIBRATION_ASSET_RECOVERY_AUDIT,CALIBRATION_ASSETS_INSUFFICIENT_FOR_RUNTIME_RANGE_PROTOTYPE,MISSING_PERSON_CAMERA_K;MISSING_CAMERA_HEIGHT_ATTITUDE;MISSING_CAMERA_RADAR_R_T;MISSING_GROUND_PLANE;MISSING_RUNTIME_FOOTPOINT_INTERVAL,"[[-8.876140392044064, 4.830065346189748]]",13.706205738233812,THETA_X_FULL_RADIAL_FALLBACK,0.0,20.0,13,13,NOT_A_RANGE_CONTRACTION_RESULT_FALLBACK_ONLY,False,False
R02ZF,429,R02ZF_REUSED_R02ZF_PERSON100016,R02ZF_SARF000429__CAUSAL_REPLAY__R02ZF_REUSED_R02ZF_PERSON100016,FOOTPOINT_UNAVAILABLE,RANGE_UNAVAILABLE,,,,PERSON_C0_CALIBRATION_ASSET_RECOVERY_AUDIT,CALIBRATION_ASSETS_INSUFFICIENT_FOR_RUNTIME_RANGE_PROTOTYPE,MISSING_PERSON_CAMERA_K;MISSING_CAMERA_HEIGHT_ATTITUDE;MISSING_CAMERA_RADAR_R_T;MISSING_GROUND_PLANE;MISSING_RUNTIME_FOOTPOINT_INTERVAL,"[[-9.464311537909495, 3.7356298617513133]]",13.199941399660808,THETA_X_FULL_RADIAL_FALLBACK,0.0,20.0,13,13,NOT_A_RANGE_CONTRACTION_RESULT_FALLBACK_ONLY,False,False
R02ZF,430,R02ZF_REUSED_R02ZF_PERSON011,R02ZF_SARF000430__CAUSAL_REPLAY__R02ZF_REUSED_R02ZF_PERSON011,FOOTPOINT_UNAVAILABLE,RANGE_UNAVAILABLE,,,,PERSON_C0_CALIBRATION_ASSET_RECOVERY_AUDIT,CALIBRATION_ASSETS_INSUFFICIENT_FOR_RUNTIME_RANGE_PROTOTYPE,MISSING_PERSON_CAMERA_K;MISSING_CAMERA_HEIGHT_ATTITUDE;MISSING_CAMERA_RADAR_R_T;MISSING_GROUND_PLANE;MISSING_RUNTIME_FOOTPOINT_INTERVAL,"[[-8.876140392044064, 4.830065346189748]]",13.706205738233812,THETA_X_FULL_RADIAL_FALLBACK,0.0,20.0,13,13,NOT_A_RANGE_CONTRACTION_RESULT_FALLBACK_ONLY,False,False
R02ZF,430,R02ZF_REUSED_R02ZF_PERSON100016,R02ZF_SARF000430__CAUSAL_REPLAY__R02ZF_REUSED_R02ZF_PERSON100016,FOOTPOINT_UNAVAILABLE,RANGE_UNAVAILABLE,,,,PERSON_C0_CALIBRATION_ASSET_RECOVERY_AUDIT,CALIBRATION_ASSETS_INSUFFICIENT_FOR_RUNTIME_RANGE_PROTOTYPE,MISSING_PERSON_CAMERA_K;MISSING_CAMERA_HEIGHT_ATTITUDE;MISSING_CAMERA_RADAR_R_T;MISSING_GROUND_PLANE;MISSING_RUNTIME_FOOTPOINT_INTERVAL,"[[-9.464311537909495, 3.7356298617513133]]",13.199941399660808,THETA_X_FULL_RADIAL_FALLBACK,0.0,20.0,13,13,NOT_A_RANGE_CONTRACTION_RESULT_FALLBACK_ONLY,False,False
R02ZF,430,R02ZF_REUSED_R02ZF_PERSON100017,R02ZF_SARF000430__CAUSAL_REPLAY__R02ZF_REUSED_R02ZF_PERSON100017,FOOTPOINT_UNAVAILABLE,RANGE_UNAVAILABLE,,,,PERSON_C0_CALIBRATION_ASSET_RECOVERY_AUDIT,CALIBRATION_ASSETS_INSUFFICIENT_FOR_RUNTIME_RANGE_PROTOTYPE,MISSING_PERSON_CAMERA_K;MISSING_CAMERA_HEIGHT_ATTITUDE;MISSING_CAMERA_RADAR_R_T;MISSING_GROUND_PLANE;MISSING_RUNTIME_FOOTPOINT_INTERVAL,"[[-8.104377951627242, 5.255555634655003]]",13.359933586282246,THETA_X_FULL_RADIAL_FALLBACK,0.0,20.0,13,13,NOT_A_RANGE_CONTRACTION_RESULT_FALLBACK_ONLY,False,False
R02ZF,431,R02ZF_REUSED_R02ZF_PERSON011,R02ZF_SARF000431__CAUSAL_REPLAY__R02ZF_REUSED_R02ZF_PERSON011,FOOTPOINT_UNAVAILABLE,RANGE_UNAVAILABLE,,,,PERSON_C0_CALIBRATION_ASSET_RECOVERY_AUDIT,CALIBRATION_ASSETS_INSUFFICIENT_FOR_RUNTIME_RANGE_PROTOTYPE,MISSING_PERSON_CAMERA_K;MISSING_CAMERA_HEIGHT_ATTITUDE;MISSING_CAMERA_RADAR_R_T;MISSING_GROUND_PLANE;MISSING_RUNTIME_FOOTPOINT_INTERVAL,"[[-8.876140392044064, 4.830065346189748]]",13.706205738233812,THETA_X_FULL_RADIAL_FALLBACK,0.0,20.0,18,18,NOT_A_RANGE_CONTRACTION_RESULT_FALLBACK_ONLY,False,False
R02ZF,431,R02ZF_REUSED_R02ZF_PERSON100016,R02ZF_SARF000431__CAUSAL_REPLAY__R02ZF_REUSED_R02ZF_PERSON100016,FOOTPOINT_UNAVAILABLE,RANGE_UNAVAILABLE,,,,PERSON_C0_CALIBRATION_ASSET_RECOVERY_AUDIT,CALIBRATION_ASSETS_INSUFFICIENT_FOR_RUNTIME_RANGE_PROTOTYPE,MISSING_PERSON_CAMERA_K;MISSING_CAMERA_HEIGHT_ATTITUDE;MISSING_CAMERA_RADAR_R_T;MISSING_GROUND_PLANE;MISSING_RUNTIME_FOOTPOINT_INTERVAL,"[[-9.464311537909495, 3.7356298617513133]]",13.199941399660808,THETA_X_FULL_RADIAL_FALLBACK,0.0,20.0,18,18,NOT_A_RANGE_CONTRACTION_RESULT_FALLBACK_ONLY,False,False
R02ZF,431,R02ZF_REUSED_R02ZF_PERSON100017,R02ZF_SARF000431__CAUSAL_REPLAY__R02ZF_REUSED_R02ZF_PERSON100017,FOOTPOINT_UNAVAILABLE,RANGE_UNAVAILABLE,,,,PERSON_C0_CALIBRATION_ASSET_RECOVERY_AUDIT,CALIBRATION_ASSETS_INSUFFICIENT_FOR_RUNTIME_RANGE_PROTOTYPE,MISSING_PERSON_CAMERA_K;MISSING_CAMERA_HEIGHT_ATTITUDE;MISSING_CAMERA_RADAR_R_T;MISSING_GROUND_PLANE;MISSING_RUNTIME_FOOTPOINT_INTERVAL,"[[-8.104377951627242, 5.255555634655003]]",13.359933586282246,THETA_X_FULL_RADIAL_FALLBACK,0.0,20.0,18,18,NOT_A_RANGE_CONTRACTION_RESULT_FALLBACK_ONLY,False,False
R02ZF,432,R02ZF_REUSED_R02ZF_PERSON011,R02ZF_SARF000432__CAUSAL_REPLAY__R02ZF_REUSED_R02ZF_PERSON011,FOOTPOINT_UNAVAILABLE,RANGE_UNAVAILABLE,,,,PERSON_C0_CALIBRATION_ASSET_RECOVERY_AUDIT,CALIBRATION_ASSETS_INSUFFICIENT_FOR_RUNTIME_RANGE_PROTOTYPE,MISSING_PERSON_CAMERA_K;MISSING_CAMERA_HEIGHT_ATTITUDE;MISSING_CAMERA_RADAR_R_T;MISSING_GROUND_PLANE;MISSING_RUNTIME_FOOTPOINT_INTERVAL,"[[-8.876140392044064, 4.830065346189748]]",13.706205738233812,THETA_X_FULL_RADIAL_FALLBACK,0.0,20.0,15,15,NOT_A_RANGE_CONTRACTION_RESULT_FALLBACK_ONLY,False,False
R02ZF,432,R02ZF_REUSED_R02ZF_PERSON100016,R02ZF_SARF000432__CAUSAL_REPLAY__R02ZF_REUSED_R02ZF_PERSON100016,FOOTPOINT_UNAVAILABLE,RANGE_UNAVAILABLE,,,,PERSON_C0_CALIBRATION_ASSET_RECOVERY_AUDIT,CALIBRATION_ASSETS_INSUFFICIENT_FOR_RUNTIME_RANGE_PROTOTYPE,MISSING_PERSON_CAMERA_K;MISSING_CAMERA_HEIGHT_ATTITUDE;MISSING_CAMERA_RADAR_R_T;MISSING_GROUND_PLANE;MISSING_RUNTIME_FOOTPOINT_INTERVAL,"[[-9.464311537909495, 3.7356298617513133]]",13.199941399660808,THETA_X_FULL_RADIAL_FALLBACK,0.0,20.0,12,12,NOT_A_RANGE_CONTRACTION_RESULT_FALLBACK_ONLY,False,False
R02ZF,432,R02ZF_REUSED_R02ZF_PERSON100017,R02ZF_SARF000432__CAUSAL_REPLAY__R02ZF_REUSED_R02ZF_PERSON100017,FOOTPOINT_UNAVAILABLE,RANGE_UNAVAILABLE,,,,PERSON_C0_CALIBRATION_ASSET_RECOVERY_AUDIT,CALIBRATION_ASSETS_INSUFFICIENT_FOR_RUNTIME_RANGE_PROTOTYPE,MISSING_PERSON_CAMERA_K;MISSING_CAMERA_HEIGHT_ATTITUDE;MISSING_CAMERA_RADAR_R_T;MISSING_GROUND_PLANE;MISSING_RUNTIME_FOOTPOINT_INTERVAL,"[[-8.104377951627242, 5.255555634655003]]",13.359933586282246,THETA_X_FULL_RADIAL_FALLBACK,0.0,20.0,15,15,NOT_A_RANGE_CONTRACTION_RESULT_FALLBACK_ONLY,False,False
R02ZF,432,R02ZF_REUSED_R02ZF_PERSON100018,R02ZF_SARF000432__CAUSAL_REPLAY__R02ZF_REUSED_R02ZF_PERSON100018,FOOTPOINT_UNAVAILABLE,RANGE_UNAVAILABLE,,,,PERSON_C0_CALIBRATION_ASSET_RECOVERY_AUDIT,CALIBRATION_ASSETS_INSUFFICIENT_FOR_RUNTIME_RANGE_PROTOTYPE,MISSING_PERSON_CAMERA_K;MISSING_CAMERA_HEIGHT_ATTITUDE;MISSING_CAMERA_RADAR_R_T;MISSING_GROUND_PLANE;MISSING_RUNTIME_FOOTPOINT_INTERVAL,"[[-7.624401391762923, 5.255555634655003]]",12.879957026417927,THETA_X_FULL_RADIAL_FALLBACK,0.0,20.0,15,15,NOT_A_RANGE_CONTRACTION_RESULT_FALLBACK_ONLY,False,False
R02ZF,433,R02ZF_REUSED_R02ZF_PERSON011,R02ZF_SARF000433__CAUSAL_REPLAY__R02ZF_REUSED_R02ZF_PERSON011,FOOTPOINT_UNAVAILABLE,RANGE_UNAVAILABLE,,,,PERSON_C0_CALIBRATION_ASSET_RECOVERY_AUDIT,CALIBRATION_ASSETS_INSUFFICIENT_FOR_RUNTIME_RANGE_PROTOTYPE,MISSING_PERSON_CAMERA_K;MISSING_CAMERA_HEIGHT_ATTITUDE;MISSING_CAMERA_RADAR_R_T;MISSING_GROUND_PLANE;MISSING_RUNTIME_FOOTPOINT_INTERVAL,"[[-8.876140392044064, 4.830065346189748]]",13.706205738233812,THETA_X_FULL_RADIAL_FALLBACK,0.0,20.0,13,13,NOT_A_RANGE_CONTRACTION_RESULT_FALLBACK_ONLY,False,False
R02ZF,433,R02ZF_REUSED_R02ZF_PERSON100017,R02ZF_SARF000433__CAUSAL_REPLAY__R02ZF_REUSED_R02ZF_PERSON100017,FOOTPOINT_UNAVAILABLE,RANGE_UNAVAILABLE,,,,PERSON_C0_CALIBRATION_ASSET_RECOVERY_AUDIT,CALIBRATION_ASSETS_INSUFFICIENT_FOR_RUNTIME_RANGE_PROTOTYPE,MISSING_PERSON_CAMERA_K;MISSING_CAMERA_HEIGHT_ATTITUDE;MISSING_CAMERA_RADAR_R_T;MISSING_GROUND_PLANE;MISSING_RUNTIME_FOOTPOINT_INTERVAL,"[[-8.104377951627242, 5.255555634655003]]",13.359933586282246,THETA_X_FULL_RADIAL_FALLBACK,0.0,20.0,13,13,NOT_A_RANGE_CONTRACTION_RESULT_FALLBACK_ONLY,False,False
R02ZF,433,R02ZF_REUSED_R02ZF_PERSON100018,R02ZF_SARF000433__CAUSAL_REPLAY__R02ZF_REUSED_R02ZF_PERSON100018,FOOTPOINT_UNAVAILABLE,RANGE_UNAVAILABLE,,,,PERSON_C0_CALIBRATION_ASSET_RECOVERY_AUDIT,CALIBRATION_ASSETS_INSUFFICIENT_FOR_RUNTIME_RANGE_PROTOTYPE,MISSING_PERSON_CAMERA_K;MISSING_CAMERA_HEIGHT_ATTITUDE;MISSING_CAMERA_RADAR_R_T;MISSING_GROUND_PLANE;MISSING_RUNTIME_FOOTPOINT_INTERVAL,"[[-7.624401391762923, 5.255555634655003]]",12.879957026417927,THETA_X_FULL_RADIAL_FALLBACK,0.0,20.0,12,12,NOT_A_RANGE_CONTRACTION_RESULT_FALLBACK_ONLY,False,False
R02ZF,434,R02ZF_REUSED_R02ZF_PERSON011,R02ZF_SARF000434__CAUSAL_REPLAY__R02ZF_REUSED_R02ZF_PERSON011,FOOTPOINT_UNAVAILABLE,RANGE_UNAVAILABLE,,,,PERSON_C0_CALIBRATION_ASSET_RECOVERY_AUDIT,CALIBRATION_ASSETS_INSUFFICIENT_FOR_RUNTIME_RANGE_PROTOTYPE,MISSING_PERSON_CAMERA_K;MISSING_CAMERA_HEIGHT_ATTITUDE;MISSING_CAMERA_RADAR_R_T;MISSING_GROUND_PLANE;MISSING_RUNTIME_FOOTPOINT_INTERVAL,"[[-8.876140392044064, 4.830065346189748]]",13.706205738233812,THETA_X_FULL_RADIAL_FALLBACK,0.0,20.0,11,11,NOT_A_RANGE_CONTRACTION_RESULT_FALLBACK_ONLY,False,False
R02ZF,434,R02ZF_REUSED_R02ZF_PERSON100017,R02ZF_SARF000434__CAUSAL_REPLAY__R02ZF_REUSED_R02ZF_PERSON100017,FOOTPOINT_UNAVAILABLE,RANGE_UNAVAILABLE,,,,PERSON_C0_CALIBRATION_ASSET_RECOVERY_AUDIT,CALIBRATION_ASSETS_INSUFFICIENT_FOR_RUNTIME_RANGE_PROTOTYPE,MISSING_PERSON_CAMERA_K;MISSING_CAMERA_HEIGHT_ATTITUDE;MISSING_CAMERA_RADAR_R_T;MISSING_GROUND_PLANE;MISSING_RUNTIME_FOOTPOINT_INTERVAL,"[[-8.104377951627242, 5.255555634655003]]",13.359933586282246,THETA_X_FULL_RADIAL_FALLBACK,0.0,20.0,10,10,NOT_A_RANGE_CONTRACTION_RESULT_FALLBACK_ONLY,False,False
R02ZF,434,R02ZF_REUSED_R02ZF_PERSON100018,R02ZF_SARF000434__CAUSAL_REPLAY__R02ZF_REUSED_R02ZF_PERSON100018,FOOTPOINT_UNAVAILABLE,RANGE_UNAVAILABLE,,,,PERSON_C0_CALIBRATION_ASSET_RECOVERY_AUDIT,CALIBRATION_ASSETS_INSUFFICIENT_FOR_RUNTIME_RANGE_PROTOTYPE,MISSING_PERSON_CAMERA_K;MISSING_CAMERA_HEIGHT_ATTITUDE;MISSING_CAMERA_RADAR_R_T;MISSING_GROUND_PLANE;MISSING_RUNTIME_FOOTPOINT_INTERVAL,"[[-7.624401391762923, 5.255555634655003]]",12.879957026417927,THETA_X_FULL_RADIAL_FALLBACK,0.0,20.0,10,10,NOT_A_RANGE_CONTRACTION_RESULT_FALLBACK_ONLY,False,False
R02ZF,435,R02ZF_REUSED_R02ZF_PERSON011,R02ZF_SARF000435__CAUSAL_REPLAY__R02ZF_REUSED_R02ZF_PERSON011,FOOTPOINT_UNAVAILABLE,RANGE_UNAVAILABLE,,,,PERSON_C0_CALIBRATION_ASSET_RECOVERY_AUDIT,CALIBRATION_ASSETS_INSUFFICIENT_FOR_RUNTIME_RANGE_PROTOTYPE,MISSING_PERSON_CAMERA_K;MISSING_CAMERA_HEIGHT_ATTITUDE;MISSING_CAMERA_RADAR_R_T;MISSING_GROUND_PLANE;MISSING_RUNTIME_FOOTPOINT_INTERVAL,"[[-8.492454702636046, 4.830065346189748]]",13.322520048825794,THETA_X_FULL_RADIAL_FALLBACK,0.0,20.0,11,11,NOT_A_RANGE_CONTRACTION_RESULT_FALLBACK_ONLY,False,False
R02ZF,435,R02ZF_REUSED_R02ZF_PERSON100017,R02ZF_SARF000435__CAUSAL_REPLAY__R02ZF_REUSED_R02ZF_PERSON100017,FOOTPOINT_UNAVAILABLE,RANGE_UNAVAILABLE,,,,PERSON_C0_CALIBRATION_ASSET_RECOVERY_AUDIT,CALIBRATION_ASSETS_INSUFFICIENT_FOR_RUNTIME_RANGE_PROTOTYPE,MISSING_PERSON_CAMERA_K;MISSING_CAMERA_HEIGHT_ATTITUDE;MISSING_CAMERA_RADAR_R_T;MISSING_GROUND_PLANE;MISSING_RUNTIME_FOOTPOINT_INTERVAL,"[[-8.104377951627242, 5.255555634655003]]",13.359933586282246,THETA_X_FULL_RADIAL_FALLBACK,0.0,20.0,10,10,NOT_A_RANGE_CONTRACTION_RESULT_FALLBACK_ONLY,False,False
R02ZF,435,R02ZF_REUSED_R02ZF_PERSON100018,R02ZF_SARF000435__CAUSAL_REPLAY__R02ZF_REUSED_R02ZF_PERSON100018,FOOTPOINT_UNAVAILABLE,RANGE_UNAVAILABLE,,,,PERSON_C0_CALIBRATION_ASSET_RECOVERY_AUDIT,CALIBRATION_ASSETS_INSUFFICIENT_FOR_RUNTIME_RANGE_PROTOTYPE,MISSING_PERSON_CAMERA_K;MISSING_CAMERA_HEIGHT_ATTITUDE;MISSING_CAMERA_RADAR_R_T;MISSING_GROUND_PLANE;MISSING_RUNTIME_FOOTPOINT_INTERVAL,"[[-7.624401391762923, 5.255555634655003]]",12.879957026417927,THETA_X_FULL_RADIAL_FALLBACK,0.0,20.0,10,10,NOT_A_RANGE_CONTRACTION_RESULT_FALLBACK_ONLY,False,False
R02ZF,435,R02ZF_REUSED_R02ZF_PERSON100019,R02ZF_SARF000435__CAUSAL_REPLAY__R02ZF_REUSED_R02ZF_PERSON100019,FOOTPOINT_UNAVAILABLE,RANGE_UNAVAILABLE,,,,PERSON_C0_CALIBRATION_ASSET_RECOVERY_AUDIT,CALIBRATION_ASSETS_INSUFFICIENT_FOR_RUNTIME_RANGE_PROTOTYPE,MISSING_PERSON_CAMERA_K;MISSING_CAMERA_HEIGHT_ATTITUDE;MISSING_CAMERA_RADAR_R_T;MISSING_GROUND_PLANE;MISSING_RUNTIME_FOOTPOINT_INTERVAL,"[[-6.824440458655715, 6.295504847694367]]",13.119945306350083,THETA_X_FULL_RADIAL_FALLBACK,0.0,20.0,11,11,NOT_A_RANGE_CONTRACTION_RESULT_FALLBACK_ONLY,False,False
R02ZF,436,R02ZF_REUSED_R02ZF_PERSON100017,R02ZF_SARF000436__CAUSAL_REPLAY__R02ZF_REUSED_R02ZF_PERSON100017,FOOTPOINT_UNAVAILABLE,RANGE_UNAVAILABLE,,,,PERSON_C0_CALIBRATION_ASSET_RECOVERY_AUDIT,CALIBRATION_ASSETS_INSUFFICIENT_FOR_RUNTIME_RANGE_PROTOTYPE,MISSING_PERSON_CAMERA_K;MISSING_CAMERA_HEIGHT_ATTITUDE;MISSING_CAMERA_RADAR_R_T;MISSING_GROUND_PLANE;MISSING_RUNTIME_FOOTPOINT_INTERVAL,"[[-8.104377951627242, 5.255555634655003]]",13.359933586282246,THETA_X_FULL_RADIAL_FALLBACK,0.0,20.0,9,9,NOT_A_RANGE_CONTRACTION_RESULT_FALLBACK_ONLY,False,False
R02ZF,436,R02ZF_REUSED_R02ZF_PERSON100018,R02ZF_SARF000436__CAUSAL_REPLAY__R02ZF_REUSED_R02ZF_PERSON100018,FOOTPOINT_UNAVAILABLE,RANGE_UNAVAILABLE,,,,PERSON_C0_CALIBRATION_ASSET_RECOVERY_AUDIT,CALIBRATION_ASSETS_INSUFFICIENT_FOR_RUNTIME_RANGE_PROTOTYPE,MISSING_PERSON_CAMERA_K;MISSING_CAMERA_HEIGHT_ATTITUDE;MISSING_CAMERA_RADAR_R_T;MISSING_GROUND_PLANE;MISSING_RUNTIME_FOOTPOINT_INTERVAL,"[[-7.624401391762923, 5.255555634655003]]",12.879957026417927,THETA_X_FULL_RADIAL_FALLBACK,0.0,20.0,9,9,NOT_A_RANGE_CONTRACTION_RESULT_FALLBACK_ONLY,False,False
R02ZF,436,R02ZF_REUSED_R02ZF_PERSON100019,R02ZF_SARF000436__CAUSAL_REPLAY__R02ZF_REUSED_R02ZF_PERSON100019,FOOTPOINT_UNAVAILABLE,RANGE_UNAVAILABLE,,,,PERSON_C0_CALIBRATION_ASSET_RECOVERY_AUDIT,CALIBRATION_ASSETS_INSUFFICIENT_FOR_RUNTIME_RANGE_PROTOTYPE,MISSING_PERSON_CAMERA_K;MISSING_CAMERA_HEIGHT_ATTITUDE;MISSING_CAMERA_RADAR_R_T;MISSING_GROUND_PLANE;MISSING_RUNTIME_FOOTPOINT_INTERVAL,"[[-6.824440458655715, 6.295504847694367]]",13.119945306350083,THETA_X_FULL_RADIAL_FALLBACK,0.0,20.0,9,9,NOT_A_RANGE_CONTRACTION_RESULT_FALLBACK_ONLY,False,False
R02ZF,437,R02ZF_REUSED_R02ZF_PERSON100017,R02ZF_SARF000437__CAUSAL_REPLAY__R02ZF_REUSED_R02ZF_PERSON100017,FOOTPOINT_UNAVAILABLE,RANGE_UNAVAILABLE,,,,PERSON_C0_CALIBRATION_ASSET_RECOVERY_AUDIT,CALIBRATION_ASSETS_INSUFFICIENT_FOR_RUNTIME_RANGE_PROTOTYPE,MISSING_PERSON_CAMERA_K;MISSING_CAMERA_HEIGHT_ATTITUDE;MISSING_CAMERA_RADAR_R_T;MISSING_GROUND_PLANE;MISSING_RUNTIME_FOOTPOINT_INTERVAL,"[[-8.104377951627242, 5.255555634655003]]",13.359933586282246,THETA_X_FULL_RADIAL_FALLBACK,0.0,20.0,12,12,NOT_A_RANGE_CONTRACTION_RESULT_FALLBACK_ONLY,False,False
R02ZF,437,R02ZF_REUSED_R02ZF_PERSON100018,R02ZF_SARF000437__CAUSAL_REPLAY__R02ZF_REUSED_R02ZF_PERSON100018,FOOTPOINT_UNAVAILABLE,RANGE_UNAVAILABLE,,,,PERSON_C0_CALIBRATION_ASSET_RECOVERY_AUDIT,CALIBRATION_ASSETS_INSUFFICIENT_FOR_RUNTIME_RANGE_PROTOTYPE,MISSING_PERSON_CAMERA_K;MISSING_CAMERA_HEIGHT_ATTITUDE;MISSING_CAMERA_RADAR_R_T;MISSING_GROUND_PLANE;MISSING_RUNTIME_FOOTPOINT_INTERVAL,"[[-7.624401391762923, 5.255555634655003]]",12.879957026417927,THETA_X_FULL_RADIAL_FALLBACK,0.0,20.0,11,11,NOT_A_RANGE_CONTRACTION_RESULT_FALLBACK_ONLY,False,False
R02ZF,437,R02ZF_REUSED_R02ZF_PERSON100019,R02ZF_SARF000437__CAUSAL_REPLAY__R02ZF_REUSED_R02ZF_PERSON100019,FOOTPOINT_UNAVAILABLE,RANGE_UNAVAILABLE,,,,PERSON_C0_CALIBRATION_ASSET_RECOVERY_AUDIT,CALIBRATION_ASSETS_INSUFFICIENT_FOR_RUNTIME_RANGE_PROTOTYPE,MISSING_PERSON_CAMERA_K;MISSING_CAMERA_HEIGHT_ATTITUDE;MISSING_CAMERA_RADAR_R_T;MISSING_GROUND_PLANE;MISSING_RUNTIME_FOOTPOINT_INTERVAL,"[[-6.824440458655715, 6.295504847694367]]",13.119945306350083,THETA_X_FULL_RADIAL_FALLBACK,0.0,20.0,11,11,NOT_A_RANGE_CONTRACTION_RESULT_FALLBACK_ONLY,False,False
R02ZF,438,R02ZF_REUSED_R02ZF_PERSON100018,R02ZF_SARF000438__CAUSAL_REPLAY__R02ZF_REUSED_R02ZF_PERSON100018,FOOTPOINT_UNAVAILABLE,RANGE_UNAVAILABLE,,,,PERSON_C0_CALIBRATION_ASSET_RECOVERY_AUDIT,CALIBRATION_ASSETS_INSUFFICIENT_FOR_RUNTIME_RANGE_PROTOTYPE,MISSING_PERSON_CAMERA_K;MISSING_CAMERA_HEIGHT_ATTITUDE;MISSING_CAMERA_RADAR_R_T;MISSING_GROUND_PLANE;MISSING_RUNTIME_FOOTPOINT_INTERVAL,"[[-7.624401391762923, 5.255555634655003]]",12.879957026417927,THETA_X_FULL_RADIAL_FALLBACK,0.0,20.0,14,14,NOT_A_RANGE_CONTRACTION_RESULT_FALLBACK_ONLY,False,False
R02ZF,438,R02ZF_REUSED_R02ZF_PERSON100019,R02ZF_SARF000438__CAUSAL_REPLAY__R02ZF_REUSED_R02ZF_PERSON100019,FOOTPOINT_UNAVAILABLE,RANGE_UNAVAILABLE,,,,PERSON_C0_CALIBRATION_ASSET_RECOVERY_AUDIT,CALIBRATION_ASSETS_INSUFFICIENT_FOR_RUNTIME_RANGE_PROTOTYPE,MISSING_PERSON_CAMERA_K;MISSING_CAMERA_HEIGHT_ATTITUDE;MISSING_CAMERA_RADAR_R_T;MISSING_GROUND_PLANE;MISSING_RUNTIME_FOOTPOINT_INTERVAL,"[[-6.824440458655715, 6.295504847694367]]",13.119945306350083,THETA_X_FULL_RADIAL_FALLBACK,0.0,20.0,14,14,NOT_A_RANGE_CONTRACTION_RESULT_FALLBACK_ONLY,False,False
R02ZF,439,R02ZF_REUSED_R02ZF_PERSON100018,R02ZF_SARF000439__CAUSAL_REPLAY__R02ZF_REUSED_R02ZF_PERSON100018,FOOTPOINT_UNAVAILABLE,RANGE_UNAVAILABLE,,,,PERSON_C0_CALIBRATION_ASSET_RECOVERY_AUDIT,CALIBRATION_ASSETS_INSUFFICIENT_FOR_RUNTIME_RANGE_PROTOTYPE,MISSING_PERSON_CAMERA_K;MISSING_CAMERA_HEIGHT_ATTITUDE;MISSING_CAMERA_RADAR_R_T;MISSING_GROUND_PLANE;MISSING_RUNTIME_FOOTPOINT_INTERVAL,"[[-7.624401391762923, 5.255555634655003]]",12.879957026417927,THETA_X_FULL_RADIAL_FALLBACK,0.0,20.0,14,14,NOT_A_RANGE_CONTRACTION_RESULT_FALLBACK_ONLY,False,False
R02ZF,439,R02ZF_REUSED_R02ZF_PERSON100019,R02ZF_SARF000439__CAUSAL_REPLAY__R02ZF_REUSED_R02ZF_PERSON100019,FOOTPOINT_UNAVAILABLE,RANGE_UNAVAILABLE,,,,PERSON_C0_CALIBRATION_ASSET_RECOVERY_AUDIT,CALIBRATION_ASSETS_INSUFFICIENT_FOR_RUNTIME_RANGE_PROTOTYPE,MISSING_PERSON_CAMERA_K;MISSING_CAMERA_HEIGHT_ATTITUDE;MISSING_CAMERA_RADAR_R_T;MISSING_GROUND_PLANE;MISSING_RUNTIME_FOOTPOINT_INTERVAL,"[[-6.824440458655715, 6.295504847694367]]",13.119945306350083,THETA_X_FULL_RADIAL_FALLBACK,0.0,20.0,13,13,NOT_A_RANGE_CONTRACTION_RESULT_FALLBACK_ONLY,False,False
R02ZF,440,R02ZF_REUSED_R02ZF_PERSON100019,R02ZF_SARF000440__CAUSAL_REPLAY__R02ZF_REUSED_R02ZF_PERSON100019,FOOTPOINT_UNAVAILABLE,RANGE_UNAVAILABLE,,,,PERSON_C0_CALIBRATION_ASSET_RECOVERY_AUDIT,CALIBRATION_ASSETS_INSUFFICIENT_FOR_RUNTIME_RANGE_PROTOTYPE,MISSING_PERSON_CAMERA_K;MISSING_CAMERA_HEIGHT_ATTITUDE;MISSING_CAMERA_RADAR_R_T;MISSING_GROUND_PLANE;MISSING_RUNTIME_FOOTPOINT_INTERVAL,"[[-6.824440458655715, 6.295504847694367]]",13.119945306350083,THETA_X_FULL_RADIAL_FALLBACK,0.0,20.0,9,9,NOT_A_RANGE_CONTRACTION_RESULT_FALLBACK_ONLY,False,False
R02ZF,441,R02ZF_REUSED_R02ZF_PERSON100019,R02ZF_SARF000441__CAUSAL_REPLAY__R02ZF_REUSED_R02ZF_PERSON100019,FOOTPOINT_UNAVAILABLE,RANGE_UNAVAILABLE,,,,PERSON_C0_CALIBRATION_ASSET_RECOVERY_AUDIT,CALIBRATION_ASSETS_INSUFFICIENT_FOR_RUNTIME_RANGE_PROTOTYPE,MISSING_PERSON_CAMERA_K;MISSING_CAMERA_HEIGHT_ATTITUDE;MISSING_CAMERA_RADAR_R_T;MISSING_GROUND_PLANE;MISSING_RUNTIME_FOOTPOINT_INTERVAL,"[[-6.824440458655715, 6.295504847694367]]",13.119945306350083,THETA_X_FULL_RADIAL_FALLBACK,0.0,20.0,9,9,NOT_A_RANGE_CONTRACTION_RESULT_FALLBACK_ONLY,False,False
R02ZF,442,R02ZF_REUSED_R02ZF_PERSON100019,R02ZF_SARF000442__CAUSAL_REPLAY__R02ZF_REUSED_R02ZF_PERSON100019,FOOTPOINT_UNAVAILABLE,RANGE_UNAVAILABLE,,,,PERSON_C0_CALIBRATION_ASSET_RECOVERY_AUDIT,CALIBRATION_ASSETS_INSUFFICIENT_FOR_RUNTIME_RANGE_PROTOTYPE,MISSING_PERSON_CAMERA_K;MISSING_CAMERA_HEIGHT_ATTITUDE;MISSING_CAMERA_RADAR_R_T;MISSING_GROUND_PLANE;MISSING_RUNTIME_FOOTPOINT_INTERVAL,"[[-6.824440458655715, 6.295504847694367]]",13.119945306350083,THETA_X_FULL_RADIAL_FALLBACK,0.0,20.0,13,13,NOT_A_RANGE_CONTRACTION_RESULT_FALLBACK_ONLY,False,False
R02ZF,444,R02ZF_REUSED_R02ZF_PERSON100020,R02ZF_SARF000444__CAUSAL_REPLAY__R02ZF_REUSED_R02ZF_PERSON100020,FOOTPOINT_UNAVAILABLE,RANGE_UNAVAILABLE,,,,PERSON_C0_CALIBRATION_ASSET_RECOVERY_AUDIT,CALIBRATION_ASSETS_INSUFFICIENT_FOR_RUNTIME_RANGE_PROTOTYPE,MISSING_PERSON_CAMERA_K;MISSING_CAMERA_HEIGHT_ATTITUDE;MISSING_CAMERA_RADAR_R_T;MISSING_GROUND_PLANE;MISSING_RUNTIME_FOOTPOINT_INTERVAL,"[[-51.499133725298144, -38.01733109061284]]",13.481802634685302,THETA_X_FULL_RADIAL_FALLBACK,0.0,20.0,4,4,NOT_A_RANGE_CONTRACTION_RESULT_FALLBACK_ONLY,False,False
R02ZF,445,R02ZF_REUSED_R02ZF_PERSON100020,R02ZF_SARF000445__CAUSAL_REPLAY__R02ZF_REUSED_R02ZF_PERSON100020,FOOTPOINT_UNAVAILABLE,RANGE_UNAVAILABLE,,,,PERSON_C0_CALIBRATION_ASSET_RECOVERY_AUDIT,CALIBRATION_ASSETS_INSUFFICIENT_FOR_RUNTIME_RANGE_PROTOTYPE,MISSING_PERSON_CAMERA_K;MISSING_CAMERA_HEIGHT_ATTITUDE;MISSING_CAMERA_RADAR_R_T;MISSING_GROUND_PLANE;MISSING_RUNTIME_FOOTPOINT_INTERVAL,"[[-51.499133725298144, -38.01733109061284]]",13.481802634685302,THETA_X_FULL_RADIAL_FALLBACK,0.0,20.0,4,4,NOT_A_RANGE_CONTRACTION_RESULT_FALLBACK_ONLY,False,False
R02ZF,446,R02ZF_REUSED_R02ZF_PERSON100020,R02ZF_SARF000446__CAUSAL_REPLAY__R02ZF_REUSED_R02ZF_PERSON100020,FOOTPOINT_UNAVAILABLE,RANGE_UNAVAILABLE,,,,PERSON_C0_CALIBRATION_ASSET_RECOVERY_AUDIT,CALIBRATION_ASSETS_INSUFFICIENT_FOR_RUNTIME_RANGE_PROTOTYPE,MISSING_PERSON_CAMERA_K;MISSING_CAMERA_HEIGHT_ATTITUDE;MISSING_CAMERA_RADAR_R_T;MISSING_GROUND_PLANE;MISSING_RUNTIME_FOOTPOINT_INTERVAL,"[[-51.499133725298144, -38.01733109061284]]",13.481802634685302,THETA_X_FULL_RADIAL_FALLBACK,0.0,20.0,3,3,NOT_A_RANGE_CONTRACTION_RESULT_FALLBACK_ONLY,False,False
R02ZF,447,R02ZF_REUSED_R02ZF_PERSON100020,R02ZF_SARF000447__CAUSAL_REPLAY__R02ZF_REUSED_R02ZF_PERSON100020,FOOTPOINT_UNAVAILABLE,RANGE_UNAVAILABLE,,,,PERSON_C0_CALIBRATION_ASSET_RECOVERY_AUDIT,CALIBRATION_ASSETS_INSUFFICIENT_FOR_RUNTIME_RANGE_PROTOTYPE,MISSING_PERSON_CAMERA_K;MISSING_CAMERA_HEIGHT_ATTITUDE;MISSING_CAMERA_RADAR_R_T;MISSING_GROUND_PLANE;MISSING_RUNTIME_FOOTPOINT_INTERVAL,"[[-51.499133725298144, -38.01733109061284]]",13.481802634685302,THETA_X_FULL_RADIAL_FALLBACK,0.0,20.0,5,5,NOT_A_RANGE_CONTRACTION_RESULT_FALLBACK_ONLY,False,False
R02ZF,447,R02ZF_REUSED_R02ZF_PERSON100021,R02ZF_SARF000447__CAUSAL_REPLAY__R02ZF_REUSED_R02ZF_PERSON100021,FOOTPOINT_UNAVAILABLE,RANGE_UNAVAILABLE,,,,PERSON_C0_CALIBRATION_ASSET_RECOVERY_AUDIT,CALIBRATION_ASSETS_INSUFFICIENT_FOR_RUNTIME_RANGE_PROTOTYPE,MISSING_PERSON_CAMERA_K;MISSING_CAMERA_HEIGHT_ATTITUDE;MISSING_CAMERA_RADAR_R_T;MISSING_GROUND_PLANE;MISSING_RUNTIME_FOOTPOINT_INTERVAL,"[[-3.1446201663625786, 9.615342720089266]]",12.759962886451845,THETA_X_FULL_RADIAL_FALLBACK,0.0,20.0,10,10,NOT_A_RANGE_CONTRACTION_RESULT_FALLBACK_ONLY,False,False
R02ZF,448,R02ZF_REUSED_R02ZF_PERSON100020,R02ZF_SARF000448__CAUSAL_REPLAY__R02ZF_REUSED_R02ZF_PERSON100020,FOOTPOINT_UNAVAILABLE,RANGE_UNAVAILABLE,,,,PERSON_C0_CALIBRATION_ASSET_RECOVERY_AUDIT,CALIBRATION_ASSETS_INSUFFICIENT_FOR_RUNTIME_RANGE_PROTOTYPE,MISSING_PERSON_CAMERA_K;MISSING_CAMERA_HEIGHT_ATTITUDE;MISSING_CAMERA_RADAR_R_T;MISSING_GROUND_PLANE;MISSING_RUNTIME_FOOTPOINT_INTERVAL,"[[-51.499133725298144, -38.01733109061284]]",13.481802634685302,THETA_X_FULL_RADIAL_FALLBACK,0.0,20.0,4,4,NOT_A_RANGE_CONTRACTION_RESULT_FALLBACK_ONLY,False,False
R02ZF,448,R02ZF_REUSED_R02ZF_PERSON100021,R02ZF_SARF000448__CAUSAL_REPLAY__R02ZF_REUSED_R02ZF_PERSON100021,FOOTPOINT_UNAVAILABLE,RANGE_UNAVAILABLE,,,,PERSON_C0_CALIBRATION_ASSET_RECOVERY_AUDIT,CALIBRATION_ASSETS_INSUFFICIENT_FOR_RUNTIME_RANGE_PROTOTYPE,MISSING_PERSON_CAMERA_K;MISSING_CAMERA_HEIGHT_ATTITUDE;MISSING_CAMERA_RADAR_R_T;MISSING_GROUND_PLANE;MISSING_RUNTIME_FOOTPOINT_INTERVAL,"[[-3.1446201663625786, 9.615342720089266]]",12.759962886451845,THETA_X_FULL_RADIAL_FALLBACK,0.0,20.0,12,12,NOT_A_RANGE_CONTRACTION_RESULT_FALLBACK_ONLY,False,False
R02ZF,449,R02ZF_REUSED_R02ZF_PERSON100020,R02ZF_SARF000449__CAUSAL_REPLAY__R02ZF_REUSED_R02ZF_PERSON100020,FOOTPOINT_UNAVAILABLE,RANGE_UNAVAILABLE,,,,PERSON_C0_CALIBRATION_ASSET_RECOVERY_AUDIT,CALIBRATION_ASSETS_INSUFFICIENT_FOR_RUNTIME_RANGE_PROTOTYPE,MISSING_PERSON_CAMERA_K;MISSING_CAMERA_HEIGHT_ATTITUDE;MISSING_CAMERA_RADAR_R_T;MISSING_GROUND_PLANE;MISSING_RUNTIME_FOOTPOINT_INTERVAL,"[[-51.499133725298144, -38.01733109061284]]",13.481802634685302,THETA_X_FULL_RADIAL_FALLBACK,0.0,20.0,5,5,NOT_A_RANGE_CONTRACTION_RESULT_FALLBACK_ONLY,False,False
R02ZF,449,R02ZF_REUSED_R02ZF_PERSON100021,R02ZF_SARF000449__CAUSAL_REPLAY__R02ZF_REUSED_R02ZF_PERSON100021,FOOTPOINT_UNAVAILABLE,RANGE_UNAVAILABLE,,,,PERSON_C0_CALIBRATION_ASSET_RECOVERY_AUDIT,CALIBRATION_ASSETS_INSUFFICIENT_FOR_RUNTIME_RANGE_PROTOTYPE,MISSING_PERSON_CAMERA_K;MISSING_CAMERA_HEIGHT_ATTITUDE;MISSING_CAMERA_RADAR_R_T;MISSING_GROUND_PLANE;MISSING_RUNTIME_FOOTPOINT_INTERVAL,"[[-3.1446201663625786, 9.615342720089266]]",12.759962886451845,THETA_X_FULL_RADIAL_FALLBACK,0.0,20.0,13,13,NOT_A_RANGE_CONTRACTION_RESULT_FALLBACK_ONLY,False,False
R02ZF,449,R02ZF_REUSED_R02ZF_PERSON100022,R02ZF_SARF000449__CAUSAL_REPLAY__R02ZF_REUSED_R02ZF_PERSON100022,FOOTPOINT_UNAVAILABLE,RANGE_UNAVAILABLE,,,,PERSON_C0_CALIBRATION_ASSET_RECOVERY_AUDIT,CALIBRATION_ASSETS_INSUFFICIENT_FOR_RUNTIME_RANGE_PROTOTYPE,MISSING_PERSON_CAMERA_K;MISSING_CAMERA_HEIGHT_ATTITUDE;MISSING_CAMERA_RADAR_R_T;MISSING_GROUND_PLANE;MISSING_RUNTIME_FOOTPOINT_INTERVAL,"[[-2.6646436064982524, 10.05532123329823]]",12.719964839796482,THETA_X_FULL_RADIAL_FALLBACK,0.0,20.0,12,12,NOT_A_RANGE_CONTRACTION_RESULT_FALLBACK_ONLY,False,False
R02ZF,450,R02ZF_REUSED_R02ZF_PERSON100020,R02ZF_SARF000450__CAUSAL_REPLAY__R02ZF_REUSED_R02ZF_PERSON100020,FOOTPOINT_UNAVAILABLE,RANGE_UNAVAILABLE,,,,PERSON_C0_CALIBRATION_ASSET_RECOVERY_AUDIT,CALIBRATION_ASSETS_INSUFFICIENT_FOR_RUNTIME_RANGE_PROTOTYPE,MISSING_PERSON_CAMERA_K;MISSING_CAMERA_HEIGHT_ATTITUDE;MISSING_CAMERA_RADAR_R_T;MISSING_GROUND_PLANE;MISSING_RUNTIME_FOOTPOINT_INTERVAL,"[[-51.499133725298144, -38.01733109061284]]",13.481802634685302,THETA_X_FULL_RADIAL_FALLBACK,0.0,20.0,5,5,NOT_A_RANGE_CONTRACTION_RESULT_FALLBACK_ONLY,False,False
R02ZF,450,R02ZF_REUSED_R02ZF_PERSON100021,R02ZF_SARF000450__CAUSAL_REPLAY__R02ZF_REUSED_R02ZF_PERSON100021,FOOTPOINT_UNAVAILABLE,RANGE_UNAVAILABLE,,,,PERSON_C0_CALIBRATION_ASSET_RECOVERY_AUDIT,CALIBRATION_ASSETS_INSUFFICIENT_FOR_RUNTIME_RANGE_PROTOTYPE,MISSING_PERSON_CAMERA_K;MISSING_CAMERA_HEIGHT_ATTITUDE;MISSING_CAMERA_RADAR_R_T;MISSING_GROUND_PLANE;MISSING_RUNTIME_FOOTPOINT_INTERVAL,"[[-3.1446201663625786, 9.615342720089266]]",12.759962886451845,THETA_X_FULL_RADIAL_FALLBACK,0.0,20.0,12,12,NOT_A_RANGE_CONTRACTION_RESULT_FALLBACK_ONLY,False,False
R02ZF,450,R02ZF_REUSED_R02ZF_PERSON100022,R02ZF_SARF000450__CAUSAL_REPLAY__R02ZF_REUSED_R02ZF_PERSON100022,FOOTPOINT_UNAVAILABLE,RANGE_UNAVAILABLE,,,,PERSON_C0_CALIBRATION_ASSET_RECOVERY_AUDIT,CALIBRATION_ASSETS_INSUFFICIENT_FOR_RUNTIME_RANGE_PROTOTYPE,MISSING_PERSON_CAMERA_K;MISSING_CAMERA_HEIGHT_ATTITUDE;MISSING_CAMERA_RADAR_R_T;MISSING_GROUND_PLANE;MISSING_RUNTIME_FOOTPOINT_INTERVAL,"[[-2.6646436064982524, 10.05532123329823]]",12.719964839796482,THETA_X_FULL_RADIAL_FALLBACK,0.0,20.0,12,12,NOT_A_RANGE_CONTRACTION_RESULT_FALLBACK_ONLY,False,False
R02ZF,450,R02ZF_REUSED_R02ZF_PERSON100023,R02ZF_SARF000450__CAUSAL_REPLAY__R02ZF_REUSED_R02ZF_PERSON100023,FOOTPOINT_UNAVAILABLE,RANGE_UNAVAILABLE,,,,PERSON_C0_CALIBRATION_ASSET_RECOVERY_AUDIT,CALIBRATION_ASSETS_INSUFFICIENT_FOR_RUNTIME_RANGE_PROTOTYPE,MISSING_PERSON_CAMERA_K;MISSING_CAMERA_HEIGHT_ATTITUDE;MISSING_CAMERA_RADAR_R_T;MISSING_GROUND_PLANE;MISSING_RUNTIME_FOOTPOINT_INTERVAL,"[[-51.49616512027294, -37.93358518042818]]",13.56257993984476,THETA_X_FULL_RADIAL_FALLBACK,0.0,20.0,5,5,NOT_A_RANGE_CONTRACTION_RESULT_FALLBACK_ONLY,False,False
R02ZF,450,R02ZF_REUSED_R02ZF_PERSON100024,R02ZF_SARF000450__CAUSAL_REPLAY__R02ZF_REUSED_R02ZF_PERSON100024,FOOTPOINT_UNAVAILABLE,RANGE_UNAVAILABLE,,,,PERSON_C0_CALIBRATION_ASSET_RECOVERY_AUDIT,CALIBRATION_ASSETS_INSUFFICIENT_FOR_RUNTIME_RANGE_PROTOTYPE,MISSING_PERSON_CAMERA_K;MISSING_CAMERA_HEIGHT_ATTITUDE;MISSING_CAMERA_RADAR_R_T;MISSING_GROUND_PLANE;MISSING_RUNTIME_FOOTPOINT_INTERVAL,"[[-49.38111216100102, -35.979930589105436]]",13.401181571895584,THETA_X_FULL_RADIAL_FALLBACK,0.0,20.0,5,5,NOT_A_RANGE_CONTRACTION_RESULT_FALLBACK_ONLY,False,False
R02ZF,451,R02ZF_REUSED_R02ZF_PERSON100021,R02ZF_SARF000451__CAUSAL_REPLAY__R02ZF_REUSED_R02ZF_PERSON100021,FOOTPOINT_UNAVAILABLE,RANGE_UNAVAILABLE,,,,PERSON_C0_CALIBRATION_ASSET_RECOVERY_AUDIT,CALIBRATION_ASSETS_INSUFFICIENT_FOR_RUNTIME_RANGE_PROTOTYPE,MISSING_PERSON_CAMERA_K;MISSING_CAMERA_HEIGHT_ATTITUDE;MISSING_CAMERA_RADAR_R_T;MISSING_GROUND_PLANE;MISSING_RUNTIME_FOOTPOINT_INTERVAL,"[[-3.1446201663625786, 9.615342720089266]]",12.759962886451845,THETA_X_FULL_RADIAL_FALLBACK,0.0,20.0,14,14,NOT_A_RANGE_CONTRACTION_RESULT_FALLBACK_ONLY,False,False
R02ZF,451,R02ZF_REUSED_R02ZF_PERSON100022,R02ZF_SARF000451__CAUSAL_REPLAY__R02ZF_REUSED_R02ZF_PERSON100022,FOOTPOINT_UNAVAILABLE,RANGE_UNAVAILABLE,,,,PERSON_C0_CALIBRATION_ASSET_RECOVERY_AUDIT,CALIBRATION_ASSETS_INSUFFICIENT_FOR_RUNTIME_RANGE_PROTOTYPE,MISSING_PERSON_CAMERA_K;MISSING_CAMERA_HEIGHT_ATTITUDE;MISSING_CAMERA_RADAR_R_T;MISSING_GROUND_PLANE;MISSING_RUNTIME_FOOTPOINT_INTERVAL,"[[-2.6646436064982524, 10.05532123329823]]",12.719964839796482,THETA_X_FULL_RADIAL_FALLBACK,0.0,20.0,14,14,NOT_A_RANGE_CONTRACTION_RESULT_FALLBACK_ONLY,False,False
R02ZF,451,R02ZF_REUSED_R02ZF_PERSON100023,R02ZF_SARF000451__CAUSAL_REPLAY__R02ZF_REUSED_R02ZF_PERSON100023,FOOTPOINT_UNAVAILABLE,RANGE_UNAVAILABLE,,,,PERSON_C0_CALIBRATION_ASSET_RECOVERY_AUDIT,CALIBRATION_ASSETS_INSUFFICIENT_FOR_RUNTIME_RANGE_PROTOTYPE,MISSING_PERSON_CAMERA_K;MISSING_CAMERA_HEIGHT_ATTITUDE;MISSING_CAMERA_RADAR_R_T;MISSING_GROUND_PLANE;MISSING_RUNTIME_FOOTPOINT_INTERVAL,"[[-51.49616512027294, -37.93358518042818]]",13.56257993984476,THETA_X_FULL_RADIAL_FALLBACK,0.0,20.0,8,8,NOT_A_RANGE_CONTRACTION_RESULT_FALLBACK_ONLY,False,False
R02ZF,451,R02ZF_REUSED_R02ZF_PERSON100024,R02ZF_SARF000451__CAUSAL_REPLAY__R02ZF_REUSED_R02ZF_PERSON100024,FOOTPOINT_UNAVAILABLE,RANGE_UNAVAILABLE,,,,PERSON_C0_CALIBRATION_ASSET_RECOVERY_AUDIT,CALIBRATION_ASSETS_INSUFFICIENT_FOR_RUNTIME_RANGE_PROTOTYPE,MISSING_PERSON_CAMERA_K;MISSING_CAMERA_HEIGHT_ATTITUDE;MISSING_CAMERA_RADAR_R_T;MISSING_GROUND_PLANE;MISSING_RUNTIME_FOOTPOINT_INTERVAL,"[[-49.38111216100102, -35.979930589105436]]",13.401181571895584,THETA_X_FULL_RADIAL_FALLBACK,0.0,20.0,7,7,NOT_A_RANGE_CONTRACTION_RESULT_FALLBACK_ONLY,False,False
R02ZF,452,R02ZF_REUSED_R02ZF_PERSON100021,R02ZF_SARF000452__CAUSAL_REPLAY__R02ZF_REUSED_R02ZF_PERSON100021,FOOTPOINT_UNAVAILABLE,RANGE_UNAVAILABLE,,,,PERSON_C0_CALIBRATION_ASSET_RECOVERY_AUDIT,CALIBRATION_ASSETS_INSUFFICIENT_FOR_RUNTIME_RANGE_PROTOTYPE,MISSING_PERSON_CAMERA_K;MISSING_CAMERA_HEIGHT_ATTITUDE;MISSING_CAMERA_RADAR_R_T;MISSING_GROUND_PLANE;MISSING_RUNTIME_FOOTPOINT_INTERVAL,"[[-3.1446201663625786, 9.615342720089266]]",12.759962886451845,THETA_X_FULL_RADIAL_FALLBACK,0.0,20.0,14,14,NOT_A_RANGE_CONTRACTION_RESULT_FALLBACK_ONLY,False,False
R02ZF,452,R02ZF_REUSED_R02ZF_PERSON100022,R02ZF_SARF000452__CAUSAL_REPLAY__R02ZF_REUSED_R02ZF_PERSON100022,FOOTPOINT_UNAVAILABLE,RANGE_UNAVAILABLE,,,,PERSON_C0_CALIBRATION_ASSET_RECOVERY_AUDIT,CALIBRATION_ASSETS_INSUFFICIENT_FOR_RUNTIME_RANGE_PROTOTYPE,MISSING_PERSON_CAMERA_K;MISSING_CAMERA_HEIGHT_ATTITUDE;MISSING_CAMERA_RADAR_R_T;MISSING_GROUND_PLANE;MISSING_RUNTIME_FOOTPOINT_INTERVAL,"[[-2.6646436064982524, 10.05532123329823]]",12.719964839796482,THETA_X_FULL_RADIAL_FALLBACK,0.0,20.0,13,13,NOT_A_RANGE_CONTRACTION_RESULT_FALLBACK_ONLY,False,False
R02ZF,452,R02ZF_REUSED_R02ZF_PERSON100023,R02ZF_SARF000452__CAUSAL_REPLAY__R02ZF_REUSED_R02ZF_PERSON100023,FOOTPOINT_UNAVAILABLE,RANGE_UNAVAILABLE,,,,PERSON_C0_CALIBRATION_ASSET_RECOVERY_AUDIT,CALIBRATION_ASSETS_INSUFFICIENT_FOR_RUNTIME_RANGE_PROTOTYPE,MISSING_PERSON_CAMERA_K;MISSING_CAMERA_HEIGHT_ATTITUDE;MISSING_CAMERA_RADAR_R_T;MISSING_GROUND_PLANE;MISSING_RUNTIME_FOOTPOINT_INTERVAL,"[[-51.49616512027294, -37.93358518042818]]",13.56257993984476,THETA_X_FULL_RADIAL_FALLBACK,0.0,20.0,5,5,NOT_A_RANGE_CONTRACTION_RESULT_FALLBACK_ONLY,False,False
R02ZF,452,R02ZF_REUSED_R02ZF_PERSON100024,R02ZF_SARF000452__CAUSAL_REPLAY__R02ZF_REUSED_R02ZF_PERSON100024,FOOTPOINT_UNAVAILABLE,RANGE_UNAVAILABLE,,,,PERSON_C0_CALIBRATION_ASSET_RECOVERY_AUDIT,CALIBRATION_ASSETS_INSUFFICIENT_FOR_RUNTIME_RANGE_PROTOTYPE,MISSING_PERSON_CAMERA_K;MISSING_CAMERA_HEIGHT_ATTITUDE;MISSING_CAMERA_RADAR_R_T;MISSING_GROUND_PLANE;MISSING_RUNTIME_FOOTPOINT_INTERVAL,"[[-49.38111216100102, -35.979930589105436]]",13.401181571895584,THETA_X_FULL_RADIAL_FALLBACK,0.0,20.0,4,4,NOT_A_RANGE_CONTRACTION_RESULT_FALLBACK_ONLY,False,False
R02ZF,452,R02ZF_REUSED_R02ZF_PERSON100025,R02ZF_SARF000452__CAUSAL_REPLAY__R02ZF_REUSED_R02ZF_PERSON100025,FOOTPOINT_UNAVAILABLE,RANGE_UNAVAILABLE,,,,PERSON_C0_CALIBRATION_ASSET_RECOVERY_AUDIT,CALIBRATION_ASSETS_INSUFFICIENT_FOR_RUNTIME_RANGE_PROTOTYPE,MISSING_PERSON_CAMERA_K;MISSING_CAMERA_HEIGHT_ATTITUDE;MISSING_CAMERA_RADAR_R_T;MISSING_GROUND_PLANE;MISSING_RUNTIME_FOOTPOINT_INTERVAL,"[[-51.50100863373511, -37.19362131730402]]",14.30738731643109,THETA_X_FULL_RADIAL_FALLBACK,0.0,20.0,5,5,NOT_A_RANGE_CONTRACTION_RESULT_FALLBACK_ONLY,False,False
R02ZF,452,R02ZF_REUSED_R02ZF_PERSON100026,R02ZF_SARF000452__CAUSAL_REPLAY__R02ZF_REUSED_R02ZF_PERSON100026,FOOTPOINT_UNAVAILABLE,RANGE_UNAVAILABLE,,,,PERSON_C0_CALIBRATION_ASSET_RECOVERY_AUDIT,CALIBRATION_ASSETS_INSUFFICIENT_FOR_RUNTIME_RANGE_PROTOTYPE,MISSING_PERSON_CAMERA_K;MISSING_CAMERA_HEIGHT_ATTITUDE;MISSING_CAMERA_RADAR_R_T;MISSING_GROUND_PLANE;MISSING_RUNTIME_FOOTPOINT_INTERVAL,"[[-48.414909346482474, -34.602497857411464]]",13.81241148907101,THETA_X_FULL_RADIAL_FALLBACK,0.0,20.0,4,4,NOT_A_RANGE_CONTRACTION_RESULT_FALLBACK_ONLY,False,False
R02ZF,452,R02ZF_REUSED_R02ZF_PERSON100027,R02ZF_SARF000452__CAUSAL_REPLAY__R02ZF_REUSED_R02ZF_PERSON100027,FOOTPOINT_UNAVAILABLE,RANGE_UNAVAILABLE,,,,PERSON_C0_CALIBRATION_ASSET_RECOVERY_AUDIT,CALIBRATION_ASSETS_INSUFFICIENT_FOR_RUNTIME_RANGE_PROTOTYPE,MISSING_PERSON_CAMERA_K;MISSING_CAMERA_HEIGHT_ATTITUDE;MISSING_CAMERA_RADAR_R_T;MISSING_GROUND_PLANE;MISSING_RUNTIME_FOOTPOINT_INTERVAL,"[[-48.40990959065056, -34.707492729881785]]",13.702416860768771,THETA_X_FULL_RADIAL_FALLBACK,0.0,20.0,4,4,NOT_A_RANGE_CONTRACTION_RESULT_FALLBACK_ONLY,False,False
R02ZF,453,R02ZF_REUSED_R02ZF_PERSON100021,R02ZF_SARF000453__CAUSAL_REPLAY__R02ZF_REUSED_R02ZF_PERSON100021,FOOTPOINT_UNAVAILABLE,RANGE_UNAVAILABLE,,,,PERSON_C0_CALIBRATION_ASSET_RECOVERY_AUDIT,CALIBRATION_ASSETS_INSUFFICIENT_FOR_RUNTIME_RANGE_PROTOTYPE,MISSING_PERSON_CAMERA_K;MISSING_CAMERA_HEIGHT_ATTITUDE;MISSING_CAMERA_RADAR_R_T;MISSING_GROUND_PLANE;MISSING_RUNTIME_FOOTPOINT_INTERVAL,"[[-3.1446201663625786, 9.615342720089266]]",12.759962886451845,THETA_X_FULL_RADIAL_FALLBACK,0.0,20.0,12,12,NOT_A_RANGE_CONTRACTION_RESULT_FALLBACK_ONLY,False,False
R02ZF,453,R02ZF_REUSED_R02ZF_PERSON100022,R02ZF_SARF000453__CAUSAL_REPLAY__R02ZF_REUSED_R02ZF_PERSON100022,FOOTPOINT_UNAVAILABLE,RANGE_UNAVAILABLE,,,,PERSON_C0_CALIBRATION_ASSET_RECOVERY_AUDIT,CALIBRATION_ASSETS_INSUFFICIENT_FOR_RUNTIME_RANGE_PROTOTYPE,MISSING_PERSON_CAMERA_K;MISSING_CAMERA_HEIGHT_ATTITUDE;MISSING_CAMERA_RADAR_R_T;MISSING_GROUND_PLANE;MISSING_RUNTIME_FOOTPOINT_INTERVAL,"[[-2.6646436064982524, 10.05532123329823]]",12.719964839796482,THETA_X_FULL_RADIAL_FALLBACK,0.0,20.0,12,12,NOT_A_RANGE_CONTRACTION_RESULT_FALLBACK_ONLY,False,False
R02ZF,453,R02ZF_REUSED_R02ZF_PERSON100023,R02ZF_SARF000453__CAUSAL_REPLAY__R02ZF_REUSED_R02ZF_PERSON100023,FOOTPOINT_UNAVAILABLE,RANGE_UNAVAILABLE,,,,PERSON_C0_CALIBRATION_ASSET_RECOVERY_AUDIT,CALIBRATION_ASSETS_INSUFFICIENT_FOR_RUNTIME_RANGE_PROTOTYPE,MISSING_PERSON_CAMERA_K;MISSING_CAMERA_HEIGHT_ATTITUDE;MISSING_CAMERA_RADAR_R_T;MISSING_GROUND_PLANE;MISSING_RUNTIME_FOOTPOINT_INTERVAL,"[[-51.49616512027294, -37.93358518042818]]",13.56257993984476,THETA_X_FULL_RADIAL_FALLBACK,0.0,20.0,7,7,NOT_A_RANGE_CONTRACTION_RESULT_FALLBACK_ONLY,False,False
R02ZF,453,R02ZF_REUSED_R02ZF_PERSON100024,R02ZF_SARF000453__CAUSAL_REPLAY__R02ZF_REUSED_R02ZF_PERSON100024,FOOTPOINT_UNAVAILABLE,RANGE_UNAVAILABLE,,,,PERSON_C0_CALIBRATION_ASSET_RECOVERY_AUDIT,CALIBRATION_ASSETS_INSUFFICIENT_FOR_RUNTIME_RANGE_PROTOTYPE,MISSING_PERSON_CAMERA_K;MISSING_CAMERA_HEIGHT_ATTITUDE;MISSING_CAMERA_RADAR_R_T;MISSING_GROUND_PLANE;MISSING_RUNTIME_FOOTPOINT_INTERVAL,"[[-49.38111216100102, -35.979930589105436]]",13.401181571895584,THETA_X_FULL_RADIAL_FALLBACK,0.0,20.0,7,7,NOT_A_RANGE_CONTRACTION_RESULT_FALLBACK_ONLY,False,False
R02ZF,453,R02ZF_REUSED_R02ZF_PERSON100025,R02ZF_SARF000453__CAUSAL_REPLAY__R02ZF_REUSED_R02ZF_PERSON100025,FOOTPOINT_UNAVAILABLE,RANGE_UNAVAILABLE,,,,PERSON_C0_CALIBRATION_ASSET_RECOVERY_AUDIT,CALIBRATION_ASSETS_INSUFFICIENT_FOR_RUNTIME_RANGE_PROTOTYPE,MISSING_PERSON_CAMERA_K;MISSING_CAMERA_HEIGHT_ATTITUDE;MISSING_CAMERA_RADAR_R_T;MISSING_GROUND_PLANE;MISSING_RUNTIME_FOOTPOINT_INTERVAL,"[[-51.50100863373511, -37.19362131730402]]",14.30738731643109,THETA_X_FULL_RADIAL_FALLBACK,0.0,20.0,7,7,NOT_A_RANGE_CONTRACTION_RESULT_FALLBACK_ONLY,False,False
R02ZF,453,R02ZF_REUSED_R02ZF_PERSON100026,R02ZF_SARF000453__CAUSAL_REPLAY__R02ZF_REUSED_R02ZF_PERSON100026,FOOTPOINT_UNAVAILABLE,RANGE_UNAVAILABLE,,,,PERSON_C0_CALIBRATION_ASSET_RECOVERY_AUDIT,CALIBRATION_ASSETS_INSUFFICIENT_FOR_RUNTIME_RANGE_PROTOTYPE,MISSING_PERSON_CAMERA_K;MISSING_CAMERA_HEIGHT_ATTITUDE;MISSING_CAMERA_RADAR_R_T;MISSING_GROUND_PLANE;MISSING_RUNTIME_FOOTPOINT_INTERVAL,"[[-48.414909346482474, -34.602497857411464]]",13.81241148907101,THETA_X_FULL_RADIAL_FALLBACK,0.0,20.0,6,6,NOT_A_RANGE_CONTRACTION_RESULT_FALLBACK_ONLY,False,False
R02ZF,453,R02ZF_REUSED_R02ZF_PERSON100027,R02ZF_SARF000453__CAUSAL_REPLAY__R02ZF_REUSED_R02ZF_PERSON100027,FOOTPOINT_UNAVAILABLE,RANGE_UNAVAILABLE,,,,PERSON_C0_CALIBRATION_ASSET_RECOVERY_AUDIT,CALIBRATION_ASSETS_INSUFFICIENT_FOR_RUNTIME_RANGE_PROTOTYPE,MISSING_PERSON_CAMERA_K;MISSING_CAMERA_HEIGHT_ATTITUDE;MISSING_CAMERA_RADAR_R_T;MISSING_GROUND_PLANE;MISSING_RUNTIME_FOOTPOINT_INTERVAL,"[[-48.40990959065056, -34.707492729881785]]",13.702416860768771,THETA_X_FULL_RADIAL_FALLBACK,0.0,20.0,6,6,NOT_A_RANGE_CONTRACTION_RESULT_FALLBACK_ONLY,False,False
R02ZF,454,R02ZF_REUSED_R02ZF_PERSON017,R02ZF_SARF000454__CAUSAL_REPLAY__R02ZF_REUSED_R02ZF_PERSON017,FOOTPOINT_UNAVAILABLE,RANGE_UNAVAILABLE,,,,PERSON_C0_CALIBRATION_ASSET_RECOVERY_AUDIT,CALIBRATION_ASSETS_INSUFFICIENT_FOR_RUNTIME_RANGE_PROTOTYPE,MISSING_PERSON_CAMERA_K;MISSING_CAMERA_HEIGHT_ATTITUDE;MISSING_CAMERA_RADAR_R_T;MISSING_GROUND_PLANE;MISSING_RUNTIME_FOOTPOINT_INTERVAL,"[[-50.9801088811532, -36.129677914716915]]",14.850430966436285,THETA_X_FULL_RADIAL_FALLBACK,0.0,20.0,5,5,NOT_A_RANGE_CONTRACTION_RESULT_FALLBACK_ONLY,False,False
R02ZF,454,R02ZF_REUSED_R02ZF_PERSON018,R02ZF_SARF000454__CAUSAL_REPLAY__R02ZF_REUSED_R02ZF_PERSON018,FOOTPOINT_UNAVAILABLE,RANGE_UNAVAILABLE,,,,PERSON_C0_CALIBRATION_ASSET_RECOVERY_AUDIT,CALIBRATION_ASSETS_INSUFFICIENT_FOR_RUNTIME_RANGE_PROTOTYPE,MISSING_PERSON_CAMERA_K;MISSING_CAMERA_HEIGHT_ATTITUDE;MISSING_CAMERA_RADAR_R_T;MISSING_GROUND_PLANE;MISSING_RUNTIME_FOOTPOINT_INTERVAL,"[[-47.354682396513354, -33.113799400637205]]",14.240882995876149,THETA_X_FULL_RADIAL_FALLBACK,0.0,20.0,5,5,NOT_A_RANGE_CONTRACTION_RESULT_FALLBACK_ONLY,False,False
R02ZF,454,R02ZF_REUSED_R02ZF_PERSON100021,R02ZF_SARF000454__CAUSAL_REPLAY__R02ZF_REUSED_R02ZF_PERSON100021,FOOTPOINT_UNAVAILABLE,RANGE_UNAVAILABLE,,,,PERSON_C0_CALIBRATION_ASSET_RECOVERY_AUDIT,CALIBRATION_ASSETS_INSUFFICIENT_FOR_RUNTIME_RANGE_PROTOTYPE,MISSING_PERSON_CAMERA_K;MISSING_CAMERA_HEIGHT_ATTITUDE;MISSING_CAMERA_RADAR_R_T;MISSING_GROUND_PLANE;MISSING_RUNTIME_FOOTPOINT_INTERVAL,"[[-3.1446201663625786, 9.615342720089266]]",12.759962886451845,THETA_X_FULL_RADIAL_FALLBACK,0.0,20.0,10,10,NOT_A_RANGE_CONTRACTION_RESULT_FALLBACK_ONLY,False,False
R02ZF,454,R02ZF_REUSED_R02ZF_PERSON100022,R02ZF_SARF000454__CAUSAL_REPLAY__R02ZF_REUSED_R02ZF_PERSON100022,FOOTPOINT_UNAVAILABLE,RANGE_UNAVAILABLE,,,,PERSON_C0_CALIBRATION_ASSET_RECOVERY_AUDIT,CALIBRATION_ASSETS_INSUFFICIENT_FOR_RUNTIME_RANGE_PROTOTYPE,MISSING_PERSON_CAMERA_K;MISSING_CAMERA_HEIGHT_ATTITUDE;MISSING_CAMERA_RADAR_R_T;MISSING_GROUND_PLANE;MISSING_RUNTIME_FOOTPOINT_INTERVAL,"[[-2.6646436064982524, 10.05532123329823]]",12.719964839796482,THETA_X_FULL_RADIAL_FALLBACK,0.0,20.0,9,9,NOT_A_RANGE_CONTRACTION_RESULT_FALLBACK_ONLY,False,False
R02ZF,454,R02ZF_REUSED_R02ZF_PERSON100023,R02ZF_SARF000454__CAUSAL_REPLAY__R02ZF_REUSED_R02ZF_PERSON100023,FOOTPOINT_UNAVAILABLE,RANGE_UNAVAILABLE,,,,PERSON_C0_CALIBRATION_ASSET_RECOVERY_AUDIT,CALIBRATION_ASSETS_INSUFFICIENT_FOR_RUNTIME_RANGE_PROTOTYPE,MISSING_PERSON_CAMERA_K;MISSING_CAMERA_HEIGHT_ATTITUDE;MISSING_CAMERA_RADAR_R_T;MISSING_GROUND_PLANE;MISSING_RUNTIME_FOOTPOINT_INTERVAL,"[[-51.49616512027294, -37.93358518042818]]",13.56257993984476,THETA_X_FULL_RADIAL_FALLBACK,0.0,20.0,5,5,NOT_A_RANGE_CONTRACTION_RESULT_FALLBACK_ONLY,False,False
R02ZF,454,R02ZF_REUSED_R02ZF_PERSON100024,R02ZF_SARF000454__CAUSAL_REPLAY__R02ZF_REUSED_R02ZF_PERSON100024,FOOTPOINT_UNAVAILABLE,RANGE_UNAVAILABLE,,,,PERSON_C0_CALIBRATION_ASSET_RECOVERY_AUDIT,CALIBRATION_ASSETS_INSUFFICIENT_FOR_RUNTIME_RANGE_PROTOTYPE,MISSING_PERSON_CAMERA_K;MISSING_CAMERA_HEIGHT_ATTITUDE;MISSING_CAMERA_RADAR_R_T;MISSING_GROUND_PLANE;MISSING_RUNTIME_FOOTPOINT_INTERVAL,"[[-49.38111216100102, -35.979930589105436]]",13.401181571895584,THETA_X_FULL_RADIAL_FALLBACK,0.0,20.0,4,4,NOT_A_RANGE_CONTRACTION_RESULT_FALLBACK_ONLY,False,False
R02ZF,454,R02ZF_REUSED_R02ZF_PERSON100025,R02ZF_SARF000454__CAUSAL_REPLAY__R02ZF_REUSED_R02ZF_PERSON100025,FOOTPOINT_UNAVAILABLE,RANGE_UNAVAILABLE,,,,PERSON_C0_CALIBRATION_ASSET_RECOVERY_AUDIT,CALIBRATION_ASSETS_INSUFFICIENT_FOR_RUNTIME_RANGE_PROTOTYPE,MISSING_PERSON_CAMERA_K;MISSING_CAMERA_HEIGHT_ATTITUDE;MISSING_CAMERA_RADAR_R_T;MISSING_GROUND_PLANE;MISSING_RUNTIME_FOOTPOINT_INTERVAL,"[[-51.50100863373511, -37.19362131730402]]",14.30738731643109,THETA_X_FULL_RADIAL_FALLBACK,0.0,20.0,5,5,NOT_A_RANGE_CONTRACTION_RESULT_FALLBACK_ONLY,False,False
R02ZF,454,R02ZF_REUSED_R02ZF_PERSON100026,R02ZF_SARF000454__CAUSAL_REPLAY__R02ZF_REUSED_R02ZF_PERSON100026,FOOTPOINT_UNAVAILABLE,RANGE_UNAVAILABLE,,,,PERSON_C0_CALIBRATION_ASSET_RECOVERY_AUDIT,CALIBRATION_ASSETS_INSUFFICIENT_FOR_RUNTIME_RANGE_PROTOTYPE,MISSING_PERSON_CAMERA_K;MISSING_CAMERA_HEIGHT_ATTITUDE;MISSING_CAMERA_RADAR_R_T;MISSING_GROUND_PLANE;MISSING_RUNTIME_FOOTPOINT_INTERVAL,"[[-48.414909346482474, -34.602497857411464]]",13.81241148907101,THETA_X_FULL_RADIAL_FALLBACK,0.0,20.0,4,4,NOT_A_RANGE_CONTRACTION_RESULT_FALLBACK_ONLY,False,False
R02ZF,454,R02ZF_REUSED_R02ZF_PERSON100027,R02ZF_SARF000454__CAUSAL_REPLAY__R02ZF_REUSED_R02ZF_PERSON100027,FOOTPOINT_UNAVAILABLE,RANGE_UNAVAILABLE,,,,PERSON_C0_CALIBRATION_ASSET_RECOVERY_AUDIT,CALIBRATION_ASSETS_INSUFFICIENT_FOR_RUNTIME_RANGE_PROTOTYPE,MISSING_PERSON_CAMERA_K;MISSING_CAMERA_HEIGHT_ATTITUDE;MISSING_CAMERA_RADAR_R_T;MISSING_GROUND_PLANE;MISSING_RUNTIME_FOOTPOINT_INTERVAL,"[[-48.40990959065056, -34.707492729881785]]",13.702416860768771,THETA_X_FULL_RADIAL_FALLBACK,0.0,20.0,4,4,NOT_A_RANGE_CONTRACTION_RESULT_FALLBACK_ONLY,False,False
R02ZF,455,R02ZF_REUSED_R02ZF_PERSON017,R02ZF_SARF000455__CAUSAL_REPLAY__R02ZF_REUSED_R02ZF_PERSON017,FOOTPOINT_UNAVAILABLE,RANGE_UNAVAILABLE,,,,PERSON_C0_CALIBRATION_ASSET_RECOVERY_AUDIT,CALIBRATION_ASSETS_INSUFFICIENT_FOR_RUNTIME_RANGE_PROTOTYPE,MISSING_PERSON_CAMERA_K;MISSING_CAMERA_HEIGHT_ATTITUDE;MISSING_CAMERA_RADAR_R_T;MISSING_GROUND_PLANE;MISSING_RUNTIME_FOOTPOINT_INTERVAL,"[[-50.9801088811532, -35.08354492163664]]",15.896563959516563,THETA_X_FULL_RADIAL_FALLBACK,0.0,20.0,5,5,NOT_A_RANGE_CONTRACTION_RESULT_FALLBACK_ONLY,False,False
R02ZF,455,R02ZF_REUSED_R02ZF_PERSON018,R02ZF_SARF000455__CAUSAL_REPLAY__R02ZF_REUSED_R02ZF_PERSON018,FOOTPOINT_UNAVAILABLE,RANGE_UNAVAILABLE,,,,PERSON_C0_CALIBRATION_ASSET_RECOVERY_AUDIT,CALIBRATION_ASSETS_INSUFFICIENT_FOR_RUNTIME_RANGE_PROTOTYPE,MISSING_PERSON_CAMERA_K;MISSING_CAMERA_HEIGHT_ATTITUDE;MISSING_CAMERA_RADAR_R_T;MISSING_GROUND_PLANE;MISSING_RUNTIME_FOOTPOINT_INTERVAL,"[[-47.354682396513354, -31.622035501116244]]",15.73264689539711,THETA_X_FULL_RADIAL_FALLBACK,0.0,20.0,5,5,NOT_A_RANGE_CONTRACTION_RESULT_FALLBACK_ONLY,False,False
R02ZF,455,R02ZF_REUSED_R02ZF_PERSON100022,R02ZF_SARF000455__CAUSAL_REPLAY__R02ZF_REUSED_R02ZF_PERSON100022,FOOTPOINT_UNAVAILABLE,RANGE_UNAVAILABLE,,,,PERSON_C0_CALIBRATION_ASSET_RECOVERY_AUDIT,CALIBRATION_ASSETS_INSUFFICIENT_FOR_RUNTIME_RANGE_PROTOTYPE,MISSING_PERSON_CAMERA_K;MISSING_CAMERA_HEIGHT_ATTITUDE;MISSING_CAMERA_RADAR_R_T;MISSING_GROUND_PLANE;MISSING_RUNTIME_FOOTPOINT_INTERVAL,"[[-2.6646436064982524, 10.05532123329823]]",12.719964839796482,THETA_X_FULL_RADIAL_FALLBACK,0.0,20.0,12,12,NOT_A_RANGE_CONTRACTION_RESULT_FALLBACK_ONLY,False,False
R02ZF,455,R02ZF_REUSED_R02ZF_PERSON100023,R02ZF_SARF000455__CAUSAL_REPLAY__R02ZF_REUSED_R02ZF_PERSON100023,FOOTPOINT_UNAVAILABLE,RANGE_UNAVAILABLE,,,,PERSON_C0_CALIBRATION_ASSET_RECOVERY_AUDIT,CALIBRATION_ASSETS_INSUFFICIENT_FOR_RUNTIME_RANGE_PROTOTYPE,MISSING_PERSON_CAMERA_K;MISSING_CAMERA_HEIGHT_ATTITUDE;MISSING_CAMERA_RADAR_R_T;MISSING_GROUND_PLANE;MISSING_RUNTIME_FOOTPOINT_INTERVAL,"[[-51.49616512027294, -37.93358518042818]]",13.56257993984476,THETA_X_FULL_RADIAL_FALLBACK,0.0,20.0,5,5,NOT_A_RANGE_CONTRACTION_RESULT_FALLBACK_ONLY,False,False
R02ZF,455,R02ZF_REUSED_R02ZF_PERSON100024,R02ZF_SARF000455__CAUSAL_REPLAY__R02ZF_REUSED_R02ZF_PERSON100024,FOOTPOINT_UNAVAILABLE,RANGE_UNAVAILABLE,,,,PERSON_C0_CALIBRATION_ASSET_RECOVERY_AUDIT,CALIBRATION_ASSETS_INSUFFICIENT_FOR_RUNTIME_RANGE_PROTOTYPE,MISSING_PERSON_CAMERA_K;MISSING_CAMERA_HEIGHT_ATTITUDE;MISSING_CAMERA_RADAR_R_T;MISSING_GROUND_PLANE;MISSING_RUNTIME_FOOTPOINT_INTERVAL,"[[-49.38111216100102, -35.979930589105436]]",13.401181571895584,THETA_X_FULL_RADIAL_FALLBACK,0.0,20.0,4,4,NOT_A_RANGE_CONTRACTION_RESULT_FALLBACK_ONLY,False,False
R02ZF,455,R02ZF_REUSED_R02ZF_PERSON100025,R02ZF_SARF000455__CAUSAL_REPLAY__R02ZF_REUSED_R02ZF_PERSON100025,FOOTPOINT_UNAVAILABLE,RANGE_UNAVAILABLE,,,,PERSON_C0_CALIBRATION_ASSET_RECOVERY_AUDIT,CALIBRATION_ASSETS_INSUFFICIENT_FOR_RUNTIME_RANGE_PROTOTYPE,MISSING_PERSON_CAMERA_K;MISSING_CAMERA_HEIGHT_ATTITUDE;MISSING_CAMERA_RADAR_R_T;MISSING_GROUND_PLANE;MISSING_RUNTIME_FOOTPOINT_INTERVAL,"[[-51.50100863373511, -37.19362131730402]]",14.30738731643109,THETA_X_FULL_RADIAL_FALLBACK,0.0,20.0,5,5,NOT_A_RANGE_CONTRACTION_RESULT_FALLBACK_ONLY,False,False
R02ZF,455,R02ZF_REUSED_R02ZF_PERSON100026,R02ZF_SARF000455__CAUSAL_REPLAY__R02ZF_REUSED_R02ZF_PERSON100026,FOOTPOINT_UNAVAILABLE,RANGE_UNAVAILABLE,,,,PERSON_C0_CALIBRATION_ASSET_RECOVERY_AUDIT,CALIBRATION_ASSETS_INSUFFICIENT_FOR_RUNTIME_RANGE_PROTOTYPE,MISSING_PERSON_CAMERA_K;MISSING_CAMERA_HEIGHT_ATTITUDE;MISSING_CAMERA_RADAR_R_T;MISSING_GROUND_PLANE;MISSING_RUNTIME_FOOTPOINT_INTERVAL,"[[-48.414909346482474, -34.602497857411464]]",13.81241148907101,THETA_X_FULL_RADIAL_FALLBACK,0.0,20.0,4,4,NOT_A_RANGE_CONTRACTION_RESULT_FALLBACK_ONLY,False,False
R02ZF,455,R02ZF_REUSED_R02ZF_PERSON100027,R02ZF_SARF000455__CAUSAL_REPLAY__R02ZF_REUSED_R02ZF_PERSON100027,FOOTPOINT_UNAVAILABLE,RANGE_UNAVAILABLE,,,,PERSON_C0_CALIBRATION_ASSET_RECOVERY_AUDIT,CALIBRATION_ASSETS_INSUFFICIENT_FOR_RUNTIME_RANGE_PROTOTYPE,MISSING_PERSON_CAMERA_K;MISSING_CAMERA_HEIGHT_ATTITUDE;MISSING_CAMERA_RADAR_R_T;MISSING_GROUND_PLANE;MISSING_RUNTIME_FOOTPOINT_INTERVAL,"[[-48.40990959065056, -34.707492729881785]]",13.702416860768771,THETA_X_FULL_RADIAL_FALLBACK,0.0,20.0,4,4,NOT_A_RANGE_CONTRACTION_RESULT_FALLBACK_ONLY,False,False
R02ZF,456,R02ZF_REUSED_R02ZF_PERSON017,R02ZF_SARF000456__CAUSAL_REPLAY__R02ZF_REUSED_R02ZF_PERSON017,FOOTPOINT_UNAVAILABLE,RANGE_UNAVAILABLE,,,,PERSON_C0_CALIBRATION_ASSET_RECOVERY_AUDIT,CALIBRATION_ASSETS_INSUFFICIENT_FOR_RUNTIME_RANGE_PROTOTYPE,MISSING_PERSON_CAMERA_K;MISSING_CAMERA_HEIGHT_ATTITUDE;MISSING_CAMERA_RADAR_R_T;MISSING_GROUND_PLANE;MISSING_RUNTIME_FOOTPOINT_INTERVAL,"[[-50.9801088811532, -35.08354492163664]]",15.896563959516563,THETA_X_FULL_RADIAL_FALLBACK,0.0,20.0,5,5,NOT_A_RANGE_CONTRACTION_RESULT_FALLBACK_ONLY,False,False
R02ZF,456,R02ZF_REUSED_R02ZF_PERSON018,R02ZF_SARF000456__CAUSAL_REPLAY__R02ZF_REUSED_R02ZF_PERSON018,FOOTPOINT_UNAVAILABLE,RANGE_UNAVAILABLE,,,,PERSON_C0_CALIBRATION_ASSET_RECOVERY_AUDIT,CALIBRATION_ASSETS_INSUFFICIENT_FOR_RUNTIME_RANGE_PROTOTYPE,MISSING_PERSON_CAMERA_K;MISSING_CAMERA_HEIGHT_ATTITUDE;MISSING_CAMERA_RADAR_R_T;MISSING_GROUND_PLANE;MISSING_RUNTIME_FOOTPOINT_INTERVAL,"[[-47.354682396513354, -31.622035501116244]]",15.73264689539711,THETA_X_FULL_RADIAL_FALLBACK,0.0,20.0,5,5,NOT_A_RANGE_CONTRACTION_RESULT_FALLBACK_ONLY,False,False
R02ZF,456,R02ZF_REUSED_R02ZF_PERSON100023,R02ZF_SARF000456__CAUSAL_REPLAY__R02ZF_REUSED_R02ZF_PERSON100023,FOOTPOINT_UNAVAILABLE,RANGE_UNAVAILABLE,,,,PERSON_C0_CALIBRATION_ASSET_RECOVERY_AUDIT,CALIBRATION_ASSETS_INSUFFICIENT_FOR_RUNTIME_RANGE_PROTOTYPE,MISSING_PERSON_CAMERA_K;MISSING_CAMERA_HEIGHT_ATTITUDE;MISSING_CAMERA_RADAR_R_T;MISSING_GROUND_PLANE;MISSING_RUNTIME_FOOTPOINT_INTERVAL,"[[-51.49616512027294, -37.93358518042818]]",13.56257993984476,THETA_X_FULL_RADIAL_FALLBACK,0.0,20.0,5,5,NOT_A_RANGE_CONTRACTION_RESULT_FALLBACK_ONLY,False,False
R02ZF,456,R02ZF_REUSED_R02ZF_PERSON100024,R02ZF_SARF000456__CAUSAL_REPLAY__R02ZF_REUSED_R02ZF_PERSON100024,FOOTPOINT_UNAVAILABLE,RANGE_UNAVAILABLE,,,,PERSON_C0_CALIBRATION_ASSET_RECOVERY_AUDIT,CALIBRATION_ASSETS_INSUFFICIENT_FOR_RUNTIME_RANGE_PROTOTYPE,MISSING_PERSON_CAMERA_K;MISSING_CAMERA_HEIGHT_ATTITUDE;MISSING_CAMERA_RADAR_R_T;MISSING_GROUND_PLANE;MISSING_RUNTIME_FOOTPOINT_INTERVAL,"[[-49.38111216100102, -35.979930589105436]]",13.401181571895584,THETA_X_FULL_RADIAL_FALLBACK,0.0,20.0,4,4,NOT_A_RANGE_CONTRACTION_RESULT_FALLBACK_ONLY,False,False
R02ZF,456,R02ZF_REUSED_R02ZF_PERSON100025,R02ZF_SARF000456__CAUSAL_REPLAY__R02ZF_REUSED_R02ZF_PERSON100025,FOOTPOINT_UNAVAILABLE,RANGE_UNAVAILABLE,,,,PERSON_C0_CALIBRATION_ASSET_RECOVERY_AUDIT,CALIBRATION_ASSETS_INSUFFICIENT_FOR_RUNTIME_RANGE_PROTOTYPE,MISSING_PERSON_CAMERA_K;MISSING_CAMERA_HEIGHT_ATTITUDE;MISSING_CAMERA_RADAR_R_T;MISSING_GROUND_PLANE;MISSING_RUNTIME_FOOTPOINT_INTERVAL,"[[-51.50100863373511, -37.19362131730402]]",14.30738731643109,THETA_X_FULL_RADIAL_FALLBACK,0.0,20.0,5,5,NOT_A_RANGE_CONTRACTION_RESULT_FALLBACK_ONLY,False,False
R02ZF,456,R02ZF_REUSED_R02ZF_PERSON100026,R02ZF_SARF000456__CAUSAL_REPLAY__R02ZF_REUSED_R02ZF_PERSON100026,FOOTPOINT_UNAVAILABLE,RANGE_UNAVAILABLE,,,,PERSON_C0_CALIBRATION_ASSET_RECOVERY_AUDIT,CALIBRATION_ASSETS_INSUFFICIENT_FOR_RUNTIME_RANGE_PROTOTYPE,MISSING_PERSON_CAMERA_K;MISSING_CAMERA_HEIGHT_ATTITUDE;MISSING_CAMERA_RADAR_R_T;MISSING_GROUND_PLANE;MISSING_RUNTIME_FOOTPOINT_INTERVAL,"[[-48.414909346482474, -34.602497857411464]]",13.81241148907101,THETA_X_FULL_RADIAL_FALLBACK,0.0,20.0,4,4,NOT_A_RANGE_CONTRACTION_RESULT_FALLBACK_ONLY,False,False
R02ZF,456,R02ZF_REUSED_R02ZF_PERSON100027,R02ZF_SARF000456__CAUSAL_REPLAY__R02ZF_REUSED_R02ZF_PERSON100027,FOOTPOINT_UNAVAILABLE,RANGE_UNAVAILABLE,,,,PERSON_C0_CALIBRATION_ASSET_RECOVERY_AUDIT,CALIBRATION_ASSETS_INSUFFICIENT_FOR_RUNTIME_RANGE_PROTOTYPE,MISSING_PERSON_CAMERA_K;MISSING_CAMERA_HEIGHT_ATTITUDE;MISSING_CAMERA_RADAR_R_T;MISSING_GROUND_PLANE;MISSING_RUNTIME_FOOTPOINT_INTERVAL,"[[-48.40990959065056, -34.707492729881785]]",13.702416860768771,THETA_X_FULL_RADIAL_FALLBACK,0.0,20.0,4,4,NOT_A_RANGE_CONTRACTION_RESULT_FALLBACK_ONLY,False,False
R02ZF,457,R02ZF_REUSED_R02ZF_PERSON017,R02ZF_SARF000457__CAUSAL_REPLAY__R02ZF_REUSED_R02ZF_PERSON017,FOOTPOINT_UNAVAILABLE,RANGE_UNAVAILABLE,,,,PERSON_C0_CALIBRATION_ASSET_RECOVERY_AUDIT,CALIBRATION_ASSETS_INSUFFICIENT_FOR_RUNTIME_RANGE_PROTOTYPE,MISSING_PERSON_CAMERA_K;MISSING_CAMERA_HEIGHT_ATTITUDE;MISSING_CAMERA_RADAR_R_T;MISSING_GROUND_PLANE;MISSING_RUNTIME_FOOTPOINT_INTERVAL,"[[-50.9801088811532, -34.310261152520766]]",16.669847728632433,THETA_X_FULL_RADIAL_FALLBACK,0.0,20.0,6,6,NOT_A_RANGE_CONTRACTION_RESULT_FALLBACK_ONLY,False,False
R02ZF,457,R02ZF_REUSED_R02ZF_PERSON018,R02ZF_SARF000457__CAUSAL_REPLAY__R02ZF_REUSED_R02ZF_PERSON018,FOOTPOINT_UNAVAILABLE,RANGE_UNAVAILABLE,,,,PERSON_C0_CALIBRATION_ASSET_RECOVERY_AUDIT,CALIBRATION_ASSETS_INSUFFICIENT_FOR_RUNTIME_RANGE_PROTOTYPE,MISSING_PERSON_CAMERA_K;MISSING_CAMERA_HEIGHT_ATTITUDE;MISSING_CAMERA_RADAR_R_T;MISSING_GROUND_PLANE;MISSING_RUNTIME_FOOTPOINT_INTERVAL,"[[-47.354682396513354, -30.52140972653882]]",16.833272669974534,THETA_X_FULL_RADIAL_FALLBACK,0.0,20.0,6,6,NOT_A_RANGE_CONTRACTION_RESULT_FALLBACK_ONLY,False,False
R02ZF,457,R02ZF_REUSED_R02ZF_PERSON100023,R02ZF_SARF000457__CAUSAL_REPLAY__R02ZF_REUSED_R02ZF_PERSON100023,FOOTPOINT_UNAVAILABLE,RANGE_UNAVAILABLE,,,,PERSON_C0_CALIBRATION_ASSET_RECOVERY_AUDIT,CALIBRATION_ASSETS_INSUFFICIENT_FOR_RUNTIME_RANGE_PROTOTYPE,MISSING_PERSON_CAMERA_K;MISSING_CAMERA_HEIGHT_ATTITUDE;MISSING_CAMERA_RADAR_R_T;MISSING_GROUND_PLANE;MISSING_RUNTIME_FOOTPOINT_INTERVAL,"[[-51.49616512027294, -37.93358518042818]]",13.56257993984476,THETA_X_FULL_RADIAL_FALLBACK,0.0,20.0,6,6,NOT_A_RANGE_CONTRACTION_RESULT_FALLBACK_ONLY,False,False
R02ZF,457,R02ZF_REUSED_R02ZF_PERSON100024,R02ZF_SARF000457__CAUSAL_REPLAY__R02ZF_REUSED_R02ZF_PERSON100024,FOOTPOINT_UNAVAILABLE,RANGE_UNAVAILABLE,,,,PERSON_C0_CALIBRATION_ASSET_RECOVERY_AUDIT,CALIBRATION_ASSETS_INSUFFICIENT_FOR_RUNTIME_RANGE_PROTOTYPE,MISSING_PERSON_CAMERA_K;MISSING_CAMERA_HEIGHT_ATTITUDE;MISSING_CAMERA_RADAR_R_T;MISSING_GROUND_PLANE;MISSING_RUNTIME_FOOTPOINT_INTERVAL,"[[-49.38111216100102, -35.979930589105436]]",13.401181571895584,THETA_X_FULL_RADIAL_FALLBACK,0.0,20.0,5,5,NOT_A_RANGE_CONTRACTION_RESULT_FALLBACK_ONLY,False,False
R02ZF,457,R02ZF_REUSED_R02ZF_PERSON100025,R02ZF_SARF000457__CAUSAL_REPLAY__R02ZF_REUSED_R02ZF_PERSON100025,FOOTPOINT_UNAVAILABLE,RANGE_UNAVAILABLE,,,,PERSON_C0_CALIBRATION_ASSET_RECOVERY_AUDIT,CALIBRATION_ASSETS_INSUFFICIENT_FOR_RUNTIME_RANGE_PROTOTYPE,MISSING_PERSON_CAMERA_K;MISSING_CAMERA_HEIGHT_ATTITUDE;MISSING_CAMERA_RADAR_R_T;MISSING_GROUND_PLANE;MISSING_RUNTIME_FOOTPOINT_INTERVAL,"[[-51.50100863373511, -37.19362131730402]]",14.30738731643109,THETA_X_FULL_RADIAL_FALLBACK,0.0,20.0,6,6,NOT_A_RANGE_CONTRACTION_RESULT_FALLBACK_ONLY,False,False
R02ZF,457,R02ZF_REUSED_R02ZF_PERSON100026,R02ZF_SARF000457__CAUSAL_REPLAY__R02ZF_REUSED_R02ZF_PERSON100026,FOOTPOINT_UNAVAILABLE,RANGE_UNAVAILABLE,,,,PERSON_C0_CALIBRATION_ASSET_RECOVERY_AUDIT,CALIBRATION_ASSETS_INSUFFICIENT_FOR_RUNTIME_RANGE_PROTOTYPE,MISSING_PERSON_CAMERA_K;MISSING_CAMERA_HEIGHT_ATTITUDE;MISSING_CAMERA_RADAR_R_T;MISSING_GROUND_PLANE;MISSING_RUNTIME_FOOTPOINT_INTERVAL,"[[-48.414909346482474, -34.602497857411464]]",13.81241148907101,THETA_X_FULL_RADIAL_FALLBACK,0.0,20.0,5,5,NOT_A_RANGE_CONTRACTION_RESULT_FALLBACK_ONLY,False,False
R02ZF,457,R02ZF_REUSED_R02ZF_PERSON100027,R02ZF_SARF000457__CAUSAL_REPLAY__R02ZF_REUSED_R02ZF_PERSON100027,FOOTPOINT_UNAVAILABLE,RANGE_UNAVAILABLE,,,,PERSON_C0_CALIBRATION_ASSET_RECOVERY_AUDIT,CALIBRATION_ASSETS_INSUFFICIENT_FOR_RUNTIME_RANGE_PROTOTYPE,MISSING_PERSON_CAMERA_K;MISSING_CAMERA_HEIGHT_ATTITUDE;MISSING_CAMERA_RADAR_R_T;MISSING_GROUND_PLANE;MISSING_RUNTIME_FOOTPOINT_INTERVAL,"[[-48.40990959065056, -34.707492729881785]]",13.702416860768771,THETA_X_FULL_RADIAL_FALLBACK,0.0,20.0,5,5,NOT_A_RANGE_CONTRACTION_RESULT_FALLBACK_ONLY,False,False
R02ZF,458,R02ZF_REUSED_R02ZF_PERSON017,R02ZF_SARF000458__CAUSAL_REPLAY__R02ZF_REUSED_R02ZF_PERSON017,FOOTPOINT_UNAVAILABLE,RANGE_UNAVAILABLE,,,,PERSON_C0_CALIBRATION_ASSET_RECOVERY_AUDIT,CALIBRATION_ASSETS_INSUFFICIENT_FOR_RUNTIME_RANGE_PROTOTYPE,MISSING_PERSON_CAMERA_K;MISSING_CAMERA_HEIGHT_ATTITUDE;MISSING_CAMERA_RADAR_R_T;MISSING_GROUND_PLANE;MISSING_RUNTIME_FOOTPOINT_INTERVAL,"[[-50.9801088811532, -34.310261152520766]]",16.669847728632433,THETA_X_FULL_RADIAL_FALLBACK,0.0,20.0,6,6,NOT_A_RANGE_CONTRACTION_RESULT_FALLBACK_ONLY,False,False
R02ZF,458,R02ZF_REUSED_R02ZF_PERSON018,R02ZF_SARF000458__CAUSAL_REPLAY__R02ZF_REUSED_R02ZF_PERSON018,FOOTPOINT_UNAVAILABLE,RANGE_UNAVAILABLE,,,,PERSON_C0_CALIBRATION_ASSET_RECOVERY_AUDIT,CALIBRATION_ASSETS_INSUFFICIENT_FOR_RUNTIME_RANGE_PROTOTYPE,MISSING_PERSON_CAMERA_K;MISSING_CAMERA_HEIGHT_ATTITUDE;MISSING_CAMERA_RADAR_R_T;MISSING_GROUND_PLANE;MISSING_RUNTIME_FOOTPOINT_INTERVAL,"[[-47.354682396513354, -30.52140972653882]]",16.833272669974534,THETA_X_FULL_RADIAL_FALLBACK,0.0,20.0,6,6,NOT_A_RANGE_CONTRACTION_RESULT_FALLBACK_ONLY,False,False
R02ZF,458,R02ZF_REUSED_R02ZF_PERSON100025,R02ZF_SARF000458__CAUSAL_REPLAY__R02ZF_REUSED_R02ZF_PERSON100025,FOOTPOINT_UNAVAILABLE,RANGE_UNAVAILABLE,,,,PERSON_C0_CALIBRATION_ASSET_RECOVERY_AUDIT,CALIBRATION_ASSETS_INSUFFICIENT_FOR_RUNTIME_RANGE_PROTOTYPE,MISSING_PERSON_CAMERA_K;MISSING_CAMERA_HEIGHT_ATTITUDE;MISSING_CAMERA_RADAR_R_T;MISSING_GROUND_PLANE;MISSING_RUNTIME_FOOTPOINT_INTERVAL,"[[-51.50100863373511, -37.19362131730402]]",14.30738731643109,THETA_X_FULL_RADIAL_FALLBACK,0.0,20.0,6,6,NOT_A_RANGE_CONTRACTION_RESULT_FALLBACK_ONLY,False,False
R02ZF,458,R02ZF_REUSED_R02ZF_PERSON100026,R02ZF_SARF000458__CAUSAL_REPLAY__R02ZF_REUSED_R02ZF_PERSON100026,FOOTPOINT_UNAVAILABLE,RANGE_UNAVAILABLE,,,,PERSON_C0_CALIBRATION_ASSET_RECOVERY_AUDIT,CALIBRATION_ASSETS_INSUFFICIENT_FOR_RUNTIME_RANGE_PROTOTYPE,MISSING_PERSON_CAMERA_K;MISSING_CAMERA_HEIGHT_ATTITUDE;MISSING_CAMERA_RADAR_R_T;MISSING_GROUND_PLANE;MISSING_RUNTIME_FOOTPOINT_INTERVAL,"[[-48.414909346482474, -34.602497857411464]]",13.81241148907101,THETA_X_FULL_RADIAL_FALLBACK,0.0,20.0,5,5,NOT_A_RANGE_CONTRACTION_RESULT_FALLBACK_ONLY,False,False
R02ZF,458,R02ZF_REUSED_R02ZF_PERSON100027,R02ZF_SARF000458__CAUSAL_REPLAY__R02ZF_REUSED_R02ZF_PERSON100027,FOOTPOINT_UNAVAILABLE,RANGE_UNAVAILABLE,,,,PERSON_C0_CALIBRATION_ASSET_RECOVERY_AUDIT,CALIBRATION_ASSETS_INSUFFICIENT_FOR_RUNTIME_RANGE_PROTOTYPE,MISSING_PERSON_CAMERA_K;MISSING_CAMERA_HEIGHT_ATTITUDE;MISSING_CAMERA_RADAR_R_T;MISSING_GROUND_PLANE;MISSING_RUNTIME_FOOTPOINT_INTERVAL,"[[-48.40990959065056, -34.707492729881785]]",13.702416860768771,THETA_X_FULL_RADIAL_FALLBACK,0.0,20.0,5,5,NOT_A_RANGE_CONTRACTION_RESULT_FALLBACK_ONLY,False,False
R02ZF,459,R02ZF_REUSED_R02ZF_PERSON017,R02ZF_SARF000459__CAUSAL_REPLAY__R02ZF_REUSED_R02ZF_PERSON017,FOOTPOINT_UNAVAILABLE,RANGE_UNAVAILABLE,,,,PERSON_C0_CALIBRATION_ASSET_RECOVERY_AUDIT,CALIBRATION_ASSETS_INSUFFICIENT_FOR_RUNTIME_RANGE_PROTOTYPE,MISSING_PERSON_CAMERA_K;MISSING_CAMERA_HEIGHT_ATTITUDE;MISSING_CAMERA_RADAR_R_T;MISSING_GROUND_PLANE;MISSING_RUNTIME_FOOTPOINT_INTERVAL,"[[-50.9801088811532, -33.41574998660747]]",17.564358894545727,THETA_X_FULL_RADIAL_FALLBACK,0.0,20.0,7,7,NOT_A_RANGE_CONTRACTION_RESULT_FALLBACK_ONLY,False,False
R02ZF,459,R02ZF_REUSED_R02ZF_PERSON018,R02ZF_SARF000459__CAUSAL_REPLAY__R02ZF_REUSED_R02ZF_PERSON018,FOOTPOINT_UNAVAILABLE,RANGE_UNAVAILABLE,,,,PERSON_C0_CALIBRATION_ASSET_RECOVERY_AUDIT,CALIBRATION_ASSETS_INSUFFICIENT_FOR_RUNTIME_RANGE_PROTOTYPE,MISSING_PERSON_CAMERA_K;MISSING_CAMERA_HEIGHT_ATTITUDE;MISSING_CAMERA_RADAR_R_T;MISSING_GROUND_PLANE;MISSING_RUNTIME_FOOTPOINT_INTERVAL,"[[-47.354682396513354, -29.590041636612973]]",17.76464075990038,THETA_X_FULL_RADIAL_FALLBACK,0.0,20.0,5,5,NOT_A_RANGE_CONTRACTION_RESULT_FALLBACK_ONLY,False,False
R02ZF,459,R02ZF_REUSED_R02ZF_PERSON100025,R02ZF_SARF000459__CAUSAL_REPLAY__R02ZF_REUSED_R02ZF_PERSON100025,FOOTPOINT_UNAVAILABLE,RANGE_UNAVAILABLE,,,,PERSON_C0_CALIBRATION_ASSET_RECOVERY_AUDIT,CALIBRATION_ASSETS_INSUFFICIENT_FOR_RUNTIME_RANGE_PROTOTYPE,MISSING_PERSON_CAMERA_K;MISSING_CAMERA_HEIGHT_ATTITUDE;MISSING_CAMERA_RADAR_R_T;MISSING_GROUND_PLANE;MISSING_RUNTIME_FOOTPOINT_INTERVAL,"[[-51.50100863373511, -37.19362131730402]]",14.30738731643109,THETA_X_FULL_RADIAL_FALLBACK,0.0,20.0,7,7,NOT_A_RANGE_CONTRACTION_RESULT_FALLBACK_ONLY,False,False
R02ZF,459,R02ZF_REUSED_R02ZF_PERSON100026,R02ZF_SARF000459__CAUSAL_REPLAY__R02ZF_REUSED_R02ZF_PERSON100026,FOOTPOINT_UNAVAILABLE,RANGE_UNAVAILABLE,,,,PERSON_C0_CALIBRATION_ASSET_RECOVERY_AUDIT,CALIBRATION_ASSETS_INSUFFICIENT_FOR_RUNTIME_RANGE_PROTOTYPE,MISSING_PERSON_CAMERA_K;MISSING_CAMERA_HEIGHT_ATTITUDE;MISSING_CAMERA_RADAR_R_T;MISSING_GROUND_PLANE;MISSING_RUNTIME_FOOTPOINT_INTERVAL,"[[-48.414909346482474, -34.602497857411464]]",13.81241148907101,THETA_X_FULL_RADIAL_FALLBACK,0.0,20.0,6,6,NOT_A_RANGE_CONTRACTION_RESULT_FALLBACK_ONLY,False,False
R02ZF,459,R02ZF_REUSED_R02ZF_PERSON100027,R02ZF_SARF000459__CAUSAL_REPLAY__R02ZF_REUSED_R02ZF_PERSON100027,FOOTPOINT_UNAVAILABLE,RANGE_UNAVAILABLE,,,,PERSON_C0_CALIBRATION_ASSET_RECOVERY_AUDIT,CALIBRATION_ASSETS_INSUFFICIENT_FOR_RUNTIME_RANGE_PROTOTYPE,MISSING_PERSON_CAMERA_K;MISSING_CAMERA_HEIGHT_ATTITUDE;MISSING_CAMERA_RADAR_R_T;MISSING_GROUND_PLANE;MISSING_RUNTIME_FOOTPOINT_INTERVAL,"[[-48.40990959065056, -34.707492729881785]]",13.702416860768771,THETA_X_FULL_RADIAL_FALLBACK,0.0,20.0,6,6,NOT_A_RANGE_CONTRACTION_RESULT_FALLBACK_ONLY,False,False
R02ZF,460,R02ZF_REUSED_R02ZF_PERSON017,R02ZF_SARF000460__CAUSAL_REPLAY__R02ZF_REUSED_R02ZF_PERSON017,FOOTPOINT_UNAVAILABLE,RANGE_UNAVAILABLE,,,,PERSON_C0_CALIBRATION_ASSET_RECOVERY_AUDIT,CALIBRATION_ASSETS_INSUFFICIENT_FOR_RUNTIME_RANGE_PROTOTYPE,MISSING_PERSON_CAMERA_K;MISSING_CAMERA_HEIGHT_ATTITUDE;MISSING_CAMERA_RADAR_R_T;MISSING_GROUND_PLANE;MISSING_RUNTIME_FOOTPOINT_INTERVAL,"[[-50.9801088811532, -32.447425693664115]]",18.532683187489084,THETA_X_FULL_RADIAL_FALLBACK,0.0,20.0,5,5,NOT_A_RANGE_CONTRACTION_RESULT_FALLBACK_ONLY,False,False
R02ZF,460,R02ZF_REUSED_R02ZF_PERSON018,R02ZF_SARF000460__CAUSAL_REPLAY__R02ZF_REUSED_R02ZF_PERSON018,FOOTPOINT_UNAVAILABLE,RANGE_UNAVAILABLE,,,,PERSON_C0_CALIBRATION_ASSET_RECOVERY_AUDIT,CALIBRATION_ASSETS_INSUFFICIENT_FOR_RUNTIME_RANGE_PROTOTYPE,MISSING_PERSON_CAMERA_K;MISSING_CAMERA_HEIGHT_ATTITUDE;MISSING_CAMERA_RADAR_R_T;MISSING_GROUND_PLANE;MISSING_RUNTIME_FOOTPOINT_INTERVAL,"[[-47.354682396513354, -28.68088030725108]]",18.673802089262274,THETA_X_FULL_RADIAL_FALLBACK,0.0,20.0,4,4,NOT_A_RANGE_CONTRACTION_RESULT_FALLBACK_ONLY,False,False
R02ZF,461,R02ZF_REUSED_R02ZF_PERSON017,R02ZF_SARF000461__CAUSAL_REPLAY__R02ZF_REUSED_R02ZF_PERSON017,FOOTPOINT_UNAVAILABLE,RANGE_UNAVAILABLE,,,,PERSON_C0_CALIBRATION_ASSET_RECOVERY_AUDIT,CALIBRATION_ASSETS_INSUFFICIENT_FOR_RUNTIME_RANGE_PROTOTYPE,MISSING_PERSON_CAMERA_K;MISSING_CAMERA_HEIGHT_ATTITUDE;MISSING_CAMERA_RADAR_R_T;MISSING_GROUND_PLANE;MISSING_RUNTIME_FOOTPOINT_INTERVAL,"[[-50.01589866544943, -32.447425693664115]]",17.56847297178531,THETA_X_FULL_RADIAL_FALLBACK,0.0,20.0,5,5,NOT_A_RANGE_CONTRACTION_RESULT_FALLBACK_ONLY,False,False
R02ZF,461,R02ZF_REUSED_R02ZF_PERSON018,R02ZF_SARF000461__CAUSAL_REPLAY__R02ZF_REUSED_R02ZF_PERSON018,FOOTPOINT_UNAVAILABLE,RANGE_UNAVAILABLE,,,,PERSON_C0_CALIBRATION_ASSET_RECOVERY_AUDIT,CALIBRATION_ASSETS_INSUFFICIENT_FOR_RUNTIME_RANGE_PROTOTYPE,MISSING_PERSON_CAMERA_K;MISSING_CAMERA_HEIGHT_ATTITUDE;MISSING_CAMERA_RADAR_R_T;MISSING_GROUND_PLANE;MISSING_RUNTIME_FOOTPOINT_INTERVAL,"[[-46.33603259902371, -28.68088030725108]]",17.65515229177263,THETA_X_FULL_RADIAL_FALLBACK,0.0,20.0,4,4,NOT_A_RANGE_CONTRACTION_RESULT_FALLBACK_ONLY,False,False
R02ZF,462,R02ZF_REUSED_R02ZF_PERSON017,R02ZF_SARF000462__CAUSAL_REPLAY__R02ZF_REUSED_R02ZF_PERSON017,FOOTPOINT_UNAVAILABLE,RANGE_UNAVAILABLE,,,,PERSON_C0_CALIBRATION_ASSET_RECOVERY_AUDIT,CALIBRATION_ASSETS_INSUFFICIENT_FOR_RUNTIME_RANGE_PROTOTYPE,MISSING_PERSON_CAMERA_K;MISSING_CAMERA_HEIGHT_ATTITUDE;MISSING_CAMERA_RADAR_R_T;MISSING_GROUND_PLANE;MISSING_RUNTIME_FOOTPOINT_INTERVAL,"[[-50.01589866544943, -31.555830238223187]]",18.46006842722624,THETA_X_FULL_RADIAL_FALLBACK,0.0,20.0,7,7,NOT_A_RANGE_CONTRACTION_RESULT_FALLBACK_ONLY,False,False
R02ZF,462,R02ZF_REUSED_R02ZF_PERSON018,R02ZF_SARF000462__CAUSAL_REPLAY__R02ZF_REUSED_R02ZF_PERSON018,FOOTPOINT_UNAVAILABLE,RANGE_UNAVAILABLE,,,,PERSON_C0_CALIBRATION_ASSET_RECOVERY_AUDIT,CALIBRATION_ASSETS_INSUFFICIENT_FOR_RUNTIME_RANGE_PROTOTYPE,MISSING_PERSON_CAMERA_K;MISSING_CAMERA_HEIGHT_ATTITUDE;MISSING_CAMERA_RADAR_R_T;MISSING_GROUND_PLANE;MISSING_RUNTIME_FOOTPOINT_INTERVAL,"[[-46.33603259902371, -27.643261709559113]]",18.692770889464597,THETA_X_FULL_RADIAL_FALLBACK,0.0,20.0,6,6,NOT_A_RANGE_CONTRACTION_RESULT_FALLBACK_ONLY,False,False
R02ZF,463,R02ZF_REUSED_R02ZF_PERSON017,R02ZF_SARF000463__CAUSAL_REPLAY__R02ZF_REUSED_R02ZF_PERSON017,FOOTPOINT_UNAVAILABLE,RANGE_UNAVAILABLE,,,,PERSON_C0_CALIBRATION_ASSET_RECOVERY_AUDIT,CALIBRATION_ASSETS_INSUFFICIENT_FOR_RUNTIME_RANGE_PROTOTYPE,MISSING_PERSON_CAMERA_K;MISSING_CAMERA_HEIGHT_ATTITUDE;MISSING_CAMERA_RADAR_R_T;MISSING_GROUND_PLANE;MISSING_RUNTIME_FOOTPOINT_INTERVAL,"[[-49.073299637994985, -31.555830238223187]]",17.517469399771798,THETA_X_FULL_RADIAL_FALLBACK,0.0,20.0,8,8,NOT_A_RANGE_CONTRACTION_RESULT_FALLBACK_ONLY,False,False
R02ZF,463,R02ZF_REUSED_R02ZF_PERSON018,R02ZF_SARF000463__CAUSAL_REPLAY__R02ZF_REUSED_R02ZF_PERSON018,FOOTPOINT_UNAVAILABLE,RANGE_UNAVAILABLE,,,,PERSON_C0_CALIBRATION_ASSET_RECOVERY_AUDIT,CALIBRATION_ASSETS_INSUFFICIENT_FOR_RUNTIME_RANGE_PROTOTYPE,MISSING_PERSON_CAMERA_K;MISSING_CAMERA_HEIGHT_ATTITUDE;MISSING_CAMERA_RADAR_R_T;MISSING_GROUND_PLANE;MISSING_RUNTIME_FOOTPOINT_INTERVAL,"[[-45.446082164161226, -27.643261709559113]]",17.802820454602113,THETA_X_FULL_RADIAL_FALLBACK,0.0,20.0,10,10,NOT_A_RANGE_CONTRACTION_RESULT_FALLBACK_ONLY,False,False
R02ZF,464,R02ZF_REUSED_R02ZF_PERSON017,R02ZF_SARF000464__CAUSAL_REPLAY__R02ZF_REUSED_R02ZF_PERSON017,FOOTPOINT_UNAVAILABLE,RANGE_UNAVAILABLE,,,,PERSON_C0_CALIBRATION_ASSET_RECOVERY_AUDIT,CALIBRATION_ASSETS_INSUFFICIENT_FOR_RUNTIME_RANGE_PROTOTYPE,MISSING_PERSON_CAMERA_K;MISSING_CAMERA_HEIGHT_ATTITUDE;MISSING_CAMERA_RADAR_R_T;MISSING_GROUND_PLANE;MISSING_RUNTIME_FOOTPOINT_INTERVAL,"[[-49.073299637994985, -30.64624005610608]]",18.427059581888905,THETA_X_FULL_RADIAL_FALLBACK,0.0,20.0,9,9,NOT_A_RANGE_CONTRACTION_RESULT_FALLBACK_ONLY,False,False
R02ZF,464,R02ZF_REUSED_R02ZF_PERSON018,R02ZF_SARF000464__CAUSAL_REPLAY__R02ZF_REUSED_R02ZF_PERSON018,FOOTPOINT_UNAVAILABLE,RANGE_UNAVAILABLE,,,,PERSON_C0_CALIBRATION_ASSET_RECOVERY_AUDIT,CALIBRATION_ASSETS_INSUFFICIENT_FOR_RUNTIME_RANGE_PROTOTYPE,MISSING_PERSON_CAMERA_K;MISSING_CAMERA_HEIGHT_ATTITUDE;MISSING_CAMERA_RADAR_R_T;MISSING_GROUND_PLANE;MISSING_RUNTIME_FOOTPOINT_INTERVAL,"[[-45.446082164161226, -26.798049080113117]]",18.64803308404811,THETA_X_FULL_RADIAL_FALLBACK,0.0,20.0,9,9,NOT_A_RANGE_CONTRACTION_RESULT_FALLBACK_ONLY,False,False
R02ZF,465,R02ZF_REUSED_R02ZF_PERSON017,R02ZF_SARF000465__CAUSAL_REPLAY__R02ZF_REUSED_R02ZF_PERSON017,FOOTPOINT_UNAVAILABLE,RANGE_UNAVAILABLE,,,,PERSON_C0_CALIBRATION_ASSET_RECOVERY_AUDIT,CALIBRATION_ASSETS_INSUFFICIENT_FOR_RUNTIME_RANGE_PROTOTYPE,MISSING_PERSON_CAMERA_K;MISSING_CAMERA_HEIGHT_ATTITUDE;MISSING_CAMERA_RADAR_R_T;MISSING_GROUND_PLANE;MISSING_RUNTIME_FOOTPOINT_INTERVAL,"[[-48.1495943411663, -29.721246980370026]]",18.428347360796273,THETA_X_FULL_RADIAL_FALLBACK,0.0,20.0,15,15,NOT_A_RANGE_CONTRACTION_RESULT_FALLBACK_ONLY,False,False
R02ZF,465,R02ZF_REUSED_R02ZF_PERSON018,R02ZF_SARF000465__CAUSAL_REPLAY__R02ZF_REUSED_R02ZF_PERSON018,FOOTPOINT_UNAVAILABLE,RANGE_UNAVAILABLE,,,,PERSON_C0_CALIBRATION_ASSET_RECOVERY_AUDIT,CALIBRATION_ASSETS_INSUFFICIENT_FOR_RUNTIME_RANGE_PROTOTYPE,MISSING_PERSON_CAMERA_K;MISSING_CAMERA_HEIGHT_ATTITUDE;MISSING_CAMERA_RADAR_R_T;MISSING_GROUND_PLANE;MISSING_RUNTIME_FOOTPOINT_INTERVAL,"[[-44.6665507346601, -25.958345621727915]]",18.708205112932184,THETA_X_FULL_RADIAL_FALLBACK,0.0,20.0,14,14,NOT_A_RANGE_CONTRACTION_RESULT_FALLBACK_ONLY,False,False
R02ZF,466,R02ZF_REUSED_R02ZF_PERSON017,R02ZF_SARF000466__CAUSAL_REPLAY__R02ZF_REUSED_R02ZF_PERSON017,FOOTPOINT_UNAVAILABLE,RANGE_UNAVAILABLE,,,,PERSON_C0_CALIBRATION_ASSET_RECOVERY_AUDIT,CALIBRATION_ASSETS_INSUFFICIENT_FOR_RUNTIME_RANGE_PROTOTYPE,MISSING_PERSON_CAMERA_K;MISSING_CAMERA_HEIGHT_ATTITUDE;MISSING_CAMERA_RADAR_R_T;MISSING_GROUND_PLANE;MISSING_RUNTIME_FOOTPOINT_INTERVAL,"[[-47.258382574672865, -29.721246980370026]]",17.53713559430284,THETA_X_FULL_RADIAL_FALLBACK,0.0,20.0,10,10,NOT_A_RANGE_CONTRACTION_RESULT_FALLBACK_ONLY,False,False
R02ZF,466,R02ZF_REUSED_R02ZF_PERSON018,R02ZF_SARF000466__CAUSAL_REPLAY__R02ZF_REUSED_R02ZF_PERSON018,FOOTPOINT_UNAVAILABLE,RANGE_UNAVAILABLE,,,,PERSON_C0_CALIBRATION_ASSET_RECOVERY_AUDIT,CALIBRATION_ASSETS_INSUFFICIENT_FOR_RUNTIME_RANGE_PROTOTYPE,MISSING_PERSON_CAMERA_K;MISSING_CAMERA_HEIGHT_ATTITUDE;MISSING_CAMERA_RADAR_R_T;MISSING_GROUND_PLANE;MISSING_RUNTIME_FOOTPOINT_INTERVAL,"[[-43.62372324421629, -25.958345621727915]]",17.66537762248838,THETA_X_FULL_RADIAL_FALLBACK,0.0,20.0,8,8,NOT_A_RANGE_CONTRACTION_RESULT_FALLBACK_ONLY,False,False
R02ZF,467,R02ZF_REUSED_R02ZF_PERSON017,R02ZF_SARF000467__CAUSAL_REPLAY__R02ZF_REUSED_R02ZF_PERSON017,FOOTPOINT_UNAVAILABLE,RANGE_UNAVAILABLE,,,,PERSON_C0_CALIBRATION_ASSET_RECOVERY_AUDIT,CALIBRATION_ASSETS_INSUFFICIENT_FOR_RUNTIME_RANGE_PROTOTYPE,MISSING_PERSON_CAMERA_K;MISSING_CAMERA_HEIGHT_ATTITUDE;MISSING_CAMERA_RADAR_R_T;MISSING_GROUND_PLANE;MISSING_RUNTIME_FOOTPOINT_INTERVAL,"[[-47.258382574672865, -28.821629455758874]]",18.43675311891399,THETA_X_FULL_RADIAL_FALLBACK,0.0,20.0,8,8,NOT_A_RANGE_CONTRACTION_RESULT_FALLBACK_ONLY,False,False
R02ZF,467,R02ZF_REUSED_R02ZF_PERSON018,R02ZF_SARF000467__CAUSAL_REPLAY__R02ZF_REUSED_R02ZF_PERSON018,FOOTPOINT_UNAVAILABLE,RANGE_UNAVAILABLE,,,,PERSON_C0_CALIBRATION_ASSET_RECOVERY_AUDIT,CALIBRATION_ASSETS_INSUFFICIENT_FOR_RUNTIME_RANGE_PROTOTYPE,MISSING_PERSON_CAMERA_K;MISSING_CAMERA_HEIGHT_ATTITUDE;MISSING_CAMERA_RADAR_R_T;MISSING_GROUND_PLANE;MISSING_RUNTIME_FOOTPOINT_INTERVAL,"[[-43.62372324421629, -25.213960587796052]]",18.40976265642024,THETA_X_FULL_RADIAL_FALLBACK,0.0,20.0,7,7,NOT_A_RANGE_CONTRACTION_RESULT_FALLBACK_ONLY,False,False
R02ZF,468,R02ZF_REUSED_R02ZF_PERSON017,R02ZF_SARF000468__CAUSAL_REPLAY__R02ZF_REUSED_R02ZF_PERSON017,FOOTPOINT_UNAVAILABLE,RANGE_UNAVAILABLE,,,,PERSON_C0_CALIBRATION_ASSET_RECOVERY_AUDIT,CALIBRATION_ASSETS_INSUFFICIENT_FOR_RUNTIME_RANGE_PROTOTYPE,MISSING_PERSON_CAMERA_K;MISSING_CAMERA_HEIGHT_ATTITUDE;MISSING_CAMERA_RADAR_R_T;MISSING_GROUND_PLANE;MISSING_RUNTIME_FOOTPOINT_INTERVAL,"[[-46.31748329331096, -28.821629455758874]]",17.495853837552083,THETA_X_FULL_RADIAL_FALLBACK,0.0,20.0,7,7,NOT_A_RANGE_CONTRACTION_RESULT_FALLBACK_ONLY,False,False
R02ZF,468,R02ZF_REUSED_R02ZF_PERSON018,R02ZF_SARF000468__CAUSAL_REPLAY__R02ZF_REUSED_R02ZF_PERSON018,FOOTPOINT_UNAVAILABLE,RANGE_UNAVAILABLE,,,,PERSON_C0_CALIBRATION_ASSET_RECOVERY_AUDIT,CALIBRATION_ASSETS_INSUFFICIENT_FOR_RUNTIME_RANGE_PROTOTYPE,MISSING_PERSON_CAMERA_K;MISSING_CAMERA_HEIGHT_ATTITUDE;MISSING_CAMERA_RADAR_R_T;MISSING_GROUND_PLANE;MISSING_RUNTIME_FOOTPOINT_INTERVAL,"[[-42.698081599892404, -25.213960587796052]]",17.484121012096352,THETA_X_FULL_RADIAL_FALLBACK,0.0,20.0,7,7,NOT_A_RANGE_CONTRACTION_RESULT_FALLBACK_ONLY,False,False
R02ZF,469,R02ZF_REUSED_R02ZF_PERSON017,R02ZF_SARF000469__CAUSAL_REPLAY__R02ZF_REUSED_R02ZF_PERSON017,FOOTPOINT_UNAVAILABLE,RANGE_UNAVAILABLE,,,,PERSON_C0_CALIBRATION_ASSET_RECOVERY_AUDIT,CALIBRATION_ASSETS_INSUFFICIENT_FOR_RUNTIME_RANGE_PROTOTYPE,MISSING_PERSON_CAMERA_K;MISSING_CAMERA_HEIGHT_ATTITUDE;MISSING_CAMERA_RADAR_R_T;MISSING_GROUND_PLANE;MISSING_RUNTIME_FOOTPOINT_INTERVAL,"[[-46.31748329331096, -27.966900689482955]]",18.350582603828002,THETA_X_FULL_RADIAL_FALLBACK,0.0,20.0,9,9,NOT_A_RANGE_CONTRACTION_RESULT_FALLBACK_ONLY,False,False
R02ZF,469,R02ZF_REUSED_R02ZF_PERSON018,R02ZF_SARF000469__CAUSAL_REPLAY__R02ZF_REUSED_R02ZF_PERSON018,FOOTPOINT_UNAVAILABLE,RANGE_UNAVAILABLE,,,,PERSON_C0_CALIBRATION_ASSET_RECOVERY_AUDIT,CALIBRATION_ASSETS_INSUFFICIENT_FOR_RUNTIME_RANGE_PROTOTYPE,MISSING_PERSON_CAMERA_K;MISSING_CAMERA_HEIGHT_ATTITUDE;MISSING_CAMERA_RADAR_R_T;MISSING_GROUND_PLANE;MISSING_RUNTIME_FOOTPOINT_INTERVAL,"[[-42.698081599892404, -24.337966583986617]]",18.360115015905787,THETA_X_FULL_RADIAL_FALLBACK,0.0,20.0,7,7,NOT_A_RANGE_CONTRACTION_RESULT_FALLBACK_ONLY,False,False
R02ZF,470,R02ZF_REUSED_R02ZF_PERSON017,R02ZF_SARF000470__CAUSAL_REPLAY__R02ZF_REUSED_R02ZF_PERSON017,FOOTPOINT_UNAVAILABLE,RANGE_UNAVAILABLE,,,,PERSON_C0_CALIBRATION_ASSET_RECOVERY_AUDIT,CALIBRATION_ASSETS_INSUFFICIENT_FOR_RUNTIME_RANGE_PROTOTYPE,MISSING_PERSON_CAMERA_K;MISSING_CAMERA_HEIGHT_ATTITUDE;MISSING_CAMERA_RADAR_R_T;MISSING_GROUND_PLANE;MISSING_RUNTIME_FOOTPOINT_INTERVAL,"[[-45.42181414358363, -27.03841413201058]]",18.383400011573052,THETA_X_FULL_RADIAL_FALLBACK,0.0,20.0,8,8,NOT_A_RANGE_CONTRACTION_RESULT_FALLBACK_ONLY,False,False
R02ZF,470,R02ZF_REUSED_R02ZF_PERSON018,R02ZF_SARF000470__CAUSAL_REPLAY__R02ZF_REUSED_R02ZF_PERSON018,FOOTPOINT_UNAVAILABLE,RANGE_UNAVAILABLE,,,,PERSON_C0_CALIBRATION_ASSET_RECOVERY_AUDIT,CALIBRATION_ASSETS_INSUFFICIENT_FOR_RUNTIME_RANGE_PROTOTYPE,MISSING_PERSON_CAMERA_K;MISSING_CAMERA_HEIGHT_ATTITUDE;MISSING_CAMERA_RADAR_R_T;MISSING_GROUND_PLANE;MISSING_RUNTIME_FOOTPOINT_INTERVAL,"[[-41.77274023387479, -23.48676140865127]]",18.285978825223523,THETA_X_FULL_RADIAL_FALLBACK,0.0,20.0,6,6,NOT_A_RANGE_CONTRACTION_RESULT_FALLBACK_ONLY,False,False
R02ZF,471,R02ZF_REUSED_R02ZF_PERSON017,R02ZF_SARF000471__CAUSAL_REPLAY__R02ZF_REUSED_R02ZF_PERSON017,FOOTPOINT_UNAVAILABLE,RANGE_UNAVAILABLE,,,,PERSON_C0_CALIBRATION_ASSET_RECOVERY_AUDIT,CALIBRATION_ASSETS_INSUFFICIENT_FOR_RUNTIME_RANGE_PROTOTYPE,MISSING_PERSON_CAMERA_K;MISSING_CAMERA_HEIGHT_ATTITUDE;MISSING_CAMERA_RADAR_R_T;MISSING_GROUND_PLANE;MISSING_RUNTIME_FOOTPOINT_INTERVAL,"[[-44.468266147254376, -27.03841413201058]]",17.429852015243796,THETA_X_FULL_RADIAL_FALLBACK,0.0,20.0,9,9,NOT_A_RANGE_CONTRACTION_RESULT_FALLBACK_ONLY,False,False
R02ZF,471,R02ZF_REUSED_R02ZF_PERSON018,R02ZF_SARF000471__CAUSAL_REPLAY__R02ZF_REUSED_R02ZF_PERSON018,FOOTPOINT_UNAVAILABLE,RANGE_UNAVAILABLE,,,,PERSON_C0_CALIBRATION_ASSET_RECOVERY_AUDIT,CALIBRATION_ASSETS_INSUFFICIENT_FOR_RUNTIME_RANGE_PROTOTYPE,MISSING_PERSON_CAMERA_K;MISSING_CAMERA_HEIGHT_ATTITUDE;MISSING_CAMERA_RADAR_R_T;MISSING_GROUND_PLANE;MISSING_RUNTIME_FOOTPOINT_INTERVAL,"[[-40.926957157028504, -23.48676140865127]]",17.440195748377235,THETA_X_FULL_RADIAL_FALLBACK,0.0,20.0,7,7,NOT_A_RANGE_CONTRACTION_RESULT_FALLBACK_ONLY,False,False
R02ZF,472,R02ZF_REUSED_R02ZF_PERSON017,R02ZF_SARF000472__CAUSAL_REPLAY__R02ZF_REUSED_R02ZF_PERSON017,FOOTPOINT_UNAVAILABLE,RANGE_UNAVAILABLE,,,,PERSON_C0_CALIBRATION_ASSET_RECOVERY_AUDIT,CALIBRATION_ASSETS_INSUFFICIENT_FOR_RUNTIME_RANGE_PROTOTYPE,MISSING_PERSON_CAMERA_K;MISSING_CAMERA_HEIGHT_ATTITUDE;MISSING_CAMERA_RADAR_R_T;MISSING_GROUND_PLANE;MISSING_RUNTIME_FOOTPOINT_INTERVAL,"[[-44.468266147254376, -26.11811402370477]]",18.350152123549606,THETA_X_FULL_RADIAL_FALLBACK,0.0,20.0,8,8,NOT_A_RANGE_CONTRACTION_RESULT_FALLBACK_ONLY,False,False
R02ZF,472,R02ZF_REUSED_R02ZF_PERSON018,R02ZF_SARF000472__CAUSAL_REPLAY__R02ZF_REUSED_R02ZF_PERSON018,FOOTPOINT_UNAVAILABLE,RANGE_UNAVAILABLE,,,,PERSON_C0_CALIBRATION_ASSET_RECOVERY_AUDIT,CALIBRATION_ASSETS_INSUFFICIENT_FOR_RUNTIME_RANGE_PROTOTYPE,MISSING_PERSON_CAMERA_K;MISSING_CAMERA_HEIGHT_ATTITUDE;MISSING_CAMERA_RADAR_R_T;MISSING_GROUND_PLANE;MISSING_RUNTIME_FOOTPOINT_INTERVAL,"[[-40.926957157028504, -22.59199879017525]]",18.334958366853254,THETA_X_FULL_RADIAL_FALLBACK,0.0,20.0,7,7,NOT_A_RANGE_CONTRACTION_RESULT_FALLBACK_ONLY,False,False
R02ZF,473,R02ZF_REUSED_R02ZF_PERSON017,R02ZF_SARF000473__CAUSAL_REPLAY__R02ZF_REUSED_R02ZF_PERSON017,FOOTPOINT_UNAVAILABLE,RANGE_UNAVAILABLE,,,,PERSON_C0_CALIBRATION_ASSET_RECOVERY_AUDIT,CALIBRATION_ASSETS_INSUFFICIENT_FOR_RUNTIME_RANGE_PROTOTYPE,MISSING_PERSON_CAMERA_K;MISSING_CAMERA_HEIGHT_ATTITUDE;MISSING_CAMERA_RADAR_R_T;MISSING_GROUND_PLANE;MISSING_RUNTIME_FOOTPOINT_INTERVAL,"[[-43.5517988595796, -26.11811402370477]]",17.43368483587483,THETA_X_FULL_RADIAL_FALLBACK,0.0,20.0,11,11,NOT_A_RANGE_CONTRACTION_RESULT_FALLBACK_ONLY,False,False
R02ZF,473,R02ZF_REUSED_R02ZF_PERSON018,R02ZF_SARF000473__CAUSAL_REPLAY__R02ZF_REUSED_R02ZF_PERSON018,FOOTPOINT_UNAVAILABLE,RANGE_UNAVAILABLE,,,,PERSON_C0_CALIBRATION_ASSET_RECOVERY_AUDIT,CALIBRATION_ASSETS_INSUFFICIENT_FOR_RUNTIME_RANGE_PROTOTYPE,MISSING_PERSON_CAMERA_K;MISSING_CAMERA_HEIGHT_ATTITUDE;MISSING_CAMERA_RADAR_R_T;MISSING_GROUND_PLANE;MISSING_RUNTIME_FOOTPOINT_INTERVAL,"[[-40.11701787007753, -22.59199879017525]]",17.525019079902282,THETA_X_FULL_RADIAL_FALLBACK,0.0,20.0,9,9,NOT_A_RANGE_CONTRACTION_RESULT_FALLBACK_ONLY,False,False
R02ZF,474,R02ZF_REUSED_R02ZF_PERSON017,R02ZF_SARF000474__CAUSAL_REPLAY__R02ZF_REUSED_R02ZF_PERSON017,FOOTPOINT_UNAVAILABLE,RANGE_UNAVAILABLE,,,,PERSON_C0_CALIBRATION_ASSET_RECOVERY_AUDIT,CALIBRATION_ASSETS_INSUFFICIENT_FOR_RUNTIME_RANGE_PROTOTYPE,MISSING_PERSON_CAMERA_K;MISSING_CAMERA_HEIGHT_ATTITUDE;MISSING_CAMERA_RADAR_R_T;MISSING_GROUND_PLANE;MISSING_RUNTIME_FOOTPOINT_INTERVAL,"[[-43.5517988595796, -25.224733173684704]]",18.327065685894894,THETA_X_FULL_RADIAL_FALLBACK,0.0,20.0,6,6,NOT_A_RANGE_CONTRACTION_RESULT_FALLBACK_ONLY,False,False
R02ZF,474,R02ZF_REUSED_R02ZF_PERSON018,R02ZF_SARF000474__CAUSAL_REPLAY__R02ZF_REUSED_R02ZF_PERSON018,FOOTPOINT_UNAVAILABLE,RANGE_UNAVAILABLE,,,,PERSON_C0_CALIBRATION_ASSET_RECOVERY_AUDIT,CALIBRATION_ASSETS_INSUFFICIENT_FOR_RUNTIME_RANGE_PROTOTYPE,MISSING_PERSON_CAMERA_K;MISSING_CAMERA_HEIGHT_ATTITUDE;MISSING_CAMERA_RADAR_R_T;MISSING_GROUND_PLANE;MISSING_RUNTIME_FOOTPOINT_INTERVAL,"[[-40.11701787007753, -21.63580525246765]]",18.48121261760988,THETA_X_FULL_RADIAL_FALLBACK,0.0,20.0,5,5,NOT_A_RANGE_CONTRACTION_RESULT_FALLBACK_ONLY,False,False
R02ZF,475,R02ZF_REUSED_R02ZF_PERSON017,R02ZF_SARF000475__CAUSAL_REPLAY__R02ZF_REUSED_R02ZF_PERSON017,FOOTPOINT_UNAVAILABLE,RANGE_UNAVAILABLE,,,,PERSON_C0_CALIBRATION_ASSET_RECOVERY_AUDIT,CALIBRATION_ASSETS_INSUFFICIENT_FOR_RUNTIME_RANGE_PROTOTYPE,MISSING_PERSON_CAMERA_K;MISSING_CAMERA_HEIGHT_ATTITUDE;MISSING_CAMERA_RADAR_R_T;MISSING_GROUND_PLANE;MISSING_RUNTIME_FOOTPOINT_INTERVAL,"[[-42.62158956722804, -24.307575815544876]]",18.314013751683166,THETA_X_FULL_RADIAL_FALLBACK,0.0,20.0,6,6,NOT_A_RANGE_CONTRACTION_RESULT_FALLBACK_ONLY,False,False
R02ZF,475,R02ZF_REUSED_R02ZF_PERSON018,R02ZF_SARF000475__CAUSAL_REPLAY__R02ZF_REUSED_R02ZF_PERSON018,FOOTPOINT_UNAVAILABLE,RANGE_UNAVAILABLE,,,,PERSON_C0_CALIBRATION_ASSET_RECOVERY_AUDIT,CALIBRATION_ASSETS_INSUFFICIENT_FOR_RUNTIME_RANGE_PROTOTYPE,MISSING_PERSON_CAMERA_K;MISSING_CAMERA_HEIGHT_ATTITUDE;MISSING_CAMERA_RADAR_R_T;MISSING_GROUND_PLANE;MISSING_RUNTIME_FOOTPOINT_INTERVAL,"[[-39.1132216766266, -20.845847086073324]]",18.267374590553278,THETA_X_FULL_RADIAL_FALLBACK,0.0,20.0,6,6,NOT_A_RANGE_CONTRACTION_RESULT_FALLBACK_ONLY,False,False
R02ZF,476,R02ZF_REUSED_R02ZF_PERSON017,R02ZF_SARF000476__CAUSAL_REPLAY__R02ZF_REUSED_R02ZF_PERSON017,FOOTPOINT_UNAVAILABLE,RANGE_UNAVAILABLE,,,,PERSON_C0_CALIBRATION_ASSET_RECOVERY_AUDIT,CALIBRATION_ASSETS_INSUFFICIENT_FOR_RUNTIME_RANGE_PROTOTYPE,MISSING_PERSON_CAMERA_K;MISSING_CAMERA_HEIGHT_ATTITUDE;MISSING_CAMERA_RADAR_R_T;MISSING_GROUND_PLANE;MISSING_RUNTIME_FOOTPOINT_INTERVAL,"[[-41.7065561288018, -24.307575815544876]]",17.398980313256924,THETA_X_FULL_RADIAL_FALLBACK,0.0,20.0,5,5,NOT_A_RANGE_CONTRACTION_RESULT_FALLBACK_ONLY,False,False
R02ZF,476,R02ZF_REUSED_R02ZF_PERSON018,R02ZF_SARF000476__CAUSAL_REPLAY__R02ZF_REUSED_R02ZF_PERSON018,FOOTPOINT_UNAVAILABLE,RANGE_UNAVAILABLE,,,,PERSON_C0_CALIBRATION_ASSET_RECOVERY_AUDIT,CALIBRATION_ASSETS_INSUFFICIENT_FOR_RUNTIME_RANGE_PROTOTYPE,MISSING_PERSON_CAMERA_K;MISSING_CAMERA_HEIGHT_ATTITUDE;MISSING_CAMERA_RADAR_R_T;MISSING_GROUND_PLANE;MISSING_RUNTIME_FOOTPOINT_INTERVAL,"[[-38.17010041718788, -20.845847086073324]]",17.32425333111456,THETA_X_FULL_RADIAL_FALLBACK,0.0,20.0,4,4,NOT_A_RANGE_CONTRACTION_RESULT_FALLBACK_ONLY,False,False
R02ZF,477,R02ZF_REUSED_R02ZF_PERSON017,R02ZF_SARF000477__CAUSAL_REPLAY__R02ZF_REUSED_R02ZF_PERSON017,FOOTPOINT_UNAVAILABLE,RANGE_UNAVAILABLE,,,,PERSON_C0_CALIBRATION_ASSET_RECOVERY_AUDIT,CALIBRATION_ASSETS_INSUFFICIENT_FOR_RUNTIME_RANGE_PROTOTYPE,MISSING_PERSON_CAMERA_K;MISSING_CAMERA_HEIGHT_ATTITUDE;MISSING_CAMERA_RADAR_R_T;MISSING_GROUND_PLANE;MISSING_RUNTIME_FOOTPOINT_INTERVAL,"[[-41.7065561288018, -23.40519149897011]]",18.30136462983169,THETA_X_FULL_RADIAL_FALLBACK,0.0,20.0,7,7,NOT_A_RANGE_CONTRACTION_RESULT_FALLBACK_ONLY,False,False
R02ZF,477,R02ZF_REUSED_R02ZF_PERSON018,R02ZF_SARF000477__CAUSAL_REPLAY__R02ZF_REUSED_R02ZF_PERSON018,FOOTPOINT_UNAVAILABLE,RANGE_UNAVAILABLE,,,,PERSON_C0_CALIBRATION_ASSET_RECOVERY_AUDIT,CALIBRATION_ASSETS_INSUFFICIENT_FOR_RUNTIME_RANGE_PROTOTYPE,MISSING_PERSON_CAMERA_K;MISSING_CAMERA_HEIGHT_ATTITUDE;MISSING_CAMERA_RADAR_R_T;MISSING_GROUND_PLANE;MISSING_RUNTIME_FOOTPOINT_INTERVAL,"[[-38.17010041718788, -19.997218282315625]]",18.172882134872257,THETA_X_FULL_RADIAL_FALLBACK,0.0,20.0,7,7,NOT_A_RANGE_CONTRACTION_RESULT_FALLBACK_ONLY,False,False
R02ZF,478,R02ZF_REUSED_R02ZF_PERSON017,R02ZF_SARF000478__CAUSAL_REPLAY__R02ZF_REUSED_R02ZF_PERSON017,FOOTPOINT_UNAVAILABLE,RANGE_UNAVAILABLE,,,,PERSON_C0_CALIBRATION_ASSET_RECOVERY_AUDIT,CALIBRATION_ASSETS_INSUFFICIENT_FOR_RUNTIME_RANGE_PROTOTYPE,MISSING_PERSON_CAMERA_K;MISSING_CAMERA_HEIGHT_ATTITUDE;MISSING_CAMERA_RADAR_R_T;MISSING_GROUND_PLANE;MISSING_RUNTIME_FOOTPOINT_INTERVAL,"[[-40.81405658340101, -23.40519149897011]]",17.4088650844309,THETA_X_FULL_RADIAL_FALLBACK,0.0,20.0,8,8,NOT_A_RANGE_CONTRACTION_RESULT_FALLBACK_ONLY,False,False
R02ZF,478,R02ZF_REUSED_R02ZF_PERSON018,R02ZF_SARF000478__CAUSAL_REPLAY__R02ZF_REUSED_R02ZF_PERSON018,FOOTPOINT_UNAVAILABLE,RANGE_UNAVAILABLE,,,,PERSON_C0_CALIBRATION_ASSET_RECOVERY_AUDIT,CALIBRATION_ASSETS_INSUFFICIENT_FOR_RUNTIME_RANGE_PROTOTYPE,MISSING_PERSON_CAMERA_K;MISSING_CAMERA_HEIGHT_ATTITUDE;MISSING_CAMERA_RADAR_R_T;MISSING_GROUND_PLANE;MISSING_RUNTIME_FOOTPOINT_INTERVAL,"[[-37.25874030197656, -19.997218282315625]]",17.261522019660934,THETA_X_FULL_RADIAL_FALLBACK,0.0,20.0,7,7,NOT_A_RANGE_CONTRACTION_RESULT_FALLBACK_ONLY,False,False
R02ZF,479,R02ZF_REUSED_R02ZF_PERSON017,R02ZF_SARF000479__CAUSAL_REPLAY__R02ZF_REUSED_R02ZF_PERSON017,FOOTPOINT_UNAVAILABLE,RANGE_UNAVAILABLE,,,,PERSON_C0_CALIBRATION_ASSET_RECOVERY_AUDIT,CALIBRATION_ASSETS_INSUFFICIENT_FOR_RUNTIME_RANGE_PROTOTYPE,MISSING_PERSON_CAMERA_K;MISSING_CAMERA_HEIGHT_ATTITUDE;MISSING_CAMERA_RADAR_R_T;MISSING_GROUND_PLANE;MISSING_RUNTIME_FOOTPOINT_INTERVAL,"[[-40.81405658340101, -22.515490482263036]]",18.298566101137975,THETA_X_FULL_RADIAL_FALLBACK,0.0,20.0,9,9,NOT_A_RANGE_CONTRACTION_RESULT_FALLBACK_ONLY,False,False
R02ZF,479,R02ZF_REUSED_R02ZF_PERSON018,R02ZF_SARF000479__CAUSAL_REPLAY__R02ZF_REUSED_R02ZF_PERSON018,FOOTPOINT_UNAVAILABLE,RANGE_UNAVAILABLE,,,,PERSON_C0_CALIBRATION_ASSET_RECOVERY_AUDIT,CALIBRATION_ASSETS_INSUFFICIENT_FOR_RUNTIME_RANGE_PROTOTYPE,MISSING_PERSON_CAMERA_K;MISSING_CAMERA_HEIGHT_ATTITUDE;MISSING_CAMERA_RADAR_R_T;MISSING_GROUND_PLANE;MISSING_RUNTIME_FOOTPOINT_INTERVAL,"[[-37.25874030197656, -19.146931030901875]]",18.111809271074684,THETA_X_FULL_RADIAL_FALLBACK,0.0,20.0,7,7,NOT_A_RANGE_CONTRACTION_RESULT_FALLBACK_ONLY,False,False
R02ZF,480,R02ZF_REUSED_R02ZF_PERSON017,R02ZF_SARF000480__CAUSAL_REPLAY__R02ZF_REUSED_R02ZF_PERSON017,FOOTPOINT_UNAVAILABLE,RANGE_UNAVAILABLE,,,,PERSON_C0_CALIBRATION_ASSET_RECOVERY_AUDIT,CALIBRATION_ASSETS_INSUFFICIENT_FOR_RUNTIME_RANGE_PROTOTYPE,MISSING_PERSON_CAMERA_K;MISSING_CAMERA_HEIGHT_ATTITUDE;MISSING_CAMERA_RADAR_R_T;MISSING_GROUND_PLANE;MISSING_RUNTIME_FOOTPOINT_INTERVAL,"[[-39.905820501821715, -21.814776004441192]]",18.091044497380523,THETA_X_FULL_RADIAL_FALLBACK,0.0,20.0,8,8,NOT_A_RANGE_CONTRACTION_RESULT_FALLBACK_ONLY,False,False
R02ZF,480,R02ZF_REUSED_R02ZF_PERSON018,R02ZF_SARF000480__CAUSAL_REPLAY__R02ZF_REUSED_R02ZF_PERSON018,FOOTPOINT_UNAVAILABLE,RANGE_UNAVAILABLE,,,,PERSON_C0_CALIBRATION_ASSET_RECOVERY_AUDIT,CALIBRATION_ASSETS_INSUFFICIENT_FOR_RUNTIME_RANGE_PROTOTYPE,MISSING_PERSON_CAMERA_K;MISSING_CAMERA_HEIGHT_ATTITUDE;MISSING_CAMERA_RADAR_R_T;MISSING_GROUND_PLANE;MISSING_RUNTIME_FOOTPOINT_INTERVAL,"[[-36.42315936361596, -18.51178789510725]]",17.911371468508708,THETA_X_FULL_RADIAL_FALLBACK,0.0,20.0,8,8,NOT_A_RANGE_CONTRACTION_RESULT_FALLBACK_ONLY,False,False
R02ZF,481,R02ZF_REUSED_R02ZF_PERSON017,R02ZF_SARF000481__CAUSAL_REPLAY__R02ZF_REUSED_R02ZF_PERSON017,FOOTPOINT_UNAVAILABLE,RANGE_UNAVAILABLE,,,,PERSON_C0_CALIBRATION_ASSET_RECOVERY_AUDIT,CALIBRATION_ASSETS_INSUFFICIENT_FOR_RUNTIME_RANGE_PROTOTYPE,MISSING_PERSON_CAMERA_K;MISSING_CAMERA_HEIGHT_ATTITUDE;MISSING_CAMERA_RADAR_R_T;MISSING_GROUND_PLANE;MISSING_RUNTIME_FOOTPOINT_INTERVAL,"[[-38.97743322335428, -21.814776004441192]]",17.16265721891309,THETA_X_FULL_RADIAL_FALLBACK,0.0,20.0,6,6,NOT_A_RANGE_CONTRACTION_RESULT_FALLBACK_ONLY,False,False
R02ZF,481,R02ZF_REUSED_R02ZF_PERSON018,R02ZF_SARF000481__CAUSAL_REPLAY__R02ZF_REUSED_R02ZF_PERSON018,FOOTPOINT_UNAVAILABLE,RANGE_UNAVAILABLE,,,,PERSON_C0_CALIBRATION_ASSET_RECOVERY_AUDIT,CALIBRATION_ASSETS_INSUFFICIENT_FOR_RUNTIME_RANGE_PROTOTYPE,MISSING_PERSON_CAMERA_K;MISSING_CAMERA_HEIGHT_ATTITUDE;MISSING_CAMERA_RADAR_R_T;MISSING_GROUND_PLANE;MISSING_RUNTIME_FOOTPOINT_INTERVAL,"[[-35.54748109959506, -18.51178789510725]]",17.03569320448781,THETA_X_FULL_RADIAL_FALLBACK,0.0,20.0,6,6,NOT_A_RANGE_CONTRACTION_RESULT_FALLBACK_ONLY,False,False
R02ZF,482,R02ZF_REUSED_R02ZF_PERSON017,R02ZF_SARF000482__CAUSAL_REPLAY__R02ZF_REUSED_R02ZF_PERSON017,FOOTPOINT_UNAVAILABLE,RANGE_UNAVAILABLE,,,,PERSON_C0_CALIBRATION_ASSET_RECOVERY_AUDIT,CALIBRATION_ASSETS_INSUFFICIENT_FOR_RUNTIME_RANGE_PROTOTYPE,MISSING_PERSON_CAMERA_K;MISSING_CAMERA_HEIGHT_ATTITUDE;MISSING_CAMERA_RADAR_R_T;MISSING_GROUND_PLANE;MISSING_RUNTIME_FOOTPOINT_INTERVAL,"[[-38.97743322335428, -20.993422886874725]]",17.984010336479557,THETA_X_FULL_RADIAL_FALLBACK,0.0,20.0,9,9,NOT_A_RANGE_CONTRACTION_RESULT_FALLBACK_ONLY,False,False
R02ZF,482,R02ZF_REUSED_R02ZF_PERSON018,R02ZF_SARF000482__CAUSAL_REPLAY__R02ZF_REUSED_R02ZF_PERSON018,FOOTPOINT_UNAVAILABLE,RANGE_UNAVAILABLE,,,,PERSON_C0_CALIBRATION_ASSET_RECOVERY_AUDIT,CALIBRATION_ASSETS_INSUFFICIENT_FOR_RUNTIME_RANGE_PROTOTYPE,MISSING_PERSON_CAMERA_K;MISSING_CAMERA_HEIGHT_ATTITUDE;MISSING_CAMERA_RADAR_R_T;MISSING_GROUND_PLANE;MISSING_RUNTIME_FOOTPOINT_INTERVAL,"[[-35.54748109959506, -17.711332194495846]]",17.836148905099215,THETA_X_FULL_RADIAL_FALLBACK,0.0,20.0,9,9,NOT_A_RANGE_CONTRACTION_RESULT_FALLBACK_ONLY,False,False
R02ZF,482,R02ZF_REUSED_R02ZF_PERSON021,R02ZF_SARF000482__CAUSAL_REPLAY__R02ZF_REUSED_R02ZF_PERSON021,FOOTPOINT_UNAVAILABLE,RANGE_UNAVAILABLE,,,,PERSON_C0_CALIBRATION_ASSET_RECOVERY_AUDIT,CALIBRATION_ASSETS_INSUFFICIENT_FOR_RUNTIME_RANGE_PROTOTYPE,MISSING_PERSON_CAMERA_K;MISSING_CAMERA_HEIGHT_ATTITUDE;MISSING_CAMERA_RADAR_R_T;MISSING_GROUND_PLANE;MISSING_RUNTIME_FOOTPOINT_INTERVAL,"[[-51.34263864419872, -34.76871858100274]]",16.573920063195985,THETA_X_FULL_RADIAL_FALLBACK,0.0,20.0,2,2,NOT_A_RANGE_CONTRACTION_RESULT_FALLBACK_ONLY,False,False
R02ZF,483,R02ZF_REUSED_R02ZF_PERSON017,R02ZF_SARF000483__CAUSAL_REPLAY__R02ZF_REUSED_R02ZF_PERSON017,FOOTPOINT_UNAVAILABLE,RANGE_UNAVAILABLE,,,,PERSON_C0_CALIBRATION_ASSET_RECOVERY_AUDIT,CALIBRATION_ASSETS_INSUFFICIENT_FOR_RUNTIME_RANGE_PROTOTYPE,MISSING_PERSON_CAMERA_K;MISSING_CAMERA_HEIGHT_ATTITUDE;MISSING_CAMERA_RADAR_R_T;MISSING_GROUND_PLANE;MISSING_RUNTIME_FOOTPOINT_INTERVAL,"[[-38.037321257060384, -20.993422886874725]]",17.04389837018566,THETA_X_FULL_RADIAL_FALLBACK,0.0,20.0,9,9,NOT_A_RANGE_CONTRACTION_RESULT_FALLBACK_ONLY,False,False
R02ZF,483,R02ZF_REUSED_R02ZF_PERSON018,R02ZF_SARF000483__CAUSAL_REPLAY__R02ZF_REUSED_R02ZF_PERSON018,FOOTPOINT_UNAVAILABLE,RANGE_UNAVAILABLE,,,,PERSON_C0_CALIBRATION_ASSET_RECOVERY_AUDIT,CALIBRATION_ASSETS_INSUFFICIENT_FOR_RUNTIME_RANGE_PROTOTYPE,MISSING_PERSON_CAMERA_K;MISSING_CAMERA_HEIGHT_ATTITUDE;MISSING_CAMERA_RADAR_R_T;MISSING_GROUND_PLANE;MISSING_RUNTIME_FOOTPOINT_INTERVAL,"[[-34.73559692064616, -17.711332194495846]]",17.024264726150314,THETA_X_FULL_RADIAL_FALLBACK,0.0,20.0,10,10,NOT_A_RANGE_CONTRACTION_RESULT_FALLBACK_ONLY,False,False
R02ZF,483,R02ZF_REUSED_R02ZF_PERSON021,R02ZF_SARF000483__CAUSAL_REPLAY__R02ZF_REUSED_R02ZF_PERSON021,FOOTPOINT_UNAVAILABLE,RANGE_UNAVAILABLE,,,,PERSON_C0_CALIBRATION_ASSET_RECOVERY_AUDIT,CALIBRATION_ASSETS_INSUFFICIENT_FOR_RUNTIME_RANGE_PROTOTYPE,MISSING_PERSON_CAMERA_K;MISSING_CAMERA_HEIGHT_ATTITUDE;MISSING_CAMERA_RADAR_R_T;MISSING_GROUND_PLANE;MISSING_RUNTIME_FOOTPOINT_INTERVAL,"[[-51.34263864419872, -34.76871858100274]]",16.573920063195985,THETA_X_FULL_RADIAL_FALLBACK,0.0,20.0,3,3,NOT_A_RANGE_CONTRACTION_RESULT_FALLBACK_ONLY,False,False
R02ZF,484,R02ZF_REUSED_R02ZF_PERSON017,R02ZF_SARF000484__CAUSAL_REPLAY__R02ZF_REUSED_R02ZF_PERSON017,FOOTPOINT_UNAVAILABLE,RANGE_UNAVAILABLE,,,,PERSON_C0_CALIBRATION_ASSET_RECOVERY_AUDIT,CALIBRATION_ASSETS_INSUFFICIENT_FOR_RUNTIME_RANGE_PROTOTYPE,MISSING_PERSON_CAMERA_K;MISSING_CAMERA_HEIGHT_ATTITUDE;MISSING_CAMERA_RADAR_R_T;MISSING_GROUND_PLANE;MISSING_RUNTIME_FOOTPOINT_INTERVAL,"[[-38.037321257060384, -19.84108821177188]]",18.196233045288505,THETA_X_FULL_RADIAL_FALLBACK,0.0,20.0,12,12,NOT_A_RANGE_CONTRACTION_RESULT_FALLBACK_ONLY,False,False
R02ZF,484,R02ZF_REUSED_R02ZF_PERSON018,R02ZF_SARF000484__CAUSAL_REPLAY__R02ZF_REUSED_R02ZF_PERSON018,FOOTPOINT_UNAVAILABLE,RANGE_UNAVAILABLE,,,,PERSON_C0_CALIBRATION_ASSET_RECOVERY_AUDIT,CALIBRATION_ASSETS_INSUFFICIENT_FOR_RUNTIME_RANGE_PROTOTYPE,MISSING_PERSON_CAMERA_K;MISSING_CAMERA_HEIGHT_ATTITUDE;MISSING_CAMERA_RADAR_R_T;MISSING_GROUND_PLANE;MISSING_RUNTIME_FOOTPOINT_INTERVAL,"[[-34.73559692064616, -16.64126563716313]]",18.09433128348303,THETA_X_FULL_RADIAL_FALLBACK,0.0,20.0,10,10,NOT_A_RANGE_CONTRACTION_RESULT_FALLBACK_ONLY,False,False
R02ZF,484,R02ZF_REUSED_R02ZF_PERSON021,R02ZF_SARF000484__CAUSAL_REPLAY__R02ZF_REUSED_R02ZF_PERSON021,FOOTPOINT_UNAVAILABLE,RANGE_UNAVAILABLE,,,,PERSON_C0_CALIBRATION_ASSET_RECOVERY_AUDIT,CALIBRATION_ASSETS_INSUFFICIENT_FOR_RUNTIME_RANGE_PROTOTYPE,MISSING_PERSON_CAMERA_K;MISSING_CAMERA_HEIGHT_ATTITUDE;MISSING_CAMERA_RADAR_R_T;MISSING_GROUND_PLANE;MISSING_RUNTIME_FOOTPOINT_INTERVAL,"[[-51.34263864419872, -32.54161624351301]]",18.80102240068571,THETA_X_FULL_RADIAL_FALLBACK,0.0,20.0,5,5,NOT_A_RANGE_CONTRACTION_RESULT_FALLBACK_ONLY,False,False
R02ZF,485,R02ZF_REUSED_R02ZF_PERSON017,R02ZF_SARF000485__CAUSAL_REPLAY__R02ZF_REUSED_R02ZF_PERSON017,FOOTPOINT_UNAVAILABLE,RANGE_UNAVAILABLE,,,,PERSON_C0_CALIBRATION_ASSET_RECOVERY_AUDIT,CALIBRATION_ASSETS_INSUFFICIENT_FOR_RUNTIME_RANGE_PROTOTYPE,MISSING_PERSON_CAMERA_K;MISSING_CAMERA_HEIGHT_ATTITUDE;MISSING_CAMERA_RADAR_R_T;MISSING_GROUND_PLANE;MISSING_RUNTIME_FOOTPOINT_INTERVAL,"[[-37.14099702864982, -18.881102541547538]]",18.259894487102283,THETA_X_FULL_RADIAL_FALLBACK,0.0,20.0,10,10,NOT_A_RANGE_CONTRACTION_RESULT_FALLBACK_ONLY,False,False
R02ZF,485,R02ZF_REUSED_R02ZF_PERSON018,R02ZF_SARF000485__CAUSAL_REPLAY__R02ZF_REUSED_R02ZF_PERSON018,FOOTPOINT_UNAVAILABLE,RANGE_UNAVAILABLE,,,,PERSON_C0_CALIBRATION_ASSET_RECOVERY_AUDIT,CALIBRATION_ASSETS_INSUFFICIENT_FOR_RUNTIME_RANGE_PROTOTYPE,MISSING_PERSON_CAMERA_K;MISSING_CAMERA_HEIGHT_ATTITUDE;MISSING_CAMERA_RADAR_R_T;MISSING_GROUND_PLANE;MISSING_RUNTIME_FOOTPOINT_INTERVAL,"[[-33.81332750747066, -15.686141383174661]]",18.127186124296,THETA_X_FULL_RADIAL_FALLBACK,0.0,20.0,11,11,NOT_A_RANGE_CONTRACTION_RESULT_FALLBACK_ONLY,False,False
R02ZF,485,R02ZF_REUSED_R02ZF_PERSON021,R02ZF_SARF000485__CAUSAL_REPLAY__R02ZF_REUSED_R02ZF_PERSON021,FOOTPOINT_UNAVAILABLE,RANGE_UNAVAILABLE,,,,PERSON_C0_CALIBRATION_ASSET_RECOVERY_AUDIT,CALIBRATION_ASSETS_INSUFFICIENT_FOR_RUNTIME_RANGE_PROTOTYPE,MISSING_PERSON_CAMERA_K;MISSING_CAMERA_HEIGHT_ATTITUDE;MISSING_CAMERA_RADAR_R_T;MISSING_GROUND_PLANE;MISSING_RUNTIME_FOOTPOINT_INTERVAL,"[[-51.34263864419872, -30.802088564880172]]",20.54055007931855,THETA_X_FULL_RADIAL_FALLBACK,0.0,20.0,4,4,NOT_A_RANGE_CONTRACTION_RESULT_FALLBACK_ONLY,False,False
R02ZF,486,R02ZF_REUSED_R02ZF_PERSON017,R02ZF_SARF000486__CAUSAL_REPLAY__R02ZF_REUSED_R02ZF_PERSON017,FOOTPOINT_UNAVAILABLE,RANGE_UNAVAILABLE,,,,PERSON_C0_CALIBRATION_ASSET_RECOVERY_AUDIT,CALIBRATION_ASSETS_INSUFFICIENT_FOR_RUNTIME_RANGE_PROTOTYPE,MISSING_PERSON_CAMERA_K;MISSING_CAMERA_HEIGHT_ATTITUDE;MISSING_CAMERA_RADAR_R_T;MISSING_GROUND_PLANE;MISSING_RUNTIME_FOOTPOINT_INTERVAL,"[[-36.42813307905292, -18.881102541547538]]",17.547030537505382,THETA_X_FULL_RADIAL_FALLBACK,0.0,20.0,10,10,NOT_A_RANGE_CONTRACTION_RESULT_FALLBACK_ONLY,False,False
R02ZF,486,R02ZF_REUSED_R02ZF_PERSON018,R02ZF_SARF000486__CAUSAL_REPLAY__R02ZF_REUSED_R02ZF_PERSON018,FOOTPOINT_UNAVAILABLE,RANGE_UNAVAILABLE,,,,PERSON_C0_CALIBRATION_ASSET_RECOVERY_AUDIT,CALIBRATION_ASSETS_INSUFFICIENT_FOR_RUNTIME_RANGE_PROTOTYPE,MISSING_PERSON_CAMERA_K;MISSING_CAMERA_HEIGHT_ATTITUDE;MISSING_CAMERA_RADAR_R_T;MISSING_GROUND_PLANE;MISSING_RUNTIME_FOOTPOINT_INTERVAL,"[[-33.09301763244165, -15.686141383174661]]",17.40687624926699,THETA_X_FULL_RADIAL_FALLBACK,0.0,20.0,10,10,NOT_A_RANGE_CONTRACTION_RESULT_FALLBACK_ONLY,False,False
R02ZF,486,R02ZF_REUSED_R02ZF_PERSON021,R02ZF_SARF000486__CAUSAL_REPLAY__R02ZF_REUSED_R02ZF_PERSON021,FOOTPOINT_UNAVAILABLE,RANGE_UNAVAILABLE,,,,PERSON_C0_CALIBRATION_ASSET_RECOVERY_AUDIT,CALIBRATION_ASSETS_INSUFFICIENT_FOR_RUNTIME_RANGE_PROTOTYPE,MISSING_PERSON_CAMERA_K;MISSING_CAMERA_HEIGHT_ATTITUDE;MISSING_CAMERA_RADAR_R_T;MISSING_GROUND_PLANE;MISSING_RUNTIME_FOOTPOINT_INTERVAL,"[[-51.34263864419872, -30.802088564880172]]",20.54055007931855,THETA_X_FULL_RADIAL_FALLBACK,0.0,20.0,3,3,NOT_A_RANGE_CONTRACTION_RESULT_FALLBACK_ONLY,False,False
R02ZF,487,R02ZF_REUSED_R02ZF_PERSON017,R02ZF_SARF000487__CAUSAL_REPLAY__R02ZF_REUSED_R02ZF_PERSON017,FOOTPOINT_UNAVAILABLE,RANGE_UNAVAILABLE,,,,PERSON_C0_CALIBRATION_ASSET_RECOVERY_AUDIT,CALIBRATION_ASSETS_INSUFFICIENT_FOR_RUNTIME_RANGE_PROTOTYPE,MISSING_PERSON_CAMERA_K;MISSING_CAMERA_HEIGHT_ATTITUDE;MISSING_CAMERA_RADAR_R_T;MISSING_GROUND_PLANE;MISSING_RUNTIME_FOOTPOINT_INTERVAL,"[[-36.42813307905292, -17.96490216792308]]",18.46323091112984,THETA_X_FULL_RADIAL_FALLBACK,0.0,20.0,10,10,NOT_A_RANGE_CONTRACTION_RESULT_FALLBACK_ONLY,False,False
R02ZF,487,R02ZF_REUSED_R02ZF_PERSON018,R02ZF_SARF000487__CAUSAL_REPLAY__R02ZF_REUSED_R02ZF_PERSON018,FOOTPOINT_UNAVAILABLE,RANGE_UNAVAILABLE,,,,PERSON_C0_CALIBRATION_ASSET_RECOVERY_AUDIT,CALIBRATION_ASSETS_INSUFFICIENT_FOR_RUNTIME_RANGE_PROTOTYPE,MISSING_PERSON_CAMERA_K;MISSING_CAMERA_HEIGHT_ATTITUDE;MISSING_CAMERA_RADAR_R_T;MISSING_GROUND_PLANE;MISSING_RUNTIME_FOOTPOINT_INTERVAL,"[[-33.09301763244165, -14.783560136113195]]",18.309457496328456,THETA_X_FULL_RADIAL_FALLBACK,0.0,20.0,12,12,NOT_A_RANGE_CONTRACTION_RESULT_FALLBACK_ONLY,False,False
R02ZF,487,R02ZF_REUSED_R02ZF_PERSON021,R02ZF_SARF000487__CAUSAL_REPLAY__R02ZF_REUSED_R02ZF_PERSON021,FOOTPOINT_UNAVAILABLE,RANGE_UNAVAILABLE,,,,PERSON_C0_CALIBRATION_ASSET_RECOVERY_AUDIT,CALIBRATION_ASSETS_INSUFFICIENT_FOR_RUNTIME_RANGE_PROTOTYPE,MISSING_PERSON_CAMERA_K;MISSING_CAMERA_HEIGHT_ATTITUDE;MISSING_CAMERA_RADAR_R_T;MISSING_GROUND_PLANE;MISSING_RUNTIME_FOOTPOINT_INTERVAL,"[[-51.34263864419872, -28.864825588421837]]",22.477813055776885,THETA_X_FULL_RADIAL_FALLBACK,0.0,20.0,7,7,NOT_A_RANGE_CONTRACTION_RESULT_FALLBACK_ONLY,False,False
R02ZF,487,R02ZF_REUSED_R02ZF_PERSON023,R02ZF_SARF000487__CAUSAL_REPLAY__R02ZF_REUSED_R02ZF_PERSON023,FOOTPOINT_UNAVAILABLE,RANGE_UNAVAILABLE,,,,PERSON_C0_CALIBRATION_ASSET_RECOVERY_AUDIT,CALIBRATION_ASSETS_INSUFFICIENT_FOR_RUNTIME_RANGE_PROTOTYPE,MISSING_PERSON_CAMERA_K;MISSING_CAMERA_HEIGHT_ATTITUDE;MISSING_CAMERA_RADAR_R_T;MISSING_GROUND_PLANE;MISSING_RUNTIME_FOOTPOINT_INTERVAL,"[[-50.27517870751308, -35.23886204360154]]",15.036316663911535,THETA_X_FULL_RADIAL_FALLBACK,0.0,20.0,4,4,NOT_A_RANGE_CONTRACTION_RESULT_FALLBACK_ONLY,False,False
R02ZF,488,R02ZF_REUSED_R02ZF_PERSON017,R02ZF_SARF000488__CAUSAL_REPLAY__R02ZF_REUSED_R02ZF_PERSON017,FOOTPOINT_UNAVAILABLE,RANGE_UNAVAILABLE,,,,PERSON_C0_CALIBRATION_ASSET_RECOVERY_AUDIT,CALIBRATION_ASSETS_INSUFFICIENT_FOR_RUNTIME_RANGE_PROTOTYPE,MISSING_PERSON_CAMERA_K;MISSING_CAMERA_HEIGHT_ATTITUDE;MISSING_CAMERA_RADAR_R_T;MISSING_GROUND_PLANE;MISSING_RUNTIME_FOOTPOINT_INTERVAL,"[[-35.556196494282034, -17.96490216792308]]",17.591294326358955,THETA_X_FULL_RADIAL_FALLBACK,0.0,20.0,11,11,NOT_A_RANGE_CONTRACTION_RESULT_FALLBACK_ONLY,False,False
R02ZF,488,R02ZF_REUSED_R02ZF_PERSON018,R02ZF_SARF000488__CAUSAL_REPLAY__R02ZF_REUSED_R02ZF_PERSON018,FOOTPOINT_UNAVAILABLE,RANGE_UNAVAILABLE,,,,PERSON_C0_CALIBRATION_ASSET_RECOVERY_AUDIT,CALIBRATION_ASSETS_INSUFFICIENT_FOR_RUNTIME_RANGE_PROTOTYPE,MISSING_PERSON_CAMERA_K;MISSING_CAMERA_HEIGHT_ATTITUDE;MISSING_CAMERA_RADAR_R_T;MISSING_GROUND_PLANE;MISSING_RUNTIME_FOOTPOINT_INTERVAL,"[[-32.293474973176956, -14.783560136113195]]",17.50991483706376,THETA_X_FULL_RADIAL_FALLBACK,0.0,20.0,13,13,NOT_A_RANGE_CONTRACTION_RESULT_FALLBACK_ONLY,False,False
R02ZF,488,R02ZF_REUSED_R02ZF_PERSON021,R02ZF_SARF000488__CAUSAL_REPLAY__R02ZF_REUSED_R02ZF_PERSON021,FOOTPOINT_UNAVAILABLE,RANGE_UNAVAILABLE,,,,PERSON_C0_CALIBRATION_ASSET_RECOVERY_AUDIT,CALIBRATION_ASSETS_INSUFFICIENT_FOR_RUNTIME_RANGE_PROTOTYPE,MISSING_PERSON_CAMERA_K;MISSING_CAMERA_HEIGHT_ATTITUDE;MISSING_CAMERA_RADAR_R_T;MISSING_GROUND_PLANE;MISSING_RUNTIME_FOOTPOINT_INTERVAL,"[[-51.34263864419872, -28.864825588421837]]",22.477813055776885,THETA_X_FULL_RADIAL_FALLBACK,0.0,20.0,7,7,NOT_A_RANGE_CONTRACTION_RESULT_FALLBACK_ONLY,False,False
R02ZF,488,R02ZF_REUSED_R02ZF_PERSON023,R02ZF_SARF000488__CAUSAL_REPLAY__R02ZF_REUSED_R02ZF_PERSON023,FOOTPOINT_UNAVAILABLE,RANGE_UNAVAILABLE,,,,PERSON_C0_CALIBRATION_ASSET_RECOVERY_AUDIT,CALIBRATION_ASSETS_INSUFFICIENT_FOR_RUNTIME_RANGE_PROTOTYPE,MISSING_PERSON_CAMERA_K;MISSING_CAMERA_HEIGHT_ATTITUDE;MISSING_CAMERA_RADAR_R_T;MISSING_GROUND_PLANE;MISSING_RUNTIME_FOOTPOINT_INTERVAL,"[[-50.27517870751308, -35.23886204360154]]",15.036316663911535,THETA_X_FULL_RADIAL_FALLBACK,0.0,20.0,4,4,NOT_A_RANGE_CONTRACTION_RESULT_FALLBACK_ONLY,False,False
R02ZF,489,R02ZF_REUSED_R02ZF_PERSON017,R02ZF_SARF000489__CAUSAL_REPLAY__R02ZF_REUSED_R02ZF_PERSON017,FOOTPOINT_UNAVAILABLE,RANGE_UNAVAILABLE,,,,PERSON_C0_CALIBRATION_ASSET_RECOVERY_AUDIT,CALIBRATION_ASSETS_INSUFFICIENT_FOR_RUNTIME_RANGE_PROTOTYPE,MISSING_PERSON_CAMERA_K;MISSING_CAMERA_HEIGHT_ATTITUDE;MISSING_CAMERA_RADAR_R_T;MISSING_GROUND_PLANE;MISSING_RUNTIME_FOOTPOINT_INTERVAL,"[[-35.556196494282034, -17.079097445312584]]",18.47709904896945,THETA_X_FULL_RADIAL_FALLBACK,0.0,20.0,8,8,NOT_A_RANGE_CONTRACTION_RESULT_FALLBACK_ONLY,False,False
R02ZF,489,R02ZF_REUSED_R02ZF_PERSON018,R02ZF_SARF000489__CAUSAL_REPLAY__R02ZF_REUSED_R02ZF_PERSON018,FOOTPOINT_UNAVAILABLE,RANGE_UNAVAILABLE,,,,PERSON_C0_CALIBRATION_ASSET_RECOVERY_AUDIT,CALIBRATION_ASSETS_INSUFFICIENT_FOR_RUNTIME_RANGE_PROTOTYPE,MISSING_PERSON_CAMERA_K;MISSING_CAMERA_HEIGHT_ATTITUDE;MISSING_CAMERA_RADAR_R_T;MISSING_GROUND_PLANE;MISSING_RUNTIME_FOOTPOINT_INTERVAL,"[[-32.293474973176956, -13.928424488662383]]",18.365050484514573,THETA_X_FULL_RADIAL_FALLBACK,0.0,20.0,9,9,NOT_A_RANGE_CONTRACTION_RESULT_FALLBACK_ONLY,False,False
R02ZF,489,R02ZF_REUSED_R02ZF_PERSON021,R02ZF_SARF000489__CAUSAL_REPLAY__R02ZF_REUSED_R02ZF_PERSON021,FOOTPOINT_UNAVAILABLE,RANGE_UNAVAILABLE,,,,PERSON_C0_CALIBRATION_ASSET_RECOVERY_AUDIT,CALIBRATION_ASSETS_INSUFFICIENT_FOR_RUNTIME_RANGE_PROTOTYPE,MISSING_PERSON_CAMERA_K;MISSING_CAMERA_HEIGHT_ATTITUDE;MISSING_CAMERA_RADAR_R_T;MISSING_GROUND_PLANE;MISSING_RUNTIME_FOOTPOINT_INTERVAL,"[[-51.34263864419872, -26.863038582067084]]",24.479600062131638,THETA_X_FULL_RADIAL_FALLBACK,0.0,20.0,6,6,NOT_A_RANGE_CONTRACTION_RESULT_FALLBACK_ONLY,False,False
R02ZF,489,R02ZF_REUSED_R02ZF_PERSON023,R02ZF_SARF000489__CAUSAL_REPLAY__R02ZF_REUSED_R02ZF_PERSON023,FOOTPOINT_UNAVAILABLE,RANGE_UNAVAILABLE,,,,PERSON_C0_CALIBRATION_ASSET_RECOVERY_AUDIT,CALIBRATION_ASSETS_INSUFFICIENT_FOR_RUNTIME_RANGE_PROTOTYPE,MISSING_PERSON_CAMERA_K;MISSING_CAMERA_HEIGHT_ATTITUDE;MISSING_CAMERA_RADAR_R_T;MISSING_GROUND_PLANE;MISSING_RUNTIME_FOOTPOINT_INTERVAL,"[[-50.27517870751308, -33.43262131437263]]",16.842557393140446,THETA_X_FULL_RADIAL_FALLBACK,0.0,20.0,3,3,NOT_A_RANGE_CONTRACTION_RESULT_FALLBACK_ONLY,False,False
R02ZF,489,R02ZF_REUSED_R02ZF_PERSON024,R02ZF_SARF000489__CAUSAL_REPLAY__R02ZF_REUSED_R02ZF_PERSON024,FOOTPOINT_UNAVAILABLE,RANGE_UNAVAILABLE,,,,PERSON_C0_CALIBRATION_ASSET_RECOVERY_AUDIT,CALIBRATION_ASSETS_INSUFFICIENT_FOR_RUNTIME_RANGE_PROTOTYPE,MISSING_PERSON_CAMERA_K;MISSING_CAMERA_HEIGHT_ATTITUDE;MISSING_CAMERA_RADAR_R_T;MISSING_GROUND_PLANE;MISSING_RUNTIME_FOOTPOINT_INTERVAL,"[[-51.18926599463623, -34.32654006129996]]",16.86272593333627,THETA_X_FULL_RADIAL_FALLBACK,0.0,20.0,3,3,NOT_A_RANGE_CONTRACTION_RESULT_FALLBACK_ONLY,False,False
R02ZF,490,R02ZF_REUSED_R02ZF_PERSON017,R02ZF_SARF000490__CAUSAL_REPLAY__R02ZF_REUSED_R02ZF_PERSON017,FOOTPOINT_UNAVAILABLE,RANGE_UNAVAILABLE,,,,PERSON_C0_CALIBRATION_ASSET_RECOVERY_AUDIT,CALIBRATION_ASSETS_INSUFFICIENT_FOR_RUNTIME_RANGE_PROTOTYPE,MISSING_PERSON_CAMERA_K;MISSING_CAMERA_HEIGHT_ATTITUDE;MISSING_CAMERA_RADAR_R_T;MISSING_GROUND_PLANE;MISSING_RUNTIME_FOOTPOINT_INTERVAL,"[[-34.44972220974911, -16.201667964731428]]",18.248054245017684,THETA_X_FULL_RADIAL_FALLBACK,0.0,20.0,13,13,NOT_A_RANGE_CONTRACTION_RESULT_FALLBACK_ONLY,False,False
R02ZF,490,R02ZF_REUSED_R02ZF_PERSON018,R02ZF_SARF000490__CAUSAL_REPLAY__R02ZF_REUSED_R02ZF_PERSON018,FOOTPOINT_UNAVAILABLE,RANGE_UNAVAILABLE,,,,PERSON_C0_CALIBRATION_ASSET_RECOVERY_AUDIT,CALIBRATION_ASSETS_INSUFFICIENT_FOR_RUNTIME_RANGE_PROTOTYPE,MISSING_PERSON_CAMERA_K;MISSING_CAMERA_HEIGHT_ATTITUDE;MISSING_CAMERA_RADAR_R_T;MISSING_GROUND_PLANE;MISSING_RUNTIME_FOOTPOINT_INTERVAL,"[[-31.14849833717424, -13.074958681540586]]",18.073539655633653,THETA_X_FULL_RADIAL_FALLBACK,0.0,20.0,12,12,NOT_A_RANGE_CONTRACTION_RESULT_FALLBACK_ONLY,False,False
R02ZF,490,R02ZF_REUSED_R02ZF_PERSON021,R02ZF_SARF000490__CAUSAL_REPLAY__R02ZF_REUSED_R02ZF_PERSON021,FOOTPOINT_UNAVAILABLE,RANGE_UNAVAILABLE,,,,PERSON_C0_CALIBRATION_ASSET_RECOVERY_AUDIT,CALIBRATION_ASSETS_INSUFFICIENT_FOR_RUNTIME_RANGE_PROTOTYPE,MISSING_PERSON_CAMERA_K;MISSING_CAMERA_HEIGHT_ATTITUDE;MISSING_CAMERA_RADAR_R_T;MISSING_GROUND_PLANE;MISSING_RUNTIME_FOOTPOINT_INTERVAL,"[[-50.925330011328796, -24.933521809347134]]",25.991808201981662,THETA_X_FULL_RADIAL_FALLBACK,0.0,20.0,9,9,NOT_A_RANGE_CONTRACTION_RESULT_FALLBACK_ONLY,False,False
R02ZF,490,R02ZF_REUSED_R02ZF_PERSON023,R02ZF_SARF000490__CAUSAL_REPLAY__R02ZF_REUSED_R02ZF_PERSON023,FOOTPOINT_UNAVAILABLE,RANGE_UNAVAILABLE,,,,PERSON_C0_CALIBRATION_ASSET_RECOVERY_AUDIT,CALIBRATION_ASSETS_INSUFFICIENT_FOR_RUNTIME_RANGE_PROTOTYPE,MISSING_PERSON_CAMERA_K;MISSING_CAMERA_HEIGHT_ATTITUDE;MISSING_CAMERA_RADAR_R_T;MISSING_GROUND_PLANE;MISSING_RUNTIME_FOOTPOINT_INTERVAL,"[[-50.27517870751308, -33.43262131437263]]",16.842557393140446,THETA_X_FULL_RADIAL_FALLBACK,0.0,20.0,4,4,NOT_A_RANGE_CONTRACTION_RESULT_FALLBACK_ONLY,False,False
R02ZF,490,R02ZF_REUSED_R02ZF_PERSON024,R02ZF_SARF000490__CAUSAL_REPLAY__R02ZF_REUSED_R02ZF_PERSON024,FOOTPOINT_UNAVAILABLE,RANGE_UNAVAILABLE,,,,PERSON_C0_CALIBRATION_ASSET_RECOVERY_AUDIT,CALIBRATION_ASSETS_INSUFFICIENT_FOR_RUNTIME_RANGE_PROTOTYPE,MISSING_PERSON_CAMERA_K;MISSING_CAMERA_HEIGHT_ATTITUDE;MISSING_CAMERA_RADAR_R_T;MISSING_GROUND_PLANE;MISSING_RUNTIME_FOOTPOINT_INTERVAL,"[[-51.18926599463623, -32.30037232828772]]",18.88889366634851,THETA_X_FULL_RADIAL_FALLBACK,0.0,20.0,4,4,NOT_A_RANGE_CONTRACTION_RESULT_FALLBACK_ONLY,False,False
R02ZF,491,R02ZF_REUSED_R02ZF_PERSON017,R02ZF_SARF000491__CAUSAL_REPLAY__R02ZF_REUSED_R02ZF_PERSON017,FOOTPOINT_UNAVAILABLE,RANGE_UNAVAILABLE,,,,PERSON_C0_CALIBRATION_ASSET_RECOVERY_AUDIT,CALIBRATION_ASSETS_INSUFFICIENT_FOR_RUNTIME_RANGE_PROTOTYPE,MISSING_PERSON_CAMERA_K;MISSING_CAMERA_HEIGHT_ATTITUDE;MISSING_CAMERA_RADAR_R_T;MISSING_GROUND_PLANE;MISSING_RUNTIME_FOOTPOINT_INTERVAL,"[[-33.480760740888215, -16.201667964731428]]",17.279092776156787,THETA_X_FULL_RADIAL_FALLBACK,0.0,20.0,13,13,NOT_A_RANGE_CONTRACTION_RESULT_FALLBACK_ONLY,False,False
R02ZF,491,R02ZF_REUSED_R02ZF_PERSON018,R02ZF_SARF000491__CAUSAL_REPLAY__R02ZF_REUSED_R02ZF_PERSON018,FOOTPOINT_UNAVAILABLE,RANGE_UNAVAILABLE,,,,PERSON_C0_CALIBRATION_ASSET_RECOVERY_AUDIT,CALIBRATION_ASSETS_INSUFFICIENT_FOR_RUNTIME_RANGE_PROTOTYPE,MISSING_PERSON_CAMERA_K;MISSING_CAMERA_HEIGHT_ATTITUDE;MISSING_CAMERA_RADAR_R_T;MISSING_GROUND_PLANE;MISSING_RUNTIME_FOOTPOINT_INTERVAL,"[[-30.21215083547361, -13.074958681540586]]",17.137192153933025,THETA_X_FULL_RADIAL_FALLBACK,0.0,20.0,14,14,NOT_A_RANGE_CONTRACTION_RESULT_FALLBACK_ONLY,False,False
R02ZF,491,R02ZF_REUSED_R02ZF_PERSON021,R02ZF_SARF000491__CAUSAL_REPLAY__R02ZF_REUSED_R02ZF_PERSON021,FOOTPOINT_UNAVAILABLE,RANGE_UNAVAILABLE,,,,PERSON_C0_CALIBRATION_ASSET_RECOVERY_AUDIT,CALIBRATION_ASSETS_INSUFFICIENT_FOR_RUNTIME_RANGE_PROTOTYPE,MISSING_PERSON_CAMERA_K;MISSING_CAMERA_HEIGHT_ATTITUDE;MISSING_CAMERA_RADAR_R_T;MISSING_GROUND_PLANE;MISSING_RUNTIME_FOOTPOINT_INTERVAL,"[[-49.61359572116968, -24.933521809347134]]",24.680073911822547,THETA_X_FULL_RADIAL_FALLBACK,0.0,20.0,10,10,NOT_A_RANGE_CONTRACTION_RESULT_FALLBACK_ONLY,False,False
R02ZF,491,R02ZF_REUSED_R02ZF_PERSON023,R02ZF_SARF000491__CAUSAL_REPLAY__R02ZF_REUSED_R02ZF_PERSON023,FOOTPOINT_UNAVAILABLE,RANGE_UNAVAILABLE,,,,PERSON_C0_CALIBRATION_ASSET_RECOVERY_AUDIT,CALIBRATION_ASSETS_INSUFFICIENT_FOR_RUNTIME_RANGE_PROTOTYPE,MISSING_PERSON_CAMERA_K;MISSING_CAMERA_HEIGHT_ATTITUDE;MISSING_CAMERA_RADAR_R_T;MISSING_GROUND_PLANE;MISSING_RUNTIME_FOOTPOINT_INTERVAL,"[[-50.27517870751308, -33.43262131437263]]",16.842557393140446,THETA_X_FULL_RADIAL_FALLBACK,0.0,20.0,5,5,NOT_A_RANGE_CONTRACTION_RESULT_FALLBACK_ONLY,False,False
R02ZF,491,R02ZF_REUSED_R02ZF_PERSON024,R02ZF_SARF000491__CAUSAL_REPLAY__R02ZF_REUSED_R02ZF_PERSON024,FOOTPOINT_UNAVAILABLE,RANGE_UNAVAILABLE,,,,PERSON_C0_CALIBRATION_ASSET_RECOVERY_AUDIT,CALIBRATION_ASSETS_INSUFFICIENT_FOR_RUNTIME_RANGE_PROTOTYPE,MISSING_PERSON_CAMERA_K;MISSING_CAMERA_HEIGHT_ATTITUDE;MISSING_CAMERA_RADAR_R_T;MISSING_GROUND_PLANE;MISSING_RUNTIME_FOOTPOINT_INTERVAL,"[[-51.18926599463623, -32.30037232828772]]",18.88889366634851,THETA_X_FULL_RADIAL_FALLBACK,0.0,20.0,5,5,NOT_A_RANGE_CONTRACTION_RESULT_FALLBACK_ONLY,False,False
R02ZF,492,R02ZF_REUSED_R02ZF_PERSON017,R02ZF_SARF000492__CAUSAL_REPLAY__R02ZF_REUSED_R02ZF_PERSON017,FOOTPOINT_UNAVAILABLE,RANGE_UNAVAILABLE,,,,PERSON_C0_CALIBRATION_ASSET_RECOVERY_AUDIT,CALIBRATION_ASSETS_INSUFFICIENT_FOR_RUNTIME_RANGE_PROTOTYPE,MISSING_PERSON_CAMERA_K;MISSING_CAMERA_HEIGHT_ATTITUDE;MISSING_CAMERA_RADAR_R_T;MISSING_GROUND_PLANE;MISSING_RUNTIME_FOOTPOINT_INTERVAL,"[[-33.480760740888215, -15.356095652330914]]",18.1246650885573,THETA_X_FULL_RADIAL_FALLBACK,0.0,20.0,15,15,NOT_A_RANGE_CONTRACTION_RESULT_FALLBACK_ONLY,False,False
R02ZF,492,R02ZF_REUSED_R02ZF_PERSON018,R02ZF_SARF000492__CAUSAL_REPLAY__R02ZF_REUSED_R02ZF_PERSON018,FOOTPOINT_UNAVAILABLE,RANGE_UNAVAILABLE,,,,PERSON_C0_CALIBRATION_ASSET_RECOVERY_AUDIT,CALIBRATION_ASSETS_INSUFFICIENT_FOR_RUNTIME_RANGE_PROTOTYPE,MISSING_PERSON_CAMERA_K;MISSING_CAMERA_HEIGHT_ATTITUDE;MISSING_CAMERA_RADAR_R_T;MISSING_GROUND_PLANE;MISSING_RUNTIME_FOOTPOINT_INTERVAL,"[[-30.21215083547361, -12.239503062582557]]",17.972647772891055,THETA_X_FULL_RADIAL_FALLBACK,0.0,20.0,15,15,NOT_A_RANGE_CONTRACTION_RESULT_FALLBACK_ONLY,False,False
R02ZF,492,R02ZF_REUSED_R02ZF_PERSON021,R02ZF_SARF000492__CAUSAL_REPLAY__R02ZF_REUSED_R02ZF_PERSON021,FOOTPOINT_UNAVAILABLE,RANGE_UNAVAILABLE,,,,PERSON_C0_CALIBRATION_ASSET_RECOVERY_AUDIT,CALIBRATION_ASSETS_INSUFFICIENT_FOR_RUNTIME_RANGE_PROTOTYPE,MISSING_PERSON_CAMERA_K;MISSING_CAMERA_HEIGHT_ATTITUDE;MISSING_CAMERA_RADAR_R_T;MISSING_GROUND_PLANE;MISSING_RUNTIME_FOOTPOINT_INTERVAL,"[[-49.61359572116968, -23.20597271239494]]",26.407623008774742,THETA_X_FULL_RADIAL_FALLBACK,0.0,20.0,9,9,NOT_A_RANGE_CONTRACTION_RESULT_FALLBACK_ONLY,False,False
R02ZF,492,R02ZF_REUSED_R02ZF_PERSON023,R02ZF_SARF000492__CAUSAL_REPLAY__R02ZF_REUSED_R02ZF_PERSON023,FOOTPOINT_UNAVAILABLE,RANGE_UNAVAILABLE,,,,PERSON_C0_CALIBRATION_ASSET_RECOVERY_AUDIT,CALIBRATION_ASSETS_INSUFFICIENT_FOR_RUNTIME_RANGE_PROTOTYPE,MISSING_PERSON_CAMERA_K;MISSING_CAMERA_HEIGHT_ATTITUDE;MISSING_CAMERA_RADAR_R_T;MISSING_GROUND_PLANE;MISSING_RUNTIME_FOOTPOINT_INTERVAL,"[[-50.27517870751308, -33.43262131437263]]",16.842557393140446,THETA_X_FULL_RADIAL_FALLBACK,0.0,20.0,3,3,NOT_A_RANGE_CONTRACTION_RESULT_FALLBACK_ONLY,False,False
R02ZF,492,R02ZF_REUSED_R02ZF_PERSON024,R02ZF_SARF000492__CAUSAL_REPLAY__R02ZF_REUSED_R02ZF_PERSON024,FOOTPOINT_UNAVAILABLE,RANGE_UNAVAILABLE,,,,PERSON_C0_CALIBRATION_ASSET_RECOVERY_AUDIT,CALIBRATION_ASSETS_INSUFFICIENT_FOR_RUNTIME_RANGE_PROTOTYPE,MISSING_PERSON_CAMERA_K;MISSING_CAMERA_HEIGHT_ATTITUDE;MISSING_CAMERA_RADAR_R_T;MISSING_GROUND_PLANE;MISSING_RUNTIME_FOOTPOINT_INTERVAL,"[[-51.18926599463623, -30.21879917930776]]",20.97046681532847,THETA_X_FULL_RADIAL_FALLBACK,0.0,20.0,4,4,NOT_A_RANGE_CONTRACTION_RESULT_FALLBACK_ONLY,False,False
R02ZF,493,R02ZF_REUSED_R02ZF_PERSON017,R02ZF_SARF000493__CAUSAL_REPLAY__R02ZF_REUSED_R02ZF_PERSON017,FOOTPOINT_UNAVAILABLE,RANGE_UNAVAILABLE,,,,PERSON_C0_CALIBRATION_ASSET_RECOVERY_AUDIT,CALIBRATION_ASSETS_INSUFFICIENT_FOR_RUNTIME_RANGE_PROTOTYPE,MISSING_PERSON_CAMERA_K;MISSING_CAMERA_HEIGHT_ATTITUDE;MISSING_CAMERA_RADAR_R_T;MISSING_GROUND_PLANE;MISSING_RUNTIME_FOOTPOINT_INTERVAL,"[[-32.528043595908834, -15.356095652330914]]",17.17194794357792,THETA_X_FULL_RADIAL_FALLBACK,0.0,20.0,14,14,NOT_A_RANGE_CONTRACTION_RESULT_FALLBACK_ONLY,False,False
R02ZF,493,R02ZF_REUSED_R02ZF_PERSON018,R02ZF_SARF000493__CAUSAL_REPLAY__R02ZF_REUSED_R02ZF_PERSON018,FOOTPOINT_UNAVAILABLE,RANGE_UNAVAILABLE,,,,PERSON_C0_CALIBRATION_ASSET_RECOVERY_AUDIT,CALIBRATION_ASSETS_INSUFFICIENT_FOR_RUNTIME_RANGE_PROTOTYPE,MISSING_PERSON_CAMERA_K;MISSING_CAMERA_HEIGHT_ATTITUDE;MISSING_CAMERA_RADAR_R_T;MISSING_GROUND_PLANE;MISSING_RUNTIME_FOOTPOINT_INTERVAL,"[[-29.316177338633384, -12.239503062582557]]",17.076674276050827,THETA_X_FULL_RADIAL_FALLBACK,0.0,20.0,14,14,NOT_A_RANGE_CONTRACTION_RESULT_FALLBACK_ONLY,False,False
R02ZF,493,R02ZF_REUSED_R02ZF_PERSON021,R02ZF_SARF000493__CAUSAL_REPLAY__R02ZF_REUSED_R02ZF_PERSON021,FOOTPOINT_UNAVAILABLE,RANGE_UNAVAILABLE,,,,PERSON_C0_CALIBRATION_ASSET_RECOVERY_AUDIT,CALIBRATION_ASSETS_INSUFFICIENT_FOR_RUNTIME_RANGE_PROTOTYPE,MISSING_PERSON_CAMERA_K;MISSING_CAMERA_HEIGHT_ATTITUDE;MISSING_CAMERA_RADAR_R_T;MISSING_GROUND_PLANE;MISSING_RUNTIME_FOOTPOINT_INTERVAL,"[[-47.740379706431206, -23.20597271239494]]",24.534406994036267,THETA_X_FULL_RADIAL_FALLBACK,0.0,20.0,11,11,NOT_A_RANGE_CONTRACTION_RESULT_FALLBACK_ONLY,False,False
R02ZF,493,R02ZF_REUSED_R02ZF_PERSON023,R02ZF_SARF000493__CAUSAL_REPLAY__R02ZF_REUSED_R02ZF_PERSON023,FOOTPOINT_UNAVAILABLE,RANGE_UNAVAILABLE,,,,PERSON_C0_CALIBRATION_ASSET_RECOVERY_AUDIT,CALIBRATION_ASSETS_INSUFFICIENT_FOR_RUNTIME_RANGE_PROTOTYPE,MISSING_PERSON_CAMERA_K;MISSING_CAMERA_HEIGHT_ATTITUDE;MISSING_CAMERA_RADAR_R_T;MISSING_GROUND_PLANE;MISSING_RUNTIME_FOOTPOINT_INTERVAL,"[[-50.27517870751308, -33.43262131437263]]",16.842557393140446,THETA_X_FULL_RADIAL_FALLBACK,0.0,20.0,5,5,NOT_A_RANGE_CONTRACTION_RESULT_FALLBACK_ONLY,False,False
R02ZF,493,R02ZF_REUSED_R02ZF_PERSON024,R02ZF_SARF000493__CAUSAL_REPLAY__R02ZF_REUSED_R02ZF_PERSON024,FOOTPOINT_UNAVAILABLE,RANGE_UNAVAILABLE,,,,PERSON_C0_CALIBRATION_ASSET_RECOVERY_AUDIT,CALIBRATION_ASSETS_INSUFFICIENT_FOR_RUNTIME_RANGE_PROTOTYPE,MISSING_PERSON_CAMERA_K;MISSING_CAMERA_HEIGHT_ATTITUDE;MISSING_CAMERA_RADAR_R_T;MISSING_GROUND_PLANE;MISSING_RUNTIME_FOOTPOINT_INTERVAL,"[[-51.18926599463623, -30.21879917930776]]",20.97046681532847,THETA_X_FULL_RADIAL_FALLBACK,0.0,20.0,6,6,NOT_A_RANGE_CONTRACTION_RESULT_FALLBACK_ONLY,False,False
R02ZF,494,R02ZF_REUSED_R02ZF_PERSON017,R02ZF_SARF000494__CAUSAL_REPLAY__R02ZF_REUSED_R02ZF_PERSON017,FOOTPOINT_UNAVAILABLE,RANGE_UNAVAILABLE,,,,PERSON_C0_CALIBRATION_ASSET_RECOVERY_AUDIT,CALIBRATION_ASSETS_INSUFFICIENT_FOR_RUNTIME_RANGE_PROTOTYPE,MISSING_PERSON_CAMERA_K;MISSING_CAMERA_HEIGHT_ATTITUDE;MISSING_CAMERA_RADAR_R_T;MISSING_GROUND_PLANE;MISSING_RUNTIME_FOOTPOINT_INTERVAL,"[[-32.528043595908834, -14.489568959610533]]",18.0384746362983,THETA_X_FULL_RADIAL_FALLBACK,0.0,20.0,13,13,NOT_A_RANGE_CONTRACTION_RESULT_FALLBACK_ONLY,False,False
R02ZF,494,R02ZF_REUSED_R02ZF_PERSON018,R02ZF_SARF000494__CAUSAL_REPLAY__R02ZF_REUSED_R02ZF_PERSON018,FOOTPOINT_UNAVAILABLE,RANGE_UNAVAILABLE,,,,PERSON_C0_CALIBRATION_ASSET_RECOVERY_AUDIT,CALIBRATION_ASSETS_INSUFFICIENT_FOR_RUNTIME_RANGE_PROTOTYPE,MISSING_PERSON_CAMERA_K;MISSING_CAMERA_HEIGHT_ATTITUDE;MISSING_CAMERA_RADAR_R_T;MISSING_GROUND_PLANE;MISSING_RUNTIME_FOOTPOINT_INTERVAL,"[[-29.316177338633384, -11.336518189397907]]",17.979659149235477,THETA_X_FULL_RADIAL_FALLBACK,0.0,20.0,13,13,NOT_A_RANGE_CONTRACTION_RESULT_FALLBACK_ONLY,False,False
R02ZF,494,R02ZF_REUSED_R02ZF_PERSON021,R02ZF_SARF000494__CAUSAL_REPLAY__R02ZF_REUSED_R02ZF_PERSON021,FOOTPOINT_UNAVAILABLE,RANGE_UNAVAILABLE,,,,PERSON_C0_CALIBRATION_ASSET_RECOVERY_AUDIT,CALIBRATION_ASSETS_INSUFFICIENT_FOR_RUNTIME_RANGE_PROTOTYPE,MISSING_PERSON_CAMERA_K;MISSING_CAMERA_HEIGHT_ATTITUDE;MISSING_CAMERA_RADAR_R_T;MISSING_GROUND_PLANE;MISSING_RUNTIME_FOOTPOINT_INTERVAL,"[[-47.740379706431206, -21.27908927461211]]",26.461290431819094,THETA_X_FULL_RADIAL_FALLBACK,0.0,20.0,10,10,NOT_A_RANGE_CONTRACTION_RESULT_FALLBACK_ONLY,False,False
R02ZF,494,R02ZF_REUSED_R02ZF_PERSON023,R02ZF_SARF000494__CAUSAL_REPLAY__R02ZF_REUSED_R02ZF_PERSON023,FOOTPOINT_UNAVAILABLE,RANGE_UNAVAILABLE,,,,PERSON_C0_CALIBRATION_ASSET_RECOVERY_AUDIT,CALIBRATION_ASSETS_INSUFFICIENT_FOR_RUNTIME_RANGE_PROTOTYPE,MISSING_PERSON_CAMERA_K;MISSING_CAMERA_HEIGHT_ATTITUDE;MISSING_CAMERA_RADAR_R_T;MISSING_GROUND_PLANE;MISSING_RUNTIME_FOOTPOINT_INTERVAL,"[[-50.27517870751308, -33.43262131437263]]",16.842557393140446,THETA_X_FULL_RADIAL_FALLBACK,0.0,20.0,4,4,NOT_A_RANGE_CONTRACTION_RESULT_FALLBACK_ONLY,False,False
R02ZF,494,R02ZF_REUSED_R02ZF_PERSON024,R02ZF_SARF000494__CAUSAL_REPLAY__R02ZF_REUSED_R02ZF_PERSON024,FOOTPOINT_UNAVAILABLE,RANGE_UNAVAILABLE,,,,PERSON_C0_CALIBRATION_ASSET_RECOVERY_AUDIT,CALIBRATION_ASSETS_INSUFFICIENT_FOR_RUNTIME_RANGE_PROTOTYPE,MISSING_PERSON_CAMERA_K;MISSING_CAMERA_HEIGHT_ATTITUDE;MISSING_CAMERA_RADAR_R_T;MISSING_GROUND_PLANE;MISSING_RUNTIME_FOOTPOINT_INTERVAL,"[[-51.18926599463623, -28.06295475509586]]",23.12631123954037,THETA_X_FULL_RADIAL_FALLBACK,0.0,20.0,5,5,NOT_A_RANGE_CONTRACTION_RESULT_FALLBACK_ONLY,False,False
R03ZF,429,R03ZF_I01_ANON00001,R03ZF_SARF000429__CAUSAL_REPLAY__R03ZF_I01_ANON00001,FOOTPOINT_UNAVAILABLE,RANGE_UNAVAILABLE,,,,PERSON_C0_CALIBRATION_ASSET_RECOVERY_AUDIT,CALIBRATION_ASSETS_INSUFFICIENT_FOR_RUNTIME_RANGE_PROTOTYPE,MISSING_PERSON_CAMERA_K;MISSING_CAMERA_HEIGHT_ATTITUDE;MISSING_CAMERA_RADAR_R_T;MISSING_GROUND_PLANE;MISSING_RUNTIME_FOOTPOINT_INTERVAL,"[[-51.5016336032141, -38.08232791642781]]",13.419305686786295,THETA_X_FULL_RADIAL_FALLBACK,0.0,20.0,10,10,NOT_A_RANGE_CONTRACTION_RESULT_FALLBACK_ONLY,False,False
R03ZF,429,R03ZF_I01_ANON00002,R03ZF_SARF000429__CAUSAL_REPLAY__R03ZF_I01_ANON00002,FOOTPOINT_UNAVAILABLE,RANGE_UNAVAILABLE,,,,PERSON_C0_CALIBRATION_ASSET_RECOVERY_AUDIT,CALIBRATION_ASSETS_INSUFFICIENT_FOR_RUNTIME_RANGE_PROTOTYPE,MISSING_PERSON_CAMERA_K;MISSING_CAMERA_HEIGHT_ATTITUDE;MISSING_CAMERA_RADAR_R_T;MISSING_GROUND_PLANE;MISSING_RUNTIME_FOOTPOINT_INTERVAL,"[[-51.498977482928396, -38.61355197356931]]",12.885425509359088,THETA_X_FULL_RADIAL_FALLBACK,0.0,20.0,10,10,NOT_A_RANGE_CONTRACTION_RESULT_FALLBACK_ONLY,False,False
R03ZF,430,R03ZF_I01_ANON00001,R03ZF_SARF000430__CAUSAL_REPLAY__R03ZF_I01_ANON00001,FOOTPOINT_UNAVAILABLE,RANGE_UNAVAILABLE,,,,PERSON_C0_CALIBRATION_ASSET_RECOVERY_AUDIT,CALIBRATION_ASSETS_INSUFFICIENT_FOR_RUNTIME_RANGE_PROTOTYPE,MISSING_PERSON_CAMERA_K;MISSING_CAMERA_HEIGHT_ATTITUDE;MISSING_CAMERA_RADAR_R_T;MISSING_GROUND_PLANE;MISSING_RUNTIME_FOOTPOINT_INTERVAL,"[[-51.5016336032141, -38.08232791642781]]",13.419305686786295,THETA_X_FULL_RADIAL_FALLBACK,0.0,20.0,7,7,NOT_A_RANGE_CONTRACTION_RESULT_FALLBACK_ONLY,False,False
R03ZF,430,R03ZF_I01_ANON00002,R03ZF_SARF000430__CAUSAL_REPLAY__R03ZF_I01_ANON00002,FOOTPOINT_UNAVAILABLE,RANGE_UNAVAILABLE,,,,PERSON_C0_CALIBRATION_ASSET_RECOVERY_AUDIT,CALIBRATION_ASSETS_INSUFFICIENT_FOR_RUNTIME_RANGE_PROTOTYPE,MISSING_PERSON_CAMERA_K;MISSING_CAMERA_HEIGHT_ATTITUDE;MISSING_CAMERA_RADAR_R_T;MISSING_GROUND_PLANE;MISSING_RUNTIME_FOOTPOINT_INTERVAL,"[[-51.498977482928396, -38.61355197356931]]",12.885425509359088,THETA_X_FULL_RADIAL_FALLBACK,0.0,20.0,7,7,NOT_A_RANGE_CONTRACTION_RESULT_FALLBACK_ONLY,False,False
R03ZF,430,R03ZF_I01_ANON00003,R03ZF_SARF000430__CAUSAL_REPLAY__R03ZF_I01_ANON00003,FOOTPOINT_UNAVAILABLE,RANGE_UNAVAILABLE,,,,PERSON_C0_CALIBRATION_ASSET_RECOVERY_AUDIT,CALIBRATION_ASSETS_INSUFFICIENT_FOR_RUNTIME_RANGE_PROTOTYPE,MISSING_PERSON_CAMERA_K;MISSING_CAMERA_HEIGHT_ATTITUDE;MISSING_CAMERA_RADAR_R_T;MISSING_GROUND_PLANE;MISSING_RUNTIME_FOOTPOINT_INTERVAL,"[[-51.49991493714688, -37.904836584394644]]",13.595078352752239,THETA_X_FULL_RADIAL_FALLBACK,0.0,20.0,7,7,NOT_A_RANGE_CONTRACTION_RESULT_FALLBACK_ONLY,False,False
R03ZF,430,R03ZF_I01_ANON00004,R03ZF_SARF000430__CAUSAL_REPLAY__R03ZF_I01_ANON00004,FOOTPOINT_UNAVAILABLE,RANGE_UNAVAILABLE,,,,PERSON_C0_CALIBRATION_ASSET_RECOVERY_AUDIT,CALIBRATION_ASSETS_INSUFFICIENT_FOR_RUNTIME_RANGE_PROTOTYPE,MISSING_PERSON_CAMERA_K;MISSING_CAMERA_HEIGHT_ATTITUDE;MISSING_CAMERA_RADAR_R_T;MISSING_GROUND_PLANE;MISSING_RUNTIME_FOOTPOINT_INTERVAL,"[[-51.50038366425613, -37.89733695064677]]",13.60304671360936,THETA_X_FULL_RADIAL_FALLBACK,0.0,20.0,7,7,NOT_A_RANGE_CONTRACTION_RESULT_FALLBACK_ONLY,False,False
R03ZF,431,R03ZF_I01_ANON00001,R03ZF_SARF000431__CAUSAL_REPLAY__R03ZF_I01_ANON00001,FOOTPOINT_UNAVAILABLE,RANGE_UNAVAILABLE,,,,PERSON_C0_CALIBRATION_ASSET_RECOVERY_AUDIT,CALIBRATION_ASSETS_INSUFFICIENT_FOR_RUNTIME_RANGE_PROTOTYPE,MISSING_PERSON_CAMERA_K;MISSING_CAMERA_HEIGHT_ATTITUDE;MISSING_CAMERA_RADAR_R_T;MISSING_GROUND_PLANE;MISSING_RUNTIME_FOOTPOINT_INTERVAL,"[[-51.5016336032141, -38.08232791642781]]",13.419305686786295,THETA_X_FULL_RADIAL_FALLBACK,0.0,20.0,13,13,NOT_A_RANGE_CONTRACTION_RESULT_FALLBACK_ONLY,False,False
R03ZF,431,R03ZF_I01_ANON00002,R03ZF_SARF000431__CAUSAL_REPLAY__R03ZF_I01_ANON00002,FOOTPOINT_UNAVAILABLE,RANGE_UNAVAILABLE,,,,PERSON_C0_CALIBRATION_ASSET_RECOVERY_AUDIT,CALIBRATION_ASSETS_INSUFFICIENT_FOR_RUNTIME_RANGE_PROTOTYPE,MISSING_PERSON_CAMERA_K;MISSING_CAMERA_HEIGHT_ATTITUDE;MISSING_CAMERA_RADAR_R_T;MISSING_GROUND_PLANE;MISSING_RUNTIME_FOOTPOINT_INTERVAL,"[[-51.498977482928396, -38.61355197356931]]",12.885425509359088,THETA_X_FULL_RADIAL_FALLBACK,0.0,20.0,13,13,NOT_A_RANGE_CONTRACTION_RESULT_FALLBACK_ONLY,False,False
R03ZF,431,R03ZF_I01_ANON00003,R03ZF_SARF000431__CAUSAL_REPLAY__R03ZF_I01_ANON00003,FOOTPOINT_UNAVAILABLE,RANGE_UNAVAILABLE,,,,PERSON_C0_CALIBRATION_ASSET_RECOVERY_AUDIT,CALIBRATION_ASSETS_INSUFFICIENT_FOR_RUNTIME_RANGE_PROTOTYPE,MISSING_PERSON_CAMERA_K;MISSING_CAMERA_HEIGHT_ATTITUDE;MISSING_CAMERA_RADAR_R_T;MISSING_GROUND_PLANE;MISSING_RUNTIME_FOOTPOINT_INTERVAL,"[[-51.49991493714688, -37.904836584394644]]",13.595078352752239,THETA_X_FULL_RADIAL_FALLBACK,0.0,20.0,13,13,NOT_A_RANGE_CONTRACTION_RESULT_FALLBACK_ONLY,False,False
R03ZF,431,R03ZF_I01_ANON00004,R03ZF_SARF000431__CAUSAL_REPLAY__R03ZF_I01_ANON00004,FOOTPOINT_UNAVAILABLE,RANGE_UNAVAILABLE,,,,PERSON_C0_CALIBRATION_ASSET_RECOVERY_AUDIT,CALIBRATION_ASSETS_INSUFFICIENT_FOR_RUNTIME_RANGE_PROTOTYPE,MISSING_PERSON_CAMERA_K;MISSING_CAMERA_HEIGHT_ATTITUDE;MISSING_CAMERA_RADAR_R_T;MISSING_GROUND_PLANE;MISSING_RUNTIME_FOOTPOINT_INTERVAL,"[[-51.50038366425613, -37.89733695064677]]",13.60304671360936,THETA_X_FULL_RADIAL_FALLBACK,0.0,20.0,13,13,NOT_A_RANGE_CONTRACTION_RESULT_FALLBACK_ONLY,False,False
R03ZF,432,R03ZF_I01_ANON00001,R03ZF_SARF000432__CAUSAL_REPLAY__R03ZF_I01_ANON00001,FOOTPOINT_UNAVAILABLE,RANGE_UNAVAILABLE,,,,PERSON_C0_CALIBRATION_ASSET_RECOVERY_AUDIT,CALIBRATION_ASSETS_INSUFFICIENT_FOR_RUNTIME_RANGE_PROTOTYPE,MISSING_PERSON_CAMERA_K;MISSING_CAMERA_HEIGHT_ATTITUDE;MISSING_CAMERA_RADAR_R_T;MISSING_GROUND_PLANE;MISSING_RUNTIME_FOOTPOINT_INTERVAL,"[[-51.5016336032141, -38.08232791642781]]",13.419305686786295,THETA_X_FULL_RADIAL_FALLBACK,0.0,20.0,14,14,NOT_A_RANGE_CONTRACTION_RESULT_FALLBACK_ONLY,False,False
R03ZF,432,R03ZF_I01_ANON00002,R03ZF_SARF000432__CAUSAL_REPLAY__R03ZF_I01_ANON00002,FOOTPOINT_UNAVAILABLE,RANGE_UNAVAILABLE,,,,PERSON_C0_CALIBRATION_ASSET_RECOVERY_AUDIT,CALIBRATION_ASSETS_INSUFFICIENT_FOR_RUNTIME_RANGE_PROTOTYPE,MISSING_PERSON_CAMERA_K;MISSING_CAMERA_HEIGHT_ATTITUDE;MISSING_CAMERA_RADAR_R_T;MISSING_GROUND_PLANE;MISSING_RUNTIME_FOOTPOINT_INTERVAL,"[[-51.498977482928396, -38.61355197356931]]",12.885425509359088,THETA_X_FULL_RADIAL_FALLBACK,0.0,20.0,12,12,NOT_A_RANGE_CONTRACTION_RESULT_FALLBACK_ONLY,False,False
R03ZF,432,R03ZF_I01_ANON00003,R03ZF_SARF000432__CAUSAL_REPLAY__R03ZF_I01_ANON00003,FOOTPOINT_UNAVAILABLE,RANGE_UNAVAILABLE,,,,PERSON_C0_CALIBRATION_ASSET_RECOVERY_AUDIT,CALIBRATION_ASSETS_INSUFFICIENT_FOR_RUNTIME_RANGE_PROTOTYPE,MISSING_PERSON_CAMERA_K;MISSING_CAMERA_HEIGHT_ATTITUDE;MISSING_CAMERA_RADAR_R_T;MISSING_GROUND_PLANE;MISSING_RUNTIME_FOOTPOINT_INTERVAL,"[[-51.49991493714688, -37.904836584394644]]",13.595078352752239,THETA_X_FULL_RADIAL_FALLBACK,0.0,20.0,14,14,NOT_A_RANGE_CONTRACTION_RESULT_FALLBACK_ONLY,False,False
R03ZF,432,R03ZF_I01_ANON00004,R03ZF_SARF000432__CAUSAL_REPLAY__R03ZF_I01_ANON00004,FOOTPOINT_UNAVAILABLE,RANGE_UNAVAILABLE,,,,PERSON_C0_CALIBRATION_ASSET_RECOVERY_AUDIT,CALIBRATION_ASSETS_INSUFFICIENT_FOR_RUNTIME_RANGE_PROTOTYPE,MISSING_PERSON_CAMERA_K;MISSING_CAMERA_HEIGHT_ATTITUDE;MISSING_CAMERA_RADAR_R_T;MISSING_GROUND_PLANE;MISSING_RUNTIME_FOOTPOINT_INTERVAL,"[[-51.50038366425613, -37.89733695064677]]",13.60304671360936,THETA_X_FULL_RADIAL_FALLBACK,0.0,20.0,14,14,NOT_A_RANGE_CONTRACTION_RESULT_FALLBACK_ONLY,False,False
R03ZF,432,R03ZF_I01_T0004,R03ZF_SARF000432__CAUSAL_REPLAY__R03ZF_I01_T0004,FOOTPOINT_UNAVAILABLE,RANGE_UNAVAILABLE,,,,PERSON_C0_CALIBRATION_ASSET_RECOVERY_AUDIT,CALIBRATION_ASSETS_INSUFFICIENT_FOR_RUNTIME_RANGE_PROTOTYPE,MISSING_PERSON_CAMERA_K;MISSING_CAMERA_HEIGHT_ATTITUDE;MISSING_CAMERA_RADAR_R_T;MISSING_GROUND_PLANE;MISSING_RUNTIME_FOOTPOINT_INTERVAL,"[[-51.39569525595532, -37.03092581218184]]",14.364769443773476,THETA_X_FULL_RADIAL_FALLBACK,0.0,20.0,14,14,NOT_A_RANGE_CONTRACTION_RESULT_FALLBACK_ONLY,False,False
R03ZF,433,R03ZF_I01_ANON00001,R03ZF_SARF000433__CAUSAL_REPLAY__R03ZF_I01_ANON00001,FOOTPOINT_UNAVAILABLE,RANGE_UNAVAILABLE,,,,PERSON_C0_CALIBRATION_ASSET_RECOVERY_AUDIT,CALIBRATION_ASSETS_INSUFFICIENT_FOR_RUNTIME_RANGE_PROTOTYPE,MISSING_PERSON_CAMERA_K;MISSING_CAMERA_HEIGHT_ATTITUDE;MISSING_CAMERA_RADAR_R_T;MISSING_GROUND_PLANE;MISSING_RUNTIME_FOOTPOINT_INTERVAL,"[[-51.5016336032141, -38.08232791642781]]",13.419305686786295,THETA_X_FULL_RADIAL_FALLBACK,0.0,20.0,3,3,NOT_A_RANGE_CONTRACTION_RESULT_FALLBACK_ONLY,False,False
R03ZF,433,R03ZF_I01_ANON00002,R03ZF_SARF000433__CAUSAL_REPLAY__R03ZF_I01_ANON00002,FOOTPOINT_UNAVAILABLE,RANGE_UNAVAILABLE,,,,PERSON_C0_CALIBRATION_ASSET_RECOVERY_AUDIT,CALIBRATION_ASSETS_INSUFFICIENT_FOR_RUNTIME_RANGE_PROTOTYPE,MISSING_PERSON_CAMERA_K;MISSING_CAMERA_HEIGHT_ATTITUDE;MISSING_CAMERA_RADAR_R_T;MISSING_GROUND_PLANE;MISSING_RUNTIME_FOOTPOINT_INTERVAL,"[[-51.498977482928396, -38.61355197356931]]",12.885425509359088,THETA_X_FULL_RADIAL_FALLBACK,0.0,20.0,3,3,NOT_A_RANGE_CONTRACTION_RESULT_FALLBACK_ONLY,False,False
R03ZF,433,R03ZF_I01_ANON00003,R03ZF_SARF000433__CAUSAL_REPLAY__R03ZF_I01_ANON00003,FOOTPOINT_UNAVAILABLE,RANGE_UNAVAILABLE,,,,PERSON_C0_CALIBRATION_ASSET_RECOVERY_AUDIT,CALIBRATION_ASSETS_INSUFFICIENT_FOR_RUNTIME_RANGE_PROTOTYPE,MISSING_PERSON_CAMERA_K;MISSING_CAMERA_HEIGHT_ATTITUDE;MISSING_CAMERA_RADAR_R_T;MISSING_GROUND_PLANE;MISSING_RUNTIME_FOOTPOINT_INTERVAL,"[[-51.49991493714688, -37.904836584394644]]",13.595078352752239,THETA_X_FULL_RADIAL_FALLBACK,0.0,20.0,3,3,NOT_A_RANGE_CONTRACTION_RESULT_FALLBACK_ONLY,False,False
R03ZF,433,R03ZF_I01_ANON00004,R03ZF_SARF000433__CAUSAL_REPLAY__R03ZF_I01_ANON00004,FOOTPOINT_UNAVAILABLE,RANGE_UNAVAILABLE,,,,PERSON_C0_CALIBRATION_ASSET_RECOVERY_AUDIT,CALIBRATION_ASSETS_INSUFFICIENT_FOR_RUNTIME_RANGE_PROTOTYPE,MISSING_PERSON_CAMERA_K;MISSING_CAMERA_HEIGHT_ATTITUDE;MISSING_CAMERA_RADAR_R_T;MISSING_GROUND_PLANE;MISSING_RUNTIME_FOOTPOINT_INTERVAL,"[[-51.50038366425613, -37.89733695064677]]",13.60304671360936,THETA_X_FULL_RADIAL_FALLBACK,0.0,20.0,3,3,NOT_A_RANGE_CONTRACTION_RESULT_FALLBACK_ONLY,False,False
R03ZF,433,R03ZF_I01_T0004,R03ZF_SARF000433__CAUSAL_REPLAY__R03ZF_I01_T0004,FOOTPOINT_UNAVAILABLE,RANGE_UNAVAILABLE,,,,PERSON_C0_CALIBRATION_ASSET_RECOVERY_AUDIT,CALIBRATION_ASSETS_INSUFFICIENT_FOR_RUNTIME_RANGE_PROTOTYPE,MISSING_PERSON_CAMERA_K;MISSING_CAMERA_HEIGHT_ATTITUDE;MISSING_CAMERA_RADAR_R_T;MISSING_GROUND_PLANE;MISSING_RUNTIME_FOOTPOINT_INTERVAL,"[[-51.39569525595532, -37.03092581218184]]",14.364769443773476,THETA_X_FULL_RADIAL_FALLBACK,0.0,20.0,3,3,NOT_A_RANGE_CONTRACTION_RESULT_FALLBACK_ONLY,False,False
R03ZF,434,R03ZF_I01_ANON00001,R03ZF_SARF000434__CAUSAL_REPLAY__R03ZF_I01_ANON00001,FOOTPOINT_UNAVAILABLE,RANGE_UNAVAILABLE,,,,PERSON_C0_CALIBRATION_ASSET_RECOVERY_AUDIT,CALIBRATION_ASSETS_INSUFFICIENT_FOR_RUNTIME_RANGE_PROTOTYPE,MISSING_PERSON_CAMERA_K;MISSING_CAMERA_HEIGHT_ATTITUDE;MISSING_CAMERA_RADAR_R_T;MISSING_GROUND_PLANE;MISSING_RUNTIME_FOOTPOINT_INTERVAL,"[[-51.5016336032141, -38.08232791642781]]",13.419305686786295,THETA_X_FULL_RADIAL_FALLBACK,0.0,20.0,3,3,NOT_A_RANGE_CONTRACTION_RESULT_FALLBACK_ONLY,False,False
R03ZF,434,R03ZF_I01_ANON00002,R03ZF_SARF000434__CAUSAL_REPLAY__R03ZF_I01_ANON00002,FOOTPOINT_UNAVAILABLE,RANGE_UNAVAILABLE,,,,PERSON_C0_CALIBRATION_ASSET_RECOVERY_AUDIT,CALIBRATION_ASSETS_INSUFFICIENT_FOR_RUNTIME_RANGE_PROTOTYPE,MISSING_PERSON_CAMERA_K;MISSING_CAMERA_HEIGHT_ATTITUDE;MISSING_CAMERA_RADAR_R_T;MISSING_GROUND_PLANE;MISSING_RUNTIME_FOOTPOINT_INTERVAL,"[[-51.498977482928396, -38.61355197356931]]",12.885425509359088,THETA_X_FULL_RADIAL_FALLBACK,0.0,20.0,2,2,NOT_A_RANGE_CONTRACTION_RESULT_FALLBACK_ONLY,False,False
R03ZF,434,R03ZF_I01_ANON00003,R03ZF_SARF000434__CAUSAL_REPLAY__R03ZF_I01_ANON00003,FOOTPOINT_UNAVAILABLE,RANGE_UNAVAILABLE,,,,PERSON_C0_CALIBRATION_ASSET_RECOVERY_AUDIT,CALIBRATION_ASSETS_INSUFFICIENT_FOR_RUNTIME_RANGE_PROTOTYPE,MISSING_PERSON_CAMERA_K;MISSING_CAMERA_HEIGHT_ATTITUDE;MISSING_CAMERA_RADAR_R_T;MISSING_GROUND_PLANE;MISSING_RUNTIME_FOOTPOINT_INTERVAL,"[[-51.49991493714688, -37.904836584394644]]",13.595078352752239,THETA_X_FULL_RADIAL_FALLBACK,0.0,20.0,3,3,NOT_A_RANGE_CONTRACTION_RESULT_FALLBACK_ONLY,False,False
R03ZF,434,R03ZF_I01_ANON00004,R03ZF_SARF000434__CAUSAL_REPLAY__R03ZF_I01_ANON00004,FOOTPOINT_UNAVAILABLE,RANGE_UNAVAILABLE,,,,PERSON_C0_CALIBRATION_ASSET_RECOVERY_AUDIT,CALIBRATION_ASSETS_INSUFFICIENT_FOR_RUNTIME_RANGE_PROTOTYPE,MISSING_PERSON_CAMERA_K;MISSING_CAMERA_HEIGHT_ATTITUDE;MISSING_CAMERA_RADAR_R_T;MISSING_GROUND_PLANE;MISSING_RUNTIME_FOOTPOINT_INTERVAL,"[[-51.50038366425613, -37.89733695064677]]",13.60304671360936,THETA_X_FULL_RADIAL_FALLBACK,0.0,20.0,3,3,NOT_A_RANGE_CONTRACTION_RESULT_FALLBACK_ONLY,False,False
R03ZF,434,R03ZF_I01_T0004,R03ZF_SARF000434__CAUSAL_REPLAY__R03ZF_I01_T0004,FOOTPOINT_UNAVAILABLE,RANGE_UNAVAILABLE,,,,PERSON_C0_CALIBRATION_ASSET_RECOVERY_AUDIT,CALIBRATION_ASSETS_INSUFFICIENT_FOR_RUNTIME_RANGE_PROTOTYPE,MISSING_PERSON_CAMERA_K;MISSING_CAMERA_HEIGHT_ATTITUDE;MISSING_CAMERA_RADAR_R_T;MISSING_GROUND_PLANE;MISSING_RUNTIME_FOOTPOINT_INTERVAL,"[[-51.39569525595532, -36.43332051603992]]",14.962374739915397,THETA_X_FULL_RADIAL_FALLBACK,0.0,20.0,3,3,NOT_A_RANGE_CONTRACTION_RESULT_FALLBACK_ONLY,False,False
R03ZF,435,R03ZF_I01_ANON00001,R03ZF_SARF000435__CAUSAL_REPLAY__R03ZF_I01_ANON00001,FOOTPOINT_UNAVAILABLE,RANGE_UNAVAILABLE,,,,PERSON_C0_CALIBRATION_ASSET_RECOVERY_AUDIT,CALIBRATION_ASSETS_INSUFFICIENT_FOR_RUNTIME_RANGE_PROTOTYPE,MISSING_PERSON_CAMERA_K;MISSING_CAMERA_HEIGHT_ATTITUDE;MISSING_CAMERA_RADAR_R_T;MISSING_GROUND_PLANE;MISSING_RUNTIME_FOOTPOINT_INTERVAL,"[[-51.5016336032141, -38.08232791642781]]",13.419305686786295,THETA_X_FULL_RADIAL_FALLBACK,0.0,20.0,6,6,NOT_A_RANGE_CONTRACTION_RESULT_FALLBACK_ONLY,False,False
R03ZF,435,R03ZF_I01_ANON00002,R03ZF_SARF000435__CAUSAL_REPLAY__R03ZF_I01_ANON00002,FOOTPOINT_UNAVAILABLE,RANGE_UNAVAILABLE,,,,PERSON_C0_CALIBRATION_ASSET_RECOVERY_AUDIT,CALIBRATION_ASSETS_INSUFFICIENT_FOR_RUNTIME_RANGE_PROTOTYPE,MISSING_PERSON_CAMERA_K;MISSING_CAMERA_HEIGHT_ATTITUDE;MISSING_CAMERA_RADAR_R_T;MISSING_GROUND_PLANE;MISSING_RUNTIME_FOOTPOINT_INTERVAL,"[[-51.498977482928396, -38.61355197356931]]",12.885425509359088,THETA_X_FULL_RADIAL_FALLBACK,0.0,20.0,5,5,NOT_A_RANGE_CONTRACTION_RESULT_FALLBACK_ONLY,False,False
R03ZF,435,R03ZF_I01_ANON00003,R03ZF_SARF000435__CAUSAL_REPLAY__R03ZF_I01_ANON00003,FOOTPOINT_UNAVAILABLE,RANGE_UNAVAILABLE,,,,PERSON_C0_CALIBRATION_ASSET_RECOVERY_AUDIT,CALIBRATION_ASSETS_INSUFFICIENT_FOR_RUNTIME_RANGE_PROTOTYPE,MISSING_PERSON_CAMERA_K;MISSING_CAMERA_HEIGHT_ATTITUDE;MISSING_CAMERA_RADAR_R_T;MISSING_GROUND_PLANE;MISSING_RUNTIME_FOOTPOINT_INTERVAL,"[[-51.49991493714688, -37.904836584394644]]",13.595078352752239,THETA_X_FULL_RADIAL_FALLBACK,0.0,20.0,6,6,NOT_A_RANGE_CONTRACTION_RESULT_FALLBACK_ONLY,False,False
R03ZF,435,R03ZF_I01_ANON00004,R03ZF_SARF000435__CAUSAL_REPLAY__R03ZF_I01_ANON00004,FOOTPOINT_UNAVAILABLE,RANGE_UNAVAILABLE,,,,PERSON_C0_CALIBRATION_ASSET_RECOVERY_AUDIT,CALIBRATION_ASSETS_INSUFFICIENT_FOR_RUNTIME_RANGE_PROTOTYPE,MISSING_PERSON_CAMERA_K;MISSING_CAMERA_HEIGHT_ATTITUDE;MISSING_CAMERA_RADAR_R_T;MISSING_GROUND_PLANE;MISSING_RUNTIME_FOOTPOINT_INTERVAL,"[[-51.50038366425613, -37.89733695064677]]",13.60304671360936,THETA_X_FULL_RADIAL_FALLBACK,0.0,20.0,6,6,NOT_A_RANGE_CONTRACTION_RESULT_FALLBACK_ONLY,False,False
R03ZF,435,R03ZF_I01_T0004,R03ZF_SARF000435__CAUSAL_REPLAY__R03ZF_I01_T0004,FOOTPOINT_UNAVAILABLE,RANGE_UNAVAILABLE,,,,PERSON_C0_CALIBRATION_ASSET_RECOVERY_AUDIT,CALIBRATION_ASSETS_INSUFFICIENT_FOR_RUNTIME_RANGE_PROTOTYPE,MISSING_PERSON_CAMERA_K;MISSING_CAMERA_HEIGHT_ATTITUDE;MISSING_CAMERA_RADAR_R_T;MISSING_GROUND_PLANE;MISSING_RUNTIME_FOOTPOINT_INTERVAL,"[[-51.39569525595532, -35.81971665224672]]",15.575978603708599,THETA_X_FULL_RADIAL_FALLBACK,0.0,20.0,6,6,NOT_A_RANGE_CONTRACTION_RESULT_FALLBACK_ONLY,False,False
R03ZF,436,R03ZF_I01_ANON00003,R03ZF_SARF000436__CAUSAL_REPLAY__R03ZF_I01_ANON00003,FOOTPOINT_UNAVAILABLE,RANGE_UNAVAILABLE,,,,PERSON_C0_CALIBRATION_ASSET_RECOVERY_AUDIT,CALIBRATION_ASSETS_INSUFFICIENT_FOR_RUNTIME_RANGE_PROTOTYPE,MISSING_PERSON_CAMERA_K;MISSING_CAMERA_HEIGHT_ATTITUDE;MISSING_CAMERA_RADAR_R_T;MISSING_GROUND_PLANE;MISSING_RUNTIME_FOOTPOINT_INTERVAL,"[[-51.49991493714688, -37.904836584394644]]",13.595078352752239,THETA_X_FULL_RADIAL_FALLBACK,0.0,20.0,0,0,NOT_A_RANGE_CONTRACTION_RESULT_FALLBACK_ONLY,False,False
R03ZF,436,R03ZF_I01_ANON00004,R03ZF_SARF000436__CAUSAL_REPLAY__R03ZF_I01_ANON00004,FOOTPOINT_UNAVAILABLE,RANGE_UNAVAILABLE,,,,PERSON_C0_CALIBRATION_ASSET_RECOVERY_AUDIT,CALIBRATION_ASSETS_INSUFFICIENT_FOR_RUNTIME_RANGE_PROTOTYPE,MISSING_PERSON_CAMERA_K;MISSING_CAMERA_HEIGHT_ATTITUDE;MISSING_CAMERA_RADAR_R_T;MISSING_GROUND_PLANE;MISSING_RUNTIME_FOOTPOINT_INTERVAL,"[[-51.50038366425613, -37.89733695064677]]",13.60304671360936,THETA_X_FULL_RADIAL_FALLBACK,0.0,20.0,0,0,NOT_A_RANGE_CONTRACTION_RESULT_FALLBACK_ONLY,False,False
R03ZF,436,R03ZF_I01_T0004,R03ZF_SARF000436__CAUSAL_REPLAY__R03ZF_I01_T0004,FOOTPOINT_UNAVAILABLE,RANGE_UNAVAILABLE,,,,PERSON_C0_CALIBRATION_ASSET_RECOVERY_AUDIT,CALIBRATION_ASSETS_INSUFFICIENT_FOR_RUNTIME_RANGE_PROTOTYPE,MISSING_PERSON_CAMERA_K;MISSING_CAMERA_HEIGHT_ATTITUDE;MISSING_CAMERA_RADAR_R_T;MISSING_GROUND_PLANE;MISSING_RUNTIME_FOOTPOINT_INTERVAL,"[[-51.39569525595532, -35.81971665224672]]",15.575978603708599,THETA_X_FULL_RADIAL_FALLBACK,0.0,20.0,1,1,NOT_A_RANGE_CONTRACTION_RESULT_FALLBACK_ONLY,False,False
R03ZF,437,R03ZF_I01_ANON00003,R03ZF_SARF000437__CAUSAL_REPLAY__R03ZF_I01_ANON00003,FOOTPOINT_UNAVAILABLE,RANGE_UNAVAILABLE,,,,PERSON_C0_CALIBRATION_ASSET_RECOVERY_AUDIT,CALIBRATION_ASSETS_INSUFFICIENT_FOR_RUNTIME_RANGE_PROTOTYPE,MISSING_PERSON_CAMERA_K;MISSING_CAMERA_HEIGHT_ATTITUDE;MISSING_CAMERA_RADAR_R_T;MISSING_GROUND_PLANE;MISSING_RUNTIME_FOOTPOINT_INTERVAL,"[[-51.49991493714688, -37.904836584394644]]",13.595078352752239,THETA_X_FULL_RADIAL_FALLBACK,0.0,20.0,5,5,NOT_A_RANGE_CONTRACTION_RESULT_FALLBACK_ONLY,False,False
R03ZF,437,R03ZF_I01_ANON00004,R03ZF_SARF000437__CAUSAL_REPLAY__R03ZF_I01_ANON00004,FOOTPOINT_UNAVAILABLE,RANGE_UNAVAILABLE,,,,PERSON_C0_CALIBRATION_ASSET_RECOVERY_AUDIT,CALIBRATION_ASSETS_INSUFFICIENT_FOR_RUNTIME_RANGE_PROTOTYPE,MISSING_PERSON_CAMERA_K;MISSING_CAMERA_HEIGHT_ATTITUDE;MISSING_CAMERA_RADAR_R_T;MISSING_GROUND_PLANE;MISSING_RUNTIME_FOOTPOINT_INTERVAL,"[[-51.50038366425613, -37.89733695064677]]",13.60304671360936,THETA_X_FULL_RADIAL_FALLBACK,0.0,20.0,5,5,NOT_A_RANGE_CONTRACTION_RESULT_FALLBACK_ONLY,False,False
R03ZF,437,R03ZF_I01_T0004,R03ZF_SARF000437__CAUSAL_REPLAY__R03ZF_I01_T0004,FOOTPOINT_UNAVAILABLE,RANGE_UNAVAILABLE,,,,PERSON_C0_CALIBRATION_ASSET_RECOVERY_AUDIT,CALIBRATION_ASSETS_INSUFFICIENT_FOR_RUNTIME_RANGE_PROTOTYPE,MISSING_PERSON_CAMERA_K;MISSING_CAMERA_HEIGHT_ATTITUDE;MISSING_CAMERA_RADAR_R_T;MISSING_GROUND_PLANE;MISSING_RUNTIME_FOOTPOINT_INTERVAL,"[[-51.39569525595532, -35.26291523091873]]",16.13278002503659,THETA_X_FULL_RADIAL_FALLBACK,0.0,20.0,7,7,NOT_A_RANGE_CONTRACTION_RESULT_FALLBACK_ONLY,False,False
R03ZF,438,R03ZF_I01_T0004,R03ZF_SARF000438__CAUSAL_REPLAY__R03ZF_I01_T0004,FOOTPOINT_UNAVAILABLE,RANGE_UNAVAILABLE,,,,PERSON_C0_CALIBRATION_ASSET_RECOVERY_AUDIT,CALIBRATION_ASSETS_INSUFFICIENT_FOR_RUNTIME_RANGE_PROTOTYPE,MISSING_PERSON_CAMERA_K;MISSING_CAMERA_HEIGHT_ATTITUDE;MISSING_CAMERA_RADAR_R_T;MISSING_GROUND_PLANE;MISSING_RUNTIME_FOOTPOINT_INTERVAL,"[[-51.39569525595532, -35.26291523091873]]",16.13278002503659,THETA_X_FULL_RADIAL_FALLBACK,0.0,20.0,13,13,NOT_A_RANGE_CONTRACTION_RESULT_FALLBACK_ONLY,False,False
R03ZF,439,R03ZF_I01_T0004,R03ZF_SARF000439__CAUSAL_REPLAY__R03ZF_I01_T0004,FOOTPOINT_UNAVAILABLE,RANGE_UNAVAILABLE,,,,PERSON_C0_CALIBRATION_ASSET_RECOVERY_AUDIT,CALIBRATION_ASSETS_INSUFFICIENT_FOR_RUNTIME_RANGE_PROTOTYPE,MISSING_PERSON_CAMERA_K;MISSING_CAMERA_HEIGHT_ATTITUDE;MISSING_CAMERA_RADAR_R_T;MISSING_GROUND_PLANE;MISSING_RUNTIME_FOOTPOINT_INTERVAL,"[[-51.39569525595532, -34.66465302512698]]",16.731042230828336,THETA_X_FULL_RADIAL_FALLBACK,0.0,20.0,7,7,NOT_A_RANGE_CONTRACTION_RESULT_FALLBACK_ONLY,False,False
R03ZF,440,R03ZF_I01_T0004,R03ZF_SARF000440__CAUSAL_REPLAY__R03ZF_I01_T0004,FOOTPOINT_UNAVAILABLE,RANGE_UNAVAILABLE,,,,PERSON_C0_CALIBRATION_ASSET_RECOVERY_AUDIT,CALIBRATION_ASSETS_INSUFFICIENT_FOR_RUNTIME_RANGE_PROTOTYPE,MISSING_PERSON_CAMERA_K;MISSING_CAMERA_HEIGHT_ATTITUDE;MISSING_CAMERA_RADAR_R_T;MISSING_GROUND_PLANE;MISSING_RUNTIME_FOOTPOINT_INTERVAL,"[[-51.299982938738125, -34.07086244340699]]",17.229120495331138,THETA_X_FULL_RADIAL_FALLBACK,0.0,20.0,13,13,NOT_A_RANGE_CONTRACTION_RESULT_FALLBACK_ONLY,False,False
R03ZF,441,R03ZF_I01_T0004,R03ZF_SARF000441__CAUSAL_REPLAY__R03ZF_I01_T0004,FOOTPOINT_UNAVAILABLE,RANGE_UNAVAILABLE,,,,PERSON_C0_CALIBRATION_ASSET_RECOVERY_AUDIT,CALIBRATION_ASSETS_INSUFFICIENT_FOR_RUNTIME_RANGE_PROTOTYPE,MISSING_PERSON_CAMERA_K;MISSING_CAMERA_HEIGHT_ATTITUDE;MISSING_CAMERA_RADAR_R_T;MISSING_GROUND_PLANE;MISSING_RUNTIME_FOOTPOINT_INTERVAL,"[[-51.299982938738125, -34.07086244340699]]",17.229120495331138,THETA_X_FULL_RADIAL_FALLBACK,0.0,20.0,8,8,NOT_A_RANGE_CONTRACTION_RESULT_FALLBACK_ONLY,False,False
R03ZF,442,R03ZF_I01_T0004,R03ZF_SARF000442__CAUSAL_REPLAY__R03ZF_I01_T0004,FOOTPOINT_UNAVAILABLE,RANGE_UNAVAILABLE,,,,PERSON_C0_CALIBRATION_ASSET_RECOVERY_AUDIT,CALIBRATION_ASSETS_INSUFFICIENT_FOR_RUNTIME_RANGE_PROTOTYPE,MISSING_PERSON_CAMERA_K;MISSING_CAMERA_HEIGHT_ATTITUDE;MISSING_CAMERA_RADAR_R_T;MISSING_GROUND_PLANE;MISSING_RUNTIME_FOOTPOINT_INTERVAL,"[[-51.299982938738125, -33.47682732610114]]",17.823155612636988,THETA_X_FULL_RADIAL_FALLBACK,0.0,20.0,0,0,NOT_A_RANGE_CONTRACTION_RESULT_FALLBACK_ONLY,False,False
R03ZF,443,R03ZF_I01_T0004,R03ZF_SARF000443__CAUSAL_REPLAY__R03ZF_I01_T0004,FOOTPOINT_UNAVAILABLE,RANGE_UNAVAILABLE,,,,PERSON_C0_CALIBRATION_ASSET_RECOVERY_AUDIT,CALIBRATION_ASSETS_INSUFFICIENT_FOR_RUNTIME_RANGE_PROTOTYPE,MISSING_PERSON_CAMERA_K;MISSING_CAMERA_HEIGHT_ATTITUDE;MISSING_CAMERA_RADAR_R_T;MISSING_GROUND_PLANE;MISSING_RUNTIME_FOOTPOINT_INTERVAL,"[[-51.0713192298632, -33.47682732610114]]",17.594491903762062,THETA_X_FULL_RADIAL_FALLBACK,0.0,20.0,0,0,NOT_A_RANGE_CONTRACTION_RESULT_FALLBACK_ONLY,False,False
R03ZF,444,R03ZF_I01_T0004,R03ZF_SARF000444__CAUSAL_REPLAY__R03ZF_I01_T0004,FOOTPOINT_UNAVAILABLE,RANGE_UNAVAILABLE,,,,PERSON_C0_CALIBRATION_ASSET_RECOVERY_AUDIT,CALIBRATION_ASSETS_INSUFFICIENT_FOR_RUNTIME_RANGE_PROTOTYPE,MISSING_PERSON_CAMERA_K;MISSING_CAMERA_HEIGHT_ATTITUDE;MISSING_CAMERA_RADAR_R_T;MISSING_GROUND_PLANE;MISSING_RUNTIME_FOOTPOINT_INTERVAL,"[[-51.0713192298632, -32.91012119642349]]",18.16119803343971,THETA_X_FULL_RADIAL_FALLBACK,0.0,20.0,0,0,NOT_A_RANGE_CONTRACTION_RESULT_FALLBACK_ONLY,False,False
R03ZF,445,R03ZF_I01_T0004,R03ZF_SARF000445__CAUSAL_REPLAY__R03ZF_I01_T0004,FOOTPOINT_UNAVAILABLE,RANGE_UNAVAILABLE,,,,PERSON_C0_CALIBRATION_ASSET_RECOVERY_AUDIT,CALIBRATION_ASSETS_INSUFFICIENT_FOR_RUNTIME_RANGE_PROTOTYPE,MISSING_PERSON_CAMERA_K;MISSING_CAMERA_HEIGHT_ATTITUDE;MISSING_CAMERA_RADAR_R_T;MISSING_GROUND_PLANE;MISSING_RUNTIME_FOOTPOINT_INTERVAL,"[[-50.63654788016253, -32.348303744018395]]",18.288244136144137,THETA_X_FULL_RADIAL_FALLBACK,0.0,20.0,4,4,NOT_A_RANGE_CONTRACTION_RESULT_FALLBACK_ONLY,False,False
R03ZF,446,R03ZF_I01_T0004,R03ZF_SARF000446__CAUSAL_REPLAY__R03ZF_I01_T0004,FOOTPOINT_UNAVAILABLE,RANGE_UNAVAILABLE,,,,PERSON_C0_CALIBRATION_ASSET_RECOVERY_AUDIT,CALIBRATION_ASSETS_INSUFFICIENT_FOR_RUNTIME_RANGE_PROTOTYPE,MISSING_PERSON_CAMERA_K;MISSING_CAMERA_HEIGHT_ATTITUDE;MISSING_CAMERA_RADAR_R_T;MISSING_GROUND_PLANE;MISSING_RUNTIME_FOOTPOINT_INTERVAL,"[[-50.085707267996455, -32.348303744018395]]",17.73740352397806,THETA_X_FULL_RADIAL_FALLBACK,0.0,20.0,2,2,NOT_A_RANGE_CONTRACTION_RESULT_FALLBACK_ONLY,False,False
R03ZF,447,R03ZF_I01_T0004,R03ZF_SARF000447__CAUSAL_REPLAY__R03ZF_I01_T0004,FOOTPOINT_UNAVAILABLE,RANGE_UNAVAILABLE,,,,PERSON_C0_CALIBRATION_ASSET_RECOVERY_AUDIT,CALIBRATION_ASSETS_INSUFFICIENT_FOR_RUNTIME_RANGE_PROTOTYPE,MISSING_PERSON_CAMERA_K;MISSING_CAMERA_HEIGHT_ATTITUDE;MISSING_CAMERA_RADAR_R_T;MISSING_GROUND_PLANE;MISSING_RUNTIME_FOOTPOINT_INTERVAL,"[[-50.085707267996455, -31.77137472491379]]",18.314332543082664,THETA_X_FULL_RADIAL_FALLBACK,0.0,20.0,4,4,NOT_A_RANGE_CONTRACTION_RESULT_FALLBACK_ONLY,False,False
R03ZF,448,R03ZF_I01_T0004,R03ZF_SARF000448__CAUSAL_REPLAY__R03ZF_I01_T0004,FOOTPOINT_UNAVAILABLE,RANGE_UNAVAILABLE,,,,PERSON_C0_CALIBRATION_ASSET_RECOVERY_AUDIT,CALIBRATION_ASSETS_INSUFFICIENT_FOR_RUNTIME_RANGE_PROTOTYPE,MISSING_PERSON_CAMERA_K;MISSING_CAMERA_HEIGHT_ATTITUDE;MISSING_CAMERA_RADAR_R_T;MISSING_GROUND_PLANE;MISSING_RUNTIME_FOOTPOINT_INTERVAL,"[[-49.48206161742528, -31.77137472491379]]",17.71068689251149,THETA_X_FULL_RADIAL_FALLBACK,0.0,20.0,3,3,NOT_A_RANGE_CONTRACTION_RESULT_FALLBACK_ONLY,False,False
R03ZF,449,R03ZF_I01_T0004,R03ZF_SARF000449__CAUSAL_REPLAY__R03ZF_I01_T0004,FOOTPOINT_UNAVAILABLE,RANGE_UNAVAILABLE,,,,PERSON_C0_CALIBRATION_ASSET_RECOVERY_AUDIT,CALIBRATION_ASSETS_INSUFFICIENT_FOR_RUNTIME_RANGE_PROTOTYPE,MISSING_PERSON_CAMERA_K;MISSING_CAMERA_HEIGHT_ATTITUDE;MISSING_CAMERA_RADAR_R_T;MISSING_GROUND_PLANE;MISSING_RUNTIME_FOOTPOINT_INTERVAL,"[[-49.48206161742528, -31.205440448819232]]",18.27662116860605,THETA_X_FULL_RADIAL_FALLBACK,0.0,20.0,3,3,NOT_A_RANGE_CONTRACTION_RESULT_FALLBACK_ONLY,False,False
R03ZF,450,R03ZF_I01_T0004,R03ZF_SARF000450__CAUSAL_REPLAY__R03ZF_I01_T0004,FOOTPOINT_UNAVAILABLE,RANGE_UNAVAILABLE,,,,PERSON_C0_CALIBRATION_ASSET_RECOVERY_AUDIT,CALIBRATION_ASSETS_INSUFFICIENT_FOR_RUNTIME_RANGE_PROTOTYPE,MISSING_PERSON_CAMERA_K;MISSING_CAMERA_HEIGHT_ATTITUDE;MISSING_CAMERA_RADAR_R_T;MISSING_GROUND_PLANE;MISSING_RUNTIME_FOOTPOINT_INTERVAL,"[[-48.89601703600295, -30.666603644963168]]",18.229413391039785,THETA_X_FULL_RADIAL_FALLBACK,0.0,20.0,3,3,NOT_A_RANGE_CONTRACTION_RESULT_FALLBACK_ONLY,False,False
R03ZF,451,R03ZF_I01_T0004,R03ZF_SARF000451__CAUSAL_REPLAY__R03ZF_I01_T0004,FOOTPOINT_UNAVAILABLE,RANGE_UNAVAILABLE,,,,PERSON_C0_CALIBRATION_ASSET_RECOVERY_AUDIT,CALIBRATION_ASSETS_INSUFFICIENT_FOR_RUNTIME_RANGE_PROTOTYPE,MISSING_PERSON_CAMERA_K;MISSING_CAMERA_HEIGHT_ATTITUDE;MISSING_CAMERA_RADAR_R_T;MISSING_GROUND_PLANE;MISSING_RUNTIME_FOOTPOINT_INTERVAL,"[[-48.2861054153967, -30.666603644963168]]",17.61950177043353,THETA_X_FULL_RADIAL_FALLBACK,0.0,20.0,1,1,NOT_A_RANGE_CONTRACTION_RESULT_FALLBACK_ONLY,False,False
R03ZF,452,R03ZF_I01_T0004,R03ZF_SARF000452__CAUSAL_REPLAY__R03ZF_I01_T0004,FOOTPOINT_UNAVAILABLE,RANGE_UNAVAILABLE,,,,PERSON_C0_CALIBRATION_ASSET_RECOVERY_AUDIT,CALIBRATION_ASSETS_INSUFFICIENT_FOR_RUNTIME_RANGE_PROTOTYPE,MISSING_PERSON_CAMERA_K;MISSING_CAMERA_HEIGHT_ATTITUDE;MISSING_CAMERA_RADAR_R_T;MISSING_GROUND_PLANE;MISSING_RUNTIME_FOOTPOINT_INTERVAL,"[[-48.2861054153967, -30.074419836988113]]",18.211685578408584,THETA_X_FULL_RADIAL_FALLBACK,0.0,20.0,2,2,NOT_A_RANGE_CONTRACTION_RESULT_FALLBACK_ONLY,False,False
R03ZF,453,R03ZF_I01_T0004,R03ZF_SARF000453__CAUSAL_REPLAY__R03ZF_I01_T0004,FOOTPOINT_UNAVAILABLE,RANGE_UNAVAILABLE,,,,PERSON_C0_CALIBRATION_ASSET_RECOVERY_AUDIT,CALIBRATION_ASSETS_INSUFFICIENT_FOR_RUNTIME_RANGE_PROTOTYPE,MISSING_PERSON_CAMERA_K;MISSING_CAMERA_HEIGHT_ATTITUDE;MISSING_CAMERA_RADAR_R_T;MISSING_GROUND_PLANE;MISSING_RUNTIME_FOOTPOINT_INTERVAL,"[[-47.69712132095242, -30.074419836988113]]",17.622701483964306,THETA_X_FULL_RADIAL_FALLBACK,0.0,20.0,4,4,NOT_A_RANGE_CONTRACTION_RESULT_FALLBACK_ONLY,False,False
R03ZF,454,R03ZF_I01_T0004,R03ZF_SARF000454__CAUSAL_REPLAY__R03ZF_I01_T0004,FOOTPOINT_UNAVAILABLE,RANGE_UNAVAILABLE,,,,PERSON_C0_CALIBRATION_ASSET_RECOVERY_AUDIT,CALIBRATION_ASSETS_INSUFFICIENT_FOR_RUNTIME_RANGE_PROTOTYPE,MISSING_PERSON_CAMERA_K;MISSING_CAMERA_HEIGHT_ATTITUDE;MISSING_CAMERA_RADAR_R_T;MISSING_GROUND_PLANE;MISSING_RUNTIME_FOOTPOINT_INTERVAL,"[[-47.69712132095242, -29.481724172498076]]",18.215397148454343,THETA_X_FULL_RADIAL_FALLBACK,0.0,20.0,7,7,NOT_A_RANGE_CONTRACTION_RESULT_FALLBACK_ONLY,False,False
R03ZF,455,R03ZF_I01_T0004,R03ZF_SARF000455__CAUSAL_REPLAY__R03ZF_I01_T0004,FOOTPOINT_UNAVAILABLE,RANGE_UNAVAILABLE,,,,PERSON_C0_CALIBRATION_ASSET_RECOVERY_AUDIT,CALIBRATION_ASSETS_INSUFFICIENT_FOR_RUNTIME_RANGE_PROTOTYPE,MISSING_PERSON_CAMERA_K;MISSING_CAMERA_HEIGHT_ATTITUDE;MISSING_CAMERA_RADAR_R_T;MISSING_GROUND_PLANE;MISSING_RUNTIME_FOOTPOINT_INTERVAL,"[[-47.08439774457217, -28.89479401420644]]",18.189603730365732,THETA_X_FULL_RADIAL_FALLBACK,0.0,20.0,3,3,NOT_A_RANGE_CONTRACTION_RESULT_FALLBACK_ONLY,False,False
R03ZF,456,R03ZF_I01_T0004,R03ZF_SARF000456__CAUSAL_REPLAY__R03ZF_I01_T0004,FOOTPOINT_UNAVAILABLE,RANGE_UNAVAILABLE,,,,PERSON_C0_CALIBRATION_ASSET_RECOVERY_AUDIT,CALIBRATION_ASSETS_INSUFFICIENT_FOR_RUNTIME_RANGE_PROTOTYPE,MISSING_PERSON_CAMERA_K;MISSING_CAMERA_HEIGHT_ATTITUDE;MISSING_CAMERA_RADAR_R_T;MISSING_GROUND_PLANE;MISSING_RUNTIME_FOOTPOINT_INTERVAL,"[[-46.49806041214529, -28.89479401420644]]",17.603266397938853,THETA_X_FULL_RADIAL_FALLBACK,0.0,20.0,4,4,NOT_A_RANGE_CONTRACTION_RESULT_FALLBACK_ONLY,False,False
R03ZF,457,R03ZF_I01_T0004,R03ZF_SARF000457__CAUSAL_REPLAY__R03ZF_I01_T0004,FOOTPOINT_UNAVAILABLE,RANGE_UNAVAILABLE,,,,PERSON_C0_CALIBRATION_ASSET_RECOVERY_AUDIT,CALIBRATION_ASSETS_INSUFFICIENT_FOR_RUNTIME_RANGE_PROTOTYPE,MISSING_PERSON_CAMERA_K;MISSING_CAMERA_HEIGHT_ATTITUDE;MISSING_CAMERA_RADAR_R_T;MISSING_GROUND_PLANE;MISSING_RUNTIME_FOOTPOINT_INTERVAL,"[[-46.49806041214529, -28.377935303694855]]",18.120125108450438,THETA_X_FULL_RADIAL_FALLBACK,0.0,20.0,1,1,NOT_A_RANGE_CONTRACTION_RESULT_FALLBACK_ONLY,False,False
R03ZF,458,R03ZF_I01_T0004,R03ZF_SARF000458__CAUSAL_REPLAY__R03ZF_I01_T0004,FOOTPOINT_UNAVAILABLE,RANGE_UNAVAILABLE,,,,PERSON_C0_CALIBRATION_ASSET_RECOVERY_AUDIT,CALIBRATION_ASSETS_INSUFFICIENT_FOR_RUNTIME_RANGE_PROTOTYPE,MISSING_PERSON_CAMERA_K;MISSING_CAMERA_HEIGHT_ATTITUDE;MISSING_CAMERA_RADAR_R_T;MISSING_GROUND_PLANE;MISSING_RUNTIME_FOOTPOINT_INTERVAL,"[[-45.89521957253437, -28.377935303694855]]",17.517284268839518,THETA_X_FULL_RADIAL_FALLBACK,0.0,20.0,2,2,NOT_A_RANGE_CONTRACTION_RESULT_FALLBACK_ONLY,False,False
R03ZF,459,R03ZF_I01_T0004,R03ZF_SARF000459__CAUSAL_REPLAY__R03ZF_I01_T0004,FOOTPOINT_UNAVAILABLE,RANGE_UNAVAILABLE,,,,PERSON_C0_CALIBRATION_ASSET_RECOVERY_AUDIT,CALIBRATION_ASSETS_INSUFFICIENT_FOR_RUNTIME_RANGE_PROTOTYPE,MISSING_PERSON_CAMERA_K;MISSING_CAMERA_HEIGHT_ATTITUDE;MISSING_CAMERA_RADAR_R_T;MISSING_GROUND_PLANE;MISSING_RUNTIME_FOOTPOINT_INTERVAL,"[[-45.89521957253437, -27.81944532550923]]",18.075774247025144,THETA_X_FULL_RADIAL_FALLBACK,0.0,20.0,1,1,NOT_A_RANGE_CONTRACTION_RESULT_FALLBACK_ONLY,False,False
R03ZF,460,R03ZF_I01_T0004,R03ZF_SARF000460__CAUSAL_REPLAY__R03ZF_I01_T0004,FOOTPOINT_UNAVAILABLE,RANGE_UNAVAILABLE,,,,PERSON_C0_CALIBRATION_ASSET_RECOVERY_AUDIT,CALIBRATION_ASSETS_INSUFFICIENT_FOR_RUNTIME_RANGE_PROTOTYPE,MISSING_PERSON_CAMERA_K;MISSING_CAMERA_HEIGHT_ATTITUDE;MISSING_CAMERA_RADAR_R_T;MISSING_GROUND_PLANE;MISSING_RUNTIME_FOOTPOINT_INTERVAL,"[[-45.30086912232146, -27.227884859487304]]",18.072984262834154,THETA_X_FULL_RADIAL_FALLBACK,0.0,20.0,2,2,NOT_A_RANGE_CONTRACTION_RESULT_FALLBACK_ONLY,False,False
R03ZF,461,R03ZF_I01_T0004,R03ZF_SARF000461__CAUSAL_REPLAY__R03ZF_I01_T0004,FOOTPOINT_UNAVAILABLE,RANGE_UNAVAILABLE,,,,PERSON_C0_CALIBRATION_ASSET_RECOVERY_AUDIT,CALIBRATION_ASSETS_INSUFFICIENT_FOR_RUNTIME_RANGE_PROTOTYPE,MISSING_PERSON_CAMERA_K;MISSING_CAMERA_HEIGHT_ATTITUDE;MISSING_CAMERA_RADAR_R_T;MISSING_GROUND_PLANE;MISSING_RUNTIME_FOOTPOINT_INTERVAL,"[[-44.70986730414808, -27.227884859487304]]",17.481982444660773,THETA_X_FULL_RADIAL_FALLBACK,0.0,20.0,3,3,NOT_A_RANGE_CONTRACTION_RESULT_FALLBACK_ONLY,False,False
R03ZF,462,R03ZF_I01_T0004,R03ZF_SARF000462__CAUSAL_REPLAY__R03ZF_I01_T0004,FOOTPOINT_UNAVAILABLE,RANGE_UNAVAILABLE,,,,PERSON_C0_CALIBRATION_ASSET_RECOVERY_AUDIT,CALIBRATION_ASSETS_INSUFFICIENT_FOR_RUNTIME_RANGE_PROTOTYPE,MISSING_PERSON_CAMERA_K;MISSING_CAMERA_HEIGHT_ATTITUDE;MISSING_CAMERA_RADAR_R_T;MISSING_GROUND_PLANE;MISSING_RUNTIME_FOOTPOINT_INTERVAL,"[[-44.70986730414808, -26.69546945427581]]",18.014397849872267,THETA_X_FULL_RADIAL_FALLBACK,0.0,20.0,3,3,NOT_A_RANGE_CONTRACTION_RESULT_FALLBACK_ONLY,False,False
R03ZF,463,R03ZF_I01_T0004,R03ZF_SARF000463__CAUSAL_REPLAY__R03ZF_I01_T0004,FOOTPOINT_UNAVAILABLE,RANGE_UNAVAILABLE,,,,PERSON_C0_CALIBRATION_ASSET_RECOVERY_AUDIT,CALIBRATION_ASSETS_INSUFFICIENT_FOR_RUNTIME_RANGE_PROTOTYPE,MISSING_PERSON_CAMERA_K;MISSING_CAMERA_HEIGHT_ATTITUDE;MISSING_CAMERA_RADAR_R_T;MISSING_GROUND_PLANE;MISSING_RUNTIME_FOOTPOINT_INTERVAL,"[[-44.11943308520742, -26.69546945427581]]",17.42396363093161,THETA_X_FULL_RADIAL_FALLBACK,0.0,20.0,2,2,NOT_A_RANGE_CONTRACTION_RESULT_FALLBACK_ONLY,False,False
R03ZF,464,R03ZF_I01_T0004,R03ZF_SARF000464__CAUSAL_REPLAY__R03ZF_I01_T0004,FOOTPOINT_UNAVAILABLE,RANGE_UNAVAILABLE,,,,PERSON_C0_CALIBRATION_ASSET_RECOVERY_AUDIT,CALIBRATION_ASSETS_INSUFFICIENT_FOR_RUNTIME_RANGE_PROTOTYPE,MISSING_PERSON_CAMERA_K;MISSING_CAMERA_HEIGHT_ATTITUDE;MISSING_CAMERA_RADAR_R_T;MISSING_GROUND_PLANE;MISSING_RUNTIME_FOOTPOINT_INTERVAL,"[[-44.11943308520742, -26.11919714138297]]",18.00023594382445,THETA_X_FULL_RADIAL_FALLBACK,0.0,20.0,4,4,NOT_A_RANGE_CONTRACTION_RESULT_FALLBACK_ONLY,False,False
R03ZF,465,R03ZF_I01_T0004,R03ZF_SARF000465__CAUSAL_REPLAY__R03ZF_I01_T0004,FOOTPOINT_UNAVAILABLE,RANGE_UNAVAILABLE,,,,PERSON_C0_CALIBRATION_ASSET_RECOVERY_AUDIT,CALIBRATION_ASSETS_INSUFFICIENT_FOR_RUNTIME_RANGE_PROTOTYPE,MISSING_PERSON_CAMERA_K;MISSING_CAMERA_HEIGHT_ATTITUDE;MISSING_CAMERA_RADAR_R_T;MISSING_GROUND_PLANE;MISSING_RUNTIME_FOOTPOINT_INTERVAL,"[[-43.56413386916573, -25.596407730919047]]",17.967726138246682,THETA_X_FULL_RADIAL_FALLBACK,0.0,20.0,4,4,NOT_A_RANGE_CONTRACTION_RESULT_FALLBACK_ONLY,False,False
R03ZF,466,R03ZF_I01_T0004,R03ZF_SARF000466__CAUSAL_REPLAY__R03ZF_I01_T0004,FOOTPOINT_UNAVAILABLE,RANGE_UNAVAILABLE,,,,PERSON_C0_CALIBRATION_ASSET_RECOVERY_AUDIT,CALIBRATION_ASSETS_INSUFFICIENT_FOR_RUNTIME_RANGE_PROTOTYPE,MISSING_PERSON_CAMERA_K;MISSING_CAMERA_HEIGHT_ATTITUDE;MISSING_CAMERA_RADAR_R_T;MISSING_GROUND_PLANE;MISSING_RUNTIME_FOOTPOINT_INTERVAL,"[[-42.9437963254292, -25.596407730919047]]",17.34738859451015,THETA_X_FULL_RADIAL_FALLBACK,0.0,20.0,1,1,NOT_A_RANGE_CONTRACTION_RESULT_FALLBACK_ONLY,False,False
R03ZF,467,R03ZF_I01_T0004,R03ZF_SARF000467__CAUSAL_REPLAY__R03ZF_I01_T0004,FOOTPOINT_UNAVAILABLE,RANGE_UNAVAILABLE,,,,PERSON_C0_CALIBRATION_ASSET_RECOVERY_AUDIT,CALIBRATION_ASSETS_INSUFFICIENT_FOR_RUNTIME_RANGE_PROTOTYPE,MISSING_PERSON_CAMERA_K;MISSING_CAMERA_HEIGHT_ATTITUDE;MISSING_CAMERA_RADAR_R_T;MISSING_GROUND_PLANE;MISSING_RUNTIME_FOOTPOINT_INTERVAL,"[[-42.9437963254292, -25.079072969439892]]",17.864723355989305,THETA_X_FULL_RADIAL_FALLBACK,0.0,20.0,5,5,NOT_A_RANGE_CONTRACTION_RESULT_FALLBACK_ONLY,False,False
R03ZF,468,R03ZF_I01_T0004,R03ZF_SARF000468__CAUSAL_REPLAY__R03ZF_I01_T0004,FOOTPOINT_UNAVAILABLE,RANGE_UNAVAILABLE,,,,PERSON_C0_CALIBRATION_ASSET_RECOVERY_AUDIT,CALIBRATION_ASSETS_INSUFFICIENT_FOR_RUNTIME_RANGE_PROTOTYPE,MISSING_PERSON_CAMERA_K;MISSING_CAMERA_HEIGHT_ATTITUDE;MISSING_CAMERA_RADAR_R_T;MISSING_GROUND_PLANE;MISSING_RUNTIME_FOOTPOINT_INTERVAL,"[[-42.37651527265783, -25.079072969439892]]",17.297442303217935,THETA_X_FULL_RADIAL_FALLBACK,0.0,20.0,4,4,NOT_A_RANGE_CONTRACTION_RESULT_FALLBACK_ONLY,False,False
R03ZF,469,R03ZF_I01_T0004,R03ZF_SARF000469__CAUSAL_REPLAY__R03ZF_I01_T0004,FOOTPOINT_UNAVAILABLE,RANGE_UNAVAILABLE,,,,PERSON_C0_CALIBRATION_ASSET_RECOVERY_AUDIT,CALIBRATION_ASSETS_INSUFFICIENT_FOR_RUNTIME_RANGE_PROTOTYPE,MISSING_PERSON_CAMERA_K;MISSING_CAMERA_HEIGHT_ATTITUDE;MISSING_CAMERA_RADAR_R_T;MISSING_GROUND_PLANE;MISSING_RUNTIME_FOOTPOINT_INTERVAL,"[[-42.37651527265783, -24.498521894147355]]",17.87799337851047,THETA_X_FULL_RADIAL_FALLBACK,0.0,20.0,3,3,NOT_A_RANGE_CONTRACTION_RESULT_FALLBACK_ONLY,False,False
R03ZF,470,R03ZF_I01_T0004,R03ZF_SARF000470__CAUSAL_REPLAY__R03ZF_I01_T0004,FOOTPOINT_UNAVAILABLE,RANGE_UNAVAILABLE,,,,PERSON_C0_CALIBRATION_ASSET_RECOVERY_AUDIT,CALIBRATION_ASSETS_INSUFFICIENT_FOR_RUNTIME_RANGE_PROTOTYPE,MISSING_PERSON_CAMERA_K;MISSING_CAMERA_HEIGHT_ATTITUDE;MISSING_CAMERA_RADAR_R_T;MISSING_GROUND_PLANE;MISSING_RUNTIME_FOOTPOINT_INTERVAL,"[[-41.76347148079562, -24.135312092800184]]",17.62815938799544,THETA_X_FULL_RADIAL_FALLBACK,0.0,20.0,1,1,NOT_A_RANGE_CONTRACTION_RESULT_FALLBACK_ONLY,False,False
R03ZF,471,R03ZF_I01_T0004,R03ZF_SARF000471__CAUSAL_REPLAY__R03ZF_I01_T0004,FOOTPOINT_UNAVAILABLE,RANGE_UNAVAILABLE,,,,PERSON_C0_CALIBRATION_ASSET_RECOVERY_AUDIT,CALIBRATION_ASSETS_INSUFFICIENT_FOR_RUNTIME_RANGE_PROTOTYPE,MISSING_PERSON_CAMERA_K;MISSING_CAMERA_HEIGHT_ATTITUDE;MISSING_CAMERA_RADAR_R_T;MISSING_GROUND_PLANE;MISSING_RUNTIME_FOOTPOINT_INTERVAL,"[[-41.179443199014614, -24.135312092800184]]",17.04413110621443,THETA_X_FULL_RADIAL_FALLBACK,0.0,20.0,6,6,NOT_A_RANGE_CONTRACTION_RESULT_FALLBACK_ONLY,False,False
R03ZF,472,R03ZF_I01_T0004,R03ZF_SARF000472__CAUSAL_REPLAY__R03ZF_I01_T0004,FOOTPOINT_UNAVAILABLE,RANGE_UNAVAILABLE,,,,PERSON_C0_CALIBRATION_ASSET_RECOVERY_AUDIT,CALIBRATION_ASSETS_INSUFFICIENT_FOR_RUNTIME_RANGE_PROTOTYPE,MISSING_PERSON_CAMERA_K;MISSING_CAMERA_HEIGHT_ATTITUDE;MISSING_CAMERA_RADAR_R_T;MISSING_GROUND_PLANE;MISSING_RUNTIME_FOOTPOINT_INTERVAL,"[[-41.179443199014614, -23.457026532658364]]",17.72241666635625,THETA_X_FULL_RADIAL_FALLBACK,0.0,20.0,4,4,NOT_A_RANGE_CONTRACTION_RESULT_FALLBACK_ONLY,False,False
R03ZF,473,R03ZF_I01_T0004,R03ZF_SARF000473__CAUSAL_REPLAY__R03ZF_I01_T0004,FOOTPOINT_UNAVAILABLE,RANGE_UNAVAILABLE,,,,PERSON_C0_CALIBRATION_ASSET_RECOVERY_AUDIT,CALIBRATION_ASSETS_INSUFFICIENT_FOR_RUNTIME_RANGE_PROTOTYPE,MISSING_PERSON_CAMERA_K;MISSING_CAMERA_HEIGHT_ATTITUDE;MISSING_CAMERA_RADAR_R_T;MISSING_GROUND_PLANE;MISSING_RUNTIME_FOOTPOINT_INTERVAL,"[[-40.59805476227413, -23.457026532658364]]",17.141028229615767,THETA_X_FULL_RADIAL_FALLBACK,0.0,20.0,3,3,NOT_A_RANGE_CONTRACTION_RESULT_FALLBACK_ONLY,False,False
R03ZF,474,R03ZF_I01_T0004,R03ZF_SARF000474__CAUSAL_REPLAY__R03ZF_I01_T0004,FOOTPOINT_UNAVAILABLE,RANGE_UNAVAILABLE,,,,PERSON_C0_CALIBRATION_ASSET_RECOVERY_AUDIT,CALIBRATION_ASSETS_INSUFFICIENT_FOR_RUNTIME_RANGE_PROTOTYPE,MISSING_PERSON_CAMERA_K;MISSING_CAMERA_HEIGHT_ATTITUDE;MISSING_CAMERA_RADAR_R_T;MISSING_GROUND_PLANE;MISSING_RUNTIME_FOOTPOINT_INTERVAL,"[[-40.59805476227413, -22.807380524395363]]",17.79067423787877,THETA_X_FULL_RADIAL_FALLBACK,0.0,20.0,2,2,NOT_A_RANGE_CONTRACTION_RESULT_FALLBACK_ONLY,False,False
R03ZF,475,R03ZF_I01_T0004,R03ZF_SARF000475__CAUSAL_REPLAY__R03ZF_I01_T0004,FOOTPOINT_UNAVAILABLE,RANGE_UNAVAILABLE,,,,PERSON_C0_CALIBRATION_ASSET_RECOVERY_AUDIT,CALIBRATION_ASSETS_INSUFFICIENT_FOR_RUNTIME_RANGE_PROTOTYPE,MISSING_PERSON_CAMERA_K;MISSING_CAMERA_HEIGHT_ATTITUDE;MISSING_CAMERA_RADAR_R_T;MISSING_GROUND_PLANE;MISSING_RUNTIME_FOOTPOINT_INTERVAL,"[[-40.01238512185051, -22.39654772324505]]",17.615837398605457,THETA_X_FULL_RADIAL_FALLBACK,0.0,20.0,5,5,NOT_A_RANGE_CONTRACTION_RESULT_FALLBACK_ONLY,False,False
R03ZF,476,R03ZF_I01_T0004,R03ZF_SARF000476__CAUSAL_REPLAY__R03ZF_I01_T0004,FOOTPOINT_UNAVAILABLE,RANGE_UNAVAILABLE,,,,PERSON_C0_CALIBRATION_ASSET_RECOVERY_AUDIT,CALIBRATION_ASSETS_INSUFFICIENT_FOR_RUNTIME_RANGE_PROTOTYPE,MISSING_PERSON_CAMERA_K;MISSING_CAMERA_HEIGHT_ATTITUDE;MISSING_CAMERA_RADAR_R_T;MISSING_GROUND_PLANE;MISSING_RUNTIME_FOOTPOINT_INTERVAL,"[[-39.48275603889951, -22.39654772324505]]",17.08620831565446,THETA_X_FULL_RADIAL_FALLBACK,0.0,20.0,7,7,NOT_A_RANGE_CONTRACTION_RESULT_FALLBACK_ONLY,False,False
R03ZF,477,R03ZF_I01_T0004,R03ZF_SARF000477__CAUSAL_REPLAY__R03ZF_I01_T0004,FOOTPOINT_UNAVAILABLE,RANGE_UNAVAILABLE,,,,PERSON_C0_CALIBRATION_ASSET_RECOVERY_AUDIT,CALIBRATION_ASSETS_INSUFFICIENT_FOR_RUNTIME_RANGE_PROTOTYPE,MISSING_PERSON_CAMERA_K;MISSING_CAMERA_HEIGHT_ATTITUDE;MISSING_CAMERA_RADAR_R_T;MISSING_GROUND_PLANE;MISSING_RUNTIME_FOOTPOINT_INTERVAL,"[[-39.48275603889951, -21.861658480512553]]",17.621097558386957,THETA_X_FULL_RADIAL_FALLBACK,0.0,20.0,8,8,NOT_A_RANGE_CONTRACTION_RESULT_FALLBACK_ONLY,False,False
R03ZF,478,R03ZF_I01_T0004,R03ZF_SARF000478__CAUSAL_REPLAY__R03ZF_I01_T0004,FOOTPOINT_UNAVAILABLE,RANGE_UNAVAILABLE,,,,PERSON_C0_CALIBRATION_ASSET_RECOVERY_AUDIT,CALIBRATION_ASSETS_INSUFFICIENT_FOR_RUNTIME_RANGE_PROTOTYPE,MISSING_PERSON_CAMERA_K;MISSING_CAMERA_HEIGHT_ATTITUDE;MISSING_CAMERA_RADAR_R_T;MISSING_GROUND_PLANE;MISSING_RUNTIME_FOOTPOINT_INTERVAL,"[[-38.908836312937055, -21.861658480512553]]",17.047177832424502,THETA_X_FULL_RADIAL_FALLBACK,0.0,20.0,6,6,NOT_A_RANGE_CONTRACTION_RESULT_FALLBACK_ONLY,False,False
R03ZF,479,R03ZF_I01_T0004,R03ZF_SARF000479__CAUSAL_REPLAY__R03ZF_I01_T0004,FOOTPOINT_UNAVAILABLE,RANGE_UNAVAILABLE,,,,PERSON_C0_CALIBRATION_ASSET_RECOVERY_AUDIT,CALIBRATION_ASSETS_INSUFFICIENT_FOR_RUNTIME_RANGE_PROTOTYPE,MISSING_PERSON_CAMERA_K;MISSING_CAMERA_HEIGHT_ATTITUDE;MISSING_CAMERA_RADAR_R_T;MISSING_GROUND_PLANE;MISSING_RUNTIME_FOOTPOINT_INTERVAL,"[[-38.908836312937055, -21.137813621867338]]",17.771022691069717,THETA_X_FULL_RADIAL_FALLBACK,0.0,20.0,4,4,NOT_A_RANGE_CONTRACTION_RESULT_FALLBACK_ONLY,False,False
R03ZF,480,R03ZF_I01_T0004,R03ZF_SARF000480__CAUSAL_REPLAY__R03ZF_I01_T0004,FOOTPOINT_UNAVAILABLE,RANGE_UNAVAILABLE,,,,PERSON_C0_CALIBRATION_ASSET_RECOVERY_AUDIT,CALIBRATION_ASSETS_INSUFFICIENT_FOR_RUNTIME_RANGE_PROTOTYPE,MISSING_PERSON_CAMERA_K;MISSING_CAMERA_HEIGHT_ATTITUDE;MISSING_CAMERA_RADAR_R_T;MISSING_GROUND_PLANE;MISSING_RUNTIME_FOOTPOINT_INTERVAL,"[[-38.32292417133489, -20.543330935274984]]",17.779593236059906,THETA_X_FULL_RADIAL_FALLBACK,0.0,20.0,6,6,NOT_A_RANGE_CONTRACTION_RESULT_FALLBACK_ONLY,False,False
R03ZF,481,R03ZF_I01_T0004,R03ZF_SARF000481__CAUSAL_REPLAY__R03ZF_I01_T0004,FOOTPOINT_UNAVAILABLE,RANGE_UNAVAILABLE,,,,PERSON_C0_CALIBRATION_ASSET_RECOVERY_AUDIT,CALIBRATION_ASSETS_INSUFFICIENT_FOR_RUNTIME_RANGE_PROTOTYPE,MISSING_PERSON_CAMERA_K;MISSING_CAMERA_HEIGHT_ATTITUDE;MISSING_CAMERA_RADAR_R_T;MISSING_GROUND_PLANE;MISSING_RUNTIME_FOOTPOINT_INTERVAL,"[[-37.76760542499632, -20.543330935274984]]",17.224274489721335,THETA_X_FULL_RADIAL_FALLBACK,0.0,20.0,5,5,NOT_A_RANGE_CONTRACTION_RESULT_FALLBACK_ONLY,False,False
R03ZF,482,R03ZF_I01_T0004,R03ZF_SARF000482__CAUSAL_REPLAY__R03ZF_I01_T0004,FOOTPOINT_UNAVAILABLE,RANGE_UNAVAILABLE,,,,PERSON_C0_CALIBRATION_ASSET_RECOVERY_AUDIT,CALIBRATION_ASSETS_INSUFFICIENT_FOR_RUNTIME_RANGE_PROTOTYPE,MISSING_PERSON_CAMERA_K;MISSING_CAMERA_HEIGHT_ATTITUDE;MISSING_CAMERA_RADAR_R_T;MISSING_GROUND_PLANE;MISSING_RUNTIME_FOOTPOINT_INTERVAL,"[[-37.76760542499632, -20.015145466719634]]",17.752459958276685,THETA_X_FULL_RADIAL_FALLBACK,0.0,20.0,5,5,NOT_A_RANGE_CONTRACTION_RESULT_FALLBACK_ONLY,False,False
R03ZF,483,R03ZF_I01_T0004,R03ZF_SARF000483__CAUSAL_REPLAY__R03ZF_I01_T0004,FOOTPOINT_UNAVAILABLE,RANGE_UNAVAILABLE,,,,PERSON_C0_CALIBRATION_ASSET_RECOVERY_AUDIT,CALIBRATION_ASSETS_INSUFFICIENT_FOR_RUNTIME_RANGE_PROTOTYPE,MISSING_PERSON_CAMERA_K;MISSING_CAMERA_HEIGHT_ATTITUDE;MISSING_CAMERA_RADAR_R_T;MISSING_GROUND_PLANE;MISSING_RUNTIME_FOOTPOINT_INTERVAL,"[[-37.146895178106455, -20.015145466719634]]",17.13174971138682,THETA_X_FULL_RADIAL_FALLBACK,0.0,20.0,6,6,NOT_A_RANGE_CONTRACTION_RESULT_FALLBACK_ONLY,False,False
R03ZF,484,R03ZF_I01_T0004,R03ZF_SARF000484__CAUSAL_REPLAY__R03ZF_I01_T0004,FOOTPOINT_UNAVAILABLE,RANGE_UNAVAILABLE,,,,PERSON_C0_CALIBRATION_ASSET_RECOVERY_AUDIT,CALIBRATION_ASSETS_INSUFFICIENT_FOR_RUNTIME_RANGE_PROTOTYPE,MISSING_PERSON_CAMERA_K;MISSING_CAMERA_HEIGHT_ATTITUDE;MISSING_CAMERA_RADAR_R_T;MISSING_GROUND_PLANE;MISSING_RUNTIME_FOOTPOINT_INTERVAL,"[[-37.146895178106455, -19.516255442491936]]",17.63063973561452,THETA_X_FULL_RADIAL_FALLBACK,0.0,20.0,5,5,NOT_A_RANGE_CONTRACTION_RESULT_FALLBACK_ONLY,False,False
R03ZF,485,R03ZF_I01_T0004,R03ZF_SARF000485__CAUSAL_REPLAY__R03ZF_I01_T0004,FOOTPOINT_UNAVAILABLE,RANGE_UNAVAILABLE,,,,PERSON_C0_CALIBRATION_ASSET_RECOVERY_AUDIT,CALIBRATION_ASSETS_INSUFFICIENT_FOR_RUNTIME_RANGE_PROTOTYPE,MISSING_PERSON_CAMERA_K;MISSING_CAMERA_HEIGHT_ATTITUDE;MISSING_CAMERA_RADAR_R_T;MISSING_GROUND_PLANE;MISSING_RUNTIME_FOOTPOINT_INTERVAL,"[[-36.560734025227674, -18.940279339090736]]",17.620454686136938,THETA_X_FULL_RADIAL_FALLBACK,0.0,20.0,4,4,NOT_A_RANGE_CONTRACTION_RESULT_FALLBACK_ONLY,False,False
R03ZF,486,R03ZF_I01_T0004,R03ZF_SARF000486__CAUSAL_REPLAY__R03ZF_I01_T0004,FOOTPOINT_UNAVAILABLE,RANGE_UNAVAILABLE,,,,PERSON_C0_CALIBRATION_ASSET_RECOVERY_AUDIT,CALIBRATION_ASSETS_INSUFFICIENT_FOR_RUNTIME_RANGE_PROTOTYPE,MISSING_PERSON_CAMERA_K;MISSING_CAMERA_HEIGHT_ATTITUDE;MISSING_CAMERA_RADAR_R_T;MISSING_GROUND_PLANE;MISSING_RUNTIME_FOOTPOINT_INTERVAL,"[[-36.0033279784805, -18.940279339090736]]",17.063048639389763,THETA_X_FULL_RADIAL_FALLBACK,0.0,20.0,5,5,NOT_A_RANGE_CONTRACTION_RESULT_FALLBACK_ONLY,False,False
R03ZF,487,R03ZF_I01_T0004,R03ZF_SARF000487__CAUSAL_REPLAY__R03ZF_I01_T0004,FOOTPOINT_UNAVAILABLE,RANGE_UNAVAILABLE,,,,PERSON_C0_CALIBRATION_ASSET_RECOVERY_AUDIT,CALIBRATION_ASSETS_INSUFFICIENT_FOR_RUNTIME_RANGE_PROTOTYPE,MISSING_PERSON_CAMERA_K;MISSING_CAMERA_HEIGHT_ATTITUDE;MISSING_CAMERA_RADAR_R_T;MISSING_GROUND_PLANE;MISSING_RUNTIME_FOOTPOINT_INTERVAL,"[[-36.0033279784805, -18.31973184466869]]",17.683596133811808,THETA_X_FULL_RADIAL_FALLBACK,0.0,20.0,3,3,NOT_A_RANGE_CONTRACTION_RESULT_FALLBACK_ONLY,False,False
R03ZF,488,R03ZF_I01_T0004,R03ZF_SARF000488__CAUSAL_REPLAY__R03ZF_I01_T0004,FOOTPOINT_UNAVAILABLE,RANGE_UNAVAILABLE,,,,PERSON_C0_CALIBRATION_ASSET_RECOVERY_AUDIT,CALIBRATION_ASSETS_INSUFFICIENT_FOR_RUNTIME_RANGE_PROTOTYPE,MISSING_PERSON_CAMERA_K;MISSING_CAMERA_HEIGHT_ATTITUDE;MISSING_CAMERA_RADAR_R_T;MISSING_GROUND_PLANE;MISSING_RUNTIME_FOOTPOINT_INTERVAL,"[[-35.44475336900926, -18.31973184466869]]",17.12502152434057,THETA_X_FULL_RADIAL_FALLBACK,0.0,20.0,4,4,NOT_A_RANGE_CONTRACTION_RESULT_FALLBACK_ONLY,False,False
R03ZF,489,R03ZF_I01_T0004,R03ZF_SARF000489__CAUSAL_REPLAY__R03ZF_I01_T0004,FOOTPOINT_UNAVAILABLE,RANGE_UNAVAILABLE,,,,PERSON_C0_CALIBRATION_ASSET_RECOVERY_AUDIT,CALIBRATION_ASSETS_INSUFFICIENT_FOR_RUNTIME_RANGE_PROTOTYPE,MISSING_PERSON_CAMERA_K;MISSING_CAMERA_HEIGHT_ATTITUDE;MISSING_CAMERA_RADAR_R_T;MISSING_GROUND_PLANE;MISSING_RUNTIME_FOOTPOINT_INTERVAL,"[[-35.44475336900926, -17.83026193331769]]",17.614491435691573,THETA_X_FULL_RADIAL_FALLBACK,0.0,20.0,6,6,NOT_A_RANGE_CONTRACTION_RESULT_FALLBACK_ONLY,False,False
R03ZF,490,R03ZF_I01_T0004,R03ZF_SARF000490__CAUSAL_REPLAY__R03ZF_I01_T0004,FOOTPOINT_UNAVAILABLE,RANGE_UNAVAILABLE,,,,PERSON_C0_CALIBRATION_ASSET_RECOVERY_AUDIT,CALIBRATION_ASSETS_INSUFFICIENT_FOR_RUNTIME_RANGE_PROTOTYPE,MISSING_PERSON_CAMERA_K;MISSING_CAMERA_HEIGHT_ATTITUDE;MISSING_CAMERA_RADAR_R_T;MISSING_GROUND_PLANE;MISSING_RUNTIME_FOOTPOINT_INTERVAL,"[[-34.895457277766965, -17.267498075309927]]",17.62795920245704,THETA_X_FULL_RADIAL_FALLBACK,0.0,20.0,7,7,NOT_A_RANGE_CONTRACTION_RESULT_FALLBACK_ONLY,False,False
R03ZF,491,R03ZF_I01_T0004,R03ZF_SARF000491__CAUSAL_REPLAY__R03ZF_I01_T0004,FOOTPOINT_UNAVAILABLE,RANGE_UNAVAILABLE,,,,PERSON_C0_CALIBRATION_ASSET_RECOVERY_AUDIT,CALIBRATION_ASSETS_INSUFFICIENT_FOR_RUNTIME_RANGE_PROTOTYPE,MISSING_PERSON_CAMERA_K;MISSING_CAMERA_HEIGHT_ATTITUDE;MISSING_CAMERA_RADAR_R_T;MISSING_GROUND_PLANE;MISSING_RUNTIME_FOOTPOINT_INTERVAL,"[[-34.326896176830694, -17.267498075309927]]",17.059398101520767,THETA_X_FULL_RADIAL_FALLBACK,0.0,20.0,6,6,NOT_A_RANGE_CONTRACTION_RESULT_FALLBACK_ONLY,False,False
R03ZF,492,R03ZF_I01_T0004,R03ZF_SARF000492__CAUSAL_REPLAY__R03ZF_I01_T0004,FOOTPOINT_UNAVAILABLE,RANGE_UNAVAILABLE,,,,PERSON_C0_CALIBRATION_ASSET_RECOVERY_AUDIT,CALIBRATION_ASSETS_INSUFFICIENT_FOR_RUNTIME_RANGE_PROTOTYPE,MISSING_PERSON_CAMERA_K;MISSING_CAMERA_HEIGHT_ATTITUDE;MISSING_CAMERA_RADAR_R_T;MISSING_GROUND_PLANE;MISSING_RUNTIME_FOOTPOINT_INTERVAL,"[[-34.326896176830694, -16.674019571445303]]",17.65287660538539,THETA_X_FULL_RADIAL_FALLBACK,0.0,20.0,6,6,NOT_A_RANGE_CONTRACTION_RESULT_FALLBACK_ONLY,False,False
R03ZF,493,R03ZF_I01_T0004,R03ZF_SARF000493__CAUSAL_REPLAY__R03ZF_I01_T0004,FOOTPOINT_UNAVAILABLE,RANGE_UNAVAILABLE,,,,PERSON_C0_CALIBRATION_ASSET_RECOVERY_AUDIT,CALIBRATION_ASSETS_INSUFFICIENT_FOR_RUNTIME_RANGE_PROTOTYPE,MISSING_PERSON_CAMERA_K;MISSING_CAMERA_HEIGHT_ATTITUDE;MISSING_CAMERA_RADAR_R_T;MISSING_GROUND_PLANE;MISSING_RUNTIME_FOOTPOINT_INTERVAL,"[[-33.726736684137514, -16.674019571445303]]",17.05271711269221,THETA_X_FULL_RADIAL_FALLBACK,0.0,20.0,4,4,NOT_A_RANGE_CONTRACTION_RESULT_FALLBACK_ONLY,False,False
R03ZF,494,R03ZF_I01_T0004,R03ZF_SARF000494__CAUSAL_REPLAY__R03ZF_I01_T0004,FOOTPOINT_UNAVAILABLE,RANGE_UNAVAILABLE,,,,PERSON_C0_CALIBRATION_ASSET_RECOVERY_AUDIT,CALIBRATION_ASSETS_INSUFFICIENT_FOR_RUNTIME_RANGE_PROTOTYPE,MISSING_PERSON_CAMERA_K;MISSING_CAMERA_HEIGHT_ATTITUDE;MISSING_CAMERA_RADAR_R_T;MISSING_GROUND_PLANE;MISSING_RUNTIME_FOOTPOINT_INTERVAL,"[[-33.726736684137514, -16.16167154559925]]",17.565065138538262,THETA_X_FULL_RADIAL_FALLBACK,0.0,20.0,7,7,NOT_A_RANGE_CONTRACTION_RESULT_FALLBACK_ONLY,False,False
