run_id,modality,frame_index,timestamp_ms,image_path,width_px,height_px,sha256
R02ZF,SAR_PSEUDOCOLOR,0,0,C:\research_raw\optical_sar_data\20260721data\derived_frames\pseudocolor_labelstudio_prep_20260722\frames\sar_pseudocolor\R02ZF\frame_000000_t000000ms.jpg,1024,592,d5dea8e42bd7cec8afb4f02d608d5aba0cfa20c01975d2849888b6feea95b453
R02ZF,SAR_PSEUDOCOLOR,1,33,C:\research_raw\optical_sar_data\20260721data\derived_frames\pseudocolor_labelstudio_prep_20260722\frames\sar_pseudocolor\R02ZF\frame_000001_t000033ms.jpg,1024,592,0d7462efc5d5747bc0d9470aad833ed05b100f1c3b009df9a874a2b124b86442
R02ZF,SAR_PSEUDOCOLOR,2,67,C:\research_raw\optical_sar_data\20260721data\derived_frames\pseudocolor_labelstudio_prep_20260722\frames\sar_pseudocolor\R02ZF\frame_000002_t000067ms.jpg,1024,592,f24792d5a490e592513e5672afc30c30439a214e3df267f306d89c07587b3e91
R02ZF,SAR_PSEUDOCOLOR,3,100,C:\research_raw\optical_sar_data\20260721data\derived_frames\pseudocolor_labelstudio_prep_20260722\frames\sar_pseudocolor\R02ZF\frame_000003_t000100ms.jpg,1024,592,e5f5d7f4c25d2614c2ef17f19d05bd1a230b584ef889ed8fd9e9c22b2ce74f54
R02ZF,SAR_PSEUDOCOLOR,4,133,C:\research_raw\optical_sar_data\20260721data\derived_frames\pseudocolor_labelstudio_prep_20260722\frames\sar_pseudocolor\R02ZF\frame_000004_t000133ms.jpg,1024,592,9a240c23eedc15d83a2af9d9da28f733f10337b74b2a32693fec9df341dda42c
R02ZF,SAR_PSEUDOCOLOR,5,167,C:\research_raw\optical_sar_data\20260721data\derived_frames\pseudocolor_labelstudio_prep_20260722\frames\sar_pseudocolor\R02ZF\frame_000005_t000167ms.jpg,1024,592,18fed26b44f4ca0199eea958dd674b6e754310ed909d362e92989b3275e01e96
R02ZF,SAR_PSEUDOCOLOR,6,200,C:\research_raw\optical_sar_data\20260721data\derived_frames\pseudocolor_labelstudio_prep_20260722\frames\sar_pseudocolor\R02ZF\frame_000006_t000200ms.jpg,1024,592,14c494972b887cb19f617079231ae6e327116da8e7935852c894b7aa8535fec4
R02ZF,SAR_PSEUDOCOLOR,7,233,C:\research_raw\optical_sar_data\20260721data\derived_frames\pseudocolor_labelstudio_prep_20260722\frames\sar_pseudocolor\R02ZF\frame_000007_t000233ms.jpg,1024,592,8c8cbf1bd18fe1cfdbc3edaf6bda466a17dc2948f13cf6d1fa28fc618c7aeb4c
R02ZF,SAR_PSEUDOCOLOR,8,267,C:\research_raw\optical_sar_data\20260721data\derived_frames\pseudocolor_labelstudio_prep_20260722\frames\sar_pseudocolor\R02ZF\frame_000008_t000267ms.jpg,1024,592,11c3d4b662cd0cf519478820a9beb23372599a001adc520a70f396d58549bfbf
R02ZF,SAR_PSEUDOCOLOR,9,300,C:\research_raw\optical_sar_data\20260721data\derived_frames\pseudocolor_labelstudio_prep_20260722\frames\sar_pseudocolor\R02ZF\frame_000009_t000300ms.jpg,1024,592,ae32fa5a675be64bac06c2821418b6bebb259814f1414938878408134280c4f7
R02ZF,SAR_PSEUDOCOLOR,10,333,C:\research_raw\optical_sar_data\20260721data\derived_frames\pseudocolor_labelstudio_prep_20260722\frames\sar_pseudocolor\R02ZF\frame_000010_t000333ms.jpg,1024,592,485c26ba1701a5f58a5c907f9612217411a21b70f457111f42a51395c1b9bdeb
R02ZF,SAR_PSEUDOCOLOR,11,367,C:\research_raw\optical_sar_data\20260721data\derived_frames\pseudocolor_labelstudio_prep_20260722\frames\sar_pseudocolor\R02ZF\frame_000011_t000367ms.jpg,1024,592,4c54056d58da10dcb0f46b082f0f4b0b57654d15281bde26c6026e9da8ff8288
R02ZF,SAR_PSEUDOCOLOR,12,400,C:\research_raw\optical_sar_data\20260721data\derived_frames\pseudocolor_labelstudio_prep_20260722\frames\sar_pseudocolor\R02ZF\frame_000012_t000400ms.jpg,1024,592,4e47454a57261582c01504ebe4dd6e29b3cbdc7c7f862450c7b439114eb6b7e7
R02ZF,SAR_PSEUDOCOLOR,13,433,C:\research_raw\optical_sar_data\20260721data\derived_frames\pseudocolor_labelstudio_prep_20260722\frames\sar_pseudocolor\R02ZF\frame_000013_t000433ms.jpg,1024,592,a374c2f94d7361d61ed68bea1383e0f61202e004cd3d6f1b6c058297a2a424ca
R02ZF,SAR_PSEUDOCOLOR,14,467,C:\research_raw\optical_sar_data\20260721data\derived_frames\pseudocolor_labelstudio_prep_20260722\frames\sar_pseudocolor\R02ZF\frame_000014_t000467ms.jpg,1024,592,e4fbb7f55f0f5b1b54682a16deb7c46e442c5c38dd69d37881de27a1d195df67
R02ZF,SAR_PSEUDOCOLOR,15,500,C:\research_raw\optical_sar_data\20260721data\derived_frames\pseudocolor_labelstudio_prep_20260722\frames\sar_pseudocolor\R02ZF\frame_000015_t000500ms.jpg,1024,592,d10ce5f8f718491d6ee23eab67fbcc5960ab77037124481db8d58d0e60b17ff1
R02ZF,SAR_PSEUDOCOLOR,16,533,C:\research_raw\optical_sar_data\20260721data\derived_frames\pseudocolor_labelstudio_prep_20260722\frames\sar_pseudocolor\R02ZF\frame_000016_t000533ms.jpg,1024,592,d87fdff69f302eac30cddef2f557d589f18d6572d583bf5cd678737146593293
R02ZF,SAR_PSEUDOCOLOR,17,567,C:\research_raw\optical_sar_data\20260721data\derived_frames\pseudocolor_labelstudio_prep_20260722\frames\sar_pseudocolor\R02ZF\frame_000017_t000567ms.jpg,1024,592,975ff02e3a4b9fb9c030e9cc3d3715d0fba0363ac37b6cd12cf959c35d2086cf
R02ZF,SAR_PSEUDOCOLOR,18,600,C:\research_raw\optical_sar_data\20260721data\derived_frames\pseudocolor_labelstudio_prep_20260722\frames\sar_pseudocolor\R02ZF\frame_000018_t000600ms.jpg,1024,592,90eb31acbd050583d00449ab1304ab3343f57a8178ecf0d952a85b17adf7e1fc
R02ZF,SAR_PSEUDOCOLOR,19,633,C:\research_raw\optical_sar_data\20260721data\derived_frames\pseudocolor_labelstudio_prep_20260722\frames\sar_pseudocolor\R02ZF\frame_000019_t000633ms.jpg,1024,592,c7829d82d6526805e9c60a72aeafe4b2987006fde51204d1748fa34b38755023
R02ZF,SAR_PSEUDOCOLOR,20,667,C:\research_raw\optical_sar_data\20260721data\derived_frames\pseudocolor_labelstudio_prep_20260722\frames\sar_pseudocolor\R02ZF\frame_000020_t000667ms.jpg,1024,592,20f1d024ba22f9762c3208334cffc95a44d300d30b0422f47d0e625ac1843615
R02ZF,SAR_PSEUDOCOLOR,21,700,C:\research_raw\optical_sar_data\20260721data\derived_frames\pseudocolor_labelstudio_prep_20260722\frames\sar_pseudocolor\R02ZF\frame_000021_t000700ms.jpg,1024,592,462df188df84df93521d72577e506d7789596c238338a99a4c5b8f12066205f8
R02ZF,SAR_PSEUDOCOLOR,22,733,C:\research_raw\optical_sar_data\20260721data\derived_frames\pseudocolor_labelstudio_prep_20260722\frames\sar_pseudocolor\R02ZF\frame_000022_t000733ms.jpg,1024,592,671fd0be1bfda872f7c4b0b711b158e9f41d969815f4ec91ab092bfab19ee12a
R02ZF,SAR_PSEUDOCOLOR,23,767,C:\research_raw\optical_sar_data\20260721data\derived_frames\pseudocolor_labelstudio_prep_20260722\frames\sar_pseudocolor\R02ZF\frame_000023_t000767ms.jpg,1024,592,01ff0b245e530c2ef416d35c624054d3d1d2c2a5ab1e7685c648ee82ef54c217
R02ZF,SAR_PSEUDOCOLOR,24,800,C:\research_raw\optical_sar_data\20260721data\derived_frames\pseudocolor_labelstudio_prep_20260722\frames\sar_pseudocolor\R02ZF\frame_000024_t000800ms.jpg,1024,592,04d00dd8e8e528e1e32f6621187617ea1b3b862334ad08ea4f2a11d4ef01e386
R02ZF,SAR_PSEUDOCOLOR,25,833,C:\research_raw\optical_sar_data\20260721data\derived_frames\pseudocolor_labelstudio_prep_20260722\frames\sar_pseudocolor\R02ZF\frame_000025_t000833ms.jpg,1024,592,f7844976c656d33d4a09519932f3166f76155b32b6dd0820d1729e6a21a7cc03
R02ZF,SAR_PSEUDOCOLOR,26,867,C:\research_raw\optical_sar_data\20260721data\derived_frames\pseudocolor_labelstudio_prep_20260722\frames\sar_pseudocolor\R02ZF\frame_000026_t000867ms.jpg,1024,592,381705289ec2ff87ac792f1abd87cd070ce08af34ace7414b696d1a16b71b222
R02ZF,SAR_PSEUDOCOLOR,27,900,C:\research_raw\optical_sar_data\20260721data\derived_frames\pseudocolor_labelstudio_prep_20260722\frames\sar_pseudocolor\R02ZF\frame_000027_t000900ms.jpg,1024,592,d3b33fcd003392149c5b51bbacabc84465f8643a2dfa984aaf1611a573c1be32
R02ZF,SAR_PSEUDOCOLOR,28,933,C:\research_raw\optical_sar_data\20260721data\derived_frames\pseudocolor_labelstudio_prep_20260722\frames\sar_pseudocolor\R02ZF\frame_000028_t000933ms.jpg,1024,592,6d1cb0686b411e9723a467642a525af39071abef4c0edc3917c8420532edd7b8
R02ZF,SAR_PSEUDOCOLOR,29,967,C:\research_raw\optical_sar_data\20260721data\derived_frames\pseudocolor_labelstudio_prep_20260722\frames\sar_pseudocolor\R02ZF\frame_000029_t000967ms.jpg,1024,592,2b1f82b18cae8e58ca1b69beac74a6cc51e0ba83e6d6cf8f9b5e2c8cd7ce33ab
R02ZF,SAR_PSEUDOCOLOR,30,1000,C:\research_raw\optical_sar_data\20260721data\derived_frames\pseudocolor_labelstudio_prep_20260722\frames\sar_pseudocolor\R02ZF\frame_000030_t001000ms.jpg,1024,592,ac289c95fdb341d1687ebdf5ba1dfb22b4fef56b12f5debbdef3d1266c029ea5
R02ZF,SAR_PSEUDOCOLOR,31,1033,C:\research_raw\optical_sar_data\20260721data\derived_frames\pseudocolor_labelstudio_prep_20260722\frames\sar_pseudocolor\R02ZF\frame_000031_t001033ms.jpg,1024,592,955edb72d1da7856fa50c96f086499e5eeb7bbdf157848810ffe85950856651a
R02ZF,SAR_PSEUDOCOLOR,32,1067,C:\research_raw\optical_sar_data\20260721data\derived_frames\pseudocolor_labelstudio_prep_20260722\frames\sar_pseudocolor\R02ZF\frame_000032_t001067ms.jpg,1024,592,9003c8278f9495e98899452dbb6677118b5941082aca62ee3dda2777f6fee7d0
R02ZF,SAR_PSEUDOCOLOR,33,1100,C:\research_raw\optical_sar_data\20260721data\derived_frames\pseudocolor_labelstudio_prep_20260722\frames\sar_pseudocolor\R02ZF\frame_000033_t001100ms.jpg,1024,592,5c5b3cfbf5488e816dd77316690e77c70e4a8857bcdfb63e3ac1cd82e97ff9ac
R02ZF,SAR_PSEUDOCOLOR,34,1133,C:\research_raw\optical_sar_data\20260721data\derived_frames\pseudocolor_labelstudio_prep_20260722\frames\sar_pseudocolor\R02ZF\frame_000034_t001133ms.jpg,1024,592,d426b8c39b7489eb7801f8e9c6f64bf0248f6ab84fc73fd3340526492afdfb98
R02ZF,SAR_PSEUDOCOLOR,35,1167,C:\research_raw\optical_sar_data\20260721data\derived_frames\pseudocolor_labelstudio_prep_20260722\frames\sar_pseudocolor\R02ZF\frame_000035_t001167ms.jpg,1024,592,9c50ea71fbdf7df311b2c0c80a7f63a746024257d0460ddbee188eee5a8de105
R02ZF,SAR_PSEUDOCOLOR,36,1200,C:\research_raw\optical_sar_data\20260721data\derived_frames\pseudocolor_labelstudio_prep_20260722\frames\sar_pseudocolor\R02ZF\frame_000036_t001200ms.jpg,1024,592,bb031d5288db3e3f2707431a7a3335f0ba1d38d7d6a28fd910d4712f79f5695e
R02ZF,SAR_PSEUDOCOLOR,37,1233,C:\research_raw\optical_sar_data\20260721data\derived_frames\pseudocolor_labelstudio_prep_20260722\frames\sar_pseudocolor\R02ZF\frame_000037_t001233ms.jpg,1024,592,e5634c814df1ec91b59d6ffa4fa74dc9fd166d085a685c30d782c8b1f1968be5
R02ZF,SAR_PSEUDOCOLOR,38,1267,C:\research_raw\optical_sar_data\20260721data\derived_frames\pseudocolor_labelstudio_prep_20260722\frames\sar_pseudocolor\R02ZF\frame_000038_t001267ms.jpg,1024,592,95631103396d00506e6190265185e1329da441abb02821d2cf86ef40207fd375
R02ZF,SAR_PSEUDOCOLOR,39,1300,C:\research_raw\optical_sar_data\20260721data\derived_frames\pseudocolor_labelstudio_prep_20260722\frames\sar_pseudocolor\R02ZF\frame_000039_t001300ms.jpg,1024,592,2ac14f6dcbe201ef6ab12713b5e4b049fb39cb22c7b946bb48447e55093e70a8
R02ZF,SAR_PSEUDOCOLOR,40,1333,C:\research_raw\optical_sar_data\20260721data\derived_frames\pseudocolor_labelstudio_prep_20260722\frames\sar_pseudocolor\R02ZF\frame_000040_t001333ms.jpg,1024,592,1fe3ebfc5239f0d577933091237880f78884bfc5b70420daa5dbb4c37e04eff5
R02ZF,SAR_PSEUDOCOLOR,41,1367,C:\research_raw\optical_sar_data\20260721data\derived_frames\pseudocolor_labelstudio_prep_20260722\frames\sar_pseudocolor\R02ZF\frame_000041_t001367ms.jpg,1024,592,e646afc218ee58e6a73111d214612a90722586fd1f47779f22d4ee9d551e21f6
R02ZF,SAR_PSEUDOCOLOR,42,1400,C:\research_raw\optical_sar_data\20260721data\derived_frames\pseudocolor_labelstudio_prep_20260722\frames\sar_pseudocolor\R02ZF\frame_000042_t001400ms.jpg,1024,592,e0ef2194654407e237ef17c09fdcde1ed32bf086154d44084eb953108e0f8cbd
R02ZF,SAR_PSEUDOCOLOR,43,1433,C:\research_raw\optical_sar_data\20260721data\derived_frames\pseudocolor_labelstudio_prep_20260722\frames\sar_pseudocolor\R02ZF\frame_000043_t001433ms.jpg,1024,592,083360ebe6e9ed5937865fc3b55be1572140fb70ebf7d2d1f32c9d499d964c9b
R02ZF,SAR_PSEUDOCOLOR,44,1467,C:\research_raw\optical_sar_data\20260721data\derived_frames\pseudocolor_labelstudio_prep_20260722\frames\sar_pseudocolor\R02ZF\frame_000044_t001467ms.jpg,1024,592,5134a0ea4a3bf64b658612c2e9fcb0b361550cddf0a1e4cbe54195056889a71f
R02ZF,SAR_PSEUDOCOLOR,45,1500,C:\research_raw\optical_sar_data\20260721data\derived_frames\pseudocolor_labelstudio_prep_20260722\frames\sar_pseudocolor\R02ZF\frame_000045_t001500ms.jpg,1024,592,fde5f006f41a463d1468b67d26959000e2c6f5ddac9d265769694ed9b5c8bc78
R02ZF,SAR_PSEUDOCOLOR,46,1533,C:\research_raw\optical_sar_data\20260721data\derived_frames\pseudocolor_labelstudio_prep_20260722\frames\sar_pseudocolor\R02ZF\frame_000046_t001533ms.jpg,1024,592,00a352de22a7961a9bcb57bca9e9942bcef879cb5da68fbf7e9e333d2f3522c4
R02ZF,SAR_PSEUDOCOLOR,47,1567,C:\research_raw\optical_sar_data\20260721data\derived_frames\pseudocolor_labelstudio_prep_20260722\frames\sar_pseudocolor\R02ZF\frame_000047_t001567ms.jpg,1024,592,8cc838760143ebd464ce2b00ca702b519d83a979eefc1ac3910b55f2d6757b14
R02ZF,SAR_PSEUDOCOLOR,48,1600,C:\research_raw\optical_sar_data\20260721data\derived_frames\pseudocolor_labelstudio_prep_20260722\frames\sar_pseudocolor\R02ZF\frame_000048_t001600ms.jpg,1024,592,2d84048e646f5f050f5b3aefc5dde2fbb77519526c208d9bccda2aa3843d7a4a
R02ZF,SAR_PSEUDOCOLOR,49,1633,C:\research_raw\optical_sar_data\20260721data\derived_frames\pseudocolor_labelstudio_prep_20260722\frames\sar_pseudocolor\R02ZF\frame_000049_t001633ms.jpg,1024,592,fcc56306d7f10007b9e29c2cabf0a7dbc701a339e8d4197e20b50b1551e8bf89
R02ZF,SAR_PSEUDOCOLOR,50,1667,C:\research_raw\optical_sar_data\20260721data\derived_frames\pseudocolor_labelstudio_prep_20260722\frames\sar_pseudocolor\R02ZF\frame_000050_t001667ms.jpg,1024,592,65b72fd7420836d7c80f5cb00f66a749750efb1831e003a5f8dd0a4c6128ad35
R02ZF,SAR_PSEUDOCOLOR,51,1700,C:\research_raw\optical_sar_data\20260721data\derived_frames\pseudocolor_labelstudio_prep_20260722\frames\sar_pseudocolor\R02ZF\frame_000051_t001700ms.jpg,1024,592,400f827f95b286f0e6a3c734449b8be6ae7d88254b5e13d4d0ba7bb724442a8b
R02ZF,SAR_PSEUDOCOLOR,52,1733,C:\research_raw\optical_sar_data\20260721data\derived_frames\pseudocolor_labelstudio_prep_20260722\frames\sar_pseudocolor\R02ZF\frame_000052_t001733ms.jpg,1024,592,5ad84d7d07adc91db4727ee47642729ed568df83e313c9a834a1fcb69171aca7
R02ZF,SAR_PSEUDOCOLOR,53,1767,C:\research_raw\optical_sar_data\20260721data\derived_frames\pseudocolor_labelstudio_prep_20260722\frames\sar_pseudocolor\R02ZF\frame_000053_t001767ms.jpg,1024,592,b715214a329ec1bb9f8da57ad79e62e92cfa1e0a8ad2be8957c74573688a4178
R02ZF,SAR_PSEUDOCOLOR,54,1800,C:\research_raw\optical_sar_data\20260721data\derived_frames\pseudocolor_labelstudio_prep_20260722\frames\sar_pseudocolor\R02ZF\frame_000054_t001800ms.jpg,1024,592,b980c89ac6f3bc84f33c3a3d6728d16961fd4fba97f67a43ecf3486c9f8e5f11
R02ZF,SAR_PSEUDOCOLOR,55,1833,C:\research_raw\optical_sar_data\20260721data\derived_frames\pseudocolor_labelstudio_prep_20260722\frames\sar_pseudocolor\R02ZF\frame_000055_t001833ms.jpg,1024,592,3a106420e463f61d24f8939618575b49c0a87226b54c0a25f129a79eddc1f2ab
R02ZF,SAR_PSEUDOCOLOR,56,1867,C:\research_raw\optical_sar_data\20260721data\derived_frames\pseudocolor_labelstudio_prep_20260722\frames\sar_pseudocolor\R02ZF\frame_000056_t001867ms.jpg,1024,592,c186903d7fec38e7c43a4d0c498711f8931e804c644540e4dc6a336d36f98dcc
R02ZF,SAR_PSEUDOCOLOR,57,1900,C:\research_raw\optical_sar_data\20260721data\derived_frames\pseudocolor_labelstudio_prep_20260722\frames\sar_pseudocolor\R02ZF\frame_000057_t001900ms.jpg,1024,592,522254d6d9936ff556b68ae466639c81aaf9147d334da6f03206441f74751962
R02ZF,SAR_PSEUDOCOLOR,58,1933,C:\research_raw\optical_sar_data\20260721data\derived_frames\pseudocolor_labelstudio_prep_20260722\frames\sar_pseudocolor\R02ZF\frame_000058_t001933ms.jpg,1024,592,3d7b684b2bde71bee4348b8c8039439bcebdf1583c812b2accc3c32bddef9350
R02ZF,SAR_PSEUDOCOLOR,59,1967,C:\research_raw\optical_sar_data\20260721data\derived_frames\pseudocolor_labelstudio_prep_20260722\frames\sar_pseudocolor\R02ZF\frame_000059_t001967ms.jpg,1024,592,7fa8d2af7e800e7ecdc872d2650e8e982375476f45c12d646a68c474a7fabcf0
R02ZF,SAR_PSEUDOCOLOR,60,2000,C:\research_raw\optical_sar_data\20260721data\derived_frames\pseudocolor_labelstudio_prep_20260722\frames\sar_pseudocolor\R02ZF\frame_000060_t002000ms.jpg,1024,592,98345b69f3bff9850663e6d73d4ce6d5884a551151f90cbc5353dc34ca72aca4
R02ZF,SAR_PSEUDOCOLOR,61,2033,C:\research_raw\optical_sar_data\20260721data\derived_frames\pseudocolor_labelstudio_prep_20260722\frames\sar_pseudocolor\R02ZF\frame_000061_t002033ms.jpg,1024,592,6af3d908834a10383cb25502906cbd9c0a794624fe69597ea7cdb9fbcdea1740
R02ZF,SAR_PSEUDOCOLOR,62,2067,C:\research_raw\optical_sar_data\20260721data\derived_frames\pseudocolor_labelstudio_prep_20260722\frames\sar_pseudocolor\R02ZF\frame_000062_t002067ms.jpg,1024,592,054ac7fd1e07b1f4a69b11d1287cf577ea60707db035c8a864d8bb86920d3520
R02ZF,SAR_PSEUDOCOLOR,63,2100,C:\research_raw\optical_sar_data\20260721data\derived_frames\pseudocolor_labelstudio_prep_20260722\frames\sar_pseudocolor\R02ZF\frame_000063_t002100ms.jpg,1024,592,2c82bb5c32aa07edf29bc049b48a43a3389fb5dc2aa312d4c7bdfd77a958f863
R02ZF,SAR_PSEUDOCOLOR,64,2133,C:\research_raw\optical_sar_data\20260721data\derived_frames\pseudocolor_labelstudio_prep_20260722\frames\sar_pseudocolor\R02ZF\frame_000064_t002133ms.jpg,1024,592,428135cd6d3421fded584239b5e4a5e76d116593306442fb178d42e2e95aea53
R02ZF,SAR_PSEUDOCOLOR,65,2167,C:\research_raw\optical_sar_data\20260721data\derived_frames\pseudocolor_labelstudio_prep_20260722\frames\sar_pseudocolor\R02ZF\frame_000065_t002167ms.jpg,1024,592,4e89acf4d9668f3ee5f70d5ccedcba6abe7483fb511d8569821371963b90f1e6
R02ZF,SAR_PSEUDOCOLOR,66,2200,C:\research_raw\optical_sar_data\20260721data\derived_frames\pseudocolor_labelstudio_prep_20260722\frames\sar_pseudocolor\R02ZF\frame_000066_t002200ms.jpg,1024,592,1f59a6450c8b1575169503e70fa1cf1b3dd33287bbae34c6ac98c0fd7a07fa81
R02ZF,SAR_PSEUDOCOLOR,67,2233,C:\research_raw\optical_sar_data\20260721data\derived_frames\pseudocolor_labelstudio_prep_20260722\frames\sar_pseudocolor\R02ZF\frame_000067_t002233ms.jpg,1024,592,148d14ee4320f2fbcf141f06e9de13ac4a96b63da5f9e5013c800888d0c2dc74
R02ZF,SAR_PSEUDOCOLOR,68,2267,C:\research_raw\optical_sar_data\20260721data\derived_frames\pseudocolor_labelstudio_prep_20260722\frames\sar_pseudocolor\R02ZF\frame_000068_t002267ms.jpg,1024,592,3480e910d43504d658a80d4f4aa132da89d08a4863b6a40b64ed80433f9aa58c
R02ZF,SAR_PSEUDOCOLOR,69,2300,C:\research_raw\optical_sar_data\20260721data\derived_frames\pseudocolor_labelstudio_prep_20260722\frames\sar_pseudocolor\R02ZF\frame_000069_t002300ms.jpg,1024,592,1e986435144c98df1e66e99a05f1457b3a2328b7031ff4cb973d00ed0bef6fe6
R02ZF,SAR_PSEUDOCOLOR,70,2333,C:\research_raw\optical_sar_data\20260721data\derived_frames\pseudocolor_labelstudio_prep_20260722\frames\sar_pseudocolor\R02ZF\frame_000070_t002333ms.jpg,1024,592,774b0aec12868b5ea6e7d308b27c0dfab5828971f04943a2107b747f58d2bae7
R02ZF,SAR_PSEUDOCOLOR,71,2367,C:\research_raw\optical_sar_data\20260721data\derived_frames\pseudocolor_labelstudio_prep_20260722\frames\sar_pseudocolor\R02ZF\frame_000071_t002367ms.jpg,1024,592,00c02030e278acfb907fc9bf69adf84ce8c14f980467caefb558a17beead7a98
R02ZF,SAR_PSEUDOCOLOR,72,2400,C:\research_raw\optical_sar_data\20260721data\derived_frames\pseudocolor_labelstudio_prep_20260722\frames\sar_pseudocolor\R02ZF\frame_000072_t002400ms.jpg,1024,592,b623ea9c0f8be9b28c174b23c508bf792db62830e05bd3ac3476a98b8c0b649f
R02ZF,SAR_PSEUDOCOLOR,73,2433,C:\research_raw\optical_sar_data\20260721data\derived_frames\pseudocolor_labelstudio_prep_20260722\frames\sar_pseudocolor\R02ZF\frame_000073_t002433ms.jpg,1024,592,1e735c220f4d3e33ae02a2e8dd6fd30659c4594916ec0c2e054d62a337d12332
R02ZF,SAR_PSEUDOCOLOR,74,2467,C:\research_raw\optical_sar_data\20260721data\derived_frames\pseudocolor_labelstudio_prep_20260722\frames\sar_pseudocolor\R02ZF\frame_000074_t002467ms.jpg,1024,592,c8d5876261f6a6f542331ee78719bae1678cba0948eadf5848b92bc12e5e508f
R02ZF,SAR_PSEUDOCOLOR,75,2500,C:\research_raw\optical_sar_data\20260721data\derived_frames\pseudocolor_labelstudio_prep_20260722\frames\sar_pseudocolor\R02ZF\frame_000075_t002500ms.jpg,1024,592,ab9aae92635baab846d70360bc11c345dcdb0fa30e547cccdb1b62c98afbcbe9
R02ZF,SAR_PSEUDOCOLOR,76,2533,C:\research_raw\optical_sar_data\20260721data\derived_frames\pseudocolor_labelstudio_prep_20260722\frames\sar_pseudocolor\R02ZF\frame_000076_t002533ms.jpg,1024,592,a3e7ce77eeceae87bfb38e6e342e00403cc203738c73fda9adbc57d831d4c656
R02ZF,SAR_PSEUDOCOLOR,77,2567,C:\research_raw\optical_sar_data\20260721data\derived_frames\pseudocolor_labelstudio_prep_20260722\frames\sar_pseudocolor\R02ZF\frame_000077_t002567ms.jpg,1024,592,b39d725515fe712203097e0ea0dadb5342853c9750b987c54615619026323205
R02ZF,SAR_PSEUDOCOLOR,78,2600,C:\research_raw\optical_sar_data\20260721data\derived_frames\pseudocolor_labelstudio_prep_20260722\frames\sar_pseudocolor\R02ZF\frame_000078_t002600ms.jpg,1024,592,26812a4d61a2d26a17444c4c4f2e75bd5e2b2817913e628775c2547123ac4ee2
R02ZF,SAR_PSEUDOCOLOR,79,2633,C:\research_raw\optical_sar_data\20260721data\derived_frames\pseudocolor_labelstudio_prep_20260722\frames\sar_pseudocolor\R02ZF\frame_000079_t002633ms.jpg,1024,592,35167fe2f979bc824a614e651115af8f73fec6be71d4a372fe71fa86809ce9f8
R02ZF,SAR_PSEUDOCOLOR,80,2667,C:\research_raw\optical_sar_data\20260721data\derived_frames\pseudocolor_labelstudio_prep_20260722\frames\sar_pseudocolor\R02ZF\frame_000080_t002667ms.jpg,1024,592,a1097a21c9c97afc00f7e8f0ba2c07231e9be97e14f1afc5810d0a20a3ec2c5a
R02ZF,SAR_PSEUDOCOLOR,81,2700,C:\research_raw\optical_sar_data\20260721data\derived_frames\pseudocolor_labelstudio_prep_20260722\frames\sar_pseudocolor\R02ZF\frame_000081_t002700ms.jpg,1024,592,ea368e261040efbd22d83ad10a2b010abdeb8e4ce0313d92f751eb5cab5a95ac
R02ZF,SAR_PSEUDOCOLOR,82,2733,C:\research_raw\optical_sar_data\20260721data\derived_frames\pseudocolor_labelstudio_prep_20260722\frames\sar_pseudocolor\R02ZF\frame_000082_t002733ms.jpg,1024,592,afd6fabe52bc2c38abbd8163b3bf15f1d33250e49a500cc099c60e6299397088
R02ZF,SAR_PSEUDOCOLOR,83,2767,C:\research_raw\optical_sar_data\20260721data\derived_frames\pseudocolor_labelstudio_prep_20260722\frames\sar_pseudocolor\R02ZF\frame_000083_t002767ms.jpg,1024,592,dd4cf46669076cb5bcf7cbb1386627cbb627d81e70258170edae10149bdf0890
R02ZF,SAR_PSEUDOCOLOR,84,2800,C:\research_raw\optical_sar_data\20260721data\derived_frames\pseudocolor_labelstudio_prep_20260722\frames\sar_pseudocolor\R02ZF\frame_000084_t002800ms.jpg,1024,592,5b5c2b62a45d5fb72ee75c039ede4a90020106a648734bd9eab373c796f121a0
R02ZF,SAR_PSEUDOCOLOR,85,2833,C:\research_raw\optical_sar_data\20260721data\derived_frames\pseudocolor_labelstudio_prep_20260722\frames\sar_pseudocolor\R02ZF\frame_000085_t002833ms.jpg,1024,592,6627b8632c45f6a99ed5c273d1b6367bd8310f7dfdff2d3b445dbdf84d2a203f
R02ZF,SAR_PSEUDOCOLOR,86,2867,C:\research_raw\optical_sar_data\20260721data\derived_frames\pseudocolor_labelstudio_prep_20260722\frames\sar_pseudocolor\R02ZF\frame_000086_t002867ms.jpg,1024,592,e14147e21745923394e91da1cecbf06046ada77296cf5ec0e3fe66a4c3b9449d
R02ZF,SAR_PSEUDOCOLOR,87,2900,C:\research_raw\optical_sar_data\20260721data\derived_frames\pseudocolor_labelstudio_prep_20260722\frames\sar_pseudocolor\R02ZF\frame_000087_t002900ms.jpg,1024,592,0ad786fab0d137954e5ea6e01b8b8b9fabdc76f6dc65f64af49eea3200b014b4
R02ZF,SAR_PSEUDOCOLOR,88,2933,C:\research_raw\optical_sar_data\20260721data\derived_frames\pseudocolor_labelstudio_prep_20260722\frames\sar_pseudocolor\R02ZF\frame_000088_t002933ms.jpg,1024,592,595326c0991754a02a0a5fafc386a309b53d01b9b929426159fbf3c20f976385
R02ZF,SAR_PSEUDOCOLOR,89,2967,C:\research_raw\optical_sar_data\20260721data\derived_frames\pseudocolor_labelstudio_prep_20260722\frames\sar_pseudocolor\R02ZF\frame_000089_t002967ms.jpg,1024,592,7a7d46dabeb21cf60f717305c84bc3b31e2640a3ff4896d3604ed3b45bb260bc
R02ZF,SAR_PSEUDOCOLOR,90,3000,C:\research_raw\optical_sar_data\20260721data\derived_frames\pseudocolor_labelstudio_prep_20260722\frames\sar_pseudocolor\R02ZF\frame_000090_t003000ms.jpg,1024,592,20772a0e89bf62de59151445ddae65f7bc5ee3a62dc6dca301a955ea62fe6ee2
R02ZF,SAR_PSEUDOCOLOR,91,3033,C:\research_raw\optical_sar_data\20260721data\derived_frames\pseudocolor_labelstudio_prep_20260722\frames\sar_pseudocolor\R02ZF\frame_000091_t003033ms.jpg,1024,592,dc19e75878c9ae1ac2ec227537f6c9ed51867178e3f51cb7791fa8e41681baf0
R02ZF,SAR_PSEUDOCOLOR,92,3067,C:\research_raw\optical_sar_data\20260721data\derived_frames\pseudocolor_labelstudio_prep_20260722\frames\sar_pseudocolor\R02ZF\frame_000092_t003067ms.jpg,1024,592,91ef5895375af8384680ae61a2a28650eaeb6ff316a7d60427285c38b395d32a
R02ZF,SAR_PSEUDOCOLOR,93,3100,C:\research_raw\optical_sar_data\20260721data\derived_frames\pseudocolor_labelstudio_prep_20260722\frames\sar_pseudocolor\R02ZF\frame_000093_t003100ms.jpg,1024,592,f4af35911661df9cea04ab1bc687eb55c9c4b315154406878cd3d0f31dde9b11
R02ZF,SAR_PSEUDOCOLOR,94,3133,C:\research_raw\optical_sar_data\20260721data\derived_frames\pseudocolor_labelstudio_prep_20260722\frames\sar_pseudocolor\R02ZF\frame_000094_t003133ms.jpg,1024,592,2dd04b48b2985d9ecd14b703023ffbbc3957b37dcd3cdb9d8d026bd5f3c70cdf
R02ZF,SAR_PSEUDOCOLOR,95,3167,C:\research_raw\optical_sar_data\20260721data\derived_frames\pseudocolor_labelstudio_prep_20260722\frames\sar_pseudocolor\R02ZF\frame_000095_t003167ms.jpg,1024,592,5ec0f10d899c861630e66ec5da46bbaf14146459f40fe61b50685edcc1df0bf1
R02ZF,SAR_PSEUDOCOLOR,96,3200,C:\research_raw\optical_sar_data\20260721data\derived_frames\pseudocolor_labelstudio_prep_20260722\frames\sar_pseudocolor\R02ZF\frame_000096_t003200ms.jpg,1024,592,bc544e29e6279e49ea8f7be310a0cebce6610ca320a5c272c06f729e243cf6cf
R02ZF,SAR_PSEUDOCOLOR,97,3233,C:\research_raw\optical_sar_data\20260721data\derived_frames\pseudocolor_labelstudio_prep_20260722\frames\sar_pseudocolor\R02ZF\frame_000097_t003233ms.jpg,1024,592,6aaaca5ab78ba7b62a12705708b77ae7ab2cb5548d1f4c5f290278a2807ebd05
R02ZF,SAR_PSEUDOCOLOR,98,3267,C:\research_raw\optical_sar_data\20260721data\derived_frames\pseudocolor_labelstudio_prep_20260722\frames\sar_pseudocolor\R02ZF\frame_000098_t003267ms.jpg,1024,592,f3ec5171fb27896e0596fa925bcdfd6af388642a8bf6431fb77b8442bf2341e7
R02ZF,SAR_PSEUDOCOLOR,99,3300,C:\research_raw\optical_sar_data\20260721data\derived_frames\pseudocolor_labelstudio_prep_20260722\frames\sar_pseudocolor\R02ZF\frame_000099_t003300ms.jpg,1024,592,a4b917f6c272a338ed5e7b4d0ba5073c7bb83c23d63d5f8304ea737ddd354691
R02ZF,SAR_PSEUDOCOLOR,100,3333,C:\research_raw\optical_sar_data\20260721data\derived_frames\pseudocolor_labelstudio_prep_20260722\frames\sar_pseudocolor\R02ZF\frame_000100_t003333ms.jpg,1024,592,931fcccf4307e21c968ece8a3d93dc6c16b31f5eaf238a34ebbfdf57f495061a
R02ZF,SAR_PSEUDOCOLOR,101,3367,C:\research_raw\optical_sar_data\20260721data\derived_frames\pseudocolor_labelstudio_prep_20260722\frames\sar_pseudocolor\R02ZF\frame_000101_t003367ms.jpg,1024,592,b50b6feedb12a5ae55e14ebb600370e49564a10a6b7f035237ace15c935f949f
R02ZF,SAR_PSEUDOCOLOR,102,3400,C:\research_raw\optical_sar_data\20260721data\derived_frames\pseudocolor_labelstudio_prep_20260722\frames\sar_pseudocolor\R02ZF\frame_000102_t003400ms.jpg,1024,592,1d5669d15cdec40abbec320d3db921312e43adb5f3c5be7ad10a83757fc74616
R02ZF,SAR_PSEUDOCOLOR,103,3433,C:\research_raw\optical_sar_data\20260721data\derived_frames\pseudocolor_labelstudio_prep_20260722\frames\sar_pseudocolor\R02ZF\frame_000103_t003433ms.jpg,1024,592,655310058eb090f0edbbef2b5e159e9207850ca3cc97c27c9ce5f035ec0aecb3
R02ZF,SAR_PSEUDOCOLOR,104,3467,C:\research_raw\optical_sar_data\20260721data\derived_frames\pseudocolor_labelstudio_prep_20260722\frames\sar_pseudocolor\R02ZF\frame_000104_t003467ms.jpg,1024,592,0c0374a9fe406149dbfa3f7643690bdb78d875a55e118a5fa3b511de88954795
R02ZF,SAR_PSEUDOCOLOR,105,3500,C:\research_raw\optical_sar_data\20260721data\derived_frames\pseudocolor_labelstudio_prep_20260722\frames\sar_pseudocolor\R02ZF\frame_000105_t003500ms.jpg,1024,592,2df80ffe8e813f3fc6ced2a2adf6feb0b5cd5c0f9e26d5ab437df636792f1a48
R02ZF,SAR_PSEUDOCOLOR,106,3533,C:\research_raw\optical_sar_data\20260721data\derived_frames\pseudocolor_labelstudio_prep_20260722\frames\sar_pseudocolor\R02ZF\frame_000106_t003533ms.jpg,1024,592,f0c691fd4785d6b4ac41eb6cccd80c1cc4c39325a902a1e3978eb76c45e60c36
R02ZF,SAR_PSEUDOCOLOR,107,3567,C:\research_raw\optical_sar_data\20260721data\derived_frames\pseudocolor_labelstudio_prep_20260722\frames\sar_pseudocolor\R02ZF\frame_000107_t003567ms.jpg,1024,592,51a4a1b1f6118397b661a0c686c8c621aee322b8de9c489627acd5289d50b329
R02ZF,SAR_PSEUDOCOLOR,108,3600,C:\research_raw\optical_sar_data\20260721data\derived_frames\pseudocolor_labelstudio_prep_20260722\frames\sar_pseudocolor\R02ZF\frame_000108_t003600ms.jpg,1024,592,0e25e4020227d47931e3a6bf1069a9f6c67de751d210e2e46a68d736915758c1
R02ZF,SAR_PSEUDOCOLOR,109,3633,C:\research_raw\optical_sar_data\20260721data\derived_frames\pseudocolor_labelstudio_prep_20260722\frames\sar_pseudocolor\R02ZF\frame_000109_t003633ms.jpg,1024,592,600e4ed05c96561ec470f08faa36392748bd232092917eb077323b334df55f26
R02ZF,SAR_PSEUDOCOLOR,110,3667,C:\research_raw\optical_sar_data\20260721data\derived_frames\pseudocolor_labelstudio_prep_20260722\frames\sar_pseudocolor\R02ZF\frame_000110_t003667ms.jpg,1024,592,f8aa35e69bc95b384a8d3e0abc84ff7f85e13aa9b396b3e3e7b8fffde3df2b1e
R02ZF,SAR_PSEUDOCOLOR,111,3700,C:\research_raw\optical_sar_data\20260721data\derived_frames\pseudocolor_labelstudio_prep_20260722\frames\sar_pseudocolor\R02ZF\frame_000111_t003700ms.jpg,1024,592,49e6aee357aeb582aa5a837997fab11df7ed5f9f2fb039515c8f6ffaacd23206
R02ZF,SAR_PSEUDOCOLOR,112,3733,C:\research_raw\optical_sar_data\20260721data\derived_frames\pseudocolor_labelstudio_prep_20260722\frames\sar_pseudocolor\R02ZF\frame_000112_t003733ms.jpg,1024,592,23c5d805ed191923fa601253784bf298d8d6c78c08a98a95d4eb46e17010091f
R02ZF,SAR_PSEUDOCOLOR,113,3767,C:\research_raw\optical_sar_data\20260721data\derived_frames\pseudocolor_labelstudio_prep_20260722\frames\sar_pseudocolor\R02ZF\frame_000113_t003767ms.jpg,1024,592,9fde1dfc8bea33f0e95a5b5b7a566903011908e1471a86f82c5e4afe69332878
R02ZF,SAR_PSEUDOCOLOR,114,3800,C:\research_raw\optical_sar_data\20260721data\derived_frames\pseudocolor_labelstudio_prep_20260722\frames\sar_pseudocolor\R02ZF\frame_000114_t003800ms.jpg,1024,592,f779a49ee1c9ea221e9544b0be70b787635fa6aab2c54c63add36446f0185900
R02ZF,SAR_PSEUDOCOLOR,115,3833,C:\research_raw\optical_sar_data\20260721data\derived_frames\pseudocolor_labelstudio_prep_20260722\frames\sar_pseudocolor\R02ZF\frame_000115_t003833ms.jpg,1024,592,0ae1cc7b6f9e7e5efe5d46cced2b6df54412b74bcbb7166ab6a89727de71025d
R02ZF,SAR_PSEUDOCOLOR,116,3867,C:\research_raw\optical_sar_data\20260721data\derived_frames\pseudocolor_labelstudio_prep_20260722\frames\sar_pseudocolor\R02ZF\frame_000116_t003867ms.jpg,1024,592,9e685a321c9043bc14e2d90035d0c9ed402e267c44cf204995d57ea00c3a7424
R02ZF,SAR_PSEUDOCOLOR,117,3900,C:\research_raw\optical_sar_data\20260721data\derived_frames\pseudocolor_labelstudio_prep_20260722\frames\sar_pseudocolor\R02ZF\frame_000117_t003900ms.jpg,1024,592,4a06a827b229d42c0211815f365af825fb0589058eea8473026b111cb716268e
R02ZF,SAR_PSEUDOCOLOR,118,3933,C:\research_raw\optical_sar_data\20260721data\derived_frames\pseudocolor_labelstudio_prep_20260722\frames\sar_pseudocolor\R02ZF\frame_000118_t003933ms.jpg,1024,592,58c442b4596d4bcb97cd49af675c87b8e6cbf5ca50c92f708615646e39255509
R02ZF,SAR_PSEUDOCOLOR,119,3967,C:\research_raw\optical_sar_data\20260721data\derived_frames\pseudocolor_labelstudio_prep_20260722\frames\sar_pseudocolor\R02ZF\frame_000119_t003967ms.jpg,1024,592,824032f56d9d26982613779b45fc0e045de8185a1805ab96768d6aed27c4fedf
R02ZF,SAR_PSEUDOCOLOR,120,4000,C:\research_raw\optical_sar_data\20260721data\derived_frames\pseudocolor_labelstudio_prep_20260722\frames\sar_pseudocolor\R02ZF\frame_000120_t004000ms.jpg,1024,592,c3f29c5dba1f2e19465d8d9a96cd5648fedb39d264c5dfa68c2c37c73108f246
R02ZF,SAR_PSEUDOCOLOR,121,4033,C:\research_raw\optical_sar_data\20260721data\derived_frames\pseudocolor_labelstudio_prep_20260722\frames\sar_pseudocolor\R02ZF\frame_000121_t004033ms.jpg,1024,592,f7d6d63788cddcc21c9d2c2b550baa8adf214aaccf5cabe9202a756c65bed7b6
R02ZF,SAR_PSEUDOCOLOR,122,4067,C:\research_raw\optical_sar_data\20260721data\derived_frames\pseudocolor_labelstudio_prep_20260722\frames\sar_pseudocolor\R02ZF\frame_000122_t004067ms.jpg,1024,592,25e3f1341aa4f5dcbcf3640dad5b813bd1cfc79950a50fb5133cc72023e81713
R02ZF,SAR_PSEUDOCOLOR,123,4100,C:\research_raw\optical_sar_data\20260721data\derived_frames\pseudocolor_labelstudio_prep_20260722\frames\sar_pseudocolor\R02ZF\frame_000123_t004100ms.jpg,1024,592,4b9718bb8e49b9fc399ed63e1d751942a89d2db077a3082bebcc30f86f31243f
R02ZF,SAR_PSEUDOCOLOR,124,4133,C:\research_raw\optical_sar_data\20260721data\derived_frames\pseudocolor_labelstudio_prep_20260722\frames\sar_pseudocolor\R02ZF\frame_000124_t004133ms.jpg,1024,592,2a5825cfa8c78c49646a41270496c3e1698a9203ab2028275731e096aef7dd61
R02ZF,SAR_PSEUDOCOLOR,125,4167,C:\research_raw\optical_sar_data\20260721data\derived_frames\pseudocolor_labelstudio_prep_20260722\frames\sar_pseudocolor\R02ZF\frame_000125_t004167ms.jpg,1024,592,ecb1751d5b541a673c2f3b636ae32ea292596b38d4e42329f1164005e5e6abc3
R02ZF,SAR_PSEUDOCOLOR,126,4200,C:\research_raw\optical_sar_data\20260721data\derived_frames\pseudocolor_labelstudio_prep_20260722\frames\sar_pseudocolor\R02ZF\frame_000126_t004200ms.jpg,1024,592,2f0bf0b56f562cd7380dc6b96e181114869da2337bb65cfd5e337390b8b02bd0
R02ZF,SAR_PSEUDOCOLOR,127,4233,C:\research_raw\optical_sar_data\20260721data\derived_frames\pseudocolor_labelstudio_prep_20260722\frames\sar_pseudocolor\R02ZF\frame_000127_t004233ms.jpg,1024,592,400d751267ce41d4779d3fccfa258d8e1a5f3d87debbd6f2db560cf4984dfa17
R02ZF,SAR_PSEUDOCOLOR,128,4267,C:\research_raw\optical_sar_data\20260721data\derived_frames\pseudocolor_labelstudio_prep_20260722\frames\sar_pseudocolor\R02ZF\frame_000128_t004267ms.jpg,1024,592,096a05fc5d2ddf50bf98292a79653781bb6ce23c527647d56c85b02be5e9093f
R02ZF,SAR_PSEUDOCOLOR,129,4300,C:\research_raw\optical_sar_data\20260721data\derived_frames\pseudocolor_labelstudio_prep_20260722\frames\sar_pseudocolor\R02ZF\frame_000129_t004300ms.jpg,1024,592,ed39c8f3ab790aa2d92504252761a6fc778ec8fd9a65b1a53cfcf602589a79ba
R02ZF,SAR_PSEUDOCOLOR,130,4333,C:\research_raw\optical_sar_data\20260721data\derived_frames\pseudocolor_labelstudio_prep_20260722\frames\sar_pseudocolor\R02ZF\frame_000130_t004333ms.jpg,1024,592,b98919d3f961c282cd3e84e9299543f6d2f93ae167073ddb79bee412b981f463
R02ZF,SAR_PSEUDOCOLOR,131,4367,C:\research_raw\optical_sar_data\20260721data\derived_frames\pseudocolor_labelstudio_prep_20260722\frames\sar_pseudocolor\R02ZF\frame_000131_t004367ms.jpg,1024,592,19c0875647930bd5c38dca7f716acc9b60eff0e599f4af74daf7cfa9fc436958
R02ZF,SAR_PSEUDOCOLOR,132,4400,C:\research_raw\optical_sar_data\20260721data\derived_frames\pseudocolor_labelstudio_prep_20260722\frames\sar_pseudocolor\R02ZF\frame_000132_t004400ms.jpg,1024,592,17fd98da5611388aa13567c611169c0f01083aea236565f05732d12dadd19cda
R02ZF,SAR_PSEUDOCOLOR,133,4433,C:\research_raw\optical_sar_data\20260721data\derived_frames\pseudocolor_labelstudio_prep_20260722\frames\sar_pseudocolor\R02ZF\frame_000133_t004433ms.jpg,1024,592,569174aab3c42af6a51348d8505d044bafd877b03b5f1f052102ba7b6216938a
R02ZF,SAR_PSEUDOCOLOR,134,4467,C:\research_raw\optical_sar_data\20260721data\derived_frames\pseudocolor_labelstudio_prep_20260722\frames\sar_pseudocolor\R02ZF\frame_000134_t004467ms.jpg,1024,592,6ea8ef5bab56644cbc20899b8045415306f857c47613e5dc5df84a7a3169dbc7
R02ZF,SAR_PSEUDOCOLOR,135,4500,C:\research_raw\optical_sar_data\20260721data\derived_frames\pseudocolor_labelstudio_prep_20260722\frames\sar_pseudocolor\R02ZF\frame_000135_t004500ms.jpg,1024,592,684ad6d278bee14e5e868be22da8aa043b15c34f45dfba86c49110b5380ca364
R02ZF,SAR_PSEUDOCOLOR,136,4533,C:\research_raw\optical_sar_data\20260721data\derived_frames\pseudocolor_labelstudio_prep_20260722\frames\sar_pseudocolor\R02ZF\frame_000136_t004533ms.jpg,1024,592,f0d8518d3636c45c90c5bacf436d00b7c1e4a1e3fd97fdcb5893d170519ef441
R02ZF,SAR_PSEUDOCOLOR,137,4567,C:\research_raw\optical_sar_data\20260721data\derived_frames\pseudocolor_labelstudio_prep_20260722\frames\sar_pseudocolor\R02ZF\frame_000137_t004567ms.jpg,1024,592,3ee11589f73b92636ac67e4b73b1dd34b59dc0c9a2459b74035256c51b80513d
R02ZF,SAR_PSEUDOCOLOR,138,4600,C:\research_raw\optical_sar_data\20260721data\derived_frames\pseudocolor_labelstudio_prep_20260722\frames\sar_pseudocolor\R02ZF\frame_000138_t004600ms.jpg,1024,592,3e31a262bd87281134d27987e0573ea458899a1809d3261d942d09a3f4c7fd8f
R02ZF,SAR_PSEUDOCOLOR,139,4633,C:\research_raw\optical_sar_data\20260721data\derived_frames\pseudocolor_labelstudio_prep_20260722\frames\sar_pseudocolor\R02ZF\frame_000139_t004633ms.jpg,1024,592,f63e3fc91fece2e31a63cf3010f1277469e4cd62272589013f4acb4477a0dd99
R02ZF,SAR_PSEUDOCOLOR,140,4667,C:\research_raw\optical_sar_data\20260721data\derived_frames\pseudocolor_labelstudio_prep_20260722\frames\sar_pseudocolor\R02ZF\frame_000140_t004667ms.jpg,1024,592,7971e02458615a63d47ae4d88241a981873566aec7e1237e3f785eb94b7f2f26
R02ZF,SAR_PSEUDOCOLOR,141,4700,C:\research_raw\optical_sar_data\20260721data\derived_frames\pseudocolor_labelstudio_prep_20260722\frames\sar_pseudocolor\R02ZF\frame_000141_t004700ms.jpg,1024,592,be14370336670a94c2353cf2366cda1c6a0daf72513127a55c03315d12a66663
R02ZF,SAR_PSEUDOCOLOR,142,4733,C:\research_raw\optical_sar_data\20260721data\derived_frames\pseudocolor_labelstudio_prep_20260722\frames\sar_pseudocolor\R02ZF\frame_000142_t004733ms.jpg,1024,592,7fc257b365eec30a60fdc1b784f0375e157a5cb1f11f1861e139c5239ed416d2
R02ZF,SAR_PSEUDOCOLOR,143,4767,C:\research_raw\optical_sar_data\20260721data\derived_frames\pseudocolor_labelstudio_prep_20260722\frames\sar_pseudocolor\R02ZF\frame_000143_t004767ms.jpg,1024,592,df36f9ec2ec7f85d9f9e51fae3e8770f316a1f8d6ad7a7f3f9435d40704a5df4
R02ZF,SAR_PSEUDOCOLOR,144,4800,C:\research_raw\optical_sar_data\20260721data\derived_frames\pseudocolor_labelstudio_prep_20260722\frames\sar_pseudocolor\R02ZF\frame_000144_t004800ms.jpg,1024,592,962e5273a2abf22b2d5d457ec96eeab1830d0893e0969e7b909eb8027cdaf18b
R02ZF,SAR_PSEUDOCOLOR,145,4833,C:\research_raw\optical_sar_data\20260721data\derived_frames\pseudocolor_labelstudio_prep_20260722\frames\sar_pseudocolor\R02ZF\frame_000145_t004833ms.jpg,1024,592,e5f7b375d2a2e07a7758d8d70ebe71e2acfdd8f396fd220e6d8bd4abd73fcc5e
R02ZF,SAR_PSEUDOCOLOR,146,4867,C:\research_raw\optical_sar_data\20260721data\derived_frames\pseudocolor_labelstudio_prep_20260722\frames\sar_pseudocolor\R02ZF\frame_000146_t004867ms.jpg,1024,592,59f1ac98e646977e67476f0d14c60ed89d7a00df8c9206667ba07246b2d5bd84
R02ZF,SAR_PSEUDOCOLOR,147,4900,C:\research_raw\optical_sar_data\20260721data\derived_frames\pseudocolor_labelstudio_prep_20260722\frames\sar_pseudocolor\R02ZF\frame_000147_t004900ms.jpg,1024,592,f95739daa0f8412dcac6b4648db5b2795fd8586176087ed3afd3e21d13e51f1a
R02ZF,SAR_PSEUDOCOLOR,148,4933,C:\research_raw\optical_sar_data\20260721data\derived_frames\pseudocolor_labelstudio_prep_20260722\frames\sar_pseudocolor\R02ZF\frame_000148_t004933ms.jpg,1024,592,5cf3e66afe5f043c49b809343f99d335ebbd95f0ed49731837a27fb3d3bf3a36
R02ZF,SAR_PSEUDOCOLOR,149,4967,C:\research_raw\optical_sar_data\20260721data\derived_frames\pseudocolor_labelstudio_prep_20260722\frames\sar_pseudocolor\R02ZF\frame_000149_t004967ms.jpg,1024,592,2049fb13a84e52338611ef36a9e2d5de61e52e320abc56e2c35556a370b35d2d
R02ZF,SAR_PSEUDOCOLOR,150,5000,C:\research_raw\optical_sar_data\20260721data\derived_frames\pseudocolor_labelstudio_prep_20260722\frames\sar_pseudocolor\R02ZF\frame_000150_t005000ms.jpg,1024,592,f33ef5949203b4f2af84f433405e53a8ef3d554a9eb2299c09ebd5c26ec0f1df
R02ZF,SAR_PSEUDOCOLOR,151,5033,C:\research_raw\optical_sar_data\20260721data\derived_frames\pseudocolor_labelstudio_prep_20260722\frames\sar_pseudocolor\R02ZF\frame_000151_t005033ms.jpg,1024,592,f4a2cd355c77a4e77bfc4f55f6d0bed36bcc99fca231bb81d41c4a6c4f6ce7eb
R02ZF,SAR_PSEUDOCOLOR,152,5067,C:\research_raw\optical_sar_data\20260721data\derived_frames\pseudocolor_labelstudio_prep_20260722\frames\sar_pseudocolor\R02ZF\frame_000152_t005067ms.jpg,1024,592,bf7ea1c123cf829d9141b35992e61b090da381ef457d50a42a34f8bec773df91
R02ZF,SAR_PSEUDOCOLOR,153,5100,C:\research_raw\optical_sar_data\20260721data\derived_frames\pseudocolor_labelstudio_prep_20260722\frames\sar_pseudocolor\R02ZF\frame_000153_t005100ms.jpg,1024,592,a9593455e5f4047681914035e0fd0c3ee50db0022c50e75e711bc29f0aecf8fe
R02ZF,SAR_PSEUDOCOLOR,154,5133,C:\research_raw\optical_sar_data\20260721data\derived_frames\pseudocolor_labelstudio_prep_20260722\frames\sar_pseudocolor\R02ZF\frame_000154_t005133ms.jpg,1024,592,f165cf0faf7c1b1e072302c67684402780476aec4c182f32574733e5c57c8753
R02ZF,SAR_PSEUDOCOLOR,155,5167,C:\research_raw\optical_sar_data\20260721data\derived_frames\pseudocolor_labelstudio_prep_20260722\frames\sar_pseudocolor\R02ZF\frame_000155_t005167ms.jpg,1024,592,8e335947512ddc12ab36f229f4c2169bfddccf8d3aaccd833001f9ce363fba0c
R02ZF,SAR_PSEUDOCOLOR,156,5200,C:\research_raw\optical_sar_data\20260721data\derived_frames\pseudocolor_labelstudio_prep_20260722\frames\sar_pseudocolor\R02ZF\frame_000156_t005200ms.jpg,1024,592,36028ba2a22de250910f90c3413311852e33a6fb7888154016a1a74cf24dbbfd
R02ZF,SAR_PSEUDOCOLOR,157,5233,C:\research_raw\optical_sar_data\20260721data\derived_frames\pseudocolor_labelstudio_prep_20260722\frames\sar_pseudocolor\R02ZF\frame_000157_t005233ms.jpg,1024,592,acd0e13f486b81aad8e36bee1c71cf3dc549da7d24c1ae5c04e2061f9a42a104
R02ZF,SAR_PSEUDOCOLOR,158,5267,C:\research_raw\optical_sar_data\20260721data\derived_frames\pseudocolor_labelstudio_prep_20260722\frames\sar_pseudocolor\R02ZF\frame_000158_t005267ms.jpg,1024,592,d14fea3d974629a9e78ec9dbe6c55122264caad49d327c35dd7cbfbd1878b7b6
R02ZF,SAR_PSEUDOCOLOR,159,5300,C:\research_raw\optical_sar_data\20260721data\derived_frames\pseudocolor_labelstudio_prep_20260722\frames\sar_pseudocolor\R02ZF\frame_000159_t005300ms.jpg,1024,592,6401eb20bf40062d7f1ad58bbd233d1954ecc82497c91ff4a2a33596076f1af4
R02ZF,SAR_PSEUDOCOLOR,160,5333,C:\research_raw\optical_sar_data\20260721data\derived_frames\pseudocolor_labelstudio_prep_20260722\frames\sar_pseudocolor\R02ZF\frame_000160_t005333ms.jpg,1024,592,d4799bab784de29cac5ab7539f9f1a6c7dc265bee0c45414f5f603c78af1e6dd
R02ZF,SAR_PSEUDOCOLOR,161,5367,C:\research_raw\optical_sar_data\20260721data\derived_frames\pseudocolor_labelstudio_prep_20260722\frames\sar_pseudocolor\R02ZF\frame_000161_t005367ms.jpg,1024,592,a495297f095625c8bc515319101c1024ee70d2eb084c4c46bd1a82fdc4786243
R02ZF,SAR_PSEUDOCOLOR,162,5400,C:\research_raw\optical_sar_data\20260721data\derived_frames\pseudocolor_labelstudio_prep_20260722\frames\sar_pseudocolor\R02ZF\frame_000162_t005400ms.jpg,1024,592,f9835a065a67013fb078842d54bd0a21cf86b488df176a69092a02045a88a5b1
R02ZF,SAR_PSEUDOCOLOR,163,5433,C:\research_raw\optical_sar_data\20260721data\derived_frames\pseudocolor_labelstudio_prep_20260722\frames\sar_pseudocolor\R02ZF\frame_000163_t005433ms.jpg,1024,592,a506d8aa8580479801920fe12a3d3c2c9cda3a397da537c58d8a652a72f878ee
R02ZF,SAR_PSEUDOCOLOR,164,5467,C:\research_raw\optical_sar_data\20260721data\derived_frames\pseudocolor_labelstudio_prep_20260722\frames\sar_pseudocolor\R02ZF\frame_000164_t005467ms.jpg,1024,592,d81f054ad9893c77025d4ade7f149dbee3f469a4c0778f7e4501f3f604e99047
R02ZF,SAR_PSEUDOCOLOR,165,5500,C:\research_raw\optical_sar_data\20260721data\derived_frames\pseudocolor_labelstudio_prep_20260722\frames\sar_pseudocolor\R02ZF\frame_000165_t005500ms.jpg,1024,592,854c3d052a0bbbe07de997b6d5fd27528c4ebe9ac8ee101b053575b368ea6d96
R02ZF,SAR_PSEUDOCOLOR,166,5533,C:\research_raw\optical_sar_data\20260721data\derived_frames\pseudocolor_labelstudio_prep_20260722\frames\sar_pseudocolor\R02ZF\frame_000166_t005533ms.jpg,1024,592,85c49685f44d56a973f2b3e4753434dfa9dc9cd70b9978b47f0384d9fe45a29a
R02ZF,SAR_PSEUDOCOLOR,167,5567,C:\research_raw\optical_sar_data\20260721data\derived_frames\pseudocolor_labelstudio_prep_20260722\frames\sar_pseudocolor\R02ZF\frame_000167_t005567ms.jpg,1024,592,86235c2f910bba2ba918eb1afd87b05b7bfed22970c00f820abb44883df83101
R02ZF,SAR_PSEUDOCOLOR,168,5600,C:\research_raw\optical_sar_data\20260721data\derived_frames\pseudocolor_labelstudio_prep_20260722\frames\sar_pseudocolor\R02ZF\frame_000168_t005600ms.jpg,1024,592,bcdec8f8ea373aa67324a4440b10c2108c28462103fccf765e3d0f935ab95a13
R02ZF,SAR_PSEUDOCOLOR,169,5633,C:\research_raw\optical_sar_data\20260721data\derived_frames\pseudocolor_labelstudio_prep_20260722\frames\sar_pseudocolor\R02ZF\frame_000169_t005633ms.jpg,1024,592,580b710ba70f4940dd7cda837eb365ff6055b87a3609149b19c4b211896342a4
R02ZF,SAR_PSEUDOCOLOR,170,5667,C:\research_raw\optical_sar_data\20260721data\derived_frames\pseudocolor_labelstudio_prep_20260722\frames\sar_pseudocolor\R02ZF\frame_000170_t005667ms.jpg,1024,592,c2c50c899f0bc664e0966235a32afe8dd65e9ea4cbaed506daefaea476c12f03
R02ZF,SAR_PSEUDOCOLOR,171,5700,C:\research_raw\optical_sar_data\20260721data\derived_frames\pseudocolor_labelstudio_prep_20260722\frames\sar_pseudocolor\R02ZF\frame_000171_t005700ms.jpg,1024,592,a73e0220dc5f5c7633ba6753467114ff2372a674675a2394db385250db039bd1
R02ZF,SAR_PSEUDOCOLOR,172,5733,C:\research_raw\optical_sar_data\20260721data\derived_frames\pseudocolor_labelstudio_prep_20260722\frames\sar_pseudocolor\R02ZF\frame_000172_t005733ms.jpg,1024,592,716e07cad301cf1b756b222728fd82bf6249f088b80c856968f9b5e737746eac
R02ZF,SAR_PSEUDOCOLOR,173,5767,C:\research_raw\optical_sar_data\20260721data\derived_frames\pseudocolor_labelstudio_prep_20260722\frames\sar_pseudocolor\R02ZF\frame_000173_t005767ms.jpg,1024,592,9f0fe0758a7670b256a49602a43872b760aa390ae48f07b2987ea2fc33aa2aca
R02ZF,SAR_PSEUDOCOLOR,174,5800,C:\research_raw\optical_sar_data\20260721data\derived_frames\pseudocolor_labelstudio_prep_20260722\frames\sar_pseudocolor\R02ZF\frame_000174_t005800ms.jpg,1024,592,d2c6f5ff89e4746fc93a64304821eeea588b719d1db95b5402087ec228bcb29b
R02ZF,SAR_PSEUDOCOLOR,175,5833,C:\research_raw\optical_sar_data\20260721data\derived_frames\pseudocolor_labelstudio_prep_20260722\frames\sar_pseudocolor\R02ZF\frame_000175_t005833ms.jpg,1024,592,d09176e2f6f8917b67b080d78f1f6fba18ca4157dab5ed186b94ca6bd9d5afaf
R02ZF,SAR_PSEUDOCOLOR,176,5867,C:\research_raw\optical_sar_data\20260721data\derived_frames\pseudocolor_labelstudio_prep_20260722\frames\sar_pseudocolor\R02ZF\frame_000176_t005867ms.jpg,1024,592,d8302e1b4a1110357772465fdb007d617c081fdd2d06511339baba94bb5e2235
R02ZF,SAR_PSEUDOCOLOR,177,5900,C:\research_raw\optical_sar_data\20260721data\derived_frames\pseudocolor_labelstudio_prep_20260722\frames\sar_pseudocolor\R02ZF\frame_000177_t005900ms.jpg,1024,592,1a5fa646b2c1b8b6f3ba2c2d2902b676a9f0febc4050a404a41eec5b2d920bc5
R02ZF,SAR_PSEUDOCOLOR,178,5933,C:\research_raw\optical_sar_data\20260721data\derived_frames\pseudocolor_labelstudio_prep_20260722\frames\sar_pseudocolor\R02ZF\frame_000178_t005933ms.jpg,1024,592,44a79afe31434eed696f86de79d8a7a5f55fe1c00098ecf807e56ecdbbbf99f7
R02ZF,SAR_PSEUDOCOLOR,179,5967,C:\research_raw\optical_sar_data\20260721data\derived_frames\pseudocolor_labelstudio_prep_20260722\frames\sar_pseudocolor\R02ZF\frame_000179_t005967ms.jpg,1024,592,f762173f801a10fe4b59ec70589c654b1df21a47944d3e15333602fc99a0e25c
R02ZF,SAR_PSEUDOCOLOR,180,6000,C:\research_raw\optical_sar_data\20260721data\derived_frames\pseudocolor_labelstudio_prep_20260722\frames\sar_pseudocolor\R02ZF\frame_000180_t006000ms.jpg,1024,592,7212eea0888947c021af51c3d53f1b52255284a9b66565720b299f03ac24f7da
R02ZF,SAR_PSEUDOCOLOR,181,6033,C:\research_raw\optical_sar_data\20260721data\derived_frames\pseudocolor_labelstudio_prep_20260722\frames\sar_pseudocolor\R02ZF\frame_000181_t006033ms.jpg,1024,592,9df26408fa832938b7ed5b2a7564aae856a9cf814711ccdcb24ec7a757101db8
R02ZF,SAR_PSEUDOCOLOR,182,6067,C:\research_raw\optical_sar_data\20260721data\derived_frames\pseudocolor_labelstudio_prep_20260722\frames\sar_pseudocolor\R02ZF\frame_000182_t006067ms.jpg,1024,592,545dca79d02725bdf1f81afbf01d3564848e4094f1f3aeb59b0591bd644d3b3c
R02ZF,SAR_PSEUDOCOLOR,183,6100,C:\research_raw\optical_sar_data\20260721data\derived_frames\pseudocolor_labelstudio_prep_20260722\frames\sar_pseudocolor\R02ZF\frame_000183_t006100ms.jpg,1024,592,0c96f5039332f2f627075ac8f0f6ec67056b2c298d40888de8c69d662dd2f090
R02ZF,SAR_PSEUDOCOLOR,184,6133,C:\research_raw\optical_sar_data\20260721data\derived_frames\pseudocolor_labelstudio_prep_20260722\frames\sar_pseudocolor\R02ZF\frame_000184_t006133ms.jpg,1024,592,d42ce4176bfcddffe6869a8517ece3721ad33eac638f4725470335bb19475359
R02ZF,SAR_PSEUDOCOLOR,185,6167,C:\research_raw\optical_sar_data\20260721data\derived_frames\pseudocolor_labelstudio_prep_20260722\frames\sar_pseudocolor\R02ZF\frame_000185_t006167ms.jpg,1024,592,52e7821a483a2f9a73c0bc7f4ce162e808862a8220437db41a47a8f891929a9f
R02ZF,SAR_PSEUDOCOLOR,186,6200,C:\research_raw\optical_sar_data\20260721data\derived_frames\pseudocolor_labelstudio_prep_20260722\frames\sar_pseudocolor\R02ZF\frame_000186_t006200ms.jpg,1024,592,ca8fac373b230a5566f592684a18810c0ee35cd07d7fade0a378fcdc8cc44562
R02ZF,SAR_PSEUDOCOLOR,187,6233,C:\research_raw\optical_sar_data\20260721data\derived_frames\pseudocolor_labelstudio_prep_20260722\frames\sar_pseudocolor\R02ZF\frame_000187_t006233ms.jpg,1024,592,b36eeb8689024aa4c97e6cde4d11f603cb97d82769e7d8639b212980367ca134
R02ZF,SAR_PSEUDOCOLOR,188,6267,C:\research_raw\optical_sar_data\20260721data\derived_frames\pseudocolor_labelstudio_prep_20260722\frames\sar_pseudocolor\R02ZF\frame_000188_t006267ms.jpg,1024,592,067368a8abd5a9b76f6f66953b2c81f6d47bccc1bad573edbc591c1fe52ac8ec
R02ZF,SAR_PSEUDOCOLOR,189,6300,C:\research_raw\optical_sar_data\20260721data\derived_frames\pseudocolor_labelstudio_prep_20260722\frames\sar_pseudocolor\R02ZF\frame_000189_t006300ms.jpg,1024,592,0f87912996d1994b05f838c8adb8628398ae5c36dc2c3ccb0de87a96a85b7704
R02ZF,SAR_PSEUDOCOLOR,190,6333,C:\research_raw\optical_sar_data\20260721data\derived_frames\pseudocolor_labelstudio_prep_20260722\frames\sar_pseudocolor\R02ZF\frame_000190_t006333ms.jpg,1024,592,faa19b29032943dd78f814599788687690091fbfe03b35c753e812219eafef12
R02ZF,SAR_PSEUDOCOLOR,191,6367,C:\research_raw\optical_sar_data\20260721data\derived_frames\pseudocolor_labelstudio_prep_20260722\frames\sar_pseudocolor\R02ZF\frame_000191_t006367ms.jpg,1024,592,cb1c46333784c67125e76be6cb5ea074c050e85b8d571347c28d538cc41ca63e
R02ZF,SAR_PSEUDOCOLOR,192,6400,C:\research_raw\optical_sar_data\20260721data\derived_frames\pseudocolor_labelstudio_prep_20260722\frames\sar_pseudocolor\R02ZF\frame_000192_t006400ms.jpg,1024,592,78305210b249ccc5e5ea6725deeb1df724ed76f9e9d8033204437aaf5f914112
R02ZF,SAR_PSEUDOCOLOR,193,6433,C:\research_raw\optical_sar_data\20260721data\derived_frames\pseudocolor_labelstudio_prep_20260722\frames\sar_pseudocolor\R02ZF\frame_000193_t006433ms.jpg,1024,592,6d1c1a6cb1f65784bb9673bfbfd77a64205896acf15a6a7dddf495f096e6b01b
R02ZF,SAR_PSEUDOCOLOR,194,6467,C:\research_raw\optical_sar_data\20260721data\derived_frames\pseudocolor_labelstudio_prep_20260722\frames\sar_pseudocolor\R02ZF\frame_000194_t006467ms.jpg,1024,592,32fa99fcb50a78dc745fbea30c54c420b9a88e19dd5265e251755111c98aa85b
R02ZF,SAR_PSEUDOCOLOR,195,6500,C:\research_raw\optical_sar_data\20260721data\derived_frames\pseudocolor_labelstudio_prep_20260722\frames\sar_pseudocolor\R02ZF\frame_000195_t006500ms.jpg,1024,592,8cd9adfddc837350ddbe9b322a76a84d400228d4d0f6709fe099f4141f503bdd
R02ZF,SAR_PSEUDOCOLOR,196,6533,C:\research_raw\optical_sar_data\20260721data\derived_frames\pseudocolor_labelstudio_prep_20260722\frames\sar_pseudocolor\R02ZF\frame_000196_t006533ms.jpg,1024,592,448a5a782ffffebdf2dc827e35f4e3fbba4a2ad914584944d37a8544beb792a3
R02ZF,SAR_PSEUDOCOLOR,197,6567,C:\research_raw\optical_sar_data\20260721data\derived_frames\pseudocolor_labelstudio_prep_20260722\frames\sar_pseudocolor\R02ZF\frame_000197_t006567ms.jpg,1024,592,2994a5c096ab54d32d0ab24a2f7703a6df8a3193d0bbb61bde15b6cbd7d4ba7d
R02ZF,SAR_PSEUDOCOLOR,198,6600,C:\research_raw\optical_sar_data\20260721data\derived_frames\pseudocolor_labelstudio_prep_20260722\frames\sar_pseudocolor\R02ZF\frame_000198_t006600ms.jpg,1024,592,8c777c9219d7baccda0e33248d700157f1b3c44a475dec294af9a208bb83de98
R02ZF,SAR_PSEUDOCOLOR,199,6633,C:\research_raw\optical_sar_data\20260721data\derived_frames\pseudocolor_labelstudio_prep_20260722\frames\sar_pseudocolor\R02ZF\frame_000199_t006633ms.jpg,1024,592,52ce989bb8e440f7184b4e2aaf0c0b4e5bbf5c18c2cfcfdbdf3be6494971ef18
R02ZF,SAR_PSEUDOCOLOR,200,6667,C:\research_raw\optical_sar_data\20260721data\derived_frames\pseudocolor_labelstudio_prep_20260722\frames\sar_pseudocolor\R02ZF\frame_000200_t006667ms.jpg,1024,592,79d589541c44f5bd9b3168774b2df7798589f5e387906d117aefe7b5aa3012a5
R02ZF,SAR_PSEUDOCOLOR,201,6700,C:\research_raw\optical_sar_data\20260721data\derived_frames\pseudocolor_labelstudio_prep_20260722\frames\sar_pseudocolor\R02ZF\frame_000201_t006700ms.jpg,1024,592,064ad610db6c3d4855a83bedf528a11e057961d99f4b2e146dcf55526fcbeea7
R02ZF,SAR_PSEUDOCOLOR,202,6733,C:\research_raw\optical_sar_data\20260721data\derived_frames\pseudocolor_labelstudio_prep_20260722\frames\sar_pseudocolor\R02ZF\frame_000202_t006733ms.jpg,1024,592,5ec35b67e8956e202ec80b0ebcdc2828cd31a2ecd73c1f7f43215b8eddcb1b6c
R02ZF,SAR_PSEUDOCOLOR,203,6767,C:\research_raw\optical_sar_data\20260721data\derived_frames\pseudocolor_labelstudio_prep_20260722\frames\sar_pseudocolor\R02ZF\frame_000203_t006767ms.jpg,1024,592,4b32cb246dd84542e94ca871d1f0f721a0415ffaabf763e6fc787eeac6bb3842
R02ZF,SAR_PSEUDOCOLOR,204,6800,C:\research_raw\optical_sar_data\20260721data\derived_frames\pseudocolor_labelstudio_prep_20260722\frames\sar_pseudocolor\R02ZF\frame_000204_t006800ms.jpg,1024,592,dcd5bbb216d6012c79e3630435f3e5dd26a61b673c9ee9111cae4e798b8c6357
R02ZF,SAR_PSEUDOCOLOR,205,6833,C:\research_raw\optical_sar_data\20260721data\derived_frames\pseudocolor_labelstudio_prep_20260722\frames\sar_pseudocolor\R02ZF\frame_000205_t006833ms.jpg,1024,592,93a300321696b36170025d560e892d36214b7e2c0dc29ce2943ba5e28c5ce0ac
R02ZF,SAR_PSEUDOCOLOR,206,6867,C:\research_raw\optical_sar_data\20260721data\derived_frames\pseudocolor_labelstudio_prep_20260722\frames\sar_pseudocolor\R02ZF\frame_000206_t006867ms.jpg,1024,592,a198d86fd5d646124334af530cccbadcb6d500ebb5f16581d51dcd7ac4e4499b
R02ZF,SAR_PSEUDOCOLOR,207,6900,C:\research_raw\optical_sar_data\20260721data\derived_frames\pseudocolor_labelstudio_prep_20260722\frames\sar_pseudocolor\R02ZF\frame_000207_t006900ms.jpg,1024,592,c14ba6e31d4eb2f43d103ed35d4bc76668c17247f0dfb01d03d164ca5e4285b2
R02ZF,SAR_PSEUDOCOLOR,208,6933,C:\research_raw\optical_sar_data\20260721data\derived_frames\pseudocolor_labelstudio_prep_20260722\frames\sar_pseudocolor\R02ZF\frame_000208_t006933ms.jpg,1024,592,1a2192ffc90cd19b09f69af6ff4bace220bc160f5f0a14f69e9ae1691b13425c
R02ZF,SAR_PSEUDOCOLOR,209,6967,C:\research_raw\optical_sar_data\20260721data\derived_frames\pseudocolor_labelstudio_prep_20260722\frames\sar_pseudocolor\R02ZF\frame_000209_t006967ms.jpg,1024,592,6788aebe29bca27d1a229f5d8e66ad9fafddf94d8a00577874f62097848da34a
R02ZF,SAR_PSEUDOCOLOR,210,7000,C:\research_raw\optical_sar_data\20260721data\derived_frames\pseudocolor_labelstudio_prep_20260722\frames\sar_pseudocolor\R02ZF\frame_000210_t007000ms.jpg,1024,592,ac90f318d636a4de7329b4db6a8b7d91b295bf1455d99cff3727ed61684c2767
R02ZF,SAR_PSEUDOCOLOR,211,7033,C:\research_raw\optical_sar_data\20260721data\derived_frames\pseudocolor_labelstudio_prep_20260722\frames\sar_pseudocolor\R02ZF\frame_000211_t007033ms.jpg,1024,592,41d6e576b083ab24a8a40c7480300432a524c42fef9772d28a38192fe28d3390
R02ZF,SAR_PSEUDOCOLOR,212,7067,C:\research_raw\optical_sar_data\20260721data\derived_frames\pseudocolor_labelstudio_prep_20260722\frames\sar_pseudocolor\R02ZF\frame_000212_t007067ms.jpg,1024,592,43b998d86010ad73ad74b656d9f0345aafb1ad39949e1618061438bc4606611a
R02ZF,SAR_PSEUDOCOLOR,213,7100,C:\research_raw\optical_sar_data\20260721data\derived_frames\pseudocolor_labelstudio_prep_20260722\frames\sar_pseudocolor\R02ZF\frame_000213_t007100ms.jpg,1024,592,4e87af58b4179695291b439bbdf60a8f06b7c864684110a64f59c48226d7f433
R02ZF,SAR_PSEUDOCOLOR,214,7133,C:\research_raw\optical_sar_data\20260721data\derived_frames\pseudocolor_labelstudio_prep_20260722\frames\sar_pseudocolor\R02ZF\frame_000214_t007133ms.jpg,1024,592,4dd7fe9393ab3dcacb6e9d9a85cd34fbfafadd77ca7a3022aebd94408f89c816
R02ZF,SAR_PSEUDOCOLOR,215,7167,C:\research_raw\optical_sar_data\20260721data\derived_frames\pseudocolor_labelstudio_prep_20260722\frames\sar_pseudocolor\R02ZF\frame_000215_t007167ms.jpg,1024,592,c82f6f6f8dee090dc656584764b4693f61fdf67a48ebf7e2d7f6b6a2d91d8f05
R02ZF,SAR_PSEUDOCOLOR,216,7200,C:\research_raw\optical_sar_data\20260721data\derived_frames\pseudocolor_labelstudio_prep_20260722\frames\sar_pseudocolor\R02ZF\frame_000216_t007200ms.jpg,1024,592,55d16606470164c61ae6f20e8c1638701bc13dd738c27c940ed60d048e2d24b3
R02ZF,SAR_PSEUDOCOLOR,217,7233,C:\research_raw\optical_sar_data\20260721data\derived_frames\pseudocolor_labelstudio_prep_20260722\frames\sar_pseudocolor\R02ZF\frame_000217_t007233ms.jpg,1024,592,4554c6fe9637da47dc52390559f3c425c0ceaa6b1138ca1b9937e2852376a135
R02ZF,SAR_PSEUDOCOLOR,218,7267,C:\research_raw\optical_sar_data\20260721data\derived_frames\pseudocolor_labelstudio_prep_20260722\frames\sar_pseudocolor\R02ZF\frame_000218_t007267ms.jpg,1024,592,d623e33860f28860c2971418c72f6e2989b506540b97f7a922970300317baf18
R02ZF,SAR_PSEUDOCOLOR,219,7300,C:\research_raw\optical_sar_data\20260721data\derived_frames\pseudocolor_labelstudio_prep_20260722\frames\sar_pseudocolor\R02ZF\frame_000219_t007300ms.jpg,1024,592,6ab059bf312dc291f521786e33fb79fa3ba83d639de7928897602c73e0a6939b
R02ZF,SAR_PSEUDOCOLOR,220,7333,C:\research_raw\optical_sar_data\20260721data\derived_frames\pseudocolor_labelstudio_prep_20260722\frames\sar_pseudocolor\R02ZF\frame_000220_t007333ms.jpg,1024,592,3989c24163a11507c4edb6120030f669a1001f8b36eb03de868795c55c4e7deb
R02ZF,SAR_PSEUDOCOLOR,221,7367,C:\research_raw\optical_sar_data\20260721data\derived_frames\pseudocolor_labelstudio_prep_20260722\frames\sar_pseudocolor\R02ZF\frame_000221_t007367ms.jpg,1024,592,44a240a9dda6144d8319551c10082e85e2176c25cc6f7811ad60156c00bd1949
R02ZF,SAR_PSEUDOCOLOR,222,7400,C:\research_raw\optical_sar_data\20260721data\derived_frames\pseudocolor_labelstudio_prep_20260722\frames\sar_pseudocolor\R02ZF\frame_000222_t007400ms.jpg,1024,592,f17147c1116b93dad5a4da48775b762c40f54ca99e2f299bde7cb835022cb5b2
R02ZF,SAR_PSEUDOCOLOR,223,7433,C:\research_raw\optical_sar_data\20260721data\derived_frames\pseudocolor_labelstudio_prep_20260722\frames\sar_pseudocolor\R02ZF\frame_000223_t007433ms.jpg,1024,592,25b56873d70e0815719e9a58f630b7e39cbf83d490b77ad2c021257fff06cba8
R02ZF,SAR_PSEUDOCOLOR,224,7467,C:\research_raw\optical_sar_data\20260721data\derived_frames\pseudocolor_labelstudio_prep_20260722\frames\sar_pseudocolor\R02ZF\frame_000224_t007467ms.jpg,1024,592,3d5b8779cd034ffcf406dfae25d1374f38413cb14624bf7d6a5e7cf9488aadcf
R02ZF,SAR_PSEUDOCOLOR,225,7500,C:\research_raw\optical_sar_data\20260721data\derived_frames\pseudocolor_labelstudio_prep_20260722\frames\sar_pseudocolor\R02ZF\frame_000225_t007500ms.jpg,1024,592,480b5a2e91c97324fb5f9779a7b25f21f84ed37415b14eca9306d110f53039b2
R02ZF,SAR_PSEUDOCOLOR,226,7533,C:\research_raw\optical_sar_data\20260721data\derived_frames\pseudocolor_labelstudio_prep_20260722\frames\sar_pseudocolor\R02ZF\frame_000226_t007533ms.jpg,1024,592,8c8d86d706c49e40c5ed359649ab373db8e7e3fa1d7b15bdd75f7d48623ca160
R02ZF,SAR_PSEUDOCOLOR,227,7567,C:\research_raw\optical_sar_data\20260721data\derived_frames\pseudocolor_labelstudio_prep_20260722\frames\sar_pseudocolor\R02ZF\frame_000227_t007567ms.jpg,1024,592,625ef034f03bdf1a9342cc61b7bc0cf5f3452a56039271cc45f58ec31aae405c
R02ZF,SAR_PSEUDOCOLOR,228,7600,C:\research_raw\optical_sar_data\20260721data\derived_frames\pseudocolor_labelstudio_prep_20260722\frames\sar_pseudocolor\R02ZF\frame_000228_t007600ms.jpg,1024,592,5dd2bb14dcb4fba96d8f1de8520cdf4ebb8b84212c3eb310cd153aabf1016ea1
R02ZF,SAR_PSEUDOCOLOR,229,7633,C:\research_raw\optical_sar_data\20260721data\derived_frames\pseudocolor_labelstudio_prep_20260722\frames\sar_pseudocolor\R02ZF\frame_000229_t007633ms.jpg,1024,592,14e7aed9031e5d8bf3a163272e11b7a78ec35145f9ba09191e17d468f1c0136d
R02ZF,SAR_PSEUDOCOLOR,230,7667,C:\research_raw\optical_sar_data\20260721data\derived_frames\pseudocolor_labelstudio_prep_20260722\frames\sar_pseudocolor\R02ZF\frame_000230_t007667ms.jpg,1024,592,29da8791f8a622ea50c4c85e74a5209c4bf1f77cad1c8186fcf96d7ad9693b30
R02ZF,SAR_PSEUDOCOLOR,231,7700,C:\research_raw\optical_sar_data\20260721data\derived_frames\pseudocolor_labelstudio_prep_20260722\frames\sar_pseudocolor\R02ZF\frame_000231_t007700ms.jpg,1024,592,236ece02e7c18123af1ea431bf9fb826112cf1fa7479a54cc32182f6ccdc6b9d
R02ZF,SAR_PSEUDOCOLOR,232,7733,C:\research_raw\optical_sar_data\20260721data\derived_frames\pseudocolor_labelstudio_prep_20260722\frames\sar_pseudocolor\R02ZF\frame_000232_t007733ms.jpg,1024,592,ebb69dac35475c5ef2f78532fcfff61557011e26374f88872245c39bdc97ec80
R02ZF,SAR_PSEUDOCOLOR,233,7767,C:\research_raw\optical_sar_data\20260721data\derived_frames\pseudocolor_labelstudio_prep_20260722\frames\sar_pseudocolor\R02ZF\frame_000233_t007767ms.jpg,1024,592,93c1112dedc494c46620e5eabb9aad909c3d0d94fb27794819704cd0f143d89b
R02ZF,SAR_PSEUDOCOLOR,234,7800,C:\research_raw\optical_sar_data\20260721data\derived_frames\pseudocolor_labelstudio_prep_20260722\frames\sar_pseudocolor\R02ZF\frame_000234_t007800ms.jpg,1024,592,80d8cd3a514db67de0742d2e95f6ab7161a4af707e372551ef11c370e73e5a1f
R02ZF,SAR_PSEUDOCOLOR,235,7833,C:\research_raw\optical_sar_data\20260721data\derived_frames\pseudocolor_labelstudio_prep_20260722\frames\sar_pseudocolor\R02ZF\frame_000235_t007833ms.jpg,1024,592,80470c5f997e9c616a0f592dc5e52b625e4907931d7982abc110fe74964cacf5
R02ZF,SAR_PSEUDOCOLOR,236,7867,C:\research_raw\optical_sar_data\20260721data\derived_frames\pseudocolor_labelstudio_prep_20260722\frames\sar_pseudocolor\R02ZF\frame_000236_t007867ms.jpg,1024,592,2b115b1caef703d760a8f543930948834d5e28f594c67f6328a39c81ba6b9747
R02ZF,SAR_PSEUDOCOLOR,237,7900,C:\research_raw\optical_sar_data\20260721data\derived_frames\pseudocolor_labelstudio_prep_20260722\frames\sar_pseudocolor\R02ZF\frame_000237_t007900ms.jpg,1024,592,e9ac18ccac146414a4265fcc20823dde2cf356284501af29f20bffcb303be662
R02ZF,SAR_PSEUDOCOLOR,238,7933,C:\research_raw\optical_sar_data\20260721data\derived_frames\pseudocolor_labelstudio_prep_20260722\frames\sar_pseudocolor\R02ZF\frame_000238_t007933ms.jpg,1024,592,1febe57dfa1cad1107c792dafb1e542bc64d509efbd34ab57c5be9965007eed8
R02ZF,SAR_PSEUDOCOLOR,239,7967,C:\research_raw\optical_sar_data\20260721data\derived_frames\pseudocolor_labelstudio_prep_20260722\frames\sar_pseudocolor\R02ZF\frame_000239_t007967ms.jpg,1024,592,62b3b66639bec48336ce6121a8cfe52325e49c8344f04730927d52d474485cbb
R02ZF,SAR_PSEUDOCOLOR,240,8000,C:\research_raw\optical_sar_data\20260721data\derived_frames\pseudocolor_labelstudio_prep_20260722\frames\sar_pseudocolor\R02ZF\frame_000240_t008000ms.jpg,1024,592,3da27b5bee049ec1aa47089fa8745f38e19c0b9951ef0809d2af6819e562bac1
R02ZF,SAR_PSEUDOCOLOR,241,8033,C:\research_raw\optical_sar_data\20260721data\derived_frames\pseudocolor_labelstudio_prep_20260722\frames\sar_pseudocolor\R02ZF\frame_000241_t008033ms.jpg,1024,592,c7e3eb9f92f80eccaa818c9def4cfa100cb388d1e5370664fda657560ff35bbe
R02ZF,SAR_PSEUDOCOLOR,242,8067,C:\research_raw\optical_sar_data\20260721data\derived_frames\pseudocolor_labelstudio_prep_20260722\frames\sar_pseudocolor\R02ZF\frame_000242_t008067ms.jpg,1024,592,eead0c88349b7bc58444b1aa7094fa7f54318d9ea5931b4f47544da634c577a8
R02ZF,SAR_PSEUDOCOLOR,243,8100,C:\research_raw\optical_sar_data\20260721data\derived_frames\pseudocolor_labelstudio_prep_20260722\frames\sar_pseudocolor\R02ZF\frame_000243_t008100ms.jpg,1024,592,43c50912c037229fc713155d8946476076cc2cc96d4232016d72246ceb347859
R02ZF,SAR_PSEUDOCOLOR,244,8133,C:\research_raw\optical_sar_data\20260721data\derived_frames\pseudocolor_labelstudio_prep_20260722\frames\sar_pseudocolor\R02ZF\frame_000244_t008133ms.jpg,1024,592,6213f203dfc629cca9de034756008d1e460dc340b1c9d5c12427435c25ff1b09
R02ZF,SAR_PSEUDOCOLOR,245,8167,C:\research_raw\optical_sar_data\20260721data\derived_frames\pseudocolor_labelstudio_prep_20260722\frames\sar_pseudocolor\R02ZF\frame_000245_t008167ms.jpg,1024,592,b9a4177a07991161c01ca940ea0da996d660ef7886a78cec30c9df8fbd1c5934
R02ZF,SAR_PSEUDOCOLOR,246,8200,C:\research_raw\optical_sar_data\20260721data\derived_frames\pseudocolor_labelstudio_prep_20260722\frames\sar_pseudocolor\R02ZF\frame_000246_t008200ms.jpg,1024,592,9ae7dada319d2068924b6cf0b151158c0f5316fe5fcc90ec8eb265340ef61115
R02ZF,SAR_PSEUDOCOLOR,247,8233,C:\research_raw\optical_sar_data\20260721data\derived_frames\pseudocolor_labelstudio_prep_20260722\frames\sar_pseudocolor\R02ZF\frame_000247_t008233ms.jpg,1024,592,ab0b02dd146b968b96ac386d9ba117215b1be0ba0eb11676f6700ca49b9070dc
R02ZF,SAR_PSEUDOCOLOR,248,8267,C:\research_raw\optical_sar_data\20260721data\derived_frames\pseudocolor_labelstudio_prep_20260722\frames\sar_pseudocolor\R02ZF\frame_000248_t008267ms.jpg,1024,592,fb95f7074af1711fd7d2992984956677d82df85ce01226e4815046d28309a082
R02ZF,SAR_PSEUDOCOLOR,249,8300,C:\research_raw\optical_sar_data\20260721data\derived_frames\pseudocolor_labelstudio_prep_20260722\frames\sar_pseudocolor\R02ZF\frame_000249_t008300ms.jpg,1024,592,c508aea89595feff67b4f2c453724a1c896818b618153fd9d915230901ec0cc0
R02ZF,SAR_PSEUDOCOLOR,250,8333,C:\research_raw\optical_sar_data\20260721data\derived_frames\pseudocolor_labelstudio_prep_20260722\frames\sar_pseudocolor\R02ZF\frame_000250_t008333ms.jpg,1024,592,0ba857db15a6e62f92187d5f27dff13d1b992ab2f5cb38d4e179eeaf9050c08b
R02ZF,SAR_PSEUDOCOLOR,251,8367,C:\research_raw\optical_sar_data\20260721data\derived_frames\pseudocolor_labelstudio_prep_20260722\frames\sar_pseudocolor\R02ZF\frame_000251_t008367ms.jpg,1024,592,5391906a50fdb03e173da20a814a8429a088bc11838da671d9b889f238de4bc4
R02ZF,SAR_PSEUDOCOLOR,252,8400,C:\research_raw\optical_sar_data\20260721data\derived_frames\pseudocolor_labelstudio_prep_20260722\frames\sar_pseudocolor\R02ZF\frame_000252_t008400ms.jpg,1024,592,c65434f8e565a7c6dac00d205ed2766fdd5d6a2b88b6ca8db404321ebd58a274
R02ZF,SAR_PSEUDOCOLOR,253,8433,C:\research_raw\optical_sar_data\20260721data\derived_frames\pseudocolor_labelstudio_prep_20260722\frames\sar_pseudocolor\R02ZF\frame_000253_t008433ms.jpg,1024,592,767f93a89c463d479d00f5191f53f7a48fe0ba51dd094c368721a8a33f0121fb
R02ZF,SAR_PSEUDOCOLOR,254,8467,C:\research_raw\optical_sar_data\20260721data\derived_frames\pseudocolor_labelstudio_prep_20260722\frames\sar_pseudocolor\R02ZF\frame_000254_t008467ms.jpg,1024,592,dfa0560591b5dc988198c087df877f6ef1dc0315b1ae081abe83c146dec501bf
R02ZF,SAR_PSEUDOCOLOR,255,8500,C:\research_raw\optical_sar_data\20260721data\derived_frames\pseudocolor_labelstudio_prep_20260722\frames\sar_pseudocolor\R02ZF\frame_000255_t008500ms.jpg,1024,592,d0aea6d178ec633acfe12be458b14c0b7079b2bc3fb73a8a92d2282dc8f7b909
R02ZF,SAR_PSEUDOCOLOR,256,8533,C:\research_raw\optical_sar_data\20260721data\derived_frames\pseudocolor_labelstudio_prep_20260722\frames\sar_pseudocolor\R02ZF\frame_000256_t008533ms.jpg,1024,592,cada10742b1ecfd1c5d3905dc64915e7118faaa9582deaa3f346975860220746
R02ZF,SAR_PSEUDOCOLOR,257,8567,C:\research_raw\optical_sar_data\20260721data\derived_frames\pseudocolor_labelstudio_prep_20260722\frames\sar_pseudocolor\R02ZF\frame_000257_t008567ms.jpg,1024,592,1cde196026ff9cea0f60877572faf7081a827424b05505812b7746225b801bae
R02ZF,SAR_PSEUDOCOLOR,258,8600,C:\research_raw\optical_sar_data\20260721data\derived_frames\pseudocolor_labelstudio_prep_20260722\frames\sar_pseudocolor\R02ZF\frame_000258_t008600ms.jpg,1024,592,771e775276087f5f9216bcb1877a6a8f6df17a2dcfe79dcbac1017a3e96ca460
R02ZF,SAR_PSEUDOCOLOR,259,8633,C:\research_raw\optical_sar_data\20260721data\derived_frames\pseudocolor_labelstudio_prep_20260722\frames\sar_pseudocolor\R02ZF\frame_000259_t008633ms.jpg,1024,592,a23947ac6975381ac6019413e2906348356eb625a12cc3c5b60c88a84b496611
R02ZF,SAR_PSEUDOCOLOR,260,8667,C:\research_raw\optical_sar_data\20260721data\derived_frames\pseudocolor_labelstudio_prep_20260722\frames\sar_pseudocolor\R02ZF\frame_000260_t008667ms.jpg,1024,592,f47930159e27320d8e3423c5c22a200cfd4c09f5a6002be3254b4131fc1c7140
R02ZF,SAR_PSEUDOCOLOR,261,8700,C:\research_raw\optical_sar_data\20260721data\derived_frames\pseudocolor_labelstudio_prep_20260722\frames\sar_pseudocolor\R02ZF\frame_000261_t008700ms.jpg,1024,592,c55ffbb8781c5d10aa6c4120b96e7cb5242aebec34d8afdc37c204227cbbbe80
R02ZF,SAR_PSEUDOCOLOR,262,8733,C:\research_raw\optical_sar_data\20260721data\derived_frames\pseudocolor_labelstudio_prep_20260722\frames\sar_pseudocolor\R02ZF\frame_000262_t008733ms.jpg,1024,592,cc92dbdf530fa55be8891809831ac575c42425bf5541d625bf0255a364ee14cc
R02ZF,SAR_PSEUDOCOLOR,263,8767,C:\research_raw\optical_sar_data\20260721data\derived_frames\pseudocolor_labelstudio_prep_20260722\frames\sar_pseudocolor\R02ZF\frame_000263_t008767ms.jpg,1024,592,e15381cc6d982f31373a9a5c08219f9e5b6fb41af95e80a97a289665cebfb254
R02ZF,SAR_PSEUDOCOLOR,264,8800,C:\research_raw\optical_sar_data\20260721data\derived_frames\pseudocolor_labelstudio_prep_20260722\frames\sar_pseudocolor\R02ZF\frame_000264_t008800ms.jpg,1024,592,2061defa1c6b184ea6c2f2ad21a12b0ba1fe2462e52500ccd4f60f04394c858d
R02ZF,SAR_PSEUDOCOLOR,265,8833,C:\research_raw\optical_sar_data\20260721data\derived_frames\pseudocolor_labelstudio_prep_20260722\frames\sar_pseudocolor\R02ZF\frame_000265_t008833ms.jpg,1024,592,4d961be6b6670c1b77a82d35fd2fe4262ca6e4181a26829a54227e1ccb032c36
R02ZF,SAR_PSEUDOCOLOR,266,8867,C:\research_raw\optical_sar_data\20260721data\derived_frames\pseudocolor_labelstudio_prep_20260722\frames\sar_pseudocolor\R02ZF\frame_000266_t008867ms.jpg,1024,592,af5a19af3066606d0cf1152e61b240a75a40a04d73ccb2e20eef97eba74613f8
R02ZF,SAR_PSEUDOCOLOR,267,8900,C:\research_raw\optical_sar_data\20260721data\derived_frames\pseudocolor_labelstudio_prep_20260722\frames\sar_pseudocolor\R02ZF\frame_000267_t008900ms.jpg,1024,592,b0f73d53c97e1f8a847038d3f7444a90edc9fc50fcf79c17f8fe29a789f7db15
R02ZF,SAR_PSEUDOCOLOR,268,8933,C:\research_raw\optical_sar_data\20260721data\derived_frames\pseudocolor_labelstudio_prep_20260722\frames\sar_pseudocolor\R02ZF\frame_000268_t008933ms.jpg,1024,592,b0ba146c86b2f55d744123da875f5714def11dd9fee2d5fbb8cf4d039e8bbb0e
R02ZF,SAR_PSEUDOCOLOR,269,8967,C:\research_raw\optical_sar_data\20260721data\derived_frames\pseudocolor_labelstudio_prep_20260722\frames\sar_pseudocolor\R02ZF\frame_000269_t008967ms.jpg,1024,592,c85f9e21d75a5d4a997d01b77aa4af1b456f4e44a2f1f7c5ab93569e9868f93e
R02ZF,SAR_PSEUDOCOLOR,270,9000,C:\research_raw\optical_sar_data\20260721data\derived_frames\pseudocolor_labelstudio_prep_20260722\frames\sar_pseudocolor\R02ZF\frame_000270_t009000ms.jpg,1024,592,6b9cfbe8280ac8da454a915926a3c29c128ff902cc58d03bdf3b1e1bc16488db
R02ZF,SAR_PSEUDOCOLOR,271,9033,C:\research_raw\optical_sar_data\20260721data\derived_frames\pseudocolor_labelstudio_prep_20260722\frames\sar_pseudocolor\R02ZF\frame_000271_t009033ms.jpg,1024,592,322253d28af3945ac5898b4cbce6cc8b2d104ceed93d0d19717f9e0e8359370a
R02ZF,SAR_PSEUDOCOLOR,272,9067,C:\research_raw\optical_sar_data\20260721data\derived_frames\pseudocolor_labelstudio_prep_20260722\frames\sar_pseudocolor\R02ZF\frame_000272_t009067ms.jpg,1024,592,9775b128058637242a17c04b92bdb65291acfc819ee0e110e8675e46c0874ced
R02ZF,SAR_PSEUDOCOLOR,273,9100,C:\research_raw\optical_sar_data\20260721data\derived_frames\pseudocolor_labelstudio_prep_20260722\frames\sar_pseudocolor\R02ZF\frame_000273_t009100ms.jpg,1024,592,20c2b01e5e50c44c68b7a27fcbcc79bf3762c2b9fbb38b2de18aedb4887b1492
R02ZF,SAR_PSEUDOCOLOR,274,9133,C:\research_raw\optical_sar_data\20260721data\derived_frames\pseudocolor_labelstudio_prep_20260722\frames\sar_pseudocolor\R02ZF\frame_000274_t009133ms.jpg,1024,592,eb5000eeb21603b36c4edb4bfc80a91b04b618410e9ae60009ab5576186db6bf
R02ZF,SAR_PSEUDOCOLOR,275,9167,C:\research_raw\optical_sar_data\20260721data\derived_frames\pseudocolor_labelstudio_prep_20260722\frames\sar_pseudocolor\R02ZF\frame_000275_t009167ms.jpg,1024,592,f126a7b1a3b36fa100df30c61c37b1b4d8bee808aacda5a4a86d7f491bae684c
R02ZF,SAR_PSEUDOCOLOR,276,9200,C:\research_raw\optical_sar_data\20260721data\derived_frames\pseudocolor_labelstudio_prep_20260722\frames\sar_pseudocolor\R02ZF\frame_000276_t009200ms.jpg,1024,592,9babb6e03f41ead4440fd5ccfc32019d2f913a6f975435fb9f07af36ec9033e1
R02ZF,SAR_PSEUDOCOLOR,277,9233,C:\research_raw\optical_sar_data\20260721data\derived_frames\pseudocolor_labelstudio_prep_20260722\frames\sar_pseudocolor\R02ZF\frame_000277_t009233ms.jpg,1024,592,64a7b3da13270ac58acb683c4edc25cc5b8c2af376a847de67a2f73109a7be59
R02ZF,SAR_PSEUDOCOLOR,278,9267,C:\research_raw\optical_sar_data\20260721data\derived_frames\pseudocolor_labelstudio_prep_20260722\frames\sar_pseudocolor\R02ZF\frame_000278_t009267ms.jpg,1024,592,f627da4c7edd9b63a8eba7a63feca7a40c2c09792234082cda8e9e029c8c0116
R02ZF,SAR_PSEUDOCOLOR,279,9300,C:\research_raw\optical_sar_data\20260721data\derived_frames\pseudocolor_labelstudio_prep_20260722\frames\sar_pseudocolor\R02ZF\frame_000279_t009300ms.jpg,1024,592,b89e732da682d396bfed08a3e8efa014992b2be928ff17994b09a178fd4784bc
R02ZF,SAR_PSEUDOCOLOR,280,9333,C:\research_raw\optical_sar_data\20260721data\derived_frames\pseudocolor_labelstudio_prep_20260722\frames\sar_pseudocolor\R02ZF\frame_000280_t009333ms.jpg,1024,592,66eed3cca7d66b4c65e5297a9d0860ec1b21de34d72ab7bde230718a4d83605b
R02ZF,SAR_PSEUDOCOLOR,281,9367,C:\research_raw\optical_sar_data\20260721data\derived_frames\pseudocolor_labelstudio_prep_20260722\frames\sar_pseudocolor\R02ZF\frame_000281_t009367ms.jpg,1024,592,4943f45eab7398d5ad734600d60127949e625a8a0d665f51bd4f60232f359e53
R02ZF,SAR_PSEUDOCOLOR,282,9400,C:\research_raw\optical_sar_data\20260721data\derived_frames\pseudocolor_labelstudio_prep_20260722\frames\sar_pseudocolor\R02ZF\frame_000282_t009400ms.jpg,1024,592,da397b8eb2efed83229090b8f0bb6e697bbddee23c06ccf436f4f9430e50d5b1
R02ZF,SAR_PSEUDOCOLOR,283,9433,C:\research_raw\optical_sar_data\20260721data\derived_frames\pseudocolor_labelstudio_prep_20260722\frames\sar_pseudocolor\R02ZF\frame_000283_t009433ms.jpg,1024,592,d60ef6a94291e9c72a17e1fd79c31d8fc35b1f40f456bd0a68a5cead42d77861
R02ZF,SAR_PSEUDOCOLOR,284,9467,C:\research_raw\optical_sar_data\20260721data\derived_frames\pseudocolor_labelstudio_prep_20260722\frames\sar_pseudocolor\R02ZF\frame_000284_t009467ms.jpg,1024,592,0794e0d7b29a0511770018b67e6c47b86ca3d73486a91bc55effaf1b2b764ba3
R02ZF,SAR_PSEUDOCOLOR,285,9500,C:\research_raw\optical_sar_data\20260721data\derived_frames\pseudocolor_labelstudio_prep_20260722\frames\sar_pseudocolor\R02ZF\frame_000285_t009500ms.jpg,1024,592,3b187ae9aa7de4b0329517b8400b5b447b47a3e866e52687d7b423fbdc545f91
R02ZF,SAR_PSEUDOCOLOR,286,9533,C:\research_raw\optical_sar_data\20260721data\derived_frames\pseudocolor_labelstudio_prep_20260722\frames\sar_pseudocolor\R02ZF\frame_000286_t009533ms.jpg,1024,592,bbd2ac933d783f9dfed2f7fe027c221027d18a45273d895cbe297878a7c5e283
R02ZF,SAR_PSEUDOCOLOR,287,9567,C:\research_raw\optical_sar_data\20260721data\derived_frames\pseudocolor_labelstudio_prep_20260722\frames\sar_pseudocolor\R02ZF\frame_000287_t009567ms.jpg,1024,592,def20f5a41c39424fb7dfb18607fed7b6742c11981518a7e3978cb7aa5dffcdf
R02ZF,SAR_PSEUDOCOLOR,288,9600,C:\research_raw\optical_sar_data\20260721data\derived_frames\pseudocolor_labelstudio_prep_20260722\frames\sar_pseudocolor\R02ZF\frame_000288_t009600ms.jpg,1024,592,923b88ee1c36018c1f04eb095b6a604e22a59cde41fc638aba8a81a7d3b1caa7
R02ZF,SAR_PSEUDOCOLOR,289,9633,C:\research_raw\optical_sar_data\20260721data\derived_frames\pseudocolor_labelstudio_prep_20260722\frames\sar_pseudocolor\R02ZF\frame_000289_t009633ms.jpg,1024,592,0da8995cb473e091fc87e8e1490985e192acbc45033e0e8c2c94ff942881a097
R02ZF,SAR_PSEUDOCOLOR,290,9667,C:\research_raw\optical_sar_data\20260721data\derived_frames\pseudocolor_labelstudio_prep_20260722\frames\sar_pseudocolor\R02ZF\frame_000290_t009667ms.jpg,1024,592,81170316c224c2df41e53f7c43d1cda99412e43adac5a6b35b9839499346a7a7
R02ZF,SAR_PSEUDOCOLOR,291,9700,C:\research_raw\optical_sar_data\20260721data\derived_frames\pseudocolor_labelstudio_prep_20260722\frames\sar_pseudocolor\R02ZF\frame_000291_t009700ms.jpg,1024,592,54772d468795aca2bbaf15fa748a11f3d5d452102b3cbd87ec5424aeba8003cd
R02ZF,SAR_PSEUDOCOLOR,292,9733,C:\research_raw\optical_sar_data\20260721data\derived_frames\pseudocolor_labelstudio_prep_20260722\frames\sar_pseudocolor\R02ZF\frame_000292_t009733ms.jpg,1024,592,e766e709baf3ccc93515b91c35be6a7d36f89bc772e8eef8c2af028b3c83cb77
R02ZF,SAR_PSEUDOCOLOR,293,9767,C:\research_raw\optical_sar_data\20260721data\derived_frames\pseudocolor_labelstudio_prep_20260722\frames\sar_pseudocolor\R02ZF\frame_000293_t009767ms.jpg,1024,592,2c715576f3c78ff9e593e8fda0a83fe9f29f8fa2dc5b5537ec34b2e202cacfc7
R02ZF,SAR_PSEUDOCOLOR,294,9800,C:\research_raw\optical_sar_data\20260721data\derived_frames\pseudocolor_labelstudio_prep_20260722\frames\sar_pseudocolor\R02ZF\frame_000294_t009800ms.jpg,1024,592,cf734454ba303dbc3440239d0fbbdf8f4cf11de6a78cc2c7b782872fbd93ec6c
R02ZF,SAR_PSEUDOCOLOR,295,9833,C:\research_raw\optical_sar_data\20260721data\derived_frames\pseudocolor_labelstudio_prep_20260722\frames\sar_pseudocolor\R02ZF\frame_000295_t009833ms.jpg,1024,592,f199542c94e94ab3c6e2b6d710c3671b31afbc19863b037b72614863bfab0603
R02ZF,SAR_PSEUDOCOLOR,296,9867,C:\research_raw\optical_sar_data\20260721data\derived_frames\pseudocolor_labelstudio_prep_20260722\frames\sar_pseudocolor\R02ZF\frame_000296_t009867ms.jpg,1024,592,b8741870ab8ad72f384fa41b5090b3318744aa49e01458218bb1eda4159f09d2
R02ZF,SAR_PSEUDOCOLOR,297,9900,C:\research_raw\optical_sar_data\20260721data\derived_frames\pseudocolor_labelstudio_prep_20260722\frames\sar_pseudocolor\R02ZF\frame_000297_t009900ms.jpg,1024,592,74fe16f6fd224086c172c1b649c7ed027896e60583cff921ac4924f2434b8e88
R02ZF,SAR_PSEUDOCOLOR,298,9933,C:\research_raw\optical_sar_data\20260721data\derived_frames\pseudocolor_labelstudio_prep_20260722\frames\sar_pseudocolor\R02ZF\frame_000298_t009933ms.jpg,1024,592,c48701ee7abdcb4eaa39364472dda25a2d4d8eee1e0ed86f968f4eb7cf4bb6f2
R02ZF,SAR_PSEUDOCOLOR,299,9967,C:\research_raw\optical_sar_data\20260721data\derived_frames\pseudocolor_labelstudio_prep_20260722\frames\sar_pseudocolor\R02ZF\frame_000299_t009967ms.jpg,1024,592,848c4a00839bd21bbd58f9be2d76c4fe86dc0a80bdc1b66a099272b9a0bf15b4
R02ZF,SAR_PSEUDOCOLOR,300,10000,C:\research_raw\optical_sar_data\20260721data\derived_frames\pseudocolor_labelstudio_prep_20260722\frames\sar_pseudocolor\R02ZF\frame_000300_t010000ms.jpg,1024,592,8b7d843da29d91c18174478418520ce9b718cec01e2cf74ec2a3c8752e2c2ebe
R02ZF,SAR_PSEUDOCOLOR,301,10033,C:\research_raw\optical_sar_data\20260721data\derived_frames\pseudocolor_labelstudio_prep_20260722\frames\sar_pseudocolor\R02ZF\frame_000301_t010033ms.jpg,1024,592,b875556a87aee91794bbacc219332701f7e9e4e9dbaffcc092138aa1510d9d07
R02ZF,SAR_PSEUDOCOLOR,302,10067,C:\research_raw\optical_sar_data\20260721data\derived_frames\pseudocolor_labelstudio_prep_20260722\frames\sar_pseudocolor\R02ZF\frame_000302_t010067ms.jpg,1024,592,3b9b2ad7dfaf76bb9a3286ef06f3bb672afeb1b5523a37f4c43be3866a63e35a
R02ZF,SAR_PSEUDOCOLOR,303,10100,C:\research_raw\optical_sar_data\20260721data\derived_frames\pseudocolor_labelstudio_prep_20260722\frames\sar_pseudocolor\R02ZF\frame_000303_t010100ms.jpg,1024,592,606ca9438b387fe49ad933f8c7ed159823034b2a9433fd04e2830be8ddadebff
R02ZF,SAR_PSEUDOCOLOR,304,10133,C:\research_raw\optical_sar_data\20260721data\derived_frames\pseudocolor_labelstudio_prep_20260722\frames\sar_pseudocolor\R02ZF\frame_000304_t010133ms.jpg,1024,592,89c509170880aceadfa2e3925051412fa22b85d8cdef4bc06aa7fea2bc58dff4
R02ZF,SAR_PSEUDOCOLOR,305,10167,C:\research_raw\optical_sar_data\20260721data\derived_frames\pseudocolor_labelstudio_prep_20260722\frames\sar_pseudocolor\R02ZF\frame_000305_t010167ms.jpg,1024,592,7df1eca8c7718f09b1960b5d6580013af6812518f362a8c91d61eebf3e79ecfe
R02ZF,SAR_PSEUDOCOLOR,306,10200,C:\research_raw\optical_sar_data\20260721data\derived_frames\pseudocolor_labelstudio_prep_20260722\frames\sar_pseudocolor\R02ZF\frame_000306_t010200ms.jpg,1024,592,4bdc8e849d9677385d3b54a41e133a6401f0e6d89c3bc914332009797b1cb572
R02ZF,SAR_PSEUDOCOLOR,307,10233,C:\research_raw\optical_sar_data\20260721data\derived_frames\pseudocolor_labelstudio_prep_20260722\frames\sar_pseudocolor\R02ZF\frame_000307_t010233ms.jpg,1024,592,db8445caf27057af472a0a434c65f36883b58e77cdabc4197eb316d5597c2707
R02ZF,SAR_PSEUDOCOLOR,308,10267,C:\research_raw\optical_sar_data\20260721data\derived_frames\pseudocolor_labelstudio_prep_20260722\frames\sar_pseudocolor\R02ZF\frame_000308_t010267ms.jpg,1024,592,287839ec5cdae5d71197eabd45065b1dbeeb6cbb42db4847efdbdb590a5a8cf3
R02ZF,SAR_PSEUDOCOLOR,309,10300,C:\research_raw\optical_sar_data\20260721data\derived_frames\pseudocolor_labelstudio_prep_20260722\frames\sar_pseudocolor\R02ZF\frame_000309_t010300ms.jpg,1024,592,ce8877cc72d188ee4f801e9662de5e3f7eb7115314059e82db6143039bfe386f
R02ZF,SAR_PSEUDOCOLOR,310,10333,C:\research_raw\optical_sar_data\20260721data\derived_frames\pseudocolor_labelstudio_prep_20260722\frames\sar_pseudocolor\R02ZF\frame_000310_t010333ms.jpg,1024,592,10847ff345ab987d8771398ab1a21225b1cfb65fc5d5db47453cc7a884764743
R02ZF,SAR_PSEUDOCOLOR,311,10367,C:\research_raw\optical_sar_data\20260721data\derived_frames\pseudocolor_labelstudio_prep_20260722\frames\sar_pseudocolor\R02ZF\frame_000311_t010367ms.jpg,1024,592,191eaab6775fd4d4905989748ddbf6dbc480a60ceb26570f84a742a9d6b62f06
R02ZF,SAR_PSEUDOCOLOR,312,10400,C:\research_raw\optical_sar_data\20260721data\derived_frames\pseudocolor_labelstudio_prep_20260722\frames\sar_pseudocolor\R02ZF\frame_000312_t010400ms.jpg,1024,592,a49bb108ace816104edd325811aaa105e60aeb61d754718b0520b7b53da7d007
R02ZF,SAR_PSEUDOCOLOR,313,10433,C:\research_raw\optical_sar_data\20260721data\derived_frames\pseudocolor_labelstudio_prep_20260722\frames\sar_pseudocolor\R02ZF\frame_000313_t010433ms.jpg,1024,592,7f0facbb52d737a4343882f3e72a101e21b44e889d9ea57f7600a5d123e6d956
R02ZF,SAR_PSEUDOCOLOR,314,10467,C:\research_raw\optical_sar_data\20260721data\derived_frames\pseudocolor_labelstudio_prep_20260722\frames\sar_pseudocolor\R02ZF\frame_000314_t010467ms.jpg,1024,592,32b3ae182de17e26aacdbf3a866073159098b3b6f41b910afbd2350493cebce0
R02ZF,SAR_PSEUDOCOLOR,315,10500,C:\research_raw\optical_sar_data\20260721data\derived_frames\pseudocolor_labelstudio_prep_20260722\frames\sar_pseudocolor\R02ZF\frame_000315_t010500ms.jpg,1024,592,a65b540a58120f746b39c19e113b26366dcf340d67c5e397b262c33044b400c0
R02ZF,SAR_PSEUDOCOLOR,316,10533,C:\research_raw\optical_sar_data\20260721data\derived_frames\pseudocolor_labelstudio_prep_20260722\frames\sar_pseudocolor\R02ZF\frame_000316_t010533ms.jpg,1024,592,1126fd9bc7231827b8758cbee66485a5e3de726416f491b9e9056f4a4c3d4f52
R02ZF,SAR_PSEUDOCOLOR,317,10567,C:\research_raw\optical_sar_data\20260721data\derived_frames\pseudocolor_labelstudio_prep_20260722\frames\sar_pseudocolor\R02ZF\frame_000317_t010567ms.jpg,1024,592,39a7f27f50d2a1203d921d9e9afec13a38497567d5ae60b2ed9e55dd22f766f9
R02ZF,SAR_PSEUDOCOLOR,318,10600,C:\research_raw\optical_sar_data\20260721data\derived_frames\pseudocolor_labelstudio_prep_20260722\frames\sar_pseudocolor\R02ZF\frame_000318_t010600ms.jpg,1024,592,95b291b2a0f62845db50dd7e5738b70b2611bf2e2b1bbe84e3e55fbc13e7c1eb
R02ZF,SAR_PSEUDOCOLOR,319,10633,C:\research_raw\optical_sar_data\20260721data\derived_frames\pseudocolor_labelstudio_prep_20260722\frames\sar_pseudocolor\R02ZF\frame_000319_t010633ms.jpg,1024,592,5d113cf2032b63cde57d3a6f397611d10b48b80d1ef96de4b1844f17439ca4ef
R02ZF,SAR_PSEUDOCOLOR,320,10667,C:\research_raw\optical_sar_data\20260721data\derived_frames\pseudocolor_labelstudio_prep_20260722\frames\sar_pseudocolor\R02ZF\frame_000320_t010667ms.jpg,1024,592,9c83fd590f84a2d2065703ce42fd5b82776c1be59881846d5d8ed2acd955e0f7
R02ZF,SAR_PSEUDOCOLOR,321,10700,C:\research_raw\optical_sar_data\20260721data\derived_frames\pseudocolor_labelstudio_prep_20260722\frames\sar_pseudocolor\R02ZF\frame_000321_t010700ms.jpg,1024,592,7d57693b664e5bbfb9cc9ae5553eb3376195363b77d55e14442ca327226786a9
R02ZF,SAR_PSEUDOCOLOR,322,10733,C:\research_raw\optical_sar_data\20260721data\derived_frames\pseudocolor_labelstudio_prep_20260722\frames\sar_pseudocolor\R02ZF\frame_000322_t010733ms.jpg,1024,592,4396f83f19a0cb970d95cf93d2f35f929d1d6f2377be766313d29e98011941af
R02ZF,SAR_PSEUDOCOLOR,323,10767,C:\research_raw\optical_sar_data\20260721data\derived_frames\pseudocolor_labelstudio_prep_20260722\frames\sar_pseudocolor\R02ZF\frame_000323_t010767ms.jpg,1024,592,e83bc947fb78b870f32c4811224ef15389199c66a1c43e885e94b46a5b5bb3b4
R02ZF,SAR_PSEUDOCOLOR,324,10800,C:\research_raw\optical_sar_data\20260721data\derived_frames\pseudocolor_labelstudio_prep_20260722\frames\sar_pseudocolor\R02ZF\frame_000324_t010800ms.jpg,1024,592,837198deab01385ad252e129de073c18a62fff18daee2601b805895c0676757c
R02ZF,SAR_PSEUDOCOLOR,325,10833,C:\research_raw\optical_sar_data\20260721data\derived_frames\pseudocolor_labelstudio_prep_20260722\frames\sar_pseudocolor\R02ZF\frame_000325_t010833ms.jpg,1024,592,f44f717624c0d95f8eb7d8d1a223251216e26cfe55f71be6b4239c0dd6a8c194
R02ZF,SAR_PSEUDOCOLOR,326,10867,C:\research_raw\optical_sar_data\20260721data\derived_frames\pseudocolor_labelstudio_prep_20260722\frames\sar_pseudocolor\R02ZF\frame_000326_t010867ms.jpg,1024,592,81e40b47dd12f9b9fc34e25a7de527273585067c2a253fea02390fabba252110
R02ZF,SAR_PSEUDOCOLOR,327,10900,C:\research_raw\optical_sar_data\20260721data\derived_frames\pseudocolor_labelstudio_prep_20260722\frames\sar_pseudocolor\R02ZF\frame_000327_t010900ms.jpg,1024,592,c21f8acdf4bf96e3ec4dde4f49f2440309a68b6e0a853220129e9f1e80c44d25
R02ZF,SAR_PSEUDOCOLOR,328,10933,C:\research_raw\optical_sar_data\20260721data\derived_frames\pseudocolor_labelstudio_prep_20260722\frames\sar_pseudocolor\R02ZF\frame_000328_t010933ms.jpg,1024,592,b029e0cde02799a6a869a24bc4456481067bd4741f190255ca6ab808e0a43093
R02ZF,SAR_PSEUDOCOLOR,329,10967,C:\research_raw\optical_sar_data\20260721data\derived_frames\pseudocolor_labelstudio_prep_20260722\frames\sar_pseudocolor\R02ZF\frame_000329_t010967ms.jpg,1024,592,cf452836fed25e900645a60009e063cc2d7c66579579906f02a79b8f78ac7e1e
R02ZF,SAR_PSEUDOCOLOR,330,11000,C:\research_raw\optical_sar_data\20260721data\derived_frames\pseudocolor_labelstudio_prep_20260722\frames\sar_pseudocolor\R02ZF\frame_000330_t011000ms.jpg,1024,592,bf3b5597c2e44578bfd9c506f1608b14d7055c65514ff51062e6dbfc64aae493
R02ZF,SAR_PSEUDOCOLOR,331,11033,C:\research_raw\optical_sar_data\20260721data\derived_frames\pseudocolor_labelstudio_prep_20260722\frames\sar_pseudocolor\R02ZF\frame_000331_t011033ms.jpg,1024,592,137e812bf3df5763904b01691756ff3c014e3031cee67aca1eb6e9c2f2bdd8cd
R02ZF,SAR_PSEUDOCOLOR,332,11067,C:\research_raw\optical_sar_data\20260721data\derived_frames\pseudocolor_labelstudio_prep_20260722\frames\sar_pseudocolor\R02ZF\frame_000332_t011067ms.jpg,1024,592,35a7aeed7035cd7b8f210cb976ef4a3d3dc1b1f7f006d4e8d5ca389ef4b34d74
R02ZF,SAR_PSEUDOCOLOR,333,11100,C:\research_raw\optical_sar_data\20260721data\derived_frames\pseudocolor_labelstudio_prep_20260722\frames\sar_pseudocolor\R02ZF\frame_000333_t011100ms.jpg,1024,592,987970bd688db8c1a125d1ca4d65c78912c1c9f43fbba5c2dc2561d1ddac5c2a
R02ZF,SAR_PSEUDOCOLOR,334,11133,C:\research_raw\optical_sar_data\20260721data\derived_frames\pseudocolor_labelstudio_prep_20260722\frames\sar_pseudocolor\R02ZF\frame_000334_t011133ms.jpg,1024,592,53c68e932679cf405b9e721f08a5679cf12bb086646b6ec461c6197d473b02c4
R02ZF,SAR_PSEUDOCOLOR,335,11167,C:\research_raw\optical_sar_data\20260721data\derived_frames\pseudocolor_labelstudio_prep_20260722\frames\sar_pseudocolor\R02ZF\frame_000335_t011167ms.jpg,1024,592,e4268a6c8384edc0d45c813439b42fa0d35480b55bff432da8bc8d86c9f03d36
R02ZF,SAR_PSEUDOCOLOR,336,11200,C:\research_raw\optical_sar_data\20260721data\derived_frames\pseudocolor_labelstudio_prep_20260722\frames\sar_pseudocolor\R02ZF\frame_000336_t011200ms.jpg,1024,592,2f1cc0daa9f7744ba5a48a30c59c6897291df397d8e2a6c074456aa5c93fe1e0
R02ZF,SAR_PSEUDOCOLOR,337,11233,C:\research_raw\optical_sar_data\20260721data\derived_frames\pseudocolor_labelstudio_prep_20260722\frames\sar_pseudocolor\R02ZF\frame_000337_t011233ms.jpg,1024,592,80937e93a0f491a22bbc9f31a218642a0386bef1ea26842aa63d19b5c20c755d
R02ZF,SAR_PSEUDOCOLOR,338,11267,C:\research_raw\optical_sar_data\20260721data\derived_frames\pseudocolor_labelstudio_prep_20260722\frames\sar_pseudocolor\R02ZF\frame_000338_t011267ms.jpg,1024,592,fa238c71fd161da4a350bc59ec75e321627f369ba06896e589d768bf5a8c1a15
R02ZF,SAR_PSEUDOCOLOR,339,11300,C:\research_raw\optical_sar_data\20260721data\derived_frames\pseudocolor_labelstudio_prep_20260722\frames\sar_pseudocolor\R02ZF\frame_000339_t011300ms.jpg,1024,592,25643444131e0cddd2432148ecae0e1dbc6bb44565c9ee35fa10633ef06c387e
R02ZF,SAR_PSEUDOCOLOR,340,11333,C:\research_raw\optical_sar_data\20260721data\derived_frames\pseudocolor_labelstudio_prep_20260722\frames\sar_pseudocolor\R02ZF\frame_000340_t011333ms.jpg,1024,592,6a630ccb6b5e19c9fb1f89743c31899dfe12aa21afe3316159b0aea2dfcf4a9d
R02ZF,SAR_PSEUDOCOLOR,341,11367,C:\research_raw\optical_sar_data\20260721data\derived_frames\pseudocolor_labelstudio_prep_20260722\frames\sar_pseudocolor\R02ZF\frame_000341_t011367ms.jpg,1024,592,e8481e32e921022b068b64dba799e924b7e2bf40b40b18001ca6cad8486665cf
R02ZF,SAR_PSEUDOCOLOR,342,11400,C:\research_raw\optical_sar_data\20260721data\derived_frames\pseudocolor_labelstudio_prep_20260722\frames\sar_pseudocolor\R02ZF\frame_000342_t011400ms.jpg,1024,592,ec49d2301e5727d2c43c887ac9d4b59966042ff10527547ab118eb5015145ca5
R02ZF,SAR_PSEUDOCOLOR,343,11433,C:\research_raw\optical_sar_data\20260721data\derived_frames\pseudocolor_labelstudio_prep_20260722\frames\sar_pseudocolor\R02ZF\frame_000343_t011433ms.jpg,1024,592,648998e2208df171a7569cf7b897aa3dbb1346c58cf29161bb9c77a5662b1b8a
R02ZF,SAR_PSEUDOCOLOR,344,11467,C:\research_raw\optical_sar_data\20260721data\derived_frames\pseudocolor_labelstudio_prep_20260722\frames\sar_pseudocolor\R02ZF\frame_000344_t011467ms.jpg,1024,592,931f650f19aaf1abdf3f31ff072aca463c083431ff5f6674bc333403fb6600da
R02ZF,SAR_PSEUDOCOLOR,345,11500,C:\research_raw\optical_sar_data\20260721data\derived_frames\pseudocolor_labelstudio_prep_20260722\frames\sar_pseudocolor\R02ZF\frame_000345_t011500ms.jpg,1024,592,f38d2429dfdbbf8dfb1db09614ace06bfc448007c2288125f2b68dce80eef3d6
R02ZF,SAR_PSEUDOCOLOR,346,11533,C:\research_raw\optical_sar_data\20260721data\derived_frames\pseudocolor_labelstudio_prep_20260722\frames\sar_pseudocolor\R02ZF\frame_000346_t011533ms.jpg,1024,592,3d12128a0e3c3cb8099cb88c571ba6ab5851c72a10b8c239a98a382afc38673c
R02ZF,SAR_PSEUDOCOLOR,347,11567,C:\research_raw\optical_sar_data\20260721data\derived_frames\pseudocolor_labelstudio_prep_20260722\frames\sar_pseudocolor\R02ZF\frame_000347_t011567ms.jpg,1024,592,cda8a98b29ca0c4434f56a1cde162999988b137649c6670644cf4a2e6be6a9c9
R02ZF,SAR_PSEUDOCOLOR,348,11600,C:\research_raw\optical_sar_data\20260721data\derived_frames\pseudocolor_labelstudio_prep_20260722\frames\sar_pseudocolor\R02ZF\frame_000348_t011600ms.jpg,1024,592,239ef25fad6a1c8e08ee4a53099443c6143cb3162bfe5c75bfd9f9cc2aad2c54
R02ZF,SAR_PSEUDOCOLOR,349,11633,C:\research_raw\optical_sar_data\20260721data\derived_frames\pseudocolor_labelstudio_prep_20260722\frames\sar_pseudocolor\R02ZF\frame_000349_t011633ms.jpg,1024,592,e9d976c3a1127ebe2eef762e1dc68f4f6e26b7b9501eafcc709d49781fadedb0
R02ZF,SAR_PSEUDOCOLOR,350,11667,C:\research_raw\optical_sar_data\20260721data\derived_frames\pseudocolor_labelstudio_prep_20260722\frames\sar_pseudocolor\R02ZF\frame_000350_t011667ms.jpg,1024,592,02ebcc6ebeadae7c8a810a82f3d820eae75ba4ae6fda48539958f02b738eb604
R02ZF,SAR_PSEUDOCOLOR,351,11700,C:\research_raw\optical_sar_data\20260721data\derived_frames\pseudocolor_labelstudio_prep_20260722\frames\sar_pseudocolor\R02ZF\frame_000351_t011700ms.jpg,1024,592,03c9a69106a56ebe1edeb3c2825042ace091b16c3a487e8aa39a4cdbf401a29d
R02ZF,SAR_PSEUDOCOLOR,352,11733,C:\research_raw\optical_sar_data\20260721data\derived_frames\pseudocolor_labelstudio_prep_20260722\frames\sar_pseudocolor\R02ZF\frame_000352_t011733ms.jpg,1024,592,4a2eb095e436c08b890186917a5dc2e0a9fd7382e50f61478a01f76bc27ac978
R02ZF,SAR_PSEUDOCOLOR,353,11767,C:\research_raw\optical_sar_data\20260721data\derived_frames\pseudocolor_labelstudio_prep_20260722\frames\sar_pseudocolor\R02ZF\frame_000353_t011767ms.jpg,1024,592,8075afae288434668c9f901c4d719c131aad8ac5fca56e6b15fcf67ef48b3241
R02ZF,SAR_PSEUDOCOLOR,354,11800,C:\research_raw\optical_sar_data\20260721data\derived_frames\pseudocolor_labelstudio_prep_20260722\frames\sar_pseudocolor\R02ZF\frame_000354_t011800ms.jpg,1024,592,16c18f3d992414d145808ca1b023636659223af1573b2f613c6886e98be6e905
R02ZF,SAR_PSEUDOCOLOR,355,11833,C:\research_raw\optical_sar_data\20260721data\derived_frames\pseudocolor_labelstudio_prep_20260722\frames\sar_pseudocolor\R02ZF\frame_000355_t011833ms.jpg,1024,592,1725c13f8ddf132b556b9cb74e73e34bb2f00e7ad5f9cf9285db3172ce73bf56
R02ZF,SAR_PSEUDOCOLOR,356,11867,C:\research_raw\optical_sar_data\20260721data\derived_frames\pseudocolor_labelstudio_prep_20260722\frames\sar_pseudocolor\R02ZF\frame_000356_t011867ms.jpg,1024,592,38a04e9e56b439fce46267139a6e054c6b91645ed0abbaf6ed550e82914e95a4
R02ZF,SAR_PSEUDOCOLOR,357,11900,C:\research_raw\optical_sar_data\20260721data\derived_frames\pseudocolor_labelstudio_prep_20260722\frames\sar_pseudocolor\R02ZF\frame_000357_t011900ms.jpg,1024,592,0c413ce0434beacdcab82544435efd381301908f73902a575a2f8527652bd4d4
R02ZF,SAR_PSEUDOCOLOR,358,11933,C:\research_raw\optical_sar_data\20260721data\derived_frames\pseudocolor_labelstudio_prep_20260722\frames\sar_pseudocolor\R02ZF\frame_000358_t011933ms.jpg,1024,592,70ac2e9d38172ff6dfdc9eb729cb71bdb234d07fc75c1b711efc1273e430a923
R02ZF,SAR_PSEUDOCOLOR,359,11967,C:\research_raw\optical_sar_data\20260721data\derived_frames\pseudocolor_labelstudio_prep_20260722\frames\sar_pseudocolor\R02ZF\frame_000359_t011967ms.jpg,1024,592,a31ffca193c858b6d9b3db701652deef481cd92ec3a6c9850e1bdcda58aa82cf
R02ZF,SAR_PSEUDOCOLOR,360,12000,C:\research_raw\optical_sar_data\20260721data\derived_frames\pseudocolor_labelstudio_prep_20260722\frames\sar_pseudocolor\R02ZF\frame_000360_t012000ms.jpg,1024,592,3bd2c1328373ec5b4af95104c650a693cd0b04f3e2b8cb8a75491f5f4f009113
R02ZF,SAR_PSEUDOCOLOR,361,12033,C:\research_raw\optical_sar_data\20260721data\derived_frames\pseudocolor_labelstudio_prep_20260722\frames\sar_pseudocolor\R02ZF\frame_000361_t012033ms.jpg,1024,592,4d17fa8ea657697e847c905ce8c8cadf9388c341c8e60bd5d6a06d3400b233fd
R02ZF,SAR_PSEUDOCOLOR,362,12067,C:\research_raw\optical_sar_data\20260721data\derived_frames\pseudocolor_labelstudio_prep_20260722\frames\sar_pseudocolor\R02ZF\frame_000362_t012067ms.jpg,1024,592,556f933c70b6bb4de487fbe4c33ce2b5b0b49ba6a39693535ef5400ac26b9aab
R02ZF,SAR_PSEUDOCOLOR,363,12100,C:\research_raw\optical_sar_data\20260721data\derived_frames\pseudocolor_labelstudio_prep_20260722\frames\sar_pseudocolor\R02ZF\frame_000363_t012100ms.jpg,1024,592,532932d34f864d656aeeca0ad0b9bb41582ad435c5a83844537db65d313e9c07
R02ZF,SAR_PSEUDOCOLOR,364,12133,C:\research_raw\optical_sar_data\20260721data\derived_frames\pseudocolor_labelstudio_prep_20260722\frames\sar_pseudocolor\R02ZF\frame_000364_t012133ms.jpg,1024,592,a9b4b773e2f26f3729497fcb6ebcfa9a7e5c4b159daaf49e6b4539aa6d1f418f
R02ZF,SAR_PSEUDOCOLOR,365,12167,C:\research_raw\optical_sar_data\20260721data\derived_frames\pseudocolor_labelstudio_prep_20260722\frames\sar_pseudocolor\R02ZF\frame_000365_t012167ms.jpg,1024,592,92e1e0aa19d5733598bc21dfce6f2344eb94280600c8e02faada5ca23692278b
R02ZF,SAR_PSEUDOCOLOR,366,12200,C:\research_raw\optical_sar_data\20260721data\derived_frames\pseudocolor_labelstudio_prep_20260722\frames\sar_pseudocolor\R02ZF\frame_000366_t012200ms.jpg,1024,592,79a4263c61d9c828c8ca7580a4cc90f109c809fa5b9a4c8d781aeed2620a143d
R02ZF,SAR_PSEUDOCOLOR,367,12233,C:\research_raw\optical_sar_data\20260721data\derived_frames\pseudocolor_labelstudio_prep_20260722\frames\sar_pseudocolor\R02ZF\frame_000367_t012233ms.jpg,1024,592,2aacc63f9c696bf91177c11560f5efc8ce6b2561e60c51d60f0ad70ec5dedf6d
R02ZF,SAR_PSEUDOCOLOR,368,12267,C:\research_raw\optical_sar_data\20260721data\derived_frames\pseudocolor_labelstudio_prep_20260722\frames\sar_pseudocolor\R02ZF\frame_000368_t012267ms.jpg,1024,592,6cf1baf40f7c1b842d90650c90c2dbff3772435af3a4535eedfb06bff865b913
R02ZF,SAR_PSEUDOCOLOR,369,12300,C:\research_raw\optical_sar_data\20260721data\derived_frames\pseudocolor_labelstudio_prep_20260722\frames\sar_pseudocolor\R02ZF\frame_000369_t012300ms.jpg,1024,592,f61f95403b80bea0df14bd9576092ec1e51ad9ad502efb3812e6d56ff90194ee
R02ZF,SAR_PSEUDOCOLOR,370,12333,C:\research_raw\optical_sar_data\20260721data\derived_frames\pseudocolor_labelstudio_prep_20260722\frames\sar_pseudocolor\R02ZF\frame_000370_t012333ms.jpg,1024,592,e404365f72bc4971da2a786aa13ee1ccb43a6320873d777ff5589790a1de3afe
R02ZF,SAR_PSEUDOCOLOR,371,12367,C:\research_raw\optical_sar_data\20260721data\derived_frames\pseudocolor_labelstudio_prep_20260722\frames\sar_pseudocolor\R02ZF\frame_000371_t012367ms.jpg,1024,592,7131ab4ee2cfb06dbcf077974f4d2cad95181f6c03937d2cecf1b6163bab1f6d
R02ZF,SAR_PSEUDOCOLOR,372,12400,C:\research_raw\optical_sar_data\20260721data\derived_frames\pseudocolor_labelstudio_prep_20260722\frames\sar_pseudocolor\R02ZF\frame_000372_t012400ms.jpg,1024,592,bf649050781f0e2f21fa56f52de9a4d70c9f72b257a4063a2aca67b6653993a1
R02ZF,SAR_PSEUDOCOLOR,373,12433,C:\research_raw\optical_sar_data\20260721data\derived_frames\pseudocolor_labelstudio_prep_20260722\frames\sar_pseudocolor\R02ZF\frame_000373_t012433ms.jpg,1024,592,2fb32f8b4456f85c47e190d0950958619706f474fc6917767fe8259c56954b0f
R02ZF,SAR_PSEUDOCOLOR,374,12467,C:\research_raw\optical_sar_data\20260721data\derived_frames\pseudocolor_labelstudio_prep_20260722\frames\sar_pseudocolor\R02ZF\frame_000374_t012467ms.jpg,1024,592,6ff48b23b4c87d28b2a5248fb04685ba0644607bd9603c70ce3b911df208f8b2
R02ZF,SAR_PSEUDOCOLOR,375,12500,C:\research_raw\optical_sar_data\20260721data\derived_frames\pseudocolor_labelstudio_prep_20260722\frames\sar_pseudocolor\R02ZF\frame_000375_t012500ms.jpg,1024,592,904b7afbafec9949f3d469df49f6a9e5624039c0837f8d1aa019c8d2380f4532
R02ZF,SAR_PSEUDOCOLOR,376,12533,C:\research_raw\optical_sar_data\20260721data\derived_frames\pseudocolor_labelstudio_prep_20260722\frames\sar_pseudocolor\R02ZF\frame_000376_t012533ms.jpg,1024,592,9bdd38b9fc71e67e07867f2f2571daa0071013a86082d80e5ba047f7ef37a736
R02ZF,SAR_PSEUDOCOLOR,377,12567,C:\research_raw\optical_sar_data\20260721data\derived_frames\pseudocolor_labelstudio_prep_20260722\frames\sar_pseudocolor\R02ZF\frame_000377_t012567ms.jpg,1024,592,2ba7bb904f675ccf470b50a83b68498ab60eb1d41e81925f1dabd57e7aa555be
R02ZF,SAR_PSEUDOCOLOR,378,12600,C:\research_raw\optical_sar_data\20260721data\derived_frames\pseudocolor_labelstudio_prep_20260722\frames\sar_pseudocolor\R02ZF\frame_000378_t012600ms.jpg,1024,592,c8977b0d94b6f58b2e97f8b91129774f2bd6c578e87975e33ff6c5733d6fb712
R02ZF,SAR_PSEUDOCOLOR,379,12633,C:\research_raw\optical_sar_data\20260721data\derived_frames\pseudocolor_labelstudio_prep_20260722\frames\sar_pseudocolor\R02ZF\frame_000379_t012633ms.jpg,1024,592,722c0b9d707a1efa772bd162432c74fc213c68f89ac8f3c6ac4c7892b3b8b3f0
R02ZF,SAR_PSEUDOCOLOR,380,12667,C:\research_raw\optical_sar_data\20260721data\derived_frames\pseudocolor_labelstudio_prep_20260722\frames\sar_pseudocolor\R02ZF\frame_000380_t012667ms.jpg,1024,592,15eeb9430f08f4e7251d0e1d653069cf6ad391eb04fd2579eb407b511d311901
R02ZF,SAR_PSEUDOCOLOR,381,12700,C:\research_raw\optical_sar_data\20260721data\derived_frames\pseudocolor_labelstudio_prep_20260722\frames\sar_pseudocolor\R02ZF\frame_000381_t012700ms.jpg,1024,592,6c747c34e987a4831fb7c5667b2ad37e99970c26ec627ebd9c3fc7607972fe51
R02ZF,SAR_PSEUDOCOLOR,382,12733,C:\research_raw\optical_sar_data\20260721data\derived_frames\pseudocolor_labelstudio_prep_20260722\frames\sar_pseudocolor\R02ZF\frame_000382_t012733ms.jpg,1024,592,a4b1d29254e93cd6388172a14d823b3928e9cd64242e217b63d3ef40ac12553d
R02ZF,SAR_PSEUDOCOLOR,383,12767,C:\research_raw\optical_sar_data\20260721data\derived_frames\pseudocolor_labelstudio_prep_20260722\frames\sar_pseudocolor\R02ZF\frame_000383_t012767ms.jpg,1024,592,78c60bf4850d8c5956b0a6a0e6a3772f2f5b9bb10049651b50d12bba200f0a6e
R02ZF,SAR_PSEUDOCOLOR,384,12800,C:\research_raw\optical_sar_data\20260721data\derived_frames\pseudocolor_labelstudio_prep_20260722\frames\sar_pseudocolor\R02ZF\frame_000384_t012800ms.jpg,1024,592,70bae07b643c75f4b83ed4da3c546dab9ec15d55670e891182668e6a8f236f9f
R02ZF,SAR_PSEUDOCOLOR,385,12833,C:\research_raw\optical_sar_data\20260721data\derived_frames\pseudocolor_labelstudio_prep_20260722\frames\sar_pseudocolor\R02ZF\frame_000385_t012833ms.jpg,1024,592,108459a08adae69de9f38a69f9bfdcb9b98f915b244ca133a695aefaef340b8b
R02ZF,SAR_PSEUDOCOLOR,386,12867,C:\research_raw\optical_sar_data\20260721data\derived_frames\pseudocolor_labelstudio_prep_20260722\frames\sar_pseudocolor\R02ZF\frame_000386_t012867ms.jpg,1024,592,83fcdb140c64f7c5344474b0e5fbefd10378f44cc2a78e963673bb87a6d292e3
R02ZF,SAR_PSEUDOCOLOR,387,12900,C:\research_raw\optical_sar_data\20260721data\derived_frames\pseudocolor_labelstudio_prep_20260722\frames\sar_pseudocolor\R02ZF\frame_000387_t012900ms.jpg,1024,592,ce9a9bd6310e649eb88e28b8fff0bea33c2213c09e1c3b5f25dc42682f303f6e
R02ZF,SAR_PSEUDOCOLOR,388,12933,C:\research_raw\optical_sar_data\20260721data\derived_frames\pseudocolor_labelstudio_prep_20260722\frames\sar_pseudocolor\R02ZF\frame_000388_t012933ms.jpg,1024,592,f81f38d8450b4b3b839f215247e6186fad473e65245a5de0660a84b78f070c43
R02ZF,SAR_PSEUDOCOLOR,389,12967,C:\research_raw\optical_sar_data\20260721data\derived_frames\pseudocolor_labelstudio_prep_20260722\frames\sar_pseudocolor\R02ZF\frame_000389_t012967ms.jpg,1024,592,3112e0b4d42d3512ab6c3c0fe9bb0ab240ed6f7712ddf08dcce465ca66f67d4d
R02ZF,SAR_PSEUDOCOLOR,390,13000,C:\research_raw\optical_sar_data\20260721data\derived_frames\pseudocolor_labelstudio_prep_20260722\frames\sar_pseudocolor\R02ZF\frame_000390_t013000ms.jpg,1024,592,498d702b643d1061ef084effebcc0a04ae7a62dfd5fe82d70c66669019daf564
R02ZF,SAR_PSEUDOCOLOR,391,13033,C:\research_raw\optical_sar_data\20260721data\derived_frames\pseudocolor_labelstudio_prep_20260722\frames\sar_pseudocolor\R02ZF\frame_000391_t013033ms.jpg,1024,592,3dd54b5e9631fbc1679d10d577ab71f102d7a90e170331dfcbb690387889ccae
R02ZF,SAR_PSEUDOCOLOR,392,13067,C:\research_raw\optical_sar_data\20260721data\derived_frames\pseudocolor_labelstudio_prep_20260722\frames\sar_pseudocolor\R02ZF\frame_000392_t013067ms.jpg,1024,592,a5ade9d5b15569cd1754829da160a05a7005792741cc914073028096ca625cf9
R02ZF,SAR_PSEUDOCOLOR,393,13100,C:\research_raw\optical_sar_data\20260721data\derived_frames\pseudocolor_labelstudio_prep_20260722\frames\sar_pseudocolor\R02ZF\frame_000393_t013100ms.jpg,1024,592,0f0dab3e08b4d02d449d33e95c6c6ca22a17a9d2923089fd7d3e00050b658d69
R02ZF,SAR_PSEUDOCOLOR,394,13133,C:\research_raw\optical_sar_data\20260721data\derived_frames\pseudocolor_labelstudio_prep_20260722\frames\sar_pseudocolor\R02ZF\frame_000394_t013133ms.jpg,1024,592,3e87f18ce192e46eb2a40845cce699dd5e27ca6a53d2a25ef087ac675bbb02e3
R02ZF,SAR_PSEUDOCOLOR,395,13167,C:\research_raw\optical_sar_data\20260721data\derived_frames\pseudocolor_labelstudio_prep_20260722\frames\sar_pseudocolor\R02ZF\frame_000395_t013167ms.jpg,1024,592,26b3c4117d953d81f377b5337b18787c6cd37ad01e3c2aaa4b2a66f8d0f52606
R02ZF,SAR_PSEUDOCOLOR,396,13200,C:\research_raw\optical_sar_data\20260721data\derived_frames\pseudocolor_labelstudio_prep_20260722\frames\sar_pseudocolor\R02ZF\frame_000396_t013200ms.jpg,1024,592,34c74e2a29369ade154a93bba4adc47ae52a9543fc516aeb4860e2775b72cc09
R02ZF,SAR_PSEUDOCOLOR,397,13233,C:\research_raw\optical_sar_data\20260721data\derived_frames\pseudocolor_labelstudio_prep_20260722\frames\sar_pseudocolor\R02ZF\frame_000397_t013233ms.jpg,1024,592,7d2f87ceeac3777beb7beded55acb242c817de30068d5a4bab141f21eea6b7ec
R02ZF,SAR_PSEUDOCOLOR,398,13267,C:\research_raw\optical_sar_data\20260721data\derived_frames\pseudocolor_labelstudio_prep_20260722\frames\sar_pseudocolor\R02ZF\frame_000398_t013267ms.jpg,1024,592,eb7da0c8e44eeec79d026420150269d9c750b3a45c77faa09ba39c1273e77c36
R02ZF,SAR_PSEUDOCOLOR,399,13300,C:\research_raw\optical_sar_data\20260721data\derived_frames\pseudocolor_labelstudio_prep_20260722\frames\sar_pseudocolor\R02ZF\frame_000399_t013300ms.jpg,1024,592,21ba7362edc1f70b2d5debccbb3bb688b0ca288b44ef7bc6bb71801d585c9060
R02ZF,SAR_PSEUDOCOLOR,400,13333,C:\research_raw\optical_sar_data\20260721data\derived_frames\pseudocolor_labelstudio_prep_20260722\frames\sar_pseudocolor\R02ZF\frame_000400_t013333ms.jpg,1024,592,87a9f83031c6fa4fc56c53f69b8afab0f5d4b63a905395b133e4966f82d05d04
R02ZF,SAR_PSEUDOCOLOR,401,13367,C:\research_raw\optical_sar_data\20260721data\derived_frames\pseudocolor_labelstudio_prep_20260722\frames\sar_pseudocolor\R02ZF\frame_000401_t013367ms.jpg,1024,592,d471a8463d1d11485bfc54a074d205a3db4a051aa07104ed07d66e628035287e
R02ZF,SAR_PSEUDOCOLOR,402,13400,C:\research_raw\optical_sar_data\20260721data\derived_frames\pseudocolor_labelstudio_prep_20260722\frames\sar_pseudocolor\R02ZF\frame_000402_t013400ms.jpg,1024,592,7b290d48c5b0b5728054c66e92b0b8c2de0c3ff8d4544c201bbc8a2893bd273b
R02ZF,SAR_PSEUDOCOLOR,403,13433,C:\research_raw\optical_sar_data\20260721data\derived_frames\pseudocolor_labelstudio_prep_20260722\frames\sar_pseudocolor\R02ZF\frame_000403_t013433ms.jpg,1024,592,a5808a702a3fce100097aebbd781923f6da8ce1a340485cf175a2d5859e9d0f6
R02ZF,SAR_PSEUDOCOLOR,404,13467,C:\research_raw\optical_sar_data\20260721data\derived_frames\pseudocolor_labelstudio_prep_20260722\frames\sar_pseudocolor\R02ZF\frame_000404_t013467ms.jpg,1024,592,de032ec6bdf611875f59d2c1b50f5de354ac5e40dd3531428163fe76e658b872
R02ZF,SAR_PSEUDOCOLOR,405,13500,C:\research_raw\optical_sar_data\20260721data\derived_frames\pseudocolor_labelstudio_prep_20260722\frames\sar_pseudocolor\R02ZF\frame_000405_t013500ms.jpg,1024,592,f8aac2461ae9debfe78727aed8d11b5108267d9f00d38d3c8fb12c600b6a9f7d
R02ZF,SAR_PSEUDOCOLOR,406,13533,C:\research_raw\optical_sar_data\20260721data\derived_frames\pseudocolor_labelstudio_prep_20260722\frames\sar_pseudocolor\R02ZF\frame_000406_t013533ms.jpg,1024,592,4a2e0dd84c1d1110903a9e959e040a3a9041367003cfa11c3bf252d672394e36
R02ZF,SAR_PSEUDOCOLOR,407,13567,C:\research_raw\optical_sar_data\20260721data\derived_frames\pseudocolor_labelstudio_prep_20260722\frames\sar_pseudocolor\R02ZF\frame_000407_t013567ms.jpg,1024,592,98b788f5819589f0ac632fb9049eb4595fe2d6672f57e951ef104e9808a9ba2b
R02ZF,SAR_PSEUDOCOLOR,408,13600,C:\research_raw\optical_sar_data\20260721data\derived_frames\pseudocolor_labelstudio_prep_20260722\frames\sar_pseudocolor\R02ZF\frame_000408_t013600ms.jpg,1024,592,b6a0804f27af459982c781c76c4f2d1f595fabcf245c227045333c559e3acda2
R02ZF,SAR_PSEUDOCOLOR,409,13633,C:\research_raw\optical_sar_data\20260721data\derived_frames\pseudocolor_labelstudio_prep_20260722\frames\sar_pseudocolor\R02ZF\frame_000409_t013633ms.jpg,1024,592,6b0506e8d4a204b6fd2af66e1d9f5d64bd3add27fe82d322c51c19c32a814a07
R02ZF,SAR_PSEUDOCOLOR,410,13667,C:\research_raw\optical_sar_data\20260721data\derived_frames\pseudocolor_labelstudio_prep_20260722\frames\sar_pseudocolor\R02ZF\frame_000410_t013667ms.jpg,1024,592,99395a1fdd0c8baef753dd5a178e4ac2e14301ec0ef2ee2851ed1b2a440ff70d
R02ZF,SAR_PSEUDOCOLOR,411,13700,C:\research_raw\optical_sar_data\20260721data\derived_frames\pseudocolor_labelstudio_prep_20260722\frames\sar_pseudocolor\R02ZF\frame_000411_t013700ms.jpg,1024,592,fb2db24439283b3a8bdc3646786d65db77ae967c9fdcf0a04bb3846a6d803160
R02ZF,SAR_PSEUDOCOLOR,412,13733,C:\research_raw\optical_sar_data\20260721data\derived_frames\pseudocolor_labelstudio_prep_20260722\frames\sar_pseudocolor\R02ZF\frame_000412_t013733ms.jpg,1024,592,97be52bd992ccc5d6c55bcdb0d4c1585ffc636376eb8b711c4b96bedf8c91c52
R02ZF,SAR_PSEUDOCOLOR,413,13767,C:\research_raw\optical_sar_data\20260721data\derived_frames\pseudocolor_labelstudio_prep_20260722\frames\sar_pseudocolor\R02ZF\frame_000413_t013767ms.jpg,1024,592,f78696444d2ebdfe5abce6aa835050dda05241ccc163378f4ea39bd7b3349634
R02ZF,SAR_PSEUDOCOLOR,414,13800,C:\research_raw\optical_sar_data\20260721data\derived_frames\pseudocolor_labelstudio_prep_20260722\frames\sar_pseudocolor\R02ZF\frame_000414_t013800ms.jpg,1024,592,3eb977420ef90c5ddb2d454d089d9b303e3b3ab93cb41d0ec30f18abd8cba40f
R02ZF,SAR_PSEUDOCOLOR,415,13833,C:\research_raw\optical_sar_data\20260721data\derived_frames\pseudocolor_labelstudio_prep_20260722\frames\sar_pseudocolor\R02ZF\frame_000415_t013833ms.jpg,1024,592,cc003c076218b0c6b32fcf6058b01d5b93f6f957cc2f2eeeb3a42c14ad56665f
R02ZF,SAR_PSEUDOCOLOR,416,13867,C:\research_raw\optical_sar_data\20260721data\derived_frames\pseudocolor_labelstudio_prep_20260722\frames\sar_pseudocolor\R02ZF\frame_000416_t013867ms.jpg,1024,592,e8c27b11d684a8bbfd95a68b8f9f586654d1b3c74ef3cd0f193e46fa27ebe27b
R02ZF,SAR_PSEUDOCOLOR,417,13900,C:\research_raw\optical_sar_data\20260721data\derived_frames\pseudocolor_labelstudio_prep_20260722\frames\sar_pseudocolor\R02ZF\frame_000417_t013900ms.jpg,1024,592,852b26a872d152554d3f5aca6f1fbbfa5b01d252ec445a327f32a5ea73d243da
R02ZF,SAR_PSEUDOCOLOR,418,13933,C:\research_raw\optical_sar_data\20260721data\derived_frames\pseudocolor_labelstudio_prep_20260722\frames\sar_pseudocolor\R02ZF\frame_000418_t013933ms.jpg,1024,592,bc6f27d6866f4a6f1f180bba66d5338afa2fa6ef24a62a9a79e24fad3b30aa85
R02ZF,SAR_PSEUDOCOLOR,419,13967,C:\research_raw\optical_sar_data\20260721data\derived_frames\pseudocolor_labelstudio_prep_20260722\frames\sar_pseudocolor\R02ZF\frame_000419_t013967ms.jpg,1024,592,e23f1cdd5d306e846f7291719acd3475f4c6d14d729d9090fd32a12c8665624d
R02ZF,SAR_PSEUDOCOLOR,420,14000,C:\research_raw\optical_sar_data\20260721data\derived_frames\pseudocolor_labelstudio_prep_20260722\frames\sar_pseudocolor\R02ZF\frame_000420_t014000ms.jpg,1024,592,8ed7533b1074b096cd36008ba5601f485e3594d1d9d602564e3dbc18b9534cef
R02ZF,SAR_PSEUDOCOLOR,421,14033,C:\research_raw\optical_sar_data\20260721data\derived_frames\pseudocolor_labelstudio_prep_20260722\frames\sar_pseudocolor\R02ZF\frame_000421_t014033ms.jpg,1024,592,85b2a87a47a734928f86b56e6366edcf2da725955af4968a73473d69093f0992
R02ZF,SAR_PSEUDOCOLOR,422,14067,C:\research_raw\optical_sar_data\20260721data\derived_frames\pseudocolor_labelstudio_prep_20260722\frames\sar_pseudocolor\R02ZF\frame_000422_t014067ms.jpg,1024,592,1f853ce014897d8bd785c57ae2260ae2e160ee7754e0bef9b947a3030d0ea4d0
R02ZF,SAR_PSEUDOCOLOR,423,14100,C:\research_raw\optical_sar_data\20260721data\derived_frames\pseudocolor_labelstudio_prep_20260722\frames\sar_pseudocolor\R02ZF\frame_000423_t014100ms.jpg,1024,592,56433c127565eff91730331653300daf2d9c718ef44cd14d7b9ba34ddf54a9b6
R02ZF,SAR_PSEUDOCOLOR,424,14133,C:\research_raw\optical_sar_data\20260721data\derived_frames\pseudocolor_labelstudio_prep_20260722\frames\sar_pseudocolor\R02ZF\frame_000424_t014133ms.jpg,1024,592,008b0e559dd3a490241ac6a432451c10e786aa51c6da02711ecb533151e9cf9a
R02ZF,SAR_PSEUDOCOLOR,425,14167,C:\research_raw\optical_sar_data\20260721data\derived_frames\pseudocolor_labelstudio_prep_20260722\frames\sar_pseudocolor\R02ZF\frame_000425_t014167ms.jpg,1024,592,c9bb9eed02baec52eabccfcea47f48f3e0cbc779e531cc49b8bf9952b29cccce
R02ZF,SAR_PSEUDOCOLOR,426,14200,C:\research_raw\optical_sar_data\20260721data\derived_frames\pseudocolor_labelstudio_prep_20260722\frames\sar_pseudocolor\R02ZF\frame_000426_t014200ms.jpg,1024,592,090daa64a66a71a8e9f782b615037900973b81f94d54f24b9f558cb4d0fd07f7
R02ZF,SAR_PSEUDOCOLOR,427,14233,C:\research_raw\optical_sar_data\20260721data\derived_frames\pseudocolor_labelstudio_prep_20260722\frames\sar_pseudocolor\R02ZF\frame_000427_t014233ms.jpg,1024,592,c1733d0a321ad5d4ee8848f579331d9a173294edae1eca966bec9b67b4d12a4b
R02ZF,SAR_PSEUDOCOLOR,428,14267,C:\research_raw\optical_sar_data\20260721data\derived_frames\pseudocolor_labelstudio_prep_20260722\frames\sar_pseudocolor\R02ZF\frame_000428_t014267ms.jpg,1024,592,4fb476d3e27a79fa2d16e4302629c60e0687479b913469b055176b148c1d6835
R02ZF,SAR_PSEUDOCOLOR,429,14300,C:\research_raw\optical_sar_data\20260721data\derived_frames\pseudocolor_labelstudio_prep_20260722\frames\sar_pseudocolor\R02ZF\frame_000429_t014300ms.jpg,1024,592,be85053c9aaad3882d7b3cfc901b2c6b6ff52e4d93567cfa4b416162f1a444d4
R02ZF,SAR_PSEUDOCOLOR,430,14333,C:\research_raw\optical_sar_data\20260721data\derived_frames\pseudocolor_labelstudio_prep_20260722\frames\sar_pseudocolor\R02ZF\frame_000430_t014333ms.jpg,1024,592,732afb4c3a8fe275699a7d2815d27ee9e19e3a6042fff9e32e7580843e084b7d
R02ZF,SAR_PSEUDOCOLOR,431,14367,C:\research_raw\optical_sar_data\20260721data\derived_frames\pseudocolor_labelstudio_prep_20260722\frames\sar_pseudocolor\R02ZF\frame_000431_t014367ms.jpg,1024,592,4748aeb2597d62c7a52158eda6c90ba1ba6a1a9ade1c81e12a2bfbdd913d7982
R02ZF,SAR_PSEUDOCOLOR,432,14400,C:\research_raw\optical_sar_data\20260721data\derived_frames\pseudocolor_labelstudio_prep_20260722\frames\sar_pseudocolor\R02ZF\frame_000432_t014400ms.jpg,1024,592,968534e3fffc2923f8016661b45ec9723df99a0b5e7ae26d9938cacfb2b8af57
R02ZF,SAR_PSEUDOCOLOR,433,14433,C:\research_raw\optical_sar_data\20260721data\derived_frames\pseudocolor_labelstudio_prep_20260722\frames\sar_pseudocolor\R02ZF\frame_000433_t014433ms.jpg,1024,592,da6f3af019526aefb3a8c6d0f09ff7c851125d1248b32fbba6c811b646e21abd
R02ZF,SAR_PSEUDOCOLOR,434,14467,C:\research_raw\optical_sar_data\20260721data\derived_frames\pseudocolor_labelstudio_prep_20260722\frames\sar_pseudocolor\R02ZF\frame_000434_t014467ms.jpg,1024,592,e8a0160845f95094c0542cee6f4ec11c0402f4ce7753534816aac13459128d1e
R02ZF,SAR_PSEUDOCOLOR,435,14500,C:\research_raw\optical_sar_data\20260721data\derived_frames\pseudocolor_labelstudio_prep_20260722\frames\sar_pseudocolor\R02ZF\frame_000435_t014500ms.jpg,1024,592,66db1067e79c45942d0270143ffec1136b9245ccdb2e490ce8bc98546d15fec3
R02ZF,SAR_PSEUDOCOLOR,436,14533,C:\research_raw\optical_sar_data\20260721data\derived_frames\pseudocolor_labelstudio_prep_20260722\frames\sar_pseudocolor\R02ZF\frame_000436_t014533ms.jpg,1024,592,c1e18a2485a122d6b40c0434a610145a51ba9ba92371fd2ca9e3390f26b1f99a
R02ZF,SAR_PSEUDOCOLOR,437,14567,C:\research_raw\optical_sar_data\20260721data\derived_frames\pseudocolor_labelstudio_prep_20260722\frames\sar_pseudocolor\R02ZF\frame_000437_t014567ms.jpg,1024,592,3d5074d50daf2945e83c166032c06a5c8a049cfecf47e678ecd8c378fc35092a
R02ZF,SAR_PSEUDOCOLOR,438,14600,C:\research_raw\optical_sar_data\20260721data\derived_frames\pseudocolor_labelstudio_prep_20260722\frames\sar_pseudocolor\R02ZF\frame_000438_t014600ms.jpg,1024,592,ec5be21df29e0fc1d0b054696cac46ec94c4a3feb39994f2424ac9f71fd514e9
R02ZF,SAR_PSEUDOCOLOR,439,14633,C:\research_raw\optical_sar_data\20260721data\derived_frames\pseudocolor_labelstudio_prep_20260722\frames\sar_pseudocolor\R02ZF\frame_000439_t014633ms.jpg,1024,592,c07ed9b7483e1af801b3edeac19f0216493d415992068cf48ff7a0e90c81e7da
R02ZF,SAR_PSEUDOCOLOR,440,14667,C:\research_raw\optical_sar_data\20260721data\derived_frames\pseudocolor_labelstudio_prep_20260722\frames\sar_pseudocolor\R02ZF\frame_000440_t014667ms.jpg,1024,592,1c227ab75c70affc22bc4f940f5cff5583b1fa05944d4bb5e6de2867db801332
R02ZF,SAR_PSEUDOCOLOR,441,14700,C:\research_raw\optical_sar_data\20260721data\derived_frames\pseudocolor_labelstudio_prep_20260722\frames\sar_pseudocolor\R02ZF\frame_000441_t014700ms.jpg,1024,592,122e4bf9fb706c652c346dad1102f09551d0d0dfe4c0add4ee95be2c467ff8af
R02ZF,SAR_PSEUDOCOLOR,442,14733,C:\research_raw\optical_sar_data\20260721data\derived_frames\pseudocolor_labelstudio_prep_20260722\frames\sar_pseudocolor\R02ZF\frame_000442_t014733ms.jpg,1024,592,dcd7f671808065357e55b21c3a8b9b850507da43e53ed3b77fc60a3c2a3a8f98
R02ZF,SAR_PSEUDOCOLOR,443,14767,C:\research_raw\optical_sar_data\20260721data\derived_frames\pseudocolor_labelstudio_prep_20260722\frames\sar_pseudocolor\R02ZF\frame_000443_t014767ms.jpg,1024,592,a172569d1ef74f11397fb7a9eca94afc8f0b1a0ec68709ecbda3bcdf9b0847f1
R02ZF,SAR_PSEUDOCOLOR,444,14800,C:\research_raw\optical_sar_data\20260721data\derived_frames\pseudocolor_labelstudio_prep_20260722\frames\sar_pseudocolor\R02ZF\frame_000444_t014800ms.jpg,1024,592,b16cf9e05e7658d18973bc4db5968b5be32f1843d688a9dc22be918f5a9c8172
R02ZF,SAR_PSEUDOCOLOR,445,14833,C:\research_raw\optical_sar_data\20260721data\derived_frames\pseudocolor_labelstudio_prep_20260722\frames\sar_pseudocolor\R02ZF\frame_000445_t014833ms.jpg,1024,592,768d3c19f93b9d219a33415e07981b64c9b15eb814f986a49d2308990de5f639
R02ZF,SAR_PSEUDOCOLOR,446,14867,C:\research_raw\optical_sar_data\20260721data\derived_frames\pseudocolor_labelstudio_prep_20260722\frames\sar_pseudocolor\R02ZF\frame_000446_t014867ms.jpg,1024,592,4ab9555fa89b1841061d82f0b80b979b62cdb0c9b2b7c26ed92de97af6276baf
R02ZF,SAR_PSEUDOCOLOR,447,14900,C:\research_raw\optical_sar_data\20260721data\derived_frames\pseudocolor_labelstudio_prep_20260722\frames\sar_pseudocolor\R02ZF\frame_000447_t014900ms.jpg,1024,592,6720d15032c3fb3d872c94fd484a7c3ed0d2c63a7c02034e1093f3cdd55d6ecc
R02ZF,SAR_PSEUDOCOLOR,448,14933,C:\research_raw\optical_sar_data\20260721data\derived_frames\pseudocolor_labelstudio_prep_20260722\frames\sar_pseudocolor\R02ZF\frame_000448_t014933ms.jpg,1024,592,863e697816716afc53793c7d5ec67326df8290ad48d538e2c7c41985ca1e5f7f
R02ZF,SAR_PSEUDOCOLOR,449,14967,C:\research_raw\optical_sar_data\20260721data\derived_frames\pseudocolor_labelstudio_prep_20260722\frames\sar_pseudocolor\R02ZF\frame_000449_t014967ms.jpg,1024,592,4b47125b870124b79f9af81c5fdcf5a3fcf9b1bcd7295489e9388579c0aa9cbe
R02ZF,SAR_PSEUDOCOLOR,450,15000,C:\research_raw\optical_sar_data\20260721data\derived_frames\pseudocolor_labelstudio_prep_20260722\frames\sar_pseudocolor\R02ZF\frame_000450_t015000ms.jpg,1024,592,620bcc458bddaedf9652962c7b6ff7637d2405aa6ade21b0091ba7dab81e146e
R02ZF,SAR_PSEUDOCOLOR,451,15033,C:\research_raw\optical_sar_data\20260721data\derived_frames\pseudocolor_labelstudio_prep_20260722\frames\sar_pseudocolor\R02ZF\frame_000451_t015033ms.jpg,1024,592,fdf8226724a7796409f3076695373f9c894510454c8ea01fcd1b6cfc00c3d188
R02ZF,SAR_PSEUDOCOLOR,452,15067,C:\research_raw\optical_sar_data\20260721data\derived_frames\pseudocolor_labelstudio_prep_20260722\frames\sar_pseudocolor\R02ZF\frame_000452_t015067ms.jpg,1024,592,eaf65062c6bd4439c7af39019ad0349c73bb7a70f68fa7736775f4e1179ba0f0
R02ZF,SAR_PSEUDOCOLOR,453,15100,C:\research_raw\optical_sar_data\20260721data\derived_frames\pseudocolor_labelstudio_prep_20260722\frames\sar_pseudocolor\R02ZF\frame_000453_t015100ms.jpg,1024,592,fd9fdda91a370d3122cd3902c79374e56fc834d95d7af2b911c2ef5d69cccd86
R02ZF,SAR_PSEUDOCOLOR,454,15133,C:\research_raw\optical_sar_data\20260721data\derived_frames\pseudocolor_labelstudio_prep_20260722\frames\sar_pseudocolor\R02ZF\frame_000454_t015133ms.jpg,1024,592,97397d677fd9849a00077a6f3a838f6b8553de535f949fcbdd68655cee247c4f
R02ZF,SAR_PSEUDOCOLOR,455,15167,C:\research_raw\optical_sar_data\20260721data\derived_frames\pseudocolor_labelstudio_prep_20260722\frames\sar_pseudocolor\R02ZF\frame_000455_t015167ms.jpg,1024,592,8c34af6702c7ade52ec14610c5406f0784a9a56d492da069d1574b423fe1e30c
R02ZF,SAR_PSEUDOCOLOR,456,15200,C:\research_raw\optical_sar_data\20260721data\derived_frames\pseudocolor_labelstudio_prep_20260722\frames\sar_pseudocolor\R02ZF\frame_000456_t015200ms.jpg,1024,592,d664e79ff1657099ff48f032f3f25fb6a13b315999806b16b8766217962f3ce1
R02ZF,SAR_PSEUDOCOLOR,457,15233,C:\research_raw\optical_sar_data\20260721data\derived_frames\pseudocolor_labelstudio_prep_20260722\frames\sar_pseudocolor\R02ZF\frame_000457_t015233ms.jpg,1024,592,ad335bb8be40012ec2ecb2de55c739afa19da58ab5477e123ca2e6d418cc82bf
R02ZF,SAR_PSEUDOCOLOR,458,15267,C:\research_raw\optical_sar_data\20260721data\derived_frames\pseudocolor_labelstudio_prep_20260722\frames\sar_pseudocolor\R02ZF\frame_000458_t015267ms.jpg,1024,592,ce67728eb1eaf1a1c87c9dd379db1791051bd672081c85e478c23fc6448c2b3c
R02ZF,SAR_PSEUDOCOLOR,459,15300,C:\research_raw\optical_sar_data\20260721data\derived_frames\pseudocolor_labelstudio_prep_20260722\frames\sar_pseudocolor\R02ZF\frame_000459_t015300ms.jpg,1024,592,344541a568000bc92ad3cc82cc2dc5281c0cb3b55e50cc484ee33091a16b1160
R02ZF,SAR_PSEUDOCOLOR,460,15333,C:\research_raw\optical_sar_data\20260721data\derived_frames\pseudocolor_labelstudio_prep_20260722\frames\sar_pseudocolor\R02ZF\frame_000460_t015333ms.jpg,1024,592,8bb8d7c65e17bc8986479397a4e40270902dac799a5d5260ea5b5c95ffc265c9
R02ZF,SAR_PSEUDOCOLOR,461,15367,C:\research_raw\optical_sar_data\20260721data\derived_frames\pseudocolor_labelstudio_prep_20260722\frames\sar_pseudocolor\R02ZF\frame_000461_t015367ms.jpg,1024,592,474877f30416e7a3a2c49c72e5bb4e2410ec4f31a0503bc2f8f465b72fba1c66
R02ZF,SAR_PSEUDOCOLOR,462,15400,C:\research_raw\optical_sar_data\20260721data\derived_frames\pseudocolor_labelstudio_prep_20260722\frames\sar_pseudocolor\R02ZF\frame_000462_t015400ms.jpg,1024,592,fd676d9fa1508d53faf07cf46d4396eaee89f35cf4a35e7da328be9b118e841d
R02ZF,SAR_PSEUDOCOLOR,463,15433,C:\research_raw\optical_sar_data\20260721data\derived_frames\pseudocolor_labelstudio_prep_20260722\frames\sar_pseudocolor\R02ZF\frame_000463_t015433ms.jpg,1024,592,f90b10be6c0d2ceb5ba0c21a0cbff3c553fe4f6efc6bed7fca5406b28135d4e4
R02ZF,SAR_PSEUDOCOLOR,464,15467,C:\research_raw\optical_sar_data\20260721data\derived_frames\pseudocolor_labelstudio_prep_20260722\frames\sar_pseudocolor\R02ZF\frame_000464_t015467ms.jpg,1024,592,fdf1a04660a4502c3e66eb05144e91031c1e3446792ed12f11d0a1578eb471e5
R02ZF,SAR_PSEUDOCOLOR,465,15500,C:\research_raw\optical_sar_data\20260721data\derived_frames\pseudocolor_labelstudio_prep_20260722\frames\sar_pseudocolor\R02ZF\frame_000465_t015500ms.jpg,1024,592,b0c49732189b520935d9059d827f6124bca64419024fb88899a72656e7e0bd32
R02ZF,SAR_PSEUDOCOLOR,466,15533,C:\research_raw\optical_sar_data\20260721data\derived_frames\pseudocolor_labelstudio_prep_20260722\frames\sar_pseudocolor\R02ZF\frame_000466_t015533ms.jpg,1024,592,a134dd10c3887589a974634105f0caa64f4450d4cd2af441493028f1bc3838f4
R02ZF,SAR_PSEUDOCOLOR,467,15567,C:\research_raw\optical_sar_data\20260721data\derived_frames\pseudocolor_labelstudio_prep_20260722\frames\sar_pseudocolor\R02ZF\frame_000467_t015567ms.jpg,1024,592,1044d4f8a49527d8475eed3208aafef9cf507d8ed68d4a4b3e4e9ee2e2efe3fd
R02ZF,SAR_PSEUDOCOLOR,468,15600,C:\research_raw\optical_sar_data\20260721data\derived_frames\pseudocolor_labelstudio_prep_20260722\frames\sar_pseudocolor\R02ZF\frame_000468_t015600ms.jpg,1024,592,83c6f5f04a4c2974abb6e2d323506131528a82d3e6440acb31e931cfafc37630
R02ZF,SAR_PSEUDOCOLOR,469,15633,C:\research_raw\optical_sar_data\20260721data\derived_frames\pseudocolor_labelstudio_prep_20260722\frames\sar_pseudocolor\R02ZF\frame_000469_t015633ms.jpg,1024,592,5c4cf992efca4a249610afbb30f3328c1b1585eb1fd2af00f3d381abced2af9f
R02ZF,SAR_PSEUDOCOLOR,470,15667,C:\research_raw\optical_sar_data\20260721data\derived_frames\pseudocolor_labelstudio_prep_20260722\frames\sar_pseudocolor\R02ZF\frame_000470_t015667ms.jpg,1024,592,301b391f15332cdc07cfe0848122cc533258d22da7d3d74073aeb7a73d0eda71
R02ZF,SAR_PSEUDOCOLOR,471,15700,C:\research_raw\optical_sar_data\20260721data\derived_frames\pseudocolor_labelstudio_prep_20260722\frames\sar_pseudocolor\R02ZF\frame_000471_t015700ms.jpg,1024,592,6e845d188e02c6834354fbbc8ac739811b9d74d4261ea31d75a74c91b01e6f05
R02ZF,SAR_PSEUDOCOLOR,472,15733,C:\research_raw\optical_sar_data\20260721data\derived_frames\pseudocolor_labelstudio_prep_20260722\frames\sar_pseudocolor\R02ZF\frame_000472_t015733ms.jpg,1024,592,6c88a27146cd669b40d5e8bebd5ac060842dbb18b7aeaaa71a2e6e1adc11f7f9
R02ZF,SAR_PSEUDOCOLOR,473,15767,C:\research_raw\optical_sar_data\20260721data\derived_frames\pseudocolor_labelstudio_prep_20260722\frames\sar_pseudocolor\R02ZF\frame_000473_t015767ms.jpg,1024,592,c206d271326f22c6d08d4f318ede3392c8a6a10aadd8cc5da4be4617e330712a
R02ZF,SAR_PSEUDOCOLOR,474,15800,C:\research_raw\optical_sar_data\20260721data\derived_frames\pseudocolor_labelstudio_prep_20260722\frames\sar_pseudocolor\R02ZF\frame_000474_t015800ms.jpg,1024,592,21d8face6617b438658a50d3d6c84266a30828a4709e23d8e38eebf652e0799c
R02ZF,SAR_PSEUDOCOLOR,475,15833,C:\research_raw\optical_sar_data\20260721data\derived_frames\pseudocolor_labelstudio_prep_20260722\frames\sar_pseudocolor\R02ZF\frame_000475_t015833ms.jpg,1024,592,19b8d49b980cebe06b9c403d9345166ec8e02cb607d5e0fb47ae93a1a622e9ed
R02ZF,SAR_PSEUDOCOLOR,476,15867,C:\research_raw\optical_sar_data\20260721data\derived_frames\pseudocolor_labelstudio_prep_20260722\frames\sar_pseudocolor\R02ZF\frame_000476_t015867ms.jpg,1024,592,08b9c828d8c422ff52050b8a9159bd4dfd5d90600d70b1a72a7db24b521f3934
R02ZF,SAR_PSEUDOCOLOR,477,15900,C:\research_raw\optical_sar_data\20260721data\derived_frames\pseudocolor_labelstudio_prep_20260722\frames\sar_pseudocolor\R02ZF\frame_000477_t015900ms.jpg,1024,592,f1f4ea45e35ed16bc9a5ad42212bb38da51bf23c4d6450920320eb35e4bae16c
R02ZF,SAR_PSEUDOCOLOR,478,15933,C:\research_raw\optical_sar_data\20260721data\derived_frames\pseudocolor_labelstudio_prep_20260722\frames\sar_pseudocolor\R02ZF\frame_000478_t015933ms.jpg,1024,592,0f9dd40d5d40749c7273e1c8dc1ca4b6543ab0d9cb9bc88c545c7d053c5c0f8f
R02ZF,SAR_PSEUDOCOLOR,479,15967,C:\research_raw\optical_sar_data\20260721data\derived_frames\pseudocolor_labelstudio_prep_20260722\frames\sar_pseudocolor\R02ZF\frame_000479_t015967ms.jpg,1024,592,47e64f13235b61b4bb774f085f84a6cf9e85d305e75300ba57a65f89ea490a25
R02ZF,SAR_PSEUDOCOLOR,480,16000,C:\research_raw\optical_sar_data\20260721data\derived_frames\pseudocolor_labelstudio_prep_20260722\frames\sar_pseudocolor\R02ZF\frame_000480_t016000ms.jpg,1024,592,c4ef07cd359c87715283c4b625d9c869cf03ede683a103ea244c05be474a4d8b
R02ZF,SAR_PSEUDOCOLOR,481,16033,C:\research_raw\optical_sar_data\20260721data\derived_frames\pseudocolor_labelstudio_prep_20260722\frames\sar_pseudocolor\R02ZF\frame_000481_t016033ms.jpg,1024,592,f49d69dc56b6357f620b39a3514db22dc1e4dfd7729ebe2eab7359c19df0f4f1
R02ZF,SAR_PSEUDOCOLOR,482,16067,C:\research_raw\optical_sar_data\20260721data\derived_frames\pseudocolor_labelstudio_prep_20260722\frames\sar_pseudocolor\R02ZF\frame_000482_t016067ms.jpg,1024,592,cff6d5c829ad9403d727f42426f5ca8383e73772b57e06b7f9443c95feed2d7f
R02ZF,SAR_PSEUDOCOLOR,483,16100,C:\research_raw\optical_sar_data\20260721data\derived_frames\pseudocolor_labelstudio_prep_20260722\frames\sar_pseudocolor\R02ZF\frame_000483_t016100ms.jpg,1024,592,e475cd2b5dae464f9ccf4e7912eb6722a7057df48a67c4bf6be1c03e3fccfb76
R02ZF,SAR_PSEUDOCOLOR,484,16133,C:\research_raw\optical_sar_data\20260721data\derived_frames\pseudocolor_labelstudio_prep_20260722\frames\sar_pseudocolor\R02ZF\frame_000484_t016133ms.jpg,1024,592,83808cb8cc5f09b3578db5da1a0e25c7e477adf113cffe19fabfc71d35166ceb
R02ZF,SAR_PSEUDOCOLOR,485,16167,C:\research_raw\optical_sar_data\20260721data\derived_frames\pseudocolor_labelstudio_prep_20260722\frames\sar_pseudocolor\R02ZF\frame_000485_t016167ms.jpg,1024,592,06cbf3b0760bebc369fe5d02a6326fd9da0ee29152ff7bfa6efdf469309de6ee
R02ZF,SAR_PSEUDOCOLOR,486,16200,C:\research_raw\optical_sar_data\20260721data\derived_frames\pseudocolor_labelstudio_prep_20260722\frames\sar_pseudocolor\R02ZF\frame_000486_t016200ms.jpg,1024,592,8b86773b783e8396533ce97b869dc882f070d60613eacb79d17e64a2c63c0a79
R02ZF,SAR_PSEUDOCOLOR,487,16233,C:\research_raw\optical_sar_data\20260721data\derived_frames\pseudocolor_labelstudio_prep_20260722\frames\sar_pseudocolor\R02ZF\frame_000487_t016233ms.jpg,1024,592,721437c5ba1900a81f07236208269b0d5d8c5c5c943dc829ff4c608ef1931a92
R02ZF,SAR_PSEUDOCOLOR,488,16267,C:\research_raw\optical_sar_data\20260721data\derived_frames\pseudocolor_labelstudio_prep_20260722\frames\sar_pseudocolor\R02ZF\frame_000488_t016267ms.jpg,1024,592,d7bf979a73ae3e6a1fd7bc015fd2b02a5286fa857dd1f56b9d59939ebf74d07d
R02ZF,SAR_PSEUDOCOLOR,489,16300,C:\research_raw\optical_sar_data\20260721data\derived_frames\pseudocolor_labelstudio_prep_20260722\frames\sar_pseudocolor\R02ZF\frame_000489_t016300ms.jpg,1024,592,0c5ec672d74fd53b1df3aecc9505436e86b577a18a4ff1ad42b35500b667e38a
R02ZF,SAR_PSEUDOCOLOR,490,16333,C:\research_raw\optical_sar_data\20260721data\derived_frames\pseudocolor_labelstudio_prep_20260722\frames\sar_pseudocolor\R02ZF\frame_000490_t016333ms.jpg,1024,592,de247eb94facc50a15a6721b368eadc52599258060215ffd0a38d1f7b6359dd4
R02ZF,SAR_PSEUDOCOLOR,491,16367,C:\research_raw\optical_sar_data\20260721data\derived_frames\pseudocolor_labelstudio_prep_20260722\frames\sar_pseudocolor\R02ZF\frame_000491_t016367ms.jpg,1024,592,0b9c1163e3646d5c9c185401c18af786aea4a98256b77ea74f77e22717923a96
R02ZF,SAR_PSEUDOCOLOR,492,16400,C:\research_raw\optical_sar_data\20260721data\derived_frames\pseudocolor_labelstudio_prep_20260722\frames\sar_pseudocolor\R02ZF\frame_000492_t016400ms.jpg,1024,592,fa5b0fde1e9bb6f7cb0a106a18d134202e7174b85ac690e0cb346eeb56811b04
R02ZF,SAR_PSEUDOCOLOR,493,16433,C:\research_raw\optical_sar_data\20260721data\derived_frames\pseudocolor_labelstudio_prep_20260722\frames\sar_pseudocolor\R02ZF\frame_000493_t016433ms.jpg,1024,592,db41d6d972fb18f59331f183537dd40e3e94c0149a7d0009cdbb066041090286
R02ZF,SAR_PSEUDOCOLOR,494,16467,C:\research_raw\optical_sar_data\20260721data\derived_frames\pseudocolor_labelstudio_prep_20260722\frames\sar_pseudocolor\R02ZF\frame_000494_t016467ms.jpg,1024,592,b8df7c8c09bb3cc0aaf808ed3c244fcc46b95843420ba8169181b3d1a342a5c4
