run_id,sar_frame_index,sar_timestamp_ms,boundary_id,nominal_d_m,d_center_m,d_curve_p90_absdev_m,available_theta_fraction,median_local_peak_contrast,median_response_thickness_m,theta_extent_low_deg,theta_extent_high_deg,frame_available,manual_person_reference_used
R02ZF,0,0,STATIC_BOUNDARY_A,4.9,4.774997234344482,0.7749991416931152,0.8351648351648352,0.017451126128435135,0.14999985694885254,-45.0,44.0,False,False
R02ZF,0,0,STATIC_BOUNDARY_B,7.1,7.149994850158691,0.7999992370605469,0.8901098901098901,0.024250106886029243,0.14999961853027344,-45.0,45.0,False,False
R02ZF,0,0,STATIC_BOUNDARY_C,12.4,12.099990844726562,0.899998664855957,0.9560439560439561,0.021321047097444534,0.14999961853027344,-45.0,45.0,False,False
R02ZF,1,33,STATIC_BOUNDARY_A,4.9,4.999997138977051,0.7999992370605469,0.7142857142857143,0.01831809990108013,0.14999985694885254,-44.0,45.0,False,False
R02ZF,1,33,STATIC_BOUNDARY_B,7.1,7.199995040893555,0.7699991226196292,0.8461538461538461,0.024154430255293846,0.14999961853027344,-45.0,45.0,False,False
R02ZF,1,33,STATIC_BOUNDARY_C,12.4,12.199990272521973,1.2999982833862305,0.8901098901098901,0.023583751171827316,0.14999961853027344,-44.0,45.0,False,False
R02ZF,2,67,STATIC_BOUNDARY_A,4.9,4.749997138977051,0.8949995994567871,0.6813186813186813,0.016010362654924393,0.14999985694885254,-40.0,43.0,False,False
R02ZF,2,67,STATIC_BOUNDARY_B,7.1,7.249995231628418,0.9049993038177494,0.8131868131868132,0.021038366481661797,0.14999961853027344,-45.0,45.0,False,False
R02ZF,2,67,STATIC_BOUNDARY_C,12.4,12.349989891052246,1.0999984741210938,0.9230769230769231,0.020888328552246094,0.14999961853027344,-45.0,45.0,False,False
R02ZF,3,100,STATIC_BOUNDARY_A,4.9,5.099997043609619,0.6999993324279785,0.5824175824175825,0.01656956411898136,0.14999985694885254,-41.0,45.0,False,False
R02ZF,3,100,STATIC_BOUNDARY_B,7.1,7.249995231628418,0.8499994277954102,0.7362637362637363,0.02011832781136036,0.14999961853027344,-45.0,45.0,False,False
R02ZF,3,100,STATIC_BOUNDARY_C,12.4,12.299989700317383,1.2499980926513672,0.8571428571428571,0.020508117973804474,0.14999961853027344,-45.0,45.0,False,False
R02ZF,4,133,STATIC_BOUNDARY_A,4.9,5.099997043609619,0.6299992561340333,0.7142857142857143,0.01704782247543335,0.14999985694885254,-43.0,45.0,False,False
R02ZF,4,133,STATIC_BOUNDARY_B,7.1,7.349994659423828,0.7799990177154538,0.8571428571428571,0.019737590104341507,0.14999961853027344,-45.0,45.0,False,False
R02ZF,4,133,STATIC_BOUNDARY_C,12.4,12.299989700317383,1.1999988555908203,0.9230769230769231,0.02088618278503418,0.1999988555908203,-45.0,45.0,False,False
R02ZF,5,167,STATIC_BOUNDARY_A,4.9,4.999997138977051,0.7299991607666017,0.7142857142857143,0.015925968065857887,0.14999985694885254,-45.0,45.0,False,False
R02ZF,5,167,STATIC_BOUNDARY_B,7.1,7.199995040893555,0.8499994277954102,0.7802197802197802,0.02239903435111046,0.14999961853027344,-45.0,45.0,False,False
R02ZF,5,167,STATIC_BOUNDARY_C,12.4,12.549989700317383,1.0999984741210938,0.9120879120879121,0.01985829882323742,0.14999961853027344,-45.0,45.0,False,False
R02ZF,6,200,STATIC_BOUNDARY_A,4.9,4.899997234344482,0.6999993324279785,0.6043956043956044,0.01814236305654049,0.14999985694885254,-44.0,45.0,False,False
R02ZF,6,200,STATIC_BOUNDARY_B,7.1,7.349994659423828,0.899998664855957,0.8461538461538461,0.019725169986486435,0.14999961853027344,-45.0,45.0,False,False
R02ZF,6,200,STATIC_BOUNDARY_C,12.4,12.099990844726562,1.0499982833862305,0.9230769230769231,0.019603796303272247,0.14999961853027344,-45.0,45.0,False,False
R02ZF,7,233,STATIC_BOUNDARY_A,4.9,5.049997329711914,0.6499991416931152,0.6043956043956044,0.014578742906451225,0.14999985694885254,-44.0,44.0,False,False
R02ZF,7,233,STATIC_BOUNDARY_B,7.1,7.199995040893555,0.7999992370605469,0.6813186813186813,0.02582801878452301,0.15000009536743164,-45.0,44.0,False,False
R02ZF,7,233,STATIC_BOUNDARY_C,12.4,12.099990844726562,0.8499984741210938,0.9010989010989011,0.018689783290028572,0.14999961853027344,-45.0,45.0,False,False
R02ZF,8,267,STATIC_BOUNDARY_A,4.9,4.699997425079346,0.8999991416931152,0.6703296703296703,0.016374602913856506,0.15000033378601074,-45.0,45.0,False,False
R02ZF,8,267,STATIC_BOUNDARY_B,7.1,7.399994850158691,0.8999991416931152,0.8351648351648352,0.02182634174823761,0.15000009536743164,-45.0,45.0,False,False
R02ZF,8,267,STATIC_BOUNDARY_C,12.4,12.14999008178711,1.3449991226196285,0.8571428571428571,0.01988840475678444,0.1999988555908203,-45.0,45.0,False,False
R02ZF,9,300,STATIC_BOUNDARY_A,4.9,4.999997138977051,0.7049993038177491,0.5494505494505495,0.016873056069016457,0.14999985694885254,-43.0,42.0,False,False
R02ZF,9,300,STATIC_BOUNDARY_B,7.1,7.249995231628418,0.8999996185302734,0.7582417582417582,0.02350032515823841,0.15000009536743164,-45.0,45.0,False,False
R02ZF,9,300,STATIC_BOUNDARY_C,12.4,12.299989700317383,1.1999988555908203,0.9010989010989011,0.0196479931473732,0.17499923706054688,-45.0,45.0,False,False
R02ZF,10,333,STATIC_BOUNDARY_A,4.9,5.024997234344482,0.6599993228912355,0.7032967032967034,0.017047181725502014,0.14999985694885254,-42.0,45.0,False,False
R02ZF,10,333,STATIC_BOUNDARY_B,7.1,7.449995040893555,0.9499993324279785,0.7912087912087912,0.022578518837690353,0.19999933242797852,-45.0,45.0,False,False
R02ZF,10,333,STATIC_BOUNDARY_C,12.4,12.199990272521973,1.0499992370605469,0.8791208791208791,0.020794212818145752,0.14999961853027344,-45.0,45.0,False,False
R02ZF,11,367,STATIC_BOUNDARY_A,4.9,4.899997234344482,0.849998950958252,0.6593406593406593,0.01603826694190502,0.14999985694885254,-45.0,45.0,False,False
R02ZF,11,367,STATIC_BOUNDARY_B,7.1,7.349994659423828,0.899998664855957,0.8021978021978022,0.023007381707429886,0.19999933242797852,-45.0,44.0,False,False
R02ZF,11,367,STATIC_BOUNDARY_C,12.4,12.39999008178711,0.9999990463256836,0.8901098901098901,0.018889950588345528,0.1999988555908203,-45.0,45.0,False,False
R02ZF,12,400,STATIC_BOUNDARY_A,4.9,4.849997520446777,0.7449991226196289,0.6813186813186813,0.01685921847820282,0.14999985694885254,-45.0,45.0,False,False
R02ZF,12,400,STATIC_BOUNDARY_B,7.1,7.099995136260986,0.7999992370605469,0.8571428571428571,0.02399093098938465,0.14999961853027344,-45.0,45.0,False,False
R02ZF,12,400,STATIC_BOUNDARY_C,12.4,12.249990463256836,1.1199995040893551,0.9120879120879121,0.022091958671808243,0.1999988555908203,-45.0,45.0,False,False
R02ZF,13,433,STATIC_BOUNDARY_A,4.9,4.899997234344482,0.7499995231628418,0.6703296703296703,0.017193300649523735,0.14999985694885254,-45.0,45.0,False,False
R02ZF,13,433,STATIC_BOUNDARY_B,7.1,7.149994850158691,0.7999992370605469,0.7582417582417582,0.02412392385303974,0.15000009536743164,-45.0,43.0,False,False
R02ZF,13,433,STATIC_BOUNDARY_C,12.4,12.199990272521973,0.8499994277954102,0.8681318681318682,0.019597336649894714,0.14999961853027344,-45.0,45.0,False,False
R02ZF,14,467,STATIC_BOUNDARY_A,4.9,5.099997043609619,0.4999995231628418,0.5824175824175825,0.01663554273545742,0.14999985694885254,-45.0,45.0,True,False
R02ZF,14,467,STATIC_BOUNDARY_B,7.1,7.2749950885772705,0.8149991512298582,0.7912087912087912,0.022245202213525772,0.15000009536743164,-45.0,45.0,False,False
R02ZF,14,467,STATIC_BOUNDARY_C,12.4,12.14999008178711,0.9499988555908203,0.8681318681318682,0.019285183399915695,0.14999961853027344,-45.0,45.0,False,False
R02ZF,15,500,STATIC_BOUNDARY_A,4.9,5.099997043609619,0.5999994277954102,0.6263736263736264,0.015056499280035496,0.14999985694885254,-43.0,43.0,False,False
R02ZF,15,500,STATIC_BOUNDARY_B,7.1,6.999995231628418,0.7949990749359137,0.7472527472527473,0.021214820444583893,0.17499971389770508,-45.0,43.0,False,False
R02ZF,15,500,STATIC_BOUNDARY_C,12.4,12.199990272521973,1.149998664855957,0.8021978021978022,0.02024661749601364,0.1999988555908203,-45.0,45.0,False,False
R02ZF,16,533,STATIC_BOUNDARY_A,4.9,5.149996757507324,0.5499997138977051,0.5824175824175825,0.0170743465423584,0.14999985694885254,-45.0,42.0,True,False
R02ZF,16,533,STATIC_BOUNDARY_B,7.1,7.249995231628418,0.7849993228912355,0.8131868131868132,0.02033919468522072,0.15000009536743164,-45.0,45.0,False,False
R02ZF,16,533,STATIC_BOUNDARY_C,12.4,12.099990844726562,0.75,0.8901098901098901,0.018023617565631866,0.14999961853027344,-45.0,45.0,False,False
R02ZF,17,567,STATIC_BOUNDARY_A,4.9,4.9499969482421875,0.7099997520446779,0.5384615384615384,0.01551690325140953,0.14999985694885254,-43.0,44.0,False,False
R02ZF,17,567,STATIC_BOUNDARY_B,7.1,7.074995279312134,0.7749993801116943,0.7912087912087912,0.021143652498722076,0.17499971389770508,-45.0,43.0,False,False
R02ZF,17,567,STATIC_BOUNDARY_C,12.4,12.699989318847656,1.0249991416931152,0.8351648351648352,0.01922256499528885,0.14999961853027344,-45.0,45.0,False,False
R02ZF,18,600,STATIC_BOUNDARY_A,4.9,4.699997425079346,0.8699990272521972,0.7362637362637363,0.016914259642362595,0.14999985694885254,-45.0,45.0,False,False
R02ZF,18,600,STATIC_BOUNDARY_B,7.1,7.249995231628418,0.8849995613098146,0.8131868131868132,0.02316395193338394,0.15000009536743164,-45.0,45.0,False,False
R02ZF,18,600,STATIC_BOUNDARY_C,12.4,12.299989700317383,1.1999988555908203,0.8791208791208791,0.021301209926605225,0.1999988555908203,-45.0,45.0,False,False
R02ZF,19,633,STATIC_BOUNDARY_A,4.9,4.999997138977051,0.7499990463256836,0.6813186813186813,0.01737019792199135,0.14999985694885254,-45.0,45.0,False,False
R02ZF,19,633,STATIC_BOUNDARY_B,7.1,7.199995040893555,0.7499990463256836,0.8131868131868132,0.028786160051822662,0.19999933242797852,-45.0,42.0,False,False
R02ZF,19,633,STATIC_BOUNDARY_C,12.4,12.199990272521973,0.7499990463256836,0.7802197802197802,0.019787486642599106,0.14999961853027344,-45.0,45.0,False,False
R02ZF,20,667,STATIC_BOUNDARY_A,4.9,4.849997520446777,0.6949988842010497,0.7912087912087912,0.020538929849863052,0.14999985694885254,-44.0,44.0,False,False
R02ZF,20,667,STATIC_BOUNDARY_B,7.1,7.249995231628418,0.8449994087219241,0.9010989010989011,0.027212053537368774,0.19999933242797852,-45.0,45.0,False,False
R02ZF,20,667,STATIC_BOUNDARY_C,12.4,12.299989700317383,1.0799993515014652,0.9340659340659341,0.020102540031075478,0.14999961853027344,-45.0,45.0,False,False
R02ZF,21,700,STATIC_BOUNDARY_A,4.9,4.899997234344482,0.6999993324279785,0.8351648351648352,0.018432267010211945,0.14999985694885254,-45.0,45.0,False,False
R02ZF,21,700,STATIC_BOUNDARY_B,7.1,7.049995422363281,0.7499990463256836,0.8461538461538461,0.029365478083491325,0.19999933242797852,-45.0,44.0,False,False
R02ZF,21,700,STATIC_BOUNDARY_C,12.4,12.474990367889404,1.1699988365173342,0.9010989010989011,0.019752107560634613,0.14999961853027344,-45.0,45.0,False,False
R02ZF,22,733,STATIC_BOUNDARY_A,4.9,4.999997138977051,0.5999994277954102,0.7252747252747253,0.018635986372828484,0.15000009536743164,-41.0,43.0,False,False
R02ZF,22,733,STATIC_BOUNDARY_B,7.1,7.249995231628418,0.7499995231628418,0.8131868131868132,0.027878321707248688,0.15000009536743164,-45.0,45.0,False,False
R02ZF,22,733,STATIC_BOUNDARY_C,12.4,12.499990463256836,1.0099990844726556,0.8571428571428571,0.019358407706022263,0.14999961853027344,-45.0,45.0,False,False
R02ZF,23,767,STATIC_BOUNDARY_A,4.9,4.999997138977051,0.5999994277954102,0.6373626373626373,0.01685480773448944,0.14999985694885254,-45.0,38.0,False,False
R02ZF,23,767,STATIC_BOUNDARY_B,7.1,7.174994945526123,0.8249993324279785,0.7912087912087912,0.025730445981025696,0.19999933242797852,-45.0,44.0,False,False
R02ZF,23,767,STATIC_BOUNDARY_C,12.4,11.949990272521973,1.1999988555908203,0.8681318681318682,0.0200306735932827,0.1999988555908203,-45.0,45.0,False,False
R02ZF,24,800,STATIC_BOUNDARY_A,4.9,5.024997234344482,0.6749992370605469,0.5274725274725275,0.017244301736354828,0.14999985694885254,-45.0,41.0,False,False
R02ZF,24,800,STATIC_BOUNDARY_B,7.1,7.049995422363281,0.7499991893768311,0.7472527472527473,0.024261072278022766,0.17499971389770508,-45.0,40.0,False,False
R02ZF,24,800,STATIC_BOUNDARY_C,12.4,12.099990844726562,0.9149986267089846,0.7692307692307693,0.0184846892952919,0.14999961853027344,-45.0,45.0,False,False
R02ZF,25,833,STATIC_BOUNDARY_A,4.9,4.999997138977051,0.5499992370605469,0.5604395604395604,0.016015486791729927,0.14999985694885254,-44.0,44.0,True,False
R02ZF,25,833,STATIC_BOUNDARY_B,7.1,6.949995040893555,0.8449994087219238,0.7912087912087912,0.021733777597546577,0.17499971389770508,-45.0,43.0,False,False
R02ZF,25,833,STATIC_BOUNDARY_C,12.4,12.099990844726562,1.149998664855957,0.7362637362637363,0.019775202497839928,0.1999988555908203,-45.0,45.0,False,False
R02ZF,26,867,STATIC_BOUNDARY_A,4.9,5.049997329711914,0.5999994277954102,0.6153846153846154,0.016066748648881912,0.15000033378601074,-44.0,43.0,False,False
R02ZF,26,867,STATIC_BOUNDARY_B,7.1,7.049995422363281,0.8399993896484373,0.8021978021978022,0.026426445692777634,0.15000009536743164,-45.0,45.0,False,False
R02ZF,26,867,STATIC_BOUNDARY_C,12.4,12.39999008178711,0.8999996185302734,0.9120879120879121,0.019421175122261047,0.14999961853027344,-45.0,45.0,False,False
R02ZF,27,900,STATIC_BOUNDARY_A,4.9,5.049997329711914,0.5999994277954102,0.6483516483516484,0.01699674315750599,0.15000033378601074,-44.0,45.0,False,False
R02ZF,27,900,STATIC_BOUNDARY_B,7.1,7.049995422363281,0.849998950958252,0.8021978021978022,0.023813823238015175,0.19999933242797852,-44.0,45.0,False,False
R02ZF,27,900,STATIC_BOUNDARY_C,12.4,12.0499906539917,1.149998664855957,0.7692307692307693,0.020788388326764107,0.14999961853027344,-45.0,45.0,False,False
R02ZF,28,933,STATIC_BOUNDARY_A,4.9,4.999997138977051,0.6499996185302734,0.5494505494505495,0.016090624034404755,0.15000033378601074,-44.0,45.0,False,False
R02ZF,28,933,STATIC_BOUNDARY_B,7.1,7.074995279312134,0.8749988079071045,0.7472527472527473,0.02513321489095688,0.19999933242797852,-45.0,45.0,False,False
R02ZF,28,933,STATIC_BOUNDARY_C,12.4,12.224990367889404,0.974998950958252,0.7912087912087912,0.01879851520061493,0.17499923706054688,-45.0,45.0,False,False
R02ZF,29,967,STATIC_BOUNDARY_A,4.9,5.049997329711914,0.7999996185302738,0.6043956043956044,0.015488608740270138,0.15000033378601074,-44.0,44.0,False,False
R02ZF,29,967,STATIC_BOUNDARY_B,7.1,7.124994993209839,0.8249990940093994,0.7692307692307693,0.024417545646429062,0.19999933242797852,-45.0,45.0,False,False
R02ZF,29,967,STATIC_BOUNDARY_C,12.4,12.14999008178711,1.5099987030029305,0.8461538461538461,0.01741248555481434,0.14999961853027344,-44.0,45.0,False,False
R02ZF,30,1000,STATIC_BOUNDARY_A,4.9,4.899997234344482,0.5999994277954102,0.6593406593406593,0.014503869228065014,0.14999985694885254,-45.0,44.0,False,False
R02ZF,30,1000,STATIC_BOUNDARY_B,7.1,7.199995040893555,0.8499994277954102,0.7692307692307693,0.02147854119539261,0.15000009536743164,-45.0,44.0,False,False
R02ZF,30,1000,STATIC_BOUNDARY_C,12.4,12.324990272521973,1.0599987983703614,0.8131868131868132,0.01860816776752472,0.14999961853027344,-45.0,45.0,False,False
R02ZF,31,1033,STATIC_BOUNDARY_A,4.9,4.999997138977051,0.4499998092651367,0.5164835164835165,0.01687791757285595,0.14999985694885254,-35.0,40.0,True,False
R02ZF,31,1033,STATIC_BOUNDARY_B,7.1,7.199995040893555,0.7549990653991699,0.7692307692307693,0.020435981452465057,0.19999933242797852,-45.0,44.0,False,False
R02ZF,31,1033,STATIC_BOUNDARY_C,12.4,12.199990272521973,0.7499990463256836,0.8021978021978022,0.01775738224387169,0.14999961853027344,-44.0,45.0,False,False
R02ZF,32,1067,STATIC_BOUNDARY_A,4.9,4.799997329711914,0.6049994468688965,0.6593406593406593,0.018136560916900635,0.15000033378601074,-45.0,38.0,False,False
R02ZF,32,1067,STATIC_BOUNDARY_B,7.1,7.149994850158691,0.8499994277954102,0.7032967032967034,0.022745419293642044,0.19999933242797852,-45.0,45.0,False,False
R02ZF,32,1067,STATIC_BOUNDARY_C,12.4,12.199990272521973,0.9999990463256836,0.7582417582417582,0.018206607550382614,0.14999961853027344,-45.0,45.0,False,False
R02ZF,33,1100,STATIC_BOUNDARY_A,4.9,4.999997138977051,0.5799994468688969,0.4725274725274725,0.014157990925014019,0.14999985694885254,-43.0,40.0,False,False
R02ZF,33,1100,STATIC_BOUNDARY_B,7.1,7.149994850158691,0.7999992370605469,0.7252747252747253,0.023006340488791466,0.19999957084655762,-45.0,45.0,False,False
R02ZF,33,1100,STATIC_BOUNDARY_C,12.4,12.14999008178711,0.9849989891052248,0.7032967032967034,0.01764512062072754,0.14999961853027344,-45.0,45.0,False,False
R02ZF,34,1133,STATIC_BOUNDARY_A,4.9,5.024997234344482,0.6749992370605469,0.5274725274725275,0.01702166721224785,0.1499999761581421,-45.0,41.0,False,False
R02ZF,34,1133,STATIC_BOUNDARY_B,7.1,7.099995136260986,0.7999992370605469,0.7142857142857143,0.024816272780299187,0.19999933242797852,-45.0,45.0,False,False
R02ZF,34,1133,STATIC_BOUNDARY_C,12.4,12.224990367889404,0.9799989700317383,0.7692307692307693,0.016948994249105453,0.14999961853027344,-43.0,45.0,False,False
R02ZF,35,1167,STATIC_BOUNDARY_A,4.9,5.074997186660767,0.47499966621398926,0.5054945054945055,0.013609593734145164,0.14999985694885254,-43.0,43.0,True,False
R02ZF,35,1167,STATIC_BOUNDARY_B,7.1,7.174995183944702,0.8249990940093994,0.7252747252747253,0.028971269726753235,0.19999933242797852,-44.0,38.0,False,False
R02ZF,35,1167,STATIC_BOUNDARY_C,12.4,12.07499074935913,1.4749979972839355,0.7692307692307693,0.018342342227697372,0.14999961853027344,-45.0,45.0,False,False
R02ZF,36,1200,STATIC_BOUNDARY_A,4.9,4.9499969482421875,0.5149991035461428,0.5274725274725275,0.015953287482261658,0.14999985694885254,-40.0,45.0,True,False
R02ZF,36,1200,STATIC_BOUNDARY_B,7.1,7.099995136260986,0.849998950958252,0.7362637362637363,0.027358699589967728,0.15000009536743164,-45.0,41.0,False,False
R02ZF,36,1200,STATIC_BOUNDARY_C,12.4,12.099990844726562,1.6099977493286155,0.8131868131868132,0.018489796668291092,0.14999961853027344,-44.0,45.0,False,False
R02ZF,37,1233,STATIC_BOUNDARY_A,4.9,5.124996900558472,0.5249993801116943,0.5274725274725275,0.014783965423703194,0.14999985694885254,-40.0,45.0,True,False
R02ZF,37,1233,STATIC_BOUNDARY_B,7.1,6.999995231628418,0.7949990749359137,0.7472527472527473,0.02895941585302353,0.15000009536743164,-45.0,41.0,False,False
R02ZF,37,1233,STATIC_BOUNDARY_C,12.4,12.174990177154541,1.4049985885620122,0.7692307692307693,0.017931537702679634,0.1999988555908203,-45.0,45.0,False,False
R02ZF,38,1267,STATIC_BOUNDARY_A,4.9,5.099997043609619,0.4999995231628418,0.7252747252747253,0.01704079657793045,0.14999985694885254,-44.0,44.0,True,False
R02ZF,38,1267,STATIC_BOUNDARY_B,7.1,6.974995136260986,0.8999991416931152,0.8351648351648352,0.026648037135601044,0.14999961853027344,-45.0,43.0,False,False
R02ZF,38,1267,STATIC_BOUNDARY_C,12.4,12.174990177154541,1.1449994087219242,0.7692307692307693,0.02127327397465706,0.14999961853027344,-45.0,45.0,False,False
R02ZF,39,1300,STATIC_BOUNDARY_A,4.9,4.899997234344482,0.5399993896484377,0.6043956043956044,0.016465263441205025,0.14999985694885254,-43.0,44.0,True,False
R02ZF,39,1300,STATIC_BOUNDARY_B,7.1,7.149994850158691,0.8999996185302734,0.8901098901098901,0.029915500432252884,0.15000009536743164,-44.0,44.0,False,False
R02ZF,39,1300,STATIC_BOUNDARY_C,12.4,12.349989891052246,1.2399990081787116,0.8461538461538461,0.020887572318315506,0.14999961853027344,-45.0,45.0,False,False
R02ZF,40,1333,STATIC_BOUNDARY_A,4.9,4.999997138977051,0.5499992370605469,0.7802197802197802,0.017405029386281967,0.14999985694885254,-45.0,45.0,True,False
R02ZF,40,1333,STATIC_BOUNDARY_B,7.1,6.999995231628418,0.7999992370605469,0.8901098901098901,0.03425269201397896,0.14999961853027344,-45.0,45.0,False,False
R02ZF,40,1333,STATIC_BOUNDARY_C,12.4,12.549989700317383,1.3499984741210938,0.9120879120879121,0.023184102028608322,0.14999961853027344,-45.0,45.0,False,False
R02ZF,41,1367,STATIC_BOUNDARY_A,4.9,4.849997520446777,0.5499995231628418,0.7142857142857143,0.0156368650496006,0.14999985694885254,-43.0,45.0,True,False
R02ZF,41,1367,STATIC_BOUNDARY_B,7.1,7.099995136260986,0.9199992179870609,0.8461538461538461,0.0322294719517231,0.15000009536743164,-44.0,44.0,False,False
R02ZF,41,1367,STATIC_BOUNDARY_C,12.4,12.299989700317383,1.0,0.8681318681318682,0.021823570132255554,0.1999988555908203,-45.0,45.0,False,False
R02ZF,42,1400,STATIC_BOUNDARY_A,4.9,4.899997234344482,0.6499991416931152,0.6703296703296703,0.017300382256507874,0.15000033378601074,-44.0,44.0,False,False
R02ZF,42,1400,STATIC_BOUNDARY_B,7.1,7.099995136260986,0.8999991416931152,0.8021978021978022,0.03161048889160156,0.15000009536743164,-42.0,45.0,False,False
R02ZF,42,1400,STATIC_BOUNDARY_C,12.4,12.549989700317383,0.8699996948242184,0.9120879120879121,0.019237371161580086,0.14999961853027344,-45.0,45.0,False,False
R02ZF,43,1433,STATIC_BOUNDARY_A,4.9,5.149996757507324,0.5449997425079345,0.5714285714285714,0.016891757026314735,0.14999985694885254,-36.0,45.0,True,False
R02ZF,43,1433,STATIC_BOUNDARY_B,7.1,7.149994850158691,0.8999996185302734,0.8461538461538461,0.029110336676239967,0.15000009536743164,-45.0,44.0,False,False
R02ZF,43,1433,STATIC_BOUNDARY_C,12.4,12.39999008178711,1.3499984741210938,0.8351648351648352,0.018495071679353714,0.14999961853027344,-45.0,45.0,False,False
R02ZF,44,1467,STATIC_BOUNDARY_A,4.9,4.9499969482421875,0.5499997138977051,0.7142857142857143,0.015859968960285187,0.15000009536743164,-45.0,45.0,True,False
R02ZF,44,1467,STATIC_BOUNDARY_B,7.1,7.099995136260986,0.7499995231628418,0.8351648351648352,0.03200544789433479,0.17499971389770508,-44.0,44.0,False,False
R02ZF,44,1467,STATIC_BOUNDARY_C,12.4,12.299989700317383,0.6000003814697266,0.8681318681318682,0.02119332365691662,0.14999961853027344,-45.0,45.0,False,False
R02ZF,45,1500,STATIC_BOUNDARY_A,4.9,4.9499969482421875,0.5499997138977051,0.6483516483516484,0.016900576651096344,0.15000033378601074,-44.0,45.0,True,False
R02ZF,45,1500,STATIC_BOUNDARY_B,7.1,7.149994850158691,0.8049992084503178,0.8791208791208791,0.02614694833755493,0.19999933242797852,-45.0,39.0,False,False
R02ZF,45,1500,STATIC_BOUNDARY_C,12.4,12.199990272521973,0.8699991226196292,0.8461538461538461,0.018331198021769524,0.14999961853027344,-45.0,45.0,False,False
R02ZF,46,1533,STATIC_BOUNDARY_A,4.9,4.9499969482421875,0.4499993324279785,0.6703296703296703,0.01661881059408188,0.14999985694885254,-44.0,44.0,True,False
R02ZF,46,1533,STATIC_BOUNDARY_B,7.1,7.349994659423828,0.7599994659423837,0.8241758241758241,0.0373200848698616,0.19999933242797852,-45.0,44.0,False,False
R02ZF,46,1533,STATIC_BOUNDARY_C,12.4,12.374989986419678,0.849998950958252,0.945054945054945,0.021039314568042755,0.1999988555908203,-45.0,45.0,False,False
R02ZF,47,1567,STATIC_BOUNDARY_A,4.9,4.799997329711914,0.5999994277954102,0.6923076923076923,0.017372464761137962,0.14999985694885254,-44.0,45.0,False,False
R02ZF,47,1567,STATIC_BOUNDARY_B,7.1,7.249995231628418,0.9499993324279785,0.8901098901098901,0.03410685434937477,0.15000009536743164,-45.0,45.0,False,False
R02ZF,47,1567,STATIC_BOUNDARY_C,12.4,12.299989700317383,0.7349992752075196,0.9230769230769231,0.020356755703687668,0.1999988555908203,-45.0,45.0,False,False
R02ZF,48,1600,STATIC_BOUNDARY_A,4.9,4.849997520446777,0.5499997138977051,0.7362637362637363,0.018709460273385048,0.15000033378601074,-45.0,42.0,True,False
R02ZF,48,1600,STATIC_BOUNDARY_B,7.1,7.299994945526123,0.849998950958252,0.8901098901098901,0.030991703271865845,0.19999933242797852,-45.0,44.0,False,False
R02ZF,48,1600,STATIC_BOUNDARY_C,12.4,12.39999008178711,1.4999980926513672,0.8901098901098901,0.021778009831905365,0.14999961853027344,-45.0,45.0,False,False
R02ZF,49,1633,STATIC_BOUNDARY_A,4.9,4.849997520446777,0.5099998474121095,0.6483516483516484,0.0159778892993927,0.14999985694885254,-45.0,39.0,True,False
R02ZF,49,1633,STATIC_BOUNDARY_B,7.1,7.149994850158691,0.7499995231628418,0.8571428571428571,0.03110990859568119,0.17499971389770508,-44.0,45.0,False,False
R02ZF,49,1633,STATIC_BOUNDARY_C,12.4,12.324989795684814,0.9249997138977051,0.8571428571428571,0.02312631532549858,0.14999961853027344,-45.0,45.0,False,False
R02ZF,50,1667,STATIC_BOUNDARY_A,4.9,4.9499969482421875,0.5099998474121095,0.6483516483516484,0.01788880117237568,0.15000009536743164,-44.0,43.0,True,False
R02ZF,50,1667,STATIC_BOUNDARY_B,7.1,7.299994945526123,0.9499993324279785,0.9340659340659341,0.03357263281941414,0.15000009536743164,-45.0,45.0,False,False
R02ZF,50,1667,STATIC_BOUNDARY_C,12.4,12.249990463256836,0.9499988555908203,0.8461538461538461,0.020112179219722748,0.14999961853027344,-45.0,45.0,False,False
R02ZF,51,1700,STATIC_BOUNDARY_A,4.9,4.999997138977051,0.4999995231628418,0.6483516483516484,0.01853645220398903,0.14999985694885254,-45.0,38.0,True,False
R02ZF,51,1700,STATIC_BOUNDARY_B,7.1,7.249995231628418,0.899998664855957,0.9340659340659341,0.030655397102236748,0.19999933242797852,-45.0,45.0,False,False
R02ZF,51,1700,STATIC_BOUNDARY_C,12.4,12.199990272521973,1.3499984741210938,0.8571428571428571,0.021594179794192314,0.14999961853027344,-45.0,45.0,False,False
R02ZF,52,1733,STATIC_BOUNDARY_A,4.9,4.9499969482421875,0.4299997329711915,0.6043956043956044,0.0176557507365942,0.14999985694885254,-45.0,45.0,True,False
R02ZF,52,1733,STATIC_BOUNDARY_B,7.1,7.149994850158691,0.9499988555908203,0.8461538461538461,0.03831923380494118,0.15000009536743164,-45.0,45.0,False,False
R02ZF,52,1733,STATIC_BOUNDARY_C,12.4,12.349989891052246,1.0899990081787114,0.9560439560439561,0.020340949296951294,0.14999961853027344,-45.0,45.0,False,False
R02ZF,53,1767,STATIC_BOUNDARY_A,4.9,4.899997234344482,0.6499991416931152,0.7692307692307693,0.02070188894867897,0.14999985694885254,-44.0,44.0,False,False
R02ZF,53,1767,STATIC_BOUNDARY_B,7.1,7.199995040893555,0.8499994277954102,0.8901098901098901,0.03331521153450012,0.19999933242797852,-45.0,45.0,False,False
R02ZF,53,1767,STATIC_BOUNDARY_C,12.4,12.299989700317383,0.7699991226196284,0.9120879120879121,0.022527672350406647,0.14999961853027344,-45.0,45.0,False,False
R02ZF,54,1800,STATIC_BOUNDARY_A,4.9,4.974997043609619,0.6249995231628418,0.8131868131868132,0.018896397203207016,0.14999985694885254,-45.0,45.0,False,False
R02ZF,54,1800,STATIC_BOUNDARY_B,7.1,7.149994850158691,0.7899992942810057,0.9120879120879121,0.03544452041387558,0.15000009536743164,-45.0,45.0,False,False
R02ZF,54,1800,STATIC_BOUNDARY_C,12.4,12.199990272521973,1.3499984741210938,0.9560439560439561,0.02299833856523037,0.14999961853027344,-45.0,45.0,False,False
R02ZF,55,1833,STATIC_BOUNDARY_A,4.9,4.849997520446777,0.4999990463256836,0.7252747252747253,0.018865996971726418,0.14999985694885254,-43.0,45.0,True,False
R02ZF,55,1833,STATIC_BOUNDARY_B,7.1,7.149994850158691,0.899998664855957,0.8791208791208791,0.031279392540454865,0.19999933242797852,-44.0,45.0,False,False
R02ZF,55,1833,STATIC_BOUNDARY_C,12.4,12.199990272521973,0.9949990272521976,0.9010989010989011,0.02281704917550087,0.14999961853027344,-45.0,45.0,False,False
R02ZF,56,1867,STATIC_BOUNDARY_A,4.9,4.799997329711914,0.39999961853027344,0.8131868131868132,0.01773299276828766,0.14999985694885254,-43.0,45.0,True,False
R02ZF,56,1867,STATIC_BOUNDARY_B,7.1,7.099995136260986,0.7499995231628418,0.8901098901098901,0.035614270716905594,0.19999933242797852,-45.0,45.0,False,False
R02ZF,56,1867,STATIC_BOUNDARY_C,12.4,12.199990272521973,1.0499992370605469,0.9230769230769231,0.022628266364336014,0.1999988555908203,-45.0,45.0,False,False
R02ZF,57,1900,STATIC_BOUNDARY_A,4.9,4.899997234344482,0.5499997138977051,0.6923076923076923,0.016119064763188362,0.14999985694885254,-44.0,45.0,True,False
R02ZF,57,1900,STATIC_BOUNDARY_B,7.1,7.099995136260986,0.7999992370605469,0.8901098901098901,0.029160263016819954,0.19999933242797852,-45.0,45.0,False,False
R02ZF,57,1900,STATIC_BOUNDARY_C,12.4,12.14999008178711,1.41999855041504,0.8681318681318682,0.02125823125243187,0.1999988555908203,-45.0,45.0,False,False
R02ZF,58,1933,STATIC_BOUNDARY_A,4.9,4.799997329711914,0.34999942779541016,0.7472527472527473,0.018635349348187447,0.14999985694885254,-45.0,44.0,True,False
R02ZF,58,1933,STATIC_BOUNDARY_B,7.1,7.149994850158691,0.7999992370605469,0.8901098901098901,0.03558383136987686,0.19999933242797852,-45.0,45.0,False,False
R02ZF,58,1933,STATIC_BOUNDARY_C,12.4,12.39999008178711,1.2099986076354974,0.8571428571428571,0.023467931896448135,0.14999961853027344,-45.0,44.0,False,False
R02ZF,59,1967,STATIC_BOUNDARY_A,4.9,4.899997234344482,0.849998950958252,0.6373626373626373,0.01643296703696251,0.14999985694885254,-45.0,39.0,False,False
R02ZF,59,1967,STATIC_BOUNDARY_B,7.1,6.999995231628418,0.7499990463256836,0.9560439560439561,0.03098263405263424,0.19999933242797852,-45.0,45.0,False,False
R02ZF,59,1967,STATIC_BOUNDARY_C,12.4,12.424990177154541,0.8249993324279785,0.9230769230769231,0.019502678886055946,0.1999988555908203,-45.0,45.0,False,False
R02ZF,60,2000,STATIC_BOUNDARY_A,4.9,4.849997520446777,0.6499991416931152,0.7582417582417582,0.018917886540293694,0.14999985694885254,-45.0,45.0,False,False
R02ZF,60,2000,STATIC_BOUNDARY_B,7.1,7.299994945526123,0.7999992370605469,0.8901098901098901,0.03684215620160103,0.15000009536743164,-45.0,45.0,False,False
R02ZF,60,2000,STATIC_BOUNDARY_C,12.4,12.14999008178711,0.7999992370605469,0.9010989010989011,0.02517363429069519,0.1999988555908203,-45.0,43.0,False,False
R02ZF,61,2033,STATIC_BOUNDARY_A,4.9,4.87499737739563,0.5249998569488525,0.6593406593406593,0.0172751322388649,0.14999985694885254,-44.0,45.0,True,False
R02ZF,61,2033,STATIC_BOUNDARY_B,7.1,7.149994850158691,0.7499995231628418,0.8791208791208791,0.03296276926994324,0.19999933242797852,-45.0,45.0,False,False
R02ZF,61,2033,STATIC_BOUNDARY_C,12.4,12.199990272521973,1.1999988555908203,0.8681318681318682,0.02306845225393772,0.1999988555908203,-44.0,45.0,False,False
R02ZF,62,2067,STATIC_BOUNDARY_A,4.9,4.849997520446777,0.5999994277954102,0.7692307692307693,0.019768916070461273,0.14999985694885254,-45.0,41.0,False,False
R02ZF,62,2067,STATIC_BOUNDARY_B,7.1,7.099995136260986,0.7999992370605469,0.9230769230769231,0.03908690810203552,0.19999933242797852,-45.0,44.0,False,False
R02ZF,62,2067,STATIC_BOUNDARY_C,12.4,12.199990272521973,0.9799989700317387,0.9340659340659341,0.02285046875476837,0.1999988555908203,-45.0,45.0,False,False
R02ZF,63,2100,STATIC_BOUNDARY_A,4.9,4.849997520446777,0.4499998092651367,0.7692307692307693,0.020339280366897583,0.15000009536743164,-44.0,45.0,True,False
R02ZF,63,2100,STATIC_BOUNDARY_B,7.1,7.074995040893555,0.7749991416931152,0.9010989010989011,0.04522303491830826,0.19999933242797852,-45.0,45.0,False,False
R02ZF,63,2100,STATIC_BOUNDARY_C,12.4,12.14999008178711,0.9999990463256836,0.9560439560439561,0.024570761248469353,0.14999961853027344,-45.0,45.0,False,False
R02ZF,64,2133,STATIC_BOUNDARY_A,4.9,4.849997520446777,0.45999965667724624,0.7582417582417582,0.023728741332888603,0.15000033378601074,-44.0,44.0,True,False
R02ZF,64,2133,STATIC_BOUNDARY_B,7.1,6.999995231628418,0.7499990463256836,0.9230769230769231,0.040910765528678894,0.14999961853027344,-45.0,45.0,False,False
R02ZF,64,2133,STATIC_BOUNDARY_C,12.4,12.349989891052246,1.2499990463256836,0.978021978021978,0.02440655417740345,0.14999961853027344,-45.0,45.0,False,False
R02ZF,65,2167,STATIC_BOUNDARY_A,4.9,4.849997520446777,0.38499970436096204,0.8131868131868132,0.01841920241713524,0.14999985694885254,-44.0,44.0,True,False
R02ZF,65,2167,STATIC_BOUNDARY_B,7.1,7.099995136260986,0.6499991416931152,0.9230769230769231,0.03571612015366554,0.15000009536743164,-44.0,45.0,False,False
R02ZF,65,2167,STATIC_BOUNDARY_C,12.4,12.499989986419678,0.6999993324279785,0.9010989010989011,0.023403946310281754,0.1999988555908203,-45.0,44.0,False,False
R02ZF,66,2200,STATIC_BOUNDARY_A,4.9,4.824997425079346,0.6499993801116943,0.7252747252747253,0.01974939927458763,0.14999985694885254,-44.0,42.0,False,False
R02ZF,66,2200,STATIC_BOUNDARY_B,7.1,6.949995040893555,0.7499995231628418,0.8791208791208791,0.04262707382440567,0.19999933242797852,-45.0,45.0,False,False
R02ZF,66,2200,STATIC_BOUNDARY_C,12.4,12.199990272521973,1.1999988555908203,0.9010989010989011,0.023171935230493546,0.14999961853027344,-45.0,44.0,False,False
R02ZF,67,2233,STATIC_BOUNDARY_A,4.9,4.849997520446777,0.6499996185302734,0.7032967032967034,0.01794726401567459,0.15000033378601074,-44.0,41.0,False,False
R02ZF,67,2233,STATIC_BOUNDARY_B,7.1,7.049995422363281,0.7499990463256836,0.8901098901098901,0.0319247804582119,0.19999933242797852,-45.0,45.0,False,False
R02ZF,67,2233,STATIC_BOUNDARY_C,12.4,12.349989891052246,1.3199987411499012,0.9120879120879121,0.021175319328904152,0.14999961853027344,-45.0,45.0,False,False
R02ZF,68,2267,STATIC_BOUNDARY_A,4.9,4.799997329711914,0.6499996185302734,0.7252747252747253,0.01930716633796692,0.15000033378601074,-40.0,45.0,False,False
R02ZF,68,2267,STATIC_BOUNDARY_B,7.1,7.099995136260986,0.5999994277954102,0.9010989010989011,0.03514861315488815,0.19999933242797852,-45.0,45.0,False,False
R02ZF,68,2267,STATIC_BOUNDARY_C,12.4,12.199990272521973,1.5649983406066894,0.8571428571428571,0.023598480969667435,0.1999988555908203,-44.0,45.0,False,False
R02ZF,69,2300,STATIC_BOUNDARY_A,4.9,4.849997520446777,0.6499996185302734,0.7252747252747253,0.01764865592122078,0.15000033378601074,-43.0,45.0,False,False
R02ZF,69,2300,STATIC_BOUNDARY_B,7.1,7.049995422363281,0.5499992370605469,0.8351648351648352,0.036296598613262177,0.15000009536743164,-45.0,45.0,True,False
R02ZF,69,2300,STATIC_BOUNDARY_C,12.4,12.14999008178711,1.2499990463256836,0.8681318681318682,0.02534213662147522,0.14999961853027344,-45.0,45.0,False,False
R02ZF,70,2333,STATIC_BOUNDARY_A,4.9,4.799997329711914,0.4999995231628418,0.7802197802197802,0.018655505031347275,0.15000033378601074,-43.0,43.0,True,False
R02ZF,70,2333,STATIC_BOUNDARY_B,7.1,7.099995136260986,0.4499993324279785,0.9230769230769231,0.034681372344493866,0.15000009536743164,-45.0,45.0,True,False
R02ZF,70,2333,STATIC_BOUNDARY_C,12.4,12.299989700317383,1.4499988555908203,0.8681318681318682,0.024585293605923653,0.14999961853027344,-45.0,45.0,False,False
R02ZF,71,2367,STATIC_BOUNDARY_A,4.9,4.799997329711914,0.5199994087219237,0.7362637362637363,0.019115149974822998,0.15000009536743164,-43.0,41.0,True,False
R02ZF,71,2367,STATIC_BOUNDARY_B,7.1,7.299994945526123,0.4499993324279785,0.8901098901098901,0.03450953960418701,0.19999933242797852,-45.0,45.0,True,False
R02ZF,71,2367,STATIC_BOUNDARY_C,12.4,12.299989700317383,1.1549989700317387,0.9230769230769231,0.02069384604692459,0.14999961853027344,-45.0,45.0,False,False
R02ZF,72,2400,STATIC_BOUNDARY_A,4.9,4.749997138977051,0.4499993324279785,0.7802197802197802,0.01872330717742443,0.14999985694885254,-39.0,45.0,True,False
R02ZF,72,2400,STATIC_BOUNDARY_B,7.1,7.049995422363281,0.5899991989135748,0.9560439560439561,0.036043934524059296,0.19999933242797852,-45.0,45.0,False,False
R02ZF,72,2400,STATIC_BOUNDARY_C,12.4,12.299989700317383,1.0249987602233894,0.9230769230769231,0.025907328352332115,0.14999961853027344,-45.0,44.0,False,False
R02ZF,73,2433,STATIC_BOUNDARY_A,4.9,4.799997329711914,0.5999994277954102,0.7252747252747253,0.02060507982969284,0.15000033378601074,-45.0,42.0,False,False
R02ZF,73,2433,STATIC_BOUNDARY_B,7.1,7.249995231628418,0.4999990463256836,0.9010989010989011,0.029675833880901337,0.19999933242797852,-45.0,45.0,True,False
R02ZF,73,2433,STATIC_BOUNDARY_C,12.4,12.349989891052246,1.2499990463256836,0.8571428571428571,0.030087746679782867,0.1999988555908203,-44.0,45.0,False,False
R02ZF,74,2467,STATIC_BOUNDARY_A,4.9,4.749997138977051,0.5399991989135741,0.7362637362637363,0.018236612901091576,0.15000033378601074,-45.0,45.0,True,False
R02ZF,74,2467,STATIC_BOUNDARY_B,7.1,7.149994850158691,0.6449995994567874,0.9010989010989011,0.03171800076961517,0.19999933242797852,-45.0,44.0,False,False
R02ZF,74,2467,STATIC_BOUNDARY_C,12.4,12.14999008178711,0.8749995231628418,0.8351648351648352,0.024501001462340355,0.1999988555908203,-45.0,43.0,False,False
R02ZF,75,2500,STATIC_BOUNDARY_A,4.9,4.749997138977051,0.5499992847442627,0.5494505494505495,0.01712673343718052,0.14999985694885254,-37.0,32.0,True,False
R02ZF,75,2500,STATIC_BOUNDARY_B,7.1,7.249995231628418,0.5499992370605469,0.8791208791208791,0.030333729460835457,0.19999933242797852,-45.0,45.0,True,False
R02ZF,75,2500,STATIC_BOUNDARY_C,12.4,12.249990463256836,0.9999990463256836,0.7362637362637363,0.028759121894836426,0.1999988555908203,-44.0,44.0,False,False
R02ZF,76,2533,STATIC_BOUNDARY_A,4.9,4.799997329711914,0.6249995231628418,0.6153846153846154,0.015023641288280487,0.15000033378601074,-44.0,45.0,False,False
R02ZF,76,2533,STATIC_BOUNDARY_B,7.1,7.199995040893555,0.5999994277954102,0.8681318681318682,0.031269144266843796,0.19999933242797852,-45.0,45.0,False,False
R02ZF,76,2533,STATIC_BOUNDARY_C,12.4,12.324989795684814,1.319999313354492,0.7912087912087912,0.021211260929703712,0.1999988555908203,-45.0,45.0,False,False
R02ZF,77,2567,STATIC_BOUNDARY_A,4.9,4.799997329711914,0.39999961853027344,0.6593406593406593,0.017664246261119843,0.17499995231628418,-45.0,45.0,True,False
R02ZF,77,2567,STATIC_BOUNDARY_B,7.1,7.299994945526123,0.4999995231628418,0.9340659340659341,0.030948571860790253,0.19999933242797852,-45.0,44.0,True,False
R02ZF,77,2567,STATIC_BOUNDARY_C,12.4,12.299989700317383,0.8499994277954102,0.8351648351648352,0.028347160667181015,0.1999988555908203,-44.0,43.0,False,False
R02ZF,78,2600,STATIC_BOUNDARY_A,4.9,4.799997329711914,0.2999997138977051,0.5714285714285714,0.015467697754502296,0.15000033378601074,-38.0,45.0,True,False
R02ZF,78,2600,STATIC_BOUNDARY_B,7.1,7.249995231628418,0.5499992370605469,0.9120879120879121,0.03812180086970329,0.19999933242797852,-45.0,44.0,True,False
R02ZF,78,2600,STATIC_BOUNDARY_C,12.4,12.349989891052246,1.0199987411499025,0.8461538461538461,0.023829901590943336,0.1999988555908203,-45.0,45.0,False,False
R02ZF,79,2633,STATIC_BOUNDARY_A,4.9,4.749997138977051,0.5,0.5604395604395604,0.01670081540942192,0.15000033378601074,-45.0,45.0,True,False
R02ZF,79,2633,STATIC_BOUNDARY_B,7.1,7.249995231628418,0.39999961853027344,0.8901098901098901,0.03294974938035011,0.19999933242797852,-45.0,45.0,True,False
R02ZF,79,2633,STATIC_BOUNDARY_C,12.4,12.39999008178711,1.0599988937377938,0.8131868131868132,0.02249559387564659,0.1999988555908203,-45.0,45.0,False,False
R02ZF,80,2667,STATIC_BOUNDARY_A,4.9,4.749997138977051,0.4499993324279785,0.6483516483516484,0.015318741090595722,0.14999985694885254,-43.0,45.0,True,False
R02ZF,80,2667,STATIC_BOUNDARY_B,7.1,7.199995040893555,0.5999994277954102,0.8791208791208791,0.03324379399418831,0.15000009536743164,-45.0,45.0,False,False
R02ZF,80,2667,STATIC_BOUNDARY_C,12.4,12.299989700317383,0.8499984741210938,0.8571428571428571,0.023186448961496353,0.1999988555908203,-45.0,45.0,False,False
R02ZF,81,2700,STATIC_BOUNDARY_A,4.9,4.749997138977051,0.4999990463256836,0.7142857142857143,0.017285486683249474,0.14999985694885254,-44.0,42.0,True,False
R02ZF,81,2700,STATIC_BOUNDARY_B,7.1,7.299994945526123,0.4999995231628418,0.8901098901098901,0.035106901079416275,0.19999933242797852,-45.0,44.0,True,False
R02ZF,81,2700,STATIC_BOUNDARY_C,12.4,12.374989986419678,0.8899992942810058,0.8571428571428571,0.02993953786790371,0.1999988555908203,-45.0,45.0,False,False
R02ZF,82,2733,STATIC_BOUNDARY_A,4.9,4.649997711181641,0.4499998092651367,0.6923076923076923,0.017257364466786385,0.14999985694885254,-43.0,44.0,True,False
R02ZF,82,2733,STATIC_BOUNDARY_B,7.1,7.299994945526123,0.4499993324279785,0.9120879120879121,0.03329809010028839,0.19999933242797852,-45.0,44.0,True,False
R02ZF,82,2733,STATIC_BOUNDARY_C,12.4,12.299989700317383,1.2499990463256836,0.8681318681318682,0.031700920313596725,0.1999988555908203,-45.0,45.0,False,False
R02ZF,83,2767,STATIC_BOUNDARY_A,4.9,4.749997138977051,0.4499993324279785,0.5714285714285714,0.016035664826631546,0.15000033378601074,-45.0,41.0,True,False
R02ZF,83,2767,STATIC_BOUNDARY_B,7.1,7.324994802474976,0.674999475479126,0.9230769230769231,0.03229740634560585,0.19999933242797852,-45.0,45.0,False,False
R02ZF,83,2767,STATIC_BOUNDARY_C,12.4,12.39999008178711,1.0149991035461425,0.8571428571428571,0.02493421919643879,0.1999988555908203,-45.0,45.0,False,False
R02ZF,84,2800,STATIC_BOUNDARY_A,4.9,4.699997425079346,0.4999995231628418,0.5824175824175825,0.018642371520400047,0.15000033378601074,-45.0,41.0,True,False
R02ZF,84,2800,STATIC_BOUNDARY_B,7.1,7.249995231628418,0.4999990463256836,0.9120879120879121,0.039078716188669205,0.19999933242797852,-45.0,45.0,True,False
R02ZF,84,2800,STATIC_BOUNDARY_C,12.4,12.349989891052246,1.1999988555908203,0.8571428571428571,0.026191584765911102,0.1999988555908203,-45.0,43.0,False,False
R02ZF,85,2833,STATIC_BOUNDARY_A,4.9,4.749997138977051,0.4499998092651367,0.6043956043956044,0.01515275239944458,0.14999985694885254,-45.0,45.0,True,False
R02ZF,85,2833,STATIC_BOUNDARY_B,7.1,7.249995231628418,0.5499992370605469,0.978021978021978,0.032417695969343185,0.19999933242797852,-45.0,45.0,True,False
R02ZF,85,2833,STATIC_BOUNDARY_C,12.4,12.299989700317383,0.75,0.8461538461538461,0.028255894780158997,0.1999988555908203,-45.0,44.0,False,False
R02ZF,86,2867,STATIC_BOUNDARY_A,4.9,4.749997138977051,0.34999990463256836,0.6923076923076923,0.01619006134569645,0.14999985694885254,-44.0,45.0,True,False
R02ZF,86,2867,STATIC_BOUNDARY_B,7.1,7.224995136260986,0.7749991416931152,0.9230769230769231,0.039860744029283524,0.19999933242797852,-45.0,45.0,False,False
R02ZF,86,2867,STATIC_BOUNDARY_C,12.4,12.349989891052246,0.7999992370605469,0.8681318681318682,0.028616517782211304,0.1999988555908203,-45.0,44.0,False,False
R02ZF,87,2900,STATIC_BOUNDARY_A,4.9,4.749997138977051,0.34499940872192375,0.46153846153846156,0.014162124134600163,0.15000033378601074,-45.0,45.0,True,False
R02ZF,87,2900,STATIC_BOUNDARY_B,7.1,7.299994945526123,0.6949993133544925,0.9010989010989011,0.027751173824071884,0.19999933242797852,-45.0,44.0,False,False
R02ZF,87,2900,STATIC_BOUNDARY_C,12.4,12.299989700317383,0.9399997711181639,0.8021978021978022,0.0288190059363842,0.1999988555908203,-45.0,44.0,False,False
R02ZF,88,2933,STATIC_BOUNDARY_A,4.9,4.749997138977051,0.39999961853027344,0.6043956043956044,0.014238204807043076,0.14999985694885254,-43.0,45.0,True,False
R02ZF,88,2933,STATIC_BOUNDARY_B,7.1,7.149994850158691,0.6499996185302734,0.8901098901098901,0.025871457532048225,0.19999933242797852,-45.0,44.0,False,False
R02ZF,88,2933,STATIC_BOUNDARY_C,12.4,12.249990463256836,1.094998550415039,0.7912087912087912,0.02307415008544922,0.1999988555908203,-45.0,44.0,False,False
R02ZF,89,2967,STATIC_BOUNDARY_A,4.9,4.749997138977051,0.4949999332427978,0.5714285714285714,0.01701647788286209,0.14999985694885254,-45.0,42.0,True,False
R02ZF,89,2967,STATIC_BOUNDARY_B,7.1,7.399994850158691,0.5499992370605469,0.9120879120879121,0.027100298553705215,0.19999933242797852,-45.0,43.0,True,False
R02ZF,89,2967,STATIC_BOUNDARY_C,12.4,12.249990463256836,1.3599985122680665,0.8681318681318682,0.021715667098760605,0.14999961853027344,-45.0,44.0,False,False
R02ZF,90,3000,STATIC_BOUNDARY_A,4.9,4.749997138977051,0.2499995231628418,0.5714285714285714,0.017033644020557404,0.15000033378601074,-45.0,45.0,True,False
R02ZF,90,3000,STATIC_BOUNDARY_B,7.1,7.199995040893555,0.5999994277954102,0.9010989010989011,0.030734330415725708,0.15000009536743164,-45.0,43.0,False,False
R02ZF,90,3000,STATIC_BOUNDARY_C,12.4,12.349989891052246,1.0599992752075196,0.8681318681318682,0.01899314485490322,0.1999988555908203,-45.0,44.0,False,False
R02ZF,91,3033,STATIC_BOUNDARY_A,4.9,4.749997138977051,0.2199996948242187,0.5164835164835165,0.015022596344351768,0.15000033378601074,-45.0,35.0,True,False
R02ZF,91,3033,STATIC_BOUNDARY_B,7.1,7.124994993209839,0.7749993801116943,0.8351648351648352,0.035001568496227264,0.19999933242797852,-45.0,44.0,False,False
R02ZF,91,3033,STATIC_BOUNDARY_C,12.4,12.199990272521973,1.149998664855957,0.7362637362637363,0.027506889775395393,0.1999988555908203,-45.0,41.0,False,False
R02ZF,92,3067,STATIC_BOUNDARY_A,4.9,4.749997138977051,0.4499993324279785,0.5604395604395604,0.0190733652561903,0.15000033378601074,-37.0,43.0,True,False
R02ZF,92,3067,STATIC_BOUNDARY_B,7.1,7.249995231628418,0.639999151229859,0.9010989010989011,0.03281796723604202,0.19999933242797852,-45.0,44.0,False,False
R02ZF,92,3067,STATIC_BOUNDARY_C,12.4,12.299989700317383,1.0,0.7802197802197802,0.02628597430884838,0.1999988555908203,-43.0,44.0,False,False
R02ZF,93,3100,STATIC_BOUNDARY_A,4.9,4.749997138977051,0.1499997615814209,0.5274725274725275,0.016237039119005203,0.17499995231628418,-41.0,43.0,True,False
R02ZF,93,3100,STATIC_BOUNDARY_B,7.1,7.349994659423828,0.4999990463256836,0.9230769230769231,0.032999612390995026,0.19999933242797852,-45.0,43.0,True,False
R02ZF,93,3100,STATIC_BOUNDARY_C,12.4,12.349989891052246,1.149998664855957,0.7802197802197802,0.025674615055322647,0.1999988555908203,-45.0,44.0,False,False
R02ZF,94,3133,STATIC_BOUNDARY_A,4.9,4.799997329711914,0.5049994945526124,0.5494505494505495,0.016930973157286644,0.15000033378601074,-45.0,44.0,True,False
R02ZF,94,3133,STATIC_BOUNDARY_B,7.1,7.149994850158691,0.6849990844726563,0.9230769230769231,0.03431159257888794,0.19999933242797852,-45.0,42.0,False,False
R02ZF,94,3133,STATIC_BOUNDARY_C,12.4,12.199990272521973,1.2999982833862305,0.7252747252747253,0.028615593910217285,0.1999988555908203,-45.0,43.0,False,False
R02ZF,95,3167,STATIC_BOUNDARY_A,4.9,4.749997138977051,0.2999992370605469,0.5604395604395604,0.014590520411729813,0.15000009536743164,-44.0,41.0,True,False
R02ZF,95,3167,STATIC_BOUNDARY_B,7.1,7.099995136260986,0.4499993324279785,0.9010989010989011,0.029672252014279366,0.15000009536743164,-45.0,41.0,True,False
R02ZF,95,3167,STATIC_BOUNDARY_C,12.4,12.14999008178711,1.2099992752075197,0.7142857142857143,0.028743773698806763,0.1999988555908203,-45.0,42.0,False,False
R02ZF,96,3200,STATIC_BOUNDARY_A,4.9,4.799997329711914,0.34999942779541016,0.5714285714285714,0.015066958963871002,0.14999985694885254,-43.0,44.0,True,False
R02ZF,96,3200,STATIC_BOUNDARY_B,7.1,7.099995136260986,0.4999995231628418,0.8901098901098901,0.03300529345870018,0.19999933242797852,-45.0,43.0,True,False
R02ZF,96,3200,STATIC_BOUNDARY_C,12.4,12.249990463256836,0.8499984741210938,0.8351648351648352,0.025614745914936066,0.1999988555908203,-45.0,44.0,False,False
R02ZF,97,3233,STATIC_BOUNDARY_A,4.9,4.749997138977051,0.4499993324279785,0.5714285714285714,0.01524391584098339,0.15000033378601074,-43.0,42.0,True,False
R02ZF,97,3233,STATIC_BOUNDARY_B,7.1,7.124994993209839,0.3749997615814209,0.8791208791208791,0.02937401458621025,0.19999933242797852,-45.0,43.0,True,False
R02ZF,97,3233,STATIC_BOUNDARY_C,12.4,12.249990463256836,1.0999984741210938,0.8021978021978022,0.023261437192559242,0.1999988555908203,-45.0,44.0,False,False
R02ZF,98,3267,STATIC_BOUNDARY_A,4.9,4.749997138977051,0.4399993896484377,0.4725274725274725,0.014737378805875778,0.14999985694885254,-44.0,41.0,True,False
R02ZF,98,3267,STATIC_BOUNDARY_B,7.1,7.149994850158691,0.5799995422363279,0.9120879120879121,0.033056508749723434,0.19999933242797852,-45.0,45.0,False,False
R02ZF,98,3267,STATIC_BOUNDARY_C,12.4,12.14999008178711,1.2499990463256836,0.8351648351648352,0.023751001805067062,0.1999988555908203,-45.0,42.0,False,False
R02ZF,99,3300,STATIC_BOUNDARY_A,4.9,4.749997138977051,0.14999961853027344,0.46153846153846156,0.01759124919772148,0.14999985694885254,-43.0,43.0,True,False
R02ZF,99,3300,STATIC_BOUNDARY_B,7.1,7.124994993209839,0.66999945640564,0.9010989010989011,0.03423314169049263,0.19999933242797852,-45.0,45.0,False,False
R02ZF,99,3300,STATIC_BOUNDARY_C,12.4,12.299989700317383,0.8999996185302734,0.7802197802197802,0.028697798028588295,0.1999988555908203,-45.0,44.0,False,False
R02ZF,100,3333,STATIC_BOUNDARY_A,4.9,4.749997138977051,0.15000009536743164,0.5824175824175825,0.017528720200061798,0.15000033378601074,-43.0,44.0,True,False
R02ZF,100,3333,STATIC_BOUNDARY_B,7.1,7.099995136260986,0.659999179840088,0.978021978021978,0.029215149581432343,0.19999933242797852,-45.0,45.0,False,False
R02ZF,100,3333,STATIC_BOUNDARY_C,12.4,12.324989795684814,0.505000019073486,0.8571428571428571,0.027351830154657364,0.1999988555908203,-45.0,43.0,True,False
R02ZF,101,3367,STATIC_BOUNDARY_A,4.9,4.749997138977051,0.19999980926513672,0.6153846153846154,0.0154035072773695,0.15000033378601074,-45.0,41.0,True,False
R02ZF,101,3367,STATIC_BOUNDARY_B,7.1,7.049995422363281,0.6999988555908203,0.9560439560439561,0.030972160398960114,0.19999933242797852,-45.0,45.0,False,False
R02ZF,101,3367,STATIC_BOUNDARY_C,12.4,12.249990463256836,0.7699991226196292,0.8461538461538461,0.027662646025419235,0.1999988555908203,-45.0,45.0,False,False
R02ZF,102,3400,STATIC_BOUNDARY_A,4.9,4.749997138977051,0.28499927520751933,0.46153846153846156,0.016740303486585617,0.15000033378601074,-44.0,43.0,True,False
R02ZF,102,3400,STATIC_BOUNDARY_B,7.1,6.999995231628418,0.5499992370605469,0.9560439560439561,0.03000631555914879,0.19999933242797852,-45.0,43.0,True,False
R02ZF,102,3400,STATIC_BOUNDARY_C,12.4,12.199990272521973,0.5499992370605469,0.8021978021978022,0.0315234437584877,0.1999988555908203,-45.0,45.0,True,False
R02ZF,103,3433,STATIC_BOUNDARY_A,4.9,4.749997138977051,0.34999942779541016,0.42857142857142855,0.015610395930707455,0.15000033378601074,-37.0,45.0,False,False
R02ZF,103,3433,STATIC_BOUNDARY_B,7.1,7.149994850158691,0.6499996185302734,0.9230769230769231,0.02897736430168152,0.19999933242797852,-45.0,43.0,False,False
R02ZF,103,3433,STATIC_BOUNDARY_C,12.4,12.199990272521973,1.399998664855957,0.8021978021978022,0.027858275920152664,0.1999988555908203,-45.0,45.0,False,False
R02ZF,104,3467,STATIC_BOUNDARY_A,4.9,4.749997138977051,0.20999975204467788,0.5384615384615384,0.015767455101013184,0.15000033378601074,-39.0,43.0,True,False
R02ZF,104,3467,STATIC_BOUNDARY_B,7.1,7.074995279312134,0.6749989986419678,0.9010989010989011,0.02914563938975334,0.19999933242797852,-45.0,43.0,False,False
R02ZF,104,3467,STATIC_BOUNDARY_C,12.4,12.174990177154541,1.224998950958252,0.8571428571428571,0.025975029915571213,0.1999988555908203,-45.0,44.0,False,False
R02ZF,105,3500,STATIC_BOUNDARY_A,4.9,4.749997138977051,0.09999942779541016,0.4175824175824176,0.016744300723075867,0.14999985694885254,-45.0,36.0,False,False
R02ZF,105,3500,STATIC_BOUNDARY_B,7.1,6.999995231628418,0.6499996185302734,0.9560439560439561,0.030702264979481697,0.19999933242797852,-45.0,42.0,False,False
R02ZF,105,3500,STATIC_BOUNDARY_C,12.4,12.39999008178711,1.209998893737794,0.8241758241758241,0.03151455149054527,0.1999988555908203,-45.0,44.0,False,False
R02ZF,106,3533,STATIC_BOUNDARY_A,4.9,4.749997138977051,0.19999980926513672,0.4835164835164835,0.014303394593298435,0.15000033378601074,-35.0,44.0,True,False
R02ZF,106,3533,STATIC_BOUNDARY_B,7.1,6.999995231628418,0.7999992370605469,0.8901098901098901,0.033448733389377594,0.19999933242797852,-45.0,42.0,False,False
R02ZF,106,3533,STATIC_BOUNDARY_C,12.4,12.14999008178711,0.5999994277954102,0.8681318681318682,0.02916506677865982,0.1999988555908203,-45.0,44.0,False,False
R02ZF,107,3567,STATIC_BOUNDARY_A,4.9,4.749997138977051,0.19999980926513672,0.4175824175824176,0.015806350857019424,0.15000033378601074,-38.0,44.0,False,False
R02ZF,107,3567,STATIC_BOUNDARY_B,7.1,6.999995231628418,0.7199992179870608,0.9560439560439561,0.031071433797478676,0.19999933242797852,-45.0,45.0,False,False
R02ZF,107,3567,STATIC_BOUNDARY_C,12.4,12.14999008178711,0.6549995422363285,0.8791208791208791,0.034027568995952606,0.1999988555908203,-45.0,45.0,False,False
R02ZF,108,3600,STATIC_BOUNDARY_A,4.9,4.799997329711914,0.25,0.5604395604395604,0.016996100544929504,0.14999985694885254,-45.0,44.0,True,False
R02ZF,108,3600,STATIC_BOUNDARY_B,7.1,7.049995422363281,0.7499990463256836,0.9560439560439561,0.0296571496874094,0.19999933242797852,-45.0,45.0,False,False
R02ZF,108,3600,STATIC_BOUNDARY_C,12.4,12.099990844726562,0.7999992370605469,0.8351648351648352,0.03678099066019058,0.1999988555908203,-44.0,45.0,False,False
R02ZF,109,3633,STATIC_BOUNDARY_A,4.9,4.799997329711914,0.39999961853027344,0.45054945054945056,0.016539813950657845,0.15000033378601074,-35.0,37.0,True,False
R02ZF,109,3633,STATIC_BOUNDARY_B,7.1,6.999995231628418,0.6399995803833006,0.9120879120879121,0.027028994634747505,0.19999933242797852,-43.0,45.0,False,False
R02ZF,109,3633,STATIC_BOUNDARY_C,12.4,12.14999008178711,0.4499998092651367,0.8461538461538461,0.025168541818857193,0.1999988555908203,-44.0,45.0,True,False
R02ZF,110,3667,STATIC_BOUNDARY_A,4.9,4.749997138977051,0.4199993610382083,0.5934065934065934,0.016558680683374405,0.19999957084655762,-41.0,41.0,True,False
R02ZF,110,3667,STATIC_BOUNDARY_B,7.1,7.049995422363281,0.7899991989135741,0.9120879120879121,0.03096204251050949,0.19999933242797852,-45.0,45.0,False,False
R02ZF,110,3667,STATIC_BOUNDARY_C,12.4,12.14999008178711,0.9499988555908203,0.8571428571428571,0.03184766694903374,0.1999988555908203,-45.0,45.0,False,False
R02ZF,111,3700,STATIC_BOUNDARY_A,4.9,4.749997138977051,0.14999961853027344,0.4175824175824176,0.019311856478452682,0.15000033378601074,-37.0,42.0,False,False
R02ZF,111,3700,STATIC_BOUNDARY_B,7.1,6.999995231628418,0.4999995231628418,0.9230769230769231,0.028179636225104332,0.19999933242797852,-45.0,45.0,True,False
R02ZF,111,3700,STATIC_BOUNDARY_C,12.4,12.249990463256836,0.7499990463256836,0.8351648351648352,0.026274070143699646,0.1999988555908203,-45.0,45.0,False,False
R02ZF,112,3733,STATIC_BOUNDARY_A,4.9,4.699997425079346,0.2099997997283937,0.5494505494505495,0.016795247793197632,0.15000033378601074,-41.0,44.0,True,False
R02ZF,112,3733,STATIC_BOUNDARY_B,7.1,7.149994850158691,0.40999965667724625,0.8681318681318682,0.024051930755376816,0.15000009536743164,-45.0,44.0,True,False
R02ZF,112,3733,STATIC_BOUNDARY_C,12.4,12.14999008178711,0.6999998092651367,0.8461538461538461,0.026012465357780457,0.1999988555908203,-45.0,44.0,False,False
R02ZF,113,3767,STATIC_BOUNDARY_A,4.9,4.799997329711914,0.14999961853027344,0.4945054945054945,0.017250223085284233,0.15000033378601074,-44.0,45.0,True,False
R02ZF,113,3767,STATIC_BOUNDARY_B,7.1,6.999995231628418,0.5499992370605469,0.9120879120879121,0.02859199047088623,0.19999933242797852,-45.0,45.0,True,False
R02ZF,113,3767,STATIC_BOUNDARY_C,12.4,12.14999008178711,1.0499992370605469,0.9120879120879121,0.025811638683080673,0.1999988555908203,-44.0,45.0,False,False
R02ZF,114,3800,STATIC_BOUNDARY_A,4.9,4.799997329711914,0.4999995231628418,0.5824175824175825,0.01905815489590168,0.15000033378601074,-45.0,45.0,True,False
R02ZF,114,3800,STATIC_BOUNDARY_B,7.1,7.049995422363281,0.4999990463256836,0.9340659340659341,0.029097361490130424,0.19999933242797852,-45.0,42.0,True,False
R02ZF,114,3800,STATIC_BOUNDARY_C,12.4,12.174990177154541,0.6499993324279778,0.967032967032967,0.024971703067421913,0.1999988555908203,-45.0,45.0,False,False
R02ZF,115,3833,STATIC_BOUNDARY_A,4.9,4.749997138977051,0.34999971389770507,0.4945054945054945,0.018031928688287735,0.15000033378601074,-38.0,45.0,True,False
R02ZF,115,3833,STATIC_BOUNDARY_B,7.1,7.049995422363281,0.6499991416931152,0.9340659340659341,0.027108069509267807,0.19999933242797852,-44.0,45.0,False,False
R02ZF,115,3833,STATIC_BOUNDARY_C,12.4,12.099990844726562,0.75,0.8901098901098901,0.028522849082946777,0.1999988555908203,-45.0,45.0,False,False
R02ZF,116,3867,STATIC_BOUNDARY_A,4.9,4.749997138977051,0.4499993324279785,0.5714285714285714,0.01651710644364357,0.15000033378601074,-44.0,43.0,True,False
R02ZF,116,3867,STATIC_BOUNDARY_B,7.1,7.049995422363281,0.5499992370605469,0.945054945054945,0.029402680695056915,0.19999933242797852,-44.0,45.0,True,False
R02ZF,116,3867,STATIC_BOUNDARY_C,12.4,12.324989795684814,0.8949995994567874,0.9230769230769231,0.02459884062409401,0.1999988555908203,-45.0,43.0,False,False
R02ZF,117,3900,STATIC_BOUNDARY_A,4.9,4.774997234344482,0.14499974250793451,0.37362637362637363,0.01678021065890789,0.15000033378601074,-43.0,43.0,False,False
R02ZF,117,3900,STATIC_BOUNDARY_B,7.1,7.02499532699585,0.6949991226196292,0.9230769230769231,0.028689837083220482,0.19999933242797852,-45.0,45.0,False,False
R02ZF,117,3900,STATIC_BOUNDARY_C,12.4,12.14999008178711,0.8999996185302734,0.8901098901098901,0.026006124913692474,0.1999988555908203,-45.0,44.0,False,False
R02ZF,118,3933,STATIC_BOUNDARY_A,4.9,4.799997329711914,0.32999954223632855,0.5824175824175825,0.019004417583346367,0.15000033378601074,-44.0,45.0,True,False
R02ZF,118,3933,STATIC_BOUNDARY_B,7.1,7.02499532699585,0.7749991416931152,0.9010989010989011,0.030225131660699844,0.19999933242797852,-45.0,44.0,False,False
R02ZF,118,3933,STATIC_BOUNDARY_C,12.4,12.14999008178711,1.149998664855957,0.9340659340659341,0.02700607292354107,0.1999988555908203,-45.0,45.0,False,False
R02ZF,119,3967,STATIC_BOUNDARY_A,4.9,4.749997138977051,0.26999931335449284,0.5824175824175825,0.016690725460648537,0.15000033378601074,-43.0,43.0,True,False
R02ZF,119,3967,STATIC_BOUNDARY_B,7.1,6.999995231628418,0.7999992370605469,1.0,0.029617514461278915,0.19999933242797852,-45.0,45.0,False,False
R02ZF,119,3967,STATIC_BOUNDARY_C,12.4,12.14999008178711,1.3099990844726563,0.8681318681318682,0.03227036073803902,0.1999988555908203,-44.0,42.0,False,False
R02ZF,120,4000,STATIC_BOUNDARY_A,4.9,4.749997138977051,0.19999980926513672,0.4945054945054945,0.017083264887332916,0.15000033378601074,-41.0,43.0,True,False
R02ZF,120,4000,STATIC_BOUNDARY_B,7.1,7.049995422363281,0.7499990463256836,0.967032967032967,0.030618153512477875,0.19999933242797852,-45.0,45.0,False,False
R02ZF,120,4000,STATIC_BOUNDARY_C,12.4,12.199990272521973,0.899998664855957,0.9120879120879121,0.03608546033501625,0.1999988555908203,-45.0,45.0,False,False
R02ZF,121,4033,STATIC_BOUNDARY_A,4.9,4.749997138977051,0.2499995231628418,0.5164835164835165,0.014167938381433487,0.15000033378601074,-43.0,40.0,True,False
R02ZF,121,4033,STATIC_BOUNDARY_B,7.1,7.049995422363281,0.7649991035461424,0.8571428571428571,0.028294697403907776,0.19999933242797852,-45.0,44.0,False,False
R02ZF,121,4033,STATIC_BOUNDARY_C,12.4,12.224990367889404,1.3699985504150394,0.9010989010989011,0.030711453408002853,0.1999988555908203,-45.0,43.0,False,False
R02ZF,122,4067,STATIC_BOUNDARY_A,4.9,4.749997138977051,0.24499955177307123,0.5714285714285714,0.015322215855121613,0.15000033378601074,-45.0,43.0,True,False
R02ZF,122,4067,STATIC_BOUNDARY_B,7.1,6.999995231628418,0.4999995231628418,0.8791208791208791,0.028657760471105576,0.17499971389770508,-45.0,45.0,True,False
R02ZF,122,4067,STATIC_BOUNDARY_C,12.4,12.199990272521973,1.2999982833862305,0.9120879120879121,0.03011300042271614,0.1999988555908203,-45.0,43.0,False,False
R02ZF,123,4100,STATIC_BOUNDARY_A,4.9,4.749997138977051,0.2499995231628418,0.5934065934065934,0.015901215374469757,0.15000033378601074,-44.0,44.0,True,False
R02ZF,123,4100,STATIC_BOUNDARY_B,7.1,6.999995231628418,0.6499996185302734,0.9120879120879121,0.028202179819345474,0.19999933242797852,-45.0,45.0,False,False
R02ZF,123,4100,STATIC_BOUNDARY_C,12.4,12.14999008178711,0.5199998855590823,0.8681318681318682,0.030984094366431236,0.1999988555908203,-44.0,45.0,True,False
R02ZF,124,4133,STATIC_BOUNDARY_A,4.9,4.799997329711914,0.5249993801116943,0.5054945054945055,0.015418745577335358,0.15000033378601074,-45.0,44.0,True,False
R02ZF,124,4133,STATIC_BOUNDARY_B,7.1,7.049995422363281,0.5449992179870609,0.9010989010989011,0.03347468376159668,0.19999933242797852,-45.0,45.0,True,False
R02ZF,124,4133,STATIC_BOUNDARY_C,12.4,12.099990844726562,0.7999992370605469,0.8901098901098901,0.033713772892951965,0.1999988555908203,-45.0,45.0,False,False
R02ZF,125,4167,STATIC_BOUNDARY_A,4.9,4.749997138977051,0.34999942779541016,0.4945054945054945,0.017912128940224648,0.15000033378601074,-36.0,45.0,True,False
R02ZF,125,4167,STATIC_BOUNDARY_B,7.1,7.049995422363281,0.7499990463256836,0.9010989010989011,0.03184282407164574,0.19999933242797852,-44.0,45.0,False,False
R02ZF,125,4167,STATIC_BOUNDARY_C,12.4,12.099990844726562,0.4499995231628418,0.9230769230769231,0.030798759311437607,0.1999988555908203,-45.0,44.0,True,False
R02ZF,126,4200,STATIC_BOUNDARY_A,4.9,4.749997138977051,0.4499993324279785,0.5824175824175825,0.016412630677223206,0.15000033378601074,-45.0,42.0,True,False
R02ZF,126,4200,STATIC_BOUNDARY_B,7.1,6.999995231628418,0.639999389648438,0.8681318681318682,0.033533912152051926,0.19999933242797852,-45.0,45.0,False,False
R02ZF,126,4200,STATIC_BOUNDARY_C,12.4,12.099990844726562,0.4949998855590823,0.9010989010989011,0.03484112769365311,0.1999988555908203,-45.0,44.0,True,False
R02ZF,127,4233,STATIC_BOUNDARY_A,4.9,4.799997329711914,0.39999971389770544,0.4945054945054945,0.014731843024492264,0.15000033378601074,-42.0,41.0,True,False
R02ZF,127,4233,STATIC_BOUNDARY_B,7.1,6.999995231628418,0.8499994277954102,0.8901098901098901,0.033771391957998276,0.19999980926513672,-44.0,45.0,False,False
R02ZF,127,4233,STATIC_BOUNDARY_C,12.4,12.099990844726562,0.9499988555908203,0.7692307692307693,0.03495953232049942,0.19999980926513672,-45.0,43.0,False,False
R02ZF,128,4267,STATIC_BOUNDARY_A,4.9,4.799997329711914,0.2999997138977051,0.5164835164835165,0.017162535339593887,0.15000033378601074,-45.0,31.0,True,False
R02ZF,128,4267,STATIC_BOUNDARY_B,7.1,6.999995231628418,0.7999992370605469,0.9230769230769231,0.03276442363858223,0.19999933242797852,-44.0,44.0,False,False
R02ZF,128,4267,STATIC_BOUNDARY_C,12.4,12.14999008178711,0.7699995040893571,0.8241758241758241,0.04035525768995285,0.1999988555908203,-44.0,45.0,False,False
R02ZF,129,4300,STATIC_BOUNDARY_A,4.9,4.799997329711914,0.4899992942810064,0.4835164835164835,0.016697458922863007,0.15000009536743164,-45.0,45.0,True,False
R02ZF,129,4300,STATIC_BOUNDARY_B,7.1,7.049995422363281,0.6099991798400888,0.9340659340659341,0.03312258422374725,0.19999933242797852,-43.0,44.0,False,False
R02ZF,129,4300,STATIC_BOUNDARY_C,12.4,12.14999008178711,0.8349987030029298,0.9230769230769231,0.03388801962137222,0.1999988555908203,-45.0,45.0,False,False
R02ZF,130,4333,STATIC_BOUNDARY_A,4.9,4.799997329711914,0.3849996566772459,0.5714285714285714,0.017622366547584534,0.14999985694885254,-44.0,43.0,True,False
R02ZF,130,4333,STATIC_BOUNDARY_B,7.1,6.999995231628418,0.5399992942810057,0.9120879120879121,0.03393663093447685,0.19999933242797852,-44.0,45.0,True,False
R02ZF,130,4333,STATIC_BOUNDARY_C,12.4,12.199990272521973,0.6499996185302734,0.967032967032967,0.03287365287542343,0.1999988555908203,-45.0,45.0,False,False
R02ZF,131,4367,STATIC_BOUNDARY_A,4.9,4.799997329711914,0.4499998092651367,0.5274725274725275,0.017077498137950897,0.15000033378601074,-45.0,45.0,True,False
R02ZF,131,4367,STATIC_BOUNDARY_B,7.1,6.999995231628418,0.4999995231628418,0.9230769230769231,0.030594754964113235,0.19999933242797852,-42.0,45.0,True,False
R02ZF,131,4367,STATIC_BOUNDARY_C,12.4,12.14999008178711,0.8999996185302734,0.9230769230769231,0.03469526022672653,0.1999988555908203,-45.0,44.0,False,False
R02ZF,132,4400,STATIC_BOUNDARY_A,4.9,4.799997329711914,0.19999980926513672,0.5824175824175825,0.01801411435008049,0.15000033378601074,-45.0,45.0,True,False
R02ZF,132,4400,STATIC_BOUNDARY_B,7.1,7.049995422363281,0.5499992370605469,0.9340659340659341,0.03357353433966637,0.19999933242797852,-45.0,45.0,True,False
R02ZF,132,4400,STATIC_BOUNDARY_C,12.4,12.14999008178711,1.1999988555908203,0.9120879120879121,0.03880554437637329,0.1999988555908203,-45.0,45.0,False,False
R02ZF,133,4433,STATIC_BOUNDARY_A,4.9,4.799997329711914,0.0800000190734864,0.4945054945054945,0.018432609736919403,0.15000033378601074,-43.0,36.0,True,False
R02ZF,133,4433,STATIC_BOUNDARY_B,7.1,6.999995231628418,0.5499992370605469,0.945054945054945,0.031424447894096375,0.19999933242797852,-45.0,45.0,True,False
R02ZF,133,4433,STATIC_BOUNDARY_C,12.4,12.224990367889404,0.9349987983703621,0.8791208791208791,0.039841681718826294,0.1999988555908203,-45.0,44.0,False,False
R02ZF,134,4467,STATIC_BOUNDARY_A,4.9,4.774997234344482,0.22499990463256836,0.6373626373626373,0.016927290707826614,0.15000033378601074,-44.0,45.0,True,False
R02ZF,134,4467,STATIC_BOUNDARY_B,7.1,7.049995422363281,0.7199993133544939,0.9340659340659341,0.042481936514377594,0.19999980926513672,-45.0,45.0,False,False
R02ZF,134,4467,STATIC_BOUNDARY_C,12.4,12.099990844726562,1.109998703002929,0.9120879120879121,0.03612009435892105,0.1999988555908203,-45.0,44.0,False,False
R02ZF,135,4500,STATIC_BOUNDARY_A,4.9,4.799997329711914,0.21999979019165067,0.5384615384615384,0.021340148523449898,0.19999957084655762,-41.0,45.0,True,False
R02ZF,135,4500,STATIC_BOUNDARY_B,7.1,6.999995231628418,0.8499994277954102,0.8901098901098901,0.03439934924244881,0.19999933242797852,-44.0,44.0,False,False
R02ZF,135,4500,STATIC_BOUNDARY_C,12.4,12.199990272521973,0.9499986648559577,0.8681318681318682,0.03241603821516037,0.1999988555908203,-45.0,45.0,False,False
R02ZF,136,4533,STATIC_BOUNDARY_A,4.9,4.699997425079346,0.15000009536743164,0.5934065934065934,0.01444118469953537,0.15000033378601074,-45.0,39.0,True,False
R02ZF,136,4533,STATIC_BOUNDARY_B,7.1,6.999995231628418,0.7999992370605469,0.967032967032967,0.029628664255142212,0.19999933242797852,-45.0,45.0,False,False
R02ZF,136,4533,STATIC_BOUNDARY_C,12.4,12.199990272521973,0.7499990463256836,0.9230769230769231,0.034161508083343506,0.1999988555908203,-45.0,45.0,False,False
R02ZF,137,4567,STATIC_BOUNDARY_A,4.9,4.799997329711914,0.6999993324279785,0.6043956043956044,0.018089519813656807,0.15000033378601074,-45.0,45.0,False,False
R02ZF,137,4567,STATIC_BOUNDARY_B,7.1,6.999995231628418,0.5499992370605469,0.945054945054945,0.032456714659929276,0.19999933242797852,-45.0,45.0,True,False
R02ZF,137,4567,STATIC_BOUNDARY_C,12.4,12.199990272521973,0.8799991607665999,0.9120879120879121,0.03114314004778862,0.1999988555908203,-45.0,45.0,False,False
R02ZF,138,4600,STATIC_BOUNDARY_A,4.9,4.749997138977051,0.2949992656707763,0.6813186813186813,0.01571607030928135,0.15000033378601074,-45.0,44.0,True,False
R02ZF,138,4600,STATIC_BOUNDARY_B,7.1,6.999995231628418,0.5499992370605469,0.945054945054945,0.03164343908429146,0.19999933242797852,-45.0,45.0,True,False
R02ZF,138,4600,STATIC_BOUNDARY_C,12.4,12.14999008178711,1.1499988555908196,0.9120879120879121,0.032308802008628845,0.1999988555908203,-45.0,45.0,False,False
R02ZF,139,4633,STATIC_BOUNDARY_A,4.9,4.749997138977051,0.2999992370605469,0.5714285714285714,0.01841125264763832,0.15000033378601074,-45.0,45.0,True,False
R02ZF,139,4633,STATIC_BOUNDARY_B,7.1,6.999995231628418,0.5999994277954102,0.9560439560439561,0.03043012134730816,0.19999933242797852,-45.0,45.0,False,False
R02ZF,139,4633,STATIC_BOUNDARY_C,12.4,12.14999008178711,0.5899993896484373,0.9120879120879121,0.03684540465474129,0.1999988555908203,-45.0,45.0,False,False
R02ZF,140,4667,STATIC_BOUNDARY_A,4.9,4.799997329711914,0.3649994850158694,0.6373626373626373,0.017782825976610184,0.15000033378601074,-40.0,43.0,True,False
R02ZF,140,4667,STATIC_BOUNDARY_B,7.1,7.049995422363281,0.6899989128112791,0.9120879120879121,0.033133987337350845,0.19999933242797852,-45.0,45.0,False,False
R02ZF,140,4667,STATIC_BOUNDARY_C,12.4,12.099990844726562,0.649998664855957,0.9010989010989011,0.03760059177875519,0.1999988555908203,-45.0,45.0,False,False
R02ZF,141,4700,STATIC_BOUNDARY_A,4.9,4.774997234344482,0.27499961853027344,0.5934065934065934,0.017591435462236404,0.15000033378601074,-45.0,41.0,True,False
R02ZF,141,4700,STATIC_BOUNDARY_B,7.1,7.049995422363281,0.6999988555908203,0.945054945054945,0.03801839053630829,0.19999933242797852,-45.0,45.0,False,False
R02ZF,141,4700,STATIC_BOUNDARY_C,12.4,12.14999008178711,0.7749999046325705,0.8791208791208791,0.04288908839225769,0.1999988555908203,-45.0,45.0,False,False
R02ZF,142,4733,STATIC_BOUNDARY_A,4.9,4.799997329711914,0.25,0.6923076923076923,0.018291719257831573,0.15000033378601074,-38.0,45.0,True,False
R02ZF,142,4733,STATIC_BOUNDARY_B,7.1,6.999995231628418,0.8499994277954102,0.945054945054945,0.04059797525405884,0.19999933242797852,-45.0,45.0,False,False
R02ZF,142,4733,STATIC_BOUNDARY_C,12.4,12.199990272521973,0.8199993133544925,0.9560439560439561,0.04285871237516403,0.1999988555908203,-45.0,44.0,False,False
R02ZF,143,4767,STATIC_BOUNDARY_A,4.9,4.749997138977051,0.21999979019165067,0.6593406593406593,0.015131974592804909,0.15000033378601074,-45.0,41.0,True,False
R02ZF,143,4767,STATIC_BOUNDARY_B,7.1,7.049995422363281,0.7299990653991696,0.9120879120879121,0.03323514014482498,0.19999933242797852,-45.0,45.0,False,False
R02ZF,143,4767,STATIC_BOUNDARY_C,12.4,12.14999008178711,0.75,0.9340659340659341,0.03345271944999695,0.1999988555908203,-44.0,44.0,False,False
R02ZF,144,4800,STATIC_BOUNDARY_A,4.9,4.774997234344482,0.27499961853027344,0.6373626373626373,0.014842279255390167,0.15000033378601074,-42.0,45.0,True,False
R02ZF,144,4800,STATIC_BOUNDARY_B,7.1,6.999995231628418,0.7099992752075204,0.9340659340659341,0.03730107843875885,0.19999933242797852,-44.0,45.0,False,False
R02ZF,144,4800,STATIC_BOUNDARY_C,12.4,12.199990272521973,0.9999990463256836,0.8901098901098901,0.03639974445104599,0.1999988555908203,-44.0,44.0,False,False
R02ZF,145,4833,STATIC_BOUNDARY_A,4.9,4.749997138977051,0.125,0.5054945054945055,0.01603240706026554,0.15000033378601074,-43.0,44.0,True,False
R02ZF,145,4833,STATIC_BOUNDARY_B,7.1,6.949995040893555,0.5999994277954102,0.9010989010989011,0.03184434771537781,0.19999933242797852,-45.0,45.0,False,False
R02ZF,145,4833,STATIC_BOUNDARY_C,12.4,12.14999008178711,1.0999985694885255,0.8791208791208791,0.033357344567775726,0.1999988555908203,-43.0,45.0,False,False
R02ZF,146,4867,STATIC_BOUNDARY_A,4.9,4.749997138977051,0.05000019073486328,0.5604395604395604,0.01581338606774807,0.15000033378601074,-44.0,43.0,True,False
R02ZF,146,4867,STATIC_BOUNDARY_B,7.1,6.999995231628418,0.8499994277954102,0.945054945054945,0.029058067128062248,0.19999933242797852,-45.0,45.0,False,False
R02ZF,146,4867,STATIC_BOUNDARY_C,12.4,12.199990272521973,0.39999961853027344,0.8901098901098901,0.039945073425769806,0.1999988555908203,-45.0,45.0,True,False
R02ZF,147,4900,STATIC_BOUNDARY_A,4.9,4.799997329711914,0.19999980926513672,0.6483516483516484,0.017314709722995758,0.15000033378601074,-42.0,45.0,True,False
R02ZF,147,4900,STATIC_BOUNDARY_B,7.1,7.049995422363281,0.4499993324279785,0.9560439560439561,0.0274827778339386,0.19999933242797852,-45.0,45.0,True,False
R02ZF,147,4900,STATIC_BOUNDARY_C,12.4,12.199990272521973,0.34999942779541016,0.8241758241758241,0.049330178648233414,0.1999988555908203,-45.0,45.0,True,False
R02ZF,148,4933,STATIC_BOUNDARY_A,4.9,4.799997329711914,0.2999997138977051,0.6593406593406593,0.017405837774276733,0.15000033378601074,-43.0,43.0,True,False
R02ZF,148,4933,STATIC_BOUNDARY_B,7.1,7.099995136260986,0.5999994277954102,0.967032967032967,0.03221762552857399,0.19999933242797852,-45.0,45.0,False,False
R02ZF,148,4933,STATIC_BOUNDARY_C,12.4,12.199990272521973,0.899998664855957,0.9340659340659341,0.04257176071405411,0.1999988555908203,-45.0,45.0,False,False
R02ZF,149,4967,STATIC_BOUNDARY_A,4.9,4.799997329711914,0.40499963760375984,0.6593406593406593,0.019364580512046814,0.15000033378601074,-39.0,43.0,True,False
R02ZF,149,4967,STATIC_BOUNDARY_B,7.1,7.049995422363281,0.6999988555908203,0.978021978021978,0.031398698687553406,0.19999933242797852,-45.0,45.0,False,False
R02ZF,149,4967,STATIC_BOUNDARY_C,12.4,12.14999008178711,0.4899999618530279,0.9010989010989011,0.04487599432468414,0.1999988555908203,-45.0,44.0,True,False
R02ZF,150,5000,STATIC_BOUNDARY_A,4.9,4.774997234344482,0.22499990463256836,0.6593406593406593,0.017243526875972748,0.15000033378601074,-44.0,42.0,True,False
R02ZF,150,5000,STATIC_BOUNDARY_B,7.1,7.099995136260986,0.6799992561340337,0.9340659340659341,0.029699254781007767,0.19999933242797852,-45.0,45.0,False,False
R02ZF,150,5000,STATIC_BOUNDARY_C,12.4,12.14999008178711,0.9499988555908203,0.9230769230769231,0.04364299774169922,0.1999988555908203,-44.0,45.0,False,False
R02ZF,151,5033,STATIC_BOUNDARY_A,4.9,4.774997234344482,0.15999965667724625,0.4835164835164835,0.015479600057005882,0.15000033378601074,-44.0,43.0,True,False
R02ZF,151,5033,STATIC_BOUNDARY_B,7.1,7.049995422363281,0.6499991416931152,0.9120879120879121,0.028273357078433037,0.19999933242797852,-45.0,45.0,False,False
R02ZF,151,5033,STATIC_BOUNDARY_C,12.4,12.14999008178711,0.6899994850158683,0.8571428571428571,0.042069632560014725,0.1999988555908203,-44.0,43.0,False,False
R02ZF,152,5067,STATIC_BOUNDARY_A,4.9,4.799997329711914,0.2999997138977051,0.43956043956043955,0.017963919788599014,0.15000033378601074,-45.0,40.0,False,False
R02ZF,152,5067,STATIC_BOUNDARY_B,7.1,7.049995422363281,0.7899990081787115,0.9560439560439561,0.029830491170287132,0.19999933242797852,-45.0,45.0,False,False
R02ZF,152,5067,STATIC_BOUNDARY_C,12.4,12.14999008178711,0.6199996948242184,0.9120879120879121,0.04233349487185478,0.1999988555908203,-45.0,44.0,False,False
R02ZF,153,5100,STATIC_BOUNDARY_A,4.9,4.799997329711914,0.19999980926513672,0.43956043956043955,0.01739349029958248,0.15000033378601074,-43.0,43.0,False,False
R02ZF,153,5100,STATIC_BOUNDARY_B,7.1,6.999995231628418,0.6999993324279785,0.9230769230769231,0.028927171602845192,0.19999933242797852,-45.0,45.0,False,False
R02ZF,153,5100,STATIC_BOUNDARY_C,12.4,12.14999008178711,0.5199993133544918,0.9120879120879121,0.039179302752017975,0.1999988555908203,-45.0,45.0,True,False
R02ZF,154,5133,STATIC_BOUNDARY_A,4.9,4.799997329711914,0.14999961853027344,0.5824175824175825,0.018566349521279335,0.15000033378601074,-42.0,43.0,True,False
R02ZF,154,5133,STATIC_BOUNDARY_B,7.1,6.999995231628418,0.6499996185302734,0.9120879120879121,0.033903226256370544,0.19999933242797852,-45.0,45.0,False,False
R02ZF,154,5133,STATIC_BOUNDARY_C,12.4,12.199990272521973,0.8499994277954102,0.9340659340659341,0.039744261652231216,0.1999988555908203,-45.0,45.0,False,False
R02ZF,155,5167,STATIC_BOUNDARY_A,4.9,4.799997329711914,0.25,0.6483516483516484,0.017240306362509727,0.15000033378601074,-44.0,43.0,True,False
R02ZF,155,5167,STATIC_BOUNDARY_B,7.1,6.999995231628418,0.5499992370605469,0.967032967032967,0.030689336359500885,0.15000009536743164,-45.0,45.0,True,False
R02ZF,155,5167,STATIC_BOUNDARY_C,12.4,12.14999008178711,0.7999992370605469,0.8791208791208791,0.045685313642024994,0.19999980926513672,-45.0,44.0,False,False
R02ZF,156,5200,STATIC_BOUNDARY_A,4.9,4.749997138977051,0.36999959945678773,0.6923076923076923,0.01769311912357807,0.15000033378601074,-45.0,43.0,True,False
R02ZF,156,5200,STATIC_BOUNDARY_B,7.1,6.999995231628418,0.5499992370605469,0.989010989010989,0.036256417632102966,0.19999933242797852,-45.0,45.0,True,False
R02ZF,156,5200,STATIC_BOUNDARY_C,12.4,12.199990272521973,0.4499998092651367,0.989010989010989,0.045344021171331406,0.1999988555908203,-45.0,45.0,True,False
R02ZF,157,5233,STATIC_BOUNDARY_A,4.9,4.799997329711914,0.06500010490417502,0.6373626373626373,0.016362667083740234,0.15000033378601074,-40.0,43.0,True,False
R02ZF,157,5233,STATIC_BOUNDARY_B,7.1,6.999995231628418,0.6499996185302734,0.989010989010989,0.028898030519485474,0.19999933242797852,-45.0,45.0,False,False
R02ZF,157,5233,STATIC_BOUNDARY_C,12.4,12.099990844726562,0.5499992370605469,0.945054945054945,0.04392380267381668,0.1999988555908203,-45.0,45.0,True,False
R02ZF,158,5267,STATIC_BOUNDARY_A,4.9,4.799997329711914,0.46999955177307084,0.5714285714285714,0.01721327006816864,0.15000033378601074,-39.0,37.0,True,False
R02ZF,158,5267,STATIC_BOUNDARY_B,7.1,6.999995231628418,0.5999994277954102,0.945054945054945,0.033133119344711304,0.19999933242797852,-45.0,45.0,False,False
R02ZF,158,5267,STATIC_BOUNDARY_C,12.4,12.14999008178711,0.3000001907348633,0.945054945054945,0.03729753941297531,0.1999988555908203,-45.0,44.0,True,False
R02ZF,159,5300,STATIC_BOUNDARY_A,4.9,4.749997138977051,0.09999942779541016,0.4945054945054945,0.017813974991440773,0.15000033378601074,-45.0,40.0,True,False
R02ZF,159,5300,STATIC_BOUNDARY_B,7.1,6.999995231628418,0.5499992370605469,0.945054945054945,0.0318044051527977,0.19999980926513672,-45.0,45.0,True,False
R02ZF,159,5300,STATIC_BOUNDARY_C,12.4,12.199990272521973,0.6499991416931152,0.945054945054945,0.04420388117432594,0.1999988555908203,-44.0,45.0,False,False
R02ZF,160,5333,STATIC_BOUNDARY_A,4.9,4.799997329711914,0.39999961853027344,0.5604395604395604,0.020424017682671547,0.15000033378601074,-45.0,41.0,True,False
R02ZF,160,5333,STATIC_BOUNDARY_B,7.1,6.999995231628418,0.6249995231628418,0.945054945054945,0.028272800147533417,0.19999933242797852,-45.0,45.0,False,False
R02ZF,160,5333,STATIC_BOUNDARY_C,12.4,12.14999008178711,0.3000001907348633,0.9120879120879121,0.04198729991912842,0.19999980926513672,-45.0,43.0,True,False
R02ZF,161,5367,STATIC_BOUNDARY_A,4.9,4.799997329711914,0.639999580383301,0.5824175824175825,0.01515242736786604,0.15000033378601074,-45.0,44.0,False,False
R02ZF,161,5367,STATIC_BOUNDARY_B,7.1,6.999995231628418,0.5999994277954102,0.967032967032967,0.029047930613160133,0.19999957084655762,-45.0,45.0,False,False
R02ZF,161,5367,STATIC_BOUNDARY_C,12.4,12.14999008178711,0.3000001907348633,0.9010989010989011,0.05023462325334549,0.1999988555908203,-44.0,41.0,True,False
R02ZF,162,5400,STATIC_BOUNDARY_A,4.9,4.799997329711914,0.2899997711181643,0.5824175824175825,0.015503249131143093,0.15000033378601074,-45.0,41.0,True,False
R02ZF,162,5400,STATIC_BOUNDARY_B,7.1,7.049995422363281,0.5999994277954102,0.9560439560439561,0.03102818876504898,0.19999933242797852,-45.0,45.0,False,False
R02ZF,162,5400,STATIC_BOUNDARY_C,12.4,12.199990272521973,0.37999954223632854,0.9340659340659341,0.0417637825012207,0.1999988555908203,-45.0,45.0,True,False
R02ZF,163,5433,STATIC_BOUNDARY_A,4.9,4.799997329711914,0.25,0.3956043956043956,0.021989237517118454,0.15000033378601074,-45.0,31.0,False,False
R02ZF,163,5433,STATIC_BOUNDARY_B,7.1,6.999995231628418,0.5399994850158697,0.9560439560439561,0.0323902927339077,0.19999933242797852,-45.0,45.0,True,False
R02ZF,163,5433,STATIC_BOUNDARY_C,12.4,12.14999008178711,0.3000001907348633,0.9120879120879121,0.0414213128387928,0.1999988555908203,-45.0,39.0,True,False
R02ZF,164,5467,STATIC_BOUNDARY_A,4.9,4.799997329711914,0.39999961853027344,0.5934065934065934,0.017663585022091866,0.15000033378601074,-45.0,43.0,True,False
R02ZF,164,5467,STATIC_BOUNDARY_B,7.1,6.999995231628418,0.5999994277954102,0.9560439560439561,0.034507252275943756,0.19999933242797852,-45.0,45.0,False,False
R02ZF,164,5467,STATIC_BOUNDARY_C,12.4,12.199990272521973,0.34999942779541016,0.9230769230769231,0.04188615083694458,0.19999980926513672,-45.0,45.0,True,False
R02ZF,165,5500,STATIC_BOUNDARY_A,4.9,4.749997138977051,0.2249996185302745,0.5274725274725275,0.014813469722867012,0.15000033378601074,-45.0,45.0,True,False
R02ZF,165,5500,STATIC_BOUNDARY_B,7.1,6.999995231628418,0.5449995517730709,0.967032967032967,0.03275924175977707,0.19999980926513672,-45.0,45.0,True,False
R02ZF,165,5500,STATIC_BOUNDARY_C,12.4,12.199990272521973,0.5499992370605469,0.978021978021978,0.039715640246868134,0.1999988555908203,-45.0,45.0,True,False
R02ZF,166,5533,STATIC_BOUNDARY_A,4.9,4.774997234344482,0.47499942779541016,0.5494505494505495,0.01489570364356041,0.15000033378601074,-44.0,38.0,True,False
R02ZF,166,5533,STATIC_BOUNDARY_B,7.1,6.999995231628418,0.6499996185302734,0.945054945054945,0.029426228255033493,0.19999933242797852,-45.0,44.0,False,False
R02ZF,166,5533,STATIC_BOUNDARY_C,12.4,12.14999008178711,0.39999961853027344,0.967032967032967,0.038975656032562256,0.19999933242797852,-45.0,45.0,True,False
R02ZF,167,5567,STATIC_BOUNDARY_A,4.9,4.749997138977051,0.34999942779541016,0.6923076923076923,0.018051356077194214,0.15000033378601074,-43.0,40.0,True,False
R02ZF,167,5567,STATIC_BOUNDARY_B,7.1,6.999995231628418,0.6499996185302734,0.9560439560439561,0.03514030575752258,0.19999933242797852,-45.0,45.0,False,False
R02ZF,167,5567,STATIC_BOUNDARY_C,12.4,12.14999008178711,1.0999994277954102,0.978021978021978,0.04648108035326004,0.1999988555908203,-45.0,45.0,False,False
R02ZF,168,5600,STATIC_BOUNDARY_A,4.9,4.749997138977051,0.4499993324279785,0.6263736263736264,0.017481541261076927,0.15000033378601074,-45.0,44.0,True,False
R02ZF,168,5600,STATIC_BOUNDARY_B,7.1,6.999995231628418,0.594999265670776,0.967032967032967,0.035363465547561646,0.19999933242797852,-44.0,45.0,False,False
R02ZF,168,5600,STATIC_BOUNDARY_C,12.4,12.14999008178711,0.35000038146972656,0.945054945054945,0.045452769845724106,0.1999988555908203,-44.0,45.0,True,False
R02ZF,169,5633,STATIC_BOUNDARY_A,4.9,4.774997234344482,0.47499942779541016,0.5714285714285714,0.015536753460764885,0.15000033378601074,-43.0,42.0,True,False
R02ZF,169,5633,STATIC_BOUNDARY_B,7.1,7.049995422363281,0.5649992942810057,0.967032967032967,0.02917604148387909,0.19999933242797852,-44.0,45.0,False,False
R02ZF,169,5633,STATIC_BOUNDARY_C,12.4,12.199990272521973,0.45999965667724696,0.8681318681318682,0.04531646519899368,0.19999980926513672,-45.0,45.0,True,False
R02ZF,170,5667,STATIC_BOUNDARY_A,4.9,4.749997138977051,0.3199993133544925,0.5384615384615384,0.01670820638537407,0.15000033378601074,-45.0,42.0,True,False
R02ZF,170,5667,STATIC_BOUNDARY_B,7.1,6.974995136260986,0.6749997138977051,0.967032967032967,0.03335976228117943,0.19999933242797852,-43.0,45.0,False,False
R02ZF,170,5667,STATIC_BOUNDARY_C,12.4,12.199990272521973,0.39999961853027344,0.9340659340659341,0.04035084694623947,0.19999980926513672,-45.0,44.0,True,False
R02ZF,171,5700,STATIC_BOUNDARY_A,4.9,4.749997138977051,0.2999992370605469,0.5164835164835165,0.017065364867448807,0.15000033378601074,-40.0,44.0,True,False
R02ZF,171,5700,STATIC_BOUNDARY_B,7.1,6.999995231628418,0.6499996185302734,0.9340659340659341,0.03310972452163696,0.19999933242797852,-43.0,45.0,False,False
R02ZF,171,5700,STATIC_BOUNDARY_C,12.4,12.324989795684814,0.5199994087219248,0.9230769230769231,0.04114802926778793,0.19999980926513672,-45.0,45.0,True,False
R02ZF,172,5733,STATIC_BOUNDARY_A,4.9,4.699997425079346,0.39999961853027344,0.6153846153846154,0.01604624092578888,0.15000033378601074,-45.0,43.0,True,False
R02ZF,172,5733,STATIC_BOUNDARY_B,7.1,6.999995231628418,0.6999993324279785,0.9340659340659341,0.03048347495496273,0.19999933242797852,-43.0,45.0,False,False
R02ZF,172,5733,STATIC_BOUNDARY_C,12.4,12.14999008178711,0.3000001907348633,0.945054945054945,0.03902796283364296,0.1999988555908203,-45.0,44.0,True,False
R02ZF,173,5767,STATIC_BOUNDARY_A,4.9,4.749997138977051,0.4499993324279785,0.5164835164835165,0.014598154462873936,0.15000033378601074,-45.0,45.0,True,False
R02ZF,173,5767,STATIC_BOUNDARY_B,7.1,6.999995231628418,0.6499996185302734,0.967032967032967,0.030070677399635315,0.19999933242797852,-45.0,45.0,False,False
R02ZF,173,5767,STATIC_BOUNDARY_C,12.4,12.199990272521973,0.34999942779541016,0.8681318681318682,0.04039720073342323,0.1999988555908203,-45.0,45.0,True,False
R02ZF,174,5800,STATIC_BOUNDARY_A,4.9,4.799997329711914,0.4499998092651367,0.5824175824175825,0.015950432047247887,0.15000033378601074,-45.0,45.0,True,False
R02ZF,174,5800,STATIC_BOUNDARY_B,7.1,6.999995231628418,0.6199995040893558,0.9560439560439561,0.03084813989698887,0.19999933242797852,-45.0,45.0,False,False
R02ZF,174,5800,STATIC_BOUNDARY_C,12.4,12.199990272521973,0.7999992370605469,0.9340659340659341,0.0362715944647789,0.19999980926513672,-45.0,44.0,False,False
R02ZF,175,5833,STATIC_BOUNDARY_A,4.9,4.799997329711914,0.4499998092651367,0.5384615384615384,0.015771081671118736,0.14999985694885254,-45.0,39.0,True,False
R02ZF,175,5833,STATIC_BOUNDARY_B,7.1,7.099995136260986,0.6999993324279785,0.9560439560439561,0.03268780559301376,0.19999933242797852,-45.0,45.0,False,False
R02ZF,175,5833,STATIC_BOUNDARY_C,12.4,12.199990272521973,0.34999942779541016,0.9230769230769231,0.037261102348566055,0.1999988555908203,-45.0,45.0,True,False
R02ZF,176,5867,STATIC_BOUNDARY_A,4.9,4.799997329711914,0.45999975204467786,0.5384615384615384,0.01497299037873745,0.14999985694885254,-43.0,41.0,True,False
R02ZF,176,5867,STATIC_BOUNDARY_B,7.1,7.049995422363281,0.7499990463256836,0.945054945054945,0.03195791319012642,0.19999933242797852,-45.0,45.0,False,False
R02ZF,176,5867,STATIC_BOUNDARY_C,12.4,12.199990272521973,0.4999990463256836,0.967032967032967,0.03475697338581085,0.1999988555908203,-45.0,44.0,True,False
R02ZF,177,5900,STATIC_BOUNDARY_A,4.9,4.799997329711914,0.39999961853027344,0.5274725274725275,0.016511525958776474,0.15000033378601074,-37.0,43.0,True,False
R02ZF,177,5900,STATIC_BOUNDARY_B,7.1,7.049995422363281,0.7499990463256836,0.9230769230769231,0.03276361525058746,0.19999933242797852,-45.0,45.0,False,False
R02ZF,177,5900,STATIC_BOUNDARY_C,12.4,12.199990272521973,0.39999961853027344,0.967032967032967,0.04196721315383911,0.19999980926513672,-45.0,44.0,True,False
R02ZF,178,5933,STATIC_BOUNDARY_A,4.9,4.774997234344482,0.4249997138977051,0.5934065934065934,0.01567079685628414,0.15000033378601074,-42.0,45.0,True,False
R02ZF,178,5933,STATIC_BOUNDARY_B,7.1,7.049995422363281,0.7499990463256836,0.945054945054945,0.03210701048374176,0.19999933242797852,-45.0,45.0,False,False
R02ZF,178,5933,STATIC_BOUNDARY_C,12.4,12.199990272521973,0.5499992370605469,0.9560439560439561,0.037294868379831314,0.1999988555908203,-45.0,45.0,True,False
R02ZF,179,5967,STATIC_BOUNDARY_A,4.9,4.799997329711914,0.4499998092651367,0.6593406593406593,0.01634976640343666,0.15000033378601074,-45.0,44.0,True,False
R02ZF,179,5967,STATIC_BOUNDARY_B,7.1,7.049995422363281,0.5499992370605469,0.9010989010989011,0.03320322930812836,0.19999933242797852,-45.0,44.0,True,False
R02ZF,179,5967,STATIC_BOUNDARY_C,12.4,12.199990272521973,0.4499998092651367,0.945054945054945,0.03244904428720474,0.1999988555908203,-45.0,43.0,True,False
R02ZF,180,6000,STATIC_BOUNDARY_A,4.9,4.799997329711914,0.35499944686889656,0.5494505494505495,0.01773342490196228,0.15000033378601074,-41.0,41.0,True,False
R02ZF,180,6000,STATIC_BOUNDARY_B,7.1,6.999995231628418,0.5999994277954102,0.8791208791208791,0.03249385207891464,0.19999933242797852,-45.0,44.0,False,False
R02ZF,180,6000,STATIC_BOUNDARY_C,12.4,12.199990272521973,0.3599998474121102,0.9340659340659341,0.03825913369655609,0.1999988555908203,-45.0,44.0,True,False
R02ZF,181,6033,STATIC_BOUNDARY_A,4.9,4.749997138977051,0.4499993324279785,0.37362637362637363,0.015395460650324821,0.15000009536743164,-35.0,41.0,False,False
R02ZF,181,6033,STATIC_BOUNDARY_B,7.1,7.049995422363281,0.7499990463256836,0.9120879120879121,0.025411715731024742,0.19999933242797852,-45.0,45.0,False,False
R02ZF,181,6033,STATIC_BOUNDARY_C,12.4,12.14999008178711,0.39999961853027344,0.9230769230769231,0.031136538833379745,0.19999980926513672,-44.0,45.0,True,False
R02ZF,182,6067,STATIC_BOUNDARY_A,4.9,4.799997329711914,0.4999995231628418,0.5714285714285714,0.01614069566130638,0.15000009536743164,-40.0,41.0,True,False
R02ZF,182,6067,STATIC_BOUNDARY_B,7.1,7.049995422363281,0.6999988555908203,0.9120879120879121,0.026826724410057068,0.19999933242797852,-45.0,44.0,False,False
R02ZF,182,6067,STATIC_BOUNDARY_C,12.4,12.14999008178711,0.39999961853027344,0.9120879120879121,0.035024091601371765,0.19999980926513672,-44.0,45.0,True,False
R02ZF,183,6100,STATIC_BOUNDARY_A,4.9,4.749997138977051,0.4499993324279785,0.6263736263736264,0.015596059150993824,0.15000033378601074,-44.0,43.0,True,False
R02ZF,183,6100,STATIC_BOUNDARY_B,7.1,6.949995040893555,0.7299996376037602,0.9340659340659341,0.02507610060274601,0.19999933242797852,-45.0,45.0,False,False
R02ZF,183,6100,STATIC_BOUNDARY_C,12.4,12.199990272521973,0.34999942779541016,0.9340659340659341,0.03365315869450569,0.19999980926513672,-45.0,44.0,True,False
R02ZF,184,6133,STATIC_BOUNDARY_A,4.9,4.749997138977051,0.4499993324279785,0.5604395604395604,0.0169408917427063,0.15000033378601074,-44.0,45.0,True,False
R02ZF,184,6133,STATIC_BOUNDARY_B,7.1,6.949995040893555,0.6999998092651367,0.9560439560439561,0.030478687956929207,0.19999933242797852,-45.0,45.0,False,False
R02ZF,184,6133,STATIC_BOUNDARY_C,12.4,12.14999008178711,0.39999961853027344,0.9120879120879121,0.0385776162147522,0.1999988555908203,-43.0,44.0,True,False
R02ZF,185,6167,STATIC_BOUNDARY_A,4.9,4.799997329711914,0.4999995231628418,0.5714285714285714,0.017039544880390167,0.15000009536743164,-44.0,45.0,True,False
R02ZF,185,6167,STATIC_BOUNDARY_B,7.1,7.049995422363281,0.6499991416931152,0.9340659340659341,0.03324154019355774,0.19999933242797852,-45.0,45.0,False,False
R02ZF,185,6167,STATIC_BOUNDARY_C,12.4,12.199990272521973,0.3699995040893558,0.9560439560439561,0.03521380573511124,0.1999988555908203,-43.0,45.0,True,False
R02ZF,186,6200,STATIC_BOUNDARY_A,4.9,4.749997138977051,0.4499993324279785,0.7252747252747253,0.017188042402267456,0.15000033378601074,-45.0,45.0,True,False
R02ZF,186,6200,STATIC_BOUNDARY_B,7.1,7.049995422363281,0.5499992370605469,1.0,0.03543740138411522,0.19999933242797852,-45.0,45.0,True,False
R02ZF,186,6200,STATIC_BOUNDARY_C,12.4,12.14999008178711,0.3000001907348633,0.9230769230769231,0.04841060936450958,0.1999988555908203,-44.0,44.0,True,False
R02ZF,187,6233,STATIC_BOUNDARY_A,4.9,4.799997329711914,0.46499972343444845,0.6373626373626373,0.016734158620238304,0.15000033378601074,-39.0,45.0,True,False
R02ZF,187,6233,STATIC_BOUNDARY_B,7.1,6.999995231628418,0.7999992370605469,0.989010989010989,0.03744124993681908,0.15000009536743164,-45.0,45.0,False,False
R02ZF,187,6233,STATIC_BOUNDARY_C,12.4,12.199990272521973,0.3249998092651367,0.945054945054945,0.0581936314702034,0.19999980926513672,-44.0,44.0,True,False
R02ZF,188,6267,STATIC_BOUNDARY_A,4.9,4.799997329711914,0.4999995231628418,0.5934065934065934,0.021916059777140617,0.15000033378601074,-38.0,41.0,True,False
R02ZF,188,6267,STATIC_BOUNDARY_B,7.1,7.049995422363281,0.5999994277954102,1.0,0.032319076359272,0.19999933242797852,-45.0,45.0,False,False
R02ZF,188,6267,STATIC_BOUNDARY_C,12.4,12.27499008178711,0.6749992370605469,0.945054945054945,0.04373934864997864,0.19999980926513672,-43.0,45.0,False,False
R02ZF,189,6300,STATIC_BOUNDARY_A,4.9,4.799997329711914,0.4499998092651367,0.6153846153846154,0.015278080478310585,0.15000033378601074,-44.0,43.0,True,False
R02ZF,189,6300,STATIC_BOUNDARY_B,7.1,7.049995422363281,0.5499992370605469,0.978021978021978,0.0381348580121994,0.19999933242797852,-45.0,45.0,True,False
R02ZF,189,6300,STATIC_BOUNDARY_C,12.4,12.199990272521973,0.25,0.967032967032967,0.0470462404191494,0.1999988555908203,-45.0,45.0,True,False
R02ZF,190,6333,STATIC_BOUNDARY_A,4.9,4.749997138977051,0.19999980926513672,0.6153846153846154,0.017220821231603622,0.15000033378601074,-45.0,38.0,True,False
R02ZF,190,6333,STATIC_BOUNDARY_B,7.1,7.049995422363281,0.7499990463256836,0.989010989010989,0.03525800257921219,0.19999933242797852,-45.0,45.0,False,False
R02ZF,190,6333,STATIC_BOUNDARY_C,12.4,12.199990272521973,0.3000001907348633,0.945054945054945,0.053869035094976425,0.19999980926513672,-43.0,45.0,True,False
R02ZF,191,6367,STATIC_BOUNDARY_A,4.9,4.749997138977051,0.2999992370605469,0.6483516483516484,0.01650850661098957,0.15000033378601074,-45.0,44.0,True,False
R02ZF,191,6367,STATIC_BOUNDARY_B,7.1,7.049995422363281,0.6299993515014652,0.978021978021978,0.037140142172575,0.19999933242797852,-45.0,45.0,False,False
R02ZF,191,6367,STATIC_BOUNDARY_C,12.4,12.199990272521973,0.3000001907348633,0.967032967032967,0.04518430307507515,0.1999988555908203,-45.0,45.0,True,False
R02ZF,192,6400,STATIC_BOUNDARY_A,4.9,4.749997138977051,0.34999942779541016,0.7362637362637363,0.019109578803181648,0.15000033378601074,-43.0,45.0,True,False
R02ZF,192,6400,STATIC_BOUNDARY_B,7.1,7.049995422363281,0.6499991416931152,0.978021978021978,0.04050438106060028,0.19999980926513672,-45.0,45.0,False,False
R02ZF,192,6400,STATIC_BOUNDARY_C,12.4,12.249990463256836,0.3199998855590823,0.9560439560439561,0.046325985342264175,0.1999988555908203,-45.0,45.0,True,False
R02ZF,193,6433,STATIC_BOUNDARY_A,4.9,4.799997329711914,0.27499985694885254,0.6153846153846154,0.016759749501943588,0.15000033378601074,-43.0,43.0,True,False
R02ZF,193,6433,STATIC_BOUNDARY_B,7.1,7.049995422363281,0.6999988555908203,0.978021978021978,0.0364142507314682,0.19999933242797852,-44.0,45.0,False,False
R02ZF,193,6433,STATIC_BOUNDARY_C,12.4,12.14999008178711,0.35000038146972656,0.8901098901098901,0.05099353566765785,0.19999980926513672,-45.0,45.0,True,False
R02ZF,194,6467,STATIC_BOUNDARY_A,4.9,4.749997138977051,0.2499995231628418,0.7362637362637363,0.019999910145998,0.15000033378601074,-43.0,43.0,True,False
R02ZF,194,6467,STATIC_BOUNDARY_B,7.1,7.049995422363281,0.6499991416931152,1.0,0.03909238800406456,0.19999933242797852,-45.0,45.0,False,False
R02ZF,194,6467,STATIC_BOUNDARY_C,12.4,12.224990367889404,0.27500009536743164,0.989010989010989,0.05365900695323944,0.1999988555908203,-45.0,45.0,True,False
R02ZF,195,6500,STATIC_BOUNDARY_A,4.9,4.799997329711914,0.19999980926513672,0.5164835164835165,0.015605993568897247,0.15000033378601074,-41.0,38.0,True,False
R02ZF,195,6500,STATIC_BOUNDARY_B,7.1,7.199995040893555,0.4499998092651367,0.9230769230769231,0.033793073147535324,0.19999933242797852,-44.0,43.0,True,False
R02ZF,195,6500,STATIC_BOUNDARY_C,12.4,12.299990177154541,0.34999990463256836,0.8791208791208791,0.05398159474134445,0.1999988555908203,-45.0,45.0,True,False
R02ZF,196,6533,STATIC_BOUNDARY_A,4.9,4.749997138977051,0.1849997520446779,0.7032967032967034,0.017268236726522446,0.15000033378601074,-43.0,43.0,True,False
R02ZF,196,6533,STATIC_BOUNDARY_B,7.1,7.099995136260986,0.5499997138977051,0.945054945054945,0.03495897725224495,0.15000009536743164,-43.0,45.0,True,False
R02ZF,196,6533,STATIC_BOUNDARY_C,12.4,12.349989891052246,0.34999942779541016,0.9560439560439561,0.05443817377090454,0.1999988555908203,-45.0,43.0,True,False
R02ZF,197,6567,STATIC_BOUNDARY_A,4.9,4.799997329711914,0.09999990463256836,0.6373626373626373,0.016700390726327896,0.15000033378601074,-44.0,44.0,True,False
R02ZF,197,6567,STATIC_BOUNDARY_B,7.1,7.049995422363281,0.6799989700317387,0.9340659340659341,0.03686127811670303,0.19999933242797852,-45.0,45.0,False,False
R02ZF,197,6567,STATIC_BOUNDARY_C,12.4,12.374989986419678,0.3249993324279785,0.945054945054945,0.05603473633527756,0.1999988555908203,-45.0,45.0,True,False
R02ZF,198,6600,STATIC_BOUNDARY_A,4.9,4.799997329711914,0.09999990463256836,0.6813186813186813,0.015979349613189697,0.14999985694885254,-38.0,45.0,True,False
R02ZF,198,6600,STATIC_BOUNDARY_B,7.1,7.049995422363281,0.6499991416931152,0.9560439560439561,0.03657885268330574,0.19999933242797852,-44.0,45.0,False,False
R02ZF,198,6600,STATIC_BOUNDARY_C,12.4,12.349989891052246,0.2999992370605469,0.978021978021978,0.048262957483530045,0.1999988555908203,-45.0,44.0,True,False
R02ZF,199,6633,STATIC_BOUNDARY_A,4.9,4.799997329711914,0.05000019073486328,0.7142857142857143,0.016384776681661606,0.14999985694885254,-43.0,41.0,True,False
R02ZF,199,6633,STATIC_BOUNDARY_B,7.1,7.149994850158691,0.6599996566772469,0.9340659340659341,0.039605703204870224,0.19999933242797852,-45.0,44.0,False,False
R02ZF,199,6633,STATIC_BOUNDARY_C,12.4,12.299989700317383,0.2999998092651367,0.9340659340659341,0.05319670960307121,0.1999988555908203,-45.0,43.0,True,False
R02ZF,200,6667,STATIC_BOUNDARY_A,4.9,4.774997234344482,0.2399998664855959,0.7692307692307693,0.01848045364022255,0.15000009536743164,-42.0,41.0,True,False
R02ZF,200,6667,STATIC_BOUNDARY_B,7.1,7.199995040893555,0.6499996185302734,0.9340659340659341,0.038999490439891815,0.19999933242797852,-45.0,45.0,False,False
R02ZF,200,6667,STATIC_BOUNDARY_C,12.4,12.14999008178711,0.35000038146972656,0.9230769230769231,0.05576680600643158,0.19999980926513672,-45.0,43.0,True,False
R02ZF,201,6700,STATIC_BOUNDARY_A,4.9,4.799997329711914,0.06500010490417502,0.6373626373626373,0.017325231805443764,0.15000033378601074,-43.0,41.0,True,False
R02ZF,201,6700,STATIC_BOUNDARY_B,7.1,7.424994945526123,0.5249996185302734,0.967032967032967,0.043305572122335434,0.19999933242797852,-45.0,44.0,True,False
R02ZF,201,6700,STATIC_BOUNDARY_C,12.4,12.349989891052246,0.30999965667724694,0.9340659340659341,0.06612975895404816,0.19999980926513672,-45.0,44.0,True,False
R02ZF,202,6733,STATIC_BOUNDARY_A,4.9,4.799997329711914,0.09999990463256836,0.7252747252747253,0.01690172776579857,0.14999985694885254,-42.0,45.0,True,False
R02ZF,202,6733,STATIC_BOUNDARY_B,7.1,7.349994659423828,0.4999993324279785,0.967032967032967,0.045613717287778854,0.19999957084655762,-45.0,44.0,True,False
R02ZF,202,6733,STATIC_BOUNDARY_C,12.4,12.39999008178711,0.34999942779541016,0.978021978021978,0.05758779123425484,0.1999988555908203,-44.0,44.0,True,False
R02ZF,203,6767,STATIC_BOUNDARY_A,4.9,4.799997329711914,0.05000019073486328,0.7032967032967034,0.018186353147029877,0.15000033378601074,-40.0,43.0,True,False
R02ZF,203,6767,STATIC_BOUNDARY_B,7.1,7.349994659423828,0.5499992847442627,0.989010989010989,0.04108639806509018,0.19999933242797852,-45.0,45.0,True,False
R02ZF,203,6767,STATIC_BOUNDARY_C,12.4,12.349989891052246,0.33499965667724624,0.9230769230769231,0.05687100440263748,0.19999980926513672,-45.0,42.0,True,False
R02ZF,204,6800,STATIC_BOUNDARY_A,4.9,4.799997329711914,0.25,0.7252747252747253,0.017501436173915863,0.14999985694885254,-43.0,45.0,True,False
R02ZF,204,6800,STATIC_BOUNDARY_B,7.1,7.449995040893555,0.5,0.967032967032967,0.040397435426712036,0.19999933242797852,-45.0,45.0,True,False
R02ZF,204,6800,STATIC_BOUNDARY_C,12.4,12.349989891052246,0.25,0.9560439560439561,0.0555349662899971,0.19999980926513672,-45.0,45.0,True,False
R02ZF,205,6833,STATIC_BOUNDARY_A,4.9,4.799997329711914,0.3099996566772462,0.6483516483516484,0.016817623749375343,0.15000033378601074,-43.0,42.0,True,False
R02ZF,205,6833,STATIC_BOUNDARY_B,7.1,7.324994802474976,0.5049996376037594,0.967032967032967,0.0511249415576458,0.19999933242797852,-45.0,45.0,True,False
R02ZF,205,6833,STATIC_BOUNDARY_C,12.4,12.324990272521973,0.3049994468688962,0.967032967032967,0.06012754887342453,0.1999988555908203,-45.0,45.0,True,False
R02ZF,206,6867,STATIC_BOUNDARY_A,4.9,4.799997329711914,0.14999961853027344,0.7802197802197802,0.01945190317928791,0.14999985694885254,-42.0,44.0,True,False
R02ZF,206,6867,STATIC_BOUNDARY_B,7.1,7.424994945526123,0.47499990463256836,0.989010989010989,0.05051315575838089,0.19999933242797852,-45.0,45.0,True,False
R02ZF,206,6867,STATIC_BOUNDARY_C,12.4,12.349989891052246,0.2499995231628418,0.945054945054945,0.06475815176963806,0.2499980926513672,-45.0,45.0,True,False
R02ZF,207,6900,STATIC_BOUNDARY_A,4.9,4.799997329711914,0.33499951362609875,0.7032967032967034,0.018419839441776276,0.14999985694885254,-45.0,45.0,True,False
R02ZF,207,6900,STATIC_BOUNDARY_B,7.1,7.549994468688965,0.5999994277954102,1.0,0.05081323906779289,0.19999933242797852,-45.0,45.0,False,False
R02ZF,207,6900,STATIC_BOUNDARY_C,12.4,12.324989795684814,0.3749995231628418,0.967032967032967,0.0663091167807579,0.1999988555908203,-45.0,45.0,True,False
R02ZF,208,6933,STATIC_BOUNDARY_A,4.9,4.799997329711914,0.26999988555908194,0.7362637362637363,0.01760685071349144,0.14999985694885254,-41.0,45.0,True,False
R02ZF,208,6933,STATIC_BOUNDARY_B,7.1,7.49999475479126,0.5499997138977051,1.0,0.052126940339803696,0.19999933242797852,-45.0,45.0,True,False
R02ZF,208,6933,STATIC_BOUNDARY_C,12.4,12.349989891052246,0.2999992370605469,0.9560439560439561,0.06705714762210846,0.1999988555908203,-45.0,45.0,True,False
R02ZF,209,6967,STATIC_BOUNDARY_A,4.9,4.799997329711914,0.4499998092651367,0.6373626373626373,0.018579382449388504,0.14999985694885254,-45.0,44.0,True,False
R02ZF,209,6967,STATIC_BOUNDARY_B,7.1,7.449995040893555,0.5,0.978021978021978,0.04160682111978531,0.19999980926513672,-44.0,45.0,True,False
R02ZF,209,6967,STATIC_BOUNDARY_C,12.4,12.299989700317383,0.2499990463256836,0.9560439560439561,0.05962274968624115,0.19999980926513672,-45.0,44.0,True,False
R02ZF,210,7000,STATIC_BOUNDARY_A,4.9,4.799997329711914,0.40999965667724625,0.7582417582417582,0.018350966274738312,0.14999985694885254,-42.0,44.0,True,False
R02ZF,210,7000,STATIC_BOUNDARY_B,7.1,7.49999475479126,0.5099995613098146,0.978021978021978,0.04310406371951103,0.19999933242797852,-45.0,45.0,True,False
R02ZF,210,7000,STATIC_BOUNDARY_C,12.4,12.299989700317383,0.27999954223632856,0.9340659340659341,0.05904679745435715,0.1999988555908203,-45.0,45.0,True,False
R02ZF,211,7033,STATIC_BOUNDARY_A,4.9,4.799997329711914,0.4249997138977051,0.6153846153846154,0.016468849033117294,0.15000033378601074,-44.0,45.0,True,False
R02ZF,211,7033,STATIC_BOUNDARY_B,7.1,7.249995231628418,0.39999961853027344,0.989010989010989,0.036636173725128174,0.19999933242797852,-45.0,45.0,True,False
R02ZF,211,7033,STATIC_BOUNDARY_C,12.4,12.349989891052246,0.2499990463256836,0.967032967032967,0.05229467898607254,0.1999988555908203,-45.0,45.0,True,False
R02ZF,212,7067,STATIC_BOUNDARY_A,4.9,4.799997329711914,0.4499998092651367,0.6483516483516484,0.016362497583031654,0.19999957084655762,-45.0,45.0,True,False
R02ZF,212,7067,STATIC_BOUNDARY_B,7.1,7.249995231628418,0.4999990463256836,0.945054945054945,0.03552570566534996,0.19999933242797852,-44.0,45.0,True,False
R02ZF,212,7067,STATIC_BOUNDARY_C,12.4,12.299989700317383,0.25,0.945054945054945,0.054069437086582184,0.1999988555908203,-45.0,44.0,True,False
R02ZF,213,7100,STATIC_BOUNDARY_A,4.9,4.799997329711914,0.4249997138977051,0.5054945054945055,0.01725669577717781,0.15000033378601074,-43.0,42.0,True,False
R02ZF,213,7100,STATIC_BOUNDARY_B,7.1,7.2749950885772705,0.5249993801116943,0.989010989010989,0.03649909049272537,0.19999933242797852,-45.0,45.0,True,False
R02ZF,213,7100,STATIC_BOUNDARY_C,12.4,12.349989891052246,0.34999942779541016,0.945054945054945,0.05109361559152603,0.1999988555908203,-45.0,45.0,True,False
R02ZF,214,7133,STATIC_BOUNDARY_A,4.9,4.849997520446777,0.34999990463256836,0.6263736263736264,0.020493898540735245,0.15000033378601074,-45.0,43.0,True,False
R02ZF,214,7133,STATIC_BOUNDARY_B,7.1,7.249995231628418,0.4999990463256836,0.967032967032967,0.037986237555742264,0.19999933242797852,-45.0,45.0,True,False
R02ZF,214,7133,STATIC_BOUNDARY_C,12.4,12.349989891052246,0.4499998092651367,0.978021978021978,0.05198798328638077,0.1999988555908203,-45.0,45.0,True,False
R02ZF,215,7167,STATIC_BOUNDARY_A,4.9,4.849997520446777,0.3699997901916503,0.6263736263736264,0.016829606145620346,0.15000033378601074,-45.0,43.0,True,False
R02ZF,215,7167,STATIC_BOUNDARY_B,7.1,7.049995422363281,0.6999988555908203,0.967032967032967,0.03812176734209061,0.19999933242797852,-45.0,45.0,False,False
R02ZF,215,7167,STATIC_BOUNDARY_C,12.4,12.324989795684814,0.22499990463256836,0.945054945054945,0.05848123878240585,0.1999988555908203,-45.0,45.0,True,False
R02ZF,216,7200,STATIC_BOUNDARY_A,4.9,4.849997520446777,0.39999961853027344,0.6703296703296703,0.022198298946022987,0.15000033378601074,-43.0,45.0,True,False
R02ZF,216,7200,STATIC_BOUNDARY_B,7.1,7.249995231628418,0.4999990463256836,1.0,0.04183042049407959,0.19999933242797852,-45.0,45.0,True,False
R02ZF,216,7200,STATIC_BOUNDARY_C,12.4,12.324989795684814,0.27500009536743164,0.989010989010989,0.05586766451597214,0.1999988555908203,-45.0,45.0,True,False
R02ZF,217,7233,STATIC_BOUNDARY_A,4.9,4.799997329711914,0.4499998092651367,0.6593406593406593,0.019884413108229637,0.15000033378601074,-44.0,44.0,True,False
R02ZF,217,7233,STATIC_BOUNDARY_B,7.1,7.049995422363281,0.5999994277954102,0.989010989010989,0.03716588020324707,0.19999933242797852,-45.0,45.0,False,False
R02ZF,217,7233,STATIC_BOUNDARY_C,12.4,12.299989700317383,0.47499990463256836,0.945054945054945,0.05200380086898804,0.19999980926513672,-45.0,45.0,True,False
R02ZF,218,7267,STATIC_BOUNDARY_A,4.9,4.849997520446777,0.4499998092651367,0.6593406593406593,0.020349625498056412,0.15000033378601074,-43.0,43.0,True,False
R02ZF,218,7267,STATIC_BOUNDARY_B,7.1,7.399994850158691,0.4999995231628418,0.978021978021978,0.034320563077926636,0.19999933242797852,-45.0,45.0,True,False
R02ZF,218,7267,STATIC_BOUNDARY_C,12.4,12.349989891052246,0.39999961853027344,0.9560439560439561,0.047839101403951645,0.19999980926513672,-45.0,45.0,True,False
R02ZF,219,7300,STATIC_BOUNDARY_A,4.9,4.799997329711914,0.4199996948242187,0.6263736263736264,0.019081633538007736,0.14999985694885254,-44.0,45.0,True,False
R02ZF,219,7300,STATIC_BOUNDARY_B,7.1,7.049995422363281,0.6999988555908203,0.967032967032967,0.03334743529558182,0.19999933242797852,-45.0,45.0,False,False
R02ZF,219,7300,STATIC_BOUNDARY_C,12.4,12.349989891052246,0.37999954223632854,0.9340659340659341,0.04963778704404831,0.19999980926513672,-45.0,45.0,True,False
R02ZF,220,7333,STATIC_BOUNDARY_A,4.9,4.799997329711914,0.4999995231628418,0.6813186813186813,0.01666005328297615,0.14999985694885254,-45.0,45.0,True,False
R02ZF,220,7333,STATIC_BOUNDARY_B,7.1,7.049995422363281,0.5999994277954102,0.978021978021978,0.038923632353544235,0.19999933242797852,-45.0,45.0,False,False
R02ZF,220,7333,STATIC_BOUNDARY_C,12.4,12.249990463256836,0.32999992370605513,0.978021978021978,0.05170036107301712,0.1999988555908203,-45.0,45.0,True,False
R02ZF,221,7367,STATIC_BOUNDARY_A,4.9,4.799997329711914,0.4499998092651367,0.5934065934065934,0.01849566586315632,0.15000033378601074,-45.0,42.0,True,False
R02ZF,221,7367,STATIC_BOUNDARY_B,7.1,7.299994945526123,0.4899994850158697,0.9560439560439561,0.03706977516412735,0.19999933242797852,-45.0,45.0,True,False
R02ZF,221,7367,STATIC_BOUNDARY_C,12.4,12.299989700317383,0.2999992370605469,0.967032967032967,0.047119468450546265,0.19999933242797852,-45.0,45.0,True,False
R02ZF,222,7400,STATIC_BOUNDARY_A,4.9,4.824997425079346,0.47499990463256836,0.6813186813186813,0.018388167023658752,0.14999985694885254,-45.0,41.0,True,False
R02ZF,222,7400,STATIC_BOUNDARY_B,7.1,7.199995040893555,0.5999994277954102,0.978021978021978,0.040640849620103836,0.19999933242797852,-45.0,45.0,False,False
R02ZF,222,7400,STATIC_BOUNDARY_C,12.4,12.299989700317383,0.4499998092651367,0.9560439560439561,0.062153130769729614,0.1999988555908203,-45.0,44.0,True,False
R02ZF,223,7433,STATIC_BOUNDARY_A,4.9,4.849997520446777,0.5499997138977051,0.5824175824175825,0.01778263971209526,0.15000033378601074,-43.0,42.0,True,False
R02ZF,223,7433,STATIC_BOUNDARY_B,7.1,7.124994993209839,0.674999475479126,0.967032967032967,0.04000391811132431,0.19999957084655762,-44.0,45.0,False,False
R02ZF,223,7433,STATIC_BOUNDARY_C,12.4,12.349989891052246,0.5500001907348633,0.945054945054945,0.05078454315662384,0.1999988555908203,-45.0,43.0,False,False
R02ZF,224,7467,STATIC_BOUNDARY_A,4.9,4.849997520446777,0.5,0.7142857142857143,0.01641649752855301,0.14999985694885254,-43.0,42.0,True,False
R02ZF,224,7467,STATIC_BOUNDARY_B,7.1,7.349994659423828,0.4499998092651367,0.9340659340659341,0.03887290507555008,0.19999980926513672,-43.0,45.0,True,False
R02ZF,224,7467,STATIC_BOUNDARY_C,12.4,12.27499008178711,0.3249998092651367,0.967032967032967,0.04905974864959717,0.1999988555908203,-45.0,43.0,True,False
R02ZF,225,7500,STATIC_BOUNDARY_A,4.9,4.824997425079346,0.47499990463256836,0.6813186813186813,0.01662134751677513,0.15000033378601074,-44.0,40.0,True,False
R02ZF,225,7500,STATIC_BOUNDARY_B,7.1,7.199995040893555,0.5799993515014653,0.9340659340659341,0.03219124302268028,0.19999980926513672,-45.0,45.0,False,False
R02ZF,225,7500,STATIC_BOUNDARY_C,12.4,12.39999008178711,0.37999954223632854,0.9340659340659341,0.0520893894135952,0.1999988555908203,-44.0,44.0,True,False
R02ZF,226,7533,STATIC_BOUNDARY_A,4.9,4.799997329711914,0.39999961853027344,0.6153846153846154,0.016194656491279602,0.14999985694885254,-36.0,44.0,True,False
R02ZF,226,7533,STATIC_BOUNDARY_B,7.1,7.199995040893555,0.5999994277954102,0.9340659340659341,0.03040778823196888,0.19999933242797852,-43.0,45.0,False,False
R02ZF,226,7533,STATIC_BOUNDARY_C,12.4,12.299989700317383,0.3000001907348633,0.989010989010989,0.04807152599096298,0.1999988555908203,-45.0,45.0,True,False
R02ZF,227,7567,STATIC_BOUNDARY_A,4.9,4.849997520446777,0.4499998092651367,0.4945054945054945,0.018850555643439293,0.14999985694885254,-41.0,39.0,True,False
R02ZF,227,7567,STATIC_BOUNDARY_B,7.1,7.174994945526123,0.6249995231628418,0.9010989010989011,0.028268348425626755,0.19999933242797852,-44.0,44.0,False,False
R02ZF,227,7567,STATIC_BOUNDARY_C,12.4,12.349989891052246,0.5,0.9560439560439561,0.046798255294561386,0.1999988555908203,-44.0,44.0,True,False
R02ZF,228,7600,STATIC_BOUNDARY_A,4.9,4.799997329711914,0.33999948501586935,0.5824175824175825,0.016358863562345505,0.15000033378601074,-45.0,42.0,True,False
R02ZF,228,7600,STATIC_BOUNDARY_B,7.1,7.349994659423828,0.4799999237060551,0.9340659340659341,0.02724197879433632,0.19999933242797852,-45.0,45.0,True,False
R02ZF,228,7600,STATIC_BOUNDARY_C,12.4,12.349989891052246,0.2999992370605469,0.9560439560439561,0.04796204715967178,0.1999988555908203,-43.0,45.0,True,False
R02ZF,229,7633,STATIC_BOUNDARY_A,4.9,4.849997520446777,0.47499990463256836,0.5054945054945055,0.01568089984357357,0.15000033378601074,-45.0,41.0,True,False
R02ZF,229,7633,STATIC_BOUNDARY_B,7.1,7.324994802474976,0.5249998569488525,0.9010989010989011,0.02941006049513817,0.19999957084655762,-41.0,45.0,True,False
R02ZF,229,7633,STATIC_BOUNDARY_C,12.4,12.349989891052246,0.2999992370605469,0.967032967032967,0.04282447695732117,0.19999980926513672,-45.0,45.0,True,False
R02ZF,230,7667,STATIC_BOUNDARY_A,4.9,4.849997520446777,0.47999992370605477,0.4945054945054945,0.018291469663381577,0.19999957084655762,-40.0,45.0,True,False
R02ZF,230,7667,STATIC_BOUNDARY_B,7.1,7.249995231628418,0.7199989318847659,0.9560439560439561,0.028210410848259926,0.19999933242797852,-45.0,45.0,False,False
R02ZF,230,7667,STATIC_BOUNDARY_C,12.4,12.349989891052246,0.3149992942810057,0.967032967032967,0.047933705151081085,0.1999988555908203,-45.0,45.0,True,False
R02ZF,231,7700,STATIC_BOUNDARY_A,4.9,4.849997520446777,0.5449997425079345,0.46153846153846156,0.017683228477835655,0.15000033378601074,-44.0,43.0,True,False
R02ZF,231,7700,STATIC_BOUNDARY_B,7.1,7.49999475479126,0.5999994277954102,0.8791208791208791,0.03229581564664841,0.19999933242797852,-43.0,45.0,False,False
R02ZF,231,7700,STATIC_BOUNDARY_C,12.4,12.299989700317383,0.34999942779541016,0.9560439560439561,0.0479288287460804,0.19999980926513672,-44.0,45.0,True,False
R02ZF,232,7733,STATIC_BOUNDARY_A,4.9,4.849997520446777,0.5249998569488525,0.6153846153846154,0.017640557140111923,0.15000009536743164,-43.0,44.0,True,False
R02ZF,232,7733,STATIC_BOUNDARY_B,7.1,7.099995136260986,0.8999991416931152,0.8901098901098901,0.032001394778490067,0.19999933242797852,-45.0,45.0,False,False
R02ZF,232,7733,STATIC_BOUNDARY_C,12.4,12.349989891052246,0.34999942779541016,1.0,0.04496967792510986,0.19999980926513672,-45.0,45.0,True,False
R02ZF,233,7767,STATIC_BOUNDARY_A,4.9,4.799997329711914,0.39999961853027344,0.5604395604395604,0.01850016787648201,0.15000033378601074,-44.0,45.0,True,False
R02ZF,233,7767,STATIC_BOUNDARY_B,7.1,7.149994850158691,0.8499994277954102,0.9120879120879121,0.03691680729389191,0.19999933242797852,-44.0,45.0,False,False
R02ZF,233,7767,STATIC_BOUNDARY_C,12.4,12.299989700317383,0.3000001907348633,0.989010989010989,0.05089244619011879,0.19999980926513672,-44.0,45.0,True,False
R02ZF,234,7800,STATIC_BOUNDARY_A,4.9,4.849997520446777,0.4499998092651367,0.4945054945054945,0.016890954226255417,0.14999985694885254,-43.0,45.0,True,False
R02ZF,234,7800,STATIC_BOUNDARY_B,7.1,7.149994850158691,0.6499996185302734,0.8901098901098901,0.03538619354367256,0.19999980926513672,-45.0,45.0,False,False
R02ZF,234,7800,STATIC_BOUNDARY_C,12.4,12.299989700317383,0.2999992370605469,0.967032967032967,0.05255885422229767,0.19999980926513672,-44.0,45.0,True,False
R02ZF,235,7833,STATIC_BOUNDARY_A,4.9,4.849997520446777,0.41499967575073266,0.5274725274725275,0.01743214577436447,0.14999985694885254,-42.0,45.0,True,False
R02ZF,235,7833,STATIC_BOUNDARY_B,7.1,7.099995136260986,0.7499995231628418,0.8791208791208791,0.03356894105672836,0.19999980926513672,-45.0,45.0,False,False
R02ZF,235,7833,STATIC_BOUNDARY_C,12.4,12.349989891052246,0.25,0.9560439560439561,0.04486462101340294,0.19999980926513672,-44.0,45.0,True,False
R02ZF,236,7867,STATIC_BOUNDARY_A,4.9,4.849997520446777,0.22999992370605477,0.6043956043956044,0.016202040016651154,0.14999985694885254,-45.0,45.0,True,False
R02ZF,236,7867,STATIC_BOUNDARY_B,7.1,7.549994468688965,0.5999994277954102,0.8571428571428571,0.03166259080171585,0.19999980926513672,-42.0,45.0,False,False
R02ZF,236,7867,STATIC_BOUNDARY_C,12.4,12.349989891052246,0.4499998092651367,0.9560439560439561,0.048726886510849,0.19999980926513672,-44.0,45.0,True,False
R02ZF,237,7900,STATIC_BOUNDARY_A,4.9,4.849997520446777,0.22500014305114746,0.5054945054945055,0.017324214801192284,0.17499995231628418,-35.0,44.0,True,False
R02ZF,237,7900,STATIC_BOUNDARY_B,7.1,7.449995040893555,0.5499992370605469,0.8901098901098901,0.030320389196276665,0.19999933242797852,-45.0,43.0,True,False
R02ZF,237,7900,STATIC_BOUNDARY_C,12.4,12.374989986419678,0.3249993324279785,0.967032967032967,0.048205722123384476,0.1999988555908203,-45.0,44.0,True,False
R02ZF,238,7933,STATIC_BOUNDARY_A,4.9,4.849997520446777,0.5599996566772463,0.5384615384615384,0.01651856303215027,0.14999985694885254,-44.0,45.0,False,False
R02ZF,238,7933,STATIC_BOUNDARY_B,7.1,7.37499475479126,0.47499990463256836,0.9230769230769231,0.03194541484117508,0.19999980926513672,-45.0,45.0,True,False
R02ZF,238,7933,STATIC_BOUNDARY_C,12.4,12.349989891052246,0.4499998092651367,0.989010989010989,0.04657744988799095,0.19999980926513672,-44.0,45.0,True,False
R02ZF,239,7967,STATIC_BOUNDARY_A,4.9,4.849997520446777,0.19999980926513672,0.6263736263736264,0.01680910587310791,0.14999985694885254,-44.0,43.0,True,False
R02ZF,239,7967,STATIC_BOUNDARY_B,7.1,7.149994850158691,0.7499995231628418,0.9340659340659341,0.03341707959771156,0.19999933242797852,-45.0,45.0,False,False
R02ZF,239,7967,STATIC_BOUNDARY_C,12.4,12.349989891052246,0.3149999618530272,0.967032967032967,0.04778966307640076,0.19999980926513672,-45.0,45.0,True,False
R02ZF,240,8000,STATIC_BOUNDARY_A,4.9,4.849997520446777,0.05000019073486328,0.5934065934065934,0.016643647104501724,0.14999985694885254,-41.0,45.0,True,False
R02ZF,240,8000,STATIC_BOUNDARY_B,7.1,7.049995422363281,0.849998950958252,0.9560439560439561,0.032499730587005615,0.19999933242797852,-45.0,45.0,False,False
R02ZF,240,8000,STATIC_BOUNDARY_C,12.4,12.349989891052246,0.4499998092651367,0.967032967032967,0.047627538442611694,0.1999988555908203,-45.0,45.0,True,False
R02ZF,241,8033,STATIC_BOUNDARY_A,4.9,4.849997520446777,0.05000019073486328,0.5054945054945055,0.023058881983160973,0.14999985694885254,-44.0,41.0,True,False
R02ZF,241,8033,STATIC_BOUNDARY_B,7.1,7.449995040893555,0.5499995231628418,0.9340659340659341,0.027667216956615448,0.19999933242797852,-45.0,43.0,True,False
R02ZF,241,8033,STATIC_BOUNDARY_C,12.4,12.349989891052246,0.34999942779541016,0.967032967032967,0.04959864169359207,0.19999933242797852,-45.0,45.0,True,False
R02ZF,242,8067,STATIC_BOUNDARY_A,4.9,4.849997520446777,0.5599996566772463,0.6483516483516484,0.01946338452398777,0.15000009536743164,-45.0,43.0,False,False
R02ZF,242,8067,STATIC_BOUNDARY_B,7.1,7.524994611740112,0.5249994277954102,0.8791208791208791,0.027243830263614655,0.19999933242797852,-42.0,45.0,True,False
R02ZF,242,8067,STATIC_BOUNDARY_C,12.4,12.349989891052246,0.2999992370605469,0.967032967032967,0.038697659969329834,0.1999988555908203,-44.0,45.0,True,False
R02ZF,243,8100,STATIC_BOUNDARY_A,4.9,4.849997520446777,0.2600000381469728,0.6043956043956044,0.017546456307172775,0.15000033378601074,-40.0,43.0,True,False
R02ZF,243,8100,STATIC_BOUNDARY_B,7.1,7.099995136260986,0.7999992370605469,0.9010989010989011,0.028969135135412216,0.19999933242797852,-45.0,42.0,False,False
R02ZF,243,8100,STATIC_BOUNDARY_C,12.4,12.349989891052246,0.32999935150146453,0.967032967032967,0.04598996415734291,0.19999980926513672,-45.0,45.0,True,False
R02ZF,244,8133,STATIC_BOUNDARY_A,4.9,4.849997520446777,0.22499990463256836,0.6153846153846154,0.018112119287252426,0.14999985694885254,-45.0,44.0,True,False
R02ZF,244,8133,STATIC_BOUNDARY_B,7.1,7.049995422363281,0.899998664855957,0.9560439560439561,0.0329730361700058,0.19999933242797852,-44.0,45.0,False,False
R02ZF,244,8133,STATIC_BOUNDARY_C,12.4,12.349989891052246,0.34999990463256836,0.945054945054945,0.04813085496425629,0.1999988555908203,-45.0,45.0,True,False
R02ZF,245,8167,STATIC_BOUNDARY_A,4.9,4.849997520446777,0.3000001907348633,0.6263736263736264,0.01831119693815708,0.14999985694885254,-33.0,45.0,True,False
R02ZF,245,8167,STATIC_BOUNDARY_B,7.1,7.299994945526123,0.6499991416931152,0.9120879120879121,0.039602600038051605,0.19999933242797852,-42.0,45.0,False,False
R02ZF,245,8167,STATIC_BOUNDARY_C,12.4,12.39999008178711,0.39999961853027344,0.9230769230769231,0.052147697657346725,0.19999980926513672,-45.0,45.0,True,False
R02ZF,246,8200,STATIC_BOUNDARY_A,4.9,4.849997520446777,0.1550000667572022,0.6593406593406593,0.016024498268961906,0.14999985694885254,-42.0,43.0,True,False
R02ZF,246,8200,STATIC_BOUNDARY_B,7.1,7.049995422363281,0.899998664855957,0.9010989010989011,0.033332329243421555,0.19999933242797852,-45.0,45.0,False,False
R02ZF,246,8200,STATIC_BOUNDARY_C,12.4,12.39999008178711,0.34999942779541016,0.9230769230769231,0.044155679643154144,0.1999988555908203,-44.0,45.0,True,False
R02ZF,247,8233,STATIC_BOUNDARY_A,4.9,4.849997520446777,0.10000009536743164,0.5934065934065934,0.017331218346953392,0.14999985694885254,-45.0,45.0,True,False
R02ZF,247,8233,STATIC_BOUNDARY_B,7.1,7.149994850158691,0.6999998092651367,0.8791208791208791,0.030194737017154694,0.19999933242797852,-43.0,44.0,False,False
R02ZF,247,8233,STATIC_BOUNDARY_C,12.4,12.39999008178711,0.34999942779541016,0.9340659340659341,0.046161193400621414,0.1999988555908203,-45.0,45.0,True,False
R02ZF,248,8267,STATIC_BOUNDARY_A,4.9,4.849997520446777,0.10000038146972656,0.7142857142857143,0.017859000712633133,0.14999985694885254,-43.0,44.0,True,False
R02ZF,248,8267,STATIC_BOUNDARY_B,7.1,7.099995136260986,0.7999992370605469,0.967032967032967,0.0351237878203392,0.19999933242797852,-45.0,45.0,False,False
R02ZF,248,8267,STATIC_BOUNDARY_C,12.4,12.39999008178711,0.39999961853027344,0.9560439560439561,0.04909801483154297,0.1999988555908203,-45.0,45.0,True,False
R02ZF,249,8300,STATIC_BOUNDARY_A,4.9,4.849997520446777,0.05000019073486328,0.6043956043956044,0.01667015627026558,0.15000033378601074,-43.0,44.0,True,False
R02ZF,249,8300,STATIC_BOUNDARY_B,7.1,7.049995422363281,0.849998950958252,0.945054945054945,0.029954176396131516,0.19999933242797852,-45.0,45.0,False,False
R02ZF,249,8300,STATIC_BOUNDARY_C,12.4,12.349989891052246,0.43999977111816463,0.9560439560439561,0.04360208287835121,0.1999988555908203,-45.0,45.0,True,False
R02ZF,250,8333,STATIC_BOUNDARY_A,4.9,4.849997520446777,0.2499995231628418,0.6373626373626373,0.016410809010267258,0.14999985694885254,-45.0,45.0,True,False
R02ZF,250,8333,STATIC_BOUNDARY_B,7.1,7.099995136260986,0.7999992370605469,0.8681318681318682,0.02978908084332943,0.19999933242797852,-45.0,45.0,False,False
R02ZF,250,8333,STATIC_BOUNDARY_C,12.4,12.449990272521973,0.4499998092651367,0.945054945054945,0.04322225600481033,0.19999933242797852,-44.0,45.0,True,False
R02ZF,251,8367,STATIC_BOUNDARY_A,4.9,4.849997520446777,0.12000026702880852,0.6263736263736264,0.01777508668601513,0.15000033378601074,-40.0,45.0,True,False
R02ZF,251,8367,STATIC_BOUNDARY_B,7.1,7.149994850158691,0.7499995231628418,0.9120879120879121,0.032413579523563385,0.19999933242797852,-45.0,45.0,False,False
R02ZF,251,8367,STATIC_BOUNDARY_C,12.4,12.39999008178711,0.34999942779541016,0.978021978021978,0.04518289119005203,0.19999980926513672,-45.0,45.0,True,False
R02ZF,252,8400,STATIC_BOUNDARY_A,4.9,4.849997520446777,0.2999992370605469,0.6153846153846154,0.01605241186916828,0.15000009536743164,-45.0,45.0,True,False
R02ZF,252,8400,STATIC_BOUNDARY_B,7.1,7.099995136260986,0.849998950958252,0.9010989010989011,0.029902320355176926,0.19999933242797852,-44.0,44.0,False,False
R02ZF,252,8400,STATIC_BOUNDARY_C,12.4,12.39999008178711,0.39999961853027344,0.945054945054945,0.036660086363554,0.1999988555908203,-45.0,45.0,True,False
R02ZF,253,8433,STATIC_BOUNDARY_A,4.9,4.849997520446777,0.4199998378753665,0.4835164835164835,0.015747232362627983,0.15000033378601074,-43.0,42.0,True,False
R02ZF,253,8433,STATIC_BOUNDARY_B,7.1,7.149994850158691,0.6999998092651367,0.9010989010989011,0.02961237169802189,0.19999933242797852,-41.0,45.0,False,False
R02ZF,253,8433,STATIC_BOUNDARY_C,12.4,12.349989891052246,0.46499958038330064,0.967032967032967,0.04222951829433441,0.19999980926513672,-45.0,45.0,True,False
R02ZF,254,8467,STATIC_BOUNDARY_A,4.9,4.849997520446777,0.3000001907348633,0.6263736263736264,0.016529489308595657,0.14999985694885254,-44.0,44.0,True,False
R02ZF,254,8467,STATIC_BOUNDARY_B,7.1,7.149994850158691,0.6999998092651367,0.9120879120879121,0.03082152083516121,0.19999933242797852,-45.0,45.0,False,False
R02ZF,254,8467,STATIC_BOUNDARY_C,12.4,12.449990272521973,0.4999990463256836,0.9340659340659341,0.04599984362721443,0.19999980926513672,-45.0,45.0,True,False
R02ZF,255,8500,STATIC_BOUNDARY_A,4.9,4.849997520446777,0.5649996280670169,0.5274725274725275,0.015106674283742905,0.15000033378601074,-44.0,44.0,False,False
R02ZF,255,8500,STATIC_BOUNDARY_B,7.1,7.249994993209839,0.549999475479126,0.9230769230769231,0.03445296734571457,0.19999933242797852,-43.0,45.0,True,False
R02ZF,255,8500,STATIC_BOUNDARY_C,12.4,12.39999008178711,0.4499998092651367,0.9120879120879121,0.050273094326257706,0.19999980926513672,-45.0,45.0,True,False
R02ZF,256,8533,STATIC_BOUNDARY_A,4.9,4.849997520446777,0.3000001907348633,0.7032967032967034,0.020841021090745926,0.14999985694885254,-44.0,44.0,True,False
R02ZF,256,8533,STATIC_BOUNDARY_B,7.1,7.099995136260986,0.6499991416931152,0.9560439560439561,0.03655851632356644,0.19999933242797852,-44.0,44.0,False,False
R02ZF,256,8533,STATIC_BOUNDARY_C,12.4,12.39999008178711,0.4499998092651367,0.967032967032967,0.059106726199388504,0.19999980926513672,-45.0,44.0,True,False
R02ZF,257,8567,STATIC_BOUNDARY_A,4.9,4.849997520446777,0.5499997138977051,0.4725274725274725,0.018725808709859848,0.19999957084655762,-36.0,45.0,True,False
R02ZF,257,8567,STATIC_BOUNDARY_B,7.1,7.249995231628418,0.4999990463256836,0.9560439560439561,0.031777169555425644,0.19999933242797852,-45.0,45.0,True,False
R02ZF,257,8567,STATIC_BOUNDARY_C,12.4,12.39999008178711,0.4499998092651367,0.945054945054945,0.046241506934165955,0.19999980926513672,-45.0,44.0,True,False
R02ZF,258,8600,STATIC_BOUNDARY_A,4.9,4.849997520446777,0.48499994277954117,0.5934065934065934,0.017666900530457497,0.14999985694885254,-43.0,43.0,True,False
R02ZF,258,8600,STATIC_BOUNDARY_B,7.1,7.199995040893555,0.6999993324279785,0.967032967032967,0.034002505242824554,0.19999933242797852,-45.0,45.0,False,False
R02ZF,258,8600,STATIC_BOUNDARY_C,12.4,12.39999008178711,0.4499998092651367,0.9230769230769231,0.049752555787563324,0.1999988555908203,-45.0,44.0,True,False
R02ZF,259,8633,STATIC_BOUNDARY_A,4.9,4.849997520446777,0.34999942779541016,0.5604395604395604,0.01744142733514309,0.15000009536743164,-43.0,45.0,True,False
R02ZF,259,8633,STATIC_BOUNDARY_B,7.1,7.49999475479126,0.6499991416931152,0.9120879120879121,0.035260532051324844,0.19999933242797852,-45.0,45.0,False,False
R02ZF,259,8633,STATIC_BOUNDARY_C,12.4,12.449990272521973,0.5500001907348633,0.9010989010989011,0.0458708256483078,0.19999980926513672,-45.0,45.0,False,False
R02ZF,260,8667,STATIC_BOUNDARY_A,4.9,4.849997520446777,0.05000019073486328,0.5274725274725275,0.01915687322616577,0.14999985694885254,-32.0,42.0,True,False
R02ZF,260,8667,STATIC_BOUNDARY_B,7.1,7.299994945526123,0.4499993324279785,0.9340659340659341,0.037235792726278305,0.19999933242797852,-45.0,45.0,True,False
R02ZF,260,8667,STATIC_BOUNDARY_C,12.4,12.449990272521973,0.5499996185302735,0.9560439560439561,0.05227048322558403,0.1999988555908203,-45.0,45.0,True,False
R02ZF,261,8700,STATIC_BOUNDARY_A,4.9,4.849997520446777,0.2650000572204592,0.6373626373626373,0.018249984830617905,0.15000033378601074,-39.0,43.0,True,False
R02ZF,261,8700,STATIC_BOUNDARY_B,7.1,7.399994850158691,0.4999995231628418,0.9120879120879121,0.03579343482851982,0.19999933242797852,-45.0,45.0,True,False
R02ZF,261,8700,STATIC_BOUNDARY_C,12.4,12.39999008178711,0.4499998092651367,0.9010989010989011,0.048296425491571426,0.19999980926513672,-45.0,45.0,True,False
R02ZF,262,8733,STATIC_BOUNDARY_A,4.9,4.849997520446777,0.20000004768371582,0.6153846153846154,0.019301144406199455,0.14999985694885254,-42.0,44.0,True,False
R02ZF,262,8733,STATIC_BOUNDARY_B,7.1,7.099995136260986,0.7499995231628418,0.9120879120879121,0.034104857593774796,0.19999933242797852,-45.0,45.0,False,False
R02ZF,262,8733,STATIC_BOUNDARY_C,12.4,12.349989891052246,0.4049996376037602,0.8791208791208791,0.0537160262465477,0.19999980926513672,-45.0,45.0,True,False
R02ZF,263,8767,STATIC_BOUNDARY_A,4.9,4.849997520446777,0.05000019073486328,0.5604395604395604,0.018398351967334747,0.15000033378601074,-38.0,44.0,True,False
R02ZF,263,8767,STATIC_BOUNDARY_B,7.1,7.199995040893555,0.6499996185302734,0.9010989010989011,0.03227163106203079,0.19999933242797852,-45.0,45.0,False,False
R02ZF,263,8767,STATIC_BOUNDARY_C,12.4,12.39999008178711,0.39999961853027344,0.9010989010989011,0.04564877599477768,0.19999980926513672,-45.0,45.0,True,False
R02ZF,264,8800,STATIC_BOUNDARY_A,4.9,4.849997520446777,0.13000020980834967,0.7142857142857143,0.01847664639353752,0.15000033378601074,-45.0,44.0,True,False
R02ZF,264,8800,STATIC_BOUNDARY_B,7.1,7.37499475479126,0.5049997329711912,0.967032967032967,0.032522052526474,0.19999933242797852,-45.0,45.0,True,False
R02ZF,264,8800,STATIC_BOUNDARY_C,12.4,12.449990272521973,0.5499997138977051,0.945054945054945,0.04846538230776787,0.19999980926513672,-45.0,45.0,True,False
R02ZF,265,8833,STATIC_BOUNDARY_A,4.9,4.849997520446777,0.15000009536743164,0.6483516483516484,0.018935009837150574,0.15000033378601074,-42.0,43.0,True,False
R02ZF,265,8833,STATIC_BOUNDARY_B,7.1,7.249994993209839,0.8749992847442627,0.945054945054945,0.0277065671980381,0.19999933242797852,-45.0,44.0,False,False
R02ZF,265,8833,STATIC_BOUNDARY_C,12.4,12.349989891052246,0.39999961853027344,0.9230769230769231,0.04439413174986839,0.19999980926513672,-45.0,45.0,True,False
R02ZF,266,8867,STATIC_BOUNDARY_A,4.9,4.899997234344482,0.28499975204467753,0.5714285714285714,0.017371559515595436,0.15000009536743164,-45.0,44.0,True,False
R02ZF,266,8867,STATIC_BOUNDARY_B,7.1,7.599994659423828,0.5999994277954102,0.9120879120879121,0.0316789448261261,0.19999933242797852,-45.0,45.0,False,False
R02ZF,266,8867,STATIC_BOUNDARY_C,12.4,12.39999008178711,0.39999961853027344,0.9340659340659341,0.043287161737680435,0.19999980926513672,-43.0,45.0,True,False
R02ZF,267,8900,STATIC_BOUNDARY_A,4.9,4.849997520446777,0.39999961853027344,0.5604395604395604,0.015392848290503025,0.15000033378601074,-45.0,44.0,True,False
R02ZF,267,8900,STATIC_BOUNDARY_B,7.1,7.399994850158691,0.4999995231628418,0.9340659340659341,0.03029368817806244,0.19999933242797852,-45.0,45.0,True,False
R02ZF,267,8900,STATIC_BOUNDARY_C,12.4,12.349989891052246,0.4349997520446779,0.9230769230769231,0.04088960587978363,0.1999988555908203,-43.0,45.0,True,False
R02ZF,268,8933,STATIC_BOUNDARY_A,4.9,4.899997234344482,0.20999975204467788,0.42857142857142855,0.021060483530163765,0.19999957084655762,-44.0,43.0,False,False
R02ZF,268,8933,STATIC_BOUNDARY_B,7.1,7.449995040893555,0.5,0.9340659340659341,0.03167423978447914,0.19999933242797852,-45.0,45.0,True,False
R02ZF,268,8933,STATIC_BOUNDARY_C,12.4,12.349989891052246,0.4499998092651367,0.967032967032967,0.03766515851020813,0.1999988555908203,-45.0,45.0,True,False
R02ZF,269,8967,STATIC_BOUNDARY_A,4.9,4.849997520446777,0.3199998855590816,0.6263736263736264,0.01675277389585972,0.14999985694885254,-35.0,44.0,True,False
R02ZF,269,8967,STATIC_BOUNDARY_B,7.1,7.49999475479126,0.5999994277954102,0.9340659340659341,0.03557879105210304,0.19999933242797852,-45.0,45.0,False,False
R02ZF,269,8967,STATIC_BOUNDARY_C,12.4,12.39999008178711,0.4499998092651367,0.967032967032967,0.035567253828048706,0.1999988555908203,-45.0,45.0,True,False
R02ZF,270,9000,STATIC_BOUNDARY_A,4.9,4.849997520446777,0.6499996185302734,0.5934065934065934,0.019004996865987778,0.14999985694885254,-45.0,45.0,False,False
R02ZF,270,9000,STATIC_BOUNDARY_B,7.1,7.449995040893555,0.5,0.9560439560439561,0.03490956872701645,0.19999933242797852,-45.0,45.0,True,False
R02ZF,270,9000,STATIC_BOUNDARY_C,12.4,12.39999008178711,0.5,0.967032967032967,0.0424029678106308,0.1999988555908203,-45.0,45.0,True,False
R02ZF,271,9033,STATIC_BOUNDARY_A,4.9,4.899997234344482,0.4249997138977051,0.5054945054945055,0.01745234616100788,0.15000009536743164,-45.0,42.0,True,False
R02ZF,271,9033,STATIC_BOUNDARY_B,7.1,7.49999475479126,0.4999995231628418,0.9340659340659341,0.034126441925764084,0.19999933242797852,-45.0,45.0,True,False
R02ZF,271,9033,STATIC_BOUNDARY_C,12.4,12.39999008178711,0.2999992370605469,0.9230769230769231,0.04124172404408455,0.1999988555908203,-45.0,45.0,True,False
R02ZF,272,9067,STATIC_BOUNDARY_A,4.9,4.849997520446777,0.5499997138977051,0.6813186813186813,0.016986124217510223,0.14999985694885254,-45.0,43.0,True,False
R02ZF,272,9067,STATIC_BOUNDARY_B,7.1,7.399994850158691,0.4999995231628418,0.9340659340659341,0.03396587446331978,0.19999933242797852,-45.0,44.0,True,False
R02ZF,272,9067,STATIC_BOUNDARY_C,12.4,12.39999008178711,0.39999961853027344,0.967032967032967,0.0412093847990036,0.1999988555908203,-45.0,45.0,True,False
R02ZF,273,9100,STATIC_BOUNDARY_A,4.9,4.899997234344482,0.19999980926513672,0.5824175824175825,0.017883416265249252,0.15000033378601074,-44.0,39.0,True,False
R02ZF,273,9100,STATIC_BOUNDARY_B,7.1,7.474994897842407,0.5749995708465576,0.9230769230769231,0.03321942314505577,0.19999933242797852,-45.0,45.0,False,False
R02ZF,273,9100,STATIC_BOUNDARY_C,12.4,12.39999008178711,0.41999969482421906,0.9560439560439561,0.04266228899359703,0.1999988555908203,-45.0,45.0,True,False
R02ZF,274,9133,STATIC_BOUNDARY_A,4.9,4.87499737739563,0.39499964714050323,0.4835164835164835,0.019335631281137466,0.14999985694885254,-34.0,38.0,True,False
R02ZF,274,9133,STATIC_BOUNDARY_B,7.1,7.474994897842407,0.5249998569488525,0.989010989010989,0.036037035286426544,0.19999933242797852,-45.0,45.0,True,False
R02ZF,274,9133,STATIC_BOUNDARY_C,12.4,12.39999008178711,0.39999961853027344,0.945054945054945,0.05001816153526306,0.1999988555908203,-44.0,44.0,True,False
R02ZF,275,9167,STATIC_BOUNDARY_A,4.9,4.849997520446777,0.39999961853027344,0.5054945054945055,0.01830872893333435,0.15000033378601074,-41.0,44.0,True,False
R02ZF,275,9167,STATIC_BOUNDARY_B,7.1,7.399994850158691,0.6499996185302734,0.9230769230769231,0.031402163207530975,0.19999933242797852,-45.0,45.0,False,False
R02ZF,275,9167,STATIC_BOUNDARY_C,12.4,12.39999008178711,0.39999961853027344,0.989010989010989,0.04045964404940605,0.1999988555908203,-45.0,45.0,True,False
R02ZF,276,9200,STATIC_BOUNDARY_A,4.9,4.899997234344482,0.15000009536743164,0.6263736263736264,0.0207095667719841,0.14999985694885254,-44.0,45.0,True,False
R02ZF,276,9200,STATIC_BOUNDARY_B,7.1,7.399994850158691,0.5799993515014653,0.978021978021978,0.03623567521572113,0.19999933242797852,-45.0,44.0,False,False
R02ZF,276,9200,STATIC_BOUNDARY_C,12.4,12.39999008178711,0.39999961853027344,1.0,0.0451740100979805,0.1999988555908203,-45.0,45.0,True,False
R02ZF,277,9233,STATIC_BOUNDARY_A,4.9,4.899997234344482,0.33999986648559594,0.5824175824175825,0.0200351569801569,0.14999985694885254,-45.0,44.0,True,False
R02ZF,277,9233,STATIC_BOUNDARY_B,7.1,7.449995040893555,0.6499996185302734,1.0,0.030401596799492836,0.19999933242797852,-45.0,45.0,False,False
R02ZF,277,9233,STATIC_BOUNDARY_C,12.4,12.39999008178711,0.4499998092651367,0.978021978021978,0.040768254548311234,0.1999988555908203,-45.0,45.0,True,False
R02ZF,278,9267,STATIC_BOUNDARY_A,4.9,4.899997234344482,0.09999990463256836,0.5714285714285714,0.020474016666412354,0.14999985694885254,-44.0,45.0,True,False
R02ZF,278,9267,STATIC_BOUNDARY_B,7.1,7.449995040893555,0.4499998092651367,0.945054945054945,0.036194220185279846,0.19999933242797852,-45.0,45.0,True,False
R02ZF,278,9267,STATIC_BOUNDARY_C,12.4,12.39999008178711,0.35999946594238297,0.978021978021978,0.04686332121491432,0.1999988555908203,-45.0,45.0,True,False
R02ZF,279,9300,STATIC_BOUNDARY_A,4.9,4.899997234344482,0.04999971389770508,0.5714285714285714,0.018489722162485123,0.14999985694885254,-35.0,44.0,True,False
R02ZF,279,9300,STATIC_BOUNDARY_B,7.1,7.599994659423828,0.6499996185302734,0.9560439560439561,0.03535228967666626,0.19999933242797852,-44.0,45.0,False,False
R02ZF,279,9300,STATIC_BOUNDARY_C,12.4,12.39999008178711,0.39999961853027344,0.945054945054945,0.04755176976323128,0.1999988555908203,-45.0,45.0,True,False
R02ZF,280,9333,STATIC_BOUNDARY_A,4.9,4.849997520446777,0.4499998092651367,0.6043956043956044,0.0173056498169899,0.14999985694885254,-43.0,37.0,True,False
R02ZF,280,9333,STATIC_BOUNDARY_B,7.1,7.399994850158691,0.5499992370605469,0.967032967032967,0.03820188343524933,0.19999933242797852,-45.0,45.0,True,False
R02ZF,280,9333,STATIC_BOUNDARY_C,12.4,12.449990272521973,0.34999942779541016,0.967032967032967,0.0452757254242897,0.19999980926513672,-44.0,45.0,True,False
R02ZF,281,9367,STATIC_BOUNDARY_A,4.9,4.899997234344482,0.08999986648559591,0.6923076923076923,0.02036368101835251,0.14999938011169434,-37.0,40.0,True,False
R02ZF,281,9367,STATIC_BOUNDARY_B,7.1,7.399994850158691,0.4999995231628418,0.978021978021978,0.044237930327653885,0.19999933242797852,-44.0,45.0,True,False
R02ZF,281,9367,STATIC_BOUNDARY_C,12.4,12.39999008178711,0.39999961853027344,0.989010989010989,0.05471453070640564,0.1999988555908203,-45.0,45.0,True,False
R02ZF,282,9400,STATIC_BOUNDARY_A,4.9,4.899997234344482,0.2999997138977051,0.6153846153846154,0.019055558368563652,0.14999985694885254,-40.0,44.0,True,False
R02ZF,282,9400,STATIC_BOUNDARY_B,7.1,7.449995040893555,0.5,0.978021978021978,0.04178839549422264,0.19999933242797852,-45.0,45.0,True,False
R02ZF,282,9400,STATIC_BOUNDARY_C,12.4,12.349989891052246,0.3799995422363278,0.967032967032967,0.055754974484443665,0.1999988555908203,-45.0,45.0,True,False
R02ZF,283,9433,STATIC_BOUNDARY_A,4.9,4.899997234344482,0.09999990463256836,0.5164835164835165,0.022733774036169052,0.14999985694885254,-41.0,39.0,True,False
R02ZF,283,9433,STATIC_BOUNDARY_B,7.1,7.49999475479126,0.5999994277954102,0.945054945054945,0.03540996462106705,0.19999933242797852,-44.0,45.0,False,False
R02ZF,283,9433,STATIC_BOUNDARY_C,12.4,12.349989891052246,0.519999694824219,0.9560439560439561,0.041700851172208786,0.1999988555908203,-45.0,45.0,True,False
R02ZF,284,9467,STATIC_BOUNDARY_A,4.9,4.899997234344482,0.38999967575073263,0.6923076923076923,0.019617322832345963,0.14999985694885254,-42.0,41.0,True,False
R02ZF,284,9467,STATIC_BOUNDARY_B,7.1,7.399994850158691,0.4999995231628418,0.9560439560439561,0.03263223171234131,0.19999933242797852,-42.0,45.0,True,False
R02ZF,284,9467,STATIC_BOUNDARY_C,12.4,12.39999008178711,0.5,0.967032967032967,0.047270968556404114,0.1999988555908203,-44.0,45.0,True,False
R02ZF,285,9500,STATIC_BOUNDARY_A,4.9,4.899997234344482,0.15000009536743164,0.6153846153846154,0.019256213679909706,0.14999985694885254,-44.0,37.0,True,False
R02ZF,285,9500,STATIC_BOUNDARY_B,7.1,7.349994659423828,0.6999998092651367,0.9010989010989011,0.03552816063165665,0.19999933242797852,-43.0,45.0,False,False
R02ZF,285,9500,STATIC_BOUNDARY_C,12.4,12.39999008178711,0.4499998092651367,0.978021978021978,0.04622132331132889,0.1999988555908203,-44.0,45.0,True,False
R02ZF,286,9533,STATIC_BOUNDARY_A,4.9,4.899997234344482,0.21999969482421905,0.5934065934065934,0.014519408345222473,0.14999985694885254,-36.0,42.0,True,False
R02ZF,286,9533,STATIC_BOUNDARY_B,7.1,7.449995040893555,0.5499992370605469,0.9340659340659341,0.03400396928191185,0.19999933242797852,-45.0,45.0,True,False
R02ZF,286,9533,STATIC_BOUNDARY_C,12.4,12.299989700317383,0.5150000572204588,0.967032967032967,0.04155947268009186,0.1999988555908203,-45.0,45.0,True,False
R02ZF,287,9567,STATIC_BOUNDARY_A,4.9,4.899997234344482,0.04999971389770508,0.6153846153846154,0.017339134588837624,0.14999938011169434,-45.0,42.0,True,False
R02ZF,287,9567,STATIC_BOUNDARY_B,7.1,7.299994945526123,0.39999961853027344,0.9120879120879121,0.03064669482409954,0.19999933242797852,-45.0,45.0,True,False
R02ZF,287,9567,STATIC_BOUNDARY_C,12.4,12.349989891052246,0.34999942779541016,0.978021978021978,0.034481145441532135,0.1999988555908203,-44.0,45.0,True,False
R02ZF,288,9600,STATIC_BOUNDARY_A,4.9,4.849997520446777,0.10000038146972656,0.6813186813186813,0.0215509831905365,0.14999985694885254,-45.0,42.0,True,False
R02ZF,288,9600,STATIC_BOUNDARY_B,7.1,7.249995231628418,0.7099990844726571,0.9340659340659341,0.027814438566565514,0.19999933242797852,-45.0,45.0,False,False
R02ZF,288,9600,STATIC_BOUNDARY_C,12.4,12.349989891052246,0.34999942779541016,0.978021978021978,0.044433049857616425,0.1999988555908203,-43.0,45.0,True,False
R02ZF,289,9633,STATIC_BOUNDARY_A,4.9,4.899997234344482,0.09999990463256836,0.5824175824175825,0.017162179574370384,0.14999985694885254,-44.0,42.0,True,False
R02ZF,289,9633,STATIC_BOUNDARY_B,7.1,7.199995040893555,0.7899991989135741,0.9120879120879121,0.02650681510567665,0.19999933242797852,-44.0,45.0,False,False
R02ZF,289,9633,STATIC_BOUNDARY_C,12.4,12.349989891052246,0.39999961853027344,0.9560439560439561,0.04012962803244591,0.1999988555908203,-45.0,45.0,True,False
R02ZF,290,9667,STATIC_BOUNDARY_A,4.9,4.899997234344482,0.4999995231628418,0.5824175824175825,0.018061690032482147,0.14999985694885254,-43.0,41.0,True,False
R02ZF,290,9667,STATIC_BOUNDARY_B,7.1,7.199995040893555,0.7599990844726564,0.8681318681318682,0.031700264662504196,0.19999933242797852,-42.0,45.0,False,False
R02ZF,290,9667,STATIC_BOUNDARY_C,12.4,12.39999008178711,0.3149992942810057,0.967032967032967,0.03974038362503052,0.1999988555908203,-43.0,45.0,True,False
R02ZF,291,9700,STATIC_BOUNDARY_A,4.9,4.899997234344482,0.4999995231628418,0.5604395604395604,0.014511387795209885,0.15000033378601074,-45.0,45.0,True,False
R02ZF,291,9700,STATIC_BOUNDARY_B,7.1,7.399994850158691,0.549999475479126,0.945054945054945,0.029710136353969574,0.19999933242797852,-45.0,45.0,True,False
R02ZF,291,9700,STATIC_BOUNDARY_C,12.4,12.374989986419678,0.4249997138977051,0.9230769230769231,0.039195507764816284,0.19999980926513672,-45.0,45.0,True,False
R02ZF,292,9733,STATIC_BOUNDARY_A,4.9,4.899997234344482,0.059999752044677876,0.42857142857142855,0.01825219951570034,0.14999985694885254,-41.0,43.0,False,False
R02ZF,292,9733,STATIC_BOUNDARY_B,7.1,7.349994659423828,0.6499996185302734,0.9010989010989011,0.02769698016345501,0.19999933242797852,-43.0,45.0,False,False
R02ZF,292,9733,STATIC_BOUNDARY_C,12.4,12.39999008178711,0.2999992370605469,0.9120879120879121,0.041372448205947876,0.1999988555908203,-42.0,45.0,True,False
R02ZF,293,9767,STATIC_BOUNDARY_A,4.9,4.899997234344482,0.28999967575073266,0.5824175824175825,0.018146853893995285,0.14999985694885254,-45.0,45.0,True,False
R02ZF,293,9767,STATIC_BOUNDARY_B,7.1,7.349994659423828,0.6499996185302734,0.9230769230769231,0.029394008219242096,0.19999933242797852,-44.0,45.0,False,False
R02ZF,293,9767,STATIC_BOUNDARY_C,12.4,12.39999008178711,0.2999992370605469,0.9560439560439561,0.04405299574136734,0.1999988555908203,-45.0,45.0,True,False
R02ZF,294,9800,STATIC_BOUNDARY_A,4.9,4.899997234344482,0.2199996948242187,0.6263736263736264,0.015094728209078312,0.14999938011169434,-45.0,40.0,True,False
R02ZF,294,9800,STATIC_BOUNDARY_B,7.1,7.349994659423828,0.6499996185302734,0.8901098901098901,0.028069399297237396,0.19999933242797852,-45.0,44.0,False,False
R02ZF,294,9800,STATIC_BOUNDARY_C,12.4,12.349989891052246,0.3000001907348633,0.978021978021978,0.04433906823396683,0.1999988555908203,-45.0,45.0,True,False
R02ZF,295,9833,STATIC_BOUNDARY_A,4.9,4.899997234344482,0.1599998474121095,0.38461538461538464,0.018704194575548172,0.14999985694885254,-45.0,41.0,False,False
R02ZF,295,9833,STATIC_BOUNDARY_B,7.1,7.399994850158691,0.5999994277954102,0.8901098901098901,0.03022467903792858,0.19999933242797852,-41.0,45.0,False,False
R02ZF,295,9833,STATIC_BOUNDARY_C,12.4,12.39999008178711,0.3599994659423837,0.8791208791208791,0.04280718415975571,0.1999988555908203,-44.0,45.0,True,False
R02ZF,296,9867,STATIC_BOUNDARY_A,4.9,4.849997520446777,0.5199998855590823,0.6483516483516484,0.015510004945099354,0.14999985694885254,-42.0,44.0,True,False
R02ZF,296,9867,STATIC_BOUNDARY_B,7.1,7.349994659423828,0.6499996185302734,0.8461538461538461,0.03606678545475006,0.19999933242797852,-41.0,45.0,False,False
R02ZF,296,9867,STATIC_BOUNDARY_C,12.4,12.39999008178711,0.2999992370605469,0.967032967032967,0.043770045042037964,0.1999988555908203,-45.0,45.0,True,False
R02ZF,297,9900,STATIC_BOUNDARY_A,4.9,4.899997234344482,0.1199999809265136,0.5164835164835165,0.018429333344101906,0.14999985694885254,-43.0,45.0,True,False
R02ZF,297,9900,STATIC_BOUNDARY_B,7.1,7.349994659423828,0.604999446868897,0.8791208791208791,0.034178949892520905,0.19999957084655762,-45.0,45.0,False,False
R02ZF,297,9900,STATIC_BOUNDARY_C,12.4,12.449990272521973,0.3000001907348633,0.8901098901098901,0.04568711295723915,0.19999980926513672,-45.0,45.0,True,False
R02ZF,298,9933,STATIC_BOUNDARY_A,4.9,4.899997234344482,0.3199997901916503,0.6263736263736264,0.017458513379096985,0.14999985694885254,-44.0,45.0,True,False
R02ZF,298,9933,STATIC_BOUNDARY_B,7.1,7.399994850158691,0.5499992370605469,0.9120879120879121,0.03288889303803444,0.19999933242797852,-45.0,45.0,True,False
R02ZF,298,9933,STATIC_BOUNDARY_C,12.4,12.39999008178711,0.27999982833862275,0.967032967032967,0.04516982287168503,0.1999988555908203,-45.0,45.0,True,False
R02ZF,299,9967,STATIC_BOUNDARY_A,4.9,4.899997234344482,0.19999980926513672,0.7802197802197802,0.019156286492943764,0.14999985694885254,-45.0,45.0,True,False
R02ZF,299,9967,STATIC_BOUNDARY_B,7.1,7.349994659423828,0.6499996185302734,0.9120879120879121,0.04452892765402794,0.19999933242797852,-43.0,45.0,False,False
R02ZF,299,9967,STATIC_BOUNDARY_C,12.4,12.39999008178711,0.25,0.945054945054945,0.050060659646987915,0.19999980926513672,-45.0,45.0,True,False
R02ZF,300,10000,STATIC_BOUNDARY_A,4.9,4.899997234344482,0.09999990463256836,0.6593406593406593,0.018394799903035164,0.14999985694885254,-41.0,43.0,True,False
R02ZF,300,10000,STATIC_BOUNDARY_B,7.1,7.449995040893555,0.5499997138977051,0.945054945054945,0.04002751410007477,0.19999933242797852,-43.0,45.0,True,False
R02ZF,300,10000,STATIC_BOUNDARY_C,12.4,12.424990177154541,0.3749995231628418,0.989010989010989,0.050380684435367584,0.1999988555908203,-44.0,45.0,True,False
R02ZF,301,10033,STATIC_BOUNDARY_A,4.9,4.9499969482421875,0.19999957084655762,0.6153846153846154,0.017488759011030197,0.14999985694885254,-34.0,45.0,True,False
R02ZF,301,10033,STATIC_BOUNDARY_B,7.1,7.449995040893555,0.4999990463256836,0.9230769230769231,0.04435788840055466,0.17499971389770508,-45.0,45.0,True,False
R02ZF,301,10033,STATIC_BOUNDARY_C,12.4,12.449990272521973,0.23999958038330135,0.9560439560439561,0.050457458943128586,0.1999988555908203,-44.0,45.0,True,False
R02ZF,302,10067,STATIC_BOUNDARY_A,4.9,4.899997234344482,0.04999971389770508,0.5934065934065934,0.020310059189796448,0.14999985694885254,-45.0,45.0,True,False
R02ZF,302,10067,STATIC_BOUNDARY_B,7.1,7.399994850158691,0.5499992370605469,0.9340659340659341,0.04062099754810333,0.19999933242797852,-45.0,45.0,True,False
R02ZF,302,10067,STATIC_BOUNDARY_C,12.4,12.449990272521973,0.3000001907348633,0.9230769230769231,0.05510931462049484,0.1999988555908203,-44.0,45.0,True,False
R02ZF,303,10100,STATIC_BOUNDARY_A,4.9,4.899997234344482,0.18500003814697316,0.6593406593406593,0.01665283367037773,0.14999985694885254,-44.0,44.0,True,False
R02ZF,303,10100,STATIC_BOUNDARY_B,7.1,7.399994850158691,0.5349992752075203,0.9010989010989011,0.040036074817180634,0.19999933242797852,-44.0,45.0,True,False
R02ZF,303,10100,STATIC_BOUNDARY_C,12.4,12.449990272521973,0.34999942779541016,0.8901098901098901,0.05571887269616127,0.1999988555908203,-45.0,45.0,True,False
R02ZF,304,10133,STATIC_BOUNDARY_A,4.9,4.899997234344482,0.19999980926513672,0.7582417582417582,0.017047442495822906,0.14999985694885254,-44.0,38.0,True,False
R02ZF,304,10133,STATIC_BOUNDARY_B,7.1,7.399994850158691,0.5499992370605469,0.9560439560439561,0.04607290029525757,0.19999933242797852,-45.0,45.0,True,False
R02ZF,304,10133,STATIC_BOUNDARY_C,12.4,12.39999008178711,0.39999961853027344,0.978021978021978,0.047202326357364655,0.1999988555908203,-45.0,45.0,True,False
R02ZF,305,10167,STATIC_BOUNDARY_A,4.9,4.899997234344482,0.04999971389770508,0.7252747252747253,0.020494762808084488,0.14999985694885254,-44.0,44.0,True,False
R02ZF,305,10167,STATIC_BOUNDARY_B,7.1,7.249995231628418,0.6999988555908203,0.9120879120879121,0.044474050402641296,0.19999933242797852,-44.0,45.0,False,False
R02ZF,305,10167,STATIC_BOUNDARY_C,12.4,12.39999008178711,0.2999992370605469,0.9230769230769231,0.056890979409217834,0.1999988555908203,-45.0,45.0,True,False
R02ZF,306,10200,STATIC_BOUNDARY_A,4.9,4.899997234344482,0.2999997138977051,0.7692307692307693,0.02068069577217102,0.14999985694885254,-43.0,44.0,True,False
R02ZF,306,10200,STATIC_BOUNDARY_B,7.1,7.349994659423828,0.5999994277954102,0.9010989010989011,0.052120767533779144,0.19999933242797852,-45.0,44.0,False,False
R02ZF,306,10200,STATIC_BOUNDARY_C,12.4,12.499990463256836,0.34999942779541016,0.967032967032967,0.057024192065000534,0.1999988555908203,-45.0,45.0,True,False
R02ZF,307,10233,STATIC_BOUNDARY_A,4.9,4.899997234344482,0.04999971389770508,0.7692307692307693,0.01931769587099552,0.14999985694885254,-45.0,44.0,True,False
R02ZF,307,10233,STATIC_BOUNDARY_B,7.1,7.349994659423828,0.5999994277954102,0.9340659340659341,0.05338936671614647,0.19999933242797852,-45.0,45.0,False,False
R02ZF,307,10233,STATIC_BOUNDARY_C,12.4,12.39999008178711,0.364999485015869,0.967032967032967,0.060175821185112,0.1999988555908203,-45.0,45.0,True,False
R02ZF,308,10267,STATIC_BOUNDARY_A,4.9,4.899997234344482,0.4499993324279785,0.7692307692307693,0.01928742043673992,0.14999985694885254,-45.0,45.0,True,False
R02ZF,308,10267,STATIC_BOUNDARY_B,7.1,7.299994945526123,0.6249992847442627,0.945054945054945,0.048069655895233154,0.19999933242797852,-45.0,45.0,False,False
R02ZF,308,10267,STATIC_BOUNDARY_C,12.4,12.499990463256836,0.39999961853027344,0.9340659340659341,0.06624545156955719,0.1999988555908203,-45.0,45.0,True,False
R02ZF,309,10300,STATIC_BOUNDARY_A,4.9,4.899997234344482,0.04999971389770508,0.7032967032967034,0.01720239222049713,0.14999985694885254,-41.0,44.0,True,False
R02ZF,309,10300,STATIC_BOUNDARY_B,7.1,7.349994659423828,0.5999994277954102,0.9010989010989011,0.04086147993803024,0.19999933242797852,-44.0,45.0,False,False
R02ZF,309,10300,STATIC_BOUNDARY_C,12.4,12.449990272521973,0.34999942779541016,0.9010989010989011,0.06071768328547478,0.1999988555908203,-42.0,44.0,True,False
R02ZF,310,10333,STATIC_BOUNDARY_A,4.9,4.9499969482421875,0.19999980926513672,0.6703296703296703,0.02033502794802189,0.14999985694885254,-42.0,37.0,True,False
R02ZF,310,10333,STATIC_BOUNDARY_B,7.1,7.349994659423828,0.5999994277954102,0.9340659340659341,0.03805183619260788,0.19999933242797852,-45.0,45.0,False,False
R02ZF,310,10333,STATIC_BOUNDARY_C,12.4,12.449990272521973,0.34999942779541016,0.945054945054945,0.05905745550990105,0.19999933242797852,-44.0,45.0,True,False
R02ZF,311,10367,STATIC_BOUNDARY_A,4.9,4.9499969482421875,0.14999961853027344,0.7362637362637363,0.019921613857150078,0.14999985694885254,-42.0,45.0,True,False
R02ZF,311,10367,STATIC_BOUNDARY_B,7.1,7.299994945526123,0.6499991416931152,0.945054945054945,0.0457356832921505,0.19999933242797852,-45.0,45.0,False,False
R02ZF,311,10367,STATIC_BOUNDARY_C,12.4,12.424990177154541,0.3749995231628418,0.989010989010989,0.05619373545050621,0.1999988555908203,-45.0,45.0,True,False
R02ZF,312,10400,STATIC_BOUNDARY_A,4.9,4.899997234344482,0.2999997138977051,0.7472527472527473,0.021620512008666992,0.14999985694885254,-45.0,45.0,True,False
R02ZF,312,10400,STATIC_BOUNDARY_B,7.1,7.224995136260986,0.724998950958252,0.945054945054945,0.041053928434848785,0.15000009536743164,-45.0,45.0,False,False
R02ZF,312,10400,STATIC_BOUNDARY_C,12.4,12.39999008178711,0.39999961853027344,1.0,0.05926536023616791,0.1999988555908203,-45.0,45.0,True,False
R02ZF,313,10433,STATIC_BOUNDARY_A,4.9,4.9499969482421875,0.14999961853027344,0.8021978021978022,0.01984553225338459,0.15000033378601074,-45.0,45.0,True,False
R02ZF,313,10433,STATIC_BOUNDARY_B,7.1,7.349994659423828,0.5999994277954102,0.9120879120879121,0.04357138276100159,0.19999933242797852,-45.0,45.0,False,False
R02ZF,313,10433,STATIC_BOUNDARY_C,12.4,12.449990272521973,0.3149999618530272,0.967032967032967,0.0612780824303627,0.1999988555908203,-45.0,45.0,True,False
R02ZF,314,10467,STATIC_BOUNDARY_A,4.9,4.899997234344482,0.09999990463256836,0.7692307692307693,0.019291723147034645,0.15000033378601074,-44.0,43.0,True,False
R02ZF,314,10467,STATIC_BOUNDARY_B,7.1,7.224995136260986,0.5749993324279785,0.989010989010989,0.042593564838171005,0.15000009536743164,-45.0,45.0,False,False
R02ZF,314,10467,STATIC_BOUNDARY_C,12.4,12.449990272521973,0.34999942779541016,0.989010989010989,0.06372347474098206,0.1999988555908203,-45.0,45.0,True,False
R02ZF,315,10500,STATIC_BOUNDARY_A,4.9,4.9499969482421875,0.19999980926513672,0.7362637362637363,0.01854894310235977,0.14999985694885254,-45.0,45.0,True,False
R02ZF,315,10500,STATIC_BOUNDARY_B,7.1,7.249995231628418,0.6999988555908203,0.967032967032967,0.04518047720193863,0.15000009536743164,-45.0,45.0,False,False
R02ZF,315,10500,STATIC_BOUNDARY_C,12.4,12.449990272521973,0.34999942779541016,0.989010989010989,0.06717148423194885,0.19999980926513672,-45.0,45.0,True,False
R02ZF,316,10533,STATIC_BOUNDARY_A,4.9,4.899997234344482,0.1699998378753665,0.8131868131868132,0.020881634205579758,0.14999985694885254,-45.0,42.0,True,False
R02ZF,316,10533,STATIC_BOUNDARY_B,7.1,7.299994945526123,0.5299996376037602,0.9340659340659341,0.04512401670217514,0.19999933242797852,-45.0,45.0,True,False
R02ZF,316,10533,STATIC_BOUNDARY_C,12.4,12.449990272521973,0.2999993324279785,0.989010989010989,0.06838434934616089,0.1999988555908203,-45.0,45.0,True,False
R02ZF,317,10567,STATIC_BOUNDARY_A,4.9,4.899997234344482,0.3699997901916503,0.7362637362637363,0.018959619104862213,0.14999985694885254,-43.0,41.0,True,False
R02ZF,317,10567,STATIC_BOUNDARY_B,7.1,7.349994659423828,0.5499997138977051,0.9340659340659341,0.038930054754018784,0.19999933242797852,-45.0,45.0,True,False
R02ZF,317,10567,STATIC_BOUNDARY_C,12.4,12.39999008178711,0.3699995040893558,0.978021978021978,0.06255414336919785,0.19999980926513672,-45.0,45.0,True,False
R02ZF,318,10600,STATIC_BOUNDARY_A,4.9,4.9499969482421875,0.4999990463256836,0.7362637362637363,0.019116977229714394,0.14999985694885254,-43.0,44.0,True,False
R02ZF,318,10600,STATIC_BOUNDARY_B,7.1,7.299994945526123,0.5999994277954102,0.9340659340659341,0.03712936118245125,0.19999933242797852,-45.0,45.0,False,False
R02ZF,318,10600,STATIC_BOUNDARY_C,12.4,12.449990272521973,0.49499969482421835,0.967032967032967,0.06895594298839569,0.1999988555908203,-45.0,45.0,True,False
R02ZF,319,10633,STATIC_BOUNDARY_A,4.9,4.899997234344482,0.4499993324279785,0.8241758241758241,0.016449332237243652,0.14999985694885254,-45.0,45.0,True,False
R02ZF,319,10633,STATIC_BOUNDARY_B,7.1,7.249995231628418,0.6499991416931152,0.945054945054945,0.034563954919576645,0.19999933242797852,-45.0,45.0,False,False
R02ZF,319,10633,STATIC_BOUNDARY_C,12.4,12.449990272521973,0.34999942779541016,0.989010989010989,0.05542270466685295,0.19999980926513672,-45.0,45.0,True,False
R02ZF,320,10667,STATIC_BOUNDARY_A,4.9,4.9499969482421875,0.17999973297119182,0.4725274725274725,0.014753255061805248,0.14999985694885254,-40.0,42.0,True,False
R02ZF,320,10667,STATIC_BOUNDARY_B,7.1,7.349994659423828,0.5,0.9340659340659341,0.028820086270570755,0.19999933242797852,-45.0,45.0,True,False
R02ZF,320,10667,STATIC_BOUNDARY_C,12.4,12.424990177154541,0.3249993324279785,0.945054945054945,0.05093318969011307,0.1999988555908203,-45.0,45.0,True,False
R02ZF,321,10700,STATIC_BOUNDARY_A,4.9,4.9499969482421875,0.27499938011169434,0.6153846153846154,0.01690751314163208,0.14999985694885254,-42.0,44.0,True,False
R02ZF,321,10700,STATIC_BOUNDARY_B,7.1,7.349994659423828,0.5499997138977051,0.9340659340659341,0.027760054916143417,0.19999933242797852,-45.0,45.0,True,False
R02ZF,321,10700,STATIC_BOUNDARY_C,12.4,12.449990272521973,0.27499961853027344,0.945054945054945,0.04803182929754257,0.1999988555908203,-45.0,45.0,True,False
R02ZF,322,10733,STATIC_BOUNDARY_A,4.9,4.9499969482421875,0.16499967575073263,0.5274725274725275,0.020734209567308426,0.14999985694885254,-39.0,44.0,True,False
R02ZF,322,10733,STATIC_BOUNDARY_B,7.1,7.399994850158691,0.4999995231628418,0.9230769230769231,0.03232310339808464,0.19999933242797852,-45.0,45.0,True,False
R02ZF,322,10733,STATIC_BOUNDARY_C,12.4,12.449990272521973,0.3849995613098146,0.9230769230769231,0.04453954100608826,0.1999988555908203,-45.0,45.0,True,False
R02ZF,323,10767,STATIC_BOUNDARY_A,4.9,4.9499969482421875,0.2499995231628418,0.5714285714285714,0.017354611307382584,0.14999985694885254,-36.0,43.0,True,False
R02ZF,323,10767,STATIC_BOUNDARY_B,7.1,7.299994945526123,0.5999994277954102,0.9230769230769231,0.025466887280344963,0.19999933242797852,-45.0,45.0,False,False
R02ZF,323,10767,STATIC_BOUNDARY_C,12.4,12.449990272521973,0.39999961853027344,0.9340659340659341,0.042373284697532654,0.1999988555908203,-45.0,45.0,True,False
R02ZF,324,10800,STATIC_BOUNDARY_A,4.9,4.9499969482421875,0.4999990463256836,0.6813186813186813,0.019035013392567635,0.14999985694885254,-45.0,42.0,True,False
R02ZF,324,10800,STATIC_BOUNDARY_B,7.1,7.299994945526123,0.4499993324279785,0.945054945054945,0.0267937034368515,0.19999933242797852,-45.0,45.0,True,False
R02ZF,324,10800,STATIC_BOUNDARY_C,12.4,12.449990272521973,0.2999992370605469,0.967032967032967,0.04440970718860626,0.19999980926513672,-45.0,45.0,True,False
R02ZF,325,10833,STATIC_BOUNDARY_A,4.9,4.9499969482421875,0.30000009536743166,0.5714285714285714,0.0164380744099617,0.14999985694885254,-42.0,44.0,True,False
R02ZF,325,10833,STATIC_BOUNDARY_B,7.1,7.299994945526123,0.4499993324279785,0.945054945054945,0.02587246522307396,0.19999933242797852,-44.0,45.0,True,False
R02ZF,325,10833,STATIC_BOUNDARY_C,12.4,12.449990272521973,0.39999961853027344,0.9340659340659341,0.048124730587005615,0.1999988555908203,-44.0,45.0,True,False
R02ZF,326,10867,STATIC_BOUNDARY_A,4.9,4.9499969482421875,0.43499932289123516,0.5714285714285714,0.01684119552373886,0.14999985694885254,-44.0,45.0,True,False
R02ZF,326,10867,STATIC_BOUNDARY_B,7.1,7.249995231628418,0.4999990463256836,0.9340659340659341,0.030603284016251564,0.19999933242797852,-45.0,45.0,True,False
R02ZF,326,10867,STATIC_BOUNDARY_C,12.4,12.449990272521973,0.2999992370605469,0.9560439560439561,0.04358678311109543,0.19999980926513672,-45.0,45.0,True,False
R02ZF,327,10900,STATIC_BOUNDARY_A,4.9,4.9499969482421875,0.09999942779541016,0.5274725274725275,0.0171239972114563,0.14999985694885254,-35.0,40.0,True,False
R02ZF,327,10900,STATIC_BOUNDARY_B,7.1,7.299994945526123,0.6499991416931152,0.9010989010989011,0.02851245552301407,0.19999933242797852,-45.0,45.0,False,False
R02ZF,327,10900,STATIC_BOUNDARY_C,12.4,12.449990272521973,0.2499990463256836,0.945054945054945,0.0433955080807209,0.1999988555908203,-45.0,45.0,True,False
R02ZF,328,10933,STATIC_BOUNDARY_A,4.9,4.9499969482421875,0.05000019073486328,0.6043956043956044,0.01777762919664383,0.14999985694885254,-41.0,44.0,True,False
R02ZF,328,10933,STATIC_BOUNDARY_B,7.1,7.349994659423828,0.5999994277954102,0.9120879120879121,0.02598465606570244,0.19999933242797852,-45.0,45.0,False,False
R02ZF,328,10933,STATIC_BOUNDARY_C,12.4,12.449990272521973,0.3000001907348633,0.9230769230769231,0.04550368711352348,0.19999980926513672,-45.0,41.0,True,False
R02ZF,329,10967,STATIC_BOUNDARY_A,4.9,4.899997234344482,0.21999969482421905,0.5934065934065934,0.021966468542814255,0.14999985694885254,-45.0,44.0,True,False
R02ZF,329,10967,STATIC_BOUNDARY_B,7.1,7.324994802474976,0.5749995708465576,0.9010989010989011,0.02784758061170578,0.19999933242797852,-44.0,45.0,False,False
R02ZF,329,10967,STATIC_BOUNDARY_C,12.4,12.449990272521973,0.39999961853027344,0.945054945054945,0.04499434679746628,0.1999988555908203,-45.0,44.0,True,False
R02ZF,330,11000,STATIC_BOUNDARY_A,4.9,4.9499969482421875,0.3749995231628418,0.6153846153846154,0.01930149272084236,0.14999985694885254,-41.0,43.0,True,False
R02ZF,330,11000,STATIC_BOUNDARY_B,7.1,7.299994945526123,0.4499993324279785,0.8681318681318682,0.029558487236499786,0.19999933242797852,-45.0,45.0,True,False
R02ZF,330,11000,STATIC_BOUNDARY_C,12.4,12.449990272521973,0.25,0.967032967032967,0.043685488402843475,0.1999988555908203,-45.0,44.0,True,False
R02ZF,331,11033,STATIC_BOUNDARY_A,4.9,4.899997234344482,0.2999997138977051,0.6483516483516484,0.0161436777561903,0.14999985694885254,-42.0,44.0,True,False
R02ZF,331,11033,STATIC_BOUNDARY_B,7.1,7.349994659423828,0.34999990463256836,0.9560439560439561,0.02408425137400627,0.19999933242797852,-45.0,45.0,True,False
R02ZF,331,11033,STATIC_BOUNDARY_C,12.4,12.449990272521973,0.19999980926513672,0.945054945054945,0.04519537836313248,0.19999980926513672,-45.0,45.0,True,False
R02ZF,332,11067,STATIC_BOUNDARY_A,4.9,4.9499969482421875,0.22999954223632854,0.5824175824175825,0.01738998107612133,0.14999985694885254,-43.0,39.0,True,False
R02ZF,332,11067,STATIC_BOUNDARY_B,7.1,7.249995231628418,0.4499993324279785,0.9010989010989011,0.029104044660925865,0.15000009536743164,-44.0,45.0,True,False
R02ZF,332,11067,STATIC_BOUNDARY_C,12.4,12.449990272521973,0.34999942779541016,0.9230769230769231,0.04966185241937637,0.1999988555908203,-45.0,45.0,True,False
R02ZF,333,11100,STATIC_BOUNDARY_A,4.9,4.9499969482421875,0.1899997711181639,0.5714285714285714,0.015414686873555183,0.15000033378601074,-40.0,43.0,True,False
R02ZF,333,11100,STATIC_BOUNDARY_B,7.1,7.249995231628418,0.4499993324279785,0.9120879120879121,0.03005494549870491,0.19999933242797852,-44.0,45.0,True,False
R02ZF,333,11100,STATIC_BOUNDARY_C,12.4,12.449990272521973,0.28499946594238296,0.9230769230769231,0.047628916800022125,0.19999980926513672,-44.0,45.0,True,False
R02ZF,334,11133,STATIC_BOUNDARY_A,4.9,4.9499969482421875,0.4499993324279785,0.5494505494505495,0.0182376466691494,0.14999985694885254,-42.0,41.0,True,False
R02ZF,334,11133,STATIC_BOUNDARY_B,7.1,7.349994659423828,0.5499997138977051,0.9230769230769231,0.024966249242424965,0.19999933242797852,-45.0,45.0,True,False
R02ZF,334,11133,STATIC_BOUNDARY_C,12.4,12.449990272521973,0.2999992370605469,0.9340659340659341,0.04823186248540878,0.1999988555908203,-44.0,45.0,True,False
R02ZF,335,11167,STATIC_BOUNDARY_A,4.9,4.899997234344482,0.19999980926513672,0.5604395604395604,0.018581900745630264,0.19999957084655762,-33.0,41.0,True,False
R02ZF,335,11167,STATIC_BOUNDARY_B,7.1,7.399994850158691,0.4999995231628418,0.8681318681318682,0.026876481249928474,0.19999933242797852,-42.0,45.0,True,False
R02ZF,335,11167,STATIC_BOUNDARY_C,12.4,12.449990272521973,0.4499998092651367,0.945054945054945,0.05110165476799011,0.1999988555908203,-43.0,45.0,True,False
R02ZF,336,11200,STATIC_BOUNDARY_A,4.9,4.9499969482421875,0.2499995231628418,0.6813186813186813,0.0178862102329731,0.14999985694885254,-44.0,42.0,True,False
R02ZF,336,11200,STATIC_BOUNDARY_B,7.1,7.249995231628418,0.6549991130828862,0.8791208791208791,0.02368287369608879,0.15000009536743164,-45.0,45.0,False,False
R02ZF,336,11200,STATIC_BOUNDARY_C,12.4,12.449990272521973,0.2999992370605469,0.9340659340659341,0.04676820710301399,0.1999988555908203,-42.0,45.0,True,False
R02ZF,337,11233,STATIC_BOUNDARY_A,4.9,4.9499969482421875,0.19999980926513672,0.5164835164835165,0.016943635419011116,0.19999957084655762,-42.0,39.0,True,False
R02ZF,337,11233,STATIC_BOUNDARY_B,7.1,7.299994945526123,0.4999995231628418,0.8571428571428571,0.02254568040370941,0.19999933242797852,-44.0,45.0,True,False
R02ZF,337,11233,STATIC_BOUNDARY_C,12.4,12.449990272521973,0.4999990463256836,0.9340659340659341,0.04312312230467796,0.19999980926513672,-45.0,45.0,True,False
R02ZF,338,11267,STATIC_BOUNDARY_A,4.9,4.9499969482421875,0.15999965667724625,0.6483516483516484,0.0179098229855299,0.14999985694885254,-45.0,42.0,True,False
R02ZF,338,11267,STATIC_BOUNDARY_B,7.1,7.249995231628418,0.6499991416931152,0.945054945054945,0.02232513576745987,0.15000009536743164,-45.0,45.0,False,False
R02ZF,338,11267,STATIC_BOUNDARY_C,12.4,12.449990272521973,0.5499992370605469,0.945054945054945,0.04317854344844818,0.1999988555908203,-45.0,45.0,True,False
R02ZF,339,11300,STATIC_BOUNDARY_A,4.9,4.9499969482421875,0.33999938964843773,0.5824175824175825,0.015597406774759293,0.15000033378601074,-43.0,45.0,True,False
R02ZF,339,11300,STATIC_BOUNDARY_B,7.1,7.249995231628418,0.5899991035461438,0.8241758241758241,0.023355545476078987,0.19999933242797852,-44.0,45.0,False,False
R02ZF,339,11300,STATIC_BOUNDARY_C,12.4,12.449990272521973,0.279999160766602,0.9340659340659341,0.043562423437833786,0.1999988555908203,-45.0,45.0,True,False
R02ZF,340,11333,STATIC_BOUNDARY_A,4.9,4.9499969482421875,0.3549995899200444,0.5934065934065934,0.018205951899290085,0.14999985694885254,-45.0,45.0,True,False
R02ZF,340,11333,STATIC_BOUNDARY_B,7.1,7.249995231628418,0.6499991416931152,0.8681318681318682,0.0237325020134449,0.15000009536743164,-43.0,44.0,False,False
R02ZF,340,11333,STATIC_BOUNDARY_C,12.4,12.449990272521973,0.2499990463256836,0.967032967032967,0.04388550668954849,0.1999988555908203,-45.0,45.0,True,False
R02ZF,341,11367,STATIC_BOUNDARY_A,4.9,4.9499969482421875,0.4499993324279785,0.6043956043956044,0.017238348722457886,0.15000033378601074,-38.0,44.0,True,False
R02ZF,341,11367,STATIC_BOUNDARY_B,7.1,7.349994659423828,0.5699995994567874,0.8461538461538461,0.023235393688082695,0.19999933242797852,-45.0,45.0,False,False
R02ZF,341,11367,STATIC_BOUNDARY_C,12.4,12.449990272521973,0.34999942779541016,0.9230769230769231,0.04327436536550522,0.1999988555908203,-45.0,45.0,True,False
R02ZF,342,11400,STATIC_BOUNDARY_A,4.9,4.899997234344482,0.19999980926513672,0.6373626373626373,0.017327487468719482,0.17499995231628418,-44.0,45.0,True,False
R02ZF,342,11400,STATIC_BOUNDARY_B,7.1,7.349994659423828,0.5499997138977051,0.8901098901098901,0.025908583775162697,0.19999933242797852,-44.0,45.0,True,False
R02ZF,342,11400,STATIC_BOUNDARY_C,12.4,12.424990177154541,0.3249993324279785,0.945054945054945,0.051136888563632965,0.19999980926513672,-45.0,45.0,True,False
R02ZF,343,11433,STATIC_BOUNDARY_A,4.9,4.9499969482421875,0.05000019073486328,0.4945054945054945,0.016719069331884384,0.15000033378601074,-45.0,33.0,True,False
R02ZF,343,11433,STATIC_BOUNDARY_B,7.1,7.449995040893555,0.39999961853027344,0.8131868131868132,0.02150731533765793,0.19999933242797852,-45.0,45.0,True,False
R02ZF,343,11433,STATIC_BOUNDARY_C,12.4,12.449990272521973,0.34999942779541016,0.9560439560439561,0.04124594107270241,0.19999980926513672,-45.0,45.0,True,False
R02ZF,344,11467,STATIC_BOUNDARY_A,4.9,4.9499969482421875,0.26999931335449284,0.6923076923076923,0.017197418957948685,0.14999985694885254,-45.0,45.0,True,False
R02ZF,344,11467,STATIC_BOUNDARY_B,7.1,7.399994850158691,0.4999995231628418,0.9120879120879121,0.02609841898083687,0.19999933242797852,-45.0,45.0,True,False
R02ZF,344,11467,STATIC_BOUNDARY_C,12.4,12.39999008178711,0.25,0.9230769230769231,0.049868740141391754,0.19999980926513672,-45.0,45.0,True,False
R02ZF,345,11500,STATIC_BOUNDARY_A,4.9,4.9499969482421875,0.23499951362609842,0.5714285714285714,0.016128655523061752,0.14999985694885254,-45.0,45.0,True,False
R02ZF,345,11500,STATIC_BOUNDARY_B,7.1,7.2749950885772705,0.6249992847442627,0.8571428571428571,0.026962148025631905,0.19999933242797852,-44.0,45.0,False,False
R02ZF,345,11500,STATIC_BOUNDARY_C,12.4,12.449990272521973,0.3249993324279785,0.945054945054945,0.04639384150505066,0.19999980926513672,-45.0,45.0,True,False
R02ZF,346,11533,STATIC_BOUNDARY_A,4.9,4.9499969482421875,0.42499938011169397,0.6813186813186813,0.020484542474150658,0.14999985694885254,-44.0,44.0,True,False
R02ZF,346,11533,STATIC_BOUNDARY_B,7.1,7.199995040893555,0.5349993228912355,0.9230769230769231,0.02408021315932274,0.19999933242797852,-45.0,45.0,True,False
R02ZF,346,11533,STATIC_BOUNDARY_C,12.4,12.449990272521973,0.25,0.8901098901098901,0.046598490327596664,0.1999988555908203,-44.0,45.0,True,False
R02ZF,347,11567,STATIC_BOUNDARY_A,4.9,4.9499969482421875,0.19999980926513672,0.6923076923076923,0.019326744601130486,0.15000033378601074,-43.0,43.0,True,False
R02ZF,347,11567,STATIC_BOUNDARY_B,7.1,7.299994945526123,0.5999994277954102,0.9120879120879121,0.02732161618769169,0.19999933242797852,-45.0,45.0,False,False
R02ZF,347,11567,STATIC_BOUNDARY_C,12.4,12.449990272521973,0.3000001907348633,0.9230769230769231,0.046723514795303345,0.1999988555908203,-44.0,44.0,True,False
R02ZF,348,11600,STATIC_BOUNDARY_A,4.9,4.9499969482421875,0.5999994277954102,0.6043956043956044,0.018492067232728004,0.14999985694885254,-43.0,41.0,False,False
R02ZF,348,11600,STATIC_BOUNDARY_B,7.1,7.249995231628418,0.6099993705749513,0.8681318681318682,0.026946576312184334,0.19999933242797852,-43.0,44.0,False,False
R02ZF,348,11600,STATIC_BOUNDARY_C,12.4,12.449990272521973,0.34999942779541016,0.9340659340659341,0.046129122376441956,0.1999988555908203,-45.0,45.0,True,False
R02ZF,349,11633,STATIC_BOUNDARY_A,4.9,4.9499969482421875,0.19999980926513672,0.6703296703296703,0.019735662266612053,0.14999985694885254,-42.0,42.0,True,False
R02ZF,349,11633,STATIC_BOUNDARY_B,7.1,7.299994945526123,0.5999994277954102,0.9230769230769231,0.031042417511343956,0.19999933242797852,-44.0,45.0,False,False
R02ZF,349,11633,STATIC_BOUNDARY_C,12.4,12.449990272521973,0.19999980926513672,0.9340659340659341,0.05165240913629532,0.19999980926513672,-45.0,45.0,True,False
R02ZF,350,11667,STATIC_BOUNDARY_A,4.9,4.9499969482421875,0.10000038146972656,0.7582417582417582,0.020686229690909386,0.14999985694885254,-41.0,42.0,True,False
R02ZF,350,11667,STATIC_BOUNDARY_B,7.1,7.249995231628418,0.6999988555908203,0.9560439560439561,0.031664613634347916,0.19999933242797852,-45.0,45.0,False,False
R02ZF,350,11667,STATIC_BOUNDARY_C,12.4,12.449990272521973,0.34999942779541016,0.945054945054945,0.057047054171562195,0.1999988555908203,-45.0,45.0,True,False
R02ZF,351,11700,STATIC_BOUNDARY_A,4.9,4.9499969482421875,0.05000019073486328,0.8021978021978022,0.0242520309984684,0.15000033378601074,-40.0,44.0,True,False
R02ZF,351,11700,STATIC_BOUNDARY_B,7.1,7.399994850158691,0.40999965667724625,0.978021978021978,0.0353899747133255,0.19999933242797852,-45.0,45.0,True,False
R02ZF,351,11700,STATIC_BOUNDARY_C,12.4,12.449990272521973,0.34999942779541016,0.967032967032967,0.07495103776454926,0.1999988555908203,-45.0,45.0,True,False
R02ZF,352,11733,STATIC_BOUNDARY_A,4.9,4.9499969482421875,0.4999990463256836,0.8351648351648352,0.03180311620235443,0.15000033378601074,-45.0,43.0,True,False
R02ZF,352,11733,STATIC_BOUNDARY_B,7.1,7.299994945526123,0.46499938964843734,0.967032967032967,0.04497533291578293,0.19999933242797852,-44.0,45.0,True,False
R02ZF,352,11733,STATIC_BOUNDARY_C,12.4,12.449990272521973,0.3000001907348633,0.978021978021978,0.07361940294504166,0.1999988555908203,-45.0,45.0,True,False
R02ZF,353,11767,STATIC_BOUNDARY_A,4.9,4.9499969482421875,0.6499991416931152,0.8791208791208791,0.027712564915418625,0.14999985694885254,-45.0,45.0,False,False
R02ZF,353,11767,STATIC_BOUNDARY_B,7.1,7.449995040893555,0.44999942779541013,0.978021978021978,0.04823604226112366,0.19999933242797852,-45.0,45.0,True,False
R02ZF,353,11767,STATIC_BOUNDARY_C,12.4,12.499990463256836,0.4499988555908203,0.989010989010989,0.06880015134811401,0.1999988555908203,-45.0,45.0,True,False
R02ZF,354,11800,STATIC_BOUNDARY_A,4.9,4.9499969482421875,0.6999988555908203,0.8461538461538461,0.023303527384996414,0.14999985694885254,-41.0,45.0,False,False
R02ZF,354,11800,STATIC_BOUNDARY_B,7.1,7.349994659423828,0.5499997138977051,0.9560439560439561,0.040087174624204636,0.15000009536743164,-44.0,44.0,True,False
R02ZF,354,11800,STATIC_BOUNDARY_C,12.4,12.449990272521973,0.35999946594238297,0.978021978021978,0.0530879832804203,0.1999988555908203,-45.0,45.0,True,False
R02ZF,355,11833,STATIC_BOUNDARY_A,4.9,4.9499969482421875,0.6999988555908203,0.7912087912087912,0.019436243921518326,0.14999985694885254,-44.0,44.0,False,False
R02ZF,355,11833,STATIC_BOUNDARY_B,7.1,7.299994945526123,0.4499993324279785,0.9230769230769231,0.034914661198854446,0.15000009536743164,-42.0,45.0,True,False
R02ZF,355,11833,STATIC_BOUNDARY_C,12.4,12.499990463256836,0.3000001907348633,0.978021978021978,0.05646257475018501,0.19999980926513672,-45.0,45.0,True,False
R02ZF,356,11867,STATIC_BOUNDARY_A,4.9,4.9499969482421875,0.9249987602233887,0.7252747252747253,0.019628919661045074,0.14999985694885254,-44.0,44.0,False,False
R02ZF,356,11867,STATIC_BOUNDARY_B,7.1,7.349994659423828,0.39999961853027344,0.9340659340659341,0.036736927926540375,0.19999933242797852,-45.0,45.0,True,False
R02ZF,356,11867,STATIC_BOUNDARY_C,12.4,12.499990463256836,0.2649997711181639,0.967032967032967,0.05454662814736366,0.1999988555908203,-45.0,45.0,True,False
R02ZF,357,11900,STATIC_BOUNDARY_A,4.9,4.9499969482421875,0.7999992370605469,0.6703296703296703,0.018024610355496407,0.15000033378601074,-32.0,44.0,False,False
R02ZF,357,11900,STATIC_BOUNDARY_B,7.1,7.249995231628418,0.6399990081787122,0.9340659340659341,0.03388917073607445,0.19999933242797852,-45.0,45.0,False,False
R02ZF,357,11900,STATIC_BOUNDARY_C,12.4,12.499990463256836,0.2499998092651367,0.9120879120879121,0.05122449994087219,0.1999988555908203,-44.0,45.0,True,False
R02ZF,358,11933,STATIC_BOUNDARY_A,4.9,4.9499969482421875,0.22499966621398926,0.7252747252747253,0.018550943583250046,0.15000009536743164,-43.0,45.0,True,False
R02ZF,358,11933,STATIC_BOUNDARY_B,7.1,7.299994945526123,0.4499993324279785,0.8461538461538461,0.03196484223008156,0.19999933242797852,-45.0,45.0,True,False
R02ZF,358,11933,STATIC_BOUNDARY_C,12.4,12.499990463256836,0.25,0.9230769230769231,0.04818788170814514,0.1999988555908203,-45.0,45.0,True,False
R02ZF,359,11967,STATIC_BOUNDARY_A,4.9,4.9499969482421875,0.19999980926513672,0.6813186813186813,0.0244710985571146,0.15000033378601074,-44.0,45.0,True,False
R02ZF,359,11967,STATIC_BOUNDARY_B,7.1,7.2749950885772705,0.3749997615814209,0.9230769230769231,0.03768248111009598,0.19999933242797852,-45.0,45.0,True,False
R02ZF,359,11967,STATIC_BOUNDARY_C,12.4,12.499990463256836,0.24999961853027344,0.9340659340659341,0.05593423545360565,0.1999988555908203,-45.0,45.0,True,False
R02ZF,360,12000,STATIC_BOUNDARY_A,4.9,4.9499969482421875,0.2899994850158697,0.7582417582417582,0.022939102724194527,0.15000033378601074,-43.0,40.0,True,False
R02ZF,360,12000,STATIC_BOUNDARY_B,7.1,7.299994945526123,0.5499997138977051,0.9340659340659341,0.031570710241794586,0.19999933242797852,-45.0,45.0,True,False
R02ZF,360,12000,STATIC_BOUNDARY_C,12.4,12.474990367889404,0.4249997138977051,0.967032967032967,0.05122771114110947,0.1999988555908203,-45.0,45.0,True,False
R02ZF,361,12033,STATIC_BOUNDARY_A,4.9,4.9499969482421875,0.6099993705749513,0.6593406593406593,0.02146811969578266,0.15000033378601074,-42.0,39.0,False,False
R02ZF,361,12033,STATIC_BOUNDARY_B,7.1,7.299994945526123,0.6499991416931152,0.8791208791208791,0.03410831466317177,0.19999933242797852,-45.0,44.0,False,False
R02ZF,361,12033,STATIC_BOUNDARY_C,12.4,12.449990272521973,0.34999942779541016,0.9230769230769231,0.06060507893562317,0.1999988555908203,-44.0,45.0,True,False
R02ZF,362,12067,STATIC_BOUNDARY_A,4.9,4.9499969482421875,0.5999994277954102,0.6813186813186813,0.020820286124944687,0.15000033378601074,-43.0,44.0,False,False
R02ZF,362,12067,STATIC_BOUNDARY_B,7.1,7.249995231628418,0.4499993324279785,0.8461538461538461,0.028234655037522316,0.19999933242797852,-41.0,44.0,True,False
R02ZF,362,12067,STATIC_BOUNDARY_C,12.4,12.449990272521973,0.2599990844726564,0.8681318681318682,0.04872242733836174,0.1999988555908203,-45.0,45.0,True,False
R02ZF,363,12100,STATIC_BOUNDARY_A,4.9,4.9499969482421875,0.7349989891052248,0.7032967032967034,0.021334514021873474,0.15000033378601074,-45.0,43.0,False,False
R02ZF,363,12100,STATIC_BOUNDARY_B,7.1,7.299994945526123,0.4499993324279785,0.8571428571428571,0.028795357793569565,0.15000009536743164,-43.0,44.0,True,False
R02ZF,363,12100,STATIC_BOUNDARY_C,12.4,12.449990272521973,1.0499992370605469,0.945054945054945,0.04926861822605133,0.1999988555908203,-45.0,45.0,False,False
R02ZF,364,12133,STATIC_BOUNDARY_A,4.9,4.849997520446777,0.7999992370605469,0.6813186813186813,0.022314198315143585,0.17499995231628418,-44.0,44.0,False,False
R02ZF,364,12133,STATIC_BOUNDARY_B,7.1,7.299994945526123,0.4499993324279785,0.8351648351648352,0.03232107311487198,0.19999933242797852,-41.0,44.0,True,False
R02ZF,364,12133,STATIC_BOUNDARY_C,12.4,12.39999008178711,0.5999994277954102,0.9010989010989011,0.05255567654967308,0.19999980926513672,-45.0,45.0,False,False
R02ZF,365,12167,STATIC_BOUNDARY_A,4.9,4.899997234344482,0.9499990940093994,0.7032967032967034,0.019731439650058746,0.15000009536743164,-41.0,45.0,False,False
R02ZF,365,12167,STATIC_BOUNDARY_B,7.1,7.299994945526123,0.654999160766602,0.8791208791208791,0.03314764052629471,0.19999957084655762,-45.0,45.0,False,False
R02ZF,365,12167,STATIC_BOUNDARY_C,12.4,12.449990272521973,0.8249993324279785,0.945054945054945,0.04871293902397156,0.1999988555908203,-42.0,45.0,False,False
R02ZF,366,12200,STATIC_BOUNDARY_A,4.9,4.9499969482421875,0.4499993324279785,0.7032967032967034,0.020978234708309174,0.19999957084655762,-41.0,45.0,True,False
R02ZF,366,12200,STATIC_BOUNDARY_B,7.1,7.249995231628418,0.4499993324279785,0.8681318681318682,0.030480220913887024,0.15000009536743164,-45.0,45.0,True,False
R02ZF,366,12200,STATIC_BOUNDARY_C,12.4,12.449990272521973,0.8499994277954102,0.9340659340659341,0.04433728754520416,0.1999988555908203,-45.0,45.0,False,False
R02ZF,367,12233,STATIC_BOUNDARY_A,4.9,4.9499969482421875,0.6499991416931152,0.6813186813186813,0.024481363594532013,0.19999957084655762,-44.0,45.0,False,False
R02ZF,367,12233,STATIC_BOUNDARY_B,7.1,7.399994850158691,0.5849993705749513,0.8131868131868132,0.033474400639534,0.19999933242797852,-45.0,45.0,False,False
R02ZF,367,12233,STATIC_BOUNDARY_C,12.4,12.449990272521973,0.5999994277954102,0.945054945054945,0.04764368012547493,0.1999988555908203,-44.0,45.0,False,False
R02ZF,368,12267,STATIC_BOUNDARY_A,4.9,4.899997234344482,0.5599994659423837,0.7582417582417582,0.02754754014313221,0.19999957084655762,-42.0,45.0,False,False
R02ZF,368,12267,STATIC_BOUNDARY_B,7.1,7.299994945526123,0.5149995803833006,0.8571428571428571,0.03941131383180618,0.19999933242797852,-45.0,45.0,True,False
R02ZF,368,12267,STATIC_BOUNDARY_C,12.4,12.499990463256836,0.2999992370605469,0.9560439560439561,0.04620081186294556,0.1999988555908203,-45.0,45.0,True,False
R02ZF,369,12300,STATIC_BOUNDARY_A,4.9,4.9499969482421875,0.6099995613098153,0.7582417582417582,0.023828307166695595,0.19999957084655762,-45.0,45.0,False,False
R02ZF,369,12300,STATIC_BOUNDARY_B,7.1,7.399994850158691,0.5499992370605469,0.8351648351648352,0.04433438181877136,0.19999933242797852,-45.0,45.0,True,False
R02ZF,369,12300,STATIC_BOUNDARY_C,12.4,12.499990463256836,0.4499988555908203,0.9230769230769231,0.05630609393119812,0.1999988555908203,-45.0,45.0,True,False
R02ZF,370,12333,STATIC_BOUNDARY_A,4.9,4.9499969482421875,0.24499955177307123,0.6813186813186813,0.022875159978866577,0.15000033378601074,-43.0,41.0,True,False
R02ZF,370,12333,STATIC_BOUNDARY_B,7.1,7.37499475479126,0.5249996185302734,0.8351648351648352,0.04673251882195473,0.19999933242797852,-45.0,44.0,True,False
R02ZF,370,12333,STATIC_BOUNDARY_C,12.4,12.449990272521973,0.5499999046325683,0.9230769230769231,0.05497676879167557,0.1999988555908203,-45.0,45.0,True,False
R02ZF,371,12367,STATIC_BOUNDARY_A,4.9,4.9499969482421875,0.16499967575073263,0.5274725274725275,0.023403868079185486,0.14999985694885254,-45.0,45.0,True,False
R02ZF,371,12367,STATIC_BOUNDARY_B,7.1,7.449995040893555,0.41499953269958517,0.7472527472527473,0.04232840985059738,0.19999933242797852,-45.0,45.0,True,False
R02ZF,371,12367,STATIC_BOUNDARY_C,12.4,12.39999008178711,0.5499992370605469,0.8461538461538461,0.05164957046508789,0.1999988555908203,-45.0,45.0,True,False
R02ZF,372,12400,STATIC_BOUNDARY_A,4.9,4.9499969482421875,0.5499992370605469,0.6263736263736264,0.0218814667314291,0.15000033378601074,-44.0,45.0,True,False
R02ZF,372,12400,STATIC_BOUNDARY_B,7.1,7.249995231628418,0.5,0.8461538461538461,0.029175089672207832,0.19999933242797852,-45.0,45.0,True,False
R02ZF,372,12400,STATIC_BOUNDARY_C,12.4,12.499990463256836,0.34999942779541016,0.8021978021978022,0.04248920828104019,0.1999988555908203,-45.0,45.0,True,False
R02ZF,373,12433,STATIC_BOUNDARY_A,4.9,4.9499969482421875,0.849998950958252,0.4945054945054945,0.017221644520759583,0.15000033378601074,-34.0,45.0,False,False
R02ZF,373,12433,STATIC_BOUNDARY_B,7.1,7.299994945526123,0.4199995040893554,0.7362637362637363,0.030975239351391792,0.19999933242797852,-45.0,44.0,True,False
R02ZF,373,12433,STATIC_BOUNDARY_C,12.4,12.449990272521973,0.5499992370605469,0.7582417582417582,0.04467960074543953,0.1999988555908203,-38.0,45.0,True,False
R02ZF,374,12467,STATIC_BOUNDARY_A,4.9,4.9499969482421875,0.9849988222122193,0.5934065934065934,0.01951109990477562,0.15000033378601074,-43.0,44.0,False,False
R02ZF,374,12467,STATIC_BOUNDARY_B,7.1,7.349994659423828,0.5999994277954102,0.7802197802197802,0.027496367692947388,0.19999933242797852,-45.0,44.0,False,False
R02ZF,374,12467,STATIC_BOUNDARY_C,12.4,12.349989891052246,0.5500001907348633,0.8901098901098901,0.03406798094511032,0.1999988555908203,-45.0,45.0,False,False
R02ZF,375,12500,STATIC_BOUNDARY_A,4.9,4.924997091293335,0.974998950958252,0.6373626373626373,0.018589023500680923,0.15000033378601074,-42.0,45.0,False,False
R02ZF,375,12500,STATIC_BOUNDARY_B,7.1,7.349994659423828,0.6499996185302734,0.7802197802197802,0.02828441932797432,0.19999933242797852,-45.0,45.0,False,False
R02ZF,375,12500,STATIC_BOUNDARY_C,12.4,12.349989891052246,0.6699987411499027,0.8461538461538461,0.03460550308227539,0.1999988555908203,-44.0,45.0,False,False
R02ZF,376,12533,STATIC_BOUNDARY_A,4.9,4.699997425079346,0.7399992942810057,0.6263736263736264,0.024795789271593094,0.15000009536743164,-45.0,44.0,False,False
R02ZF,376,12533,STATIC_BOUNDARY_B,7.1,7.349994659423828,0.6499996185302734,0.8571428571428571,0.025032859295606613,0.19999933242797852,-45.0,44.0,False,False
R02ZF,376,12533,STATIC_BOUNDARY_C,12.4,12.39999008178711,0.5,0.8461538461538461,0.03230862691998482,0.1999988555908203,-44.0,45.0,True,False
R02ZF,377,12567,STATIC_BOUNDARY_A,4.9,4.499997615814209,0.549999475479126,0.6373626373626373,0.02691507525742054,0.17499995231628418,-33.0,45.0,True,False
R02ZF,377,12567,STATIC_BOUNDARY_B,7.1,7.49999475479126,0.5199995994567871,0.7362637362637363,0.037295226007699966,0.19999980926513672,-45.0,45.0,True,False
R02ZF,377,12567,STATIC_BOUNDARY_C,12.4,12.499990463256836,0.6999988555908203,0.8351648351648352,0.03613504022359848,0.1999988555908203,-44.0,45.0,False,False
R02ZF,378,12600,STATIC_BOUNDARY_A,4.9,4.3499977588653564,0.6249992847442627,0.7252747252747253,0.02263181284070015,0.15000033378601074,-45.0,45.0,False,False
R02ZF,378,12600,STATIC_BOUNDARY_B,7.1,7.49999475479126,0.5499997138977051,0.7582417582417582,0.034501396119594574,0.19999933242797852,-45.0,45.0,True,False
R02ZF,378,12600,STATIC_BOUNDARY_C,12.4,12.52499008178711,0.7249994277954102,0.9010989010989011,0.03369270637631416,0.1999988555908203,-44.0,45.0,False,False
R02ZF,379,12633,STATIC_BOUNDARY_A,4.9,4.199997901916504,0.7499990463256836,0.7252747252747253,0.024721145629882812,0.15000033378601074,-45.0,44.0,False,False
R02ZF,379,12633,STATIC_BOUNDARY_B,7.1,7.449995040893555,0.7499990463256836,0.8571428571428571,0.025748835876584053,0.19999933242797852,-45.0,45.0,False,False
R02ZF,379,12633,STATIC_BOUNDARY_C,12.4,12.349989891052246,1.029998397827148,0.9120879120879121,0.037411242723464966,0.1999988555908203,-45.0,45.0,False,False
R02ZF,380,12667,STATIC_BOUNDARY_A,4.9,4.199997901916504,0.7499990463256836,0.6703296703296703,0.03976808488368988,0.15000033378601074,-41.0,45.0,False,False
R02ZF,380,12667,STATIC_BOUNDARY_B,7.1,7.49999475479126,0.5499997138977051,0.6593406593406593,0.02432071417570114,0.15000009536743164,-43.0,44.0,True,False
R02ZF,380,12667,STATIC_BOUNDARY_C,12.4,12.349989891052246,0.6999988555908203,0.8131868131868132,0.033251963555812836,0.1999988555908203,-45.0,45.0,False,False
R02ZF,381,12700,STATIC_BOUNDARY_A,4.9,4.549997329711914,0.5999993324279785,0.7142857142857143,0.03510540351271629,0.19999957084655762,-42.0,45.0,False,False
R02ZF,381,12700,STATIC_BOUNDARY_B,7.1,7.599994659423828,0.4499998092651367,0.6813186813186813,0.024668361991643906,0.19999933242797852,-42.0,45.0,True,False
R02ZF,381,12700,STATIC_BOUNDARY_C,12.4,12.499990463256836,0.4999999999999993,0.8021978021978022,0.027171121910214424,0.1999988555908203,-44.0,45.0,True,False
R02ZF,382,12733,STATIC_BOUNDARY_A,4.9,4.749997138977051,0.7199995040893554,0.7362637362637363,0.031996287405490875,0.15000033378601074,-44.0,43.0,False,False
R02ZF,382,12733,STATIC_BOUNDARY_B,7.1,7.549994468688965,0.5,0.7472527472527473,0.026013921946287155,0.15000009536743164,-43.0,45.0,True,False
R02ZF,382,12733,STATIC_BOUNDARY_C,12.4,12.499990463256836,0.649998950958252,0.8571428571428571,0.02729351818561554,0.1999988555908203,-45.0,45.0,False,False
R02ZF,383,12767,STATIC_BOUNDARY_A,4.9,4.849997520446777,0.6999998092651367,0.7032967032967034,0.029607269912958145,0.19999957084655762,-40.0,45.0,False,False
R02ZF,383,12767,STATIC_BOUNDARY_B,7.1,7.599994659423828,0.5,0.6813186813186813,0.02473718300461769,0.15000009536743164,-43.0,45.0,True,False
R02ZF,383,12767,STATIC_BOUNDARY_C,12.4,12.499990463256836,0.5500001907348633,0.8131868131868132,0.0267470832914114,0.1999988555908203,-45.0,45.0,False,False
R02ZF,384,12800,STATIC_BOUNDARY_A,4.9,4.799997329711914,0.6999993324279785,0.7362637362637363,0.03428248316049576,0.19999957084655762,-43.0,43.0,False,False
R02ZF,384,12800,STATIC_BOUNDARY_B,7.1,7.249995231628418,0.8499994277954102,0.7582417582417582,0.02274012193083763,0.15000009536743164,-45.0,45.0,False,False
R02ZF,384,12800,STATIC_BOUNDARY_C,12.4,12.449990272521973,0.8199995040893551,0.9120879120879121,0.028779879212379456,0.1999988555908203,-45.0,45.0,False,False
R02ZF,385,12833,STATIC_BOUNDARY_A,4.9,4.699997425079346,0.7499992847442627,0.7802197802197802,0.03163560852408409,0.19999957084655762,-42.0,41.0,False,False
R02ZF,385,12833,STATIC_BOUNDARY_B,7.1,7.599994659423828,0.5599992752075197,0.5384615384615384,0.026865383610129356,0.15000009536743164,-43.0,45.0,False,False
R02ZF,385,12833,STATIC_BOUNDARY_C,12.4,12.324989795684814,0.7749991416931152,0.8131868131868132,0.02138986624777317,0.1999988555908203,-44.0,45.0,False,False
R02ZF,386,12867,STATIC_BOUNDARY_A,4.9,4.374997615814209,0.5249996185302734,0.8351648351648352,0.04597929120063782,0.19999957084655762,-45.0,42.0,True,False
R02ZF,386,12867,STATIC_BOUNDARY_B,7.1,7.49999475479126,0.5249996185302734,0.6153846153846154,0.021471966058015823,0.15000009536743164,-45.0,45.0,True,False
R02ZF,386,12867,STATIC_BOUNDARY_C,12.4,12.449990272521973,0.3699995040893558,0.7582417582417582,0.026158703491091728,0.14999961853027344,-42.0,44.0,True,False
R02ZF,387,12900,STATIC_BOUNDARY_A,4.9,4.199997901916504,0.6499996185302734,0.8901098901098901,0.05394010990858078,0.19999980926513672,-42.0,44.0,False,False
R02ZF,387,12900,STATIC_BOUNDARY_B,7.1,7.399994850158691,0.7999992370605469,0.6263736263736264,0.021175729110836983,0.15000009536743164,-45.0,45.0,False,False
R02ZF,387,12900,STATIC_BOUNDARY_C,12.4,12.349989891052246,0.5999994277954102,0.7802197802197802,0.025601577013731003,0.1999988555908203,-45.0,45.0,False,False
R02ZF,388,12933,STATIC_BOUNDARY_A,4.9,4.174997806549072,0.5749993324279785,0.9010989010989011,0.06800520420074463,0.19999992847442627,-43.0,45.0,False,False
R02ZF,388,12933,STATIC_BOUNDARY_B,7.1,7.349994659423828,0.4999998092651367,0.6923076923076923,0.021583253517746925,0.19999933242797852,-45.0,45.0,True,False
R02ZF,388,12933,STATIC_BOUNDARY_C,12.4,12.39999008178711,0.6199995040893558,0.8461538461538461,0.019717946648597717,0.1999988555908203,-45.0,45.0,False,False
R02ZF,389,12967,STATIC_BOUNDARY_A,4.9,4.199997901916504,0.5999994277954102,0.9230769230769231,0.07588738203048706,0.19999980926513672,-45.0,45.0,False,False
R02ZF,389,12967,STATIC_BOUNDARY_B,7.1,7.349994659423828,0.6999998092651367,0.6703296703296703,0.02591261826455593,0.19999933242797852,-45.0,45.0,False,False
R02ZF,389,12967,STATIC_BOUNDARY_C,12.4,12.449990272521973,0.6499996185302734,0.8131868131868132,0.022773131728172302,0.1999988555908203,-44.0,45.0,False,False
R02ZF,390,13000,STATIC_BOUNDARY_A,4.9,4.199997901916504,0.6099992752075204,0.9560439560439561,0.08119802922010422,0.20000004768371582,-45.0,45.0,False,False
R02ZF,390,13000,STATIC_BOUNDARY_B,7.1,7.349994659423828,0.5499992370605469,0.7912087912087912,0.026534952223300934,0.19999933242797852,-45.0,45.0,True,False
R02ZF,390,13000,STATIC_BOUNDARY_C,12.4,12.499990463256836,0.4249992370605469,0.8351648351648352,0.021749965846538544,0.17499923706054688,-45.0,45.0,True,False
R02ZF,391,13033,STATIC_BOUNDARY_A,4.9,4.199997901916504,0.4999995231628418,0.9120879120879121,0.0728721022605896,0.20000004768371582,-41.0,45.0,True,False
R02ZF,391,13033,STATIC_BOUNDARY_B,7.1,7.274994850158691,0.7749996185302734,0.7692307692307693,0.023930206894874573,0.19999933242797852,-45.0,45.0,False,False
R02ZF,391,13033,STATIC_BOUNDARY_C,12.4,12.449990272521973,0.5500001907348633,0.7142857142857143,0.020000889897346497,0.1999988555908203,-45.0,42.0,False,False
R02ZF,392,13067,STATIC_BOUNDARY_A,4.9,4.199997901916504,0.39999961853027344,0.8571428571428571,0.07506158947944641,0.20000004768371582,-39.0,45.0,True,False
R02ZF,392,13067,STATIC_BOUNDARY_B,7.1,7.349994659423828,0.8499994277954102,0.7802197802197802,0.024434983730316162,0.19999933242797852,-45.0,45.0,False,False
R02ZF,392,13067,STATIC_BOUNDARY_C,12.4,12.499990463256836,0.7549999237060547,0.7692307692307693,0.018639881163835526,0.1999988555908203,-45.0,44.0,False,False
R02ZF,393,13100,STATIC_BOUNDARY_A,4.9,4.199997901916504,0.5199995040893558,0.8681318681318682,0.07167693227529526,0.2499997615814209,-40.0,45.0,True,False
R02ZF,393,13100,STATIC_BOUNDARY_B,7.1,7.249995231628418,0.8399993896484373,0.8021978021978022,0.025141596794128418,0.19999980926513672,-45.0,45.0,False,False
R02ZF,393,13100,STATIC_BOUNDARY_C,12.4,12.549989700317383,0.8699995994567867,0.6813186813186813,0.018954118713736534,0.14999961853027344,-44.0,45.0,False,False
R02ZF,394,13133,STATIC_BOUNDARY_A,4.9,4.2249979972839355,0.6749992370605469,0.8131868131868132,0.07602408528327942,0.24999964237213135,-42.0,45.0,False,False
R02ZF,394,13133,STATIC_BOUNDARY_B,7.1,7.549994468688965,1.1699987411499027,0.8461538461538461,0.021641254425048828,0.19999933242797852,-45.0,45.0,False,False
R02ZF,394,13133,STATIC_BOUNDARY_C,12.4,12.549989700317383,0.8299993515014653,0.8241758241758241,0.017568599432706833,0.14999961853027344,-45.0,45.0,False,False
R02ZF,395,13167,STATIC_BOUNDARY_A,4.9,4.449997901916504,0.4499995708465576,0.8351648351648352,0.06326189637184143,0.20000004768371582,-41.0,45.0,True,False
R02ZF,395,13167,STATIC_BOUNDARY_B,7.1,7.199995040893555,0.879999256134033,0.8571428571428571,0.029113974422216415,0.19999933242797852,-45.0,45.0,False,False
R02ZF,395,13167,STATIC_BOUNDARY_C,12.4,12.499990463256836,0.724998950958252,0.6153846153846154,0.02051151543855667,0.17499923706054688,-45.0,45.0,False,False
R02ZF,396,13200,STATIC_BOUNDARY_A,4.9,4.549997329711914,0.8049993276596074,0.8131868131868132,0.04591475427150726,0.19999992847442627,-45.0,45.0,False,False
R02ZF,396,13200,STATIC_BOUNDARY_B,7.1,7.349994659423828,0.6499996185302734,0.8901098901098901,0.02920774184167385,0.19999933242797852,-45.0,45.0,False,False
R02ZF,396,13200,STATIC_BOUNDARY_C,12.4,12.499990463256836,0.6699996948242191,0.8681318681318682,0.017602140083909035,0.14999961853027344,-45.0,45.0,False,False
R02ZF,397,13233,STATIC_BOUNDARY_A,4.9,4.599997520446777,0.7499992847442627,0.8571428571428571,0.03960021585226059,0.19999957084655762,-45.0,45.0,False,False
R02ZF,397,13233,STATIC_BOUNDARY_B,7.1,7.449995040893555,0.7299996376037595,0.8571428571428571,0.03095177747309208,0.19999933242797852,-45.0,45.0,False,False
R02ZF,397,13233,STATIC_BOUNDARY_C,12.4,12.449990272521973,0.7999992370605469,0.7802197802197802,0.019088413566350937,0.1999988555908203,-45.0,44.0,False,False
R02ZF,398,13267,STATIC_BOUNDARY_A,4.9,4.4749977588653564,0.6249995231628418,0.8791208791208791,0.04600930213928223,0.19999957084655762,-45.0,45.0,False,False
R02ZF,398,13267,STATIC_BOUNDARY_B,7.1,7.399994850158691,0.6599995613098146,0.978021978021978,0.03745248541235924,0.19999933242797852,-45.0,45.0,False,False
R02ZF,398,13267,STATIC_BOUNDARY_C,12.4,12.499990463256836,0.649998664855957,0.7582417582417582,0.01722853071987629,0.1999988555908203,-45.0,44.0,False,False
R02ZF,399,13300,STATIC_BOUNDARY_A,4.9,4.549997329711914,0.7649995326995862,0.8791208791208791,0.04631098732352257,0.14999985694885254,-45.0,45.0,False,False
R02ZF,399,13300,STATIC_BOUNDARY_B,7.1,7.474994897842407,0.6949995517730716,0.9230769230769231,0.03394371271133423,0.19999980926513672,-45.0,45.0,False,False
R02ZF,399,13300,STATIC_BOUNDARY_C,12.4,12.499990463256836,0.9499988555908203,0.6703296703296703,0.023474199697375298,0.1999988555908203,-45.0,45.0,False,False
R02ZF,400,13333,STATIC_BOUNDARY_A,4.9,4.399997711181641,1.099998950958252,0.8021978021978022,0.03503090888261795,0.14999985694885254,-45.0,45.0,False,False
R02ZF,400,13333,STATIC_BOUNDARY_B,7.1,7.549994468688965,0.5149991035461424,0.8571428571428571,0.031550332903862,0.19999933242797852,-45.0,45.0,True,False
R02ZF,400,13333,STATIC_BOUNDARY_C,12.4,12.499990463256836,0.5999984741210938,0.7802197802197802,0.018935007974505424,0.14999961853027344,-45.0,44.0,False,False
R02ZF,401,13367,STATIC_BOUNDARY_A,4.9,4.399997711181641,1.099998950958252,0.8461538461538461,0.02477455884218216,0.14999985694885254,-45.0,45.0,False,False
R02ZF,401,13367,STATIC_BOUNDARY_B,7.1,7.549994468688965,0.4999990463256836,0.8571428571428571,0.028182566165924072,0.19999933242797852,-45.0,45.0,True,False
R02ZF,401,13367,STATIC_BOUNDARY_C,12.4,12.499990463256836,1.3949982643127452,0.4835164835164835,0.029440948739647865,0.1999988555908203,-44.0,43.0,False,False
R02ZF,402,13400,STATIC_BOUNDARY_A,4.9,4.599997520446777,0.9499988555908203,0.4725274725274725,0.037023428827524185,0.14999985694885254,-30.0,25.0,False,False
R02ZF,402,13400,STATIC_BOUNDARY_B,7.1,7.724994421005249,0.5749995708465576,0.46153846153846156,0.021393876522779465,0.15000009536743164,-44.0,19.0,False,False
R02ZF,402,13400,STATIC_BOUNDARY_C,12.4,12.499990463256836,0.25,0.34065934065934067,0.035733867436647415,0.1999988555908203,-44.0,42.0,False,False
R02ZF,403,13433,STATIC_BOUNDARY_A,4.9,4.449997901916504,1.0499987602233887,0.6043956043956044,0.028590664267539978,0.19999957084655762,-28.0,31.0,False,False
R02ZF,403,13433,STATIC_BOUNDARY_B,7.1,7.649994850158691,0.5499997138977051,0.5934065934065934,0.024483289569616318,0.15000009536743164,-43.0,21.0,True,False
R02ZF,403,13433,STATIC_BOUNDARY_C,12.4,12.499990463256836,0.2700004577636729,0.42857142857142855,0.034609731286764145,0.1999988555908203,-44.0,38.0,False,False
R02ZF,404,13467,STATIC_BOUNDARY_A,4.9,4.499997615814209,0.6499993801116943,0.5934065934065934,0.018309082835912704,0.14999985694885254,-35.0,30.0,False,False
R02ZF,404,13467,STATIC_BOUNDARY_B,7.1,7.649994850158691,0.5499997138977051,0.6153846153846154,0.024640344083309174,0.19999933242797852,-43.0,22.0,True,False
R02ZF,404,13467,STATIC_BOUNDARY_C,12.4,12.499990463256836,0.34500036239624016,0.46153846153846156,0.033083926886320114,0.1999988555908203,-43.0,43.0,True,False
R02ZF,405,13500,STATIC_BOUNDARY_A,4.9,4.724997520446777,0.8749992847442627,0.5714285714285714,0.019646231085062027,0.15000009536743164,-29.0,45.0,False,False
R02ZF,405,13500,STATIC_BOUNDARY_B,7.1,7.549994468688965,0.5099990844726564,0.6483516483516484,0.024182423949241638,0.15000009536743164,-42.0,23.0,True,False
R02ZF,405,13500,STATIC_BOUNDARY_C,12.4,12.499990463256836,0.4499988555908203,0.43956043956043955,0.03962194174528122,0.1999988555908203,-43.0,38.0,False,False
R02ZF,406,13533,STATIC_BOUNDARY_A,4.9,4.899997234344482,1.0499989986419678,0.7252747252747253,0.019251598045229912,0.14999985694885254,-45.0,44.0,False,False
R02ZF,406,13533,STATIC_BOUNDARY_B,7.1,7.174994945526123,0.5749993324279785,0.7912087912087912,0.02434290573000908,0.15000009536743164,-45.0,44.0,False,False
R02ZF,406,13533,STATIC_BOUNDARY_C,12.4,12.449990272521973,0.5299991607666013,0.8571428571428571,0.022248581051826477,0.1999988555908203,-45.0,42.0,True,False
R02ZF,407,13567,STATIC_BOUNDARY_A,4.9,4.9499969482421875,0.7649991035461428,0.6373626373626373,0.021437976509332657,0.14999985694885254,-35.0,44.0,False,False
R02ZF,407,13567,STATIC_BOUNDARY_B,7.1,7.49999475479126,0.4999995231628418,0.7692307692307693,0.029085930436849594,0.19999933242797852,-43.0,43.0,True,False
R02ZF,407,13567,STATIC_BOUNDARY_C,12.4,12.449990272521973,0.7749998092651378,0.7472527472527473,0.03705749660730362,0.1999988555908203,-43.0,45.0,False,False
R02ZF,408,13600,STATIC_BOUNDARY_A,4.9,4.899997234344482,0.6499991416931152,0.7692307692307693,0.02396022528409958,0.14999985694885254,-45.0,45.0,False,False
R02ZF,408,13600,STATIC_BOUNDARY_B,7.1,7.249995231628418,0.5999994277954102,0.9120879120879121,0.042534735053777695,0.19999933242797852,-45.0,45.0,False,False
R02ZF,408,13600,STATIC_BOUNDARY_C,12.4,12.39999008178711,0.39999961853027344,0.9230769230769231,0.04011308401823044,0.1999988555908203,-45.0,45.0,True,False
R02ZF,409,13633,STATIC_BOUNDARY_A,4.9,4.9499969482421875,0.5699993133544922,0.6263736263736264,0.023038504645228386,0.14999985694885254,-45.0,45.0,False,False
R02ZF,409,13633,STATIC_BOUNDARY_B,7.1,7.399994850158691,0.5499992370605469,0.8571428571428571,0.04165825992822647,0.19999933242797852,-42.0,45.0,True,False
R02ZF,409,13633,STATIC_BOUNDARY_C,12.4,12.349989891052246,0.5499992370605469,0.8901098901098901,0.03616929426789284,0.1999988555908203,-45.0,45.0,True,False
R02ZF,410,13667,STATIC_BOUNDARY_A,4.9,4.9499969482421875,0.3749995231628418,0.6153846153846154,0.02454187348484993,0.14999985694885254,-40.0,45.0,True,False
R02ZF,410,13667,STATIC_BOUNDARY_B,7.1,7.224995136260986,0.6399994850158705,0.8791208791208791,0.04156468063592911,0.19999933242797852,-44.0,45.0,False,False
R02ZF,410,13667,STATIC_BOUNDARY_C,12.4,12.449990272521973,0.649998664855957,0.8791208791208791,0.043117985129356384,0.1999988555908203,-45.0,44.0,False,False
R02ZF,411,13700,STATIC_BOUNDARY_A,4.9,4.9499969482421875,0.4299994468688966,0.7142857142857143,0.02441003918647766,0.14999985694885254,-44.0,42.0,True,False
R02ZF,411,13700,STATIC_BOUNDARY_B,7.1,7.449995040893555,0.4499993324279785,0.9010989010989011,0.04376901686191559,0.19999933242797852,-45.0,45.0,True,False
R02ZF,411,13700,STATIC_BOUNDARY_C,12.4,12.449990272521973,0.7999992370605469,0.9340659340659341,0.03930284455418587,0.1999988555908203,-45.0,43.0,False,False
R02ZF,412,13733,STATIC_BOUNDARY_A,4.9,4.9499969482421875,0.7399990081787108,0.8021978021978022,0.02471628040075302,0.14999985694885254,-44.0,45.0,False,False
R02ZF,412,13733,STATIC_BOUNDARY_B,7.1,7.374994993209839,0.6249992847442627,0.8791208791208791,0.048411350697278976,0.17499971389770508,-45.0,44.0,False,False
R02ZF,412,13733,STATIC_BOUNDARY_C,12.4,12.39999008178711,0.7949992179870601,0.967032967032967,0.043486714363098145,0.1999988555908203,-45.0,45.0,False,False
R02ZF,413,13767,STATIC_BOUNDARY_A,4.9,4.899997234344482,0.734999465942383,0.8131868131868132,0.024464137852191925,0.14999985694885254,-44.0,43.0,False,False
R02ZF,413,13767,STATIC_BOUNDARY_B,7.1,7.299994945526123,0.4499993324279785,0.8901098901098901,0.04592270031571388,0.19999933242797852,-44.0,45.0,True,False
R02ZF,413,13767,STATIC_BOUNDARY_C,12.4,12.39999008178711,0.4499998092651367,0.967032967032967,0.04876554012298584,0.1999988555908203,-45.0,45.0,True,False
R02ZF,414,13800,STATIC_BOUNDARY_A,4.9,4.899997234344482,0.6499991416931152,0.8021978021978022,0.024768291041254997,0.14999985694885254,-45.0,40.0,False,False
R02ZF,414,13800,STATIC_BOUNDARY_B,7.1,7.249995231628418,0.4999990463256836,0.8461538461538461,0.046556539833545685,0.19999933242797852,-45.0,42.0,True,False
R02ZF,414,13800,STATIC_BOUNDARY_C,12.4,12.39999008178711,0.4499998092651367,0.9340659340659341,0.049359098076820374,0.1999988555908203,-45.0,45.0,True,False
R02ZF,415,13833,STATIC_BOUNDARY_A,4.9,4.9499969482421875,0.7499990463256836,0.7582417582417582,0.02241404913365841,0.14999985694885254,-45.0,44.0,False,False
R02ZF,415,13833,STATIC_BOUNDARY_B,7.1,7.199995040893555,0.5499992370605469,0.8791208791208791,0.04162628948688507,0.15000009536743164,-45.0,45.0,True,False
R02ZF,415,13833,STATIC_BOUNDARY_C,12.4,12.39999008178711,0.5,0.9120879120879121,0.05322376266121864,0.1999988555908203,-45.0,45.0,True,False
R02ZF,416,13867,STATIC_BOUNDARY_A,4.9,4.899997234344482,0.6999993324279785,0.8131868131868132,0.022594191133975983,0.14999985694885254,-45.0,45.0,False,False
R02ZF,416,13867,STATIC_BOUNDARY_B,7.1,7.249995231628418,0.6849997520446786,0.9010989010989011,0.03852072358131409,0.17499971389770508,-45.0,44.0,False,False
R02ZF,416,13867,STATIC_BOUNDARY_C,12.4,12.349989891052246,0.3000001907348633,0.9120879120879121,0.04664944112300873,0.1999988555908203,-45.0,44.0,True,False
R02ZF,417,13900,STATIC_BOUNDARY_A,4.9,4.9499969482421875,0.7499990463256836,0.7032967032967034,0.021221790462732315,0.14999985694885254,-45.0,45.0,False,False
R02ZF,417,13900,STATIC_BOUNDARY_B,7.1,7.37499475479126,0.4249997138977051,0.9010989010989011,0.03731311112642288,0.19999933242797852,-45.0,45.0,True,False
R02ZF,417,13900,STATIC_BOUNDARY_C,12.4,12.424990177154541,0.6099995613098153,0.9010989010989011,0.051186300814151764,0.1999988555908203,-45.0,45.0,False,False
R02ZF,418,13933,STATIC_BOUNDARY_A,4.9,4.899997234344482,0.5999994277954102,0.6703296703296703,0.02041889913380146,0.14999985694885254,-45.0,45.0,False,False
R02ZF,418,13933,STATIC_BOUNDARY_B,7.1,7.249995231628418,0.5499992370605469,0.8791208791208791,0.039113108068704605,0.19999933242797852,-44.0,45.0,True,False
R02ZF,418,13933,STATIC_BOUNDARY_C,12.4,12.39999008178711,0.3899995803833006,0.9120879120879121,0.04807175695896149,0.1999988555908203,-45.0,45.0,True,False
R02ZF,419,13967,STATIC_BOUNDARY_A,4.9,4.9499969482421875,0.6499991416931152,0.6153846153846154,0.021227877587080002,0.15000009536743164,-44.0,44.0,False,False
R02ZF,419,13967,STATIC_BOUNDARY_B,7.1,7.199995040893555,0.6449995994567874,0.9010989010989011,0.03847076743841171,0.19999933242797852,-44.0,43.0,False,False
R02ZF,419,13967,STATIC_BOUNDARY_C,12.4,12.449990272521973,0.24999942779541015,0.9560439560439561,0.039340440183877945,0.1999988555908203,-45.0,45.0,True,False
R02ZF,420,14000,STATIC_BOUNDARY_A,4.9,4.9499969482421875,0.4999990463256836,0.6813186813186813,0.020111793652176857,0.14999985694885254,-45.0,45.0,True,False
R02ZF,420,14000,STATIC_BOUNDARY_B,7.1,7.199995040893555,0.6499996185302734,0.9230769230769231,0.039246104657649994,0.19999933242797852,-44.0,42.0,False,False
R02ZF,420,14000,STATIC_BOUNDARY_C,12.4,12.39999008178711,0.4499998092651367,1.0,0.04159761592745781,0.1999988555908203,-45.0,45.0,True,False
R02ZF,421,14033,STATIC_BOUNDARY_A,4.9,4.9499969482421875,0.494999074935913,0.6813186813186813,0.021560415625572205,0.14999985694885254,-45.0,44.0,True,False
R02ZF,421,14033,STATIC_BOUNDARY_B,7.1,7.249995231628418,0.6149993419647215,0.967032967032967,0.03907795250415802,0.19999933242797852,-44.0,44.0,False,False
R02ZF,421,14033,STATIC_BOUNDARY_C,12.4,12.449990272521973,0.25,0.945054945054945,0.049367643892765045,0.1999988555908203,-45.0,44.0,True,False
R02ZF,422,14067,STATIC_BOUNDARY_A,4.9,4.9499969482421875,0.6349992275238039,0.7032967032967034,0.023338912054896355,0.14999985694885254,-43.0,43.0,False,False
R02ZF,422,14067,STATIC_BOUNDARY_B,7.1,7.249995231628418,0.5499992370605469,0.9560439560439561,0.038642480969429016,0.15000009536743164,-44.0,45.0,True,False
R02ZF,422,14067,STATIC_BOUNDARY_C,12.4,12.449990272521973,0.34999942779541016,0.9340659340659341,0.03695244714617729,0.1999988555908203,-45.0,45.0,True,False
R02ZF,423,14100,STATIC_BOUNDARY_A,4.9,4.9499969482421875,0.7999992370605469,0.7692307692307693,0.016242772340774536,0.14999985694885254,-43.0,45.0,False,False
R02ZF,423,14100,STATIC_BOUNDARY_B,7.1,7.324995040893555,0.6749992370605469,0.967032967032967,0.03341216966509819,0.17499971389770508,-45.0,45.0,False,False
R02ZF,423,14100,STATIC_BOUNDARY_C,12.4,12.449990272521973,0.39999961853027344,0.9120879120879121,0.04281187802553177,0.1999988555908203,-45.0,45.0,True,False
R02ZF,424,14133,STATIC_BOUNDARY_A,4.9,4.849997520446777,0.6999998092651367,0.7032967032967034,0.018962863832712173,0.14999985694885254,-43.0,41.0,False,False
R02ZF,424,14133,STATIC_BOUNDARY_B,7.1,7.249995231628418,0.4999990463256836,0.967032967032967,0.035099565982818604,0.19999933242797852,-45.0,45.0,True,False
R02ZF,424,14133,STATIC_BOUNDARY_C,12.4,12.449990272521973,0.39999961853027344,0.9340659340659341,0.04248710721731186,0.1999988555908203,-45.0,45.0,True,False
R02ZF,425,14167,STATIC_BOUNDARY_A,4.9,4.899997234344482,0.8399990081787108,0.7912087912087912,0.021670108661055565,0.14999985694885254,-43.0,44.0,False,False
R02ZF,425,14167,STATIC_BOUNDARY_B,7.1,7.299994945526123,0.6999993324279785,0.9340659340659341,0.03463621437549591,0.19999933242797852,-45.0,45.0,False,False
R02ZF,425,14167,STATIC_BOUNDARY_C,12.4,12.474990367889404,0.3749995231628418,0.967032967032967,0.04389246925711632,0.1999988555908203,-45.0,45.0,True,False
R02ZF,426,14200,STATIC_BOUNDARY_A,4.9,4.899997234344482,0.7499995231628418,0.7802197802197802,0.021225376054644585,0.14999985694885254,-43.0,45.0,False,False
R02ZF,426,14200,STATIC_BOUNDARY_B,7.1,7.249995231628418,0.4499993324279785,0.9230769230769231,0.03685561940073967,0.19999933242797852,-43.0,45.0,True,False
R02ZF,426,14200,STATIC_BOUNDARY_C,12.4,12.449990272521973,0.3000001907348633,0.9230769230769231,0.037500567734241486,0.1999988555908203,-45.0,45.0,True,False
R02ZF,427,14233,STATIC_BOUNDARY_A,4.9,4.9499969482421875,0.6499991416931152,0.8021978021978022,0.021691758185625076,0.14999985694885254,-43.0,45.0,False,False
R02ZF,427,14233,STATIC_BOUNDARY_B,7.1,7.399994850158691,0.41499967575073227,0.967032967032967,0.03651386499404907,0.19999933242797852,-45.0,45.0,True,False
R02ZF,427,14233,STATIC_BOUNDARY_C,12.4,12.449990272521973,0.3000001907348633,0.9120879120879121,0.046078767627477646,0.1999988555908203,-45.0,45.0,True,False
R02ZF,428,14267,STATIC_BOUNDARY_A,4.9,4.9499969482421875,0.34999942779541016,0.8021978021978022,0.023304445669054985,0.14999985694885254,-44.0,43.0,True,False
R02ZF,428,14267,STATIC_BOUNDARY_B,7.1,7.299994945526123,0.34999990463256836,0.9230769230769231,0.0387629009783268,0.19999933242797852,-45.0,45.0,True,False
R02ZF,428,14267,STATIC_BOUNDARY_C,12.4,12.449990272521973,0.39999961853027344,0.967032967032967,0.04353036731481552,0.1999988555908203,-45.0,45.0,True,False
R02ZF,429,14300,STATIC_BOUNDARY_A,4.9,4.899997234344482,0.2999997138977051,0.8681318681318682,0.024581408128142357,0.14999985694885254,-45.0,45.0,True,False
R02ZF,429,14300,STATIC_BOUNDARY_B,7.1,7.249995231628418,0.4999990463256836,0.967032967032967,0.04268144816160202,0.19999933242797852,-45.0,45.0,True,False
R02ZF,429,14300,STATIC_BOUNDARY_C,12.4,12.449990272521973,0.3000001907348633,0.989010989010989,0.04569316655397415,0.1999988555908203,-45.0,45.0,True,False
R02ZF,430,14333,STATIC_BOUNDARY_A,4.9,4.899997234344482,0.19999980926513672,0.8571428571428571,0.023855138570070267,0.14999985694885254,-44.0,45.0,True,False
R02ZF,430,14333,STATIC_BOUNDARY_B,7.1,7.199995040893555,0.5499992370605469,0.989010989010989,0.03723185136914253,0.19999933242797852,-45.0,45.0,True,False
R02ZF,430,14333,STATIC_BOUNDARY_C,12.4,12.449990272521973,0.3000001907348633,0.9230769230769231,0.04568983614444733,0.1999988555908203,-45.0,45.0,True,False
R02ZF,431,14367,STATIC_BOUNDARY_A,4.9,4.9499969482421875,0.19999980926513672,0.7692307692307693,0.023923378437757492,0.14999985694885254,-43.0,42.0,True,False
R02ZF,431,14367,STATIC_BOUNDARY_B,7.1,7.249995231628418,0.4999990463256836,0.9340659340659341,0.03185676410794258,0.19999933242797852,-45.0,44.0,True,False
R02ZF,431,14367,STATIC_BOUNDARY_C,12.4,12.449990272521973,0.3000001907348633,0.945054945054945,0.04340657219290733,0.1999988555908203,-45.0,45.0,True,False
R02ZF,432,14400,STATIC_BOUNDARY_A,4.9,4.9499969482421875,0.19999980926513672,0.7912087912087912,0.022173622623085976,0.14999985694885254,-43.0,45.0,True,False
R02ZF,432,14400,STATIC_BOUNDARY_B,7.1,7.324994802474976,0.5249998569488525,0.967032967032967,0.03736433386802673,0.19999933242797852,-45.0,44.0,True,False
R02ZF,432,14400,STATIC_BOUNDARY_C,12.4,12.449990272521973,0.3000001907348633,0.967032967032967,0.04129570350050926,0.1999988555908203,-45.0,45.0,True,False
R02ZF,433,14433,STATIC_BOUNDARY_A,4.9,4.9499969482421875,0.39999961853027344,0.7142857142857143,0.02059078961610794,0.14999985694885254,-36.0,45.0,True,False
R02ZF,433,14433,STATIC_BOUNDARY_B,7.1,7.249995231628418,0.6249992847442627,0.945054945054945,0.03673470392823219,0.19999933242797852,-45.0,44.0,False,False
R02ZF,433,14433,STATIC_BOUNDARY_C,12.4,12.449990272521973,0.3000001907348633,0.945054945054945,0.04850400984287262,0.1999988555908203,-45.0,45.0,True,False
R02ZF,434,14467,STATIC_BOUNDARY_A,4.9,4.9499969482421875,0.6999998092651367,0.7142857142857143,0.02309679239988327,0.14999985694885254,-43.0,45.0,False,False
R02ZF,434,14467,STATIC_BOUNDARY_B,7.1,7.299994945526123,0.4499993324279785,0.989010989010989,0.042649418115615845,0.19999933242797852,-45.0,45.0,True,False
R02ZF,434,14467,STATIC_BOUNDARY_C,12.4,12.449990272521973,0.3699995040893558,0.9560439560439561,0.04530053213238716,0.1999988555908203,-44.0,45.0,True,False
R02ZF,435,14500,STATIC_BOUNDARY_A,4.9,4.899997234344482,0.659999179840088,0.7692307692307693,0.020007824525237083,0.14999985694885254,-43.0,45.0,False,False
R02ZF,435,14500,STATIC_BOUNDARY_B,7.1,7.249995231628418,0.4999990463256836,0.9560439560439561,0.037170954048633575,0.19999933242797852,-45.0,45.0,True,False
R02ZF,435,14500,STATIC_BOUNDARY_C,12.4,12.449990272521973,0.3000001907348633,0.945054945054945,0.042042121291160583,0.1999988555908203,-45.0,45.0,True,False
R02ZF,436,14533,STATIC_BOUNDARY_A,4.9,4.899997234344482,0.2499997615814209,0.6153846153846154,0.01853739470243454,0.14999961853027344,-41.0,38.0,True,False
R02ZF,436,14533,STATIC_BOUNDARY_B,7.1,7.199995040893555,0.7149992465972899,0.967032967032967,0.037244126200675964,0.19999933242797852,-45.0,45.0,False,False
R02ZF,436,14533,STATIC_BOUNDARY_C,12.4,12.449990272521973,0.25,0.9340659340659341,0.03982386365532875,0.1999988555908203,-45.0,45.0,True,False
R02ZF,437,14567,STATIC_BOUNDARY_A,4.9,4.899997234344482,0.4199995040893554,0.7362637362637363,0.01821400225162506,0.14999985694885254,-41.0,44.0,True,False
R02ZF,437,14567,STATIC_BOUNDARY_B,7.1,7.249995231628418,0.7999992370605469,0.967032967032967,0.046182870864868164,0.19999933242797852,-45.0,45.0,False,False
R02ZF,437,14567,STATIC_BOUNDARY_C,12.4,12.449990272521973,0.25,0.9120879120879121,0.04304366558790207,0.1999988555908203,-45.0,45.0,True,False
R02ZF,438,14600,STATIC_BOUNDARY_A,4.9,4.9499969482421875,0.2499995231628418,0.7362637362637363,0.01833876594901085,0.14999985694885254,-44.0,45.0,True,False
R02ZF,438,14600,STATIC_BOUNDARY_B,7.1,7.299994945526123,0.7999997138977051,0.967032967032967,0.04402899742126465,0.19999933242797852,-45.0,45.0,False,False
R02ZF,438,14600,STATIC_BOUNDARY_C,12.4,12.449990272521973,0.25,0.945054945054945,0.04183328151702881,0.1999988555908203,-45.0,45.0,True,False
R02ZF,439,14633,STATIC_BOUNDARY_A,4.9,4.899997234344482,0.04999971389770508,0.6703296703296703,0.019870135933160782,0.14999985694885254,-41.0,42.0,True,False
R02ZF,439,14633,STATIC_BOUNDARY_B,7.1,7.224995136260986,0.724998950958252,0.967032967032967,0.03890420123934746,0.19999933242797852,-45.0,44.0,False,False
R02ZF,439,14633,STATIC_BOUNDARY_C,12.4,12.449990272521973,0.25,0.8901098901098901,0.04012570530176163,0.1999988555908203,-45.0,45.0,True,False
R02ZF,440,14667,STATIC_BOUNDARY_A,4.9,4.899997234344482,0.04999971389770508,0.6593406593406593,0.017879698425531387,0.14999961853027344,-39.0,43.0,True,False
R02ZF,440,14667,STATIC_BOUNDARY_B,7.1,7.199995040893555,0.6999993324279785,0.967032967032967,0.04048147797584534,0.19999933242797852,-45.0,45.0,False,False
R02ZF,440,14667,STATIC_BOUNDARY_C,12.4,12.39999008178711,0.2999992370605469,0.9560439560439561,0.03647959232330322,0.1999988555908203,-45.0,45.0,True,False
R02ZF,441,14700,STATIC_BOUNDARY_A,4.9,4.899997234344482,0.04999971389770508,0.5824175824175825,0.016078129410743713,0.14999985694885254,-44.0,43.0,True,False
R02ZF,441,14700,STATIC_BOUNDARY_B,7.1,7.149994850158691,0.7499995231628418,0.978021978021978,0.04154051095247269,0.19999933242797852,-45.0,45.0,False,False
R02ZF,441,14700,STATIC_BOUNDARY_C,12.4,12.39999008178711,0.2999992370605469,0.9010989010989011,0.04512789845466614,0.1999988555908203,-45.0,45.0,True,False
R02ZF,442,14733,STATIC_BOUNDARY_A,4.9,4.899997234344482,0.4199995994567874,0.6483516483516484,0.014702379703521729,0.14999985694885254,-43.0,44.0,True,False
R02ZF,442,14733,STATIC_BOUNDARY_B,7.1,7.149994850158691,0.6499996185302734,1.0,0.03779422864317894,0.19999933242797852,-45.0,45.0,False,False
R02ZF,442,14733,STATIC_BOUNDARY_C,12.4,12.39999008178711,0.33999938964843734,0.9120879120879121,0.03944062069058418,0.19999980926513672,-45.0,44.0,True,False
R02ZF,443,14767,STATIC_BOUNDARY_A,4.9,4.899997234344482,0.39999961853027344,0.6373626373626373,0.016401398926973343,0.14999961853027344,-45.0,45.0,True,False
R02ZF,443,14767,STATIC_BOUNDARY_B,7.1,7.299994945526123,0.7499995231628418,0.989010989010989,0.03337610885500908,0.19999933242797852,-45.0,45.0,False,False
R02ZF,443,14767,STATIC_BOUNDARY_C,12.4,12.39999008178711,0.4499998092651367,0.9120879120879121,0.03695999085903168,0.19999980926513672,-45.0,44.0,True,False
R02ZF,444,14800,STATIC_BOUNDARY_A,4.9,4.899997234344482,0.19999980926513672,0.6483516483516484,0.016115713864564896,0.14999985694885254,-44.0,44.0,True,False
R02ZF,444,14800,STATIC_BOUNDARY_B,7.1,7.399994850158691,0.5649992942810057,0.967032967032967,0.032093435525894165,0.19999933242797852,-45.0,45.0,False,False
R02ZF,444,14800,STATIC_BOUNDARY_C,12.4,12.39999008178711,0.2999992370605469,0.945054945054945,0.03393442928791046,0.19999980926513672,-45.0,45.0,True,False
R02ZF,445,14833,STATIC_BOUNDARY_A,4.9,4.899997234344482,0.125,0.3956043956043956,0.017313623800873756,0.14999985694885254,-34.0,41.0,False,False
R02ZF,445,14833,STATIC_BOUNDARY_B,7.1,7.299994945526123,0.4999995231628418,0.9230769230769231,0.033311061561107635,0.19999933242797852,-45.0,45.0,True,False
R02ZF,445,14833,STATIC_BOUNDARY_C,12.4,12.39999008178711,0.2999992370605469,0.967032967032967,0.03028767928481102,0.1999988555908203,-45.0,45.0,True,False
R02ZF,446,14867,STATIC_BOUNDARY_A,4.9,4.899997234344482,0.19999980926513672,0.5824175824175825,0.015346589498221874,0.14999985694885254,-44.0,45.0,True,False
R02ZF,446,14867,STATIC_BOUNDARY_B,7.1,7.349994659423828,0.6499996185302734,0.9340659340659341,0.03606337308883667,0.19999933242797852,-45.0,45.0,False,False
R02ZF,446,14867,STATIC_BOUNDARY_C,12.4,12.39999008178711,0.39999961853027344,0.8791208791208791,0.03638539835810661,0.19999980926513672,-45.0,43.0,True,False
R02ZF,447,14900,STATIC_BOUNDARY_A,4.9,4.899997234344482,0.19999980926513672,0.4725274725274725,0.016302555799484253,0.14999985694885254,-35.0,44.0,True,False
R02ZF,447,14900,STATIC_BOUNDARY_B,7.1,7.299994945526123,0.39999961853027344,0.945054945054945,0.030734945088624954,0.19999980926513672,-45.0,45.0,True,False
R02ZF,447,14900,STATIC_BOUNDARY_C,12.4,12.349989891052246,0.34999942779541016,0.9230769230769231,0.03329525887966156,0.1999988555908203,-45.0,43.0,True,False
R02ZF,448,14933,STATIC_BOUNDARY_A,4.9,4.899997234344482,0.18999986648559555,0.6263736263736264,0.015003189444541931,0.14999985694885254,-45.0,43.0,True,False
R02ZF,448,14933,STATIC_BOUNDARY_B,7.1,7.249995231628418,0.5499992370605469,0.945054945054945,0.03522182255983353,0.19999933242797852,-45.0,45.0,True,False
R02ZF,448,14933,STATIC_BOUNDARY_C,12.4,12.39999008178711,0.32999935150146525,0.9340659340659341,0.04436907172203064,0.19999980926513672,-45.0,43.0,True,False
R02ZF,449,14967,STATIC_BOUNDARY_A,4.9,4.899997234344482,0.46499934196472187,0.6593406593406593,0.017189912497997284,0.14999985694885254,-45.0,45.0,True,False
R02ZF,449,14967,STATIC_BOUNDARY_B,7.1,7.299994945526123,0.5499997138977051,0.9120879120879121,0.0367104671895504,0.19999933242797852,-45.0,45.0,True,False
R02ZF,449,14967,STATIC_BOUNDARY_C,12.4,12.39999008178711,0.5,0.9560439560439561,0.03738447278738022,0.1999988555908203,-45.0,44.0,True,False
R02ZF,450,15000,STATIC_BOUNDARY_A,4.9,4.899997234344482,0.239999580383301,0.5824175824175825,0.018657948821783066,0.14999985694885254,-44.0,42.0,True,False
R02ZF,450,15000,STATIC_BOUNDARY_B,7.1,7.149994850158691,0.6749997138977051,0.945054945054945,0.028170213103294373,0.19999933242797852,-45.0,45.0,False,False
R02ZF,450,15000,STATIC_BOUNDARY_C,12.4,12.349989891052246,0.39999961853027344,0.9340659340659341,0.034909967333078384,0.1999988555908203,-44.0,44.0,True,False
R02ZF,451,15033,STATIC_BOUNDARY_A,4.9,4.899997234344482,0.6549993515014642,0.6813186813186813,0.017955070361495018,0.14999985694885254,-45.0,45.0,False,False
R02ZF,451,15033,STATIC_BOUNDARY_B,7.1,7.199995040893555,0.5499992370605469,0.9560439560439561,0.02937687374651432,0.19999933242797852,-45.0,45.0,True,False
R02ZF,451,15033,STATIC_BOUNDARY_C,12.4,12.39999008178711,0.4499998092651367,0.9120879120879121,0.03443758934736252,0.1999988555908203,-44.0,43.0,True,False
R02ZF,452,15067,STATIC_BOUNDARY_A,4.9,4.899997234344482,0.47499942779541016,0.6153846153846154,0.01658647321164608,0.14999985694885254,-45.0,44.0,True,False
R02ZF,452,15067,STATIC_BOUNDARY_B,7.1,7.149994850158691,0.5749995708465576,0.945054945054945,0.02871396392583847,0.19999933242797852,-44.0,45.0,False,False
R02ZF,452,15067,STATIC_BOUNDARY_C,12.4,12.349989891052246,0.39999961853027344,0.967032967032967,0.03305043280124664,0.1999988555908203,-44.0,45.0,True,False
R02ZF,453,15100,STATIC_BOUNDARY_A,4.9,4.899997234344482,0.34999990463256836,0.5714285714285714,0.016583845019340515,0.15000033378601074,-45.0,45.0,True,False
R02ZF,453,15100,STATIC_BOUNDARY_B,7.1,7.249995231628418,0.4999990463256836,0.9120879120879121,0.02937656082212925,0.19999933242797852,-45.0,45.0,True,False
R02ZF,453,15100,STATIC_BOUNDARY_C,12.4,12.249990463256836,0.4499998092651367,0.945054945054945,0.04024019092321396,0.19999980926513672,-45.0,45.0,True,False
R02ZF,454,15133,STATIC_BOUNDARY_A,4.9,4.899997234344482,0.2499995231628418,0.6263736263736264,0.016418524086475372,0.14999985694885254,-45.0,42.0,True,False
R02ZF,454,15133,STATIC_BOUNDARY_B,7.1,7.149994850158691,0.6499996185302734,0.9230769230769231,0.03155584633350372,0.19999933242797852,-45.0,45.0,False,False
R02ZF,454,15133,STATIC_BOUNDARY_C,12.4,12.39999008178711,0.4499998092651367,0.945054945054945,0.03688599541783333,0.19999980926513672,-45.0,45.0,True,False
R02ZF,455,15167,STATIC_BOUNDARY_A,4.9,4.899997234344482,0.09999990463256836,0.5714285714285714,0.01749081164598465,0.14999985694885254,-37.0,42.0,True,False
R02ZF,455,15167,STATIC_BOUNDARY_B,7.1,7.099995136260986,0.6499991416931152,0.9340659340659341,0.03052719309926033,0.19999933242797852,-45.0,45.0,False,False
R02ZF,455,15167,STATIC_BOUNDARY_C,12.4,12.299989700317383,0.364999485015869,0.967032967032967,0.0337008461356163,0.19999980926513672,-43.0,45.0,True,False
R02ZF,456,15200,STATIC_BOUNDARY_A,4.9,4.849997520446777,0.48499994277954117,0.5934065934065934,0.014884529635310173,0.14999985694885254,-44.0,42.0,True,False
R02ZF,456,15200,STATIC_BOUNDARY_B,7.1,7.149994850158691,0.6199995040893558,0.9560439560439561,0.03089597262442112,0.19999933242797852,-45.0,45.0,False,False
R02ZF,456,15200,STATIC_BOUNDARY_C,12.4,12.349989891052246,0.4499998092651367,0.8901098901098901,0.035012923181056976,0.19999980926513672,-42.0,45.0,True,False
R02ZF,457,15233,STATIC_BOUNDARY_A,4.9,4.899997234344482,0.2499995231628418,0.5164835164835165,0.01764637418091297,0.14999985694885254,-45.0,45.0,True,False
R02ZF,457,15233,STATIC_BOUNDARY_B,7.1,7.199995040893555,0.5499992370605469,0.945054945054945,0.027659768238663673,0.19999933242797852,-44.0,45.0,True,False
R02ZF,457,15233,STATIC_BOUNDARY_C,12.4,12.324989795684814,0.3250002861022949,0.945054945054945,0.04083810746669769,0.19999980926513672,-44.0,44.0,True,False
R02ZF,458,15267,STATIC_BOUNDARY_A,4.9,4.899997234344482,0.264999580383301,0.5274725274725275,0.01894363760948181,0.15000033378601074,-42.0,44.0,True,False
R02ZF,458,15267,STATIC_BOUNDARY_B,7.1,7.199995040893555,0.5999994277954102,0.9340659340659341,0.027223855257034302,0.19999933242797852,-45.0,45.0,False,False
R02ZF,458,15267,STATIC_BOUNDARY_C,12.4,12.349989891052246,0.4999996185302734,0.9340659340659341,0.03890300169587135,0.19999980926513672,-45.0,44.0,True,False
R02ZF,459,15300,STATIC_BOUNDARY_A,4.9,4.899997234344482,0.339999580383301,0.4945054945054945,0.017035696655511856,0.14999985694885254,-37.0,43.0,True,False
R02ZF,459,15300,STATIC_BOUNDARY_B,7.1,7.174994945526123,0.5799993515014653,0.8791208791208791,0.0292791910469532,0.19999957084655762,-45.0,45.0,False,False
R02ZF,459,15300,STATIC_BOUNDARY_C,12.4,12.299989700317383,0.39999961853027344,0.945054945054945,0.03898356109857559,0.1999988555908203,-44.0,45.0,True,False
R02ZF,460,15333,STATIC_BOUNDARY_A,4.9,4.899997234344482,0.04999971389770508,0.6593406593406593,0.019067322835326195,0.14999985694885254,-40.0,45.0,True,False
R02ZF,460,15333,STATIC_BOUNDARY_B,7.1,7.199995040893555,0.5499992370605469,0.9230769230769231,0.027811827138066292,0.19999980926513672,-45.0,45.0,True,False
R02ZF,460,15333,STATIC_BOUNDARY_C,12.4,12.349989891052246,0.3849995613098146,0.9230769230769231,0.04141584038734436,0.1999988555908203,-45.0,45.0,True,False
R02ZF,461,15367,STATIC_BOUNDARY_A,4.9,4.899997234344482,0.34999990463256836,0.5934065934065934,0.016833074390888214,0.14999985694885254,-40.0,41.0,True,False
R02ZF,461,15367,STATIC_BOUNDARY_B,7.1,7.149994850158691,0.6499996185302734,0.8791208791208791,0.028581179678440094,0.19999933242797852,-45.0,45.0,False,False
R02ZF,461,15367,STATIC_BOUNDARY_C,12.4,12.349989891052246,0.4399997711181639,0.9120879120879121,0.03613256290555,0.19999980926513672,-45.0,45.0,True,False
R02ZF,462,15400,STATIC_BOUNDARY_A,4.9,4.899997234344482,0.28999967575073266,0.5824175824175825,0.015862997621297836,0.14999985694885254,-40.0,44.0,True,False
R02ZF,462,15400,STATIC_BOUNDARY_B,7.1,7.199995040893555,0.6499996185302734,0.9120879120879121,0.02567198872566223,0.19999933242797852,-45.0,45.0,False,False
R02ZF,462,15400,STATIC_BOUNDARY_C,12.4,12.349989891052246,0.34999942779541016,0.978021978021978,0.04217322915792465,0.1999988555908203,-45.0,45.0,True,False
R02ZF,463,15433,STATIC_BOUNDARY_A,4.9,4.899997234344482,0.3399996757507323,0.5164835164835165,0.018156828358769417,0.14999985694885254,-43.0,43.0,True,False
R02ZF,463,15433,STATIC_BOUNDARY_B,7.1,7.149994850158691,0.6999998092651367,0.8791208791208791,0.03580270707607269,0.19999980926513672,-45.0,43.0,False,False
R02ZF,463,15433,STATIC_BOUNDARY_C,12.4,12.299989700317383,0.2999992370605469,0.9010989010989011,0.044305454939603806,0.1999988555908203,-45.0,45.0,True,False
R02ZF,464,15467,STATIC_BOUNDARY_A,4.9,4.899997234344482,0.2499995231628418,0.6153846153846154,0.023737965151667595,0.14999985694885254,-40.0,45.0,True,False
R02ZF,464,15467,STATIC_BOUNDARY_B,7.1,7.149994850158691,0.6999998092651367,0.9340659340659341,0.038915447890758514,0.19999933242797852,-45.0,45.0,False,False
R02ZF,464,15467,STATIC_BOUNDARY_C,12.4,12.424990177154541,0.7749991416931152,0.945054945054945,0.04568557068705559,0.1999988555908203,-45.0,45.0,False,False
R02ZF,465,15500,STATIC_BOUNDARY_A,4.9,4.899997234344482,0.1300000190734864,0.6043956043956044,0.02070075087249279,0.14999985694885254,-38.0,44.0,True,False
R02ZF,465,15500,STATIC_BOUNDARY_B,7.1,7.149994850158691,0.6999992370605469,0.9560439560439561,0.03491702303290367,0.19999933242797852,-45.0,43.0,False,False
R02ZF,465,15500,STATIC_BOUNDARY_C,12.4,12.39999008178711,0.5099996566772469,0.9560439560439561,0.04759569466114044,0.1999988555908203,-45.0,45.0,True,False
R02ZF,466,15533,STATIC_BOUNDARY_A,4.9,4.899997234344482,0.339999675750733,0.5934065934065934,0.019590051844716072,0.15000033378601074,-36.0,45.0,True,False
R02ZF,466,15533,STATIC_BOUNDARY_B,7.1,7.149994850158691,0.7499995231628418,0.9340659340659341,0.042863767594099045,0.19999933242797852,-45.0,45.0,False,False
R02ZF,466,15533,STATIC_BOUNDARY_C,12.4,12.39999008178711,0.2999992370605469,0.9230769230769231,0.05220462381839752,0.1999988555908203,-45.0,45.0,True,False
R02ZF,467,15567,STATIC_BOUNDARY_A,4.9,4.899997234344482,0.17499971389770508,0.6153846153846154,0.01873880624771118,0.14999985694885254,-45.0,43.0,True,False
R02ZF,467,15567,STATIC_BOUNDARY_B,7.1,7.199995040893555,0.6999993324279785,0.967032967032967,0.0391751192510128,0.19999933242797852,-45.0,45.0,False,False
R02ZF,467,15567,STATIC_BOUNDARY_C,12.4,12.424990177154541,0.3749995231628418,0.945054945054945,0.059390172362327576,0.1999988555908203,-45.0,45.0,True,False
R02ZF,468,15600,STATIC_BOUNDARY_A,4.9,4.899997234344482,0.15000009536743164,0.7252747252747253,0.020030952990055084,0.14999985694885254,-45.0,44.0,True,False
R02ZF,468,15600,STATIC_BOUNDARY_B,7.1,7.149994850158691,0.5999994277954102,0.9340659340659341,0.03623242676258087,0.19999933242797852,-45.0,45.0,False,False
R02ZF,468,15600,STATIC_BOUNDARY_C,12.4,12.39999008178711,0.5,0.9560439560439561,0.05635284632444382,0.1999988555908203,-45.0,45.0,True,False
R02ZF,469,15633,STATIC_BOUNDARY_A,4.9,4.899997234344482,0.04999971389770508,0.5934065934065934,0.0198226235806942,0.14999985694885254,-45.0,41.0,True,False
R02ZF,469,15633,STATIC_BOUNDARY_B,7.1,7.149994850158691,0.7299996376037602,0.9340659340659341,0.03783732280135155,0.19999933242797852,-44.0,45.0,False,False
R02ZF,469,15633,STATIC_BOUNDARY_C,12.4,12.39999008178711,0.25,0.9230769230769231,0.0560917854309082,0.19999980926513672,-45.0,45.0,True,False
R02ZF,470,15667,STATIC_BOUNDARY_A,4.9,4.899997234344482,0.46499938964843773,0.6373626373626373,0.01504800096154213,0.14999985694885254,-45.0,44.0,True,False
R02ZF,470,15667,STATIC_BOUNDARY_B,7.1,7.149994850158691,0.6999998092651367,0.9010989010989011,0.03747730329632759,0.19999933242797852,-44.0,43.0,False,False
R02ZF,470,15667,STATIC_BOUNDARY_C,12.4,12.349989891052246,0.25,0.9340659340659341,0.0475466363132,0.1999988555908203,-45.0,45.0,True,False
R02ZF,471,15700,STATIC_BOUNDARY_A,4.9,4.849997520446777,0.15000009536743164,0.5494505494505495,0.0165552981197834,0.14999985694885254,-45.0,43.0,True,False
R02ZF,471,15700,STATIC_BOUNDARY_B,7.1,7.149994850158691,0.7499995231628418,0.967032967032967,0.03945072740316391,0.19999933242797852,-44.0,44.0,False,False
R02ZF,471,15700,STATIC_BOUNDARY_C,12.4,12.39999008178711,0.25,0.967032967032967,0.049466926604509354,0.19999980926513672,-45.0,45.0,True,False
R02ZF,472,15733,STATIC_BOUNDARY_A,4.9,4.849997520446777,0.5,0.6483516483516484,0.017088497057557106,0.14999985694885254,-45.0,43.0,True,False
R02ZF,472,15733,STATIC_BOUNDARY_B,7.1,7.149994850158691,0.6799997329711919,0.9340659340659341,0.040359023958444595,0.19999933242797852,-44.0,45.0,False,False
R02ZF,472,15733,STATIC_BOUNDARY_C,12.4,12.39999008178711,0.5,0.9120879120879121,0.054498136043548584,0.1999988555908203,-45.0,45.0,True,False
R02ZF,473,15767,STATIC_BOUNDARY_A,4.9,4.849997520446777,0.25,0.6043956043956044,0.0175011046230793,0.14999985694885254,-45.0,41.0,True,False
R02ZF,473,15767,STATIC_BOUNDARY_B,7.1,7.174994945526123,0.6749997138977051,0.9010989010989011,0.031397148966789246,0.19999933242797852,-45.0,45.0,False,False
R02ZF,473,15767,STATIC_BOUNDARY_C,12.4,12.39999008178711,0.40999965667724697,0.8791208791208791,0.06041146069765091,0.1999988555908203,-43.0,45.0,True,False
R02ZF,474,15800,STATIC_BOUNDARY_A,4.9,4.899997234344482,0.7499995231628418,0.5384615384615384,0.017210353165864944,0.14999985694885254,-45.0,44.0,False,False
R02ZF,474,15800,STATIC_BOUNDARY_B,7.1,7.149994850158691,0.6749997138977051,0.945054945054945,0.0325801782310009,0.19999933242797852,-45.0,45.0,False,False
R02ZF,474,15800,STATIC_BOUNDARY_C,12.4,12.449990272521973,0.4499998092651367,0.8901098901098901,0.04972122237086296,0.1999988555908203,-40.0,45.0,True,False
R02ZF,475,15833,STATIC_BOUNDARY_A,4.9,4.849997520446777,0.5749996185302741,0.7032967032967034,0.0186939500272274,0.14999985694885254,-45.0,45.0,False,False
R02ZF,475,15833,STATIC_BOUNDARY_B,7.1,7.149994850158691,0.6999998092651367,0.9340659340659341,0.038526784628629684,0.19999933242797852,-45.0,44.0,False,False
R02ZF,475,15833,STATIC_BOUNDARY_C,12.4,12.374989986419678,0.27500009536743164,0.9010989010989011,0.0645739734172821,0.1999988555908203,-45.0,45.0,True,False
R02ZF,476,15867,STATIC_BOUNDARY_A,4.9,4.899997234344482,0.5399993896484387,0.6373626373626373,0.017919396981596947,0.14999985694885254,-45.0,35.0,True,False
R02ZF,476,15867,STATIC_BOUNDARY_B,7.1,7.149994850158691,0.6999998092651367,0.9340659340659341,0.035114020109176636,0.19999933242797852,-44.0,44.0,False,False
R02ZF,476,15867,STATIC_BOUNDARY_C,12.4,12.39999008178711,0.6499996185302734,0.967032967032967,0.04834072291851044,0.1999988555908203,-44.0,45.0,False,False
R02ZF,477,15900,STATIC_BOUNDARY_A,4.9,4.849997520446777,0.639999580383301,0.6923076923076923,0.019230321049690247,0.14999985694885254,-45.0,37.0,False,False
R02ZF,477,15900,STATIC_BOUNDARY_B,7.1,7.174994945526123,0.6999993324279785,0.8351648351648352,0.027178244665265083,0.19999933242797852,-43.0,41.0,False,False
R02ZF,477,15900,STATIC_BOUNDARY_C,12.4,12.374989986419678,0.6749987602233887,0.9010989010989011,0.034822918474674225,0.1999988555908203,-43.0,45.0,False,False
R02ZF,478,15933,STATIC_BOUNDARY_A,4.9,4.849997520446777,0.8249990940093994,0.3956043956043956,0.024472326040267944,0.14999985694885254,-45.0,27.0,False,False
R02ZF,478,15933,STATIC_BOUNDARY_B,7.1,7.399994850158691,0.4999995231628418,0.8241758241758241,0.0251623447984457,0.19999933242797852,-39.0,42.0,True,False
R02ZF,478,15933,STATIC_BOUNDARY_C,12.4,12.449990272521973,0.3449995040893554,0.7912087912087912,0.036513205617666245,0.1999988555908203,-44.0,45.0,True,False
R02ZF,479,15967,STATIC_BOUNDARY_A,4.9,4.849997520446777,0.7499990463256836,0.5604395604395604,0.016052886843681335,0.14999985694885254,-45.0,44.0,False,False
R02ZF,479,15967,STATIC_BOUNDARY_B,7.1,7.199995040893555,0.6999993324279785,0.8461538461538461,0.029130659997463226,0.15000009536743164,-38.0,42.0,False,False
R02ZF,479,15967,STATIC_BOUNDARY_C,12.4,12.349989891052246,1.0399992942810063,0.9010989010989011,0.04035726189613342,0.1999988555908203,-45.0,45.0,False,False
R02ZF,480,16000,STATIC_BOUNDARY_A,4.9,4.799997329711914,0.8549993991851808,0.43956043956043955,0.01496166456490755,0.19999957084655762,-45.0,34.0,False,False
R02ZF,480,16000,STATIC_BOUNDARY_B,7.1,7.199995040893555,0.6499996185302734,0.7582417582417582,0.029175858944654465,0.19999933242797852,-38.0,43.0,False,False
R02ZF,480,16000,STATIC_BOUNDARY_C,12.4,12.349989891052246,0.8149991989135755,0.8791208791208791,0.041618697345256805,0.19999980926513672,-44.0,44.0,False,False
R02ZF,481,16033,STATIC_BOUNDARY_A,4.9,4.849997520446777,0.849998950958252,0.4945054945054945,0.019120438024401665,0.15000033378601074,-45.0,32.0,False,False
R02ZF,481,16033,STATIC_BOUNDARY_B,7.1,7.49999475479126,0.4499993324279785,0.8241758241758241,0.026959246024489403,0.19999933242797852,-45.0,43.0,True,False
R02ZF,481,16033,STATIC_BOUNDARY_C,12.4,12.349989891052246,0.9999990463256836,0.9340659340659341,0.037263091653585434,0.1999988555908203,-45.0,45.0,False,False
R02ZF,482,16067,STATIC_BOUNDARY_A,4.9,4.849997520446777,0.5999994277954102,0.6043956043956044,0.01873018965125084,0.19999957084655762,-45.0,33.0,False,False
R02ZF,482,16067,STATIC_BOUNDARY_B,7.1,7.349994897842407,0.4999997615814209,0.7912087912087912,0.026702595874667168,0.19999933242797852,-37.0,45.0,True,False
R02ZF,482,16067,STATIC_BOUNDARY_C,12.4,12.349989891052246,0.9649995803833007,0.967032967032967,0.03437051177024841,0.1999988555908203,-45.0,45.0,False,False
R02ZF,483,16100,STATIC_BOUNDARY_A,4.9,4.849997520446777,0.6999992370605466,0.6263736263736264,0.01820554956793785,0.14999985694885254,-44.0,34.0,False,False
R02ZF,483,16100,STATIC_BOUNDARY_B,7.1,7.324994802474976,0.5749995708465576,0.8351648351648352,0.026364848017692566,0.19999933242797852,-36.0,44.0,False,False
R02ZF,483,16100,STATIC_BOUNDARY_C,12.4,12.374989986419678,1.0199991226196292,0.9010989010989011,0.03722332417964935,0.1999988555908203,-44.0,44.0,False,False
R02ZF,484,16133,STATIC_BOUNDARY_A,4.9,4.849997520446777,0.744999551773072,0.6373626373626373,0.01814230903983116,0.14999985694885254,-44.0,37.0,False,False
R02ZF,484,16133,STATIC_BOUNDARY_B,7.1,7.299994945526123,0.5349996566772462,0.8131868131868132,0.027831071987748146,0.19999933242797852,-43.0,44.0,True,False
R02ZF,484,16133,STATIC_BOUNDARY_C,12.4,12.39999008178711,1.0499992370605469,0.967032967032967,0.03239428624510765,0.1999988555908203,-44.0,45.0,False,False
R02ZF,485,16167,STATIC_BOUNDARY_A,4.9,4.849997520446777,0.7499995231628418,0.6703296703296703,0.021859534084796906,0.19999957084655762,-45.0,45.0,False,False
R02ZF,485,16167,STATIC_BOUNDARY_B,7.1,7.149994850158691,0.7149997234344481,0.8571428571428571,0.028450466692447662,0.15000009536743164,-45.0,45.0,False,False
R02ZF,485,16167,STATIC_BOUNDARY_C,12.4,12.349989891052246,0.9599992752075204,0.9340659340659341,0.036707568913698196,0.1999988555908203,-45.0,45.0,False,False
R02ZF,486,16200,STATIC_BOUNDARY_A,4.9,4.849997520446777,0.6499991416931152,0.6923076923076923,0.017854537814855576,0.14999985694885254,-45.0,45.0,False,False
R02ZF,486,16200,STATIC_BOUNDARY_B,7.1,7.149994850158691,0.7499995231628418,0.9010989010989011,0.030279060825705528,0.19999933242797852,-45.0,45.0,False,False
R02ZF,486,16200,STATIC_BOUNDARY_C,12.4,12.349989891052246,0.4499998092651367,0.945054945054945,0.039928168058395386,0.1999988555908203,-45.0,45.0,True,False
R02ZF,487,16233,STATIC_BOUNDARY_A,4.9,4.849997520446777,0.6499993801116943,0.7252747252747253,0.017470648512244225,0.17499995231628418,-45.0,44.0,False,False
R02ZF,487,16233,STATIC_BOUNDARY_B,7.1,7.149994850158691,0.6999998092651367,0.9010989010989011,0.030733436346054077,0.19999933242797852,-45.0,45.0,False,False
R02ZF,487,16233,STATIC_BOUNDARY_C,12.4,12.349989891052246,0.31999969482422047,0.9340659340659341,0.040768757462501526,0.1999988555908203,-45.0,45.0,True,False
R02ZF,488,16267,STATIC_BOUNDARY_A,4.9,4.849997520446777,0.8299990177154538,0.6813186813186813,0.019427243620157242,0.19999957084655762,-43.0,45.0,False,False
R02ZF,488,16267,STATIC_BOUNDARY_B,7.1,7.149994850158691,0.7399995803833006,0.9120879120879121,0.025417666882276535,0.19999933242797852,-45.0,45.0,False,False
R02ZF,488,16267,STATIC_BOUNDARY_C,12.4,12.349989891052246,0.5,0.9340659340659341,0.0431986004114151,0.1999988555908203,-45.0,45.0,True,False
R02ZF,489,16300,STATIC_BOUNDARY_A,4.9,4.849997520446777,0.8699991226196289,0.6263736263736264,0.022192854434251785,0.14999985694885254,-44.0,45.0,False,False
R02ZF,489,16300,STATIC_BOUNDARY_B,7.1,7.249995231628418,0.6499991416931152,0.8901098901098901,0.032997965812683105,0.19999933242797852,-45.0,45.0,False,False
R02ZF,489,16300,STATIC_BOUNDARY_C,12.4,12.349989891052246,0.19999980926513672,0.967032967032967,0.05107899010181427,0.1999988555908203,-45.0,45.0,True,False
R02ZF,490,16333,STATIC_BOUNDARY_A,4.9,4.849997520446777,0.5799993515014642,0.6263736263736264,0.01946413144469261,0.14999985694885254,-43.0,45.0,False,False
R02ZF,490,16333,STATIC_BOUNDARY_B,7.1,7.199995040893555,0.7199992179870608,0.8461538461538461,0.031040368601679802,0.15000009536743164,-44.0,45.0,False,False
R02ZF,490,16333,STATIC_BOUNDARY_C,12.4,12.39999008178711,0.2999992370605469,0.8241758241758241,0.05666641891002655,0.1999988555908203,-42.0,45.0,True,False
R02ZF,491,16367,STATIC_BOUNDARY_A,4.9,4.849997520446777,0.39999961853027344,0.6923076923076923,0.01821235939860344,0.14999985694885254,-41.0,45.0,True,False
R02ZF,491,16367,STATIC_BOUNDARY_B,7.1,7.199995040893555,0.6999993324279785,0.8791208791208791,0.031086502596735954,0.19999933242797852,-44.0,45.0,False,False
R02ZF,491,16367,STATIC_BOUNDARY_C,12.4,12.449990272521973,0.34999942779541016,0.8791208791208791,0.05273110792040825,0.1999988555908203,-45.0,45.0,True,False
R02ZF,492,16400,STATIC_BOUNDARY_A,4.9,4.849997520446777,0.7299993515014663,0.6923076923076923,0.020208200439810753,0.14999985694885254,-43.0,43.0,False,False
R02ZF,492,16400,STATIC_BOUNDARY_B,7.1,7.249995231628418,0.6499991416931152,0.8681318681318682,0.037963178008794785,0.19999933242797852,-45.0,45.0,False,False
R02ZF,492,16400,STATIC_BOUNDARY_C,12.4,12.39999008178711,0.2999992370605469,0.9340659340659341,0.05078347772359848,0.1999988555908203,-44.0,45.0,True,False
R02ZF,493,16433,STATIC_BOUNDARY_A,4.9,4.849997520446777,0.4399998188018797,0.6813186813186813,0.021399259567260742,0.14999985694885254,-43.0,43.0,True,False
R02ZF,493,16433,STATIC_BOUNDARY_B,7.1,7.249995231628418,0.6499991416931152,0.8901098901098901,0.03339945152401924,0.19999933242797852,-45.0,45.0,False,False
R02ZF,493,16433,STATIC_BOUNDARY_C,12.4,12.349989891052246,0.4499998092651367,0.9010989010989011,0.05465562269091606,0.1999988555908203,-44.0,45.0,True,False
R02ZF,494,16467,STATIC_BOUNDARY_A,4.9,4.849997520446777,0.5099999427795412,0.6483516483516484,0.023575518280267715,0.15000009536743164,-44.0,44.0,True,False
R02ZF,494,16467,STATIC_BOUNDARY_B,7.1,7.199995040893555,0.6999993324279785,0.8791208791208791,0.033903688192367554,0.19999933242797852,-45.0,45.0,False,False
R02ZF,494,16467,STATIC_BOUNDARY_C,12.4,12.39999008178711,0.2999992370605469,0.945054945054945,0.0515071302652359,0.1999988555908203,-45.0,45.0,True,False
