run_id,frame_uid,frame_index,sar_timestamp_ms,nominal_optical_timestamp_ms,sync_status,track_id,source_observation_count,source_timestamp_min_ms,source_timestamp_max_ms,source_has_future_observation,source_ambiguous_stitch_count_max,raw_theta_low_deg,raw_theta_high_deg,raw_theta_mid_deg,guarded_theta_low_deg,guarded_theta_high_deg,effective_width_deg,left_clip_deg,right_clip_deg,total_clip_deg,nearest_boundary_gap_deg,active_track_count,observation_boundary_or_truncation,physical_target_id_used,sar_reference_used,strict_runtime_identity_claimed
R01ZF,R01ZF_SARF000000,0,0,0,NOMINAL_INDEX_FPS_ZERO_OFFSET_UNVERIFIED,R01ZF_REUSED_R01ZF_PERSON001,1,0,0,False,0,-39.52255059771674,-32.272904641432696,-35.89772761957472,-45.52255059771674,-26.272904641432696,19.24964595628404,0.0,0.0,0.0,14.405747886585004,2,False,False,False,False
R01ZF,R01ZF_SARF000001,1,33,56,NOMINAL_INDEX_FPS_ZERO_OFFSET_UNVERIFIED,R01ZF_REUSED_R01ZF_PERSON001,1,56,56,False,0,-37.59074715281272,-30.50131309898274,-34.04603012589773,-43.59074715281272,-24.50131309898274,19.089434053829976,0.0,0.0,0.0,16.337551331489024,2,False,False,False,False
R01ZF,R01ZF_SARF000002,2,67,56,NOMINAL_INDEX_FPS_ZERO_OFFSET_UNVERIFIED,R01ZF_REUSED_R01ZF_PERSON001,1,56,56,False,0,-37.59074715281272,-30.50131309898274,-34.04603012589773,-43.59074715281272,-24.50131309898274,19.089434053829976,0.0,0.0,0.0,16.337551331489024,2,False,False,False,False
R01ZF,R01ZF_SARF000003,3,100,111,NOMINAL_INDEX_FPS_ZERO_OFFSET_UNVERIFIED,R01ZF_REUSED_R01ZF_PERSON001,1,111,111,False,0,-35.61359110504178,-28.667432931793446,-32.14051201841761,-41.61359110504178,-22.667432931793446,18.94615817324833,0.0,0.0,0.0,18.314707379259964,2,False,False,False,False
R01ZF,R01ZF_SARF000004,4,133,111,NOMINAL_INDEX_FPS_ZERO_OFFSET_UNVERIFIED,R01ZF_REUSED_R01ZF_PERSON001,1,111,111,False,0,-35.61359110504178,-28.667432931793446,-32.14051201841761,-41.61359110504178,-22.667432931793446,18.94615817324833,0.0,0.0,0.0,18.314707379259964,2,False,False,False,False
R01ZF,R01ZF_SARF000005,5,167,167,NOMINAL_INDEX_FPS_ZERO_OFFSET_UNVERIFIED,R01ZF_REUSED_R01ZF_PERSON001,1,167,167,False,0,-33.51104323168481,-26.746874054939024,-30.12895864331192,-39.51104323168481,-20.746874054939024,18.764169176745785,0.0,0.0,0.0,20.417255252616933,2,False,False,False,False
R01ZF,R01ZF_SARF000006,6,200,222,NOMINAL_INDEX_FPS_ZERO_OFFSET_UNVERIFIED,R01ZF_REUSED_R01ZF_PERSON001,1,222,222,False,0,-31.48025129416156,-24.878242980677054,-28.17924713741931,-37.48025129416156,-18.878242980677054,18.602008313484507,0.0,0.0,0.0,22.44804719014018,2,False,False,False,False
R01ZF,R01ZF_SARF000007,7,233,222,NOMINAL_INDEX_FPS_ZERO_OFFSET_UNVERIFIED,R01ZF_REUSED_R01ZF_PERSON001,1,222,222,False,0,-31.48025129416156,-24.878242980677054,-28.17924713741931,-37.48025129416156,-18.878242980677054,18.602008313484507,0.0,0.0,0.0,22.44804719014018,2,False,False,False,False
R01ZF,R01ZF_SARF000008,8,267,278,NOMINAL_INDEX_FPS_ZERO_OFFSET_UNVERIFIED,R01ZF_REUSED_R01ZF_PERSON001,1,278,278,False,0,-29.476841645695487,-23.05099823162981,-26.263919938662646,-35.47684164569549,-17.05099823162981,18.42584341406568,0.0,0.0,0.0,24.45145683860625,2,False,False,False,False
R01ZF,R01ZF_SARF000009,9,300,278,NOMINAL_INDEX_FPS_ZERO_OFFSET_UNVERIFIED,R01ZF_REUSED_R01ZF_PERSON001,1,278,278,False,0,-29.476841645695487,-23.05099823162981,-26.263919938662646,-35.47684164569549,-17.05099823162981,18.42584341406568,0.0,0.0,0.0,24.45145683860625,2,False,False,False,False
R01ZF,R01ZF_SARF000010,10,333,333,NOMINAL_INDEX_FPS_ZERO_OFFSET_UNVERIFIED,R01ZF_REUSED_R01ZF_PERSON001,1,333,333,False,0,-27.493854176979827,-21.199614036453905,-24.346734106716866,-33.49385417697982,-15.199614036453905,18.29424014052592,0.0,0.0,0.0,26.43444430732192,2,False,False,False,False
R01ZF,R01ZF_SARF000011,11,367,389,NOMINAL_INDEX_FPS_ZERO_OFFSET_UNVERIFIED,R01ZF_REUSED_R01ZF_PERSON001,1,389,389,False,0,-25.543675978382623,-19.38389541722324,-22.463785697802933,-31.543675978382623,-13.38389541722324,18.159780561159383,0.0,0.0,0.0,28.38462250591912,2,False,False,False,False
R01ZF,R01ZF_SARF000012,12,400,389,NOMINAL_INDEX_FPS_ZERO_OFFSET_UNVERIFIED,R01ZF_REUSED_R01ZF_PERSON001,1,389,389,False,0,-25.543675978382623,-19.38389541722324,-22.463785697802933,-31.543675978382623,-13.38389541722324,18.159780561159383,0.0,0.0,0.0,28.38462250591912,2,False,False,False,False
R01ZF,R01ZF_SARF000013,13,433,444,NOMINAL_INDEX_FPS_ZERO_OFFSET_UNVERIFIED,R01ZF_REUSED_R01ZF_PERSON001,1,444,444,False,0,-23.61594134519011,-17.598006070415533,-20.606973707802823,-29.61594134519011,-11.598006070415533,18.017935274774576,0.0,0.0,0.0,30.312357139111636,2,False,False,False,False
R01ZF,R01ZF_SARF000014,14,467,444,NOMINAL_INDEX_FPS_ZERO_OFFSET_UNVERIFIED,R01ZF_REUSED_R01ZF_PERSON001,1,444,444,False,0,-23.61594134519011,-17.598006070415533,-20.606973707802823,-29.61594134519011,-11.598006070415533,18.017935274774576,0.0,0.0,0.0,30.312357139111636,2,False,False,False,False
R01ZF,R01ZF_SARF000015,15,500,500,NOMINAL_INDEX_FPS_ZERO_OFFSET_UNVERIFIED,R01ZF_REUSED_R01ZF_PERSON001,1,500,500,False,0,-21.670460182835107,-15.831223863411534,-18.75084202312332,-27.670460182835107,-9.831223863411534,17.839236319423573,0.0,0.0,0.0,32.257838301466634,2,False,False,False,False
R01ZF,R01ZF_SARF000016,16,533,556,NOMINAL_INDEX_FPS_ZERO_OFFSET_UNVERIFIED,R01ZF_REUSED_R01ZF_PERSON001,1,556,556,False,0,-19.776737560509336,-14.05411338475368,-16.915425472631508,-25.776737560509336,-8.05411338475368,17.722624175755655,0.0,0.0,0.0,34.1515609237924,3,False,False,False,False
R01ZF,R01ZF_SARF000017,17,567,556,NOMINAL_INDEX_FPS_ZERO_OFFSET_UNVERIFIED,R01ZF_REUSED_R01ZF_PERSON001,1,556,556,False,0,-19.776737560509336,-14.05411338475368,-16.915425472631508,-25.776737560509336,-8.05411338475368,17.722624175755655,0.0,0.0,0.0,34.1515609237924,3,False,False,False,False
R01ZF,R01ZF_SARF000018,18,600,611,NOMINAL_INDEX_FPS_ZERO_OFFSET_UNVERIFIED,R01ZF_REUSED_R01ZF_PERSON001,1,611,611,False,0,-17.924731650903478,-12.273015470620898,-15.098873560762188,-23.924731650903478,-6.273015470620898,17.65171618028258,0.0,0.0,0.0,36.00356683339827,3,False,False,False,False
R01ZF,R01ZF_SARF000019,19,633,611,NOMINAL_INDEX_FPS_ZERO_OFFSET_UNVERIFIED,R01ZF_REUSED_R01ZF_PERSON001,1,611,611,False,0,-17.924731650903478,-12.273015470620898,-15.098873560762188,-23.924731650903478,-6.273015470620898,17.65171618028258,0.0,0.0,0.0,36.00356683339827,3,False,False,False,False
R01ZF,R01ZF_SARF000020,20,667,667,NOMINAL_INDEX_FPS_ZERO_OFFSET_UNVERIFIED,R01ZF_REUSED_R01ZF_PERSON001,1,667,667,False,0,-16.082826159494925,-10.528927467818725,-13.305876813656825,-22.082826159494925,-4.5289274678187255,17.5538986916762,0.0,0.0,0.0,37.84547232480682,3,False,False,False,False
R01ZF,R01ZF_SARF000021,21,700,722,NOMINAL_INDEX_FPS_ZERO_OFFSET_UNVERIFIED,R01ZF_REUSED_R01ZF_PERSON001,1,722,722,False,0,-14.191902879625793,-8.714250464389039,-11.453076672007416,-20.191902879625793,-2.714250464389039,17.477652415236754,0.0,0.0,0.0,39.73639560467595,3,False,False,False,False
R01ZF,R01ZF_SARF000022,22,733,722,NOMINAL_INDEX_FPS_ZERO_OFFSET_UNVERIFIED,R01ZF_REUSED_R01ZF_PERSON001,1,722,722,False,0,-14.191902879625793,-8.714250464389039,-11.453076672007416,-20.191902879625793,-2.714250464389039,17.477652415236754,0.0,0.0,0.0,39.73639560467595,3,False,False,False,False
R01ZF,R01ZF_SARF000023,23,767,778,NOMINAL_INDEX_FPS_ZERO_OFFSET_UNVERIFIED,R01ZF_REUSED_R01ZF_PERSON001,1,778,778,False,0,-12.37405871315569,-6.9877983190714446,-9.680928516113568,-18.37405871315569,-0.9877983190714446,17.386260394084246,0.0,0.0,0.0,41.55423977114605,3,False,False,False,False
R01ZF,R01ZF_SARF000024,24,800,778,NOMINAL_INDEX_FPS_ZERO_OFFSET_UNVERIFIED,R01ZF_REUSED_R01ZF_PERSON001,1,778,778,False,0,-12.37405871315569,-6.9877983190714446,-9.680928516113568,-18.37405871315569,-0.9877983190714446,17.386260394084246,0.0,0.0,0.0,41.55423977114605,3,False,False,False,False
R01ZF,R01ZF_SARF000025,25,833,833,NOMINAL_INDEX_FPS_ZERO_OFFSET_UNVERIFIED,R01ZF_REUSED_R01ZF_PERSON001,1,833,833,False,0,-10.548825584618271,-5.230911462151454,-7.889868523384862,-16.54882558461827,0.7690885378485461,17.317914122466817,0.0,0.0,0.0,43.37947289968347,3,False,False,False,False
R01ZF,R01ZF_SARF000026,26,867,889,NOMINAL_INDEX_FPS_ZERO_OFFSET_UNVERIFIED,R01ZF_REUSED_R01ZF_PERSON001,1,889,889,False,0,-8.740053240740629,-3.470365929735877,-6.105209585238253,-14.740053240740629,2.529634070264123,17.269687311004752,0.0,0.0,0.0,45.18824524356111,3,False,False,False,False
R01ZF,R01ZF_SARF000027,27,900,889,NOMINAL_INDEX_FPS_ZERO_OFFSET_UNVERIFIED,R01ZF_REUSED_R01ZF_PERSON001,1,889,889,False,0,-8.740053240740629,-3.470365929735877,-6.105209585238253,-14.740053240740629,2.529634070264123,17.269687311004752,0.0,0.0,0.0,45.18824524356111,3,False,False,False,False
R01ZF,R01ZF_SARF000028,28,933,944,NOMINAL_INDEX_FPS_ZERO_OFFSET_UNVERIFIED,R01ZF_REUSED_R01ZF_PERSON001,1,944,944,False,0,-6.92306515225777,-1.7888237005762448,-4.3559444264170075,-12.92306515225777,4.211176299423755,17.134241451681525,0.0,0.0,0.0,47.00523333204397,3,False,False,False,False
R01ZF,R01ZF_SARF000029,29,967,944,NOMINAL_INDEX_FPS_ZERO_OFFSET_UNVERIFIED,R01ZF_REUSED_R01ZF_PERSON001,1,944,944,False,0,-6.92306515225777,-1.7888237005762448,-4.3559444264170075,-12.92306515225777,4.211176299423755,17.134241451681525,0.0,0.0,0.0,47.00523333204397,3,False,False,False,False
R01ZF,R01ZF_SARF000030,30,1000,1000,NOMINAL_INDEX_FPS_ZERO_OFFSET_UNVERIFIED,R01ZF_REUSED_R01ZF_PERSON001,1,1000,1000,False,0,-5.0958822491448785,-0.07095186540128395,-2.5834170572730812,-11.095882249144879,5.929048134598716,17.024930383743595,0.0,0.0,0.0,48.83241623515686,3,False,False,False,False
R01ZF,R01ZF_SARF000031,31,1033,1056,NOMINAL_INDEX_FPS_ZERO_OFFSET_UNVERIFIED,R01ZF_REUSED_R01ZF_PERSON001,1,1056,1056,False,0,-3.3128020099462603,1.713863315115077,-0.7994693474155916,-9.31280200994626,7.713863315115077,17.026665325061337,0.0,0.0,0.0,50.61549647435548,3,False,False,False,False
R01ZF,R01ZF_SARF000032,32,1067,1056,NOMINAL_INDEX_FPS_ZERO_OFFSET_UNVERIFIED,R01ZF_REUSED_R01ZF_PERSON001,1,1056,1056,False,0,-3.3128020099462603,1.713863315115077,-0.7994693474155916,-9.31280200994626,7.713863315115077,17.026665325061337,0.0,0.0,0.0,50.61549647435548,3,False,False,False,False
R01ZF,R01ZF_SARF000033,33,1100,1111,NOMINAL_INDEX_FPS_ZERO_OFFSET_UNVERIFIED,R01ZF_REUSED_R01ZF_PERSON001,1,1111,1111,False,0,-1.5538058810320123,3.397755689918988,0.9219749044434877,-7.553805881032012,9.397755689918988,16.951561570951,0.0,0.0,0.0,50.43580374510402,3,False,False,False,False
R01ZF,R01ZF_SARF000034,34,1133,1111,NOMINAL_INDEX_FPS_ZERO_OFFSET_UNVERIFIED,R01ZF_REUSED_R01ZF_PERSON001,1,1111,1111,False,0,-1.5538058810320123,3.397755689918988,0.9219749044434877,-7.553805881032012,9.397755689918988,16.951561570951,0.0,0.0,0.0,50.43580374510402,3,False,False,False,False
R01ZF,R01ZF_SARF000035,35,1167,1167,NOMINAL_INDEX_FPS_ZERO_OFFSET_UNVERIFIED,R01ZF_REUSED_R01ZF_PERSON001,1,1167,1167,False,0,0.2011377114159174,5.0214394165338305,2.611288563974874,-5.798862288584083,11.02143941653383,16.820301705117913,0.0,0.0,0.0,48.812120018489175,3,False,False,False,False
R01ZF,R01ZF_SARF000036,36,1200,1222,NOMINAL_INDEX_FPS_ZERO_OFFSET_UNVERIFIED,R01ZF_REUSED_R01ZF_PERSON001,1,1222,1222,False,0,1.9414791523905208,6.741788344278831,4.341633748334676,-4.058520847609479,12.741788344278831,16.80030919188831,0.0,0.0,0.0,47.091771090744174,3,False,False,False,False
R01ZF,R01ZF_SARF000037,37,1233,1222,NOMINAL_INDEX_FPS_ZERO_OFFSET_UNVERIFIED,R01ZF_REUSED_R01ZF_PERSON001,1,1222,1222,False,0,1.9414791523905208,6.741788344278831,4.341633748334676,-4.058520847609479,12.741788344278831,16.80030919188831,0.0,0.0,0.0,47.091771090744174,3,False,False,False,False
R01ZF,R01ZF_SARF000038,38,1267,1278,NOMINAL_INDEX_FPS_ZERO_OFFSET_UNVERIFIED,R01ZF_REUSED_R01ZF_PERSON001,1,1278,1278,False,0,3.654474923612945,8.372974959690588,6.013724941651766,-2.345525076387055,14.372974959690588,16.718500036077643,0.0,0.0,0.0,45.46058447533242,3,False,False,False,False
R01ZF,R01ZF_SARF000039,39,1300,1278,NOMINAL_INDEX_FPS_ZERO_OFFSET_UNVERIFIED,R01ZF_REUSED_R01ZF_PERSON001,1,1278,1278,False,0,3.654474923612945,8.372974959690588,6.013724941651766,-2.345525076387055,14.372974959690588,16.718500036077643,0.0,0.0,0.0,45.46058447533242,3,False,False,False,False
R01ZF,R01ZF_SARF000040,40,1333,1333,NOMINAL_INDEX_FPS_ZERO_OFFSET_UNVERIFIED,R01ZF_REUSED_R01ZF_PERSON001,1,1333,1333,False,0,5.297295085470154,10.039273792652729,7.668284439061441,-0.7027049145298463,16.03927379265273,16.741978707182575,0.0,0.0,0.0,43.79428564237028,3,False,False,False,False
R01ZF,R01ZF_SARF000041,41,1367,1389,NOMINAL_INDEX_FPS_ZERO_OFFSET_UNVERIFIED,R01ZF_REUSED_R01ZF_PERSON001,1,1389,1389,False,0,6.904449671384789,11.738357482866881,9.321403577125835,0.9044496713847892,17.73835748286688,16.833907811482092,0.0,0.0,0.0,42.09520195215613,3,False,False,False,False
R01ZF,R01ZF_SARF000042,42,1400,1389,NOMINAL_INDEX_FPS_ZERO_OFFSET_UNVERIFIED,R01ZF_REUSED_R01ZF_PERSON001,1,1389,1389,False,0,6.904449671384789,11.738357482866881,9.321403577125835,0.9044496713847892,17.73835748286688,16.833907811482092,0.0,0.0,0.0,42.09520195215613,3,False,False,False,False
R01ZF,R01ZF_SARF000043,43,1433,1444,NOMINAL_INDEX_FPS_ZERO_OFFSET_UNVERIFIED,R01ZF_REUSED_R01ZF_PERSON001,1,1444,1444,False,0,8.551546968115836,13.449374184069839,11.000460576092838,2.5515469681158365,19.44937418406984,16.897827215954003,0.0,0.0,0.0,40.384185250953166,3,False,False,False,False
R01ZF,R01ZF_SARF000044,44,1467,1444,NOMINAL_INDEX_FPS_ZERO_OFFSET_UNVERIFIED,R01ZF_REUSED_R01ZF_PERSON001,1,1444,1444,False,0,8.551546968115836,13.449374184069839,11.000460576092838,2.5515469681158365,19.44937418406984,16.897827215954003,0.0,0.0,0.0,40.384185250953166,3,False,False,False,False
R01ZF,R01ZF_SARF000045,45,1500,1500,NOMINAL_INDEX_FPS_ZERO_OFFSET_UNVERIFIED,R01ZF_REUSED_R01ZF_PERSON001,1,1500,1500,False,0,10.199252959075352,15.12732609377698,12.663289526426166,4.199252959075352,21.12732609377698,16.928073134701627,0.0,0.0,0.0,38.706233341246026,3,False,False,False,False
R01ZF,R01ZF_SARF000046,46,1533,1556,NOMINAL_INDEX_FPS_ZERO_OFFSET_UNVERIFIED,R01ZF_REUSED_R01ZF_PERSON001,1,1556,1556,False,0,11.793966746298182,16.8108376278063,14.302402187052241,5.793966746298182,22.8108376278063,17.01687088150812,0.0,0.0,0.0,37.02272180721671,3,False,False,False,False
R01ZF,R01ZF_SARF000047,47,1567,1556,NOMINAL_INDEX_FPS_ZERO_OFFSET_UNVERIFIED,R01ZF_REUSED_R01ZF_PERSON001,1,1556,1556,False,0,11.793966746298182,16.8108376278063,14.302402187052241,5.793966746298182,22.8108376278063,17.01687088150812,0.0,0.0,0.0,37.02272180721671,3,False,False,False,False
R01ZF,R01ZF_SARF000048,48,1600,1611,NOMINAL_INDEX_FPS_ZERO_OFFSET_UNVERIFIED,R01ZF_REUSED_R01ZF_PERSON001,1,1611,1611,False,0,13.383817489764617,18.516665780314554,15.950241635039585,7.383817489764617,24.516665780314554,17.132848290549937,0.0,0.0,0.0,35.31689365470845,3,False,False,False,False
R01ZF,R01ZF_SARF000049,49,1633,1611,NOMINAL_INDEX_FPS_ZERO_OFFSET_UNVERIFIED,R01ZF_REUSED_R01ZF_PERSON001,1,1611,1611,False,0,13.383817489764617,18.516665780314554,15.950241635039585,7.383817489764617,24.516665780314554,17.132848290549937,0.0,0.0,0.0,35.31689365470845,3,False,False,False,False
R01ZF,R01ZF_SARF000050,50,1667,1667,NOMINAL_INDEX_FPS_ZERO_OFFSET_UNVERIFIED,R01ZF_REUSED_R01ZF_PERSON001,1,1667,1667,False,0,14.92111871620331,20.229544369755672,17.57533154297949,8.92111871620331,26.229544369755672,17.308425653552362,0.0,0.0,0.0,33.60401506526733,3,False,False,False,False
R01ZF,R01ZF_SARF000051,51,1700,1722,NOMINAL_INDEX_FPS_ZERO_OFFSET_UNVERIFIED,R01ZF_REUSED_R01ZF_PERSON001,1,1722,1722,False,0,16.515467937896723,21.917027064017404,19.216247500957063,10.515467937896723,27.917027064017404,17.40155912612068,0.0,0.0,0.0,31.9165323710056,3,False,False,False,False
R01ZF,R01ZF_SARF000052,52,1733,1722,NOMINAL_INDEX_FPS_ZERO_OFFSET_UNVERIFIED,R01ZF_REUSED_R01ZF_PERSON001,1,1722,1722,False,0,16.515467937896723,21.917027064017404,19.216247500957063,10.515467937896723,27.917027064017404,17.40155912612068,0.0,0.0,0.0,31.9165323710056,3,False,False,False,False
R01ZF,R01ZF_SARF000053,53,1767,1778,NOMINAL_INDEX_FPS_ZERO_OFFSET_UNVERIFIED,R01ZF_REUSED_R01ZF_PERSON001,1,1778,1778,False,0,18.111444684276343,23.548334116254182,20.829889400265262,12.111444684276343,29.548334116254182,17.43688943197784,0.0,0.0,0.0,30.285225318768823,3,False,False,False,False
R01ZF,R01ZF_SARF000054,54,1800,1778,NOMINAL_INDEX_FPS_ZERO_OFFSET_UNVERIFIED,R01ZF_REUSED_R01ZF_PERSON001,1,1778,1778,False,0,18.111444684276343,23.548334116254182,20.829889400265262,12.111444684276343,29.548334116254182,17.43688943197784,0.0,0.0,0.0,30.285225318768823,3,False,False,False,False
R01ZF,R01ZF_SARF000055,55,1833,1833,NOMINAL_INDEX_FPS_ZERO_OFFSET_UNVERIFIED,R01ZF_REUSED_R01ZF_PERSON001,1,1833,1833,False,0,19.657078837101565,25.186444221675714,22.42176152938864,13.657078837101565,31.186444221675714,17.52936538457415,0.0,0.0,0.0,28.64711521334729,3,False,False,False,False
R01ZF,R01ZF_SARF000056,56,1867,1889,NOMINAL_INDEX_FPS_ZERO_OFFSET_UNVERIFIED,R01ZF_REUSED_R01ZF_PERSON001,1,1889,1889,False,0,21.1967171889884,26.83237946578076,24.01454832738458,15.196717188988401,32.83237946578076,17.63566227679236,0.0,0.0,0.0,27.001179969242244,3,False,False,False,False
R01ZF,R01ZF_SARF000057,57,1900,1889,NOMINAL_INDEX_FPS_ZERO_OFFSET_UNVERIFIED,R01ZF_REUSED_R01ZF_PERSON001,1,1889,1889,False,0,21.1967171889884,26.83237946578076,24.01454832738458,15.196717188988401,32.83237946578076,17.63566227679236,0.0,0.0,0.0,27.001179969242244,3,False,False,False,False
R01ZF,R01ZF_SARF000058,58,1933,1944,NOMINAL_INDEX_FPS_ZERO_OFFSET_UNVERIFIED,R01ZF_REUSED_R01ZF_PERSON001,1,1944,1944,False,0,22.684261730760582,28.49340511876258,25.58883342476158,16.684261730760582,34.49340511876258,17.809143388002,0.0,0.0,0.0,25.340154316260424,3,False,False,False,False
R01ZF,R01ZF_SARF000059,59,1967,1944,NOMINAL_INDEX_FPS_ZERO_OFFSET_UNVERIFIED,R01ZF_REUSED_R01ZF_PERSON001,1,1944,1944,False,0,22.684261730760582,28.49340511876258,25.58883342476158,16.684261730760582,34.49340511876258,17.809143388002,0.0,0.0,0.0,25.340154316260424,3,False,False,False,False
R01ZF,R01ZF_SARF000060,60,2000,2000,NOMINAL_INDEX_FPS_ZERO_OFFSET_UNVERIFIED,R01ZF_REUSED_R01ZF_PERSON001,1,2000,2000,False,0,24.232812407823758,29.978925019828793,27.105868713826275,18.232812407823758,35.97892501982879,17.746112612005035,0.0,0.0,0.0,23.85463441519421,3,False,False,False,False
R01ZF,R01ZF_SARF000061,61,2033,2056,NOMINAL_INDEX_FPS_ZERO_OFFSET_UNVERIFIED,R01ZF_REUSED_R01ZF_PERSON001,1,2056,2056,False,0,25.73472473751464,31.165019439470058,28.44987208849235,19.73472473751464,37.16501943947006,17.430294701955418,0.0,0.0,0.0,22.668539995552948,3,False,False,False,False
R01ZF,R01ZF_SARF000062,62,2067,2056,NOMINAL_INDEX_FPS_ZERO_OFFSET_UNVERIFIED,R01ZF_REUSED_R01ZF_PERSON001,1,2056,2056,False,0,25.73472473751464,31.165019439470058,28.44987208849235,19.73472473751464,37.16501943947006,17.430294701955418,0.0,0.0,0.0,22.668539995552948,3,False,False,False,False
R01ZF,R01ZF_SARF000063,63,2100,2111,NOMINAL_INDEX_FPS_ZERO_OFFSET_UNVERIFIED,R01ZF_REUSED_R01ZF_PERSON001,1,2111,2111,False,0,27.219300674261632,32.71667543363131,29.96798805394647,21.219300674261632,38.71667543363131,17.497374759369677,0.0,0.0,0.0,21.116884001391696,3,False,False,False,False
R01ZF,R01ZF_SARF000064,64,2133,2111,NOMINAL_INDEX_FPS_ZERO_OFFSET_UNVERIFIED,R01ZF_REUSED_R01ZF_PERSON001,1,2111,2111,False,0,27.219300674261632,32.71667543363131,29.96798805394647,21.219300674261632,38.71667543363131,17.497374759369677,0.0,0.0,0.0,21.116884001391696,3,False,False,False,False
R01ZF,R01ZF_SARF000065,65,2167,2167,NOMINAL_INDEX_FPS_ZERO_OFFSET_UNVERIFIED,R01ZF_REUSED_R01ZF_PERSON001,1,2167,2167,False,0,28.763053408551812,34.514074635007745,31.63856402177978,22.763053408551812,40.514074635007745,17.751021226455933,0.0,0.0,0.0,19.31948480001526,3,False,False,False,False
R01ZF,R01ZF_SARF000066,66,2200,2222,NOMINAL_INDEX_FPS_ZERO_OFFSET_UNVERIFIED,R01ZF_REUSED_R01ZF_PERSON001,1,2222,2222,False,0,30.332761906516964,36.413740977484665,33.373251442000814,24.332761906516964,42.413740977484665,18.0809790709677,0.0,0.0,0.0,17.41981845753834,3,False,False,False,False
R01ZF,R01ZF_SARF000067,67,2233,2222,NOMINAL_INDEX_FPS_ZERO_OFFSET_UNVERIFIED,R01ZF_REUSED_R01ZF_PERSON001,1,2222,2222,False,0,30.332761906516964,36.413740977484665,33.373251442000814,24.332761906516964,42.413740977484665,18.0809790709677,0.0,0.0,0.0,17.41981845753834,3,False,False,False,False
R01ZF,R01ZF_SARF000068,68,2267,2278,NOMINAL_INDEX_FPS_ZERO_OFFSET_UNVERIFIED,R01ZF_REUSED_R01ZF_PERSON001,1,2278,2278,False,0,31.89867501691633,37.66694800503322,34.782811510974774,25.89867501691633,43.66694800503322,17.76827298811689,0.0,0.0,0.0,16.166611429989786,3,False,False,False,False
R01ZF,R01ZF_SARF000069,69,2300,2278,NOMINAL_INDEX_FPS_ZERO_OFFSET_UNVERIFIED,R01ZF_REUSED_R01ZF_PERSON001,1,2278,2278,False,0,31.89867501691633,37.66694800503322,34.782811510974774,25.89867501691633,43.66694800503322,17.76827298811689,0.0,0.0,0.0,16.166611429989786,3,False,False,False,False
R01ZF,R01ZF_SARF000070,70,2333,2333,NOMINAL_INDEX_FPS_ZERO_OFFSET_UNVERIFIED,R01ZF_REUSED_R01ZF_PERSON001,1,2333,2333,False,0,33.38676640698263,39.66022956738118,36.523497987181905,27.38676640698263,45.66022956738118,18.27346316039855,0.0,0.0,0.0,14.173329867641826,3,False,False,False,False
R01ZF,R01ZF_SARF000071,71,2367,2389,NOMINAL_INDEX_FPS_ZERO_OFFSET_UNVERIFIED,R01ZF_REUSED_R01ZF_PERSON001,1,2389,2389,False,0,34.77434838261212,41.386883525757696,38.08061595418491,28.774348382612118,47.386883525757696,18.61253514314558,0.0,0.0,0.0,12.44667590926531,3,False,False,False,False
R01ZF,R01ZF_SARF000072,72,2400,2389,NOMINAL_INDEX_FPS_ZERO_OFFSET_UNVERIFIED,R01ZF_REUSED_R01ZF_PERSON001,1,2389,2389,False,0,34.77434838261212,41.386883525757696,38.08061595418491,28.774348382612118,47.386883525757696,18.61253514314558,0.0,0.0,0.0,12.44667590926531,3,False,False,False,False
R01ZF,R01ZF_SARF000073,73,2433,2444,NOMINAL_INDEX_FPS_ZERO_OFFSET_UNVERIFIED,R01ZF_REUSED_R01ZF_PERSON001,1,2444,2444,False,0,36.26089687927784,42.38565636427052,39.32327662177418,30.260896879277837,48.38565636427052,18.12475948499268,0.0,0.0,0.0,11.447903070752488,3,False,False,False,False
R01ZF,R01ZF_SARF000074,74,2467,2444,NOMINAL_INDEX_FPS_ZERO_OFFSET_UNVERIFIED,R01ZF_REUSED_R01ZF_PERSON001,1,2444,2444,False,0,36.26089687927784,42.38565636427052,39.32327662177418,30.260896879277837,48.38565636427052,18.12475948499268,0.0,0.0,0.0,11.447903070752488,3,False,False,False,False
R01ZF,R01ZF_SARF000075,75,2500,2500,NOMINAL_INDEX_FPS_ZERO_OFFSET_UNVERIFIED,R01ZF_REUSED_R01ZF_PERSON001,1,2500,2500,False,0,37.88023837003277,44.42140981079751,41.15082409041514,31.88023837003277,50.42140981079751,18.541171440764742,0.0,0.0,0.0,9.412149624225492,3,False,False,False,False
R01ZF,R01ZF_SARF000076,76,2533,2556,NOMINAL_INDEX_FPS_ZERO_OFFSET_UNVERIFIED,R01ZF_REUSED_R01ZF_PERSON001,1,2556,2556,False,0,39.38185774528105,46.11889201672042,42.75037488100074,33.38185774528105,52.11889201672042,18.73703427143937,0.0,0.0,0.0,7.714667418302582,3,False,False,False,False
R01ZF,R01ZF_SARF000077,77,2567,2556,NOMINAL_INDEX_FPS_ZERO_OFFSET_UNVERIFIED,R01ZF_REUSED_R01ZF_PERSON001,1,2556,2556,False,0,39.38185774528105,46.11889201672042,42.75037488100074,33.38185774528105,52.11889201672042,18.73703427143937,0.0,0.0,0.0,7.714667418302582,3,False,False,False,False
R01ZF,R01ZF_SARF000078,78,2600,2611,NOMINAL_INDEX_FPS_ZERO_OFFSET_UNVERIFIED,R01ZF_REUSED_R01ZF_PERSON001,1,2611,2611,False,0,40.845353982310925,47.75883145988708,44.302092721099,34.845353982310925,53.75883145988708,18.91347747757615,0.0,0.0,0.0,6.074727975135929,3,False,False,False,False
R01ZF,R01ZF_SARF000079,79,2633,2611,NOMINAL_INDEX_FPS_ZERO_OFFSET_UNVERIFIED,R01ZF_REUSED_R01ZF_PERSON001,1,2611,2611,False,0,40.845353982310925,47.75883145988708,44.302092721099,34.845353982310925,53.75883145988708,18.91347747757615,0.0,0.0,0.0,6.074727975135929,3,False,False,False,False
R01ZF,R01ZF_SARF000080,80,2667,2667,NOMINAL_INDEX_FPS_ZERO_OFFSET_UNVERIFIED,R01ZF_REUSED_R01ZF_PERSON001,1,2667,2667,False,0,42.294606123298834,49.37658448654959,45.83559530492421,36.294606123298834,55.37658448654959,19.081978363250755,0.0,0.0,0.0,4.456974948473416,3,False,False,False,False
R01ZF,R01ZF_SARF000081,81,2700,2722,NOMINAL_INDEX_FPS_ZERO_OFFSET_UNVERIFIED,R01ZF_REUSED_R01ZF_PERSON001,1,2722,2722,False,0,43.679382246370935,50.925623421016226,47.30250283369358,37.679382246370935,56.925623421016226,19.24624117464529,0.0,0.0,0.0,2.907936014006779,3,False,False,False,False
R01ZF,R01ZF_SARF000082,82,2733,2722,NOMINAL_INDEX_FPS_ZERO_OFFSET_UNVERIFIED,R01ZF_REUSED_R01ZF_PERSON001,1,2722,2722,False,0,43.679382246370935,50.925623421016226,47.30250283369358,37.679382246370935,56.925623421016226,19.24624117464529,0.0,0.0,0.0,2.907936014006779,3,False,False,False,False
R01ZF,R01ZF_SARF000083,83,2767,2778,NOMINAL_INDEX_FPS_ZERO_OFFSET_UNVERIFIED,R01ZF_REUSED_R01ZF_PERSON001,1,2778,2778,False,0,45.16107420937833,52.518514380591995,48.83979429498516,39.16107420937833,58.518514380591995,19.357440171213668,0.0,0.0,0.0,1.3150450544310104,3,False,False,False,False
R01ZF,R01ZF_SARF000084,84,2800,2778,NOMINAL_INDEX_FPS_ZERO_OFFSET_UNVERIFIED,R01ZF_REUSED_R01ZF_PERSON001,1,2778,2778,False,0,45.16107420937833,52.518514380591995,48.83979429498516,39.16107420937833,58.518514380591995,19.357440171213668,0.0,0.0,0.0,1.3150450544310104,3,False,False,False,False
R01ZF,R01ZF_SARF000085,85,2833,2833,NOMINAL_INDEX_FPS_ZERO_OFFSET_UNVERIFIED,R01ZF_REUSED_R01ZF_PERSON001,1,2833,2833,False,0,46.69855120848365,54.09485015907261,50.39670068377813,40.69855120848365,59.833559435023005,19.135008226539355,0.0,0.2612907240496014,0.2612907240496014,0.0,3,True,False,False,False
R01ZF,R01ZF_SARF000086,86,2867,2889,NOMINAL_INDEX_FPS_ZERO_OFFSET_UNVERIFIED,R01ZF_REUSED_R01ZF_PERSON001,1,2889,2889,False,0,48.14537508264239,55.657449629211584,51.901412355926986,42.14537508264239,59.833559435023005,17.688184352380617,0.0,1.8238901941885783,1.8238901941885783,0.0,3,True,False,False,False
R01ZF,R01ZF_SARF000087,87,2900,2889,NOMINAL_INDEX_FPS_ZERO_OFFSET_UNVERIFIED,R01ZF_REUSED_R01ZF_PERSON001,1,2889,2889,False,0,48.14537508264239,55.657449629211584,51.901412355926986,42.14537508264239,59.833559435023005,17.688184352380617,0.0,1.8238901941885783,1.8238901941885783,0.0,3,True,False,False,False
R01ZF,R01ZF_SARF000088,88,2933,2944,NOMINAL_INDEX_FPS_ZERO_OFFSET_UNVERIFIED,R01ZF_REUSED_R01ZF_PERSON001,1,2944,2944,False,0,49.56344385066686,56.8927408650291,53.22809235784798,43.56344385066686,59.833559435023005,16.270115584356148,0.0,3.059181430006092,3.059181430006092,0.0,3,True,False,False,False
R01ZF,R01ZF_SARF000089,89,2967,2944,NOMINAL_INDEX_FPS_ZERO_OFFSET_UNVERIFIED,R01ZF_REUSED_R01ZF_PERSON001,1,2944,2944,False,0,49.56344385066686,56.8927408650291,53.22809235784798,43.56344385066686,59.833559435023005,16.270115584356148,0.0,3.059181430006092,3.059181430006092,0.0,3,True,False,False,False
R01ZF,R01ZF_SARF000090,90,3000,3000,NOMINAL_INDEX_FPS_ZERO_OFFSET_UNVERIFIED,R01ZF_REUSED_R01ZF_PERSON001,1,3000,3000,False,0,50.96885698674444,56.8927408650291,53.93079892588677,44.96885698674444,59.833559435023005,14.864702448278564,0.0,3.059181430006092,3.059181430006092,0.0,3,True,False,False,False
R01ZF,R01ZF_SARF000091,91,3033,3056,NOMINAL_INDEX_FPS_ZERO_OFFSET_UNVERIFIED,R01ZF_REUSED_R01ZF_PERSON001,1,3056,3056,False,0,52.42168968203772,56.8927408650291,54.65721527353341,46.42168968203772,59.833559435023005,13.411869752985282,0.0,3.059181430006092,3.059181430006092,0.0,2,True,False,False,False
R01ZF,R01ZF_SARF000092,92,3067,3056,NOMINAL_INDEX_FPS_ZERO_OFFSET_UNVERIFIED,R01ZF_REUSED_R01ZF_PERSON001,1,3056,3056,False,0,52.42168968203772,56.8927408650291,54.65721527353341,46.42168968203772,59.833559435023005,13.411869752985282,0.0,3.059181430006092,3.059181430006092,0.0,2,True,False,False,False
R01ZF,R01ZF_SARF000093,93,3100,3111,NOMINAL_INDEX_FPS_ZERO_OFFSET_UNVERIFIED,R01ZF_REUSED_R01ZF_PERSON001,1,3111,3111,False,0,53.747874916454506,56.8927408650291,55.3203078907418,47.747874916454506,59.833559435023005,12.0856845185685,0.0,3.059181430006092,3.059181430006092,0.0,2,True,False,False,False
R01ZF,R01ZF_SARF000094,94,3133,3111,NOMINAL_INDEX_FPS_ZERO_OFFSET_UNVERIFIED,R01ZF_REUSED_R01ZF_PERSON001,1,3111,3111,False,0,53.747874916454506,56.8927408650291,55.3203078907418,47.747874916454506,59.833559435023005,12.0856845185685,0.0,3.059181430006092,3.059181430006092,0.0,2,True,False,False,False
R01ZF,R01ZF_SARF000000,0,0,0,NOMINAL_INDEX_FPS_ZERO_OFFSET_UNVERIFIED,R01ZF_REUSED_R01ZF_PERSON002,1,0,0,False,0,-33.00286899289302,-26.163203014826422,-29.58303600385972,-39.00286899289302,-20.163203014826422,18.8396659780666,0.0,0.0,0.0,20.92542949140872,2,False,False,False,False
R01ZF,R01ZF_SARF000001,1,33,56,NOMINAL_INDEX_FPS_ZERO_OFFSET_UNVERIFIED,R01ZF_REUSED_R01ZF_PERSON002,1,56,56,False,0,-31.154004205929965,-24.392116005027773,-27.77306010547887,-37.154004205929965,-18.392116005027773,18.76188820090219,0.0,0.0,0.0,22.774294278371777,2,False,False,False,False
R01ZF,R01ZF_SARF000002,2,67,56,NOMINAL_INDEX_FPS_ZERO_OFFSET_UNVERIFIED,R01ZF_REUSED_R01ZF_PERSON002,1,56,56,False,0,-31.154004205929965,-24.392116005027773,-27.77306010547887,-37.154004205929965,-18.392116005027773,18.76188820090219,0.0,0.0,0.0,22.774294278371777,2,False,False,False,False
R01ZF,R01ZF_SARF000003,3,100,111,NOMINAL_INDEX_FPS_ZERO_OFFSET_UNVERIFIED,R01ZF_REUSED_R01ZF_PERSON002,1,111,111,False,0,-29.311540473554334,-22.58440968982289,-25.94797508168861,-35.31154047355433,-16.58440968982289,18.72713078373144,0.0,0.0,0.0,24.61675801074741,2,False,False,False,False
R01ZF,R01ZF_SARF000004,4,133,111,NOMINAL_INDEX_FPS_ZERO_OFFSET_UNVERIFIED,R01ZF_REUSED_R01ZF_PERSON002,1,111,111,False,0,-29.311540473554334,-22.58440968982289,-25.94797508168861,-35.31154047355433,-16.58440968982289,18.72713078373144,0.0,0.0,0.0,24.61675801074741,2,False,False,False,False
R01ZF,R01ZF_SARF000005,5,167,167,NOMINAL_INDEX_FPS_ZERO_OFFSET_UNVERIFIED,R01ZF_REUSED_R01ZF_PERSON002,1,167,167,False,0,-27.196209207559132,-20.745070804839543,-23.97064000619934,-33.196209207559136,-14.745070804839543,18.451138402719597,0.0,0.0,0.0,26.73208927674261,2,False,False,False,False
R01ZF,R01ZF_SARF000006,6,200,222,NOMINAL_INDEX_FPS_ZERO_OFFSET_UNVERIFIED,R01ZF_REUSED_R01ZF_PERSON002,1,222,222,False,0,-25.29859354618582,-18.900673573136284,-22.09963355966105,-31.29859354618582,-12.900673573136284,18.397919973049536,0.0,0.0,0.0,28.62970493811592,2,False,False,False,False
R01ZF,R01ZF_SARF000007,7,233,222,NOMINAL_INDEX_FPS_ZERO_OFFSET_UNVERIFIED,R01ZF_REUSED_R01ZF_PERSON002,1,222,222,False,0,-25.29859354618582,-18.900673573136284,-22.09963355966105,-31.29859354618582,-12.900673573136284,18.397919973049536,0.0,0.0,0.0,28.62970493811592,2,False,False,False,False
R01ZF,R01ZF_SARF000008,8,267,278,NOMINAL_INDEX_FPS_ZERO_OFFSET_UNVERIFIED,R01ZF_REUSED_R01ZF_PERSON002,1,278,278,False,0,-23.425402147759847,-17.09645504332991,-20.26092859554488,-29.425402147759847,-11.096455043329911,18.328947104429936,0.0,0.0,0.0,30.50289633654189,2,False,False,False,False
R01ZF,R01ZF_SARF000009,9,300,278,NOMINAL_INDEX_FPS_ZERO_OFFSET_UNVERIFIED,R01ZF_REUSED_R01ZF_PERSON002,1,278,278,False,0,-23.425402147759847,-17.09645504332991,-20.26092859554488,-29.425402147759847,-11.096455043329911,18.328947104429936,0.0,0.0,0.0,30.50289633654189,2,False,False,False,False
R01ZF,R01ZF_SARF000010,10,333,333,NOMINAL_INDEX_FPS_ZERO_OFFSET_UNVERIFIED,R01ZF_REUSED_R01ZF_PERSON002,1,333,333,False,0,-21.53500130331306,-15.253859481453638,-18.39443039238335,-27.53500130331306,-9.253859481453638,18.28114182185942,0.0,0.0,0.0,32.39329718098868,2,False,False,False,False
R01ZF,R01ZF_SARF000011,11,367,389,NOMINAL_INDEX_FPS_ZERO_OFFSET_UNVERIFIED,R01ZF_REUSED_R01ZF_PERSON002,1,389,389,False,0,-19.70999928328123,-13.49461596878595,-16.602307626033593,-25.70999928328123,-7.494615968785951,18.21538331449528,0.0,0.0,0.0,34.218299201020514,2,False,False,False,False
R01ZF,R01ZF_SARF000012,12,400,389,NOMINAL_INDEX_FPS_ZERO_OFFSET_UNVERIFIED,R01ZF_REUSED_R01ZF_PERSON002,1,389,389,False,0,-19.70999928328123,-13.49461596878595,-16.602307626033593,-25.70999928328123,-7.494615968785951,18.21538331449528,0.0,0.0,0.0,34.218299201020514,2,False,False,False,False
R01ZF,R01ZF_SARF000013,13,433,444,NOMINAL_INDEX_FPS_ZERO_OFFSET_UNVERIFIED,R01ZF_REUSED_R01ZF_PERSON002,1,444,444,False,0,-17.864168202332102,-11.686104028860555,-14.775136115596329,-23.864168202332102,-5.686104028860555,18.178064173471547,0.0,0.0,0.0,36.06413028196964,2,False,False,False,False
R01ZF,R01ZF_SARF000014,14,467,444,NOMINAL_INDEX_FPS_ZERO_OFFSET_UNVERIFIED,R01ZF_REUSED_R01ZF_PERSON002,1,444,444,False,0,-17.864168202332102,-11.686104028860555,-14.775136115596329,-23.864168202332102,-5.686104028860555,18.178064173471547,0.0,0.0,0.0,36.06413028196964,2,False,False,False,False
R01ZF,R01ZF_SARF000015,15,500,500,NOMINAL_INDEX_FPS_ZERO_OFFSET_UNVERIFIED,R01ZF_REUSED_R01ZF_PERSON002,1,500,500,False,0,-16.054953171740177,-9.910682920828599,-12.982818046284388,-22.054953171740177,-3.9106829208285987,18.14427025091158,0.0,0.0,0.0,37.87334531256157,2,False,False,False,False
R01ZF,R01ZF_SARF000016,16,533,556,NOMINAL_INDEX_FPS_ZERO_OFFSET_UNVERIFIED,R01ZF_REUSED_R01ZF_PERSON002,1,556,556,False,0,-14.257482359276938,-8.127007007592319,-11.192244683434629,-20.25748235927694,-2.1270070075923186,18.13047535168462,0.0,0.0,0.0,39.6708161250248,3,False,False,False,False
R01ZF,R01ZF_SARF000017,17,567,556,NOMINAL_INDEX_FPS_ZERO_OFFSET_UNVERIFIED,R01ZF_REUSED_R01ZF_PERSON002,1,556,556,False,0,-14.257482359276938,-8.127007007592319,-11.192244683434629,-20.25748235927694,-2.1270070075923186,18.13047535168462,0.0,0.0,0.0,39.6708161250248,3,False,False,False,False
R01ZF,R01ZF_SARF000018,18,600,611,NOMINAL_INDEX_FPS_ZERO_OFFSET_UNVERIFIED,R01ZF_REUSED_R01ZF_PERSON002,1,611,611,False,0,-12.435321997344559,-6.355319441186452,-9.395320719265506,-18.43532199734456,-0.3553194411864524,18.080002556158107,0.0,0.0,0.0,41.49297648695718,3,False,False,False,False
R01ZF,R01ZF_SARF000019,19,633,611,NOMINAL_INDEX_FPS_ZERO_OFFSET_UNVERIFIED,R01ZF_REUSED_R01ZF_PERSON002,1,611,611,False,0,-12.435321997344559,-6.355319441186452,-9.395320719265506,-18.43532199734456,-0.3553194411864524,18.080002556158107,0.0,0.0,0.0,41.49297648695718,3,False,False,False,False
R01ZF,R01ZF_SARF000020,20,667,667,NOMINAL_INDEX_FPS_ZERO_OFFSET_UNVERIFIED,R01ZF_REUSED_R01ZF_PERSON002,1,667,667,False,0,-10.68170320998778,-4.6542306405605345,-7.667966925274158,-16.68170320998778,1.3457693594394655,18.02747256942725,0.0,0.0,0.0,43.24659527431396,3,False,False,False,False
R01ZF,R01ZF_SARF000021,21,700,722,NOMINAL_INDEX_FPS_ZERO_OFFSET_UNVERIFIED,R01ZF_REUSED_R01ZF_PERSON002,1,722,722,False,0,-8.984058251597055,-2.9662206283015706,-5.975139439949313,-14.984058251597055,3.0337793716984294,18.017837623295485,0.0,0.0,0.0,44.944240232704686,3,False,False,False,False
R01ZF,R01ZF_SARF000022,22,733,722,NOMINAL_INDEX_FPS_ZERO_OFFSET_UNVERIFIED,R01ZF_REUSED_R01ZF_PERSON002,1,722,722,False,0,-8.984058251597055,-2.9662206283015706,-5.975139439949313,-14.984058251597055,3.0337793716984294,18.017837623295485,0.0,0.0,0.0,44.944240232704686,3,False,False,False,False
R01ZF,R01ZF_SARF000023,23,767,778,NOMINAL_INDEX_FPS_ZERO_OFFSET_UNVERIFIED,R01ZF_REUSED_R01ZF_PERSON002,1,778,778,False,0,-7.192719952145069,-1.257772161052337,-4.225246056598703,-13.192719952145069,4.742227838947663,17.934947791092732,0.0,0.0,0.0,46.73557853215667,3,False,False,False,False
R01ZF,R01ZF_SARF000024,24,800,778,NOMINAL_INDEX_FPS_ZERO_OFFSET_UNVERIFIED,R01ZF_REUSED_R01ZF_PERSON002,1,778,778,False,0,-7.192719952145069,-1.257772161052337,-4.225246056598703,-13.192719952145069,4.742227838947663,17.934947791092732,0.0,0.0,0.0,46.73557853215667,3,False,False,False,False
R01ZF,R01ZF_SARF000025,25,833,833,NOMINAL_INDEX_FPS_ZERO_OFFSET_UNVERIFIED,R01ZF_REUSED_R01ZF_PERSON002,1,833,833,False,0,-5.423359746037569,0.4031753707472845,-2.5100921876451423,-11.423359746037569,6.4031753707472845,17.826535116784854,0.0,0.0,0.0,48.50493873826417,3,False,False,False,False
R01ZF,R01ZF_SARF000026,26,867,889,NOMINAL_INDEX_FPS_ZERO_OFFSET_UNVERIFIED,R01ZF_REUSED_R01ZF_PERSON002,1,889,889,False,0,-3.7682224773652635,2.234856752087154,-0.7666828626390547,-9.768222477365264,8.234856752087154,18.003079229452418,0.0,0.0,0.0,50.16007600693648,3,False,False,False,False
R01ZF,R01ZF_SARF000027,27,900,889,NOMINAL_INDEX_FPS_ZERO_OFFSET_UNVERIFIED,R01ZF_REUSED_R01ZF_PERSON002,1,889,889,False,0,-3.7682224773652635,2.234856752087154,-0.7666828626390547,-9.768222477365264,8.234856752087154,18.003079229452418,0.0,0.0,0.0,50.16007600693648,3,False,False,False,False
R01ZF,R01ZF_SARF000028,28,933,944,NOMINAL_INDEX_FPS_ZERO_OFFSET_UNVERIFIED,R01ZF_REUSED_R01ZF_PERSON002,1,944,944,False,0,-2.044494808371141,3.917499187933089,0.936502189780974,-8.044494808371141,9.917499187933089,17.96199399630423,0.0,0.0,0.0,49.91606024708992,3,False,False,False,False
R01ZF,R01ZF_SARF000029,29,967,944,NOMINAL_INDEX_FPS_ZERO_OFFSET_UNVERIFIED,R01ZF_REUSED_R01ZF_PERSON002,1,944,944,False,0,-2.044494808371141,3.917499187933089,0.936502189780974,-8.044494808371141,9.917499187933089,17.96199399630423,0.0,0.0,0.0,49.91606024708992,3,False,False,False,False
R01ZF,R01ZF_SARF000030,30,1000,1000,NOMINAL_INDEX_FPS_ZERO_OFFSET_UNVERIFIED,R01ZF_REUSED_R01ZF_PERSON002,1,1000,1000,False,0,-0.31421146994836846,5.557969204146005,2.6218788670988182,-6.3142114699483685,11.557969204146005,17.872180674094373,0.0,0.0,0.0,48.275590230877,3,False,False,False,False
R01ZF,R01ZF_SARF000031,31,1033,1056,NOMINAL_INDEX_FPS_ZERO_OFFSET_UNVERIFIED,R01ZF_REUSED_R01ZF_PERSON002,1,1056,1056,False,0,1.3418599978933798,7.123927885237222,4.232893941565301,-4.65814000210662,13.123927885237222,17.782067887343842,0.0,0.0,0.0,46.70963154978578,3,False,False,False,False
R01ZF,R01ZF_SARF000032,32,1067,1056,NOMINAL_INDEX_FPS_ZERO_OFFSET_UNVERIFIED,R01ZF_REUSED_R01ZF_PERSON002,1,1056,1056,False,0,1.3418599978933798,7.123927885237222,4.232893941565301,-4.65814000210662,13.123927885237222,17.782067887343842,0.0,0.0,0.0,46.70963154978578,3,False,False,False,False
R01ZF,R01ZF_SARF000033,33,1100,1111,NOMINAL_INDEX_FPS_ZERO_OFFSET_UNVERIFIED,R01ZF_REUSED_R01ZF_PERSON002,1,1111,1111,False,0,3.0051348899913677,8.730490052165898,5.867812471078633,-2.9948651100086323,14.730490052165898,17.72535516217453,0.0,0.0,0.0,45.10306938285711,3,False,False,False,False
R01ZF,R01ZF_SARF000034,34,1133,1111,NOMINAL_INDEX_FPS_ZERO_OFFSET_UNVERIFIED,R01ZF_REUSED_R01ZF_PERSON002,1,1111,1111,False,0,3.0051348899913677,8.730490052165898,5.867812471078633,-2.9948651100086323,14.730490052165898,17.72535516217453,0.0,0.0,0.0,45.10306938285711,3,False,False,False,False
R01ZF,R01ZF_SARF000035,35,1167,1167,NOMINAL_INDEX_FPS_ZERO_OFFSET_UNVERIFIED,R01ZF_REUSED_R01ZF_PERSON002,1,1167,1167,False,0,4.649234286250547,10.436018740133477,7.542626513192012,-1.3507657137494533,16.436018740133477,17.78678445388293,0.0,0.0,0.0,43.39754069488953,3,False,False,False,False
R01ZF,R01ZF_SARF000036,36,1200,1222,NOMINAL_INDEX_FPS_ZERO_OFFSET_UNVERIFIED,R01ZF_REUSED_R01ZF_PERSON002,1,1222,1222,False,0,6.300364589151037,12.054819892692372,9.177592240921705,0.30036458915103736,18.05481989269237,17.754455303541334,0.0,0.0,0.0,41.77873954233064,3,False,False,False,False
R01ZF,R01ZF_SARF000037,37,1233,1222,NOMINAL_INDEX_FPS_ZERO_OFFSET_UNVERIFIED,R01ZF_REUSED_R01ZF_PERSON002,1,1222,1222,False,0,6.300364589151037,12.054819892692372,9.177592240921705,0.30036458915103736,18.05481989269237,17.754455303541334,0.0,0.0,0.0,41.77873954233064,3,False,False,False,False
R01ZF,R01ZF_SARF000038,38,1267,1278,NOMINAL_INDEX_FPS_ZERO_OFFSET_UNVERIFIED,R01ZF_REUSED_R01ZF_PERSON002,1,1278,1278,False,0,7.8757596583641245,13.808790225379745,10.842274941871935,1.8757596583641245,19.808790225379745,17.93303056701562,0.0,0.0,0.0,40.02476920964326,3,False,False,False,False
R01ZF,R01ZF_SARF000039,39,1300,1278,NOMINAL_INDEX_FPS_ZERO_OFFSET_UNVERIFIED,R01ZF_REUSED_R01ZF_PERSON002,1,1278,1278,False,0,7.8757596583641245,13.808790225379745,10.842274941871935,1.8757596583641245,19.808790225379745,17.93303056701562,0.0,0.0,0.0,40.02476920964326,3,False,False,False,False
R01ZF,R01ZF_SARF000040,40,1333,1333,NOMINAL_INDEX_FPS_ZERO_OFFSET_UNVERIFIED,R01ZF_REUSED_R01ZF_PERSON002,1,1333,1333,False,0,9.576334161188953,15.623460718711357,12.599897439950155,3.576334161188953,21.623460718711357,18.047126557522404,0.0,0.0,0.0,38.21009871631165,3,False,False,False,False
R01ZF,R01ZF_SARF000041,41,1367,1389,NOMINAL_INDEX_FPS_ZERO_OFFSET_UNVERIFIED,R01ZF_REUSED_R01ZF_PERSON002,1,1389,1389,False,0,11.209158066434021,17.09146845416703,14.150313260300525,5.209158066434021,23.09146845416703,17.882310387733007,0.0,0.0,0.0,36.74209098085598,3,False,False,False,False
R01ZF,R01ZF_SARF000042,42,1400,1389,NOMINAL_INDEX_FPS_ZERO_OFFSET_UNVERIFIED,R01ZF_REUSED_R01ZF_PERSON002,1,1389,1389,False,0,11.209158066434021,17.09146845416703,14.150313260300525,5.209158066434021,23.09146845416703,17.882310387733007,0.0,0.0,0.0,36.74209098085598,3,False,False,False,False
R01ZF,R01ZF_SARF000043,43,1433,1444,NOMINAL_INDEX_FPS_ZERO_OFFSET_UNVERIFIED,R01ZF_REUSED_R01ZF_PERSON002,1,1444,1444,False,0,12.815778824250692,18.79579277386847,15.805785799059581,6.8157788242506925,24.79579277386847,17.980013949617778,0.0,0.0,0.0,35.037766661154535,3,False,False,False,False
R01ZF,R01ZF_SARF000044,44,1467,1444,NOMINAL_INDEX_FPS_ZERO_OFFSET_UNVERIFIED,R01ZF_REUSED_R01ZF_PERSON002,1,1444,1444,False,0,12.815778824250692,18.79579277386847,15.805785799059581,6.8157788242506925,24.79579277386847,17.980013949617778,0.0,0.0,0.0,35.037766661154535,3,False,False,False,False
R01ZF,R01ZF_SARF000045,45,1500,1500,NOMINAL_INDEX_FPS_ZERO_OFFSET_UNVERIFIED,R01ZF_REUSED_R01ZF_PERSON002,1,1500,1500,False,0,14.372753569081425,20.34123162373284,17.35699259640713,8.372753569081425,26.34123162373284,17.968478054651413,0.0,0.0,0.0,33.49232781129017,3,False,False,False,False
R01ZF,R01ZF_SARF000046,46,1533,1556,NOMINAL_INDEX_FPS_ZERO_OFFSET_UNVERIFIED,R01ZF_REUSED_R01ZF_PERSON002,1,1556,1556,False,0,16.014203355155637,22.000974787263658,19.007589071209647,10.014203355155637,28.000974787263658,17.98677143210802,0.0,0.0,0.0,31.832584647759347,3,False,False,False,False
R01ZF,R01ZF_SARF000047,47,1567,1556,NOMINAL_INDEX_FPS_ZERO_OFFSET_UNVERIFIED,R01ZF_REUSED_R01ZF_PERSON002,1,1556,1556,False,0,16.014203355155637,22.000974787263658,19.007589071209647,10.014203355155637,28.000974787263658,17.98677143210802,0.0,0.0,0.0,31.832584647759347,3,False,False,False,False
R01ZF,R01ZF_SARF000048,48,1600,1611,NOMINAL_INDEX_FPS_ZERO_OFFSET_UNVERIFIED,R01ZF_REUSED_R01ZF_PERSON002,1,1611,1611,False,0,17.545756164406704,23.648342253091386,20.597049208749045,11.545756164406704,29.648342253091386,18.10258608868468,0.0,0.0,0.0,30.18521718193162,3,False,False,False,False
R01ZF,R01ZF_SARF000049,49,1633,1611,NOMINAL_INDEX_FPS_ZERO_OFFSET_UNVERIFIED,R01ZF_REUSED_R01ZF_PERSON002,1,1611,1611,False,0,17.545756164406704,23.648342253091386,20.597049208749045,11.545756164406704,29.648342253091386,18.10258608868468,0.0,0.0,0.0,30.18521718193162,3,False,False,False,False
R01ZF,R01ZF_SARF000050,50,1667,1667,NOMINAL_INDEX_FPS_ZERO_OFFSET_UNVERIFIED,R01ZF_REUSED_R01ZF_PERSON002,1,1667,1667,False,0,19.08935916642521,25.262319422482335,22.175839294453773,13.089359166425211,31.262319422482335,18.172960256057124,0.0,0.0,0.0,28.57124001254067,3,False,False,False,False
R01ZF,R01ZF_SARF000051,51,1700,1722,NOMINAL_INDEX_FPS_ZERO_OFFSET_UNVERIFIED,R01ZF_REUSED_R01ZF_PERSON002,1,1722,1722,False,0,20.712880140572224,26.807823373335438,23.76035175695383,14.712880140572224,32.80782337333544,18.09494323276321,0.0,0.0,0.0,27.025736061687567,3,False,False,False,False
R01ZF,R01ZF_SARF000052,52,1733,1722,NOMINAL_INDEX_FPS_ZERO_OFFSET_UNVERIFIED,R01ZF_REUSED_R01ZF_PERSON002,1,1722,1722,False,0,20.712880140572224,26.807823373335438,23.76035175695383,14.712880140572224,32.80782337333544,18.09494323276321,0.0,0.0,0.0,27.025736061687567,3,False,False,False,False
R01ZF,R01ZF_SARF000053,53,1767,1778,NOMINAL_INDEX_FPS_ZERO_OFFSET_UNVERIFIED,R01ZF_REUSED_R01ZF_PERSON002,1,1778,1778,False,0,22.216628318106316,28.491634371905448,25.354131345005882,16.216628318106316,34.49163437190545,18.27500605379913,0.0,0.0,0.0,25.34192506311756,3,False,False,False,False
R01ZF,R01ZF_SARF000054,54,1800,1778,NOMINAL_INDEX_FPS_ZERO_OFFSET_UNVERIFIED,R01ZF_REUSED_R01ZF_PERSON002,1,1778,1778,False,0,22.216628318106316,28.491634371905448,25.354131345005882,16.216628318106316,34.49163437190545,18.27500605379913,0.0,0.0,0.0,25.34192506311756,3,False,False,False,False
R01ZF,R01ZF_SARF000055,55,1833,1833,NOMINAL_INDEX_FPS_ZERO_OFFSET_UNVERIFIED,R01ZF_REUSED_R01ZF_PERSON002,1,1833,1833,False,0,23.70539024834612,30.049155965030295,26.877273106688207,17.70539024834612,36.049155965030295,18.34376571668417,0.0,0.0,0.0,23.78440346999271,3,False,False,False,False
R01ZF,R01ZF_SARF000056,56,1867,1889,NOMINAL_INDEX_FPS_ZERO_OFFSET_UNVERIFIED,R01ZF_REUSED_R01ZF_PERSON002,1,1889,1889,False,0,25.300436050602656,31.61035576394228,28.455395907272468,19.300436050602656,37.61035576394228,18.309919713339625,0.0,0.0,0.0,22.223203671080725,3,False,False,False,False
R01ZF,R01ZF_SARF000057,57,1900,1889,NOMINAL_INDEX_FPS_ZERO_OFFSET_UNVERIFIED,R01ZF_REUSED_R01ZF_PERSON002,1,1889,1889,False,0,25.300436050602656,31.61035576394228,28.455395907272468,19.300436050602656,37.61035576394228,18.309919713339625,0.0,0.0,0.0,22.223203671080725,3,False,False,False,False
R01ZF,R01ZF_SARF000058,58,1933,1944,NOMINAL_INDEX_FPS_ZERO_OFFSET_UNVERIFIED,R01ZF_REUSED_R01ZF_PERSON002,1,1944,1944,False,0,26.88935584994867,33.189647127251945,30.039501488600308,20.88935584994867,39.189647127251945,18.300291277303277,0.0,0.0,0.0,20.64391230777106,3,False,False,False,False
R01ZF,R01ZF_SARF000059,59,1967,1944,NOMINAL_INDEX_FPS_ZERO_OFFSET_UNVERIFIED,R01ZF_REUSED_R01ZF_PERSON002,1,1944,1944,False,0,26.88935584994867,33.189647127251945,30.039501488600308,20.88935584994867,39.189647127251945,18.300291277303277,0.0,0.0,0.0,20.64391230777106,3,False,False,False,False
R01ZF,R01ZF_SARF000060,60,2000,2000,NOMINAL_INDEX_FPS_ZERO_OFFSET_UNVERIFIED,R01ZF_REUSED_R01ZF_PERSON002,1,2000,2000,False,0,28.346153195376303,34.74753328590354,31.546843240639923,22.346153195376303,40.74753328590354,18.40138009052724,0.0,0.0,0.0,19.086026149119466,3,False,False,False,False
R01ZF,R01ZF_SARF000061,61,2033,2056,NOMINAL_INDEX_FPS_ZERO_OFFSET_UNVERIFIED,R01ZF_REUSED_R01ZF_PERSON002,1,2056,2056,False,0,28.665460518350272,36.35747419407868,32.511467356214474,22.665460518350272,42.35747419407868,19.692013675728404,0.0,0.0,0.0,17.47608524094433,3,False,False,False,False
R01ZF,R01ZF_SARF000062,62,2067,2056,NOMINAL_INDEX_FPS_ZERO_OFFSET_UNVERIFIED,R01ZF_REUSED_R01ZF_PERSON002,1,2056,2056,False,0,28.665460518350272,36.35747419407868,32.511467356214474,22.665460518350272,42.35747419407868,19.692013675728404,0.0,0.0,0.0,17.47608524094433,3,False,False,False,False
R01ZF,R01ZF_SARF000063,63,2100,2111,NOMINAL_INDEX_FPS_ZERO_OFFSET_UNVERIFIED,R01ZF_REUSED_R01ZF_PERSON002,1,2111,2111,False,0,29.825560113725473,37.897685434654576,33.861622774190025,23.825560113725473,43.897685434654576,20.072125320929104,0.0,0.0,0.0,15.935874000368427,3,False,False,False,False
R01ZF,R01ZF_SARF000064,64,2133,2111,NOMINAL_INDEX_FPS_ZERO_OFFSET_UNVERIFIED,R01ZF_REUSED_R01ZF_PERSON002,1,2111,2111,False,0,29.825560113725473,37.897685434654576,33.861622774190025,23.825560113725473,43.897685434654576,20.072125320929104,0.0,0.0,0.0,15.935874000368427,3,False,False,False,False
R01ZF,R01ZF_SARF000065,65,2167,2167,NOMINAL_INDEX_FPS_ZERO_OFFSET_UNVERIFIED,R01ZF_REUSED_R01ZF_PERSON002,1,2167,2167,False,0,31.609131865379254,39.42184277174026,35.51548731855976,25.609131865379254,45.42184277174026,19.812710906361005,0.0,0.0,0.0,14.411716663282746,3,False,False,False,False
R01ZF,R01ZF_SARF000066,66,2200,2222,NOMINAL_INDEX_FPS_ZERO_OFFSET_UNVERIFIED,R01ZF_REUSED_R01ZF_PERSON002,1,2222,2222,False,0,33.67405055425911,41.03593061281178,37.35499058353545,27.67405055425911,47.03593061281178,19.36188005855267,0.0,0.0,0.0,12.797628822211225,3,False,False,False,False
R01ZF,R01ZF_SARF000067,67,2233,2222,NOMINAL_INDEX_FPS_ZERO_OFFSET_UNVERIFIED,R01ZF_REUSED_R01ZF_PERSON002,1,2222,2222,False,0,33.67405055425911,41.03593061281178,37.35499058353545,27.67405055425911,47.03593061281178,19.36188005855267,0.0,0.0,0.0,12.797628822211225,3,False,False,False,False
R01ZF,R01ZF_SARF000068,68,2267,2278,NOMINAL_INDEX_FPS_ZERO_OFFSET_UNVERIFIED,R01ZF_REUSED_R01ZF_PERSON002,1,2278,2278,False,0,34.82811528810214,42.53443165076317,38.681273469432654,28.82811528810214,48.53443165076317,19.706316362661028,0.0,0.0,0.0,11.299127784259838,3,False,False,False,False
R01ZF,R01ZF_SARF000069,69,2300,2278,NOMINAL_INDEX_FPS_ZERO_OFFSET_UNVERIFIED,R01ZF_REUSED_R01ZF_PERSON002,1,2278,2278,False,0,34.82811528810214,42.53443165076317,38.681273469432654,28.82811528810214,48.53443165076317,19.706316362661028,0.0,0.0,0.0,11.299127784259838,3,False,False,False,False
R01ZF,R01ZF_SARF000070,70,2333,2333,NOMINAL_INDEX_FPS_ZERO_OFFSET_UNVERIFIED,R01ZF_REUSED_R01ZF_PERSON002,1,2333,2333,False,0,37.0455721005474,44.10179651318211,40.573684306864756,31.045572100547403,50.10179651318211,19.056224412634705,0.0,0.0,0.0,9.731762921840897,3,False,False,False,False
R01ZF,R01ZF_SARF000071,71,2367,2389,NOMINAL_INDEX_FPS_ZERO_OFFSET_UNVERIFIED,R01ZF_REUSED_R01ZF_PERSON002,1,2389,2389,False,0,38.56409169212337,45.678288534032475,42.12119011307792,32.56409169212337,51.678288534032475,19.114196841909106,0.0,0.0,0.0,8.15527090099053,3,False,False,False,False
R01ZF,R01ZF_SARF000072,72,2400,2389,NOMINAL_INDEX_FPS_ZERO_OFFSET_UNVERIFIED,R01ZF_REUSED_R01ZF_PERSON002,1,2389,2389,False,0,38.56409169212337,45.678288534032475,42.12119011307792,32.56409169212337,51.678288534032475,19.114196841909106,0.0,0.0,0.0,8.15527090099053,3,False,False,False,False
R01ZF,R01ZF_SARF000073,73,2433,2444,NOMINAL_INDEX_FPS_ZERO_OFFSET_UNVERIFIED,R01ZF_REUSED_R01ZF_PERSON002,1,2444,2444,False,0,39.732302870526624,47.1213235307235,43.42681320062506,33.732302870526624,53.1213235307235,19.38902066019688,0.0,0.0,0.0,6.712235904299504,3,False,False,False,False
R01ZF,R01ZF_SARF000074,74,2467,2444,NOMINAL_INDEX_FPS_ZERO_OFFSET_UNVERIFIED,R01ZF_REUSED_R01ZF_PERSON002,1,2444,2444,False,0,39.732302870526624,47.1213235307235,43.42681320062506,33.732302870526624,53.1213235307235,19.38902066019688,0.0,0.0,0.0,6.712235904299504,3,False,False,False,False
R01ZF,R01ZF_SARF000075,75,2500,2500,NOMINAL_INDEX_FPS_ZERO_OFFSET_UNVERIFIED,R01ZF_REUSED_R01ZF_PERSON002,1,2500,2500,False,0,41.57137972403454,48.60770927492139,45.08954449947797,35.57137972403454,54.60770927492139,19.036329550886848,0.0,0.0,0.0,5.225850160101615,3,False,False,False,False
R01ZF,R01ZF_SARF000076,76,2533,2556,NOMINAL_INDEX_FPS_ZERO_OFFSET_UNVERIFIED,R01ZF_REUSED_R01ZF_PERSON002,1,2556,2556,False,0,42.89795556437569,50.15814788061769,46.52805172249669,36.89795556437569,56.15814788061769,19.260192316242,0.0,0.0,0.0,3.675411554405315,3,False,False,False,False
R01ZF,R01ZF_SARF000077,77,2567,2556,NOMINAL_INDEX_FPS_ZERO_OFFSET_UNVERIFIED,R01ZF_REUSED_R01ZF_PERSON002,1,2556,2556,False,0,42.89795556437569,50.15814788061769,46.52805172249669,36.89795556437569,56.15814788061769,19.260192316242,0.0,0.0,0.0,3.675411554405315,3,False,False,False,False
R01ZF,R01ZF_SARF000078,78,2600,2611,NOMINAL_INDEX_FPS_ZERO_OFFSET_UNVERIFIED,R01ZF_REUSED_R01ZF_PERSON002,1,2611,2611,False,0,44.402725827413875,51.63872661673997,48.020726222076924,38.402725827413875,57.63872661673997,19.2360007893261,0.0,0.0,0.0,2.1948328182830323,3,False,False,False,False
R01ZF,R01ZF_SARF000079,79,2633,2611,NOMINAL_INDEX_FPS_ZERO_OFFSET_UNVERIFIED,R01ZF_REUSED_R01ZF_PERSON002,1,2611,2611,False,0,44.402725827413875,51.63872661673997,48.020726222076924,38.402725827413875,57.63872661673997,19.2360007893261,0.0,0.0,0.0,2.1948328182830323,3,False,False,False,False
R01ZF,R01ZF_SARF000080,80,2667,2667,NOMINAL_INDEX_FPS_ZERO_OFFSET_UNVERIFIED,R01ZF_REUSED_R01ZF_PERSON002,1,2667,2667,False,0,45.97421809243231,53.14610742937201,49.56016276090216,39.97421809243231,59.14610742937201,19.1718893369397,0.0,0.0,0.0,0.6874520056509965,3,False,False,False,False
R01ZF,R01ZF_SARF000081,81,2700,2722,NOMINAL_INDEX_FPS_ZERO_OFFSET_UNVERIFIED,R01ZF_REUSED_R01ZF_PERSON002,1,2722,2722,False,0,47.6155051260387,54.76070305814655,51.18810409209262,41.6155051260387,59.833559435023005,18.218054308984307,0.0,0.9271436231235411,0.9271436231235411,0.0,3,True,False,False,False
R01ZF,R01ZF_SARF000082,82,2733,2722,NOMINAL_INDEX_FPS_ZERO_OFFSET_UNVERIFIED,R01ZF_REUSED_R01ZF_PERSON002,1,2722,2722,False,0,47.6155051260387,54.76070305814655,51.18810409209262,41.6155051260387,59.833559435023005,18.218054308984307,0.0,0.9271436231235411,0.9271436231235411,0.0,3,True,False,False,False
R01ZF,R01ZF_SARF000083,83,2767,2778,NOMINAL_INDEX_FPS_ZERO_OFFSET_UNVERIFIED,R01ZF_REUSED_R01ZF_PERSON002,1,2778,2778,False,0,49.14323650732902,56.223919360929955,52.68357793412949,43.14323650732902,59.833559435023005,16.690322927693984,0.0,2.390359925906949,2.390359925906949,0.0,3,True,False,False,False
R01ZF,R01ZF_SARF000084,84,2800,2778,NOMINAL_INDEX_FPS_ZERO_OFFSET_UNVERIFIED,R01ZF_REUSED_R01ZF_PERSON002,1,2778,2778,False,0,49.14323650732902,56.223919360929955,52.68357793412949,43.14323650732902,59.833559435023005,16.690322927693984,0.0,2.390359925906949,2.390359925906949,0.0,3,True,False,False,False
R01ZF,R01ZF_SARF000085,85,2833,2833,NOMINAL_INDEX_FPS_ZERO_OFFSET_UNVERIFIED,R01ZF_REUSED_R01ZF_PERSON002,1,2833,2833,False,0,50.27543381950815,56.8927408650291,53.584087342268624,44.27543381950815,59.833559435023005,15.558125615514854,0.0,3.059181430006092,3.059181430006092,0.0,3,True,False,False,False
R01ZF,R01ZF_SARF000086,86,2867,2889,NOMINAL_INDEX_FPS_ZERO_OFFSET_UNVERIFIED,R01ZF_REUSED_R01ZF_PERSON002,1,2889,2889,False,0,51.72613771251562,56.8927408650291,54.30943928877236,45.72613771251562,59.833559435023005,14.107421722507382,0.0,3.059181430006092,3.059181430006092,0.0,3,True,False,False,False
R01ZF,R01ZF_SARF000087,87,2900,2889,NOMINAL_INDEX_FPS_ZERO_OFFSET_UNVERIFIED,R01ZF_REUSED_R01ZF_PERSON002,1,2889,2889,False,0,51.72613771251562,56.8927408650291,54.30943928877236,45.72613771251562,59.833559435023005,14.107421722507382,0.0,3.059181430006092,3.059181430006092,0.0,3,True,False,False,False
R01ZF,R01ZF_SARF000088,88,2933,2944,NOMINAL_INDEX_FPS_ZERO_OFFSET_UNVERIFIED,R01ZF_REUSED_R01ZF_PERSON002,1,2944,2944,False,0,53.02979800529381,56.8927408650291,54.961269435161455,47.02979800529381,59.833559435023005,12.803761429729192,0.0,3.059181430006092,3.059181430006092,0.0,3,True,False,False,False
R01ZF,R01ZF_SARF000089,89,2967,2944,NOMINAL_INDEX_FPS_ZERO_OFFSET_UNVERIFIED,R01ZF_REUSED_R01ZF_PERSON002,1,2944,2944,False,0,53.02979800529381,56.8927408650291,54.961269435161455,47.02979800529381,59.833559435023005,12.803761429729192,0.0,3.059181430006092,3.059181430006092,0.0,3,True,False,False,False
R01ZF,R01ZF_SARF000090,90,3000,3000,NOMINAL_INDEX_FPS_ZERO_OFFSET_UNVERIFIED,R01ZF_REUSED_R01ZF_PERSON002,1,3000,3000,False,0,54.34503325362947,56.8927408650291,55.61888705932928,48.34503325362947,59.833559435023005,11.48852618139354,0.0,3.059181430006092,3.059181430006092,0.0,3,True,False,False,False
R01ZF,R01ZF_SARF000016,16,533,556,NOMINAL_INDEX_FPS_ZERO_OFFSET_UNVERIFIED,R01ZF_REUSED_R01ZF_PERSON003,1,556,556,False,0,-45.31129259505707,-40.91378311121255,-43.11253785313481,-51.31129259505707,-34.91378311121255,16.397509483844516,0.0,0.0,0.0,8.617005889244673,3,False,False,False,False
R01ZF,R01ZF_SARF000017,17,567,556,NOMINAL_INDEX_FPS_ZERO_OFFSET_UNVERIFIED,R01ZF_REUSED_R01ZF_PERSON003,1,556,556,False,0,-45.31129259505707,-40.91378311121255,-43.11253785313481,-51.31129259505707,-34.91378311121255,16.397509483844516,0.0,0.0,0.0,8.617005889244673,3,False,False,False,False
R01ZF,R01ZF_SARF000018,18,600,611,NOMINAL_INDEX_FPS_ZERO_OFFSET_UNVERIFIED,R01ZF_REUSED_R01ZF_PERSON003,1,611,611,False,0,-45.15983345678501,-39.46634037079409,-42.31308691378955,-51.15983345678501,-33.46634037079409,17.693493085990916,0.0,0.0,0.0,8.768465027516733,3,False,False,False,False
R01ZF,R01ZF_SARF000019,19,633,611,NOMINAL_INDEX_FPS_ZERO_OFFSET_UNVERIFIED,R01ZF_REUSED_R01ZF_PERSON003,1,611,611,False,0,-45.15983345678501,-39.46634037079409,-42.31308691378955,-51.15983345678501,-33.46634037079409,17.693493085990916,0.0,0.0,0.0,8.768465027516733,3,False,False,False,False
R01ZF,R01ZF_SARF000020,20,667,667,NOMINAL_INDEX_FPS_ZERO_OFFSET_UNVERIFIED,R01ZF_REUSED_R01ZF_PERSON003,1,667,667,False,0,-45.14409582711323,-37.67282159514518,-41.40845871112921,-51.14409582711323,-31.67282159514518,19.471274231968053,0.0,0.0,0.0,8.784202657188509,3,False,False,False,False
R01ZF,R01ZF_SARF000021,21,700,722,NOMINAL_INDEX_FPS_ZERO_OFFSET_UNVERIFIED,R01ZF_REUSED_R01ZF_PERSON003,1,722,722,False,0,-44.00362753620764,-35.89681620575119,-39.95022187097942,-50.00362753620764,-29.896816205751193,20.106811330456445,0.0,0.0,0.0,9.924670948094104,3,False,False,False,False
R01ZF,R01ZF_SARF000022,22,733,722,NOMINAL_INDEX_FPS_ZERO_OFFSET_UNVERIFIED,R01ZF_REUSED_R01ZF_PERSON003,1,722,722,False,0,-44.00362753620764,-35.89681620575119,-39.95022187097942,-50.00362753620764,-29.896816205751193,20.106811330456445,0.0,0.0,0.0,9.924670948094104,3,False,False,False,False
R01ZF,R01ZF_SARF000023,23,767,778,NOMINAL_INDEX_FPS_ZERO_OFFSET_UNVERIFIED,R01ZF_REUSED_R01ZF_PERSON003,1,778,778,False,0,-42.374790659558705,-34.10657892674844,-38.24068479315358,-48.374790659558705,-28.10657892674844,20.268211732810265,0.0,0.0,0.0,11.553507824743036,3,False,False,False,False
R01ZF,R01ZF_SARF000024,24,800,778,NOMINAL_INDEX_FPS_ZERO_OFFSET_UNVERIFIED,R01ZF_REUSED_R01ZF_PERSON003,1,778,778,False,0,-42.374790659558705,-34.10657892674844,-38.24068479315358,-48.374790659558705,-28.10657892674844,20.268211732810265,0.0,0.0,0.0,11.553507824743036,3,False,False,False,False
R01ZF,R01ZF_SARF000025,25,833,833,NOMINAL_INDEX_FPS_ZERO_OFFSET_UNVERIFIED,R01ZF_REUSED_R01ZF_PERSON003,1,833,833,False,0,-40.564802351303896,-32.32061634133075,-36.44270934631732,-46.564802351303896,-26.320616341330748,20.24418600997315,0.0,0.0,0.0,13.363496132997843,3,False,False,False,False
R01ZF,R01ZF_SARF000026,26,867,889,NOMINAL_INDEX_FPS_ZERO_OFFSET_UNVERIFIED,R01ZF_REUSED_R01ZF_PERSON003,1,889,889,False,0,-38.70343166466297,-30.363590332625208,-34.53351099864409,-44.70343166466297,-24.363590332625208,20.339841332037764,0.0,0.0,0.0,15.22486681963877,3,False,False,False,False
R01ZF,R01ZF_SARF000027,27,900,889,NOMINAL_INDEX_FPS_ZERO_OFFSET_UNVERIFIED,R01ZF_REUSED_R01ZF_PERSON003,1,889,889,False,0,-38.70343166466297,-30.363590332625208,-34.53351099864409,-44.70343166466297,-24.363590332625208,20.339841332037764,0.0,0.0,0.0,15.22486681963877,3,False,False,False,False
R01ZF,R01ZF_SARF000028,28,933,944,NOMINAL_INDEX_FPS_ZERO_OFFSET_UNVERIFIED,R01ZF_REUSED_R01ZF_PERSON003,1,944,944,False,0,-36.83355919594841,-28.468285756305075,-32.650922476126745,-42.83355919594841,-22.468285756305075,20.36527343964333,0.0,0.0,0.0,17.09473928835333,3,False,False,False,False
R01ZF,R01ZF_SARF000029,29,967,944,NOMINAL_INDEX_FPS_ZERO_OFFSET_UNVERIFIED,R01ZF_REUSED_R01ZF_PERSON003,1,944,944,False,0,-36.83355919594841,-28.468285756305075,-32.650922476126745,-42.83355919594841,-22.468285756305075,20.36527343964333,0.0,0.0,0.0,17.09473928835333,3,False,False,False,False
R01ZF,R01ZF_SARF000030,30,1000,1000,NOMINAL_INDEX_FPS_ZERO_OFFSET_UNVERIFIED,R01ZF_REUSED_R01ZF_PERSON003,1,1000,1000,False,0,-35.05830084038428,-26.721566046088963,-30.88993344323662,-41.05830084038428,-20.721566046088963,20.336734794295317,0.0,0.0,0.0,18.869997643917465,3,False,False,False,False
R01ZF,R01ZF_SARF000031,31,1033,1056,NOMINAL_INDEX_FPS_ZERO_OFFSET_UNVERIFIED,R01ZF_REUSED_R01ZF_PERSON003,1,1056,1056,False,0,-33.17344497254034,-25.0170545610506,-29.09524976679547,-39.17344497254034,-19.0170545610506,20.15639041148974,0.0,0.0,0.0,20.754853511761404,3,False,False,False,False
R01ZF,R01ZF_SARF000032,32,1067,1056,NOMINAL_INDEX_FPS_ZERO_OFFSET_UNVERIFIED,R01ZF_REUSED_R01ZF_PERSON003,1,1056,1056,False,0,-33.17344497254034,-25.0170545610506,-29.09524976679547,-39.17344497254034,-19.0170545610506,20.15639041148974,0.0,0.0,0.0,20.754853511761404,3,False,False,False,False
R01ZF,R01ZF_SARF000033,33,1100,1111,NOMINAL_INDEX_FPS_ZERO_OFFSET_UNVERIFIED,R01ZF_REUSED_R01ZF_PERSON003,1,1111,1111,False,0,-31.337849394332856,-23.322443308671133,-27.330146351501995,-37.337849394332856,-17.322443308671133,20.015406085661724,0.0,0.0,0.0,22.590449089968885,3,False,False,False,False
R01ZF,R01ZF_SARF000034,34,1133,1111,NOMINAL_INDEX_FPS_ZERO_OFFSET_UNVERIFIED,R01ZF_REUSED_R01ZF_PERSON003,1,1111,1111,False,0,-31.337849394332856,-23.322443308671133,-27.330146351501995,-37.337849394332856,-17.322443308671133,20.015406085661724,0.0,0.0,0.0,22.590449089968885,3,False,False,False,False
R01ZF,R01ZF_SARF000035,35,1167,1167,NOMINAL_INDEX_FPS_ZERO_OFFSET_UNVERIFIED,R01ZF_REUSED_R01ZF_PERSON003,1,1167,1167,False,0,-29.530628081482398,-21.6760474750781,-25.60333777828025,-35.5306280814824,-15.6760474750781,19.854580606404294,0.0,0.0,0.0,24.397670402819344,3,False,False,False,False
R01ZF,R01ZF_SARF000036,36,1200,1222,NOMINAL_INDEX_FPS_ZERO_OFFSET_UNVERIFIED,R01ZF_REUSED_R01ZF_PERSON003,1,1222,1222,False,0,-27.648247678682647,-20.005141119734258,-23.826694399208453,-33.64824767868265,-14.005141119734258,19.643106558948396,0.0,0.0,0.0,26.28005080561909,3,False,False,False,False
R01ZF,R01ZF_SARF000037,37,1233,1222,NOMINAL_INDEX_FPS_ZERO_OFFSET_UNVERIFIED,R01ZF_REUSED_R01ZF_PERSON003,1,1222,1222,False,0,-27.648247678682647,-20.005141119734258,-23.826694399208453,-33.64824767868265,-14.005141119734258,19.643106558948396,0.0,0.0,0.0,26.28005080561909,3,False,False,False,False
R01ZF,R01ZF_SARF000038,38,1267,1278,NOMINAL_INDEX_FPS_ZERO_OFFSET_UNVERIFIED,R01ZF_REUSED_R01ZF_PERSON003,1,1278,1278,False,0,-25.730820159321247,-18.42204948628659,-22.076434822803918,-31.730820159321247,-12.42204948628659,19.308770673034655,0.0,0.0,0.0,28.19747832498049,3,False,False,False,False
R01ZF,R01ZF_SARF000039,39,1300,1278,NOMINAL_INDEX_FPS_ZERO_OFFSET_UNVERIFIED,R01ZF_REUSED_R01ZF_PERSON003,1,1278,1278,False,0,-25.730820159321247,-18.42204948628659,-22.076434822803918,-31.730820159321247,-12.42204948628659,19.308770673034655,0.0,0.0,0.0,28.19747832498049,3,False,False,False,False
R01ZF,R01ZF_SARF000040,40,1333,1333,NOMINAL_INDEX_FPS_ZERO_OFFSET_UNVERIFIED,R01ZF_REUSED_R01ZF_PERSON003,1,1333,1333,False,0,-23.800092508234425,-16.843371699782953,-20.32173210400869,-29.800092508234425,-10.843371699782953,18.956720808451472,0.0,0.0,0.0,30.12820597606732,3,False,False,False,False
R01ZF,R01ZF_SARF000041,41,1367,1389,NOMINAL_INDEX_FPS_ZERO_OFFSET_UNVERIFIED,R01ZF_REUSED_R01ZF_PERSON003,1,1389,1389,False,0,-21.8050141586317,-15.241750697798206,-18.52338242821495,-27.8050141586317,-9.241750697798206,18.563263460833493,0.0,0.0,0.0,32.12328432567004,3,False,False,False,False
R01ZF,R01ZF_SARF000042,42,1400,1389,NOMINAL_INDEX_FPS_ZERO_OFFSET_UNVERIFIED,R01ZF_REUSED_R01ZF_PERSON003,1,1389,1389,False,0,-21.8050141586317,-15.241750697798206,-18.52338242821495,-27.8050141586317,-9.241750697798206,18.563263460833493,0.0,0.0,0.0,32.12328432567004,3,False,False,False,False
R01ZF,R01ZF_SARF000043,43,1433,1444,NOMINAL_INDEX_FPS_ZERO_OFFSET_UNVERIFIED,R01ZF_REUSED_R01ZF_PERSON003,1,1444,1444,False,0,-19.947640672618142,-13.59959782106013,-16.773619246839136,-25.947640672618142,-7.599597821060129,18.348042851558013,0.0,0.0,0.0,33.9806578116836,3,False,False,False,False
R01ZF,R01ZF_SARF000044,44,1467,1444,NOMINAL_INDEX_FPS_ZERO_OFFSET_UNVERIFIED,R01ZF_REUSED_R01ZF_PERSON003,1,1444,1444,False,0,-19.947640672618142,-13.59959782106013,-16.773619246839136,-25.947640672618142,-7.599597821060129,18.348042851558013,0.0,0.0,0.0,33.9806578116836,3,False,False,False,False
R01ZF,R01ZF_SARF000045,45,1500,1500,NOMINAL_INDEX_FPS_ZERO_OFFSET_UNVERIFIED,R01ZF_REUSED_R01ZF_PERSON003,1,1500,1500,False,0,-18.13803178105281,-11.958593976749235,-15.048312878901022,-24.13803178105281,-5.958593976749235,18.17943780430357,0.0,0.0,0.0,35.79026670324893,3,False,False,False,False
R01ZF,R01ZF_SARF000046,46,1533,1556,NOMINAL_INDEX_FPS_ZERO_OFFSET_UNVERIFIED,R01ZF_REUSED_R01ZF_PERSON003,1,1556,1556,False,0,-16.53079256385523,-10.321060015068483,-13.425926289461856,-22.53079256385523,-4.321060015068483,18.209732548786747,0.0,0.0,0.0,37.39750592044651,3,False,False,False,False
R01ZF,R01ZF_SARF000047,47,1567,1556,NOMINAL_INDEX_FPS_ZERO_OFFSET_UNVERIFIED,R01ZF_REUSED_R01ZF_PERSON003,1,1556,1556,False,0,-16.53079256385523,-10.321060015068483,-13.425926289461856,-22.53079256385523,-4.321060015068483,18.209732548786747,0.0,0.0,0.0,37.39750592044651,3,False,False,False,False
R01ZF,R01ZF_SARF000048,48,1600,1611,NOMINAL_INDEX_FPS_ZERO_OFFSET_UNVERIFIED,R01ZF_REUSED_R01ZF_PERSON003,1,1611,1611,False,0,-14.915220420271112,-8.716880544277124,-11.816050482274118,-20.915220420271112,-2.7168805442771244,18.198339875993987,0.0,0.0,0.0,39.01307806403063,3,False,False,False,False
R01ZF,R01ZF_SARF000049,49,1633,1611,NOMINAL_INDEX_FPS_ZERO_OFFSET_UNVERIFIED,R01ZF_REUSED_R01ZF_PERSON003,1,1611,1611,False,0,-14.915220420271112,-8.716880544277124,-11.816050482274118,-20.915220420271112,-2.7168805442771244,18.198339875993987,0.0,0.0,0.0,39.01307806403063,3,False,False,False,False
R01ZF,R01ZF_SARF000050,50,1667,1667,NOMINAL_INDEX_FPS_ZERO_OFFSET_UNVERIFIED,R01ZF_REUSED_R01ZF_PERSON003,1,1667,1667,False,0,-13.288620169423652,-7.106513224635549,-10.1975666970296,-19.288620169423652,-1.106513224635549,18.182106944788103,0.0,0.0,0.0,40.63967831487809,3,False,False,False,False
R01ZF,R01ZF_SARF000051,51,1700,1722,NOMINAL_INDEX_FPS_ZERO_OFFSET_UNVERIFIED,R01ZF_REUSED_R01ZF_PERSON003,1,1722,1722,False,0,-11.570657192865006,-5.4737316350359535,-8.52219441395048,-17.570657192865006,0.5262683649640465,18.096925557829053,0.0,0.0,0.0,42.357641291436735,3,False,False,False,False
R01ZF,R01ZF_SARF000052,52,1733,1722,NOMINAL_INDEX_FPS_ZERO_OFFSET_UNVERIFIED,R01ZF_REUSED_R01ZF_PERSON003,1,1722,1722,False,0,-11.570657192865006,-5.4737316350359535,-8.52219441395048,-17.570657192865006,0.5262683649640465,18.096925557829053,0.0,0.0,0.0,42.357641291436735,3,False,False,False,False
R01ZF,R01ZF_SARF000053,53,1767,1778,NOMINAL_INDEX_FPS_ZERO_OFFSET_UNVERIFIED,R01ZF_REUSED_R01ZF_PERSON003,1,1778,1778,False,0,-9.88692757052624,-3.821256996744765,-6.854092283635502,-15.88692757052624,2.178743003255235,18.065670573781475,0.0,0.0,0.0,44.0413709137755,3,False,False,False,False
R01ZF,R01ZF_SARF000054,54,1800,1778,NOMINAL_INDEX_FPS_ZERO_OFFSET_UNVERIFIED,R01ZF_REUSED_R01ZF_PERSON003,1,1778,1778,False,0,-9.88692757052624,-3.821256996744765,-6.854092283635502,-15.88692757052624,2.178743003255235,18.065670573781475,0.0,0.0,0.0,44.0413709137755,3,False,False,False,False
R01ZF,R01ZF_SARF000055,55,1833,1833,NOMINAL_INDEX_FPS_ZERO_OFFSET_UNVERIFIED,R01ZF_REUSED_R01ZF_PERSON003,1,1833,1833,False,0,-8.10773711532346,-2.131043316064151,-5.119390215693805,-14.10773711532346,3.868956683935849,17.97669379925931,0.0,0.0,0.0,45.82056136897828,3,False,False,False,False
R01ZF,R01ZF_SARF000056,56,1867,1889,NOMINAL_INDEX_FPS_ZERO_OFFSET_UNVERIFIED,R01ZF_REUSED_R01ZF_PERSON003,1,1889,1889,False,0,-6.291312150379895,-0.3400565619454312,-3.315684356162663,-12.291312150379895,5.659943438054569,17.951255588434464,0.0,0.0,0.0,47.63698633392185,3,False,False,False,False
R01ZF,R01ZF_SARF000057,57,1900,1889,NOMINAL_INDEX_FPS_ZERO_OFFSET_UNVERIFIED,R01ZF_REUSED_R01ZF_PERSON003,1,1889,1889,False,0,-6.291312150379895,-0.3400565619454312,-3.315684356162663,-12.291312150379895,5.659943438054569,17.951255588434464,0.0,0.0,0.0,47.63698633392185,3,False,False,False,False
R01ZF,R01ZF_SARF000058,58,1933,1944,NOMINAL_INDEX_FPS_ZERO_OFFSET_UNVERIFIED,R01ZF_REUSED_R01ZF_PERSON003,1,1944,1944,False,0,-4.497320985693911,1.370283088991286,-1.5635189483513123,-10.49732098569391,7.370283088991286,17.867604074685197,0.0,0.0,0.0,49.43097749860783,3,False,False,False,False
R01ZF,R01ZF_SARF000059,59,1967,1944,NOMINAL_INDEX_FPS_ZERO_OFFSET_UNVERIFIED,R01ZF_REUSED_R01ZF_PERSON003,1,1944,1944,False,0,-4.497320985693911,1.370283088991286,-1.5635189483513123,-10.49732098569391,7.370283088991286,17.867604074685197,0.0,0.0,0.0,49.43097749860783,3,False,False,False,False
R01ZF,R01ZF_SARF000060,60,2000,2000,NOMINAL_INDEX_FPS_ZERO_OFFSET_UNVERIFIED,R01ZF_REUSED_R01ZF_PERSON003,1,2000,2000,False,0,-2.69678391672371,3.0881972398090483,0.19570666154266902,-8.69678391672371,9.088197239809048,17.78498115653276,0.0,0.0,0.0,50.74536219521396,3,False,False,False,False
R01ZF,R01ZF_SARF000061,61,2033,2056,NOMINAL_INDEX_FPS_ZERO_OFFSET_UNVERIFIED,R01ZF_REUSED_R01ZF_PERSON003,1,2056,2056,False,0,-0.9709339555418453,4.757451657597578,1.8932588510278663,-6.970933955541845,10.757451657597578,17.728385613139423,0.0,0.0,0.0,49.07610777742543,3,False,False,False,False
R01ZF,R01ZF_SARF000062,62,2067,2056,NOMINAL_INDEX_FPS_ZERO_OFFSET_UNVERIFIED,R01ZF_REUSED_R01ZF_PERSON003,1,2056,2056,False,0,-0.9709339555418453,4.757451657597578,1.8932588510278663,-6.970933955541845,10.757451657597578,17.728385613139423,0.0,0.0,0.0,49.07610777742543,3,False,False,False,False
R01ZF,R01ZF_SARF000063,63,2100,2111,NOMINAL_INDEX_FPS_ZERO_OFFSET_UNVERIFIED,R01ZF_REUSED_R01ZF_PERSON003,1,2111,2111,False,0,0.7105236423375061,6.3437543972490005,3.5271390197932533,-5.289476357662494,12.343754397249,17.633230754911494,0.0,0.0,0.0,47.489805037774005,3,False,False,False,False
R01ZF,R01ZF_SARF000064,64,2133,2111,NOMINAL_INDEX_FPS_ZERO_OFFSET_UNVERIFIED,R01ZF_REUSED_R01ZF_PERSON003,1,2111,2111,False,0,0.7105236423375061,6.3437543972490005,3.5271390197932533,-5.289476357662494,12.343754397249,17.633230754911494,0.0,0.0,0.0,47.489805037774005,3,False,False,False,False
R01ZF,R01ZF_SARF000065,65,2167,2167,NOMINAL_INDEX_FPS_ZERO_OFFSET_UNVERIFIED,R01ZF_REUSED_R01ZF_PERSON003,1,2167,2167,False,0,2.3410559928236125,7.690596174965485,5.015826083894549,-3.6589440071763875,13.690596174965485,17.349540182141872,0.0,0.0,0.0,46.14296326005752,3,False,False,False,False
R01ZF,R01ZF_SARF000066,66,2200,2222,NOMINAL_INDEX_FPS_ZERO_OFFSET_UNVERIFIED,R01ZF_REUSED_R01ZF_PERSON003,1,2222,2222,False,0,3.9620543037060827,9.375393453497523,6.668723878601803,-2.0379456962939173,15.375393453497523,17.41333914979144,0.0,0.0,0.0,44.45816598152548,3,False,False,False,False
R01ZF,R01ZF_SARF000067,67,2233,2222,NOMINAL_INDEX_FPS_ZERO_OFFSET_UNVERIFIED,R01ZF_REUSED_R01ZF_PERSON003,1,2222,2222,False,0,3.9620543037060827,9.375393453497523,6.668723878601803,-2.0379456962939173,15.375393453497523,17.41333914979144,0.0,0.0,0.0,44.45816598152548,3,False,False,False,False
R01ZF,R01ZF_SARF000068,68,2267,2278,NOMINAL_INDEX_FPS_ZERO_OFFSET_UNVERIFIED,R01ZF_REUSED_R01ZF_PERSON003,1,2278,2278,False,0,5.602110928651378,10.929640466955746,8.265875697803562,-0.3978890713486223,16.929640466955746,17.32752953830437,0.0,0.0,0.0,42.90391896806726,3,False,False,False,False
R01ZF,R01ZF_SARF000069,69,2300,2278,NOMINAL_INDEX_FPS_ZERO_OFFSET_UNVERIFIED,R01ZF_REUSED_R01ZF_PERSON003,1,2278,2278,False,0,5.602110928651378,10.929640466955746,8.265875697803562,-0.3978890713486223,16.929640466955746,17.32752953830437,0.0,0.0,0.0,42.90391896806726,3,False,False,False,False
R01ZF,R01ZF_SARF000070,70,2333,2333,NOMINAL_INDEX_FPS_ZERO_OFFSET_UNVERIFIED,R01ZF_REUSED_R01ZF_PERSON003,1,2333,2333,False,0,7.195727764236935,12.572939121069304,9.88433344265312,1.1957277642369348,18.572939121069304,17.37721135683237,0.0,0.0,0.0,41.2606203139537,3,False,False,False,False
R01ZF,R01ZF_SARF000071,71,2367,2389,NOMINAL_INDEX_FPS_ZERO_OFFSET_UNVERIFIED,R01ZF_REUSED_R01ZF_PERSON003,1,2389,2389,False,0,8.791925853969701,14.19559425208464,11.49376005302717,2.791925853969701,20.19559425208464,17.403668398114938,0.0,0.0,0.0,39.637965182938366,3,False,False,False,False
R01ZF,R01ZF_SARF000072,72,2400,2389,NOMINAL_INDEX_FPS_ZERO_OFFSET_UNVERIFIED,R01ZF_REUSED_R01ZF_PERSON003,1,2389,2389,False,0,8.791925853969701,14.19559425208464,11.49376005302717,2.791925853969701,20.19559425208464,17.403668398114938,0.0,0.0,0.0,39.637965182938366,3,False,False,False,False
R01ZF,R01ZF_SARF000073,73,2433,2444,NOMINAL_INDEX_FPS_ZERO_OFFSET_UNVERIFIED,R01ZF_REUSED_R01ZF_PERSON003,1,2444,2444,False,0,10.391587316234528,15.904885777122303,13.148236546678415,4.391587316234528,21.904885777122303,17.513298460887775,0.0,0.0,0.0,37.9286736579007,3,False,False,False,False
R01ZF,R01ZF_SARF000074,74,2467,2444,NOMINAL_INDEX_FPS_ZERO_OFFSET_UNVERIFIED,R01ZF_REUSED_R01ZF_PERSON003,1,2444,2444,False,0,10.391587316234528,15.904885777122303,13.148236546678415,4.391587316234528,21.904885777122303,17.513298460887775,0.0,0.0,0.0,37.9286736579007,3,False,False,False,False
R01ZF,R01ZF_SARF000075,75,2500,2500,NOMINAL_INDEX_FPS_ZERO_OFFSET_UNVERIFIED,R01ZF_REUSED_R01ZF_PERSON003,1,2500,2500,False,0,11.954720614474141,17.49506853562245,14.724894575048296,5.954720614474141,23.49506853562245,17.54034792114831,0.0,0.0,0.0,36.33849089940056,3,False,False,False,False
R01ZF,R01ZF_SARF000076,76,2533,2556,NOMINAL_INDEX_FPS_ZERO_OFFSET_UNVERIFIED,R01ZF_REUSED_R01ZF_PERSON003,1,2556,2556,False,0,13.572675454195576,19.09334334685377,16.333009400524674,7.572675454195576,25.09334334685377,17.520667892658196,0.0,0.0,0.0,34.740216088169234,3,False,False,False,False
R01ZF,R01ZF_SARF000077,77,2567,2556,NOMINAL_INDEX_FPS_ZERO_OFFSET_UNVERIFIED,R01ZF_REUSED_R01ZF_PERSON003,1,2556,2556,False,0,13.572675454195576,19.09334334685377,16.333009400524674,7.572675454195576,25.09334334685377,17.520667892658196,0.0,0.0,0.0,34.740216088169234,3,False,False,False,False
R01ZF,R01ZF_SARF000078,78,2600,2611,NOMINAL_INDEX_FPS_ZERO_OFFSET_UNVERIFIED,R01ZF_REUSED_R01ZF_PERSON003,1,2611,2611,False,0,15.126290988076732,20.77183559475695,17.94906329141684,9.126290988076732,26.77183559475695,17.645544606680218,0.0,0.0,0.0,33.061723840266055,3,False,False,False,False
R01ZF,R01ZF_SARF000079,79,2633,2611,NOMINAL_INDEX_FPS_ZERO_OFFSET_UNVERIFIED,R01ZF_REUSED_R01ZF_PERSON003,1,2611,2611,False,0,15.126290988076732,20.77183559475695,17.94906329141684,9.126290988076732,26.77183559475695,17.645544606680218,0.0,0.0,0.0,33.061723840266055,3,False,False,False,False
R01ZF,R01ZF_SARF000080,80,2667,2667,NOMINAL_INDEX_FPS_ZERO_OFFSET_UNVERIFIED,R01ZF_REUSED_R01ZF_PERSON003,1,2667,2667,False,0,16.68226317770025,22.400714380164573,19.54148877893241,10.68226317770025,28.400714380164573,17.718451202464323,0.0,0.0,0.0,31.432845054858436,3,False,False,False,False
R01ZF,R01ZF_SARF000081,81,2700,2722,NOMINAL_INDEX_FPS_ZERO_OFFSET_UNVERIFIED,R01ZF_REUSED_R01ZF_PERSON003,1,2722,2722,False,0,18.21147235140777,24.06203949768974,21.136755924548755,12.211472351407771,30.06203949768974,17.850567146281968,0.0,0.0,0.0,29.771519937333267,3,False,False,False,False
R01ZF,R01ZF_SARF000082,82,2733,2722,NOMINAL_INDEX_FPS_ZERO_OFFSET_UNVERIFIED,R01ZF_REUSED_R01ZF_PERSON003,1,2722,2722,False,0,18.21147235140777,24.06203949768974,21.136755924548755,12.211472351407771,30.06203949768974,17.850567146281968,0.0,0.0,0.0,29.771519937333267,3,False,False,False,False
R01ZF,R01ZF_SARF000083,83,2767,2778,NOMINAL_INDEX_FPS_ZERO_OFFSET_UNVERIFIED,R01ZF_REUSED_R01ZF_PERSON003,1,2778,2778,False,0,19.741990054961263,25.66744286704146,22.70471646100136,13.741990054961263,31.66744286704146,17.925452812080195,0.0,0.0,0.0,28.166116567981547,3,False,False,False,False
R01ZF,R01ZF_SARF000084,84,2800,2778,NOMINAL_INDEX_FPS_ZERO_OFFSET_UNVERIFIED,R01ZF_REUSED_R01ZF_PERSON003,1,2778,2778,False,0,19.741990054961263,25.66744286704146,22.70471646100136,13.741990054961263,31.66744286704146,17.925452812080195,0.0,0.0,0.0,28.166116567981547,3,False,False,False,False
R01ZF,R01ZF_SARF000085,85,2833,2833,NOMINAL_INDEX_FPS_ZERO_OFFSET_UNVERIFIED,R01ZF_REUSED_R01ZF_PERSON003,1,2833,2833,False,0,21.302636495478396,27.256388706779774,24.279512601129085,15.302636495478396,33.256388706779774,17.953752211301378,0.0,0.0,0.0,26.57717072824323,3,False,False,False,False
R01ZF,R01ZF_SARF000086,86,2867,2889,NOMINAL_INDEX_FPS_ZERO_OFFSET_UNVERIFIED,R01ZF_REUSED_R01ZF_PERSON003,1,2889,2889,False,0,22.84806883524469,28.916730799397286,25.882399817320987,16.84806883524469,34.916730799397286,18.0686619641526,0.0,0.0,0.0,24.91682863562572,3,False,False,False,False
R01ZF,R01ZF_SARF000087,87,2900,2889,NOMINAL_INDEX_FPS_ZERO_OFFSET_UNVERIFIED,R01ZF_REUSED_R01ZF_PERSON003,1,2889,2889,False,0,22.84806883524469,28.916730799397286,25.882399817320987,16.84806883524469,34.916730799397286,18.0686619641526,0.0,0.0,0.0,24.91682863562572,3,False,False,False,False
R01ZF,R01ZF_SARF000088,88,2933,2944,NOMINAL_INDEX_FPS_ZERO_OFFSET_UNVERIFIED,R01ZF_REUSED_R01ZF_PERSON003,1,2944,2944,False,0,24.388507929274482,30.473314938300987,27.430911433787735,18.388507929274482,36.47331493830099,18.084807009026505,0.0,0.0,0.0,23.360244496722014,3,False,False,False,False
R01ZF,R01ZF_SARF000089,89,2967,2944,NOMINAL_INDEX_FPS_ZERO_OFFSET_UNVERIFIED,R01ZF_REUSED_R01ZF_PERSON003,1,2944,2944,False,0,24.388507929274482,30.473314938300987,27.430911433787735,18.388507929274482,36.47331493830099,18.084807009026505,0.0,0.0,0.0,23.360244496722014,3,False,False,False,False
R01ZF,R01ZF_SARF000090,90,3000,3000,NOMINAL_INDEX_FPS_ZERO_OFFSET_UNVERIFIED,R01ZF_REUSED_R01ZF_PERSON003,1,3000,3000,False,0,25.920542485836265,32.039338720380925,28.979940603108595,19.920542485836265,38.039338720380925,18.11879623454466,0.0,0.0,0.0,21.79422071464208,3,False,False,False,False
R01ZF,R01ZF_SARF000091,91,3033,3056,NOMINAL_INDEX_FPS_ZERO_OFFSET_UNVERIFIED,R01ZF_REUSED_R01ZF_PERSON003,1,3056,3056,False,0,27.4378056283535,33.69785798534872,30.56783180685111,21.4378056283535,39.69785798534872,18.260052356995217,0.0,0.0,0.0,20.135701449674286,2,False,False,False,False
R01ZF,R01ZF_SARF000092,92,3067,3056,NOMINAL_INDEX_FPS_ZERO_OFFSET_UNVERIFIED,R01ZF_REUSED_R01ZF_PERSON003,1,3056,3056,False,0,27.4378056283535,33.69785798534872,30.56783180685111,21.4378056283535,39.69785798534872,18.260052356995217,0.0,0.0,0.0,20.135701449674286,2,False,False,False,False
R01ZF,R01ZF_SARF000093,93,3100,3111,NOMINAL_INDEX_FPS_ZERO_OFFSET_UNVERIFIED,R01ZF_REUSED_R01ZF_PERSON003,1,3111,3111,False,0,28.981180776918137,35.190818929274826,32.08599985309648,22.981180776918137,41.190818929274826,18.20963815235669,0.0,0.0,0.0,18.64274050574818,2,False,False,False,False
R01ZF,R01ZF_SARF000094,94,3133,3111,NOMINAL_INDEX_FPS_ZERO_OFFSET_UNVERIFIED,R01ZF_REUSED_R01ZF_PERSON003,1,3111,3111,False,0,28.981180776918137,35.190818929274826,32.08599985309648,22.981180776918137,41.190818929274826,18.20963815235669,0.0,0.0,0.0,18.64274050574818,2,False,False,False,False
R01ZF,R01ZF_SARF000095,95,3167,3167,NOMINAL_INDEX_FPS_ZERO_OFFSET_UNVERIFIED,R01ZF_REUSED_R01ZF_PERSON003,1,3167,3167,False,0,30.5303238729646,36.897317621951245,33.71382074745792,24.5303238729646,42.897317621951245,18.366993748986644,0.0,0.0,0.0,16.93624181307176,1,False,False,False,False
R01ZF,R01ZF_SARF000096,96,3200,3222,NOMINAL_INDEX_FPS_ZERO_OFFSET_UNVERIFIED,R01ZF_REUSED_R01ZF_PERSON003,1,3222,3222,False,0,31.998683153753547,38.291325065037256,35.1450041093954,25.998683153753547,44.291325065037256,18.29264191128371,0.0,0.0,0.0,15.54223436998575,1,False,False,False,False
R01ZF,R01ZF_SARF000097,97,3233,3222,NOMINAL_INDEX_FPS_ZERO_OFFSET_UNVERIFIED,R01ZF_REUSED_R01ZF_PERSON003,1,3222,3222,False,0,31.998683153753547,38.291325065037256,35.1450041093954,25.998683153753547,44.291325065037256,18.29264191128371,0.0,0.0,0.0,15.54223436998575,1,False,False,False,False
R01ZF,R01ZF_SARF000098,98,3267,3278,NOMINAL_INDEX_FPS_ZERO_OFFSET_UNVERIFIED,R01ZF_REUSED_R01ZF_PERSON003,1,3278,3278,False,0,33.47422958354821,39.850929889756074,36.66257973665214,27.474229583548208,45.850929889756074,18.376700306207866,0.0,0.0,0.0,13.982629545266931,1,False,False,False,False
R01ZF,R01ZF_SARF000099,99,3300,3278,NOMINAL_INDEX_FPS_ZERO_OFFSET_UNVERIFIED,R01ZF_REUSED_R01ZF_PERSON003,1,3278,3278,False,0,33.47422958354821,39.850929889756074,36.66257973665214,27.474229583548208,45.850929889756074,18.376700306207866,0.0,0.0,0.0,13.982629545266931,1,False,False,False,False
R01ZF,R01ZF_SARF000100,100,3333,3333,NOMINAL_INDEX_FPS_ZERO_OFFSET_UNVERIFIED,R01ZF_REUSED_R01ZF_PERSON003,1,3333,3333,False,0,34.92521992090022,41.435221008897656,38.18022046489894,28.92521992090022,47.435221008897656,18.51000108799744,0.0,0.0,0.0,12.398338426125347,1,False,False,False,False
R01ZF,R01ZF_SARF000101,101,3367,3389,NOMINAL_INDEX_FPS_ZERO_OFFSET_UNVERIFIED,R01ZF_REUSED_R01ZF_PERSON003,1,3389,3389,False,0,36.417406163075654,43.05009006181791,39.73374811244678,30.417406163075654,49.05009006181791,18.632683898742258,0.0,0.0,0.0,10.783469373205094,1,False,False,False,False
R01ZF,R01ZF_SARF000102,102,3400,3389,NOMINAL_INDEX_FPS_ZERO_OFFSET_UNVERIFIED,R01ZF_REUSED_R01ZF_PERSON003,1,3389,3389,False,0,36.417406163075654,43.05009006181791,39.73374811244678,30.417406163075654,49.05009006181791,18.632683898742258,0.0,0.0,0.0,10.783469373205094,1,False,False,False,False
R01ZF,R01ZF_SARF000103,103,3433,3444,NOMINAL_INDEX_FPS_ZERO_OFFSET_UNVERIFIED,R01ZF_REUSED_R01ZF_PERSON003,1,3444,3444,False,0,37.87346786734372,44.57998930599048,41.2267285866671,31.87346786734372,50.57998930599048,18.70652143864676,0.0,0.0,0.0,9.253570129032523,1,False,False,False,False
R01ZF,R01ZF_SARF000104,104,3467,3444,NOMINAL_INDEX_FPS_ZERO_OFFSET_UNVERIFIED,R01ZF_REUSED_R01ZF_PERSON003,1,3444,3444,False,0,37.87346786734372,44.57998930599048,41.2267285866671,31.87346786734372,50.57998930599048,18.70652143864676,0.0,0.0,0.0,9.253570129032523,1,False,False,False,False
R01ZF,R01ZF_SARF000105,105,3500,3500,NOMINAL_INDEX_FPS_ZERO_OFFSET_UNVERIFIED,R01ZF_REUSED_R01ZF_PERSON003,1,3500,3500,False,0,39.369924734292255,46.207494460563396,42.788709597427825,33.369924734292255,52.207494460563396,18.83756972627114,0.0,0.0,0.0,7.626064974459609,1,False,False,False,False
R01ZF,R01ZF_SARF000106,106,3533,3556,NOMINAL_INDEX_FPS_ZERO_OFFSET_UNVERIFIED,R01ZF_REUSED_R01ZF_PERSON003,1,3556,3556,False,0,40.8294693413866,47.66375797789573,44.24661365964116,34.8294693413866,53.66375797789573,18.83428863650913,0.0,0.0,0.0,6.169801457127278,1,False,False,False,False
R01ZF,R01ZF_SARF000107,107,3567,3556,NOMINAL_INDEX_FPS_ZERO_OFFSET_UNVERIFIED,R01ZF_REUSED_R01ZF_PERSON003,1,3556,3556,False,0,40.8294693413866,47.66375797789573,44.24661365964116,34.8294693413866,53.66375797789573,18.83428863650913,0.0,0.0,0.0,6.169801457127278,1,False,False,False,False
R01ZF,R01ZF_SARF000108,108,3600,3611,NOMINAL_INDEX_FPS_ZERO_OFFSET_UNVERIFIED,R01ZF_REUSED_R01ZF_PERSON003,1,3611,3611,False,0,42.270707550825534,49.362776567121145,45.81674205897334,36.270707550825534,55.362776567121145,19.09206901629561,0.0,0.0,0.0,4.47078286790186,1,False,False,False,False
R01ZF,R01ZF_SARF000109,109,3633,3611,NOMINAL_INDEX_FPS_ZERO_OFFSET_UNVERIFIED,R01ZF_REUSED_R01ZF_PERSON003,1,3611,3611,False,0,42.270707550825534,49.362776567121145,45.81674205897334,36.270707550825534,55.362776567121145,19.09206901629561,0.0,0.0,0.0,4.47078286790186,1,False,False,False,False
R01ZF,R01ZF_SARF000110,110,3667,3667,NOMINAL_INDEX_FPS_ZERO_OFFSET_UNVERIFIED,R01ZF_REUSED_R01ZF_PERSON003,1,3667,3667,False,0,43.77741131319135,50.80512149334713,47.29126640326924,37.77741131319135,56.80512149334713,19.02771018015578,0.0,0.0,0.0,3.0284379416758758,1,False,False,False,False
R01ZF,R01ZF_SARF000111,111,3700,3722,NOMINAL_INDEX_FPS_ZERO_OFFSET_UNVERIFIED,R01ZF_REUSED_R01ZF_PERSON003,1,3722,3722,False,0,45.18723829621297,52.34203211386145,48.76463520503721,39.18723829621297,58.34203211386145,19.15479381764848,0.0,0.0,0.0,1.4915273211615556,1,False,False,False,False
R01ZF,R01ZF_SARF000112,112,3733,3722,NOMINAL_INDEX_FPS_ZERO_OFFSET_UNVERIFIED,R01ZF_REUSED_R01ZF_PERSON003,1,3722,3722,False,0,45.18723829621297,52.34203211386145,48.76463520503721,39.18723829621297,58.34203211386145,19.15479381764848,0.0,0.0,0.0,1.4915273211615556,1,False,False,False,False
R01ZF,R01ZF_SARF000113,113,3767,3778,NOMINAL_INDEX_FPS_ZERO_OFFSET_UNVERIFIED,R01ZF_REUSED_R01ZF_PERSON003,1,3778,3778,False,0,46.65548039522325,53.86171050301438,50.258595449118815,40.65548039522325,59.833559435023005,19.178079039799755,0.0,0.0281510679913736,0.0281510679913736,0.0,1,True,False,False,False
R01ZF,R01ZF_SARF000114,114,3800,3778,NOMINAL_INDEX_FPS_ZERO_OFFSET_UNVERIFIED,R01ZF_REUSED_R01ZF_PERSON003,1,3778,3778,False,0,46.65548039522325,53.86171050301438,50.258595449118815,40.65548039522325,59.833559435023005,19.178079039799755,0.0,0.0281510679913736,0.0281510679913736,0.0,1,True,False,False,False
R01ZF,R01ZF_SARF000115,115,3833,3833,NOMINAL_INDEX_FPS_ZERO_OFFSET_UNVERIFIED,R01ZF_REUSED_R01ZF_PERSON003,1,3833,3833,False,0,48.04435137040183,55.42200539820091,51.73317838430137,42.04435137040183,59.833559435023005,17.789208064621178,0.0,1.5884459631779038,1.5884459631779038,0.0,1,True,False,False,False
R01ZF,R01ZF_SARF000116,116,3867,3889,NOMINAL_INDEX_FPS_ZERO_OFFSET_UNVERIFIED,R01ZF_REUSED_R01ZF_PERSON003,1,3889,3889,False,0,49.48164446000597,56.8927408650291,53.18719266251753,43.48164446000597,59.833559435023005,16.35191497501704,0.0,3.059181430006092,3.059181430006092,0.0,1,True,False,False,False
R01ZF,R01ZF_SARF000117,117,3900,3889,NOMINAL_INDEX_FPS_ZERO_OFFSET_UNVERIFIED,R01ZF_REUSED_R01ZF_PERSON003,1,3889,3889,False,0,49.48164446000597,56.8927408650291,53.18719266251753,43.48164446000597,59.833559435023005,16.35191497501704,0.0,3.059181430006092,3.059181430006092,0.0,1,True,False,False,False
R01ZF,R01ZF_SARF000118,118,3933,3944,NOMINAL_INDEX_FPS_ZERO_OFFSET_UNVERIFIED,R01ZF_REUSED_R01ZF_PERSON003,1,3944,3944,False,0,50.89004573140298,56.8927408650291,53.89139329821604,44.89004573140298,59.833559435023005,14.943513703620027,0.0,3.059181430006092,3.059181430006092,0.0,1,True,False,False,False
R01ZF,R01ZF_SARF000119,119,3967,3944,NOMINAL_INDEX_FPS_ZERO_OFFSET_UNVERIFIED,R01ZF_REUSED_R01ZF_PERSON003,1,3944,3944,False,0,50.89004573140298,56.8927408650291,53.89139329821604,44.89004573140298,59.833559435023005,14.943513703620027,0.0,3.059181430006092,3.059181430006092,0.0,1,True,False,False,False
R01ZF,R01ZF_SARF000120,120,4000,4000,NOMINAL_INDEX_FPS_ZERO_OFFSET_UNVERIFIED,R01ZF_REUSED_R01ZF_PERSON003,1,4000,4000,False,0,52.334740803273235,56.8927408650291,54.613740834151166,46.334740803273235,59.833559435023005,13.49881863174977,0.0,3.059181430006092,3.059181430006092,0.0,1,True,False,False,False
R01ZF,R01ZF_SARF000121,121,4033,4056,NOMINAL_INDEX_FPS_ZERO_OFFSET_UNVERIFIED,R01ZF_REUSED_R01ZF_PERSON003,1,4056,4056,False,0,53.76412412290826,56.8927408650291,55.32843249396868,47.76412412290826,59.833559435023005,12.069435312114749,0.0,3.059181430006092,3.059181430006092,0.0,1,True,False,False,False
R01ZF,R01ZF_SARF000122,122,4067,4056,NOMINAL_INDEX_FPS_ZERO_OFFSET_UNVERIFIED,R01ZF_REUSED_R01ZF_PERSON003,1,4056,4056,False,0,53.76412412290826,56.8927408650291,55.32843249396868,47.76412412290826,59.833559435023005,12.069435312114749,0.0,3.059181430006092,3.059181430006092,0.0,1,True,False,False,False
R01ZF,R01ZF_SARF000123,123,4100,4111,NOMINAL_INDEX_FPS_ZERO_OFFSET_UNVERIFIED,R01ZF_REUSED_R01ZF_PERSON100001,1,4111,4111,False,0,55.21282290550397,56.8927408650291,56.05278188526653,49.21282290550397,59.833559435023005,10.620736529519036,0.0,3.059181430006092,3.059181430006092,0.0,2,True,False,False,False
R01ZF,R01ZF_SARF000124,124,4133,4111,NOMINAL_INDEX_FPS_ZERO_OFFSET_UNVERIFIED,R01ZF_REUSED_R01ZF_PERSON100001,1,4111,4111,False,0,55.21282290550397,56.8927408650291,56.05278188526653,49.21282290550397,59.833559435023005,10.620736529519036,0.0,3.059181430006092,3.059181430006092,0.0,2,True,False,False,False
R01ZF,R01ZF_SARF000123,123,4100,4111,NOMINAL_INDEX_FPS_ZERO_OFFSET_UNVERIFIED,R01ZF_REUSED_R01ZF_PERSON100002,1,4111,4111,False,0,55.05283071888252,56.8927408650291,55.97278579195581,49.05283071888252,59.833559435023005,10.780728716140487,0.0,3.059181430006092,3.059181430006092,0.0,2,True,False,False,False
R01ZF,R01ZF_SARF000124,124,4133,4111,NOMINAL_INDEX_FPS_ZERO_OFFSET_UNVERIFIED,R01ZF_REUSED_R01ZF_PERSON100002,1,4111,4111,False,0,55.05283071888252,56.8927408650291,55.97278579195581,49.05283071888252,59.833559435023005,10.780728716140487,0.0,3.059181430006092,3.059181430006092,0.0,2,True,False,False,False
R02ZF,R02ZF_SARF000472,472,15733,15722,NOMINAL_INDEX_FPS_ZERO_OFFSET_UNVERIFIED,R02ZF_REUSED_R02ZF_PERSON017,1,15722,15722,False,3,-34.81405658340101,-32.11811402370477,-33.46608530355289,-40.81405658340101,-26.11811402370477,14.695942559696242,0.0,0.0,0.0,19.11424190090073,2,False,False,False,False
R02ZF,R02ZF_SARF000473,473,15767,15778,NOMINAL_INDEX_FPS_ZERO_OFFSET_UNVERIFIED,R02ZF_REUSED_R02ZF_PERSON017,1,15778,15778,False,3,-33.905820501821715,-31.224733173684704,-32.56527683775321,-39.905820501821715,-25.224733173684704,14.68108732813701,0.0,0.0,0.0,20.022477982480027,2,False,False,False,False
R02ZF,R02ZF_SARF000474,474,15800,15778,NOMINAL_INDEX_FPS_ZERO_OFFSET_UNVERIFIED,R02ZF_REUSED_R02ZF_PERSON017,1,15778,15778,False,3,-33.905820501821715,-31.224733173684704,-32.56527683775321,-39.905820501821715,-25.224733173684704,14.68108732813701,0.0,0.0,0.0,20.022477982480027,2,False,False,False,False
R02ZF,R02ZF_SARF000475,475,15833,15833,NOMINAL_INDEX_FPS_ZERO_OFFSET_UNVERIFIED,R02ZF_REUSED_R02ZF_PERSON017,1,15833,15833,False,3,-32.97743322335428,-30.307575815544876,-31.64250451944958,-38.97743322335428,-24.307575815544876,14.669857407809406,0.0,0.0,0.0,20.95086526094746,2,False,False,False,False
R02ZF,R02ZF_SARF000476,476,15867,15889,NOMINAL_INDEX_FPS_ZERO_OFFSET_UNVERIFIED,R02ZF_REUSED_R02ZF_PERSON017,1,15889,15889,False,3,-32.037321257060384,-29.40519149897011,-30.721256378015248,-38.037321257060384,-23.40519149897011,14.632129758090272,0.0,0.0,0.0,21.89097722724136,2,False,False,False,False
R02ZF,R02ZF_SARF000477,477,15900,15889,NOMINAL_INDEX_FPS_ZERO_OFFSET_UNVERIFIED,R02ZF_REUSED_R02ZF_PERSON017,1,15889,15889,False,3,-32.037321257060384,-29.40519149897011,-30.721256378015248,-38.037321257060384,-23.40519149897011,14.632129758090272,0.0,0.0,0.0,21.89097722724136,2,False,False,False,False
R02ZF,R02ZF_SARF000478,478,15933,15944,NOMINAL_INDEX_FPS_ZERO_OFFSET_UNVERIFIED,R02ZF_REUSED_R02ZF_PERSON017,1,15944,15944,False,3,-31.14099702864982,-28.515490482263036,-29.828243755456427,-37.14099702864982,-22.515490482263036,14.625506546386784,0.0,0.0,0.0,22.78730145565192,2,False,False,False,False
R02ZF,R02ZF_SARF000479,479,15967,15944,NOMINAL_INDEX_FPS_ZERO_OFFSET_UNVERIFIED,R02ZF_REUSED_R02ZF_PERSON017,1,15944,15944,False,3,-31.14099702864982,-28.515490482263036,-29.828243755456427,-37.14099702864982,-22.515490482263036,14.625506546386784,0.0,0.0,0.0,22.78730145565192,2,False,False,False,False
R02ZF,R02ZF_SARF000480,480,16000,16000,NOMINAL_INDEX_FPS_ZERO_OFFSET_UNVERIFIED,R02ZF_REUSED_R02ZF_PERSON017,1,16000,16000,False,3,-30.42813307905292,-27.814776004441192,-29.121454541747056,-36.42813307905292,-21.814776004441192,14.613357074611727,0.0,0.0,0.0,23.500165405248826,2,False,False,False,False
R02ZF,R02ZF_SARF000481,481,16033,16056,NOMINAL_INDEX_FPS_ZERO_OFFSET_UNVERIFIED,R02ZF_REUSED_R02ZF_PERSON017,1,16056,16056,False,3,-29.556196494282034,-26.993422886874725,-28.27480969057838,-35.556196494282034,-20.993422886874725,14.562773607407308,0.0,0.0,0.0,24.372101990019708,3,False,False,False,False
R02ZF,R02ZF_SARF000482,482,16067,16056,NOMINAL_INDEX_FPS_ZERO_OFFSET_UNVERIFIED,R02ZF_REUSED_R02ZF_PERSON017,1,16056,16056,False,3,-29.556196494282034,-26.993422886874725,-28.27480969057838,-35.556196494282034,-20.993422886874725,14.562773607407308,0.0,0.0,0.0,24.372101990019708,3,False,False,False,False
R02ZF,R02ZF_SARF000483,483,16100,16111,NOMINAL_INDEX_FPS_ZERO_OFFSET_UNVERIFIED,R02ZF_REUSED_R02ZF_PERSON017,1,16111,16111,False,3,-28.449722209749115,-25.84108821177188,-27.145405210760497,-34.44972220974911,-19.84108821177188,14.608633997977233,0.0,0.0,0.0,25.47857627455263,3,False,False,False,False
R02ZF,R02ZF_SARF000484,484,16133,16111,NOMINAL_INDEX_FPS_ZERO_OFFSET_UNVERIFIED,R02ZF_REUSED_R02ZF_PERSON017,1,16111,16111,False,3,-28.449722209749115,-25.84108821177188,-27.145405210760497,-34.44972220974911,-19.84108821177188,14.608633997977233,0.0,0.0,0.0,25.47857627455263,3,False,False,False,False
R02ZF,R02ZF_SARF000485,485,16167,16167,NOMINAL_INDEX_FPS_ZERO_OFFSET_UNVERIFIED,R02ZF_REUSED_R02ZF_PERSON017,1,16167,16167,False,3,-27.480760740888215,-24.881102541547538,-26.180931641217875,-33.480760740888215,-18.881102541547538,14.599658199340675,0.0,0.0,0.0,26.447537743413527,3,False,False,False,False
R02ZF,R02ZF_SARF000486,486,16200,16222,NOMINAL_INDEX_FPS_ZERO_OFFSET_UNVERIFIED,R02ZF_REUSED_R02ZF_PERSON017,1,16222,16222,False,3,-26.528043595908834,-23.96490216792308,-25.246472881915956,-32.528043595908834,-17.96490216792308,14.563141427985755,0.0,0.0,0.0,27.400254888392908,4,False,False,False,False
R02ZF,R02ZF_SARF000487,487,16233,16222,NOMINAL_INDEX_FPS_ZERO_OFFSET_UNVERIFIED,R02ZF_REUSED_R02ZF_PERSON017,1,16222,16222,False,3,-26.528043595908834,-23.96490216792308,-25.246472881915956,-32.528043595908834,-17.96490216792308,14.563141427985755,0.0,0.0,0.0,27.400254888392908,4,False,False,False,False
R02ZF,R02ZF_SARF000488,488,16267,16278,NOMINAL_INDEX_FPS_ZERO_OFFSET_UNVERIFIED,R02ZF_REUSED_R02ZF_PERSON017,1,16278,16278,False,3,-25.63583781871358,-23.079097445312584,-24.357467632013083,-31.63583781871358,-17.079097445312584,14.556740373400997,0.0,0.0,0.0,28.292460665588163,5,False,False,False,False
R02ZF,R02ZF_SARF000489,489,16300,16278,NOMINAL_INDEX_FPS_ZERO_OFFSET_UNVERIFIED,R02ZF_REUSED_R02ZF_PERSON017,1,16278,16278,False,3,-25.63583781871358,-23.079097445312584,-24.357467632013083,-31.63583781871358,-17.079097445312584,14.556740373400997,0.0,0.0,0.0,28.292460665588163,5,False,False,False,False
R02ZF,R02ZF_SARF000490,490,16333,16333,NOMINAL_INDEX_FPS_ZERO_OFFSET_UNVERIFIED,R02ZF_REUSED_R02ZF_PERSON017,1,16333,16333,False,3,-24.756746635427337,-22.201667964731428,-23.47920730007938,-30.756746635427337,-16.201667964731428,14.55507867069591,0.0,0.0,0.0,29.171551848874405,4,False,False,False,False
R02ZF,R02ZF_SARF000491,491,16367,16389,NOMINAL_INDEX_FPS_ZERO_OFFSET_UNVERIFIED,R02ZF_REUSED_R02ZF_PERSON017,1,16389,16389,False,3,-23.884328303348397,-21.356095652330914,-22.620211977839656,-29.884328303348397,-15.356095652330914,14.528232651017484,0.0,0.0,0.0,30.043970180953345,4,False,False,False,False
R02ZF,R02ZF_SARF000492,492,16400,16389,NOMINAL_INDEX_FPS_ZERO_OFFSET_UNVERIFIED,R02ZF_REUSED_R02ZF_PERSON017,1,16389,16389,False,3,-23.884328303348397,-21.356095652330914,-22.620211977839656,-29.884328303348397,-15.356095652330914,14.528232651017484,0.0,0.0,0.0,30.043970180953345,4,False,False,False,False
R02ZF,R02ZF_SARF000493,493,16433,16444,NOMINAL_INDEX_FPS_ZERO_OFFSET_UNVERIFIED,R02ZF_REUSED_R02ZF_PERSON017,1,16444,16444,False,3,-22.981397138479515,-20.489568959610533,-21.735483049045023,-28.981397138479515,-14.489568959610533,14.491828178868982,0.0,0.0,0.0,30.946901345822223,4,False,False,False,False
R02ZF,R02ZF_SARF000494,494,16467,16444,NOMINAL_INDEX_FPS_ZERO_OFFSET_UNVERIFIED,R02ZF_REUSED_R02ZF_PERSON017,1,16444,16444,False,3,-22.981397138479515,-20.489568959610533,-21.735483049045023,-28.981397138479515,-14.489568959610533,14.491828178868982,0.0,0.0,0.0,30.946901345822223,4,False,False,False,False
R02ZF,R02ZF_SARF000472,472,15733,15722,NOMINAL_INDEX_FPS_ZERO_OFFSET_UNVERIFIED,R02ZF_REUSED_R02ZF_PERSON018,1,15722,15722,False,1,-31.25874030197656,-28.59199879017525,-29.925369546075906,-37.25874030197656,-22.59199879017525,14.666741511801307,0.0,0.0,0.0,22.669558182325183,2,False,False,False,False
R02ZF,R02ZF_SARF000473,473,15767,15778,NOMINAL_INDEX_FPS_ZERO_OFFSET_UNVERIFIED,R02ZF_REUSED_R02ZF_PERSON018,1,15778,15778,False,1,-30.42315936361596,-27.63580525246765,-29.029482308041807,-36.42315936361596,-21.63580525246765,14.787354111148307,0.0,0.0,0.0,23.505139120685783,2,False,False,False,False
R02ZF,R02ZF_SARF000474,474,15800,15778,NOMINAL_INDEX_FPS_ZERO_OFFSET_UNVERIFIED,R02ZF_REUSED_R02ZF_PERSON018,1,15778,15778,False,1,-30.42315936361596,-27.63580525246765,-29.029482308041807,-36.42315936361596,-21.63580525246765,14.787354111148307,0.0,0.0,0.0,23.505139120685783,2,False,False,False,False
R02ZF,R02ZF_SARF000475,475,15833,15833,NOMINAL_INDEX_FPS_ZERO_OFFSET_UNVERIFIED,R02ZF_REUSED_R02ZF_PERSON018,1,15833,15833,False,1,-29.547481099595057,-26.845847086073324,-28.19666409283419,-35.54748109959506,-20.845847086073324,14.701634013521735,0.0,0.0,0.0,24.38081738470668,2,False,False,False,False
R02ZF,R02ZF_SARF000476,476,15867,15889,NOMINAL_INDEX_FPS_ZERO_OFFSET_UNVERIFIED,R02ZF_REUSED_R02ZF_PERSON018,1,15889,15889,False,1,-28.735596920646163,-25.997218282315625,-27.366407601480894,-34.73559692064616,-19.997218282315625,14.738378638330534,0.0,0.0,0.0,25.192701563655586,2,False,False,False,False
R02ZF,R02ZF_SARF000477,477,15900,15889,NOMINAL_INDEX_FPS_ZERO_OFFSET_UNVERIFIED,R02ZF_REUSED_R02ZF_PERSON018,1,15889,15889,False,1,-28.735596920646163,-25.997218282315625,-27.366407601480894,-34.73559692064616,-19.997218282315625,14.738378638330534,0.0,0.0,0.0,25.192701563655586,2,False,False,False,False
R02ZF,R02ZF_SARF000478,478,15933,15944,NOMINAL_INDEX_FPS_ZERO_OFFSET_UNVERIFIED,R02ZF_REUSED_R02ZF_PERSON018,1,15944,15944,False,1,-27.81332750747066,-25.146931030901875,-26.480129269186268,-33.81332750747066,-19.146931030901875,14.666396476568783,0.0,0.0,0.0,26.11497097683108,2,False,False,False,False
R02ZF,R02ZF_SARF000479,479,15967,15944,NOMINAL_INDEX_FPS_ZERO_OFFSET_UNVERIFIED,R02ZF_REUSED_R02ZF_PERSON018,1,15944,15944,False,1,-27.81332750747066,-25.146931030901875,-26.480129269186268,-33.81332750747066,-19.146931030901875,14.666396476568783,0.0,0.0,0.0,26.11497097683108,2,False,False,False,False
R02ZF,R02ZF_SARF000480,480,16000,16000,NOMINAL_INDEX_FPS_ZERO_OFFSET_UNVERIFIED,R02ZF_REUSED_R02ZF_PERSON018,1,16000,16000,False,1,-27.09301763244165,-24.51178789510725,-25.802402763774452,-33.09301763244165,-18.51178789510725,14.5812297373344,0.0,0.0,0.0,26.83528085186009,2,False,False,False,False
R02ZF,R02ZF_SARF000481,481,16033,16056,NOMINAL_INDEX_FPS_ZERO_OFFSET_UNVERIFIED,R02ZF_REUSED_R02ZF_PERSON018,1,16056,16056,False,1,-26.293474973176956,-23.711332194495846,-25.0024035838364,-32.293474973176956,-17.711332194495846,14.58214277868111,0.0,0.0,0.0,27.634823511124782,3,False,False,False,False
R02ZF,R02ZF_SARF000482,482,16067,16056,NOMINAL_INDEX_FPS_ZERO_OFFSET_UNVERIFIED,R02ZF_REUSED_R02ZF_PERSON018,1,16056,16056,False,1,-26.293474973176956,-23.711332194495846,-25.0024035838364,-32.293474973176956,-17.711332194495846,14.58214277868111,0.0,0.0,0.0,27.634823511124782,3,False,False,False,False
R02ZF,R02ZF_SARF000483,483,16100,16111,NOMINAL_INDEX_FPS_ZERO_OFFSET_UNVERIFIED,R02ZF_REUSED_R02ZF_PERSON018,1,16111,16111,False,1,-25.14849833717424,-22.64126563716313,-23.894881987168684,-31.14849833717424,-16.64126563716313,14.507232700011109,0.0,0.0,0.0,28.779800147127503,3,False,False,False,False
R02ZF,R02ZF_SARF000484,484,16133,16111,NOMINAL_INDEX_FPS_ZERO_OFFSET_UNVERIFIED,R02ZF_REUSED_R02ZF_PERSON018,1,16111,16111,False,1,-25.14849833717424,-22.64126563716313,-23.894881987168684,-31.14849833717424,-16.64126563716313,14.507232700011109,0.0,0.0,0.0,28.779800147127503,3,False,False,False,False
R02ZF,R02ZF_SARF000485,485,16167,16167,NOMINAL_INDEX_FPS_ZERO_OFFSET_UNVERIFIED,R02ZF_REUSED_R02ZF_PERSON018,1,16167,16167,False,1,-24.21215083547361,-21.68614138317466,-22.949146109324136,-30.21215083547361,-15.686141383174661,14.52600945229895,0.0,0.0,0.0,29.71614764882813,3,False,False,False,False
R02ZF,R02ZF_SARF000486,486,16200,16222,NOMINAL_INDEX_FPS_ZERO_OFFSET_UNVERIFIED,R02ZF_REUSED_R02ZF_PERSON018,1,16222,16222,False,1,-23.316177338633384,-20.783560136113195,-22.049868737373288,-29.316177338633384,-14.783560136113195,14.53261720252019,0.0,0.0,0.0,30.61212114566836,4,False,False,False,False
R02ZF,R02ZF_SARF000487,487,16233,16222,NOMINAL_INDEX_FPS_ZERO_OFFSET_UNVERIFIED,R02ZF_REUSED_R02ZF_PERSON018,1,16222,16222,False,1,-23.316177338633384,-20.783560136113195,-22.049868737373288,-29.316177338633384,-14.783560136113195,14.53261720252019,0.0,0.0,0.0,30.61212114566836,4,False,False,False,False
R02ZF,R02ZF_SARF000488,488,16267,16278,NOMINAL_INDEX_FPS_ZERO_OFFSET_UNVERIFIED,R02ZF_REUSED_R02ZF_PERSON018,1,16278,16278,False,1,-22.50375607653748,-19.928424488662383,-21.216090282599932,-28.50375607653748,-13.928424488662383,14.575331587875098,0.0,0.0,0.0,31.42454240776426,5,False,False,False,False
R02ZF,R02ZF_SARF000489,489,16300,16278,NOMINAL_INDEX_FPS_ZERO_OFFSET_UNVERIFIED,R02ZF_REUSED_R02ZF_PERSON018,1,16278,16278,False,1,-22.50375607653748,-19.928424488662383,-21.216090282599932,-28.50375607653748,-13.928424488662383,14.575331587875098,0.0,0.0,0.0,31.42454240776426,5,False,False,False,False
R02ZF,R02ZF_SARF000490,490,16333,16333,NOMINAL_INDEX_FPS_ZERO_OFFSET_UNVERIFIED,R02ZF_REUSED_R02ZF_PERSON018,1,16333,16333,False,1,-21.58808627595929,-19.074958681540586,-20.33152247874994,-27.58808627595929,-13.074958681540586,14.513127594418703,0.0,0.0,0.0,32.34021220834245,4,False,False,False,False
R02ZF,R02ZF_SARF000491,491,16367,16389,NOMINAL_INDEX_FPS_ZERO_OFFSET_UNVERIFIED,R02ZF_REUSED_R02ZF_PERSON018,1,16389,16389,False,1,-20.6752027976416,-18.239503062582557,-19.45735293011208,-26.6752027976416,-12.239503062582557,14.435699735059044,0.0,0.0,0.0,33.253095686660146,4,False,False,False,False
R02ZF,R02ZF_SARF000492,492,16400,16389,NOMINAL_INDEX_FPS_ZERO_OFFSET_UNVERIFIED,R02ZF_REUSED_R02ZF_PERSON018,1,16389,16389,False,1,-20.6752027976416,-18.239503062582557,-19.45735293011208,-26.6752027976416,-12.239503062582557,14.435699735059044,0.0,0.0,0.0,33.253095686660146,4,False,False,False,False
R02ZF,R02ZF_SARF000493,493,16433,16444,NOMINAL_INDEX_FPS_ZERO_OFFSET_UNVERIFIED,R02ZF_REUSED_R02ZF_PERSON018,1,16444,16444,False,1,-19.850444898436386,-17.336518189397907,-18.593481543917147,-25.850444898436386,-11.336518189397907,14.51392670903848,0.0,0.0,0.0,34.07785358586536,4,False,False,False,False
R02ZF,R02ZF_SARF000494,494,16467,16444,NOMINAL_INDEX_FPS_ZERO_OFFSET_UNVERIFIED,R02ZF_REUSED_R02ZF_PERSON018,1,16444,16444,False,1,-19.850444898436386,-17.336518189397907,-18.593481543917147,-25.850444898436386,-11.336518189397907,14.51392670903848,0.0,0.0,0.0,34.07785358586536,4,False,False,False,False
R02ZF,R02ZF_SARF000481,481,16033,16056,NOMINAL_INDEX_FPS_ZERO_OFFSET_UNVERIFIED,R02ZF_REUSED_R02ZF_PERSON021,1,16056,16056,False,0,-45.34263864419872,-40.76871858100274,-43.05567861260073,-51.34263864419872,-34.76871858100274,16.573920063195985,0.0,0.0,0.0,8.58565984010302,3,False,False,False,False
R02ZF,R02ZF_SARF000482,482,16067,16056,NOMINAL_INDEX_FPS_ZERO_OFFSET_UNVERIFIED,R02ZF_REUSED_R02ZF_PERSON021,1,16056,16056,False,0,-45.34263864419872,-40.76871858100274,-43.05567861260073,-51.34263864419872,-34.76871858100274,16.573920063195985,0.0,0.0,0.0,8.58565984010302,3,False,False,False,False
R02ZF,R02ZF_SARF000483,483,16100,16111,NOMINAL_INDEX_FPS_ZERO_OFFSET_UNVERIFIED,R02ZF_REUSED_R02ZF_PERSON021,1,16111,16111,False,0,-44.925330011328796,-38.54161624351301,-41.73347312742091,-50.925330011328796,-32.54161624351301,18.383713767815784,0.0,0.0,0.0,9.002968472972945,3,False,False,False,False
R02ZF,R02ZF_SARF000484,484,16133,16111,NOMINAL_INDEX_FPS_ZERO_OFFSET_UNVERIFIED,R02ZF_REUSED_R02ZF_PERSON021,1,16111,16111,False,0,-44.925330011328796,-38.54161624351301,-41.73347312742091,-50.925330011328796,-32.54161624351301,18.383713767815784,0.0,0.0,0.0,9.002968472972945,3,False,False,False,False
R02ZF,R02ZF_SARF000485,485,16167,16167,NOMINAL_INDEX_FPS_ZERO_OFFSET_UNVERIFIED,R02ZF_REUSED_R02ZF_PERSON021,1,16167,16167,False,0,-43.61359572116968,-36.80208856488017,-40.207842143024926,-49.61359572116968,-30.802088564880172,18.811507156289508,0.0,0.0,0.0,10.31470276313206,3,False,False,False,False
R02ZF,R02ZF_SARF000486,486,16200,16222,NOMINAL_INDEX_FPS_ZERO_OFFSET_UNVERIFIED,R02ZF_REUSED_R02ZF_PERSON021,1,16222,16222,False,0,-41.740379706431206,-34.86482558842184,-38.302602647426525,-47.740379706431206,-28.864825588421837,18.87555411800937,0.0,0.0,0.0,12.187918777870536,4,False,False,False,False
R02ZF,R02ZF_SARF000487,487,16233,16222,NOMINAL_INDEX_FPS_ZERO_OFFSET_UNVERIFIED,R02ZF_REUSED_R02ZF_PERSON021,1,16222,16222,False,0,-41.740379706431206,-34.86482558842184,-38.302602647426525,-47.740379706431206,-28.864825588421837,18.87555411800937,0.0,0.0,0.0,12.187918777870536,4,False,False,False,False
R02ZF,R02ZF_SARF000488,488,16267,16278,NOMINAL_INDEX_FPS_ZERO_OFFSET_UNVERIFIED,R02ZF_REUSED_R02ZF_PERSON021,1,16278,16278,False,0,-39.90492816416025,-32.863038582067084,-36.383983373113665,-45.90492816416025,-26.863038582067084,19.04188958209317,0.0,0.0,0.0,14.023370320141488,5,False,False,False,False
R02ZF,R02ZF_SARF000489,489,16300,16278,NOMINAL_INDEX_FPS_ZERO_OFFSET_UNVERIFIED,R02ZF_REUSED_R02ZF_PERSON021,1,16278,16278,False,0,-39.90492816416025,-32.863038582067084,-36.383983373113665,-45.90492816416025,-26.863038582067084,19.04188958209317,0.0,0.0,0.0,14.023370320141488,5,False,False,False,False
R02ZF,R02ZF_SARF000490,490,16333,16333,NOMINAL_INDEX_FPS_ZERO_OFFSET_UNVERIFIED,R02ZF_REUSED_R02ZF_PERSON021,1,16333,16333,False,0,-37.92840318908492,-30.933521809347134,-34.43096249921602,-43.92840318908492,-24.933521809347134,18.994881379737784,0.0,0.0,0.0,15.999895295216824,4,False,False,False,False
R02ZF,R02ZF_SARF000491,491,16367,16389,NOMINAL_INDEX_FPS_ZERO_OFFSET_UNVERIFIED,R02ZF_REUSED_R02ZF_PERSON021,1,16389,16389,False,0,-35.80119913051476,-29.20597271239494,-32.50358592145485,-41.80119913051476,-23.20597271239494,18.59522641811982,0.0,0.0,0.0,18.12709935378698,4,False,False,False,False
R02ZF,R02ZF_SARF000492,492,16400,16389,NOMINAL_INDEX_FPS_ZERO_OFFSET_UNVERIFIED,R02ZF_REUSED_R02ZF_PERSON021,1,16389,16389,False,0,-35.80119913051476,-29.20597271239494,-32.50358592145485,-41.80119913051476,-23.20597271239494,18.59522641811982,0.0,0.0,0.0,18.12709935378698,4,False,False,False,False
R02ZF,R02ZF_SARF000493,493,16433,16444,NOMINAL_INDEX_FPS_ZERO_OFFSET_UNVERIFIED,R02ZF_REUSED_R02ZF_PERSON021,1,16444,16444,False,0,-33.708260976660185,-27.27908927461211,-30.49367512563615,-39.708260976660185,-21.27908927461211,18.429171702048077,0.0,0.0,0.0,20.22003750764156,4,False,False,False,False
R02ZF,R02ZF_SARF000494,494,16467,16444,NOMINAL_INDEX_FPS_ZERO_OFFSET_UNVERIFIED,R02ZF_REUSED_R02ZF_PERSON021,1,16444,16444,False,0,-33.708260976660185,-27.27908927461211,-30.49367512563615,-39.708260976660185,-21.27908927461211,18.429171702048077,0.0,0.0,0.0,20.22003750764156,4,False,False,False,False
R02ZF,R02ZF_SARF000486,486,16200,16222,NOMINAL_INDEX_FPS_ZERO_OFFSET_UNVERIFIED,R02ZF_REUSED_R02ZF_PERSON023,1,16222,16222,False,0,-44.27517870751308,-41.23886204360154,-42.75702037555731,-50.27517870751308,-35.23886204360154,15.036316663911537,0.0,0.0,0.0,9.653119776788664,4,False,False,False,False
R02ZF,R02ZF_SARF000487,487,16233,16222,NOMINAL_INDEX_FPS_ZERO_OFFSET_UNVERIFIED,R02ZF_REUSED_R02ZF_PERSON023,1,16222,16222,False,0,-44.27517870751308,-41.23886204360154,-42.75702037555731,-50.27517870751308,-35.23886204360154,15.036316663911537,0.0,0.0,0.0,9.653119776788664,4,False,False,False,False
R02ZF,R02ZF_SARF000488,488,16267,16278,NOMINAL_INDEX_FPS_ZERO_OFFSET_UNVERIFIED,R02ZF_REUSED_R02ZF_PERSON023,1,16278,16278,False,0,-42.37868329172478,-39.43262131437263,-40.90565230304871,-48.37868329172478,-33.43262131437263,14.946061977352151,0.0,0.0,0.0,11.549615192576958,5,False,False,False,False
R02ZF,R02ZF_SARF000489,489,16300,16278,NOMINAL_INDEX_FPS_ZERO_OFFSET_UNVERIFIED,R02ZF_REUSED_R02ZF_PERSON023,1,16278,16278,False,0,-42.37868329172478,-39.43262131437263,-40.90565230304871,-48.37868329172478,-33.43262131437263,14.946061977352151,0.0,0.0,0.0,11.549615192576958,5,False,False,False,False
R02ZF,R02ZF_SARF000488,488,16267,16278,NOMINAL_INDEX_FPS_ZERO_OFFSET_UNVERIFIED,R02ZF_REUSED_R02ZF_PERSON024,1,16278,16278,False,0,-45.18926599463623,-40.32654006129996,-42.7579030279681,-51.18926599463623,-34.32654006129996,16.86272593333627,0.0,0.0,0.0,8.739032489665512,5,False,False,False,False
R02ZF,R02ZF_SARF000489,489,16300,16278,NOMINAL_INDEX_FPS_ZERO_OFFSET_UNVERIFIED,R02ZF_REUSED_R02ZF_PERSON024,1,16278,16278,False,0,-45.18926599463623,-40.32654006129996,-42.7579030279681,-51.18926599463623,-34.32654006129996,16.86272593333627,0.0,0.0,0.0,8.739032489665512,5,False,False,False,False
R02ZF,R02ZF_SARF000490,490,16333,16333,NOMINAL_INDEX_FPS_ZERO_OFFSET_UNVERIFIED,R02ZF_REUSED_R02ZF_PERSON024,1,16333,16333,False,0,-44.513506403666845,-38.30037232828772,-41.40693936597728,-50.513506403666845,-32.30037232828772,18.213134075379124,0.0,0.0,0.0,9.414792080634896,4,False,False,False,False
R02ZF,R02ZF_SARF000491,491,16367,16389,NOMINAL_INDEX_FPS_ZERO_OFFSET_UNVERIFIED,R02ZF_REUSED_R02ZF_PERSON024,1,16389,16389,False,0,-43.09468022634056,-36.21879917930776,-39.656739702824154,-49.09468022634056,-30.21879917930776,18.8758810470328,0.0,0.0,0.0,10.833618257961184,4,False,False,False,False
R02ZF,R02ZF_SARF000492,492,16400,16389,NOMINAL_INDEX_FPS_ZERO_OFFSET_UNVERIFIED,R02ZF_REUSED_R02ZF_PERSON024,1,16389,16389,False,0,-43.09468022634056,-36.21879917930776,-39.656739702824154,-49.09468022634056,-30.21879917930776,18.8758810470328,0.0,0.0,0.0,10.833618257961184,4,False,False,False,False
R02ZF,R02ZF_SARF000493,493,16433,16444,NOMINAL_INDEX_FPS_ZERO_OFFSET_UNVERIFIED,R02ZF_REUSED_R02ZF_PERSON024,1,16444,16444,False,0,-41.39372752746531,-34.06295475509586,-37.72834114128058,-47.39372752746531,-28.06295475509586,19.33077277236945,0.0,0.0,0.0,12.534570956836433,4,False,False,False,False
R02ZF,R02ZF_SARF000494,494,16467,16444,NOMINAL_INDEX_FPS_ZERO_OFFSET_UNVERIFIED,R02ZF_REUSED_R02ZF_PERSON024,1,16444,16444,False,0,-41.39372752746531,-34.06295475509586,-37.72834114128058,-47.39372752746531,-28.06295475509586,19.33077277236945,0.0,0.0,0.0,12.534570956836433,4,False,False,False,False
R03ZF,R03ZF_SARF000458,458,15267,15278,NOMINAL_INDEX_FPS_ZERO_OFFSET_UNVERIFIED,R03ZF_I01_T0004,1,15278,15278,False,2,-37.56413386916573,-33.81944532550923,-35.691789597337475,-43.56413386916573,-27.81944532550923,15.7446885436565,0.0,0.0,0.0,16.364164615136012,1,False,False,False,False
R03ZF,R03ZF_SARF000459,459,15300,15278,NOMINAL_INDEX_FPS_ZERO_OFFSET_UNVERIFIED,R03ZF_I01_T0004,1,15278,15278,False,2,-37.56413386916573,-33.81944532550923,-35.691789597337475,-43.56413386916573,-27.81944532550923,15.7446885436565,0.0,0.0,0.0,16.364164615136012,1,False,False,False,False
R03ZF,R03ZF_SARF000460,460,15333,15333,NOMINAL_INDEX_FPS_ZERO_OFFSET_UNVERIFIED,R03ZF_I01_T0004,1,15333,15333,False,2,-36.9437963254292,-33.227884859487304,-35.085840592458254,-42.9437963254292,-27.227884859487304,15.715911465941891,0.0,0.0,0.0,16.984502158872544,1,False,False,False,False
R03ZF,R03ZF_SARF000461,461,15367,15389,NOMINAL_INDEX_FPS_ZERO_OFFSET_UNVERIFIED,R03ZF_I01_T0004,1,15389,15389,False,2,-36.37651527265783,-32.69546945427581,-34.53599236346682,-42.37651527265783,-26.69546945427581,15.681045818382016,0.0,0.0,0.0,17.551783211643915,1,False,False,False,False
R03ZF,R03ZF_SARF000462,462,15400,15389,NOMINAL_INDEX_FPS_ZERO_OFFSET_UNVERIFIED,R03ZF_I01_T0004,1,15389,15389,False,2,-36.37651527265783,-32.69546945427581,-34.53599236346682,-42.37651527265783,-26.69546945427581,15.681045818382016,0.0,0.0,0.0,17.551783211643915,1,False,False,False,False
R03ZF,R03ZF_SARF000463,463,15433,15444,NOMINAL_INDEX_FPS_ZERO_OFFSET_UNVERIFIED,R03ZF_I01_T0004,1,15444,15444,False,2,-35.76347148079562,-32.11919714138297,-33.94133431108929,-41.76347148079562,-26.11919714138297,15.644274339412654,0.0,0.0,0.0,18.16482700350612,1,False,False,False,False
R03ZF,R03ZF_SARF000464,464,15467,15444,NOMINAL_INDEX_FPS_ZERO_OFFSET_UNVERIFIED,R03ZF_I01_T0004,1,15444,15444,False,2,-35.76347148079562,-32.11919714138297,-33.94133431108929,-41.76347148079562,-26.11919714138297,15.644274339412654,0.0,0.0,0.0,18.16482700350612,1,False,False,False,False
R03ZF,R03ZF_SARF000465,465,15500,15500,NOMINAL_INDEX_FPS_ZERO_OFFSET_UNVERIFIED,R03ZF_I01_T0004,1,15500,15500,False,2,-35.179443199014614,-31.596407730919047,-33.38792546496683,-41.179443199014614,-25.596407730919047,15.583035468095568,0.0,0.0,0.0,18.748855285287128,1,False,False,False,False
R03ZF,R03ZF_SARF000466,466,15533,15556,NOMINAL_INDEX_FPS_ZERO_OFFSET_UNVERIFIED,R03ZF_I01_T0004,1,15556,15556,False,2,-34.59805476227413,-31.079072969439892,-32.83856386585701,-40.59805476227413,-25.079072969439892,15.51898179283424,0.0,0.0,0.0,19.33024372202761,1,False,False,False,False
R03ZF,R03ZF_SARF000467,467,15567,15556,NOMINAL_INDEX_FPS_ZERO_OFFSET_UNVERIFIED,R03ZF_I01_T0004,1,15556,15556,False,2,-34.59805476227413,-31.079072969439892,-32.83856386585701,-40.59805476227413,-25.079072969439892,15.51898179283424,0.0,0.0,0.0,19.33024372202761,1,False,False,False,False
R03ZF,R03ZF_SARF000468,468,15600,15611,NOMINAL_INDEX_FPS_ZERO_OFFSET_UNVERIFIED,R03ZF_I01_T0004,1,15611,15611,False,2,-34.01238512185051,-30.498521894147355,-32.25545350799893,-40.01238512185051,-24.498521894147355,15.513863227703151,0.0,0.0,0.0,19.915913362451235,1,False,False,False,False
R03ZF,R03ZF_SARF000469,469,15633,15611,NOMINAL_INDEX_FPS_ZERO_OFFSET_UNVERIFIED,R03ZF_I01_T0004,1,15611,15611,False,2,-34.01238512185051,-30.498521894147355,-32.25545350799893,-40.01238512185051,-24.498521894147355,15.513863227703151,0.0,0.0,0.0,19.915913362451235,1,False,False,False,False
R03ZF,R03ZF_SARF000470,470,15667,15667,NOMINAL_INDEX_FPS_ZERO_OFFSET_UNVERIFIED,R03ZF_I01_T0004,1,15667,15667,False,2,-33.48275603889951,-30.135312092800184,-31.809034065849847,-39.48275603889951,-24.135312092800184,15.347443946099323,0.0,0.0,0.0,20.445542445402232,1,False,False,False,False
R03ZF,R03ZF_SARF000471,471,15700,15722,NOMINAL_INDEX_FPS_ZERO_OFFSET_UNVERIFIED,R03ZF_I01_T0004,1,15722,15722,False,2,-32.908836312937055,-29.457026532658364,-31.182931422797708,-38.908836312937055,-23.457026532658364,15.45180978027869,0.0,0.0,0.0,21.019462171364687,1,False,False,False,False
R03ZF,R03ZF_SARF000472,472,15733,15722,NOMINAL_INDEX_FPS_ZERO_OFFSET_UNVERIFIED,R03ZF_I01_T0004,1,15722,15722,False,2,-32.908836312937055,-29.457026532658364,-31.182931422797708,-38.908836312937055,-23.457026532658364,15.45180978027869,0.0,0.0,0.0,21.019462171364687,1,False,False,False,False
R03ZF,R03ZF_SARF000473,473,15767,15778,NOMINAL_INDEX_FPS_ZERO_OFFSET_UNVERIFIED,R03ZF_I01_T0004,1,15778,15778,False,2,-32.32292417133489,-28.807380524395363,-30.565152347865126,-38.32292417133489,-22.807380524395363,15.515543646939529,0.0,0.0,0.0,21.60537431296685,1,False,False,False,False
R03ZF,R03ZF_SARF000474,474,15800,15778,NOMINAL_INDEX_FPS_ZERO_OFFSET_UNVERIFIED,R03ZF_I01_T0004,1,15778,15778,False,2,-32.32292417133489,-28.807380524395363,-30.565152347865126,-38.32292417133489,-22.807380524395363,15.515543646939529,0.0,0.0,0.0,21.60537431296685,1,False,False,False,False
R03ZF,R03ZF_SARF000475,475,15833,15833,NOMINAL_INDEX_FPS_ZERO_OFFSET_UNVERIFIED,R03ZF_I01_T0004,1,15833,15833,False,2,-31.76760542499632,-28.39654772324505,-30.082076574120684,-37.76760542499632,-22.39654772324505,15.371057701751267,0.0,0.0,0.0,22.160693059305423,1,False,False,False,False
R03ZF,R03ZF_SARF000476,476,15867,15889,NOMINAL_INDEX_FPS_ZERO_OFFSET_UNVERIFIED,R03ZF_I01_T0004,1,15889,15889,False,2,-31.146895178106455,-27.861658480512553,-29.504276829309504,-37.146895178106455,-21.861658480512553,15.285236697593902,0.0,0.0,0.0,22.781403306195287,1,False,False,False,False
R03ZF,R03ZF_SARF000477,477,15900,15889,NOMINAL_INDEX_FPS_ZERO_OFFSET_UNVERIFIED,R03ZF_I01_T0004,1,15889,15889,False,2,-31.146895178106455,-27.861658480512553,-29.504276829309504,-37.146895178106455,-21.861658480512553,15.285236697593902,0.0,0.0,0.0,22.781403306195287,1,False,False,False,False
R03ZF,R03ZF_SARF000478,478,15933,15944,NOMINAL_INDEX_FPS_ZERO_OFFSET_UNVERIFIED,R03ZF_I01_T0004,1,15944,15944,False,2,-30.56073402522767,-27.137813621867338,-28.849273823547506,-36.560734025227674,-21.137813621867338,15.422920403360337,0.0,0.0,0.0,23.367564459074067,1,False,False,False,False
R03ZF,R03ZF_SARF000479,479,15967,15944,NOMINAL_INDEX_FPS_ZERO_OFFSET_UNVERIFIED,R03ZF_I01_T0004,1,15944,15944,False,2,-30.56073402522767,-27.137813621867338,-28.849273823547506,-36.560734025227674,-21.137813621867338,15.422920403360337,0.0,0.0,0.0,23.367564459074067,1,False,False,False,False
R03ZF,R03ZF_SARF000480,480,16000,16000,NOMINAL_INDEX_FPS_ZERO_OFFSET_UNVERIFIED,R03ZF_I01_T0004,1,16000,16000,False,2,-30.0033279784805,-26.543330935274984,-28.27332945687774,-36.0033279784805,-20.543330935274984,15.459997043205515,0.0,0.0,0.0,23.924970505821243,1,False,False,False,False
R03ZF,R03ZF_SARF000481,481,16033,16056,NOMINAL_INDEX_FPS_ZERO_OFFSET_UNVERIFIED,R03ZF_I01_T0004,1,16056,16056,False,2,-29.44475336900926,-26.015145466719634,-27.729949417864447,-35.44475336900926,-20.015145466719634,15.429607902289629,0.0,0.0,0.0,24.48354511529248,1,False,False,False,False
R03ZF,R03ZF_SARF000482,482,16067,16056,NOMINAL_INDEX_FPS_ZERO_OFFSET_UNVERIFIED,R03ZF_I01_T0004,1,16056,16056,False,2,-29.44475336900926,-26.015145466719634,-27.729949417864447,-35.44475336900926,-20.015145466719634,15.429607902289629,0.0,0.0,0.0,24.48354511529248,1,False,False,False,False
R03ZF,R03ZF_SARF000483,483,16100,16111,NOMINAL_INDEX_FPS_ZERO_OFFSET_UNVERIFIED,R03ZF_I01_T0004,1,16111,16111,False,2,-28.895457277766962,-25.516255442491936,-27.20585636012945,-34.895457277766965,-19.516255442491936,15.37920183527503,0.0,0.0,0.0,25.032841206534776,1,False,False,False,False
R03ZF,R03ZF_SARF000484,484,16133,16111,NOMINAL_INDEX_FPS_ZERO_OFFSET_UNVERIFIED,R03ZF_I01_T0004,1,16111,16111,False,2,-28.895457277766962,-25.516255442491936,-27.20585636012945,-34.895457277766965,-19.516255442491936,15.37920183527503,0.0,0.0,0.0,25.032841206534776,1,False,False,False,False
R03ZF,R03ZF_SARF000485,485,16167,16167,NOMINAL_INDEX_FPS_ZERO_OFFSET_UNVERIFIED,R03ZF_I01_T0004,1,16167,16167,False,2,-28.326896176830694,-24.940279339090736,-26.633587757960715,-34.326896176830694,-18.940279339090736,15.386616837739956,0.0,0.0,0.0,25.601402307471048,1,False,False,False,False
R03ZF,R03ZF_SARF000486,486,16200,16222,NOMINAL_INDEX_FPS_ZERO_OFFSET_UNVERIFIED,R03ZF_I01_T0004,1,16222,16222,False,2,-27.726736684137514,-24.31973184466869,-26.0232342644031,-33.726736684137514,-18.31973184466869,15.407004839468822,0.0,0.0,0.0,26.201561800164228,1,False,False,False,False
R03ZF,R03ZF_SARF000487,487,16233,16222,NOMINAL_INDEX_FPS_ZERO_OFFSET_UNVERIFIED,R03ZF_I01_T0004,1,16222,16222,False,2,-27.726736684137514,-24.31973184466869,-26.0232342644031,-33.726736684137514,-18.31973184466869,15.407004839468822,0.0,0.0,0.0,26.201561800164228,1,False,False,False,False
R03ZF,R03ZF_SARF000488,488,16267,16278,NOMINAL_INDEX_FPS_ZERO_OFFSET_UNVERIFIED,R03ZF_I01_T0004,1,16278,16278,False,2,-27.17485608369364,-23.83026193331769,-25.502559008505663,-33.17485608369364,-17.83026193331769,15.34459415037595,0.0,0.0,0.0,26.7534424006081,1,False,False,False,False
R03ZF,R03ZF_SARF000489,489,16300,16278,NOMINAL_INDEX_FPS_ZERO_OFFSET_UNVERIFIED,R03ZF_I01_T0004,1,16278,16278,False,2,-27.17485608369364,-23.83026193331769,-25.502559008505663,-33.17485608369364,-17.83026193331769,15.34459415037595,0.0,0.0,0.0,26.7534424006081,1,False,False,False,False
R03ZF,R03ZF_SARF000490,490,16333,16333,NOMINAL_INDEX_FPS_ZERO_OFFSET_UNVERIFIED,R03ZF_I01_T0004,1,16333,16333,False,2,-26.614728815674702,-23.267498075309927,-24.941113445492313,-32.6147288156747,-17.267498075309927,15.347230740364775,0.0,0.0,0.0,27.31356966862704,1,False,False,False,False
R03ZF,R03ZF_SARF000491,491,16367,16389,NOMINAL_INDEX_FPS_ZERO_OFFSET_UNVERIFIED,R03ZF_I01_T0004,1,16389,16389,False,2,-25.99333500841786,-22.674019571445303,-24.33367728993158,-31.99333500841786,-16.674019571445303,15.319315436972555,0.0,0.0,0.0,27.934963475883883,1,False,False,False,False
R03ZF,R03ZF_SARF000492,492,16400,16389,NOMINAL_INDEX_FPS_ZERO_OFFSET_UNVERIFIED,R03ZF_I01_T0004,1,16389,16389,False,2,-25.99333500841786,-22.674019571445303,-24.33367728993158,-31.99333500841786,-16.674019571445303,15.319315436972555,0.0,0.0,0.0,27.934963475883883,1,False,False,False,False
R03ZF,R03ZF_SARF000493,493,16433,16444,NOMINAL_INDEX_FPS_ZERO_OFFSET_UNVERIFIED,R03ZF_I01_T0004,1,16444,16444,False,2,-25.467029330874364,-22.16167154559925,-23.814350438236808,-31.467029330874364,-16.16167154559925,15.305357785275111,0.0,0.0,0.0,28.461269153427377,1,False,False,False,False
R03ZF,R03ZF_SARF000494,494,16467,16444,NOMINAL_INDEX_FPS_ZERO_OFFSET_UNVERIFIED,R03ZF_I01_T0004,1,16444,16444,False,2,-25.467029330874364,-22.16167154559925,-23.814350438236808,-31.467029330874364,-16.16167154559925,15.305357785275111,0.0,0.0,0.0,28.461269153427377,1,False,False,False,False
