optical_event_id,segment_id,run_id,event_type,involved_track_ids,support_start_sar_frame,support_end_sar_frame,event_uncertainty_state,competing_interpretations_json,observable_evidence,event_is_hard_label,manual_reference_used
TERGOE_47E0697BEC266D0E318B,TERGS_1CFF140A9BB35DBEE86F,R01ZF,OBSERVATION_PRESENCE_INTERVAL,R01ZF_REUSED_R01ZF_PERSON001,17,24,INTERVAL_OBSERVATION,"[""continuous presence"", ""detector-supported fragment presence""]",runtime-visible shell presence in 8 SAR frames,False,False
TERGOE_A29386AA89CCBD1AC141,TERGS_1CFF140A9BB35DBEE86F,R01ZF,OBSERVATION_PRESENCE_INTERVAL,R01ZF_REUSED_R01ZF_PERSON002,17,24,INTERVAL_OBSERVATION,"[""continuous presence"", ""detector-supported fragment presence""]",runtime-visible shell presence in 8 SAR frames,False,False
TERGOE_376FD5937EDDBA6A3066,TERGS_1CFF140A9BB35DBEE86F,R01ZF,OBSERVATION_PRESENCE_INTERVAL,R01ZF_REUSED_R01ZF_PERSON003,17,24,INTERVAL_OBSERVATION,"[""continuous presence"", ""detector-supported fragment presence""]",runtime-visible shell presence in 8 SAR frames,False,False
TERGOE_2212E62B549BFF782CD8,TERGS_1CFF140A9BB35DBEE86F,R01ZF,PAIR_GAP_SEPARATION_TENDENCY_DESCRIPTOR,R01ZF_REUSED_R01ZF_PERSON001;R01ZF_REUSED_R01ZF_PERSON003,17,24,CONTINUOUS_SIGN_DESCRIPTOR_NO_FITTED_THRESHOLD,"[""angular support gap trend"", ""camera projection trend"", ""bbox deformation""]",endpoint interval gap changes from 21.1370 to 21.7325 deg,False,False
TERGOE_23F6C1B46DB854D6F78F,TERGS_1CFF140A9BB35DBEE86F,R01ZF,PAIR_GAP_SEPARATION_TENDENCY_DESCRIPTOR,R01ZF_REUSED_R01ZF_PERSON002;R01ZF_REUSED_R01ZF_PERSON003,17,24,CONTINUOUS_SIGN_DESCRIPTOR_NO_FITTED_THRESHOLD,"[""angular support gap trend"", ""camera projection trend"", ""bbox deformation""]",endpoint interval gap changes from 26.6563 to 26.9139 deg,False,False
TERGOE_D8918D60D212245D28C8,TERGS_1CFF140A9BB35DBEE86F,R01ZF,PAIR_GAP_STABLE_DESCRIPTOR,R01ZF_REUSED_R01ZF_PERSON001;R01ZF_REUSED_R01ZF_PERSON002,17,24,CONTINUOUS_SIGN_DESCRIPTOR_NO_FITTED_THRESHOLD,"[""angular support gap trend"", ""camera projection trend"", ""bbox deformation""]",endpoint interval gap changes from 0.0000 to 0.0000 deg,False,False
TERGOE_A5D2179CE364012D5529,TERGS_1CFF140A9BB35DBEE86F,R01ZF,RELATIVE_ORDER_OVERLAP_UNCERTAINTY,R01ZF_REUSED_R01ZF_PERSON001;R01ZF_REUSED_R01ZF_PERSON002,17,24,UNCERTAINTY_STATE,"[""angular overlap"", ""possible occlusion"", ""projection ambiguity"", ""grouping ambiguity""]",raw angular support intervals overlap,False,False
TERGOE_530AAC2B462698E9D78C,TERGS_1CFF140A9BB35DBEE86F,R01ZF,RELATIVE_ORDER_STABLE,R01ZF_REUSED_R01ZF_PERSON001;R01ZF_REUSED_R01ZF_PERSON003,17,24,DEFINITE_INTERVAL_ORDER,"[""A_RIGHT_OF_B""]",raw optical angular intervals remain disjoint with stable order,False,False
TERGOE_F3DC1B2A545C8A73F16B,TERGS_1CFF140A9BB35DBEE86F,R01ZF,RELATIVE_ORDER_STABLE,R01ZF_REUSED_R01ZF_PERSON002;R01ZF_REUSED_R01ZF_PERSON003,17,24,DEFINITE_INTERVAL_ORDER,"[""A_RIGHT_OF_B""]",raw optical angular intervals remain disjoint with stable order,False,False
TERGOE_9B1E0E40A84EF65F378B,TERGS_2329DA3AFF8E7609BCB2,R01ZF,OBSERVATION_PRESENCE_INTERVAL,R01ZF_REUSED_R01ZF_PERSON001,63,70,INTERVAL_OBSERVATION,"[""continuous presence"", ""detector-supported fragment presence""]",runtime-visible shell presence in 8 SAR frames,False,False
TERGOE_3270BAE67BE90F6ECEFA,TERGS_2329DA3AFF8E7609BCB2,R01ZF,OBSERVATION_PRESENCE_INTERVAL,R01ZF_REUSED_R01ZF_PERSON002,63,70,INTERVAL_OBSERVATION,"[""continuous presence"", ""detector-supported fragment presence""]",runtime-visible shell presence in 8 SAR frames,False,False
TERGOE_54508A3D31B8562FB60D,TERGS_2329DA3AFF8E7609BCB2,R01ZF,OBSERVATION_PRESENCE_INTERVAL,R01ZF_REUSED_R01ZF_PERSON003,63,70,INTERVAL_OBSERVATION,"[""continuous presence"", ""detector-supported fragment presence""]",runtime-visible shell presence in 8 SAR frames,False,False
TERGOE_480217E6474F1D9B7C0F,TERGS_2329DA3AFF8E7609BCB2,R01ZF,PAIR_GAP_APPROACH_TENDENCY_DESCRIPTOR,R01ZF_REUSED_R01ZF_PERSON001;R01ZF_REUSED_R01ZF_PERSON003,63,70,CONTINUOUS_SIGN_DESCRIPTOR_NO_FITTED_THRESHOLD,"[""angular support gap trend"", ""camera projection trend"", ""bbox deformation""]",endpoint interval gap changes from 20.8755 to 20.8138 deg,False,False
TERGOE_483214188BD0C69A828C,TERGS_2329DA3AFF8E7609BCB2,R01ZF,PAIR_GAP_SEPARATION_TENDENCY_DESCRIPTOR,R01ZF_REUSED_R01ZF_PERSON002;R01ZF_REUSED_R01ZF_PERSON003,63,70,CONTINUOUS_SIGN_DESCRIPTOR_NO_FITTED_THRESHOLD,"[""angular support gap trend"", ""camera projection trend"", ""bbox deformation""]",endpoint interval gap changes from 23.4818 to 24.4726 deg,False,False
TERGOE_262F010E2E4AD174924B,TERGS_2329DA3AFF8E7609BCB2,R01ZF,PAIR_GAP_STABLE_DESCRIPTOR,R01ZF_REUSED_R01ZF_PERSON001;R01ZF_REUSED_R01ZF_PERSON002,63,70,CONTINUOUS_SIGN_DESCRIPTOR_NO_FITTED_THRESHOLD,"[""angular support gap trend"", ""camera projection trend"", ""bbox deformation""]",endpoint interval gap changes from 0.0000 to 0.0000 deg,False,False
TERGOE_492BE31C14BE8691DCC9,TERGS_2329DA3AFF8E7609BCB2,R01ZF,RELATIVE_ORDER_OVERLAP_UNCERTAINTY,R01ZF_REUSED_R01ZF_PERSON001;R01ZF_REUSED_R01ZF_PERSON002,63,70,UNCERTAINTY_STATE,"[""angular overlap"", ""possible occlusion"", ""projection ambiguity"", ""grouping ambiguity""]",raw angular support intervals overlap,False,False
TERGOE_4EE176595B13D2D9A25A,TERGS_2329DA3AFF8E7609BCB2,R01ZF,RELATIVE_ORDER_STABLE,R01ZF_REUSED_R01ZF_PERSON001;R01ZF_REUSED_R01ZF_PERSON003,63,70,DEFINITE_INTERVAL_ORDER,"[""A_RIGHT_OF_B""]",raw optical angular intervals remain disjoint with stable order,False,False
TERGOE_1684F3E05CAFBD6C0F3B,TERGS_2329DA3AFF8E7609BCB2,R01ZF,RELATIVE_ORDER_STABLE,R01ZF_REUSED_R01ZF_PERSON002;R01ZF_REUSED_R01ZF_PERSON003,63,70,DEFINITE_INTERVAL_ORDER,"[""A_RIGHT_OF_B""]",raw optical angular intervals remain disjoint with stable order,False,False
TERGOE_C71500B565A8CD49A419,TERGS_253C26F1BF4B2985C601,R01ZF,OBSERVATION_BIRTH_HYPOTHESIS,R01ZF_REUSED_R01ZF_PERSON001,0,1,SET_VALUED,"[""scene entry"", ""detector birth"", ""fragment start""]",first runtime-visible observation of fragment,False,False
TERGOE_B3F50B82FF69B593D4DA,TERGS_253C26F1BF4B2985C601,R01ZF,OBSERVATION_PRESENCE_INTERVAL,R01ZF_REUSED_R01ZF_PERSON001,0,94,INTERVAL_OBSERVATION,"[""continuous presence"", ""detector-supported fragment presence""]",runtime-visible shell presence in 95 SAR frames,False,False
TERGOE_A75146E3D455208A4B1C,TERGS_253C26F1BF4B2985C601,R01ZF,OPTICAL_BOUNDARY_OR_TRUNCATION_STATE,R01ZF_REUSED_R01ZF_PERSON001,85,94,UNCERTAINTY_STATE,"[""partial visibility"", ""fan/common-FoV clipping"", ""bbox truncation""]",runtime-visible shell interval touches an observable boundary,False,False
TERGOE_AD949528DF167FBD52FB,TERGS_253C26F1BF4B2985C601,R01ZF,OBSERVATION_DEATH_HYPOTHESIS,R01ZF_REUSED_R01ZF_PERSON001,93,94,SET_VALUED,"[""scene exit"", ""detector loss"", ""fragment end""]",last runtime-visible observation of fragment,False,False
TERGOE_281D24D4C3F4E4F47389,TERGS_2A1E38ABAA50E3792676,R01ZF,OBSERVATION_PRESENCE_INTERVAL,R01ZF_REUSED_R01ZF_PERSON003,107,114,INTERVAL_OBSERVATION,"[""continuous presence"", ""detector-supported fragment presence""]",runtime-visible shell presence in 8 SAR frames,False,False
TERGOE_FADE8DCA6EFF718D1409,TERGS_2A1E38ABAA50E3792676,R01ZF,OPTICAL_BOUNDARY_OR_TRUNCATION_STATE,R01ZF_REUSED_R01ZF_PERSON003,113,114,UNCERTAINTY_STATE,"[""partial visibility"", ""fan/common-FoV clipping"", ""bbox truncation""]",runtime-visible shell interval touches an observable boundary,False,False
TERGOE_19A80FDE7FD1E8BE61A5,TERGS_333C24F63385DAFD9021,R01ZF,OBSERVATION_PRESENCE_INTERVAL,R01ZF_REUSED_R01ZF_PERSON003,95,122,INTERVAL_OBSERVATION,"[""continuous presence"", ""detector-supported fragment presence""]",runtime-visible shell presence in 28 SAR frames,False,False
TERGOE_B4C5DCCBBE91B6CD5AB0,TERGS_333C24F63385DAFD9021,R01ZF,OPTICAL_BOUNDARY_OR_TRUNCATION_STATE,R01ZF_REUSED_R01ZF_PERSON003,113,122,UNCERTAINTY_STATE,"[""partial visibility"", ""fan/common-FoV clipping"", ""bbox truncation""]",runtime-visible shell interval touches an observable boundary,False,False
TERGOE_E96FF862B7F7986895EB,TERGS_333C24F63385DAFD9021,R01ZF,OBSERVATION_DEATH_HYPOTHESIS,R01ZF_REUSED_R01ZF_PERSON003,121,122,SET_VALUED,"[""scene exit"", ""detector loss"", ""fragment end""]",last runtime-visible observation of fragment,False,False
TERGOE_352FA0AB45D450795EE7,TERGS_447E05427C2D6C44CC40,R01ZF,OBSERVATION_BIRTH_HYPOTHESIS,R01ZF_REUSED_R01ZF_PERSON003,16,17,SET_VALUED,"[""scene entry"", ""detector birth"", ""fragment start""]",first runtime-visible observation of fragment,False,False
TERGOE_A96B674EDFEFBD097108,TERGS_447E05427C2D6C44CC40,R01ZF,OBSERVATION_PRESENCE_INTERVAL,R01ZF_REUSED_R01ZF_PERSON001,16,94,INTERVAL_OBSERVATION,"[""continuous presence"", ""detector-supported fragment presence""]",runtime-visible shell presence in 79 SAR frames,False,False
TERGOE_F786B02B42AEDE0BFD4B,TERGS_447E05427C2D6C44CC40,R01ZF,OBSERVATION_PRESENCE_INTERVAL,R01ZF_REUSED_R01ZF_PERSON003,16,94,INTERVAL_OBSERVATION,"[""continuous presence"", ""detector-supported fragment presence""]",runtime-visible shell presence in 79 SAR frames,False,False
TERGOE_1624D8D3F18DA4E22BE9,TERGS_447E05427C2D6C44CC40,R01ZF,PAIR_GAP_APPROACH_TENDENCY_DESCRIPTOR,R01ZF_REUSED_R01ZF_PERSON001;R01ZF_REUSED_R01ZF_PERSON003,16,94,CONTINUOUS_SIGN_DESCRIPTOR_NO_FITTED_THRESHOLD,"[""angular support gap trend"", ""camera projection trend"", ""bbox deformation""]",endpoint interval gap changes from 21.1370 to 18.5571 deg,False,False
TERGOE_C28E2D12A0450530233F,TERGS_447E05427C2D6C44CC40,R01ZF,RELATIVE_ORDER_STABLE,R01ZF_REUSED_R01ZF_PERSON001;R01ZF_REUSED_R01ZF_PERSON003,16,94,DEFINITE_INTERVAL_ORDER,"[""A_RIGHT_OF_B""]",raw optical angular intervals remain disjoint with stable order,False,False
TERGOE_E06A035E1EE18D24231C,TERGS_447E05427C2D6C44CC40,R01ZF,OPTICAL_BOUNDARY_OR_TRUNCATION_STATE,R01ZF_REUSED_R01ZF_PERSON001,85,94,UNCERTAINTY_STATE,"[""partial visibility"", ""fan/common-FoV clipping"", ""bbox truncation""]",runtime-visible shell interval touches an observable boundary,False,False
TERGOE_9052341A06D3A076B2DE,TERGS_447E05427C2D6C44CC40,R01ZF,OBSERVATION_DEATH_HYPOTHESIS,R01ZF_REUSED_R01ZF_PERSON001,93,94,SET_VALUED,"[""scene exit"", ""detector loss"", ""fragment end""]",last runtime-visible observation of fragment,False,False
TERGOE_695D8312D04BF45CFD4A,TERGS_4DCF92A4ED1645C80C30,R01ZF,OBSERVATION_PRESENCE_INTERVAL,R01ZF_REUSED_R01ZF_PERSON001,18,25,INTERVAL_OBSERVATION,"[""continuous presence"", ""detector-supported fragment presence""]",runtime-visible shell presence in 8 SAR frames,False,False
TERGOE_BCBEE7B36119DD20D410,TERGS_4DCF92A4ED1645C80C30,R01ZF,OBSERVATION_PRESENCE_INTERVAL,R01ZF_REUSED_R01ZF_PERSON002,18,25,INTERVAL_OBSERVATION,"[""continuous presence"", ""detector-supported fragment presence""]",runtime-visible shell presence in 8 SAR frames,False,False
TERGOE_2926E7F9EEECD489868C,TERGS_4DCF92A4ED1645C80C30,R01ZF,OBSERVATION_PRESENCE_INTERVAL,R01ZF_REUSED_R01ZF_PERSON003,18,25,INTERVAL_OBSERVATION,"[""continuous presence"", ""detector-supported fragment presence""]",runtime-visible shell presence in 8 SAR frames,False,False
TERGOE_46B360D8EF7E7229F8D0,TERGS_4DCF92A4ED1645C80C30,R01ZF,PAIR_GAP_APPROACH_TENDENCY_DESCRIPTOR,R01ZF_REUSED_R01ZF_PERSON002;R01ZF_REUSED_R01ZF_PERSON003,18,25,CONTINUOUS_SIGN_DESCRIPTOR_NO_FITTED_THRESHOLD,"[""angular support gap trend"", ""camera projection trend"", ""bbox deformation""]",endpoint interval gap changes from 27.0310 to 26.8973 deg,False,False
TERGOE_9E81D171EEF288B4D8C9,TERGS_4DCF92A4ED1645C80C30,R01ZF,PAIR_GAP_SEPARATION_TENDENCY_DESCRIPTOR,R01ZF_REUSED_R01ZF_PERSON001;R01ZF_REUSED_R01ZF_PERSON003,18,25,CONTINUOUS_SIGN_DESCRIPTOR_NO_FITTED_THRESHOLD,"[""angular support gap trend"", ""camera projection trend"", ""bbox deformation""]",endpoint interval gap changes from 21.5416 to 21.7718 deg,False,False
TERGOE_B768494119D3C105510E,TERGS_4DCF92A4ED1645C80C30,R01ZF,PAIR_GAP_STABLE_DESCRIPTOR,R01ZF_REUSED_R01ZF_PERSON001;R01ZF_REUSED_R01ZF_PERSON002,18,25,CONTINUOUS_SIGN_DESCRIPTOR_NO_FITTED_THRESHOLD,"[""angular support gap trend"", ""camera projection trend"", ""bbox deformation""]",endpoint interval gap changes from 0.0000 to 0.0000 deg,False,False
TERGOE_C322073591370B648AF9,TERGS_4DCF92A4ED1645C80C30,R01ZF,RELATIVE_ORDER_OVERLAP_UNCERTAINTY,R01ZF_REUSED_R01ZF_PERSON001;R01ZF_REUSED_R01ZF_PERSON002,18,25,UNCERTAINTY_STATE,"[""angular overlap"", ""possible occlusion"", ""projection ambiguity"", ""grouping ambiguity""]",raw angular support intervals overlap,False,False
TERGOE_DC42D461AC1212490B72,TERGS_4DCF92A4ED1645C80C30,R01ZF,RELATIVE_ORDER_STABLE,R01ZF_REUSED_R01ZF_PERSON001;R01ZF_REUSED_R01ZF_PERSON003,18,25,DEFINITE_INTERVAL_ORDER,"[""A_RIGHT_OF_B""]",raw optical angular intervals remain disjoint with stable order,False,False
TERGOE_2AA1AB3BD47C4F773BBE,TERGS_4DCF92A4ED1645C80C30,R01ZF,RELATIVE_ORDER_STABLE,R01ZF_REUSED_R01ZF_PERSON002;R01ZF_REUSED_R01ZF_PERSON003,18,25,DEFINITE_INTERVAL_ORDER,"[""A_RIGHT_OF_B""]",raw optical angular intervals remain disjoint with stable order,False,False
TERGOE_C0AEAABAB115E02605D0,TERGS_6E3564DE2B9BCF7CE7F6,R01ZF,OBSERVATION_PRESENCE_INTERVAL,R01ZF_REUSED_R01ZF_PERSON001,23,30,INTERVAL_OBSERVATION,"[""continuous presence"", ""detector-supported fragment presence""]",runtime-visible shell presence in 8 SAR frames,False,False
TERGOE_D30929428832F5AAA3EA,TERGS_6E3564DE2B9BCF7CE7F6,R01ZF,OBSERVATION_PRESENCE_INTERVAL,R01ZF_REUSED_R01ZF_PERSON002,23,30,INTERVAL_OBSERVATION,"[""continuous presence"", ""detector-supported fragment presence""]",runtime-visible shell presence in 8 SAR frames,False,False
TERGOE_E31C99DE451897BEA67D,TERGS_6E3564DE2B9BCF7CE7F6,R01ZF,OBSERVATION_PRESENCE_INTERVAL,R01ZF_REUSED_R01ZF_PERSON003,23,30,INTERVAL_OBSERVATION,"[""continuous presence"", ""detector-supported fragment presence""]",runtime-visible shell presence in 8 SAR frames,False,False
TERGOE_19D33419EF2BEC492DFB,TERGS_6E3564DE2B9BCF7CE7F6,R01ZF,PAIR_GAP_APPROACH_TENDENCY_DESCRIPTOR,R01ZF_REUSED_R01ZF_PERSON001;R01ZF_REUSED_R01ZF_PERSON003,23,30,CONTINUOUS_SIGN_DESCRIPTOR_NO_FITTED_THRESHOLD,"[""angular support gap trend"", ""camera projection trend"", ""bbox deformation""]",endpoint interval gap changes from 21.7325 to 21.6257 deg,False,False
TERGOE_57C1B4A7D3D71849FE0B,TERGS_6E3564DE2B9BCF7CE7F6,R01ZF,PAIR_GAP_APPROACH_TENDENCY_DESCRIPTOR,R01ZF_REUSED_R01ZF_PERSON002;R01ZF_REUSED_R01ZF_PERSON003,23,30,CONTINUOUS_SIGN_DESCRIPTOR_NO_FITTED_THRESHOLD,"[""angular support gap trend"", ""camera projection trend"", ""bbox deformation""]",endpoint interval gap changes from 26.9139 to 26.4074 deg,False,False
TERGOE_30A11DCF699D0A4476CA,TERGS_6E3564DE2B9BCF7CE7F6,R01ZF,PAIR_GAP_STABLE_DESCRIPTOR,R01ZF_REUSED_R01ZF_PERSON001;R01ZF_REUSED_R01ZF_PERSON002,23,30,CONTINUOUS_SIGN_DESCRIPTOR_NO_FITTED_THRESHOLD,"[""angular support gap trend"", ""camera projection trend"", ""bbox deformation""]",endpoint interval gap changes from 0.0000 to 0.0000 deg,False,False
TERGOE_372E9E54C47C6C36A9E9,TERGS_6E3564DE2B9BCF7CE7F6,R01ZF,RELATIVE_ORDER_OVERLAP_UNCERTAINTY,R01ZF_REUSED_R01ZF_PERSON001;R01ZF_REUSED_R01ZF_PERSON002,23,30,UNCERTAINTY_STATE,"[""angular overlap"", ""possible occlusion"", ""projection ambiguity"", ""grouping ambiguity""]",raw angular support intervals overlap,False,False
TERGOE_D828072F6A1451750859,TERGS_6E3564DE2B9BCF7CE7F6,R01ZF,RELATIVE_ORDER_STABLE,R01ZF_REUSED_R01ZF_PERSON001;R01ZF_REUSED_R01ZF_PERSON003,23,30,DEFINITE_INTERVAL_ORDER,"[""A_RIGHT_OF_B""]",raw optical angular intervals remain disjoint with stable order,False,False
TERGOE_569EFAF78F8F83F15D9B,TERGS_6E3564DE2B9BCF7CE7F6,R01ZF,RELATIVE_ORDER_STABLE,R01ZF_REUSED_R01ZF_PERSON002;R01ZF_REUSED_R01ZF_PERSON003,23,30,DEFINITE_INTERVAL_ORDER,"[""A_RIGHT_OF_B""]",raw optical angular intervals remain disjoint with stable order,False,False
TERGOE_8B0ED1A90BF3E958BAFE,TERGS_78A1EE0BE1319B401D51,R01ZF,OBSERVATION_BIRTH_HYPOTHESIS,R01ZF_REUSED_R01ZF_PERSON002,0,1,SET_VALUED,"[""scene entry"", ""detector birth"", ""fragment start""]",first runtime-visible observation of fragment,False,False
TERGOE_E835BB0E8DF94BD4B560,TERGS_78A1EE0BE1319B401D51,R01ZF,OBSERVATION_PRESENCE_INTERVAL,R01ZF_REUSED_R01ZF_PERSON002,0,90,INTERVAL_OBSERVATION,"[""continuous presence"", ""detector-supported fragment presence""]",runtime-visible shell presence in 91 SAR frames,False,False
TERGOE_FBD9DB5025E356932CF6,TERGS_78A1EE0BE1319B401D51,R01ZF,OPTICAL_BOUNDARY_OR_TRUNCATION_STATE,R01ZF_REUSED_R01ZF_PERSON002,81,90,UNCERTAINTY_STATE,"[""partial visibility"", ""fan/common-FoV clipping"", ""bbox truncation""]",runtime-visible shell interval touches an observable boundary,False,False
TERGOE_4344457A089E1E29E42A,TERGS_78A1EE0BE1319B401D51,R01ZF,OBSERVATION_DEATH_HYPOTHESIS,R01ZF_REUSED_R01ZF_PERSON002,89,90,SET_VALUED,"[""scene exit"", ""detector loss"", ""fragment end""]",last runtime-visible observation of fragment,False,False
TERGOE_7E3EF1F1F092468B5C70,TERGS_8BEED5994DAAC1AE86CF,R01ZF,OBSERVATION_BIRTH_HYPOTHESIS,R01ZF_REUSED_R01ZF_PERSON001,0,1,SET_VALUED,"[""scene entry"", ""detector birth"", ""fragment start""]",first runtime-visible observation of fragment,False,False
TERGOE_D7FE04AD74B69EB7198F,TERGS_8BEED5994DAAC1AE86CF,R01ZF,OBSERVATION_BIRTH_HYPOTHESIS,R01ZF_REUSED_R01ZF_PERSON002,0,1,SET_VALUED,"[""scene entry"", ""detector birth"", ""fragment start""]",first runtime-visible observation of fragment,False,False
TERGOE_BF79B1D8E56551D16C7C,TERGS_8BEED5994DAAC1AE86CF,R01ZF,OBSERVATION_PRESENCE_INTERVAL,R01ZF_REUSED_R01ZF_PERSON001,0,90,INTERVAL_OBSERVATION,"[""continuous presence"", ""detector-supported fragment presence""]",runtime-visible shell presence in 91 SAR frames,False,False
TERGOE_801649548766F986C851,TERGS_8BEED5994DAAC1AE86CF,R01ZF,OBSERVATION_PRESENCE_INTERVAL,R01ZF_REUSED_R01ZF_PERSON002,0,90,INTERVAL_OBSERVATION,"[""continuous presence"", ""detector-supported fragment presence""]",runtime-visible shell presence in 91 SAR frames,False,False
TERGOE_F95C1E1CE5CB480C9FA3,TERGS_8BEED5994DAAC1AE86CF,R01ZF,PAIR_GAP_STABLE_DESCRIPTOR,R01ZF_REUSED_R01ZF_PERSON001;R01ZF_REUSED_R01ZF_PERSON002,0,90,CONTINUOUS_SIGN_DESCRIPTOR_NO_FITTED_THRESHOLD,"[""angular support gap trend"", ""camera projection trend"", ""bbox deformation""]",endpoint interval gap changes from 0.0000 to 0.0000 deg,False,False
TERGOE_9377EA86ADF077BDFA5A,TERGS_8BEED5994DAAC1AE86CF,R01ZF,RELATIVE_ORDER_OVERLAP_UNCERTAINTY,R01ZF_REUSED_R01ZF_PERSON001;R01ZF_REUSED_R01ZF_PERSON002,0,90,UNCERTAINTY_STATE,"[""angular overlap"", ""possible occlusion"", ""projection ambiguity"", ""grouping ambiguity""]",raw angular support intervals overlap,False,False
TERGOE_18C396A364148E3373CD,TERGS_8BEED5994DAAC1AE86CF,R01ZF,OPTICAL_BOUNDARY_OR_TRUNCATION_STATE,R01ZF_REUSED_R01ZF_PERSON002,81,90,UNCERTAINTY_STATE,"[""partial visibility"", ""fan/common-FoV clipping"", ""bbox truncation""]",runtime-visible shell interval touches an observable boundary,False,False
TERGOE_F60090CE6E740ACEEC01,TERGS_8BEED5994DAAC1AE86CF,R01ZF,OPTICAL_BOUNDARY_OR_TRUNCATION_STATE,R01ZF_REUSED_R01ZF_PERSON001,85,90,UNCERTAINTY_STATE,"[""partial visibility"", ""fan/common-FoV clipping"", ""bbox truncation""]",runtime-visible shell interval touches an observable boundary,False,False
TERGOE_3FD2AC1A005CD2DE762C,TERGS_8BEED5994DAAC1AE86CF,R01ZF,OBSERVATION_DEATH_HYPOTHESIS,R01ZF_REUSED_R01ZF_PERSON002,89,90,SET_VALUED,"[""scene exit"", ""detector loss"", ""fragment end""]",last runtime-visible observation of fragment,False,False
TERGOE_C82A288549A667DE4487,TERGS_90732AAA7ED6876C7E68,R01ZF,OBSERVATION_BIRTH_HYPOTHESIS,R01ZF_REUSED_R01ZF_PERSON003,16,17,SET_VALUED,"[""scene entry"", ""detector birth"", ""fragment start""]",first runtime-visible observation of fragment,False,False
TERGOE_D7940B0F67991C786E9A,TERGS_90732AAA7ED6876C7E68,R01ZF,OBSERVATION_PRESENCE_INTERVAL,R01ZF_REUSED_R01ZF_PERSON003,16,122,INTERVAL_OBSERVATION,"[""continuous presence"", ""detector-supported fragment presence""]",runtime-visible shell presence in 107 SAR frames,False,False
TERGOE_C655B2805B06D5667134,TERGS_90732AAA7ED6876C7E68,R01ZF,OPTICAL_BOUNDARY_OR_TRUNCATION_STATE,R01ZF_REUSED_R01ZF_PERSON003,113,122,UNCERTAINTY_STATE,"[""partial visibility"", ""fan/common-FoV clipping"", ""bbox truncation""]",runtime-visible shell interval touches an observable boundary,False,False
TERGOE_808284FF6771E5BDD3C8,TERGS_90732AAA7ED6876C7E68,R01ZF,OBSERVATION_DEATH_HYPOTHESIS,R01ZF_REUSED_R01ZF_PERSON003,121,122,SET_VALUED,"[""scene exit"", ""detector loss"", ""fragment end""]",last runtime-visible observation of fragment,False,False
TERGOE_EB3F257B4FE7388AE1F5,TERGS_BC5EA4947C3E28B93EB6,R01ZF,OBSERVATION_BIRTH_HYPOTHESIS,R01ZF_REUSED_R01ZF_PERSON003,16,17,SET_VALUED,"[""scene entry"", ""detector birth"", ""fragment start""]",first runtime-visible observation of fragment,False,False
TERGOE_A8800399B83F6E58D881,TERGS_BC5EA4947C3E28B93EB6,R01ZF,OBSERVATION_PRESENCE_INTERVAL,R01ZF_REUSED_R01ZF_PERSON001,16,90,INTERVAL_OBSERVATION,"[""continuous presence"", ""detector-supported fragment presence""]",runtime-visible shell presence in 75 SAR frames,False,False
TERGOE_CC9ECC8409995B399949,TERGS_BC5EA4947C3E28B93EB6,R01ZF,OBSERVATION_PRESENCE_INTERVAL,R01ZF_REUSED_R01ZF_PERSON002,16,90,INTERVAL_OBSERVATION,"[""continuous presence"", ""detector-supported fragment presence""]",runtime-visible shell presence in 75 SAR frames,False,False
TERGOE_64F71490606C03808FD2,TERGS_BC5EA4947C3E28B93EB6,R01ZF,OBSERVATION_PRESENCE_INTERVAL,R01ZF_REUSED_R01ZF_PERSON003,16,90,INTERVAL_OBSERVATION,"[""continuous presence"", ""detector-supported fragment presence""]",runtime-visible shell presence in 75 SAR frames,False,False
TERGOE_66565B9D91E2992A3444,TERGS_BC5EA4947C3E28B93EB6,R01ZF,PAIR_GAP_APPROACH_TENDENCY_DESCRIPTOR,R01ZF_REUSED_R01ZF_PERSON001;R01ZF_REUSED_R01ZF_PERSON003,16,90,CONTINUOUS_SIGN_DESCRIPTOR_NO_FITTED_THRESHOLD,"[""angular support gap trend"", ""camera projection trend"", ""bbox deformation""]",endpoint interval gap changes from 21.1370 to 18.9295 deg,False,False
TERGOE_1629FF5ED196828E0622,TERGS_BC5EA4947C3E28B93EB6,R01ZF,PAIR_GAP_APPROACH_TENDENCY_DESCRIPTOR,R01ZF_REUSED_R01ZF_PERSON002;R01ZF_REUSED_R01ZF_PERSON003,16,90,CONTINUOUS_SIGN_DESCRIPTOR_NO_FITTED_THRESHOLD,"[""angular support gap trend"", ""camera projection trend"", ""bbox deformation""]",endpoint interval gap changes from 26.6563 to 22.3057 deg,False,False
TERGOE_450F3CC47DEA8C7999B2,TERGS_BC5EA4947C3E28B93EB6,R01ZF,PAIR_GAP_STABLE_DESCRIPTOR,R01ZF_REUSED_R01ZF_PERSON001;R01ZF_REUSED_R01ZF_PERSON002,16,90,CONTINUOUS_SIGN_DESCRIPTOR_NO_FITTED_THRESHOLD,"[""angular support gap trend"", ""camera projection trend"", ""bbox deformation""]",endpoint interval gap changes from 0.0000 to 0.0000 deg,False,False
TERGOE_24830C513B209DD59031,TERGS_BC5EA4947C3E28B93EB6,R01ZF,RELATIVE_ORDER_OVERLAP_UNCERTAINTY,R01ZF_REUSED_R01ZF_PERSON001;R01ZF_REUSED_R01ZF_PERSON002,16,90,UNCERTAINTY_STATE,"[""angular overlap"", ""possible occlusion"", ""projection ambiguity"", ""grouping ambiguity""]",raw angular support intervals overlap,False,False
TERGOE_0B69A119D7F587C3E6CB,TERGS_BC5EA4947C3E28B93EB6,R01ZF,RELATIVE_ORDER_STABLE,R01ZF_REUSED_R01ZF_PERSON001;R01ZF_REUSED_R01ZF_PERSON003,16,90,DEFINITE_INTERVAL_ORDER,"[""A_RIGHT_OF_B""]",raw optical angular intervals remain disjoint with stable order,False,False
TERGOE_DA2994F0D5B641502EBB,TERGS_BC5EA4947C3E28B93EB6,R01ZF,RELATIVE_ORDER_STABLE,R01ZF_REUSED_R01ZF_PERSON002;R01ZF_REUSED_R01ZF_PERSON003,16,90,DEFINITE_INTERVAL_ORDER,"[""A_RIGHT_OF_B""]",raw optical angular intervals remain disjoint with stable order,False,False
TERGOE_D5EAA6C2DAE98EF7FF26,TERGS_BC5EA4947C3E28B93EB6,R01ZF,OPTICAL_BOUNDARY_OR_TRUNCATION_STATE,R01ZF_REUSED_R01ZF_PERSON002,81,90,UNCERTAINTY_STATE,"[""partial visibility"", ""fan/common-FoV clipping"", ""bbox truncation""]",runtime-visible shell interval touches an observable boundary,False,False
TERGOE_2CBE3FD0AB843B181F66,TERGS_BC5EA4947C3E28B93EB6,R01ZF,OPTICAL_BOUNDARY_OR_TRUNCATION_STATE,R01ZF_REUSED_R01ZF_PERSON001,85,90,UNCERTAINTY_STATE,"[""partial visibility"", ""fan/common-FoV clipping"", ""bbox truncation""]",runtime-visible shell interval touches an observable boundary,False,False
TERGOE_ADA58CA5575F74BD6061,TERGS_BC5EA4947C3E28B93EB6,R01ZF,OBSERVATION_DEATH_HYPOTHESIS,R01ZF_REUSED_R01ZF_PERSON002,89,90,SET_VALUED,"[""scene exit"", ""detector loss"", ""fragment end""]",last runtime-visible observation of fragment,False,False
TERGOE_9C08A02488321A1667FB,TERGS_BDFB23ADB9531057AE1C,R01ZF,OBSERVATION_BIRTH_HYPOTHESIS,R01ZF_REUSED_R01ZF_PERSON003,16,17,SET_VALUED,"[""scene entry"", ""detector birth"", ""fragment start""]",first runtime-visible observation of fragment,False,False
TERGOE_ADF49B91761829D14536,TERGS_BDFB23ADB9531057AE1C,R01ZF,OBSERVATION_PRESENCE_INTERVAL,R01ZF_REUSED_R01ZF_PERSON002,16,90,INTERVAL_OBSERVATION,"[""continuous presence"", ""detector-supported fragment presence""]",runtime-visible shell presence in 75 SAR frames,False,False
TERGOE_B6276F2D1148321A4CF4,TERGS_BDFB23ADB9531057AE1C,R01ZF,OBSERVATION_PRESENCE_INTERVAL,R01ZF_REUSED_R01ZF_PERSON003,16,90,INTERVAL_OBSERVATION,"[""continuous presence"", ""detector-supported fragment presence""]",runtime-visible shell presence in 75 SAR frames,False,False
TERGOE_B1CD5B867EEE25DCCF3B,TERGS_BDFB23ADB9531057AE1C,R01ZF,PAIR_GAP_APPROACH_TENDENCY_DESCRIPTOR,R01ZF_REUSED_R01ZF_PERSON002;R01ZF_REUSED_R01ZF_PERSON003,16,90,CONTINUOUS_SIGN_DESCRIPTOR_NO_FITTED_THRESHOLD,"[""angular support gap trend"", ""camera projection trend"", ""bbox deformation""]",endpoint interval gap changes from 26.6563 to 22.3057 deg,False,False
TERGOE_FC0E85EC55BA98C4F476,TERGS_BDFB23ADB9531057AE1C,R01ZF,RELATIVE_ORDER_STABLE,R01ZF_REUSED_R01ZF_PERSON002;R01ZF_REUSED_R01ZF_PERSON003,16,90,DEFINITE_INTERVAL_ORDER,"[""A_RIGHT_OF_B""]",raw optical angular intervals remain disjoint with stable order,False,False
TERGOE_E2A5100C5EAC82975C23,TERGS_BDFB23ADB9531057AE1C,R01ZF,OPTICAL_BOUNDARY_OR_TRUNCATION_STATE,R01ZF_REUSED_R01ZF_PERSON002,81,90,UNCERTAINTY_STATE,"[""partial visibility"", ""fan/common-FoV clipping"", ""bbox truncation""]",runtime-visible shell interval touches an observable boundary,False,False
TERGOE_C439D480323607EAFF9C,TERGS_BDFB23ADB9531057AE1C,R01ZF,OBSERVATION_DEATH_HYPOTHESIS,R01ZF_REUSED_R01ZF_PERSON002,89,90,SET_VALUED,"[""scene exit"", ""detector loss"", ""fragment end""]",last runtime-visible observation of fragment,False,False
TERGOE_E21D96E665B99F96A254,TERGS_D939CE55686A60BC97A8,R01ZF,OBSERVATION_PRESENCE_INTERVAL,R01ZF_REUSED_R01ZF_PERSON001,22,29,INTERVAL_OBSERVATION,"[""continuous presence"", ""detector-supported fragment presence""]",runtime-visible shell presence in 8 SAR frames,False,False
TERGOE_CF78A4B77E88A48B2242,TERGS_D939CE55686A60BC97A8,R01ZF,OBSERVATION_PRESENCE_INTERVAL,R01ZF_REUSED_R01ZF_PERSON002,22,29,INTERVAL_OBSERVATION,"[""continuous presence"", ""detector-supported fragment presence""]",runtime-visible shell presence in 8 SAR frames,False,False
TERGOE_A8AB107964B223168D71,TERGS_D939CE55686A60BC97A8,R01ZF,OBSERVATION_PRESENCE_INTERVAL,R01ZF_REUSED_R01ZF_PERSON003,22,29,INTERVAL_OBSERVATION,"[""continuous presence"", ""detector-supported fragment presence""]",runtime-visible shell presence in 8 SAR frames,False,False
TERGOE_9922296159ACA9A00352,TERGS_D939CE55686A60BC97A8,R01ZF,PAIR_GAP_APPROACH_TENDENCY_DESCRIPTOR,R01ZF_REUSED_R01ZF_PERSON001;R01ZF_REUSED_R01ZF_PERSON003,22,29,CONTINUOUS_SIGN_DESCRIPTOR_NO_FITTED_THRESHOLD,"[""angular support gap trend"", ""camera projection trend"", ""bbox deformation""]",endpoint interval gap changes from 21.7049 to 21.5452 deg,False,False
TERGOE_3ED7780FCD925E267D12,TERGS_D939CE55686A60BC97A8,R01ZF,PAIR_GAP_APPROACH_TENDENCY_DESCRIPTOR,R01ZF_REUSED_R01ZF_PERSON002;R01ZF_REUSED_R01ZF_PERSON003,22,29,CONTINUOUS_SIGN_DESCRIPTOR_NO_FITTED_THRESHOLD,"[""angular support gap trend"", ""camera projection trend"", ""bbox deformation""]",endpoint interval gap changes from 26.9128 to 26.4238 deg,False,False
TERGOE_4CD75533B0A85B844FC1,TERGS_D939CE55686A60BC97A8,R01ZF,PAIR_GAP_STABLE_DESCRIPTOR,R01ZF_REUSED_R01ZF_PERSON001;R01ZF_REUSED_R01ZF_PERSON002,22,29,CONTINUOUS_SIGN_DESCRIPTOR_NO_FITTED_THRESHOLD,"[""angular support gap trend"", ""camera projection trend"", ""bbox deformation""]",endpoint interval gap changes from 0.0000 to 0.0000 deg,False,False
TERGOE_6BC252D427DA668A8685,TERGS_D939CE55686A60BC97A8,R01ZF,RELATIVE_ORDER_OVERLAP_UNCERTAINTY,R01ZF_REUSED_R01ZF_PERSON001;R01ZF_REUSED_R01ZF_PERSON002,22,29,UNCERTAINTY_STATE,"[""angular overlap"", ""possible occlusion"", ""projection ambiguity"", ""grouping ambiguity""]",raw angular support intervals overlap,False,False
TERGOE_19E97A179DB6A15E6C63,TERGS_D939CE55686A60BC97A8,R01ZF,RELATIVE_ORDER_STABLE,R01ZF_REUSED_R01ZF_PERSON001;R01ZF_REUSED_R01ZF_PERSON003,22,29,DEFINITE_INTERVAL_ORDER,"[""A_RIGHT_OF_B""]",raw optical angular intervals remain disjoint with stable order,False,False
TERGOE_25790025A595242F7B02,TERGS_D939CE55686A60BC97A8,R01ZF,RELATIVE_ORDER_STABLE,R01ZF_REUSED_R01ZF_PERSON002;R01ZF_REUSED_R01ZF_PERSON003,22,29,DEFINITE_INTERVAL_ORDER,"[""A_RIGHT_OF_B""]",raw optical angular intervals remain disjoint with stable order,False,False
TERGOE_F99668DF5DCFEBB34118,TERGS_E766DA8C46F860D1BA2F,R01ZF,OBSERVATION_BIRTH_HYPOTHESIS,R01ZF_REUSED_R01ZF_PERSON001,0,1,SET_VALUED,"[""scene entry"", ""detector birth"", ""fragment start""]",first runtime-visible observation of fragment,False,False
TERGOE_00909C098F466623CE98,TERGS_E766DA8C46F860D1BA2F,R01ZF,OBSERVATION_BIRTH_HYPOTHESIS,R01ZF_REUSED_R01ZF_PERSON002,0,1,SET_VALUED,"[""scene entry"", ""detector birth"", ""fragment start""]",first runtime-visible observation of fragment,False,False
TERGOE_8A4E18D25D1F8DB6B635,TERGS_E766DA8C46F860D1BA2F,R01ZF,OBSERVATION_PRESENCE_INTERVAL,R01ZF_REUSED_R01ZF_PERSON001,0,15,INTERVAL_OBSERVATION,"[""continuous presence"", ""detector-supported fragment presence""]",runtime-visible shell presence in 16 SAR frames,False,False
TERGOE_85557E906806CF498DC3,TERGS_E766DA8C46F860D1BA2F,R01ZF,OBSERVATION_PRESENCE_INTERVAL,R01ZF_REUSED_R01ZF_PERSON002,0,15,INTERVAL_OBSERVATION,"[""continuous presence"", ""detector-supported fragment presence""]",runtime-visible shell presence in 16 SAR frames,False,False
TERGOE_86B9BB59C8729424F58E,TERGS_E766DA8C46F860D1BA2F,R01ZF,PAIR_GAP_STABLE_DESCRIPTOR,R01ZF_REUSED_R01ZF_PERSON001;R01ZF_REUSED_R01ZF_PERSON002,0,15,CONTINUOUS_SIGN_DESCRIPTOR_NO_FITTED_THRESHOLD,"[""angular support gap trend"", ""camera projection trend"", ""bbox deformation""]",endpoint interval gap changes from 0.0000 to 0.0000 deg,False,False
TERGOE_F16903CE5F637CBDF452,TERGS_E766DA8C46F860D1BA2F,R01ZF,RELATIVE_ORDER_OVERLAP_UNCERTAINTY,R01ZF_REUSED_R01ZF_PERSON001;R01ZF_REUSED_R01ZF_PERSON002,0,15,UNCERTAINTY_STATE,"[""angular overlap"", ""possible occlusion"", ""projection ambiguity"", ""grouping ambiguity""]",raw angular support intervals overlap,False,False
TERGOE_83A053CF70E8ECB29743,TERGS_F01D7DE8D068D8533122,R01ZF,OBSERVATION_PRESENCE_INTERVAL,R01ZF_REUSED_R01ZF_PERSON001,36,43,INTERVAL_OBSERVATION,"[""continuous presence"", ""detector-supported fragment presence""]",runtime-visible shell presence in 8 SAR frames,False,False
TERGOE_01A8C9CCBF9E198EF06A,TERGS_F01D7DE8D068D8533122,R01ZF,OBSERVATION_PRESENCE_INTERVAL,R01ZF_REUSED_R01ZF_PERSON002,36,43,INTERVAL_OBSERVATION,"[""continuous presence"", ""detector-supported fragment presence""]",runtime-visible shell presence in 8 SAR frames,False,False
TERGOE_774B98985EFEF2A74055,TERGS_F01D7DE8D068D8533122,R01ZF,OBSERVATION_PRESENCE_INTERVAL,R01ZF_REUSED_R01ZF_PERSON003,36,43,INTERVAL_OBSERVATION,"[""continuous presence"", ""detector-supported fragment presence""]",runtime-visible shell presence in 8 SAR frames,False,False
TERGOE_1EFC9363569B00A7AC18,TERGS_F01D7DE8D068D8533122,R01ZF,PAIR_GAP_SEPARATION_TENDENCY_DESCRIPTOR,R01ZF_REUSED_R01ZF_PERSON001;R01ZF_REUSED_R01ZF_PERSON003,36,43,CONTINUOUS_SIGN_DESCRIPTOR_NO_FITTED_THRESHOLD,"[""angular support gap trend"", ""camera projection trend"", ""bbox deformation""]",endpoint interval gap changes from 21.9466 to 22.1511 deg,False,False
TERGOE_C233EC294EB3FC3D5305,TERGS_F01D7DE8D068D8533122,R01ZF,PAIR_GAP_SEPARATION_TENDENCY_DESCRIPTOR,R01ZF_REUSED_R01ZF_PERSON002;R01ZF_REUSED_R01ZF_PERSON003,36,43,CONTINUOUS_SIGN_DESCRIPTOR_NO_FITTED_THRESHOLD,"[""angular support gap trend"", ""camera projection trend"", ""bbox deformation""]",endpoint interval gap changes from 26.3055 to 26.4154 deg,False,False
TERGOE_A97BDE806ABAB80B47F7,TERGS_F01D7DE8D068D8533122,R01ZF,PAIR_GAP_STABLE_DESCRIPTOR,R01ZF_REUSED_R01ZF_PERSON001;R01ZF_REUSED_R01ZF_PERSON002,36,43,CONTINUOUS_SIGN_DESCRIPTOR_NO_FITTED_THRESHOLD,"[""angular support gap trend"", ""camera projection trend"", ""bbox deformation""]",endpoint interval gap changes from 0.0000 to 0.0000 deg,False,False
TERGOE_622E50417B129B29BB9C,TERGS_F01D7DE8D068D8533122,R01ZF,RELATIVE_ORDER_OVERLAP_UNCERTAINTY,R01ZF_REUSED_R01ZF_PERSON001;R01ZF_REUSED_R01ZF_PERSON002,36,43,UNCERTAINTY_STATE,"[""angular overlap"", ""possible occlusion"", ""projection ambiguity"", ""grouping ambiguity""]",raw angular support intervals overlap,False,False
TERGOE_FF7A53167F94535FD3A6,TERGS_F01D7DE8D068D8533122,R01ZF,RELATIVE_ORDER_STABLE,R01ZF_REUSED_R01ZF_PERSON001;R01ZF_REUSED_R01ZF_PERSON003,36,43,DEFINITE_INTERVAL_ORDER,"[""A_RIGHT_OF_B""]",raw optical angular intervals remain disjoint with stable order,False,False
TERGOE_14B16E6BD3425C64F785,TERGS_F01D7DE8D068D8533122,R01ZF,RELATIVE_ORDER_STABLE,R01ZF_REUSED_R01ZF_PERSON002;R01ZF_REUSED_R01ZF_PERSON003,36,43,DEFINITE_INTERVAL_ORDER,"[""A_RIGHT_OF_B""]",raw optical angular intervals remain disjoint with stable order,False,False
TERGOE_FFEF89636BD18D37F133,TERGS_190792243168018C6692,R02ZF,OBSERVATION_BIRTH_HYPOTHESIS,R02ZF_REUSED_R02ZF_PERSON018,472,473,SET_VALUED,"[""scene entry"", ""detector birth"", ""fragment start""]",first runtime-visible observation of fragment,False,False
TERGOE_1F5D166D770BD98DC9EE,TERGS_190792243168018C6692,R02ZF,OBSERVATION_PRESENCE_INTERVAL,R02ZF_REUSED_R02ZF_PERSON018,472,494,INTERVAL_OBSERVATION,"[""continuous presence"", ""detector-supported fragment presence""]",runtime-visible shell presence in 23 SAR frames,False,False
TERGOE_BA6F79E5229E38E9FE42,TERGS_190792243168018C6692,R02ZF,OBSERVATION_DEATH_HYPOTHESIS,R02ZF_REUSED_R02ZF_PERSON018,493,494,SET_VALUED,"[""scene exit"", ""detector loss"", ""fragment end""]",last runtime-visible observation of fragment,False,False
TERGOE_38152A134290D802F2B4,TERGS_1BB7B9183580C17A201F,R02ZF,OBSERVATION_PRESENCE_INTERVAL,R02ZF_REUSED_R02ZF_PERSON017,490,494,INTERVAL_OBSERVATION,"[""continuous presence"", ""detector-supported fragment presence""]",runtime-visible shell presence in 5 SAR frames,False,False
TERGOE_7900D135AF44D905AAB1,TERGS_1BB7B9183580C17A201F,R02ZF,OBSERVATION_PRESENCE_INTERVAL,R02ZF_REUSED_R02ZF_PERSON018,490,494,INTERVAL_OBSERVATION,"[""continuous presence"", ""detector-supported fragment presence""]",runtime-visible shell presence in 5 SAR frames,False,False
TERGOE_E2963B13D22514B3D77D,TERGS_1BB7B9183580C17A201F,R02ZF,OBSERVATION_PRESENCE_INTERVAL,R02ZF_REUSED_R02ZF_PERSON021,490,494,INTERVAL_OBSERVATION,"[""continuous presence"", ""detector-supported fragment presence""]",runtime-visible shell presence in 5 SAR frames,False,False
TERGOE_5FA0027F8ADE5C84ED06,TERGS_1BB7B9183580C17A201F,R02ZF,OBSERVATION_PRESENCE_INTERVAL,R02ZF_REUSED_R02ZF_PERSON024,490,494,INTERVAL_OBSERVATION,"[""continuous presence"", ""detector-supported fragment presence""]",runtime-visible shell presence in 5 SAR frames,False,False
TERGOE_0DED5DC8483BDE286DA8,TERGS_1BB7B9183580C17A201F,R02ZF,PAIR_GAP_APPROACH_TENDENCY_DESCRIPTOR,R02ZF_REUSED_R02ZF_PERSON017;R02ZF_REUSED_R02ZF_PERSON021,490,494,CONTINUOUS_SIGN_DESCRIPTOR_NO_FITTED_THRESHOLD,"[""angular support gap trend"", ""camera projection trend"", ""bbox deformation""]",endpoint interval gap changes from 6.1768 to 4.2977 deg,False,False
TERGOE_B5D8D33341B38472B4CF,TERGS_1BB7B9183580C17A201F,R02ZF,PAIR_GAP_APPROACH_TENDENCY_DESCRIPTOR,R02ZF_REUSED_R02ZF_PERSON017;R02ZF_REUSED_R02ZF_PERSON024,490,494,CONTINUOUS_SIGN_DESCRIPTOR_NO_FITTED_THRESHOLD,"[""angular support gap trend"", ""camera projection trend"", ""bbox deformation""]",endpoint interval gap changes from 13.5436 to 11.0816 deg,False,False
TERGOE_150B02D741C1BB516BE1,TERGS_1BB7B9183580C17A201F,R02ZF,PAIR_GAP_APPROACH_TENDENCY_DESCRIPTOR,R02ZF_REUSED_R02ZF_PERSON018;R02ZF_REUSED_R02ZF_PERSON021,490,494,CONTINUOUS_SIGN_DESCRIPTOR_NO_FITTED_THRESHOLD,"[""angular support gap trend"", ""camera projection trend"", ""bbox deformation""]",endpoint interval gap changes from 9.3454 to 7.4286 deg,False,False
TERGOE_CD06C301316517B96711,TERGS_1BB7B9183580C17A201F,R02ZF,PAIR_GAP_APPROACH_TENDENCY_DESCRIPTOR,R02ZF_REUSED_R02ZF_PERSON018;R02ZF_REUSED_R02ZF_PERSON024,490,494,CONTINUOUS_SIGN_DESCRIPTOR_NO_FITTED_THRESHOLD,"[""angular support gap trend"", ""camera projection trend"", ""bbox deformation""]",endpoint interval gap changes from 16.7123 to 14.2125 deg,False,False
TERGOE_9108969682EA47E31E86,TERGS_1BB7B9183580C17A201F,R02ZF,PAIR_GAP_APPROACH_TENDENCY_DESCRIPTOR,R02ZF_REUSED_R02ZF_PERSON021;R02ZF_REUSED_R02ZF_PERSON024,490,494,CONTINUOUS_SIGN_DESCRIPTOR_NO_FITTED_THRESHOLD,"[""angular support gap trend"", ""camera projection trend"", ""bbox deformation""]",endpoint interval gap changes from 0.3720 to 0.3547 deg,False,False
TERGOE_F28A03645E810DE6DC7A,TERGS_1BB7B9183580C17A201F,R02ZF,PAIR_GAP_SEPARATION_TENDENCY_DESCRIPTOR,R02ZF_REUSED_R02ZF_PERSON017;R02ZF_REUSED_R02ZF_PERSON018,490,494,CONTINUOUS_SIGN_DESCRIPTOR_NO_FITTED_THRESHOLD,"[""angular support gap trend"", ""camera projection trend"", ""bbox deformation""]",endpoint interval gap changes from 0.6136 to 0.6391 deg,False,False
TERGOE_C7178083C5F22F1564F3,TERGS_1BB7B9183580C17A201F,R02ZF,RELATIVE_ORDER_STABLE,R02ZF_REUSED_R02ZF_PERSON017;R02ZF_REUSED_R02ZF_PERSON018,490,494,DEFINITE_INTERVAL_ORDER,"[""A_LEFT_OF_B""]",raw optical angular intervals remain disjoint with stable order,False,False
TERGOE_AE43CDBD956F0ECB6F72,TERGS_1BB7B9183580C17A201F,R02ZF,RELATIVE_ORDER_STABLE,R02ZF_REUSED_R02ZF_PERSON017;R02ZF_REUSED_R02ZF_PERSON021,490,494,DEFINITE_INTERVAL_ORDER,"[""A_RIGHT_OF_B""]",raw optical angular intervals remain disjoint with stable order,False,False
TERGOE_6FBB1989CBDADC2CE644,TERGS_1BB7B9183580C17A201F,R02ZF,RELATIVE_ORDER_STABLE,R02ZF_REUSED_R02ZF_PERSON017;R02ZF_REUSED_R02ZF_PERSON024,490,494,DEFINITE_INTERVAL_ORDER,"[""A_RIGHT_OF_B""]",raw optical angular intervals remain disjoint with stable order,False,False
TERGOE_88F454C44C0B8340366B,TERGS_1BB7B9183580C17A201F,R02ZF,RELATIVE_ORDER_STABLE,R02ZF_REUSED_R02ZF_PERSON018;R02ZF_REUSED_R02ZF_PERSON021,490,494,DEFINITE_INTERVAL_ORDER,"[""A_RIGHT_OF_B""]",raw optical angular intervals remain disjoint with stable order,False,False
TERGOE_3300BA674142A223C734,TERGS_1BB7B9183580C17A201F,R02ZF,RELATIVE_ORDER_STABLE,R02ZF_REUSED_R02ZF_PERSON018;R02ZF_REUSED_R02ZF_PERSON024,490,494,DEFINITE_INTERVAL_ORDER,"[""A_RIGHT_OF_B""]",raw optical angular intervals remain disjoint with stable order,False,False
TERGOE_381A990AC20C42125F70,TERGS_1BB7B9183580C17A201F,R02ZF,RELATIVE_ORDER_STABLE,R02ZF_REUSED_R02ZF_PERSON021;R02ZF_REUSED_R02ZF_PERSON024,490,494,DEFINITE_INTERVAL_ORDER,"[""A_RIGHT_OF_B""]",raw optical angular intervals remain disjoint with stable order,False,False
TERGOE_F371EDEE535B06ADBE80,TERGS_1BB7B9183580C17A201F,R02ZF,OBSERVATION_DEATH_HYPOTHESIS,R02ZF_REUSED_R02ZF_PERSON017,493,494,SET_VALUED,"[""scene exit"", ""detector loss"", ""fragment end""]",last runtime-visible observation of fragment,False,False
TERGOE_80E3F765479F76DD640A,TERGS_1BB7B9183580C17A201F,R02ZF,OBSERVATION_DEATH_HYPOTHESIS,R02ZF_REUSED_R02ZF_PERSON018,493,494,SET_VALUED,"[""scene exit"", ""detector loss"", ""fragment end""]",last runtime-visible observation of fragment,False,False
TERGOE_76A2E788E67EBAA69503,TERGS_1BB7B9183580C17A201F,R02ZF,OBSERVATION_DEATH_HYPOTHESIS,R02ZF_REUSED_R02ZF_PERSON021,493,494,SET_VALUED,"[""scene exit"", ""detector loss"", ""fragment end""]",last runtime-visible observation of fragment,False,False
TERGOE_FC43FBF2FC6AA5528252,TERGS_1BB7B9183580C17A201F,R02ZF,OBSERVATION_DEATH_HYPOTHESIS,R02ZF_REUSED_R02ZF_PERSON024,493,494,SET_VALUED,"[""scene exit"", ""detector loss"", ""fragment end""]",last runtime-visible observation of fragment,False,False
TERGOE_BB4D98BD8439D3C44899,TERGS_38238A43231066968F66,R02ZF,OBSERVATION_BIRTH_HYPOTHESIS,R02ZF_REUSED_R02ZF_PERSON021,481,482,SET_VALUED,"[""scene entry"", ""detector birth"", ""fragment start""]",first runtime-visible observation of fragment,False,False
TERGOE_2687C46A13B31B6A6403,TERGS_38238A43231066968F66,R02ZF,OBSERVATION_PRESENCE_INTERVAL,R02ZF_REUSED_R02ZF_PERSON018,481,494,INTERVAL_OBSERVATION,"[""continuous presence"", ""detector-supported fragment presence""]",runtime-visible shell presence in 14 SAR frames,False,False
TERGOE_692F815FA5D3F4F13396,TERGS_38238A43231066968F66,R02ZF,OBSERVATION_PRESENCE_INTERVAL,R02ZF_REUSED_R02ZF_PERSON021,481,494,INTERVAL_OBSERVATION,"[""continuous presence"", ""detector-supported fragment presence""]",runtime-visible shell presence in 14 SAR frames,False,False
TERGOE_8CE9449A409862D9C885,TERGS_38238A43231066968F66,R02ZF,PAIR_GAP_APPROACH_TENDENCY_DESCRIPTOR,R02ZF_REUSED_R02ZF_PERSON018;R02ZF_REUSED_R02ZF_PERSON021,481,494,CONTINUOUS_SIGN_DESCRIPTOR_NO_FITTED_THRESHOLD,"[""angular support gap trend"", ""camera projection trend"", ""bbox deformation""]",endpoint interval gap changes from 14.4752 to 7.4286 deg,False,False
TERGOE_1BF85AAEC2932FEFF3FE,TERGS_38238A43231066968F66,R02ZF,RELATIVE_ORDER_STABLE,R02ZF_REUSED_R02ZF_PERSON018;R02ZF_REUSED_R02ZF_PERSON021,481,494,DEFINITE_INTERVAL_ORDER,"[""A_RIGHT_OF_B""]",raw optical angular intervals remain disjoint with stable order,False,False
TERGOE_B49AA2BBE03022D29A02,TERGS_38238A43231066968F66,R02ZF,OBSERVATION_DEATH_HYPOTHESIS,R02ZF_REUSED_R02ZF_PERSON018,493,494,SET_VALUED,"[""scene exit"", ""detector loss"", ""fragment end""]",last runtime-visible observation of fragment,False,False
TERGOE_60A90AAF64F5554A3B2E,TERGS_38238A43231066968F66,R02ZF,OBSERVATION_DEATH_HYPOTHESIS,R02ZF_REUSED_R02ZF_PERSON021,493,494,SET_VALUED,"[""scene exit"", ""detector loss"", ""fragment end""]",last runtime-visible observation of fragment,False,False
TERGOE_2FD6AAACED87805F5586,TERGS_406E06BEE8B19831E091,R02ZF,OBSERVATION_PRESENCE_INTERVAL,R02ZF_REUSED_R02ZF_PERSON017,487,494,INTERVAL_OBSERVATION,"[""continuous presence"", ""detector-supported fragment presence""]",runtime-visible shell presence in 8 SAR frames,False,False
TERGOE_9EAD7636DCC03E56B2EB,TERGS_406E06BEE8B19831E091,R02ZF,OBSERVATION_PRESENCE_INTERVAL,R02ZF_REUSED_R02ZF_PERSON018,487,494,INTERVAL_OBSERVATION,"[""continuous presence"", ""detector-supported fragment presence""]",runtime-visible shell presence in 8 SAR frames,False,False
TERGOE_75FF5798B25D6644D42B,TERGS_406E06BEE8B19831E091,R02ZF,OBSERVATION_PRESENCE_INTERVAL,R02ZF_REUSED_R02ZF_PERSON021,487,494,INTERVAL_OBSERVATION,"[""continuous presence"", ""detector-supported fragment presence""]",runtime-visible shell presence in 8 SAR frames,False,False
TERGOE_2399E2D96C2F0ACA3B6F,TERGS_406E06BEE8B19831E091,R02ZF,OBSERVATION_PRESENCE_INTERVAL,R02ZF_REUSED_R02ZF_PERSON023,487,489,INTERVAL_OBSERVATION,"[""continuous presence"", ""detector-supported fragment presence""]",runtime-visible shell presence in 3 SAR frames,False,False
TERGOE_F842471EBADE5FC05E24,TERGS_406E06BEE8B19831E091,R02ZF,PAIR_GAP_APPROACH_TENDENCY_DESCRIPTOR,R02ZF_REUSED_R02ZF_PERSON017;R02ZF_REUSED_R02ZF_PERSON018,487,494,CONTINUOUS_SIGN_DESCRIPTOR_NO_FITTED_THRESHOLD,"[""angular support gap trend"", ""camera projection trend"", ""bbox deformation""]",endpoint interval gap changes from 0.6487 to 0.6391 deg,False,False
TERGOE_EB9D0DEBD3055EE720DE,TERGS_406E06BEE8B19831E091,R02ZF,PAIR_GAP_APPROACH_TENDENCY_DESCRIPTOR,R02ZF_REUSED_R02ZF_PERSON017;R02ZF_REUSED_R02ZF_PERSON021,487,494,CONTINUOUS_SIGN_DESCRIPTOR_NO_FITTED_THRESHOLD,"[""angular support gap trend"", ""camera projection trend"", ""bbox deformation""]",endpoint interval gap changes from 8.3368 to 4.2977 deg,False,False
TERGOE_555EA7A75DACC1331A55,TERGS_406E06BEE8B19831E091,R02ZF,PAIR_GAP_APPROACH_TENDENCY_DESCRIPTOR,R02ZF_REUSED_R02ZF_PERSON017;R02ZF_REUSED_R02ZF_PERSON023,487,489,CONTINUOUS_SIGN_DESCRIPTOR_NO_FITTED_THRESHOLD,"[""angular support gap trend"", ""camera projection trend"", ""bbox deformation""]",endpoint interval gap changes from 14.7108 to 13.7968 deg,False,False
TERGOE_2BC50A69C8A58E0F490F,TERGS_406E06BEE8B19831E091,R02ZF,PAIR_GAP_APPROACH_TENDENCY_DESCRIPTOR,R02ZF_REUSED_R02ZF_PERSON018;R02ZF_REUSED_R02ZF_PERSON021,487,494,CONTINUOUS_SIGN_DESCRIPTOR_NO_FITTED_THRESHOLD,"[""angular support gap trend"", ""camera projection trend"", ""bbox deformation""]",endpoint interval gap changes from 11.5486 to 7.4286 deg,False,False
TERGOE_2822C9752E7886B1E526,TERGS_406E06BEE8B19831E091,R02ZF,PAIR_GAP_APPROACH_TENDENCY_DESCRIPTOR,R02ZF_REUSED_R02ZF_PERSON018;R02ZF_REUSED_R02ZF_PERSON023,487,489,CONTINUOUS_SIGN_DESCRIPTOR_NO_FITTED_THRESHOLD,"[""angular support gap trend"", ""camera projection trend"", ""bbox deformation""]",endpoint interval gap changes from 17.9227 to 16.9289 deg,False,False
TERGOE_64090A08B2A62E6B7B53,TERGS_406E06BEE8B19831E091,R02ZF,PAIR_GAP_STABLE_DESCRIPTOR,R02ZF_REUSED_R02ZF_PERSON021;R02ZF_REUSED_R02ZF_PERSON023,487,489,CONTINUOUS_SIGN_DESCRIPTOR_NO_FITTED_THRESHOLD,"[""angular support gap trend"", ""camera projection trend"", ""bbox deformation""]",endpoint interval gap changes from 0.0000 to 0.0000 deg,False,False
TERGOE_0DE14ACFF369906D1DF1,TERGS_406E06BEE8B19831E091,R02ZF,RELATIVE_ORDER_OVERLAP_UNCERTAINTY,R02ZF_REUSED_R02ZF_PERSON021;R02ZF_REUSED_R02ZF_PERSON023,487,489,UNCERTAINTY_STATE,"[""angular overlap"", ""possible occlusion"", ""projection ambiguity"", ""grouping ambiguity""]",raw angular support intervals overlap,False,False
TERGOE_77F25B5634874693768E,TERGS_406E06BEE8B19831E091,R02ZF,RELATIVE_ORDER_STABLE,R02ZF_REUSED_R02ZF_PERSON017;R02ZF_REUSED_R02ZF_PERSON018,487,494,DEFINITE_INTERVAL_ORDER,"[""A_LEFT_OF_B""]",raw optical angular intervals remain disjoint with stable order,False,False
TERGOE_191E8A625B6658CF5AC0,TERGS_406E06BEE8B19831E091,R02ZF,RELATIVE_ORDER_STABLE,R02ZF_REUSED_R02ZF_PERSON017;R02ZF_REUSED_R02ZF_PERSON021,487,494,DEFINITE_INTERVAL_ORDER,"[""A_RIGHT_OF_B""]",raw optical angular intervals remain disjoint with stable order,False,False
TERGOE_472B32ACBDC3CD9FCE49,TERGS_406E06BEE8B19831E091,R02ZF,RELATIVE_ORDER_STABLE,R02ZF_REUSED_R02ZF_PERSON017;R02ZF_REUSED_R02ZF_PERSON023,487,489,DEFINITE_INTERVAL_ORDER,"[""A_RIGHT_OF_B""]",raw optical angular intervals remain disjoint with stable order,False,False
TERGOE_0FB94B3E760B6ED62AEF,TERGS_406E06BEE8B19831E091,R02ZF,RELATIVE_ORDER_STABLE,R02ZF_REUSED_R02ZF_PERSON018;R02ZF_REUSED_R02ZF_PERSON021,487,494,DEFINITE_INTERVAL_ORDER,"[""A_RIGHT_OF_B""]",raw optical angular intervals remain disjoint with stable order,False,False
TERGOE_18EE5CB041825827A2EF,TERGS_406E06BEE8B19831E091,R02ZF,RELATIVE_ORDER_STABLE,R02ZF_REUSED_R02ZF_PERSON018;R02ZF_REUSED_R02ZF_PERSON023,487,489,DEFINITE_INTERVAL_ORDER,"[""A_RIGHT_OF_B""]",raw optical angular intervals remain disjoint with stable order,False,False
TERGOE_1B92228DE15D8358F3C7,TERGS_406E06BEE8B19831E091,R02ZF,OBSERVATION_BIRTH_HYPOTHESIS,R02ZF_REUSED_R02ZF_PERSON024,488,489,SET_VALUED,"[""scene entry"", ""detector birth"", ""fragment start""]",first runtime-visible observation of fragment,False,False
TERGOE_117B6928EF031B576AEF,TERGS_406E06BEE8B19831E091,R02ZF,OBSERVATION_DEATH_HYPOTHESIS,R02ZF_REUSED_R02ZF_PERSON023,488,489,SET_VALUED,"[""scene exit"", ""detector loss"", ""fragment end""]",last runtime-visible observation of fragment,False,False
TERGOE_349C01A957B0C4664B5F,TERGS_406E06BEE8B19831E091,R02ZF,OBSERVATION_PRESENCE_INTERVAL,R02ZF_REUSED_R02ZF_PERSON024,488,494,INTERVAL_OBSERVATION,"[""continuous presence"", ""detector-supported fragment presence""]",runtime-visible shell presence in 7 SAR frames,False,False
TERGOE_A8D0FA77235490B14236,TERGS_406E06BEE8B19831E091,R02ZF,PAIR_GAP_APPROACH_TENDENCY_DESCRIPTOR,R02ZF_REUSED_R02ZF_PERSON017;R02ZF_REUSED_R02ZF_PERSON024,488,494,CONTINUOUS_SIGN_DESCRIPTOR_NO_FITTED_THRESHOLD,"[""angular support gap trend"", ""camera projection trend"", ""bbox deformation""]",endpoint interval gap changes from 14.6907 to 11.0816 deg,False,False
TERGOE_6F8E65CB8C46DE723C43,TERGS_406E06BEE8B19831E091,R02ZF,PAIR_GAP_APPROACH_TENDENCY_DESCRIPTOR,R02ZF_REUSED_R02ZF_PERSON018;R02ZF_REUSED_R02ZF_PERSON024,488,494,CONTINUOUS_SIGN_DESCRIPTOR_NO_FITTED_THRESHOLD,"[""angular support gap trend"", ""camera projection trend"", ""bbox deformation""]",endpoint interval gap changes from 17.8228 to 14.2125 deg,False,False
TERGOE_A326ADB52EAEAB4C0D91,TERGS_406E06BEE8B19831E091,R02ZF,PAIR_GAP_APPROACH_TENDENCY_DESCRIPTOR,R02ZF_REUSED_R02ZF_PERSON021;R02ZF_REUSED_R02ZF_PERSON024,488,494,CONTINUOUS_SIGN_DESCRIPTOR_NO_FITTED_THRESHOLD,"[""angular support gap trend"", ""camera projection trend"", ""bbox deformation""]",endpoint interval gap changes from 0.4216 to 0.3547 deg,False,False
TERGOE_2D50EE706E1019314465,TERGS_406E06BEE8B19831E091,R02ZF,PAIR_GAP_STABLE_DESCRIPTOR,R02ZF_REUSED_R02ZF_PERSON023;R02ZF_REUSED_R02ZF_PERSON024,488,489,CONTINUOUS_SIGN_DESCRIPTOR_NO_FITTED_THRESHOLD,"[""angular support gap trend"", ""camera projection trend"", ""bbox deformation""]",endpoint interval gap changes from 0.0000 to 0.0000 deg,False,False
TERGOE_057177C6EEDC16A74DB0,TERGS_406E06BEE8B19831E091,R02ZF,RELATIVE_ORDER_OVERLAP_UNCERTAINTY,R02ZF_REUSED_R02ZF_PERSON023;R02ZF_REUSED_R02ZF_PERSON024,488,489,UNCERTAINTY_STATE,"[""angular overlap"", ""possible occlusion"", ""projection ambiguity"", ""grouping ambiguity""]",raw angular support intervals overlap,False,False
TERGOE_091B73DFA523FCDB3779,TERGS_406E06BEE8B19831E091,R02ZF,RELATIVE_ORDER_STABLE,R02ZF_REUSED_R02ZF_PERSON017;R02ZF_REUSED_R02ZF_PERSON024,488,494,DEFINITE_INTERVAL_ORDER,"[""A_RIGHT_OF_B""]",raw optical angular intervals remain disjoint with stable order,False,False
TERGOE_F8129FF0CDBE1B8A1248,TERGS_406E06BEE8B19831E091,R02ZF,RELATIVE_ORDER_STABLE,R02ZF_REUSED_R02ZF_PERSON018;R02ZF_REUSED_R02ZF_PERSON024,488,494,DEFINITE_INTERVAL_ORDER,"[""A_RIGHT_OF_B""]",raw optical angular intervals remain disjoint with stable order,False,False
TERGOE_4CF15DF545E1A3D0A419,TERGS_406E06BEE8B19831E091,R02ZF,RELATIVE_ORDER_STABLE,R02ZF_REUSED_R02ZF_PERSON021;R02ZF_REUSED_R02ZF_PERSON024,488,494,DEFINITE_INTERVAL_ORDER,"[""A_RIGHT_OF_B""]",raw optical angular intervals remain disjoint with stable order,False,False
TERGOE_644F4209985DC7BED5C9,TERGS_406E06BEE8B19831E091,R02ZF,OBSERVATION_DEATH_HYPOTHESIS,R02ZF_REUSED_R02ZF_PERSON017,493,494,SET_VALUED,"[""scene exit"", ""detector loss"", ""fragment end""]",last runtime-visible observation of fragment,False,False
TERGOE_473D8B707535369E62BF,TERGS_406E06BEE8B19831E091,R02ZF,OBSERVATION_DEATH_HYPOTHESIS,R02ZF_REUSED_R02ZF_PERSON018,493,494,SET_VALUED,"[""scene exit"", ""detector loss"", ""fragment end""]",last runtime-visible observation of fragment,False,False
TERGOE_9357D9B9CAE91F006455,TERGS_406E06BEE8B19831E091,R02ZF,OBSERVATION_DEATH_HYPOTHESIS,R02ZF_REUSED_R02ZF_PERSON021,493,494,SET_VALUED,"[""scene exit"", ""detector loss"", ""fragment end""]",last runtime-visible observation of fragment,False,False
TERGOE_21F180D4505368F01F62,TERGS_406E06BEE8B19831E091,R02ZF,OBSERVATION_DEATH_HYPOTHESIS,R02ZF_REUSED_R02ZF_PERSON024,493,494,SET_VALUED,"[""scene exit"", ""detector loss"", ""fragment end""]",last runtime-visible observation of fragment,False,False
TERGOE_3780AF23722D5A51D183,TERGS_409886F81D9E45334F4F,R02ZF,OBSERVATION_BIRTH_HYPOTHESIS,R02ZF_REUSED_R02ZF_PERSON021,481,482,SET_VALUED,"[""scene entry"", ""detector birth"", ""fragment start""]",first runtime-visible observation of fragment,False,False
TERGOE_6D8655002A0AF54F295B,TERGS_409886F81D9E45334F4F,R02ZF,OBSERVATION_PRESENCE_INTERVAL,R02ZF_REUSED_R02ZF_PERSON021,481,494,INTERVAL_OBSERVATION,"[""continuous presence"", ""detector-supported fragment presence""]",runtime-visible shell presence in 14 SAR frames,False,False
TERGOE_0B5B30DB292AD02E1B42,TERGS_409886F81D9E45334F4F,R02ZF,OBSERVATION_DEATH_HYPOTHESIS,R02ZF_REUSED_R02ZF_PERSON021,493,494,SET_VALUED,"[""scene exit"", ""detector loss"", ""fragment end""]",last runtime-visible observation of fragment,False,False
TERGOE_5FAA0961DE8DE628E600,TERGS_48FABD798C7CE3742190,R02ZF,OBSERVATION_BIRTH_HYPOTHESIS,R02ZF_REUSED_R02ZF_PERSON024,488,489,SET_VALUED,"[""scene entry"", ""detector birth"", ""fragment start""]",first runtime-visible observation of fragment,False,False
TERGOE_0A28FB8E9539F82C1681,TERGS_48FABD798C7CE3742190,R02ZF,OBSERVATION_DEATH_HYPOTHESIS,R02ZF_REUSED_R02ZF_PERSON023,488,489,SET_VALUED,"[""scene exit"", ""detector loss"", ""fragment end""]",last runtime-visible observation of fragment,False,False
TERGOE_FB5112E2FE968058D3D4,TERGS_48FABD798C7CE3742190,R02ZF,OBSERVATION_PRESENCE_INTERVAL,R02ZF_REUSED_R02ZF_PERSON017,488,494,INTERVAL_OBSERVATION,"[""continuous presence"", ""detector-supported fragment presence""]",runtime-visible shell presence in 7 SAR frames,False,False
TERGOE_2AFFF95542CDC32CA647,TERGS_48FABD798C7CE3742190,R02ZF,OBSERVATION_PRESENCE_INTERVAL,R02ZF_REUSED_R02ZF_PERSON018,488,494,INTERVAL_OBSERVATION,"[""continuous presence"", ""detector-supported fragment presence""]",runtime-visible shell presence in 7 SAR frames,False,False
TERGOE_127694F20853AF9AD611,TERGS_48FABD798C7CE3742190,R02ZF,OBSERVATION_PRESENCE_INTERVAL,R02ZF_REUSED_R02ZF_PERSON021,488,494,INTERVAL_OBSERVATION,"[""continuous presence"", ""detector-supported fragment presence""]",runtime-visible shell presence in 7 SAR frames,False,False
TERGOE_B6152292061B5B63712C,TERGS_48FABD798C7CE3742190,R02ZF,OBSERVATION_PRESENCE_INTERVAL,R02ZF_REUSED_R02ZF_PERSON023,488,489,INTERVAL_OBSERVATION,"[""continuous presence"", ""detector-supported fragment presence""]",runtime-visible shell presence in 2 SAR frames,False,False
TERGOE_47E7DC012F2DFF3DB57F,TERGS_48FABD798C7CE3742190,R02ZF,OBSERVATION_PRESENCE_INTERVAL,R02ZF_REUSED_R02ZF_PERSON024,488,494,INTERVAL_OBSERVATION,"[""continuous presence"", ""detector-supported fragment presence""]",runtime-visible shell presence in 7 SAR frames,False,False
TERGOE_C682A4295CD21D5548CA,TERGS_48FABD798C7CE3742190,R02ZF,PAIR_GAP_APPROACH_TENDENCY_DESCRIPTOR,R02ZF_REUSED_R02ZF_PERSON017;R02ZF_REUSED_R02ZF_PERSON021,488,494,CONTINUOUS_SIGN_DESCRIPTOR_NO_FITTED_THRESHOLD,"[""angular support gap trend"", ""camera projection trend"", ""bbox deformation""]",endpoint interval gap changes from 7.2272 to 4.2977 deg,False,False
TERGOE_B667D455D7785E67BB7C,TERGS_48FABD798C7CE3742190,R02ZF,PAIR_GAP_APPROACH_TENDENCY_DESCRIPTOR,R02ZF_REUSED_R02ZF_PERSON017;R02ZF_REUSED_R02ZF_PERSON024,488,494,CONTINUOUS_SIGN_DESCRIPTOR_NO_FITTED_THRESHOLD,"[""angular support gap trend"", ""camera projection trend"", ""bbox deformation""]",endpoint interval gap changes from 14.6907 to 11.0816 deg,False,False
TERGOE_A54320B298D5DC2020C4,TERGS_48FABD798C7CE3742190,R02ZF,PAIR_GAP_APPROACH_TENDENCY_DESCRIPTOR,R02ZF_REUSED_R02ZF_PERSON018;R02ZF_REUSED_R02ZF_PERSON021,488,494,CONTINUOUS_SIGN_DESCRIPTOR_NO_FITTED_THRESHOLD,"[""angular support gap trend"", ""camera projection trend"", ""bbox deformation""]",endpoint interval gap changes from 10.3593 to 7.4286 deg,False,False
TERGOE_7AC0F81495D23249E5FF,TERGS_48FABD798C7CE3742190,R02ZF,PAIR_GAP_APPROACH_TENDENCY_DESCRIPTOR,R02ZF_REUSED_R02ZF_PERSON018;R02ZF_REUSED_R02ZF_PERSON024,488,494,CONTINUOUS_SIGN_DESCRIPTOR_NO_FITTED_THRESHOLD,"[""angular support gap trend"", ""camera projection trend"", ""bbox deformation""]",endpoint interval gap changes from 17.8228 to 14.2125 deg,False,False
TERGOE_C7F9CDBA545D846686E9,TERGS_48FABD798C7CE3742190,R02ZF,PAIR_GAP_APPROACH_TENDENCY_DESCRIPTOR,R02ZF_REUSED_R02ZF_PERSON021;R02ZF_REUSED_R02ZF_PERSON024,488,494,CONTINUOUS_SIGN_DESCRIPTOR_NO_FITTED_THRESHOLD,"[""angular support gap trend"", ""camera projection trend"", ""bbox deformation""]",endpoint interval gap changes from 0.4216 to 0.3547 deg,False,False
TERGOE_BE33C065B36F95BB241E,TERGS_48FABD798C7CE3742190,R02ZF,PAIR_GAP_SEPARATION_TENDENCY_DESCRIPTOR,R02ZF_REUSED_R02ZF_PERSON017;R02ZF_REUSED_R02ZF_PERSON018,488,494,CONTINUOUS_SIGN_DESCRIPTOR_NO_FITTED_THRESHOLD,"[""angular support gap trend"", ""camera projection trend"", ""bbox deformation""]",endpoint interval gap changes from 0.5753 to 0.6391 deg,False,False
TERGOE_9344EC8D7757CE9F389C,TERGS_48FABD798C7CE3742190,R02ZF,PAIR_GAP_STABLE_DESCRIPTOR,R02ZF_REUSED_R02ZF_PERSON017;R02ZF_REUSED_R02ZF_PERSON023,488,489,CONTINUOUS_SIGN_DESCRIPTOR_NO_FITTED_THRESHOLD,"[""angular support gap trend"", ""camera projection trend"", ""bbox deformation""]",endpoint interval gap changes from 13.7968 to 13.7968 deg,False,False
TERGOE_34D065D0FAC2C86C299B,TERGS_48FABD798C7CE3742190,R02ZF,PAIR_GAP_STABLE_DESCRIPTOR,R02ZF_REUSED_R02ZF_PERSON018;R02ZF_REUSED_R02ZF_PERSON023,488,489,CONTINUOUS_SIGN_DESCRIPTOR_NO_FITTED_THRESHOLD,"[""angular support gap trend"", ""camera projection trend"", ""bbox deformation""]",endpoint interval gap changes from 16.9289 to 16.9289 deg,False,False
TERGOE_231C9E9D0DB6D48FA4A5,TERGS_48FABD798C7CE3742190,R02ZF,PAIR_GAP_STABLE_DESCRIPTOR,R02ZF_REUSED_R02ZF_PERSON021;R02ZF_REUSED_R02ZF_PERSON023,488,489,CONTINUOUS_SIGN_DESCRIPTOR_NO_FITTED_THRESHOLD,"[""angular support gap trend"", ""camera projection trend"", ""bbox deformation""]",endpoint interval gap changes from 0.0000 to 0.0000 deg,False,False
TERGOE_4EF45D66BD885EE46532,TERGS_48FABD798C7CE3742190,R02ZF,PAIR_GAP_STABLE_DESCRIPTOR,R02ZF_REUSED_R02ZF_PERSON023;R02ZF_REUSED_R02ZF_PERSON024,488,489,CONTINUOUS_SIGN_DESCRIPTOR_NO_FITTED_THRESHOLD,"[""angular support gap trend"", ""camera projection trend"", ""bbox deformation""]",endpoint interval gap changes from 0.0000 to 0.0000 deg,False,False
TERGOE_7BBBDA671551F112A96A,TERGS_48FABD798C7CE3742190,R02ZF,RELATIVE_ORDER_OVERLAP_UNCERTAINTY,R02ZF_REUSED_R02ZF_PERSON021;R02ZF_REUSED_R02ZF_PERSON023,488,489,UNCERTAINTY_STATE,"[""angular overlap"", ""possible occlusion"", ""projection ambiguity"", ""grouping ambiguity""]",raw angular support intervals overlap,False,False
TERGOE_A64E8769264FBE6F106C,TERGS_48FABD798C7CE3742190,R02ZF,RELATIVE_ORDER_OVERLAP_UNCERTAINTY,R02ZF_REUSED_R02ZF_PERSON023;R02ZF_REUSED_R02ZF_PERSON024,488,489,UNCERTAINTY_STATE,"[""angular overlap"", ""possible occlusion"", ""projection ambiguity"", ""grouping ambiguity""]",raw angular support intervals overlap,False,False
TERGOE_7B09272611B5972F01C0,TERGS_48FABD798C7CE3742190,R02ZF,RELATIVE_ORDER_STABLE,R02ZF_REUSED_R02ZF_PERSON017;R02ZF_REUSED_R02ZF_PERSON018,488,494,DEFINITE_INTERVAL_ORDER,"[""A_LEFT_OF_B""]",raw optical angular intervals remain disjoint with stable order,False,False
TERGOE_9E580C3B3573CCC29CF3,TERGS_48FABD798C7CE3742190,R02ZF,RELATIVE_ORDER_STABLE,R02ZF_REUSED_R02ZF_PERSON017;R02ZF_REUSED_R02ZF_PERSON021,488,494,DEFINITE_INTERVAL_ORDER,"[""A_RIGHT_OF_B""]",raw optical angular intervals remain disjoint with stable order,False,False
TERGOE_08CF77EB1E9FD159352D,TERGS_48FABD798C7CE3742190,R02ZF,RELATIVE_ORDER_STABLE,R02ZF_REUSED_R02ZF_PERSON017;R02ZF_REUSED_R02ZF_PERSON023,488,489,DEFINITE_INTERVAL_ORDER,"[""A_RIGHT_OF_B""]",raw optical angular intervals remain disjoint with stable order,False,False
TERGOE_1BE63DDAF78F124DCDDE,TERGS_48FABD798C7CE3742190,R02ZF,RELATIVE_ORDER_STABLE,R02ZF_REUSED_R02ZF_PERSON017;R02ZF_REUSED_R02ZF_PERSON024,488,494,DEFINITE_INTERVAL_ORDER,"[""A_RIGHT_OF_B""]",raw optical angular intervals remain disjoint with stable order,False,False
TERGOE_4A45217D5B68C62887A0,TERGS_48FABD798C7CE3742190,R02ZF,RELATIVE_ORDER_STABLE,R02ZF_REUSED_R02ZF_PERSON018;R02ZF_REUSED_R02ZF_PERSON021,488,494,DEFINITE_INTERVAL_ORDER,"[""A_RIGHT_OF_B""]",raw optical angular intervals remain disjoint with stable order,False,False
TERGOE_9AFDD7E59E3D110FD8F2,TERGS_48FABD798C7CE3742190,R02ZF,RELATIVE_ORDER_STABLE,R02ZF_REUSED_R02ZF_PERSON018;R02ZF_REUSED_R02ZF_PERSON023,488,489,DEFINITE_INTERVAL_ORDER,"[""A_RIGHT_OF_B""]",raw optical angular intervals remain disjoint with stable order,False,False
TERGOE_5DD6428D78C3B4DFF11E,TERGS_48FABD798C7CE3742190,R02ZF,RELATIVE_ORDER_STABLE,R02ZF_REUSED_R02ZF_PERSON018;R02ZF_REUSED_R02ZF_PERSON024,488,494,DEFINITE_INTERVAL_ORDER,"[""A_RIGHT_OF_B""]",raw optical angular intervals remain disjoint with stable order,False,False
TERGOE_9583A9E9E7B95AA36BC3,TERGS_48FABD798C7CE3742190,R02ZF,RELATIVE_ORDER_STABLE,R02ZF_REUSED_R02ZF_PERSON021;R02ZF_REUSED_R02ZF_PERSON024,488,494,DEFINITE_INTERVAL_ORDER,"[""A_RIGHT_OF_B""]",raw optical angular intervals remain disjoint with stable order,False,False
TERGOE_636458EDF30A2AF508B8,TERGS_48FABD798C7CE3742190,R02ZF,OBSERVATION_DEATH_HYPOTHESIS,R02ZF_REUSED_R02ZF_PERSON017,493,494,SET_VALUED,"[""scene exit"", ""detector loss"", ""fragment end""]",last runtime-visible observation of fragment,False,False
TERGOE_9FA55834F502393DD820,TERGS_48FABD798C7CE3742190,R02ZF,OBSERVATION_DEATH_HYPOTHESIS,R02ZF_REUSED_R02ZF_PERSON018,493,494,SET_VALUED,"[""scene exit"", ""detector loss"", ""fragment end""]",last runtime-visible observation of fragment,False,False
TERGOE_FCABF1A9EB5752C8D00F,TERGS_48FABD798C7CE3742190,R02ZF,OBSERVATION_DEATH_HYPOTHESIS,R02ZF_REUSED_R02ZF_PERSON021,493,494,SET_VALUED,"[""scene exit"", ""detector loss"", ""fragment end""]",last runtime-visible observation of fragment,False,False
TERGOE_28ACCDB10F86F9569860,TERGS_48FABD798C7CE3742190,R02ZF,OBSERVATION_DEATH_HYPOTHESIS,R02ZF_REUSED_R02ZF_PERSON024,493,494,SET_VALUED,"[""scene exit"", ""detector loss"", ""fragment end""]",last runtime-visible observation of fragment,False,False
TERGOE_D5929792506613CBF718,TERGS_4B565EEA0C6931299151,R02ZF,OBSERVATION_BIRTH_HYPOTHESIS,R02ZF_REUSED_R02ZF_PERSON024,488,489,SET_VALUED,"[""scene entry"", ""detector birth"", ""fragment start""]",first runtime-visible observation of fragment,False,False
TERGOE_5FB508ACFABA7C8985BA,TERGS_4B565EEA0C6931299151,R02ZF,OBSERVATION_PRESENCE_INTERVAL,R02ZF_REUSED_R02ZF_PERSON024,488,494,INTERVAL_OBSERVATION,"[""continuous presence"", ""detector-supported fragment presence""]",runtime-visible shell presence in 7 SAR frames,False,False
TERGOE_F117B4DFD90E46F4DCF9,TERGS_4B565EEA0C6931299151,R02ZF,OBSERVATION_DEATH_HYPOTHESIS,R02ZF_REUSED_R02ZF_PERSON024,493,494,SET_VALUED,"[""scene exit"", ""detector loss"", ""fragment end""]",last runtime-visible observation of fragment,False,False
TERGOE_4071BF63E3676697BDB8,TERGS_5CE262A17741C5FC8BFB,R02ZF,OBSERVATION_BIRTH_HYPOTHESIS,R02ZF_REUSED_R02ZF_PERSON017,472,473,SET_VALUED,"[""scene entry"", ""detector birth"", ""fragment start""]",first runtime-visible observation of fragment,False,False
TERGOE_31659B4129D7D7784F94,TERGS_5CE262A17741C5FC8BFB,R02ZF,OBSERVATION_BIRTH_HYPOTHESIS,R02ZF_REUSED_R02ZF_PERSON018,472,473,SET_VALUED,"[""scene entry"", ""detector birth"", ""fragment start""]",first runtime-visible observation of fragment,False,False
TERGOE_3BA45994CEBA42E92F75,TERGS_5CE262A17741C5FC8BFB,R02ZF,OBSERVATION_PRESENCE_INTERVAL,R02ZF_REUSED_R02ZF_PERSON017,472,476,INTERVAL_OBSERVATION,"[""continuous presence"", ""detector-supported fragment presence""]",runtime-visible shell presence in 5 SAR frames,False,False
TERGOE_B4FB4B31CC704F6A32BB,TERGS_5CE262A17741C5FC8BFB,R02ZF,OBSERVATION_PRESENCE_INTERVAL,R02ZF_REUSED_R02ZF_PERSON018,472,476,INTERVAL_OBSERVATION,"[""continuous presence"", ""detector-supported fragment presence""]",runtime-visible shell presence in 5 SAR frames,False,False
TERGOE_A400A4A4A7CDFE3AEC3D,TERGS_5CE262A17741C5FC8BFB,R02ZF,PAIR_GAP_APPROACH_TENDENCY_DESCRIPTOR,R02ZF_REUSED_R02ZF_PERSON017;R02ZF_REUSED_R02ZF_PERSON018,472,476,CONTINUOUS_SIGN_DESCRIPTOR_NO_FITTED_THRESHOLD,"[""angular support gap trend"", ""camera projection trend"", ""bbox deformation""]",endpoint interval gap changes from 0.8594 to 0.6696 deg,False,False
TERGOE_D7AE3C25D65B92F08916,TERGS_5CE262A17741C5FC8BFB,R02ZF,RELATIVE_ORDER_STABLE,R02ZF_REUSED_R02ZF_PERSON017;R02ZF_REUSED_R02ZF_PERSON018,472,476,DEFINITE_INTERVAL_ORDER,"[""A_LEFT_OF_B""]",raw optical angular intervals remain disjoint with stable order,False,False
TERGOE_94E15E7A5A8EF93FBA30,TERGS_60EB5053F2693E18D58B,R02ZF,OBSERVATION_BIRTH_HYPOTHESIS,R02ZF_REUSED_R02ZF_PERSON021,481,482,SET_VALUED,"[""scene entry"", ""detector birth"", ""fragment start""]",first runtime-visible observation of fragment,False,False
TERGOE_4C49B894B4B259C37A4C,TERGS_60EB5053F2693E18D58B,R02ZF,OBSERVATION_PRESENCE_INTERVAL,R02ZF_REUSED_R02ZF_PERSON017,481,488,INTERVAL_OBSERVATION,"[""continuous presence"", ""detector-supported fragment presence""]",runtime-visible shell presence in 8 SAR frames,False,False
TERGOE_9839D9C27A2F2CF7D274,TERGS_60EB5053F2693E18D58B,R02ZF,OBSERVATION_PRESENCE_INTERVAL,R02ZF_REUSED_R02ZF_PERSON018,481,488,INTERVAL_OBSERVATION,"[""continuous presence"", ""detector-supported fragment presence""]",runtime-visible shell presence in 8 SAR frames,False,False
TERGOE_E6264E855942EEB2ED01,TERGS_60EB5053F2693E18D58B,R02ZF,OBSERVATION_PRESENCE_INTERVAL,R02ZF_REUSED_R02ZF_PERSON021,481,488,INTERVAL_OBSERVATION,"[""continuous presence"", ""detector-supported fragment presence""]",runtime-visible shell presence in 8 SAR frames,False,False
TERGOE_0F40BF085A7310FBA8F8,TERGS_60EB5053F2693E18D58B,R02ZF,PAIR_GAP_APPROACH_TENDENCY_DESCRIPTOR,R02ZF_REUSED_R02ZF_PERSON017;R02ZF_REUSED_R02ZF_PERSON018,481,488,CONTINUOUS_SIGN_DESCRIPTOR_NO_FITTED_THRESHOLD,"[""angular support gap trend"", ""camera projection trend"", ""bbox deformation""]",endpoint interval gap changes from 0.6999 to 0.5753 deg,False,False
TERGOE_7FA3EF8574D434F67518,TERGS_60EB5053F2693E18D58B,R02ZF,PAIR_GAP_APPROACH_TENDENCY_DESCRIPTOR,R02ZF_REUSED_R02ZF_PERSON017;R02ZF_REUSED_R02ZF_PERSON021,481,488,CONTINUOUS_SIGN_DESCRIPTOR_NO_FITTED_THRESHOLD,"[""angular support gap trend"", ""camera projection trend"", ""bbox deformation""]",endpoint interval gap changes from 11.2125 to 7.2272 deg,False,False
TERGOE_C4973021BF249F577032,TERGS_60EB5053F2693E18D58B,R02ZF,PAIR_GAP_APPROACH_TENDENCY_DESCRIPTOR,R02ZF_REUSED_R02ZF_PERSON018;R02ZF_REUSED_R02ZF_PERSON021,481,488,CONTINUOUS_SIGN_DESCRIPTOR_NO_FITTED_THRESHOLD,"[""angular support gap trend"", ""camera projection trend"", ""bbox deformation""]",endpoint interval gap changes from 14.4752 to 10.3593 deg,False,False
TERGOE_7AE01B8955B7B39F2A74,TERGS_60EB5053F2693E18D58B,R02ZF,RELATIVE_ORDER_STABLE,R02ZF_REUSED_R02ZF_PERSON017;R02ZF_REUSED_R02ZF_PERSON018,481,488,DEFINITE_INTERVAL_ORDER,"[""A_LEFT_OF_B""]",raw optical angular intervals remain disjoint with stable order,False,False
TERGOE_DF8864692C5E1EB76EA3,TERGS_60EB5053F2693E18D58B,R02ZF,RELATIVE_ORDER_STABLE,R02ZF_REUSED_R02ZF_PERSON017;R02ZF_REUSED_R02ZF_PERSON021,481,488,DEFINITE_INTERVAL_ORDER,"[""A_RIGHT_OF_B""]",raw optical angular intervals remain disjoint with stable order,False,False
TERGOE_C7695F195773B67D20B4,TERGS_60EB5053F2693E18D58B,R02ZF,RELATIVE_ORDER_STABLE,R02ZF_REUSED_R02ZF_PERSON018;R02ZF_REUSED_R02ZF_PERSON021,481,488,DEFINITE_INTERVAL_ORDER,"[""A_RIGHT_OF_B""]",raw optical angular intervals remain disjoint with stable order,False,False
TERGOE_5D554C42D2A35BA0D9E3,TERGS_60EB5053F2693E18D58B,R02ZF,OBSERVATION_BIRTH_HYPOTHESIS,R02ZF_REUSED_R02ZF_PERSON023,486,487,SET_VALUED,"[""scene entry"", ""detector birth"", ""fragment start""]",first runtime-visible observation of fragment,False,False
TERGOE_D46BA548166592C80CF6,TERGS_60EB5053F2693E18D58B,R02ZF,OBSERVATION_PRESENCE_INTERVAL,R02ZF_REUSED_R02ZF_PERSON023,486,488,INTERVAL_OBSERVATION,"[""continuous presence"", ""detector-supported fragment presence""]",runtime-visible shell presence in 3 SAR frames,False,False
TERGOE_705454FE6FE9A325125B,TERGS_60EB5053F2693E18D58B,R02ZF,PAIR_GAP_APPROACH_TENDENCY_DESCRIPTOR,R02ZF_REUSED_R02ZF_PERSON017;R02ZF_REUSED_R02ZF_PERSON023,486,488,CONTINUOUS_SIGN_DESCRIPTOR_NO_FITTED_THRESHOLD,"[""angular support gap trend"", ""camera projection trend"", ""bbox deformation""]",endpoint interval gap changes from 14.7108 to 13.7968 deg,False,False
TERGOE_2E87ECE4DD6CC9229EE6,TERGS_60EB5053F2693E18D58B,R02ZF,PAIR_GAP_APPROACH_TENDENCY_DESCRIPTOR,R02ZF_REUSED_R02ZF_PERSON018;R02ZF_REUSED_R02ZF_PERSON023,486,488,CONTINUOUS_SIGN_DESCRIPTOR_NO_FITTED_THRESHOLD,"[""angular support gap trend"", ""camera projection trend"", ""bbox deformation""]",endpoint interval gap changes from 17.9227 to 16.9289 deg,False,False
TERGOE_95DDDA29C63CFEE5A9C2,TERGS_60EB5053F2693E18D58B,R02ZF,PAIR_GAP_STABLE_DESCRIPTOR,R02ZF_REUSED_R02ZF_PERSON021;R02ZF_REUSED_R02ZF_PERSON023,486,488,CONTINUOUS_SIGN_DESCRIPTOR_NO_FITTED_THRESHOLD,"[""angular support gap trend"", ""camera projection trend"", ""bbox deformation""]",endpoint interval gap changes from 0.0000 to 0.0000 deg,False,False
TERGOE_36FCFDA9253EA062E0C0,TERGS_60EB5053F2693E18D58B,R02ZF,RELATIVE_ORDER_OVERLAP_UNCERTAINTY,R02ZF_REUSED_R02ZF_PERSON021;R02ZF_REUSED_R02ZF_PERSON023,486,488,UNCERTAINTY_STATE,"[""angular overlap"", ""possible occlusion"", ""projection ambiguity"", ""grouping ambiguity""]",raw angular support intervals overlap,False,False
TERGOE_AF8FC68BADF6EFAB486E,TERGS_60EB5053F2693E18D58B,R02ZF,RELATIVE_ORDER_STABLE,R02ZF_REUSED_R02ZF_PERSON017;R02ZF_REUSED_R02ZF_PERSON023,486,488,DEFINITE_INTERVAL_ORDER,"[""A_RIGHT_OF_B""]",raw optical angular intervals remain disjoint with stable order,False,False
TERGOE_417F27A844346BC30805,TERGS_60EB5053F2693E18D58B,R02ZF,RELATIVE_ORDER_STABLE,R02ZF_REUSED_R02ZF_PERSON018;R02ZF_REUSED_R02ZF_PERSON023,486,488,DEFINITE_INTERVAL_ORDER,"[""A_RIGHT_OF_B""]",raw optical angular intervals remain disjoint with stable order,False,False
TERGOE_7296C2774AEE3B146E42,TERGS_60EB5053F2693E18D58B,R02ZF,OBSERVATION_BIRTH_HYPOTHESIS,R02ZF_REUSED_R02ZF_PERSON024,488,488,SET_VALUED,"[""scene entry"", ""detector birth"", ""fragment start""]",first runtime-visible observation of fragment,False,False
TERGOE_4A724FE5084B3CA52EEC,TERGS_60EB5053F2693E18D58B,R02ZF,OBSERVATION_PRESENCE_INTERVAL,R02ZF_REUSED_R02ZF_PERSON024,488,488,INTERVAL_OBSERVATION,"[""continuous presence"", ""detector-supported fragment presence""]",runtime-visible shell presence in 1 SAR frames,False,False
TERGOE_2A0DEFEFC9E4EA361CE7,TERGS_60EB5053F2693E18D58B,R02ZF,PAIR_GAP_STABLE_DESCRIPTOR,R02ZF_REUSED_R02ZF_PERSON017;R02ZF_REUSED_R02ZF_PERSON024,488,488,CONTINUOUS_SIGN_DESCRIPTOR_NO_FITTED_THRESHOLD,"[""angular support gap trend"", ""camera projection trend"", ""bbox deformation""]",endpoint interval gap changes from 14.6907 to 14.6907 deg,False,False
TERGOE_EAA3147344EF69EAF141,TERGS_60EB5053F2693E18D58B,R02ZF,PAIR_GAP_STABLE_DESCRIPTOR,R02ZF_REUSED_R02ZF_PERSON018;R02ZF_REUSED_R02ZF_PERSON024,488,488,CONTINUOUS_SIGN_DESCRIPTOR_NO_FITTED_THRESHOLD,"[""angular support gap trend"", ""camera projection trend"", ""bbox deformation""]",endpoint interval gap changes from 17.8228 to 17.8228 deg,False,False
TERGOE_8562DC6D7D6B7ED6C129,TERGS_60EB5053F2693E18D58B,R02ZF,PAIR_GAP_STABLE_DESCRIPTOR,R02ZF_REUSED_R02ZF_PERSON021;R02ZF_REUSED_R02ZF_PERSON024,488,488,CONTINUOUS_SIGN_DESCRIPTOR_NO_FITTED_THRESHOLD,"[""angular support gap trend"", ""camera projection trend"", ""bbox deformation""]",endpoint interval gap changes from 0.4216 to 0.4216 deg,False,False
TERGOE_5067D8C080942AC9202B,TERGS_60EB5053F2693E18D58B,R02ZF,PAIR_GAP_STABLE_DESCRIPTOR,R02ZF_REUSED_R02ZF_PERSON023;R02ZF_REUSED_R02ZF_PERSON024,488,488,CONTINUOUS_SIGN_DESCRIPTOR_NO_FITTED_THRESHOLD,"[""angular support gap trend"", ""camera projection trend"", ""bbox deformation""]",endpoint interval gap changes from 0.0000 to 0.0000 deg,False,False
TERGOE_88318E80FC8A2B27BE99,TERGS_60EB5053F2693E18D58B,R02ZF,RELATIVE_ORDER_OVERLAP_UNCERTAINTY,R02ZF_REUSED_R02ZF_PERSON023;R02ZF_REUSED_R02ZF_PERSON024,488,488,UNCERTAINTY_STATE,"[""angular overlap"", ""possible occlusion"", ""projection ambiguity"", ""grouping ambiguity""]",raw angular support intervals overlap,False,False
TERGOE_FD3FF6387BE240E5B0A8,TERGS_60EB5053F2693E18D58B,R02ZF,RELATIVE_ORDER_STABLE,R02ZF_REUSED_R02ZF_PERSON017;R02ZF_REUSED_R02ZF_PERSON024,488,488,DEFINITE_INTERVAL_ORDER,"[""A_RIGHT_OF_B""]",raw optical angular intervals remain disjoint with stable order,False,False
TERGOE_A654650739BFF032A1F0,TERGS_60EB5053F2693E18D58B,R02ZF,RELATIVE_ORDER_STABLE,R02ZF_REUSED_R02ZF_PERSON018;R02ZF_REUSED_R02ZF_PERSON024,488,488,DEFINITE_INTERVAL_ORDER,"[""A_RIGHT_OF_B""]",raw optical angular intervals remain disjoint with stable order,False,False
TERGOE_82978CF2C734C2D37B2B,TERGS_60EB5053F2693E18D58B,R02ZF,RELATIVE_ORDER_STABLE,R02ZF_REUSED_R02ZF_PERSON021;R02ZF_REUSED_R02ZF_PERSON024,488,488,DEFINITE_INTERVAL_ORDER,"[""A_RIGHT_OF_B""]",raw optical angular intervals remain disjoint with stable order,False,False
TERGOE_A70D8B13FAF0A0E72238,TERGS_6436F78EE3B62E359C28,R02ZF,OBSERVATION_BIRTH_HYPOTHESIS,R02ZF_REUSED_R02ZF_PERSON017,472,473,SET_VALUED,"[""scene entry"", ""detector birth"", ""fragment start""]",first runtime-visible observation of fragment,False,False
TERGOE_D5D2C92BB6C1DAB86D7E,TERGS_6436F78EE3B62E359C28,R02ZF,OBSERVATION_BIRTH_HYPOTHESIS,R02ZF_REUSED_R02ZF_PERSON018,472,473,SET_VALUED,"[""scene entry"", ""detector birth"", ""fragment start""]",first runtime-visible observation of fragment,False,False
TERGOE_96CF8020D5A19C924486,TERGS_6436F78EE3B62E359C28,R02ZF,OBSERVATION_PRESENCE_INTERVAL,R02ZF_REUSED_R02ZF_PERSON017,472,494,INTERVAL_OBSERVATION,"[""continuous presence"", ""detector-supported fragment presence""]",runtime-visible shell presence in 23 SAR frames,False,False
TERGOE_91DE0DE0486138C52B9F,TERGS_6436F78EE3B62E359C28,R02ZF,OBSERVATION_PRESENCE_INTERVAL,R02ZF_REUSED_R02ZF_PERSON018,472,494,INTERVAL_OBSERVATION,"[""continuous presence"", ""detector-supported fragment presence""]",runtime-visible shell presence in 23 SAR frames,False,False
TERGOE_238ED6C540624D8B77B8,TERGS_6436F78EE3B62E359C28,R02ZF,PAIR_GAP_APPROACH_TENDENCY_DESCRIPTOR,R02ZF_REUSED_R02ZF_PERSON017;R02ZF_REUSED_R02ZF_PERSON018,472,494,CONTINUOUS_SIGN_DESCRIPTOR_NO_FITTED_THRESHOLD,"[""angular support gap trend"", ""camera projection trend"", ""bbox deformation""]",endpoint interval gap changes from 0.8594 to 0.6391 deg,False,False
TERGOE_C89144BCB44946758C63,TERGS_6436F78EE3B62E359C28,R02ZF,RELATIVE_ORDER_STABLE,R02ZF_REUSED_R02ZF_PERSON017;R02ZF_REUSED_R02ZF_PERSON018,472,494,DEFINITE_INTERVAL_ORDER,"[""A_LEFT_OF_B""]",raw optical angular intervals remain disjoint with stable order,False,False
TERGOE_819F9F5814EC4F7070CE,TERGS_6436F78EE3B62E359C28,R02ZF,OBSERVATION_DEATH_HYPOTHESIS,R02ZF_REUSED_R02ZF_PERSON017,493,494,SET_VALUED,"[""scene exit"", ""detector loss"", ""fragment end""]",last runtime-visible observation of fragment,False,False
TERGOE_3D7CABFB0C7938818685,TERGS_6436F78EE3B62E359C28,R02ZF,OBSERVATION_DEATH_HYPOTHESIS,R02ZF_REUSED_R02ZF_PERSON018,493,494,SET_VALUED,"[""scene exit"", ""detector loss"", ""fragment end""]",last runtime-visible observation of fragment,False,False
TERGOE_3ED8CD630E23E21BB8AA,TERGS_6C426359C612628C7A31,R02ZF,OBSERVATION_BIRTH_HYPOTHESIS,R02ZF_REUSED_R02ZF_PERSON021,481,482,SET_VALUED,"[""scene entry"", ""detector birth"", ""fragment start""]",first runtime-visible observation of fragment,False,False
TERGOE_089FD4EEF0C571EFA9F6,TERGS_6C426359C612628C7A31,R02ZF,OBSERVATION_PRESENCE_INTERVAL,R02ZF_REUSED_R02ZF_PERSON017,481,494,INTERVAL_OBSERVATION,"[""continuous presence"", ""detector-supported fragment presence""]",runtime-visible shell presence in 14 SAR frames,False,False
TERGOE_23EF41980254B21AC763,TERGS_6C426359C612628C7A31,R02ZF,OBSERVATION_PRESENCE_INTERVAL,R02ZF_REUSED_R02ZF_PERSON021,481,494,INTERVAL_OBSERVATION,"[""continuous presence"", ""detector-supported fragment presence""]",runtime-visible shell presence in 14 SAR frames,False,False
TERGOE_E1C69D302A2B83029753,TERGS_6C426359C612628C7A31,R02ZF,PAIR_GAP_APPROACH_TENDENCY_DESCRIPTOR,R02ZF_REUSED_R02ZF_PERSON017;R02ZF_REUSED_R02ZF_PERSON021,481,494,CONTINUOUS_SIGN_DESCRIPTOR_NO_FITTED_THRESHOLD,"[""angular support gap trend"", ""camera projection trend"", ""bbox deformation""]",endpoint interval gap changes from 11.2125 to 4.2977 deg,False,False
TERGOE_2C2A07F6F31C5EBA1E0F,TERGS_6C426359C612628C7A31,R02ZF,RELATIVE_ORDER_STABLE,R02ZF_REUSED_R02ZF_PERSON017;R02ZF_REUSED_R02ZF_PERSON021,481,494,DEFINITE_INTERVAL_ORDER,"[""A_RIGHT_OF_B""]",raw optical angular intervals remain disjoint with stable order,False,False
TERGOE_0BB8621BDD765243347E,TERGS_6C426359C612628C7A31,R02ZF,OBSERVATION_DEATH_HYPOTHESIS,R02ZF_REUSED_R02ZF_PERSON017,493,494,SET_VALUED,"[""scene exit"", ""detector loss"", ""fragment end""]",last runtime-visible observation of fragment,False,False
TERGOE_DCBC8335E950CD23FC09,TERGS_6C426359C612628C7A31,R02ZF,OBSERVATION_DEATH_HYPOTHESIS,R02ZF_REUSED_R02ZF_PERSON021,493,494,SET_VALUED,"[""scene exit"", ""detector loss"", ""fragment end""]",last runtime-visible observation of fragment,False,False
TERGOE_D69916E5761DC9CFDF1E,TERGS_8D6DB9A2F108568B32AA,R02ZF,OBSERVATION_BIRTH_HYPOTHESIS,R02ZF_REUSED_R02ZF_PERSON024,488,489,SET_VALUED,"[""scene entry"", ""detector birth"", ""fragment start""]",first runtime-visible observation of fragment,False,False
TERGOE_43957BB17AA6DF7F0107,TERGS_8D6DB9A2F108568B32AA,R02ZF,OBSERVATION_PRESENCE_INTERVAL,R02ZF_REUSED_R02ZF_PERSON017,488,494,INTERVAL_OBSERVATION,"[""continuous presence"", ""detector-supported fragment presence""]",runtime-visible shell presence in 7 SAR frames,False,False
TERGOE_A0110C82FE46C6D3B695,TERGS_8D6DB9A2F108568B32AA,R02ZF,OBSERVATION_PRESENCE_INTERVAL,R02ZF_REUSED_R02ZF_PERSON024,488,494,INTERVAL_OBSERVATION,"[""continuous presence"", ""detector-supported fragment presence""]",runtime-visible shell presence in 7 SAR frames,False,False
TERGOE_B644FE84ED184B3675FC,TERGS_8D6DB9A2F108568B32AA,R02ZF,PAIR_GAP_APPROACH_TENDENCY_DESCRIPTOR,R02ZF_REUSED_R02ZF_PERSON017;R02ZF_REUSED_R02ZF_PERSON024,488,494,CONTINUOUS_SIGN_DESCRIPTOR_NO_FITTED_THRESHOLD,"[""angular support gap trend"", ""camera projection trend"", ""bbox deformation""]",endpoint interval gap changes from 14.6907 to 11.0816 deg,False,False
TERGOE_CE4736807073C82CC1F6,TERGS_8D6DB9A2F108568B32AA,R02ZF,RELATIVE_ORDER_STABLE,R02ZF_REUSED_R02ZF_PERSON017;R02ZF_REUSED_R02ZF_PERSON024,488,494,DEFINITE_INTERVAL_ORDER,"[""A_RIGHT_OF_B""]",raw optical angular intervals remain disjoint with stable order,False,False
TERGOE_D0A25FA62C25F9231139,TERGS_8D6DB9A2F108568B32AA,R02ZF,OBSERVATION_DEATH_HYPOTHESIS,R02ZF_REUSED_R02ZF_PERSON017,493,494,SET_VALUED,"[""scene exit"", ""detector loss"", ""fragment end""]",last runtime-visible observation of fragment,False,False
TERGOE_ABE2529D9DE694E29399,TERGS_8D6DB9A2F108568B32AA,R02ZF,OBSERVATION_DEATH_HYPOTHESIS,R02ZF_REUSED_R02ZF_PERSON024,493,494,SET_VALUED,"[""scene exit"", ""detector loss"", ""fragment end""]",last runtime-visible observation of fragment,False,False
TERGOE_5B9014175984B1CABF93,TERGS_A6E046163A60B75E621B,R02ZF,OBSERVATION_BIRTH_HYPOTHESIS,R02ZF_REUSED_R02ZF_PERSON017,472,473,SET_VALUED,"[""scene entry"", ""detector birth"", ""fragment start""]",first runtime-visible observation of fragment,False,False
TERGOE_D443C22CD29589B687BD,TERGS_A6E046163A60B75E621B,R02ZF,OBSERVATION_BIRTH_HYPOTHESIS,R02ZF_REUSED_R02ZF_PERSON018,472,473,SET_VALUED,"[""scene entry"", ""detector birth"", ""fragment start""]",first runtime-visible observation of fragment,False,False
TERGOE_4BBD2F66B107F917ECF7,TERGS_A6E046163A60B75E621B,R02ZF,OBSERVATION_PRESENCE_INTERVAL,R02ZF_REUSED_R02ZF_PERSON017,472,480,INTERVAL_OBSERVATION,"[""continuous presence"", ""detector-supported fragment presence""]",runtime-visible shell presence in 9 SAR frames,False,False
TERGOE_022470FC2FCE6C37C4EF,TERGS_A6E046163A60B75E621B,R02ZF,OBSERVATION_PRESENCE_INTERVAL,R02ZF_REUSED_R02ZF_PERSON018,472,480,INTERVAL_OBSERVATION,"[""continuous presence"", ""detector-supported fragment presence""]",runtime-visible shell presence in 9 SAR frames,False,False
TERGOE_9D661C1D33119C0F5EC0,TERGS_A6E046163A60B75E621B,R02ZF,PAIR_GAP_APPROACH_TENDENCY_DESCRIPTOR,R02ZF_REUSED_R02ZF_PERSON017;R02ZF_REUSED_R02ZF_PERSON018,472,480,CONTINUOUS_SIGN_DESCRIPTOR_NO_FITTED_THRESHOLD,"[""angular support gap trend"", ""camera projection trend"", ""bbox deformation""]",endpoint interval gap changes from 0.8594 to 0.7218 deg,False,False
TERGOE_82F10F3D61747535B3A2,TERGS_A6E046163A60B75E621B,R02ZF,RELATIVE_ORDER_STABLE,R02ZF_REUSED_R02ZF_PERSON017;R02ZF_REUSED_R02ZF_PERSON018,472,480,DEFINITE_INTERVAL_ORDER,"[""A_LEFT_OF_B""]",raw optical angular intervals remain disjoint with stable order,False,False
TERGOE_0E030D43D0F97636BB1B,TERGS_A923293CFBC550AE18D7,R02ZF,OBSERVATION_BIRTH_HYPOTHESIS,R02ZF_REUSED_R02ZF_PERSON024,488,489,SET_VALUED,"[""scene entry"", ""detector birth"", ""fragment start""]",first runtime-visible observation of fragment,False,False
TERGOE_38928D0E1D8EAF73E13C,TERGS_A923293CFBC550AE18D7,R02ZF,OBSERVATION_PRESENCE_INTERVAL,R02ZF_REUSED_R02ZF_PERSON018,488,494,INTERVAL_OBSERVATION,"[""continuous presence"", ""detector-supported fragment presence""]",runtime-visible shell presence in 7 SAR frames,False,False
TERGOE_6B1F2469964A5464161C,TERGS_A923293CFBC550AE18D7,R02ZF,OBSERVATION_PRESENCE_INTERVAL,R02ZF_REUSED_R02ZF_PERSON024,488,494,INTERVAL_OBSERVATION,"[""continuous presence"", ""detector-supported fragment presence""]",runtime-visible shell presence in 7 SAR frames,False,False
TERGOE_A112D68E361600DA05FC,TERGS_A923293CFBC550AE18D7,R02ZF,PAIR_GAP_APPROACH_TENDENCY_DESCRIPTOR,R02ZF_REUSED_R02ZF_PERSON018;R02ZF_REUSED_R02ZF_PERSON024,488,494,CONTINUOUS_SIGN_DESCRIPTOR_NO_FITTED_THRESHOLD,"[""angular support gap trend"", ""camera projection trend"", ""bbox deformation""]",endpoint interval gap changes from 17.8228 to 14.2125 deg,False,False
TERGOE_DC8BC2C40198917C3CA8,TERGS_A923293CFBC550AE18D7,R02ZF,RELATIVE_ORDER_STABLE,R02ZF_REUSED_R02ZF_PERSON018;R02ZF_REUSED_R02ZF_PERSON024,488,494,DEFINITE_INTERVAL_ORDER,"[""A_RIGHT_OF_B""]",raw optical angular intervals remain disjoint with stable order,False,False
TERGOE_281E711D5A1B33E40255,TERGS_A923293CFBC550AE18D7,R02ZF,OBSERVATION_DEATH_HYPOTHESIS,R02ZF_REUSED_R02ZF_PERSON018,493,494,SET_VALUED,"[""scene exit"", ""detector loss"", ""fragment end""]",last runtime-visible observation of fragment,False,False
TERGOE_64780DB5C258229EE15C,TERGS_A923293CFBC550AE18D7,R02ZF,OBSERVATION_DEATH_HYPOTHESIS,R02ZF_REUSED_R02ZF_PERSON024,493,494,SET_VALUED,"[""scene exit"", ""detector loss"", ""fragment end""]",last runtime-visible observation of fragment,False,False
TERGOE_9017D32BC7EB5411D4E8,TERGS_CAAB4EA22C44536DF2CC,R02ZF,OBSERVATION_PRESENCE_INTERVAL,R02ZF_REUSED_R02ZF_PERSON017,490,494,INTERVAL_OBSERVATION,"[""continuous presence"", ""detector-supported fragment presence""]",runtime-visible shell presence in 5 SAR frames,False,False
TERGOE_C47D73CBAAA11BB6C34C,TERGS_CAAB4EA22C44536DF2CC,R02ZF,OBSERVATION_PRESENCE_INTERVAL,R02ZF_REUSED_R02ZF_PERSON018,490,494,INTERVAL_OBSERVATION,"[""continuous presence"", ""detector-supported fragment presence""]",runtime-visible shell presence in 5 SAR frames,False,False
TERGOE_F716901E24F6E31E6575,TERGS_CAAB4EA22C44536DF2CC,R02ZF,OBSERVATION_PRESENCE_INTERVAL,R02ZF_REUSED_R02ZF_PERSON021,490,494,INTERVAL_OBSERVATION,"[""continuous presence"", ""detector-supported fragment presence""]",runtime-visible shell presence in 5 SAR frames,False,False
TERGOE_14DB1600F0ACBB51FAFD,TERGS_CAAB4EA22C44536DF2CC,R02ZF,OBSERVATION_PRESENCE_INTERVAL,R02ZF_REUSED_R02ZF_PERSON024,490,494,INTERVAL_OBSERVATION,"[""continuous presence"", ""detector-supported fragment presence""]",runtime-visible shell presence in 5 SAR frames,False,False
TERGOE_F815E8F482A7B5CE1E89,TERGS_CAAB4EA22C44536DF2CC,R02ZF,PAIR_GAP_APPROACH_TENDENCY_DESCRIPTOR,R02ZF_REUSED_R02ZF_PERSON017;R02ZF_REUSED_R02ZF_PERSON021,490,494,CONTINUOUS_SIGN_DESCRIPTOR_NO_FITTED_THRESHOLD,"[""angular support gap trend"", ""camera projection trend"", ""bbox deformation""]",endpoint interval gap changes from 6.1768 to 4.2977 deg,False,False
TERGOE_99EFFF11004B4524A582,TERGS_CAAB4EA22C44536DF2CC,R02ZF,PAIR_GAP_APPROACH_TENDENCY_DESCRIPTOR,R02ZF_REUSED_R02ZF_PERSON017;R02ZF_REUSED_R02ZF_PERSON024,490,494,CONTINUOUS_SIGN_DESCRIPTOR_NO_FITTED_THRESHOLD,"[""angular support gap trend"", ""camera projection trend"", ""bbox deformation""]",endpoint interval gap changes from 13.5436 to 11.0816 deg,False,False
TERGOE_9E029260611DE8857CD5,TERGS_CAAB4EA22C44536DF2CC,R02ZF,PAIR_GAP_APPROACH_TENDENCY_DESCRIPTOR,R02ZF_REUSED_R02ZF_PERSON018;R02ZF_REUSED_R02ZF_PERSON021,490,494,CONTINUOUS_SIGN_DESCRIPTOR_NO_FITTED_THRESHOLD,"[""angular support gap trend"", ""camera projection trend"", ""bbox deformation""]",endpoint interval gap changes from 9.3454 to 7.4286 deg,False,False
TERGOE_546E99E77EEAF8756637,TERGS_CAAB4EA22C44536DF2CC,R02ZF,PAIR_GAP_APPROACH_TENDENCY_DESCRIPTOR,R02ZF_REUSED_R02ZF_PERSON018;R02ZF_REUSED_R02ZF_PERSON024,490,494,CONTINUOUS_SIGN_DESCRIPTOR_NO_FITTED_THRESHOLD,"[""angular support gap trend"", ""camera projection trend"", ""bbox deformation""]",endpoint interval gap changes from 16.7123 to 14.2125 deg,False,False
TERGOE_8686ED10914240B6A3C2,TERGS_CAAB4EA22C44536DF2CC,R02ZF,PAIR_GAP_APPROACH_TENDENCY_DESCRIPTOR,R02ZF_REUSED_R02ZF_PERSON021;R02ZF_REUSED_R02ZF_PERSON024,490,494,CONTINUOUS_SIGN_DESCRIPTOR_NO_FITTED_THRESHOLD,"[""angular support gap trend"", ""camera projection trend"", ""bbox deformation""]",endpoint interval gap changes from 0.3720 to 0.3547 deg,False,False
TERGOE_A8B2663143A6B17DE5A6,TERGS_CAAB4EA22C44536DF2CC,R02ZF,PAIR_GAP_SEPARATION_TENDENCY_DESCRIPTOR,R02ZF_REUSED_R02ZF_PERSON017;R02ZF_REUSED_R02ZF_PERSON018,490,494,CONTINUOUS_SIGN_DESCRIPTOR_NO_FITTED_THRESHOLD,"[""angular support gap trend"", ""camera projection trend"", ""bbox deformation""]",endpoint interval gap changes from 0.6136 to 0.6391 deg,False,False
TERGOE_1FFF025241182956EF2A,TERGS_CAAB4EA22C44536DF2CC,R02ZF,RELATIVE_ORDER_STABLE,R02ZF_REUSED_R02ZF_PERSON017;R02ZF_REUSED_R02ZF_PERSON018,490,494,DEFINITE_INTERVAL_ORDER,"[""A_LEFT_OF_B""]",raw optical angular intervals remain disjoint with stable order,False,False
TERGOE_C4E1AFDFCB0AE4F9D88C,TERGS_CAAB4EA22C44536DF2CC,R02ZF,RELATIVE_ORDER_STABLE,R02ZF_REUSED_R02ZF_PERSON017;R02ZF_REUSED_R02ZF_PERSON021,490,494,DEFINITE_INTERVAL_ORDER,"[""A_RIGHT_OF_B""]",raw optical angular intervals remain disjoint with stable order,False,False
TERGOE_3C7324175F83BF74A8C3,TERGS_CAAB4EA22C44536DF2CC,R02ZF,RELATIVE_ORDER_STABLE,R02ZF_REUSED_R02ZF_PERSON017;R02ZF_REUSED_R02ZF_PERSON024,490,494,DEFINITE_INTERVAL_ORDER,"[""A_RIGHT_OF_B""]",raw optical angular intervals remain disjoint with stable order,False,False
TERGOE_90E08AED977123C5E8FC,TERGS_CAAB4EA22C44536DF2CC,R02ZF,RELATIVE_ORDER_STABLE,R02ZF_REUSED_R02ZF_PERSON018;R02ZF_REUSED_R02ZF_PERSON021,490,494,DEFINITE_INTERVAL_ORDER,"[""A_RIGHT_OF_B""]",raw optical angular intervals remain disjoint with stable order,False,False
TERGOE_0AB85D061F748C5E203D,TERGS_CAAB4EA22C44536DF2CC,R02ZF,RELATIVE_ORDER_STABLE,R02ZF_REUSED_R02ZF_PERSON018;R02ZF_REUSED_R02ZF_PERSON024,490,494,DEFINITE_INTERVAL_ORDER,"[""A_RIGHT_OF_B""]",raw optical angular intervals remain disjoint with stable order,False,False
TERGOE_0E8065437F9D23136C1C,TERGS_CAAB4EA22C44536DF2CC,R02ZF,RELATIVE_ORDER_STABLE,R02ZF_REUSED_R02ZF_PERSON021;R02ZF_REUSED_R02ZF_PERSON024,490,494,DEFINITE_INTERVAL_ORDER,"[""A_RIGHT_OF_B""]",raw optical angular intervals remain disjoint with stable order,False,False
TERGOE_AFE2546E3A36C82E4646,TERGS_CAAB4EA22C44536DF2CC,R02ZF,OBSERVATION_DEATH_HYPOTHESIS,R02ZF_REUSED_R02ZF_PERSON017,493,494,SET_VALUED,"[""scene exit"", ""detector loss"", ""fragment end""]",last runtime-visible observation of fragment,False,False
TERGOE_05673A28ABC9CEE52F61,TERGS_CAAB4EA22C44536DF2CC,R02ZF,OBSERVATION_DEATH_HYPOTHESIS,R02ZF_REUSED_R02ZF_PERSON018,493,494,SET_VALUED,"[""scene exit"", ""detector loss"", ""fragment end""]",last runtime-visible observation of fragment,False,False
TERGOE_CF3681324FFE248268E6,TERGS_CAAB4EA22C44536DF2CC,R02ZF,OBSERVATION_DEATH_HYPOTHESIS,R02ZF_REUSED_R02ZF_PERSON021,493,494,SET_VALUED,"[""scene exit"", ""detector loss"", ""fragment end""]",last runtime-visible observation of fragment,False,False
TERGOE_523BF5EB557021A739B4,TERGS_CAAB4EA22C44536DF2CC,R02ZF,OBSERVATION_DEATH_HYPOTHESIS,R02ZF_REUSED_R02ZF_PERSON024,493,494,SET_VALUED,"[""scene exit"", ""detector loss"", ""fragment end""]",last runtime-visible observation of fragment,False,False
TERGOE_398465D2CC0ED0BAEA68,TERGS_D848C6E5AC73E1AEEFDA,R02ZF,OBSERVATION_PRESENCE_INTERVAL,R02ZF_REUSED_R02ZF_PERSON017,480,487,INTERVAL_OBSERVATION,"[""continuous presence"", ""detector-supported fragment presence""]",runtime-visible shell presence in 8 SAR frames,False,False
TERGOE_3309CE72901B88EF2644,TERGS_D848C6E5AC73E1AEEFDA,R02ZF,OBSERVATION_PRESENCE_INTERVAL,R02ZF_REUSED_R02ZF_PERSON018,480,487,INTERVAL_OBSERVATION,"[""continuous presence"", ""detector-supported fragment presence""]",runtime-visible shell presence in 8 SAR frames,False,False
TERGOE_31B297F1292607FD5556,TERGS_D848C6E5AC73E1AEEFDA,R02ZF,PAIR_GAP_APPROACH_TENDENCY_DESCRIPTOR,R02ZF_REUSED_R02ZF_PERSON017;R02ZF_REUSED_R02ZF_PERSON018,480,487,CONTINUOUS_SIGN_DESCRIPTOR_NO_FITTED_THRESHOLD,"[""angular support gap trend"", ""camera projection trend"", ""bbox deformation""]",endpoint interval gap changes from 0.7218 to 0.6487 deg,False,False
TERGOE_A1EEC028254D0C5908E2,TERGS_D848C6E5AC73E1AEEFDA,R02ZF,RELATIVE_ORDER_STABLE,R02ZF_REUSED_R02ZF_PERSON017;R02ZF_REUSED_R02ZF_PERSON018,480,487,DEFINITE_INTERVAL_ORDER,"[""A_LEFT_OF_B""]",raw optical angular intervals remain disjoint with stable order,False,False
TERGOE_914BBE48E9CBFE9F399F,TERGS_D848C6E5AC73E1AEEFDA,R02ZF,OBSERVATION_BIRTH_HYPOTHESIS,R02ZF_REUSED_R02ZF_PERSON021,481,482,SET_VALUED,"[""scene entry"", ""detector birth"", ""fragment start""]",first runtime-visible observation of fragment,False,False
TERGOE_D594B5E5DB0B0F6E5E3C,TERGS_D848C6E5AC73E1AEEFDA,R02ZF,OBSERVATION_PRESENCE_INTERVAL,R02ZF_REUSED_R02ZF_PERSON021,481,487,INTERVAL_OBSERVATION,"[""continuous presence"", ""detector-supported fragment presence""]",runtime-visible shell presence in 7 SAR frames,False,False
TERGOE_829DC226C0AA7ACD131E,TERGS_D848C6E5AC73E1AEEFDA,R02ZF,PAIR_GAP_APPROACH_TENDENCY_DESCRIPTOR,R02ZF_REUSED_R02ZF_PERSON017;R02ZF_REUSED_R02ZF_PERSON021,481,487,CONTINUOUS_SIGN_DESCRIPTOR_NO_FITTED_THRESHOLD,"[""angular support gap trend"", ""camera projection trend"", ""bbox deformation""]",endpoint interval gap changes from 11.2125 to 8.3368 deg,False,False
TERGOE_21E65D23454D604D5BFE,TERGS_D848C6E5AC73E1AEEFDA,R02ZF,PAIR_GAP_APPROACH_TENDENCY_DESCRIPTOR,R02ZF_REUSED_R02ZF_PERSON018;R02ZF_REUSED_R02ZF_PERSON021,481,487,CONTINUOUS_SIGN_DESCRIPTOR_NO_FITTED_THRESHOLD,"[""angular support gap trend"", ""camera projection trend"", ""bbox deformation""]",endpoint interval gap changes from 14.4752 to 11.5486 deg,False,False
TERGOE_071960FBD12BB8D8FAD3,TERGS_D848C6E5AC73E1AEEFDA,R02ZF,RELATIVE_ORDER_STABLE,R02ZF_REUSED_R02ZF_PERSON017;R02ZF_REUSED_R02ZF_PERSON021,481,487,DEFINITE_INTERVAL_ORDER,"[""A_RIGHT_OF_B""]",raw optical angular intervals remain disjoint with stable order,False,False
TERGOE_D7C5E9C1B8823E45AB5F,TERGS_D848C6E5AC73E1AEEFDA,R02ZF,RELATIVE_ORDER_STABLE,R02ZF_REUSED_R02ZF_PERSON018;R02ZF_REUSED_R02ZF_PERSON021,481,487,DEFINITE_INTERVAL_ORDER,"[""A_RIGHT_OF_B""]",raw optical angular intervals remain disjoint with stable order,False,False
TERGOE_A7117E8C328B741FC070,TERGS_D848C6E5AC73E1AEEFDA,R02ZF,OBSERVATION_BIRTH_HYPOTHESIS,R02ZF_REUSED_R02ZF_PERSON023,486,487,SET_VALUED,"[""scene entry"", ""detector birth"", ""fragment start""]",first runtime-visible observation of fragment,False,False
TERGOE_8AE952B31F74780D9EBF,TERGS_D848C6E5AC73E1AEEFDA,R02ZF,OBSERVATION_PRESENCE_INTERVAL,R02ZF_REUSED_R02ZF_PERSON023,486,487,INTERVAL_OBSERVATION,"[""continuous presence"", ""detector-supported fragment presence""]",runtime-visible shell presence in 2 SAR frames,False,False
TERGOE_8524F218E50A3DA9A31C,TERGS_D848C6E5AC73E1AEEFDA,R02ZF,PAIR_GAP_STABLE_DESCRIPTOR,R02ZF_REUSED_R02ZF_PERSON017;R02ZF_REUSED_R02ZF_PERSON023,486,487,CONTINUOUS_SIGN_DESCRIPTOR_NO_FITTED_THRESHOLD,"[""angular support gap trend"", ""camera projection trend"", ""bbox deformation""]",endpoint interval gap changes from 14.7108 to 14.7108 deg,False,False
TERGOE_EF2D2D9E6A750BA2793F,TERGS_D848C6E5AC73E1AEEFDA,R02ZF,PAIR_GAP_STABLE_DESCRIPTOR,R02ZF_REUSED_R02ZF_PERSON018;R02ZF_REUSED_R02ZF_PERSON023,486,487,CONTINUOUS_SIGN_DESCRIPTOR_NO_FITTED_THRESHOLD,"[""angular support gap trend"", ""camera projection trend"", ""bbox deformation""]",endpoint interval gap changes from 17.9227 to 17.9227 deg,False,False
TERGOE_E740B23046547ECEB256,TERGS_D848C6E5AC73E1AEEFDA,R02ZF,PAIR_GAP_STABLE_DESCRIPTOR,R02ZF_REUSED_R02ZF_PERSON021;R02ZF_REUSED_R02ZF_PERSON023,486,487,CONTINUOUS_SIGN_DESCRIPTOR_NO_FITTED_THRESHOLD,"[""angular support gap trend"", ""camera projection trend"", ""bbox deformation""]",endpoint interval gap changes from 0.0000 to 0.0000 deg,False,False
TERGOE_1C67EC91EF75E0B4E72B,TERGS_D848C6E5AC73E1AEEFDA,R02ZF,RELATIVE_ORDER_OVERLAP_UNCERTAINTY,R02ZF_REUSED_R02ZF_PERSON021;R02ZF_REUSED_R02ZF_PERSON023,486,487,UNCERTAINTY_STATE,"[""angular overlap"", ""possible occlusion"", ""projection ambiguity"", ""grouping ambiguity""]",raw angular support intervals overlap,False,False
TERGOE_31BF012FAB70AF63A6F3,TERGS_D848C6E5AC73E1AEEFDA,R02ZF,RELATIVE_ORDER_STABLE,R02ZF_REUSED_R02ZF_PERSON017;R02ZF_REUSED_R02ZF_PERSON023,486,487,DEFINITE_INTERVAL_ORDER,"[""A_RIGHT_OF_B""]",raw optical angular intervals remain disjoint with stable order,False,False
TERGOE_F8E00F8A81D6F123BDB9,TERGS_D848C6E5AC73E1AEEFDA,R02ZF,RELATIVE_ORDER_STABLE,R02ZF_REUSED_R02ZF_PERSON018;R02ZF_REUSED_R02ZF_PERSON023,486,487,DEFINITE_INTERVAL_ORDER,"[""A_RIGHT_OF_B""]",raw optical angular intervals remain disjoint with stable order,False,False
TERGOE_6992A9C85BD915F93809,TERGS_D9A02C06CA67BAF86AAE,R02ZF,OBSERVATION_BIRTH_HYPOTHESIS,R02ZF_REUSED_R02ZF_PERSON017,472,473,SET_VALUED,"[""scene entry"", ""detector birth"", ""fragment start""]",first runtime-visible observation of fragment,False,False
TERGOE_5F6A4D5B613A4A2255C0,TERGS_D9A02C06CA67BAF86AAE,R02ZF,OBSERVATION_PRESENCE_INTERVAL,R02ZF_REUSED_R02ZF_PERSON017,472,494,INTERVAL_OBSERVATION,"[""continuous presence"", ""detector-supported fragment presence""]",runtime-visible shell presence in 23 SAR frames,False,False
TERGOE_3A4F1B53F5D7C132383C,TERGS_D9A02C06CA67BAF86AAE,R02ZF,OBSERVATION_DEATH_HYPOTHESIS,R02ZF_REUSED_R02ZF_PERSON017,493,494,SET_VALUED,"[""scene exit"", ""detector loss"", ""fragment end""]",last runtime-visible observation of fragment,False,False
TERGOE_6913B987882400E88BF6,TERGS_DA539F692DB3CF52F38F,R02ZF,OBSERVATION_BIRTH_HYPOTHESIS,R02ZF_REUSED_R02ZF_PERSON017,472,473,SET_VALUED,"[""scene entry"", ""detector birth"", ""fragment start""]",first runtime-visible observation of fragment,False,False
TERGOE_0B58114B5DD00EE16437,TERGS_DA539F692DB3CF52F38F,R02ZF,OBSERVATION_BIRTH_HYPOTHESIS,R02ZF_REUSED_R02ZF_PERSON018,472,473,SET_VALUED,"[""scene entry"", ""detector birth"", ""fragment start""]",first runtime-visible observation of fragment,False,False
TERGOE_30FB28B033A3959C5962,TERGS_DA539F692DB3CF52F38F,R02ZF,OBSERVATION_PRESENCE_INTERVAL,R02ZF_REUSED_R02ZF_PERSON017,472,477,INTERVAL_OBSERVATION,"[""continuous presence"", ""detector-supported fragment presence""]",runtime-visible shell presence in 6 SAR frames,False,False
TERGOE_7A4E1FD68BDCF00C42A3,TERGS_DA539F692DB3CF52F38F,R02ZF,OBSERVATION_PRESENCE_INTERVAL,R02ZF_REUSED_R02ZF_PERSON018,472,477,INTERVAL_OBSERVATION,"[""continuous presence"", ""detector-supported fragment presence""]",runtime-visible shell presence in 6 SAR frames,False,False
TERGOE_840664120E09843A569C,TERGS_DA539F692DB3CF52F38F,R02ZF,PAIR_GAP_APPROACH_TENDENCY_DESCRIPTOR,R02ZF_REUSED_R02ZF_PERSON017;R02ZF_REUSED_R02ZF_PERSON018,472,477,CONTINUOUS_SIGN_DESCRIPTOR_NO_FITTED_THRESHOLD,"[""angular support gap trend"", ""camera projection trend"", ""bbox deformation""]",endpoint interval gap changes from 0.8594 to 0.6696 deg,False,False
TERGOE_D0AA951F681AAAF538D4,TERGS_DA539F692DB3CF52F38F,R02ZF,RELATIVE_ORDER_STABLE,R02ZF_REUSED_R02ZF_PERSON017;R02ZF_REUSED_R02ZF_PERSON018,472,477,DEFINITE_INTERVAL_ORDER,"[""A_LEFT_OF_B""]",raw optical angular intervals remain disjoint with stable order,False,False
TERGOE_FD33F3A04BEE7B178F3B,TERGS_E7F91D8684FAAF6A9219,R02ZF,OBSERVATION_BIRTH_HYPOTHESIS,R02ZF_REUSED_R02ZF_PERSON021,481,482,SET_VALUED,"[""scene entry"", ""detector birth"", ""fragment start""]",first runtime-visible observation of fragment,False,False
TERGOE_0A5B6D64FC9C114A76FF,TERGS_E7F91D8684FAAF6A9219,R02ZF,OBSERVATION_PRESENCE_INTERVAL,R02ZF_REUSED_R02ZF_PERSON017,481,485,INTERVAL_OBSERVATION,"[""continuous presence"", ""detector-supported fragment presence""]",runtime-visible shell presence in 5 SAR frames,False,False
TERGOE_17D7AEBAF4E3F534EA13,TERGS_E7F91D8684FAAF6A9219,R02ZF,OBSERVATION_PRESENCE_INTERVAL,R02ZF_REUSED_R02ZF_PERSON018,481,485,INTERVAL_OBSERVATION,"[""continuous presence"", ""detector-supported fragment presence""]",runtime-visible shell presence in 5 SAR frames,False,False
TERGOE_5EF52B49F0063391E634,TERGS_E7F91D8684FAAF6A9219,R02ZF,OBSERVATION_PRESENCE_INTERVAL,R02ZF_REUSED_R02ZF_PERSON021,481,485,INTERVAL_OBSERVATION,"[""continuous presence"", ""detector-supported fragment presence""]",runtime-visible shell presence in 5 SAR frames,False,False
TERGOE_5D0EBE7122C124274DDB,TERGS_E7F91D8684FAAF6A9219,R02ZF,PAIR_GAP_APPROACH_TENDENCY_DESCRIPTOR,R02ZF_REUSED_R02ZF_PERSON017;R02ZF_REUSED_R02ZF_PERSON018,481,485,CONTINUOUS_SIGN_DESCRIPTOR_NO_FITTED_THRESHOLD,"[""angular support gap trend"", ""camera projection trend"", ""bbox deformation""]",endpoint interval gap changes from 0.6999 to 0.6690 deg,False,False
TERGOE_6CB3D4565542BD92F1C2,TERGS_E7F91D8684FAAF6A9219,R02ZF,PAIR_GAP_APPROACH_TENDENCY_DESCRIPTOR,R02ZF_REUSED_R02ZF_PERSON017;R02ZF_REUSED_R02ZF_PERSON021,481,485,CONTINUOUS_SIGN_DESCRIPTOR_NO_FITTED_THRESHOLD,"[""angular support gap trend"", ""camera projection trend"", ""bbox deformation""]",endpoint interval gap changes from 11.2125 to 9.3213 deg,False,False
TERGOE_6091709A62F349AB0404,TERGS_E7F91D8684FAAF6A9219,R02ZF,PAIR_GAP_APPROACH_TENDENCY_DESCRIPTOR,R02ZF_REUSED_R02ZF_PERSON018;R02ZF_REUSED_R02ZF_PERSON021,481,485,CONTINUOUS_SIGN_DESCRIPTOR_NO_FITTED_THRESHOLD,"[""angular support gap trend"", ""camera projection trend"", ""bbox deformation""]",endpoint interval gap changes from 14.4752 to 12.5899 deg,False,False
TERGOE_5F3ABC95BE58C5CDA31F,TERGS_E7F91D8684FAAF6A9219,R02ZF,RELATIVE_ORDER_STABLE,R02ZF_REUSED_R02ZF_PERSON017;R02ZF_REUSED_R02ZF_PERSON018,481,485,DEFINITE_INTERVAL_ORDER,"[""A_LEFT_OF_B""]",raw optical angular intervals remain disjoint with stable order,False,False
TERGOE_D7FD97FFF2302A30A0C9,TERGS_E7F91D8684FAAF6A9219,R02ZF,RELATIVE_ORDER_STABLE,R02ZF_REUSED_R02ZF_PERSON017;R02ZF_REUSED_R02ZF_PERSON021,481,485,DEFINITE_INTERVAL_ORDER,"[""A_RIGHT_OF_B""]",raw optical angular intervals remain disjoint with stable order,False,False
TERGOE_87AB26D7C8342CAB5C2F,TERGS_E7F91D8684FAAF6A9219,R02ZF,RELATIVE_ORDER_STABLE,R02ZF_REUSED_R02ZF_PERSON018;R02ZF_REUSED_R02ZF_PERSON021,481,485,DEFINITE_INTERVAL_ORDER,"[""A_RIGHT_OF_B""]",raw optical angular intervals remain disjoint with stable order,False,False
TERGOE_C0C8379055E16E941F59,TERGS_F66D1A1E88076E254C22,R02ZF,OBSERVATION_BIRTH_HYPOTHESIS,R02ZF_REUSED_R02ZF_PERSON024,488,489,SET_VALUED,"[""scene entry"", ""detector birth"", ""fragment start""]",first runtime-visible observation of fragment,False,False
TERGOE_485000136549EAD8B17E,TERGS_F66D1A1E88076E254C22,R02ZF,OBSERVATION_PRESENCE_INTERVAL,R02ZF_REUSED_R02ZF_PERSON021,488,494,INTERVAL_OBSERVATION,"[""continuous presence"", ""detector-supported fragment presence""]",runtime-visible shell presence in 7 SAR frames,False,False
TERGOE_81183F9A70313672C83C,TERGS_F66D1A1E88076E254C22,R02ZF,OBSERVATION_PRESENCE_INTERVAL,R02ZF_REUSED_R02ZF_PERSON024,488,494,INTERVAL_OBSERVATION,"[""continuous presence"", ""detector-supported fragment presence""]",runtime-visible shell presence in 7 SAR frames,False,False
TERGOE_417F3F76155097307942,TERGS_F66D1A1E88076E254C22,R02ZF,PAIR_GAP_APPROACH_TENDENCY_DESCRIPTOR,R02ZF_REUSED_R02ZF_PERSON021;R02ZF_REUSED_R02ZF_PERSON024,488,494,CONTINUOUS_SIGN_DESCRIPTOR_NO_FITTED_THRESHOLD,"[""angular support gap trend"", ""camera projection trend"", ""bbox deformation""]",endpoint interval gap changes from 0.4216 to 0.3547 deg,False,False
TERGOE_A2E36A1671C17DB54BA1,TERGS_F66D1A1E88076E254C22,R02ZF,RELATIVE_ORDER_STABLE,R02ZF_REUSED_R02ZF_PERSON021;R02ZF_REUSED_R02ZF_PERSON024,488,494,DEFINITE_INTERVAL_ORDER,"[""A_RIGHT_OF_B""]",raw optical angular intervals remain disjoint with stable order,False,False
TERGOE_F5FBD469607A7EACC263,TERGS_F66D1A1E88076E254C22,R02ZF,OBSERVATION_DEATH_HYPOTHESIS,R02ZF_REUSED_R02ZF_PERSON021,493,494,SET_VALUED,"[""scene exit"", ""detector loss"", ""fragment end""]",last runtime-visible observation of fragment,False,False
TERGOE_173F7792D68CFD7886D9,TERGS_F66D1A1E88076E254C22,R02ZF,OBSERVATION_DEATH_HYPOTHESIS,R02ZF_REUSED_R02ZF_PERSON024,493,494,SET_VALUED,"[""scene exit"", ""detector loss"", ""fragment end""]",last runtime-visible observation of fragment,False,False
TERGOE_471ADAAFB1B7D6AAC923,TERGS_6EA858FDC375FA946246,R03ZF,OBSERVATION_BIRTH_HYPOTHESIS,R03ZF_I01_T0004,458,459,SET_VALUED,"[""scene entry"", ""detector birth"", ""fragment start""]",first runtime-visible observation of fragment,False,False
TERGOE_4A102F23EEC160ABBE16,TERGS_6EA858FDC375FA946246,R03ZF,OBSERVATION_PRESENCE_INTERVAL,R03ZF_I01_T0004,458,494,INTERVAL_OBSERVATION,"[""continuous presence"", ""detector-supported fragment presence""]",runtime-visible shell presence in 37 SAR frames,False,False
TERGOE_45F77EDF9F906C082B24,TERGS_6EA858FDC375FA946246,R03ZF,OBSERVATION_DEATH_HYPOTHESIS,R03ZF_I01_T0004,493,494,SET_VALUED,"[""scene exit"", ""detector loss"", ""fragment end""]",last runtime-visible observation of fragment,False,False
TERGOE_9A7B530AC29490AE29A8,TERGS_FD6F6E750E8BBEA9ED4C,R03ZF,OBSERVATION_BIRTH_HYPOTHESIS,R03ZF_I01_T0004,458,459,SET_VALUED,"[""scene entry"", ""detector birth"", ""fragment start""]",first runtime-visible observation of fragment,False,False
TERGOE_63ABC0A3BDBF6592F9C5,TERGS_FD6F6E750E8BBEA9ED4C,R03ZF,OBSERVATION_PRESENCE_INTERVAL,R03ZF_I01_T0004,458,494,INTERVAL_OBSERVATION,"[""continuous presence"", ""detector-supported fragment presence""]",runtime-visible shell presence in 37 SAR frames,False,False
TERGOE_B5BD8CC7BF405EB18012,TERGS_FD6F6E750E8BBEA9ED4C,R03ZF,OBSERVATION_DEATH_HYPOTHESIS,R03ZF_I01_T0004,493,494,SET_VALUED,"[""scene exit"", ""detector loss"", ""fragment end""]",last runtime-visible observation of fragment,False,False
