seed_frame,path_kind,direction,source_frame,destination_frame,object_type,status,reasons,best_score,best_offset_m,second_score,second_offset_m,second_ratio,node_support_fraction,p0_dx_px,p0_dy_px,pair_separation_m
150,PAIR_SAFE_FROZEN,F150_BACKWARD_PAIR_SAFE,150,149,SAR_BOUNDARY_NEAR,SUPPORTED,,0.04644608497619629,0.010000616312026978,-0.041498154401779175,-0.20999982953071594,-0.8934693725649225,0.8235294117647058,3.1134369373321533,-0.2213289588689804,2.091424582165951
150,PAIR_SAFE_FROZEN,F150_BACKWARD_PAIR_SAFE,150,149,SAR_BOUNDARY_FAR,SUPPORTED,,0.014001250267028809,0.11000081896781921,-0.014246314764022827,-0.2399998903274536,-1.0175030438225303,0.6470588235294118,3.1134369373321533,-0.2213289588689804,2.091424582165951
150,PAIR_SAFE_FROZEN,F150_BACKWARD_PAIR_SAFE,149,148,SAR_BOUNDARY_NEAR,SUPPORTED,,0.04295344650745392,5.960464477539062e-07,-0.013419121503829956,-0.25999993085861206,-0.3124108213645038,1.0,3.161857843399048,-0.2512061297893524,2.1114246226971094
150,PAIR_SAFE_FROZEN,F150_BACKWARD_PAIR_SAFE,149,148,SAR_BOUNDARY_FAR,SUPPORTED,,0.02905943989753723,0.0200006365776062,-0.019056379795074463,0.22000104188919067,-0.655772439601958,0.6470588235294118,3.161857843399048,-0.2512061297893524,2.1114246226971094
150,PAIR_SAFE_FROZEN,F150_BACKWARD_PAIR_SAFE,148,147,SAR_BOUNDARY_NEAR,SUPPORTED,,0.04632355272769928,0.010000616312026978,-0.027297794818878174,0.24000108242034912,-0.5892854328194779,1.0,3.160459041595459,-0.24330353736877441,2.051424501103634
150,PAIR_SAFE_FROZEN,F150_BACKWARD_PAIR_SAFE,148,147,SAR_BOUNDARY_FAR,SUPPORTED,,0.020818009972572327,-0.049999505281448364,-0.011672765016555786,0.190000981092453,-0.560705131371088,0.6470588235294118,3.160459041595459,-0.24330353736877441,2.051424501103634
150,PAIR_SAFE_FROZEN,F150_BACKWARD_PAIR_SAFE,147,146,SAR_BOUNDARY_NEAR,SUPPORTED,,0.033547788858413696,-0.00999942421913147,-0.007720589637756348,0.2700011134147644,-0.23013706418448632,0.9411764705882353,3.1663882732391357,-0.21945394575595856,2.141424683493847
150,PAIR_SAFE_FROZEN,F150_BACKWARD_PAIR_SAFE,147,146,SAR_BOUNDARY_FAR,SUPPORTED,,0.028982847929000854,0.08000075817108154,-0.025061264634132385,-0.2799999713897705,-0.8646929623867484,0.5882352941176471,3.1663882732391357,-0.21945394575595856,2.141424683493847
150,PAIR_SAFE_FROZEN,F150_BACKWARD_PAIR_SAFE,146,145,SAR_BOUNDARY_NEAR,SUPPORTED,,0.043213844299316406,0.030000656843185425,-0.0016620755195617676,-0.2799999713897705,-0.038461644561163466,0.8823529411764706,3.15510630607605,-0.1874239593744278,2.0614245213692133
150,PAIR_SAFE_FROZEN,F150_BACKWARD_PAIR_SAFE,146,145,SAR_BOUNDARY_FAR,SUPPORTED,,0.016176491975784302,-0.049999505281448364,-0.009329050779342651,0.16000092029571533,-0.5767041947851207,0.5882352941176471,3.15510630607605,-0.1874239593744278,2.0614245213692133
150,PAIR_SAFE_FROZEN,F150_BACKWARD_PAIR_SAFE,145,144,SAR_BOUNDARY_NEAR,SUPPORTED,,0.03680300712585449,-0.00999942421913147,-0.017432600259780884,-0.2699999511241913,-0.47367325719246195,1.0,3.2363715171813965,-0.2219981551170349,2.0814245619003717
150,PAIR_SAFE_FROZEN,F150_BACKWARD_PAIR_SAFE,145,144,SAR_BOUNDARY_FAR,SUPPORTED,,0.03164827823638916,0.010000616312026978,-0.0085248202085495,0.21000105142593384,-0.26936126334821175,0.6470588235294118,3.2363715171813965,-0.2219981551170349,2.0814245619003717
150,PAIR_SAFE_FROZEN,F150_BACKWARD_PAIR_SAFE,144,143,SAR_BOUNDARY_NEAR,SUPPORTED,,0.03745405375957489,0.0200006365776062,,,,0.8235294117647058,3.1352548599243164,-0.24749591946601868,2.0714245416347925
150,PAIR_SAFE_FROZEN,F150_BACKWARD_PAIR_SAFE,144,143,SAR_BOUNDARY_FAR,SUPPORTED,,0.01973038911819458,0.010000616312026978,,,,0.7647058823529411,3.1352548599243164,-0.24749591946601868,2.0714245416347925
150,PAIR_SAFE_FROZEN,F150_BACKWARD_PAIR_SAFE,143,142,SAR_BOUNDARY_NEAR,SUPPORTED,,0.05789676308631897,5.960464477539062e-07,-0.0205269455909729,-0.24999991059303284,-0.35454392433596044,0.9411764705882353,3.098188877105713,-0.2566215991973877,2.0714245416347925
150,PAIR_SAFE_FROZEN,F150_BACKWARD_PAIR_SAFE,143,142,SAR_BOUNDARY_FAR,SUPPORTED,,0.027022063732147217,5.960464477539062e-07,-0.00419732928276062,0.2700011134147644,-0.15532970850657873,0.5882352941176471,3.098188877105713,-0.2566215991973877,2.0714245416347925
150,PAIR_SAFE_FROZEN,F150_BACKWARD_PAIR_SAFE,142,141,SAR_BOUNDARY_NEAR,SUPPORTED,,0.03612132370471954,0.010000616312026978,-0.008379265666007996,-0.28999999165534973,-0.23197559797381337,1.0,3.194286346435547,-0.25252988934516907,2.091424582165951
150,PAIR_SAFE_FROZEN,F150_BACKWARD_PAIR_SAFE,142,141,SAR_BOUNDARY_FAR,SUPPORTED,,0.022242650389671326,0.030000656843185425,-0.003247559070587158,0.2700011134147644,-0.14600593965614844,0.7647058823529411,3.194286346435547,-0.25252988934516907,2.091424582165951
150,PAIR_SAFE_FROZEN,F150_BACKWARD_PAIR_SAFE,141,140,SAR_BOUNDARY_NEAR,SUPPORTED,,0.036427706480026245,-0.029999464750289917,-0.01498161256313324,0.2900012135505676,-0.4112697177723182,1.0,3.140730142593384,-0.28813767433166504,2.181424764556164
150,PAIR_SAFE_FROZEN,F150_BACKWARD_PAIR_SAFE,141,140,SAR_BOUNDARY_FAR,SUPPORTED,,0.015701577067375183,0.060000717639923096,-0.019163593649864197,0.26000112295150757,-1.220488462250229,0.5294117647058824,3.140730142593384,-0.28813767433166504,2.181424764556164
150,PAIR_SAFE_FROZEN,F150_BACKWARD_PAIR_SAFE,140,139,SAR_BOUNDARY_NEAR,SUPPORTED,,0.029518991708755493,0.05000069737434387,-0.0034926533699035645,-0.2699999511241913,-0.11831885737708393,0.9411764705882353,3.098829746246338,-0.250765860080719,2.0814245619003717
150,PAIR_SAFE_FROZEN,F150_BACKWARD_PAIR_SAFE,140,139,SAR_BOUNDARY_FAR,SUPPORTED,,0.02826288342475891,-0.049999505281448364,-0.013281255960464478,0.25000113248825073,-0.46991864774950043,0.7647058823529411,3.098829746246338,-0.250765860080719,2.0814245619003717
150,PAIR_SAFE_FROZEN,F150_BACKWARD_PAIR_SAFE,139,138,SAR_BOUNDARY_NEAR,SUPPORTED,,0.03246016800403595,0.010000616312026978,-0.021806076169013977,0.2700011134147644,-0.6717795227154311,0.8823529411764706,3.1609485149383545,-0.2952258288860321,2.091424582165951
150,PAIR_SAFE_FROZEN,F150_BACKWARD_PAIR_SAFE,139,138,SAR_BOUNDARY_FAR,SUPPORTED,,0.023988977074623108,0.0200006365776062,-0.018374696373939514,0.21000105142593384,-0.7659641474824411,0.8235294117647058,3.1609485149383545,-0.2952258288860321,2.091424582165951
150,PAIR_SAFE_FROZEN,F150_BACKWARD_PAIR_SAFE,138,137,SAR_BOUNDARY_NEAR,SUPPORTED,,0.02866116166114807,-0.019999444484710693,-0.006755515933036804,-0.25999993085861206,-0.2357027957521454,0.9411764705882353,3.1174681186676025,-0.1776021271944046,2.10142460243153
150,PAIR_SAFE_FROZEN,F150_BACKWARD_PAIR_SAFE,138,137,SAR_BOUNDARY_FAR,SUPPORTED,,0.04368871450424194,-0.00999942421913147,-0.013434410095214844,0.24000108242034912,-0.3075029844128381,0.7647058823529411,3.1174681186676025,-0.1776021271944046,2.10142460243153
150,PAIR_SAFE_FROZEN,F150_BACKWARD_PAIR_SAFE,137,136,SAR_BOUNDARY_NEAR,SUPPORTED,,0.03848038613796234,0.030000656843185425,-0.007352933287620544,-0.25999993085861206,-0.1910826274263033,0.9411764705882353,3.2175960540771484,-0.17502325773239136,2.1114246226971094
150,PAIR_SAFE_FROZEN,F150_BACKWARD_PAIR_SAFE,137,136,SAR_BOUNDARY_FAR,SUPPORTED,,0.026179537177085876,0.04000067710876465,-0.02292431890964508,0.26000112295150757,-0.8756579138347035,0.7058823529411765,3.2175960540771484,-0.17502325773239136,2.1114246226971094
150,PAIR_SAFE_FROZEN,F150_BACKWARD_PAIR_SAFE,136,135,SAR_BOUNDARY_NEAR,SUPPORTED,,0.03648898005485535,-0.00999942421913147,-0.01317402720451355,-0.24999991059303284,-0.3610412564206647,1.0,3.123258113861084,-0.24345171451568604,2.1514247037594263
150,PAIR_SAFE_FROZEN,F150_BACKWARD_PAIR_SAFE,136,135,SAR_BOUNDARY_FAR,SUPPORTED,,0.025980383157730103,0.030000656843185425,-0.026026368141174316,0.25000113248825073,-1.0017699886550955,0.7058823529411765,3.123258113861084,-0.24345171451568604,2.1514247037594263
150,PAIR_SAFE_FROZEN,F150_BACKWARD_PAIR_SAFE,135,134,SAR_BOUNDARY_NEAR,SUPPORTED,,0.047058820724487305,0.0200006365776062,-0.005644932389259338,-0.25999993085861206,-0.1199548204216254,1.0,3.171806573867798,-0.31438201665878296,2.0814245619003717
150,PAIR_SAFE_FROZEN,F150_BACKWARD_PAIR_SAFE,135,134,SAR_BOUNDARY_FAR,SUPPORTED,,0.02513784170150757,-0.049999505281448364,-0.028308823704719543,0.26000112295150757,-1.1261437652788546,0.5882352941176471,3.171806573867798,-0.31438201665878296,2.0814245619003717
150,PAIR_SAFE_FROZEN,F150_BACKWARD_PAIR_SAFE,134,133,SAR_BOUNDARY_NEAR,SUPPORTED,,0.039874374866485596,5.960464477539062e-07,-0.013235300779342651,-0.2699999511241913,-0.33192497245811164,1.0,3.1620922088623047,-0.2098766267299652,2.1514247037594263
150,PAIR_SAFE_FROZEN,F150_BACKWARD_PAIR_SAFE,134,133,SAR_BOUNDARY_FAR,SUPPORTED,,0.02064952254295349,0.07000073790550232,-0.027565881609916687,-0.25999993085861206,-1.334940386760824,0.6470588235294118,3.1620922088623047,-0.2098766267299652,2.1514247037594263
150,PAIR_SAFE_FROZEN,F150_BACKWARD_PAIR_SAFE,133,132,SAR_BOUNDARY_NEAR,SUPPORTED,,0.0460018515586853,0.05000069737434387,-0.0020373761653900146,-0.28999999165534973,-0.0442890035152368,0.9411764705882353,3.079392194747925,-0.24713191390037537,2.0814245619003717
150,PAIR_SAFE_FROZEN,F150_BACKWARD_PAIR_SAFE,133,132,SAR_BOUNDARY_FAR,SUPPORTED,,0.025980383157730103,-0.019999444484710693,-0.018910840153694153,0.18000096082687378,-0.7278891938923346,0.5882352941176471,3.079392194747925,-0.24713191390037537,2.0814245619003717
150,PAIR_SAFE_FROZEN,F150_BACKWARD_PAIR_SAFE,132,131,SAR_BOUNDARY_NEAR,SUPPORTED,,0.026593118906021118,-0.029999464750289917,-0.00845588743686676,-0.2799999713897705,-0.3179727608013744,0.8823529411764706,3.0989019870758057,-0.23734374344348907,2.141424683493847
150,PAIR_SAFE_FROZEN,F150_BACKWARD_PAIR_SAFE,132,131,SAR_BOUNDARY_FAR,SUPPORTED,,0.013235300779342651,0.030000656843185425,-0.01352633535861969,0.2300010323524475,-1.021989268255337,0.7647058823529411,3.0989019870758057,-0.23734374344348907,2.141424683493847
150,PAIR_SAFE_FROZEN,F150_BACKWARD_PAIR_SAFE,131,130,SAR_BOUNDARY_NEAR,SUPPORTED,,0.04336702823638916,0.0200006365776062,,,,0.9411764705882353,3.105590581893921,-0.2284649759531021,2.0714245416347925
150,PAIR_SAFE_FROZEN,F150_BACKWARD_PAIR_SAFE,131,130,SAR_BOUNDARY_FAR,SUPPORTED,,0.026102960109710693,-0.049999505281448364,-0.013832733035087585,0.22000104188919067,-0.5299296699281857,0.7647058823529411,3.105590581893921,-0.2284649759531021,2.0714245416347925
150,PAIR_SAFE_FROZEN,F150_BACKWARD_PAIR_SAFE,130,129,SAR_BOUNDARY_NEAR,SUPPORTED,,0.036197930574417114,0.010000616312026978,-0.006985291838645935,0.280001163482666,-0.19297489463618092,0.9411764705882353,3.0783793926239014,-0.2639271020889282,2.091424582165951
150,PAIR_SAFE_FROZEN,F150_BACKWARD_PAIR_SAFE,130,129,SAR_BOUNDARY_FAR,SUPPORTED,,0.017401963472366333,0.030000656843185425,-0.012193635106086731,0.25000113248825073,-0.7007045570144868,0.7647058823529411,3.0783793926239014,-0.2639271020889282,2.091424582165951
150,PAIR_SAFE_FROZEN,F150_BACKWARD_PAIR_SAFE,129,128,SAR_BOUNDARY_NEAR,SUPPORTED,,0.03599877655506134,-0.00999942421913147,-0.0046951621770858765,-0.28999999165534973,-0.13042560404530604,0.8823529411764706,3.0448408126831055,-0.22742338478565216,2.10142460243153
150,PAIR_SAFE_FROZEN,F150_BACKWARD_PAIR_SAFE,129,128,SAR_BOUNDARY_FAR,SUPPORTED,,0.023835808038711548,5.960464477539062e-07,-0.01384805142879486,0.2700011134147644,-0.5809767978624576,0.6470588235294118,3.0448408126831055,-0.22742338478565216,2.10142460243153
150,PAIR_SAFE_FROZEN,F150_BACKWARD_PAIR_SAFE,128,127,SAR_BOUNDARY_NEAR,SUPPORTED,,0.03360907733440399,0.010000616312026978,-0.007866114377975464,-0.2399998903274536,-0.23404731703013168,0.9411764705882353,3.1172447204589844,-0.1118805855512619,2.1514247037594263
150,PAIR_SAFE_FROZEN,F150_BACKWARD_PAIR_SAFE,128,127,SAR_BOUNDARY_FAR,SUPPORTED,,0.013265922665596008,0.060000717639923096,,,,0.5294117647058824,3.1172447204589844,-0.1118805855512619,2.1514247037594263
150,PAIR_SAFE_FROZEN,F150_BACKWARD_PAIR_SAFE,127,126,SAR_BOUNDARY_NEAR,SUPPORTED,,0.02775733172893524,5.960464477539062e-07,-0.01805301010608673,-0.25999993085861206,-0.6503870862798972,0.8823529411764706,3.0709593296051025,-0.17985691130161285,2.0614245213692133
150,PAIR_SAFE_FROZEN,F150_BACKWARD_PAIR_SAFE,127,126,SAR_BOUNDARY_FAR,SUPPORTED,,0.02218136191368103,-0.08999958634376526,-0.011519595980644226,0.21000105142593384,-0.5193367307865422,0.7647058823529411,3.0709593296051025,-0.17985691130161285,2.0614245213692133
150,PAIR_SAFE_FROZEN,F150_BACKWARD_PAIR_SAFE,126,125,SAR_BOUNDARY_NEAR,SUPPORTED,,0.025773584842681885,0.030000656843185425,-6.128847599029541e-05,-0.2799999713897705,-0.002377956980543883,0.8235294117647058,3.0704538822174072,-0.35512083768844604,2.0714245416347925
150,PAIR_SAFE_FROZEN,F150_BACKWARD_PAIR_SAFE,126,125,SAR_BOUNDARY_FAR,SUPPORTED,,0.025765925645828247,0.04000067710876465,-0.015119493007659912,0.26000112295150757,-0.5868018566648275,0.7647058823529411,3.0704538822174072,-0.35512083768844604,2.0714245416347925
150,PAIR_SAFE_FROZEN,F150_BACKWARD_PAIR_SAFE,125,124,SAR_BOUNDARY_NEAR,SUPPORTED,,0.029166683554649353,0.0200006365776062,-0.013357847929000854,0.2900012135505676,-0.4579830923859538,0.9411764705882353,3.118366241455078,-0.26825806498527527,2.0714245416347925
150,PAIR_SAFE_FROZEN,F150_BACKWARD_PAIR_SAFE,125,124,SAR_BOUNDARY_FAR,SUPPORTED,,0.018443629145622253,0.0200006365776062,-0.013219982385635376,0.21000105142593384,-0.7167777166444081,0.7058823529411765,3.118366241455078,-0.26825806498527527,2.0714245416347925
150,PAIR_SAFE_FROZEN,F150_BACKWARD_PAIR_SAFE,124,123,SAR_BOUNDARY_NEAR,SUPPORTED,,0.022579655051231384,-0.03999948501586914,-0.009650737047195435,-0.2699999511241913,-0.42740852441273813,0.8235294117647058,3.031865358352661,-0.18882985413074493,2.1114246226971094
150,PAIR_SAFE_FROZEN,F150_BACKWARD_PAIR_SAFE,124,123,SAR_BOUNDARY_FAR,SUPPORTED,,0.024287685751914978,5.960464477539062e-07,-0.008746936917304993,0.25000113248825073,-0.3601387553614627,0.8235294117647058,3.031865358352661,-0.18882985413074493,2.1114246226971094
150,PAIR_SAFE_FROZEN,F150_BACKWARD_PAIR_SAFE,123,122,SAR_BOUNDARY_NEAR,SUPPORTED,,0.02385111153125763,0.05000069737434387,-0.0009650737047195435,-0.2399998903274536,-0.0404624205230345,0.7647058823529411,3.050957679748535,-0.2350044548511505,2.0614245213692133
150,PAIR_SAFE_FROZEN,F150_BACKWARD_PAIR_SAFE,123,122,SAR_BOUNDARY_FAR,SUPPORTED,,0.01899510622024536,5.960464477539062e-07,-0.010738357901573181,0.25000113248825073,-0.5653223402419317,0.7058823529411765,3.050957679748535,-0.2350044548511505,2.0614245213692133
150,PAIR_SAFE_FROZEN,F150_BACKWARD_PAIR_SAFE,122,121,SAR_BOUNDARY_NEAR,SUPPORTED,,0.03322610259056091,-0.00999942421913147,-0.014077827334403992,0.2700011134147644,-0.423697823000261,0.8823529411764706,3.0582566261291504,-0.20088085532188416,2.0714245416347925
150,PAIR_SAFE_FROZEN,F150_BACKWARD_PAIR_SAFE,122,121,SAR_BOUNDARY_FAR,SUPPORTED,,0.03302697837352753,5.960464477539062e-07,-0.01570160686969757,0.280001163482666,-0.4754176023042741,0.7058823529411765,3.0582566261291504,-0.20088085532188416,2.0714245416347925
150,PAIR_SAFE_FROZEN,F150_BACKWARD_PAIR_SAFE,121,120,SAR_BOUNDARY_NEAR,SUPPORTED,,0.03308059275150299,5.960464477539062e-07,-0.0064491331577301025,-0.28999999165534973,-0.19495216443596197,0.9411764705882353,3.0544300079345703,-0.28236621618270874,2.1214246429626886
150,PAIR_SAFE_FROZEN,F150_BACKWARD_PAIR_SAFE,121,120,SAR_BOUNDARY_FAR,SUPPORTED,,0.007352933287620544,0.05000069737434387,-0.014705866575241089,-0.28999999165534973,-2.0,0.5294117647058824,3.0544300079345703,-0.28236621618270874,2.1214246429626886
150,PAIR_SAFE_FROZEN,F150_BACKWARD_PAIR_SAFE,120,119,SAR_BOUNDARY_NEAR,SUPPORTED,,0.044041067361831665,0.010000616312026978,-0.006020203232765198,-0.24999991059303284,-0.13669521638303042,1.0,3.05649995803833,-0.25357818603515625,2.0714245416347925
150,PAIR_SAFE_FROZEN,F150_BACKWARD_PAIR_SAFE,120,119,SAR_BOUNDARY_FAR,SUPPORTED,,0.030713841319084167,-0.03999948501586914,-0.01364891231060028,0.2300010323524475,-0.4443896212395769,0.7058823529411765,3.05649995803833,-0.25357818603515625,2.0714245416347925
150,PAIR_SAFE_FROZEN,F150_BACKWARD_PAIR_SAFE,119,118,SAR_BOUNDARY_NEAR,SUPPORTED,,0.03141084313392639,0.04000067710876465,-0.00346200168132782,-0.25999993085861206,-0.11021677025882068,0.9411764705882353,2.973007917404175,-0.3095424175262451,2.0814245619003717
150,PAIR_SAFE_FROZEN,F150_BACKWARD_PAIR_SAFE,119,118,SAR_BOUNDARY_FAR,SUPPORTED,,0.021162688732147217,0.05000069737434387,-0.011106014251708984,0.2700011134147644,-0.5247922129496889,0.8235294117647058,2.973007917404175,-0.3095424175262451,2.0814245619003717
150,PAIR_SAFE_FROZEN,F150_BACKWARD_PAIR_SAFE,118,117,SAR_BOUNDARY_NEAR,SUPPORTED,,0.031127452850341797,0.010000616312026978,-0.01176472008228302,0.280001163482666,-0.3779531893870923,0.8823529411764706,3.071399211883545,-0.2363242655992508,2.051424501103634
150,PAIR_SAFE_FROZEN,F150_BACKWARD_PAIR_SAFE,118,117,SAR_BOUNDARY_FAR,SUPPORTED,,0.025827214121818542,-0.019999444484710693,-0.005974248051643372,0.26000112295150757,-0.231316007350417,0.7647058823529411,3.071399211883545,-0.2363242655992508,2.051424501103634
150,PAIR_SAFE_FROZEN,F150_BACKWARD_PAIR_SAFE,117,116,SAR_BOUNDARY_NEAR,SUPPORTED,,0.0355239063501358,-0.00999942421913147,-0.016475185751914978,-0.24999991059303284,-0.4637774232802524,0.9411764705882353,3.0489614009857178,-0.1983797401189804,2.0814245619003717
150,PAIR_SAFE_FROZEN,F150_BACKWARD_PAIR_SAFE,117,116,SAR_BOUNDARY_FAR,SUPPORTED,,0.028063729405403137,0.0200006365776062,-0.034658387303352356,-0.25999993085861206,-1.2349886503922585,0.7647058823529411,3.0489614009857178,-0.1983797401189804,2.0814245619003717
150,PAIR_SAFE_FROZEN,F150_BACKWARD_PAIR_SAFE,116,115,SAR_BOUNDARY_NEAR,SUPPORTED,,0.03354780375957489,-0.019999444484710693,0.0007659494876861572,-0.2699999511241913,0.02283158364629301,1.0,3.091339349746704,-0.22691741585731506,2.10142460243153
150,PAIR_SAFE_FROZEN,F150_BACKWARD_PAIR_SAFE,116,115,SAR_BOUNDARY_FAR,SUPPORTED,,0.03138023614883423,5.960464477539062e-07,-0.01002606749534607,0.25000113248825073,-0.31950261456902823,0.7647058823529411,3.091339349746704,-0.22691741585731506,2.10142460243153
150,PAIR_SAFE_FROZEN,F150_BACKWARD_PAIR_SAFE,115,114,SAR_BOUNDARY_NEAR,SUPPORTED,,0.04169730842113495,0.030000656843185425,-0.03079044818878174,0.2700011134147644,-0.7384277152329359,0.8823529411764706,3.0293023586273193,-0.26883426308631897,2.0814245619003717
150,PAIR_SAFE_FROZEN,F150_BACKWARD_PAIR_SAFE,115,114,SAR_BOUNDARY_FAR,SUPPORTED,,0.022418811917304993,0.010000616312026978,-0.015395209193229675,0.2700011134147644,-0.6867094139518685,0.8235294117647058,3.0293023586273193,-0.26883426308631897,2.0814245619003717
150,PAIR_SAFE_FROZEN,F150_BACKWARD_PAIR_SAFE,114,113,SAR_BOUNDARY_NEAR,SUPPORTED,,0.034175872802734375,0.0200006365776062,-0.011519581079483032,-0.25999993085861206,-0.33706764845406856,1.0,2.9157252311706543,-0.3093433678150177,2.0714245416347925
150,PAIR_SAFE_FROZEN,F150_BACKWARD_PAIR_SAFE,114,113,SAR_BOUNDARY_FAR,SUPPORTED,,0.027359068393707275,0.010000616312026978,-0.011213243007659912,0.2300010323524475,-0.40985470873120133,0.7058823529411765,2.9157252311706543,-0.3093433678150177,2.0714245416347925
150,PAIR_SAFE_FROZEN,F150_BACKWARD_PAIR_SAFE,113,112,SAR_BOUNDARY_NEAR,SUPPORTED,,0.02720588445663452,5.960464477539062e-07,-0.005484074354171753,-0.28999999165534973,-0.20157677148534633,0.9411764705882353,2.945871591567993,-0.3128241002559662,2.0614245213692133
150,PAIR_SAFE_FROZEN,F150_BACKWARD_PAIR_SAFE,113,112,SAR_BOUNDARY_FAR,SUPPORTED,,0.022916659712791443,-0.00999942421913147,-0.005353882908821106,0.2900012135505676,-0.23362405236713957,0.7058823529411765,2.945871591567993,-0.3128241002559662,2.0614245213692133
150,PAIR_SAFE_FROZEN,F150_BACKWARD_PAIR_SAFE,112,111,SAR_BOUNDARY_NEAR,SUPPORTED,,0.02296261489391327,-0.049999505281448364,-0.008785232901573181,-0.28999999165534973,-0.3825885223508188,0.7647058823529411,2.9730002880096436,-0.2620479464530945,2.141424683493847
150,PAIR_SAFE_FROZEN,F150_BACKWARD_PAIR_SAFE,112,111,SAR_BOUNDARY_FAR,SUPPORTED,,0.031096845865249634,0.030000656843185425,-0.017019003629684448,0.280001163482666,-0.5472903491058876,0.7058823529411765,2.9730002880096436,-0.2620479464530945,2.141424683493847
150,PAIR_SAFE_FROZEN,F150_BACKWARD_PAIR_SAFE,111,110,SAR_BOUNDARY_NEAR,SUPPORTED,,0.034443944692611694,0.04000067710876465,-0.00031401216983795166,-0.25999993085861206,-0.009116614622404384,0.9411764705882353,2.9095709323883057,-0.4755436182022095,2.141424683493847
150,PAIR_SAFE_FROZEN,F150_BACKWARD_PAIR_SAFE,111,110,SAR_BOUNDARY_FAR,SUPPORTED,,0.024034932255744934,0.04000067710876465,-0.01625308394432068,0.25000113248825073,-0.6762275745726637,0.7647058823529411,2.9095709323883057,-0.4755436182022095,2.141424683493847
150,PAIR_SAFE_FROZEN,F150_BACKWARD_PAIR_SAFE,110,109,SAR_BOUNDARY_NEAR,SUPPORTED,,0.02872242033481598,0.060000717639923096,0.0002757459878921509,-0.25999993085861206,0.009600374365314348,0.7647058823529411,2.8370025157928467,-0.25193116068840027,2.1114246226971094
150,PAIR_SAFE_FROZEN,F150_BACKWARD_PAIR_SAFE,110,109,SAR_BOUNDARY_FAR,SUPPORTED,,0.020818009972572327,0.030000656843185425,-0.015142455697059631,0.2900012135505676,-0.7273728717110702,0.8235294117647058,2.8370025157928467,-0.25193116068840027,2.1114246226971094
150,PAIR_SAFE_FROZEN,F150_BACKWARD_PAIR_SAFE,109,108,SAR_BOUNDARY_NEAR,SUPPORTED,,0.031004905700683594,-0.05999952554702759,-0.01847425103187561,-0.2699999511241913,-0.5958492894712559,0.9411764705882353,2.9141695499420166,-0.17016668617725372,2.1514247037594263
150,PAIR_SAFE_FROZEN,F150_BACKWARD_PAIR_SAFE,109,108,SAR_BOUNDARY_FAR,SUPPORTED,,0.02545955777168274,-0.019999444484710693,-0.003599882125854492,0.280001163482666,-0.1413960980052231,0.7058823529411765,2.9141695499420166,-0.17016668617725372,2.1514247037594263
150,PAIR_SAFE_FROZEN,F150_BACKWARD_PAIR_SAFE,108,107,SAR_BOUNDARY_NEAR,SUPPORTED,,0.02737438678741455,0.060000717639923096,0.004534333944320679,-0.24999991059303284,0.16564148010085658,0.8823529411764706,3.012769937515259,-0.3296827971935272,2.051424501103634
150,PAIR_SAFE_FROZEN,F150_BACKWARD_PAIR_SAFE,108,107,SAR_BOUNDARY_FAR,SUPPORTED,,0.023560047149658203,-0.03999948501586914,-0.005177706480026245,0.2900012135505676,-0.21976638871460666,0.8823529411764706,3.012769937515259,-0.3296827971935272,2.051424501103634
150,PAIR_SAFE_FROZEN,F150_BACKWARD_PAIR_SAFE,107,106,SAR_BOUNDARY_NEAR,SUPPORTED,,0.028952226042747498,-0.029999464750289917,-0.0002987086772918701,-0.2799999713897705,-0.010317295701229728,0.7647058823529411,2.913999557495117,-0.3884904980659485,2.1114246226971094
150,PAIR_SAFE_FROZEN,F150_BACKWARD_PAIR_SAFE,107,106,SAR_BOUNDARY_FAR,SUPPORTED,,0.01790747046470642,0.030000656843185425,-0.011014103889465332,0.280001163482666,-0.615056376118161,0.7647058823529411,2.913999557495117,-0.3884904980659485,2.1114246226971094
150,PAIR_SAFE_FROZEN,F150_BACKWARD_PAIR_SAFE,106,105,SAR_BOUNDARY_NEAR,SUPPORTED,,0.03327205777168274,0.07000073790550232,-0.004779398441314697,-0.2799999713897705,-0.14364601294309962,0.8235294117647058,3.0191736221313477,-0.27611419558525085,2.091424582165951
150,PAIR_SAFE_FROZEN,F150_BACKWARD_PAIR_SAFE,106,105,SAR_BOUNDARY_FAR,SUPPORTED,,0.017248794436454773,0.05000069737434387,-0.03449755907058716,-0.24999991059303284,-1.9999982722083856,0.5294117647058824,3.0191736221313477,-0.27611419558525085,2.091424582165951
150,PAIR_SAFE_FROZEN,F150_BACKWARD_PAIR_SAFE,105,104,SAR_BOUNDARY_NEAR,SUPPORTED,,0.02875305712223053,-0.019999444484710693,-0.004526644945144653,-0.28999999165534973,-0.15743177937224845,0.7647058823529411,2.834171772003174,-0.33531394600868225,2.10142460243153
150,PAIR_SAFE_FROZEN,F150_BACKWARD_PAIR_SAFE,105,104,SAR_BOUNDARY_FAR,SUPPORTED,,0.015824124217033386,-0.00999942421913147,0.0008884966373443604,0.2700011134147644,0.05614823450311176,0.6470588235294118,2.834171772003174,-0.33531394600868225,2.10142460243153
150,PAIR_SAFE_FROZEN,F150_BACKWARD_PAIR_SAFE,104,103,SAR_BOUNDARY_NEAR,SUPPORTED,,0.02690717577934265,5.960464477539062e-07,-0.011213213205337524,-0.21999984979629517,-0.4167369068122788,0.8823529411764706,2.88632869720459,-0.22457411885261536,2.1214246429626886
150,PAIR_SAFE_FROZEN,F150_BACKWARD_PAIR_SAFE,104,103,SAR_BOUNDARY_FAR,SUPPORTED,,0.018098965287208557,0.0200006365776062,-0.00220586359500885,0.2900012135505676,-0.12187788417760236,0.7647058823529411,2.88632869720459,-0.22457411885261536,2.1214246429626886
150,PAIR_SAFE_FROZEN,F150_BACKWARD_PAIR_SAFE,103,102,SAR_BOUNDARY_NEAR,SUPPORTED,,0.027512237429618835,0.0200006365776062,0.0015471875667572021,-0.25999993085861206,0.056236341036063724,0.9411764705882353,2.9308078289031982,-0.291524738073349,2.0714245416347925
150,PAIR_SAFE_FROZEN,F150_BACKWARD_PAIR_SAFE,103,102,SAR_BOUNDARY_FAR,SUPPORTED,,0.024601712822914124,-0.029999464750289917,-0.009497538208961487,0.2700011134147644,-0.3860519093660603,0.7058823529411765,2.9308078289031982,-0.291524738073349,2.0714245416347925
150,PAIR_SAFE_FROZEN,F150_BACKWARD_PAIR_SAFE,102,101,SAR_BOUNDARY_NEAR,SUPPORTED,,0.024754896759986877,5.960464477539062e-07,-0.013664215803146362,-0.20999982953071594,-0.5519803187074009,1.0,2.8998522758483887,-0.2711012065410614,2.0714245416347925
150,PAIR_SAFE_FROZEN,F150_BACKWARD_PAIR_SAFE,102,101,SAR_BOUNDARY_FAR,SUPPORTED,,0.01911763846874237,5.960464477539062e-07,0.0031633079051971436,0.280001163482666,0.1654654109276729,0.8235294117647058,2.8998522758483887,-0.2711012065410614,2.0714245416347925
150,PAIR_SAFE_FROZEN,F150_BACKWARD_PAIR_SAFE,101,100,SAR_BOUNDARY_NEAR,SUPPORTED,,0.031579360365867615,5.960464477539062e-07,-0.006908684968948364,-0.2799999713897705,-0.21877216285911794,0.9411764705882353,2.9281342029571533,-0.19377119839191437,2.0714245416347925
150,PAIR_SAFE_FROZEN,F150_BACKWARD_PAIR_SAFE,101,100,SAR_BOUNDARY_FAR,SUPPORTED,,0.018474280834197998,5.960464477539062e-07,-0.016835182905197144,0.24000108242034912,-0.9112767666730118,0.8235294117647058,2.9281342029571533,-0.19377119839191437,2.0714245416347925
150,PAIR_SAFE_FROZEN,F150_BACKWARD_PAIR_SAFE,100,99,SAR_BOUNDARY_NEAR,SUPPORTED,,0.026822909712791443,0.0200006365776062,-0.0030637234449386597,-0.2799999713897705,-0.11422039882114714,0.8823529411764706,2.9081544876098633,-0.2949043810367584,2.0714245416347925
150,PAIR_SAFE_FROZEN,F150_BACKWARD_PAIR_SAFE,100,99,SAR_BOUNDARY_FAR,SUPPORTED,,0.01881125569343567,0.0200006365776062,-0.02303922176361084,0.21000105142593384,-1.2247572484834466,0.7058823529411765,2.9081544876098633,-0.2949043810367584,2.0714245416347925
150,PAIR_SAFE_FROZEN,F150_BACKWARD_PAIR_SAFE,99,98,SAR_BOUNDARY_NEAR,SUPPORTED,,0.021875008940696716,0.04000067710876465,-0.008777573704719543,-0.24999991059303284,-0.40126034821359846,0.8235294117647058,2.914186954498291,-0.3546990156173706,2.0314244605724756
150,PAIR_SAFE_FROZEN,F150_BACKWARD_PAIR_SAFE,99,98,SAR_BOUNDARY_FAR,SUPPORTED,,0.013733148574829102,5.960464477539062e-07,-0.005782753229141235,0.25000113248825073,-0.4210799291678964,0.5294117647058824,2.914186954498291,-0.3546990156173706,2.0314244605724756
150,PAIR_SAFE_FROZEN,F150_BACKWARD_PAIR_SAFE,98,97,SAR_BOUNDARY_NEAR,SUPPORTED,,0.0237438827753067,0.010000616312026978,-0.0070465803146362305,-0.28999999165534973,-0.296774557949072,0.7058823529411765,2.7415943145751953,-0.22801443934440613,2.0614245213692133
150,PAIR_SAFE_FROZEN,F150_BACKWARD_PAIR_SAFE,98,97,SAR_BOUNDARY_FAR,SUPPORTED,,0.02288605272769928,0.04000067710876465,-0.01067708432674408,0.24000108242034912,-0.4665323659689672,0.6470588235294118,2.7415943145751953,-0.22801443934440613,2.0614245213692133
150,PAIR_SAFE_FROZEN,F150_BACKWARD_PAIR_SAFE,97,96,SAR_BOUNDARY_NEAR,SUPPORTED,,0.026776939630508423,-0.00999942421913147,-0.01130513846874237,-0.2699999511241913,-0.42219680907305074,0.9411764705882353,2.798759698867798,-0.3481493592262268,2.051424501103634
150,PAIR_SAFE_FROZEN,F150_BACKWARD_PAIR_SAFE,97,96,SAR_BOUNDARY_FAR,SUPPORTED,,0.017830893397331238,-0.019999444484710693,-0.011083036661148071,0.22000104188919067,-0.6215637329090239,0.6470588235294118,2.798759698867798,-0.3481493592262268,2.051424501103634
150,PAIR_SAFE_FROZEN,F150_BACKWARD_PAIR_SAFE,96,95,SAR_BOUNDARY_NEAR,SUPPORTED,,0.02189032733440399,0.030000656843185425,-0.01789216697216034,-0.1899997889995575,-0.817354930277359,0.7647058823529411,2.8501148223876953,-0.29633840918540955,2.0814245619003717
150,PAIR_SAFE_FROZEN,F150_BACKWARD_PAIR_SAFE,96,95,SAR_BOUNDARY_FAR,SUPPORTED,,0.018535539507865906,0.060000717639923096,-0.010232865810394287,0.26000112295150757,-0.5520673302253639,0.7058823529411765,2.8501148223876953,-0.29633840918540955,2.0814245619003717
150,PAIR_SAFE_FROZEN,F150_BACKWARD_PAIR_SAFE,95,94,SAR_BOUNDARY_NEAR,SUPPORTED,,0.03572303056716919,5.960464477539062e-07,-0.014989286661148071,0.25000113248825073,-0.4195972856492134,0.8235294117647058,2.8615598678588867,-0.3077600598335266,2.091424582165951
150,PAIR_SAFE_FROZEN,F150_BACKWARD_PAIR_SAFE,95,94,SAR_BOUNDARY_FAR,SUPPORTED,,0.01889553666114807,0.010000616312026978,-0.008700966835021973,0.25000113248825073,-0.46047735986839716,0.5882352941176471,2.8615598678588867,-0.3077600598335266,2.091424582165951
150,PAIR_SAFE_FROZEN,F150_BACKWARD_PAIR_SAFE,94,93,SAR_BOUNDARY_NEAR,SUPPORTED,,0.027680784463882446,-0.019999444484710693,-0.004710465669631958,-0.28999999165534973,-0.1701709601394468,0.8823529411764706,2.9083175659179688,-0.10536948591470718,2.1214246429626886
150,PAIR_SAFE_FROZEN,F150_BACKWARD_PAIR_SAFE,94,93,SAR_BOUNDARY_FAR,SUPPORTED,,0.01685050129890442,0.010000616312026978,-0.008884802460670471,0.2900012135505676,-0.5272722931541592,0.6470588235294118,2.9083175659179688,-0.10536948591470718,2.1214246429626886
150,PAIR_SAFE_FROZEN,F150_BACKWARD_PAIR_SAFE,93,92,SAR_BOUNDARY_NEAR,SUPPORTED,,0.029442429542541504,5.960464477539062e-07,-0.005514711141586304,0.2900012135505676,-0.18730489389872096,0.9411764705882353,2.920146942138672,-0.20564870536327362,2.131424663228268
150,PAIR_SAFE_FROZEN,F150_BACKWARD_PAIR_SAFE,93,92,SAR_BOUNDARY_FAR,SUPPORTED,,0.026930153369903564,0.010000616312026978,-0.032084882259368896,0.2300010323524475,-1.1914110483762088,0.5882352941176471,2.920146942138672,-0.20564870536327362,2.131424663228268
150,PAIR_SAFE_FROZEN,F150_BACKWARD_PAIR_SAFE,92,91,SAR_BOUNDARY_NEAR,SUPPORTED,,0.023858755826950073,0.05000069737434387,-0.00677083432674408,-0.25999993085861206,-0.2837882400848399,0.7058823529411765,2.8088600635528564,-0.16879522800445557,2.0614245213692133
150,PAIR_SAFE_FROZEN,F150_BACKWARD_PAIR_SAFE,92,91,SAR_BOUNDARY_FAR,SUPPORTED,,0.028033122420310974,-0.019999444484710693,-0.009711995720863342,0.20000100135803223,-0.3464471625831685,0.7647058823529411,2.8088600635528564,-0.16879522800445557,2.0614245213692133
150,PAIR_SAFE_FROZEN,F150_BACKWARD_PAIR_SAFE,91,90,SAR_BOUNDARY_NEAR,SUPPORTED,,0.022250309586524963,-0.029999464750289917,-0.011366426944732666,-0.2399998903274536,-0.510843541323861,0.7647058823529411,2.938748359680176,-0.1726982295513153,2.0814245619003717
150,PAIR_SAFE_FROZEN,F150_BACKWARD_PAIR_SAFE,91,90,SAR_BOUNDARY_FAR,SUPPORTED,,0.023651987314224243,-0.00999942421913147,-0.020726129412651062,0.2300010323524475,-0.8762954730736906,0.7058823529411765,2.938748359680176,-0.1726982295513153,2.0814245619003717
150,PAIR_SAFE_FROZEN,F150_BACKWARD_PAIR_SAFE,90,89,SAR_BOUNDARY_NEAR,SUPPORTED,,0.026470601558685303,0.05000069737434387,-0.0046951621770858765,-0.19999980926513672,-0.17737270407990938,0.7058823529411765,2.7835967540740967,-0.3191277086734772,2.091424582165951
150,PAIR_SAFE_FROZEN,F150_BACKWARD_PAIR_SAFE,90,89,SAR_BOUNDARY_FAR,SUPPORTED,,0.015510112047195435,0.060000717639923096,-0.014292299747467041,0.2900012135505676,-0.921482688453653,0.6470588235294118,2.7835967540740967,-0.3191277086734772,2.091424582165951
150,PAIR_SAFE_FROZEN,F150_BACKWARD_PAIR_SAFE,89,88,SAR_BOUNDARY_NEAR,SUPPORTED,,0.015379905700683594,0.010000616312026978,-0.00551469624042511,-0.2799999713897705,-0.35856502294289083,0.7058823529411765,2.668271541595459,-0.4836430847644806,2.051424501103634
150,PAIR_SAFE_FROZEN,F150_BACKWARD_PAIR_SAFE,89,88,SAR_BOUNDARY_FAR,SUPPORTED,,0.015701577067375183,-0.029999464750289917,-0.002849265933036804,0.25000113248825073,-0.18146367850889472,0.5882352941176471,2.668271541595459,-0.4836430847644806,2.051424501103634
150,PAIR_SAFE_FROZEN,F150_BACKWARD_PAIR_SAFE,88,87,SAR_BOUNDARY_NEAR,SUPPORTED,,0.023851096630096436,-0.019999444484710693,-0.007827818393707275,-0.2699999511241913,-0.3281953243118292,0.8235294117647058,2.7645249366760254,-0.24834145605564117,2.0614245213692133
150,PAIR_SAFE_FROZEN,F150_BACKWARD_PAIR_SAFE,88,87,SAR_BOUNDARY_FAR,SUPPORTED,,0.018719375133514404,-0.00999942421913147,-0.016459867358207703,0.2900012135505676,-0.8792957692662844,0.6470588235294118,2.7645249366760254,-0.24834145605564117,2.0614245213692133
150,PAIR_SAFE_FROZEN,F150_BACKWARD_PAIR_SAFE,87,86,SAR_BOUNDARY_NEAR,SUPPORTED,,0.03356313705444336,0.010000616312026978,-0.004656851291656494,-0.2799999713897705,-0.1387489877392132,0.8823529411764706,2.6432278156280518,-0.33161625266075134,2.10142460243153
150,PAIR_SAFE_FROZEN,F150_BACKWARD_PAIR_SAFE,87,86,SAR_BOUNDARY_FAR,SUPPORTED,,0.020465701818466187,0.05000069737434387,-0.015088886022567749,0.2700011134147644,-0.7372767450834772,0.7058823529411765,2.6432278156280518,-0.33161625266075134,2.10142460243153
150,PAIR_SAFE_FROZEN,F150_BACKWARD_PAIR_SAFE,86,85,SAR_BOUNDARY_NEAR,SUPPORTED,,0.03370100259780884,0.0200006365776062,,,,0.9411764705882353,2.8121209144592285,-0.2988411784172058,2.091424582165951
150,PAIR_SAFE_FROZEN,F150_BACKWARD_PAIR_SAFE,86,85,SAR_BOUNDARY_FAR,SUPPORTED,,0.03201594948768616,0.010000616312026978,-0.01026347279548645,0.280001163482666,-0.3205737440157427,0.6470588235294118,2.8121209144592285,-0.2988411784172058,2.091424582165951
150,PAIR_SAFE_FROZEN,F150_BACKWARD_PAIR_SAFE,85,84,SAR_BOUNDARY_NEAR,SUPPORTED,,0.04056374728679657,0.030000656843185425,,,,0.8235294117647058,2.863222360610962,-0.3030659556388855,2.0814245619003717
150,PAIR_SAFE_FROZEN,F150_BACKWARD_PAIR_SAFE,85,84,SAR_BOUNDARY_FAR,SUPPORTED,,0.023651957511901855,0.0200006365776062,-0.014468461275100708,0.2700011134147644,-0.6117236287026163,0.7647058823529411,2.863222360610962,-0.3030659556388855,2.0814245619003717
150,PAIR_SAFE_FROZEN,F150_BACKWARD_PAIR_SAFE,84,83,SAR_BOUNDARY_NEAR,SUPPORTED,,0.04362747073173523,-0.00999942421913147,-0.0036152005195617676,-0.2699999511241913,-0.08286523282065995,0.9411764705882353,2.6795589923858643,-0.43556976318359375,2.0714245416347925
150,PAIR_SAFE_FROZEN,F150_BACKWARD_PAIR_SAFE,84,83,SAR_BOUNDARY_FAR,SUPPORTED,,0.03621324896812439,-0.019999444484710693,-0.014391839504241943,0.2900012135505676,-0.3974191743168342,0.7058823529411765,2.6795589923858643,-0.43556976318359375,2.0714245416347925
150,PAIR_SAFE_FROZEN,F150_BACKWARD_PAIR_SAFE,83,82,SAR_BOUNDARY_NEAR,SUPPORTED,,0.03419119119644165,0.030000656843185425,0.005943611264228821,-0.2699999511241913,0.17383457715996117,0.8823529411764706,2.6056597232818604,-0.40771350264549255,2.1514247037594263
150,PAIR_SAFE_FROZEN,F150_BACKWARD_PAIR_SAFE,83,82,SAR_BOUNDARY_FAR,SUPPORTED,,0.012737423181533813,0.11000081896781921,-0.04316788911819458,-0.25999993085861206,-3.389059820260788,0.5294117647058824,2.6056597232818604,-0.40771350264549255,2.1514247037594263
150,PAIR_SAFE_FROZEN,F150_BACKWARD_PAIR_SAFE,82,81,SAR_BOUNDARY_NEAR,SUPPORTED,,0.0414215624332428,5.960464477539062e-07,-0.023667290806770325,-0.20999982953071594,-0.5713761001872828,1.0,2.6271746158599854,-0.39634451270103455,2.0714245416347925
150,PAIR_SAFE_FROZEN,F150_BACKWARD_PAIR_SAFE,82,81,SAR_BOUNDARY_FAR,SUPPORTED,,0.019607841968536377,-0.07999956607818604,0.0013633668422698975,0.21000105142593384,0.06953171310017783,0.7058823529411765,2.6271746158599854,-0.39634451270103455,2.0714245416347925
150,PAIR_SAFE_FROZEN,F150_BACKWARD_PAIR_SAFE,81,80,SAR_BOUNDARY_NEAR,SUPPORTED,,0.03314186632633209,0.010000616312026978,-0.02297794818878174,-0.19999980926513672,-0.6933208879225111,0.9411764705882353,2.5929160118103027,-0.3587777018547058,2.10142460243153
150,PAIR_SAFE_FROZEN,F150_BACKWARD_PAIR_SAFE,81,80,SAR_BOUNDARY_FAR,SUPPORTED,,0.025298714637756348,0.04000067710876465,-0.026945456862449646,-0.2799999713897705,-1.0650919324666268,0.7058823529411765,2.5929160118103027,-0.3587777018547058,2.10142460243153
150,PAIR_SAFE_FROZEN,F150_BACKWARD_PAIR_SAFE,80,79,SAR_BOUNDARY_NEAR,SUPPORTED,,0.032850801944732666,0.030000656843185425,,,,0.9411764705882353,2.685429573059082,-0.38409319519996643,2.0614245213692133
150,PAIR_SAFE_FROZEN,F150_BACKWARD_PAIR_SAFE,80,79,SAR_BOUNDARY_FAR,SUPPORTED,,0.030032187700271606,-0.00999942421913147,-0.007291615009307861,0.24000108242034912,-0.2427933350070903,0.7058823529411765,2.685429573059082,-0.38409319519996643,2.0614245213692133
150,PAIR_SAFE_FROZEN,F150_BACKWARD_PAIR_SAFE,79,78,SAR_BOUNDARY_NEAR,SUPPORTED,,0.02524508535861969,5.960464477539062e-07,-0.0031403303146362305,-0.2799999713897705,-0.12439372931508014,0.7647058823529411,2.7809698581695557,-0.3599933385848999,2.10142460243153
150,PAIR_SAFE_FROZEN,F150_BACKWARD_PAIR_SAFE,79,78,SAR_BOUNDARY_FAR,SUPPORTED,,0.022916674613952637,0.04000067710876465,-0.030101105570793152,-0.25999993085861206,-1.3135023330333595,0.7058823529411765,2.7809698581695557,-0.3599933385848999,2.10142460243153
150,PAIR_SAFE_FROZEN,F150_BACKWARD_PAIR_SAFE,78,77,SAR_BOUNDARY_NEAR,SUPPORTED,,0.031632959842681885,0.010000616312026978,-0.00931374728679657,-0.2299998700618744,-0.29443173617378887,0.9411764705882353,2.7419612407684326,-0.28909072279930115,2.051424501103634
150,PAIR_SAFE_FROZEN,F150_BACKWARD_PAIR_SAFE,78,77,SAR_BOUNDARY_FAR,SUPPORTED,,0.02711397409439087,-0.03999948501586914,-0.017172187566757202,0.2900012135505676,-0.6333334798866557,0.6470588235294118,2.7419612407684326,-0.28909072279930115,2.051424501103634
150,PAIR_SAFE_FROZEN,F150_BACKWARD_PAIR_SAFE,77,76,SAR_BOUNDARY_NEAR,SUPPORTED,,0.030882343649864197,5.960464477539062e-07,-0.005821064114570618,-0.25999993085861206,-0.18849165661027203,0.8823529411764706,2.6941823959350586,-0.29712650179862976,2.1214246429626886
150,PAIR_SAFE_FROZEN,F150_BACKWARD_PAIR_SAFE,77,76,SAR_BOUNDARY_FAR,SUPPORTED,,0.017631739377975464,0.07000073790550232,-0.012852340936660767,0.2700011134147644,-0.728932107101989,0.7647058823529411,2.6941823959350586,-0.29712650179862976,2.1214246429626886
150,PAIR_SAFE_FROZEN,F150_BACKWARD_PAIR_SAFE,76,75,SAR_BOUNDARY_NEAR,SUPPORTED,,0.02952668070793152,5.960464477539062e-07,-0.015134796500205994,0.280001163482666,-0.5125803557099614,0.9411764705882353,2.755225419998169,-0.3161695599555969,2.0714245416347925
150,PAIR_SAFE_FROZEN,F150_BACKWARD_PAIR_SAFE,76,75,SAR_BOUNDARY_FAR,SUPPORTED,,0.007797181606292725,-0.049999505281448364,-0.0020220577716827393,0.2300010323524475,-0.25933188090050835,0.5294117647058824,2.755225419998169,-0.3161695599555969,2.0714245416347925
150,PAIR_SAFE_FROZEN,F150_BACKWARD_PAIR_SAFE,75,74,SAR_BOUNDARY_NEAR,SUPPORTED,,0.02601104974746704,0.05000069737434387,-0.0072303712368011475,-0.2399998903274536,-0.2779730655624632,0.7647058823529411,2.7467334270477295,-0.27783840894699097,2.1214246429626886
150,PAIR_SAFE_FROZEN,F150_BACKWARD_PAIR_SAFE,75,74,SAR_BOUNDARY_FAR,SUPPORTED,,0.01626068353652954,0.10000079870223999,-0.02124693989753723,0.280001163482666,-1.3066449420656943,0.7058823529411765,2.7467334270477295,-0.27783840894699097,2.1214246429626886
150,PAIR_SAFE_FROZEN,F150_BACKWARD_PAIR_SAFE,74,73,SAR_BOUNDARY_NEAR,SUPPORTED,,0.04099264740943909,5.960464477539062e-07,-0.011611491441726685,-0.2699999511241913,-0.2832579053933703,0.9411764705882353,2.6482949256896973,-0.44741499423980713,2.091424582165951
150,PAIR_SAFE_FROZEN,F150_BACKWARD_PAIR_SAFE,74,73,SAR_BOUNDARY_FAR,SUPPORTED,,0.027297794818878174,-0.029999464750289917,-0.0005514621734619141,0.24000108242034912,-0.020201711424709758,0.6470588235294118,2.6482949256896973,-0.44741499423980713,2.091424582165951
150,PAIR_SAFE_FROZEN,F150_BACKWARD_PAIR_SAFE,73,72,SAR_BOUNDARY_NEAR,SUPPORTED,,0.03088235855102539,-0.019999444484710693,-0.004687488079071045,-0.2699999511241913,-0.15178530070253995,0.8823529411764706,2.735344409942627,-0.36631157994270325,2.0814245619003717
150,PAIR_SAFE_FROZEN,F150_BACKWARD_PAIR_SAFE,73,72,SAR_BOUNDARY_FAR,SUPPORTED,,0.029442399740219116,-0.029999464750289917,-0.0051930248737335205,0.2900012135505676,-0.17637913076221529,0.5294117647058824,2.735344409942627,-0.36631157994270325,2.0814245619003717
150,PAIR_SAFE_FROZEN,F150_BACKWARD_PAIR_SAFE,72,71,SAR_BOUNDARY_NEAR,SUPPORTED,,0.028017759323120117,0.060000717639923096,-0.0034390389919281006,-0.28999999165534973,-0.1227449687273965,0.8235294117647058,2.6670477390289307,-0.3901240825653076,2.0814245619003717
150,PAIR_SAFE_FROZEN,F150_BACKWARD_PAIR_SAFE,72,71,SAR_BOUNDARY_FAR,SUPPORTED,,0.030418962240219116,0.060000717639923096,-0.026999086141586304,-0.2699999511241913,-0.887574202182639,0.7058823529411765,2.6670477390289307,-0.3901240825653076,2.0814245619003717
150,PAIR_SAFE_FROZEN,F150_BACKWARD_PAIR_SAFE,71,70,SAR_BOUNDARY_NEAR,SUPPORTED,,0.038817405700683594,0.0200006365776062,-0.01711854338645935,-0.1899997889995575,-0.4410017382011154,0.5882352941176471,2.687777519226074,-0.4600793421268463,2.1714247442905847
150,PAIR_SAFE_FROZEN,F150_BACKWARD_PAIR_SAFE,71,70,SAR_BOUNDARY_FAR,SUPPORTED,,0.00989583134651184,0.11000081896781921,-0.01760876178741455,-0.1099996268749237,-1.7794120747239113,0.5882352941176471,2.687777519226074,-0.4600793421268463,2.1714247442905847
150,PAIR_SAFE_FROZEN,F150_BACKWARD_PAIR_SAFE,70,69,SAR_BOUNDARY_NEAR,SUPPORTED,,0.01605391502380371,5.960464477539062e-07,-0.003584563732147217,-0.25999993085861206,-0.22328283953367492,0.7058823529411765,2.6195428371429443,-0.4081788957118988,2.051424501103634
150,PAIR_SAFE_FROZEN,F150_BACKWARD_PAIR_SAFE,70,69,SAR_BOUNDARY_FAR,SUPPORTED,,0.03489583730697632,-0.11999964714050293,-0.011098325252532959,0.20000100135803223,-0.31804152325968693,0.6470588235294118,2.6195428371429443,-0.4081788957118988,2.051424501103634
150,PAIR_SAFE_FROZEN,F150_BACKWARD_PAIR_SAFE,69,68,SAR_BOUNDARY_NEAR,SUPPORTED,,0.020396754145622253,0.0200006365776062,0.007935047149658203,-0.28999999165534973,0.389034799017828,0.7058823529411765,2.61323881149292,-0.3248503804206848,2.1214246429626886
150,PAIR_SAFE_FROZEN,F150_BACKWARD_PAIR_SAFE,69,68,SAR_BOUNDARY_FAR,SUPPORTED,,0.0117570161819458,0.09000077843666077,-0.02948838472366333,-0.2699999511241913,-2.508152091254753,0.5294117647058824,2.61323881149292,-0.3248503804206848,2.1214246429626886
150,PAIR_SAFE_FROZEN,F150_BACKWARD_PAIR_SAFE,68,67,SAR_BOUNDARY_NEAR,SUPPORTED,,0.018673419952392578,-0.03999948501586914,-0.003071397542953491,-0.2699999511241913,-0.16447964811930238,0.6470588235294118,2.6687638759613037,-0.29405975341796875,2.10142460243153
150,PAIR_SAFE_FROZEN,F150_BACKWARD_PAIR_SAFE,68,67,SAR_BOUNDARY_FAR,SUPPORTED,,0.010876268148422241,-0.05999952554702759,-0.010906845331192017,0.2900012135505676,-1.0028113671300216,0.5294117647058824,2.6687638759613037,-0.29405975341796875,2.10142460243153
150,PAIR_SAFE_FROZEN,F150_BACKWARD_PAIR_SAFE,67,66,SAR_BOUNDARY_NEAR,SUPPORTED,,0.023460447788238525,0.0200006365776062,-0.0011028945446014404,-0.2699999511241913,-0.047010805358726225,0.7058823529411765,2.681185483932495,-0.2702280580997467,2.091424582165951
150,PAIR_SAFE_FROZEN,F150_BACKWARD_PAIR_SAFE,67,66,SAR_BOUNDARY_FAR,SUPPORTED,,0.025643378496170044,0.010000616312026978,0.0008119046688079834,0.25000113248825073,0.031661376792813986,0.5882352941176471,2.681185483932495,-0.2702280580997467,2.091424582165951
150,PAIR_SAFE_FROZEN,F150_BACKWARD_PAIR_SAFE,66,65,SAR_BOUNDARY_NEAR,PROPAGATION_AMBIGUOUS,SAR_BOUNDARY_FAR:BOUNDARY_RESPONSE_TOO_WEAK|SAR_BOUNDARY_FAR:BOUNDARY_SUPPORT_TOO_FRAGMENTED,0.020435065031051636,0.010000616312026978,0.011366397142410278,-0.25999993085861206,0.5562202579310969,0.7058823529411765,2.563577651977539,-0.36864161491394043,2.1214246429626886
150,PAIR_SAFE_FROZEN,F150_BACKWARD_PAIR_SAFE,66,65,SAR_BOUNDARY_FAR,PROPAGATION_AMBIGUOUS,SAR_BOUNDARY_FAR:BOUNDARY_RESPONSE_TOO_WEAK|SAR_BOUNDARY_FAR:BOUNDARY_SUPPORT_TOO_FRAGMENTED,-0.0027956366539001465,0.04000067710876465,-0.021323561668395996,-0.1499997079372406,,0.35294117647058826,2.563577651977539,-0.36864161491394043,2.1214246429626886
150,BOUNDARY_INDEPENDENT_DIAGNOSTIC,BACKWARD,150,149,SAR_BOUNDARY_NEAR,SUPPORTED,,0.04644608497619629,0.010000616312026978,-0.041498154401779175,-0.20999982953071594,-0.8934693725649225,0.8235294117647058,3.1134369373321533,-0.2213289588689804,
150,BOUNDARY_INDEPENDENT_DIAGNOSTIC,BACKWARD,149,148,SAR_BOUNDARY_NEAR,SUPPORTED,,0.04295344650745392,5.960464477539062e-07,-0.013419121503829956,-0.25999993085861206,-0.3124108213645038,1.0,3.161857843399048,-0.2512061297893524,
150,BOUNDARY_INDEPENDENT_DIAGNOSTIC,BACKWARD,148,147,SAR_BOUNDARY_NEAR,SUPPORTED,,0.04632355272769928,0.010000616312026978,-0.027297794818878174,0.24000108242034912,-0.5892854328194779,1.0,3.160459041595459,-0.24330353736877441,
150,BOUNDARY_INDEPENDENT_DIAGNOSTIC,BACKWARD,147,146,SAR_BOUNDARY_NEAR,SUPPORTED,,0.033547788858413696,-0.00999942421913147,-0.007720589637756348,0.2700011134147644,-0.23013706418448632,0.9411764705882353,3.1663882732391357,-0.21945394575595856,
150,BOUNDARY_INDEPENDENT_DIAGNOSTIC,BACKWARD,146,145,SAR_BOUNDARY_NEAR,SUPPORTED,,0.043213844299316406,0.030000656843185425,-0.0016620755195617676,-0.2799999713897705,-0.038461644561163466,0.8823529411764706,3.15510630607605,-0.1874239593744278,
150,BOUNDARY_INDEPENDENT_DIAGNOSTIC,BACKWARD,145,144,SAR_BOUNDARY_NEAR,SUPPORTED,,0.03680300712585449,-0.00999942421913147,-0.017432600259780884,-0.2699999511241913,-0.47367325719246195,1.0,3.2363715171813965,-0.2219981551170349,
150,BOUNDARY_INDEPENDENT_DIAGNOSTIC,BACKWARD,144,143,SAR_BOUNDARY_NEAR,SUPPORTED,,0.03745405375957489,0.0200006365776062,,,,0.8235294117647058,3.1352548599243164,-0.24749591946601868,
150,BOUNDARY_INDEPENDENT_DIAGNOSTIC,BACKWARD,143,142,SAR_BOUNDARY_NEAR,SUPPORTED,,0.05789676308631897,5.960464477539062e-07,-0.0205269455909729,-0.24999991059303284,-0.35454392433596044,0.9411764705882353,3.098188877105713,-0.2566215991973877,
150,BOUNDARY_INDEPENDENT_DIAGNOSTIC,BACKWARD,142,141,SAR_BOUNDARY_NEAR,SUPPORTED,,0.03612132370471954,0.010000616312026978,-0.008379265666007996,-0.28999999165534973,-0.23197559797381337,1.0,3.194286346435547,-0.25252988934516907,
150,BOUNDARY_INDEPENDENT_DIAGNOSTIC,BACKWARD,141,140,SAR_BOUNDARY_NEAR,SUPPORTED,,0.036427706480026245,-0.029999464750289917,-0.01498161256313324,0.2900012135505676,-0.4112697177723182,1.0,3.140730142593384,-0.28813767433166504,
150,BOUNDARY_INDEPENDENT_DIAGNOSTIC,BACKWARD,140,139,SAR_BOUNDARY_NEAR,SUPPORTED,,0.029518991708755493,0.05000069737434387,-0.0034926533699035645,-0.2699999511241913,-0.11831885737708393,0.9411764705882353,3.098829746246338,-0.250765860080719,
150,BOUNDARY_INDEPENDENT_DIAGNOSTIC,BACKWARD,139,138,SAR_BOUNDARY_NEAR,SUPPORTED,,0.03246016800403595,0.010000616312026978,-0.021806076169013977,0.2700011134147644,-0.6717795227154311,0.8823529411764706,3.1609485149383545,-0.2952258288860321,
150,BOUNDARY_INDEPENDENT_DIAGNOSTIC,BACKWARD,138,137,SAR_BOUNDARY_NEAR,SUPPORTED,,0.02866116166114807,-0.019999444484710693,-0.006755515933036804,-0.25999993085861206,-0.2357027957521454,0.9411764705882353,3.1174681186676025,-0.1776021271944046,
150,BOUNDARY_INDEPENDENT_DIAGNOSTIC,BACKWARD,137,136,SAR_BOUNDARY_NEAR,SUPPORTED,,0.03848038613796234,0.030000656843185425,-0.007352933287620544,-0.25999993085861206,-0.1910826274263033,0.9411764705882353,3.2175960540771484,-0.17502325773239136,
150,BOUNDARY_INDEPENDENT_DIAGNOSTIC,BACKWARD,136,135,SAR_BOUNDARY_NEAR,SUPPORTED,,0.03648898005485535,-0.00999942421913147,-0.01317402720451355,-0.24999991059303284,-0.3610412564206647,1.0,3.123258113861084,-0.24345171451568604,
150,BOUNDARY_INDEPENDENT_DIAGNOSTIC,BACKWARD,135,134,SAR_BOUNDARY_NEAR,SUPPORTED,,0.047058820724487305,0.0200006365776062,-0.005644932389259338,-0.25999993085861206,-0.1199548204216254,1.0,3.171806573867798,-0.31438201665878296,
150,BOUNDARY_INDEPENDENT_DIAGNOSTIC,BACKWARD,134,133,SAR_BOUNDARY_NEAR,SUPPORTED,,0.039874374866485596,5.960464477539062e-07,-0.013235300779342651,-0.2699999511241913,-0.33192497245811164,1.0,3.1620922088623047,-0.2098766267299652,
150,BOUNDARY_INDEPENDENT_DIAGNOSTIC,BACKWARD,133,132,SAR_BOUNDARY_NEAR,SUPPORTED,,0.0460018515586853,0.05000069737434387,-0.0020373761653900146,-0.28999999165534973,-0.0442890035152368,0.9411764705882353,3.079392194747925,-0.24713191390037537,
150,BOUNDARY_INDEPENDENT_DIAGNOSTIC,BACKWARD,132,131,SAR_BOUNDARY_NEAR,SUPPORTED,,0.026593118906021118,-0.029999464750289917,-0.00845588743686676,-0.2799999713897705,-0.3179727608013744,0.8823529411764706,3.0989019870758057,-0.23734374344348907,
150,BOUNDARY_INDEPENDENT_DIAGNOSTIC,BACKWARD,131,130,SAR_BOUNDARY_NEAR,SUPPORTED,,0.04336702823638916,0.0200006365776062,,,,0.9411764705882353,3.105590581893921,-0.2284649759531021,
150,BOUNDARY_INDEPENDENT_DIAGNOSTIC,BACKWARD,130,129,SAR_BOUNDARY_NEAR,SUPPORTED,,0.036197930574417114,0.010000616312026978,-0.006985291838645935,0.280001163482666,-0.19297489463618092,0.9411764705882353,3.0783793926239014,-0.2639271020889282,
150,BOUNDARY_INDEPENDENT_DIAGNOSTIC,BACKWARD,129,128,SAR_BOUNDARY_NEAR,SUPPORTED,,0.03599877655506134,-0.00999942421913147,-0.0046951621770858765,-0.28999999165534973,-0.13042560404530604,0.8823529411764706,3.0448408126831055,-0.22742338478565216,
150,BOUNDARY_INDEPENDENT_DIAGNOSTIC,BACKWARD,128,127,SAR_BOUNDARY_NEAR,SUPPORTED,,0.03360907733440399,0.010000616312026978,-0.007866114377975464,-0.2399998903274536,-0.23404731703013168,0.9411764705882353,3.1172447204589844,-0.1118805855512619,
150,BOUNDARY_INDEPENDENT_DIAGNOSTIC,BACKWARD,127,126,SAR_BOUNDARY_NEAR,SUPPORTED,,0.02775733172893524,5.960464477539062e-07,-0.01805301010608673,-0.25999993085861206,-0.6503870862798972,0.8823529411764706,3.0709593296051025,-0.17985691130161285,
150,BOUNDARY_INDEPENDENT_DIAGNOSTIC,BACKWARD,126,125,SAR_BOUNDARY_NEAR,SUPPORTED,,0.025773584842681885,0.030000656843185425,-6.128847599029541e-05,-0.2799999713897705,-0.002377956980543883,0.8235294117647058,3.0704538822174072,-0.35512083768844604,
150,BOUNDARY_INDEPENDENT_DIAGNOSTIC,BACKWARD,125,124,SAR_BOUNDARY_NEAR,SUPPORTED,,0.029166683554649353,0.0200006365776062,-0.013357847929000854,0.2900012135505676,-0.4579830923859538,0.9411764705882353,3.118366241455078,-0.26825806498527527,
150,BOUNDARY_INDEPENDENT_DIAGNOSTIC,BACKWARD,124,123,SAR_BOUNDARY_NEAR,SUPPORTED,,0.022579655051231384,-0.03999948501586914,-0.009650737047195435,-0.2699999511241913,-0.42740852441273813,0.8235294117647058,3.031865358352661,-0.18882985413074493,
150,BOUNDARY_INDEPENDENT_DIAGNOSTIC,BACKWARD,123,122,SAR_BOUNDARY_NEAR,SUPPORTED,,0.02385111153125763,0.05000069737434387,-0.0009650737047195435,-0.2399998903274536,-0.0404624205230345,0.7647058823529411,3.050957679748535,-0.2350044548511505,
150,BOUNDARY_INDEPENDENT_DIAGNOSTIC,BACKWARD,122,121,SAR_BOUNDARY_NEAR,SUPPORTED,,0.03322610259056091,-0.00999942421913147,-0.014077827334403992,0.2700011134147644,-0.423697823000261,0.8823529411764706,3.0582566261291504,-0.20088085532188416,
150,BOUNDARY_INDEPENDENT_DIAGNOSTIC,BACKWARD,121,120,SAR_BOUNDARY_NEAR,SUPPORTED,,0.03308059275150299,5.960464477539062e-07,-0.0064491331577301025,-0.28999999165534973,-0.19495216443596197,0.9411764705882353,3.0544300079345703,-0.28236621618270874,
150,BOUNDARY_INDEPENDENT_DIAGNOSTIC,BACKWARD,120,119,SAR_BOUNDARY_NEAR,SUPPORTED,,0.044041067361831665,0.010000616312026978,-0.006020203232765198,-0.24999991059303284,-0.13669521638303042,1.0,3.05649995803833,-0.25357818603515625,
150,BOUNDARY_INDEPENDENT_DIAGNOSTIC,BACKWARD,119,118,SAR_BOUNDARY_NEAR,SUPPORTED,,0.03141084313392639,0.04000067710876465,-0.00346200168132782,-0.25999993085861206,-0.11021677025882068,0.9411764705882353,2.973007917404175,-0.3095424175262451,
150,BOUNDARY_INDEPENDENT_DIAGNOSTIC,BACKWARD,118,117,SAR_BOUNDARY_NEAR,SUPPORTED,,0.031127452850341797,0.010000616312026978,-0.01176472008228302,0.280001163482666,-0.3779531893870923,0.8823529411764706,3.071399211883545,-0.2363242655992508,
150,BOUNDARY_INDEPENDENT_DIAGNOSTIC,BACKWARD,117,116,SAR_BOUNDARY_NEAR,SUPPORTED,,0.0355239063501358,-0.00999942421913147,-0.016475185751914978,-0.24999991059303284,-0.4637774232802524,0.9411764705882353,3.0489614009857178,-0.1983797401189804,
150,BOUNDARY_INDEPENDENT_DIAGNOSTIC,BACKWARD,116,115,SAR_BOUNDARY_NEAR,SUPPORTED,,0.03354780375957489,-0.019999444484710693,0.0007659494876861572,-0.2699999511241913,0.02283158364629301,1.0,3.091339349746704,-0.22691741585731506,
150,BOUNDARY_INDEPENDENT_DIAGNOSTIC,BACKWARD,115,114,SAR_BOUNDARY_NEAR,SUPPORTED,,0.04169730842113495,0.030000656843185425,-0.03079044818878174,0.2700011134147644,-0.7384277152329359,0.8823529411764706,3.0293023586273193,-0.26883426308631897,
150,BOUNDARY_INDEPENDENT_DIAGNOSTIC,BACKWARD,114,113,SAR_BOUNDARY_NEAR,SUPPORTED,,0.034175872802734375,0.0200006365776062,-0.011519581079483032,-0.25999993085861206,-0.33706764845406856,1.0,2.9157252311706543,-0.3093433678150177,
150,BOUNDARY_INDEPENDENT_DIAGNOSTIC,BACKWARD,113,112,SAR_BOUNDARY_NEAR,SUPPORTED,,0.02720588445663452,5.960464477539062e-07,-0.005484074354171753,-0.28999999165534973,-0.20157677148534633,0.9411764705882353,2.945871591567993,-0.3128241002559662,
150,BOUNDARY_INDEPENDENT_DIAGNOSTIC,BACKWARD,112,111,SAR_BOUNDARY_NEAR,SUPPORTED,,0.02296261489391327,-0.049999505281448364,-0.008785232901573181,-0.28999999165534973,-0.3825885223508188,0.7647058823529411,2.9730002880096436,-0.2620479464530945,
150,BOUNDARY_INDEPENDENT_DIAGNOSTIC,BACKWARD,111,110,SAR_BOUNDARY_NEAR,SUPPORTED,,0.034443944692611694,0.04000067710876465,-0.00031401216983795166,-0.25999993085861206,-0.009116614622404384,0.9411764705882353,2.9095709323883057,-0.4755436182022095,
150,BOUNDARY_INDEPENDENT_DIAGNOSTIC,BACKWARD,110,109,SAR_BOUNDARY_NEAR,SUPPORTED,,0.02872242033481598,0.060000717639923096,0.0002757459878921509,-0.25999993085861206,0.009600374365314348,0.7647058823529411,2.8370025157928467,-0.25193116068840027,
150,BOUNDARY_INDEPENDENT_DIAGNOSTIC,BACKWARD,109,108,SAR_BOUNDARY_NEAR,SUPPORTED,,0.031004905700683594,-0.05999952554702759,-0.01847425103187561,-0.2699999511241913,-0.5958492894712559,0.9411764705882353,2.9141695499420166,-0.17016668617725372,
150,BOUNDARY_INDEPENDENT_DIAGNOSTIC,BACKWARD,108,107,SAR_BOUNDARY_NEAR,SUPPORTED,,0.02737438678741455,0.060000717639923096,0.004534333944320679,-0.24999991059303284,0.16564148010085658,0.8823529411764706,3.012769937515259,-0.3296827971935272,
150,BOUNDARY_INDEPENDENT_DIAGNOSTIC,BACKWARD,107,106,SAR_BOUNDARY_NEAR,SUPPORTED,,0.028952226042747498,-0.029999464750289917,-0.0002987086772918701,-0.2799999713897705,-0.010317295701229728,0.7647058823529411,2.913999557495117,-0.3884904980659485,
150,BOUNDARY_INDEPENDENT_DIAGNOSTIC,BACKWARD,106,105,SAR_BOUNDARY_NEAR,SUPPORTED,,0.03327205777168274,0.07000073790550232,-0.004779398441314697,-0.2799999713897705,-0.14364601294309962,0.8235294117647058,3.0191736221313477,-0.27611419558525085,
150,BOUNDARY_INDEPENDENT_DIAGNOSTIC,BACKWARD,105,104,SAR_BOUNDARY_NEAR,SUPPORTED,,0.02875305712223053,-0.019999444484710693,-0.004526644945144653,-0.28999999165534973,-0.15743177937224845,0.7647058823529411,2.834171772003174,-0.33531394600868225,
150,BOUNDARY_INDEPENDENT_DIAGNOSTIC,BACKWARD,104,103,SAR_BOUNDARY_NEAR,SUPPORTED,,0.02690717577934265,5.960464477539062e-07,-0.011213213205337524,-0.21999984979629517,-0.4167369068122788,0.8823529411764706,2.88632869720459,-0.22457411885261536,
150,BOUNDARY_INDEPENDENT_DIAGNOSTIC,BACKWARD,103,102,SAR_BOUNDARY_NEAR,SUPPORTED,,0.027512237429618835,0.0200006365776062,0.0015471875667572021,-0.25999993085861206,0.056236341036063724,0.9411764705882353,2.9308078289031982,-0.291524738073349,
150,BOUNDARY_INDEPENDENT_DIAGNOSTIC,BACKWARD,102,101,SAR_BOUNDARY_NEAR,SUPPORTED,,0.024754896759986877,5.960464477539062e-07,-0.013664215803146362,-0.20999982953071594,-0.5519803187074009,1.0,2.8998522758483887,-0.2711012065410614,
150,BOUNDARY_INDEPENDENT_DIAGNOSTIC,BACKWARD,101,100,SAR_BOUNDARY_NEAR,SUPPORTED,,0.031579360365867615,5.960464477539062e-07,-0.006908684968948364,-0.2799999713897705,-0.21877216285911794,0.9411764705882353,2.9281342029571533,-0.19377119839191437,
150,BOUNDARY_INDEPENDENT_DIAGNOSTIC,BACKWARD,100,99,SAR_BOUNDARY_NEAR,SUPPORTED,,0.026822909712791443,0.0200006365776062,-0.0030637234449386597,-0.2799999713897705,-0.11422039882114714,0.8823529411764706,2.9081544876098633,-0.2949043810367584,
150,BOUNDARY_INDEPENDENT_DIAGNOSTIC,BACKWARD,99,98,SAR_BOUNDARY_NEAR,SUPPORTED,,0.021875008940696716,0.04000067710876465,-0.008777573704719543,-0.24999991059303284,-0.40126034821359846,0.8235294117647058,2.914186954498291,-0.3546990156173706,
150,BOUNDARY_INDEPENDENT_DIAGNOSTIC,BACKWARD,98,97,SAR_BOUNDARY_NEAR,SUPPORTED,,0.0237438827753067,0.010000616312026978,-0.0070465803146362305,-0.28999999165534973,-0.296774557949072,0.7058823529411765,2.7415943145751953,-0.22801443934440613,
150,BOUNDARY_INDEPENDENT_DIAGNOSTIC,BACKWARD,97,96,SAR_BOUNDARY_NEAR,SUPPORTED,,0.026776939630508423,-0.00999942421913147,-0.01130513846874237,-0.2699999511241913,-0.42219680907305074,0.9411764705882353,2.798759698867798,-0.3481493592262268,
150,BOUNDARY_INDEPENDENT_DIAGNOSTIC,BACKWARD,96,95,SAR_BOUNDARY_NEAR,SUPPORTED,,0.02189032733440399,0.030000656843185425,-0.01789216697216034,-0.1899997889995575,-0.817354930277359,0.7647058823529411,2.8501148223876953,-0.29633840918540955,
150,BOUNDARY_INDEPENDENT_DIAGNOSTIC,BACKWARD,95,94,SAR_BOUNDARY_NEAR,SUPPORTED,,0.03572303056716919,5.960464477539062e-07,-0.014989286661148071,0.25000113248825073,-0.4195972856492134,0.8235294117647058,2.8615598678588867,-0.3077600598335266,
150,BOUNDARY_INDEPENDENT_DIAGNOSTIC,BACKWARD,94,93,SAR_BOUNDARY_NEAR,SUPPORTED,,0.027680784463882446,-0.019999444484710693,-0.004710465669631958,-0.28999999165534973,-0.1701709601394468,0.8823529411764706,2.9083175659179688,-0.10536948591470718,
150,BOUNDARY_INDEPENDENT_DIAGNOSTIC,BACKWARD,93,92,SAR_BOUNDARY_NEAR,SUPPORTED,,0.029442429542541504,5.960464477539062e-07,-0.005514711141586304,0.2900012135505676,-0.18730489389872096,0.9411764705882353,2.920146942138672,-0.20564870536327362,
150,BOUNDARY_INDEPENDENT_DIAGNOSTIC,BACKWARD,92,91,SAR_BOUNDARY_NEAR,SUPPORTED,,0.023858755826950073,0.05000069737434387,-0.00677083432674408,-0.25999993085861206,-0.2837882400848399,0.7058823529411765,2.8088600635528564,-0.16879522800445557,
150,BOUNDARY_INDEPENDENT_DIAGNOSTIC,BACKWARD,91,90,SAR_BOUNDARY_NEAR,SUPPORTED,,0.022250309586524963,-0.029999464750289917,-0.011366426944732666,-0.2399998903274536,-0.510843541323861,0.7647058823529411,2.938748359680176,-0.1726982295513153,
150,BOUNDARY_INDEPENDENT_DIAGNOSTIC,BACKWARD,90,89,SAR_BOUNDARY_NEAR,SUPPORTED,,0.026470601558685303,0.05000069737434387,-0.0046951621770858765,-0.19999980926513672,-0.17737270407990938,0.7058823529411765,2.7835967540740967,-0.3191277086734772,
150,BOUNDARY_INDEPENDENT_DIAGNOSTIC,BACKWARD,89,88,SAR_BOUNDARY_NEAR,SUPPORTED,,0.015379905700683594,0.010000616312026978,-0.00551469624042511,-0.2799999713897705,-0.35856502294289083,0.7058823529411765,2.668271541595459,-0.4836430847644806,
150,BOUNDARY_INDEPENDENT_DIAGNOSTIC,BACKWARD,88,87,SAR_BOUNDARY_NEAR,SUPPORTED,,0.023851096630096436,-0.019999444484710693,-0.007827818393707275,-0.2699999511241913,-0.3281953243118292,0.8235294117647058,2.7645249366760254,-0.24834145605564117,
150,BOUNDARY_INDEPENDENT_DIAGNOSTIC,BACKWARD,87,86,SAR_BOUNDARY_NEAR,SUPPORTED,,0.03356313705444336,0.010000616312026978,-0.004656851291656494,-0.2799999713897705,-0.1387489877392132,0.8823529411764706,2.6432278156280518,-0.33161625266075134,
150,BOUNDARY_INDEPENDENT_DIAGNOSTIC,BACKWARD,86,85,SAR_BOUNDARY_NEAR,SUPPORTED,,0.03370100259780884,0.0200006365776062,,,,0.9411764705882353,2.8121209144592285,-0.2988411784172058,
150,BOUNDARY_INDEPENDENT_DIAGNOSTIC,BACKWARD,85,84,SAR_BOUNDARY_NEAR,SUPPORTED,,0.04056374728679657,0.030000656843185425,,,,0.8235294117647058,2.863222360610962,-0.3030659556388855,
150,BOUNDARY_INDEPENDENT_DIAGNOSTIC,BACKWARD,84,83,SAR_BOUNDARY_NEAR,SUPPORTED,,0.04362747073173523,-0.00999942421913147,-0.0036152005195617676,-0.2699999511241913,-0.08286523282065995,0.9411764705882353,2.6795589923858643,-0.43556976318359375,
150,BOUNDARY_INDEPENDENT_DIAGNOSTIC,BACKWARD,83,82,SAR_BOUNDARY_NEAR,SUPPORTED,,0.03419119119644165,0.030000656843185425,0.005943611264228821,-0.2699999511241913,0.17383457715996117,0.8823529411764706,2.6056597232818604,-0.40771350264549255,
150,BOUNDARY_INDEPENDENT_DIAGNOSTIC,BACKWARD,82,81,SAR_BOUNDARY_NEAR,SUPPORTED,,0.0414215624332428,5.960464477539062e-07,-0.023667290806770325,-0.20999982953071594,-0.5713761001872828,1.0,2.6271746158599854,-0.39634451270103455,
150,BOUNDARY_INDEPENDENT_DIAGNOSTIC,BACKWARD,81,80,SAR_BOUNDARY_NEAR,SUPPORTED,,0.03314186632633209,0.010000616312026978,-0.02297794818878174,-0.19999980926513672,-0.6933208879225111,0.9411764705882353,2.5929160118103027,-0.3587777018547058,
150,BOUNDARY_INDEPENDENT_DIAGNOSTIC,BACKWARD,80,79,SAR_BOUNDARY_NEAR,SUPPORTED,,0.032850801944732666,0.030000656843185425,,,,0.9411764705882353,2.685429573059082,-0.38409319519996643,
150,BOUNDARY_INDEPENDENT_DIAGNOSTIC,BACKWARD,79,78,SAR_BOUNDARY_NEAR,SUPPORTED,,0.02524508535861969,5.960464477539062e-07,-0.0031403303146362305,-0.2799999713897705,-0.12439372931508014,0.7647058823529411,2.7809698581695557,-0.3599933385848999,
150,BOUNDARY_INDEPENDENT_DIAGNOSTIC,BACKWARD,78,77,SAR_BOUNDARY_NEAR,SUPPORTED,,0.031632959842681885,0.010000616312026978,-0.00931374728679657,-0.2299998700618744,-0.29443173617378887,0.9411764705882353,2.7419612407684326,-0.28909072279930115,
150,BOUNDARY_INDEPENDENT_DIAGNOSTIC,BACKWARD,77,76,SAR_BOUNDARY_NEAR,SUPPORTED,,0.030882343649864197,5.960464477539062e-07,-0.005821064114570618,-0.25999993085861206,-0.18849165661027203,0.8823529411764706,2.6941823959350586,-0.29712650179862976,
150,BOUNDARY_INDEPENDENT_DIAGNOSTIC,BACKWARD,76,75,SAR_BOUNDARY_NEAR,SUPPORTED,,0.02952668070793152,5.960464477539062e-07,-0.015134796500205994,0.280001163482666,-0.5125803557099614,0.9411764705882353,2.755225419998169,-0.3161695599555969,
150,BOUNDARY_INDEPENDENT_DIAGNOSTIC,BACKWARD,75,74,SAR_BOUNDARY_NEAR,SUPPORTED,,0.02601104974746704,0.05000069737434387,-0.0072303712368011475,-0.2399998903274536,-0.2779730655624632,0.7647058823529411,2.7467334270477295,-0.27783840894699097,
150,BOUNDARY_INDEPENDENT_DIAGNOSTIC,BACKWARD,74,73,SAR_BOUNDARY_NEAR,SUPPORTED,,0.04099264740943909,5.960464477539062e-07,-0.011611491441726685,-0.2699999511241913,-0.2832579053933703,0.9411764705882353,2.6482949256896973,-0.44741499423980713,
150,BOUNDARY_INDEPENDENT_DIAGNOSTIC,BACKWARD,73,72,SAR_BOUNDARY_NEAR,SUPPORTED,,0.03088235855102539,-0.019999444484710693,-0.004687488079071045,-0.2699999511241913,-0.15178530070253995,0.8823529411764706,2.735344409942627,-0.36631157994270325,
150,BOUNDARY_INDEPENDENT_DIAGNOSTIC,BACKWARD,72,71,SAR_BOUNDARY_NEAR,SUPPORTED,,0.028017759323120117,0.060000717639923096,-0.0034390389919281006,-0.28999999165534973,-0.1227449687273965,0.8235294117647058,2.6670477390289307,-0.3901240825653076,
150,BOUNDARY_INDEPENDENT_DIAGNOSTIC,BACKWARD,71,70,SAR_BOUNDARY_NEAR,SUPPORTED,,0.038817405700683594,0.0200006365776062,-0.01711854338645935,-0.1899997889995575,-0.4410017382011154,0.5882352941176471,2.687777519226074,-0.4600793421268463,
150,BOUNDARY_INDEPENDENT_DIAGNOSTIC,BACKWARD,70,69,SAR_BOUNDARY_NEAR,SUPPORTED,,0.01605391502380371,5.960464477539062e-07,-0.003584563732147217,-0.25999993085861206,-0.22328283953367492,0.7058823529411765,2.6195428371429443,-0.4081788957118988,
150,BOUNDARY_INDEPENDENT_DIAGNOSTIC,BACKWARD,69,68,SAR_BOUNDARY_NEAR,SUPPORTED,,0.020396754145622253,0.0200006365776062,0.007935047149658203,-0.28999999165534973,0.389034799017828,0.7058823529411765,2.61323881149292,-0.3248503804206848,
150,BOUNDARY_INDEPENDENT_DIAGNOSTIC,BACKWARD,68,67,SAR_BOUNDARY_NEAR,SUPPORTED,,0.018673419952392578,-0.03999948501586914,-0.003071397542953491,-0.2699999511241913,-0.16447964811930238,0.6470588235294118,2.6687638759613037,-0.29405975341796875,
150,BOUNDARY_INDEPENDENT_DIAGNOSTIC,BACKWARD,67,66,SAR_BOUNDARY_NEAR,SUPPORTED,,0.023460447788238525,0.0200006365776062,-0.0011028945446014404,-0.2699999511241913,-0.047010805358726225,0.7058823529411765,2.681185483932495,-0.2702280580997467,
150,BOUNDARY_INDEPENDENT_DIAGNOSTIC,BACKWARD,66,65,SAR_BOUNDARY_NEAR,SUPPORTED,,0.020435065031051636,0.010000616312026978,0.011366397142410278,-0.25999993085861206,0.5562202579310969,0.7058823529411765,2.563577651977539,-0.36864161491394043,
150,BOUNDARY_INDEPENDENT_DIAGNOSTIC,BACKWARD,65,64,SAR_BOUNDARY_NEAR,SUPPORTED,,0.020894616842269897,0.0200006365776062,-0.00900733470916748,-0.24999991059303284,-0.4310839857539577,0.6470588235294118,2.475640296936035,-0.3621198534965515,
150,BOUNDARY_INDEPENDENT_DIAGNOSTIC,BACKWARD,64,63,SAR_BOUNDARY_NEAR,SUPPORTED,,0.01237747073173523,5.960464477539062e-07,-0.007536768913269043,-0.25999993085861206,-0.6089102593428184,0.5294117647058824,2.45310640335083,-0.3423406481742859,
150,BOUNDARY_INDEPENDENT_DIAGNOSTIC,BACKWARD,63,62,SAR_BOUNDARY_NEAR,SUPPORTED,,0.0209788978099823,0.04000067710876465,-0.005162358283996582,-0.2799999713897705,-0.24607385625093225,0.6470588235294118,2.4270596504211426,-0.4061642289161682,
150,BOUNDARY_INDEPENDENT_DIAGNOSTIC,BACKWARD,62,61,SAR_BOUNDARY_NEAR,PROPAGATION_AMBIGUOUS,BOUNDARY_RESPONSE_TOO_WEAK,0.005177706480026245,-0.019999444484710693,-0.0027726590633392334,-0.2799999713897705,-0.5354994675799349,0.5294117647058824,2.6043169498443604,-0.4545403718948364,
150,BOUNDARY_INDEPENDENT_DIAGNOSTIC,BACKWARD,150,149,SAR_BOUNDARY_FAR,SUPPORTED,,0.014001250267028809,0.11000081896781921,-0.014246314764022827,-0.2399998903274536,-1.0175030438225303,0.6470588235294118,3.1134369373321533,-0.2213289588689804,
150,BOUNDARY_INDEPENDENT_DIAGNOSTIC,BACKWARD,149,148,SAR_BOUNDARY_FAR,SUPPORTED,,0.02905943989753723,0.0200006365776062,-0.019056379795074463,0.22000104188919067,-0.655772439601958,0.6470588235294118,3.161857843399048,-0.2512061297893524,
150,BOUNDARY_INDEPENDENT_DIAGNOSTIC,BACKWARD,148,147,SAR_BOUNDARY_FAR,SUPPORTED,,0.020818009972572327,-0.049999505281448364,-0.011672765016555786,0.190000981092453,-0.560705131371088,0.6470588235294118,3.160459041595459,-0.24330353736877441,
150,BOUNDARY_INDEPENDENT_DIAGNOSTIC,BACKWARD,147,146,SAR_BOUNDARY_FAR,SUPPORTED,,0.028982847929000854,0.08000075817108154,-0.025061264634132385,-0.2799999713897705,-0.8646929623867484,0.5882352941176471,3.1663882732391357,-0.21945394575595856,
150,BOUNDARY_INDEPENDENT_DIAGNOSTIC,BACKWARD,146,145,SAR_BOUNDARY_FAR,SUPPORTED,,0.016176491975784302,-0.049999505281448364,-0.009329050779342651,0.16000092029571533,-0.5767041947851207,0.5882352941176471,3.15510630607605,-0.1874239593744278,
150,BOUNDARY_INDEPENDENT_DIAGNOSTIC,BACKWARD,145,144,SAR_BOUNDARY_FAR,SUPPORTED,,0.03164827823638916,0.010000616312026978,-0.0085248202085495,0.21000105142593384,-0.26936126334821175,0.6470588235294118,3.2363715171813965,-0.2219981551170349,
150,BOUNDARY_INDEPENDENT_DIAGNOSTIC,BACKWARD,144,143,SAR_BOUNDARY_FAR,SUPPORTED,,0.01973038911819458,0.010000616312026978,,,,0.7647058823529411,3.1352548599243164,-0.24749591946601868,
150,BOUNDARY_INDEPENDENT_DIAGNOSTIC,BACKWARD,143,142,SAR_BOUNDARY_FAR,SUPPORTED,,0.027022063732147217,5.960464477539062e-07,-0.00419732928276062,0.2700011134147644,-0.15532970850657873,0.5882352941176471,3.098188877105713,-0.2566215991973877,
150,BOUNDARY_INDEPENDENT_DIAGNOSTIC,BACKWARD,142,141,SAR_BOUNDARY_FAR,SUPPORTED,,0.022242650389671326,0.030000656843185425,-0.003247559070587158,0.2700011134147644,-0.14600593965614844,0.7647058823529411,3.194286346435547,-0.25252988934516907,
150,BOUNDARY_INDEPENDENT_DIAGNOSTIC,BACKWARD,141,140,SAR_BOUNDARY_FAR,SUPPORTED,,0.015701577067375183,0.060000717639923096,-0.019163593649864197,0.26000112295150757,-1.220488462250229,0.5294117647058824,3.140730142593384,-0.28813767433166504,
150,BOUNDARY_INDEPENDENT_DIAGNOSTIC,BACKWARD,140,139,SAR_BOUNDARY_FAR,SUPPORTED,,0.02826288342475891,-0.049999505281448364,-0.013281255960464478,0.25000113248825073,-0.46991864774950043,0.7647058823529411,3.098829746246338,-0.250765860080719,
150,BOUNDARY_INDEPENDENT_DIAGNOSTIC,BACKWARD,139,138,SAR_BOUNDARY_FAR,SUPPORTED,,0.023988977074623108,0.0200006365776062,-0.018374696373939514,0.21000105142593384,-0.7659641474824411,0.8235294117647058,3.1609485149383545,-0.2952258288860321,
150,BOUNDARY_INDEPENDENT_DIAGNOSTIC,BACKWARD,138,137,SAR_BOUNDARY_FAR,SUPPORTED,,0.04368871450424194,-0.00999942421913147,-0.013434410095214844,0.24000108242034912,-0.3075029844128381,0.7647058823529411,3.1174681186676025,-0.1776021271944046,
150,BOUNDARY_INDEPENDENT_DIAGNOSTIC,BACKWARD,137,136,SAR_BOUNDARY_FAR,SUPPORTED,,0.026179537177085876,0.04000067710876465,-0.02292431890964508,0.26000112295150757,-0.8756579138347035,0.7058823529411765,3.2175960540771484,-0.17502325773239136,
150,BOUNDARY_INDEPENDENT_DIAGNOSTIC,BACKWARD,136,135,SAR_BOUNDARY_FAR,SUPPORTED,,0.025980383157730103,0.030000656843185425,-0.026026368141174316,0.25000113248825073,-1.0017699886550955,0.7058823529411765,3.123258113861084,-0.24345171451568604,
150,BOUNDARY_INDEPENDENT_DIAGNOSTIC,BACKWARD,135,134,SAR_BOUNDARY_FAR,SUPPORTED,,0.02513784170150757,-0.049999505281448364,-0.028308823704719543,0.26000112295150757,-1.1261437652788546,0.5882352941176471,3.171806573867798,-0.31438201665878296,
150,BOUNDARY_INDEPENDENT_DIAGNOSTIC,BACKWARD,134,133,SAR_BOUNDARY_FAR,SUPPORTED,,0.02064952254295349,0.07000073790550232,-0.027565881609916687,-0.25999993085861206,-1.334940386760824,0.6470588235294118,3.1620922088623047,-0.2098766267299652,
150,BOUNDARY_INDEPENDENT_DIAGNOSTIC,BACKWARD,133,132,SAR_BOUNDARY_FAR,SUPPORTED,,0.025980383157730103,-0.019999444484710693,-0.018910840153694153,0.18000096082687378,-0.7278891938923346,0.5882352941176471,3.079392194747925,-0.24713191390037537,
150,BOUNDARY_INDEPENDENT_DIAGNOSTIC,BACKWARD,132,131,SAR_BOUNDARY_FAR,SUPPORTED,,0.013235300779342651,0.030000656843185425,-0.01352633535861969,0.2300010323524475,-1.021989268255337,0.7647058823529411,3.0989019870758057,-0.23734374344348907,
150,BOUNDARY_INDEPENDENT_DIAGNOSTIC,BACKWARD,131,130,SAR_BOUNDARY_FAR,SUPPORTED,,0.026102960109710693,-0.049999505281448364,-0.013832733035087585,0.22000104188919067,-0.5299296699281857,0.7647058823529411,3.105590581893921,-0.2284649759531021,
150,BOUNDARY_INDEPENDENT_DIAGNOSTIC,BACKWARD,130,129,SAR_BOUNDARY_FAR,SUPPORTED,,0.017401963472366333,0.030000656843185425,-0.012193635106086731,0.25000113248825073,-0.7007045570144868,0.7647058823529411,3.0783793926239014,-0.2639271020889282,
150,BOUNDARY_INDEPENDENT_DIAGNOSTIC,BACKWARD,129,128,SAR_BOUNDARY_FAR,SUPPORTED,,0.023835808038711548,5.960464477539062e-07,-0.01384805142879486,0.2700011134147644,-0.5809767978624576,0.6470588235294118,3.0448408126831055,-0.22742338478565216,
150,BOUNDARY_INDEPENDENT_DIAGNOSTIC,BACKWARD,128,127,SAR_BOUNDARY_FAR,SUPPORTED,,0.013265922665596008,0.060000717639923096,,,,0.5294117647058824,3.1172447204589844,-0.1118805855512619,
150,BOUNDARY_INDEPENDENT_DIAGNOSTIC,BACKWARD,127,126,SAR_BOUNDARY_FAR,SUPPORTED,,0.02218136191368103,-0.08999958634376526,-0.011519595980644226,0.21000105142593384,-0.5193367307865422,0.7647058823529411,3.0709593296051025,-0.17985691130161285,
150,BOUNDARY_INDEPENDENT_DIAGNOSTIC,BACKWARD,126,125,SAR_BOUNDARY_FAR,SUPPORTED,,0.025765925645828247,0.04000067710876465,-0.015119493007659912,0.26000112295150757,-0.5868018566648275,0.7647058823529411,3.0704538822174072,-0.35512083768844604,
150,BOUNDARY_INDEPENDENT_DIAGNOSTIC,BACKWARD,125,124,SAR_BOUNDARY_FAR,SUPPORTED,,0.018443629145622253,0.0200006365776062,-0.013219982385635376,0.21000105142593384,-0.7167777166444081,0.7058823529411765,3.118366241455078,-0.26825806498527527,
150,BOUNDARY_INDEPENDENT_DIAGNOSTIC,BACKWARD,124,123,SAR_BOUNDARY_FAR,SUPPORTED,,0.024287685751914978,5.960464477539062e-07,-0.008746936917304993,0.25000113248825073,-0.3601387553614627,0.8235294117647058,3.031865358352661,-0.18882985413074493,
150,BOUNDARY_INDEPENDENT_DIAGNOSTIC,BACKWARD,123,122,SAR_BOUNDARY_FAR,SUPPORTED,,0.01899510622024536,5.960464477539062e-07,-0.010738357901573181,0.25000113248825073,-0.5653223402419317,0.7058823529411765,3.050957679748535,-0.2350044548511505,
150,BOUNDARY_INDEPENDENT_DIAGNOSTIC,BACKWARD,122,121,SAR_BOUNDARY_FAR,SUPPORTED,,0.03302697837352753,5.960464477539062e-07,-0.01570160686969757,0.280001163482666,-0.4754176023042741,0.7058823529411765,3.0582566261291504,-0.20088085532188416,
150,BOUNDARY_INDEPENDENT_DIAGNOSTIC,BACKWARD,121,120,SAR_BOUNDARY_FAR,SUPPORTED,,0.007352933287620544,0.05000069737434387,-0.014705866575241089,-0.28999999165534973,-2.0,0.5294117647058824,3.0544300079345703,-0.28236621618270874,
150,BOUNDARY_INDEPENDENT_DIAGNOSTIC,BACKWARD,120,119,SAR_BOUNDARY_FAR,SUPPORTED,,0.030713841319084167,-0.03999948501586914,-0.01364891231060028,0.2300010323524475,-0.4443896212395769,0.7058823529411765,3.05649995803833,-0.25357818603515625,
150,BOUNDARY_INDEPENDENT_DIAGNOSTIC,BACKWARD,119,118,SAR_BOUNDARY_FAR,SUPPORTED,,0.021162688732147217,0.05000069737434387,-0.011106014251708984,0.2700011134147644,-0.5247922129496889,0.8235294117647058,2.973007917404175,-0.3095424175262451,
150,BOUNDARY_INDEPENDENT_DIAGNOSTIC,BACKWARD,118,117,SAR_BOUNDARY_FAR,SUPPORTED,,0.025827214121818542,-0.019999444484710693,-0.005974248051643372,0.26000112295150757,-0.231316007350417,0.7647058823529411,3.071399211883545,-0.2363242655992508,
150,BOUNDARY_INDEPENDENT_DIAGNOSTIC,BACKWARD,117,116,SAR_BOUNDARY_FAR,SUPPORTED,,0.028063729405403137,0.0200006365776062,-0.034658387303352356,-0.25999993085861206,-1.2349886503922585,0.7647058823529411,3.0489614009857178,-0.1983797401189804,
150,BOUNDARY_INDEPENDENT_DIAGNOSTIC,BACKWARD,116,115,SAR_BOUNDARY_FAR,SUPPORTED,,0.03138023614883423,5.960464477539062e-07,-0.01002606749534607,0.25000113248825073,-0.31950261456902823,0.7647058823529411,3.091339349746704,-0.22691741585731506,
150,BOUNDARY_INDEPENDENT_DIAGNOSTIC,BACKWARD,115,114,SAR_BOUNDARY_FAR,SUPPORTED,,0.022418811917304993,0.010000616312026978,-0.015395209193229675,0.2700011134147644,-0.6867094139518685,0.8235294117647058,3.0293023586273193,-0.26883426308631897,
150,BOUNDARY_INDEPENDENT_DIAGNOSTIC,BACKWARD,114,113,SAR_BOUNDARY_FAR,SUPPORTED,,0.027359068393707275,0.010000616312026978,-0.011213243007659912,0.2300010323524475,-0.40985470873120133,0.7058823529411765,2.9157252311706543,-0.3093433678150177,
150,BOUNDARY_INDEPENDENT_DIAGNOSTIC,BACKWARD,113,112,SAR_BOUNDARY_FAR,SUPPORTED,,0.022916659712791443,-0.00999942421913147,-0.005353882908821106,0.2900012135505676,-0.23362405236713957,0.7058823529411765,2.945871591567993,-0.3128241002559662,
150,BOUNDARY_INDEPENDENT_DIAGNOSTIC,BACKWARD,112,111,SAR_BOUNDARY_FAR,SUPPORTED,,0.031096845865249634,0.030000656843185425,-0.017019003629684448,0.280001163482666,-0.5472903491058876,0.7058823529411765,2.9730002880096436,-0.2620479464530945,
150,BOUNDARY_INDEPENDENT_DIAGNOSTIC,BACKWARD,111,110,SAR_BOUNDARY_FAR,SUPPORTED,,0.024034932255744934,0.04000067710876465,-0.01625308394432068,0.25000113248825073,-0.6762275745726637,0.7647058823529411,2.9095709323883057,-0.4755436182022095,
150,BOUNDARY_INDEPENDENT_DIAGNOSTIC,BACKWARD,110,109,SAR_BOUNDARY_FAR,SUPPORTED,,0.020818009972572327,0.030000656843185425,-0.015142455697059631,0.2900012135505676,-0.7273728717110702,0.8235294117647058,2.8370025157928467,-0.25193116068840027,
150,BOUNDARY_INDEPENDENT_DIAGNOSTIC,BACKWARD,109,108,SAR_BOUNDARY_FAR,SUPPORTED,,0.02545955777168274,-0.019999444484710693,-0.003599882125854492,0.280001163482666,-0.1413960980052231,0.7058823529411765,2.9141695499420166,-0.17016668617725372,
150,BOUNDARY_INDEPENDENT_DIAGNOSTIC,BACKWARD,108,107,SAR_BOUNDARY_FAR,SUPPORTED,,0.023560047149658203,-0.03999948501586914,-0.005177706480026245,0.2900012135505676,-0.21976638871460666,0.8823529411764706,3.012769937515259,-0.3296827971935272,
150,BOUNDARY_INDEPENDENT_DIAGNOSTIC,BACKWARD,107,106,SAR_BOUNDARY_FAR,SUPPORTED,,0.01790747046470642,0.030000656843185425,-0.011014103889465332,0.280001163482666,-0.615056376118161,0.7647058823529411,2.913999557495117,-0.3884904980659485,
150,BOUNDARY_INDEPENDENT_DIAGNOSTIC,BACKWARD,106,105,SAR_BOUNDARY_FAR,SUPPORTED,,0.017248794436454773,0.05000069737434387,-0.03449755907058716,-0.24999991059303284,-1.9999982722083856,0.5294117647058824,3.0191736221313477,-0.27611419558525085,
150,BOUNDARY_INDEPENDENT_DIAGNOSTIC,BACKWARD,105,104,SAR_BOUNDARY_FAR,SUPPORTED,,0.015824124217033386,-0.00999942421913147,0.0008884966373443604,0.2700011134147644,0.05614823450311176,0.6470588235294118,2.834171772003174,-0.33531394600868225,
150,BOUNDARY_INDEPENDENT_DIAGNOSTIC,BACKWARD,104,103,SAR_BOUNDARY_FAR,SUPPORTED,,0.018098965287208557,0.0200006365776062,-0.00220586359500885,0.2900012135505676,-0.12187788417760236,0.7647058823529411,2.88632869720459,-0.22457411885261536,
150,BOUNDARY_INDEPENDENT_DIAGNOSTIC,BACKWARD,103,102,SAR_BOUNDARY_FAR,SUPPORTED,,0.024601712822914124,-0.029999464750289917,-0.009497538208961487,0.2700011134147644,-0.3860519093660603,0.7058823529411765,2.9308078289031982,-0.291524738073349,
150,BOUNDARY_INDEPENDENT_DIAGNOSTIC,BACKWARD,102,101,SAR_BOUNDARY_FAR,SUPPORTED,,0.01911763846874237,5.960464477539062e-07,0.0031633079051971436,0.280001163482666,0.1654654109276729,0.8235294117647058,2.8998522758483887,-0.2711012065410614,
150,BOUNDARY_INDEPENDENT_DIAGNOSTIC,BACKWARD,101,100,SAR_BOUNDARY_FAR,SUPPORTED,,0.018474280834197998,5.960464477539062e-07,-0.016835182905197144,0.24000108242034912,-0.9112767666730118,0.8235294117647058,2.9281342029571533,-0.19377119839191437,
150,BOUNDARY_INDEPENDENT_DIAGNOSTIC,BACKWARD,100,99,SAR_BOUNDARY_FAR,SUPPORTED,,0.01881125569343567,0.0200006365776062,-0.02303922176361084,0.21000105142593384,-1.2247572484834466,0.7058823529411765,2.9081544876098633,-0.2949043810367584,
150,BOUNDARY_INDEPENDENT_DIAGNOSTIC,BACKWARD,99,98,SAR_BOUNDARY_FAR,SUPPORTED,,0.013733148574829102,5.960464477539062e-07,-0.005782753229141235,0.25000113248825073,-0.4210799291678964,0.5294117647058824,2.914186954498291,-0.3546990156173706,
150,BOUNDARY_INDEPENDENT_DIAGNOSTIC,BACKWARD,98,97,SAR_BOUNDARY_FAR,SUPPORTED,,0.02288605272769928,0.04000067710876465,-0.01067708432674408,0.24000108242034912,-0.4665323659689672,0.6470588235294118,2.7415943145751953,-0.22801443934440613,
150,BOUNDARY_INDEPENDENT_DIAGNOSTIC,BACKWARD,97,96,SAR_BOUNDARY_FAR,SUPPORTED,,0.017830893397331238,-0.019999444484710693,-0.011083036661148071,0.22000104188919067,-0.6215637329090239,0.6470588235294118,2.798759698867798,-0.3481493592262268,
150,BOUNDARY_INDEPENDENT_DIAGNOSTIC,BACKWARD,96,95,SAR_BOUNDARY_FAR,SUPPORTED,,0.018535539507865906,0.060000717639923096,-0.010232865810394287,0.26000112295150757,-0.5520673302253639,0.7058823529411765,2.8501148223876953,-0.29633840918540955,
150,BOUNDARY_INDEPENDENT_DIAGNOSTIC,BACKWARD,95,94,SAR_BOUNDARY_FAR,SUPPORTED,,0.01889553666114807,0.010000616312026978,-0.008700966835021973,0.25000113248825073,-0.46047735986839716,0.5882352941176471,2.8615598678588867,-0.3077600598335266,
150,BOUNDARY_INDEPENDENT_DIAGNOSTIC,BACKWARD,94,93,SAR_BOUNDARY_FAR,SUPPORTED,,0.01685050129890442,0.010000616312026978,-0.008884802460670471,0.2900012135505676,-0.5272722931541592,0.6470588235294118,2.9083175659179688,-0.10536948591470718,
150,BOUNDARY_INDEPENDENT_DIAGNOSTIC,BACKWARD,93,92,SAR_BOUNDARY_FAR,SUPPORTED,,0.026930153369903564,0.010000616312026978,-0.032084882259368896,0.2300010323524475,-1.1914110483762088,0.5882352941176471,2.920146942138672,-0.20564870536327362,
150,BOUNDARY_INDEPENDENT_DIAGNOSTIC,BACKWARD,92,91,SAR_BOUNDARY_FAR,SUPPORTED,,0.028033122420310974,-0.019999444484710693,-0.009711995720863342,0.20000100135803223,-0.3464471625831685,0.7647058823529411,2.8088600635528564,-0.16879522800445557,
150,BOUNDARY_INDEPENDENT_DIAGNOSTIC,BACKWARD,91,90,SAR_BOUNDARY_FAR,SUPPORTED,,0.023651987314224243,-0.00999942421913147,-0.020726129412651062,0.2300010323524475,-0.8762954730736906,0.7058823529411765,2.938748359680176,-0.1726982295513153,
150,BOUNDARY_INDEPENDENT_DIAGNOSTIC,BACKWARD,90,89,SAR_BOUNDARY_FAR,SUPPORTED,,0.015510112047195435,0.060000717639923096,-0.014292299747467041,0.2900012135505676,-0.921482688453653,0.6470588235294118,2.7835967540740967,-0.3191277086734772,
150,BOUNDARY_INDEPENDENT_DIAGNOSTIC,BACKWARD,89,88,SAR_BOUNDARY_FAR,SUPPORTED,,0.015701577067375183,-0.029999464750289917,-0.002849265933036804,0.25000113248825073,-0.18146367850889472,0.5882352941176471,2.668271541595459,-0.4836430847644806,
150,BOUNDARY_INDEPENDENT_DIAGNOSTIC,BACKWARD,88,87,SAR_BOUNDARY_FAR,SUPPORTED,,0.018719375133514404,-0.00999942421913147,-0.016459867358207703,0.2900012135505676,-0.8792957692662844,0.6470588235294118,2.7645249366760254,-0.24834145605564117,
150,BOUNDARY_INDEPENDENT_DIAGNOSTIC,BACKWARD,87,86,SAR_BOUNDARY_FAR,SUPPORTED,,0.020465701818466187,0.05000069737434387,-0.015088886022567749,0.2700011134147644,-0.7372767450834772,0.7058823529411765,2.6432278156280518,-0.33161625266075134,
150,BOUNDARY_INDEPENDENT_DIAGNOSTIC,BACKWARD,86,85,SAR_BOUNDARY_FAR,SUPPORTED,,0.03201594948768616,0.010000616312026978,-0.01026347279548645,0.280001163482666,-0.3205737440157427,0.6470588235294118,2.8121209144592285,-0.2988411784172058,
150,BOUNDARY_INDEPENDENT_DIAGNOSTIC,BACKWARD,85,84,SAR_BOUNDARY_FAR,SUPPORTED,,0.023651957511901855,0.0200006365776062,-0.014468461275100708,0.2700011134147644,-0.6117236287026163,0.7647058823529411,2.863222360610962,-0.3030659556388855,
150,BOUNDARY_INDEPENDENT_DIAGNOSTIC,BACKWARD,84,83,SAR_BOUNDARY_FAR,SUPPORTED,,0.03621324896812439,-0.019999444484710693,-0.014391839504241943,0.2900012135505676,-0.3974191743168342,0.7058823529411765,2.6795589923858643,-0.43556976318359375,
150,BOUNDARY_INDEPENDENT_DIAGNOSTIC,BACKWARD,83,82,SAR_BOUNDARY_FAR,SUPPORTED,,0.012737423181533813,0.11000081896781921,-0.04316788911819458,-0.25999993085861206,-3.389059820260788,0.5294117647058824,2.6056597232818604,-0.40771350264549255,
150,BOUNDARY_INDEPENDENT_DIAGNOSTIC,BACKWARD,82,81,SAR_BOUNDARY_FAR,SUPPORTED,,0.019607841968536377,-0.07999956607818604,0.0013633668422698975,0.21000105142593384,0.06953171310017783,0.7058823529411765,2.6271746158599854,-0.39634451270103455,
150,BOUNDARY_INDEPENDENT_DIAGNOSTIC,BACKWARD,81,80,SAR_BOUNDARY_FAR,SUPPORTED,,0.025298714637756348,0.04000067710876465,-0.026945456862449646,-0.2799999713897705,-1.0650919324666268,0.7058823529411765,2.5929160118103027,-0.3587777018547058,
150,BOUNDARY_INDEPENDENT_DIAGNOSTIC,BACKWARD,80,79,SAR_BOUNDARY_FAR,SUPPORTED,,0.030032187700271606,-0.00999942421913147,-0.007291615009307861,0.24000108242034912,-0.2427933350070903,0.7058823529411765,2.685429573059082,-0.38409319519996643,
150,BOUNDARY_INDEPENDENT_DIAGNOSTIC,BACKWARD,79,78,SAR_BOUNDARY_FAR,SUPPORTED,,0.022916674613952637,0.04000067710876465,-0.030101105570793152,-0.25999993085861206,-1.3135023330333595,0.7058823529411765,2.7809698581695557,-0.3599933385848999,
150,BOUNDARY_INDEPENDENT_DIAGNOSTIC,BACKWARD,78,77,SAR_BOUNDARY_FAR,SUPPORTED,,0.02711397409439087,-0.03999948501586914,-0.017172187566757202,0.2900012135505676,-0.6333334798866557,0.6470588235294118,2.7419612407684326,-0.28909072279930115,
150,BOUNDARY_INDEPENDENT_DIAGNOSTIC,BACKWARD,77,76,SAR_BOUNDARY_FAR,SUPPORTED,,0.017631739377975464,0.07000073790550232,-0.012852340936660767,0.2700011134147644,-0.728932107101989,0.7647058823529411,2.6941823959350586,-0.29712650179862976,
150,BOUNDARY_INDEPENDENT_DIAGNOSTIC,BACKWARD,76,75,SAR_BOUNDARY_FAR,SUPPORTED,,0.007797181606292725,-0.049999505281448364,-0.0020220577716827393,0.2300010323524475,-0.25933188090050835,0.5294117647058824,2.755225419998169,-0.3161695599555969,
150,BOUNDARY_INDEPENDENT_DIAGNOSTIC,BACKWARD,75,74,SAR_BOUNDARY_FAR,SUPPORTED,,0.01626068353652954,0.10000079870223999,-0.02124693989753723,0.280001163482666,-1.3066449420656943,0.7058823529411765,2.7467334270477295,-0.27783840894699097,
150,BOUNDARY_INDEPENDENT_DIAGNOSTIC,BACKWARD,74,73,SAR_BOUNDARY_FAR,SUPPORTED,,0.027297794818878174,-0.029999464750289917,-0.0005514621734619141,0.24000108242034912,-0.020201711424709758,0.6470588235294118,2.6482949256896973,-0.44741499423980713,
150,BOUNDARY_INDEPENDENT_DIAGNOSTIC,BACKWARD,73,72,SAR_BOUNDARY_FAR,SUPPORTED,,0.029442399740219116,-0.029999464750289917,-0.0051930248737335205,0.2900012135505676,-0.17637913076221529,0.5294117647058824,2.735344409942627,-0.36631157994270325,
150,BOUNDARY_INDEPENDENT_DIAGNOSTIC,BACKWARD,72,71,SAR_BOUNDARY_FAR,SUPPORTED,,0.030418962240219116,0.060000717639923096,-0.026999086141586304,-0.2699999511241913,-0.887574202182639,0.7058823529411765,2.6670477390289307,-0.3901240825653076,
150,BOUNDARY_INDEPENDENT_DIAGNOSTIC,BACKWARD,71,70,SAR_BOUNDARY_FAR,SUPPORTED,,0.00989583134651184,0.11000081896781921,-0.01760876178741455,-0.1099996268749237,-1.7794120747239113,0.5882352941176471,2.687777519226074,-0.4600793421268463,
150,BOUNDARY_INDEPENDENT_DIAGNOSTIC,BACKWARD,70,69,SAR_BOUNDARY_FAR,SUPPORTED,,0.03489583730697632,-0.11999964714050293,-0.011098325252532959,0.20000100135803223,-0.31804152325968693,0.6470588235294118,2.6195428371429443,-0.4081788957118988,
150,BOUNDARY_INDEPENDENT_DIAGNOSTIC,BACKWARD,69,68,SAR_BOUNDARY_FAR,SUPPORTED,,0.0117570161819458,0.09000077843666077,-0.02948838472366333,-0.2699999511241913,-2.508152091254753,0.5294117647058824,2.61323881149292,-0.3248503804206848,
150,BOUNDARY_INDEPENDENT_DIAGNOSTIC,BACKWARD,68,67,SAR_BOUNDARY_FAR,SUPPORTED,,0.010876268148422241,-0.05999952554702759,-0.010906845331192017,0.2900012135505676,-1.0028113671300216,0.5294117647058824,2.6687638759613037,-0.29405975341796875,
150,BOUNDARY_INDEPENDENT_DIAGNOSTIC,BACKWARD,67,66,SAR_BOUNDARY_FAR,SUPPORTED,,0.025643378496170044,0.010000616312026978,0.0008119046688079834,0.25000113248825073,0.031661376792813986,0.5882352941176471,2.681185483932495,-0.2702280580997467,
150,BOUNDARY_INDEPENDENT_DIAGNOSTIC,BACKWARD,66,65,SAR_BOUNDARY_FAR,PROPAGATION_AMBIGUOUS,BOUNDARY_RESPONSE_TOO_WEAK|BOUNDARY_SUPPORT_TOO_FRAGMENTED,-0.0027956366539001465,0.04000067710876465,-0.021323561668395996,-0.1499997079372406,,0.35294117647058826,2.563577651977539,-0.36864161491394043,
150,PAIR_SAFE_FROZEN,F150_FORWARD_PAIR_SAFE,150,151,SAR_BOUNDARY_NEAR,SUPPORTED,,0.04249386489391327,-0.029999464750289917,-0.013725489377975464,0.280001163482666,-0.32299931795428366,1.0,3.1641430854797363,-0.19356773793697357,2.10142460243153
150,PAIR_SAFE_FROZEN,F150_FORWARD_PAIR_SAFE,150,151,SAR_BOUNDARY_FAR,SUPPORTED,,0.013725519180297852,0.08000075817108154,-0.005775123834609985,0.280001163482666,-0.4207581337177995,0.6470588235294118,3.1641430854797363,-0.19356773793697357,2.10142460243153
150,PAIR_SAFE_FROZEN,F150_FORWARD_PAIR_SAFE,151,152,SAR_BOUNDARY_NEAR,SUPPORTED,,0.04932597279548645,5.960464477539062e-07,,,,1.0,3.1943531036376953,-0.15880028903484344,2.091424582165951
150,PAIR_SAFE_FROZEN,F150_FORWARD_PAIR_SAFE,151,152,SAR_BOUNDARY_FAR,SUPPORTED,,0.030958935618400574,-0.00999942421913147,-0.018091291189193726,0.2700011134147644,-0.5843641206592739,0.8235294117647058,3.1943531036376953,-0.15880028903484344,2.091424582165951
150,PAIR_SAFE_FROZEN,F150_FORWARD_PAIR_SAFE,152,153,SAR_BOUNDARY_NEAR,SUPPORTED,,0.050674036145210266,-0.00999942421913147,0.0010722875595092773,-0.28999999165534973,0.02116049245488472,1.0,3.211853265762329,-0.2097780406475067,2.131424663228268
150,PAIR_SAFE_FROZEN,F150_FORWARD_PAIR_SAFE,152,153,SAR_BOUNDARY_FAR,SUPPORTED,,0.024586409330368042,0.030000656843185425,-0.017019003629684448,0.2900012135505676,-0.6922118395166931,0.6470588235294118,3.211853265762329,-0.2097780406475067,2.131424663228268
150,PAIR_SAFE_FROZEN,F150_FORWARD_PAIR_SAFE,153,154,SAR_BOUNDARY_NEAR,SUPPORTED,,0.033930763602256775,5.960464477539062e-07,-0.01809893548488617,-0.2399998903274536,-0.5334078447819662,0.9411764705882353,3.1883280277252197,-0.2048845738172531,2.0814245619003717
150,PAIR_SAFE_FROZEN,F150_FORWARD_PAIR_SAFE,153,154,SAR_BOUNDARY_FAR,SUPPORTED,,0.02450980246067047,-0.049999505281448364,-0.01816023886203766,0.22000104188919067,-0.7409377897344702,0.6470588235294118,3.1883280277252197,-0.2048845738172531,2.0814245619003717
150,PAIR_SAFE_FROZEN,F150_FORWARD_PAIR_SAFE,154,155,SAR_BOUNDARY_NEAR,SUPPORTED,,0.0361749529838562,5.960464477539062e-07,-0.023965984582901,0.25000113248825073,-0.662502162576308,0.9411764705882353,3.2330875396728516,-0.2104317545890808,2.091424582165951
150,PAIR_SAFE_FROZEN,F150_FORWARD_PAIR_SAFE,154,155,SAR_BOUNDARY_FAR,SUPPORTED,,0.02538299560546875,0.010000616312026978,-0.01253063976764679,0.21000105142593384,-0.49366276393898406,0.5882352941176471,3.2330875396728516,-0.2104317545890808,2.091424582165951
150,PAIR_SAFE_FROZEN,F150_FORWARD_PAIR_SAFE,155,156,SAR_BOUNDARY_NEAR,SUPPORTED,,0.05572153627872467,-0.00999942421913147,-0.019148290157318115,-0.25999993085861206,-0.3436425381657904,0.9411764705882353,3.169243335723877,-0.1639341115951538,2.091424582165951
150,PAIR_SAFE_FROZEN,F150_FORWARD_PAIR_SAFE,155,156,SAR_BOUNDARY_FAR,SUPPORTED,,0.031188741326332092,-0.00999942421913147,-0.01468290388584137,0.25000113248825073,-0.47077577553425853,0.7647058823529411,3.169243335723877,-0.1639341115951538,2.091424582165951
150,PAIR_SAFE_FROZEN,F150_FORWARD_PAIR_SAFE,156,157,SAR_BOUNDARY_NEAR,SUPPORTED,,0.04692099988460541,-0.029999464750289917,-0.017417266964912415,0.2700011134147644,-0.3712040878870305,0.9411764705882353,3.1946473121643066,-0.1888807713985443,2.181424764556164
150,PAIR_SAFE_FROZEN,F150_FORWARD_PAIR_SAFE,156,157,SAR_BOUNDARY_FAR,SUPPORTED,,0.02463233470916748,0.060000717639923096,-0.041605398058891296,-0.16999974846839905,-1.6890562161534328,0.6470588235294118,3.1946473121643066,-0.1888807713985443,2.181424764556164
150,PAIR_SAFE_FROZEN,F150_FORWARD_PAIR_SAFE,157,158,SAR_BOUNDARY_NEAR,SUPPORTED,,0.0479932576417923,0.0200006365776062,-0.00189952552318573,-0.28999999165534973,-0.03957900789655154,0.7647058823529411,3.162724733352661,-0.20913702249526978,2.0614245213692133
150,PAIR_SAFE_FROZEN,F150_FORWARD_PAIR_SAFE,157,158,SAR_BOUNDARY_FAR,SUPPORTED,,0.02861519157886505,-0.09999960660934448,-0.013112753629684448,0.2300010323524475,-0.45824448155606345,0.7647058823529411,3.162724733352661,-0.20913702249526978,2.0614245213692133
150,PAIR_SAFE_FROZEN,F150_FORWARD_PAIR_SAFE,158,159,SAR_BOUNDARY_NEAR,SUPPORTED,,0.03703278303146362,-0.00999942421913147,-0.010998755693435669,0.2900012135505676,-0.29700051665279803,0.9411764705882353,3.233727216720581,-0.19639120995998383,2.131424663228268
150,PAIR_SAFE_FROZEN,F150_FORWARD_PAIR_SAFE,158,159,SAR_BOUNDARY_FAR,SUPPORTED,,0.017371341586112976,0.060000717639923096,-0.020756736397743225,0.280001163482666,-1.1948839008690386,0.7058823529411765,3.233727216720581,-0.19639120995998383,2.131424663228268
150,PAIR_SAFE_FROZEN,F150_FORWARD_PAIR_SAFE,159,160,SAR_BOUNDARY_NEAR,SUPPORTED,,0.03777572512626648,5.960464477539062e-07,-0.007720589637756348,-0.2799999713897705,-0.20437965418135717,0.8823529411764706,3.241393566131592,-0.19502101838588715,2.1614247240250055
150,PAIR_SAFE_FROZEN,F150_FORWARD_PAIR_SAFE,159,160,SAR_BOUNDARY_FAR,SUPPORTED,,0.014545038342475891,0.030000656843185425,-0.04134497046470642,-0.24999991059303284,-2.8425480559901075,0.5294117647058824,3.241393566131592,-0.19502101838588715,2.1614247240250055
150,PAIR_SAFE_FROZEN,F150_FORWARD_PAIR_SAFE,160,161,SAR_BOUNDARY_NEAR,SUPPORTED,,0.0315563827753067,5.960464477539062e-07,-0.008394613862037659,0.25000113248825073,-0.2660195220032176,0.8823529411764706,3.2899434566497803,-0.16983309388160706,2.141424683493847
150,PAIR_SAFE_FROZEN,F150_FORWARD_PAIR_SAFE,160,161,SAR_BOUNDARY_FAR,SUPPORTED,,0.0052696168422698975,-0.019999444484710693,-0.015724554657936096,0.280001163482666,-2.984003415922497,0.5294117647058824,3.2899434566497803,-0.16983309388160706,2.141424683493847
150,PAIR_SAFE_FROZEN,F150_FORWARD_PAIR_SAFE,161,162,SAR_BOUNDARY_NEAR,SUPPORTED,,0.04178920388221741,-0.019999444484710693,-0.01576286554336548,-0.25999993085861206,-0.3771994696954029,1.0,3.235311269760132,-0.1693122237920761,2.0714245416347925
150,PAIR_SAFE_FROZEN,F150_FORWARD_PAIR_SAFE,161,162,SAR_BOUNDARY_FAR,SUPPORTED,,0.013357862830162048,-0.08999958634376526,-0.00019910931587219238,0.25000113248825073,-0.014905776350884787,0.7058823529411765,3.235311269760132,-0.1693122237920761,2.0714245416347925
150,PAIR_SAFE_FROZEN,F150_FORWARD_PAIR_SAFE,162,163,SAR_BOUNDARY_NEAR,SUPPORTED,,0.03544729948043823,-0.029999464750289917,-0.013097405433654785,-0.24999991059303284,-0.36948951332336766,0.8823529411764706,3.2588701248168945,-0.19649533927440643,2.10142460243153
150,PAIR_SAFE_FROZEN,F150_FORWARD_PAIR_SAFE,162,163,SAR_BOUNDARY_FAR,SUPPORTED,,0.004656866192817688,5.960464477539062e-07,-0.003952205181121826,0.24000108242034912,-0.8486834316213198,0.5882352941176471,3.2588701248168945,-0.19649533927440643,2.10142460243153
150,PAIR_SAFE_FROZEN,F150_FORWARD_PAIR_SAFE,163,164,SAR_BOUNDARY_NEAR,SUPPORTED,,0.04367341101169586,0.0200006365776062,-0.005193009972572327,-0.2399998903274536,-0.11890552746570732,1.0,3.2684590816497803,-0.11726381629705429,2.131424663228268
150,PAIR_SAFE_FROZEN,F150_FORWARD_PAIR_SAFE,163,164,SAR_BOUNDARY_FAR,SUPPORTED,,0.012928903102874756,0.05000069737434387,-0.014162063598632812,0.25000113248825073,-1.0953801328655532,0.6470588235294118,3.2684590816497803,-0.11726381629705429,2.131424663228268
150,PAIR_SAFE_FROZEN,F150_FORWARD_PAIR_SAFE,164,165,SAR_BOUNDARY_NEAR,PROPAGATION_AMBIGUOUS,SAR_BOUNDARY_FAR:BOUNDARY_RESPONSE_TOO_WEAK,0.03827360272407532,5.960464477539062e-07,-0.006847411394119263,0.2900012135505676,-0.1789068942237837,0.9411764705882353,3.272019147872925,-0.13991373777389526,2.131424663228268
150,PAIR_SAFE_FROZEN,F150_FORWARD_PAIR_SAFE,164,165,SAR_BOUNDARY_FAR,PROPAGATION_AMBIGUOUS,SAR_BOUNDARY_FAR:BOUNDARY_RESPONSE_TOO_WEAK,0.0022824853658676147,5.960464477539062e-07,-0.002305448055267334,0.190000981092453,-1.0100603884445896,0.5294117647058824,3.272019147872925,-0.13991373777389526,2.131424663228268
150,BOUNDARY_INDEPENDENT_DIAGNOSTIC,FORWARD,150,151,SAR_BOUNDARY_NEAR,SUPPORTED,,0.04249386489391327,-0.029999464750289917,-0.013725489377975464,0.280001163482666,-0.32299931795428366,1.0,3.1641430854797363,-0.19356773793697357,
150,BOUNDARY_INDEPENDENT_DIAGNOSTIC,FORWARD,151,152,SAR_BOUNDARY_NEAR,SUPPORTED,,0.04932597279548645,5.960464477539062e-07,,,,1.0,3.1943531036376953,-0.15880028903484344,
150,BOUNDARY_INDEPENDENT_DIAGNOSTIC,FORWARD,152,153,SAR_BOUNDARY_NEAR,SUPPORTED,,0.050674036145210266,-0.00999942421913147,0.0010722875595092773,-0.28999999165534973,0.02116049245488472,1.0,3.211853265762329,-0.2097780406475067,
150,BOUNDARY_INDEPENDENT_DIAGNOSTIC,FORWARD,153,154,SAR_BOUNDARY_NEAR,SUPPORTED,,0.033930763602256775,5.960464477539062e-07,-0.01809893548488617,-0.2399998903274536,-0.5334078447819662,0.9411764705882353,3.1883280277252197,-0.2048845738172531,
150,BOUNDARY_INDEPENDENT_DIAGNOSTIC,FORWARD,154,155,SAR_BOUNDARY_NEAR,SUPPORTED,,0.0361749529838562,5.960464477539062e-07,-0.023965984582901,0.25000113248825073,-0.662502162576308,0.9411764705882353,3.2330875396728516,-0.2104317545890808,
150,BOUNDARY_INDEPENDENT_DIAGNOSTIC,FORWARD,155,156,SAR_BOUNDARY_NEAR,SUPPORTED,,0.05572153627872467,-0.00999942421913147,-0.019148290157318115,-0.25999993085861206,-0.3436425381657904,0.9411764705882353,3.169243335723877,-0.1639341115951538,
150,BOUNDARY_INDEPENDENT_DIAGNOSTIC,FORWARD,156,157,SAR_BOUNDARY_NEAR,SUPPORTED,,0.04692099988460541,-0.029999464750289917,-0.017417266964912415,0.2700011134147644,-0.3712040878870305,0.9411764705882353,3.1946473121643066,-0.1888807713985443,
150,BOUNDARY_INDEPENDENT_DIAGNOSTIC,FORWARD,157,158,SAR_BOUNDARY_NEAR,SUPPORTED,,0.0479932576417923,0.0200006365776062,-0.00189952552318573,-0.28999999165534973,-0.03957900789655154,0.7647058823529411,3.162724733352661,-0.20913702249526978,
150,BOUNDARY_INDEPENDENT_DIAGNOSTIC,FORWARD,158,159,SAR_BOUNDARY_NEAR,SUPPORTED,,0.03703278303146362,-0.00999942421913147,-0.010998755693435669,0.2900012135505676,-0.29700051665279803,0.9411764705882353,3.233727216720581,-0.19639120995998383,
150,BOUNDARY_INDEPENDENT_DIAGNOSTIC,FORWARD,159,160,SAR_BOUNDARY_NEAR,SUPPORTED,,0.03777572512626648,5.960464477539062e-07,-0.007720589637756348,-0.2799999713897705,-0.20437965418135717,0.8823529411764706,3.241393566131592,-0.19502101838588715,
150,BOUNDARY_INDEPENDENT_DIAGNOSTIC,FORWARD,160,161,SAR_BOUNDARY_NEAR,SUPPORTED,,0.0315563827753067,5.960464477539062e-07,-0.008394613862037659,0.25000113248825073,-0.2660195220032176,0.8823529411764706,3.2899434566497803,-0.16983309388160706,
150,BOUNDARY_INDEPENDENT_DIAGNOSTIC,FORWARD,161,162,SAR_BOUNDARY_NEAR,SUPPORTED,,0.04178920388221741,-0.019999444484710693,-0.01576286554336548,-0.25999993085861206,-0.3771994696954029,1.0,3.235311269760132,-0.1693122237920761,
150,BOUNDARY_INDEPENDENT_DIAGNOSTIC,FORWARD,162,163,SAR_BOUNDARY_NEAR,SUPPORTED,,0.03544729948043823,-0.029999464750289917,-0.013097405433654785,-0.24999991059303284,-0.36948951332336766,0.8823529411764706,3.2588701248168945,-0.19649533927440643,
150,BOUNDARY_INDEPENDENT_DIAGNOSTIC,FORWARD,163,164,SAR_BOUNDARY_NEAR,SUPPORTED,,0.04367341101169586,0.0200006365776062,-0.005193009972572327,-0.2399998903274536,-0.11890552746570732,1.0,3.2684590816497803,-0.11726381629705429,
150,BOUNDARY_INDEPENDENT_DIAGNOSTIC,FORWARD,164,165,SAR_BOUNDARY_NEAR,SUPPORTED,,0.03827360272407532,5.960464477539062e-07,-0.006847411394119263,0.2900012135505676,-0.1789068942237837,0.9411764705882353,3.272019147872925,-0.13991373777389526,
150,BOUNDARY_INDEPENDENT_DIAGNOSTIC,FORWARD,165,166,SAR_BOUNDARY_NEAR,SUPPORTED,,0.04339766502380371,-0.029999464750289917,-0.0039905160665512085,-0.2799999713897705,-0.09195232195931284,1.0,3.263113498687744,-0.14683854579925537,
150,BOUNDARY_INDEPENDENT_DIAGNOSTIC,FORWARD,166,167,SAR_BOUNDARY_NEAR,SUPPORTED,,0.046461403369903564,0.010000616312026978,-0.02389708161354065,-0.2299998700618744,-0.5143426560597721,1.0,3.1718404293060303,-0.18081210553646088,
150,BOUNDARY_INDEPENDENT_DIAGNOSTIC,FORWARD,167,168,SAR_BOUNDARY_NEAR,SUPPORTED,,0.0416666716337204,-0.019999444484710693,-0.057291656732559204,0.190000981092453,-1.3749995976686957,0.9411764705882353,3.216728448867798,-0.15804928541183472,
150,BOUNDARY_INDEPENDENT_DIAGNOSTIC,FORWARD,168,169,SAR_BOUNDARY_NEAR,SUPPORTED,,0.03466606140136719,0.030000656843185425,0.000528484582901001,-0.28999999165534973,0.015245013755158184,0.8235294117647058,3.248532772064209,-0.12524054944515228,
150,BOUNDARY_INDEPENDENT_DIAGNOSTIC,FORWARD,169,170,SAR_BOUNDARY_NEAR,SUPPORTED,,0.0366421639919281,-0.019999444484710693,-0.012806355953216553,0.26000112295150757,-0.349497806844532,0.9411764705882353,3.2799627780914307,-0.14552730321884155,
150,BOUNDARY_INDEPENDENT_DIAGNOSTIC,FORWARD,170,171,SAR_BOUNDARY_NEAR,SUPPORTED,,0.03618258237838745,0.0200006365776062,,,,0.8823529411764706,3.294729471206665,-0.12851226329803467,
150,BOUNDARY_INDEPENDENT_DIAGNOSTIC,FORWARD,171,172,SAR_BOUNDARY_NEAR,SUPPORTED,,0.04163601994514465,-0.029999464750289917,-0.0022211968898773193,0.26000112295150757,-0.05334796392171347,0.8823529411764706,3.3201260566711426,-0.17663076519966125,
150,BOUNDARY_INDEPENDENT_DIAGNOSTIC,FORWARD,172,173,SAR_BOUNDARY_NEAR,SUPPORTED,,0.03581494092941284,-0.019999444484710693,-0.00827208161354065,-0.24999991059303284,-0.23096733929685875,0.8235294117647058,3.2922003269195557,-0.18949507176876068,
150,BOUNDARY_INDEPENDENT_DIAGNOSTIC,FORWARD,173,174,SAR_BOUNDARY_NEAR,SUPPORTED,,0.03711703419685364,5.960464477539062e-07,-0.0004672110080718994,-0.2699999511241913,-0.01258750916342083,1.0,3.251570701599121,-0.16414831578731537,
150,BOUNDARY_INDEPENDENT_DIAGNOSTIC,FORWARD,174,175,SAR_BOUNDARY_NEAR,SUPPORTED,,0.045680150389671326,5.960464477539062e-07,-0.015533089637756348,-0.2299998700618744,-0.3400402473558518,0.8823529411764706,3.3372802734375,-0.17146266996860504,
150,BOUNDARY_INDEPENDENT_DIAGNOSTIC,FORWARD,175,176,SAR_BOUNDARY_NEAR,SUPPORTED,,0.02302388846874237,-0.00999942421913147,-0.016927078366279602,-0.20999982953071594,-0.735196332681167,0.8235294117647058,3.236722230911255,-0.10462863743305206,
150,BOUNDARY_INDEPENDENT_DIAGNOSTIC,FORWARD,176,177,SAR_BOUNDARY_NEAR,SUPPORTED,,0.0339154452085495,0.030000656843185425,-0.007383614778518677,-0.2799999713897705,-0.21770655620517682,0.7647058823529411,3.2594475746154785,-0.12538447976112366,
150,BOUNDARY_INDEPENDENT_DIAGNOSTIC,FORWARD,177,178,SAR_BOUNDARY_NEAR,SUPPORTED,,0.03837317228317261,-0.019999444484710693,-0.013786762952804565,0.26000112295150757,-0.35928129295816214,0.9411764705882353,3.336590528488159,-0.1602877527475357,
150,BOUNDARY_INDEPENDENT_DIAGNOSTIC,FORWARD,178,179,SAR_BOUNDARY_NEAR,SUPPORTED,,0.031234681606292725,-0.019999444484710693,-0.007475495338439941,-0.2699999511241913,-0.23933316922090486,0.9411764705882353,3.3239188194274902,-0.15598765015602112,
150,BOUNDARY_INDEPENDENT_DIAGNOSTIC,FORWARD,179,180,SAR_BOUNDARY_NEAR,SUPPORTED,,0.03733149170875549,-0.00999942421913147,-0.0024663209915161133,-0.28999999165534973,-0.06606542837230578,1.0,3.235919237136841,-0.19818882644176483,
150,BOUNDARY_INDEPENDENT_DIAGNOSTIC,FORWARD,180,181,SAR_BOUNDARY_NEAR,SUPPORTED,,0.03017769753932953,-0.00999942421913147,,,,1.0,3.232046127319336,-0.057184893637895584,
150,BOUNDARY_INDEPENDENT_DIAGNOSTIC,FORWARD,181,182,SAR_BOUNDARY_NEAR,SUPPORTED,,0.033310338854789734,0.010000616312026978,-0.03775276243686676,-0.16999974846839905,-1.1333647070191315,0.9411764705882353,3.2528369426727295,-0.07956013083457947,
150,BOUNDARY_INDEPENDENT_DIAGNOSTIC,FORWARD,182,183,SAR_BOUNDARY_NEAR,SUPPORTED,,0.03226105868816376,0.0200006365776062,-0.02360600233078003,-0.1899997889995575,-0.7317181546630651,0.8823529411764706,3.3431196212768555,-0.09410566836595535,
150,BOUNDARY_INDEPENDENT_DIAGNOSTIC,FORWARD,183,184,SAR_BOUNDARY_NEAR,SUPPORTED,,0.042340680956840515,-0.029999464750289917,-0.018190860748291016,0.26000112295150757,-0.4296308027457957,0.8235294117647058,3.2401342391967773,-0.1475583016872406,
150,BOUNDARY_INDEPENDENT_DIAGNOSTIC,FORWARD,184,185,SAR_BOUNDARY_NEAR,SUPPORTED,,0.04209558665752411,0.0200006365776062,,,,1.0,3.2945022583007812,-0.16660428047180176,
150,BOUNDARY_INDEPENDENT_DIAGNOSTIC,FORWARD,185,186,SAR_BOUNDARY_NEAR,SUPPORTED,,0.0498468279838562,-0.019999444484710693,-0.014943346381187439,-0.2699999511241913,-0.29978530200611986,0.9411764705882353,3.262136697769165,-0.16833727061748505,
150,BOUNDARY_INDEPENDENT_DIAGNOSTIC,FORWARD,186,187,SAR_BOUNDARY_NEAR,SUPPORTED,,0.05176931619644165,-0.049999505281448364,-0.01925550401210785,0.2700011134147644,-0.37194820072650236,1.0,3.185572385787964,-0.13837981224060059,
150,BOUNDARY_INDEPENDENT_DIAGNOSTIC,FORWARD,187,188,SAR_BOUNDARY_NEAR,SUPPORTED,,0.06182599067687988,0.04000067710876465,-0.03792890906333923,-0.1899997889995575,-0.6134783874562794,0.9411764705882353,3.291785955429077,-0.18047849833965302,
150,BOUNDARY_INDEPENDENT_DIAGNOSTIC,FORWARD,188,189,SAR_BOUNDARY_NEAR,SUPPORTED,,0.042156875133514404,-0.019999444484710693,-0.009512871503829956,-0.2699999511241913,-0.2256540949418543,1.0,3.3517041206359863,-0.11577542871236801,
150,BOUNDARY_INDEPENDENT_DIAGNOSTIC,FORWARD,189,190,SAR_BOUNDARY_NEAR,SUPPORTED,,0.04093903303146362,0.010000616312026978,-0.01311272382736206,0.2700011134147644,-0.32029881646897473,1.0,3.3324625492095947,-0.11731155216693878,
150,BOUNDARY_INDEPENDENT_DIAGNOSTIC,FORWARD,190,191,SAR_BOUNDARY_NEAR,SUPPORTED,,0.057444870471954346,0.0200006365776062,-0.04767155647277832,-0.17999976873397827,-0.8298662018230585,0.9411764705882353,3.2746453285217285,-0.14445482194423676,
150,BOUNDARY_INDEPENDENT_DIAGNOSTIC,FORWARD,191,192,SAR_BOUNDARY_NEAR,SUPPORTED,,0.05618871748447418,-0.029999464750289917,-0.013342514634132385,0.2700011134147644,-0.23745896385371548,1.0,3.3071117401123047,-0.17132306098937988,
150,BOUNDARY_INDEPENDENT_DIAGNOSTIC,FORWARD,192,193,SAR_BOUNDARY_NEAR,SUPPORTED,,0.05078127980232239,5.960464477539062e-07,-0.07455575466156006,0.18000096082687378,-1.4681739993908225,1.0,3.3458220958709717,-0.1316174864768982,
150,BOUNDARY_INDEPENDENT_DIAGNOSTIC,FORWARD,193,194,SAR_BOUNDARY_NEAR,SUPPORTED,,0.05928310751914978,5.960464477539062e-07,0.002627134323120117,-0.28999999165534973,0.04431505757810509,1.0,3.3102164268493652,-0.17266060411930084,
150,BOUNDARY_INDEPENDENT_DIAGNOSTIC,FORWARD,194,195,SAR_BOUNDARY_NEAR,SUPPORTED,,0.043504923582077026,5.960464477539062e-07,-0.012446373701095581,0.280001163482666,-0.28609115190408435,0.9411764705882353,3.3806982040405273,-0.18617475032806396,
150,BOUNDARY_INDEPENDENT_DIAGNOSTIC,FORWARD,195,196,SAR_BOUNDARY_NEAR,SUPPORTED,,0.04313726723194122,5.960464477539062e-07,-0.004358157515525818,0.2900012135505676,-0.1010299862551051,0.9411764705882353,3.3919475078582764,-0.1416275054216385,
150,BOUNDARY_INDEPENDENT_DIAGNOSTIC,FORWARD,196,197,SAR_BOUNDARY_NEAR,SUPPORTED,,0.045036762952804565,-0.029999464750289917,-0.009443894028663635,-0.25999993085861206,-0.20969300210497338,0.9411764705882353,3.284621477127075,-0.12876299023628235,
150,BOUNDARY_INDEPENDENT_DIAGNOSTIC,FORWARD,197,198,SAR_BOUNDARY_NEAR,SUPPORTED,,0.04264706373214722,0.0200006365776062,0.00951288640499115,-0.28999999165534973,0.22306075899477149,1.0,3.2999320030212402,-0.13052937388420105,
150,BOUNDARY_INDEPENDENT_DIAGNOSTIC,FORWARD,198,199,SAR_BOUNDARY_NEAR,SUPPORTED,,0.04912686347961426,-0.019999444484710693,-0.011680439114570618,0.2700011134147644,-0.23776073388885383,1.0,3.3417301177978516,-0.17273031175136566,
150,BOUNDARY_INDEPENDENT_DIAGNOSTIC,FORWARD,199,200,SAR_BOUNDARY_NEAR,SUPPORTED,,0.051715701818466187,0.010000616312026978,-0.008057594299316406,-0.25999993085861206,-0.15580556805746126,1.0,3.365966558456421,-0.11387225240468979,
150,BOUNDARY_INDEPENDENT_DIAGNOSTIC,FORWARD,200,201,SAR_BOUNDARY_NEAR,SUPPORTED,,0.04856002330780029,5.960464477539062e-07,-0.01280638575553894,0.280001163482666,-0.2637228090762021,1.0,3.403669595718384,-0.142923042178154,
150,BOUNDARY_INDEPENDENT_DIAGNOSTIC,FORWARD,201,202,SAR_BOUNDARY_NEAR,SUPPORTED,,0.05854782462120056,-0.029999464750289917,-0.018137246370315552,0.280001163482666,-0.30978514552269004,1.0,3.3411476612091064,-0.16470497846603394,
150,BOUNDARY_INDEPENDENT_DIAGNOSTIC,FORWARD,202,203,SAR_BOUNDARY_NEAR,SUPPORTED,,0.05465690791606903,5.960464477539062e-07,0.0054457783699035645,-0.28999999165534973,0.09963568334795089,1.0,3.338536262512207,-0.12960048019886017,
150,BOUNDARY_INDEPENDENT_DIAGNOSTIC,FORWARD,203,204,SAR_BOUNDARY_NEAR,SUPPORTED,,0.05864737927913666,0.010000616312026978,0.002221211791038513,-0.2799999713897705,0.03787401616816477,1.0,3.3419933319091797,-0.14260417222976685,
150,BOUNDARY_INDEPENDENT_DIAGNOSTIC,FORWARD,204,205,SAR_BOUNDARY_NEAR,SUPPORTED,,0.05790442228317261,-0.00999942421913147,-0.020787373185157776,0.2900012135505676,-0.35899457011245783,1.0,3.286322832107544,-0.08169930428266525,
150,BOUNDARY_INDEPENDENT_DIAGNOSTIC,FORWARD,205,206,SAR_BOUNDARY_NEAR,SUPPORTED,,0.08180150389671326,-0.00999942421913147,-0.0040441155433654785,-0.28999999165534973,-0.049438156399566745,0.8235294117647058,3.3927512168884277,-0.07797950506210327,
150,BOUNDARY_INDEPENDENT_DIAGNOSTIC,FORWARD,206,207,SAR_BOUNDARY_NEAR,SUPPORTED,,0.06317397952079773,0.0200006365776062,,,,1.0,3.3193063735961914,-0.09688576310873032,
150,BOUNDARY_INDEPENDENT_DIAGNOSTIC,FORWARD,207,208,SAR_BOUNDARY_NEAR,SUPPORTED,,0.07600337266921997,5.960464477539062e-07,-0.018497273325920105,0.2700011134147644,-0.2433743750612685,1.0,3.3512463569641113,-0.1477534919977188,
150,BOUNDARY_INDEPENDENT_DIAGNOSTIC,FORWARD,208,209,SAR_BOUNDARY_NEAR,SUPPORTED,,0.05179230868816376,-0.019999444484710693,-0.050214484333992004,-0.21999984979629517,-0.9695355469926689,0.9411764705882353,3.3658230304718018,-0.1400453746318817,
150,BOUNDARY_INDEPENDENT_DIAGNOSTIC,FORWARD,209,210,SAR_BOUNDARY_NEAR,SUPPORTED,,0.06359529495239258,-0.00999942421913147,,,,0.9411764705882353,3.3561248779296875,-0.12403517961502075,
150,BOUNDARY_INDEPENDENT_DIAGNOSTIC,FORWARD,210,211,SAR_BOUNDARY_NEAR,SUPPORTED,,0.03659619390964508,-0.00999942421913147,-0.056985288858413696,0.17000094056129456,-1.5571370344989615,1.0,3.352847099304199,-0.1529773473739624,
150,BOUNDARY_INDEPENDENT_DIAGNOSTIC,FORWARD,211,212,SAR_BOUNDARY_NEAR,SUPPORTED,,0.03710171580314636,0.0200006365776062,-0.01521138846874237,-0.1899997889995575,-0.4099915095423266,0.9411764705882353,3.36651349067688,-0.0015646434621885419,
150,BOUNDARY_INDEPENDENT_DIAGNOSTIC,FORWARD,212,213,SAR_BOUNDARY_NEAR,SUPPORTED,,0.04338237643241882,-0.00999942421913147,-0.020251214504241943,0.26000112295150757,-0.46680740359600487,0.8823529411764706,3.29156494140625,-0.08254213631153107,
150,BOUNDARY_INDEPENDENT_DIAGNOSTIC,FORWARD,213,214,SAR_BOUNDARY_NEAR,SUPPORTED,,0.06789219379425049,-0.00999942421913147,-0.033992037177085876,-0.2299998700618744,-0.5006766651273614,1.0,3.3753409385681152,-0.08061816543340683,
150,BOUNDARY_INDEPENDENT_DIAGNOSTIC,FORWARD,214,215,SAR_BOUNDARY_NEAR,SUPPORTED,,0.04820774495601654,0.030000656843185425,,,,0.9411764705882353,3.2831058502197266,-0.08069150149822235,
150,BOUNDARY_INDEPENDENT_DIAGNOSTIC,FORWARD,215,216,SAR_BOUNDARY_NEAR,SUPPORTED,,0.0617646723985672,-0.029999464750289917,-0.010539218783378601,0.2700011134147644,-0.1706350632829243,1.0,3.3518307209014893,-0.12657029926776886,
150,BOUNDARY_INDEPENDENT_DIAGNOSTIC,FORWARD,216,217,SAR_BOUNDARY_NEAR,SUPPORTED,,0.05401349067687988,0.010000616312026978,-0.01576286554336548,0.280001163482666,-0.2918320098521733,0.9411764705882353,3.3470351696014404,-0.07243173569440842,
150,BOUNDARY_INDEPENDENT_DIAGNOSTIC,FORWARD,217,218,SAR_BOUNDARY_NEAR,SUPPORTED,,0.05793507397174835,5.960464477539062e-07,-0.012346833944320679,0.26000112295150757,-0.21311501130285135,1.0,3.306525230407715,-0.07720897346735,
150,BOUNDARY_INDEPENDENT_DIAGNOSTIC,FORWARD,218,219,SAR_BOUNDARY_NEAR,SUPPORTED,,0.046744778752326965,5.960464477539062e-07,-0.012775734066963196,-0.28999999165534973,-0.2733082583330703,1.0,3.4074957370758057,-0.14861567318439484,
150,BOUNDARY_INDEPENDENT_DIAGNOSTIC,FORWARD,219,220,SAR_BOUNDARY_NEAR,SUPPORTED,,0.04803924262523651,-0.029999464750289917,-0.018926158547401428,0.26000112295150757,-0.39397287536458636,1.0,3.33091402053833,-0.10936346650123596,
150,BOUNDARY_INDEPENDENT_DIAGNOSTIC,FORWARD,220,221,SAR_BOUNDARY_NEAR,SUPPORTED,,0.051011040806770325,0.0200006365776062,,,,1.0,3.3454477787017822,-0.1295483410358429,
150,BOUNDARY_INDEPENDENT_DIAGNOSTIC,FORWARD,221,222,SAR_BOUNDARY_NEAR,SUPPORTED,,0.0504748672246933,5.960464477539062e-07,-0.016207098960876465,0.2700011134147644,-0.32109245357157934,1.0,3.337445020675659,-0.08488178998231888,
150,BOUNDARY_INDEPENDENT_DIAGNOSTIC,FORWARD,222,223,SAR_BOUNDARY_NEAR,SUPPORTED,,0.040916040539741516,0.010000616312026978,-0.010447323322296143,-0.28999999165534973,-0.25533563816246385,0.9411764705882353,3.3844821453094482,-0.06460344791412354,
150,BOUNDARY_INDEPENDENT_DIAGNOSTIC,FORWARD,223,224,SAR_BOUNDARY_NEAR,SUPPORTED,,0.03278183937072754,-0.029999464750289917,-0.014215677976608276,-0.28999999165534973,-0.43364491588907395,0.9411764705882353,3.4270238876342773,-0.1131216511130333,
150,BOUNDARY_INDEPENDENT_DIAGNOSTIC,FORWARD,224,225,SAR_BOUNDARY_NEAR,SUPPORTED,,0.03719364106655121,0.010000616312026978,-0.004549652338027954,-0.25999993085861206,-0.12232339205207644,1.0,3.29306697845459,-0.028490720316767693,
150,BOUNDARY_INDEPENDENT_DIAGNOSTIC,FORWARD,225,226,SAR_BOUNDARY_NEAR,SUPPORTED,,0.035837918519973755,0.010000616312026978,-0.006878063082695007,-0.2799999713897705,-0.19192138848302856,0.9411764705882353,3.350428819656372,-0.04762547090649605,
150,BOUNDARY_INDEPENDENT_DIAGNOSTIC,FORWARD,226,227,SAR_BOUNDARY_NEAR,SUPPORTED,,0.03251379728317261,5.960464477539062e-07,-0.017080262303352356,-0.2299998700618744,-0.5253235158783555,0.9411764705882353,3.3335072994232178,0.0036786722484976053,
150,BOUNDARY_INDEPENDENT_DIAGNOSTIC,FORWARD,227,228,SAR_BOUNDARY_NEAR,SUPPORTED,,0.05689339339733124,5.960464477539062e-07,-0.008425265550613403,0.2900012135505676,-0.14808864522763054,1.0,3.372631788253784,-0.050584468990564346,
150,BOUNDARY_INDEPENDENT_DIAGNOSTIC,FORWARD,228,229,SAR_BOUNDARY_NEAR,SUPPORTED,,0.029733464121818542,5.960464477539062e-07,-0.014353558421134949,0.2300010323524475,-0.4827408727865734,0.9411764705882353,3.3690924644470215,-0.05145573616027832,
150,BOUNDARY_INDEPENDENT_DIAGNOSTIC,FORWARD,229,230,SAR_BOUNDARY_NEAR,SUPPORTED,,0.016888797283172607,0.030000656843185425,-0.010539203882217407,-0.28999999165534973,-0.6240351935965441,0.7058823529411765,3.42233943939209,-0.09190696477890015,
150,BOUNDARY_INDEPENDENT_DIAGNOSTIC,FORWARD,230,231,SAR_BOUNDARY_NEAR,SUPPORTED,,0.03834253549575806,-0.049999505281448364,-0.00390625,0.2900012135505676,-0.10187771751380811,0.9411764705882353,3.4090986251831055,-0.018546534702181816,
150,BOUNDARY_INDEPENDENT_DIAGNOSTIC,FORWARD,231,232,SAR_BOUNDARY_NEAR,SUPPORTED,,0.033884793519973755,0.0200006365776062,-0.007015913724899292,-0.2699999511241913,-0.2070519839751624,0.9411764705882353,3.401381254196167,-0.10631038248538971,
150,BOUNDARY_INDEPENDENT_DIAGNOSTIC,FORWARD,232,233,SAR_BOUNDARY_NEAR,SUPPORTED,,0.03221507370471954,-0.03999948501586914,-0.01629902422428131,-0.25999993085861206,-0.5059440302287276,0.8235294117647058,3.295888662338257,-0.06482458859682083,
150,BOUNDARY_INDEPENDENT_DIAGNOSTIC,FORWARD,233,234,SAR_BOUNDARY_NEAR,SUPPORTED,,0.04613970220088959,0.04000067710876465,-0.007873788475990295,-0.24999991059303284,-0.1706510467212874,1.0,3.2796363830566406,-0.01887519843876362,
150,BOUNDARY_INDEPENDENT_DIAGNOSTIC,FORWARD,234,235,SAR_BOUNDARY_NEAR,SUPPORTED,,0.03646598756313324,-0.019999444484710693,-0.016099900007247925,0.2700011134147644,-0.4415045658471284,0.8823529411764706,3.372838258743286,-0.056378673762083054,
150,BOUNDARY_INDEPENDENT_DIAGNOSTIC,FORWARD,235,236,SAR_BOUNDARY_NEAR,SUPPORTED,,0.03523284196853638,-0.00999942421913147,0.00012256205081939697,-0.2799999713897705,0.00347863084473422,0.9411764705882353,3.4589455127716064,-0.03813055157661438,
150,BOUNDARY_INDEPENDENT_DIAGNOSTIC,FORWARD,236,237,SAR_BOUNDARY_NEAR,SUPPORTED,,0.031127452850341797,5.960464477539062e-07,-0.005254298448562622,-0.28999999165534973,-0.16879949907320885,1.0,3.326414108276367,-0.0839194506406784,
150,BOUNDARY_INDEPENDENT_DIAGNOSTIC,FORWARD,237,238,SAR_BOUNDARY_NEAR,SUPPORTED,,0.041911765933036804,5.960464477539062e-07,-0.01600797474384308,0.26000112295150757,-0.38194464937171374,0.8823529411764706,3.337693214416504,-0.016652828082442284,
150,BOUNDARY_INDEPENDENT_DIAGNOSTIC,FORWARD,238,239,SAR_BOUNDARY_NEAR,SUPPORTED,,0.028798997402191162,-0.03999948501586914,-0.011703431606292725,-0.25999993085861206,-0.4063833001839944,0.9411764705882353,3.424652099609375,-0.16110897064208984,
150,BOUNDARY_INDEPENDENT_DIAGNOSTIC,FORWARD,239,240,SAR_BOUNDARY_NEAR,SUPPORTED,,0.041268378496170044,0.04000067710876465,-0.003033086657524109,-0.24999991059303284,-0.07349662787951791,0.8823529411764706,3.2587578296661377,-0.056556690484285355,
150,BOUNDARY_INDEPENDENT_DIAGNOSTIC,FORWARD,240,241,SAR_BOUNDARY_NEAR,SUPPORTED,,0.03718595206737518,-0.00999942421913147,-0.014292269945144653,-0.2299998700618744,-0.3843459465351129,0.9411764705882353,3.3176465034484863,-0.09380267560482025,
150,BOUNDARY_INDEPENDENT_DIAGNOSTIC,FORWARD,241,242,SAR_BOUNDARY_NEAR,SUPPORTED,,0.0389399528503418,0.0200006365776062,-0.0015931427478790283,-0.2799999713897705,-0.040912806289261965,0.8823529411764706,3.359771490097046,-0.07017160207033157,
150,BOUNDARY_INDEPENDENT_DIAGNOSTIC,FORWARD,242,243,SAR_BOUNDARY_NEAR,SUPPORTED,,0.03083641827106476,-0.029999464750289917,-0.031862735748291016,0.20000100135803223,-1.0332826422382946,0.9411764705882353,3.4398715496063232,-0.039439909160137177,
150,BOUNDARY_INDEPENDENT_DIAGNOSTIC,FORWARD,243,244,SAR_BOUNDARY_NEAR,SUPPORTED,,0.03725491464138031,0.030000656843185425,-0.0029871314764022827,-0.28999999165534973,-0.08018087023300742,0.8235294117647058,3.413383722305298,0.05713585764169693,
150,BOUNDARY_INDEPENDENT_DIAGNOSTIC,FORWARD,244,245,SAR_BOUNDARY_NEAR,SUPPORTED,,0.0311887264251709,-0.03999948501586914,-0.014751836657524109,-0.25999993085861206,-0.47298618277720444,0.9411764705882353,3.411144971847534,0.012028254568576813,
150,BOUNDARY_INDEPENDENT_DIAGNOSTIC,FORWARD,245,246,SAR_BOUNDARY_NEAR,SUPPORTED,,0.038005515933036804,0.04000067710876465,0.003400743007659912,-0.2799999713897705,0.0894802484368794,1.0,3.4004132747650146,-0.013522403314709663,
150,BOUNDARY_INDEPENDENT_DIAGNOSTIC,FORWARD,246,247,SAR_BOUNDARY_NEAR,SUPPORTED,,0.04644608497619629,-0.019999444484710693,-0.011458322405815125,-0.2399998903274536,-0.2467015769291973,0.9411764705882353,3.139277458190918,-0.07472478598356247,
150,BOUNDARY_INDEPENDENT_DIAGNOSTIC,FORWARD,247,248,SAR_BOUNDARY_NEAR,SUPPORTED,,0.046522676944732666,5.960464477539062e-07,-0.04679840803146362,-0.1899997889995575,-1.005926810425344,0.8235294117647058,3.2325141429901123,-0.00246770610101521,
150,BOUNDARY_INDEPENDENT_DIAGNOSTIC,FORWARD,248,249,SAR_BOUNDARY_NEAR,SUPPORTED,,0.04698219895362854,-0.00999942421913147,-0.005874693393707275,-0.28999999165534973,-0.12504083513642267,0.9411764705882353,3.359560489654541,-0.03570718690752983,
150,BOUNDARY_INDEPENDENT_DIAGNOSTIC,FORWARD,249,250,SAR_BOUNDARY_NEAR,SUPPORTED,,0.041130512952804565,0.030000656843185425,-0.009803906083106995,-0.28999999165534973,-0.2383608999565977,0.8823529411764706,3.3580915927886963,-0.025229917839169502,
150,BOUNDARY_INDEPENDENT_DIAGNOSTIC,FORWARD,250,251,SAR_BOUNDARY_NEAR,SUPPORTED,,0.04937957227230072,-0.00999942421913147,-0.012622550129890442,0.280001163482666,-0.2556229134647854,0.9411764705882353,3.2430851459503174,-0.04451834410429001,
150,BOUNDARY_INDEPENDENT_DIAGNOSTIC,FORWARD,251,252,SAR_BOUNDARY_NEAR,SUPPORTED,,0.034413307905197144,5.960464477539062e-07,-0.011121317744255066,-0.25999993085861206,-0.3231691000148088,0.9411764705882353,3.4145126342773438,0.010120299644768238,
150,BOUNDARY_INDEPENDENT_DIAGNOSTIC,FORWARD,252,253,SAR_BOUNDARY_NEAR,SUPPORTED,,0.03380821645259857,-0.00999942421913147,,,,0.8235294117647058,3.434725522994995,-0.029802070930600166,
150,BOUNDARY_INDEPENDENT_DIAGNOSTIC,FORWARD,253,254,SAR_BOUNDARY_NEAR,SUPPORTED,,0.04630820453166962,0.010000616312026978,-0.028507962822914124,0.2300010323524475,-0.6156136501344568,0.9411764705882353,3.3311173915863037,0.006492289714515209,
150,BOUNDARY_INDEPENDENT_DIAGNOSTIC,FORWARD,254,255,SAR_BOUNDARY_NEAR,SUPPORTED,,0.03987440466880798,0.010000616312026978,-0.012178301811218262,0.2900012135505676,-0.3054165174971206,0.8823529411764706,3.4155919551849365,-0.010805630125105381,
150,BOUNDARY_INDEPENDENT_DIAGNOSTIC,FORWARD,255,256,SAR_BOUNDARY_NEAR,SUPPORTED,,0.05467219650745392,0.010000616312026978,-0.012224256992340088,0.280001163482666,-0.22359183960486118,0.9411764705882353,3.41288161277771,0.02473543956875801,
150,BOUNDARY_INDEPENDENT_DIAGNOSTIC,FORWARD,256,257,SAR_BOUNDARY_NEAR,SUPPORTED,,0.046017155051231384,-0.019999444484710693,-0.008930742740631104,0.26000112295150757,-0.1940742040808132,0.9411764705882353,3.3396146297454834,-0.08994075655937195,
150,BOUNDARY_INDEPENDENT_DIAGNOSTIC,FORWARD,257,258,SAR_BOUNDARY_NEAR,SUPPORTED,,0.05986519157886505,5.960464477539062e-07,-0.050873175263404846,0.21000105142593384,-0.8497955810662641,0.8823529411764706,3.374603509902954,0.009882723912596703,
150,BOUNDARY_INDEPENDENT_DIAGNOSTIC,FORWARD,258,259,SAR_BOUNDARY_NEAR,SUPPORTED,,0.04718136787414551,0.0200006365776062,-0.006066188216209412,-0.2699999511241913,-0.12857169025685597,0.8823529411764706,3.3675053119659424,0.04898912459611893,
150,BOUNDARY_INDEPENDENT_DIAGNOSTIC,FORWARD,259,260,SAR_BOUNDARY_NEAR,SUPPORTED,,0.04665286839008331,-0.03999948501586914,-0.007506132125854492,-0.28999999165534973,-0.16089326090504696,1.0,3.271677255630493,-0.04554662108421326,
150,BOUNDARY_INDEPENDENT_DIAGNOSTIC,FORWARD,260,261,SAR_BOUNDARY_NEAR,SUPPORTED,,0.048667266964912415,0.04000067710876465,-0.036397069692611694,-0.17999976873397827,-0.7478757687143773,0.9411764705882353,3.363478422164917,-0.0011898470111191273,
150,BOUNDARY_INDEPENDENT_DIAGNOSTIC,FORWARD,261,262,SAR_BOUNDARY_NEAR,SUPPORTED,,0.04673713445663452,-0.029999464750289917,-0.021415457129478455,-0.25999993085861206,-0.45821074352234803,0.9411764705882353,3.425725221633911,0.01761237531900406,
150,BOUNDARY_INDEPENDENT_DIAGNOSTIC,FORWARD,262,263,SAR_BOUNDARY_NEAR,SUPPORTED,,0.04672178626060486,5.960464477539062e-07,-0.05516238510608673,0.190000981092453,-1.1806565955848067,1.0,3.3899121284484863,0.045094747096300125,
150,BOUNDARY_INDEPENDENT_DIAGNOSTIC,FORWARD,263,264,SAR_BOUNDARY_NEAR,SUPPORTED,,0.040042877197265625,0.010000616312026978,,,,1.0,3.413010597229004,0.010510200634598732,
150,BOUNDARY_INDEPENDENT_DIAGNOSTIC,FORWARD,264,265,SAR_BOUNDARY_NEAR,SUPPORTED,,0.04996936023235321,0.0200006365776062,-0.018275126814842224,0.280001163482666,-0.36572665188956716,1.0,3.3895938396453857,-0.03708164021372795,
150,BOUNDARY_INDEPENDENT_DIAGNOSTIC,FORWARD,265,266,SAR_BOUNDARY_NEAR,SUPPORTED,,0.04534316062927246,-0.019999444484710693,-0.014828428626060486,-0.25999993085861206,-0.327026797873627,0.9411764705882353,3.374127149581909,-0.051388826221227646,
150,BOUNDARY_INDEPENDENT_DIAGNOSTIC,FORWARD,266,267,SAR_BOUNDARY_NEAR,SUPPORTED,,0.043137237429618835,5.960464477539062e-07,-0.00660233199596405,-0.28999999165534973,-0.153054121899581,0.8823529411764706,3.406799793243408,0.0048013110645115376,
150,BOUNDARY_INDEPENDENT_DIAGNOSTIC,FORWARD,267,268,SAR_BOUNDARY_NEAR,SUPPORTED,,0.04973192512989044,0.010000616312026978,-0.006479784846305847,-0.2799999713897705,-0.1302942693125566,0.9411764705882353,3.291834592819214,0.04475526511669159,
150,BOUNDARY_INDEPENDENT_DIAGNOSTIC,FORWARD,268,269,SAR_BOUNDARY_NEAR,SUPPORTED,,0.0516543984413147,0.010000616312026978,-0.007230386137962341,-0.25999993085861206,-0.13997619478962448,0.9411764705882353,3.3890910148620605,0.032095156610012054,
150,BOUNDARY_INDEPENDENT_DIAGNOSTIC,FORWARD,269,270,SAR_BOUNDARY_NEAR,SUPPORTED,,0.03884802758693695,5.960464477539062e-07,,,,0.9411764705882353,3.434288263320923,0.06435936689376831,
150,BOUNDARY_INDEPENDENT_DIAGNOSTIC,FORWARD,270,271,SAR_BOUNDARY_NEAR,SUPPORTED,,0.039859071373939514,-0.00999942421913147,-0.014154404401779175,0.2900012135505676,-0.3551112435357324,0.9411764705882353,3.4278676509857178,-0.0038430180866271257,
150,BOUNDARY_INDEPENDENT_DIAGNOSTIC,FORWARD,271,272,SAR_BOUNDARY_NEAR,SUPPORTED,,0.062285542488098145,0.010000616312026978,-0.029580265283584595,-0.21999984979629517,-0.4749138259370054,1.0,3.4174253940582275,0.004256404470652342,
150,BOUNDARY_INDEPENDENT_DIAGNOSTIC,FORWARD,272,273,SAR_BOUNDARY_NEAR,SUPPORTED,,0.046430766582489014,0.0200006365776062,-0.021323546767234802,0.2700011134147644,-0.4592546782390796,0.9411764705882353,3.40218186378479,0.03375372663140297,
150,BOUNDARY_INDEPENDENT_DIAGNOSTIC,FORWARD,273,274,SAR_BOUNDARY_NEAR,SUPPORTED,,0.05526962876319885,-0.019999444484710693,-0.013664230704307556,0.2700011134147644,-0.24722855951957923,0.9411764705882353,3.4289941787719727,0.0010626567527651787,
150,BOUNDARY_INDEPENDENT_DIAGNOSTIC,FORWARD,274,275,SAR_BOUNDARY_NEAR,SUPPORTED,,0.0375153124332428,-0.00999942421913147,,,,1.0,3.387573719024658,0.025827081874012947,
150,BOUNDARY_INDEPENDENT_DIAGNOSTIC,FORWARD,275,276,SAR_BOUNDARY_NEAR,SUPPORTED,,0.05897673964500427,0.04000067710876465,0.0014705806970596313,-0.2799999713897705,0.024934926988358867,0.9411764705882353,3.3898239135742188,0.06435471773147583,
150,BOUNDARY_INDEPENDENT_DIAGNOSTIC,FORWARD,276,277,SAR_BOUNDARY_NEAR,SUPPORTED,,0.0309666246175766,-0.049999505281448364,-0.01213999092578888,0.280001163482666,-0.39203468494587695,0.9411764705882353,3.388350009918213,0.028554899618029594,
150,BOUNDARY_INDEPENDENT_DIAGNOSTIC,FORWARD,277,278,SAR_BOUNDARY_NEAR,SUPPORTED,,0.04851412773132324,0.04000067710876465,-0.010569855570793152,-0.2399998903274536,-0.21787170181292786,0.8823529411764706,3.3571012020111084,-0.06962589174509048,
150,BOUNDARY_INDEPENDENT_DIAGNOSTIC,FORWARD,278,279,SAR_BOUNDARY_NEAR,SUPPORTED,,0.049984678626060486,5.960464477539062e-07,-0.0357842892408371,-0.20999982953071594,-0.7159051578293085,1.0,3.3921241760253906,-0.023045893758535385,
150,BOUNDARY_INDEPENDENT_DIAGNOSTIC,FORWARD,279,280,SAR_BOUNDARY_NEAR,SUPPORTED,,0.0350337028503418,-0.029999464750289917,,,,0.7647058823529411,3.351917028427124,0.007710361387580633,
150,BOUNDARY_INDEPENDENT_DIAGNOSTIC,FORWARD,280,281,SAR_BOUNDARY_NEAR,SUPPORTED,,0.052167609333992004,0.030000656843185425,-0.007138475775718689,-0.2699999511241913,-0.1368373185364144,1.0,3.367656707763672,0.023570194840431213,
150,BOUNDARY_INDEPENDENT_DIAGNOSTIC,FORWARD,281,282,SAR_BOUNDARY_NEAR,SUPPORTED,,0.03714767098426819,0.010000616312026978,-0.0030637383460998535,-0.28999999165534973,-0.08247457417713558,0.8823529411764706,3.3516006469726562,-0.015025845728814602,
150,BOUNDARY_INDEPENDENT_DIAGNOSTIC,FORWARD,282,283,SAR_BOUNDARY_NEAR,PROPAGATION_AMBIGUOUS,P0_UNAVAILABLE,,,,,,0.0,,,
150,BOUNDARY_INDEPENDENT_DIAGNOSTIC,FORWARD,150,151,SAR_BOUNDARY_FAR,SUPPORTED,,0.013725519180297852,0.08000075817108154,-0.005775123834609985,0.280001163482666,-0.4207581337177995,0.6470588235294118,3.1641430854797363,-0.19356773793697357,
150,BOUNDARY_INDEPENDENT_DIAGNOSTIC,FORWARD,151,152,SAR_BOUNDARY_FAR,SUPPORTED,,0.030958935618400574,-0.00999942421913147,-0.018091291189193726,0.2700011134147644,-0.5843641206592739,0.8235294117647058,3.1943531036376953,-0.15880028903484344,
150,BOUNDARY_INDEPENDENT_DIAGNOSTIC,FORWARD,152,153,SAR_BOUNDARY_FAR,SUPPORTED,,0.024586409330368042,0.030000656843185425,-0.017019003629684448,0.2900012135505676,-0.6922118395166931,0.6470588235294118,3.211853265762329,-0.2097780406475067,
150,BOUNDARY_INDEPENDENT_DIAGNOSTIC,FORWARD,153,154,SAR_BOUNDARY_FAR,SUPPORTED,,0.02450980246067047,-0.049999505281448364,-0.01816023886203766,0.22000104188919067,-0.7409377897344702,0.6470588235294118,3.1883280277252197,-0.2048845738172531,
150,BOUNDARY_INDEPENDENT_DIAGNOSTIC,FORWARD,154,155,SAR_BOUNDARY_FAR,SUPPORTED,,0.02538299560546875,0.010000616312026978,-0.01253063976764679,0.21000105142593384,-0.49366276393898406,0.5882352941176471,3.2330875396728516,-0.2104317545890808,
150,BOUNDARY_INDEPENDENT_DIAGNOSTIC,FORWARD,155,156,SAR_BOUNDARY_FAR,SUPPORTED,,0.031188741326332092,-0.00999942421913147,-0.01468290388584137,0.25000113248825073,-0.47077577553425853,0.7647058823529411,3.169243335723877,-0.1639341115951538,
150,BOUNDARY_INDEPENDENT_DIAGNOSTIC,FORWARD,156,157,SAR_BOUNDARY_FAR,SUPPORTED,,0.02463233470916748,0.060000717639923096,-0.041605398058891296,-0.16999974846839905,-1.6890562161534328,0.6470588235294118,3.1946473121643066,-0.1888807713985443,
150,BOUNDARY_INDEPENDENT_DIAGNOSTIC,FORWARD,157,158,SAR_BOUNDARY_FAR,SUPPORTED,,0.02861519157886505,-0.09999960660934448,-0.013112753629684448,0.2300010323524475,-0.45824448155606345,0.7647058823529411,3.162724733352661,-0.20913702249526978,
150,BOUNDARY_INDEPENDENT_DIAGNOSTIC,FORWARD,158,159,SAR_BOUNDARY_FAR,SUPPORTED,,0.017371341586112976,0.060000717639923096,-0.020756736397743225,0.280001163482666,-1.1948839008690386,0.7058823529411765,3.233727216720581,-0.19639120995998383,
150,BOUNDARY_INDEPENDENT_DIAGNOSTIC,FORWARD,159,160,SAR_BOUNDARY_FAR,SUPPORTED,,0.014545038342475891,0.030000656843185425,-0.04134497046470642,-0.24999991059303284,-2.8425480559901075,0.5294117647058824,3.241393566131592,-0.19502101838588715,
150,BOUNDARY_INDEPENDENT_DIAGNOSTIC,FORWARD,160,161,SAR_BOUNDARY_FAR,SUPPORTED,,0.0052696168422698975,-0.019999444484710693,-0.015724554657936096,0.280001163482666,-2.984003415922497,0.5294117647058824,3.2899434566497803,-0.16983309388160706,
150,BOUNDARY_INDEPENDENT_DIAGNOSTIC,FORWARD,161,162,SAR_BOUNDARY_FAR,SUPPORTED,,0.013357862830162048,-0.08999958634376526,-0.00019910931587219238,0.25000113248825073,-0.014905776350884787,0.7058823529411765,3.235311269760132,-0.1693122237920761,
150,BOUNDARY_INDEPENDENT_DIAGNOSTIC,FORWARD,162,163,SAR_BOUNDARY_FAR,SUPPORTED,,0.004656866192817688,5.960464477539062e-07,-0.003952205181121826,0.24000108242034912,-0.8486834316213198,0.5882352941176471,3.2588701248168945,-0.19649533927440643,
150,BOUNDARY_INDEPENDENT_DIAGNOSTIC,FORWARD,163,164,SAR_BOUNDARY_FAR,SUPPORTED,,0.012928903102874756,0.05000069737434387,-0.014162063598632812,0.25000113248825073,-1.0953801328655532,0.6470588235294118,3.2684590816497803,-0.11726381629705429,
150,BOUNDARY_INDEPENDENT_DIAGNOSTIC,FORWARD,164,165,SAR_BOUNDARY_FAR,PROPAGATION_AMBIGUOUS,BOUNDARY_RESPONSE_TOO_WEAK,0.0022824853658676147,5.960464477539062e-07,-0.002305448055267334,0.190000981092453,-1.0100603884445896,0.5294117647058824,3.272019147872925,-0.13991373777389526,
