seed_frame,path_kind,direction,source_frame,destination_frame,object_type,status,reasons,best_score,best_offset_m,second_score,second_offset_m,second_ratio,node_support_fraction,p0_dx_px,p0_dy_px,pair_separation_m
183,PAIR_SAFE_FROZEN,F183_BACKWARD_PAIR_SAFE,183,182,SAR_BOUNDARY_NEAR,SUPPORTED,,0.03478094935417175,0.0200006365776062,,,,0.9523809523809523,3.3431196212768555,-0.09410566836595535,2.128158141001684
183,PAIR_SAFE_FROZEN,F183_BACKWARD_PAIR_SAFE,183,182,SAR_BOUNDARY_FAR,SUPPORTED,,0.0270986407995224,0.1500009000301361,-0.015219047665596008,-0.1899997889995575,-0.5616166426274869,0.7619047619047619,3.3431196212768555,-0.09410566836595535,2.128158141001684
183,PAIR_SAFE_FROZEN,F183_BACKWARD_PAIR_SAFE,182,181,SAR_BOUNDARY_NEAR,SUPPORTED,,0.031158089637756348,0.0200006365776062,-0.02916666865348816,0.24000108242034912,-0.9360865506383598,0.9523809523809523,3.2528369426727295,-0.07956013083457947,2.088158059939367
183,PAIR_SAFE_FROZEN,F183_BACKWARD_PAIR_SAFE,182,181,SAR_BOUNDARY_FAR,SUPPORTED,,0.017164528369903564,-0.019999444484710693,-0.013419121503829956,0.20000100135803223,-0.7817937792779184,0.7142857142857143,3.2528369426727295,-0.07956013083457947,2.088158059939367
183,PAIR_SAFE_FROZEN,F183_BACKWARD_PAIR_SAFE,181,180,SAR_BOUNDARY_NEAR,SUPPORTED,,0.03466607630252838,5.960464477539062e-07,-0.006632953882217407,0.2700011134147644,-0.1913384665842217,1.0,3.232046127319336,-0.057184893637895584,2.088158059939367
183,PAIR_SAFE_FROZEN,F183_BACKWARD_PAIR_SAFE,181,180,SAR_BOUNDARY_FAR,SUPPORTED,,0.025137871503829956,5.960464477539062e-07,-0.011044725775718689,0.2900012135505676,-0.4393659890431032,0.7619047619047619,3.232046127319336,-0.057184893637895584,2.088158059939367
183,PAIR_SAFE_FROZEN,F183_BACKWARD_PAIR_SAFE,180,179,SAR_BOUNDARY_NEAR,SUPPORTED,,0.03305758535861969,5.960464477539062e-07,-0.01630668342113495,0.2700011134147644,-0.49328114090108577,0.9523809523809523,3.235919237136841,-0.19818882644176483,2.1081581004705257
183,PAIR_SAFE_FROZEN,F183_BACKWARD_PAIR_SAFE,180,179,SAR_BOUNDARY_FAR,SUPPORTED,,0.027450978755950928,0.0200006365776062,,,,0.9523809523809523,3.235919237136841,-0.19818882644176483,2.1081581004705257
183,PAIR_SAFE_FROZEN,F183_BACKWARD_PAIR_SAFE,179,178,SAR_BOUNDARY_NEAR,SUPPORTED,,0.03527112305164337,0.0200006365776062,-0.005330875515937805,-0.25999993085861206,-0.1511399426701676,0.9047619047619048,3.3239188194274902,-0.15598765015602112,2.088158059939367
183,PAIR_SAFE_FROZEN,F183_BACKWARD_PAIR_SAFE,179,178,SAR_BOUNDARY_FAR,SUPPORTED,,0.018949121236801147,5.960464477539062e-07,-0.04431678354740143,-0.1899997889995575,-2.338724999095666,0.6666666666666666,3.3239188194274902,-0.15598765015602112,2.088158059939367
183,PAIR_SAFE_FROZEN,F183_BACKWARD_PAIR_SAFE,178,177,SAR_BOUNDARY_NEAR,SUPPORTED,,0.03408394753932953,0.010000616312026978,-0.009267747402191162,0.25000113248825073,-0.27190944920617227,0.8095238095238095,3.336590528488159,-0.1602877527475357,2.088158059939367
183,PAIR_SAFE_FROZEN,F183_BACKWARD_PAIR_SAFE,178,177,SAR_BOUNDARY_FAR,SUPPORTED,,0.02380514144897461,0.010000616312026978,-0.014154404401779175,0.26000112295150757,-0.5945944254151393,0.8095238095238095,3.336590528488159,-0.1602877527475357,2.088158059939367
183,PAIR_SAFE_FROZEN,F183_BACKWARD_PAIR_SAFE,177,176,SAR_BOUNDARY_NEAR,SUPPORTED,,0.023598328232765198,5.960464477539062e-07,-0.011465996503829956,0.280001163482666,-0.4858817281772505,0.8095238095238095,3.2594475746154785,-0.12538447976112366,2.0681580194082088
183,PAIR_SAFE_FROZEN,F183_BACKWARD_PAIR_SAFE,177,176,SAR_BOUNDARY_FAR,SUPPORTED,,0.02726714313030243,-0.019999444484710693,-0.015586718916893005,0.2300010323524475,-0.5716300692891888,0.7142857142857143,3.2594475746154785,-0.12538447976112366,2.0681580194082088
183,PAIR_SAFE_FROZEN,F183_BACKWARD_PAIR_SAFE,176,175,SAR_BOUNDARY_NEAR,SUPPORTED,,0.03207719326019287,-0.00999942421913147,-0.015402883291244507,0.26000112295150757,-0.4801817654775664,0.9523809523809523,3.236722230911255,-0.10462863743305206,2.1381581612672633
183,PAIR_SAFE_FROZEN,F183_BACKWARD_PAIR_SAFE,176,175,SAR_BOUNDARY_FAR,SUPPORTED,,0.01781556010246277,0.060000717639923096,-0.015441164374351501,0.26000112295150757,-0.8667234869711989,0.6190476190476191,3.236722230911255,-0.10462863743305206,2.1381581612672633
183,PAIR_SAFE_FROZEN,F183_BACKWARD_PAIR_SAFE,175,174,SAR_BOUNDARY_NEAR,SUPPORTED,,0.03711703419685364,5.960464477539062e-07,-0.013909295201301575,0.280001163482666,-0.3747415574081791,0.9047619047619048,3.3372802734375,-0.17146266996860504,2.0981580802049464
183,PAIR_SAFE_FROZEN,F183_BACKWARD_PAIR_SAFE,175,174,SAR_BOUNDARY_FAR,SUPPORTED,,0.017087921500205994,-0.03999948501586914,-0.015134811401367188,0.22000104188919067,-0.8857023015458456,0.7142857142857143,3.3372802734375,-0.17146266996860504,2.0981580802049464
183,PAIR_SAFE_FROZEN,F183_BACKWARD_PAIR_SAFE,174,173,SAR_BOUNDARY_NEAR,SUPPORTED,,0.032613351941108704,0.010000616312026978,-0.021492034196853638,0.2700011134147644,-0.6589949489295889,0.9523809523809523,3.251570701599121,-0.16414831578731537,2.0981580802049464
183,PAIR_SAFE_FROZEN,F183_BACKWARD_PAIR_SAFE,174,173,SAR_BOUNDARY_FAR,SUPPORTED,,0.012745097279548645,0.010000616312026978,-0.01458333432674408,0.25000113248825073,-1.144230915376782,0.6666666666666666,3.251570701599121,-0.16414831578731537,2.0981580802049464
183,PAIR_SAFE_FROZEN,F183_BACKWARD_PAIR_SAFE,173,172,SAR_BOUNDARY_NEAR,SUPPORTED,,0.03471200168132782,0.010000616312026978,0.0032934993505477905,-0.2799999713897705,0.09488070958234081,0.9047619047619048,3.2922003269195557,-0.18949507176876068,2.0981580802049464
183,PAIR_SAFE_FROZEN,F183_BACKWARD_PAIR_SAFE,173,172,SAR_BOUNDARY_FAR,SUPPORTED,,0.018412992358207703,0.010000616312026978,-0.01909467577934265,0.2700011134147644,-1.0370218706375058,0.6190476190476191,3.2922003269195557,-0.18949507176876068,2.0981580802049464
183,PAIR_SAFE_FROZEN,F183_BACKWARD_PAIR_SAFE,172,171,SAR_BOUNDARY_NEAR,SUPPORTED,,0.023958340287208557,5.960464477539062e-07,-0.014047190546989441,0.280001163482666,-0.5863173483051864,0.9047619047619048,3.3201260566711426,-0.17663076519966125,2.128158141001684
183,PAIR_SAFE_FROZEN,F183_BACKWARD_PAIR_SAFE,172,171,SAR_BOUNDARY_FAR,SUPPORTED,,0.017647072672843933,0.030000656843185425,-0.006908699870109558,0.2700011134147644,-0.39149268539823945,0.7619047619047619,3.3201260566711426,-0.17663076519966125,2.128158141001684
183,PAIR_SAFE_FROZEN,F183_BACKWARD_PAIR_SAFE,171,170,SAR_BOUNDARY_NEAR,SUPPORTED,,0.03634345531463623,0.010000616312026978,-0.013832733035087585,0.280001163482666,-0.3806113897353307,0.9523809523809523,3.294729471206665,-0.12851226329803467,2.0481579788770503
183,PAIR_SAFE_FROZEN,F183_BACKWARD_PAIR_SAFE,171,170,SAR_BOUNDARY_FAR,SUPPORTED,,0.011213257908821106,-0.06999954581260681,-0.011933192610740662,0.22000104188919067,-1.0642038832758147,0.5238095238095238,3.294729471206665,-0.12851226329803467,2.0481579788770503
183,PAIR_SAFE_FROZEN,F183_BACKWARD_PAIR_SAFE,170,169,SAR_BOUNDARY_NEAR,SUPPORTED,,0.03236827254295349,0.0200006365776062,-0.0003982633352279663,-0.28999999165534973,-0.012304126971850633,0.8571428571428571,3.2799627780914307,-0.14552730321884155,2.078158039673788
183,PAIR_SAFE_FROZEN,F183_BACKWARD_PAIR_SAFE,170,169,SAR_BOUNDARY_FAR,SUPPORTED,,0.009359702467918396,0.05000069737434387,-0.002757355570793152,0.280001163482666,-0.29459863497203553,0.6190476190476191,3.2799627780914307,-0.14552730321884155,2.078158039673788
183,PAIR_SAFE_FROZEN,F183_BACKWARD_PAIR_SAFE,169,168,SAR_BOUNDARY_NEAR,SUPPORTED,,0.0381050705909729,-0.019999444484710693,-0.006755530834197998,0.2900012135505676,-0.17728692610789665,0.9047619047619048,3.248532772064209,-0.12524054944515228,2.0981580802049464
183,PAIR_SAFE_FROZEN,F183_BACKWARD_PAIR_SAFE,169,168,SAR_BOUNDARY_FAR,SUPPORTED,,0.014828413724899292,5.960464477539062e-07,-0.0026424527168273926,0.25000113248825073,-0.17820198207649746,0.7142857142857143,3.248532772064209,-0.12524054944515228,2.0981580802049464
183,PAIR_SAFE_FROZEN,F183_BACKWARD_PAIR_SAFE,168,167,SAR_BOUNDARY_NEAR,SUPPORTED,,0.04388788342475891,0.010000616312026978,-0.010148599743843079,-0.25999993085861206,-0.23123921574485973,1.0,3.216728448867798,-0.15804928541183472,2.038157958611471
183,PAIR_SAFE_FROZEN,F183_BACKWARD_PAIR_SAFE,168,167,SAR_BOUNDARY_FAR,SUPPORTED,,0.013541638851165771,-0.049999505281448364,-0.006395548582077026,0.280001163482666,-0.47228763463341417,0.5238095238095238,3.216728448867798,-0.15804928541183472,2.038157958611471
183,PAIR_SAFE_FROZEN,F183_BACKWARD_PAIR_SAFE,167,166,SAR_BOUNDARY_NEAR,SUPPORTED,,0.025735288858413696,-0.019999444484710693,,,,0.8571428571428571,3.1718404293060303,-0.18081210553646088,2.078158039673788
183,PAIR_SAFE_FROZEN,F183_BACKWARD_PAIR_SAFE,167,166,SAR_BOUNDARY_FAR,SUPPORTED,,0.008823543787002563,0.0200006365776062,-0.012967228889465332,0.24000108242034912,-1.4696168798489542,0.5238095238095238,3.1718404293060303,-0.18081210553646088,2.078158039673788
183,PAIR_SAFE_FROZEN,F183_BACKWARD_PAIR_SAFE,166,165,SAR_BOUNDARY_NEAR,PROPAGATION_AMBIGUOUS,SAR_BOUNDARY_FAR:BOUNDARY_RESPONSE_TOO_WEAK,0.03419117629528046,0.030000656843185425,-0.003982841968536377,-0.2699999511241913,-0.11648742161252125,1.0,3.263113498687744,-0.14683854579925537,2.088158059939367
183,PAIR_SAFE_FROZEN,F183_BACKWARD_PAIR_SAFE,166,165,SAR_BOUNDARY_FAR,PROPAGATION_AMBIGUOUS,SAR_BOUNDARY_FAR:BOUNDARY_RESPONSE_TOO_WEAK,0.003599897027015686,0.04000067710876465,-0.0040441155433654785,0.24000108242034912,-1.1233975619347227,0.5238095238095238,3.263113498687744,-0.14683854579925537,2.088158059939367
183,BOUNDARY_INDEPENDENT_DIAGNOSTIC,BACKWARD,183,182,SAR_BOUNDARY_NEAR,SUPPORTED,,0.03478094935417175,0.0200006365776062,,,,0.9523809523809523,3.3431196212768555,-0.09410566836595535,
183,BOUNDARY_INDEPENDENT_DIAGNOSTIC,BACKWARD,182,181,SAR_BOUNDARY_NEAR,SUPPORTED,,0.031158089637756348,0.0200006365776062,-0.02916666865348816,0.24000108242034912,-0.9360865506383598,0.9523809523809523,3.2528369426727295,-0.07956013083457947,
183,BOUNDARY_INDEPENDENT_DIAGNOSTIC,BACKWARD,181,180,SAR_BOUNDARY_NEAR,SUPPORTED,,0.03466607630252838,5.960464477539062e-07,-0.006632953882217407,0.2700011134147644,-0.1913384665842217,1.0,3.232046127319336,-0.057184893637895584,
183,BOUNDARY_INDEPENDENT_DIAGNOSTIC,BACKWARD,180,179,SAR_BOUNDARY_NEAR,SUPPORTED,,0.03305758535861969,5.960464477539062e-07,-0.01630668342113495,0.2700011134147644,-0.49328114090108577,0.9523809523809523,3.235919237136841,-0.19818882644176483,
183,BOUNDARY_INDEPENDENT_DIAGNOSTIC,BACKWARD,179,178,SAR_BOUNDARY_NEAR,SUPPORTED,,0.03527112305164337,0.0200006365776062,-0.005330875515937805,-0.25999993085861206,-0.1511399426701676,0.9047619047619048,3.3239188194274902,-0.15598765015602112,
183,BOUNDARY_INDEPENDENT_DIAGNOSTIC,BACKWARD,178,177,SAR_BOUNDARY_NEAR,SUPPORTED,,0.03408394753932953,0.010000616312026978,-0.009267747402191162,0.25000113248825073,-0.27190944920617227,0.8095238095238095,3.336590528488159,-0.1602877527475357,
183,BOUNDARY_INDEPENDENT_DIAGNOSTIC,BACKWARD,177,176,SAR_BOUNDARY_NEAR,SUPPORTED,,0.023598328232765198,5.960464477539062e-07,-0.011465996503829956,0.280001163482666,-0.4858817281772505,0.8095238095238095,3.2594475746154785,-0.12538447976112366,
183,BOUNDARY_INDEPENDENT_DIAGNOSTIC,BACKWARD,176,175,SAR_BOUNDARY_NEAR,SUPPORTED,,0.03207719326019287,-0.00999942421913147,-0.015402883291244507,0.26000112295150757,-0.4801817654775664,0.9523809523809523,3.236722230911255,-0.10462863743305206,
183,BOUNDARY_INDEPENDENT_DIAGNOSTIC,BACKWARD,175,174,SAR_BOUNDARY_NEAR,SUPPORTED,,0.03711703419685364,5.960464477539062e-07,-0.013909295201301575,0.280001163482666,-0.3747415574081791,0.9047619047619048,3.3372802734375,-0.17146266996860504,
183,BOUNDARY_INDEPENDENT_DIAGNOSTIC,BACKWARD,174,173,SAR_BOUNDARY_NEAR,SUPPORTED,,0.032613351941108704,0.010000616312026978,-0.021492034196853638,0.2700011134147644,-0.6589949489295889,0.9523809523809523,3.251570701599121,-0.16414831578731537,
183,BOUNDARY_INDEPENDENT_DIAGNOSTIC,BACKWARD,173,172,SAR_BOUNDARY_NEAR,SUPPORTED,,0.03471200168132782,0.010000616312026978,0.0032934993505477905,-0.2799999713897705,0.09488070958234081,0.9047619047619048,3.2922003269195557,-0.18949507176876068,
183,BOUNDARY_INDEPENDENT_DIAGNOSTIC,BACKWARD,172,171,SAR_BOUNDARY_NEAR,SUPPORTED,,0.023958340287208557,5.960464477539062e-07,-0.014047190546989441,0.280001163482666,-0.5863173483051864,0.9047619047619048,3.3201260566711426,-0.17663076519966125,
183,BOUNDARY_INDEPENDENT_DIAGNOSTIC,BACKWARD,171,170,SAR_BOUNDARY_NEAR,SUPPORTED,,0.03634345531463623,0.010000616312026978,-0.013832733035087585,0.280001163482666,-0.3806113897353307,0.9523809523809523,3.294729471206665,-0.12851226329803467,
183,BOUNDARY_INDEPENDENT_DIAGNOSTIC,BACKWARD,170,169,SAR_BOUNDARY_NEAR,SUPPORTED,,0.03236827254295349,0.0200006365776062,-0.0003982633352279663,-0.28999999165534973,-0.012304126971850633,0.8571428571428571,3.2799627780914307,-0.14552730321884155,
183,BOUNDARY_INDEPENDENT_DIAGNOSTIC,BACKWARD,169,168,SAR_BOUNDARY_NEAR,SUPPORTED,,0.0381050705909729,-0.019999444484710693,-0.006755530834197998,0.2900012135505676,-0.17728692610789665,0.9047619047619048,3.248532772064209,-0.12524054944515228,
183,BOUNDARY_INDEPENDENT_DIAGNOSTIC,BACKWARD,168,167,SAR_BOUNDARY_NEAR,SUPPORTED,,0.04388788342475891,0.010000616312026978,-0.010148599743843079,-0.25999993085861206,-0.23123921574485973,1.0,3.216728448867798,-0.15804928541183472,
183,BOUNDARY_INDEPENDENT_DIAGNOSTIC,BACKWARD,167,166,SAR_BOUNDARY_NEAR,SUPPORTED,,0.025735288858413696,-0.019999444484710693,,,,0.8571428571428571,3.1718404293060303,-0.18081210553646088,
183,BOUNDARY_INDEPENDENT_DIAGNOSTIC,BACKWARD,166,165,SAR_BOUNDARY_NEAR,SUPPORTED,,0.03419117629528046,0.030000656843185425,-0.003982841968536377,-0.2699999511241913,-0.11648742161252125,1.0,3.263113498687744,-0.14683854579925537,
183,BOUNDARY_INDEPENDENT_DIAGNOSTIC,BACKWARD,165,164,SAR_BOUNDARY_NEAR,SUPPORTED,,0.040579020977020264,5.960464477539062e-07,-0.009957090020179749,-0.2799999713897705,-0.24537531415108335,1.0,3.272019147872925,-0.13991373777389526,
183,BOUNDARY_INDEPENDENT_DIAGNOSTIC,BACKWARD,164,163,SAR_BOUNDARY_NEAR,SUPPORTED,,0.03350183367729187,0.010000616312026978,-0.008639723062515259,-0.2799999713897705,-0.2578880650455684,0.9047619047619048,3.2684590816497803,-0.11726381629705429,
183,BOUNDARY_INDEPENDENT_DIAGNOSTIC,BACKWARD,163,162,SAR_BOUNDARY_NEAR,SUPPORTED,,0.03628981113433838,0.0200006365776062,-0.021246954798698425,0.2900012135505676,-0.5854798946196221,1.0,3.2588701248168945,-0.19649533927440643,
183,BOUNDARY_INDEPENDENT_DIAGNOSTIC,BACKWARD,162,161,SAR_BOUNDARY_NEAR,SUPPORTED,,0.028844982385635376,-0.019999444484710693,-0.007996320724487305,0.26000112295150757,-0.2772170430746882,0.9047619047619048,3.235311269760132,-0.1693122237920761,
183,BOUNDARY_INDEPENDENT_DIAGNOSTIC,BACKWARD,161,160,SAR_BOUNDARY_NEAR,SUPPORTED,,0.032659322023391724,0.0200006365776062,-0.00766696035861969,-0.24999991059303284,-0.23475564964662618,0.9047619047619048,3.2899434566497803,-0.16983309388160706,
183,BOUNDARY_INDEPENDENT_DIAGNOSTIC,BACKWARD,160,159,SAR_BOUNDARY_NEAR,SUPPORTED,,0.03389245271682739,-0.019999444484710693,-0.006096825003623962,-0.2799999713897705,-0.17988739423974845,0.9523809523809523,3.241393566131592,-0.19502101838588715,
183,BOUNDARY_INDEPENDENT_DIAGNOSTIC,BACKWARD,159,158,SAR_BOUNDARY_NEAR,SUPPORTED,,0.04595586657524109,0.04000067710876465,-0.00381430983543396,-0.2699999511241913,-0.08299941051462915,0.8095238095238095,3.233727216720581,-0.19639120995998383,
183,BOUNDARY_INDEPENDENT_DIAGNOSTIC,BACKWARD,158,157,SAR_BOUNDARY_NEAR,SUPPORTED,,0.038572296500205994,-0.00999942421913147,,,,0.9047619047619048,3.162724733352661,-0.20913702249526978,
183,BOUNDARY_INDEPENDENT_DIAGNOSTIC,BACKWARD,157,156,SAR_BOUNDARY_NEAR,SUPPORTED,,0.05448836088180542,0.0200006365776062,-0.008823513984680176,-0.2399998903274536,-0.16193392206860263,0.9523809523809523,3.1946473121643066,-0.1888807713985443,
183,BOUNDARY_INDEPENDENT_DIAGNOSTIC,BACKWARD,156,155,SAR_BOUNDARY_NEAR,SUPPORTED,,0.03667280077934265,-0.00999942421913147,-0.0050244927406311035,-0.28999999165534973,-0.13700869946811753,0.9523809523809523,3.169243335723877,-0.1639341115951538,
183,BOUNDARY_INDEPENDENT_DIAGNOSTIC,BACKWARD,155,154,SAR_BOUNDARY_NEAR,SUPPORTED,,0.03259804844856262,0.0200006365776062,-0.012622550129890442,-0.2799999713897705,-0.3872179694992453,1.0,3.2330875396728516,-0.2104317545890808,
183,BOUNDARY_INDEPENDENT_DIAGNOSTIC,BACKWARD,154,153,SAR_BOUNDARY_NEAR,SUPPORTED,,0.04517461359500885,-0.00999942421913147,-0.0004442483186721802,-0.28999999165534973,-0.009834025868043357,0.9523809523809523,3.1883280277252197,-0.2048845738172531,
183,BOUNDARY_INDEPENDENT_DIAGNOSTIC,BACKWARD,153,152,SAR_BOUNDARY_NEAR,SUPPORTED,,0.037239596247673035,0.0200006365776062,-0.013863369822502136,-0.24999991059303284,-0.37227497662164927,1.0,3.211853265762329,-0.2097780406475067,
183,BOUNDARY_INDEPENDENT_DIAGNOSTIC,BACKWARD,152,151,SAR_BOUNDARY_NEAR,SUPPORTED,,0.03488051891326904,-0.00999942421913147,-0.006035536527633667,-0.2699999511241913,-0.17303459683730976,0.8571428571428571,3.1943531036376953,-0.15880028903484344,
183,BOUNDARY_INDEPENDENT_DIAGNOSTIC,BACKWARD,151,150,SAR_BOUNDARY_NEAR,SUPPORTED,,0.03868718445301056,0.030000656843185425,-0.0027573704719543457,-0.2799999713897705,-0.07127348528822114,0.9047619047619048,3.1641430854797363,-0.19356773793697357,
183,BOUNDARY_INDEPENDENT_DIAGNOSTIC,BACKWARD,150,149,SAR_BOUNDARY_NEAR,SUPPORTED,,0.05511641502380371,5.960464477539062e-07,,,,0.9523809523809523,3.1134369373321533,-0.2213289588689804,
183,BOUNDARY_INDEPENDENT_DIAGNOSTIC,BACKWARD,149,148,SAR_BOUNDARY_NEAR,SUPPORTED,,0.04338233172893524,0.010000616312026978,-0.0036152154207229614,-0.28999999165534973,-0.08333381993646223,1.0,3.161857843399048,-0.2512061297893524,
183,BOUNDARY_INDEPENDENT_DIAGNOSTIC,BACKWARD,148,147,SAR_BOUNDARY_NEAR,SUPPORTED,,0.0443321168422699,0.010000616312026978,-0.013419121503829956,0.2900012135505676,-0.302695257065529,1.0,3.160459041595459,-0.24330353736877441,
183,BOUNDARY_INDEPENDENT_DIAGNOSTIC,BACKWARD,147,146,SAR_BOUNDARY_NEAR,SUPPORTED,,0.03062191605567932,-0.00999942421913147,-0.008846506476402283,0.280001163482666,-0.28889460934831207,0.9523809523809523,3.1663882732391357,-0.21945394575595856,
183,BOUNDARY_INDEPENDENT_DIAGNOSTIC,BACKWARD,146,145,SAR_BOUNDARY_NEAR,SUPPORTED,,0.04085478186607361,0.030000656843185425,-0.003584563732147217,-0.2699999511241913,-0.08773914749802861,0.9047619047619048,3.15510630607605,-0.1874239593744278,
183,BOUNDARY_INDEPENDENT_DIAGNOSTIC,BACKWARD,145,144,SAR_BOUNDARY_NEAR,SUPPORTED,,0.032919734716415405,5.960464477539062e-07,-0.015632659196853638,0.2900012135505676,-0.474871967575681,0.9523809523809523,3.2363715171813965,-0.2219981551170349,
183,BOUNDARY_INDEPENDENT_DIAGNOSTIC,BACKWARD,144,143,SAR_BOUNDARY_NEAR,SUPPORTED,,0.0342831015586853,0.0200006365776062,-0.005392149090766907,-0.28999999165534973,-0.15728300082583563,0.9047619047619048,3.1352548599243164,-0.24749591946601868,
183,BOUNDARY_INDEPENDENT_DIAGNOSTIC,BACKWARD,143,142,SAR_BOUNDARY_NEAR,SUPPORTED,,0.05520835518836975,5.960464477539062e-07,-0.013235300779342651,0.2900012135505676,-0.23973365506333386,0.9523809523809523,3.098188877105713,-0.2566215991973877,
183,BOUNDARY_INDEPENDENT_DIAGNOSTIC,BACKWARD,142,141,SAR_BOUNDARY_NEAR,SUPPORTED,,0.03085172176361084,0.0200006365776062,-0.00536152720451355,-0.24999991059303284,-0.17378372739110443,0.9047619047619048,3.194286346435547,-0.25252988934516907,
183,BOUNDARY_INDEPENDENT_DIAGNOSTIC,BACKWARD,141,140,SAR_BOUNDARY_NEAR,SUPPORTED,,0.03307291865348816,-0.019999444484710693,-0.015234380960464478,0.26000112295150757,-0.46063007380988213,1.0,3.140730142593384,-0.28813767433166504,
183,BOUNDARY_INDEPENDENT_DIAGNOSTIC,BACKWARD,140,139,SAR_BOUNDARY_NEAR,SUPPORTED,,0.026294440031051636,0.030000656843185425,-0.01278337836265564,-0.21999984979629517,-0.48616279135663243,0.9047619047619048,3.098829746246338,-0.250765860080719,
183,BOUNDARY_INDEPENDENT_DIAGNOSTIC,BACKWARD,139,138,SAR_BOUNDARY_NEAR,SUPPORTED,,0.02775736153125763,-0.00999942421913147,-0.011979162693023682,-0.2699999511241913,-0.43156705220465275,0.9523809523809523,3.1609485149383545,-0.2952258288860321,
183,BOUNDARY_INDEPENDENT_DIAGNOSTIC,BACKWARD,138,137,SAR_BOUNDARY_NEAR,SUPPORTED,,0.03039214015007019,0.0200006365776062,-0.03318016231060028,0.24000108242034912,-1.0917349731464585,0.9523809523809523,3.1174681186676025,-0.1776021271944046,
183,BOUNDARY_INDEPENDENT_DIAGNOSTIC,BACKWARD,137,136,SAR_BOUNDARY_NEAR,SUPPORTED,,0.03784467279911041,5.960464477539062e-07,-0.014950975775718689,-0.21999984979629517,-0.39506156798031905,0.9523809523809523,3.2175960540771484,-0.17502325773239136,
183,BOUNDARY_INDEPENDENT_DIAGNOSTIC,BACKWARD,136,135,SAR_BOUNDARY_NEAR,SUPPORTED,,0.0390625,0.030000656843185425,-0.010171577334403992,-0.25999993085861206,-0.2603923797607422,0.8571428571428571,3.123258113861084,-0.24345171451568604,
183,BOUNDARY_INDEPENDENT_DIAGNOSTIC,BACKWARD,135,134,SAR_BOUNDARY_NEAR,SUPPORTED,,0.045848652720451355,-0.00999942421913147,,,,1.0,3.171806573867798,-0.31438201665878296,
183,BOUNDARY_INDEPENDENT_DIAGNOSTIC,BACKWARD,134,133,SAR_BOUNDARY_NEAR,SUPPORTED,,0.03779105842113495,5.960464477539062e-07,-0.014460772275924683,-0.25999993085861206,-0.38265062901327423,1.0,3.1620922088623047,-0.2098766267299652,
183,BOUNDARY_INDEPENDENT_DIAGNOSTIC,BACKWARD,133,132,SAR_BOUNDARY_NEAR,SUPPORTED,,0.04024969041347504,5.960464477539062e-07,-0.01893383264541626,0.2700011134147644,-0.470409398206886,0.9523809523809523,3.079392194747925,-0.24713191390037537,
183,BOUNDARY_INDEPENDENT_DIAGNOSTIC,BACKWARD,132,131,SAR_BOUNDARY_NEAR,SUPPORTED,,0.028431370854377747,0.04000067710876465,-0.003278180956840515,-0.2799999713897705,-0.11530154397517396,0.7619047619047619,3.0989019870758057,-0.23734374344348907,
183,BOUNDARY_INDEPENDENT_DIAGNOSTIC,BACKWARD,131,130,SAR_BOUNDARY_NEAR,SUPPORTED,,0.038878679275512695,-0.019999444484710693,-0.0043198466300964355,-0.2699999511241913,-0.11111094076740521,0.9523809523809523,3.105590581893921,-0.2284649759531021,
183,BOUNDARY_INDEPENDENT_DIAGNOSTIC,BACKWARD,130,129,SAR_BOUNDARY_NEAR,SUPPORTED,,0.031249985098838806,0.030000656843185425,,,,0.9047619047619048,3.0783793926239014,-0.2639271020889282,
183,BOUNDARY_INDEPENDENT_DIAGNOSTIC,BACKWARD,129,128,SAR_BOUNDARY_NEAR,SUPPORTED,,0.03486517071723938,-0.00999942421913147,-0.014062494039535522,-0.24999991059303284,-0.4033393139986033,0.9047619047619048,3.0448408126831055,-0.22742338478565216,
183,BOUNDARY_INDEPENDENT_DIAGNOSTIC,BACKWARD,128,127,SAR_BOUNDARY_NEAR,SUPPORTED,,0.026171863079071045,-0.00999942421913147,-0.004633888602256775,-0.24999991059303284,-0.1770561227627075,0.9047619047619048,3.1172447204589844,-0.1118805855512619,
183,BOUNDARY_INDEPENDENT_DIAGNOSTIC,BACKWARD,127,126,SAR_BOUNDARY_NEAR,SUPPORTED,,0.0261642187833786,0.010000616312026978,-0.022319242358207703,0.2700011134147644,-0.8530444781476333,0.8095238095238095,3.0709593296051025,-0.17985691130161285,
183,BOUNDARY_INDEPENDENT_DIAGNOSTIC,BACKWARD,126,125,SAR_BOUNDARY_NEAR,SUPPORTED,,0.02397364377975464,0.04000067710876465,0.0024356693029403687,-0.2799999713897705,0.10159779319809752,0.8095238095238095,3.0704538822174072,-0.35512083768844604,
183,BOUNDARY_INDEPENDENT_DIAGNOSTIC,BACKWARD,125,124,SAR_BOUNDARY_NEAR,SUPPORTED,,0.03161764144897461,0.010000616312026978,-0.010723039507865906,0.280001163482666,-0.33914735623689807,0.9523809523809523,3.118366241455078,-0.26825806498527527,
183,BOUNDARY_INDEPENDENT_DIAGNOSTIC,BACKWARD,124,123,SAR_BOUNDARY_NEAR,SUPPORTED,,0.016482844948768616,5.960464477539062e-07,-0.0088081955909729,-0.2799999713897705,-0.5343856366027961,0.9047619047619048,3.031865358352661,-0.18882985413074493,
183,BOUNDARY_INDEPENDENT_DIAGNOSTIC,BACKWARD,123,122,SAR_BOUNDARY_NEAR,SUPPORTED,,0.02175244688987732,0.0200006365776062,0.00041362643241882324,-0.2699999511241913,0.01901516801823834,0.6666666666666666,3.050957679748535,-0.2350044548511505,
183,BOUNDARY_INDEPENDENT_DIAGNOSTIC,BACKWARD,122,121,SAR_BOUNDARY_NEAR,SUPPORTED,,0.024517476558685303,-0.03999948501586914,-0.00885416567325592,0.2700011134147644,-0.3611369078731448,0.8571428571428571,3.0582566261291504,-0.20088085532188416,
183,BOUNDARY_INDEPENDENT_DIAGNOSTIC,BACKWARD,121,120,SAR_BOUNDARY_NEAR,SUPPORTED,,0.0339154452085495,0.0200006365776062,-0.012208953499794006,-0.20999982953071594,-0.3599821091753305,0.9047619047619048,3.0544300079345703,-0.28236621618270874,
183,BOUNDARY_INDEPENDENT_DIAGNOSTIC,BACKWARD,120,119,SAR_BOUNDARY_NEAR,SUPPORTED,,0.03734682500362396,0.030000656843185425,-0.007015913724899292,-0.25999993085861206,-0.18785837147384016,0.9523809523809523,3.05649995803833,-0.25357818603515625,
183,BOUNDARY_INDEPENDENT_DIAGNOSTIC,BACKWARD,119,118,SAR_BOUNDARY_NEAR,SUPPORTED,,0.0288296639919281,0.010000616312026978,-0.003921568393707275,-0.2799999713897705,-0.13602546303714325,0.9523809523809523,2.973007917404175,-0.3095424175262451,
183,BOUNDARY_INDEPENDENT_DIAGNOSTIC,BACKWARD,118,117,SAR_BOUNDARY_NEAR,SUPPORTED,,0.024532794952392578,5.960464477539062e-07,-0.003431379795074463,-0.2799999713897705,-0.13986909366557174,0.9047619047619048,3.071399211883545,-0.2363242655992508,
183,BOUNDARY_INDEPENDENT_DIAGNOSTIC,BACKWARD,117,116,SAR_BOUNDARY_NEAR,SUPPORTED,,0.03046874701976776,0.0200006365776062,-0.014905020594596863,-0.21999984979629517,-0.48919046736403904,0.9047619047619048,3.0489614009857178,-0.1983797401189804,
183,BOUNDARY_INDEPENDENT_DIAGNOSTIC,BACKWARD,116,115,SAR_BOUNDARY_NEAR,SUPPORTED,,0.026501238346099854,-0.029999464750289917,-0.010860905051231384,-0.24999991059303284,-0.4098263224303164,0.9047619047619048,3.091339349746704,-0.22691741585731506,
183,BOUNDARY_INDEPENDENT_DIAGNOSTIC,BACKWARD,115,114,SAR_BOUNDARY_NEAR,SUPPORTED,,0.029718145728111267,0.04000067710876465,-0.0008884668350219727,-0.2799999713897705,-0.029896442501846466,0.8095238095238095,3.0293023586273193,-0.26883426308631897,
183,BOUNDARY_INDEPENDENT_DIAGNOSTIC,BACKWARD,114,113,SAR_BOUNDARY_NEAR,SUPPORTED,,0.021966904401779175,5.960464477539062e-07,-0.009436279535293579,-0.2699999511241913,-0.42956801571591957,0.8571428571428571,2.9157252311706543,-0.3093433678150177,
183,BOUNDARY_INDEPENDENT_DIAGNOSTIC,BACKWARD,113,112,SAR_BOUNDARY_NEAR,SUPPORTED,,0.024800851941108704,0.0200006365776062,-0.0005591213703155518,-0.2699999511241913,-0.022544442087845337,0.9047619047619048,2.945871591567993,-0.3128241002559662,
183,BOUNDARY_INDEPENDENT_DIAGNOSTIC,BACKWARD,112,111,SAR_BOUNDARY_NEAR,SUPPORTED,,0.021890312433242798,5.960464477539062e-07,-0.005928307771682739,-0.28999999165534973,-0.27081878295532985,0.8571428571428571,2.9730002880096436,-0.2620479464530945,
183,BOUNDARY_INDEPENDENT_DIAGNOSTIC,BACKWARD,111,110,SAR_BOUNDARY_NEAR,SUPPORTED,,0.028676465153694153,-0.00999942421913147,-0.005928322672843933,-0.2799999713897705,-0.20673129135932697,0.7619047619047619,2.9095709323883057,-0.4755436182022095,
183,BOUNDARY_INDEPENDENT_DIAGNOSTIC,BACKWARD,110,109,SAR_BOUNDARY_NEAR,SUPPORTED,,0.030637234449386597,0.030000656843185425,-0.013664215803146362,-0.20999982953071594,-0.44600030155202014,0.9047619047619048,2.8370025157928467,-0.25193116068840027,
183,BOUNDARY_INDEPENDENT_DIAGNOSTIC,BACKWARD,109,108,SAR_BOUNDARY_NEAR,SUPPORTED,,0.02673099935054779,0.010000616312026978,-0.020427390933036804,-0.19999980926513672,-0.7641835856996567,0.9047619047619048,2.9141695499420166,-0.17016668617725372,
183,BOUNDARY_INDEPENDENT_DIAGNOSTIC,BACKWARD,108,107,SAR_BOUNDARY_NEAR,SUPPORTED,,0.028293490409851074,0.010000616312026978,-0.015287995338439941,-0.2299998700618744,-0.5403361379943794,0.9047619047619048,3.012769937515259,-0.3296827971935272,
183,BOUNDARY_INDEPENDENT_DIAGNOSTIC,BACKWARD,107,106,SAR_BOUNDARY_NEAR,SUPPORTED,,0.030085787177085876,0.010000616312026978,-0.003109678626060486,-0.2699999511241913,-0.10336038767265157,0.8571428571428571,2.913999557495117,-0.3884904980659485,
183,BOUNDARY_INDEPENDENT_DIAGNOSTIC,BACKWARD,106,105,SAR_BOUNDARY_NEAR,SUPPORTED,,0.02798713743686676,0.030000656843185425,-0.005392163991928101,-0.24999991059303284,-0.19266579170848452,0.8095238095238095,3.0191736221313477,-0.27611419558525085,
183,BOUNDARY_INDEPENDENT_DIAGNOSTIC,BACKWARD,105,104,SAR_BOUNDARY_NEAR,SUPPORTED,,0.03107382357120514,0.010000616312026978,-0.0026960670948028564,-0.2799999713897705,-0.08676328771143546,0.8571428571428571,2.834171772003174,-0.33531394600868225,
183,BOUNDARY_INDEPENDENT_DIAGNOSTIC,BACKWARD,104,103,SAR_BOUNDARY_NEAR,SUPPORTED,,0.026899516582489014,-0.019999444484710693,-0.008639723062515259,-0.2399998903274536,-0.32118506799261687,0.9047619047619048,2.88632869720459,-0.22457411885261536,
183,BOUNDARY_INDEPENDENT_DIAGNOSTIC,BACKWARD,103,102,SAR_BOUNDARY_NEAR,SUPPORTED,,0.027052700519561768,0.010000616312026978,0.0005820989608764648,-0.25999993085861206,0.021517221929675742,0.9523809523809523,2.9308078289031982,-0.291524738073349,
183,BOUNDARY_INDEPENDENT_DIAGNOSTIC,BACKWARD,102,101,SAR_BOUNDARY_NEAR,SUPPORTED,,0.025612741708755493,0.030000656843185425,-0.01208639144897461,-0.20999982953071594,-0.47188979557166977,0.9523809523809523,2.8998522758483887,-0.2711012065410614,
183,BOUNDARY_INDEPENDENT_DIAGNOSTIC,BACKWARD,101,100,SAR_BOUNDARY_NEAR,SUPPORTED,,0.03066788613796234,-0.00999942421913147,-0.007314622402191162,-0.2699999511241913,-0.23851081125336296,0.9523809523809523,2.9281342029571533,-0.19377119839191437,
183,BOUNDARY_INDEPENDENT_DIAGNOSTIC,BACKWARD,100,99,SAR_BOUNDARY_NEAR,SUPPORTED,,0.02504594624042511,0.04000067710876465,-0.005598962306976318,-0.2399998903274536,-0.22354764532471047,0.6666666666666666,2.9081544876098633,-0.2949043810367584,
183,BOUNDARY_INDEPENDENT_DIAGNOSTIC,BACKWARD,99,98,SAR_BOUNDARY_NEAR,SUPPORTED,,0.02447916567325592,-0.00999942421913147,,,,0.8571428571428571,2.914186954498291,-0.3546990156173706,
183,BOUNDARY_INDEPENDENT_DIAGNOSTIC,BACKWARD,98,97,SAR_BOUNDARY_NEAR,SUPPORTED,,0.024908065795898438,0.030000656843185425,-0.005935952067375183,-0.24999991059303284,-0.23831445267631518,0.7619047619047619,2.7415943145751953,-0.22801443934440613,
183,BOUNDARY_INDEPENDENT_DIAGNOSTIC,BACKWARD,97,96,SAR_BOUNDARY_NEAR,SUPPORTED,,0.026171892881393433,-0.00999942421913147,-0.008869484066963196,-0.2799999713897705,-0.33889348803153785,0.8095238095238095,2.798759698867798,-0.3481493592262268,
183,BOUNDARY_INDEPENDENT_DIAGNOSTIC,BACKWARD,96,95,SAR_BOUNDARY_NEAR,SUPPORTED,,0.026056990027427673,0.010000616312026978,-0.0204656720161438,-0.19999980926513672,-0.7854196511032765,0.8571428571428571,2.8501148223876953,-0.29633840918540955,
183,BOUNDARY_INDEPENDENT_DIAGNOSTIC,BACKWARD,95,94,SAR_BOUNDARY_NEAR,SUPPORTED,,0.03406861424446106,0.0200006365776062,-0.013947591185569763,-0.25999993085861206,-0.40939707983095874,0.9047619047619048,2.8615598678588867,-0.3077600598335266,
183,BOUNDARY_INDEPENDENT_DIAGNOSTIC,BACKWARD,94,93,SAR_BOUNDARY_NEAR,SUPPORTED,,0.02916666865348816,5.960464477539062e-07,,,,0.9523809523809523,2.9083175659179688,-0.10536948591470718,
183,BOUNDARY_INDEPENDENT_DIAGNOSTIC,BACKWARD,93,92,SAR_BOUNDARY_NEAR,SUPPORTED,,0.034083932638168335,-0.00999942421913147,-0.004825368523597717,0.26000112295150757,-0.1415731152512051,0.9047619047619048,2.920146942138672,-0.20564870536327362,
183,BOUNDARY_INDEPENDENT_DIAGNOSTIC,BACKWARD,92,91,SAR_BOUNDARY_NEAR,SUPPORTED,,0.03177081048488617,0.0200006365776062,-0.010929837822914124,-0.2299998700618744,-0.34402137232582103,0.8571428571428571,2.8088600635528564,-0.16879522800445557,
183,BOUNDARY_INDEPENDENT_DIAGNOSTIC,BACKWARD,91,90,SAR_BOUNDARY_NEAR,SUPPORTED,,0.017294734716415405,-0.019999444484710693,-0.0018458813428878784,-0.2799999713897705,-0.10673082722314604,0.7619047619047619,2.938748359680176,-0.1726982295513153,
183,BOUNDARY_INDEPENDENT_DIAGNOSTIC,BACKWARD,90,89,SAR_BOUNDARY_NEAR,SUPPORTED,,0.028921589255332947,0.04000067710876465,-0.007092520594596863,-0.19999980926513672,-0.24523274056556382,0.6666666666666666,2.7835967540740967,-0.3191277086734772,
183,BOUNDARY_INDEPENDENT_DIAGNOSTIC,BACKWARD,89,88,SAR_BOUNDARY_NEAR,SUPPORTED,,0.021752461791038513,0.0200006365776062,-0.004779428243637085,-0.25999993085861206,-0.21971895822872303,0.7142857142857143,2.668271541595459,-0.4836430847644806,
183,BOUNDARY_INDEPENDENT_DIAGNOSTIC,BACKWARD,88,87,SAR_BOUNDARY_NEAR,SUPPORTED,,0.018795937299728394,0.0200006365776062,-0.007161468267440796,-0.25999993085861206,-0.38101150015776447,0.8571428571428571,2.7645249366760254,-0.24834145605564117,
183,BOUNDARY_INDEPENDENT_DIAGNOSTIC,BACKWARD,87,86,SAR_BOUNDARY_NEAR,SUPPORTED,,0.037852346897125244,-0.029999464750289917,-0.007536768913269043,0.2700011134147644,-0.1991096862171427,0.9047619047619048,2.6432278156280518,-0.33161625266075134,
183,BOUNDARY_INDEPENDENT_DIAGNOSTIC,BACKWARD,86,85,SAR_BOUNDARY_NEAR,SUPPORTED,,0.033149540424346924,0.04000067710876465,-0.0007352828979492188,-0.2699999511241913,-0.022180787079907293,0.8571428571428571,2.8121209144592285,-0.2988411784172058,
183,BOUNDARY_INDEPENDENT_DIAGNOSTIC,BACKWARD,85,84,SAR_BOUNDARY_NEAR,SUPPORTED,,0.038013190031051636,0.0200006365776062,-0.004886656999588013,-0.28999999165534973,-0.12855161578379176,0.8095238095238095,2.863222360610962,-0.3030659556388855,
183,BOUNDARY_INDEPENDENT_DIAGNOSTIC,BACKWARD,84,83,SAR_BOUNDARY_NEAR,SUPPORTED,,0.03987438976764679,-0.00999942421913147,-0.005637258291244507,-0.2799999713897705,-0.14137541224062708,0.8571428571428571,2.6795589923858643,-0.43556976318359375,
183,BOUNDARY_INDEPENDENT_DIAGNOSTIC,BACKWARD,83,82,SAR_BOUNDARY_NEAR,SUPPORTED,,0.03166361153125763,0.030000656843185425,0.007521450519561768,-0.2799999713897705,0.23754240769840027,0.8571428571428571,2.6056597232818604,-0.40771350264549255,
183,BOUNDARY_INDEPENDENT_DIAGNOSTIC,BACKWARD,82,81,SAR_BOUNDARY_NEAR,SUPPORTED,,0.03522518277168274,-0.00999942421913147,-0.01609988510608673,-0.25999993085861206,-0.45705611268053686,0.9047619047619048,2.6271746158599854,-0.39634451270103455,
183,BOUNDARY_INDEPENDENT_DIAGNOSTIC,BACKWARD,81,80,SAR_BOUNDARY_NEAR,SUPPORTED,,0.03075982630252838,0.010000616312026978,-0.0001838207244873047,-0.28999999165534973,-0.005976000081385215,1.0,2.5929160118103027,-0.3587777018547058,
183,BOUNDARY_INDEPENDENT_DIAGNOSTIC,BACKWARD,80,79,SAR_BOUNDARY_NEAR,SUPPORTED,,0.028400719165802002,0.05000069737434387,,,,0.8571428571428571,2.685429573059082,-0.38409319519996643,
183,BOUNDARY_INDEPENDENT_DIAGNOSTIC,BACKWARD,79,78,SAR_BOUNDARY_NEAR,SUPPORTED,,0.02717524766921997,5.960464477539062e-07,-0.00793503224849701,-0.2299998700618744,-0.29199484564347206,0.7142857142857143,2.7809698581695557,-0.3599933385848999,
183,BOUNDARY_INDEPENDENT_DIAGNOSTIC,BACKWARD,78,77,SAR_BOUNDARY_NEAR,SUPPORTED,,0.025612741708755493,0.0200006365776062,,,,0.7619047619047619,2.7419612407684326,-0.28909072279930115,
183,BOUNDARY_INDEPENDENT_DIAGNOSTIC,BACKWARD,77,76,SAR_BOUNDARY_NEAR,SUPPORTED,,0.027941197156906128,-0.00999942421913147,-0.0015931278467178345,-0.2799999713897705,-0.05701716493289432,0.7619047619047619,2.6941823959350586,-0.29712650179862976,
183,BOUNDARY_INDEPENDENT_DIAGNOSTIC,BACKWARD,76,75,SAR_BOUNDARY_NEAR,SUPPORTED,,0.02466300129890442,0.0200006365776062,-0.006204038858413696,-0.2699999511241913,-0.2515524685428003,0.7619047619047619,2.755225419998169,-0.3161695599555969,
183,BOUNDARY_INDEPENDENT_DIAGNOSTIC,BACKWARD,75,74,SAR_BOUNDARY_NEAR,SUPPORTED,,0.02532169222831726,0.010000616312026978,-0.004227966070175171,-0.25999993085861206,-0.16697012316763862,0.7619047619047619,2.7467334270477295,-0.27783840894699097,
183,BOUNDARY_INDEPENDENT_DIAGNOSTIC,BACKWARD,74,73,SAR_BOUNDARY_NEAR,SUPPORTED,,0.030698537826538086,5.960464477539062e-07,-0.01033240556716919,-0.25999993085861206,-0.3365764723242647,0.7142857142857143,2.6482949256896973,-0.44741499423980713,
183,BOUNDARY_INDEPENDENT_DIAGNOSTIC,BACKWARD,73,72,SAR_BOUNDARY_NEAR,SUPPORTED,,0.022640973329544067,0.07000073790550232,-0.004227936267852783,-0.2799999713897705,-0.18673827340875734,0.5714285714285714,2.735344409942627,-0.36631157994270325,
183,BOUNDARY_INDEPENDENT_DIAGNOSTIC,BACKWARD,72,71,SAR_BOUNDARY_NEAR,SUPPORTED,,0.020052075386047363,-0.019999444484710693,-0.012499988079071045,0.280001163482666,-0.6233762759424287,0.7142857142857143,2.6670477390289307,-0.3901240825653076,
183,BOUNDARY_INDEPENDENT_DIAGNOSTIC,BACKWARD,71,70,SAR_BOUNDARY_NEAR,SUPPORTED,,0.01648285984992981,5.960464477539062e-07,-0.008915454149246216,-0.21999984979629517,-0.5408924319212834,0.5714285714285714,2.687777519226074,-0.4600793421268463,
183,BOUNDARY_INDEPENDENT_DIAGNOSTIC,BACKWARD,70,69,SAR_BOUNDARY_NEAR,SUPPORTED,,0.015602022409439087,0.0200006365776062,-3.828108310699463e-05,-0.2799999713897705,-0.0024535974954012956,0.5238095238095238,2.6195428371429443,-0.4081788957118988,
183,BOUNDARY_INDEPENDENT_DIAGNOSTIC,BACKWARD,69,68,SAR_BOUNDARY_NEAR,SUPPORTED,,0.015870094299316406,0.0200006365776062,-0.004886627197265625,-0.2299998700618744,-0.3079141878492879,0.6190476190476191,2.61323881149292,-0.3248503804206848,
183,BOUNDARY_INDEPENDENT_DIAGNOSTIC,BACKWARD,68,67,SAR_BOUNDARY_NEAR,SUPPORTED,,0.008547782897949219,-0.049999505281448364,-0.017110899090766907,-0.2299998700618744,-2.001793832980029,0.6666666666666666,2.6687638759613037,-0.29405975341796875,
183,BOUNDARY_INDEPENDENT_DIAGNOSTIC,BACKWARD,67,66,SAR_BOUNDARY_NEAR,SUPPORTED,,0.010799616575241089,5.960464477539062e-07,-0.002879887819290161,-0.2799999713897705,-0.26666574680924454,0.5714285714285714,2.681185483932495,-0.2702280580997467,
183,BOUNDARY_INDEPENDENT_DIAGNOSTIC,BACKWARD,66,65,SAR_BOUNDARY_NEAR,SUPPORTED,,0.01307445764541626,0.05000069737434387,0.007307007908821106,-0.2299998700618744,0.5588765597005739,0.5714285714285714,2.563577651977539,-0.36864161491394043,
183,BOUNDARY_INDEPENDENT_DIAGNOSTIC,BACKWARD,65,64,SAR_BOUNDARY_NEAR,SUPPORTED,,0.01927083730697632,5.960464477539062e-07,-0.007720589637756348,0.2700011134147644,-0.40063592021304567,0.5714285714285714,2.475640296936035,-0.3621198534965515,
183,BOUNDARY_INDEPENDENT_DIAGNOSTIC,BACKWARD,64,63,SAR_BOUNDARY_NEAR,SUPPORTED,,0.01645219326019287,0.030000656843185425,-0.006751686334609985,-0.2399998903274536,-0.41038214345233354,0.5714285714285714,2.45310640335083,-0.3423406481742859,
183,BOUNDARY_INDEPENDENT_DIAGNOSTIC,BACKWARD,63,62,SAR_BOUNDARY_NEAR,SUPPORTED,,0.020618855953216553,0.05000069737434387,-0.008226126432418823,-0.2299998700618744,-0.39896134155472107,0.6190476190476191,2.4270596504211426,-0.4061642289161682,
183,BOUNDARY_INDEPENDENT_DIAGNOSTIC,BACKWARD,62,61,SAR_BOUNDARY_NEAR,PROPAGATION_AMBIGUOUS,BOUNDARY_RESPONSE_TOO_WEAK|BOUNDARY_SUPPORT_TOO_FRAGMENTED,0.0008271932601928711,0.05000069737434387,-0.004840672016143799,-0.2799999713897705,-5.8519239083441414,0.42857142857142855,2.6043169498443604,-0.4545403718948364,
183,BOUNDARY_INDEPENDENT_DIAGNOSTIC,BACKWARD,183,182,SAR_BOUNDARY_FAR,SUPPORTED,,0.0270986407995224,0.1500009000301361,-0.015219047665596008,-0.1899997889995575,-0.5616166426274869,0.7619047619047619,3.3431196212768555,-0.09410566836595535,
183,BOUNDARY_INDEPENDENT_DIAGNOSTIC,BACKWARD,182,181,SAR_BOUNDARY_FAR,SUPPORTED,,0.017164528369903564,-0.019999444484710693,-0.013419121503829956,0.20000100135803223,-0.7817937792779184,0.7142857142857143,3.2528369426727295,-0.07956013083457947,
183,BOUNDARY_INDEPENDENT_DIAGNOSTIC,BACKWARD,181,180,SAR_BOUNDARY_FAR,SUPPORTED,,0.025137871503829956,5.960464477539062e-07,-0.011044725775718689,0.2900012135505676,-0.4393659890431032,0.7619047619047619,3.232046127319336,-0.057184893637895584,
183,BOUNDARY_INDEPENDENT_DIAGNOSTIC,BACKWARD,180,179,SAR_BOUNDARY_FAR,SUPPORTED,,0.027450978755950928,0.0200006365776062,,,,0.9523809523809523,3.235919237136841,-0.19818882644176483,
183,BOUNDARY_INDEPENDENT_DIAGNOSTIC,BACKWARD,179,178,SAR_BOUNDARY_FAR,SUPPORTED,,0.018949121236801147,5.960464477539062e-07,-0.04431678354740143,-0.1899997889995575,-2.338724999095666,0.6666666666666666,3.3239188194274902,-0.15598765015602112,
183,BOUNDARY_INDEPENDENT_DIAGNOSTIC,BACKWARD,178,177,SAR_BOUNDARY_FAR,SUPPORTED,,0.02380514144897461,0.010000616312026978,-0.014154404401779175,0.26000112295150757,-0.5945944254151393,0.8095238095238095,3.336590528488159,-0.1602877527475357,
183,BOUNDARY_INDEPENDENT_DIAGNOSTIC,BACKWARD,177,176,SAR_BOUNDARY_FAR,SUPPORTED,,0.02726714313030243,-0.019999444484710693,-0.015586718916893005,0.2300010323524475,-0.5716300692891888,0.7142857142857143,3.2594475746154785,-0.12538447976112366,
183,BOUNDARY_INDEPENDENT_DIAGNOSTIC,BACKWARD,176,175,SAR_BOUNDARY_FAR,SUPPORTED,,0.01781556010246277,0.060000717639923096,-0.015441164374351501,0.26000112295150757,-0.8667234869711989,0.6190476190476191,3.236722230911255,-0.10462863743305206,
183,BOUNDARY_INDEPENDENT_DIAGNOSTIC,BACKWARD,175,174,SAR_BOUNDARY_FAR,SUPPORTED,,0.017087921500205994,-0.03999948501586914,-0.015134811401367188,0.22000104188919067,-0.8857023015458456,0.7142857142857143,3.3372802734375,-0.17146266996860504,
183,BOUNDARY_INDEPENDENT_DIAGNOSTIC,BACKWARD,174,173,SAR_BOUNDARY_FAR,SUPPORTED,,0.012745097279548645,0.010000616312026978,-0.01458333432674408,0.25000113248825073,-1.144230915376782,0.6666666666666666,3.251570701599121,-0.16414831578731537,
183,BOUNDARY_INDEPENDENT_DIAGNOSTIC,BACKWARD,173,172,SAR_BOUNDARY_FAR,SUPPORTED,,0.018412992358207703,0.010000616312026978,-0.01909467577934265,0.2700011134147644,-1.0370218706375058,0.6190476190476191,3.2922003269195557,-0.18949507176876068,
183,BOUNDARY_INDEPENDENT_DIAGNOSTIC,BACKWARD,172,171,SAR_BOUNDARY_FAR,SUPPORTED,,0.017647072672843933,0.030000656843185425,-0.006908699870109558,0.2700011134147644,-0.39149268539823945,0.7619047619047619,3.3201260566711426,-0.17663076519966125,
183,BOUNDARY_INDEPENDENT_DIAGNOSTIC,BACKWARD,171,170,SAR_BOUNDARY_FAR,SUPPORTED,,0.011213257908821106,-0.06999954581260681,-0.011933192610740662,0.22000104188919067,-1.0642038832758147,0.5238095238095238,3.294729471206665,-0.12851226329803467,
183,BOUNDARY_INDEPENDENT_DIAGNOSTIC,BACKWARD,170,169,SAR_BOUNDARY_FAR,SUPPORTED,,0.009359702467918396,0.05000069737434387,-0.002757355570793152,0.280001163482666,-0.29459863497203553,0.6190476190476191,3.2799627780914307,-0.14552730321884155,
183,BOUNDARY_INDEPENDENT_DIAGNOSTIC,BACKWARD,169,168,SAR_BOUNDARY_FAR,SUPPORTED,,0.014828413724899292,5.960464477539062e-07,-0.0026424527168273926,0.25000113248825073,-0.17820198207649746,0.7142857142857143,3.248532772064209,-0.12524054944515228,
183,BOUNDARY_INDEPENDENT_DIAGNOSTIC,BACKWARD,168,167,SAR_BOUNDARY_FAR,SUPPORTED,,0.013541638851165771,-0.049999505281448364,-0.006395548582077026,0.280001163482666,-0.47228763463341417,0.5238095238095238,3.216728448867798,-0.15804928541183472,
183,BOUNDARY_INDEPENDENT_DIAGNOSTIC,BACKWARD,167,166,SAR_BOUNDARY_FAR,SUPPORTED,,0.008823543787002563,0.0200006365776062,-0.012967228889465332,0.24000108242034912,-1.4696168798489542,0.5238095238095238,3.1718404293060303,-0.18081210553646088,
183,BOUNDARY_INDEPENDENT_DIAGNOSTIC,BACKWARD,166,165,SAR_BOUNDARY_FAR,PROPAGATION_AMBIGUOUS,BOUNDARY_RESPONSE_TOO_WEAK,0.003599897027015686,0.04000067710876465,-0.0040441155433654785,0.24000108242034912,-1.1233975619347227,0.5238095238095238,3.263113498687744,-0.14683854579925537,
183,PAIR_SAFE_FROZEN,F183_FORWARD_PAIR_SAFE,183,184,SAR_BOUNDARY_NEAR,SUPPORTED,,0.03296568989753723,0.0200006365776062,0.0038449764251708984,-0.2699999511241913,0.11663570327579115,0.9047619047619048,3.2401342391967773,-0.1475583016872406,2.0981580802049464
183,PAIR_SAFE_FROZEN,F183_FORWARD_PAIR_SAFE,183,184,SAR_BOUNDARY_FAR,SUPPORTED,,0.030652612447738647,0.12000083923339844,-0.005790442228317261,-0.2299998700618744,-0.18890534169606946,0.7142857142857143,3.2401342391967773,-0.1475583016872406,2.0981580802049464
183,PAIR_SAFE_FROZEN,F183_FORWARD_PAIR_SAFE,184,185,SAR_BOUNDARY_NEAR,SUPPORTED,,0.03856465220451355,0.010000616312026978,,,,0.9523809523809523,3.2945022583007812,-0.16660428047180176,2.088158059939367
183,PAIR_SAFE_FROZEN,F183_FORWARD_PAIR_SAFE,184,185,SAR_BOUNDARY_FAR,SUPPORTED,,0.028033092617988586,5.960464477539062e-07,-0.014154404401779175,0.2700011134147644,-0.5049176911967401,0.6666666666666666,3.2945022583007812,-0.16660428047180176,2.088158059939367
183,PAIR_SAFE_FROZEN,F183_FORWARD_PAIR_SAFE,185,186,SAR_BOUNDARY_NEAR,SUPPORTED,,0.04790899157524109,5.960464477539062e-07,-0.013419121503829956,0.2900012135505676,-0.28009609600642965,1.0,3.262136697769165,-0.16833727061748505,2.088158059939367
183,PAIR_SAFE_FROZEN,F183_FORWARD_PAIR_SAFE,185,186,SAR_BOUNDARY_FAR,SUPPORTED,,0.038219958543777466,5.960464477539062e-07,-0.017754271626472473,0.2700011134147644,-0.46452880387446205,0.8571428571428571,3.262136697769165,-0.16833727061748505,2.088158059939367
183,PAIR_SAFE_FROZEN,F183_FORWARD_PAIR_SAFE,186,187,SAR_BOUNDARY_NEAR,SUPPORTED,,0.05174632370471954,5.960464477539062e-07,-0.013587623834609985,0.2900012135505676,-0.2625814330723309,0.9523809523809523,3.185572385787964,-0.13837981224060059,2.088158059939367
183,PAIR_SAFE_FROZEN,F183_FORWARD_PAIR_SAFE,186,187,SAR_BOUNDARY_FAR,SUPPORTED,,0.023774519562721252,5.960464477539062e-07,-0.02178308367729187,0.2700011134147644,-0.9162365455934606,0.7619047619047619,3.185572385787964,-0.13837981224060059,2.088158059939367
183,PAIR_SAFE_FROZEN,F183_FORWARD_PAIR_SAFE,187,188,SAR_BOUNDARY_NEAR,SUPPORTED,,0.05698530375957489,-0.03999948501586914,-0.011764705181121826,0.2900012135505676,-0.20645156566608763,0.9523809523809523,3.291785955429077,-0.18047849833965302,2.118158120736105
183,PAIR_SAFE_FROZEN,F183_FORWARD_PAIR_SAFE,187,188,SAR_BOUNDARY_FAR,SUPPORTED,,0.028316497802734375,-0.00999942421913147,-0.017156869173049927,0.2300010323524475,-0.6058965798868382,0.8571428571428571,3.291785955429077,-0.18047849833965302,2.118158120736105
183,PAIR_SAFE_FROZEN,F183_FORWARD_PAIR_SAFE,188,189,SAR_BOUNDARY_NEAR,SUPPORTED,,0.04214921593666077,0.0200006365776062,-0.008808210492134094,-0.2399998903274536,-0.20897685274550606,0.9523809523809523,3.3517041206359863,-0.11577542871236801,2.088158059939367
183,PAIR_SAFE_FROZEN,F183_FORWARD_PAIR_SAFE,188,189,SAR_BOUNDARY_FAR,SUPPORTED,,0.03590688109397888,-0.00999942421913147,-0.015464156866073608,0.25000113248825073,-0.43067390970547836,0.9047619047619048,3.3517041206359863,-0.11577542871236801,2.088158059939367
183,PAIR_SAFE_FROZEN,F183_FORWARD_PAIR_SAFE,189,190,SAR_BOUNDARY_NEAR,SUPPORTED,,0.04172796010971069,-0.029999464750289917,-0.016329646110534668,0.26000112295150757,-0.3913358349557693,0.9523809523809523,3.3324625492095947,-0.11731155216693878,2.078158039673788
183,PAIR_SAFE_FROZEN,F183_FORWARD_PAIR_SAFE,189,190,SAR_BOUNDARY_FAR,SUPPORTED,,0.022334560751914978,-0.03999948501586914,-0.020013779401779175,0.18000096082687378,-0.8960901279450137,0.6666666666666666,3.3324625492095947,-0.11731155216693878,2.078158039673788
183,PAIR_SAFE_FROZEN,F183_FORWARD_PAIR_SAFE,190,191,SAR_BOUNDARY_NEAR,SUPPORTED,,0.04899662733078003,0.010000616312026978,,,,1.0,3.2746453285217285,-0.14445482194423676,2.088158059939367
183,PAIR_SAFE_FROZEN,F183_FORWARD_PAIR_SAFE,190,191,SAR_BOUNDARY_FAR,SUPPORTED,,0.02693779766559601,0.0200006365776062,-0.029304534196853638,0.2700011134147644,-1.087859317997638,0.8571428571428571,3.2746453285217285,-0.14445482194423676,2.088158059939367
183,PAIR_SAFE_FROZEN,F183_FORWARD_PAIR_SAFE,191,192,SAR_BOUNDARY_NEAR,SUPPORTED,,0.053936898708343506,-0.00999942421913147,-0.011167287826538086,0.280001163482666,-0.2070435656103197,0.9047619047619048,3.3071117401123047,-0.17132306098937988,2.088158059939367
183,PAIR_SAFE_FROZEN,F183_FORWARD_PAIR_SAFE,191,192,SAR_BOUNDARY_FAR,SUPPORTED,,0.029871344566345215,-0.00999942421913147,-0.02075675129890442,0.280001163482666,-0.6948716771956149,0.7619047619047619,3.3071117401123047,-0.17132306098937988,2.088158059939367
183,PAIR_SAFE_FROZEN,F183_FORWARD_PAIR_SAFE,192,193,SAR_BOUNDARY_NEAR,SUPPORTED,,0.04782477021217346,0.0200006365776062,-0.02037377655506134,-0.21999984979629517,-0.4260088749966505,0.9523809523809523,3.3458220958709717,-0.1316174864768982,2.0981580802049464
183,PAIR_SAFE_FROZEN,F183_FORWARD_PAIR_SAFE,192,193,SAR_BOUNDARY_FAR,SUPPORTED,,0.023422181606292725,0.030000656843185425,-0.025398284196853638,0.2700011134147644,-1.0843688527301831,0.8095238095238095,3.3458220958709717,-0.1316174864768982,2.0981580802049464
183,PAIR_SAFE_FROZEN,F183_FORWARD_PAIR_SAFE,193,194,SAR_BOUNDARY_NEAR,SUPPORTED,,0.051164209842681885,-0.029999464750289917,,,,0.9523809523809523,3.3102164268493652,-0.17266060411930084,2.0981580802049464
183,PAIR_SAFE_FROZEN,F183_FORWARD_PAIR_SAFE,193,194,SAR_BOUNDARY_FAR,SUPPORTED,,0.01861211657524109,-0.029999464750289917,-0.01648285984992981,0.25000113248825073,-0.8855983564951587,0.6190476190476191,3.3102164268493652,-0.17266060411930084,2.0981580802049464
183,PAIR_SAFE_FROZEN,F183_FORWARD_PAIR_SAFE,194,195,SAR_BOUNDARY_NEAR,SUPPORTED,,0.03615197539329529,0.010000616312026978,-0.0008578598499298096,-0.2699999511241913,-0.02372926625992635,0.8571428571428571,3.3806982040405273,-0.18617475032806396,2.1081581004705257
183,PAIR_SAFE_FROZEN,F183_FORWARD_PAIR_SAFE,194,195,SAR_BOUNDARY_FAR,SUPPORTED,,0.019952520728111267,0.0200006365776062,-0.0193474143743515,0.2700011134147644,-0.9696726863735454,0.7142857142857143,3.3806982040405273,-0.18617475032806396,2.1081581004705257
183,PAIR_SAFE_FROZEN,F183_FORWARD_PAIR_SAFE,195,196,SAR_BOUNDARY_NEAR,SUPPORTED,,0.0411764532327652,-0.00999942421913147,-0.013219967484474182,-0.2399998903274536,-0.3210564885164685,0.9047619047619048,3.3919475078582764,-0.1416275054216385,2.0681580194082088
183,PAIR_SAFE_FROZEN,F183_FORWARD_PAIR_SAFE,195,196,SAR_BOUNDARY_FAR,SUPPORTED,,0.016574770212173462,-0.049999505281448364,-0.014468446373939514,0.26000112295150757,-0.8729198769412234,0.6666666666666666,3.3919475078582764,-0.1416275054216385,2.0681580194082088
183,PAIR_SAFE_FROZEN,F183_FORWARD_PAIR_SAFE,196,197,SAR_BOUNDARY_NEAR,SUPPORTED,,0.04473039507865906,-0.00999942421913147,-0.008386969566345215,-0.2699999511241913,-0.18750045805758267,0.9523809523809523,3.284621477127075,-0.12876299023628235,2.1581582017984218
183,PAIR_SAFE_FROZEN,F183_FORWARD_PAIR_SAFE,196,197,SAR_BOUNDARY_FAR,SUPPORTED,,0.018504902720451355,0.08000075817108154,,,,0.7142857142857143,3.284621477127075,-0.12876299023628235,2.1581582017984218
183,PAIR_SAFE_FROZEN,F183_FORWARD_PAIR_SAFE,197,198,SAR_BOUNDARY_NEAR,SUPPORTED,,0.03713235259056091,-0.00999942421913147,0.004028797149658203,-0.2799999713897705,0.10849830050041935,1.0,3.2999320030212402,-0.13052937388420105,2.118158120736105
183,PAIR_SAFE_FROZEN,F183_FORWARD_PAIR_SAFE,197,198,SAR_BOUNDARY_FAR,SUPPORTED,,0.01672026515007019,-0.049999505281448364,-0.015042886137962341,0.18000096082687378,-0.8996798796518602,0.6190476190476191,3.2999320030212402,-0.13052937388420105,2.118158120736105
183,PAIR_SAFE_FROZEN,F183_FORWARD_PAIR_SAFE,198,199,SAR_BOUNDARY_NEAR,SUPPORTED,,0.048284322023391724,5.960464477539062e-07,0.005637258291244507,-0.2699999511241913,0.1167513191655356,1.0,3.3417301177978516,-0.17273031175136566,2.128158141001684
183,PAIR_SAFE_FROZEN,F183_FORWARD_PAIR_SAFE,198,199,SAR_BOUNDARY_FAR,SUPPORTED,,0.015134766697883606,0.010000616312026978,-0.019041061401367188,0.26000112295150757,-1.2581007544721403,0.6666666666666666,3.3417301177978516,-0.17273031175136566,2.128158141001684
183,PAIR_SAFE_FROZEN,F183_FORWARD_PAIR_SAFE,199,200,SAR_BOUNDARY_NEAR,SUPPORTED,,0.04779411852359772,0.0200006365776062,-0.005583658814430237,-0.2699999511241913,-0.11682732074394005,0.8571428571428571,3.365966558456421,-0.11387225240468979,2.088158059939367
183,PAIR_SAFE_FROZEN,F183_FORWARD_PAIR_SAFE,199,200,SAR_BOUNDARY_FAR,SUPPORTED,,0.020251214504241943,-0.019999444484710693,-0.026761651039123535,0.2700011134147644,-1.321483757604655,0.6666666666666666,3.365966558456421,-0.11387225240468979,2.088158059939367
183,PAIR_SAFE_FROZEN,F183_FORWARD_PAIR_SAFE,200,201,SAR_BOUNDARY_NEAR,SUPPORTED,,0.04117646813392639,-0.00999942421913147,-0.010439649224281311,0.26000112295150757,-0.2535343534157998,1.0,3.403669595718384,-0.142923042178154,2.0981580802049464
183,PAIR_SAFE_FROZEN,F183_FORWARD_PAIR_SAFE,200,201,SAR_BOUNDARY_FAR,SUPPORTED,,0.018076002597808838,5.960464477539062e-07,-0.021905645728111267,0.26000112295150757,-1.211863386806918,0.6666666666666666,3.403669595718384,-0.142923042178154,2.0981580802049464
183,PAIR_SAFE_FROZEN,F183_FORWARD_PAIR_SAFE,201,202,SAR_BOUNDARY_NEAR,SUPPORTED,,0.05441176891326904,-0.019999444484710693,-0.054794713854789734,0.21000105142593384,-1.0070379064891475,1.0,3.3411476612091064,-0.16470497846603394,2.078158039673788
183,PAIR_SAFE_FROZEN,F183_FORWARD_PAIR_SAFE,201,202,SAR_BOUNDARY_FAR,SUPPORTED,,0.010700076818466187,-0.03999948501586914,-0.012300863862037659,0.2300010323524475,-1.149605191694403,0.6666666666666666,3.3411476612091064,-0.16470497846603394,2.078158039673788
183,PAIR_SAFE_FROZEN,F183_FORWARD_PAIR_SAFE,202,203,SAR_BOUNDARY_NEAR,SUPPORTED,,0.055024534463882446,0.010000616312026978,0.0036917924880981445,-0.28999999165534973,0.06709357060569772,1.0,3.338536262512207,-0.12960048019886017,2.1081581004705257
183,PAIR_SAFE_FROZEN,F183_FORWARD_PAIR_SAFE,202,203,SAR_BOUNDARY_FAR,SUPPORTED,,0.025949746370315552,0.04000067710876465,-0.019515931606292725,0.2700011134147644,-0.7520663719710725,0.6190476190476191,3.338536262512207,-0.12960048019886017,2.1081581004705257
183,PAIR_SAFE_FROZEN,F183_FORWARD_PAIR_SAFE,203,204,SAR_BOUNDARY_NEAR,SUPPORTED,,0.05367647111415863,-0.00999942421913147,-0.01132047176361084,-0.25999993085861206,-0.2109019376392044,0.9523809523809523,3.3419933319091797,-0.14260417222976685,2.088158059939367
183,PAIR_SAFE_FROZEN,F183_FORWARD_PAIR_SAFE,203,204,SAR_BOUNDARY_FAR,SUPPORTED,,0.017861515283584595,-0.029999464750289917,-0.012745082378387451,0.22000104188919067,-0.7135498963013884,0.6190476190476191,3.3419933319091797,-0.14260417222976685,2.088158059939367
183,PAIR_SAFE_FROZEN,F183_FORWARD_PAIR_SAFE,204,205,SAR_BOUNDARY_NEAR,SUPPORTED,,0.06322763860225677,-0.00999942421913147,-0.0159313827753067,-0.25999993085861206,-0.2519686505378688,0.9523809523809523,3.286322832107544,-0.08169930428266525,2.1081581004705257
183,PAIR_SAFE_FROZEN,F183_FORWARD_PAIR_SAFE,204,205,SAR_BOUNDARY_FAR,SUPPORTED,,0.027895241975784302,0.010000616312026978,-0.019914180040359497,0.26000112295150757,-0.7138916399308126,0.7142857142857143,3.286322832107544,-0.08169930428266525,2.1081581004705257
183,PAIR_SAFE_FROZEN,F183_FORWARD_PAIR_SAFE,205,206,SAR_BOUNDARY_NEAR,SUPPORTED,,0.0693780779838562,0.010000616312026978,-0.028079062700271606,-0.21999984979629517,-0.40472528954759185,1.0,3.3927512168884277,-0.07797950506210327,2.088158059939367
183,PAIR_SAFE_FROZEN,F183_FORWARD_PAIR_SAFE,205,206,SAR_BOUNDARY_FAR,SUPPORTED,,0.022549033164978027,-0.00999942421913147,-0.020833343267440796,0.25000113248825073,-0.9239129285506595,0.5714285714285714,3.3927512168884277,-0.07797950506210327,2.088158059939367
183,PAIR_SAFE_FROZEN,F183_FORWARD_PAIR_SAFE,206,207,SAR_BOUNDARY_NEAR,SUPPORTED,,0.05879288911819458,-0.019999444484710693,-0.026041671633720398,0.26000112295150757,-0.4429391381220847,1.0,3.3193063735961914,-0.09688576310873032,2.088158059939367
183,PAIR_SAFE_FROZEN,F183_FORWARD_PAIR_SAFE,206,207,SAR_BOUNDARY_FAR,SUPPORTED,,0.01747855544090271,-0.019999444484710693,-0.016207098960876465,0.21000105142593384,-0.9272562035046199,0.7142857142857143,3.3193063735961914,-0.09688576310873032,2.088158059939367
183,PAIR_SAFE_FROZEN,F183_FORWARD_PAIR_SAFE,207,208,SAR_BOUNDARY_NEAR,SUPPORTED,,0.06134343147277832,0.010000616312026978,-0.03088235855102539,0.2700011134147644,-0.5034338283591081,0.9523809523809523,3.3512463569641113,-0.1477534919977188,2.1081581004705257
183,PAIR_SAFE_FROZEN,F183_FORWARD_PAIR_SAFE,207,208,SAR_BOUNDARY_FAR,SUPPORTED,,0.029304563999176025,0.030000656843185425,-0.023621350526809692,0.2300010323524475,-0.8060638789054794,0.6666666666666666,3.3512463569641113,-0.1477534919977188,2.1081581004705257
183,PAIR_SAFE_FROZEN,F183_FORWARD_PAIR_SAFE,208,209,SAR_BOUNDARY_NEAR,SUPPORTED,,0.05132506787776947,5.960464477539062e-07,-0.016237765550613403,-0.2799999713897705,-0.31637104872970856,0.9523809523809523,3.3658230304718018,-0.1400453746318817,2.0981580802049464
183,PAIR_SAFE_FROZEN,F183_FORWARD_PAIR_SAFE,208,209,SAR_BOUNDARY_FAR,SUPPORTED,,0.01760108768939972,-0.00999942421913147,-0.011366426944732666,0.26000112295150757,-0.6457798032321669,0.6666666666666666,3.3658230304718018,-0.1400453746318817,2.0981580802049464
183,PAIR_SAFE_FROZEN,F183_FORWARD_PAIR_SAFE,209,210,SAR_BOUNDARY_NEAR,SUPPORTED,,0.06183749437332153,5.960464477539062e-07,-0.06887254118919373,0.20000100135803223,-1.1137666861694078,0.9523809523809523,3.3561248779296875,-0.12403517961502075,2.0981580802049464
183,PAIR_SAFE_FROZEN,F183_FORWARD_PAIR_SAFE,209,210,SAR_BOUNDARY_FAR,SUPPORTED,,0.010600477457046509,5.960464477539062e-07,-0.00496324896812439,0.190000981092453,-0.46820994509309993,0.5714285714285714,3.3561248779296875,-0.12403517961502075,2.0981580802049464
183,PAIR_SAFE_FROZEN,F183_FORWARD_PAIR_SAFE,210,211,SAR_BOUNDARY_NEAR,SUPPORTED,,0.037714481353759766,5.960464477539062e-07,,,,0.9523809523809523,3.352847099304199,-0.1529773473739624,2.088158059939367
183,PAIR_SAFE_FROZEN,F183_FORWARD_PAIR_SAFE,210,211,SAR_BOUNDARY_FAR,SUPPORTED,,0.02579657733440399,-0.00999942421913147,-0.014460742473602295,0.2700011134147644,-0.5605682601279244,0.6666666666666666,3.352847099304199,-0.1529773473739624,2.088158059939367
183,PAIR_SAFE_FROZEN,F183_FORWARD_PAIR_SAFE,211,212,SAR_BOUNDARY_NEAR,SUPPORTED,,0.033946067094802856,0.010000616312026978,-0.007153794169425964,-0.28999999165534973,-0.21073999970150328,0.9523809523809523,3.36651349067688,-0.0015646434621885419,2.0181579180803126
183,PAIR_SAFE_FROZEN,F183_FORWARD_PAIR_SAFE,211,212,SAR_BOUNDARY_FAR,SUPPORTED,,0.016789212822914124,-0.05999952554702759,-0.010539203882217407,0.20000100135803223,-0.6277366302625799,0.8095238095238095,3.36651349067688,-0.0015646434621885419,2.0181579180803126
183,PAIR_SAFE_FROZEN,F183_FORWARD_PAIR_SAFE,212,213,SAR_BOUNDARY_NEAR,SUPPORTED,,0.036856621503829956,-0.019999444484710693,-0.017049640417099,0.24000108242034912,-0.46259368660058237,0.9047619047619048,3.29156494140625,-0.08254213631153107,2.088158059939367
183,PAIR_SAFE_FROZEN,F183_FORWARD_PAIR_SAFE,212,213,SAR_BOUNDARY_FAR,SUPPORTED,,0.02212008833885193,0.05000069737434387,-0.008685663342475891,-0.2799999713897705,-0.3926595232994758,0.7142857142857143,3.29156494140625,-0.08254213631153107,2.088158059939367
183,PAIR_SAFE_FROZEN,F183_FORWARD_PAIR_SAFE,213,214,SAR_BOUNDARY_NEAR,SUPPORTED,,0.05515472590923309,5.960464477539062e-07,-0.018443629145622253,-0.2799999713897705,-0.3343979838821885,1.0,3.3753409385681152,-0.08061816543340683,2.0581579991426295
183,PAIR_SAFE_FROZEN,F183_FORWARD_PAIR_SAFE,213,214,SAR_BOUNDARY_FAR,SUPPORTED,,0.02300858497619629,-0.029999464750289917,-0.014361202716827393,0.25000113248825073,-0.6241671415988809,0.8571428571428571,3.3753409385681152,-0.08061816543340683,2.0581579991426295
183,PAIR_SAFE_FROZEN,F183_FORWARD_PAIR_SAFE,214,215,SAR_BOUNDARY_NEAR,SUPPORTED,,0.03964461386203766,0.010000616312026978,-0.02509191632270813,-0.2399998903274536,-0.6329211935328067,0.9523809523809523,3.2831058502197266,-0.08069150149822235,2.0481579788770503
183,PAIR_SAFE_FROZEN,F183_FORWARD_PAIR_SAFE,214,215,SAR_BOUNDARY_FAR,SUPPORTED,,0.035730719566345215,5.960464477539062e-07,-0.017126232385635376,0.25000113248825073,-0.47931395150985384,0.8095238095238095,3.2831058502197266,-0.08069150149822235,2.0481579788770503
183,PAIR_SAFE_FROZEN,F183_FORWARD_PAIR_SAFE,215,216,SAR_BOUNDARY_NEAR,SUPPORTED,,0.059191182255744934,-0.019999444484710693,-0.010263487696647644,0.2900012135505676,-0.17339555159250933,0.9523809523809523,3.3518307209014893,-0.12657029926776886,2.0981580802049464
183,PAIR_SAFE_FROZEN,F183_FORWARD_PAIR_SAFE,215,216,SAR_BOUNDARY_FAR,SUPPORTED,,0.03393074870109558,0.030000656843185425,-0.01773896813392639,0.24000108242034912,-0.522799195802998,0.7142857142857143,3.3518307209014893,-0.12657029926776886,2.0981580802049464
183,PAIR_SAFE_FROZEN,F183_FORWARD_PAIR_SAFE,216,217,SAR_BOUNDARY_NEAR,SUPPORTED,,0.04309128224849701,5.960464477539062e-07,-0.008984386920928955,-0.28999999165534973,-0.2084966251205561,0.9047619047619048,3.3470351696014404,-0.07243173569440842,2.0481579788770503
183,PAIR_SAFE_FROZEN,F183_FORWARD_PAIR_SAFE,216,217,SAR_BOUNDARY_FAR,SUPPORTED,,0.03254443407058716,-0.049999505281448364,-0.01977631449699402,0.26000112295150757,-0.6076711751723886,0.8571428571428571,3.3470351696014404,-0.07243173569440842,2.0481579788770503
183,PAIR_SAFE_FROZEN,F183_FORWARD_PAIR_SAFE,217,218,SAR_BOUNDARY_NEAR,SUPPORTED,,0.05488663911819458,0.010000616312026978,-0.009543493390083313,0.280001163482666,-0.17387643957452123,0.9523809523809523,3.306525230407715,-0.07720897346735,2.0581579991426295
183,PAIR_SAFE_FROZEN,F183_FORWARD_PAIR_SAFE,217,218,SAR_BOUNDARY_FAR,SUPPORTED,,0.02953431010246277,0.0200006365776062,-0.012346804141998291,0.24000108242034912,-0.4180495193273105,0.8095238095238095,3.306525230407715,-0.07720897346735,2.0581579991426295
183,PAIR_SAFE_FROZEN,F183_FORWARD_PAIR_SAFE,218,219,SAR_BOUNDARY_NEAR,SUPPORTED,,0.04900427162647247,5.960464477539062e-07,,,,1.0,3.4074957370758057,-0.14861567318439484,2.0581579991426295
183,PAIR_SAFE_FROZEN,F183_FORWARD_PAIR_SAFE,218,219,SAR_BOUNDARY_FAR,SUPPORTED,,0.023766860365867615,5.960464477539062e-07,-0.009650737047195435,0.20000100135803223,-0.40605855795135576,0.6666666666666666,3.4074957370758057,-0.14861567318439484,2.0581579991426295
183,PAIR_SAFE_FROZEN,F183_FORWARD_PAIR_SAFE,219,220,SAR_BOUNDARY_NEAR,SUPPORTED,,0.048115819692611694,5.960464477539062e-07,-0.01557140052318573,0.25000113248825073,-0.3236233035759081,1.0,3.33091402053833,-0.10936346650123596,2.0981580802049464
183,PAIR_SAFE_FROZEN,F183_FORWARD_PAIR_SAFE,219,220,SAR_BOUNDARY_FAR,SUPPORTED,,0.022196710109710693,0.04000067710876465,-0.017049640417099,0.26000112295150757,-0.7681156501494365,0.7142857142857143,3.33091402053833,-0.10936346650123596,2.0981580802049464
183,PAIR_SAFE_FROZEN,F183_FORWARD_PAIR_SAFE,220,221,SAR_BOUNDARY_NEAR,SUPPORTED,,0.04736518859863281,-0.019999444484710693,,,,1.0,3.3454477787017822,-0.1295483410358429,2.078158039673788
183,PAIR_SAFE_FROZEN,F183_FORWARD_PAIR_SAFE,220,221,SAR_BOUNDARY_FAR,SUPPORTED,,0.024938732385635376,-0.03999948501586914,-0.020098060369491577,0.20000100135803223,-0.8058974313011992,0.7142857142857143,3.3454477787017822,-0.1295483410358429,2.078158039673788
183,PAIR_SAFE_FROZEN,F183_FORWARD_PAIR_SAFE,221,222,SAR_BOUNDARY_NEAR,SUPPORTED,,0.04145224392414093,-0.00999942421913147,-0.02450980246067047,-0.21999984979629517,-0.5912780621846256,0.9523809523809523,3.337445020675659,-0.08488178998231888,2.1081581004705257
183,PAIR_SAFE_FROZEN,F183_FORWARD_PAIR_SAFE,221,222,SAR_BOUNDARY_FAR,SUPPORTED,,0.0156862735748291,0.0200006365776062,-0.006755515933036804,0.2700011134147644,-0.43066416640068095,0.7142857142857143,3.337445020675659,-0.08488178998231888,2.1081581004705257
183,PAIR_SAFE_FROZEN,F183_FORWARD_PAIR_SAFE,222,223,SAR_BOUNDARY_NEAR,SUPPORTED,,0.04060967266559601,0.030000656843185425,-0.0003216862678527832,-0.2699999511241913,-0.007921419867176415,0.9523809523809523,3.3844821453094482,-0.06460344791412354,2.0481579788770503
183,PAIR_SAFE_FROZEN,F183_FORWARD_PAIR_SAFE,222,223,SAR_BOUNDARY_FAR,SUPPORTED,,0.025490209460258484,-0.029999464750289917,-0.0168658047914505,0.2300010323524475,-0.6616581483077179,0.8095238095238095,3.3844821453094482,-0.06460344791412354,2.0481579788770503
183,PAIR_SAFE_FROZEN,F183_FORWARD_PAIR_SAFE,223,224,SAR_BOUNDARY_NEAR,SUPPORTED,,0.03809742629528046,-0.029999464750289917,-0.016973033547401428,-0.2799999713897705,-0.4455165400373532,0.9523809523809523,3.4270238876342773,-0.1131216511130333,2.078158039673788
183,PAIR_SAFE_FROZEN,F183_FORWARD_PAIR_SAFE,223,224,SAR_BOUNDARY_FAR,SUPPORTED,,0.025620415806770325,5.960464477539062e-07,-0.012829333543777466,0.24000108242034912,-0.5007464999997092,0.7142857142857143,3.4270238876342773,-0.1131216511130333,2.078158039673788
183,PAIR_SAFE_FROZEN,F183_FORWARD_PAIR_SAFE,224,225,SAR_BOUNDARY_NEAR,SUPPORTED,,0.036105990409851074,-0.00999942421913147,-0.008333325386047363,-0.2699999511241913,-0.2308017393084367,1.0,3.29306697845459,-0.028490720316767693,2.088158059939367
183,PAIR_SAFE_FROZEN,F183_FORWARD_PAIR_SAFE,224,225,SAR_BOUNDARY_FAR,SUPPORTED,,0.024509787559509277,5.960464477539062e-07,-0.013725504279136658,0.2700011134147644,-0.5600009484297408,0.7142857142857143,3.29306697845459,-0.028490720316767693,2.088158059939367
183,PAIR_SAFE_FROZEN,F183_FORWARD_PAIR_SAFE,225,226,SAR_BOUNDARY_NEAR,SUPPORTED,,0.03569240868091583,0.010000616312026978,-0.0085248202085495,-0.2799999713897705,-0.23884126971536068,0.9523809523809523,3.350428819656372,-0.04762547090649605,2.0681580194082088
183,PAIR_SAFE_FROZEN,F183_FORWARD_PAIR_SAFE,225,226,SAR_BOUNDARY_FAR,SUPPORTED,,0.02306985855102539,-0.00999942421913147,-0.017524495720863342,0.22000104188919067,-0.7596273588805523,0.6666666666666666,3.350428819656372,-0.04762547090649605,2.0681580194082088
183,PAIR_SAFE_FROZEN,F183_FORWARD_PAIR_SAFE,226,227,SAR_BOUNDARY_NEAR,SUPPORTED,,0.03788295388221741,0.010000616312026978,-0.02179841697216034,0.2700011134147644,-0.5754149224987629,0.9523809523809523,3.3335072994232178,0.0036786722484976053,2.0681580194082088
183,PAIR_SAFE_FROZEN,F183_FORWARD_PAIR_SAFE,226,227,SAR_BOUNDARY_FAR,SUPPORTED,,0.025482535362243652,0.010000616312026978,-0.007291674613952637,0.2700011134147644,-0.28614400059879397,0.8095238095238095,3.3335072994232178,0.0036786722484976053,2.0681580194082088
183,PAIR_SAFE_FROZEN,F183_FORWARD_PAIR_SAFE,227,228,SAR_BOUNDARY_NEAR,SUPPORTED,,0.04715074598789215,0.010000616312026978,-0.010569840669631958,0.2900012135505676,-0.22417122885704055,0.9523809523809523,3.372631788253784,-0.050584468990564346,2.0181579180803126
183,PAIR_SAFE_FROZEN,F183_FORWARD_PAIR_SAFE,227,228,SAR_BOUNDARY_FAR,SUPPORTED,,0.029825359582901,-0.03999948501586914,-0.007758870720863342,0.2900012135505676,-0.2601434091447311,0.6666666666666666,3.372631788253784,-0.050584468990564346,2.0181579180803126
183,PAIR_SAFE_FROZEN,F183_FORWARD_PAIR_SAFE,228,229,SAR_BOUNDARY_NEAR,SUPPORTED,,0.030974268913269043,-0.019999444484710693,-0.012247264385223389,-0.2699999511241913,-0.39540124157625534,1.0,3.3690924644470215,-0.05145573616027832,2.088158059939367
183,PAIR_SAFE_FROZEN,F183_FORWARD_PAIR_SAFE,228,229,SAR_BOUNDARY_FAR,SUPPORTED,,0.02029716968536377,0.05000069737434387,-0.01724877953529358,0.24000108242034912,-0.8498120576748011,0.7142857142857143,3.3690924644470215,-0.05145573616027832,2.088158059939367
183,PAIR_SAFE_FROZEN,F183_FORWARD_PAIR_SAFE,229,230,SAR_BOUNDARY_NEAR,SUPPORTED,,0.027389705181121826,-0.019999444484710693,-0.011688098311424255,-0.28999999165534973,-0.4267332647114508,0.9047619047619048,3.42233943939209,-0.09190696477890015,2.078158039673788
183,PAIR_SAFE_FROZEN,F183_FORWARD_PAIR_SAFE,229,230,SAR_BOUNDARY_FAR,SUPPORTED,,0.02084866166114807,-0.029999464750289917,-0.005897685885429382,0.280001163482666,-0.2828807902053419,0.8095238095238095,3.42233943939209,-0.09190696477890015,2.078158039673788
183,PAIR_SAFE_FROZEN,F183_FORWARD_PAIR_SAFE,230,231,SAR_BOUNDARY_NEAR,SUPPORTED,,0.03311888873577118,5.960464477539062e-07,,,,0.9047619047619048,3.4090986251831055,-0.018546534702181816,2.0681580194082088
183,PAIR_SAFE_FROZEN,F183_FORWARD_PAIR_SAFE,230,231,SAR_BOUNDARY_FAR,SUPPORTED,,0.020067408680915833,-0.00999942421913147,-0.010194540023803711,0.26000112295150757,-0.5080147709105436,0.8095238095238095,3.4090986251831055,-0.018546534702181816,2.0681580194082088
183,PAIR_SAFE_FROZEN,F183_FORWARD_PAIR_SAFE,231,232,SAR_BOUNDARY_NEAR,SUPPORTED,,0.033448219299316406,0.010000616312026978,-0.006433829665184021,-0.25999993085861206,-0.19235193382373905,0.8571428571428571,3.401381254196167,-0.10631038248538971,2.038157958611471
183,PAIR_SAFE_FROZEN,F183_FORWARD_PAIR_SAFE,231,232,SAR_BOUNDARY_FAR,SUPPORTED,,0.014460772275924683,-0.019999444484710693,-0.012078732252120972,0.2700011134147644,-0.8352757391962047,0.5714285714285714,3.401381254196167,-0.10631038248538971,2.038157958611471
183,PAIR_SAFE_FROZEN,F183_FORWARD_PAIR_SAFE,232,233,SAR_BOUNDARY_NEAR,SUPPORTED,,0.030897676944732666,5.960464477539062e-07,-0.0007352977991104126,-0.2799999713897705,-0.023797834394658712,0.8571428571428571,3.295888662338257,-0.06482458859682083,2.0581579991426295
183,PAIR_SAFE_FROZEN,F183_FORWARD_PAIR_SAFE,232,233,SAR_BOUNDARY_FAR,SUPPORTED,,0.017524510622024536,0.0200006365776062,-0.015196084976196289,0.25000113248825073,-0.8671332001190426,0.7619047619047619,3.295888662338257,-0.06482458859682083,2.0581579991426295
183,PAIR_SAFE_FROZEN,F183_FORWARD_PAIR_SAFE,233,234,SAR_BOUNDARY_NEAR,SUPPORTED,,0.04205729067325592,0.0200006365776062,-0.020059749484062195,-0.21999984979629517,-0.47696247577873857,0.9523809523809523,3.2796363830566406,-0.01887519843876362,2.0581579991426295
183,PAIR_SAFE_FROZEN,F183_FORWARD_PAIR_SAFE,233,234,SAR_BOUNDARY_FAR,SUPPORTED,,0.020435050129890442,0.0200006365776062,-0.018765315413475037,0.24000108242034912,-0.918290647402275,0.7142857142857143,3.2796363830566406,-0.01887519843876362,2.0581579991426295
183,PAIR_SAFE_FROZEN,F183_FORWARD_PAIR_SAFE,234,235,SAR_BOUNDARY_NEAR,SUPPORTED,,0.031694233417510986,-0.029999464750289917,,,,0.9523809523809523,3.372838258743286,-0.056378673762083054,2.1481581815328425
183,PAIR_SAFE_FROZEN,F183_FORWARD_PAIR_SAFE,234,235,SAR_BOUNDARY_FAR,SUPPORTED,,0.011136651039123535,0.060000717639923096,-0.0275888592004776,-0.24999991059303284,-2.4773030153819806,0.6190476190476191,3.372838258743286,-0.056378673762083054,2.1481581815328425
183,PAIR_SAFE_FROZEN,F183_FORWARD_PAIR_SAFE,235,236,SAR_BOUNDARY_NEAR,SUPPORTED,,0.03788295388221741,5.960464477539062e-07,-0.010692417621612549,0.2900012135505676,-0.2822487827864887,1.0,3.4589455127716064,-0.03813055157661438,2.088158059939367
183,PAIR_SAFE_FROZEN,F183_FORWARD_PAIR_SAFE,235,236,SAR_BOUNDARY_FAR,SUPPORTED,,0.0168658047914505,-0.05999952554702759,-0.006066158413887024,0.25000113248825073,-0.3596720398994562,0.6666666666666666,3.4589455127716064,-0.03813055157661438,2.088158059939367
183,PAIR_SAFE_FROZEN,F183_FORWARD_PAIR_SAFE,236,237,SAR_BOUNDARY_NEAR,SUPPORTED,,0.03268994390964508,-0.00999942421913147,-0.0058210790157318115,-0.2799999713897705,-0.1780694097188193,0.9523809523809523,3.326414108276367,-0.0839194506406784,2.0481579788770503
183,PAIR_SAFE_FROZEN,F183_FORWARD_PAIR_SAFE,236,237,SAR_BOUNDARY_FAR,SUPPORTED,,0.015471816062927246,-0.049999505281448364,-0.009528174996376038,0.20000100135803223,-0.6158407621718662,0.6190476190476191,3.326414108276367,-0.0839194506406784,2.0481579788770503
183,PAIR_SAFE_FROZEN,F183_FORWARD_PAIR_SAFE,237,238,SAR_BOUNDARY_NEAR,SUPPORTED,,0.03455880284309387,5.960464477539062e-07,-0.01576286554336548,0.280001163482666,-0.4561172334277049,0.9047619047619048,3.337693214416504,-0.016652828082442284,2.0581579991426295
183,PAIR_SAFE_FROZEN,F183_FORWARD_PAIR_SAFE,237,238,SAR_BOUNDARY_FAR,SUPPORTED,,0.012714460492134094,0.010000616312026978,-0.017264097929000854,-0.24999991059303284,-1.357831733378025,0.6666666666666666,3.337693214416504,-0.016652828082442284,2.0581579991426295
183,PAIR_SAFE_FROZEN,F183_FORWARD_PAIR_SAFE,238,239,SAR_BOUNDARY_NEAR,SUPPORTED,,0.033256739377975464,0.010000616312026978,-0.01630668342113495,-0.2399998903274536,-0.4903271855909656,0.9523809523809523,3.424652099609375,-0.16110897064208984,2.0481579788770503
183,PAIR_SAFE_FROZEN,F183_FORWARD_PAIR_SAFE,238,239,SAR_BOUNDARY_FAR,SUPPORTED,,0.016773894429206848,5.960464477539062e-07,-0.014284640550613403,0.20000100135803223,-0.8515995263294889,0.6666666666666666,3.424652099609375,-0.16110897064208984,2.0481579788770503
183,PAIR_SAFE_FROZEN,F183_FORWARD_PAIR_SAFE,239,240,SAR_BOUNDARY_NEAR,SUPPORTED,,0.04407167434692383,0.0200006365776062,-0.004227936267852783,-0.2799999713897705,-0.09593318907222072,0.8571428571428571,3.2587578296661377,-0.056556690484285355,2.028157938345892
183,PAIR_SAFE_FROZEN,F183_FORWARD_PAIR_SAFE,239,240,SAR_BOUNDARY_FAR,SUPPORTED,,0.015801161527633667,5.960464477539062e-07,-0.010600492358207703,0.2700011134147644,-0.6708679194038465,0.6666666666666666,3.2587578296661377,-0.056556690484285355,2.028157938345892
183,PAIR_SAFE_FROZEN,F183_FORWARD_PAIR_SAFE,240,241,SAR_BOUNDARY_NEAR,SUPPORTED,,0.03854165971279144,-0.019999444484710693,-0.0127144455909729,0.2700011134147644,-0.3298883775561215,0.9523809523809523,3.3176465034484863,-0.09380267560482025,2.0581579991426295
183,PAIR_SAFE_FROZEN,F183_FORWARD_PAIR_SAFE,240,241,SAR_BOUNDARY_FAR,SUPPORTED,,0.017769619822502136,0.010000616312026978,-0.014215677976608276,0.25000113248825073,-0.799998993709848,0.7142857142857143,3.3176465034484863,-0.09380267560482025,2.0581579991426295
183,PAIR_SAFE_FROZEN,F183_FORWARD_PAIR_SAFE,241,242,SAR_BOUNDARY_NEAR,SUPPORTED,,0.04363510012626648,0.010000616312026978,-0.0015931278467178345,-0.28999999165534973,-0.036510236990583624,0.9523809523809523,3.359771490097046,-0.07017160207033157,2.0981580802049464
183,PAIR_SAFE_FROZEN,F183_FORWARD_PAIR_SAFE,241,242,SAR_BOUNDARY_FAR,SUPPORTED,,0.012193620204925537,0.05000069737434387,-0.012423396110534668,0.24000108242034912,-1.0188439447635342,0.6190476190476191,3.359771490097046,-0.07017160207033157,2.0981580802049464
183,PAIR_SAFE_FROZEN,F183_FORWARD_PAIR_SAFE,242,243,SAR_BOUNDARY_NEAR,SUPPORTED,,0.028844982385635376,5.960464477539062e-07,-0.014767169952392578,-0.2799999713897705,-0.5119493489358669,0.9523809523809523,3.4398715496063232,-0.039439909160137177,2.0681580194082088
183,PAIR_SAFE_FROZEN,F183_FORWARD_PAIR_SAFE,242,243,SAR_BOUNDARY_FAR,SUPPORTED,,0.014322936534881592,-0.029999464750289917,-0.008103549480438232,0.24000108242034912,-0.565774306176888,0.6190476190476191,3.4398715496063232,-0.039439909160137177,2.0681580194082088
183,PAIR_SAFE_FROZEN,F183_FORWARD_PAIR_SAFE,243,244,SAR_BOUNDARY_NEAR,SUPPORTED,,0.0363357812166214,0.010000616312026978,-0.01986059546470642,0.280001163482666,-0.5465850684839938,0.9047619047619048,3.413383722305298,0.05713585764169693,2.0481579788770503
183,PAIR_SAFE_FROZEN,F183_FORWARD_PAIR_SAFE,243,244,SAR_BOUNDARY_FAR,SUPPORTED,,0.017815589904785156,-0.00999942421913147,0.0030637383460998535,0.2900012135505676,0.1719695144799529,0.5714285714285714,3.413383722305298,0.05713585764169693,2.0481579788770503
183,PAIR_SAFE_FROZEN,F183_FORWARD_PAIR_SAFE,244,245,SAR_BOUNDARY_NEAR,SUPPORTED,,0.031786128878593445,-0.03999948501586914,-0.015471816062927246,-0.2699999511241913,-0.4867474149501367,0.9523809523809523,3.411144971847534,0.012028254568576813,2.0581579991426295
183,PAIR_SAFE_FROZEN,F183_FORWARD_PAIR_SAFE,244,245,SAR_BOUNDARY_FAR,SUPPORTED,,0.027083322405815125,-0.029999464750289917,-0.00857841968536377,0.2300010323524475,-0.31674177771933465,0.5714285714285714,3.411144971847534,0.012028254568576813,2.0581579991426295
183,PAIR_SAFE_FROZEN,F183_FORWARD_PAIR_SAFE,245,246,SAR_BOUNDARY_NEAR,SUPPORTED,,0.035171568393707275,0.0200006365776062,-0.05061273276805878,0.20000100135803223,-1.4390240492406974,0.9523809523809523,3.4004132747650146,-0.013522403314709663,2.028157938345892
183,PAIR_SAFE_FROZEN,F183_FORWARD_PAIR_SAFE,245,246,SAR_BOUNDARY_FAR,SUPPORTED,,0.008149489760398865,-0.00999942421913147,-0.0014093071222305298,0.25000113248825073,-0.17293194588437072,0.6190476190476191,3.4004132747650146,-0.013522403314709663,2.028157938345892
183,PAIR_SAFE_FROZEN,F183_FORWARD_PAIR_SAFE,246,247,SAR_BOUNDARY_NEAR,SUPPORTED,,0.047120094299316406,5.960464477539062e-07,-0.004534304141998291,-0.28999999165534973,-0.09622867291384161,0.9047619047619048,3.139277458190918,-0.07472478598356247,2.028157938345892
183,PAIR_SAFE_FROZEN,F183_FORWARD_PAIR_SAFE,246,247,SAR_BOUNDARY_FAR,SUPPORTED,,0.010899201035499573,5.960464477539062e-07,-0.0033088326454162598,0.25000113248825073,-0.303584880638418,0.6666666666666666,3.139277458190918,-0.07472478598356247,2.028157938345892
183,PAIR_SAFE_FROZEN,F183_FORWARD_PAIR_SAFE,247,248,SAR_BOUNDARY_NEAR,SUPPORTED,,0.04034161567687988,0.010000616312026978,-0.028492644429206848,-0.1899997889995575,-0.7062841671345409,0.8095238095238095,3.2325141429901123,-0.00246770610101521,1.9981578775491542
183,PAIR_SAFE_FROZEN,F183_FORWARD_PAIR_SAFE,247,248,SAR_BOUNDARY_FAR,SUPPORTED,,0.014767155051231384,-0.019999444484710693,-0.015242040157318115,0.22000104188919067,-1.0321581986807358,0.6190476190476191,3.2325141429901123,-0.00246770610101521,1.9981578775491542
183,PAIR_SAFE_FROZEN,F183_FORWARD_PAIR_SAFE,248,249,SAR_BOUNDARY_NEAR,SUPPORTED,,0.038725465536117554,-0.00999942421913147,-0.03481924533843994,-0.20999982953071594,-0.8991304521817962,0.9047619047619048,3.359560489654541,-0.03570718690752983,2.0681580194082088
183,PAIR_SAFE_FROZEN,F183_FORWARD_PAIR_SAFE,248,249,SAR_BOUNDARY_FAR,SUPPORTED,,0.01312805712223053,0.060000717639923096,-0.00808820128440857,-0.28999999165534973,-0.6161004030605817,0.6190476190476191,3.359560489654541,-0.03570718690752983,2.0681580194082088
183,PAIR_SAFE_FROZEN,F183_FORWARD_PAIR_SAFE,249,250,SAR_BOUNDARY_NEAR,SUPPORTED,,0.03523285686969757,0.010000616312026978,-0.01194852590560913,0.280001163482666,-0.3391302030885154,0.9047619047619048,3.3580915927886963,-0.025229917839169502,2.0081578978147334
183,PAIR_SAFE_FROZEN,F183_FORWARD_PAIR_SAFE,249,250,SAR_BOUNDARY_FAR,SUPPORTED,,0.016107529401779175,-0.049999505281448364,-0.0073223114013671875,0.26000112295150757,-0.4545893549980665,0.7142857142857143,3.3580915927886963,-0.025229917839169502,2.0081578978147334
183,PAIR_SAFE_FROZEN,F183_FORWARD_PAIR_SAFE,250,251,SAR_BOUNDARY_NEAR,SUPPORTED,,0.04522058367729187,5.960464477539062e-07,-0.011243879795074463,0.2900012135505676,-0.24864517174997744,0.9523809523809523,3.2430851459503174,-0.04451834410429001,1.9681578167524165
183,PAIR_SAFE_FROZEN,F183_FORWARD_PAIR_SAFE,250,251,SAR_BOUNDARY_FAR,SUPPORTED,,0.007061898708343506,-0.03999948501586914,0.005453422665596008,0.190000981092453,0.7722317879117818,0.5238095238095238,3.2430851459503174,-0.04451834410429001,1.9681578167524165
183,PAIR_SAFE_FROZEN,F183_FORWARD_PAIR_SAFE,251,252,SAR_BOUNDARY_NEAR,SUPPORTED,,0.03196996450424194,5.960464477539062e-07,-0.008716315031051636,-0.2799999713897705,-0.27264074784615755,0.9523809523809523,3.4145126342773438,0.010120299644768238,2.0181579180803126
183,PAIR_SAFE_FROZEN,F183_FORWARD_PAIR_SAFE,251,252,SAR_BOUNDARY_FAR,SUPPORTED,,0.010952770709991455,0.05000069737434387,-0.002267181873321533,0.280001163482666,-0.2069961960632792,0.5714285714285714,3.4145126342773438,0.010120299644768238,2.0181579180803126
183,PAIR_SAFE_FROZEN,F183_FORWARD_PAIR_SAFE,252,253,SAR_BOUNDARY_NEAR,SUPPORTED,,0.029488354921340942,-0.019999444484710693,-0.010891556739807129,0.2900012135505676,-0.3693511139858408,0.8571428571428571,3.434725522994995,-0.029802070930600166,2.088158059939367
183,PAIR_SAFE_FROZEN,F183_FORWARD_PAIR_SAFE,252,253,SAR_BOUNDARY_FAR,SUPPORTED,,0.00900733470916748,0.05000069737434387,-0.004718154668807983,0.26000112295150757,-0.5238125173705316,0.6666666666666666,3.434725522994995,-0.029802070930600166,2.088158059939367
183,PAIR_SAFE_FROZEN,F183_FORWARD_PAIR_SAFE,253,254,SAR_BOUNDARY_NEAR,SUPPORTED,,0.04411764442920685,0.0200006365776062,,,,1.0,3.3311173915863037,0.006492289714515209,1.988157857283575
183,PAIR_SAFE_FROZEN,F183_FORWARD_PAIR_SAFE,253,254,SAR_BOUNDARY_FAR,SUPPORTED,,0.0092984139919281,-0.07999956607818604,-0.0017463266849517822,0.20000100135803223,-0.18780909157924763,0.6190476190476191,3.3311173915863037,0.006492289714515209,1.988157857283575
183,PAIR_SAFE_FROZEN,F183_FORWARD_PAIR_SAFE,254,255,SAR_BOUNDARY_NEAR,SUPPORTED,,0.03359374403953552,5.960464477539062e-07,-0.013296574354171753,0.2900012135505676,-0.39580507425797473,0.9047619047619048,3.4155919551849365,-0.010805630125105381,2.0481579788770503
183,PAIR_SAFE_FROZEN,F183_FORWARD_PAIR_SAFE,254,255,SAR_BOUNDARY_FAR,SUPPORTED,,0.010891541838645935,0.060000717639923096,-0.04613971710205078,-0.13999968767166138,-4.236288836382691,0.6190476190476191,3.4155919551849365,-0.010805630125105381,2.0481579788770503
183,PAIR_SAFE_FROZEN,F183_FORWARD_PAIR_SAFE,255,256,SAR_BOUNDARY_NEAR,SUPPORTED,,0.050360023975372314,0.010000616312026978,-0.014897346496582031,0.2900012135505676,-0.2958169063594433,0.9047619047619048,3.41288161277771,0.02473543956875801,1.988157857283575
183,PAIR_SAFE_FROZEN,F183_FORWARD_PAIR_SAFE,255,256,SAR_BOUNDARY_FAR,SUPPORTED,,0.012254908680915833,-0.049999505281448364,-0.00013786554336547852,0.20000100135803223,-0.011249822169639828,0.5714285714285714,3.41288161277771,0.02473543956875801,1.988157857283575
183,PAIR_SAFE_FROZEN,F183_FORWARD_PAIR_SAFE,256,257,SAR_BOUNDARY_NEAR,SUPPORTED,,0.04241727292537689,-0.019999444484710693,-0.014644607901573181,0.25000113248825073,-0.34525104731124245,0.9523809523809523,3.3396146297454834,-0.08994075655937195,2.088158059939367
183,PAIR_SAFE_FROZEN,F183_FORWARD_PAIR_SAFE,256,257,SAR_BOUNDARY_FAR,SUPPORTED,,0.00430452823638916,0.08000075817108154,-0.018780633807182312,-0.24999991059303284,-4.362994682766069,0.5238095238095238,3.3396146297454834,-0.08994075655937195,2.088158059939367
183,PAIR_SAFE_FROZEN,F183_FORWARD_PAIR_SAFE,257,258,SAR_BOUNDARY_NEAR,SUPPORTED,,0.04857535660266876,5.960464477539062e-07,-0.019607841968536377,0.2700011134147644,-0.403658219720802,0.9047619047619048,3.374603509902954,0.009882723912596703,2.218158323391897
183,PAIR_SAFE_FROZEN,F183_FORWARD_PAIR_SAFE,257,258,SAR_BOUNDARY_FAR,SUPPORTED,,0.007368266582489014,0.13000085949897766,0.0023207515478134155,-0.08999958634376526,0.31496574151222706,0.5238095238095238,3.374603509902954,0.009882723912596703,2.218158323391897
183,PAIR_SAFE_FROZEN,F183_FORWARD_PAIR_SAFE,258,259,SAR_BOUNDARY_NEAR,SUPPORTED,,0.041360288858413696,0.010000616312026978,-0.00615808367729187,-0.2799999713897705,-0.14888879761871307,0.9523809523809523,3.3675053119659424,0.04898912459611893,2.028157938345892
183,PAIR_SAFE_FROZEN,F183_FORWARD_PAIR_SAFE,258,259,SAR_BOUNDARY_FAR,SUPPORTED,,0.009214147925376892,-0.17999976873397827,-0.0002834200859069824,0.04000067710876465,-0.03075922898159783,0.6190476190476191,3.3675053119659424,0.04898912459611893,2.028157938345892
183,PAIR_SAFE_FROZEN,F183_FORWARD_PAIR_SAFE,259,260,SAR_BOUNDARY_NEAR,PROPAGATION_AMBIGUOUS,SAR_BOUNDARY_FAR:RIDGE_JUMP_EXCEEDS_LOCAL_CORRIDOR,0.04093138873577118,-0.019999444484710693,-0.01778493821620941,0.2900012135505676,-0.43450610315272825,1.0,3.271677255630493,-0.04554662108421326,2.2581584342565364
183,PAIR_SAFE_FROZEN,F183_FORWARD_PAIR_SAFE,259,260,SAR_BOUNDARY_FAR,PROPAGATION_AMBIGUOUS,SAR_BOUNDARY_FAR:RIDGE_JUMP_EXCEEDS_LOCAL_CORRIDOR,0.006280645728111267,0.21000105142593384,0.004411771893501282,-0.00999942421913147,0.702439221138493,0.5714285714285714,3.271677255630493,-0.04554662108421326,2.2581584342565364
183,BOUNDARY_INDEPENDENT_DIAGNOSTIC,FORWARD,183,184,SAR_BOUNDARY_NEAR,SUPPORTED,,0.03296568989753723,0.0200006365776062,0.0038449764251708984,-0.2699999511241913,0.11663570327579115,0.9047619047619048,3.2401342391967773,-0.1475583016872406,
183,BOUNDARY_INDEPENDENT_DIAGNOSTIC,FORWARD,184,185,SAR_BOUNDARY_NEAR,SUPPORTED,,0.03856465220451355,0.010000616312026978,,,,0.9523809523809523,3.2945022583007812,-0.16660428047180176,
183,BOUNDARY_INDEPENDENT_DIAGNOSTIC,FORWARD,185,186,SAR_BOUNDARY_NEAR,SUPPORTED,,0.04790899157524109,5.960464477539062e-07,-0.013419121503829956,0.2900012135505676,-0.28009609600642965,1.0,3.262136697769165,-0.16833727061748505,
183,BOUNDARY_INDEPENDENT_DIAGNOSTIC,FORWARD,186,187,SAR_BOUNDARY_NEAR,SUPPORTED,,0.05174632370471954,5.960464477539062e-07,-0.013587623834609985,0.2900012135505676,-0.2625814330723309,0.9523809523809523,3.185572385787964,-0.13837981224060059,
183,BOUNDARY_INDEPENDENT_DIAGNOSTIC,FORWARD,187,188,SAR_BOUNDARY_NEAR,SUPPORTED,,0.05698530375957489,-0.03999948501586914,-0.011764705181121826,0.2900012135505676,-0.20645156566608763,0.9523809523809523,3.291785955429077,-0.18047849833965302,
183,BOUNDARY_INDEPENDENT_DIAGNOSTIC,FORWARD,188,189,SAR_BOUNDARY_NEAR,SUPPORTED,,0.04214921593666077,0.0200006365776062,-0.008808210492134094,-0.2399998903274536,-0.20897685274550606,0.9523809523809523,3.3517041206359863,-0.11577542871236801,
183,BOUNDARY_INDEPENDENT_DIAGNOSTIC,FORWARD,189,190,SAR_BOUNDARY_NEAR,SUPPORTED,,0.04172796010971069,-0.029999464750289917,-0.016329646110534668,0.26000112295150757,-0.3913358349557693,0.9523809523809523,3.3324625492095947,-0.11731155216693878,
183,BOUNDARY_INDEPENDENT_DIAGNOSTIC,FORWARD,190,191,SAR_BOUNDARY_NEAR,SUPPORTED,,0.04899662733078003,0.010000616312026978,,,,1.0,3.2746453285217285,-0.14445482194423676,
183,BOUNDARY_INDEPENDENT_DIAGNOSTIC,FORWARD,191,192,SAR_BOUNDARY_NEAR,SUPPORTED,,0.053936898708343506,-0.00999942421913147,-0.011167287826538086,0.280001163482666,-0.2070435656103197,0.9047619047619048,3.3071117401123047,-0.17132306098937988,
183,BOUNDARY_INDEPENDENT_DIAGNOSTIC,FORWARD,192,193,SAR_BOUNDARY_NEAR,SUPPORTED,,0.04782477021217346,0.0200006365776062,-0.02037377655506134,-0.21999984979629517,-0.4260088749966505,0.9523809523809523,3.3458220958709717,-0.1316174864768982,
183,BOUNDARY_INDEPENDENT_DIAGNOSTIC,FORWARD,193,194,SAR_BOUNDARY_NEAR,SUPPORTED,,0.051164209842681885,-0.029999464750289917,,,,0.9523809523809523,3.3102164268493652,-0.17266060411930084,
183,BOUNDARY_INDEPENDENT_DIAGNOSTIC,FORWARD,194,195,SAR_BOUNDARY_NEAR,SUPPORTED,,0.03615197539329529,0.010000616312026978,-0.0008578598499298096,-0.2699999511241913,-0.02372926625992635,0.8571428571428571,3.3806982040405273,-0.18617475032806396,
183,BOUNDARY_INDEPENDENT_DIAGNOSTIC,FORWARD,195,196,SAR_BOUNDARY_NEAR,SUPPORTED,,0.0411764532327652,-0.00999942421913147,-0.013219967484474182,-0.2399998903274536,-0.3210564885164685,0.9047619047619048,3.3919475078582764,-0.1416275054216385,
183,BOUNDARY_INDEPENDENT_DIAGNOSTIC,FORWARD,196,197,SAR_BOUNDARY_NEAR,SUPPORTED,,0.04473039507865906,-0.00999942421913147,-0.008386969566345215,-0.2699999511241913,-0.18750045805758267,0.9523809523809523,3.284621477127075,-0.12876299023628235,
183,BOUNDARY_INDEPENDENT_DIAGNOSTIC,FORWARD,197,198,SAR_BOUNDARY_NEAR,SUPPORTED,,0.03713235259056091,-0.00999942421913147,0.004028797149658203,-0.2799999713897705,0.10849830050041935,1.0,3.2999320030212402,-0.13052937388420105,
183,BOUNDARY_INDEPENDENT_DIAGNOSTIC,FORWARD,198,199,SAR_BOUNDARY_NEAR,SUPPORTED,,0.048284322023391724,5.960464477539062e-07,0.005637258291244507,-0.2699999511241913,0.1167513191655356,1.0,3.3417301177978516,-0.17273031175136566,
183,BOUNDARY_INDEPENDENT_DIAGNOSTIC,FORWARD,199,200,SAR_BOUNDARY_NEAR,SUPPORTED,,0.04779411852359772,0.0200006365776062,-0.005583658814430237,-0.2699999511241913,-0.11682732074394005,0.8571428571428571,3.365966558456421,-0.11387225240468979,
183,BOUNDARY_INDEPENDENT_DIAGNOSTIC,FORWARD,200,201,SAR_BOUNDARY_NEAR,SUPPORTED,,0.04117646813392639,-0.00999942421913147,-0.010439649224281311,0.26000112295150757,-0.2535343534157998,1.0,3.403669595718384,-0.142923042178154,
183,BOUNDARY_INDEPENDENT_DIAGNOSTIC,FORWARD,201,202,SAR_BOUNDARY_NEAR,SUPPORTED,,0.05441176891326904,-0.019999444484710693,-0.054794713854789734,0.21000105142593384,-1.0070379064891475,1.0,3.3411476612091064,-0.16470497846603394,
183,BOUNDARY_INDEPENDENT_DIAGNOSTIC,FORWARD,202,203,SAR_BOUNDARY_NEAR,SUPPORTED,,0.055024534463882446,0.010000616312026978,0.0036917924880981445,-0.28999999165534973,0.06709357060569772,1.0,3.338536262512207,-0.12960048019886017,
183,BOUNDARY_INDEPENDENT_DIAGNOSTIC,FORWARD,203,204,SAR_BOUNDARY_NEAR,SUPPORTED,,0.05367647111415863,-0.00999942421913147,-0.01132047176361084,-0.25999993085861206,-0.2109019376392044,0.9523809523809523,3.3419933319091797,-0.14260417222976685,
183,BOUNDARY_INDEPENDENT_DIAGNOSTIC,FORWARD,204,205,SAR_BOUNDARY_NEAR,SUPPORTED,,0.06322763860225677,-0.00999942421913147,-0.0159313827753067,-0.25999993085861206,-0.2519686505378688,0.9523809523809523,3.286322832107544,-0.08169930428266525,
183,BOUNDARY_INDEPENDENT_DIAGNOSTIC,FORWARD,205,206,SAR_BOUNDARY_NEAR,SUPPORTED,,0.0693780779838562,0.010000616312026978,-0.028079062700271606,-0.21999984979629517,-0.40472528954759185,1.0,3.3927512168884277,-0.07797950506210327,
183,BOUNDARY_INDEPENDENT_DIAGNOSTIC,FORWARD,206,207,SAR_BOUNDARY_NEAR,SUPPORTED,,0.05879288911819458,-0.019999444484710693,-0.026041671633720398,0.26000112295150757,-0.4429391381220847,1.0,3.3193063735961914,-0.09688576310873032,
183,BOUNDARY_INDEPENDENT_DIAGNOSTIC,FORWARD,207,208,SAR_BOUNDARY_NEAR,SUPPORTED,,0.06134343147277832,0.010000616312026978,-0.03088235855102539,0.2700011134147644,-0.5034338283591081,0.9523809523809523,3.3512463569641113,-0.1477534919977188,
183,BOUNDARY_INDEPENDENT_DIAGNOSTIC,FORWARD,208,209,SAR_BOUNDARY_NEAR,SUPPORTED,,0.05132506787776947,5.960464477539062e-07,-0.016237765550613403,-0.2799999713897705,-0.31637104872970856,0.9523809523809523,3.3658230304718018,-0.1400453746318817,
183,BOUNDARY_INDEPENDENT_DIAGNOSTIC,FORWARD,209,210,SAR_BOUNDARY_NEAR,SUPPORTED,,0.06183749437332153,5.960464477539062e-07,-0.06887254118919373,0.20000100135803223,-1.1137666861694078,0.9523809523809523,3.3561248779296875,-0.12403517961502075,
183,BOUNDARY_INDEPENDENT_DIAGNOSTIC,FORWARD,210,211,SAR_BOUNDARY_NEAR,SUPPORTED,,0.037714481353759766,5.960464477539062e-07,,,,0.9523809523809523,3.352847099304199,-0.1529773473739624,
183,BOUNDARY_INDEPENDENT_DIAGNOSTIC,FORWARD,211,212,SAR_BOUNDARY_NEAR,SUPPORTED,,0.033946067094802856,0.010000616312026978,-0.007153794169425964,-0.28999999165534973,-0.21073999970150328,0.9523809523809523,3.36651349067688,-0.0015646434621885419,
183,BOUNDARY_INDEPENDENT_DIAGNOSTIC,FORWARD,212,213,SAR_BOUNDARY_NEAR,SUPPORTED,,0.036856621503829956,-0.019999444484710693,-0.017049640417099,0.24000108242034912,-0.46259368660058237,0.9047619047619048,3.29156494140625,-0.08254213631153107,
183,BOUNDARY_INDEPENDENT_DIAGNOSTIC,FORWARD,213,214,SAR_BOUNDARY_NEAR,SUPPORTED,,0.05515472590923309,5.960464477539062e-07,-0.018443629145622253,-0.2799999713897705,-0.3343979838821885,1.0,3.3753409385681152,-0.08061816543340683,
183,BOUNDARY_INDEPENDENT_DIAGNOSTIC,FORWARD,214,215,SAR_BOUNDARY_NEAR,SUPPORTED,,0.03964461386203766,0.010000616312026978,-0.02509191632270813,-0.2399998903274536,-0.6329211935328067,0.9523809523809523,3.2831058502197266,-0.08069150149822235,
183,BOUNDARY_INDEPENDENT_DIAGNOSTIC,FORWARD,215,216,SAR_BOUNDARY_NEAR,SUPPORTED,,0.059191182255744934,-0.019999444484710693,-0.010263487696647644,0.2900012135505676,-0.17339555159250933,0.9523809523809523,3.3518307209014893,-0.12657029926776886,
183,BOUNDARY_INDEPENDENT_DIAGNOSTIC,FORWARD,216,217,SAR_BOUNDARY_NEAR,SUPPORTED,,0.04309128224849701,5.960464477539062e-07,-0.008984386920928955,-0.28999999165534973,-0.2084966251205561,0.9047619047619048,3.3470351696014404,-0.07243173569440842,
183,BOUNDARY_INDEPENDENT_DIAGNOSTIC,FORWARD,217,218,SAR_BOUNDARY_NEAR,SUPPORTED,,0.05488663911819458,0.010000616312026978,-0.009543493390083313,0.280001163482666,-0.17387643957452123,0.9523809523809523,3.306525230407715,-0.07720897346735,
183,BOUNDARY_INDEPENDENT_DIAGNOSTIC,FORWARD,218,219,SAR_BOUNDARY_NEAR,SUPPORTED,,0.04900427162647247,5.960464477539062e-07,,,,1.0,3.4074957370758057,-0.14861567318439484,
183,BOUNDARY_INDEPENDENT_DIAGNOSTIC,FORWARD,219,220,SAR_BOUNDARY_NEAR,SUPPORTED,,0.048115819692611694,5.960464477539062e-07,-0.01557140052318573,0.25000113248825073,-0.3236233035759081,1.0,3.33091402053833,-0.10936346650123596,
183,BOUNDARY_INDEPENDENT_DIAGNOSTIC,FORWARD,220,221,SAR_BOUNDARY_NEAR,SUPPORTED,,0.04736518859863281,-0.019999444484710693,,,,1.0,3.3454477787017822,-0.1295483410358429,
183,BOUNDARY_INDEPENDENT_DIAGNOSTIC,FORWARD,221,222,SAR_BOUNDARY_NEAR,SUPPORTED,,0.04145224392414093,-0.00999942421913147,-0.02450980246067047,-0.21999984979629517,-0.5912780621846256,0.9523809523809523,3.337445020675659,-0.08488178998231888,
183,BOUNDARY_INDEPENDENT_DIAGNOSTIC,FORWARD,222,223,SAR_BOUNDARY_NEAR,SUPPORTED,,0.04060967266559601,0.030000656843185425,-0.0003216862678527832,-0.2699999511241913,-0.007921419867176415,0.9523809523809523,3.3844821453094482,-0.06460344791412354,
183,BOUNDARY_INDEPENDENT_DIAGNOSTIC,FORWARD,223,224,SAR_BOUNDARY_NEAR,SUPPORTED,,0.03809742629528046,-0.029999464750289917,-0.016973033547401428,-0.2799999713897705,-0.4455165400373532,0.9523809523809523,3.4270238876342773,-0.1131216511130333,
183,BOUNDARY_INDEPENDENT_DIAGNOSTIC,FORWARD,224,225,SAR_BOUNDARY_NEAR,SUPPORTED,,0.036105990409851074,-0.00999942421913147,-0.008333325386047363,-0.2699999511241913,-0.2308017393084367,1.0,3.29306697845459,-0.028490720316767693,
183,BOUNDARY_INDEPENDENT_DIAGNOSTIC,FORWARD,225,226,SAR_BOUNDARY_NEAR,SUPPORTED,,0.03569240868091583,0.010000616312026978,-0.0085248202085495,-0.2799999713897705,-0.23884126971536068,0.9523809523809523,3.350428819656372,-0.04762547090649605,
183,BOUNDARY_INDEPENDENT_DIAGNOSTIC,FORWARD,226,227,SAR_BOUNDARY_NEAR,SUPPORTED,,0.03788295388221741,0.010000616312026978,-0.02179841697216034,0.2700011134147644,-0.5754149224987629,0.9523809523809523,3.3335072994232178,0.0036786722484976053,
183,BOUNDARY_INDEPENDENT_DIAGNOSTIC,FORWARD,227,228,SAR_BOUNDARY_NEAR,SUPPORTED,,0.04715074598789215,0.010000616312026978,-0.010569840669631958,0.2900012135505676,-0.22417122885704055,0.9523809523809523,3.372631788253784,-0.050584468990564346,
183,BOUNDARY_INDEPENDENT_DIAGNOSTIC,FORWARD,228,229,SAR_BOUNDARY_NEAR,SUPPORTED,,0.030974268913269043,-0.019999444484710693,-0.012247264385223389,-0.2699999511241913,-0.39540124157625534,1.0,3.3690924644470215,-0.05145573616027832,
183,BOUNDARY_INDEPENDENT_DIAGNOSTIC,FORWARD,229,230,SAR_BOUNDARY_NEAR,SUPPORTED,,0.027389705181121826,-0.019999444484710693,-0.011688098311424255,-0.28999999165534973,-0.4267332647114508,0.9047619047619048,3.42233943939209,-0.09190696477890015,
183,BOUNDARY_INDEPENDENT_DIAGNOSTIC,FORWARD,230,231,SAR_BOUNDARY_NEAR,SUPPORTED,,0.03311888873577118,5.960464477539062e-07,,,,0.9047619047619048,3.4090986251831055,-0.018546534702181816,
183,BOUNDARY_INDEPENDENT_DIAGNOSTIC,FORWARD,231,232,SAR_BOUNDARY_NEAR,SUPPORTED,,0.033448219299316406,0.010000616312026978,-0.006433829665184021,-0.25999993085861206,-0.19235193382373905,0.8571428571428571,3.401381254196167,-0.10631038248538971,
183,BOUNDARY_INDEPENDENT_DIAGNOSTIC,FORWARD,232,233,SAR_BOUNDARY_NEAR,SUPPORTED,,0.030897676944732666,5.960464477539062e-07,-0.0007352977991104126,-0.2799999713897705,-0.023797834394658712,0.8571428571428571,3.295888662338257,-0.06482458859682083,
183,BOUNDARY_INDEPENDENT_DIAGNOSTIC,FORWARD,233,234,SAR_BOUNDARY_NEAR,SUPPORTED,,0.04205729067325592,0.0200006365776062,-0.020059749484062195,-0.21999984979629517,-0.47696247577873857,0.9523809523809523,3.2796363830566406,-0.01887519843876362,
183,BOUNDARY_INDEPENDENT_DIAGNOSTIC,FORWARD,234,235,SAR_BOUNDARY_NEAR,SUPPORTED,,0.031694233417510986,-0.029999464750289917,,,,0.9523809523809523,3.372838258743286,-0.056378673762083054,
183,BOUNDARY_INDEPENDENT_DIAGNOSTIC,FORWARD,235,236,SAR_BOUNDARY_NEAR,SUPPORTED,,0.03788295388221741,5.960464477539062e-07,-0.010692417621612549,0.2900012135505676,-0.2822487827864887,1.0,3.4589455127716064,-0.03813055157661438,
183,BOUNDARY_INDEPENDENT_DIAGNOSTIC,FORWARD,236,237,SAR_BOUNDARY_NEAR,SUPPORTED,,0.03268994390964508,-0.00999942421913147,-0.0058210790157318115,-0.2799999713897705,-0.1780694097188193,0.9523809523809523,3.326414108276367,-0.0839194506406784,
183,BOUNDARY_INDEPENDENT_DIAGNOSTIC,FORWARD,237,238,SAR_BOUNDARY_NEAR,SUPPORTED,,0.03455880284309387,5.960464477539062e-07,-0.01576286554336548,0.280001163482666,-0.4561172334277049,0.9047619047619048,3.337693214416504,-0.016652828082442284,
183,BOUNDARY_INDEPENDENT_DIAGNOSTIC,FORWARD,238,239,SAR_BOUNDARY_NEAR,SUPPORTED,,0.033256739377975464,0.010000616312026978,-0.01630668342113495,-0.2399998903274536,-0.4903271855909656,0.9523809523809523,3.424652099609375,-0.16110897064208984,
183,BOUNDARY_INDEPENDENT_DIAGNOSTIC,FORWARD,239,240,SAR_BOUNDARY_NEAR,SUPPORTED,,0.04407167434692383,0.0200006365776062,-0.004227936267852783,-0.2799999713897705,-0.09593318907222072,0.8571428571428571,3.2587578296661377,-0.056556690484285355,
183,BOUNDARY_INDEPENDENT_DIAGNOSTIC,FORWARD,240,241,SAR_BOUNDARY_NEAR,SUPPORTED,,0.03854165971279144,-0.019999444484710693,-0.0127144455909729,0.2700011134147644,-0.3298883775561215,0.9523809523809523,3.3176465034484863,-0.09380267560482025,
183,BOUNDARY_INDEPENDENT_DIAGNOSTIC,FORWARD,241,242,SAR_BOUNDARY_NEAR,SUPPORTED,,0.04363510012626648,0.010000616312026978,-0.0015931278467178345,-0.28999999165534973,-0.036510236990583624,0.9523809523809523,3.359771490097046,-0.07017160207033157,
183,BOUNDARY_INDEPENDENT_DIAGNOSTIC,FORWARD,242,243,SAR_BOUNDARY_NEAR,SUPPORTED,,0.028844982385635376,5.960464477539062e-07,-0.014767169952392578,-0.2799999713897705,-0.5119493489358669,0.9523809523809523,3.4398715496063232,-0.039439909160137177,
183,BOUNDARY_INDEPENDENT_DIAGNOSTIC,FORWARD,243,244,SAR_BOUNDARY_NEAR,SUPPORTED,,0.0363357812166214,0.010000616312026978,-0.01986059546470642,0.280001163482666,-0.5465850684839938,0.9047619047619048,3.413383722305298,0.05713585764169693,
183,BOUNDARY_INDEPENDENT_DIAGNOSTIC,FORWARD,244,245,SAR_BOUNDARY_NEAR,SUPPORTED,,0.031786128878593445,-0.03999948501586914,-0.015471816062927246,-0.2699999511241913,-0.4867474149501367,0.9523809523809523,3.411144971847534,0.012028254568576813,
183,BOUNDARY_INDEPENDENT_DIAGNOSTIC,FORWARD,245,246,SAR_BOUNDARY_NEAR,SUPPORTED,,0.035171568393707275,0.0200006365776062,-0.05061273276805878,0.20000100135803223,-1.4390240492406974,0.9523809523809523,3.4004132747650146,-0.013522403314709663,
183,BOUNDARY_INDEPENDENT_DIAGNOSTIC,FORWARD,246,247,SAR_BOUNDARY_NEAR,SUPPORTED,,0.047120094299316406,5.960464477539062e-07,-0.004534304141998291,-0.28999999165534973,-0.09622867291384161,0.9047619047619048,3.139277458190918,-0.07472478598356247,
183,BOUNDARY_INDEPENDENT_DIAGNOSTIC,FORWARD,247,248,SAR_BOUNDARY_NEAR,SUPPORTED,,0.04034161567687988,0.010000616312026978,-0.028492644429206848,-0.1899997889995575,-0.7062841671345409,0.8095238095238095,3.2325141429901123,-0.00246770610101521,
183,BOUNDARY_INDEPENDENT_DIAGNOSTIC,FORWARD,248,249,SAR_BOUNDARY_NEAR,SUPPORTED,,0.038725465536117554,-0.00999942421913147,-0.03481924533843994,-0.20999982953071594,-0.8991304521817962,0.9047619047619048,3.359560489654541,-0.03570718690752983,
183,BOUNDARY_INDEPENDENT_DIAGNOSTIC,FORWARD,249,250,SAR_BOUNDARY_NEAR,SUPPORTED,,0.03523285686969757,0.010000616312026978,-0.01194852590560913,0.280001163482666,-0.3391302030885154,0.9047619047619048,3.3580915927886963,-0.025229917839169502,
183,BOUNDARY_INDEPENDENT_DIAGNOSTIC,FORWARD,250,251,SAR_BOUNDARY_NEAR,SUPPORTED,,0.04522058367729187,5.960464477539062e-07,-0.011243879795074463,0.2900012135505676,-0.24864517174997744,0.9523809523809523,3.2430851459503174,-0.04451834410429001,
183,BOUNDARY_INDEPENDENT_DIAGNOSTIC,FORWARD,251,252,SAR_BOUNDARY_NEAR,SUPPORTED,,0.03196996450424194,5.960464477539062e-07,-0.008716315031051636,-0.2799999713897705,-0.27264074784615755,0.9523809523809523,3.4145126342773438,0.010120299644768238,
183,BOUNDARY_INDEPENDENT_DIAGNOSTIC,FORWARD,252,253,SAR_BOUNDARY_NEAR,SUPPORTED,,0.029488354921340942,-0.019999444484710693,-0.010891556739807129,0.2900012135505676,-0.3693511139858408,0.8571428571428571,3.434725522994995,-0.029802070930600166,
183,BOUNDARY_INDEPENDENT_DIAGNOSTIC,FORWARD,253,254,SAR_BOUNDARY_NEAR,SUPPORTED,,0.04411764442920685,0.0200006365776062,,,,1.0,3.3311173915863037,0.006492289714515209,
183,BOUNDARY_INDEPENDENT_DIAGNOSTIC,FORWARD,254,255,SAR_BOUNDARY_NEAR,SUPPORTED,,0.03359374403953552,5.960464477539062e-07,-0.013296574354171753,0.2900012135505676,-0.39580507425797473,0.9047619047619048,3.4155919551849365,-0.010805630125105381,
183,BOUNDARY_INDEPENDENT_DIAGNOSTIC,FORWARD,255,256,SAR_BOUNDARY_NEAR,SUPPORTED,,0.050360023975372314,0.010000616312026978,-0.014897346496582031,0.2900012135505676,-0.2958169063594433,0.9047619047619048,3.41288161277771,0.02473543956875801,
183,BOUNDARY_INDEPENDENT_DIAGNOSTIC,FORWARD,256,257,SAR_BOUNDARY_NEAR,SUPPORTED,,0.04241727292537689,-0.019999444484710693,-0.014644607901573181,0.25000113248825073,-0.34525104731124245,0.9523809523809523,3.3396146297454834,-0.08994075655937195,
183,BOUNDARY_INDEPENDENT_DIAGNOSTIC,FORWARD,257,258,SAR_BOUNDARY_NEAR,SUPPORTED,,0.04857535660266876,5.960464477539062e-07,-0.019607841968536377,0.2700011134147644,-0.403658219720802,0.9047619047619048,3.374603509902954,0.009882723912596703,
183,BOUNDARY_INDEPENDENT_DIAGNOSTIC,FORWARD,258,259,SAR_BOUNDARY_NEAR,SUPPORTED,,0.041360288858413696,0.010000616312026978,-0.00615808367729187,-0.2799999713897705,-0.14888879761871307,0.9523809523809523,3.3675053119659424,0.04898912459611893,
183,BOUNDARY_INDEPENDENT_DIAGNOSTIC,FORWARD,259,260,SAR_BOUNDARY_NEAR,SUPPORTED,,0.04093138873577118,-0.019999444484710693,-0.01778493821620941,0.2900012135505676,-0.43450610315272825,1.0,3.271677255630493,-0.04554662108421326,
183,BOUNDARY_INDEPENDENT_DIAGNOSTIC,FORWARD,260,261,SAR_BOUNDARY_NEAR,SUPPORTED,,0.04324448108673096,0.0200006365776062,-0.04620097577571869,0.22000104188919067,-1.06836698266903,1.0,3.363478422164917,-0.0011898470111191273,
183,BOUNDARY_INDEPENDENT_DIAGNOSTIC,FORWARD,261,262,SAR_BOUNDARY_NEAR,SUPPORTED,,0.04822304844856262,-0.00999942421913147,-0.015104159712791443,-0.24999991059303284,-0.31321453534615046,0.9523809523809523,3.425725221633911,0.01761237531900406,
183,BOUNDARY_INDEPENDENT_DIAGNOSTIC,FORWARD,262,263,SAR_BOUNDARY_NEAR,SUPPORTED,,0.041528791189193726,0.010000616312026978,-0.021446064114570618,0.2900012135505676,-0.5164143597839933,1.0,3.3899121284484863,0.045094747096300125,
183,BOUNDARY_INDEPENDENT_DIAGNOSTIC,FORWARD,263,264,SAR_BOUNDARY_NEAR,SUPPORTED,,0.03774510324001312,5.960464477539062e-07,-0.011167272925376892,-0.25999993085861206,-0.29586017699743905,0.8571428571428571,3.413010597229004,0.010510200634598732,
183,BOUNDARY_INDEPENDENT_DIAGNOSTIC,FORWARD,264,265,SAR_BOUNDARY_NEAR,SUPPORTED,,0.044730380177497864,5.960464477539062e-07,-0.014989271759986877,0.2900012135505676,-0.3351027132008908,0.9523809523809523,3.3895938396453857,-0.03708164021372795,
183,BOUNDARY_INDEPENDENT_DIAGNOSTIC,FORWARD,265,266,SAR_BOUNDARY_NEAR,SUPPORTED,,0.034359678626060486,0.010000616312026978,-0.024448513984680176,0.25000113248825073,-0.7115466431090809,0.9523809523809523,3.374127149581909,-0.051388826221227646,
183,BOUNDARY_INDEPENDENT_DIAGNOSTIC,FORWARD,266,267,SAR_BOUNDARY_NEAR,SUPPORTED,,0.037622541189193726,0.0200006365776062,-0.017892152070999146,0.280001163482666,-0.47557000419042095,0.9523809523809523,3.406799793243408,0.0048013110645115376,
183,BOUNDARY_INDEPENDENT_DIAGNOSTIC,FORWARD,267,268,SAR_BOUNDARY_NEAR,SUPPORTED,,0.04122243821620941,-0.019999444484710693,-0.007965683937072754,-0.25999993085861206,-0.1932366032133563,0.9047619047619048,3.291834592819214,0.04475526511669159,
183,BOUNDARY_INDEPENDENT_DIAGNOSTIC,FORWARD,268,269,SAR_BOUNDARY_NEAR,SUPPORTED,,0.04567249119281769,-0.00999942421913147,-0.0026348084211349487,-0.2799999713897705,-0.057689176839762366,0.9523809523809523,3.3890910148620605,0.032095156610012054,
183,BOUNDARY_INDEPENDENT_DIAGNOSTIC,FORWARD,269,270,SAR_BOUNDARY_NEAR,SUPPORTED,,0.03927698731422424,0.010000616312026978,-0.004457727074623108,-0.28999999165534973,-0.11349462826566468,1.0,3.434288263320923,0.06435936689376831,
183,BOUNDARY_INDEPENDENT_DIAGNOSTIC,FORWARD,270,271,SAR_BOUNDARY_NEAR,SUPPORTED,,0.04028797149658203,-0.00999942421913147,-0.01809130609035492,0.280001163482666,-0.4490498135874068,0.9047619047619048,3.4278676509857178,-0.0038430180866271257,
183,BOUNDARY_INDEPENDENT_DIAGNOSTIC,FORWARD,271,272,SAR_BOUNDARY_NEAR,SUPPORTED,,0.054289206862449646,0.030000656843185425,-0.010646447539329529,-0.25999993085861206,-0.19610615359152325,1.0,3.4174253940582275,0.004256404470652342,
183,BOUNDARY_INDEPENDENT_DIAGNOSTIC,FORWARD,272,273,SAR_BOUNDARY_NEAR,SUPPORTED,,0.04508274793624878,5.960464477539062e-07,-0.014315247535705566,0.2700011134147644,-0.31753271907800884,1.0,3.40218186378479,0.03375372663140297,
183,BOUNDARY_INDEPENDENT_DIAGNOSTIC,FORWARD,273,274,SAR_BOUNDARY_NEAR,SUPPORTED,,0.04754902422428131,0.010000616312026978,-0.012408077716827393,-0.28999999165534973,-0.2609533616988738,0.9523809523809523,3.4289941787719727,0.0010626567527651787,
183,BOUNDARY_INDEPENDENT_DIAGNOSTIC,FORWARD,274,275,SAR_BOUNDARY_NEAR,SUPPORTED,,0.03939951956272125,-0.00999942421913147,-0.007230386137962341,0.280001163482666,-0.18351457627426337,1.0,3.387573719024658,0.025827081874012947,
183,BOUNDARY_INDEPENDENT_DIAGNOSTIC,FORWARD,275,276,SAR_BOUNDARY_NEAR,SUPPORTED,,0.0579657107591629,5.960464477539062e-07,-0.013342514634132385,0.280001163482666,-0.23017943641833588,1.0,3.3898239135742188,0.06435471773147583,
183,BOUNDARY_INDEPENDENT_DIAGNOSTIC,FORWARD,276,277,SAR_BOUNDARY_NEAR,SUPPORTED,,0.03667278587818146,0.0200006365776062,-0.010569855570793152,-0.25999993085861206,-0.2882206878393089,0.9523809523809523,3.388350009918213,0.028554899618029594,
183,BOUNDARY_INDEPENDENT_DIAGNOSTIC,FORWARD,277,278,SAR_BOUNDARY_NEAR,SUPPORTED,,0.04553462564945221,-0.00999942421913147,-0.013265922665596008,0.26000112295150757,-0.29133703146531964,0.9047619047619048,3.3571012020111084,-0.06962589174509048,
183,BOUNDARY_INDEPENDENT_DIAGNOSTIC,FORWARD,278,279,SAR_BOUNDARY_NEAR,SUPPORTED,,0.047487735748291016,-0.00999942421913147,-0.010845601558685303,-0.2699999511241913,-0.22838742230567632,1.0,3.3921241760253906,-0.023045893758535385,
183,BOUNDARY_INDEPENDENT_DIAGNOSTIC,FORWARD,279,280,SAR_BOUNDARY_NEAR,SUPPORTED,,0.04371938109397888,-0.019999444484710693,-0.009420961141586304,-0.25999993085861206,-0.21548706559534936,0.8095238095238095,3.351917028427124,0.007710361387580633,
183,BOUNDARY_INDEPENDENT_DIAGNOSTIC,FORWARD,280,281,SAR_BOUNDARY_NEAR,SUPPORTED,,0.05649508535861969,0.030000656843185425,,,,1.0,3.367656707763672,0.023570194840431213,
183,BOUNDARY_INDEPENDENT_DIAGNOSTIC,FORWARD,281,282,SAR_BOUNDARY_NEAR,SUPPORTED,,0.041666656732559204,-0.019999444484710693,-0.0044730305671691895,-0.28999999165534973,-0.10735275920695286,0.9523809523809523,3.3516006469726562,-0.015025845728814602,
183,BOUNDARY_INDEPENDENT_DIAGNOSTIC,FORWARD,282,283,SAR_BOUNDARY_NEAR,PROPAGATION_AMBIGUOUS,P0_UNAVAILABLE,,,,,,0.0,,,
183,BOUNDARY_INDEPENDENT_DIAGNOSTIC,FORWARD,183,184,SAR_BOUNDARY_FAR,SUPPORTED,,0.030652612447738647,0.12000083923339844,-0.005790442228317261,-0.2299998700618744,-0.18890534169606946,0.7142857142857143,3.2401342391967773,-0.1475583016872406,
183,BOUNDARY_INDEPENDENT_DIAGNOSTIC,FORWARD,184,185,SAR_BOUNDARY_FAR,SUPPORTED,,0.028033092617988586,5.960464477539062e-07,-0.014154404401779175,0.2700011134147644,-0.5049176911967401,0.6666666666666666,3.2945022583007812,-0.16660428047180176,
183,BOUNDARY_INDEPENDENT_DIAGNOSTIC,FORWARD,185,186,SAR_BOUNDARY_FAR,SUPPORTED,,0.038219958543777466,5.960464477539062e-07,-0.017754271626472473,0.2700011134147644,-0.46452880387446205,0.8571428571428571,3.262136697769165,-0.16833727061748505,
183,BOUNDARY_INDEPENDENT_DIAGNOSTIC,FORWARD,186,187,SAR_BOUNDARY_FAR,SUPPORTED,,0.023774519562721252,5.960464477539062e-07,-0.02178308367729187,0.2700011134147644,-0.9162365455934606,0.7619047619047619,3.185572385787964,-0.13837981224060059,
183,BOUNDARY_INDEPENDENT_DIAGNOSTIC,FORWARD,187,188,SAR_BOUNDARY_FAR,SUPPORTED,,0.028316497802734375,-0.00999942421913147,-0.017156869173049927,0.2300010323524475,-0.6058965798868382,0.8571428571428571,3.291785955429077,-0.18047849833965302,
183,BOUNDARY_INDEPENDENT_DIAGNOSTIC,FORWARD,188,189,SAR_BOUNDARY_FAR,SUPPORTED,,0.03590688109397888,-0.00999942421913147,-0.015464156866073608,0.25000113248825073,-0.43067390970547836,0.9047619047619048,3.3517041206359863,-0.11577542871236801,
183,BOUNDARY_INDEPENDENT_DIAGNOSTIC,FORWARD,189,190,SAR_BOUNDARY_FAR,SUPPORTED,,0.022334560751914978,-0.03999948501586914,-0.020013779401779175,0.18000096082687378,-0.8960901279450137,0.6666666666666666,3.3324625492095947,-0.11731155216693878,
183,BOUNDARY_INDEPENDENT_DIAGNOSTIC,FORWARD,190,191,SAR_BOUNDARY_FAR,SUPPORTED,,0.02693779766559601,0.0200006365776062,-0.029304534196853638,0.2700011134147644,-1.087859317997638,0.8571428571428571,3.2746453285217285,-0.14445482194423676,
183,BOUNDARY_INDEPENDENT_DIAGNOSTIC,FORWARD,191,192,SAR_BOUNDARY_FAR,SUPPORTED,,0.029871344566345215,-0.00999942421913147,-0.02075675129890442,0.280001163482666,-0.6948716771956149,0.7619047619047619,3.3071117401123047,-0.17132306098937988,
183,BOUNDARY_INDEPENDENT_DIAGNOSTIC,FORWARD,192,193,SAR_BOUNDARY_FAR,SUPPORTED,,0.023422181606292725,0.030000656843185425,-0.025398284196853638,0.2700011134147644,-1.0843688527301831,0.8095238095238095,3.3458220958709717,-0.1316174864768982,
183,BOUNDARY_INDEPENDENT_DIAGNOSTIC,FORWARD,193,194,SAR_BOUNDARY_FAR,SUPPORTED,,0.01861211657524109,-0.029999464750289917,-0.01648285984992981,0.25000113248825073,-0.8855983564951587,0.6190476190476191,3.3102164268493652,-0.17266060411930084,
183,BOUNDARY_INDEPENDENT_DIAGNOSTIC,FORWARD,194,195,SAR_BOUNDARY_FAR,SUPPORTED,,0.019952520728111267,0.0200006365776062,-0.0193474143743515,0.2700011134147644,-0.9696726863735454,0.7142857142857143,3.3806982040405273,-0.18617475032806396,
183,BOUNDARY_INDEPENDENT_DIAGNOSTIC,FORWARD,195,196,SAR_BOUNDARY_FAR,SUPPORTED,,0.016574770212173462,-0.049999505281448364,-0.014468446373939514,0.26000112295150757,-0.8729198769412234,0.6666666666666666,3.3919475078582764,-0.1416275054216385,
183,BOUNDARY_INDEPENDENT_DIAGNOSTIC,FORWARD,196,197,SAR_BOUNDARY_FAR,SUPPORTED,,0.018504902720451355,0.08000075817108154,,,,0.7142857142857143,3.284621477127075,-0.12876299023628235,
183,BOUNDARY_INDEPENDENT_DIAGNOSTIC,FORWARD,197,198,SAR_BOUNDARY_FAR,SUPPORTED,,0.01672026515007019,-0.049999505281448364,-0.015042886137962341,0.18000096082687378,-0.8996798796518602,0.6190476190476191,3.2999320030212402,-0.13052937388420105,
183,BOUNDARY_INDEPENDENT_DIAGNOSTIC,FORWARD,198,199,SAR_BOUNDARY_FAR,SUPPORTED,,0.015134766697883606,0.010000616312026978,-0.019041061401367188,0.26000112295150757,-1.2581007544721403,0.6666666666666666,3.3417301177978516,-0.17273031175136566,
183,BOUNDARY_INDEPENDENT_DIAGNOSTIC,FORWARD,199,200,SAR_BOUNDARY_FAR,SUPPORTED,,0.020251214504241943,-0.019999444484710693,-0.026761651039123535,0.2700011134147644,-1.321483757604655,0.6666666666666666,3.365966558456421,-0.11387225240468979,
183,BOUNDARY_INDEPENDENT_DIAGNOSTIC,FORWARD,200,201,SAR_BOUNDARY_FAR,SUPPORTED,,0.018076002597808838,5.960464477539062e-07,-0.021905645728111267,0.26000112295150757,-1.211863386806918,0.6666666666666666,3.403669595718384,-0.142923042178154,
183,BOUNDARY_INDEPENDENT_DIAGNOSTIC,FORWARD,201,202,SAR_BOUNDARY_FAR,SUPPORTED,,0.010700076818466187,-0.03999948501586914,-0.012300863862037659,0.2300010323524475,-1.149605191694403,0.6666666666666666,3.3411476612091064,-0.16470497846603394,
183,BOUNDARY_INDEPENDENT_DIAGNOSTIC,FORWARD,202,203,SAR_BOUNDARY_FAR,SUPPORTED,,0.025949746370315552,0.04000067710876465,-0.019515931606292725,0.2700011134147644,-0.7520663719710725,0.6190476190476191,3.338536262512207,-0.12960048019886017,
183,BOUNDARY_INDEPENDENT_DIAGNOSTIC,FORWARD,203,204,SAR_BOUNDARY_FAR,SUPPORTED,,0.017861515283584595,-0.029999464750289917,-0.012745082378387451,0.22000104188919067,-0.7135498963013884,0.6190476190476191,3.3419933319091797,-0.14260417222976685,
183,BOUNDARY_INDEPENDENT_DIAGNOSTIC,FORWARD,204,205,SAR_BOUNDARY_FAR,SUPPORTED,,0.027895241975784302,0.010000616312026978,-0.019914180040359497,0.26000112295150757,-0.7138916399308126,0.7142857142857143,3.286322832107544,-0.08169930428266525,
183,BOUNDARY_INDEPENDENT_DIAGNOSTIC,FORWARD,205,206,SAR_BOUNDARY_FAR,SUPPORTED,,0.022549033164978027,-0.00999942421913147,-0.020833343267440796,0.25000113248825073,-0.9239129285506595,0.5714285714285714,3.3927512168884277,-0.07797950506210327,
183,BOUNDARY_INDEPENDENT_DIAGNOSTIC,FORWARD,206,207,SAR_BOUNDARY_FAR,SUPPORTED,,0.01747855544090271,-0.019999444484710693,-0.016207098960876465,0.21000105142593384,-0.9272562035046199,0.7142857142857143,3.3193063735961914,-0.09688576310873032,
183,BOUNDARY_INDEPENDENT_DIAGNOSTIC,FORWARD,207,208,SAR_BOUNDARY_FAR,SUPPORTED,,0.029304563999176025,0.030000656843185425,-0.023621350526809692,0.2300010323524475,-0.8060638789054794,0.6666666666666666,3.3512463569641113,-0.1477534919977188,
183,BOUNDARY_INDEPENDENT_DIAGNOSTIC,FORWARD,208,209,SAR_BOUNDARY_FAR,SUPPORTED,,0.01760108768939972,-0.00999942421913147,-0.011366426944732666,0.26000112295150757,-0.6457798032321669,0.6666666666666666,3.3658230304718018,-0.1400453746318817,
183,BOUNDARY_INDEPENDENT_DIAGNOSTIC,FORWARD,209,210,SAR_BOUNDARY_FAR,SUPPORTED,,0.010600477457046509,5.960464477539062e-07,-0.00496324896812439,0.190000981092453,-0.46820994509309993,0.5714285714285714,3.3561248779296875,-0.12403517961502075,
183,BOUNDARY_INDEPENDENT_DIAGNOSTIC,FORWARD,210,211,SAR_BOUNDARY_FAR,SUPPORTED,,0.02579657733440399,-0.00999942421913147,-0.014460742473602295,0.2700011134147644,-0.5605682601279244,0.6666666666666666,3.352847099304199,-0.1529773473739624,
183,BOUNDARY_INDEPENDENT_DIAGNOSTIC,FORWARD,211,212,SAR_BOUNDARY_FAR,SUPPORTED,,0.016789212822914124,-0.05999952554702759,-0.010539203882217407,0.20000100135803223,-0.6277366302625799,0.8095238095238095,3.36651349067688,-0.0015646434621885419,
183,BOUNDARY_INDEPENDENT_DIAGNOSTIC,FORWARD,212,213,SAR_BOUNDARY_FAR,SUPPORTED,,0.02212008833885193,0.05000069737434387,-0.008685663342475891,-0.2799999713897705,-0.3926595232994758,0.7142857142857143,3.29156494140625,-0.08254213631153107,
183,BOUNDARY_INDEPENDENT_DIAGNOSTIC,FORWARD,213,214,SAR_BOUNDARY_FAR,SUPPORTED,,0.02300858497619629,-0.029999464750289917,-0.014361202716827393,0.25000113248825073,-0.6241671415988809,0.8571428571428571,3.3753409385681152,-0.08061816543340683,
183,BOUNDARY_INDEPENDENT_DIAGNOSTIC,FORWARD,214,215,SAR_BOUNDARY_FAR,SUPPORTED,,0.035730719566345215,5.960464477539062e-07,-0.017126232385635376,0.25000113248825073,-0.47931395150985384,0.8095238095238095,3.2831058502197266,-0.08069150149822235,
183,BOUNDARY_INDEPENDENT_DIAGNOSTIC,FORWARD,215,216,SAR_BOUNDARY_FAR,SUPPORTED,,0.03393074870109558,0.030000656843185425,-0.01773896813392639,0.24000108242034912,-0.522799195802998,0.7142857142857143,3.3518307209014893,-0.12657029926776886,
183,BOUNDARY_INDEPENDENT_DIAGNOSTIC,FORWARD,216,217,SAR_BOUNDARY_FAR,SUPPORTED,,0.03254443407058716,-0.049999505281448364,-0.01977631449699402,0.26000112295150757,-0.6076711751723886,0.8571428571428571,3.3470351696014404,-0.07243173569440842,
183,BOUNDARY_INDEPENDENT_DIAGNOSTIC,FORWARD,217,218,SAR_BOUNDARY_FAR,SUPPORTED,,0.02953431010246277,0.0200006365776062,-0.012346804141998291,0.24000108242034912,-0.4180495193273105,0.8095238095238095,3.306525230407715,-0.07720897346735,
183,BOUNDARY_INDEPENDENT_DIAGNOSTIC,FORWARD,218,219,SAR_BOUNDARY_FAR,SUPPORTED,,0.023766860365867615,5.960464477539062e-07,-0.009650737047195435,0.20000100135803223,-0.40605855795135576,0.6666666666666666,3.4074957370758057,-0.14861567318439484,
183,BOUNDARY_INDEPENDENT_DIAGNOSTIC,FORWARD,219,220,SAR_BOUNDARY_FAR,SUPPORTED,,0.022196710109710693,0.04000067710876465,-0.017049640417099,0.26000112295150757,-0.7681156501494365,0.7142857142857143,3.33091402053833,-0.10936346650123596,
183,BOUNDARY_INDEPENDENT_DIAGNOSTIC,FORWARD,220,221,SAR_BOUNDARY_FAR,SUPPORTED,,0.024938732385635376,-0.03999948501586914,-0.020098060369491577,0.20000100135803223,-0.8058974313011992,0.7142857142857143,3.3454477787017822,-0.1295483410358429,
183,BOUNDARY_INDEPENDENT_DIAGNOSTIC,FORWARD,221,222,SAR_BOUNDARY_FAR,SUPPORTED,,0.0156862735748291,0.0200006365776062,-0.006755515933036804,0.2700011134147644,-0.43066416640068095,0.7142857142857143,3.337445020675659,-0.08488178998231888,
183,BOUNDARY_INDEPENDENT_DIAGNOSTIC,FORWARD,222,223,SAR_BOUNDARY_FAR,SUPPORTED,,0.025490209460258484,-0.029999464750289917,-0.0168658047914505,0.2300010323524475,-0.6616581483077179,0.8095238095238095,3.3844821453094482,-0.06460344791412354,
183,BOUNDARY_INDEPENDENT_DIAGNOSTIC,FORWARD,223,224,SAR_BOUNDARY_FAR,SUPPORTED,,0.025620415806770325,5.960464477539062e-07,-0.012829333543777466,0.24000108242034912,-0.5007464999997092,0.7142857142857143,3.4270238876342773,-0.1131216511130333,
183,BOUNDARY_INDEPENDENT_DIAGNOSTIC,FORWARD,224,225,SAR_BOUNDARY_FAR,SUPPORTED,,0.024509787559509277,5.960464477539062e-07,-0.013725504279136658,0.2700011134147644,-0.5600009484297408,0.7142857142857143,3.29306697845459,-0.028490720316767693,
183,BOUNDARY_INDEPENDENT_DIAGNOSTIC,FORWARD,225,226,SAR_BOUNDARY_FAR,SUPPORTED,,0.02306985855102539,-0.00999942421913147,-0.017524495720863342,0.22000104188919067,-0.7596273588805523,0.6666666666666666,3.350428819656372,-0.04762547090649605,
183,BOUNDARY_INDEPENDENT_DIAGNOSTIC,FORWARD,226,227,SAR_BOUNDARY_FAR,SUPPORTED,,0.025482535362243652,0.010000616312026978,-0.007291674613952637,0.2700011134147644,-0.28614400059879397,0.8095238095238095,3.3335072994232178,0.0036786722484976053,
183,BOUNDARY_INDEPENDENT_DIAGNOSTIC,FORWARD,227,228,SAR_BOUNDARY_FAR,SUPPORTED,,0.029825359582901,-0.03999948501586914,-0.007758870720863342,0.2900012135505676,-0.2601434091447311,0.6666666666666666,3.372631788253784,-0.050584468990564346,
183,BOUNDARY_INDEPENDENT_DIAGNOSTIC,FORWARD,228,229,SAR_BOUNDARY_FAR,SUPPORTED,,0.02029716968536377,0.05000069737434387,-0.01724877953529358,0.24000108242034912,-0.8498120576748011,0.7142857142857143,3.3690924644470215,-0.05145573616027832,
183,BOUNDARY_INDEPENDENT_DIAGNOSTIC,FORWARD,229,230,SAR_BOUNDARY_FAR,SUPPORTED,,0.02084866166114807,-0.029999464750289917,-0.005897685885429382,0.280001163482666,-0.2828807902053419,0.8095238095238095,3.42233943939209,-0.09190696477890015,
183,BOUNDARY_INDEPENDENT_DIAGNOSTIC,FORWARD,230,231,SAR_BOUNDARY_FAR,SUPPORTED,,0.020067408680915833,-0.00999942421913147,-0.010194540023803711,0.26000112295150757,-0.5080147709105436,0.8095238095238095,3.4090986251831055,-0.018546534702181816,
183,BOUNDARY_INDEPENDENT_DIAGNOSTIC,FORWARD,231,232,SAR_BOUNDARY_FAR,SUPPORTED,,0.014460772275924683,-0.019999444484710693,-0.012078732252120972,0.2700011134147644,-0.8352757391962047,0.5714285714285714,3.401381254196167,-0.10631038248538971,
183,BOUNDARY_INDEPENDENT_DIAGNOSTIC,FORWARD,232,233,SAR_BOUNDARY_FAR,SUPPORTED,,0.017524510622024536,0.0200006365776062,-0.015196084976196289,0.25000113248825073,-0.8671332001190426,0.7619047619047619,3.295888662338257,-0.06482458859682083,
183,BOUNDARY_INDEPENDENT_DIAGNOSTIC,FORWARD,233,234,SAR_BOUNDARY_FAR,SUPPORTED,,0.020435050129890442,0.0200006365776062,-0.018765315413475037,0.24000108242034912,-0.918290647402275,0.7142857142857143,3.2796363830566406,-0.01887519843876362,
183,BOUNDARY_INDEPENDENT_DIAGNOSTIC,FORWARD,234,235,SAR_BOUNDARY_FAR,SUPPORTED,,0.011136651039123535,0.060000717639923096,-0.0275888592004776,-0.24999991059303284,-2.4773030153819806,0.6190476190476191,3.372838258743286,-0.056378673762083054,
183,BOUNDARY_INDEPENDENT_DIAGNOSTIC,FORWARD,235,236,SAR_BOUNDARY_FAR,SUPPORTED,,0.0168658047914505,-0.05999952554702759,-0.006066158413887024,0.25000113248825073,-0.3596720398994562,0.6666666666666666,3.4589455127716064,-0.03813055157661438,
183,BOUNDARY_INDEPENDENT_DIAGNOSTIC,FORWARD,236,237,SAR_BOUNDARY_FAR,SUPPORTED,,0.015471816062927246,-0.049999505281448364,-0.009528174996376038,0.20000100135803223,-0.6158407621718662,0.6190476190476191,3.326414108276367,-0.0839194506406784,
183,BOUNDARY_INDEPENDENT_DIAGNOSTIC,FORWARD,237,238,SAR_BOUNDARY_FAR,SUPPORTED,,0.012714460492134094,0.010000616312026978,-0.017264097929000854,-0.24999991059303284,-1.357831733378025,0.6666666666666666,3.337693214416504,-0.016652828082442284,
183,BOUNDARY_INDEPENDENT_DIAGNOSTIC,FORWARD,238,239,SAR_BOUNDARY_FAR,SUPPORTED,,0.016773894429206848,5.960464477539062e-07,-0.014284640550613403,0.20000100135803223,-0.8515995263294889,0.6666666666666666,3.424652099609375,-0.16110897064208984,
183,BOUNDARY_INDEPENDENT_DIAGNOSTIC,FORWARD,239,240,SAR_BOUNDARY_FAR,SUPPORTED,,0.015801161527633667,5.960464477539062e-07,-0.010600492358207703,0.2700011134147644,-0.6708679194038465,0.6666666666666666,3.2587578296661377,-0.056556690484285355,
183,BOUNDARY_INDEPENDENT_DIAGNOSTIC,FORWARD,240,241,SAR_BOUNDARY_FAR,SUPPORTED,,0.017769619822502136,0.010000616312026978,-0.014215677976608276,0.25000113248825073,-0.799998993709848,0.7142857142857143,3.3176465034484863,-0.09380267560482025,
183,BOUNDARY_INDEPENDENT_DIAGNOSTIC,FORWARD,241,242,SAR_BOUNDARY_FAR,SUPPORTED,,0.012193620204925537,0.05000069737434387,-0.012423396110534668,0.24000108242034912,-1.0188439447635342,0.6190476190476191,3.359771490097046,-0.07017160207033157,
183,BOUNDARY_INDEPENDENT_DIAGNOSTIC,FORWARD,242,243,SAR_BOUNDARY_FAR,SUPPORTED,,0.014322936534881592,-0.029999464750289917,-0.008103549480438232,0.24000108242034912,-0.565774306176888,0.6190476190476191,3.4398715496063232,-0.039439909160137177,
183,BOUNDARY_INDEPENDENT_DIAGNOSTIC,FORWARD,243,244,SAR_BOUNDARY_FAR,SUPPORTED,,0.017815589904785156,-0.00999942421913147,0.0030637383460998535,0.2900012135505676,0.1719695144799529,0.5714285714285714,3.413383722305298,0.05713585764169693,
183,BOUNDARY_INDEPENDENT_DIAGNOSTIC,FORWARD,244,245,SAR_BOUNDARY_FAR,SUPPORTED,,0.027083322405815125,-0.029999464750289917,-0.00857841968536377,0.2300010323524475,-0.31674177771933465,0.5714285714285714,3.411144971847534,0.012028254568576813,
183,BOUNDARY_INDEPENDENT_DIAGNOSTIC,FORWARD,245,246,SAR_BOUNDARY_FAR,SUPPORTED,,0.008149489760398865,-0.00999942421913147,-0.0014093071222305298,0.25000113248825073,-0.17293194588437072,0.6190476190476191,3.4004132747650146,-0.013522403314709663,
183,BOUNDARY_INDEPENDENT_DIAGNOSTIC,FORWARD,246,247,SAR_BOUNDARY_FAR,SUPPORTED,,0.010899201035499573,5.960464477539062e-07,-0.0033088326454162598,0.25000113248825073,-0.303584880638418,0.6666666666666666,3.139277458190918,-0.07472478598356247,
183,BOUNDARY_INDEPENDENT_DIAGNOSTIC,FORWARD,247,248,SAR_BOUNDARY_FAR,SUPPORTED,,0.014767155051231384,-0.019999444484710693,-0.015242040157318115,0.22000104188919067,-1.0321581986807358,0.6190476190476191,3.2325141429901123,-0.00246770610101521,
183,BOUNDARY_INDEPENDENT_DIAGNOSTIC,FORWARD,248,249,SAR_BOUNDARY_FAR,SUPPORTED,,0.01312805712223053,0.060000717639923096,-0.00808820128440857,-0.28999999165534973,-0.6161004030605817,0.6190476190476191,3.359560489654541,-0.03570718690752983,
183,BOUNDARY_INDEPENDENT_DIAGNOSTIC,FORWARD,249,250,SAR_BOUNDARY_FAR,SUPPORTED,,0.016107529401779175,-0.049999505281448364,-0.0073223114013671875,0.26000112295150757,-0.4545893549980665,0.7142857142857143,3.3580915927886963,-0.025229917839169502,
183,BOUNDARY_INDEPENDENT_DIAGNOSTIC,FORWARD,250,251,SAR_BOUNDARY_FAR,SUPPORTED,,0.007061898708343506,-0.03999948501586914,0.005453422665596008,0.190000981092453,0.7722317879117818,0.5238095238095238,3.2430851459503174,-0.04451834410429001,
183,BOUNDARY_INDEPENDENT_DIAGNOSTIC,FORWARD,251,252,SAR_BOUNDARY_FAR,SUPPORTED,,0.010952770709991455,0.05000069737434387,-0.002267181873321533,0.280001163482666,-0.2069961960632792,0.5714285714285714,3.4145126342773438,0.010120299644768238,
183,BOUNDARY_INDEPENDENT_DIAGNOSTIC,FORWARD,252,253,SAR_BOUNDARY_FAR,SUPPORTED,,0.00900733470916748,0.05000069737434387,-0.004718154668807983,0.26000112295150757,-0.5238125173705316,0.6666666666666666,3.434725522994995,-0.029802070930600166,
183,BOUNDARY_INDEPENDENT_DIAGNOSTIC,FORWARD,253,254,SAR_BOUNDARY_FAR,SUPPORTED,,0.0092984139919281,-0.07999956607818604,-0.0017463266849517822,0.20000100135803223,-0.18780909157924763,0.6190476190476191,3.3311173915863037,0.006492289714515209,
183,BOUNDARY_INDEPENDENT_DIAGNOSTIC,FORWARD,254,255,SAR_BOUNDARY_FAR,SUPPORTED,,0.010891541838645935,0.060000717639923096,-0.04613971710205078,-0.13999968767166138,-4.236288836382691,0.6190476190476191,3.4155919551849365,-0.010805630125105381,
183,BOUNDARY_INDEPENDENT_DIAGNOSTIC,FORWARD,255,256,SAR_BOUNDARY_FAR,SUPPORTED,,0.012254908680915833,-0.049999505281448364,-0.00013786554336547852,0.20000100135803223,-0.011249822169639828,0.5714285714285714,3.41288161277771,0.02473543956875801,
183,BOUNDARY_INDEPENDENT_DIAGNOSTIC,FORWARD,256,257,SAR_BOUNDARY_FAR,SUPPORTED,,0.00430452823638916,0.08000075817108154,-0.018780633807182312,-0.24999991059303284,-4.362994682766069,0.5238095238095238,3.3396146297454834,-0.08994075655937195,
183,BOUNDARY_INDEPENDENT_DIAGNOSTIC,FORWARD,257,258,SAR_BOUNDARY_FAR,SUPPORTED,,0.007368266582489014,0.13000085949897766,0.0023207515478134155,-0.08999958634376526,0.31496574151222706,0.5238095238095238,3.374603509902954,0.009882723912596703,
183,BOUNDARY_INDEPENDENT_DIAGNOSTIC,FORWARD,258,259,SAR_BOUNDARY_FAR,SUPPORTED,,0.009214147925376892,-0.17999976873397827,-0.0002834200859069824,0.04000067710876465,-0.03075922898159783,0.6190476190476191,3.3675053119659424,0.04898912459611893,
183,BOUNDARY_INDEPENDENT_DIAGNOSTIC,FORWARD,259,260,SAR_BOUNDARY_FAR,PROPAGATION_AMBIGUOUS,RIDGE_JUMP_EXCEEDS_LOCAL_CORRIDOR,0.006280645728111267,0.21000105142593384,0.004411771893501282,-0.00999942421913147,0.702439221138493,0.5714285714285714,3.271677255630493,-0.04554662108421326,
